Element, I1_1, Ang1_1, I1_2, Ang1_2, I1_3, Ang1_3, I1_4, Ang1_4, Iresid1, AngResid1, I2_1, Ang2_1, I2_2, Ang2_2, I2_3, Ang2_3, I2_4, Ang2_4, Iresid2, AngResid2
Vsource.SOURCE,    1298.35,   140.26,    1298.35,    20.26,    1298.35,   -99.74,          0,     0.00, 0.00010477,   102.14,    1298.35,   -39.74,    1298.35,  -159.74,    1298.35,    80.26,          0,     0.00, 0.00010477,   -77.86
Line.L_CEI_MT_10922A2981,    1298.35,   -39.74,    1298.35,  -159.74,    1298.35,    80.26,          0,     0.00, 0.000104618,   -78.34,    1298.35,   140.26,    1298.35,    20.26,    1298.35,   -99.74,          0,     0.00, 0.000104618,   101.66
Line.L_CEI_MT_10923A6507,    1274.27,   -39.70,    1274.27,  -159.70,    1274.27,    80.30,          0,     0.00, 0.000103488,   -78.03,    1274.27,   140.30,    1274.27,    20.30,    1274.27,   -99.70,          0,     0.00, 0.000103486,   101.97
Line.L_CEI_MT_10924A2983,    1274.27,   140.30,    1274.27,    20.30,    1274.27,   -99.70,          0,     0.00, 0.000103489,   101.98,    1274.27,   -39.70,    1274.27,  -159.70,    1274.27,    80.30,          0,     0.00, 0.00010349,   -78.03
Line.L_CEI_MT_10925A2984,    1274.27,   140.30,    1274.27,    20.30,    1274.27,   -99.70,          0,     0.00, 0.000103492,   101.97,    1274.27,   -39.70,    1274.27,  -159.70,    1274.27,    80.30,          0,     0.00, 0.000103494,   -78.03
Line.L_CEI_MT_10926A2985,    1274.27,   140.30,    1274.27,    20.30,    1274.27,   -99.70,          0,     0.00, 0.00010349,   101.97,    1274.27,   -39.70,    1274.27,  -159.70,    1274.27,    80.30,          0,     0.00, 0.000103492,   -78.03
Line.L_CEI_MT_10927A6511,    1274.27,   140.30,    1274.27,    20.30,    1274.27,   -99.70,          0,     0.00, 0.000102345,   102.29,    1274.27,   -39.70,    1274.27,  -159.70,    1274.27,    80.30,          0,     0.00, 0.000102346,   -77.71
Line.L_CEI_MT_10928A2987,    1258.23,   140.32,    1258.23,    20.32,    1258.23,   -99.68,          0,     0.00, 0.000102362,   102.29,    1258.23,   -39.68,    1258.23,  -159.68,    1258.23,    80.32,          0,     0.00, 0.000102357,   -77.71
Line.L_CEI_MT_10929A2988,    1258.23,   140.32,    1258.23,    20.32,    1258.23,   -99.68,          0,     0.00, 0.000102361,   102.29,    1258.23,   -39.68,    1258.23,  -159.68,    1258.23,    80.32,          0,     0.00, 0.000102362,   -77.71
Line.L_CEI_MT_10930A2989,    1258.23,   140.32,    1258.23,    20.32,    1258.23,   -99.68,          0,     0.00, 0.000102361,   102.28,    1258.23,   -39.68,    1258.23,  -159.68,    1258.23,    80.32,          0,     0.00, 0.000102362,   -77.71
Line.L_CEI_MT_10931A2990,    1258.23,   140.32,    1258.23,    20.32,    1258.23,   -99.68,          0,     0.00, 0.000102366,   102.29,    1258.23,   -39.68,    1258.23,  -159.68,    1258.23,    80.32,          0,     0.00, 0.000102363,   -77.72
Line.L_CEI_MT_10932A6516,    1258.23,   140.32,    1258.23,    20.32,    1258.23,   -99.68,          0,     0.00, 0.000101223,   102.60,    1258.23,   -39.68,    1258.23,  -159.68,    1258.23,    80.32,          0,     0.00, 0.000101222,   -77.40
Line.L_CEI_MT_10933A6517,    1242.22,   -39.66,    1242.22,  -159.66,    1242.22,    80.34,          0,     0.00, 0.000101239,   -77.39,    1242.22,   140.34,    1242.22,    20.34,    1242.22,   -99.66,          0,     0.00, 0.000101242,   102.61
Line.L_CEI_MT_10934A6518,    1242.22,   140.34,    1242.22,    20.34,    1242.22,   -99.66,          0,     0.00, 0.000101245,   102.61,    1242.22,   -39.66,    1242.22,  -159.66,    1242.22,    80.34,          0,     0.00, 0.000101242,   -77.39
Line.L_CEI_MT_10935A2994,    1242.22,   140.34,    1242.22,    20.34,    1242.22,   -99.66,          0,     0.00, 0.000101239,   102.61,    1242.22,   -39.66,    1242.22,  -159.66,    1242.22,    80.34,          0,     0.00, 0.000101241,   -77.39
Line.L_CEI_MT_10936A2995,    1242.22,   140.34,    1242.22,    20.34,    1242.22,   -99.66,          0,     0.00, 0.000101247,   102.61,    1242.22,   -39.66,    1242.22,  -159.66,    1242.22,    80.34,          0,     0.00, 0.000101247,   -77.40
Line.L_CEI_MT_10937A2996,    1242.22,   -39.66,    1242.22,  -159.66,    1242.22,    80.34,          0,     0.00, 0.000100104,   -77.07,    1242.22,   140.34,    1242.22,    20.34,    1242.22,   -99.66,          0,     0.00, 0.000100105,   102.93
Line.L_CEI_MT_10938A2997,    1226.23,   140.37,    1226.23,    20.37,    1226.23,   -99.63,          0,     0.00, 0.000100123,   102.93,    1226.23,   -39.63,    1226.23,  -159.63,    1226.23,    80.37,          0,     0.00, 0.000100125,   -77.07
Line.L_CEI_MT_10939A2998,    471.402,   138.56,    471.402,    18.56,    471.402,  -101.44,          0,     0.00, 4.86869E-005,   103.62,    471.402,   -41.44,    471.402,  -161.44,    471.402,    78.56,          0,     0.00, 4.86878E-005,   -76.38
Line.L_CEI_MT_10940A6524,    471.402,   138.56,    471.402,    18.56,    471.402,  -101.44,          0,     0.00, 4.61103E-005,    97.57,    471.402,   -41.44,    471.402,  -161.44,    471.402,    78.56,          0,     0.00, 4.61106E-005,   -82.44
Line.L_CEI_MT_10941A6525,    471.402,   -41.44,    471.402,  -161.44,    471.402,    78.56,          0,     0.00, 4.6112E-005,   -82.42,    471.402,   138.56,    471.402,    18.56,    471.402,  -101.44,          0,     0.00, 4.6109E-005,    97.58
Line.L_CEI_MT_10942A3001,    471.402,   -41.44,    471.402,  -161.44,    471.402,    78.56,          0,     0.00, 4.61064E-005,   -82.43,    471.402,   138.56,    471.402,    18.56,    471.402,  -101.44,          0,     0.00, 4.61065E-005,    97.57
Line.L_CEI_MT_10943A3002,    471.402,   -41.44,    471.402,  -161.44,    471.402,    78.56,          0,     0.00, 4.61067E-005,   -82.43,    471.402,   138.56,    471.402,    18.56,    471.402,  -101.44,          0,     0.00, 4.6104E-005,    97.57
Line.L_CEI_MT_10944A3003,    479.396,   -41.44,    479.396,  -161.44,    479.396,    78.56,          0,     0.00, 4.60971E-005,   -82.43,    479.396,   138.56,    479.396,    18.56,    479.396,  -101.44,          0,     0.00, 4.60967E-005,    97.57
Line.L_CEI_MT_10945A3004,    479.396,   -41.44,    479.396,  -161.44,    479.396,    78.56,          0,     0.00, 4.60945E-005,   -82.43,    479.396,   138.56,    479.396,    18.56,    479.396,  -101.44,          0,     0.00, 4.60945E-005,    97.57
Line.L_CEI_MT_10946A6530,    479.396,   -41.44,    479.396,  -161.44,    479.396,    78.56,          0,     0.00, 4.60959E-005,   -82.44,    479.396,   138.56,    479.396,    18.56,    479.396,  -101.44,          0,     0.00, 4.60965E-005,    97.56
Line.L_CEI_MT_10947A6531,    479.396,   -41.44,    479.396,  -161.44,    479.396,    78.56,          0,     0.00, 4.60937E-005,   -82.43,    479.396,   138.56,    479.396,    18.56,    479.396,  -101.44,          0,     0.00, 4.60926E-005,    97.57
Line.L_CEI_MT_14554AA3502, 1.91997E-009,    75.96, 2.71525E-009,    59.04, 1.91997E-009,    75.96,          0,     0.00, 6.48591E-009,    68.96, 2.79397E-009,   -90.00, 2.32831E-009,   -90.00, 2.0825E-009,  -116.57,          0,     0.00, 7.04673E-009,   -97.59
Line.L_CEI_MT_10948A6532,    20.7936,   138.54,    20.7936,    18.54,    20.7936,  -101.46,          0,     0.00, 1.2659E-006,    75.34,    20.7936,   -41.46,    20.7936,  -161.46,    20.7936,    78.54,          0,     0.00, 1.26343E-006,  -104.73
Line.L_CEI_MT_10949A3008,    20.7936,   138.54,    20.7936,    18.54,    20.7936,  -101.46,          0,     0.00, 1.25512E-006,    75.12,    20.7936,   -41.46,    20.7936,  -161.46,    20.7936,    78.54,          0,     0.00, 1.2541E-006,  -104.87
Line.L_CEI_MT_10950A6534,     15.995,   138.54,     15.995,    18.54,     15.995,  -101.46,          0,     0.00, 1.26461E-006,    75.56,     15.995,   -41.46,     15.995,  -161.46,     15.995,    78.54,          0,     0.00, 1.26383E-006,  -104.47
Line.L_CEI_MT_10951A6535,    726.455,   141.61,    726.455,    21.61,    726.455,   -98.39,          0,     0.00, 5.2766E-005,   109.96,    726.455,   -38.39,    726.455,  -158.39,    726.455,    81.61,          0,     0.00, 5.27639E-005,   -70.04
Line.L_CEI_MT_10952A6536,    726.455,   141.61,    726.455,    21.61,    726.455,   -98.39,          0,     0.00, 5.27622E-005,   109.96,    726.455,   -38.39,    726.455,  -158.39,    726.455,    81.61,          0,     0.00, 5.27578E-005,   -70.04
Line.L_CEI_MT_10953A6537,    726.455,   141.61,    726.455,    21.61,    726.455,   -98.39,          0,     0.00, 5.27622E-005,   109.95,    726.455,   -38.39,    726.455,  -158.39,    726.455,    81.61,          0,     0.00, 5.27608E-005,   -70.04
Line.L_CEI_MT_10954A6538,    726.455,   141.61,    726.455,    21.61,    726.455,   -98.39,          0,     0.00, 5.276E-005,   109.96,    726.455,   -38.39,    726.455,  -158.39,    726.455,    81.61,          0,     0.00, 5.27641E-005,   -70.04
Line.L_CEI_MT_10955A6886,    726.455,   141.61,    726.455,    21.61,    726.455,   -98.39,          0,     0.00, 5.27665E-005,   109.95,    726.455,   -38.39,    726.455,  -158.39,    726.455,    81.61,          0,     0.00, 5.27678E-005,   -70.04
Line.L_CEI_MT_10956A3362,    721.668,   141.63,    721.668,    21.63,    721.668,   -98.37,          0,     0.00, 5.17634E-005,   108.72,    721.668,   -38.37,    721.668,  -158.37,    721.668,    81.63,          0,     0.00, 5.17592E-005,   -71.28
Line.L_CEI_MT_10959A6539,    4.79319,   138.55,    4.79319,    18.55,    4.79319,  -101.45,          0,     0.00, 5.68412E-009,   -34.99,    4.79319,   -41.45,    4.79319,  -161.45,    4.79319,    78.55,          0,     0.00, 6.98492E-009,   143.13
Line.L_CEI_MT_10960A6540, 1.91997E-009,   -75.96, 2.98169E-009,  -141.34, 2.32831E-009,   126.87,          0,     0.00, 3.75428E-009,  -150.26, 1.47255E-009,    18.43, 2.32831E-009,     0.00, 1.91997E-009,   -75.96,          0,     0.00, 4.41765E-009,   -18.43
Line.L_CEI_MT_10961A6541,    7.98643,   -41.45,    7.98643,  -161.45,    7.98643,    78.55,          0,     0.00, 1.49955E-008,   115.77,    7.98643,   138.55,    7.98643,    18.55,    7.98643,  -101.45,          0,     0.00, 1.47255E-008,   -71.57
Line.L_CEI_MT_10962A6542,    716.882,   141.65,    716.882,    21.65,    716.882,   -98.35,          0,     0.00, 5.20731E-005,   109.40,    716.882,   -38.35,    716.882,  -158.35,    716.882,    81.65,          0,     0.00, 5.20727E-005,   -70.60
Line.L_CEI_MT_10963A3018,    716.882,   141.65,    716.882,    21.65,    716.882,   -98.35,          0,     0.00, 5.20596E-005,   109.40,    716.882,   -38.35,    716.882,  -158.35,    716.882,    81.65,          0,     0.00, 5.20545E-005,   -70.60
Line.L_CEI_MT_10964A6923,    4.79319,   -41.45,    4.79319,  -161.45,    4.79319,    78.55,          0,     0.00, 7.01681E-007,   173.45,    4.79319,   138.55,    4.79319,    18.55,    4.79319,  -101.45,          0,     0.00, 6.9855E-007,    -6.66
Line.L_CEI_MT_10965A6544,    721.668,   141.63,    721.668,    21.63,    721.668,   -98.37,          0,     0.00, 5.17507E-005,   108.71,    721.668,   -38.37,    721.668,  -158.37,    721.668,    81.63,          0,     0.00, 5.17464E-005,   -71.29
Line.L_CEI_MT_10966A3020, 2.0825E-009,  -153.43, 6.58545E-010,   -45.00, 1.39698E-009,   180.00,          0,     0.00, 3.12375E-009,  -153.43, 4.65661E-010,    90.00, 2.0825E-009,   116.57, 9.31323E-010,     0.00,          0,     0.00, 2.32831E-009,    90.00
Line.L_CEI_MT_10967A3021,    708.907,   -38.31,    708.907,  -158.31,    708.907,    81.69,          0,     0.00, 5.07791E-005,   -70.69,    708.907,   141.69,    708.907,    21.69,    708.907,   -98.31,          0,     0.00, 5.07764E-005,   109.31
Line.L_CEI_MT_10968A6547,    708.907,   141.69,    708.907,    21.69,    708.907,   -98.31,          0,     0.00, 5.07832E-005,   109.30,    708.907,   -38.31,    708.907,  -158.31,    708.907,    81.69,          0,     0.00, 5.07843E-005,   -70.70
Line.L_CEI_MT_10969A3023,    708.907,   141.69,    708.907,    21.69,    708.907,   -98.31,          0,     0.00, 5.07824E-005,   109.30,    708.907,   -38.31,    708.907,  -158.31,    708.907,    81.69,          0,     0.00, 5.07818E-005,   -70.70
Line.L_CEI_MT_10970A3024,    708.907,   141.69,    708.907,    21.69,    708.907,   -98.31,          0,     0.00, 5.07837E-005,   109.30,    708.907,   -38.31,    708.907,  -158.31,    708.907,    81.69,          0,     0.00, 5.07834E-005,   -70.70
Line.L_CEI_MT_10971A3025,    708.907,   141.69,    708.907,    21.69,    708.907,   -98.31,          0,     0.00, 5.07897E-005,   109.29,    708.907,   -38.31,    708.907,  -158.31,    708.907,    81.69,          0,     0.00, 5.07856E-005,   -70.71
Line.L_CEI_MT_10972A3026,    708.907,   141.69,    708.907,    21.69,    708.907,   -98.31,          0,     0.00, 5.0786E-005,   109.29,    708.907,   -38.31,    708.907,  -158.31,    708.907,    81.69,          0,     0.00, 5.07834E-005,   -70.71
Line.L_CEI_MT_10973A6552,    2.12796,   138.56,    2.12796,    18.56,    2.12796,  -101.44,          0,     0.00, 6.0536E-009,    22.62,    2.12796,   -41.44,    2.12796,  -161.44,    2.12796,    78.56,          0,     0.00, 7.00042E-009,   176.19
Line.L_CEI_MT_10974A6925,    2.12796,   138.56,    2.12796,    18.56,    2.12796,  -101.44,          0,     0.00, 5.01533E-009,   -68.20,    2.12796,   -41.44,    2.12796,  -161.44,    2.12796,    78.56,          0,     0.00, 8.39483E-009,   109.44
Line.L_CEI_MT_10975A6926,    2.12796,   138.56,    2.12796,    18.56,    2.12796,  -101.44,          0,     0.00, 4.79428E-009,    29.05,    2.12796,   -41.44,    2.12796,  -161.44,    2.12796,    78.56,          0,     0.00, 4.21674E-009,  -173.66
Line.L_CEI_MT_10976A3028,    706.782,   141.69,    706.782,    21.69,    706.782,   -98.31,          0,     0.00, 4.94902E-005,   109.20,    706.782,   -38.31,    706.782,  -158.31,    706.782,    81.69,          0,     0.00, 4.94898E-005,   -70.80
Line.L_CEI_MT_10977A3029,    706.782,   141.69,    706.782,    21.69,    706.782,   -98.31,          0,     0.00, 4.94919E-005,   109.19,    706.782,   -38.31,    706.782,  -158.31,    706.782,    81.69,          0,     0.00, 4.94918E-005,   -70.80
Line.L_CEI_MT_10978A6555, 4.65661E-010,    90.00, 2.32831E-009,  -143.13, 3.72529E-009,   -90.00,          0,     0.00, 5.01533E-009,  -111.80,          0,     0.00, 2.83251E-009,     9.46,          0,     0.00,          0,     0.00, 2.83251E-009,     9.46
Line.L_CEI_MT_10979A3031,    4.78592,   138.56,    4.78592,    18.56,    4.78592,  -101.44,          0,     0.00, 3.45854E-007,  -164.30,    4.78592,   -41.44,    4.78592,  -161.44,    4.78592,    78.56,          0,     0.00, 3.4713E-007,    15.88
Line.L_CEI_MT_12356A6989,    49.4929,   138.56,    49.4929,    18.56,    49.4929,  -101.44,          0,     0.00, 3.46833E-006,   169.82,    49.4929,   -41.44,    49.4929,  -161.44,    49.4929,    78.56,          0,     0.00, 3.46804E-006,   -10.19
Line.L_CEI_MT_12357A6990,    49.4929,   -41.44,    49.4929,  -161.44,    49.4929,    78.56,          0,     0.00, 3.47058E-006,   -10.21,    49.4929,   138.56,    49.4929,    18.56,    49.4929,  -101.44,          0,     0.00, 3.47291E-006,   169.84
Line.L_CEI_MT_12358A6991,    44.7032,   138.56,    44.7032,    18.56,    44.7032,  -101.44,          0,     0.00, 2.02407E-006,   179.01,    44.7032,   -41.44,    44.7032,  -161.44,    44.7032,    78.56,          0,     0.00, 2.02131E-006,    -1.06
Line.L_CEI_MT_12359A3449,    4.78968,   138.56,    4.78968,    18.56,    4.78968,  -101.44,          0,     0.00, 1.50928E-006,   157.53,    4.78968,   -41.44,    4.78968,  -161.44,    4.78968,    78.56,          0,     0.00, 1.50842E-006,   -22.49
Line.L_CEI_MT_12360A3450, 1.67897E-009,   -56.31, 2.9451E-009,  -108.43, 2.0825E-009,  -116.57,          0,     0.00, 6.12482E-009,   -98.75, 1.91997E-009,   104.04, 3.39007E-009,    74.05, 2.0825E-009,   116.57,          0,     0.00, 7.00042E-009,    93.81
Line.L_CEI_MT_12361A6994, 6.58545E-010,   -45.00, 1.97563E-009,   135.00, 2.63418E-009,   135.00,          0,     0.00, 3.95127E-009,   135.00, 1.04125E-009,    26.57, 2.32831E-009,   -36.87, 2.0825E-009,   -63.43,          0,     0.00, 4.65661E-009,   -36.87
Line.L_CEI_MT_12362A6995, 2.0825E-009,    26.57, 4.29318E-009,   -12.53,          0,     0.00,          0,     0.00, 6.0536E-009,     0.00, 1.31709E-009,  -135.00, 1.67897E-009,   146.31, 1.86265E-009,   180.00,          0,     0.00, 4.19095E-009,   180.00
Line.L_CEI_MT_12363A6688, 1.04125E-009,   153.43, 2.98169E-009,    51.34, 4.65661E-010,   180.00,          0,     0.00, 2.83251E-009,    80.54, 3.83994E-009,    14.04, 1.67897E-009,   -56.31, 4.65661E-010,   180.00,          0,     0.00, 4.21674E-009,    -6.34
Line.L_CEI_MT_12364A6689, 3.12375E-009,    63.43, 3.83994E-009,    14.04, 3.83994E-009,    75.96,          0,     0.00, 9.59985E-009,    50.91, 1.04125E-009,  -116.57, 1.91997E-009,  -165.96, 3.83994E-009,  -104.04,          0,     0.00, 6.07148E-009,  -122.47
Line.L_CEI_MT_12365A3165,    7.98144,   -41.44,    7.98144,  -161.44,    7.98144,    78.56,          0,     0.00, 1.40086E-008,   111.45,    7.98144,   138.56,    7.98144,    18.56,    7.98144,  -101.44,          0,     0.00, 1.64636E-008,   -61.26
Line.L_CEI_MT_12366A3166,    7.98144,   -41.44,    7.98144,  -161.44,    7.98144,    78.56,          0,     0.00, 1.84216E-008,   106.14,    7.98144,   138.56,    7.98144,    18.56,    7.98144,  -101.44,          0,     0.00, 2.22594E-008,   -74.22
Line.L_CEI_MT_12367A6692,    7.98144,   -41.44,    7.98144,  -161.44,    7.98144,    78.56,          0,     0.00, 1.87714E-008,    97.13,    7.98144,   138.56,    7.98144,    18.56,    7.98144,  -101.44,          0,     0.00, 1.89095E-008,   -80.07
Line.L_CEI_MT_12368A3168,    7.98144,   -41.44,    7.98144,  -161.44,    7.98144,    78.56,          0,     0.00, 1.35603E-008,    74.05,    7.98144,   138.56,    7.98144,    18.56,    7.98144,  -101.44,          0,     0.00, 1.30717E-008,   -85.91
Line.L_CEI_MT_12369A3169,    7.98144,   -41.44,    7.98144,  -161.44,    7.98144,    78.56,          0,     0.00, 1.91997E-008,    50.91,    7.98144,   138.56,    7.98144,    18.56,    7.98144,  -101.44,          0,     0.00, 1.8083E-008,  -124.51
Line.L_CEI_MT_12370A6695,    7.98144,   -41.44,    7.98144,  -161.44,    7.98144,    78.56,          0,     0.00, 1.23026E-008,    60.52,    7.98144,   138.56,    7.98144,    18.56,    7.98144,  -101.44,          0,     0.00, 1.3892E-008,  -129.56
Line.L_CEI_MT_12371A3171,    7.98144,   -41.44,    7.98144,  -161.44,    7.98144,    78.56,          0,     0.00, 1.55073E-008,    48.65,    7.98144,   138.56,    7.98144,    18.56,    7.98144,  -101.44,          0,     0.00, 1.72358E-008,  -128.42
Line.L_CEI_MT_12372A6697,    7.98144,   -41.44,    7.98144,  -161.44,    7.98144,    78.56,          0,     0.00, 1.10392E-008,    62.35,    7.98144,   138.56,    7.98144,    18.56,    7.98144,  -101.44,          0,     0.00, 1.40086E-008,  -111.45
Line.L_CEI_MT_12373A3173,    7.98144,   -41.44,    7.98144,  -161.44,    7.98144,    78.56,          0,     0.00, 1.64042E-008,    55.41,    7.98144,   138.56,    7.98144,    18.56,    7.98144,  -101.44,          0,     0.00, 1.64042E-008,  -124.59
Line.L_CEI_MT_12374A6699,    7.98144,   -41.44,    7.98144,  -161.44,    7.98144,    78.56,          0,     0.00, 1.88578E-008,    57.09,    7.98144,   138.56,    7.98144,    18.56,    7.98144,  -101.44,          0,     0.00, 1.99312E-008,  -127.41
Line.L_CEI_MT_12375A3175,    7.98144,   -41.44,    7.98144,  -161.44,    7.98144,    78.56,          0,     0.00, 2.198E-008,    53.62,    7.98144,   138.56,    7.98144,    18.56,    7.98144,  -101.44,          0,     0.00, 2.63747E-008,  -132.14
Line.L_CEI_MT_12376A3176,    3.19262,   -41.44,    3.19262,  -161.44,    3.19262,    78.56,          0,     0.00, 1.26553E-006,  -103.56,    3.19262,   138.56,    3.19262,    18.56,    3.19262,  -101.44,          0,     0.00, 1.2635E-006,    76.47
Line.L_CEI_MT_12377A6702,    3.19262,   -41.44,    3.19262,  -161.44,    3.19262,    78.56,          0,     0.00, 9.37125E-009,    26.57,    3.19262,   138.56,    3.19262,    18.56,    3.19262,  -101.44,          0,     0.00, 8.5484E-009,  -150.64
Line.L_CEI_MT_12378A3178,    3.19262,   -41.44,    3.19262,  -161.44,    3.19262,    78.56,          0,     0.00, 5.6073E-009,    41.63,    3.19262,   138.56,    3.19262,    18.56,    3.19262,  -101.44,          0,     0.00, 8.74898E-009,  -154.80
Line.L_CEI_MT_12379A3179,    3.19262,   -41.44,    3.19262,  -161.44,    3.19262,    78.56,          0,     0.00, 6.48591E-009,    68.96,    3.19262,   138.56,    3.19262,    18.56,    3.19262,  -101.44,          0,     0.00, 6.07148E-009,   -94.40
Line.L_CEI_MT_12380A6705,    3.19262,   -41.44,    3.19262,  -161.44,    3.19262,    78.56,          0,     0.00, 4.00577E-009,   125.54,    3.19262,   138.56,    3.19262,    18.56,    3.19262,  -101.44,          0,     0.00, 8.6618E-009,   -36.25
Line.L_CEI_MT_12381A3181,    11.1741,   -41.44,    11.1741,  -161.44,    11.1741,    78.56,          0,     0.00, 1.25277E-006,  -103.13,    11.1741,   138.56,    11.1741,    18.56,    11.1741,  -101.44,          0,     0.00, 1.25165E-006,    76.90
Line.L_CEI_MT_12382A3182,    11.1741,   -41.44,    11.1741,  -161.44,    11.1741,    78.56,          0,     0.00, 1.2491E-006,  -102.97,    11.1741,   138.56,    11.1741,    18.56,    11.1741,  -101.44,          0,     0.00, 1.2504E-006,    77.15
Line.L_CEI_MT_12383A3183,    7.90486,   -41.44,    7.90486,  -161.44,    7.90486,    78.56,          0,     0.00, 1.39928E-006,   148.57,    7.90486,   138.56,    7.90486,    18.56,    7.90486,  -101.44,          0,     0.00, 1.39935E-006,   -31.36
Line.L_CEI_MT_12384A6709,    23.8681,   -41.44,    23.8681,  -161.44,    23.8681,    78.56,          0,     0.00, 1.41565E-006,   148.07,    23.8681,   138.56,    23.8681,    18.56,    23.8681,  -101.44,          0,     0.00, 1.41412E-006,   -31.91
Line.L_CEI_MT_12385A6710,    23.8681,   -41.44,    23.8681,  -161.44,    23.8681,    78.56,          0,     0.00, 1.41718E-006,   148.04,    23.8681,   138.56,    23.8681,    18.56,    23.8681,  -101.44,          0,     0.00, 1.41693E-006,   -31.95
Line.L_CEI_MT_12386A3186,    56.5917,   138.56,    56.5917,    18.56,    56.5917,  -101.44,          0,     0.00, 5.99117E-006,   104.94,    56.5917,   -41.44,    56.5917,  -161.44,    56.5917,    78.56,          0,     0.00, 5.99051E-006,   -75.05
Line.L_CEI_MT_12387A3187,    56.5917,   138.56,    56.5917,    18.56,    56.5917,  -101.44,          0,     0.00, 5.99593E-006,   105.08,    56.5917,   -41.44,    56.5917,  -161.44,    56.5917,    78.56,          0,     0.00, 5.99433E-006,   -74.93
Line.L_CEI_MT_12388A6713,    61.3809,   138.56,    61.3809,    18.56,    61.3809,  -101.44,          0,     0.00, 7.01949E-006,   114.85,    61.3809,   -41.44,    61.3809,  -161.44,    61.3809,    78.56,          0,     0.00, 7.0191E-006,   -65.15
Line.L_CEI_MT_12389A3189,    61.3809,   138.56,    61.3809,    18.56,    61.3809,  -101.44,          0,     0.00, 7.0187E-006,   114.79,    61.3809,   -41.44,    61.3809,  -161.44,    61.3809,    78.56,          0,     0.00, 7.01825E-006,   -65.20
Line.L_CEI_MT_12390A3190,    61.3809,   138.56,    61.3809,    18.56,    61.3809,  -101.44,          0,     0.00, 7.0136E-006,   114.87,    61.3809,   -41.44,    61.3809,  -161.44,    61.3809,    78.56,          0,     0.00, 7.01279E-006,   -65.14
Line.L_CEI_MT_12391A6716,    61.3809,   138.56,    61.3809,    18.56,    61.3809,  -101.44,          0,     0.00, 7.01932E-006,   114.79,    61.3809,   -41.44,    61.3809,  -161.44,    61.3809,    78.56,          0,     0.00, 7.01854E-006,   -65.23
Line.L_CEI_MT_12392A6717,    61.3809,   138.56,    61.3809,    18.56,    61.3809,  -101.44,          0,     0.00, 7.02137E-006,   114.85,    61.3809,   -41.44,    61.3809,  -161.44,    61.3809,    78.56,          0,     0.00, 7.02059E-006,   -65.16
Line.L_CEI_MT_12393A6718,    61.3809,   138.56,    61.3809,    18.56,    61.3809,  -101.44,          0,     0.00, 7.01718E-006,   114.86,    61.3809,   -41.44,    61.3809,  -161.44,    61.3809,    78.56,          0,     0.00, 7.01799E-006,   -65.14
Line.L_CEI_MT_11090A6557,    11.9616,   -41.44,    11.9616,  -161.44,    11.9616,    78.56,          0,     0.00, 1.82561E-008,    95.86,    11.9616,   138.56,    11.9616,    18.56,    11.9616,  -101.44,          0,     0.00, 1.90978E-008,   -88.60
Line.L_CEI_MT_11091A6558,    11.9616,   138.56,    11.9616,    18.56,    11.9616,  -101.44,          0,     0.00, 9.18428E-009,   -59.53,    11.9616,   -41.44,    11.9616,  -161.44,    11.9616,    78.56,          0,     0.00, 6.78013E-009,   105.95
Line.L_CEI_MT_11092A6559,    11.9616,   -41.44,    11.9616,  -161.44,    11.9616,    78.56,          0,     0.00, 1.63513E-008,   109.98,    11.9616,   138.56,    11.9616,    18.56,    11.9616,  -101.44,          0,     0.00, 1.95855E-008,   -61.61
Line.L_CEI_MT_11093A6927,    11.9616,   138.56,    11.9616,    18.56,    11.9616,  -101.44,          0,     0.00, 1.51107E-008,   -56.31,    11.9616,   -41.44,    11.9616,  -161.44,    11.9616,    78.56,          0,     0.00, 1.33345E-008,   114.78
Line.L_CEI_MT_11134A6560, 2.32831E-009,   -36.87, 2.0825E-009,  -153.43, 2.63418E-009,  -135.00,          0,     0.00, 4.58623E-009,  -113.96, 3.54637E-009,   156.80, 1.04125E-009,    63.43, 2.63418E-009,    45.00,          0,     0.00, 4.29318E-009,   102.53
Line.L_CEI_MT_11135A6561, 1.39698E-009,   -90.00, 2.63418E-009,  -135.00, 3.75428E-009,   -97.13,          0,     0.00, 7.36275E-009,  -108.43, 1.67897E-009,   123.69, 4.165E-009,    26.57, 3.75428E-009,    82.87,          0,     0.00, 7.70807E-009,    64.98
Line.L_CEI_MT_11136A6562, 4.165E-009,   -63.43, 2.0825E-009,  -153.43, 3.83994E-009,   -75.96,          0,     0.00, 8.43348E-009,   -83.66, 4.165E-009,   116.57, 2.50766E-009,    21.80, 4.165E-009,   116.57,          0,     0.00, 8.49752E-009,    99.46
Line.L_CEI_MT_12394A3194,    61.3809,   138.56,    61.3809,    18.56,    61.3809,  -101.44,          0,     0.00, 7.01594E-006,   114.86,    61.3809,   -41.44,    61.3809,  -161.44,    61.3809,    78.56,          0,     0.00, 7.01754E-006,   -65.13
Line.L_CEI_MT_12395A6720,    63.9316,   -41.44,    63.9316,  -161.44,    63.9316,    78.56,          0,     0.00, 4.86583E-006,   -51.27,    63.9316,   138.56,    63.9316,    18.56,    63.9316,  -101.44,          0,     0.00, 4.86277E-006,   128.70
Line.L_CEI_MT_12396A6721,    63.9316,   -41.44,    63.9316,  -161.44,    63.9316,    78.56,          0,     0.00, 4.87681E-006,   -51.24,    63.9316,   138.56,    63.9316,    18.56,    63.9316,  -101.44,          0,     0.00, 4.8747E-006,   128.73
Line.L_CEI_MT_12397A3197,    59.1422,   -41.44,    59.1422,  -161.44,    59.1422,    78.56,          0,     0.00, 3.62014E-006,   -62.65,    59.1422,   138.56,    59.1422,    18.56,    59.1422,  -101.44,          0,     0.00, 3.61889E-006,   117.35
Line.L_CEI_MT_12398A6723,    59.1422,   -41.44,    59.1422,  -161.44,    59.1422,    78.56,          0,     0.00, 3.62865E-006,   -62.69,    59.1422,   138.56,    59.1422,    18.56,    59.1422,  -101.44,          0,     0.00, 3.62779E-006,   117.28
Line.L_CEI_MT_12399A6724,    51.1601,   -41.44,    51.1601,  -161.44,    51.1601,    78.56,          0,     0.00, 3.16366E-006,   -79.59,    51.1601,   138.56,    51.1601,    18.56,    51.1601,  -101.44,          0,     0.00, 3.16049E-006,   100.38
Line.L_CEI_MT_12400A3200,    51.1601,   -41.44,    51.1601,  -161.44,    51.1601,    78.56,          0,     0.00, 3.16857E-006,   -79.66,    51.1601,   138.56,    51.1601,    18.56,    51.1601,  -101.44,          0,     0.00, 3.1679E-006,   100.37
Line.L_CEI_MT_12401A3201,    51.1601,   -41.44,    51.1601,  -161.44,    51.1601,    78.56,          0,     0.00, 3.17885E-006,   -79.72,    51.1601,   138.56,    51.1601,    18.56,    51.1601,  -101.44,          0,     0.00, 3.17906E-006,   100.35
Line.L_CEI_MT_12402A3202,    19.2324,   -41.44,    19.2324,  -161.44,    19.2324,    78.56,          0,     0.00, 3.20855E-006,   -79.28,    19.2324,   138.56,    19.2324,    18.56,    19.2324,  -101.44,          0,     0.00, 3.20838E-006,   100.71
Line.L_CEI_MT_12403A3203,    19.2324,   138.56,    19.2324,    18.56,    19.2324,  -101.44,          0,     0.00, 3.20895E-006,   100.67,    19.2324,   -41.44,    19.2324,  -161.44,    19.2324,    78.56,          0,     0.00, 3.20878E-006,   -79.35
Line.L_CEI_MT_12404A6729,    19.2324,   -41.44,    19.2324,  -161.44,    19.2324,    78.56,          0,     0.00, 3.21124E-006,   -79.34,    19.2324,   138.56,    19.2324,    18.56,    19.2324,  -101.44,          0,     0.00, 3.21304E-006,   100.70
Line.L_CEI_MT_12405A6730,    19.2324,   -41.44,    19.2324,  -161.44,    19.2324,    78.56,          0,     0.00, 3.21644E-006,   -79.34,    19.2324,   138.56,    19.2324,    18.56,    19.2324,  -101.44,          0,     0.00, 3.21788E-006,   100.71
Line.L_CEI_MT_12406A6731,    19.2324,   -41.44,    19.2324,  -161.44,    19.2324,    78.56,          0,     0.00, 3.2161E-006,   -79.37,    19.2324,   138.56,    19.2324,    18.56,    19.2324,  -101.44,          0,     0.00, 3.2159E-006,   100.66
Line.L_CEI_MT_12407A6732,    19.2324,   -41.44,    19.2324,  -161.44,    19.2324,    78.56,          0,     0.00, 3.22306E-006,   -79.25,    19.2324,   138.56,    19.2324,    18.56,    19.2324,  -101.44,          0,     0.00, 3.22358E-006,   100.80
Line.L_CEI_MT_12408A3208,    19.2324,   -41.44,    19.2324,  -161.44,    19.2324,    78.56,          0,     0.00, 2.12844E-006,   -64.95,    19.2324,   138.56,    19.2324,    18.56,    19.2324,  -101.44,          0,     0.00, 2.12838E-006,   115.10
Line.L_CEI_MT_12409A6734,    19.2324,   -41.44,    19.2324,  -161.44,    19.2324,    78.56,          0,     0.00, 2.12785E-006,   -64.99,    19.2324,   138.56,    19.2324,    18.56,    19.2324,  -101.44,          0,     0.00, 2.12636E-006,   115.04
Line.L_CEI_MT_12410A3210,    19.2324,   -41.44,    19.2324,  -161.44,    19.2324,    78.56,          0,     0.00, 2.13215E-006,   -64.92,    19.2324,   138.56,    19.2324,    18.56,    19.2324,  -101.44,          0,     0.00, 2.13097E-006,   115.01
Line.L_CEI_MT_12411A3211,    19.2324,   -41.44,    19.2324,  -161.44,    19.2324,    78.56,          0,     0.00, 2.13329E-006,   -64.79,    19.2324,   138.56,    19.2324,    18.56,    19.2324,  -101.44,          0,     0.00, 2.13131E-006,   115.09
Line.L_CEI_MT_12412A6737,     3.2692,   -41.44,     3.2692,  -161.44,     3.2692,    78.56,          0,     0.00, 2.14645E-006,   -64.84,     3.2692,   138.56,     3.2692,    18.56,     3.2692,  -101.44,          0,     0.00, 2.14645E-006,   115.16
Line.L_CEI_MT_12413A6738,     3.2692,   -41.44,     3.2692,  -161.44,     3.2692,    78.56,          0,     0.00, 2.14313E-006,   -64.85,     3.2692,   138.56,     3.2692,    18.56,     3.2692,  -101.44,          0,     0.00, 2.14353E-006,   115.17
Line.L_CEI_MT_12414A6739,    32.7236,   138.56,    32.7236,    18.56,    32.7236,  -101.44,          0,     0.00, 5.79969E-006,   112.78,    32.7236,   -41.44,    32.7236,  -161.44,    32.7236,    78.56,          0,     0.00, 5.79807E-006,   -67.26
Line.L_CEI_MT_12415A6740,    32.7236,   138.56,    32.7236,    18.56,    32.7236,  -101.44,          0,     0.00, 5.79486E-006,   112.79,    32.7236,   -41.44,    32.7236,  -161.44,    32.7236,    78.56,          0,     0.00, 5.79378E-006,   -67.24
Line.L_CEI_MT_12416A6741,    32.7236,   138.56,    32.7236,    18.56,    32.7236,  -101.44,          0,     0.00, 5.80062E-006,   112.77,    32.7236,   -41.44,    32.7236,  -161.44,    32.7236,    78.56,          0,     0.00, 5.80062E-006,   -67.23
Line.L_CEI_MT_12417A6742,    32.7236,   -41.44,    32.7236,  -161.44,    32.7236,    78.56,          0,     0.00, 4.84071E-006,   -58.18,    32.7236,   138.56,    32.7236,    18.56,    32.7236,  -101.44,          0,     0.00, 4.84071E-006,   121.82
Line.L_CEI_MT_12418A3218,    32.7236,   138.56,    32.7236,    18.56,    32.7236,  -101.44,          0,     0.00, 4.05302E-006,   134.91,    32.7236,   -41.44,    32.7236,  -161.44,    32.7236,    78.56,          0,     0.00, 4.05104E-006,   -45.12
Line.L_CEI_MT_12419A3219,    16.7608,   138.56,    16.7608,    18.56,    16.7608,  -101.44,          0,     0.00, 4.07018E-006,   134.72,    16.7608,   -41.44,    16.7608,  -161.44,    16.7608,    78.56,          0,     0.00, 4.06886E-006,   -45.26
Line.L_CEI_MT_12420A6745,    16.7608,   138.56,    16.7608,    18.56,    16.7608,  -101.44,          0,     0.00, 4.06624E-006,   134.71,    16.7608,   -41.44,    16.7608,  -161.44,    16.7608,    78.56,          0,     0.00, 4.06655E-006,   -45.26
Line.L_CEI_MT_12421A3221,    16.7608,   -41.44,    16.7608,  -161.44,    16.7608,    78.56,          0,     0.00, 4.07579E-006,   -45.30,    16.7608,   138.56,    16.7608,    18.56,    16.7608,  -101.44,          0,     0.00, 4.07513E-006,   134.69
Line.L_CEI_MT_12422A3222,    4.78881,   138.56,    4.78881,    18.56,    4.78881,  -101.44,          0,     0.00, 2.19503E-006,   148.36,    4.78881,   -41.44,    4.78881,  -161.44,    4.78881,    78.56,          0,     0.00, 2.19796E-006,   -31.58
Line.L_CEI_MT_12423A6748, 4.15842E-007,   -47.18, 1.31838E-006,   170.10, 8.37876E-007,    50.48,          0,     0.00, 7.45606E-007,   130.36, 4.15552E-007,   132.68, 1.3183E-006,    -9.88, 8.37876E-007,  -129.52,          0,     0.00, 7.45501E-007,   -49.53
Line.L_CEI_MT_12424A6749, 4.15794E-007,   133.00, 1.3177E-006,    -9.97, 8.42527E-007,  -129.51,          0,     0.00, 7.4724E-007,   -50.21, 4.16112E-007,   -46.95,  1.32E-006,   170.05, 8.40498E-007,    50.46,          0,     0.00, 7.47605E-007,   130.05
Line.L_CEI_MT_12425A3225,     11.972,   138.56,     11.972,    18.56,     11.972,  -101.44,          0,     0.00, 7.35562E-007,   131.61,     11.972,   -41.44,     11.972,  -161.44,     11.972,    78.56,          0,     0.00, 7.35562E-007,   -48.39
Line.L_CEI_MT_12426A3226,     11.972,   138.56,     11.972,    18.56,     11.972,  -101.44,          0,     0.00, 7.30653E-007,   130.79,     11.972,   -41.44,     11.972,  -161.44,     11.972,    78.56,          0,     0.00, 7.30653E-007,   -49.21
Line.L_CEI_MT_12427A3227,     11.972,   138.56,     11.972,    18.56,     11.972,  -101.44,          0,     0.00, 7.25902E-007,   130.58,     11.972,   -41.44,     11.972,  -161.44,     11.972,    78.56,          0,     0.00, 7.27821E-007,   -49.36
Line.L_CEI_MT_12428A6753, 4.15607E-007,   -47.50, 1.31733E-006,   170.00, 8.39954E-007,    50.31,          0,     0.00, 7.44156E-007,   130.18, 4.16237E-007,   132.60, 1.31657E-006,   -10.04, 8.40794E-007,  -129.56,          0,     0.00, 7.45694E-007,   -50.02
Line.L_CEI_MT_12429A3229, 4.16184E-007,   -47.22, 1.31852E-006,   170.18, 8.3758E-007,    50.50,          0,     0.00, 7.44439E-007,   130.54, 4.165E-007,   132.83, 1.3176E-006,    -9.83, 8.3758E-007,  -129.50,          0,     0.00, 7.43532E-007,   -49.55
Line.L_CEI_MT_12430A6755, 4.18744E-007,   -46.94, 1.31676E-006,   170.14, 8.44261E-007,    50.55,          0,     0.00, 7.43008E-007,   129.74, 4.17475E-007,   132.88, 1.31768E-006,    -9.85, 8.4367E-007,  -129.40,          0,     0.00, 7.45395E-007,   -50.04
Line.L_CEI_MT_12431A6756,    456.488,   138.56,    456.488,    18.56,    456.488,  -101.44,          0,     0.00, 4.2311E-005,   102.00,    456.488,   -41.44,    456.488,  -161.44,    456.488,    78.56,          0,     0.00, 4.23103E-005,   -78.00
Line.L_CEI_MT_12432A6757,    456.488,   138.56,    456.488,    18.56,    456.488,  -101.44,          0,     0.00, 4.23131E-005,   102.00,    456.488,   -41.44,    456.488,  -161.44,    456.488,    78.56,          0,     0.00, 4.2317E-005,   -78.00
Line.L_CEI_MT_12433A6758,    456.488,   138.56,    456.488,    18.56,    456.488,  -101.44,          0,     0.00, 4.23095E-005,   101.99,    456.488,   -41.44,    456.488,  -161.44,    456.488,    78.56,          0,     0.00, 4.23111E-005,   -78.00
Line.L_CEI_MT_12434A3234,    456.488,   -41.44,    456.488,  -161.44,    456.488,    78.56,          0,     0.00, 4.23178E-005,   -78.01,    456.488,   138.56,    456.488,    18.56,    456.488,  -101.44,          0,     0.00, 4.23149E-005,   101.99
Line.L_CEI_MT_12435A6760,    448.503,   -41.44,    448.503,  -161.44,    448.503,    78.56,          0,     0.00, 4.19869E-005,   -79.44,    448.503,   138.56,    448.503,    18.56,    448.503,  -101.44,          0,     0.00, 4.19892E-005,   100.56
Line.L_CEI_MT_12436A6761,    448.503,   138.56,    448.503,    18.56,    448.503,  -101.44,          0,     0.00, 4.19963E-005,   100.56,    448.503,   -41.44,    448.503,  -161.44,    448.503,    78.56,          0,     0.00, 4.19967E-005,   -79.44
Line.L_CEI_MT_12437A3237,    448.503,   -41.44,    448.503,  -161.44,    448.503,    78.56,          0,     0.00, 4.1997E-005,   -79.44,    448.503,   138.56,    448.503,    18.56,    448.503,  -101.44,          0,     0.00, 4.1997E-005,   100.56
Line.L_CEI_MT_12438A3238,    174.805,   -41.44,    174.805,  -161.44,    174.805,    78.56,          0,     0.00, 1.65826E-005,   -54.44,    174.805,   138.56,    174.805,    18.56,    174.805,  -101.44,          0,     0.00, 1.65831E-005,   125.57
Line.L_CEI_MT_12439A3239,    49.4929,   138.56,    49.4929,    18.56,    49.4929,  -101.44,          0,     0.00, 3.55824E-006,   165.21,    49.4929,   -41.44,    49.4929,  -161.44,    49.4929,    78.56,          0,     0.00, 3.5562E-006,   -14.79
Line.L_CEI_MT_12440A6765, 9.31323E-010,    90.00, 1.31709E-009,    45.00, 2.32831E-009,   -53.13,          0,     0.00, 2.32831E-009,     0.00, 1.47255E-009,   -71.57, 6.58545E-010,    45.00, 2.32831E-009,   126.87,          0,     0.00, 1.04125E-009,   116.57
Line.L_CEI_MT_12441A6766,    125.312,   -41.44,    125.312,  -161.44,    125.312,    78.56,          0,     0.00, 1.40363E-005,   -63.78,    125.312,   138.56,    125.312,    18.56,    125.312,  -101.44,          0,     0.00, 1.4038E-005,   116.22
Line.L_CEI_MT_12442A6767,    125.312,   138.56,    125.312,    18.56,    125.312,  -101.44,          0,     0.00, 1.30896E-005,   119.85,    125.312,   -41.44,    125.312,  -161.44,    125.312,    78.56,          0,     0.00, 1.30892E-005,   -60.15
Line.L_CEI_MT_12443A3243,    125.312,   138.56,    125.312,    18.56,    125.312,  -101.44,          0,     0.00, 1.30869E-005,   119.82,    125.312,   -41.44,    125.312,  -161.44,    125.312,    78.56,          0,     0.00, 1.30885E-005,   -60.17
Line.L_CEI_MT_12444A3244,    95.7835,   138.56,    95.7835,    18.56,    95.7835,  -101.44,          0,     0.00, 1.14163E-005,    60.16,    95.7835,   -41.44,    95.7835,  -161.44,    95.7835,    78.56,          0,     0.00, 1.14185E-005,  -119.84
Line.L_CEI_MT_12445A6770,    95.7835,   138.56,    95.7835,    18.56,    95.7835,  -101.44,          0,     0.00, 1.02081E-005,    58.13,    95.7835,   -41.44,    95.7835,  -161.44,    95.7835,    78.56,          0,     0.00, 1.0209E-005,  -121.88
Line.L_CEI_MT_12446A6771,    95.7835,   138.56,    95.7835,    18.56,    95.7835,  -101.44,          0,     0.00, 1.02073E-005,    58.15,    95.7835,   -41.44,    95.7835,  -161.44,    95.7835,    78.56,          0,     0.00, 1.02065E-005,  -121.86
Line.L_CEI_MT_12447A6772,    95.7835,   138.56,    95.7835,    18.56,    95.7835,  -101.44,          0,     0.00, 1.02042E-005,    58.11,    95.7835,   -41.44,    95.7835,  -161.44,    95.7835,    78.56,          0,     0.00, 1.02061E-005,  -121.90
Line.L_CEI_MT_12448A6773,    87.8008,   -41.44,    87.8008,  -161.44,    87.8008,    78.56,          0,     0.00, 9.52987E-006,  -128.24,    87.8008,   138.56,    87.8008,    18.56,    87.8008,  -101.44,          0,     0.00, 9.52836E-006,    51.77
Line.L_CEI_MT_12449A6774,    7.98261,   138.56,    7.98261,    18.56,    7.98261,  -101.44,          0,     0.00, 1.02551E-008,   -87.40,    7.98261,   -41.44,    7.98261,  -161.44,    7.98261,    78.56,          0,     0.00, 1.00522E-008,   103.39
Line.L_CEI_MT_12450A6775,    7.98261,   138.56,    7.98261,    18.56,    7.98261,  -101.44,          0,     0.00, 1.45775E-008,   -63.43,    7.98261,   -41.44,    7.98261,  -161.44,    7.98261,    78.56,          0,     0.00, 1.65817E-008,   128.16
Line.L_CEI_MT_12451A3388,    7.98261,   -41.44,    7.98261,  -161.44,    7.98261,    78.56,          0,     0.00, 1.62448E-008,   117.30,    7.98261,   138.56,    7.98261,    18.56,    7.98261,  -101.44,          0,     0.00, 1.29383E-008,   -59.74
Line.L_CEI_MT_12452A6776,    79.8182,   138.56,    79.8182,    18.56,    79.8182,  -101.44,          0,     0.00, 9.53709E-006,    51.77,    79.8182,   -41.44,    79.8182,  -161.44,    79.8182,    78.56,          0,     0.00, 9.53897E-006,  -128.23
Line.L_CEI_MT_12453A6777,    177.914,   -41.43,    177.914,  -161.43,    177.914,    78.57,          0,     0.00, 1.82731E-005,   -78.23,    177.914,   138.57,    177.914,    18.57,    177.914,  -101.43,          0,     0.00, 1.82726E-005,   101.78
Line.L_CEI_MT_12454A3253,    177.914,   138.57,    177.914,    18.57,    177.914,  -101.43,          0,     0.00, 1.82676E-005,   101.80,    177.914,   -41.43,    177.914,  -161.43,    177.914,    78.57,          0,     0.00, 1.82681E-005,   -78.20
Line.L_CEI_MT_12455A6779,    177.914,   138.57,    177.914,    18.57,    177.914,  -101.43,          0,     0.00, 1.71343E-005,   103.65,    177.914,   -41.43,    177.914,  -161.43,    177.914,    78.57,          0,     0.00, 1.71343E-005,   -76.36
Line.L_CEI_MT_12456A3255,    177.914,   138.57,    177.914,    18.57,    177.914,  -101.43,          0,     0.00, 1.71315E-005,   103.63,    177.914,   -41.43,    177.914,  -161.43,    177.914,    78.57,          0,     0.00, 1.71315E-005,   -76.37
Line.L_CEI_MT_12457A3256,    177.914,   -41.43,    177.914,  -161.43,    177.914,    78.57,          0,     0.00, 1.71295E-005,   -76.39,    177.914,   138.57,    177.914,    18.57,    177.914,  -101.43,          0,     0.00, 1.71301E-005,   103.61
Line.L_CEI_MT_12458A6782,    169.932,   138.57,    169.932,    18.57,    169.932,  -101.43,          0,     0.00, 1.71364E-005,   103.62,    169.932,   -41.43,    169.932,  -161.43,    169.932,    78.57,          0,     0.00, 1.71368E-005,   -76.38
Line.L_CEI_MT_12459A6783,    169.932,   138.57,    169.932,    18.57,    169.932,  -101.43,          0,     0.00, 1.71421E-005,   103.61,    169.932,   -41.43,    169.932,  -161.43,    169.932,    78.57,          0,     0.00, 1.71419E-005,   -76.39
Line.L_CEI_MT_12460A3259,    169.932,   138.57,    169.932,    18.57,    169.932,  -101.43,          0,     0.00, 1.71394E-005,   103.60,    169.932,   -41.43,    169.932,  -161.43,    169.932,    78.57,          0,     0.00, 1.71383E-005,   -76.41
Line.L_CEI_MT_12461A6785,    169.932,   -41.43,    169.932,  -161.43,    169.932,    78.57,          0,     0.00, 1.71424E-005,   -76.41,    169.932,   138.57,    169.932,    18.57,    169.932,  -101.43,          0,     0.00, 1.71423E-005,   103.60
Line.L_CEI_MT_12462A3261,    1.59619,   138.56,    1.59619,    18.56,    1.59619,  -101.44,          0,     0.00, 6.78013E-009,   -74.05,    1.59619,   -41.44,    1.59619,  -161.44,    1.59619,    78.56,          0,     0.00, 5.66501E-009,    99.46
Line.L_CEI_MT_12463A3262,    168.336,   138.57,    168.336,    18.57,    168.336,  -101.43,          0,     0.00, 1.58639E-005,   102.81,    168.336,   -41.43,    168.336,  -161.43,    168.336,    78.57,          0,     0.00, 1.58648E-005,   -77.19
Line.L_CEI_MT_12464A3263,    168.336,   138.57,    168.336,    18.57,    168.336,  -101.43,          0,     0.00, 1.58667E-005,   102.80,    168.336,   -41.43,    168.336,  -161.43,    168.336,    78.57,          0,     0.00, 1.58669E-005,   -77.20
Line.L_CEI_MT_12465A3264,    168.336,   138.57,    168.336,    18.57,    168.336,  -101.43,          0,     0.00, 1.58687E-005,   102.78,    168.336,   -41.43,    168.336,  -161.43,    168.336,    78.57,          0,     0.00, 1.58681E-005,   -77.23
Line.L_CEI_MT_12466A3265,    168.336,   138.57,    168.336,    18.57,    168.336,  -101.43,          0,     0.00, 1.5865E-005,   102.79,    168.336,   -41.43,    168.336,  -161.43,    168.336,    78.57,          0,     0.00, 1.58675E-005,   -77.22
Line.L_CEI_MT_12467A6791,    168.336,   138.57,    168.336,    18.57,    168.336,  -101.43,          0,     0.00, 1.58623E-005,   102.77,    168.336,   -41.43,    168.336,  -161.43,    168.336,    78.57,          0,     0.00, 1.58634E-005,   -77.23
Line.L_CEI_MT_12468A3267,    168.336,   138.57,    168.336,    18.57,    168.336,  -101.43,          0,     0.00, 1.58623E-005,   102.77,    168.336,   -41.43,    168.336,  -161.43,    168.336,    78.57,          0,     0.00, 1.58618E-005,   -77.23
Line.L_CEI_MT_12469A6793,    168.336,   138.57,    168.336,    18.57,    168.336,  -101.43,          0,     0.00, 1.47378E-005,   104.99,    168.336,   -41.43,    168.336,  -161.43,    168.336,    78.57,          0,     0.00, 1.47368E-005,   -75.01
Line.L_CEI_MT_12470A6794,    168.336,   138.57,    168.336,    18.57,    168.336,  -101.43,          0,     0.00, 1.39211E-005,   112.56,    168.336,   -41.43,    168.336,  -161.43,    168.336,    78.57,          0,     0.00, 1.39206E-005,   -67.43
Line.L_CEI_MT_12471A6795,    168.336,   138.57,    168.336,    18.57,    168.336,  -101.43,          0,     0.00, 1.39168E-005,   112.55,    168.336,   -41.43,    168.336,  -161.43,    168.336,    78.57,          0,     0.00, 1.392E-005,   -67.47
Line.L_CEI_MT_12472A6796,    168.336,   138.57,    168.336,    18.57,    168.336,  -101.43,          0,     0.00, 1.39271E-005,   112.54,    168.336,   -41.43,    168.336,  -161.43,    168.336,    78.57,          0,     0.00, 1.39263E-005,   -67.47
Line.L_CEI_MT_12473A3272,    43.8791,   138.57,    43.8791,    18.57,    43.8791,  -101.43,          0,     0.00, 2.80534E-006,   117.27,    43.8791,   -41.43,    43.8791,  -161.43,    43.8791,    78.57,          0,     0.00, 2.8074E-006,   -62.78
Line.L_CEI_MT_12474A6798,    43.8791,   -41.43,    43.8791,  -161.43,    43.8791,    78.57,          0,     0.00, 2.80439E-006,   -62.96,    43.8791,   138.57,    43.8791,    18.57,    43.8791,  -101.43,          0,     0.00, 2.80377E-006,   117.06
Line.L_CEI_MT_12475A6799,    43.8791,   -41.43,    43.8791,  -161.43,    43.8791,    78.57,          0,     0.00, 2.01963E-006,   -38.48,    43.8791,   138.57,    43.8791,    18.57,    43.8791,  -101.43,          0,     0.00, 2.01941E-006,   141.54
Line.L_CEI_MT_12476A6800,    35.9009,   -41.43,    35.9009,  -161.43,    35.9009,    78.57,          0,     0.00, 1.24462E-006,   -67.15,    35.9009,   138.57,    35.9009,    18.57,    35.9009,  -101.43,          0,     0.00, 1.24516E-006,   112.91
Line.L_CEI_MT_12477A6801,    35.9009,   -41.43,    35.9009,  -161.43,    35.9009,    78.57,          0,     0.00, 1.24529E-006,   -67.18,    35.9009,   138.57,    35.9009,    18.57,    35.9009,  -101.43,          0,     0.00, 1.24315E-006,   112.86
Line.L_CEI_MT_12478A6802,    35.9009,   138.57,    35.9009,    18.57,    35.9009,  -101.43,          0,     0.00, 1.24206E-006,   112.74,    35.9009,   -41.43,    35.9009,  -161.43,    35.9009,    78.57,          0,     0.00, 1.24414E-006,   -67.25
Line.L_CEI_MT_124790A7006,    23.9339,   -41.43,    23.9339,  -161.43,    23.9339,    78.57,          0,     0.00, 3.16444E-008,   122.99,    23.9339,   138.57,    23.9339,    18.57,    23.9339,  -101.43,          0,     0.00, 3.1514E-008,   -55.84
Line.L_CEI_MT_12479A6803,     11.967,   -41.43,     11.967,  -161.43,     11.967,    78.57,          0,     0.00, 2.44372E-008,   120.96,     11.967,   138.57,     11.967,    18.57,     11.967,  -101.43,          0,     0.00, 2.19652E-008,   -57.99
Line.L_CEI_MT_12480A3279, 1.47255E-009,    71.57, 4.95005E-009,   131.19, 6.78013E-009,   164.05,          0,     0.00, 1.16415E-008,   143.13, 1.04125E-009,  -116.57, 3.63693E-009,   -50.19, 6.33368E-009,   -17.10,          0,     0.00, 9.68978E-009,   -35.22
Line.L_CEI_MT_12481A3458, 4.65661E-010,    90.00, 1.31709E-009,    45.00, 2.0825E-009,    63.43,          0,     0.00, 3.75428E-009,    60.26, 4.65661E-010,   180.00, 6.58545E-010,  -135.00, 9.31323E-010,   180.00,          0,     0.00, 1.91997E-009,  -165.96
Line.L_CEI_MT_12481A7007, 6.58545E-010,   -45.00, 6.58545E-010,    45.00, 9.31323E-010,   180.00,          0,     0.00,          0,     0.00, 1.04125E-009,   116.57, 6.58545E-010,    45.00, 2.0825E-009,    63.43,          0,     0.00, 3.39007E-009,    74.05
Line.L_CEI_MT_12482A3280,          0,     0.00, 2.9451E-009,  -161.57,          0,     0.00,          0,     0.00, 2.9451E-009,  -161.57, 1.47255E-009,   161.57, 9.31323E-010,    90.00, 9.31323E-010,     0.00,          0,     0.00, 1.47255E-009,   108.43
Line.L_CEI_MT_14781A3459,    15.9656,   -41.44,    15.9656,  -161.44,    15.9656,    78.56,          0,     0.00, 8.19281E-007,   -60.81,    15.9656,   138.56,    15.9656,    18.56,    15.9656,  -101.44,          0,     0.00, 8.21104E-007,   119.41
Line.L_CEI_MT_14782A7009,     23.948,   -41.44,     23.948,  -161.44,     23.948,    78.56,          0,     0.00, 1.26749E-006,    79.69,     23.948,   138.56,     23.948,    18.56,     23.948,  -101.44,          0,     0.00, 1.26783E-006,  -100.39
Line.L_CEI_MT_14783A6998,     23.948,   138.56,     23.948,    18.56,     23.948,  -101.44,          0,     0.00, 2.82868E-008,   -69.78,     23.948,   -41.44,     23.948,  -161.44,     23.948,    78.56,          0,     0.00, 2.75371E-008,   108.74
Line.L_CEI_MT_14784A6999,     23.948,   -41.44,     23.948,  -161.44,     23.948,    78.56,          0,     0.00, 2.97149E-008,   122.20,     23.948,   138.56,     23.948,    18.56,     23.948,  -101.44,          0,     0.00, 3.02214E-008,   -56.31
Line.L_CEI_MT_14785A7010,     23.948,   138.56,     23.948,    18.56,     23.948,  -101.44,          0,     0.00, 2.06787E-008,   -54.16,     23.948,   -41.44,     23.948,  -161.44,     23.948,    78.56,          0,     0.00, 2.21226E-008,   130.73
Line.L_CEI_MT_14786A3462,    7.98272,   -41.44,    7.98272,  -161.44,    7.98272,    78.56,          0,     0.00, 6.07148E-009,    94.40,    7.98272,   138.56,    7.98272,    18.56,    7.98272,  -101.44,          0,     0.00, 6.48591E-009,   -68.96
Line.L_CEI_MT_14787A3368,    7.98272,   138.56,    7.98272,    18.56,    7.98272,  -101.44,          0,     0.00, 1.45849E-008,   -73.30,    7.98272,   -41.44,    7.98272,  -161.44,    7.98272,    78.56,          0,     0.00, 1.40935E-008,    97.59
Line.L_CEI_MT_14788A6894,    7.98272,   -41.44,    7.98272,  -161.44,    7.98272,    78.56,          0,     0.00, 8.58637E-009,   102.53,    7.98272,   138.56,    7.98272,    18.56,    7.98272,  -101.44,          0,     0.00, 8.49752E-009,   -80.54
Line.L_CEI_MT_14789A6895,    7.98272,   -41.44,    7.98272,  -161.44,    7.98272,    78.56,          0,     0.00, 6.92255E-009,    70.35,    7.98272,   138.56,    7.98272,    18.56,    7.98272,  -101.44,          0,     0.00, 8.13242E-009,  -113.63
Line.L_CEI_MT_14790A7012,    7.98272,   138.56,    7.98272,    18.56,    7.98272,  -101.44,          0,     0.00, 8.29086E-009,  -141.84,    7.98272,   -41.44,    7.98272,  -161.44,    7.98272,    78.56,          0,     0.00, 8.5484E-009,    29.36
Line.L_CEI_MT_14791A3371,    1298.35,   140.26,    1298.35,    20.26,    1298.35,   -99.74,          0,     0.00, 0.000103461,   101.97,    1298.35,   -39.74,    1298.35,  -159.74,    1298.35,    80.26,          0,     0.00, 0.000103462,   -78.03
Line.L_CEI_MT_14792A6897, 5.34306E-006,   -30.89, 1.10466E-005,   -15.23, 1.53366E-005,   -95.98,          0,     0.00, 2.49592E-005,   -56.86, 5.34409E-006,   149.12, 1.10484E-005,   164.77, 1.53348E-005,    84.02,          0,     0.00, 2.49596E-005,   123.15
Line.L_CEI_MT_14793A3373, 5.34114E-006,   149.09, 1.10475E-005,   164.77, 1.53351E-005,    84.01,          0,     0.00, 2.49559E-005,   123.14, 5.33978E-006,   -30.92, 1.10477E-005,   -15.23, 1.53369E-005,   -95.99,          0,     0.00, 2.49572E-005,   -56.87
Line.L_CEI_MT_14794A6899, 5.34082E-006,   -30.92, 1.1046E-005,   -15.23, 1.53369E-005,   -95.99,          0,     0.00, 2.49564E-005,   -56.87, 5.34121E-006,   149.08, 1.10446E-005,   164.77, 1.53369E-005,    84.01,          0,     0.00, 2.49559E-005,   123.13
Line.L_CEI_MT_14795A6900, 5.34129E-006,   149.07, 1.10421E-005,   164.77, 1.53369E-005,    84.01,          0,     0.00, 2.49541E-005,   123.12, 5.34089E-006,   -30.93, 1.10444E-005,   -15.23, 1.53369E-005,   -95.99,          0,     0.00, 2.49554E-005,   -56.87
Line.L_CEI_MT_14796A6901, 5.34305E-006,   -30.94, 1.10435E-005,   -15.22, 1.5337E-005,   -95.99,          0,     0.00, 2.49556E-005,   -56.88, 5.34425E-006,   149.06, 1.10408E-005,   164.78, 1.5339E-005,    84.00,          0,     0.00, 2.49558E-005,   123.12
Line.L_CEI_MT_14797A3377, 5.34393E-006,   -30.95, 1.10422E-005,   -15.23, 1.53449E-005,   -96.01,          0,     0.00, 2.49611E-005,   -56.90, 5.34393E-006,   149.05, 1.104E-005,   164.77, 1.5345E-005,    83.99,          0,     0.00, 2.49593E-005,   123.10
Line.L_CEI_MT_14798A3378, 5.34305E-006,   -30.94, 1.10428E-005,   -15.22, 1.53431E-005,   -96.01,          0,     0.00, 2.49576E-005,   -56.89, 5.34265E-006,   149.05, 1.10419E-005,   164.78, 1.5345E-005,    83.99,          0,     0.00, 2.49579E-005,   123.10
Line.L_CEI_MT_11170A6563, 1.47255E-009,   108.43,          0,     0.00,          0,     0.00,          0,     0.00, 1.47255E-009,   108.43, 1.47255E-009,   -71.57, 2.63418E-009,  -135.00, 3.72529E-009,    90.00,          0,     0.00, 1.47255E-009,   161.57
Line.L_CEI_MT_11171,          0,     0.00, 1.47255E-009,    71.57, 4.65661E-010,     0.00,          0,     0.00, 1.67897E-009,    56.31, 4.65661E-010,   -90.00, 3.29272E-009,  -171.87, 1.91997E-009,  -104.04,          0,     0.00, 4.65661E-009,  -143.13
Line.L_CEI_MT_11172A3039, 1.76731E-007,   109.39, 8.07652E-007,   -48.60, 1.11401E-006,  -134.31,          0,     0.00, 1.27284E-006,  -103.76, 1.77609E-007,   -70.71, 8.08085E-007,   131.29, 1.11333E-006,    45.59,          0,     0.00, 1.27193E-006,    76.15
Line.L_CEI_MT_11173A6565,    7.97781,   -41.43,    7.97781,  -161.43,    7.97781,    78.57,          0,     0.00, 1.26606E-006,  -103.83,    7.97781,   138.57,    7.97781,    18.57,    7.97781,  -101.43,          0,     0.00, 1.26876E-006,    76.02
Line.L_CEI_MT_11174A3041,    7.97781,   -41.43,    7.97781,  -161.43,    7.97781,    78.57,          0,     0.00, 1.27039E-006,  -103.57,    7.97781,   138.57,    7.97781,    18.57,    7.97781,  -101.43,          0,     0.00, 1.27196E-006,    76.41
Line.L_CEI_MT_11175A6567,    7.97781,   -41.43,    7.97781,  -161.43,    7.97781,    78.57,          0,     0.00, 1.26676E-006,  -103.61,    7.97781,   138.57,    7.97781,    18.57,    7.97781,  -101.43,          0,     0.00, 1.26878E-006,    76.29
Line.L_CEI_MT_11176A6568,    15.9556,   -41.43,    15.9556,  -161.43,    15.9556,    78.57,          0,     0.00, 9.99469E-007,   -23.85,    15.9556,   138.57,    15.9556,    18.57,    15.9556,  -101.43,          0,     0.00, 9.99846E-007,   156.10
Line.L_CEI_MT_11177A6569,    15.9556,   -41.43,    15.9556,  -161.43,    15.9556,    78.57,          0,     0.00, 1.00704E-006,   -23.78,    15.9556,   138.57,    15.9556,    18.57,    15.9556,  -101.43,          0,     0.00, 1.01093E-006,   156.38
Line.L_CEI_MT_11178A6570,    23.9334,   -41.43,    23.9334,  -161.43,    23.9334,    78.57,          0,     0.00, 2.14002E-006,   -47.88,    23.9334,   138.57,    23.9334,    18.57,    23.9334,  -101.43,          0,     0.00, 2.13998E-006,   132.13
Line.L_CEI_MT_11179A6571,    23.9334,   -41.43,    23.9334,  -161.43,    23.9334,    78.57,          0,     0.00, 2.13642E-006,   -47.90,    23.9334,   138.57,    23.9334,    18.57,    23.9334,  -101.43,          0,     0.00, 2.13382E-006,   132.08
Line.L_CEI_MT_11180A6572,    31.9114,   -41.43,    31.9114,  -161.43,    31.9114,    78.57,          0,     0.00, 2.12338E-006,   -47.80,    31.9114,   138.57,    31.9114,    18.57,    31.9114,  -101.43,          0,     0.00, 2.123E-006,   132.23
Line.L_CEI_MT_11181A6573,    43.8784,   -41.43,    43.8784,  -161.43,    43.8784,    78.57,          0,     0.00, 2.11257E-006,   -47.84,    43.8784,   138.57,    43.8784,    18.57,    43.8784,  -101.43,          0,     0.00, 2.11548E-006,   132.19
Line.L_CEI_MT_11182A3049,    43.8784,   -41.43,    43.8784,  -161.43,    43.8784,    78.57,          0,     0.00, 2.11461E-006,   -47.69,    43.8784,   138.57,    43.8784,    18.57,    43.8784,  -101.43,          0,     0.00, 2.11655E-006,   132.33
Line.L_CEI_MT_11183A6575,    43.8784,   -41.43,    43.8784,  -161.43,    43.8784,    78.57,          0,     0.00, 2.11667E-006,   -47.74,    43.8784,   138.57,    43.8784,    18.57,    43.8784,  -101.43,          0,     0.00, 2.11924E-006,   132.30
Line.L_CEI_MT_11184A6576,    43.8784,   -41.43,    43.8784,  -161.43,    43.8784,    78.57,          0,     0.00, 2.11376E-006,   -47.77,    43.8784,   138.57,    43.8784,    18.57,    43.8784,  -101.43,          0,     0.00, 2.11439E-006,   132.25
Line.L_CEI_MT_11185A6577,    55.8459,   138.57,    55.8459,    18.57,    55.8459,  -101.43,          0,     0.00, 2.10383E-006,   132.25,    55.8459,   -41.43,    55.8459,  -161.43,    55.8459,    78.57,          0,     0.00, 2.10452E-006,   -47.76
Line.L_CEI_MT_11186A3053,    68.6108,   138.57,    68.6108,    18.57,    68.6108,  -101.43,          0,     0.00, 7.79215E-006,    98.70,    68.6108,   -41.43,    68.6108,  -161.43,    68.6108,    78.57,          0,     0.00, 7.79038E-006,   -81.29
Line.L_CEI_MT_11187A6579,    51.8567,   -41.43,    51.8567,  -161.43,    51.8567,    78.57,          0,     0.00, 1.83458E-006,   -60.15,    51.8567,   138.57,    51.8567,    18.57,    51.8567,  -101.43,          0,     0.00, 1.83613E-006,   119.79
Line.L_CEI_MT_11188A6580,    35.9003,   -41.43,    35.9003,  -161.43,    35.9003,    78.57,          0,     0.00, 2.20782E-006,   -66.56,    35.9003,   138.57,    35.9003,    18.57,    35.9003,  -101.43,          0,     0.00, 2.2085E-006,   113.51
Line.L_CEI_MT_11189A6581,    35.9003,   -41.43,    35.9003,  -161.43,    35.9003,    78.57,          0,     0.00, 2.2133E-006,   -66.39,    35.9003,   138.57,    35.9003,    18.57,    35.9003,  -101.43,          0,     0.00, 2.21226E-006,   113.61
Line.L_CEI_MT_11190A6582,    35.9003,   -41.43,    35.9003,  -161.43,    35.9003,    78.57,          0,     0.00, 2.21098E-006,   -66.67,    35.9003,   138.57,    35.9003,    18.57,    35.9003,  -101.43,          0,     0.00, 2.20684E-006,   113.41
Line.L_CEI_MT_11191A6583,    35.9003,   -41.43,    35.9003,  -161.43,    35.9003,    78.57,          0,     0.00, 2.20867E-006,   -66.57,    35.9003,   138.57,    35.9003,    18.57,    35.9003,  -101.43,          0,     0.00, 2.21107E-006,   113.48
Line.L_CEI_MT_11192A3059,    23.9334,   -41.43,    23.9334,  -161.43,    23.9334,    78.57,          0,     0.00, 1.10249E-006,   -65.95,    23.9334,   138.57,    23.9334,    18.57,    23.9334,  -101.43,          0,     0.00, 1.10415E-006,   114.07
Line.L_CEI_MT_11193A6585,    23.9334,   -41.43,    23.9334,  -161.43,    23.9334,    78.57,          0,     0.00, 1.09812E-006,   -66.40,    23.9334,   138.57,    23.9334,    18.57,    23.9334,  -101.43,          0,     0.00, 1.09977E-006,   113.61
Line.L_CEI_MT_11194A3061,    23.9334,   -41.43,    23.9334,  -161.43,    23.9334,    78.57,          0,     0.00, 1.09286E-006,   -66.36,    23.9334,   138.57,    23.9334,    18.57,    23.9334,  -101.43,          0,     0.00, 1.09335E-006,   113.57
Line.L_CEI_MT_11195A3062,    23.9334,   138.57,    23.9334,    18.57,    23.9334,  -101.43,          0,     0.00, 1.09296E-006,   113.34,    23.9334,   -41.43,    23.9334,  -161.43,    23.9334,    78.57,          0,     0.00, 1.09504E-006,   -66.65
Line.L_CEI_MT_11196A6588,    11.9666,   -41.43,    11.9666,  -161.43,    11.9666,    78.57,          0,     0.00, 1.10884E-006,   -66.28,    11.9666,   138.57,    11.9666,    18.57,    11.9666,  -101.43,          0,     0.00, 1.1114E-006,   113.67
Line.L_CEI_MT_11197A3064,    11.9666,   -41.43,    11.9666,  -161.43,    11.9666,    78.57,          0,     0.00, 1.11361E-006,   -66.25,    11.9666,   138.57,    11.9666,    18.57,    11.9666,  -101.43,          0,     0.00, 1.11218E-006,   113.94
Line.L_CEI_MT_11198A6590,    11.9666,   138.57,    11.9666,    18.57,    11.9666,  -101.43,          0,     0.00, 1.11357E-006,   113.38,    11.9666,   -41.43,    11.9666,  -161.43,    11.9666,    78.57,          0,     0.00, 1.11368E-006,   -66.73
Line.L_CEI_MT_11199A6591,    11.9666,   -41.43,    11.9666,  -161.43,    11.9666,    78.57,          0,     0.00, 1.10989E-006,   -66.69,    11.9666,   138.57,    11.9666,    18.57,    11.9666,  -101.43,          0,     0.00, 1.11265E-006,   113.45
Line.L_CEI_MT_11200A3067, 1.97563E-009,   135.00,          0,     0.00, 4.65661E-010,     0.00,          0,     0.00, 1.67897E-009,   123.69, 1.47255E-009,  -108.43, 3.75428E-009,  -172.87, 4.65661E-010,   180.00,          0,     0.00, 5.01533E-009,  -158.20
Line.L_CEI_MT_11201A6593,    7.97784,   138.57,    7.97784,    18.57,    7.97784,  -101.43,          0,     0.00, 1.35603E-008,   -74.05,    7.97784,   -41.43,    7.97784,  -161.43,    7.97784,    78.57,          0,     0.00, 1.36955E-008,   107.82
Line.L_CEI_MT_11202A6594,    7.97784,   -41.43,    7.97784,  -161.43,    7.97784,    78.57,          0,     0.00, 1.40395E-008,    95.71,    7.97784,   138.57,    7.97784,    18.57,    7.97784,  -101.43,          0,     0.00, 1.34398E-008,   -75.96
Line.L_CEI_MT_11203A6595,    7.97784,   -41.43,    7.97784,  -161.43,    7.97784,    78.57,          0,     0.00, 1.02868E-008,    95.19,    7.97784,   138.57,    7.97784,    18.57,    7.97784,  -101.43,          0,     0.00, 1.08009E-008,   -82.57
Line.L_CEI_MT_11204A6596,    7.97784,   -41.43,    7.97784,  -161.43,    7.97784,    78.57,          0,     0.00, 1.8451E-008,   100.18,    7.97784,   138.57,    7.97784,    18.57,    7.97784,  -101.43,          0,     0.00, 2.00018E-008,   -77.91
Line.L_CEI_MT_11205A6597,    7.97784,   -41.43,    7.97784,  -161.43,    7.97784,    78.57,          0,     0.00, 1.38216E-008,   122.62,    7.97784,   138.57,    7.97784,    18.57,    7.97784,  -101.43,          0,     0.00, 1.42845E-008,   -70.97
Line.L_CEI_MT_11206A6928,    7.97779,   138.57,    7.97779,    18.57,    7.97779,  -101.43,          0,     0.00, 1.18994E-008,   -59.42,    7.97779,   -41.43,    7.97779,  -161.43,    7.97779,    78.57,          0,     0.00, 1.4216E-008,   121.61
Line.L_CEI_MT_11207A6598,    7.97779,   138.57,    7.97779,    18.57,    7.97779,  -101.43,          0,     0.00, 9.96559E-009,   -52.59,    7.97779,   -41.43,    7.97779,  -161.43,    7.97779,    78.57,          0,     0.00, 9.87817E-009,   135.00
Line.L_CEI_MT_11208A6599,    7.97779,   138.57,    7.97779,    18.57,    7.97779,  -101.43,          0,     0.00, 1.25383E-008,   -74.93,    7.97779,   -41.43,    7.97779,  -161.43,    7.97779,    78.57,          0,     0.00, 1.52251E-008,   113.43
Line.L_CEI_MT_11209A6600,    7.97779,   138.57,    7.97779,    18.57,    7.97779,  -101.43,          0,     0.00, 2.0825E-008,   -79.70,    7.97779,   -41.43,    7.97779,  -161.43,    7.97779,    78.57,          0,     0.00, 2.01045E-008,   103.39
Line.L_CEI_MT_11210A3076,    7.97779,   138.57,    7.97779,    18.57,    7.97779,  -101.43,          0,     0.00, 1.3892E-008,   -50.44,    7.97779,   -41.43,    7.97779,  -161.43,    7.97779,    78.57,          0,     0.00, 1.35762E-008,   120.96
Line.L_CEI_MT_12483A6806, 1.39698E-009,   180.00, 3.75428E-009,  -172.87,          0,     0.00,          0,     0.00, 5.1434E-009,  -174.81, 2.37442E-009,    78.69, 2.0825E-009,    26.57, 9.31323E-010,     0.00,          0,     0.00, 4.60981E-009,    45.00
Line.L_CEI_MT_12484A6807,    4.78692,   138.57,    4.78692,    18.57,    4.78692,  -101.43,          0,     0.00, 1.01967E-006,    46.26,    4.78692,   -41.43,    4.78692,  -161.43,    4.78692,    78.57,          0,     0.00, 1.01803E-006,  -133.72
Line.L_CEI_MT_12485A3283,    4.78692,   138.57,    4.78692,    18.57,    4.78692,  -101.43,          0,     0.00, 1.02482E-006,    46.71,    4.78692,   -41.43,    4.78692,  -161.43,    4.78692,    78.57,          0,     0.00, 1.02614E-006,  -133.29
Line.L_CEI_MT_12486A3284,    4.78692,   138.57,    4.78692,    18.57,    4.78692,  -101.43,          0,     0.00, 1.01236E-006,    46.81,    4.78692,   -41.43,    4.78692,  -161.43,    4.78692,    78.57,          0,     0.00, 1.01435E-006,  -133.16
Line.L_CEI_MT_12487A6810,    4.78692,   138.57,    4.78692,    18.57,    4.78692,  -101.43,          0,     0.00, 1.01539E-006,    46.24,    4.78692,   -41.43,    4.78692,  -161.43,    4.78692,    78.57,          0,     0.00, 1.01708E-006,  -133.63
Line.L_CEI_MT_12488A6811,    4.78692,   138.57,    4.78692,    18.57,    4.78692,  -101.43,          0,     0.00, 1.01015E-006,    46.33,    4.78692,   -41.43,    4.78692,  -161.43,    4.78692,    78.57,          0,     0.00, 1.01217E-006,  -133.56
Line.L_CEI_MT_12489A6812,    16.7541,   138.57,    16.7541,    18.57,    16.7541,  -101.43,          0,     0.00, 5.13872E-006,    76.47,    16.7541,   -41.43,    16.7541,  -161.43,    16.7541,    78.57,          0,     0.00, 5.13558E-006,  -103.50
Line.L_CEI_MT_12490A3288,    11.9672,   138.57,    11.9672,    18.57,    11.9672,  -101.43,          0,     0.00, 3.26742E-006,    91.27,    11.9672,   -41.43,    11.9672,  -161.43,    11.9672,    78.57,          0,     0.00, 3.26602E-006,   -88.73
Line.L_CEI_MT_12491A3289,    11.9672,   138.57,    11.9672,    18.57,    11.9672,  -101.43,          0,     0.00, 3.27581E-006,    91.28,    11.9672,   -41.43,    11.9672,  -161.43,    11.9672,    78.57,          0,     0.00, 3.27401E-006,   -88.67
Line.L_CEI_MT_12492A6815,    11.9672,   138.57,    11.9672,    18.57,    11.9672,  -101.43,          0,     0.00, 3.27482E-006,    91.23,    11.9672,   -41.43,    11.9672,  -161.43,    11.9672,    78.57,          0,     0.00, 3.27201E-006,   -88.78
Line.L_CEI_MT_12493A3291,    11.9672,   -41.43,    11.9672,  -161.43,    11.9672,    78.57,          0,     0.00, 1.84199E-006,   -59.98,    11.9672,   138.57,    11.9672,    18.57,    11.9672,  -101.43,          0,     0.00, 1.84239E-006,   120.01
Line.L_CEI_MT_12494A6817,    11.9672,   -41.43,    11.9672,  -161.43,    11.9672,    78.57,          0,     0.00, 1.83949E-006,   -60.09,    11.9672,   138.57,    11.9672,    18.57,    11.9672,  -101.43,          0,     0.00, 1.83648E-006,   119.87
Line.L_CEI_MT_12495A6818, 4.165E-007,   132.83, 1.31738E-006,    -9.89, 8.40498E-007,  -129.54,          0,     0.00, 7.44211E-007,   -49.87, 4.16159E-007,   -47.13, 1.31631E-006,   170.14, 8.40498E-007,    50.46,          0,     0.00, 7.43255E-007,   130.10
Line.L_CEI_MT_12496A3294, 6.46917E-009,   -59.74, 1.67897E-009,  -146.31, 7.45058E-009,   -90.00,          0,     0.00, 1.40935E-008,   -82.41, 6.0536E-009,   112.62, 3.29272E-009,    45.00, 5.58794E-009,    90.00,          0,     0.00, 1.35042E-008,    90.00
Line.L_CEI_MT_12497A3295, 5.01533E-009,   111.80, 1.31709E-009,    45.00, 2.63418E-009,   135.00,          0,     0.00, 7.95722E-009,   110.56, 4.165E-009,   -63.43,          0,     0.00, 2.63418E-009,   -45.00,          0,     0.00, 6.71586E-009,   -56.31
Line.L_CEI_MT_12498A3296, 1.31709E-009,   135.00, 5.01533E-009,   -21.80, 3.83994E-009,    75.96,          0,     0.00, 5.4305E-009,    30.96, 1.67897E-009,   -56.31, 3.97861E-009,   159.44, 5.66501E-009,   -99.46,          0,     0.00, 6.71586E-009,  -123.69
Line.L_CEI_MT_12499A6822, 4.00577E-009,   144.46, 3.95127E-009,    45.00, 1.86265E-009,    90.00,          0,     0.00, 7.00042E-009,    93.81, 3.29272E-009,     8.13, 2.79397E-009,   -90.00, 1.86265E-009,   -90.00,          0,     0.00, 5.30936E-009,   -52.13
Line.L_CEI_MT_12500A6823, 1.47255E-009,    71.57, 2.83251E-009,    -9.46, 3.97861E-009,    69.44,          0,     0.00, 6.58545E-009,    45.00, 4.65661E-010,   180.00, 1.39698E-009,    90.00, 2.63418E-009,  -135.00,          0,     0.00, 2.37442E-009,  -168.69
Line.L_CEI_MT_11242A6888,    581.039,   142.37,    581.039,    22.37,    581.039,   -97.63,          0,     0.00, 3.29203E-005,   118.18,    581.039,   -37.63,    581.039,  -157.63,    581.039,    82.37,          0,     0.00, 3.29254E-005,   -61.83
Line.L_CEI_MT_11243A6948,    581.039,   142.37,    581.039,    22.37,    581.039,   -97.63,          0,     0.00, 3.29267E-005,   118.17,    581.039,   -37.63,    581.039,  -157.63,    581.039,    82.37,          0,     0.00, 3.29281E-005,   -61.83
Line.L_CEI_MT_11254A3406,    582.624,   142.36,    582.624,    22.36,    582.624,   -97.64,          0,     0.00, 3.46998E-005,   118.92,    582.624,   -37.64,    582.624,  -157.64,    582.624,    82.36,          0,     0.00, 3.47026E-005,   -61.09
Line.L_CEI_MT_11255A3407,    582.624,   142.36,    582.624,    22.36,    582.624,   -97.64,          0,     0.00, 3.47093E-005,   118.93,    582.624,   -37.64,    582.624,  -157.64,    582.624,    82.36,          0,     0.00, 3.47073E-005,   -61.07
Line.L_CEI_MT_11256A6951,    582.624,   142.36,    582.624,    22.36,    582.624,   -97.64,          0,     0.00, 3.47012E-005,   118.93,    582.624,   -37.64,    582.624,  -157.64,    582.624,    82.36,          0,     0.00, 3.46975E-005,   -61.07
Line.L_CEI_MT_11257A6952,    582.624,   142.36,    582.624,    22.36,    582.624,   -97.64,          0,     0.00, 3.47102E-005,   118.93,    582.624,   -37.64,    582.624,  -157.64,    582.624,    82.36,          0,     0.00, 3.47083E-005,   -61.07
Line.L_CEI_MT_11258A3410,    4.76721,   138.59,    4.76721,    18.59,    4.76721,  -101.41,          0,     0.00, 4.29318E-009,   -49.40,    4.76721,   -41.41,    4.76721,  -161.41,    4.76721,    78.59,          0,     0.00, 6.33368E-009,   126.03
Line.L_CEI_MT_11259A6954,    587.381,   142.33,    587.381,    22.33,    587.381,   -97.67,          0,     0.00, 3.59828E-005,   118.72,    587.381,   -37.67,    587.381,  -157.67,    587.381,    82.33,          0,     0.00, 3.59808E-005,   -61.28
Line.L_CEI_MT_11260A3412,    587.381,   142.33,    587.381,    22.33,    587.381,   -97.67,          0,     0.00, 3.59884E-005,   118.72,    587.381,   -37.67,    587.381,  -157.67,    587.381,    82.33,          0,     0.00, 3.59872E-005,   -61.28
Line.L_CEI_MT_11261A6956,    587.381,   142.33,    587.381,    22.33,    587.381,   -97.67,          0,     0.00, 3.80027E-005,   118.76,    587.381,   -37.67,    587.381,  -157.67,    587.381,    82.33,          0,     0.00, 3.80037E-005,   -61.23
Line.L_CEI_MT_11262A6957, 4.1382E-007,   -47.01, 1.31064E-006,   170.14, 8.38469E-007,    50.43,          0,     0.00, 7.40504E-007,   129.90, 4.13139E-007,   133.08, 1.31272E-006,    -9.91, 8.39609E-007,  -129.46,          0,     0.00, 7.45213E-007,   -50.17
Line.L_CEI_MT_11293A6958,    587.381,   142.33,    587.381,    22.33,    587.381,   -97.67,          0,     0.00, 3.79958E-005,   118.79,    587.381,   -37.67,    587.381,  -157.67,    587.381,    82.33,          0,     0.00, 3.79915E-005,   -61.20
Line.L_CEI_MT_11294A6959,    587.381,   142.33,    587.381,    22.33,    587.381,   -97.67,          0,     0.00, 3.80003E-005,   118.80,    587.381,   -37.67,    587.381,  -157.67,    587.381,    82.33,          0,     0.00, 3.80013E-005,   -61.20
Line.L_CEI_MT_11295A3417,    587.381,   142.33,    587.381,    22.33,    587.381,   -97.67,          0,     0.00, 3.80029E-005,   118.80,    587.381,   -37.67,    587.381,  -157.67,    587.381,    82.33,          0,     0.00, 3.80017E-005,   -61.20
Line.L_CEI_MT_11296A6961,    587.381,   142.33,    587.381,    22.33,    587.381,   -97.67,          0,     0.00, 3.8001E-005,   118.79,    587.381,   -37.67,    587.381,  -157.67,    587.381,    82.33,          0,     0.00, 3.79993E-005,   -61.20
Line.L_CEI_MT_11297A3419,    587.381,   142.33,    587.381,    22.33,    587.381,   -97.67,          0,     0.00, 3.80032E-005,   118.78,    587.381,   -37.67,    587.381,  -157.67,    587.381,    82.33,          0,     0.00, 3.80029E-005,   -61.22
Line.L_CEI_MT_11298A6963,    587.381,   142.33,    587.381,    22.33,    587.381,   -97.67,          0,     0.00, 3.8002E-005,   118.79,    587.381,   -37.67,    587.381,  -157.67,    587.381,    82.33,          0,     0.00, 3.80013E-005,   -61.20
Line.L_CEI_MT_11299A3421,    587.381,   142.33,    587.381,    22.33,    587.381,   -97.67,          0,     0.00, 3.80044E-005,   118.78,    587.381,   -37.67,    587.381,  -157.67,    587.381,    82.33,          0,     0.00, 3.80047E-005,   -61.22
Line.L_CEI_MT_11300A6965,    587.381,   142.33,    587.381,    22.33,    587.381,   -97.67,          0,     0.00, 3.79971E-005,   118.77,    587.381,   -37.67,    587.381,  -157.67,    587.381,    82.33,          0,     0.00, 3.79969E-005,   -61.22
Line.L_CEI_MT_11302A6966, 2.50766E-009,  -111.80, 1.86265E-009,   180.00, 2.0825E-009,  -116.57,          0,     0.00, 5.6073E-009,  -131.63, 1.47255E-009,   108.43, 6.58545E-010,  -135.00, 2.32831E-009,     0.00,          0,     0.00, 1.67897E-009,    33.69
Line.L_CEI_MT_11303A3077, 4.73105E-007,    15.29, 1.30001E-006,  -177.45, 1.15556E-006,    73.23,          0,     0.00, 1.27909E-006,   113.45, 4.72206E-007,  -164.68, 1.29811E-006,     2.51, 1.15529E-006,  -106.73,          0,     0.00, 1.27994E-006,   -66.57
Line.L_CEI_MT_11304A6603, 1.47255E-009,   108.43, 5.20625E-009,    10.30, 3.83994E-009,    75.96,          0,     0.00, 8.23839E-009,    47.29, 1.31709E-009,   -45.00, 6.53587E-009,  -175.91, 1.91997E-009,   -75.96,          0,     0.00, 6.07148E-009,  -147.53
Line.L_CEI_MT_11305A6604, 2.32831E-009,    90.00, 4.29318E-009,    49.40, 4.165E-009,    63.43,          0,     0.00, 1.04125E-008,    63.43, 1.39698E-009,     0.00, 2.32831E-009,  -126.87, 3.75428E-009,   -97.13,          0,     0.00, 5.6073E-009,   -94.76
Line.L_CEI_MT_11306A3080, 3.39007E-009,    74.05, 2.32831E-009,    36.87, 1.39698E-009,     0.00,          0,     0.00, 6.26483E-009,    48.01, 2.83251E-009,   -99.46, 6.58545E-010,   -45.00,          0,     0.00,          0,     0.00, 3.25963E-009,   -90.00
Line.L_CEI_MT_11377A3424,    587.381,   142.33,    587.381,    22.33,    587.381,   -97.67,          0,     0.00, 3.89437E-005,   117.53,    587.381,   -37.67,    587.381,  -157.67,    587.381,    82.33,          0,     0.00, 3.894E-005,   -62.47
Line.L_CEI_MT_11378A6968,    587.381,   -37.67,    587.381,  -157.67,    587.381,    82.33,          0,     0.00, 3.89432E-005,   -62.48,    587.381,   142.33,    587.381,    22.33,    587.381,   -97.67,          0,     0.00, 3.89441E-005,   117.53
Line.L_CEI_MT_11379A3426,    587.381,   142.33,    587.381,    22.33,    587.381,   -97.67,          0,     0.00, 3.89442E-005,   117.53,    587.381,   -37.67,    587.381,  -157.67,    587.381,    82.33,          0,     0.00, 3.89446E-005,   -62.47
Line.L_CEI_MT_11380A3427,    587.381,   142.33,    587.381,    22.33,    587.381,   -97.67,          0,     0.00, 3.89474E-005,   117.55,    587.381,   -37.67,    587.381,  -157.67,    587.381,    82.33,          0,     0.00, 3.89474E-005,   -62.46
Line.L_CEI_MT_11381A3428, 4.65661E-010,   180.00, 6.58545E-010,   -45.00, 3.83994E-009,  -104.04,          0,     0.00, 4.29318E-009,  -102.53, 9.31323E-010,    90.00, 2.63418E-009,   135.00, 4.65661E-010,   180.00,          0,     0.00, 3.63693E-009,   129.81
Line.L_CEI_MT_11382A3429, 4.15411E-007,   -46.77, 1.31523E-006,   170.17, 8.39905E-007,    50.51,          0,     0.00, 7.43427E-007,   129.94, 4.15092E-007,   133.18, 1.31285E-006,    -9.82, 8.40498E-007,  -129.54,          0,     0.00, 7.41278E-007,   -50.20
Line.L_CEI_MT_11483A6973,          0,     0.00, 1.31709E-009,  -135.00, 1.91997E-009,   -75.96,          0,     0.00, 2.83251E-009,   -99.46, 9.31323E-010,    90.00, 3.75428E-009,    -7.13, 9.31323E-010,   180.00,          0,     0.00, 2.83251E-009,     9.46
Line.L_CEI_MT_11484A6929, 6.58545E-010,  -135.00, 1.47255E-009,   -71.57, 1.39698E-009,   180.00,          0,     0.00, 2.32831E-009,  -126.87, 1.04125E-009,    63.43, 2.50766E-009,    21.80, 9.31323E-010,     0.00,          0,     0.00, 4.165E-009,    26.57
Line.L_CEI_MT_11485A6974,    587.381,   -37.67,    587.381,  -157.67,    587.381,    82.33,          0,     0.00, 3.96785E-005,   -62.23,    587.381,   142.33,    587.381,    22.33,    587.381,   -97.67,          0,     0.00, 3.96778E-005,   117.77
Line.L_CEI_MT_11486A3432,    587.381,   142.33,    587.381,    22.33,    587.381,   -97.67,          0,     0.00, 3.96796E-005,   117.77,    587.381,   -37.67,    587.381,  -157.67,    587.381,    82.33,          0,     0.00, 3.96822E-005,   -62.22
Line.L_CEI_MT_11487A3433,    587.381,   -37.67,    587.381,  -157.67,    587.381,    82.33,          0,     0.00, 3.96857E-005,   -62.21,    587.381,   142.33,    587.381,    22.33,    587.381,   -97.67,          0,     0.00, 3.96828E-005,   117.79
Line.L_CEI_MT_11488A3434,    587.381,   142.33,    587.381,    22.33,    587.381,   -97.67,          0,     0.00, 3.96799E-005,   117.78,    587.381,   -37.67,    587.381,  -157.67,    587.381,    82.33,          0,     0.00, 3.96805E-005,   -62.22
Line.L_CEI_MT_11489A3435,    587.381,   142.33,    587.381,    22.33,    587.381,   -97.67,          0,     0.00, 3.96775E-005,   117.77,    587.381,   -37.67,    587.381,  -157.67,    587.381,    82.33,          0,     0.00, 3.96817E-005,   -62.23
Line.L_CEI_MT_11490A6979,    587.381,   142.33,    587.381,    22.33,    587.381,   -97.67,          0,     0.00, 3.96782E-005,   117.79,    587.381,   -37.67,    587.381,  -157.67,    587.381,    82.33,          0,     0.00, 3.96807E-005,   -62.21
Line.L_CEI_MT_11491A3081,    587.381,   142.33,    587.381,    22.33,    587.381,   -97.67,          0,     0.00, 3.96791E-005,   117.79,    587.381,   -37.67,    587.381,  -157.67,    587.381,    82.33,          0,     0.00, 3.96779E-005,   -62.20
Line.L_CEI_MT_11492A3082,    587.381,   142.33,    587.381,    22.33,    587.381,   -97.67,          0,     0.00, 3.9677E-005,   117.81,    587.381,   -37.67,    587.381,  -157.67,    587.381,    82.33,          0,     0.00, 3.96774E-005,   -62.20
Line.L_CEI_MT_11493A6608,    587.381,   142.33,    587.381,    22.33,    587.381,   -97.67,          0,     0.00, 3.96747E-005,   117.81,    587.381,   -37.67,    587.381,  -157.67,    587.381,    82.33,          0,     0.00, 3.96766E-005,   -62.19
Line.L_CEI_MT_11494A6609,    4.78036,   -41.43,    4.78036,  -161.43,    4.78036,    78.57,          0,     0.00, 4.165E-009,   153.43,    4.78036,   138.57,    4.78036,    18.57,    4.78036,  -101.43,          0,     0.00, 4.86165E-009,   -16.70
Line.L_CEI_MT_11495A6610,    592.151,   142.30,    592.151,    22.30,    592.151,   -97.70,          0,     0.00, 4.0956E-005,   117.65,    592.151,   -37.70,    592.151,  -157.70,    592.151,    82.30,          0,     0.00, 4.09585E-005,   -62.35
Line.L_CEI_MT_11496A6611,    592.151,   -37.70,    592.151,  -157.70,    592.151,    82.30,          0,     0.00, 4.09566E-005,   -62.33,    592.151,   142.30,    592.151,    22.30,    592.151,   -97.70,          0,     0.00, 4.09548E-005,   117.67
Line.L_CEI_MT_11497A6612,    592.151,   142.30,    592.151,    22.30,    592.151,   -97.70,          0,     0.00, 4.09557E-005,   117.67,    592.151,   -37.70,    592.151,  -157.70,    592.151,    82.30,          0,     0.00, 4.09563E-005,   -62.33
Line.L_CEI_MT_11498A6613,    600.104,   142.25,    600.104,    22.25,    600.104,   -97.75,          0,     0.00, 4.15674E-005,   118.93,    600.104,   -37.75,    600.104,  -157.75,    600.104,    82.25,          0,     0.00, 4.15719E-005,   -61.07
Line.L_CEI_MT_11499A6614,    600.104,   142.25,    600.104,    22.25,    600.104,   -97.75,          0,     0.00, 4.15747E-005,   118.94,    600.104,   -37.75,    600.104,  -157.75,    600.104,    82.25,          0,     0.00, 4.1575E-005,   -61.06
Line.L_CEI_MT_11500A6615,    600.104,   142.25,    600.104,    22.25,    600.104,   -97.75,          0,     0.00, 4.15762E-005,   118.95,    600.104,   -37.75,    600.104,  -157.75,    600.104,    82.25,          0,     0.00, 4.1577E-005,   -61.05
Line.L_CEI_MT_11501A6616,    600.104,   142.25,    600.104,    22.25,    600.104,   -97.75,          0,     0.00, 4.15724E-005,   118.95,    600.104,   -37.75,    600.104,  -157.75,    600.104,    82.25,          0,     0.00, 4.15719E-005,   -61.06
Line.L_CEI_MT_11502A6617,    600.104,   142.25,    600.104,    22.25,    600.104,   -97.75,          0,     0.00, 4.15791E-005,   118.95,    600.104,   -37.75,    600.104,  -157.75,    600.104,    82.25,          0,     0.00, 4.15808E-005,   -61.04
Line.L_CEI_MT_11503A6618,    600.104,   142.25,    600.104,    22.25,    600.104,   -97.75,          0,     0.00, 4.15736E-005,   118.96,    600.104,   -37.75,    600.104,  -157.75,    600.104,    82.25,          0,     0.00, 4.15741E-005,   -61.04
Line.L_CEI_MT_11504A6930,    7.97564,   -41.44,    7.97564,  -161.44,    7.97564,    78.56,          0,     0.00, 9.86719E-009,   109.29,    7.97564,   138.56,    7.97564,    18.56,    7.97564,  -101.44,          0,     0.00, 4.29318E-009,   -49.40
Line.L_CEI_MT_11505A6619,    7.97564,   138.56,    7.97564,    18.56,    7.97564,  -101.44,          0,     0.00, 1.40935E-008,   -82.41,    7.97564,   -41.44,    7.97564,  -161.44,    7.97564,    78.56,          0,     0.00, 1.56188E-008,   100.30
Line.L_CEI_MT_11506A6620,    7.97564,   138.56,    7.97564,    18.56,    7.97564,  -101.44,          0,     0.00, 8.39483E-009,   -70.56,    7.97564,   -41.44,    7.97564,  -161.44,    7.97564,    78.56,          0,     0.00, 9.18428E-009,   120.47
Line.L_CEI_MT_11507A3096,    7.97564,   138.56,    7.97564,    18.56,    7.97564,  -101.44,          0,     0.00, 4.19095E-009,   -90.00,    7.97564,   -41.44,    7.97564,  -161.44,    7.97564,    78.56,          0,     0.00, 8.43348E-009,    96.34
Line.L_CEI_MT_11510A6622,     86.128,   -41.44,     86.128,  -161.44,    86.1279,    78.56,          0,     0.00, 9.93627E-006,  -108.20,     86.128,   138.56,     86.128,    18.56,    86.1279,  -101.44,          0,     0.00, 9.93523E-006,    71.80
Line.L_CEI_MT_11511A3098,     86.128,   138.56,     86.128,    18.56,    86.1279,  -101.44,          0,     0.00, 9.93837E-006,    71.85,     86.128,   -41.44,     86.128,  -161.44,    86.1279,    78.56,          0,     0.00, 9.93985E-006,  -108.14
Line.L_CEI_MT_11512A6624,     102.08,   138.56,     102.08,    18.56,     102.08,  -101.44,          0,     0.00, 1.00085E-005,    67.19,     102.08,   -41.44,     102.08,  -161.44,     102.08,    78.56,          0,     0.00, 1.00101E-005,  -112.82
Line.L_CEI_MT_11513A6625,    7.97565,   -41.44,    7.97565,  -161.44,    7.97565,    78.56,          0,     0.00, 1.36955E-008,   107.82,    7.97565,   138.56,    7.97565,    18.56,    7.97565,  -101.44,          0,     0.00, 1.49955E-008,   -53.84
Line.L_CEI_MT_11514A6626,    7.97565,   -41.44,    7.97565,  -161.44,    7.97565,    78.56,          0,     0.00, 1.17251E-008,    96.84,    7.97565,   138.56,    7.97565,    18.56,    7.97565,  -101.44,          0,     0.00, 8.5484E-009,   -60.64
Line.L_CEI_MT_11515A3102,    7.97565,   -41.44,    7.97565,  -161.44,    7.97565,    78.56,          0,     0.00, 1.1501E-008,   121.76,    7.97565,   138.56,    7.97565,    18.56,    7.97565,  -101.44,          0,     0.00, 1.31873E-008,   -47.86
Line.L_CEI_MT_11516A6628,    7.97565,   -41.44,    7.97565,  -161.44,    7.97565,    78.56,          0,     0.00, 4.79428E-009,    60.95,    7.97565,   138.56,    7.97565,    18.56,    7.97565,  -101.44,          0,     0.00, 4.39304E-009,  -122.01
Line.L_CEI_MT_11523A6629,    65.3915,   -41.44,    65.3915,  -161.44,    65.3915,    78.56,          0,     0.00, 4.91194E-006,  -112.84,    65.3915,   138.56,    65.3915,    18.56,    65.3915,  -101.44,          0,     0.00, 4.91108E-006,    67.15
Line.L_CEI_MT_11524A3105,    52.6317,   -41.44,    52.6317,  -161.44,    52.6317,    78.56,          0,     0.00, 3.74692E-006,  -102.29,    52.6317,   138.56,    52.6317,    18.56,    52.6317,  -101.44,          0,     0.00, 3.74257E-006,    77.68
Line.L_CEI_MT_11525A3106,    52.6317,   -41.44,    52.6317,  -161.44,    52.6317,    78.56,          0,     0.00, 3.74948E-006,  -102.37,    52.6317,   138.56,    52.6317,    18.56,    52.6317,  -101.44,          0,     0.00, 3.74968E-006,    77.62
Line.L_CEI_MT_11526A3107,     102.08,   138.56,     102.08,    18.56,     102.08,  -101.44,          0,     0.00, 1.12638E-005,    68.16,     102.08,   -41.44,     102.08,  -161.44,     102.08,    78.56,          0,     0.00, 1.12637E-005,  -111.84
Line.L_CEI_MT_11527A6633,    600.104,   -37.75,    600.104,  -157.75,    600.104,    82.25,          0,     0.00, 4.15758E-005,   -61.04,    600.104,   142.25,    600.104,    22.25,    600.104,   -97.75,          0,     0.00, 4.15762E-005,   118.96
Line.L_CEI_MT_11528A6634,    65.3915,   -41.44,    65.3915,  -161.44,    65.3915,    78.56,          0,     0.00, 4.90998E-006,  -112.86,    65.3915,   138.56,    65.3915,    18.56,    65.3915,  -101.44,          0,     0.00, 4.91235E-006,    67.12
Line.L_CEI_MT_11529A3110,    70.1767,   -41.44,    70.1767,  -161.44,    70.1767,    78.56,          0,     0.00, 7.41534E-006,  -109.69,    70.1767,   138.56,    70.1767,    18.56,    70.1767,  -101.44,          0,     0.00, 7.41471E-006,    70.32
Line.L_CEI_MT_11530A3111,    4.78514,   -41.44,    4.78514,  -161.44,    4.78514,    78.56,          0,     0.00, 2.0825E-009,  -116.57,    4.78514,   138.56,    4.78514,    18.56,    4.78514,  -101.44,          0,     0.00, 1.86265E-009,   -90.00
Line.L_CEI_MT_11531A3112,    4.78514,   -41.44,    4.78514,  -161.44,    4.78514,    78.56,          0,     0.00, 1.09009E-008,    70.02,    4.78514,   138.56,    4.78514,    18.56,    4.78514,  -101.44,          0,     0.00, 7.50856E-009,  -119.74
Line.L_CEI_MT_11532A6638,    4.78514,   -41.44,    4.78514,  -161.44,    4.78514,    78.56,          0,     0.00, 3.75428E-009,    60.26,    4.78514,   138.56,    4.78514,    18.56,    4.78514,  -101.44,          0,     0.00, 6.2475E-009,  -153.43
Line.L_CEI_MT_11533A3114,    4.78514,   -41.44,    4.78514,  -161.44,    4.78514,    78.56,          0,     0.00, 1.02551E-008,    50.53,    4.78514,   138.56,    4.78514,    18.56,    4.78514,  -101.44,          0,     0.00, 1.31709E-008,  -135.00
Line.L_CEI_MT_11534A3115,    4.78514,   -41.44,    4.78514,  -161.44,    4.78514,    78.56,          0,     0.00, 1.26552E-006,  -103.64,    4.78514,   138.56,    4.78514,    18.56,    4.78514,  -101.44,          0,     0.00, 1.26032E-006,    76.34
Line.L_CEI_MT_11535A6641,    4.78514,   -41.44,    4.78514,  -161.44,    4.78514,    78.56,          0,     0.00, 1.26962E-006,  -103.42,    4.78514,   138.56,    4.78514,    18.56,    4.78514,  -101.44,          0,     0.00, 1.27098E-006,    76.59
Line.L_CEI_MT_11536A3117, 1.76121E-007,   -71.18, 8.10857E-007,   131.51, 1.11268E-006,    45.63,          0,     0.00, 1.27118E-006,    76.46, 1.77444E-007,   108.67, 8.08228E-007,   -48.50, 1.112E-006,  -134.47,          0,     0.00, 1.26686E-006,  -103.71
Line.L_CEI_MT_11537A6643, 1.77153E-007,   -71.14, 8.09234E-007,   131.48, 1.11167E-006,    45.54,          0,     0.00, 1.26811E-006,    76.32, 1.78771E-007,   108.06, 8.06954E-007,   -48.56, 1.10967E-006,  -134.63,          0,     0.00, 1.26109E-006,  -103.80
Line.L_CEI_MT_11538A6644, 4.39304E-009,   -57.99, 1.86265E-009,   -90.00, 4.165E-009,   -63.43,          0,     0.00, 1.02127E-008,   -65.77, 4.65661E-009,    90.00, 2.32831E-009,    90.00, 4.165E-009,   116.57,          0,     0.00, 1.0871E-008,    99.87
Line.L_CEI_MT_11539A3120, 2.32831E-009,   -53.13, 3.29272E-009,   171.87, 3.72529E-009,   -90.00,          0,     0.00, 5.45043E-009,  -109.98, 3.95127E-009,   135.00, 3.75428E-009,    -7.13, 3.72529E-009,    90.00,          0,     0.00, 6.12482E-009,    81.25
Line.L_CEI_MT_11540A3121, 3.29272E-009,  -171.87, 2.50766E-009,   158.20, 2.0825E-009,  -116.57,          0,     0.00, 6.66725E-009,  -167.91, 2.98169E-009,    38.66, 3.54637E-009,    23.20, 2.63418E-009,    45.00,          0,     0.00, 9.04151E-009,    34.51
Line.L_CEI_MT_11541A6647, 1.04125E-009,   116.57, 1.97563E-009,  -135.00, 9.31323E-010,   180.00,          0,     0.00, 2.83251E-009,  -170.54, 1.04125E-009,   -63.43, 2.50766E-009,    21.80, 3.35793E-009,    33.69,          0,     0.00, 5.8902E-009,    18.43
Line.L_CEI_MT_11542A6648,    7.97491,   -41.44,    7.97491,  -161.44,    7.97491,    78.56,          0,     0.00, 1.15668E-008,   130.10,    7.97491,   138.56,    7.97491,    18.56,    7.97491,  -101.44,          0,     0.00, 1.02127E-008,   -43.15
Line.L_CEI_MT_11543A3124,    7.97491,   -41.44,    7.97491,  -161.44,    7.97491,    78.56,          0,     0.00, 1.04644E-008,   110.85,    7.97491,   138.56,    7.97491,    18.56,    7.97491,  -101.44,          0,     0.00, 9.72329E-009,   -73.30
Line.L_CEI_MT_11544A6650,    7.97491,   -41.44,    7.97491,  -161.44,    7.97491,    78.56,          0,     0.00, 1.27186E-008,   113.75,    7.97491,   138.56,    7.97491,    18.56,    7.97491,  -101.44,          0,     0.00, 8.95717E-009,   -62.10
Line.L_CEI_MT_11545A6651,    7.97491,   -41.44,    7.97491,  -161.44,    7.97491,    78.56,          0,     0.00, 1.03394E-008,    97.77,    7.97491,   138.56,    7.97491,    18.56,    7.97491,  -101.44,          0,     0.00, 9.49766E-009,  -101.31
Line.L_CEI_MT_11546A3127,     7.9749,   -41.44,    7.97491,  -161.44,    7.97491,    78.56,          0,     0.00, 9.07747E-007,   155.87,     7.9749,   138.56,    7.97491,    18.56,    7.97491,  -101.44,          0,     0.00, 9.05665E-007,   -23.84
Line.L_CEI_MT_11547A6653,    4.78496,   138.56,    4.78496,    18.56,    4.78496,  -101.44,          0,     0.00, 1.26093E-006,    76.59,    4.78496,   -41.44,    4.78496,  -161.44,    4.78496,    78.56,          0,     0.00, 1.26115E-006,  -103.45
Line.L_CEI_MT_11548A3129,    4.78496,   138.56,    4.78496,    18.56,    4.78496,  -101.44,          0,     0.00, 7.91624E-009,  -151.93,    4.78496,   -41.44,    4.78496,  -161.44,    4.78496,    78.56,          0,     0.00, 5.62661E-009,    24.44
Line.L_CEI_MT_11549A3130,    4.78496,   138.56,    4.78496,    18.56,    4.78496,  -101.44,          0,     0.00, 4.74883E-009,  -168.69,    4.78496,   -41.44,    4.78496,  -161.44,    4.78496,    78.56,          0,     0.00, 2.0825E-009,    26.57
Line.L_CEI_MT_11550A3131,    4.78496,   138.56,    4.78496,    18.56,    4.78496,  -101.44,          0,     0.00, 1.00738E-008,  -146.31,    4.78496,   -41.44,    4.78496,  -161.44,    4.78496,    78.56,          0,     0.00, 9.18428E-009,    59.53
Line.L_CEI_MT_11551A6657,    4.78496,   138.56,    4.78496,    18.56,    4.78496,  -101.44,          0,     0.00, 3.12375E-009,   -26.57,    4.78496,   -41.44,    4.78496,  -161.44,    4.78496,    78.56,          0,     0.00, 4.29318E-009,   102.53
Line.L_CEI_MT_11552A6658,    4.78477,   138.56,    4.78477,    18.56,    4.78477,  -101.44,          0,     0.00, 9.55457E-009,   -46.97,    4.78477,   -41.44,    4.78477,  -161.44,    4.78477,    78.56,          0,     0.00, 9.55457E-009,   133.03
Line.L_CEI_MT_11553A6659,    4.78477,   138.56,    4.78477,    18.56,    4.78477,  -101.44,          0,     0.00, 4.00577E-009,   125.54,    4.78477,   -41.44,    4.78477,  -161.44,    4.78477,    78.56,          0,     0.00, 5.01533E-009,   -68.20
Line.L_CEI_MT_11554A6660,    4.78477,   138.56,    4.78477,    18.56,    4.78477,  -101.44,          0,     0.00, 6.46917E-009,  -120.26,    4.78477,   -41.44,    4.78477,  -161.44,    4.78477,    78.56,          0,     0.00, 3.75428E-009,    97.13
Line.L_CEI_MT_11555A6661,    4.78477,   138.56,    4.78477,    18.56,    4.78477,  -101.44,          0,     0.00, 1.33182E-008,  -126.47,    4.78477,   -41.44,    4.78477,  -161.44,    4.78477,    78.56,          0,     0.00, 9.87817E-009,    45.00
Line.L_CEI_MT_11556A3137,    4.78477,   138.56,    4.78477,    18.56,    4.78477,  -101.44,          0,     0.00, 1.46947E-006,     9.65,    4.78477,   -41.44,    4.78477,  -161.44,    4.78477,    78.56,          0,     0.00, 1.46695E-006,  -170.28
Line.L_CEI_MT_11557A6663,    7.97458,   -41.44,    7.97458,  -161.44,    7.97458,    78.56,          0,     0.00, 1.26177E-006,  -103.84,    7.97458,   138.56,    7.97458,    18.56,    7.97458,  -101.44,          0,     0.00, 1.2647E-006,    76.15
Line.L_CEI_MT_11558A3139,    7.97458,   -41.44,    7.97458,  -161.44,    7.97458,    78.56,          0,     0.00, 1.16415E-008,    90.00,    7.97458,   138.56,    7.97458,    18.56,    7.97458,  -101.44,          0,     0.00, 7.67988E-009,   -75.96
Line.L_CEI_MT_11559A3140,    7.97458,   -41.44,    7.97458,  -161.44,    7.97458,    78.56,          0,     0.00, 1.21072E-008,    90.00,    7.97458,   138.56,    7.97458,    18.56,    7.97458,  -101.44,          0,     0.00, 8.43348E-009,   -83.66
Line.L_CEI_MT_11560A3141,    7.97458,   -41.44,    7.97458,  -161.44,    7.97458,    78.56,          0,     0.00, 1.07506E-008,    85.03,    7.97458,   138.56,    7.97458,    18.56,    7.97458,  -101.44,          0,     0.00, 9.82314E-009,   -95.44
Line.L_CEI_MT_11561A6667,    7.97458,   -41.44,    7.97458,  -161.44,    7.97458,    78.56,          0,     0.00, 1.22938E-008,   155.38,    7.97458,   138.56,    7.97458,    18.56,    7.97458,  -101.44,          0,     0.00, 1.27101E-008,   -28.44
Line.L_CEI_MT_11564A3143,    23.9232,   -41.44,    23.9232,  -161.44,    23.9232,    78.56,          0,     0.00, 2.40022E-006,   -66.78,    23.9232,   138.56,    23.9232,    18.56,    23.9232,  -101.44,          0,     0.00, 2.40077E-006,   113.16
Line.L_CEI_MT_11565A3144,    23.9232,   -41.44,    23.9232,  -161.44,    23.9232,    78.56,          0,     0.00, 2.39888E-006,   -66.83,    23.9232,   138.56,    23.9232,    18.56,    23.9232,  -101.44,          0,     0.00, 2.39833E-006,   113.14
Line.L_CEI_MT_11566A6670,    39.8723,   -41.44,    39.8723,  -161.44,    39.8723,    78.56,          0,     0.00, 2.37534E-006,   -66.93,    39.8723,   138.56,    39.8723,    18.56,    39.8723,  -101.44,          0,     0.00, 2.37736E-006,   113.10
Line.L_CEI_MT_11567A3146,    39.8723,   138.56,    39.8723,    18.56,    39.8723,  -101.44,          0,     0.00, 2.38218E-006,   113.26,    39.8723,   -41.44,    39.8723,  -161.44,    39.8723,    78.56,          0,     0.00, 2.38053E-006,   -66.75
Line.L_CEI_MT_11568A6672,    52.6317,   138.56,    52.6317,    18.56,    52.6317,  -101.44,          0,     0.00, 3.74438E-006,    77.62,    52.6317,   -41.44,    52.6317,  -161.44,    52.6317,    78.56,          0,     0.00, 3.74503E-006,  -102.39
Line.L_CEI_MT_11569A3148,    4.78477,   138.56,    4.78477,    18.56,    4.78477,  -101.44,          0,     0.00, 1.46627E-006,     9.78,    4.78477,   -41.44,    4.78477,  -161.44,    4.78477,    78.56,          0,     0.00, 1.4665E-006,  -170.16
Line.L_CEI_MT_11570A6674,    7.97458,   -41.44,    7.97458,  -161.44,    7.97458,    78.56,          0,     0.00, 1.2638E-006,  -103.86,    7.97458,   138.56,    7.97458,    18.56,    7.97458,  -101.44,          0,     0.00, 1.26516E-006,    76.16
Line.L_CEI_MT_11571A6675,    4.78496,   -41.44,    4.78496,  -161.44,    4.78496,    78.56,          0,     0.00, 1.26609E-006,  -103.57,    4.78496,   138.56,    4.78496,    18.56,    4.78496,  -101.44,          0,     0.00, 1.26653E-006,    76.35
Line.L_CEI_MT_11572A3151,     7.9749,   138.56,    7.97491,    18.56,    7.97491,  -101.44,          0,     0.00, 9.10779E-007,   -23.69,     7.9749,   -41.44,    7.97491,  -161.44,    7.97491,    78.56,          0,     0.00, 9.10677E-007,   156.17
Line.L_CEI_MT_11573A3152,    65.3915,   -41.44,    65.3915,  -161.44,    65.3915,    78.56,          0,     0.00, 4.91223E-006,  -112.87,    65.3915,   138.56,    65.3915,    18.56,    65.3915,  -101.44,          0,     0.00, 4.91339E-006,    67.12
Line.L_CEI_MT_11574A6678,    52.6317,   -41.44,    52.6317,  -161.44,    52.6317,    78.56,          0,     0.00, 3.74502E-006,  -102.23,    52.6317,   138.56,    52.6317,    18.56,    52.6317,  -101.44,          0,     0.00, 3.74354E-006,    77.71
Line.L_CEI_MT_11585A3437,    7.99035,   138.55,    7.99035,    18.55,    7.99035,  -101.45,          0,     0.00, 1.59144E-008,   -69.44,    7.99035,   -41.45,    7.99035,  -161.45,    7.99035,    78.55,          0,     0.00, 1.35363E-008,   116.57
Line.L_CEI_MT_11586A6981,    463.412,   138.56,    463.412,    18.56,    463.412,  -101.44,          0,     0.00, 4.74085E-005,   103.36,    463.412,   -41.44,    463.412,  -161.44,    463.412,    78.56,          0,     0.00, 4.74065E-005,   -76.63
Line.L_CEI_MT_11587A6982,    463.412,   138.56,    463.412,    18.56,    463.412,  -101.44,          0,     0.00, 4.62726E-005,   104.08,    463.412,   -41.44,    463.412,  -161.44,    463.412,    78.56,          0,     0.00, 4.62698E-005,   -75.91
Line.L_CEI_MT_11588A6983,    4.79334,   138.55,    4.79334,    18.55,    4.79334,  -101.45,          0,     0.00, 1.26505E-006,    76.27,    4.79334,   -41.45,    4.79334,  -161.45,    4.79334,    78.55,          0,     0.00, 1.2645E-006,  -103.63
Line.L_CEI_MT_11589A6984,    4.79334,   138.55,    4.79334,    18.55,    4.79334,  -101.45,          0,     0.00, 1.26799E-006,    76.25,    4.79334,   -41.45,    4.79334,  -161.45,    4.79334,    78.55,          0,     0.00, 1.27014E-006,  -103.70
Line.L_CEI_MT_11590A6985,    4.79334,   138.55,    4.79334,    18.55,    4.79334,  -101.45,          0,     0.00, 1.2704E-006,    76.52,    4.79334,   -41.45,    4.79334,  -161.45,    4.79334,    78.55,          0,     0.00, 1.27051E-006,  -103.50
Line.L_CEI_MT_11591A6986,    4.79334,   138.55,    4.79334,    18.55,    4.79334,  -101.45,          0,     0.00, 1.27465E-006,    76.26,    4.79334,   -41.45,    4.79334,  -161.45,    4.79334,    78.55,          0,     0.00, 1.27261E-006,  -103.80
Line.L_CEI_MT_11592A6987,    4.79334,   138.55,    4.79334,    18.55,    4.79334,  -101.45,          0,     0.00, 5.68412E-009,  -145.01,    4.79334,   -41.45,    4.79334,  -161.45,    4.79334,    78.55,          0,     0.00, 4.39304E-009,    32.01
Line.L_CEI_MT_11593A3445,    4.79334,   138.55,    4.79334,    18.55,    4.79334,  -101.45,          0,     0.00, 1.0871E-008,   -80.13,    4.79334,   -41.45,    4.79334,  -161.45,    4.79334,    78.55,          0,     0.00, 9.27824E-009,   107.53
Line.L_CEI_MT_11594A3154,    458.618,   -41.44,    458.618,  -161.44,    458.618,    78.56,          0,     0.00, 4.5157E-005,   -75.17,    458.618,   138.56,    458.618,    18.56,    458.618,  -101.44,          0,     0.00, 4.51588E-005,   104.83
Line.L_CEI_MT_52320AA3515,    7.97565,   -41.44,    7.97565,  -161.44,    7.97565,    78.56,          0,     0.00, 1.26177E-006,  -103.84,    7.97565,   138.56,    7.97565,    18.56,    7.97565,  -101.44,          0,     0.00, 1.26684E-006,    76.03
Line.L_CEI_MT_12777A3310, 4.21674E-009,   -83.66, 2.37442E-009,  -168.69, 3.83994E-009,  -104.04,          0,     0.00, 8.8353E-009,  -108.43, 4.19095E-009,    90.00, 3.75428E-009,     7.13, 3.72529E-009,    90.00,          0,     0.00, 9.17246E-009,    66.04
Line.L_CEI_MT_12778A3311,    7.98147,   138.56,    7.98147,    18.56,    7.98147,  -101.44,          0,     0.00, 1.2673E-006,    75.77,    7.98147,   -41.44,    7.98147,  -161.44,    7.98147,    78.56,          0,     0.00, 1.26911E-006,  -104.21
Line.L_CEI_MT_12779A6837,    7.98147,   -41.44,    7.98147,  -161.44,    7.98147,    78.56,          0,     0.00, 1.26651E-006,  -104.26,    7.98147,   138.56,    7.98147,    18.56,    7.98147,  -101.44,          0,     0.00, 1.26786E-006,    75.84
Line.L_CEI_MT_12780A3313,    7.98147,   -41.44,    7.98147,  -161.44,    7.98147,    78.56,          0,     0.00, 1.17528E-008,   123.69,    7.98147,   138.56,    7.98147,    18.56,    7.98147,  -101.44,          0,     0.00, 1.01702E-008,   -74.05
Line.L_CEI_MT_12781A3314,    7.98147,   -41.44,    7.98147,  -161.44,    7.98147,    78.56,          0,     0.00, 1.60231E-008,   125.54,    7.98147,   138.56,    7.98147,    18.56,    7.98147,  -101.44,          0,     0.00, 1.55073E-008,   -48.65
Line.L_CEI_MT_12783A6840,    7.98147,   -41.44,    7.98147,  -161.44,    7.98147,    78.56,          0,     0.00, 1.26967E-006,  -104.22,    7.98147,   138.56,    7.98147,    18.56,    7.98147,  -101.44,          0,     0.00, 1.2673E-006,    75.86
Line.L_CEI_MT_12784A6841,    7.98147,   138.56,    7.98147,    18.56,    7.98147,  -101.44,          0,     0.00, 1.26854E-006,    75.89,    7.98147,   -41.44,    7.98147,  -161.44,    7.98147,    78.56,          0,     0.00, 1.26776E-006,  -104.31
Line.L_CEI_MT_12785A6842,    7.98147,   138.56,    7.98147,    18.56,    7.98147,  -101.44,          0,     0.00, 8.74898E-009,   -64.80,    7.98147,   -41.44,    7.98147,  -161.44,    7.98147,    78.56,          0,     0.00, 1.04644E-008,   110.85
Line.L_CEI_MT_12786A6843,    7.98147,   -41.44,    7.98147,  -161.44,    7.98147,    78.56,          0,     0.00, 1.60231E-008,   125.54,    7.98147,   138.56,    7.98147,    18.56,    7.98147,  -101.44,          0,     0.00, 1.55073E-008,   -48.65
Line.L_CEI_MT_12787A6844,    15.9629,   138.56,    15.9629,    18.56,    15.9629,  -101.44,          0,     0.00, 2.52997E-006,    75.80,    15.9629,   -41.44,    15.9629,  -161.44,    15.9629,    78.56,          0,     0.00, 2.53246E-006,  -104.25
Line.L_CEI_MT_12788A3320,    15.9629,   138.56,    15.9629,    18.56,    15.9629,  -101.44,          0,     0.00, 2.51799E-006,    75.88,    15.9629,   -41.44,    15.9629,  -161.44,    15.9629,    78.56,          0,     0.00, 2.51821E-006,  -104.14
Line.L_CEI_MT_12789A6846,    15.9629,   -41.44,    15.9629,  -161.44,    15.9629,    78.56,          0,     0.00, 2.51889E-006,  -104.07,    15.9629,   138.56,    15.9629,    18.56,    15.9629,  -101.44,          0,     0.00, 2.51754E-006,    75.88
Line.L_CEI_MT_12790A3322,     31.926,   -41.44,     31.926,  -161.44,     31.926,    78.56,          0,     0.00, 3.89505E-006,  -117.06,     31.926,   138.56,     31.926,    18.56,     31.926,  -101.44,          0,     0.00, 3.89714E-006,    62.93
Line.L_CEI_MT_12791A6848,     31.926,   138.56,     31.926,    18.56,     31.926,  -101.44,          0,     0.00, 3.88713E-006,    62.94,     31.926,   -41.44,     31.926,  -161.44,     31.926,    78.56,          0,     0.00, 3.88712E-006,  -117.04
Line.L_CEI_MT_12792A3324,     31.926,   138.56,     31.926,    18.56,     31.926,  -101.44,          0,     0.00, 3.88464E-006,    62.93,     31.926,   -41.44,     31.926,  -161.44,     31.926,    78.56,          0,     0.00, 3.88505E-006,  -117.06
Line.L_CEI_MT_12793A3325,    7.98156,   138.56,    7.98156,    18.56,    7.98155,  -101.44,          0,     0.00, 1.26165E-006,    75.84,    7.98156,   -41.44,    7.98156,  -161.44,    7.98155,    78.56,          0,     0.00, 1.2603E-006,  -104.18
Line.L_CEI_MT_12794A6851,    7.98156,   138.56,    7.98156,    18.56,    7.98156,  -101.44,          0,     0.00, 1.04644E-008,   -69.15,    7.98156,   -41.44,    7.98156,  -161.44,    7.98156,    78.56,          0,     0.00, 1.12532E-008,   114.44
Line.L_CEI_MT_12795A3327,    7.98156,   -41.44,    7.98156,  -161.44,    7.98156,    78.56,          0,     0.00, 1.05058E-008,   102.80,    7.98156,   138.56,    7.98156,    18.56,    7.98156,  -101.44,          0,     0.00, 9.14879E-009,   -75.26
Line.L_CEI_MT_12796A6853,    7.98155,   -41.44,    7.98155,  -161.44,    7.98155,    78.56,          0,     0.00, 8.71667E-007,   165.96,    7.98155,   138.56,    7.98155,    18.56,    7.98155,  -101.44,          0,     0.00, 8.73477E-007,   -13.88
Line.L_CEI_MT_12797A3329,    7.98156,   -41.44,    7.98156,  -161.44,    7.98156,    78.56,          0,     0.00, 9.82314E-009,    95.44,    7.98156,   138.56,    7.98156,    18.56,    7.98156,  -101.44,          0,     0.00, 9.9547E-009,   -79.22
Line.L_CEI_MT_12798A3330,    7.98156,   -41.44,    7.98156,  -161.44,    7.98156,    78.56,          0,     0.00, 1.56534E-008,   120.38,    7.98156,   138.56,    7.98156,    18.56,    7.98156,  -101.44,          0,     0.00, 1.52037E-008,   -62.65
Line.L_CEI_MT_12799A3331,    7.98175,   -41.44,    7.98175,  -161.44,    7.98175,    78.56,          0,     0.00, 8.95717E-009,   117.90,    7.98175,   138.56,    7.98175,    18.56,    7.98175,  -101.44,          0,     0.00, 1.00522E-008,   -76.61
Line.L_CEI_MT_12800A3332,    7.98175,   138.56,    7.98175,    18.56,    7.98175,  -101.44,          0,     0.00, 1.14158E-008,   -78.23,    7.98175,   -41.44,    7.98175,  -161.44,    7.98175,    78.56,          0,     0.00, 1.10686E-008,   112.25
Line.L_CEI_MT_12801A6858,    7.98175,   -41.44,    7.98175,  -161.44,    7.98175,    78.56,          0,     0.00, 8.75294E-007,   165.65,    7.98175,   138.56,    7.98175,    18.56,    7.98175,  -101.44,          0,     0.00, 8.74392E-007,   -14.37
Line.L_CEI_MT_12802A6859,     31.926,   -41.44,     31.926,  -161.44,     31.926,    78.56,          0,     0.00, 3.89215E-006,  -117.10,     31.926,   138.56,     31.926,    18.56,     31.926,  -101.44,          0,     0.00, 3.89173E-006,    62.92
Line.L_CEI_MT_12803A6860,    7.98175,   -41.44,    7.98175,  -161.44,    7.98175,    78.56,          0,     0.00, 8.75294E-007,   165.65,    7.98175,   138.56,    7.98175,    18.56,    7.98175,  -101.44,          0,     0.00, 8.74392E-007,   -14.37
Line.L_CEI_MT_12804A3336,    7.98175,   -41.44,    7.98175,  -161.44,    7.98175,    78.56,          0,     0.00, 1.07203E-008,   124.38,    7.98175,   138.56,    7.98175,    18.56,    7.98175,  -101.44,          0,     0.00, 9.14879E-009,   -75.26
Line.L_CEI_MT_12805A3337,    7.98175,   -41.44,    7.98175,  -161.44,    7.98175,    78.56,          0,     0.00, 8.95717E-009,   117.90,    7.98175,   138.56,    7.98175,    18.56,    7.98175,  -101.44,          0,     0.00, 1.00522E-008,   -76.61
Line.L_CEI_MT_12806A3338,    47.8896,   -41.44,    47.8895,  -161.44,    47.8895,    78.56,          0,     0.00, 4.6152E-006,  -138.77,    47.8896,   138.56,    47.8895,    18.56,    47.8895,  -101.44,          0,     0.00, 4.6138E-006,    41.24
Line.L_CEI_MT_12807A6864,    47.8896,   138.56,    47.8895,    18.56,    47.8895,  -101.44,          0,     0.00, 4.6096E-006,    41.29,    47.8896,   -41.44,    47.8895,  -161.44,    47.8895,    78.56,          0,     0.00, 4.61231E-006,  -138.72
Line.L_CEI_MT_12808A3340,    47.8896,   138.56,    47.8895,    18.56,    47.8895,  -101.44,          0,     0.00, 4.61428E-006,    41.22,    47.8896,   -41.44,    47.8895,  -161.44,    47.8895,    78.56,          0,     0.00, 4.61673E-006,  -138.75
Line.L_CEI_MT_12809A3341,    63.8535,   -41.44,    63.8535,  -161.44,    63.8535,    78.56,          0,     0.00, 6.14875E-006,  -138.74,    63.8535,   138.56,    63.8535,    18.56,    63.8535,  -101.44,          0,     0.00, 6.14674E-006,    41.27
Line.L_CEI_MT_12810A6867,    63.8535,   138.56,    63.8535,    18.56,    63.8535,  -101.44,          0,     0.00, 6.14705E-006,    41.27,    63.8535,   -41.44,    63.8535,  -161.44,    63.8535,    78.56,          0,     0.00, 6.14906E-006,  -138.74
Line.L_CEI_MT_12811A6868,    63.8535,   138.56,    63.8535,    18.56,    63.8535,  -101.44,          0,     0.00, 6.147E-006,    41.23,    63.8535,   -41.44,    63.8535,  -161.44,    63.8535,    78.56,          0,     0.00, 6.14682E-006,  -138.75
Line.L_CEI_MT_12812A3344,    63.8535,   138.56,    63.8535,    18.56,    63.8535,  -101.44,          0,     0.00, 6.1481E-006,    41.31,    63.8535,   -41.44,    63.8535,  -161.44,    63.8535,    78.56,          0,     0.00, 6.1474E-006,  -138.69
Line.L_CEI_MT_12813A3345,    79.8182,   -41.44,    79.8182,  -161.44,    79.8182,    78.56,          0,     0.00, 9.54313E-006,  -128.22,    79.8182,   138.56,    79.8182,    18.56,    79.8182,  -101.44,          0,     0.00, 9.54234E-006,    51.79
Line.L_CEI_MT_12814A3346,    7.98196,   -41.44,    7.98196,  -161.44,    7.98196,    78.56,          0,     0.00, 1.41625E-008,   117.41,    7.98196,   138.56,    7.98196,    18.56,    7.98196,  -101.44,          0,     0.00, 1.17804E-008,   -71.57
Line.L_CEI_MT_12815A3347,    7.98196,   138.56,    7.98196,    18.56,    7.98196,  -101.44,          0,     0.00, 1.19358E-008,   -69.44,    7.98196,   -41.44,    7.98196,  -161.44,    7.98196,    78.56,          0,     0.00, 1.31791E-008,   122.01
Line.L_CEI_MT_12816A3348,    7.98196,   138.56,    7.98196,    18.56,    7.98196,  -101.44,          0,     0.00, 8.73817E-007,   -13.84,    7.98196,   -41.44,    7.98196,  -161.44,    7.98196,    78.56,          0,     0.00, 8.75626E-007,   166.19
Line.L_CEI_MT_12817A3349,    7.98196,   138.56,    7.98196,    18.56,    7.98196,  -101.44,          0,     0.00, 8.75285E-007,   -13.85,    7.98196,   -41.44,    7.98196,  -161.44,    7.98196,    78.56,          0,     0.00, 8.74158E-007,   166.19
Line.L_CEI_MT_12818A3350,    7.98196,   138.56,    7.98196,    18.56,    7.98196,  -101.44,          0,     0.00, 1.26788E-006,    75.67,    7.98196,   -41.44,    7.98196,  -161.44,    7.98196,    78.56,          0,     0.00, 1.26854E-006,  -104.11
Line.L_CEI_MT_12819A6876,    7.98196,   -41.44,    7.98196,  -161.44,    7.98196,    78.56,          0,     0.00, 1.26989E-006,  -104.09,    7.98196,   138.56,    7.98196,    18.56,    7.98196,  -101.44,          0,     0.00, 1.26741E-006,    75.84
Line.L_CEI_MT_12820A6996,    7.98196,   -41.44,    7.98196,  -161.44,    7.98196,    78.56,          0,     0.00, 1.11078E-008,   123.02,    7.98196,   138.56,    7.98196,    18.56,    7.98196,  -101.44,          0,     0.00, 1.36955E-008,   -72.18
Line.L_CEI_MT_12821A6997,    7.98196,   138.56,    7.98196,    18.56,    7.98196,  -101.44,          0,     0.00, 1.16415E-008,   -53.13,    7.98196,   -41.44,    7.98196,  -161.44,    7.98196,    78.56,          0,     0.00, 1.16415E-008,   126.87
Line.L_CEI_MT_12823A6877,    7.98235,   138.56,    7.98235,    18.56,    7.98235,  -101.44,          0,     0.00, 1.35363E-008,   -40.82,    7.98235,   -41.44,    7.98235,  -161.44,    7.98235,    78.56,          0,     0.00, 1.32366E-008,   129.29
Line.L_CEI_MT_12824A3353,    7.98235,   138.56,    7.98235,    18.56,    7.98235,  -101.44,          0,     0.00, 9.04151E-009,   -78.11,    7.98235,   -41.44,    7.98235,  -161.44,    7.98235,    78.56,          0,     0.00, 1.22231E-008,   107.74
Line.L_CEI_MT_12825A3354,    7.98235,   138.56,    7.98235,    18.56,    7.98235,  -101.44,          0,     0.00, 2.41985E-006,    65.80,    7.98235,   -41.44,    7.98235,  -161.44,    7.98235,    78.56,          0,     0.00, 2.41932E-006,  -114.14
Line.L_CEI_MT_12826A6880,    7.98235,   -41.44,    7.98235,  -161.44,    7.98235,    78.56,          0,     0.00, 2.41837E-006,  -113.88,    7.98235,   138.56,    7.98235,    18.56,    7.98235,  -101.44,          0,     0.00, 2.41832E-006,    66.10
Line.L_CEI_MT_12827A3356,    7.98235,   138.56,    7.98235,    18.56,    7.98235,  -101.44,          0,     0.00, 1.26978E-006,    76.10,    7.98235,   -41.44,    7.98235,  -161.44,    7.98235,    78.56,          0,     0.00, 1.27001E-006,  -103.94
Line.L_CEI_MT_12828A3357,    7.98235,   -41.44,    7.98235,  -161.44,    7.98235,    78.56,          0,     0.00, 1.26594E-006,  -104.16,    7.98235,   138.56,    7.98235,    18.56,    7.98235,  -101.44,          0,     0.00, 1.26537E-006,    75.94
Line.L_CEI_MT_12829A3358,    7.98235,   -41.44,    7.98235,  -161.44,    7.98235,    78.56,          0,     0.00, 1.6673E-008,   125.91,    7.98235,   138.56,    7.98235,    18.56,    7.98235,  -101.44,          0,     0.00, 1.61444E-008,   -56.77
Line.L_CEI_MT_12830A6884,    7.98235,   138.56,    7.98235,    18.56,    7.98235,  -101.44,          0,     0.00, 8.25154E-009,   -73.61,    7.98235,   -41.44,    7.98235,  -161.44,    7.98235,    78.56,          0,     0.00, 8.56108E-009,   112.38
Line.L_CEI_MT_11595A6680,    2.13019,   138.55,    2.13019,    18.55,    2.13019,  -101.45,          0,     0.00, 2.5063E-006,   154.73,    2.13019,   -41.45,    2.13019,  -161.45,    2.13019,    78.55,          0,     0.00, 2.50586E-006,   -25.30
Line.L_CEI_MT_11596A6681,    2.13019,   -41.45,    2.13019,  -161.45,    2.13019,    78.55,          0,     0.00, 2.498E-006,   -25.25,    2.13019,   138.55,    2.13019,    18.55,    2.13019,  -101.45,          0,     0.00, 2.49804E-006,   154.80
Line.L_CEI_MT_11597A6682,    2.13019,   138.55,    2.13019,    18.55,    2.13019,  -101.45,          0,     0.00, 2.49716E-006,   154.95,    2.13019,   -41.45,    2.13019,  -161.45,    2.13019,    78.55,          0,     0.00, 2.49669E-006,   -25.11
Line.L_CEI_MT_11599A6683,    726.455,   -38.39,    726.455,  -158.39,    726.455,    81.61,          0,     0.00, 5.27644E-005,   -70.03,    726.455,   141.61,    726.455,    21.61,    726.455,   -98.39,          0,     0.00, 5.27633E-005,   109.97
Line.L_CEI_MT_11600A3159,    479.396,   138.56,    479.396,    18.56,    479.396,  -101.44,          0,     0.00, 4.60903E-005,    97.58,    479.396,   -41.44,    479.396,  -161.44,    479.396,    78.56,          0,     0.00, 4.60943E-005,   -82.43
Line.L_CEI_MT_11601A3160,    1226.23,   -39.63,    1226.23,  -159.63,    1226.23,    80.37,          0,     0.00, 9.89829E-005,   -76.73,    1226.23,   140.37,    1226.23,    20.37,    1226.23,   -99.63,          0,     0.00, 9.89813E-005,   103.27
Line.L_CEI_MT_11602A6686,    20.7936,   -41.46,    20.7936,  -161.46,    20.7936,    78.54,          0,     0.00, 1.74126E-006,  -142.66,    20.7936,   138.54,    20.7936,    18.54,    20.7936,  -101.46,          0,     0.00, 1.73724E-006,    37.27
Line.L_CEI_MT_11603A6687,     15.995,   -41.46,     15.995,  -161.46,     15.995,    78.54,          0,     0.00, 2.52404E-008,   142.50,     15.995,   138.54,     15.995,    18.54,     15.995,  -101.46,          0,     0.00, 2.42189E-008,   -37.97
Line.L_CEI_MT_32724AA6905,    581.039,   142.37,    581.039,    22.37,    581.039,   -97.63,          0,     0.00, 3.29257E-005,   118.16,    581.039,   -37.63,    581.039,  -157.63,    581.039,    82.37,          0,     0.00, 3.29226E-005,   -61.83
Line.L_CEI_MT_21170AA6919,    573.118,   -37.57,    573.118,  -157.57,    573.118,    82.43,          0,     0.00, 3.27328E-005,   -59.43,    573.118,   142.43,    573.118,    22.43,    573.118,   -97.57,          0,     0.00, 3.27365E-005,   120.57
Line.L_CEI_MT_21276AA3495,    7.97564,   138.56,    7.97564,    18.56,    7.97564,  -101.44,          0,     0.00, 1.26382E-006,    76.32,    7.97564,   -41.44,    7.97564,  -161.44,    7.97564,    78.56,          0,     0.00, 1.26449E-006,  -103.72
Line.L_CEI_MT_42806AA6918,    7.93804,   138.59,    7.93804,    18.59,    7.93804,  -101.41,          0,     0.00, 1.40624E-006,    37.28,    7.93804,   -41.41,    7.93804,  -161.41,    7.93804,    78.59,          0,     0.00, 1.40774E-006,  -142.68
Line.L_CEI_MT_88175A,    11.9616,   -41.44,    11.9616,  -161.44,    11.9616,    78.56,          0,     0.00, 1.27965E-006,   -66.49,    11.9616,   138.56,    11.9616,    18.56,    11.9616,  -101.44,          0,     0.00, 1.27885E-006,   113.48
Line.L_CEI_MT_56154AA27,    70.1767,   138.56,    70.1767,    18.56,    70.1767,  -101.44,          0,     0.00, 7.4102E-006,    70.35,    70.1767,   -41.44,    70.1767,  -161.44,    70.1767,    78.56,          0,     0.00, 7.40763E-006,  -109.62
Line.L_CEI_MT_24242AA6917,    7.93804,   -41.41,    7.93804,  -161.41,    7.93804,    78.59,          0,     0.00, 1.40182E-006,  -142.49,    7.93804,   138.59,    7.93804,    18.59,    7.93804,  -101.41,          0,     0.00, 1.40182E-006,    37.51
Line.L_CEI_MT_43678AA3513,     86.128,   138.56,     86.128,    18.56,    86.1279,  -101.44,          0,     0.00, 9.93641E-006,    71.79,     86.128,   -41.44,     86.128,  -161.44,    86.1279,    78.56,          0,     0.00, 9.93436E-006,  -108.19
Line.L_CEI_MT_26866AA3494,     86.128,   -41.44,     86.128,  -161.44,    86.1279,    78.56,          0,     0.00, 9.93864E-006,  -108.18,     86.128,   138.56,     86.128,    18.56,    86.1279,  -101.44,          0,     0.00, 9.93819E-006,    71.82
Line.L_CEI_MT_27836AA6912,    70.1767,   138.56,    70.1767,    18.56,    70.1767,  -101.44,          0,     0.00, 7.41039E-006,    70.34,    70.1767,   -41.44,    70.1767,  -161.44,    70.1767,    78.56,          0,     0.00, 7.40669E-006,  -109.66
Line.L_CEI_MT_67981AA3500,    581.039,   -37.63,    581.039,  -157.63,    581.039,    82.37,          0,     0.00, 3.29229E-005,   -61.83,    581.039,   142.37,    581.039,    22.37,    581.039,   -97.63,          0,     0.00, 3.29257E-005,   118.17
Line.L_CEI_MT_91830AA3493, 1.47255E-009,   108.43, 1.47255E-009,   108.43, 1.91997E-009,   104.04,          0,     0.00, 4.86165E-009,   106.70, 1.31709E-009,   -45.00, 9.31323E-010,   -90.00, 2.0825E-009,    63.43,          0,     0.00, 1.86265E-009,     0.00
Line.L_CEI_MT_59977AA3492,    573.118,   142.43,    573.118,    22.43,    573.118,   -97.57,          0,     0.00, 3.27311E-005,   120.57,    573.118,   -37.57,    573.118,  -157.57,    573.118,    82.43,          0,     0.00, 3.2732E-005,   -59.43
Line.L_CEI_MT_78501AA6913,    70.1767,   -41.44,    70.1767,  -161.44,    70.1767,    78.56,          0,     0.00, 7.4082E-006,  -109.67,    70.1767,   138.56,    70.1767,    18.56,    70.1767,  -101.44,          0,     0.00, 7.41083E-006,    70.34
Line.L_CEI_MT_7968A6932, 5.20997E-006,   -29.63, 1.17361E-005,   -17.41, 1.62198E-005,   -98.38,          0,     0.00, 2.58548E-005,   -58.88, 5.21118E-006,   150.37, 1.17369E-005,   162.60, 1.62164E-005,    81.61,          0,     0.00, 2.58521E-005,   121.13
Line.L_CEI_MT_7969A7013, 5.20945E-006,   -29.61, 1.17351E-005,   -17.41, 1.62183E-005,   -98.39,          0,     0.00, 2.58511E-005,   -58.88, 5.20986E-006,   150.39, 1.17344E-005,   162.58, 1.62221E-005,    81.61,          0,     0.00, 2.58542E-005,   121.11
Line.L_CEI_MT_7970A7014, 5.21044E-006,   -29.60, 1.17325E-005,   -17.40, 1.62202E-005,   -98.39,          0,     0.00, 2.58494E-005,   -58.88, 5.21125E-006,   150.40, 1.17318E-005,   162.59, 1.62201E-005,    81.61,          0,     0.00, 2.58503E-005,   121.12
Line.L_CEI_MT_7971A3466, 5.2124E-006,   -29.62, 1.17334E-005,   -17.40, 1.62189E-005,   -98.40,          0,     0.00, 2.58481E-005,   -58.88, 5.21326E-006,   150.38, 1.17321E-005,   162.60, 1.62171E-005,    81.60,          0,     0.00, 2.58466E-005,   121.12
Line.L_CEI_MT_7972A3467, 5.21199E-006,   -29.62, 1.1733E-005,   -17.39, 1.62228E-005,   -98.40,          0,     0.00, 2.58492E-005,   -58.89, 5.21245E-006,   150.37, 1.17329E-005,   162.61, 1.62209E-005,    81.59,          0,     0.00, 2.58489E-005,   121.11
Line.L_CEI_MT_7973A3468, 5.34274E-006,   -30.87, 1.10522E-005,   -15.24, 1.53367E-005,   -95.98,          0,     0.00, 2.49628E-005,   -56.85, 5.34266E-006,   149.14, 1.10538E-005,   164.76, 1.5333E-005,    84.02,          0,     0.00, 2.49604E-005,   123.16
Line.L_CEI_MT_7974A3469, 5.3425E-006,   -30.84, 1.10488E-005,   -15.23, 1.53349E-005,   -95.99,          0,     0.00, 2.49553E-005,   -56.84, 5.34378E-006,   149.16, 1.10499E-005,   164.78, 1.53331E-005,    84.01,          0,     0.00, 2.49547E-005,   123.16
Line.L_CEI_MT_7975A3470, 5.33986E-006,   -30.88, 1.10497E-005,   -15.23, 1.53329E-005,   -95.98,          0,     0.00, 2.49545E-005,   -56.85, 5.3401E-006,   149.12, 1.10502E-005,   164.77, 1.53347E-005,    84.02,          0,     0.00, 2.49574E-005,   123.15
Line.L_CEI_MT_80384AA6922,    4.79319,   138.55,    4.79319,    18.55,    4.79319,  -101.45,          0,     0.00, 7.03855E-007,    -6.76,    4.79319,   -41.45,    4.79319,  -161.45,    4.79319,    78.55,          0,     0.00, 7.05134E-007,   173.33
Line.L_CEI_MT_8069A6933, 1.39698E-009,   -90.00, 2.0825E-009,  -153.43, 2.32831E-009,   -53.13,          0,     0.00, 4.21674E-009,   -96.34, 2.32831E-009,   143.13, 2.0825E-009,   116.57, 3.75428E-009,    97.13,          0,     0.00, 7.70807E-009,   115.02
Line.L_CEI_MT_8070A6934,    11.8939,   -41.40,    11.8939,  -161.40,    11.8939,    78.60,          0,     0.00, 1.96959E-008,    96.79,    11.8939,   138.60,    11.8939,    18.60,    11.8939,  -101.40,          0,     0.00, 1.49665E-008,   -84.64
Line.L_CEI_MT_8071A3392,    11.8939,   -41.40,    11.8939,  -161.40,    11.8939,    78.60,          0,     0.00, 1.91148E-008,   124.08,    11.8939,   138.60,    11.8939,    18.60,    11.8939,  -101.40,          0,     0.00, 1.7603E-008,   -52.52
Line.L_CEI_MT_8072A6936,    11.8939,   -41.40,    11.8939,  -161.40,    11.8939,    78.60,          0,     0.00, 1.55003E-008,   122.74,    11.8939,   138.60,    11.8939,    18.60,    11.8939,  -101.40,          0,     0.00, 1.43753E-008,   -65.10
Line.L_CEI_MT_8076A3394,    11.8939,   138.60,    11.8939,    18.60,    11.8939,  -101.40,          0,     0.00, 1.26612E-006,   113.31,    11.8939,   -41.40,    11.8939,  -161.40,    11.8939,    78.60,          0,     0.00, 1.26477E-006,   -66.94
Line.L_CEI_MT_8077A3395, 4.16069E-007,   -46.77, 1.3094E-006,   170.21, 8.35005E-007,    50.32,          0,     0.00, 7.3407E-007,   130.03, 4.15794E-007,   133.00, 1.30611E-006,    -9.79, 8.37876E-007,  -129.52,          0,     0.00, 7.3466E-007,   -50.19
Line.L_CEI_MT_8092A6939,    18.2374,   -41.40,    18.2374,  -161.40,    18.2374,    78.60,          0,     0.00, 3.09193E-005,   -58.64,    18.2374,   138.60,    18.2374,    18.60,    18.2374,  -101.40,          0,     0.00, 3.09172E-005,   121.37
Line.L_CEI_MT_8093A3397,    18.2374,   -41.40,    18.2374,  -161.40,    18.2374,    78.60,          0,     0.00, 3.09181E-005,   -58.63,    18.2374,   138.60,    18.2374,    18.60,    18.2374,  -101.40,          0,     0.00, 3.09186E-005,   121.36
Line.L_CEI_MT_8094A3398,    18.2374,   -41.40,    18.2374,  -161.40,    18.2374,    78.60,          0,     0.00, 3.09207E-005,   -58.63,    18.2374,   138.60,    18.2374,    18.60,    18.2374,  -101.40,          0,     0.00, 3.09221E-005,   121.37
Line.L_CEI_MT_8095A6942,    16.6515,   -41.40,    16.6515,  -161.40,    16.6515,    78.60,          0,     0.00, 2.91344E-005,   -59.31,    16.6515,   138.60,    16.6515,    18.60,    16.6515,  -101.40,          0,     0.00, 2.91334E-005,   120.69
Line.L_CEI_MT_8096A7020,    16.6515,   -41.40,    16.6515,  -161.40,    16.6515,    78.60,          0,     0.00, 2.91331E-005,   -59.32,    16.6515,   138.60,    16.6515,    18.60,    16.6515,  -101.40,          0,     0.00, 2.91334E-005,   120.68
Line.L_CEI_MT_8097A3472,    16.6515,   -41.40,    16.6515,  -161.40,    16.6515,    78.60,          0,     0.00, 2.91371E-005,   -59.32,    16.6515,   138.60,    16.6515,    18.60,    16.6515,  -101.40,          0,     0.00, 2.91356E-005,   120.68
Line.L_CEI_MT_8098A7022,    16.6515,   138.60,    16.6515,    18.60,    16.6515,  -101.40,          0,     0.00, 2.91326E-005,   120.68,    16.6515,   -41.40,    16.6515,  -161.40,    16.6515,    78.60,          0,     0.00, 2.91326E-005,   -59.32
Line.L_CEI_MT_8099A7023,    4.75762,   -41.40,    4.75762,  -161.40,    4.75762,    78.60,          0,     0.00, 7.36275E-009,   161.57,    4.75762,   138.60,    4.75762,    18.60,    4.75762,  -101.40,          0,     0.00, 5.66501E-009,    -9.46
Line.L_CEI_MT_8100A7024,    11.8939,   -41.40,    11.8939,  -161.40,    11.8939,    78.60,          0,     0.00, 2.78586E-005,   -58.98,    11.8939,   138.60,    11.8939,    18.60,    11.8939,  -101.40,          0,     0.00, 2.78554E-005,   121.03
Line.L_CEI_MT_8101A3476,    11.8939,   -41.40,    11.8939,  -161.40,    11.8939,    78.60,          0,     0.00, 2.78588E-005,   -58.99,    11.8939,   138.60,    11.8939,    18.60,    11.8939,  -101.40,          0,     0.00, 2.7855E-005,   121.02
Line.L_CEI_MT_8102A7026, 5.21067E-006,   -29.61, 1.17348E-005,   -17.42, 1.62178E-005,   -98.38,          0,     0.00, 2.58539E-005,   -58.87, 5.21107E-006,   150.40, 1.17378E-005,   162.59, 1.62141E-005,    81.62,          0,     0.00, 2.58522E-005,   121.14
Line.L_CEI_MT_9502A6504,    706.782,   141.69,    706.782,    21.69,    706.782,   -98.31,          0,     0.00, 4.94891E-005,   109.19,    706.782,   -38.31,    706.782,  -158.31,    706.782,    81.69,          0,     0.00, 4.94907E-005,   -70.81
Line.L_CEI_MT_9503A2980,    4.78592,   138.56,    4.78592,    18.56,    4.78592,  -101.44,          0,     0.00, 3.45683E-007,  -162.76,    4.78592,   -41.44,    4.78592,  -161.44,    4.78592,    78.56,          0,     0.00, 3.46849E-007,    17.34
Line.L_CEI_MT_8137, 2.32831E-009,    90.00, 1.04125E-009,    26.57,          0,     0.00,          0,     0.00, 2.9451E-009,    71.57, 2.32831E-009,   -90.00, 1.04125E-009,  -153.43, 1.91997E-009,  -104.04,          0,     0.00, 4.86165E-009,  -106.70
Line.L_CEI_MT_8139A7001, 1.74648E-007,   -71.18, 8.04058E-007,   131.36, 1.10744E-006,    45.77,          0,     0.00, 1.26711E-006,    76.42, 1.74648E-007,   108.82, 8.04366E-007,   -48.61, 1.10809E-006,  -134.27,          0,     0.00, 1.26722E-006,  -103.60
Line.L_CEI_MT_8140A3478,    34.0965,   -41.40,    34.0965,  -161.40,    34.0965,    78.60,          0,     0.00, 3.22064E-005,   -59.57,    34.0965,   138.60,    34.0965,    18.60,    34.0965,  -101.40,          0,     0.00, 3.22078E-005,   120.43
Line.L_CEI_MT_8141A3479,    34.0965,   138.60,    34.0965,    18.60,    34.0965,  -101.40,          0,     0.00, 3.22099E-005,   120.43,    34.0965,   -41.40,    34.0965,  -161.40,    34.0965,    78.60,          0,     0.00, 3.22083E-005,   -59.57
Line.L_CEI_MT_8142A7029,    34.0965,   138.60,    34.0965,    18.60,    34.0965,  -101.40,          0,     0.00, 3.22133E-005,   120.44,    34.0965,   -41.40,    34.0965,  -161.40,    34.0965,    78.60,          0,     0.00, 3.22139E-005,   -59.55
Line.L_CEI_MT_8143A3481,    34.0965,   138.60,    34.0965,    18.60,    34.0965,  -101.40,          0,     0.00, 3.22127E-005,   120.45,    34.0965,   -41.40,    34.0965,  -161.40,    34.0965,    78.60,          0,     0.00, 3.2211E-005,   -59.55
Line.L_CEI_MT_8144A3360,    34.0965,   138.60,    34.0965,    18.60,    34.0965,  -101.40,          0,     0.00, 3.22089E-005,   120.46,    34.0965,   -41.40,    34.0965,  -161.40,    34.0965,    78.60,          0,     0.00, 3.22076E-005,   -59.54
Line.L_CEI_MT_8145A7031,    34.0965,   138.60,    34.0965,    18.60,    34.0965,  -101.40,          0,     0.00, 3.22152E-005,   120.45,    34.0965,   -41.40,    34.0965,  -161.40,    34.0965,    78.60,          0,     0.00, 3.22143E-005,   -59.55
Line.L_CEI_MT_8146A7032,    34.0965,   138.60,    34.0965,    18.60,    34.0965,  -101.40,          0,     0.00, 3.22042E-005,   120.47,    34.0965,   -41.40,    34.0965,  -161.40,    34.0965,    78.60,          0,     0.00, 3.22053E-005,   -59.54
Line.L_CEI_MT_8147A3484,    34.0965,   138.60,    34.0965,    18.60,    34.0965,  -101.40,          0,     0.00, 3.22141E-005,   120.45,    34.0965,   -41.40,    34.0965,  -161.40,    34.0965,    78.60,          0,     0.00, 3.22136E-005,   -59.55
Line.L_CEI_MT_8148A7034,    34.0965,   138.60,    34.0965,    18.60,    34.0965,  -101.40,          0,     0.00, 3.2209E-005,   120.45,    34.0965,   -41.40,    34.0965,  -161.40,    34.0965,    78.60,          0,     0.00, 3.22101E-005,   -59.54
Line.L_CEI_MT_8149A3486,    539.103,   -37.33,    539.103,  -157.33,    539.103,    82.67,          0,     0.00, 7.35688E-007,   -18.30,    539.103,   142.67,    539.103,    22.67,    539.103,   -97.33,          0,     0.00, 7.31871E-007,   161.91
Line.L_CEI_MT_8153A7036,    7.93804,   -41.41,    7.93804,  -161.41,    7.93804,    78.59,          0,     0.00, 9.00327E-007,   156.27,    7.93804,   138.59,    7.93804,    18.59,    7.93804,  -101.41,          0,     0.00, 9.03062E-007,   -23.97
Line.L_CEI_MT_8154A3488,    7.93804,   -41.41,    7.93804,  -161.41,    7.93804,    78.59,          0,     0.00, 1.13396E-008,   109.18,    7.93804,   138.59,    7.93804,    18.59,    7.93804,  -101.41,          0,     0.00, 6.66725E-009,   -65.22
Line.L_CEI_MT_8155A3489,    7.93804,   -41.41,    7.93804,  -161.41,    7.93804,    78.59,          0,     0.00, 1.40935E-008,    97.59,    7.93804,   138.59,    7.93804,    18.59,    7.93804,  -101.41,          0,     0.00, 1.77196E-008,   -86.99
Line.L_CEI_MT_8156A7039,    7.93804,   -41.41,    7.93804,  -161.41,    7.93804,    78.59,          0,     0.00, 8.74898E-009,   115.20,    7.93804,   138.59,    7.93804,    18.59,    7.93804,  -101.41,          0,     0.00, 1.18721E-008,   -64.44
Line.L_CEI_MT_8157A3491,    7.93804,   -41.41,    7.93804,  -161.41,    7.93804,    78.59,          0,     0.00, 1.28796E-008,   130.60,    7.93804,   138.59,    7.93804,    18.59,    7.93804,  -101.41,          0,     0.00, 1.66925E-008,   -59.86
Line.L_CEI_MT_8160A2968,    573.118,   142.43,    573.118,    22.43,    573.118,   -97.57,          0,     0.00, 3.273E-005,   120.56,    573.118,   -37.57,    573.118,  -157.57,    573.118,    82.43,          0,     0.00, 3.27308E-005,   -59.45
Line.L_CEI_MT_8161A6494,    573.118,   142.43,    573.118,    22.43,    573.118,   -97.57,          0,     0.00, 3.27335E-005,   120.56,    573.118,   -37.57,    573.118,  -157.57,    573.118,    82.43,          0,     0.00, 3.27328E-005,   -59.45
Line.L_CEI_MT_8162A2970,    573.118,   142.43,    573.118,    22.43,    573.118,   -97.57,          0,     0.00, 3.27257E-005,   120.55,    573.118,   -37.57,    573.118,  -157.57,    573.118,    82.43,          0,     0.00, 3.27281E-005,   -59.45
Line.L_CEI_MT_8163A2971,    573.118,   142.43,    573.118,    22.43,    573.118,   -97.57,          0,     0.00, 3.27245E-005,   120.55,    573.118,   -37.57,    573.118,  -157.57,    573.118,    82.43,          0,     0.00, 3.2724E-005,   -59.45
Line.L_CEI_MT_8164A2972,    573.118,   142.43,    573.118,    22.43,    573.118,   -97.57,          0,     0.00, 3.27305E-005,   120.56,    573.118,   -37.57,    573.118,  -157.57,    573.118,    82.43,          0,     0.00, 3.27311E-005,   -59.45
Line.L_CEI_MT_8165A2973,    573.118,   142.43,    573.118,    22.43,    573.118,   -97.57,          0,     0.00, 3.27313E-005,   120.54,    573.118,   -37.57,    573.118,  -157.57,    573.118,    82.43,          0,     0.00, 3.27311E-005,   -59.46
Line.L_CEI_MT_8166A2974,    573.118,   142.43,    573.118,    22.43,    573.118,   -97.57,          0,     0.00, 3.27305E-005,   120.55,    573.118,   -37.57,    573.118,  -157.57,    573.118,    82.43,          0,     0.00, 3.27325E-005,   -59.45
Line.L_CEI_MT_8167A6500,    18.2374,   -41.40,    18.2374,  -161.40,    18.2374,    78.60,          0,     0.00, 3.09176E-005,   -58.63,    18.2374,   138.60,    18.2374,    18.60,    18.2374,  -101.40,          0,     0.00, 3.09165E-005,   121.37
Line.L_CEI_MT_8168A3400,    34.0965,   -41.40,    34.0965,  -161.40,    34.0965,    78.60,          0,     0.00, 3.22117E-005,   -59.58,    34.0965,   138.60,    34.0965,    18.60,    34.0965,  -101.40,          0,     0.00, 3.22123E-005,   120.41
Line.L_CEI_MT_8169A6944,    15.8591,   -41.40,    15.8591,  -161.40,    15.8591,    78.60,          0,     0.00, 8.56304E-007,  -108.78,    15.8591,   138.60,    15.8591,    18.60,    15.8591,  -101.40,          0,     0.00, 8.55422E-007,    71.20
Line.L_CEI_MT_8170A6945, 4.11845E-007,   132.98, 1.31004E-006,    -9.95, 8.40163E-007,  -129.31,          0,     0.00, 7.47361E-007,   -50.31, 4.12527E-007,   -47.10, 1.30913E-006,   170.05, 8.36988E-007,    50.55,          0,     0.00, 7.43485E-007,   129.89
Line.L_CEI_MT_41178AA3512,    7.97564,   -41.44,    7.97564,  -161.44,    7.97564,    78.56,          0,     0.00, 1.26391E-006,  -103.88,    7.97564,   138.56,    7.97564,    18.56,    7.97564,  -101.44,          0,     0.00, 1.26504E-006,    76.00
Line.L_CEI_MT_8522A3403, 1.31709E-009,  -135.00, 9.31323E-010,   180.00, 2.32831E-009,  -126.87,          0,     0.00, 4.29318E-009,  -139.40, 1.67897E-009,   -33.69, 4.65661E-010,   180.00, 4.65661E-010,     0.00,          0,     0.00, 1.67897E-009,   -33.69
Line.L_CEI_MT_8524A3404, 1.75823E-007,   -71.47, 8.078E-007,   131.61, 1.10608E-006,    45.56,          0,     0.00, 1.26171E-006,    76.53, 1.76854E-007,   108.58, 8.06446E-007,   -48.35, 1.10673E-006,  -134.47,          0,     0.00, 1.25988E-006,  -103.57
Line.L_CEI_MT_8525A6501, 4.39304E-009,   122.01, 1.86265E-009,     0.00,          0,     0.00,          0,     0.00, 3.75428E-009,    97.13, 2.98169E-009,   -51.34, 1.47255E-009,   161.57, 2.0825E-009,  -116.57,          0,     0.00, 3.75428E-009,   -97.13
Line.L_CEI_MT_8526A6502, 1.91997E-009,   104.04, 3.25963E-009,     0.00, 4.165E-009,   116.57,          0,     0.00, 5.66501E-009,    80.54, 2.9451E-009,   -71.57, 3.83994E-009,  -165.96, 5.8902E-009,   -71.57,          0,     0.00, 9.35968E-009,   -95.71
Line.L_CEI_MT_8527A2978, 1.67897E-009,   -33.69, 2.71525E-009,  -149.04, 1.91997E-009,  -104.04,          0,     0.00, 4.41765E-009,  -108.43, 2.0825E-009,  -153.43, 2.32831E-009,    36.87, 2.32831E-009,    53.13,          0,     0.00, 2.71525E-009,    59.04
Line.L_CEI_MT_8528A3381, 1.04125E-009,   153.43, 6.58545E-010,    45.00, 2.32831E-009,    53.13,          0,     0.00, 2.9451E-009,    71.57, 1.39698E-009,   -90.00, 4.65661E-010,   -90.00, 1.91997E-009,  -104.04,          0,     0.00, 3.75428E-009,   -97.13
Line.SW_FZ2089_DP_2461, 4.76837E-007,    90.00, 3.37175E-007,   -45.00, 5.3312E-007,  -116.57,          0,     0.00, 2.38419E-007,   -90.00, 9.83025E-007,   165.96, 6.7435E-007,   135.00, 5.3312E-007,    63.43,          0,     0.00, 1.68587E-006,   135.00
Line.SW_FW7828,    16.7541,   138.57,    16.7541,    18.57,    16.7541,  -101.43,          0,     0.00, 3.6393E-006,    58.39,    16.7541,   -41.43,    16.7541,  -161.43,    16.7541,    78.57,          0,     0.00, 3.94653E-006,  -115.02
Line.SW_FA7557, 1.59936E-006,   116.57, 2.02656E-006,   -28.07, 9.83025E-007,  -104.04,          0,     0.00, 9.61096E-007,   -29.74, 1.92219E-006,   -60.26, 1.3328E-006,   116.57, 9.83025E-007,   104.04,          0,     0.00, 4.91512E-007,    75.96
Line.SW_2211T_SCN, 1.45024E-006,    80.54, 2.02305E-006,   -45.00, 6.7435E-007,   -45.00,          0,     0.00, 2.19811E-006,   -12.53, 1.52662E-006,   -38.66, 1.28392E-006,   158.20, 9.53674E-007,   -90.00,          0,     0.00, 1.43051E-006,   -90.00
Line.SW_2221T_SCN, 1.45024E-006,    80.54, 2.02305E-006,   -45.00, 6.7435E-007,   -45.00,          0,     0.00, 2.19811E-006,   -12.53, 1.52662E-006,   -38.66, 1.28392E-006,   158.20, 9.53674E-007,   -90.00,          0,     0.00, 1.43051E-006,   -90.00
Line.SW_2235_SCN, 1.81965E-006,  -148.39, 6.41962E-007,   158.20, 1.71926E-006,   -56.31,          0,     0.00, 2.45467E-006,  -119.05, 1.26721E-006,    48.81, 1.6038E-006,   -48.01, 1.50789E-006,   161.57,          0,     0.00, 5.3312E-007,    26.57
Line.SW_2055_SCN, 1.06624E-006,  -153.43,          0,     0.00, 2.38419E-007,   180.00,          0,     0.00, 1.28392E-006,  -158.20, 9.83025E-007,   104.04, 1.50789E-006,   -18.43, 2.38419E-007,   180.00,          0,     0.00, 1.06624E-006,    26.57
Line.SW_FT3821, 1.52662E-006,   141.34, 2.6789E-006,   -20.85, 1.45024E-006,   -80.54,          0,     0.00, 2.10903E-006,   -42.71, 6.7435E-007,   -45.00, 2.04053E-006,   173.29, 7.15256E-007,   180.00,          0,     0.00, 2.27749E-006,  -173.99
Line.SW_FT3567_DP_19492,    4.79319,   138.55,    4.79319,    18.55,    4.79319,  -101.45,          0,     0.00, 1.78814E-006,   180.00,    4.79319,   -41.45,    4.79319,  -161.45,    4.79319,    78.55,          0,     0.00, 1.45513E-006,    55.01
Line.SW_FA7196, 1.24458E-006,   106.70, 1.43547E-006,   -41.63, 1.06624E-006,  -153.43,          0,     0.00, 3.37175E-007,  -135.00, 7.9968E-007,   -63.43, 2.90294E-006,   160.82, 6.7435E-007,    45.00,          0,     0.00, 2.03705E-006,   159.44
Line.SW_2393_SCN, 1.3487E-006,  -135.00, 2.63342E-006,   174.81, 1.96605E-006,    75.96,          0,     0.00, 3.32079E-006,   158.96, 1.71926E-006,    33.69, 3.13591E-006,    -8.75, 3.01578E-006,  -108.43,          0,     0.00, 4.29815E-006,   -33.69
Line.SW_FZ4474_DP_19774, 6.7435E-007,    45.00, 9.53674E-007,     0.00, 8.5963E-007,  -146.31,          0,     0.00, 7.15256E-007,     0.00, 6.7435E-007,  -135.00, 7.53946E-007,   161.57, 1.19209E-006,    53.13,          0,     0.00, 8.5963E-007,   123.69
Line.SW_FZ6242, 1.67318E-006,    85.91, 2.14908E-006,   -33.69, 4.76837E-007,     0.00,          0,     0.00, 2.4314E-006,    11.31, 1.24458E-006,   -73.30, 1.62142E-006,   143.97, 9.83025E-007,   104.04,          0,     0.00, 1.39021E-006,   149.04
Line.SW_CO1_SCN, 4.29815E-007,   -33.69, 2.98023E-006,     0.00, 9.53674E-007,   -90.00,          0,     0.00, 3.54435E-006,   -19.65, 5.96046E-007,   126.87, 2.51472E-006,  -174.56, 9.53674E-007,    90.00,          0,     0.00, 3.09944E-006,   157.38
Line.SW_FT3565, 3.37175E-007,  -135.00, 1.68587E-006,     8.13, 6.7435E-007,  -135.00,          0,     0.00, 1.06624E-006,   -26.57, 6.7435E-007,   135.00, 1.2157E-006,  -168.69, 4.76837E-007,    90.00,          0,     0.00, 1.81574E-006,   156.80
Line.SW_FT3766, 8.34465E-007,   180.00, 1.62142E-006,   -17.10, 1.19209E-006,    53.13,          0,     0.00, 1.50789E-006,    18.43, 4.91512E-007,   104.04, 1.09906E-006,   167.47, 2.38419E-007,   180.00,          0,     0.00, 1.59936E-006,   153.43
Line.SW_FZ6473,    4.78477,   138.56,    4.78477,    18.56,    4.78477,  -101.44,          0,     0.00, 4.29815E-007,    33.69,    4.78477,   -41.44,    4.78477,  -161.44,    4.78477,    78.56,          0,     0.00, 8.34465E-007,   180.00
Line.SW_FZ9479,     23.948,   138.56,     23.948,    18.56,     23.948,  -101.44,          0,     0.00, 7.15256E-007,   180.00,     23.948,   -41.44,     23.948,  -161.44,     23.948,    78.56,          0,     0.00, 1.06624E-006,    63.43
Line.SW_FZ6241, 7.63312E-007,    38.66, 2.19811E-006,   -12.53,          0,     0.00,          0,     0.00, 2.74181E-006,     0.00, 1.28945E-006,   146.31, 1.28392E-006,   158.20, 1.3487E-006,   135.00,          0,     0.00, 3.86834E-006,   146.31
Line.SW_FZ6608, 4.91512E-007,    75.96, 1.39531E-006,   -19.98, 1.3487E-006,  -135.00,          0,     0.00, 1.06624E-006,   -63.43, 1.17408E-006,   156.04, 1.09906E-006,   139.40, 6.7435E-007,   -45.00,          0,     0.00, 1.59936E-006,   153.43
Line.SW_FP7957, 1.28392E-006,   111.80, 1.56795E-006,    -8.75, 2.38419E-007,   180.00,          0,     0.00, 1.26721E-006,    48.81, 2.38419E-007,   -90.00, 5.96046E-007,   126.87, 5.3312E-007,   116.57,          0,     0.00, 9.31054E-007,   129.81
Line.SW_FT3793, 1.06624E-006,   116.57, 2.53442E-006,   -41.19, 4.76837E-007,   -90.00,          0,     0.00, 1.86211E-006,   -39.81, 7.15256E-007,     0.00, 1.59936E-006,   153.43, 5.3312E-007,   116.57,          0,     0.00, 1.52662E-006,   128.66
Line.SW_FT3794,     102.08,   138.56,     102.08,    18.56,     102.08,  -101.44,          0,     0.00, 1.08579E-005,    70.77,     102.08,   -41.44,     102.08,  -161.44,     102.08,    78.56,          0,     0.00, 1.03513E-005,  -104.68
Line.SW_2019_SCN, 2.48916E-006,    16.70, 3.09944E-006,   -22.62, 4.35073E-006,   -99.46,          0,     0.00, 6.57707E-006,   -46.47, 2.19811E-006,  -167.47, 2.56785E-006,   158.20, 3.33786E-006,    90.00,          0,     0.00, 5.92219E-006,   139.90
Line.SW_2093_SCN, 2.88329E-006,   150.26, 7.2522E-006,   154.70, 1.24184E-005,    86.70,          0,     0.00, 1.88728E-005,   116.24, 2.48058E-006,   -35.22, 9.46269E-006,   -19.12, 1.24549E-005,   -95.49,          0,     0.00, 1.95474E-005,   -60.00
Line.SW_CO2_SCN, 4.29815E-007,   -33.69, 2.98023E-006,     0.00, 9.53674E-007,   -90.00,          0,     0.00, 3.54435E-006,   -19.65, 5.96046E-007,   126.87, 2.51472E-006,  -174.56, 9.53674E-007,    90.00,          0,     0.00, 3.09944E-006,   157.38
Line.SW_FA9015, 5.3312E-007,   116.57, 9.31054E-007,   -50.19, 1.19209E-006,   126.87,          0,     0.00, 7.9968E-007,   116.57, 6.7435E-007,  -135.00, 1.43547E-006,   138.37, 5.3312E-007,  -116.57,          0,     0.00, 1.78814E-006,   180.00
Line.SW_FP7931, 1.90735E-006,    90.00, 2.15897E-006,    -6.34, 1.50789E-006,  -108.43,          0,     0.00, 1.68587E-006,     8.13, 2.34815E-006,   -66.04, 1.06624E-006,   153.43, 2.38419E-007,   180.00,          0,     0.00, 1.68587E-006,   -98.13
Line.SW_FW6658, 7.53946E-007,    71.57, 2.91027E-006,   -34.99, 9.53674E-007,   180.00,          0,     0.00, 1.92219E-006,   -29.74, 7.53946E-007,    18.43, 1.52662E-006,   128.66, 9.53674E-007,   -90.00,          0,     0.00, 5.3312E-007,   116.57
Line.SW_FZ1559, 1.2157E-006,   168.69, 1.50789E-006,   -18.43, 1.43051E-006,   -90.00,          0,     0.00, 1.68587E-006,   -81.87, 6.7435E-007,    45.00, 1.39021E-006,   149.04, 4.76837E-007,   -90.00,          0,     0.00, 1.01152E-006,   135.00
Line.SW_FA7556, 1.28392E-006,  -158.20, 4.76837E-007,     0.00, 4.76837E-007,   180.00,          0,     0.00, 1.28392E-006,  -158.20, 2.38419E-007,     0.00, 1.19209E-006,   180.00, 4.76837E-007,     0.00,          0,     0.00, 4.76837E-007,   180.00
Line.SW_FA1041, 1.28945E-006,    33.69, 2.14908E-006,   -33.69, 4.76837E-007,   180.00,          0,     0.00, 2.4314E-006,   -11.31, 6.41962E-007,  -158.20, 1.81965E-006,   148.39, 4.76837E-007,   -90.00,          0,     0.00, 2.15897E-006,   173.66
Line.SW_FZ5567, 5.3312E-007,    63.43, 9.83025E-007,   -14.04, 5.3312E-007,  -116.57,          0,     0.00, 9.83025E-007,   -14.04, 2.38419E-007,     0.00, 1.06624E-006,   153.43, 5.3312E-007,    63.43,          0,     0.00, 1.06624E-006,   116.57
Line.SW_2373_SCN, 1.96605E-006,   -14.04, 9.35014E-006,   -19.36, 1.31195E-005,  -109.09,          0,     0.00, 1.72223E-005,   -68.05, 1.96605E-006,   165.96, 6.86463E-006,   159.68, 1.17963E-005,    75.96,          0,     0.00, 1.53201E-005,   110.97
Line.SW_FZ7141,    7.93804,   138.59,    7.93804,    18.59,    7.93804,  -101.41,          0,     0.00, 8.5963E-007,   -33.69,    7.93804,   -41.41,    7.93804,  -161.41,    7.93804,    78.59,          0,     0.00, 2.38419E-007,     0.00
Line.SW_FU0196,    49.4929,   138.56,    49.4929,    18.56,    49.4929,  -101.44,          0,     0.00, 4.93964E-006,   171.67,    49.4929,   -41.44,    49.4929,  -161.44,    49.4929,    78.56,          0,     0.00, 3.25378E-006,    -8.43
Line.SW_FZ4170, 9.61096E-007,    29.74, 1.50789E-006,   -18.43, 5.3312E-007,   116.57,          0,     0.00, 2.0819E-006,    13.24, 4.29815E-007,   146.31, 9.53674E-007,   180.00, 2.38419E-007,   180.00,          0,     0.00, 1.56795E-006,   171.25
Line.SW_FZ4368_DP_2822,    7.98175,   138.56,    7.98175,    18.56,    7.98175,  -101.44,          0,     0.00, 1.19209E-006,   -53.13,    7.98175,   -41.44,    7.98175,  -161.44,    7.98175,    78.56,          0,     0.00, 7.15256E-007,    90.00
Line.SW_PA124E_SCN, 1.06624E-006,   153.43, 1.66893E-006,   180.00, 2.4314E-006,    78.69,          0,     0.00, 3.57628E-006,   126.87, 1.43051E-006,     0.00, 2.15897E-006,    -6.34, 2.48916E-006,  -106.70,          0,     0.00, 3.88117E-006,   -42.51
Line.SW_2010_SCN, 4.29815E-007,   146.31, 1.81965E-006,   148.39, 5.3312E-007,    63.43,          0,     0.00, 2.36022E-006,   135.00, 4.29815E-007,    33.69, 1.92589E-006,   -21.80, 1.19209E-006,   180.00,          0,     0.00, 1.06624E-006,   -26.57
Line.SW_FT3577, 3.57628E-007,   180.00, 1.45513E-006,   -55.01, 8.5963E-007,  -146.31,          0,     0.00, 1.68587E-006,   -98.13, 7.63312E-007,  -141.34, 7.9968E-007,   116.57, 7.15256E-007,     0.00,          0,     0.00, 3.37175E-007,   135.00
Line.SW_FZ5077, 1.06624E-006,   -26.57, 1.19209E-007,     0.00, 9.83025E-007,   104.04,          0,     0.00, 9.61096E-007,    29.74, 1.39021E-006,   120.96, 8.67857E-007,   164.05, 9.53674E-007,   -90.00,          0,     0.00, 1.62142E-006,   162.90
Line.SW_FA3508, 1.59936E-006,   -26.57, 2.13248E-006,   -26.57, 8.5963E-007,   146.31,          0,     0.00, 2.88082E-006,   -24.44, 9.83025E-007,   104.04, 8.5963E-007,   123.69, 1.06624E-006,   -63.43,          0,     0.00, 7.53946E-007,   108.43
Line.SW_FZ7140, 5.96046E-007,   180.00, 1.70682E-006,   -24.78, 5.3312E-007,    63.43,          0,     0.00, 1.2157E-006,   -11.31, 3.57628E-007,   180.00, 8.34465E-007,   180.00, 1.06624E-006,  -116.57,          0,     0.00, 1.92219E-006,  -150.26
Line.SW_FT3818_DP_23878,    15.9556,   138.57,    15.9556,    18.57,    15.9556,  -101.43,          0,     0.00, 9.83025E-007,  -165.96,    15.9556,   -41.43,    15.9556,  -161.43,    15.9556,    78.57,          0,     0.00, 1.59936E-006,   -26.57
Line.SW_FT3802_DP_23891, 6.41962E-007,    21.80, 7.63312E-007,   -38.66, 2.38419E-007,   180.00,          0,     0.00, 9.83025E-007,   -14.04, 5.96046E-007,   180.00, 2.6656E-007,   116.57, 5.3312E-007,   116.57,          0,     0.00, 1.19209E-006,   143.13
Line.SW_FZ7955_DP_11746, 6.7435E-007,  -135.00, 1.68587E-006,     8.13, 9.53674E-007,   -90.00,          0,     0.00, 1.68587E-006,   -45.00, 8.5963E-007,    56.31, 1.68587E-006,  -135.00, 1.3487E-006,   135.00,          0,     0.00, 1.73571E-006,   164.05
Line.SW_FZ7675_DP_2526, 9.83025E-007,    75.96, 4.76837E-007,     0.00, 1.96605E-006,   -75.96,          0,     0.00, 1.52662E-006,   -38.66, 5.3312E-007,  -153.43, 1.2157E-006,   168.69, 9.53674E-007,    90.00,          0,     0.00, 1.92219E-006,   150.26
Line.SW_FT3765, 3.37175E-007,  -135.00, 1.85063E-006,    14.93, 9.53674E-007,   180.00,          0,     0.00, 6.41962E-007,    21.80, 4.76837E-007,     0.00, 9.31054E-007,  -129.81, 5.3312E-007,  -116.57,          0,     0.00, 1.24458E-006,  -106.70
Line.SW_FT3820, 2.38419E-007,    90.00, 1.39021E-006,   -30.96, 6.7435E-007,   135.00,          0,     0.00, 7.15256E-007,     0.00, 4.76837E-007,   180.00, 1.39021E-006,   149.04, 5.3312E-007,   -63.43,          0,     0.00, 1.45024E-006,   170.54
Line.SW_FA3503, 2.38419E-007,   180.00, 1.28392E-006,   -21.80, 2.38419E-007,   180.00,          0,     0.00, 8.5963E-007,   -33.69, 9.83025E-007,   165.96, 7.15256E-007,   180.00, 9.83025E-007,   104.04,          0,     0.00, 2.24924E-006,   147.99
Line.SW_FT3784, 1.50789E-006,   108.43, 1.66893E-006,     0.00, 9.83025E-007,  -104.04,          0,     0.00, 1.06624E-006,    26.57, 9.53674E-007,   -90.00, 1.43051E-006,   180.00, 9.53674E-007,    90.00,          0,     0.00, 1.43051E-006,   180.00
Line.SW_FW7511, 5.3312E-007,    63.43, 6.7435E-007,  -135.00, 5.3312E-007,  -116.57,          0,     0.00, 6.7435E-007,  -135.00, 7.53946E-007,   161.57, 5.3312E-007,   116.57, 2.38419E-007,   180.00,          0,     0.00, 1.39021E-006,   149.04
Line.SW_FT3823, 1.49369E-006,   -28.61, 6.7435E-007,  -135.00, 5.3312E-007,   116.57,          0,     0.00, 9.31054E-007,   -50.19, 2.55953E-006,   152.24, 9.53674E-007,     0.00, 8.5963E-007,   -33.69,          0,     0.00, 9.31054E-007,   129.81
Line.SW_FZ6472,    7.97491,   138.56,    7.97491,    18.56,     7.9749,  -101.44,          0,     0.00, 3.37175E-007,    45.00,    7.97491,   -41.44,    7.97491,  -161.44,    7.97491,    78.56,          0,     0.00, 1.59936E-006,   153.43
Line.SW_FT3797, 4.91512E-007,    75.96, 1.70682E-006,   -24.78, 1.43051E-006,   180.00,          0,     0.00, 3.37175E-007,   -45.00, 7.63312E-007,   -38.66, 1.81965E-006,   148.39, 4.76837E-007,   -90.00,          0,     0.00, 9.53674E-007,   180.00
Line.SW_FZ2403, 5.96046E-007,     0.00, 1.62142E-006,   -17.10, 7.15256E-007,   180.00,          0,     0.00, 1.50789E-006,   -18.43, 9.61096E-007,    29.74, 2.0819E-006,   166.76, 7.15256E-007,   180.00,          0,     0.00, 2.13248E-006,   153.43
Line.SW_FW9126,    20.7936,   138.54,    20.7936,    18.54,    20.7936,  -101.46,          0,     0.00, 3.1809E-006,    12.99,    20.7936,   -41.46,    20.7936,  -161.46,    20.7936,    78.54,          0,     0.00, 1.73571E-006,  -164.05
Line.SW_FT3774,    34.0965,   -41.40,    34.0965,  -161.40,    34.0965,    78.60,          0,     0.00, 3.16722E-005,   -59.96,    34.0965,   138.60,    34.0965,    18.60,    34.0965,  -101.40,          0,     0.00, 3.16722E-005,   120.04
Line.SW_FT3579,    4.78692,   138.57,    4.78692,    18.57,    4.78692,  -101.43,          0,     0.00, 2.26498E-006,   180.00,    4.78692,   -41.43,    4.78692,  -161.43,    4.78692,    78.57,          0,     0.00, 2.5484E-006,    10.78
Line.SW_FT3660, 4.76837E-007,   -90.00, 1.19209E-006,   -36.87, 1.50789E-006,  -161.57,          0,     0.00, 1.73571E-006,  -105.95, 5.3312E-007,   153.43, 7.15256E-007,    90.00, 6.7435E-007,    45.00,          0,     0.00, 1.43051E-006,    90.00
Line.SW_FU0199, 4.76837E-007,    90.00, 1.2157E-006,   -78.69, 9.83025E-007,  -104.04,          0,     0.00, 1.66893E-006,   -90.00, 5.3312E-007,   153.43, 7.53946E-007,   161.57, 9.83025E-007,    75.96,          0,     0.00, 1.71926E-006,   123.69
Line.SW_FZ7262, 7.25122E-007,    99.46, 2.26498E-006,     0.00, 8.5963E-007,  -146.31,          0,     0.00, 1.45024E-006,     9.46, 3.57628E-007,     0.00, 8.34465E-007,   180.00, 4.76837E-007,    90.00,          0,     0.00, 6.7435E-007,   135.00
Line.SW_FT3804_DP_23550, 7.53946E-007,    18.43, 1.19209E-006,   -36.87, 8.5963E-007,   146.31,          0,     0.00, 9.53674E-007,     0.00, 2.38419E-007,    90.00, 2.14577E-006,   180.00, 7.15256E-007,     0.00,          0,     0.00, 1.45024E-006,   170.54
Line.SW_FT3803_DP_23586, 7.53946E-007,   161.57, 9.83025E-007,   -14.04, 6.7435E-007,    45.00,          0,     0.00, 8.5963E-007,    33.69, 8.5963E-007,    56.31, 1.68587E-006,   171.87, 5.3312E-007,  -116.57,          0,     0.00, 1.50789E-006,   161.57
Line.SW_2029_SCN_SCN, 2.48916E-006,    16.70, 3.09944E-006,   -22.62, 4.35073E-006,   -99.46,          0,     0.00, 6.57707E-006,   -46.47, 2.19811E-006,  -167.47, 2.56785E-006,   158.20, 3.33786E-006,    90.00,          0,     0.00, 5.92219E-006,   139.90
Line.SW_FP6735, 4.29815E-007,    33.69, 1.62142E-006,   -17.10, 1.19209E-006,  -126.87,          0,     0.00, 1.68587E-006,   -45.00, 3.57628E-007,     0.00, 4.29815E-007,  -146.31, 2.38419E-007,     0.00,          0,     0.00, 3.37175E-007,   -45.00
Line.SW_FZ8104_DP_32730, 1.3328E-006,    10.30, 1.56795E-006,    -8.75, 1.59936E-006,  -116.57,          0,     0.00, 2.57889E-006,   -33.69, 1.56795E-006,   171.25, 5.96046E-007,  -126.87, 1.28392E-006,    21.80,          0,     0.00, 7.53946E-007,   161.57
Line.SW_2113_SCN, 1.78814E-006,   126.87, 2.98975E-006,   156.50, 1.92219E-006,    82.87,          0,     0.00, 5.7715E-006,   128.29, 2.10903E-006,   -42.71, 3.29717E-006,   -12.53, 1.92219E-006,   -97.13,          0,     0.00, 6.0785E-006,   -41.82
Line.SW_FA9982, 7.9968E-007,   116.57, 1.39531E-006,   -19.98, 4.76837E-007,   180.00,          0,     0.00, 5.3312E-007,    26.57, 3.57628E-007,   180.00, 1.28945E-006,   146.31, 5.3312E-007,   -63.43,          0,     0.00, 1.2157E-006,   168.69
Line.SW_FT3805_DP_31047, 9.61096E-007,    82.87, 1.39531E-006,   -19.98, 4.76837E-007,    90.00,          0,     0.00, 1.71926E-006,    33.69, 7.9968E-007,   -63.43, 9.61096E-007,   150.26, 9.53674E-007,   -90.00,          0,     0.00, 1.28392E-006,  -111.80
Line.SW_FZ4364_DP_31182, 6.7435E-007,  -135.00, 1.49369E-006,   -28.61, 9.83025E-007,  -104.04,          0,     0.00, 2.22701E-006,   -74.48, 1.71926E-006,    56.31, 8.67857E-007,  -164.05, 5.3312E-007,    63.43,          0,     0.00, 1.70682E-006,    77.91
Line.SW_FP7114,    11.9672,   138.57,    11.9672,    18.57,    11.9672,  -101.43,          0,     0.00, 1.77217E-006,   109.65,    11.9672,   -41.43,    11.9672,  -161.43,    11.9672,    78.57,          0,     0.00, 1.65611E-006,  -120.26
Line.SW_FZ7676_DP_33164,    7.98196,   138.56,    7.98196,    18.56,    7.98196,  -101.44,          0,     0.00, 9.83025E-007,  -165.96,    7.98196,   -41.44,    7.98196,  -161.44,    7.98196,    78.56,          0,     0.00, 9.53674E-007,     0.00
Line.SW_FZ6243, 1.26721E-006,   -48.81, 1.28945E-006,   -33.69, 1.06624E-006,   153.43,          0,     0.00, 1.52662E-006,   -51.34, 1.01852E-006,   110.56, 1.62142E-006,   162.90, 1.50789E-006,  -108.43,          0,     0.00, 2.38419E-006,   180.00
Line.SW_FT3764, 1.01152E-006,   -45.00, 1.92219E-006,   -29.74, 6.7435E-007,   135.00,          0,     0.00, 2.24924E-006,   -32.01, 9.83025E-007,   104.04, 1.06624E-006,   153.43, 9.53674E-007,     0.00,          0,     0.00, 1.45024E-006,    99.46
Line.SW_FU1692, 5.96046E-007,   180.00, 2.74181E-006,     0.00, 1.06624E-006,  -153.43,          0,     0.00, 1.28392E-006,   -21.80, 1.09906E-006,    12.53, 1.3328E-006,   169.70, 6.7435E-007,    45.00,          0,     0.00, 9.83025E-007,    75.96
Line.SW_FZ4369_DP_33374,    7.98175,   138.56,    7.98175,    18.56,    7.98175,  -101.44,          0,     0.00, 1.19209E-006,   -53.13,    7.98175,   -41.44,    7.98175,  -161.44,    7.98175,    78.56,          0,     0.00, 7.15256E-007,    90.00
Line.SW_FA9981, 7.63312E-007,   141.34, 2.6789E-006,   -20.85, 6.7435E-007,  -135.00,          0,     0.00, 1.71926E-006,   -33.69, 2.6656E-007,    63.43, 1.28945E-006,   146.31, 1.50789E-006,    71.57,          0,     0.00, 2.4314E-006,   101.31
Line.SW_FT3813,    7.98156,   138.56,    7.98156,    18.56,    7.98156,  -101.44,          0,     0.00, 5.3312E-007,    26.57,    7.98156,   -41.44,    7.98155,  -161.44,    7.98155,    78.56,          0,     0.00, 8.5963E-007,   -33.69
Line.SW_FA3702, 1.59936E-006,    26.57, 1.68587E-006,    -8.13, 1.43051E-006,   180.00,          0,     0.00, 1.73571E-006,    15.95, 7.53946E-007,   161.57, 4.76837E-007,     0.00, 1.06624E-006,   -26.57,          0,     0.00, 7.53946E-007,   -18.43
Line.SW_FZ7261, 7.25122E-007,    99.46, 2.26498E-006,     0.00, 8.5963E-007,  -146.31,          0,     0.00, 1.45024E-006,     9.46, 3.57628E-007,     0.00, 8.34465E-007,   180.00, 4.76837E-007,    90.00,          0,     0.00, 6.7435E-007,   135.00
Line.SW_FZ6244, 1.17408E-006,   156.04, 1.06624E-006,    26.57, 5.3312E-007,    63.43,          0,     0.00, 1.43547E-006,    85.24, 1.19209E-007,   180.00, 8.5963E-007,  -146.31, 6.7435E-007,  -135.00,          0,     0.00, 1.62142E-006,  -143.97
Line.SW_FT3783,          0,     0.00, 1.81965E-006,   -31.61,          0,     0.00,          0,     0.00, 1.81965E-006,   -31.61, 1.50789E-006,    18.43, 1.62142E-006,   143.97, 4.76837E-007,    90.00,          0,     0.00, 1.91107E-006,    86.42
Line.SW_FZ6475, 9.83025E-007,   104.04, 1.39021E-006,   -30.96,          0,     0.00,          0,     0.00, 9.83025E-007,    14.04, 5.3312E-007,    63.43, 1.19209E-006,   126.87, 4.76837E-007,   180.00,          0,     0.00, 1.71926E-006,   123.69
Line.SW_FZ6474, 3.37175E-007,    45.00, 1.19209E-006,   -36.87, 2.38419E-007,   180.00,          0,     0.00, 1.06624E-006,   -26.57, 5.3312E-007,    63.43, 8.5963E-007,   146.31, 2.38419E-007,   180.00,          0,     0.00, 1.19209E-006,   126.87
Line.SW_FA3630, 5.3312E-007,  -116.57, 1.45024E-006,    -9.46, 4.76837E-007,    90.00,          0,     0.00, 1.2157E-006,   -11.31, 8.5963E-007,    33.69, 2.38419E-007,   -90.00, 4.76837E-007,   -90.00,          0,     0.00, 7.53946E-007,   -18.43
Line.SW_FX3121,    4.78592,   138.56,    4.78592,    18.56,    4.78592,  -101.44,          0,     0.00, 1.28392E-006,  -111.80,    4.78592,   -41.44,    4.78592,  -161.44,    4.78592,    78.56,          0,     0.00, 8.5963E-007,   -56.31
Line.SW_FA7436, 1.19804E-006,    84.29, 1.95518E-006,   -37.57, 1.52662E-006,  -141.34,          0,     0.00, 1.06624E-006,   -63.43, 8.34465E-007,   180.00, 7.9968E-007,   116.57, 1.19209E-006,    53.13,          0,     0.00, 1.73571E-006,   105.95
Line.SW_FU3502, 2.05095E-006,    54.46, 2.34815E-006,   -23.96, 1.19209E-006,   180.00,          0,     0.00, 2.26184E-006,    18.43, 2.05095E-006,  -144.46, 1.66893E-006,   180.00, 1.28392E-006,   -21.80,          0,     0.00, 2.71839E-006,  -142.13
Line.SW_FU3501, 2.6656E-007,    63.43, 1.68587E-006,    -8.13, 5.3312E-007,  -116.57,          0,     0.00, 1.62142E-006,   -17.10, 1.17408E-006,  -156.04, 5.3312E-007,  -153.43, 2.38419E-007,     0.00,          0,     0.00, 1.49369E-006,  -151.39
Line.SW_FU3547, 1.09906E-006,   -12.53, 2.6656E-007,   -63.43, 9.53674E-007,   -90.00,          0,     0.00, 1.86211E-006,   -50.19, 7.63312E-007,   141.34, 6.41962E-007,   158.20, 4.76837E-007,   180.00,          0,     0.00, 1.81574E-006,   156.80
Line.SW_FU0172, 4.76837E-007,     0.00, 9.31054E-007,   -50.19, 1.3487E-006,  -135.00,          0,     0.00, 1.67318E-006,   -85.91, 8.5963E-007,   146.31, 8.67857E-007,    15.95, 8.5963E-007,   -33.69,          0,     0.00, 8.67857E-007,    15.95
Line.SW_FT3825, 9.53674E-007,   180.00, 5.3312E-007,   -26.57,          0,     0.00,          0,     0.00, 5.3312E-007,  -153.43, 3.37175E-007,    45.00, 9.53674E-007,   180.00, 5.3312E-007,   116.57,          0,     0.00, 1.19209E-006,   143.13
Line.SW_FA3513, 4.29815E-007,   -33.69, 9.61096E-007,   -29.74, 9.53674E-007,   -90.00,          0,     0.00, 2.05095E-006,   -54.46, 3.57628E-007,   180.00, 7.9968E-007,   116.57, 4.76837E-007,    90.00,          0,     0.00, 1.39021E-006,   120.96
Line.SW_FT3799, 1.62142E-006,   143.97, 2.31463E-006,   -11.89,          0,     0.00,          0,     0.00, 1.06624E-006,    26.57, 1.3328E-006,   -10.30, 3.57628E-007,   180.00, 1.06624E-006,  -153.43,          0,     0.00, 7.15256E-007,   -90.00
Line.SW_FA3857, 5.3312E-007,   116.57, 1.06624E-006,   -26.57, 9.83025E-007,   -75.96,          0,     0.00, 1.3487E-006,   -45.00, 7.15256E-007,     0.00, 7.53946E-007,  -161.57, 1.19209E-006,   180.00,          0,     0.00, 1.2157E-006,  -168.69
Line.SW_FZ7673_DP_34027,    7.98235,   138.56,    7.98235,    18.56,    7.98235,  -101.44,          0,     0.00, 1.52662E-006,    38.66,    7.98235,   -41.44,    7.98235,  -161.44,    7.98235,    78.56,          0,     0.00, 9.53674E-007,   180.00
Line.SW_FZ7155_DP_32075, 1.6038E-006,   131.99, 2.02656E-006,     0.00, 9.53674E-007,   180.00,          0,     0.00, 1.19209E-006,    90.00, 9.31054E-007,   -50.19, 1.17408E-006,  -156.04, 6.7435E-007,    45.00,          0,     0.00, 7.15256E-007,   -90.00
Line.SW_FT3830, 5.96046E-007,   126.87, 2.14908E-006,   -33.69, 2.38419E-007,   180.00,          0,     0.00, 1.39021E-006,   -30.96, 6.41962E-007,    21.80, 1.70682E-006,   155.22, 7.15256E-007,   180.00,          0,     0.00, 1.92219E-006,   150.26
Line.SW_FX3187, 4.29815E-007,   -33.69, 9.83025E-007,   -14.04, 2.38419E-007,     0.00,          0,     0.00, 1.62142E-006,   -17.10, 2.6656E-007,   116.57, 1.45024E-006,    -9.46, 8.5963E-007,  -146.31,          0,     0.00, 7.63312E-007,   -38.66
Line.SW_FW7499, 1.66893E-006,    90.00, 1.96605E-006,   -14.04, 9.83025E-007,  -104.04,          0,     0.00, 1.68587E-006,     8.13, 3.37175E-007,   -45.00, 5.3312E-007,   153.43, 4.76837E-007,   180.00,          0,     0.00, 7.15256E-007,   180.00
Line.SW_FT3815, 4.91512E-007,  -104.04, 1.09906E-006,   -12.53, 2.38419E-007,     0.00,          0,     0.00, 1.39021E-006,   -30.96, 1.43547E-006,    41.63, 8.34465E-007,     0.00, 7.15256E-007,   180.00,          0,     0.00, 1.52662E-006,    38.66
Line.SW_089521_RL,    168.336,   -41.43,    168.336,  -161.43,    168.336,    78.57,          0,     0.00, 1.58508E-005,   -74.29,    168.336,   138.57,    168.336,    18.57,    168.336,  -101.43,          0,     0.00, 1.49654E-005,   112.48
Line.SW_RE1020_RL,    157.134,   138.56,    157.134,    18.56,    157.134,  -101.44,          0,     0.00, 1.51729E-005,    98.13,    157.134,   -41.44,    157.134,  -161.44,    157.134,    78.56,          0,     0.00, 1.57591E-005,   -79.54
Line.SW_FIC6386_RL, 5.96046E-007,   126.87, 1.09906E-006,   -40.60, 2.38419E-007,   180.00,          0,     0.00, 3.37175E-007,   -45.00, 8.34465E-007,   180.00, 1.09906E-006,   167.47, 6.7435E-007,    45.00,          0,     0.00, 1.59936E-006,   153.43
Line.SW_FZ7674_DP_34064, 1.45024E-006,   170.54, 1.39021E-006,   -59.04, 9.53674E-007,   180.00,          0,     0.00, 1.92219E-006,  -150.26, 1.39021E-006,    30.96, 6.7435E-007,   135.00,          0,     0.00,          0,     0.00, 1.39021E-006,    59.04
Line.SW_FX1367, 7.63312E-007,   141.34, 2.14908E-006,   -19.44, 4.76837E-007,    90.00,          0,     0.00, 1.45024E-006,     9.46, 2.6656E-007,    63.43, 9.61096E-007,   150.26, 1.06624E-006,  -153.43,          0,     0.00, 1.68587E-006,   171.87
Line.SW_FU3503, 7.15256E-007,     0.00, 2.38419E-007,   -90.00, 1.19209E-006,  -126.87,          0,     0.00, 1.19209E-006,   -90.00, 9.83025E-007,   165.96, 1.01152E-006,  -135.00, 2.38419E-007,     0.00,          0,     0.00, 1.50789E-006,  -161.57
Line.SW_FT3569, 4.76837E-007,   180.00, 2.38419E-007,     0.00, 9.83025E-007,   104.04,          0,     0.00, 1.06624E-006,   116.57, 3.37175E-007,    45.00, 1.43051E-006,   180.00, 9.83025E-007,   -75.96,          0,     0.00, 1.19209E-006,  -143.13
Line.SW_FX0921, 7.53946E-007,    18.43, 1.28392E-006,   -68.20, 5.3312E-007,  -116.57,          0,     0.00, 1.71926E-006,   -56.31, 3.37175E-007,   135.00, 1.52662E-006,   141.34, 5.3312E-007,    63.43,          0,     0.00, 2.05095E-006,   125.54
Line.SW_FW9893, 7.53946E-007,    71.57, 8.5963E-007,   -56.31, 6.7435E-007,  -135.00,          0,     0.00, 5.3312E-007,   -63.43, 5.3312E-007,  -116.57, 1.3487E-006,   135.00, 4.76837E-007,     0.00,          0,     0.00, 8.5963E-007,   146.31
Line.SW_FT3806, 1.19209E-006,   126.87, 1.96605E-006,   -14.04, 1.59936E-006,  -116.57,          0,     0.00, 1.06624E-006,   -63.43, 4.76837E-007,   -90.00, 8.5963E-007,   123.69, 9.83025E-007,   104.04,          0,     0.00, 1.39021E-006,   120.96
Line.SW_FT3807, 1.92219E-006,    82.87, 2.05095E-006,   -35.54, 1.06624E-006,   153.43,          0,     0.00, 1.52662E-006,    51.34, 2.19811E-006,   -49.40, 1.52662E-006,   141.34, 4.76837E-007,   -90.00,          0,     0.00, 1.2157E-006,   -78.69
Line.SW_FZ0766_DP_32593, 7.15256E-007,     0.00, 6.7435E-007,   -45.00, 1.52662E-006,  -141.34,          0,     0.00, 1.43051E-006,   -90.00, 6.7435E-007,   135.00, 7.15256E-007,   180.00, 2.38419E-007,     0.00,          0,     0.00, 1.06624E-006,   153.43
Line.SW_FT3609, 7.53946E-007,    71.57, 1.43051E-006,     0.00, 2.02305E-006,  -135.00,          0,     0.00, 7.53946E-007,   -71.57, 1.2157E-006,   168.69, 2.38419E-007,   180.00, 1.06624E-006,    26.57,          0,     0.00, 8.5963E-007,   123.69
Line.SW_FIC5404,    157.134,   138.56,    157.134,    18.56,    157.134,  -101.44,          0,     0.00, 1.51729E-005,    98.13,    157.134,   -41.44,    157.134,  -161.44,    157.134,    78.56,          0,     0.00, 1.57591E-005,   -79.54
Line.SW_FIC4203,    157.134,   138.56,    157.134,    18.56,    157.134,  -101.44,          0,     0.00, 1.51729E-005,    98.13,    157.134,   -41.44,    157.134,  -161.44,    157.134,    78.56,          0,     0.00, 1.57591E-005,   -79.54
Transformer.T_FX2895,    7.98261,   -41.44,    7.98261,  -161.44,    7.98261,    78.56, 1.04607E-008,   -55.54, 5.0243E-015,   135.00,    289.895,   138.56,    289.895,    18.56,    289.895,  -101.44, 3.79886E-007,   124.46, 5.08423E-013,   -26.57
Transformer.T_FT3766,    15.8591,   -41.40,    15.8591,  -161.40,    15.8591,    78.60, 2.31421E-008,   -53.29, 1.28095E-014,   146.31,    575.936,   138.60,    575.936,    18.60,    575.936,  -101.40, 8.40425E-007,   126.71, 2.27374E-013,   180.00
Transformer.T_FT3820,    11.9672,   -41.43,    11.9672,  -161.43,    11.9672,    78.57, 1.5923E-008,   -55.34, 1.28095E-014,    33.69,    434.599,   138.57,    434.599,    18.57,    434.599,  -101.43, 5.78257E-007,   124.66, 2.27374E-013,   180.00
Transformer.T_FT3804,    24.0919,   -41.50,    24.0919,  -161.50,    24.0919,    78.50, 2.73663E-008,   -56.52, 2.84217E-014,     0.00,    874.915,   138.50,    874.915,    18.50,    874.915,  -101.50, 9.93828E-007,   123.48, 1.13687E-012,  -126.87
Transformer.T_FT3794,    15.9525,   -41.44,    15.9525,  -161.44,    15.9525,    78.56, 2.09595E-008,   -55.23, 2.92964E-014,    75.96,    579.327,   138.56,    579.327,    18.56,    579.327,  -101.44, 7.61163E-007,   124.77, 6.82121E-013,    90.00
Transformer.T_FIC1378,    7.98272,   -41.44,    7.98272,  -161.44,    7.98272,    78.56, 1.04572E-008,   -55.53, 5.0243E-015,   135.00,    289.899,   138.56,    289.899,    18.56,    289.899,  -101.44, 3.79761E-007,   124.47,          0,     0.00
Transformer.T_FT3803,    16.0416,   -41.48,    16.0416,  -161.48,    16.0416,    78.52, 1.87579E-008,   -56.30, 2.24693E-014,  -108.43,    582.561,   138.52,    582.561,    18.52,    582.561,  -101.48, 6.81206E-007,   123.70, 3.41061E-013,   180.00
Transformer.T_FX0921,    7.98544,   -41.44,    7.98544,  -161.44,    7.98544,    78.56, 1.0377E-008,   -55.51, 1.06581E-014,   180.00,    289.997,   138.56,    289.997,    18.56,    289.997,  -101.44, 3.76849E-007,   124.49, 1.13687E-013,   -90.00
Transformer.T_FT3830,    4.78972,   -41.44,    4.78972,  -161.44,    4.78972,    78.56, 6.26991E-009,   -55.40, 9.05768E-015,    78.69,    173.943,   138.56,    173.943,    18.56,    173.943,  -101.44, 2.27697E-007,   124.60, 1.13687E-013,   180.00
Transformer.T_FT3815,    1.59619,   -41.44,    1.59619,  -161.44,    1.59619,    78.56, 2.10365E-009,   -55.41, 1.40433E-015,   161.57,    57.9669,   138.56,    57.9669,    18.56,    57.9669,  -101.44, 7.63957E-008,   124.59, 1.02476E-013,    33.69
Transformer.T_FT3818,    7.97779,   -41.43,    7.97779,  -161.43,    7.97779,    78.57, 1.06078E-008,   -55.30, 5.0243E-015,   -45.00,     289.72,   138.57,     289.72,    18.57,     289.72,  -101.43, 3.85232E-007,   124.70, 6.62902E-013,   120.96
Transformer.T_FZ4274,    7.97797,   -41.43,    7.97797,  -161.43,    7.97797,    78.57, 1.06056E-008,   -55.31, 1.42109E-014,   180.00,    289.726,   138.57,    289.726,    18.57,    289.726,  -101.43, 3.8515E-007,   124.69, 2.27374E-013,     0.00
Transformer.T_FT3567,    4.79319,   -41.45,    4.79319,  -161.45,    4.79319,    78.55, 6.11423E-009,   -55.51, 3.97205E-015,   -63.43,    174.068,   138.55,    174.068,    18.55,    174.068,  -101.45, 2.22042E-007,   124.49, 1.13687E-013,   -90.00
Transformer.T_FT3660,    7.97817,   -41.43,    7.97817,  -161.43,    7.97817,    78.57, 1.06038E-008,   -55.32, 1.28095E-014,   123.69,    289.734,   138.57,    289.734,    18.57,    289.734,  -101.43, 3.85085E-007,   124.68, 1.27106E-013,    63.43
Transformer.T_FT3578,     11.967,   -41.43,     11.967,  -161.43,     11.967,    78.57, 1.59084E-008,   -55.32, 1.58882E-014,    63.43,     434.59,   138.57,     434.59,    18.57,     434.59,  -101.43, 5.77725E-007,   124.68, 3.41061E-013,    90.00
Transformer.T_FT3575,     11.972,   -41.44,     11.972,  -161.44,     11.972,    78.56, 1.57699E-008,   -55.29, 1.12347E-014,   -71.57,    434.771,   138.56,    434.771,    18.56,    434.771,  -101.44, 5.72697E-007,   124.71, 8.03887E-013,    81.87
Transformer.T_FT3827,    15.9629,   -41.44,    15.9629,  -161.44,    15.9629,    78.56, 2.1015E-008,   -55.31, 3.17764E-014,    26.57,    579.704,   138.56,    579.704,    18.56,    579.704,  -101.44, 7.63177E-007,   124.69, 2.27374E-013,     0.00
Transformer.T_FT3609,    4.78912,   -41.44,    4.78912,  -161.44,    4.78912,    78.56, 6.29372E-009,   -55.35, 9.05768E-015,   168.69,    173.921,   138.56,    173.921,    18.56,    173.921,  -101.44, 2.28562E-007,   124.65, 8.03887E-014,   135.00
Transformer.T_FT3806,     4.7894,   -41.44,     4.7894,  -161.44,     4.7894,    78.56, 6.28231E-009,   -55.38, 6.9369E-015,  -129.81,    173.931,   138.56,    173.931,    18.56,    173.931,  -101.44, 2.28147E-007,   124.62, 5.68434E-014,   -90.00
Transformer.T_FT3807,    7.98215,   -41.44,    7.98215,  -161.44,    7.98215,    78.56, 1.0474E-008,   -55.37, 7.10543E-015,    90.00,    289.878,   138.56,    289.878,    18.56,    289.878,  -101.44, 3.80371E-007,   124.63, 5.08423E-013,    63.43
Transformer.T_FT3819,    7.97781,   -41.43,    7.97781,  -161.43,    7.97781,    78.57, 1.06096E-008,   -55.31, 1.12347E-014,    71.57,     289.72,   138.57,     289.72,    18.57,     289.72,  -101.43, 3.85297E-007,   124.69, 2.27374E-013,    90.00
Transformer.T_FZ7141,    7.93804,   -41.41,    7.93804,  -161.41,    7.93804,    78.59, 1.12554E-008,   -53.83, 3.55271E-015,   -90.00,    288.276,   138.59,    288.276,    18.59,    288.276,  -101.41, 4.08748E-007,   126.17, 1.27106E-013,  -116.57
Transformer.T_FX2089,    4.78881,   -41.44,    4.78881,  -161.44,    4.78881,    78.56, 6.30783E-009,   -55.28, 3.66205E-015,    75.96,    173.909,   138.56,    173.909,    18.56,    173.909,  -101.44, 2.29074E-007,   124.72, 8.03887E-014,    45.00
Transformer.T_FT3570,    7.98144,   -41.44,    7.98144,  -161.44,    7.98144,    78.56, 1.04951E-008,   -55.35, 3.55271E-015,   180.00,    289.852,   138.56,    289.852,    18.56,    289.852,  -101.44, 3.81138E-007,   124.65, 5.08423E-013,  -116.57
Transformer.T_FT3569,    4.78968,   -41.44,    4.78968,  -161.44,    4.78968,    78.56, 6.27022E-009,   -55.39, 7.53644E-015,  -135.00,    173.941,   138.56,    173.941,    18.56,    173.941,  -101.44, 2.27708E-007,   124.61, 1.79755E-013,   108.43
Transformer.T_FT3783,    1.58835,   -41.41,    1.58835,  -161.41,    1.58835,    78.59, 2.23813E-009,   -53.92, 1.77636E-015,    90.00,    57.6821,   138.59,    57.6821,    18.59,    57.6821,  -101.41, 8.12793E-008,   126.08, 5.68434E-014,   -90.00
Transformer.T_FZ6244,    7.97565,   -41.44,    7.97565,  -161.44,    7.97565,    78.56, 1.04975E-008,   -55.27, 7.94411E-015,    26.57,    289.642,   138.56,    289.642,    18.56,    289.642,  -101.44, 3.81223E-007,   124.73, 1.60777E-013,    45.00
Transformer.T_FX3121,    4.78592,   -41.44,    4.78592,  -161.44,    4.78592,    78.56, 6.28008E-009,   -55.18, 1.24345E-014,    90.00,    173.805,   138.56,    173.805,    18.56,    173.805,  -101.44, 2.28066E-007,   124.82, 2.04952E-013,  -123.69
Transformer.T_FT3579,    4.78692,   -41.43,    4.78692,  -161.43,    4.78692,    78.57, 6.36605E-009,   -55.35, 7.32411E-015,   165.96,    173.841,   138.57,    173.841,    18.57,    173.841,  -101.43, 2.31188E-007,   124.65, 1.7053E-013,   -90.00
Transformer.T_FT3765,    1.58589,   -41.40,    1.58589,  -161.40,    1.58589,    78.60, 2.32603E-009,   -53.19, 5.0634E-015,   164.74,     57.593,   138.60,     57.593,    18.60,     57.593,  -101.40, 8.44716E-008,   126.81, 6.35529E-014,   116.57
Transformer.T_FZ5077,    7.97003,   -41.43,    7.97003,  -161.43,    7.97003,    78.57, 1.06085E-008,   -54.91, 1.12347E-014,   108.43,    289.438,   138.57,    289.438,    18.57,    289.438,  -101.43, 3.85256E-007,   125.09, 3.45765E-013,   -80.54
Transformer.T_FZ6475,    7.97458,   -41.44,    7.97458,  -161.44,    7.97458,    78.56, 1.05233E-008,   -55.33, 3.55271E-015,    90.00,    289.603,   138.56,    289.603,    18.56,    289.603,  -101.44, 3.82163E-007,   124.67, 5.79691E-013,  -168.69
Transformer.T_FP7931,     15.995,   -41.46,     15.995,  -161.46,     15.995,    78.54, 1.99711E-008,   -55.79, 2.00972E-014,  -135.00,    580.873,   138.54,    580.873,    18.54,    580.873,  -101.46, 7.25268E-007,   124.21, 8.19807E-013,  -146.31
Transformer.T_FT3817,     11.967,   -41.43,     11.967,  -161.43,     11.967,    78.57, 1.5907E-008,   -55.32, 1.91319E-014,    21.80,    434.592,   138.57,    434.592,    18.57,    434.592,  -101.43, 5.77674E-007,   124.68, 3.21555E-013,  -135.00
Transformer.T_FT3805,    4.79334,   -41.45,    4.79334,  -161.45,    4.79334,    78.55, 6.163E-009,   -55.61, 1.77636E-015,   180.00,    174.074,   138.55,    174.074,    18.55,    174.074,  -101.45, 2.23814E-007,   124.39, 8.03887E-014,  -135.00
Transformer.T_FZ2811,      7.982,   -41.44,      7.982,  -161.44,      7.982,    78.56, 1.04841E-008,   -55.43, 7.94411E-015,   153.43,    289.873,   138.56,    289.873,    18.56,    289.873,  -101.44, 3.80738E-007,   124.57, 2.84217E-013,   126.87
Transformer.T_FT3797,    11.9617,   -41.44,    11.9617,  -161.44,    11.9617,    78.56, 1.57901E-008,   -55.32, 1.50729E-014,   -45.00,    434.398,   138.56,    434.398,    18.56,    434.398,  -101.44, 5.73427E-007,   124.68, 4.82332E-013,   -45.00
Transformer.T_FT3816,    11.9674,   -41.43,    11.9674,  -161.43,    11.9674,    78.57, 1.59017E-008,   -55.33, 2.5619E-014,    33.69,    434.607,   138.57,    434.607,    18.57,    434.607,  -101.43, 5.77482E-007,   124.67, 3.21555E-013,    45.00
Transformer.T_FZ4474,    11.9616,   -41.44,    11.9616,  -161.44,    11.9616,    78.56, 1.57909E-008,   -55.32, 7.94411E-015,   153.43,    434.393,   138.56,    434.393,    18.56,    434.393,  -101.44, 5.7346E-007,   124.68, 6.62902E-013,  -149.04
Transformer.T_FT3821,    15.9564,   -41.43,    15.9564,  -161.43,    15.9564,    78.57, 2.121E-008,   -55.33, 1.06581E-014,   180.00,    579.468,   138.57,    579.468,    18.57,    579.468,  -101.43, 7.70258E-007,   124.67, 2.27374E-013,    90.00
Transformer.T_FT3823,     11.967,   -41.43,     11.967,  -161.43,     11.967,    78.57, 1.59134E-008,   -55.32, 3.17764E-014,   116.57,    434.589,   138.57,    434.589,    18.57,    434.589,  -101.43, 5.77908E-007,   124.68, 7.62634E-013,    26.57
Transformer.T_FT3824,    11.9667,   -41.43,    11.9667,  -161.43,    11.9667,    78.57, 1.59163E-008,   -55.31, 7.94411E-015,   -26.57,    434.581,   138.57,    434.581,    18.57,    434.581,  -101.43, 5.78015E-007,   124.69, 5.08423E-013,    26.57
Transformer.T_FT3802,    16.0221,   -41.47,    16.0221,  -161.47,    16.0221,    78.53, 1.9266E-008,   -56.08, 1.46482E-014,   104.04,    581.855,   138.53,    581.855,    18.53,    581.855,  -101.47, 6.99662E-007,   123.92, 3.41061E-013,     0.00
Transformer.T_FT3825,    11.9666,   -41.43,    11.9666,  -161.43,    11.9666,    78.57, 1.59193E-008,   -55.31, 3.55271E-015,     0.00,    434.577,   138.57,    434.577,    18.57,    434.577,  -101.43, 5.78123E-007,   124.69, 4.09904E-013,  -146.31
Transformer.T_FZ6241,    4.78514,   -41.44,    4.78514,  -161.44,    4.78514,    78.56, 6.30637E-009,   -55.30,          0,     0.00,    173.776,   138.56,    173.776,    18.56,    173.776,  -101.44, 2.2902E-007,   124.70, 2.84217E-013,  -143.13
Transformer.T_FZ7261,    7.98147,   -41.44,    7.98147,  -161.44,    7.98147,    78.56, 1.04908E-008,   -55.68,          0,     0.00,    289.853,   138.56,    289.853,    18.56,    289.853,  -101.44, 3.80981E-007,   124.32, 1.60777E-013,   -45.00
Transformer.T_FZ6474,    4.78496,   -41.44,    4.78496,  -161.44,    4.78496,    78.56, 6.30995E-009,   -55.32, 3.97205E-015,  -153.43,     173.77,   138.56,     173.77,    18.56,     173.77,  -101.44, 2.29151E-007,   124.68, 2.04952E-013,   123.69
Transformer.T_FZ7262,    7.98147,   -41.44,    7.98147,  -161.44,    7.98147,    78.56, 1.04908E-008,   -55.68,          0,     0.00,    289.853,   138.56,    289.853,    18.56,    289.853,  -101.44, 3.80981E-007,   124.32, 1.60777E-013,   -45.00
Transformer.T_FT3565,    2.12796,   -41.44,    2.12796,  -161.44,    2.12796,    78.56, 2.77161E-009,   -55.27, 3.20237E-015,   -56.31,    77.2784,   138.56,    77.2784,    18.56,    77.2784,  -101.44, 1.00653E-007,   124.73, 5.68434E-014,    90.00
Transformer.T_FZ7155,    7.97784,   -41.43,    7.97784,  -161.43,    7.97784,    78.57, 1.06073E-008,   -55.31, 1.19162E-014,  -116.57,    289.721,   138.57,    289.721,    18.57,    289.721,  -101.43, 3.85214E-007,   124.69, 3.59509E-013,   108.43
Transformer.T_FZ7955,    23.9339,   -41.43,    23.9339,  -161.43,    23.9339,    78.57, 3.18167E-008,   -55.32, 2.13163E-014,    90.00,    869.179,   138.57,    869.179,    18.57,    869.179,  -101.43, 1.15545E-006,   124.68, 2.27374E-013,    90.00
Transformer.T_FZ6472,    7.97491,   -41.44,    7.97491,  -161.44,    7.97491,    78.56, 1.05146E-008,   -55.32, 5.0243E-015,   -45.00,    289.615,   138.56,    289.615,    18.56,    289.615,  -101.44, 3.81846E-007,   124.68, 2.84217E-013,    53.13
Transformer.T_FZ4364,    7.98156,   -41.44,    7.98156,  -161.44,    7.98156,    78.56, 1.04868E-008,   -55.67, 8.88178E-015,   126.87,    289.856,   138.56,    289.856,    18.56,    289.856,  -101.44, 3.80835E-007,   124.33, 6.4311E-013,   -45.00
Transformer.T_FT3813,    7.98156,   -41.44,    7.98156,  -161.44,    7.98156,    78.56, 1.04859E-008,   -55.67, 3.55271E-015,   180.00,    289.856,   138.56,    289.856,    18.56,    289.856,  -101.44, 3.80805E-007,   124.33, 4.43961E-013,   129.81
Transformer.T_FZ4170,    11.8939,   -41.40,    11.8939,  -161.40,    11.8939,    78.60, 1.75706E-008,   -53.05, 1.12347E-014,   108.43,    431.936,   138.60,    431.936,    18.60,    431.936,  -101.40, 6.3809E-007,   126.95, 4.54747E-013,   -90.00
Transformer.T_FZ7676,    7.98196,   -41.44,    7.98196,  -161.44,    7.98196,    78.56, 1.0475E-008,   -55.62, 3.55271E-015,   180.00,    289.871,   138.56,    289.871,    18.56,    289.871,  -101.44, 3.80409E-007,   124.38, 5.2407E-013,   -12.53
Transformer.T_FZ7675,    7.98196,   -41.44,    7.98196,  -161.44,    7.98196,    78.56, 1.04765E-008,   -55.62, 3.97205E-015,   116.57,    289.871,   138.56,    289.871,    18.56,    289.871,  -101.44, 3.80462E-007,   124.38, 2.04952E-013,    33.69
Transformer.T_FZ2403,    2.13019,   -41.45,    2.13019,  -161.45,    2.13019,    78.55, 2.74512E-009,   -55.56, 1.77636E-015,   -90.00,    77.3597,   138.55,    77.3597,    18.55,    77.3597,  -101.45, 9.96914E-008,   124.44, 1.17186E-013,  -165.96
Transformer.T_FIC1384,     23.948,   -41.44,     23.948,  -161.44,     23.948,    78.56, 3.13476E-008,   -55.39, 3.17764E-014,   -63.43,    869.689,   138.56,    869.689,    18.56,    869.689,  -101.44, 1.13841E-006,   124.61, 6.82121E-013,     0.00
Transformer.T_FT3774,    3.17171,   -41.40,    3.17171,  -161.40,    3.17171,    78.60, 4.5596E-009,   -53.58, 5.61733E-015,   161.57,    115.183,   138.60,    115.183,    18.60,    115.183,  -101.40, 1.65585E-007,   126.42, 5.68434E-014,   -90.00
Transformer.T_FZ6242,    7.97564,   -41.44,    7.97564,  -161.44,    7.97564,    78.56, 1.0498E-008,   -55.27, 9.56597E-015,   158.20,    289.642,   138.56,    289.642,    18.56,    289.642,  -101.44, 3.81244E-007,   124.73, 3.59509E-013,   -18.43
Transformer.T_FZ7673,    7.98235,   -41.44,    7.98235,  -161.44,    7.98235,    78.56, 1.04699E-008,   -55.59, 3.55271E-015,    90.00,    289.885,   138.56,    289.885,    18.56,    289.885,  -101.44, 3.80225E-007,   124.41, 3.81317E-013,    63.43
Transformer.T_FT3793,    4.78036,   -41.43,    4.78036,  -161.43,    4.78036,    78.57, 6.40114E-009,   -54.81, 1.77636E-015,   180.00,    173.602,   138.57,    173.602,    18.57,    173.602,  -101.43, 2.32462E-007,   125.19, 2.89846E-013,    78.69
Transformer.T_FZ6039,    3.19262,   -41.44,    3.19262,  -161.44,    3.19262,    78.56, 4.19831E-009,   -55.35, 1.98603E-015,   153.43,    115.942,   138.56,    115.942,    18.56,    115.942,  -101.44, 1.52465E-007,   124.65, 8.98773E-014,  -108.43
Transformer.T_FZ7674,    7.98235,   -41.44,    7.98235,  -161.44,    7.98235,    78.56, 1.04688E-008,   -55.58, 7.94411E-015,   -26.57,    289.885,   138.56,    289.885,    18.56,    289.885,  -101.44, 3.80183E-007,   124.42, 1.60777E-013,   135.00
Transformer.T_FZ5567,    4.79454,   -41.45,    4.79454,  -161.45,    4.79454,    78.55, 6.08379E-009,   -55.57, 8.88178E-015,    90.00,    174.118,   138.55,    174.118,    18.55,    174.118,  -101.45, 2.20938E-007,   124.43, 2.54211E-013,   -26.57
Transformer.T_FZ0766,    16.0029,   -41.46,    16.0029,  -161.46,    16.0029,    78.54, 1.97688E-008,   -55.87, 2.16103E-014,    80.54,    581.158,   138.54,    581.158,    18.54,    581.158,  -101.46, 7.1792E-007,   124.13, 6.12222E-013,    21.80
Transformer.T_FZ2792,    4.79854,   -41.46,    4.79854,  -161.46,    4.79854,    78.54, 5.99102E-009,   -55.79, 2.51215E-015,  -135.00,    174.263,   138.54,    174.263,    18.54,    174.263,  -101.46, 2.17569E-007,   124.21, 2.84217E-013,   143.13
Transformer.T_FZ4638,    7.98175,   -41.44,    7.98175,  -161.44,    7.98175,    78.56, 1.04794E-008,   -55.65, 7.10543E-015,    90.00,    289.864,   138.56,    289.864,    18.56,    289.864,  -101.44, 3.80569E-007,   124.35, 2.54211E-013,    26.57
Transformer.T_FZ4369,    7.98175,   -41.44,    7.98175,  -161.44,    7.98175,    78.56, 1.04794E-008,   -55.65, 7.10543E-015,    90.00,    289.864,   138.56,    289.864,    18.56,    289.864,  -101.44, 3.80569E-007,   124.35, 2.54211E-013,    26.57
Transformer.T_FZ9469,    31.9276,   -41.44,    31.9276,  -161.44,    31.9276,    78.56, 4.19146E-008,   -55.37, 2.84217E-014,   180.00,    1159.48,   138.56,    1159.48,    18.56,    1159.48,  -101.44, 1.52216E-006,   124.63, 1.28622E-012,    45.00
Transformer.T_FZ6075,    15.9632,   -41.44,    15.9632,  -161.44,    15.9632,    78.56, 2.09841E-008,   -55.36, 7.94411E-015,   116.57,    579.717,   138.56,    579.717,    18.56,    579.717,  -101.44, 7.62055E-007,   124.64, 9.09495E-013,   -90.00
Transformer.T_FZ4060,    15.9632,   -41.44,    15.9632,  -161.44,    15.9632,    78.56, 2.09891E-008,   -55.35, 2.5619E-014,  -123.69,    579.717,   138.56,    579.717,    18.56,    579.717,  -101.44, 7.62234E-007,   124.65, 3.21555E-013,   -45.00
Transformer.T_FZ8104,    15.9656,   -41.44,    15.9656,  -161.44,    15.9656,    78.56, 2.09005E-008,   -55.40, 3.17764E-014,   153.43,    579.802,   138.56,    579.802,    18.56,    579.802,  -101.44, 7.59019E-007,   124.60, 1.18693E-012,    73.30
Transformer.T_FZ5566,    7.99399,   -41.46,    7.99399,  -161.46,    7.99399,    78.54, 1.00984E-008,   -55.72, 9.56597E-015,    21.80,    290.308,   138.54,    290.308,    18.54,    290.308,  -101.46, 3.66733E-007,   124.28, 2.27374E-013,     0.00
Transformer.T_FT3764,    4.75762,   -41.40,    4.75762,  -161.40,    4.75762,    78.60, 7.01178E-009,   -53.10, 6.40475E-015,  -146.31,    172.777,   138.60,    172.777,    18.60,    172.777,  -101.40, 2.54638E-007,   126.90, 8.03887E-014,   -45.00
Transformer.T_FZ6473,    4.78477,   -41.44,    4.78477,  -161.44,    4.78477,    78.56, 6.31316E-009,   -55.33, 6.40475E-015,    56.31,    173.763,   138.56,    173.763,    18.56,    173.763,  -101.44, 2.29268E-007,   124.67, 2.89846E-013,   101.31
Transformer.T_FZ0107,    15.9491,   -41.44,    15.9491,  -161.44,    15.9491,    78.56, 2.10489E-008,   -55.32, 1.58882E-014,  -116.57,    579.203,   138.56,    579.203,    18.56,    579.203,  -101.44, 7.64406E-007,   124.68, 4.54747E-013,    90.00
Transformer.T_FX1367,    7.99035,   -41.45,    7.99035,  -161.45,    7.99035,    78.55, 1.02223E-008,   -55.65, 7.10543E-015,   180.00,    290.176,   138.55,    290.176,    18.55,    290.176,  -101.45, 3.71231E-007,   124.35, 1.13687E-013,     0.00
Transformer.T_FT3799,    7.98643,   -41.45,    7.98643,  -161.45,    7.98643,    78.55, 1.02425E-008,   -55.45, 3.55271E-015,    90.00,    290.033,   138.55,    290.033,    18.55,    290.033,  -101.45, 3.71965E-007,   124.55, 3.06111E-013,   158.20
Transformer.T_FT3784,    4.76721,   -41.41,    4.76721,  -161.41,    4.76721,    78.59, 6.67348E-009,   -54.03, 3.97205E-015,   116.57,    173.125,   138.59,    173.125,    18.59,    173.125,  -101.41, 2.42353E-007,   125.97, 2.04952E-013,   123.69
Load.L_FX2895,    289.894,   -41.44,    289.894,  -161.44,    289.894,    78.56, 3.79882E-007,   -55.54,          0,     0.00,          0,     0.00,          0,     0.00,          0,     0.00,          0,     0.00,          0,     0.00
Load.L_FT3766,    575.934,   -41.40,    575.934,  -161.40,    575.934,    78.60, 8.40412E-007,   -53.29,          0,     0.00,          0,     0.00,          0,     0.00,          0,     0.00,          0,     0.00,          0,     0.00
Load.L_FT3820,    434.598,   -41.43,    434.598,  -161.43,    434.598,    78.57, 5.78248E-007,   -55.34,          0,     0.00,          0,     0.00,          0,     0.00,          0,     0.00,          0,     0.00,          0,     0.00
Load.L_FT3804,    874.909,   -41.49,    874.909,  -161.49,    874.909,    78.51, 9.93813E-007,   -56.51,          0,     0.00,          0,     0.00,          0,     0.00,          0,     0.00,          0,     0.00,          0,     0.00
Load.L_FT3794,    579.324,   -41.44,    579.324,  -161.44,    579.324,    78.56, 7.61152E-007,   -55.22,          0,     0.00,          0,     0.00,          0,     0.00,          0,     0.00,          0,     0.00,          0,     0.00
Load.L_FIC1378,    289.898,   -41.44,    289.898,  -161.44,    289.898,    78.56, 3.79755E-007,   -55.52,          0,     0.00,          0,     0.00,          0,     0.00,          0,     0.00,          0,     0.00,          0,     0.00
Load.L_FT3803,    582.558,   -41.48,    582.558,  -161.48,    582.558,    78.52, 6.81196E-007,   -56.29,          0,     0.00,          0,     0.00,          0,     0.00,          0,     0.00,          0,     0.00,          0,     0.00
Load.L_FX0921,    289.996,   -41.44,    289.996,  -161.44,    289.996,    78.56, 3.76844E-007,   -55.50,          0,     0.00,          0,     0.00,          0,     0.00,          0,     0.00,          0,     0.00,          0,     0.00
Load.L_FT3830,    173.942,   -41.44,    173.942,  -161.44,    173.942,    78.56, 2.27693E-007,   -55.40,          0,     0.00,          0,     0.00,          0,     0.00,          0,     0.00,          0,     0.00,          0,     0.00
Load.L_FT3815,    57.9667,   -41.44,    57.9667,  -161.44,    57.9667,    78.56, 7.63945E-008,   -55.40,          0,     0.00,          0,     0.00,          0,     0.00,          0,     0.00,          0,     0.00,          0,     0.00
Load.L_FT3818,    289.719,   -41.43,    289.719,  -161.43,    289.719,    78.57, 3.85227E-007,   -55.30,          0,     0.00,          0,     0.00,          0,     0.00,          0,     0.00,          0,     0.00,          0,     0.00
Load.L_FZ4274,    289.725,   -41.43,    289.725,  -161.43,    289.725,    78.57, 3.85144E-007,   -55.31,          0,     0.00,          0,     0.00,          0,     0.00,          0,     0.00,          0,     0.00,          0,     0.00
Load.L_FT3567,    174.067,   -41.45,    174.067,  -161.45,    174.067,    78.55, 2.22039E-007,   -55.51,          0,     0.00,          0,     0.00,          0,     0.00,          0,     0.00,          0,     0.00,          0,     0.00
Load.L_FT3660,    289.733,   -41.43,    289.733,  -161.43,    289.733,    78.57, 3.85079E-007,   -55.32,          0,     0.00,          0,     0.00,          0,     0.00,          0,     0.00,          0,     0.00,          0,     0.00
Load.L_FT3578,    434.589,   -41.43,    434.589,  -161.43,    434.589,    78.57, 5.77716E-007,   -55.31,          0,     0.00,          0,     0.00,          0,     0.00,          0,     0.00,          0,     0.00,          0,     0.00
Load.L_FT3575,    434.769,   -41.44,    434.769,  -161.44,    434.769,    78.56, 5.72688E-007,   -55.28,          0,     0.00,          0,     0.00,          0,     0.00,          0,     0.00,          0,     0.00,          0,     0.00
Load.L_FT3827,    579.702,   -41.44,    579.702,  -161.44,    579.702,    78.56, 7.63166E-007,   -55.31,          0,     0.00,          0,     0.00,          0,     0.00,          0,     0.00,          0,     0.00,          0,     0.00
Load.L_FT3609,     173.92,   -41.44,     173.92,  -161.44,     173.92,    78.56, 2.28558E-007,   -55.34,          0,     0.00,          0,     0.00,          0,     0.00,          0,     0.00,          0,     0.00,          0,     0.00
Load.L_FT3806,     173.93,   -41.44,     173.93,  -161.44,     173.93,    78.56, 2.28144E-007,   -55.38,          0,     0.00,          0,     0.00,          0,     0.00,          0,     0.00,          0,     0.00,          0,     0.00
Load.L_FT3807,    289.877,   -41.44,    289.877,  -161.44,    289.877,    78.56, 3.80366E-007,   -55.37,          0,     0.00,          0,     0.00,          0,     0.00,          0,     0.00,          0,     0.00,          0,     0.00
Load.L_FT3819,    289.719,   -41.43,    289.719,  -161.43,    289.719,    78.57, 3.85291E-007,   -55.30,          0,     0.00,          0,     0.00,          0,     0.00,          0,     0.00,          0,     0.00,          0,     0.00
Load.L_FZ7141,    288.275,   -41.41,    288.275,  -161.41,    288.275,    78.59, 4.08743E-007,   -53.83,          0,     0.00,          0,     0.00,          0,     0.00,          0,     0.00,          0,     0.00,          0,     0.00
Load.L_FX2089,    173.909,   -41.44,    173.909,  -161.44,    173.909,    78.56, 2.29071E-007,   -55.28,          0,     0.00,          0,     0.00,          0,     0.00,          0,     0.00,          0,     0.00,          0,     0.00
Load.L_FT3570,    289.851,   -41.44,    289.851,  -161.44,    289.851,    78.56, 3.81133E-007,   -55.35,          0,     0.00,          0,     0.00,          0,     0.00,          0,     0.00,          0,     0.00,          0,     0.00
Load.L_FT3569,     173.94,   -41.44,     173.94,  -161.44,     173.94,    78.56, 2.27704E-007,   -55.39,          0,     0.00,          0,     0.00,          0,     0.00,          0,     0.00,          0,     0.00,          0,     0.00
Load.L_FT3783,    57.6818,   -41.41,    57.6818,  -161.41,    57.6818,    78.59, 8.12783E-008,   -53.92,          0,     0.00,          0,     0.00,          0,     0.00,          0,     0.00,          0,     0.00,          0,     0.00
Load.L_FZ6244,    289.641,   -41.44,    289.641,  -161.44,    289.641,    78.56, 3.81218E-007,   -55.27,          0,     0.00,          0,     0.00,          0,     0.00,          0,     0.00,          0,     0.00,          0,     0.00
Load.L_FX3121,    173.804,   -41.44,    173.804,  -161.44,    173.804,    78.56, 2.28064E-007,   -55.18,          0,     0.00,          0,     0.00,          0,     0.00,          0,     0.00,          0,     0.00,          0,     0.00
Load.L_FT3579,     173.84,   -41.43,     173.84,  -161.43,     173.84,    78.57, 2.31184E-007,   -55.34,          0,     0.00,          0,     0.00,          0,     0.00,          0,     0.00,          0,     0.00,          0,     0.00
Load.L_FT3765,    57.5927,   -41.40,    57.5927,  -161.40,    57.5927,    78.60, 8.44703E-008,   -53.18,          0,     0.00,          0,     0.00,          0,     0.00,          0,     0.00,          0,     0.00,          0,     0.00
Load.L_FZ5077,    289.436,   -41.43,    289.436,  -161.43,    289.436,    78.57, 3.8525E-007,   -54.91,          0,     0.00,          0,     0.00,          0,     0.00,          0,     0.00,          0,     0.00,          0,     0.00
Load.L_FZ6475,    289.602,   -41.44,    289.602,  -161.44,    289.602,    78.56, 3.82157E-007,   -55.33,          0,     0.00,          0,     0.00,          0,     0.00,          0,     0.00,          0,     0.00,          0,     0.00
Load.L_FP7931,     580.87,   -41.46,     580.87,  -161.46,     580.87,    78.54, 7.25258E-007,   -55.79,          0,     0.00,          0,     0.00,          0,     0.00,          0,     0.00,          0,     0.00,          0,     0.00
Load.L_FT3817,    434.591,   -41.43,    434.591,  -161.43,    434.591,    78.57, 5.77668E-007,   -55.31,          0,     0.00,          0,     0.00,          0,     0.00,          0,     0.00,          0,     0.00,          0,     0.00
Load.L_FT3805,    174.073,   -41.45,    174.073,  -161.45,    174.073,    78.55, 2.2381E-007,   -55.60,          0,     0.00,          0,     0.00,          0,     0.00,          0,     0.00,          0,     0.00,          0,     0.00
Load.L_FZ2811,    289.872,   -41.44,    289.872,  -161.44,    289.872,    78.56, 3.80732E-007,   -55.43,          0,     0.00,          0,     0.00,          0,     0.00,          0,     0.00,          0,     0.00,          0,     0.00
Load.L_FT3797,    434.396,   -41.43,    434.396,  -161.43,    434.396,    78.57, 5.73419E-007,   -55.31,          0,     0.00,          0,     0.00,          0,     0.00,          0,     0.00,          0,     0.00,          0,     0.00
Load.L_FT3816,    434.605,   -41.43,    434.605,  -161.43,    434.605,    78.57, 5.77473E-007,   -55.32,          0,     0.00,          0,     0.00,          0,     0.00,          0,     0.00,          0,     0.00,          0,     0.00
Load.L_FZ4474,    434.391,   -41.43,    434.391,  -161.43,    434.391,    78.57, 5.73451E-007,   -55.31,          0,     0.00,          0,     0.00,          0,     0.00,          0,     0.00,          0,     0.00,          0,     0.00
Load.L_FT3821,    579.466,   -41.43,    579.466,  -161.43,    579.466,    78.57, 7.70245E-007,   -55.32,          0,     0.00,          0,     0.00,          0,     0.00,          0,     0.00,          0,     0.00,          0,     0.00
Load.L_FT3823,    434.588,   -41.43,    434.588,  -161.43,    434.588,    78.57, 5.77899E-007,   -55.31,          0,     0.00,          0,     0.00,          0,     0.00,          0,     0.00,          0,     0.00,          0,     0.00
Load.L_FT3824,     434.58,   -41.43,     434.58,  -161.43,     434.58,    78.57, 5.78006E-007,   -55.31,          0,     0.00,          0,     0.00,          0,     0.00,          0,     0.00,          0,     0.00,          0,     0.00
Load.L_FT3802,    581.852,   -41.47,    581.852,  -161.47,    581.852,    78.53, 6.99652E-007,   -56.08,          0,     0.00,          0,     0.00,          0,     0.00,          0,     0.00,          0,     0.00,          0,     0.00
Load.L_FT3825,    434.576,   -41.43,    434.576,  -161.43,    434.576,    78.57, 5.78115E-007,   -55.31,          0,     0.00,          0,     0.00,          0,     0.00,          0,     0.00,          0,     0.00,          0,     0.00
Load.L_FZ6241,    173.775,   -41.44,    173.775,  -161.44,    173.775,    78.56, 2.29017E-007,   -55.30,          0,     0.00,          0,     0.00,          0,     0.00,          0,     0.00,          0,     0.00,          0,     0.00
Load.L_FZ7261,    289.852,   -41.44,    289.852,  -161.44,    289.852,    78.56, 3.80975E-007,   -55.67,          0,     0.00,          0,     0.00,          0,     0.00,          0,     0.00,          0,     0.00,          0,     0.00
Load.L_FZ6474,    173.769,   -41.44,    173.769,  -161.44,    173.769,    78.56, 2.29147E-007,   -55.32,          0,     0.00,          0,     0.00,          0,     0.00,          0,     0.00,          0,     0.00,          0,     0.00
Load.L_FZ7262,    289.852,   -41.44,    289.852,  -161.44,    289.852,    78.56, 3.80975E-007,   -55.67,          0,     0.00,          0,     0.00,          0,     0.00,          0,     0.00,          0,     0.00,          0,     0.00
Load.L_FT3565,     77.278,   -41.44,     77.278,  -161.44,     77.278,    78.56, 1.00652E-007,   -55.27,          0,     0.00,          0,     0.00,          0,     0.00,          0,     0.00,          0,     0.00,          0,     0.00
Load.L_FZ7155,     289.72,   -41.43,     289.72,  -161.43,     289.72,    78.57, 3.85208E-007,   -55.30,          0,     0.00,          0,     0.00,          0,     0.00,          0,     0.00,          0,     0.00,          0,     0.00
Load.L_FZ7955,    869.176,   -41.43,    869.176,  -161.43,    869.176,    78.57, 1.15543E-006,   -55.31,          0,     0.00,          0,     0.00,          0,     0.00,          0,     0.00,          0,     0.00,          0,     0.00
Load.L_FZ6472,    289.614,   -41.44,    289.614,  -161.44,    289.614,    78.56, 3.81841E-007,   -55.32,          0,     0.00,          0,     0.00,          0,     0.00,          0,     0.00,          0,     0.00,          0,     0.00
Load.L_FZ4364,    289.855,   -41.44,    289.855,  -161.44,    289.855,    78.56, 3.80829E-007,   -55.66,          0,     0.00,          0,     0.00,          0,     0.00,          0,     0.00,          0,     0.00,          0,     0.00
Load.L_FT3813,    289.855,   -41.44,    289.855,  -161.44,    289.855,    78.56, 3.808E-007,   -55.66,          0,     0.00,          0,     0.00,          0,     0.00,          0,     0.00,          0,     0.00,          0,     0.00
Load.L_FZ4170,    431.934,   -41.40,    431.934,  -161.40,    431.934,    78.60, 6.38081E-007,   -53.05,          0,     0.00,          0,     0.00,          0,     0.00,          0,     0.00,          0,     0.00,          0,     0.00
Load.L_FZ7676,     289.87,   -41.44,     289.87,  -161.44,     289.87,    78.56, 3.80402E-007,   -55.62,          0,     0.00,          0,     0.00,          0,     0.00,          0,     0.00,          0,     0.00,          0,     0.00
Load.L_FZ7675,     289.87,   -41.44,     289.87,  -161.44,     289.87,    78.56, 3.80456E-007,   -55.62,          0,     0.00,          0,     0.00,          0,     0.00,          0,     0.00,          0,     0.00,          0,     0.00
Load.L_FZ2403,    77.3594,   -41.44,    77.3594,  -161.44,    77.3594,    78.56, 9.96899E-008,   -55.55,          0,     0.00,          0,     0.00,          0,     0.00,          0,     0.00,          0,     0.00,          0,     0.00
Load.L_FIC1384,    869.686,   -41.44,    869.686,  -161.44,    869.686,    78.56, 1.13839E-006,   -55.39,          0,     0.00,          0,     0.00,          0,     0.00,          0,     0.00,          0,     0.00,          0,     0.00
Load.L_FT3774,    115.182,   -41.40,    115.182,  -161.40,    115.182,    78.60, 1.65583E-007,   -53.57,          0,     0.00,          0,     0.00,          0,     0.00,          0,     0.00,          0,     0.00,          0,     0.00
Load.L_FZ6242,     289.64,   -41.44,     289.64,  -161.44,     289.64,    78.56, 3.81239E-007,   -55.27,          0,     0.00,          0,     0.00,          0,     0.00,          0,     0.00,          0,     0.00,          0,     0.00
Load.L_FZ7673,    289.884,   -41.44,    289.884,  -161.44,    289.884,    78.56, 3.80219E-007,   -55.58,          0,     0.00,          0,     0.00,          0,     0.00,          0,     0.00,          0,     0.00,          0,     0.00
Load.L_FT3793,    173.602,   -41.43,    173.602,  -161.43,    173.602,    78.57, 2.32459E-007,   -54.80,          0,     0.00,          0,     0.00,          0,     0.00,          0,     0.00,          0,     0.00,          0,     0.00
Load.L_FZ6039,    115.942,   -41.44,    115.942,  -161.44,    115.942,    78.56, 1.52463E-007,   -55.35,          0,     0.00,          0,     0.00,          0,     0.00,          0,     0.00,          0,     0.00,          0,     0.00
Load.L_FZ7674,    289.884,   -41.44,    289.884,  -161.44,    289.884,    78.56, 3.80177E-007,   -55.57,          0,     0.00,          0,     0.00,          0,     0.00,          0,     0.00,          0,     0.00,          0,     0.00
Load.L_FZ5567,    174.117,   -41.45,    174.117,  -161.45,    174.117,    78.55, 2.20934E-007,   -55.57,          0,     0.00,          0,     0.00,          0,     0.00,          0,     0.00,          0,     0.00,          0,     0.00
Load.L_FZ0766,    581.155,   -41.46,    581.155,  -161.46,    581.155,    78.54, 7.17909E-007,   -55.86,          0,     0.00,          0,     0.00,          0,     0.00,          0,     0.00,          0,     0.00,          0,     0.00
Load.L_FZ2792,    174.262,   -41.46,    174.262,  -161.46,    174.262,    78.54, 2.17565E-007,   -55.79,          0,     0.00,          0,     0.00,          0,     0.00,          0,     0.00,          0,     0.00,          0,     0.00
Load.L_FZ4638,    289.862,   -41.44,    289.862,  -161.44,    289.862,    78.56, 3.80563E-007,   -55.64,          0,     0.00,          0,     0.00,          0,     0.00,          0,     0.00,          0,     0.00,          0,     0.00
Load.L_FZ4369,    289.862,   -41.44,    289.862,  -161.44,    289.862,    78.56, 3.80563E-007,   -55.64,          0,     0.00,          0,     0.00,          0,     0.00,          0,     0.00,          0,     0.00,          0,     0.00
Load.L_FZ9469,    1159.47,   -41.44,    1159.47,  -161.44,    1159.47,    78.56, 1.52214E-006,   -55.36,          0,     0.00,          0,     0.00,          0,     0.00,          0,     0.00,          0,     0.00,          0,     0.00
Load.L_FZ6075,    579.715,   -41.44,    579.715,  -161.44,    579.715,    78.56, 7.62044E-007,   -55.35,          0,     0.00,          0,     0.00,          0,     0.00,          0,     0.00,          0,     0.00,          0,     0.00
Load.L_FZ4060,    579.715,   -41.44,    579.715,  -161.44,    579.715,    78.56, 7.62222E-007,   -55.34,          0,     0.00,          0,     0.00,          0,     0.00,          0,     0.00,          0,     0.00,          0,     0.00
Load.L_FZ8104,      579.8,   -41.44,      579.8,  -161.44,      579.8,    78.56, 7.59009E-007,   -55.39,          0,     0.00,          0,     0.00,          0,     0.00,          0,     0.00,          0,     0.00,          0,     0.00
Load.L_FZ5566,    290.307,   -41.45,    290.307,  -161.45,    290.307,    78.55, 3.66727E-007,   -55.72,          0,     0.00,          0,     0.00,          0,     0.00,          0,     0.00,          0,     0.00,          0,     0.00
Load.L_FT3764,    172.776,   -41.40,    172.776,  -161.40,    172.776,    78.60, 2.54635E-007,   -53.09,          0,     0.00,          0,     0.00,          0,     0.00,          0,     0.00,          0,     0.00,          0,     0.00
Load.L_FZ6473,    173.762,   -41.44,    173.762,  -161.44,    173.762,    78.56, 2.29264E-007,   -55.33,          0,     0.00,          0,     0.00,          0,     0.00,          0,     0.00,          0,     0.00,          0,     0.00
Load.L_FZ0107,      579.2,   -41.43,      579.2,  -161.43,      579.2,    78.57, 7.64395E-007,   -55.32,          0,     0.00,          0,     0.00,          0,     0.00,          0,     0.00,          0,     0.00,          0,     0.00
Load.L_FX1367,    290.175,   -41.45,    290.175,  -161.45,    290.175,    78.55, 3.71227E-007,   -55.64,          0,     0.00,          0,     0.00,          0,     0.00,          0,     0.00,          0,     0.00,          0,     0.00
Load.L_FT3799,    290.032,   -41.45,    290.032,  -161.45,    290.032,    78.55, 3.7196E-007,   -55.44,          0,     0.00,          0,     0.00,          0,     0.00,          0,     0.00,          0,     0.00,          0,     0.00
Load.L_FT3784,    173.124,   -41.41,    173.124,  -161.41,    173.124,    78.59, 2.42349E-007,   -54.03,          0,     0.00,          0,     0.00,          0,     0.00,          0,     0.00,          0,     0.00,          0,     0.00
Load.CARGA_PONTA_CN05_PIOR_CASO_EXTREMO,    535.939,   -37.31,    535.939,  -157.31,    535.939,    82.69, 7.41285E-007,   161.39,          0,     0.00,          0,     0.00,          0,     0.00,          0,     0.00,          0,     0.00,          0,     0.00
