Element, I1_1, Ang1_1, I1_2, Ang1_2, I1_3, Ang1_3, I1_4, Ang1_4, Iresid1, AngResid1, I2_1, Ang2_1, I2_2, Ang2_2, I2_3, Ang2_3, I2_4, Ang2_4, Iresid2, AngResid2
Vsource.SOURCE,    143.694,   154.80,    143.695,    34.80,    143.695,   -85.20,          0,     0.00, 0.00294582,   -40.48,    143.694,   -25.20,    143.695,  -145.20,    143.695,    94.80,          0,     0.00, 0.00294582,   139.52
Line.L_BSB_MT_8922,    143.305,   154.80,    143.307,    34.80,    143.307,   -85.20,          0,     0.00, 0.00296764,   -39.88,    143.305,   -25.20,    143.307,  -145.20,    143.307,    94.80,          0,     0.00, 0.00296764,   140.12
Line.L_BSB_MT_639,   0.508355,   -24.83,   0.508355,  -144.83,   0.508355,    95.17,          0,     0.00, 2.68858E-007,     5.67,   0.508355,   155.17,   0.508355,    35.17,   0.508355,   -84.83,          0,     0.00, 2.68921E-007,  -174.34
Line.L_BSB_MT_3447, 5.82077E-010,   -53.13, 3.49246E-010,    90.00, 8.14907E-010,     0.00,          0,     0.00, 1.16996E-009,    -5.71, 6.98492E-010,    90.00, 4.19741E-010,   -56.31, 4.65661E-010,   180.00,          0,     0.00, 4.19741E-010,   123.69
Line.L_BSB_MT_3001,   0.368758,   155.01,   0.368991,    34.98,   0.368957,   -85.01,          0,     0.00, 0.000311547,   -51.38,   0.368758,   -24.99,   0.368991,  -145.02,   0.368957,    94.99,          0,     0.00, 0.000311547,   128.62
Line.L_BSB_MT_3004,     10.989,   154.96,     10.989,    34.96,     10.989,   -85.04,          0,     0.00, 8.18472E-006,  -172.90,     10.989,   -25.04,     10.989,  -145.04,     10.989,    94.96,          0,     0.00, 8.18474E-006,     7.11
Line.L_BSB_MT_3005,    43.6586,   154.97,    43.6589,    34.97,    43.6586,   -85.03,          0,     0.00, 0.000511028,    -8.79,    43.6586,   -25.03,    43.6589,  -145.03,    43.6586,    94.97,          0,     0.00, 0.000511028,   171.21
Line.L_BSB_MT_3006,    11.0245,   154.98,    11.0245,    34.98,    11.0246,   -85.02,          0,     0.00, 3.86821E-005,  -138.26,    11.0245,   -25.02,    11.0245,  -145.02,    11.0246,    94.98,          0,     0.00, 3.86822E-005,    41.74
Line.L_BSB_MT_3007,    3.77636,   -24.88,    3.77636,  -144.88,    3.77636,    95.12,          0,     0.00, 2.15917E-006,     5.36,    3.77636,   155.12,    3.77636,    35.12,    3.77636,   -84.88,          0,     0.00, 2.15923E-006,  -174.64
Line.L_BSB_MT_3015,    2.75033,   -25.03,    2.75025,  -145.03,     2.7503,    94.97,          0,     0.00, 0.00014249,   -17.07,    2.75033,   154.97,    2.75025,    34.97,     2.7503,   -85.03,          0,     0.00, 0.00014249,   162.93
Line.L_BSB_MT_3016,    9.16054,   -25.04,    9.16054,  -145.04,    9.16054,    94.96,          0,     0.00, 6.75374E-006,     6.49,    9.16054,   154.96,    9.16054,    34.96,    9.16054,   -85.04,          0,     0.00, 6.75382E-006,  -173.51
Line.L_BSB_MT_3019,    32.6341,   154.97,    32.6345,    34.97,    32.6341,   -85.03,          0,     0.00, 0.000408532,    -4.15,    32.6341,   -25.03,    32.6345,  -145.03,    32.6341,    94.97,          0,     0.00, 0.000408532,   175.85
Line.L_BSB_MT_3020,     5.5121,   -25.02,     5.5121,  -145.02,     5.5121,    94.98,          0,     0.00, 4.05405E-006,     6.70,     5.5121,   154.98,     5.5121,    34.98,     5.5121,   -85.02,          0,     0.00, 4.05411E-006,  -173.30
Line.L_BSB_MT_3021, 3.31835E-010,   142.13, 2.67534E-010,   112.38, 1.04935E-010,   146.31,          0,     0.00, 6.8037E-010,   131.53, 2.67138E-010,   -29.36, 2.25906E-010,   -75.07, 8.23181E-011,   -45.00,          0,     0.00, 5.36648E-010,   -49.40
Line.L_BSB_MT_3022, 3.95855E-010,   143.97, 1.86355E-010,   128.66, 1.54689E-010,   131.19,          0,     0.00, 7.31225E-010,   137.42, 3.23105E-010,   -35.84, 1.75228E-010,   -48.37, 1.04935E-010,   -33.69,          0,     0.00, 5.99991E-010,   -39.09
Line.L_BSB_MT_3023, 4.60172E-011,   108.43, 8.23181E-011,   135.00, 9.31777E-011,   141.34,          0,     0.00, 2.1633E-010,   132.27, 1.62695E-011,   153.43, 2.05795E-011,  -135.00, 3.25391E-011,   -63.43,          0,     0.00, 3.91822E-011,  -111.80
Line.L_BSB_MT_3025,    32.6341,   -25.03,    32.6345,  -145.03,    32.6341,    94.97,          0,     0.00, 0.000408532,   175.85,    32.6341,   154.97,    32.6345,    34.97,    32.6341,   -85.03,          0,     0.00, 0.000408532,    -4.15
Line.L_BSB_MT_3026,    32.6341,   154.97,    32.6345,    34.97,    32.6341,   -85.03,          0,     0.00, 0.000408532,    -4.15,    32.6341,   -25.03,    32.6345,  -145.03,    32.6341,    94.97,          0,     0.00, 0.000408532,   175.85
Line.L_BSB_MT_3027,    32.6341,   154.97,    32.6345,    34.97,    32.6341,   -85.03,          0,     0.00, 0.000408532,    -4.15,    32.6341,   -25.03,    32.6345,  -145.03,    32.6341,    94.97,          0,     0.00, 0.000408532,   175.85
Line.L_BSB_MT_3028,    31.5328,   154.97,    31.5332,    34.96,    31.5328,   -85.03,          0,     0.00, 0.000409332,    -4.13,    31.5328,   -25.03,    31.5332,  -145.04,    31.5328,    94.97,          0,     0.00, 0.000409332,   175.87
Line.L_BSB_MT_3029,    31.5328,   154.97,    31.5332,    34.96,    31.5328,   -85.03,          0,     0.00, 0.000409332,    -4.13,    31.5328,   -25.03,    31.5332,  -145.04,    31.5328,    94.97,          0,     0.00, 0.000409332,   175.87
Line.L_BSB_MT_3030, 8.31948E-006,   108.33, 4.40842E-005,     9.62, 4.90165E-005,    -2.19,          0,     0.00, 9.08221E-005,     8.48, 8.31952E-006,   -71.67, 4.40843E-005,  -170.38, 4.90169E-005,   177.81,          0,     0.00, 9.08224E-005,  -171.52
Line.L_BSB_MT_3031,    13.7384,   -25.04,    13.7384,  -145.04,    13.7383,    94.96,          0,     0.00, 0.000100962,    -0.66,    13.7384,   154.96,    13.7384,    34.96,    13.7383,   -85.04,          0,     0.00, 0.000100962,   179.34
Line.L_BSB_MT_3032, 7.03003E-005,   169.23, 3.68535E-005,   159.70, 8.80857E-005,   129.95,          0,     0.00, 0.000185454,   149.74, 7.03002E-005,   -10.77, 3.68534E-005,   -20.30, 8.80857E-005,   -50.05,          0,     0.00, 0.000185454,   -30.26
Line.L_BSB_MT_3049,   0.381256,   155.17,   0.381256,    35.17,   0.381256,   -84.83,          0,     0.00, 2.01769E-007,  -174.30,   0.381256,   -24.83,   0.381256,  -144.83,   0.381256,    95.17,          0,     0.00, 2.0172E-007,     5.74
Line.L_BSB_MT_3050,    4.13053,   155.17,    4.13053,    35.17,    4.13058,   -84.83,          0,     0.00, 7.08085E-005,   -95.79,    4.13053,   -24.83,    4.13053,  -144.83,    4.13058,    95.17,          0,     0.00, 7.08085E-005,    84.21
Line.L_BSB_MT_3051,    4.13053,   155.17,    4.13053,    35.17,    4.13058,   -84.83,          0,     0.00, 7.08084E-005,   -95.79,    4.13053,   -24.83,    4.13053,  -144.83,    4.13058,    95.17,          0,     0.00, 7.08084E-005,    84.21
Line.L_BSB_MT_3052,    4.13053,   155.17,    4.13053,    35.17,    4.13058,   -84.83,          0,     0.00, 7.0808E-005,   -95.79,    4.13053,   -24.83,    4.13053,  -144.83,    4.13058,    95.17,          0,     0.00, 7.08081E-005,    84.21
Line.L_BSB_MT_3053,    1.27084,   155.17,    1.27084,    35.16,    1.27089,   -84.84,          0,     0.00, 7.05221E-005,   -94.59,    1.27084,   -24.83,    1.27084,  -144.84,    1.27089,    95.16,          0,     0.00, 7.05221E-005,    85.41
Line.L_BSB_MT_3054,    13.8712,   -24.83,    13.8713,  -144.83,    13.8714,    95.17,          0,     0.00, 0.000332066,   159.55,    13.8712,   155.17,    13.8713,    35.17,    13.8714,   -84.83,          0,     0.00, 0.000332066,   -20.45
Line.L_BSB_MT_3055,    13.7384,   154.96,    13.7384,    34.96,    13.7383,   -85.04,          0,     0.00, 0.000100962,   179.34,    13.7384,   -25.04,    13.7384,  -145.04,    13.7383,    94.96,          0,     0.00, 0.000100962,    -0.66
Line.L_BSB_MT_3056,     10.989,   154.96,     10.989,    34.96,     10.989,   -85.04,          0,     0.00, 8.18485E-006,  -172.90,     10.989,   -25.04,     10.989,  -145.04,     10.989,    94.96,          0,     0.00, 8.18483E-006,     7.10
Line.L_BSB_MT_3057,    15.5654,   -25.04,    15.5656,  -145.04,    15.5653,    94.96,          0,     0.00, 0.000482463,  -175.34,    15.5654,   154.96,    15.5656,    34.96,    15.5653,   -85.04,          0,     0.00, 0.000482463,     4.66
Line.L_BSB_MT_3058,    15.5655,   -25.04,    15.5655,  -145.04,    15.5654,    94.96,          0,     0.00, 0.000250896,   177.40,    15.5655,   154.96,    15.5655,    34.96,    15.5654,   -85.04,          0,     0.00, 0.000250896,    -2.60
Line.L_BSB_MT_3059,    15.5655,   -25.04,    15.5655,  -145.04,    15.5654,    94.96,          0,     0.00, 0.000250896,   177.40,    15.5655,   154.96,    15.5655,    34.96,    15.5654,   -85.04,          0,     0.00, 0.000250896,    -2.60
Line.L_BSB_MT_101,    99.4901,   154.97,    99.4908,    34.97,    99.4908,   -85.02,          0,     0.00, 0.00197728,   -36.32,    99.4901,   -25.03,    99.4908,  -145.03,    99.4908,    94.98,          0,     0.00, 0.00197728,   143.68
Line.L_BSB_MT_102,     2.7593,   154.99,    2.75929,    34.99,     2.7593,   -85.01,          0,     0.00, 2.01062E-006,  -173.45,     2.7593,   -25.01,    2.75929,  -145.01,     2.7593,    94.99,          0,     0.00, 2.01064E-006,     6.55
Line.L_BSB_MT_7583,     3.4839,   -25.03,    3.48381,  -145.03,    3.48386,    94.97,          0,     0.00, 0.000113303,   -20.58,     3.4839,   154.97,    3.48381,    34.97,    3.48386,   -85.03,          0,     0.00, 0.000113303,   159.42
Line.L_BSB_MT_7586,    12.2939,   154.96,    12.2941,    34.96,    12.2937,   -85.03,          0,     0.00, 0.000341994,     9.16,    12.2939,   -25.04,    12.2941,  -145.04,    12.2937,    94.97,          0,     0.00, 0.000341994,  -170.84
Line.L_BSB_MT_7587,     9.5343,   -24.83,    9.53456,  -144.83,    9.53464,    95.17,          0,     0.00, 0.000417455,   152.69,     9.5343,   155.17,    9.53456,    35.17,    9.53464,   -84.83,          0,     0.00, 0.000417455,   -27.31
Line.L_BSB_MT_7588,    13.7334,   -25.04,    13.7335,  -145.04,    13.7334,    94.96,          0,     0.00, 0.000285604,   173.82,    13.7334,   154.96,    13.7335,    34.96,    13.7334,   -85.04,          0,     0.00, 0.000285604,    -6.18
Line.L_BSB_MT_76,    103.767,   154.98,    103.767,    34.98,    103.767,   -85.02,          0,     0.00, 0.00190086,   -39.48,    103.767,   -25.02,    103.767,  -145.02,    103.767,    94.98,          0,     0.00, 0.00190086,   140.52
Line.L_BSB_MT_7627,    3.27143,   -25.05,    3.27164,  -145.05,    3.27152,    94.95,          0,     0.00, 0.000393322,  -147.32,    3.27143,   154.95,    3.27164,    34.95,    3.27152,   -85.05,          0,     0.00, 0.000393322,    32.68
Line.L_BSB_MT_7629,    9.16054,   -25.04,    9.16054,  -145.04,    9.16054,    94.96,          0,     0.00, 6.75406E-006,     6.49,    9.16054,   154.96,    9.16054,    34.96,    9.16054,   -85.04,          0,     0.00, 6.75413E-006,  -173.51
Line.L_BSB_MT_3066,    5.49405,   154.96,    5.49404,    34.96,    5.49405,   -85.04,          0,     0.00, 4.09228E-006,  -172.90,    5.49405,   -25.04,    5.49404,  -145.04,    5.49405,    94.96,          0,     0.00, 4.09222E-006,     7.10
Line.L_BSB_MT_3067,    15.5655,   -25.04,    15.5655,  -145.04,    15.5654,    94.96,          0,     0.00, 0.000250896,   177.40,    15.5655,   154.96,    15.5655,    34.96,    15.5654,   -85.04,          0,     0.00, 0.000250896,    -2.60
Line.L_BSB_MT_3068,    13.7334,   -25.04,    13.7335,  -145.04,    13.7334,    94.96,          0,     0.00, 0.000285604,   173.82,    13.7334,   154.96,    13.7335,    34.96,    13.7334,   -85.04,          0,     0.00, 0.000285604,    -6.18
Line.L_BSB_MT_3069,    10.9865,   -25.04,    10.9864,  -145.04,    10.9864,    94.96,          0,     0.00, 0.000117678,  -170.87,    10.9865,   154.96,    10.9864,    34.96,    10.9864,   -85.04,          0,     0.00, 0.000117678,     9.13
Line.L_BSB_MT_3070,    3.27143,   -25.05,    3.27164,  -145.05,    3.27152,    94.95,          0,     0.00, 0.000393321,  -147.32,    3.27143,   154.95,    3.27164,    34.95,    3.27152,   -85.05,          0,     0.00, 0.000393321,    32.68
Line.L_BSB_MT_3071,    3.27143,   -25.05,    3.27164,  -145.05,    3.27152,    94.95,          0,     0.00, 0.000393322,  -147.32,    3.27143,   154.95,    3.27164,    34.95,    3.27152,   -85.05,          0,     0.00, 0.000393322,    32.68
Line.L_BSB_MT_3072,    3.27143,   -25.05,    3.27164,  -145.05,    3.27152,    94.95,          0,     0.00, 0.000393322,  -147.32,    3.27143,   154.95,    3.27164,    34.95,    3.27152,   -85.05,          0,     0.00, 0.000393322,    32.68
Line.L_BSB_MT_3073,    3.27143,   -25.05,    3.27164,  -145.05,    3.27152,    94.95,          0,     0.00, 0.000393322,  -147.32,    3.27143,   154.95,    3.27164,    34.95,    3.27152,   -85.05,          0,     0.00, 0.000393322,    32.68
Line.L_BSB_MT_3074,    4.37175,   -25.05,      4.372,  -145.04,     4.3719,    94.96,          0,     0.00, 0.000376184,  -151.39,    4.37175,   154.95,      4.372,    34.96,     4.3719,   -85.04,          0,     0.00, 0.000376184,    28.61
Line.L_BSB_MT_3075,    4.37181,   -25.04,    4.37199,  -145.04,    4.37194,    94.96,          0,     0.00, 0.000339553,  -177.74,    4.37181,   154.96,    4.37199,    34.96,    4.37194,   -85.04,          0,     0.00, 0.000339553,     2.26
Line.L_BSB_MT_3076,    9.87411,   -25.04,    9.87415,  -145.04,    9.87408,    94.96,          0,     0.00, 0.000202565,  -165.57,    9.87411,   154.96,    9.87415,    34.96,    9.87408,   -85.04,          0,     0.00, 0.000202565,    14.43
Line.L_BSB_MT_3077,    9.87411,   -25.04,    9.87415,  -145.04,    9.87408,    94.96,          0,     0.00, 0.000202565,  -165.57,    9.87411,   154.96,    9.87415,    34.96,    9.87408,   -85.04,          0,     0.00, 0.000202565,    14.43
Line.L_BSB_MT_3078,    27.6542,   -25.03,    27.6542,  -145.03,    27.6542,    94.97,          0,     0.00, 0.000341865,   132.79,    27.6542,   154.97,    27.6542,    34.97,    27.6542,   -85.03,          0,     0.00, 0.000341865,   -47.21
Line.L_BSB_MT_3079,    27.6542,   -25.03,    27.6542,  -145.03,    27.6542,    94.97,          0,     0.00, 0.000341865,   132.79,    27.6542,   154.97,    27.6542,    34.97,    27.6542,   -85.03,          0,     0.00, 0.000341865,   -47.21
Line.L_BSB_MT_3080, 6.90597E-006,   138.28, 6.69472E-005,  -108.01, 3.10037E-005,    73.77,          0,     0.00, 3.39738E-005,  -120.40, 6.90595E-006,   -41.72, 6.69473E-005,    71.99, 3.10037E-005,  -106.23,          0,     0.00, 3.39739E-005,    59.60
Line.L_BSB_MT_3081,     9.5343,   -24.83,    9.53456,  -144.83,    9.53464,    95.17,          0,     0.00, 0.000417455,   152.69,     9.5343,   155.17,    9.53456,    35.17,    9.53464,   -84.83,          0,     0.00, 0.000417455,   -27.31
Line.L_BSB_MT_3082,     9.5343,   -24.83,    9.53456,  -144.83,    9.53464,    95.17,          0,     0.00, 0.000417455,   152.69,     9.5343,   155.17,    9.53456,    35.17,    9.53464,   -84.83,          0,     0.00, 0.000417455,   -27.31
Line.L_BSB_MT_3083,     9.5343,   -24.83,    9.53456,  -144.83,    9.53464,    95.17,          0,     0.00, 0.000417455,   152.69,     9.5343,   155.17,    9.53456,    35.17,    9.53464,   -84.83,          0,     0.00, 0.000417455,   -27.31
Line.L_BSB_MT_3084,     9.5343,   -24.83,    9.53456,  -144.83,    9.53464,    95.17,          0,     0.00, 0.000417455,   152.69,     9.5343,   155.17,    9.53456,    35.17,    9.53464,   -84.83,          0,     0.00, 0.000417455,   -27.31
Line.L_BSB_MT_3085,     9.5343,   -24.83,    9.53456,  -144.83,    9.53464,    95.17,          0,     0.00, 0.000417455,   152.69,     9.5343,   155.17,    9.53456,    35.17,    9.53464,   -84.83,          0,     0.00, 0.000417455,   -27.31
Line.L_BSB_MT_3086,     9.5343,   -24.83,    9.53456,  -144.83,    9.53464,    95.17,          0,     0.00, 0.000417455,   152.69,     9.5343,   155.17,    9.53456,    35.17,    9.53464,   -84.83,          0,     0.00, 0.000417455,   -27.31
Line.L_BSB_MT_3087,     9.5343,   -24.83,    9.53456,  -144.83,    9.53464,    95.17,          0,     0.00, 0.000417455,   152.69,     9.5343,   155.17,    9.53456,    35.17,    9.53464,   -84.83,          0,     0.00, 0.000417455,   -27.31
Line.L_BSB_MT_3088,     9.5343,   -24.83,    9.53456,  -144.83,    9.53464,    95.17,          0,     0.00, 0.000417455,   152.69,     9.5343,   155.17,    9.53456,    35.17,    9.53464,   -84.83,          0,     0.00, 0.000417454,   -27.31
Line.L_BSB_MT_3089,    9.40702,   -24.83,    9.40723,  -144.83,    9.40729,    95.17,          0,     0.00, 0.00039772,   149.95,    9.40702,   155.17,    9.40723,    35.17,    9.40729,   -84.83,          0,     0.00, 0.00039772,   -30.05
Line.L_BSB_MT_3090,    9.40702,   -24.83,    9.40723,  -144.83,    9.40729,    95.17,          0,     0.00, 0.000397719,   149.95,    9.40702,   155.17,    9.40723,    35.17,    9.40729,   -84.83,          0,     0.00, 0.000397719,   -30.05
Line.L_BSB_MT_3091,    9.40702,   -24.83,    9.40723,  -144.83,    9.40729,    95.17,          0,     0.00, 0.000397719,   149.95,    9.40702,   155.17,    9.40723,    35.17,    9.40729,   -84.83,          0,     0.00, 0.000397719,   -30.05
Line.L_BSB_MT_3091A,    9.40702,   155.17,    9.40723,    35.17,    9.40729,   -84.83,          0,     0.00, 0.000397719,   -30.05,    9.40702,   -24.83,    9.40723,  -144.83,    9.40729,    95.17,          0,     0.00, 0.000397719,   149.95
Line.L_BSB_MT_3092,    9.40702,   -24.83,    9.40723,  -144.83,    9.40729,    95.17,          0,     0.00, 0.000397719,   149.95,    9.40702,   155.17,    9.40723,    35.17,    9.40729,   -84.83,          0,     0.00, 0.000397719,   -30.05
Line.L_BSB_MT_3093,    9.40702,   -24.83,    9.40723,  -144.83,    9.40729,    95.17,          0,     0.00, 0.000397719,   149.95,    9.40702,   155.17,    9.40723,    35.17,    9.40729,   -84.83,          0,     0.00, 0.000397719,   -30.05
Line.L_BSB_MT_3094,    9.40702,   -24.83,    9.40723,  -144.83,    9.40729,    95.17,          0,     0.00, 0.000397719,   149.95,    9.40702,   155.17,    9.40723,    35.17,    9.40729,   -84.83,          0,     0.00, 0.000397719,   -30.05
Line.L_BSB_MT_3110,     43.676,   -25.02,    43.6765,  -145.03,    43.6763,    94.98,          0,     0.00, 0.000868571,   140.90,     43.676,   154.98,    43.6765,    34.97,    43.6763,   -85.02,          0,     0.00, 0.000868571,   -39.10
Line.L_BSB_MT_3111,    99.4901,   154.97,    99.4908,    34.97,    99.4908,   -85.02,          0,     0.00, 0.00190377,   -36.68,    99.4901,   -25.03,    99.4908,  -145.03,    99.4908,    94.98,          0,     0.00, 0.00190377,   143.32
Line.L_BSB_MT_3118, 1.45519E-011,    90.00, 1.45519E-011,   -90.00, 5.24677E-011,  -146.31,          0,     0.00, 5.24677E-011,  -146.31, 7.27596E-012,    90.00, 7.27596E-011,   143.13, 3.25391E-011,    63.43,          0,     0.00, 9.11675E-011,   118.61
Line.L_BSB_MT_3119,    19.9142,   153.47,    19.9142,    33.47,    19.9142,   -86.53,          0,     0.00, 0.000129196,  -111.45,    19.9142,   -26.53,    19.9142,  -146.53,    19.9142,    93.47,          0,     0.00, 0.000129196,    68.55
Line.L_BSB_MT_3120,    19.9142,   -26.53,    19.9142,  -146.53,    19.9143,    93.47,          0,     0.00, 0.000293688,    64.95,    19.9142,   153.47,    19.9142,    33.47,    19.9143,   -86.53,          0,     0.00, 0.000293688,  -115.05
Line.L_BSB_MT_3121,    1.16401,   -24.74,     1.1639,  -144.75,    1.16411,    95.25,          0,     0.00, 0.000448624,    60.09,    1.16401,   155.26,     1.1639,    35.25,    1.16411,   -84.75,          0,     0.00, 0.000448624,  -119.91
Line.L_BSB_MT_3122, 2.11996E-005,    16.67, 8.16254E-005,   176.99, 8.1558E-005,    67.25,          0,     0.00, 9.05776E-005,   109.12, 2.11996E-005,  -163.33, 8.16253E-005,    -3.01, 8.15579E-005,  -112.75,          0,     0.00, 9.05775E-005,   -70.88
Line.L_BSB_MT_3123,    1.16399,   -24.74,    1.16383,  -144.75,    1.16404,    95.25,          0,     0.00, 0.000395202,    50.12,    1.16399,   155.26,    1.16383,    35.25,    1.16404,   -84.75,          0,     0.00, 0.000395202,  -129.88
Line.L_BSB_MT_3124, 0.000143015,    38.03, 5.66615E-005,    78.63, 0.000173172,    36.47,          0,     0.00, 0.000360582,    43.15, 0.000143015,  -141.97, 5.66615E-005,  -101.37, 0.000173172,  -143.53,          0,     0.00, 0.000360582,  -136.85
Line.L_BSB_MT_3125, 5.46854E-005,   -18.69, 5.38216E-006,    81.10, 3.90254E-005,    47.86,          0,     0.00, 8.05756E-005,    11.99, 5.46854E-005,   161.31, 5.38222E-006,   -98.90, 3.90256E-005,  -132.14,          0,     0.00, 8.05755E-005,  -168.01
Line.L_BSB_MT_3126,    123.397,   155.01,    123.399,    35.01,    123.399,   -84.99,          0,     0.00, 0.00282779,   -35.15,    123.397,   -24.99,    123.399,  -144.99,    123.399,    95.01,          0,     0.00, 0.00282779,   144.85
Line.L_BSB_MT_3127,    123.397,   155.01,    123.399,    35.01,    123.399,   -84.99,          0,     0.00, 0.00282779,   -35.15,    123.397,   -24.99,    123.399,  -144.99,    123.399,    95.01,          0,     0.00, 0.00282779,   144.85
Line.L_BSB_MT_3128,    123.397,   155.01,    123.399,    35.01,    123.399,   -84.99,          0,     0.00, 0.00282779,   -35.15,    123.397,   -24.99,    123.399,  -144.99,    123.399,    95.01,          0,     0.00, 0.00282779,   144.85
Line.L_BSB_MT_3129,    119.032,   155.01,    119.033,    35.00,    119.033,   -84.99,          0,     0.00, 0.00262808,   -35.61,    119.032,   -24.99,    119.033,  -145.00,    119.033,    95.01,          0,     0.00, 0.00262808,   144.39
Line.L_BSB_MT_3130,    118.649,   155.00,     118.65,    35.00,     118.65,   -85.00,          0,     0.00, 0.00266869,   -34.48,    118.649,   -25.00,     118.65,  -145.00,     118.65,    95.00,          0,     0.00, 0.00266869,   145.52
Line.L_BSB_MT_3140,    104.778,   154.98,    104.778,    34.98,    104.778,   -85.02,          0,     0.00, 0.00224066,   -39.10,    104.778,   -25.02,    104.778,  -145.02,    104.778,    94.98,          0,     0.00, 0.00224066,   140.90
Line.L_BSB_MT_3141,    104.271,   154.98,    104.272,    34.98,    104.272,   -85.02,          0,     0.00, 0.00190949,   -39.36,    104.271,   -25.02,    104.272,  -145.02,    104.272,    94.98,          0,     0.00, 0.00190949,   140.64
Line.L_BSB_MT_3142,    3.77636,   -24.88,    3.77636,  -144.88,    3.77636,    95.12,          0,     0.00, 2.15903E-006,     5.35,    3.77636,   155.12,    3.77636,    35.12,    3.77636,   -84.88,          0,     0.00, 2.15907E-006,  -174.65
Line.L_BSB_MT_3143,    99.9903,   154.98,     99.991,    34.97,     99.991,   -85.02,          0,     0.00, 0.00200751,   -34.19,    99.9903,   -25.02,     99.991,  -145.03,     99.991,    94.98,          0,     0.00, 0.00200751,   145.81
Line.L_BSB_MT_3145,    99.4901,   -25.03,    99.4908,  -145.03,    99.4908,    94.98,          0,     0.00, 0.00190377,   143.32,    99.4901,   154.97,    99.4908,    34.97,    99.4908,   -85.02,          0,     0.00, 0.00190377,   -36.68
Line.L_BSB_MT_3146,    15.5655,   -25.04,    15.5655,  -145.04,    15.5654,    94.96,          0,     0.00, 0.000250896,   177.40,    15.5655,   154.96,    15.5655,    34.96,    15.5654,   -85.04,          0,     0.00, 0.000250896,    -2.60
Line.L_BSB_MT_6412,    5.49292,   -25.04,    5.49294,  -145.04,    5.49285,    94.96,          0,     0.00, 7.4164E-005,  -147.08,    5.49292,   154.96,    5.49294,    34.96,    5.49285,   -85.04,          0,     0.00, 7.4164E-005,    32.92
Line.L_BSB_MT_6413,    5.49295,   -25.04,    5.49295,  -145.04,    5.49295,    94.96,          0,     0.00, 4.13617E-006,     7.69,    5.49295,   154.96,    5.49295,    34.96,    5.49295,   -85.04,          0,     0.00, 4.1361E-006,  -172.31
Line.L_BSB_MT_642,    9.40702,   155.17,    9.40723,    35.17,    9.40729,   -84.83,          0,     0.00, 0.000397718,   -30.05,    9.40702,   -24.83,    9.40723,  -144.83,    9.40729,    95.17,          0,     0.00, 0.000397718,   149.95
Line.L_BSB_MT_6448,    36.9102,   154.97,    36.9102,    34.97,    36.9102,   -85.03,          0,     0.00, 0.000314353,   -49.65,    36.9102,   -25.03,    36.9102,  -145.03,    36.9102,    94.97,          0,     0.00, 0.000314353,   130.35
Line.L_BSB_MT_645,    4.13053,   155.17,    4.13053,    35.17,    4.13058,   -84.83,          0,     0.00, 7.08086E-005,   -95.79,    4.13053,   -24.83,    4.13053,  -144.83,    4.13058,    95.17,          0,     0.00, 7.08086E-005,    84.21
Line.L_BSB_MT_646,    9.16054,   -25.04,    9.16054,  -145.04,    9.16054,    94.96,          0,     0.00, 6.75389E-006,     6.49,    9.16054,   154.96,    9.16054,    34.96,    9.16054,   -85.04,          0,     0.00, 6.75391E-006,  -173.51
Line.L_BSB_MT_647,    13.7384,   154.96,    13.7384,    34.96,    13.7383,   -85.04,          0,     0.00, 0.000100962,   179.34,    13.7384,   -25.04,    13.7384,  -145.04,    13.7383,    94.96,          0,     0.00, 0.000100961,    -0.66
Line.L_BSB_MT_650,     10.989,   154.96,     10.989,    34.96,     10.989,   -85.04,          0,     0.00, 8.18483E-006,  -172.90,     10.989,   -25.04,     10.989,  -145.04,     10.989,    94.96,          0,     0.00, 8.18486E-006,     7.10
Line.L_BSB_MT_65075, 2.12482E-005,     4.48, 7.51613E-006,  -106.10, 6.53503E-005,    59.92,          0,     0.00, 7.2721E-005,    44.52, 2.12483E-005,  -175.52, 7.51615E-006,    73.90, 6.53504E-005,  -120.08,          0,     0.00, 7.2721E-005,  -135.48
Line.L_BSB_MT_651, 6.50781E-011,   116.57, 1.0594E-010,    74.05, 9.31777E-011,   141.34,          0,     0.00, 2.30086E-010,   108.43, 4.1159E-011,   -45.00, 4.60172E-011,  -161.57, 2.91038E-011,     0.00,          0,     0.00, 4.60172E-011,   -71.57
Line.L_BSB_MT_7721,   0.860446,   155.00,   0.860851,    34.98,   0.860475,   -85.00,          0,     0.00, 0.000495944,     1.80,   0.860446,   -25.00,   0.860851,  -145.02,   0.860475,    95.00,          0,     0.00, 0.000495945,  -178.20
Line.L_BSB_MT_7722,   0.860446,   155.00,   0.860851,    34.98,   0.860475,   -85.00,          0,     0.00, 0.000495945,     1.80,   0.860446,   -25.00,   0.860851,  -145.02,   0.860475,    95.00,          0,     0.00, 0.000495945,  -178.20
Line.L_BSB_MT_7723,   0.860573,   155.00,   0.860859,    34.98,   0.860449,   -85.00,          0,     0.00, 0.000422298,     0.23,   0.860573,   -25.00,   0.860859,  -145.02,   0.860449,    95.00,          0,     0.00, 0.000422298,  -179.77
Line.L_BSB_MT_7724,   0.860573,   155.00,   0.860859,    34.98,   0.860449,   -85.00,          0,     0.00, 0.000422298,     0.23,   0.860573,   -25.00,   0.860859,  -145.02,   0.860449,    95.00,          0,     0.00, 0.000422297,  -179.77
Line.L_BSB_MT_7725,    0.36883,   155.00,   0.369088,    34.95,   0.368826,   -85.00,          0,     0.00, 0.000385334,   -18.47,    0.36883,   -25.00,   0.369088,  -145.05,   0.368826,    95.00,          0,     0.00, 0.000385334,   161.53
Line.L_BSB_MT_7726, 7.23912E-005,  -121.33, 0.000274828,     6.17, 0.000214974,  -100.95,          0,     0.00, 0.000311689,   -51.33, 7.23912E-005,    58.67, 0.000274828,  -173.83, 0.000214974,    79.05,          0,     0.00, 0.000311689,   128.67
Line.L_BSB_MT_7727, 7.23912E-005,  -121.33, 0.000274828,     6.17, 0.000214974,  -100.95,          0,     0.00, 0.000311689,   -51.33, 7.23912E-005,    58.67, 0.000274828,  -173.83, 0.000214974,    79.05,          0,     0.00, 0.000311689,   128.67
Line.L_BSB_MT_7728, 7.23912E-005,    58.67, 0.000274828,  -173.83, 0.000214974,    79.05,          0,     0.00, 0.000311689,   128.67, 7.23912E-005,  -121.33, 0.000274828,     6.17, 0.000214974,  -100.95,          0,     0.00, 0.000311689,   -51.33
Line.L_BSB_MT_7729, 7.23911E-005,    58.67, 0.000274828,  -173.83, 0.000214974,    79.05,          0,     0.00, 0.000311688,   128.67, 7.23911E-005,  -121.33, 0.000274828,     6.17, 0.000214974,  -100.95,          0,     0.00, 0.000311688,   -51.33
Line.L_BSB_MT_7730, 7.2391E-005,    58.67, 0.000274828,  -173.83, 0.000214974,    79.05,          0,     0.00, 0.000311688,   128.67, 7.2391E-005,  -121.33, 0.000274828,     6.17, 0.000214974,  -100.95,          0,     0.00, 0.000311688,   -51.33
Line.L_BSB_MT_7731, 7.23911E-005,    58.67, 0.000274828,  -173.83, 0.000214974,    79.05,          0,     0.00, 0.000311688,   128.67, 7.2391E-005,  -121.33, 0.000274828,     6.17, 0.000214974,  -100.95,          0,     0.00, 0.000311688,   -51.33
Line.L_BSB_MT_7732, 7.23909E-005,    58.67, 0.000274828,  -173.83, 0.000214974,    79.05,          0,     0.00, 0.000311688,   128.67, 7.23909E-005,  -121.33, 0.000274828,     6.17, 0.000214974,  -100.95,          0,     0.00, 0.000311687,   -51.33
Line.L_BSB_MT_7733, 7.2391E-005,    58.67, 0.000274828,  -173.83, 0.000214974,    79.05,          0,     0.00, 0.000311688,   128.67, 7.23909E-005,  -121.33, 0.000274828,     6.17, 0.000214974,  -100.95,          0,     0.00, 0.000311687,   -51.33
Line.L_BSB_MT_7734, 7.23909E-005,    58.67, 0.000274828,  -173.83, 0.000214974,    79.05,          0,     0.00, 0.000311687,   128.67, 7.2391E-005,  -121.33, 0.000274828,     6.17, 0.000214974,  -100.95,          0,     0.00, 0.000311687,   -51.33
Line.L_BSB_MT_7735, 7.27954E-005,    37.19, 8.89207E-005,  -166.02, 0.000186253,    88.79,          0,     0.00, 0.000210144,    96.66, 7.27953E-005,  -142.81, 8.89208E-005,    13.98, 0.000186253,   -91.21,          0,     0.00, 0.000210144,   -83.34
Line.L_BSB_MT_7736, 7.27954E-005,    37.19, 8.89207E-005,  -166.02, 0.000186253,    88.79,          0,     0.00, 0.000210144,    96.66, 7.27953E-005,  -142.81, 8.89207E-005,    13.98, 0.000186253,   -91.21,          0,     0.00, 0.000210144,   -83.34
Line.L_BSB_MT_7737, 2.70592E-005,   -41.23, 0.000187124,     2.46, 4.45083E-005,  -146.07,          0,     0.00, 0.000173857,   -11.49, 2.70592E-005,   138.77, 0.000187124,  -177.54, 4.45083E-005,    33.93,          0,     0.00, 0.000173857,   168.51
Line.L_BSB_MT_7738, 6.50781E-011,  -153.43, 3.25391E-011,    26.57, 2.91038E-011,   180.00,          0,     0.00, 5.99991E-011,  -165.96, 5.24677E-011,    56.31,          0,     0.00, 4.1159E-011,    45.00,          0,     0.00, 9.31777E-011,    51.34
Line.L_BSB_MT_7741, 7.27951E-005,    37.19, 8.89207E-005,  -166.02, 0.000186252,    88.79,          0,     0.00, 0.000210143,    96.66, 7.27951E-005,  -142.81, 8.89207E-005,    13.98, 0.000186252,   -91.21,          0,     0.00, 0.000210143,   -83.34
Line.L_BSB_MT_7819,    99.9903,   154.98,     99.991,    34.97,     99.991,   -85.02,          0,     0.00, 0.00194773,   -35.33,    99.9903,   -25.02,     99.991,  -145.03,     99.991,    94.98,          0,     0.00, 0.00194773,   144.67
Line.L_BSB_MT_7823,    104.271,   154.98,    104.272,    34.98,    104.272,   -85.02,          0,     0.00, 0.00190949,   -39.36,    104.271,   -25.02,    104.272,  -145.02,    104.272,    94.98,          0,     0.00, 0.00190949,   140.64
Line.L_BSB_MT_7824,    104.778,   154.98,    104.778,    34.98,    104.778,   -85.02,          0,     0.00, 0.00224066,   -39.10,    104.778,   -25.02,    104.778,  -145.02,    104.778,    94.98,          0,     0.00, 0.00224066,   140.90
Line.L_BSB_MT_3157,    55.8141,   -25.03,    55.8143,  -145.03,    55.8143,    94.97,          0,     0.00, 0.000942234,   150.85,    55.8141,   154.97,    55.8143,    34.97,    55.8143,   -85.03,          0,     0.00, 0.000942234,   -29.15
Line.L_BSB_MT_3158,    55.8141,   154.97,    55.8143,    34.97,    55.8143,   -85.03,          0,     0.00, 0.000942233,   -29.15,    55.8141,   -25.03,    55.8143,  -145.03,    55.8143,    94.97,          0,     0.00, 0.000942233,   150.85
Line.L_BSB_MT_3176,    43.3056,   154.98,     43.306,    34.97,    43.3057,   -85.02,          0,     0.00, 0.000719011,   -22.51,    43.3056,   -25.02,     43.306,  -145.03,    43.3057,    94.98,          0,     0.00, 0.000719011,   157.49
Line.L_BSB_MT_3177,    0.36883,   155.00,   0.369088,    34.95,   0.368826,   -85.00,          0,     0.00, 0.000385334,   -18.47,    0.36883,   -25.00,   0.369088,  -145.05,   0.368826,    95.00,          0,     0.00, 0.000385334,   161.53
Line.L_BSB_MT_3178, 4.12872E-005,   -13.54, 0.00012079,     3.95, 3.76131E-005,    59.27,          0,     0.00, 0.000182515,     9.77, 4.12872E-005,   166.46, 0.00012079,  -176.05, 3.7613E-005,  -120.73,          0,     0.00, 0.000182515,  -170.23
Line.L_BSB_MT_3179, 1.84114E-005,   -34.84, 1.52618E-005,   117.12, 5.16921E-005,  -118.95,          0,     0.00, 4.54172E-005,  -111.81, 1.84114E-005,   145.16, 1.52618E-005,   -62.88, 5.16921E-005,    61.05,          0,     0.00, 4.54173E-005,    68.19
Line.L_BSB_MT_3180,    37.7706,   -25.03,    37.7709,  -145.03,    37.7707,    94.97,          0,     0.00, 0.000668303,   154.23,    37.7706,   154.97,    37.7709,    34.97,    37.7707,   -85.03,          0,     0.00, 0.000668303,   -25.77
Line.L_BSB_MT_3181,    35.6816,   -25.03,    35.6816,  -145.03,    35.6816,    94.97,          0,     0.00, 0.000314847,   130.48,    35.6816,   154.97,    35.6816,    34.97,    35.6816,   -85.03,          0,     0.00, 0.000314847,   -49.52
Line.L_BSB_MT_3182,    49.1729,   154.97,    49.1731,    34.97,    49.1729,   -85.03,          0,     0.00, 0.000507125,    -8.92,    49.1729,   -25.03,    49.1731,  -145.03,    49.1729,    94.97,          0,     0.00, 0.000507125,   171.08
Line.L_BSB_MT_3185,    9.16054,   -25.04,    9.16054,  -145.04,    9.16054,    94.96,          0,     0.00, 6.75361E-006,     6.49,    9.16054,   154.96,    9.16054,    34.96,    9.16054,   -85.04,          0,     0.00, 6.75368E-006,  -173.51
Line.L_BSB_MT_3186,   0.762541,   155.16,   0.762531,    35.17,    0.76253,   -84.83,          0,     0.00, 5.84574E-005,    62.42,   0.762541,   -24.84,   0.762531,  -144.83,    0.76253,    95.17,          0,     0.00, 5.84573E-005,  -117.58
Line.L_BSB_MT_3187,    4.13053,   155.17,    4.13053,    35.17,    4.13058,   -84.83,          0,     0.00, 7.08081E-005,   -95.79,    4.13053,   -24.83,    4.13053,  -144.83,    4.13058,    95.17,          0,     0.00, 7.08082E-005,    84.21
Line.L_BSB_MT_3188,     10.989,   154.96,     10.989,    34.96,     10.989,   -85.04,          0,     0.00, 8.185E-006,  -172.90,     10.989,   -25.04,     10.989,  -145.04,     10.989,    94.96,          0,     0.00, 8.18498E-006,     7.10
Line.L_BSB_MT_3189,    9.87411,   -25.04,    9.87415,  -145.04,    9.87408,    94.96,          0,     0.00, 0.000202565,  -165.57,    9.87411,   154.96,    9.87415,    34.96,    9.87408,   -85.04,          0,     0.00, 0.000202565,    14.43
Line.L_BSB_MT_3190,    3.82658,   -24.82,    3.82658,  -144.82,    3.82658,    95.18,          0,     0.00, 1.86045E-006,     5.31,    3.82658,   155.18,    3.82658,    35.18,    3.82658,   -84.82,          0,     0.00, 1.86056E-006,  -174.69
Line.L_BSB_MT_3191,     9.5343,   -24.83,    9.53456,  -144.83,    9.53464,    95.17,          0,     0.00, 0.000417454,   152.69,     9.5343,   155.17,    9.53456,    35.17,    9.53464,   -84.83,          0,     0.00, 0.000417454,   -27.31
Line.L_BSB_MT_3192,    9.40702,   -24.83,    9.40723,  -144.83,    9.40729,    95.17,          0,     0.00, 0.000397719,   149.95,    9.40702,   155.17,    9.40723,    35.17,    9.40729,   -84.83,          0,     0.00, 0.000397718,   -30.05
Line.L_BSB_MT_3193,    3.66419,   -25.04,    3.66419,  -145.04,    3.66419,    94.96,          0,     0.00, 2.70168E-006,     6.48,    3.66419,   154.96,    3.66419,    34.96,    3.66419,   -85.04,          0,     0.00, 2.70161E-006,  -173.52
Line.L_BSB_MT_3194,    13.8712,   -24.83,    13.8714,  -144.83,    13.8714,    95.17,          0,     0.00, 0.000375155,   174.08,    13.8712,   155.17,    13.8714,    35.17,    13.8714,   -84.83,          0,     0.00, 0.000375155,    -5.92
Line.L_BSB_MT_3195,    1.16401,   -24.74,     1.1639,  -144.75,    1.16411,    95.25,          0,     0.00, 0.000448624,    60.09,    1.16401,   155.26,     1.1639,    35.25,    1.16411,   -84.75,          0,     0.00, 0.000448624,  -119.91
Line.L_BSB_MT_3196,    119.032,   155.01,    119.033,    35.00,    119.033,   -84.99,          0,     0.00, 0.00262808,   -35.61,    119.032,   -24.99,    119.033,  -145.00,    119.033,    95.01,          0,     0.00, 0.00262808,   144.39
Line.L_BSB_MT_3198,    9.87408,   -25.04,    9.87412,  -145.04,    9.87413,    94.97,          0,     0.00, 0.000302805,   169.67,    9.87408,   154.96,    9.87412,    34.96,    9.87413,   -85.03,          0,     0.00, 0.000302805,   -10.33
Line.L_BSB_MT_3199,    99.4901,   154.97,    99.4908,    34.97,    99.4908,   -85.02,          0,     0.00, 0.00197728,   -36.32,    99.4901,   -25.03,    99.4908,  -145.03,    99.4908,    94.98,          0,     0.00, 0.00197728,   143.68
Line.L_BSB_MT_3201,    43.3056,   154.98,     43.306,    34.97,    43.3057,   -85.02,          0,     0.00, 0.00071901,   -22.51,    43.3056,   -25.02,     43.306,  -145.03,    43.3057,    94.98,          0,     0.00, 0.00071901,   157.49
Line.L_BSB_MT_3202,   0.368815,   155.00,   0.368934,    34.97,   0.368909,   -85.00,          0,     0.00, 0.000272905,   -38.90,   0.368815,   -25.00,   0.368934,  -145.03,   0.368909,    95.00,          0,     0.00, 0.000272905,   141.10
Line.L_BSB_MT_3203,     10.989,   154.96,     10.989,    34.96,     10.989,   -85.04,          0,     0.00, 8.18421E-006,  -172.89,     10.989,   -25.04,     10.989,  -145.04,     10.989,    94.96,          0,     0.00, 8.18412E-006,     7.11
Line.L_BSB_MT_7829,    119.032,   155.01,    119.033,    35.00,    119.033,   -84.99,          0,     0.00, 0.00262808,   -35.61,    119.032,   -24.99,    119.033,  -145.00,    119.033,    95.01,          0,     0.00, 0.00262808,   144.39
Line.L_BSB_MT_7942,    119.032,   155.01,    119.033,    35.00,    119.033,   -84.99,          0,     0.00, 0.00262808,   -35.61,    119.032,   -24.99,    119.033,  -145.00,    119.033,    95.01,          0,     0.00, 0.00262808,   144.39
Line.L_BSB_MT_7943,    3.85178,   -24.78,    3.85178,  -144.78,    3.85178,    95.22,          0,     0.00, 1.68891E-006,     4.83,    3.85178,   155.22,    3.85178,    35.22,    3.85178,   -84.78,          0,     0.00, 1.68899E-006,  -175.17
Line.L_BSB_MT_56008, 7.2795E-005,  -142.81, 8.89206E-005,    13.98, 0.000186252,   -91.21,          0,     0.00, 0.000210143,   -83.34, 7.2795E-005,    37.19, 8.89207E-005,  -166.02, 0.000186252,    88.79,          0,     0.00, 0.000210143,    96.66
Line.L_BSB_MT_6793, 0.000143015,    38.03, 5.66615E-005,    78.63, 0.000173172,    36.47,          0,     0.00, 0.000360582,    43.15, 0.000143015,  -141.97, 5.66615E-005,  -101.37, 0.000173172,  -143.53,          0,     0.00, 0.000360582,  -136.85
Line.L_BSB_MT_6794,    119.032,   155.01,    119.033,    35.00,    119.033,   -84.99,          0,     0.00, 0.00262808,   -35.61,    119.032,   -24.99,    119.033,  -145.00,    119.033,    95.01,          0,     0.00, 0.00262808,   144.39
Line.L_BSB_MT_6795,    104.778,   154.98,    104.778,    34.98,    104.778,   -85.02,          0,     0.00, 0.00224066,   -39.10,    104.778,   -25.02,    104.778,  -145.02,    104.778,    94.98,          0,     0.00, 0.00224066,   140.90
Line.L_BSB_MT_6797,    99.9903,   154.98,     99.991,    34.97,     99.991,   -85.02,          0,     0.00, 0.00200751,   -34.19,    99.9903,   -25.02,     99.991,  -145.03,     99.991,    94.98,          0,     0.00, 0.00200751,   145.81
Line.L_BSB_MT_6798,    55.8141,   154.97,    55.8143,    34.97,    55.8143,   -85.03,          0,     0.00, 0.000942234,   -29.15,    55.8141,   -25.03,    55.8143,  -145.03,    55.8143,    94.97,          0,     0.00, 0.000942234,   150.85
Line.L_BSB_MT_6799,    50.2768,   154.97,    50.2771,    34.97,     50.277,   -85.03,          0,     0.00, 0.000870895,   -27.79,    50.2768,   -25.03,    50.2771,  -145.03,     50.277,    94.97,          0,     0.00, 0.000870895,   152.21
Line.L_BSB_MT_6801,    43.3055,   -25.02,     43.306,  -145.03,    43.3058,    94.98,          0,     0.00, 0.000871315,   148.56,    43.3055,   154.98,     43.306,    34.97,    43.3058,   -85.02,          0,     0.00, 0.000871315,   -31.44
Line.L_BSB_MT_6802,   0.860573,   155.00,   0.860859,    34.98,   0.860449,   -85.00,          0,     0.00, 0.000422298,     0.23,   0.860573,   -25.00,   0.860859,  -145.02,   0.860449,    95.00,          0,     0.00, 0.000422298,  -179.77
Line.L_BSB_MT_6803,    0.49143,   -25.01,    0.49143,  -145.01,    0.49143,    94.99,          0,     0.00, 3.557E-007,     6.12,    0.49143,   154.99,    0.49143,    34.99,    0.49143,   -85.01,          0,     0.00, 3.5521E-007,  -173.56
Line.L_BSB_MT_6804,    104.271,   154.98,    104.272,    34.98,    104.272,   -85.02,          0,     0.00, 0.00204434,   -39.72,    104.271,   -25.02,    104.272,  -145.02,    104.272,    94.98,          0,     0.00, 0.00204434,   140.28
Line.L_BSB_MT_6828,    31.5328,   154.97,    31.5332,    34.96,    31.5328,   -85.03,          0,     0.00, 0.000409332,    -4.13,    31.5328,   -25.03,    31.5332,  -145.04,    31.5328,    94.97,          0,     0.00, 0.000409332,   175.87
Line.L_BSB_MT_7944,    3.85178,   -24.78,    3.85178,  -144.78,    3.85178,    95.22,          0,     0.00, 1.68921E-006,     4.83,    3.85178,   155.22,    3.85178,    35.22,    3.85178,   -84.78,          0,     0.00, 1.68922E-006,  -175.18
Line.L_BSB_MT_7968,    5.51241,   -25.02,    5.51241,  -145.02,    5.51241,    94.98,          0,     0.00, 4.0541E-006,     6.71,    5.51241,   154.98,    5.51241,    34.98,    5.51241,   -85.02,          0,     0.00, 4.05453E-006,  -173.30
Line.L_BSB_MT_7969,    9.40699,   155.17,    9.40712,    35.17,    9.40717,   -84.83,          0,     0.00, 0.000210872,    -6.69,    9.40699,   -24.83,    9.40712,  -144.83,    9.40717,    95.17,          0,     0.00, 0.000210872,   173.31
Line.L_BSB_MT_7970,   0.381256,   155.17,   0.381256,    35.17,   0.381256,   -84.83,          0,     0.00, 2.01485E-007,  -174.18,   0.381256,   -24.83,   0.381256,  -144.83,   0.381256,    95.17,          0,     0.00, 2.014E-007,     5.85
Line.L_BSB_MT_7971,    15.5655,   -25.04,    15.5655,  -145.04,    15.5654,    94.96,          0,     0.00, 0.000250896,   177.40,    15.5655,   154.96,    15.5655,    34.96,    15.5654,   -85.04,          0,     0.00, 0.000250896,    -2.60
Line.L_BSB_MT_7972,    32.4315,   -25.03,    32.4316,  -145.03,    32.4315,    94.97,          0,     0.00, 0.000293399,   134.87,    32.4315,   154.97,    32.4316,    34.97,    32.4315,   -85.03,          0,     0.00, 0.000293399,   -45.13
Line.L_BSB_MT_7973,    9.40702,   -24.83,    9.40723,  -144.83,    9.40729,    95.17,          0,     0.00, 0.00039772,   149.95,    9.40702,   155.17,    9.40723,    35.17,    9.40729,   -84.83,          0,     0.00, 0.00039772,   -30.05
Line.L_BSB_MT_7974,    11.0245,   -25.02,    11.0245,  -145.02,    11.0246,    94.98,          0,     0.00, 3.86819E-005,    41.74,    11.0245,   154.98,    11.0245,    34.98,    11.0246,   -85.02,          0,     0.00, 3.86819E-005,  -138.26
Line.L_BSB_MT_7976,   0.368758,   155.01,   0.368991,    34.98,   0.368957,   -85.01,          0,     0.00, 0.000311546,   -51.38,   0.368758,   -24.99,   0.368991,  -145.02,   0.368957,    94.99,          0,     0.00, 0.000311546,   128.62
Line.L_BSB_MT_7976A,   0.368758,   -24.99,   0.368991,  -145.02,   0.368957,    94.99,          0,     0.00, 0.000311547,   128.62,   0.368758,   155.01,   0.368991,    34.98,   0.368957,   -85.01,          0,     0.00, 0.000311546,   -51.38
Line.L_BSB_MT_7981,    123.397,   155.01,    123.399,    35.01,    123.399,   -84.99,          0,     0.00, 0.00282779,   -35.15,    123.397,   -24.99,    123.399,  -144.99,    123.399,    95.01,          0,     0.00, 0.00282779,   144.85
Line.L_BSB_MT_7982,    18.7509,   -26.64,    18.7509,  -146.64,    18.7509,    93.36,          0,     0.00, 7.18216E-006,     2.08,    18.7509,   153.36,    18.7509,    33.36,    18.7509,   -86.64,          0,     0.00, 7.18224E-006,  -177.92
Line.L_BSB_MT_7995,    119.032,   155.01,    119.033,    35.00,    119.033,   -84.99,          0,     0.00, 0.00262808,   -35.61,    119.032,   -24.99,    119.033,  -145.00,    119.033,    95.01,          0,     0.00, 0.00262808,   144.39
Line.L_BSB_MT_7996,    119.032,   155.01,    119.033,    35.00,    119.033,   -84.99,          0,     0.00, 0.00262808,   -35.61,    119.032,   -24.99,    119.033,  -145.00,    119.033,    95.01,          0,     0.00, 0.00262808,   144.39
Line.L_BSB_MT_7997,    119.032,   155.01,    119.033,    35.00,    119.033,   -84.99,          0,     0.00, 0.00262808,   -35.61,    119.032,   -24.99,    119.033,  -145.00,    119.033,    95.01,          0,     0.00, 0.00262808,   144.39
Line.L_BSB_MT_7998,    123.397,   155.01,    123.399,    35.01,    123.399,   -84.99,          0,     0.00, 0.00282779,   -35.15,    123.397,   -24.99,    123.399,  -144.99,    123.399,    95.01,          0,     0.00, 0.00282779,   144.85
Line.L_BSB_MT_7999,    123.397,   155.01,    123.399,    35.01,    123.399,   -84.99,          0,     0.00, 0.00282779,   -35.15,    123.397,   -24.99,    123.399,  -144.99,    123.399,    95.01,          0,     0.00, 0.00282779,   144.85
Line.L_BSB_MT_8000,    123.397,   155.01,    123.399,    35.01,    123.399,   -84.99,          0,     0.00, 0.00282779,   -35.15,    123.397,   -24.99,    123.399,  -144.99,    123.399,    95.01,          0,     0.00, 0.00282779,   144.85
Line.L_BSB_MT_8023,    2.75029,   -25.03,    2.75028,  -145.03,    2.75029,    94.97,          0,     0.00, 2.01493E-006,     6.37,    2.75029,   154.97,    2.75028,    34.97,    2.75029,   -85.03,          0,     0.00, 2.015E-006,  -173.63
Line.L_BSB_MT_8023A,    2.75029,   154.97,    2.75028,    34.97,    2.75029,   -85.03,          0,     0.00, 2.01486E-006,  -173.63,    2.75029,   -25.03,    2.75028,  -145.03,    2.75029,    94.97,          0,     0.00, 2.01481E-006,     6.37
Line.L_BSB_MT_8023B, 1.04935E-010,   123.69, 2.09871E-010,   123.69, 1.77032E-010,    99.46,          0,     0.00, 4.81754E-010,   115.02, 1.24332E-010,   -20.56, 1.95234E-010,   -63.43, 8.23181E-011,   -45.00,          0,     0.00, 3.8086E-010,   -46.55
Line.L_BSB_MT_8023C, 3.25391E-011,   153.43, 9.20344E-011,   108.43, 8.76141E-011,    94.76,          0,     0.00, 2.00188E-010,   109.09, 2.05795E-011,   -45.00, 2.05795E-011,  -135.00, 7.27596E-012,     0.00,          0,     0.00, 2.99995E-011,   -75.96
Line.L_BSB_MT_8024,    2.75029,   -25.03,    2.75028,  -145.03,    2.75029,    94.97,          0,     0.00, 2.01478E-006,     6.38,    2.75029,   154.97,    2.75028,    34.97,    2.75029,   -85.03,          0,     0.00, 2.01482E-006,  -173.62
Line.L_BSB_MT_8025,    2.75029,   -25.03,    2.75028,  -145.03,    2.75029,    94.97,          0,     0.00, 2.01449E-006,     6.39,    2.75029,   154.97,    2.75028,    34.97,    2.75029,   -85.03,          0,     0.00, 2.01458E-006,  -173.61
Line.L_BSB_MT_8026,    2.75033,   -25.03,    2.75025,  -145.03,     2.7503,    94.97,          0,     0.00, 0.00014249,   -17.07,    2.75033,   154.97,    2.75025,    34.97,     2.7503,   -85.03,          0,     0.00, 0.00014249,   162.93
Line.L_BSB_MT_8027,    3.11708,   -25.03,    3.11702,  -145.03,    3.11709,    94.97,          0,     0.00, 0.000124466,   -16.19,    3.11708,   154.97,    3.11702,    34.97,    3.11709,   -85.03,          0,     0.00, 0.000124466,   163.81
Line.L_BSB_MT_8028,    3.11708,   -25.03,    3.11702,  -145.03,    3.11709,    94.97,          0,     0.00, 0.000124466,   -16.19,    3.11708,   154.97,    3.11702,    34.97,    3.11709,   -85.03,          0,     0.00, 0.000124466,   163.81
Line.L_BSB_MT_8029,     3.4839,   -25.03,    3.48381,  -145.03,    3.48386,    94.97,          0,     0.00, 0.000113303,   -20.59,     3.4839,   154.97,    3.48381,    34.97,    3.48386,   -85.03,          0,     0.00, 0.000113303,   159.41
Line.L_BSB_MT_8030,    16.6793,   154.97,    16.6792,    34.97,    16.6793,   -85.03,          0,     0.00, 7.41775E-005,   179.38,    16.6793,   -25.03,    16.6792,  -145.03,    16.6793,    94.97,          0,     0.00, 7.41775E-005,    -0.62
Line.L_BSB_MT_8064,    5.51425,   154.98,    5.51425,    34.98,    5.51425,   -85.02,          0,     0.00, 4.05091E-006,  -173.31,    5.51425,   -25.02,    5.51425,  -145.02,    5.51425,    94.98,          0,     0.00, 4.05085E-006,     6.69
Line.L_BSB_MT_8071, 7.23909E-005,    58.67, 0.000274828,  -173.83, 0.000214974,    79.05,          0,     0.00, 0.000311687,   128.67, 7.23908E-005,  -121.33, 0.000274828,     6.17, 0.000214973,  -100.95,          0,     0.00, 0.000311687,   -51.33
Line.L_BSB_MT_8072_56, 2.70591E-005,   -41.23, 0.000187124,     2.46, 4.45084E-005,  -146.07,          0,     0.00, 0.000173857,   -11.49, 2.70591E-005,   138.77, 0.000187124,  -177.54, 4.45085E-005,    33.93,          0,     0.00, 0.000173857,   168.51
Line.L_BSB_MT_8072_9, 1.19998E-010,  -165.96, 1.86355E-010,   -38.66, 8.73115E-011,   180.00,          0,     0.00, 1.56729E-010,  -111.80, 1.69703E-010,    59.04, 1.16415E-010,    90.00, 8.23181E-011,   135.00,          0,     0.00, 3.21462E-010,    84.81
Line.L_BSB_MT_8073, 7.27952E-005,    37.19, 8.89206E-005,  -166.02, 0.000186252,    88.79,          0,     0.00, 0.000210144,    96.66, 7.27953E-005,  -142.81, 8.89206E-005,    13.98, 0.000186252,   -91.21,          0,     0.00, 0.000210143,   -83.34
Line.L_BSB_MT_424,    9.16054,   -25.04,    9.16054,  -145.04,    9.16054,    94.96,          0,     0.00, 6.75425E-006,     6.48,    9.16054,   154.96,    9.16054,    34.96,    9.16054,   -85.04,          0,     0.00, 6.75435E-006,  -173.52
Line.L_BSB_MT_5697, 2.02162E-010,   -30.26, 8.23181E-011,   -45.00, 3.25391E-011,   -63.43,          0,     0.00, 3.11425E-010,   -37.41, 2.14856E-010,   151.70, 1.17321E-010,    97.13, 1.24332E-010,   110.56,          0,     0.00, 4.16195E-010,   126.47
Line.L_BSB_MT_5698,     19.239,   154.97,    19.2391,    34.97,     19.239,   -85.03,          0,     0.00, 5.08052E-005,  -117.35,     19.239,   -25.03,    19.2391,  -145.03,     19.239,    94.97,          0,     0.00, 5.08054E-005,    62.65
Line.L_BSB_MT_5699,    6.54625,   155.17,    6.54631,    35.17,    6.54636,   -84.83,          0,     0.00, 0.000140006,    -9.81,    6.54625,   -24.83,    6.54631,  -144.83,    6.54636,    95.17,          0,     0.00, 0.000140006,   170.19
Line.L_BSB_MT_5700,   0.381256,   155.17,   0.381256,    35.17,   0.381256,   -84.83,          0,     0.00, 2.01526E-007,  -174.25,   0.381256,   -24.83,   0.381256,  -144.83,   0.381256,    95.17,          0,     0.00, 2.01575E-007,     5.77
Line.L_BSB_MT_5701,    10.0445,   -24.83,    10.0448,  -144.83,    10.0448,    95.17,          0,     0.00, 0.000417246,   152.67,    10.0445,   155.17,    10.0448,    35.17,    10.0448,   -84.83,          0,     0.00, 0.000417246,   -27.33
Line.L_BSB_MT_5702,    5.49405,   154.96,    5.49404,    34.96,    5.49405,   -85.04,          0,     0.00, 4.09246E-006,  -172.90,    5.49405,   -25.04,    5.49404,  -145.04,    5.49405,    94.96,          0,     0.00, 4.0924E-006,     7.10
Line.L_BSB_MT_8138,    3.82658,   -24.82,    3.82658,  -144.82,    3.82658,    95.18,          0,     0.00, 1.8604E-006,     5.32,    3.82658,   155.18,    3.82658,    35.18,    3.82658,   -84.82,          0,     0.00, 1.86041E-006,  -174.69
Line.L_BSB_MT_8140,    50.2768,   154.97,    50.2771,    34.97,     50.277,   -85.03,          0,     0.00, 0.000870895,   -27.79,    50.2768,   -25.03,    50.2771,  -145.03,     50.277,    94.97,          0,     0.00, 0.000870895,   152.21
Line.L_BSB_MT_8190,    55.8141,   154.97,    55.8143,    34.97,    55.8143,   -85.03,          0,     0.00, 0.000942233,   -29.15,    55.8141,   -25.03,    55.8143,  -145.03,    55.8143,    94.97,          0,     0.00, 0.000942233,   150.85
Line.L_BSB_MT_6829,    9.16054,   -25.04,    9.16054,  -145.04,    9.16054,    94.96,          0,     0.00, 6.75385E-006,     6.49,    9.16054,   154.96,    9.16054,    34.96,    9.16054,   -85.04,          0,     0.00, 6.75391E-006,  -173.51
Line.L_BSB_MT_683,    104.778,   154.98,    104.778,    34.98,    104.778,   -85.02,          0,     0.00, 0.00224066,   -39.10,    104.778,   -25.02,    104.778,  -145.02,    104.778,    94.98,          0,     0.00, 0.00224066,   140.90
Line.L_BSB_MT_6830,    9.40699,   155.17,    9.40712,    35.17,    9.40717,   -84.83,          0,     0.00, 0.000210871,    -6.69,    9.40699,   -24.83,    9.40712,  -144.83,    9.40717,    95.17,          0,     0.00, 0.000210872,   173.31
Line.L_BSB_MT_6831,   0.508503,   155.17,   0.508503,    35.17,   0.508503,   -84.83,          0,     0.00, 2.68186E-007,  -174.10,   0.508503,   -24.83,   0.508503,  -144.83,   0.508503,    95.17,          0,     0.00, 2.68103E-007,     5.91
Line.L_BSB_MT_6832,    0.76251,   -24.83,   0.762494,  -144.84,    0.76252,    95.17,          0,     0.00, 7.72332E-005,   147.96,    0.76251,   155.17,   0.762494,    35.16,    0.76252,   -84.83,          0,     0.00, 7.72331E-005,   -32.04
Line.L_BSB_MT_6833,   0.381256,   155.17,   0.381256,    35.17,   0.381256,   -84.83,          0,     0.00, 2.0182E-007,  -174.37,   0.381256,   -24.83,   0.381256,  -144.83,   0.381256,    95.17,          0,     0.00, 2.01767E-007,     5.65
Line.L_BSB_MT_6834,     10.989,   154.96,     10.989,    34.96,     10.989,   -85.04,          0,     0.00, 8.18451E-006,  -172.89,     10.989,   -25.04,     10.989,  -145.04,     10.989,    94.96,          0,     0.00, 8.18447E-006,     7.11
Line.L_BSB_MT_6835,    32.4315,   -25.03,    32.4316,  -145.03,    32.4315,    94.97,          0,     0.00, 0.000293399,   134.87,    32.4315,   154.97,    32.4316,    34.97,    32.4315,   -85.03,          0,     0.00, 0.000293399,   -45.13
Line.L_BSB_MT_6836,     10.975,   -25.04,     10.975,  -145.04,     10.975,    94.97,          0,     0.00, 0.000302026,   169.63,     10.975,   154.96,     10.975,    34.96,     10.975,   -85.03,          0,     0.00, 0.000302026,   -10.37
Line.L_BSB_MT_6837,     9.5343,   -24.83,    9.53456,  -144.83,    9.53464,    95.17,          0,     0.00, 0.000417455,   152.69,     9.5343,   155.17,    9.53456,    35.17,    9.53464,   -84.83,          0,     0.00, 0.000417455,   -27.31
Line.L_BSB_MT_6838,    9.40702,   -24.83,    9.40723,  -144.83,    9.40729,    95.17,          0,     0.00, 0.00039772,   149.95,    9.40702,   155.17,    9.40723,    35.17,    9.40729,   -84.83,          0,     0.00, 0.00039772,   -30.05
Line.L_BSB_MT_6839,    9.40702,   155.17,    9.40723,    35.17,    9.40729,   -84.83,          0,     0.00, 0.000397719,   -30.05,    9.40702,   -24.83,    9.40723,  -144.83,    9.40729,    95.17,          0,     0.00, 0.000397719,   149.95
Line.L_BSB_MT_6840,    2.75029,   -25.03,    2.75028,  -145.03,    2.75029,    94.97,          0,     0.00, 2.0149E-006,     6.38,    2.75029,   154.97,    2.75028,    34.97,    2.75029,   -85.03,          0,     0.00, 2.01493E-006,  -173.62
Line.L_BSB_MT_6841,     10.975,   -25.04,     10.975,  -145.04,     10.975,    94.97,          0,     0.00, 0.000302026,   169.63,     10.975,   154.96,     10.975,    34.96,     10.975,   -85.03,          0,     0.00, 0.000302026,   -10.37
Line.L_BSB_MT_6842,    9.16054,   -25.04,    9.16054,  -145.04,    9.16054,    94.96,          0,     0.00, 6.7538E-006,     6.49,    9.16054,   154.96,    9.16054,    34.96,    9.16054,   -85.04,          0,     0.00, 6.75374E-006,  -173.51
Line.L_BSB_MT_9320,   0.366959,   154.97,   0.366958,    34.97,   0.366959,   -85.03,          0,     0.00, 2.70192E-007,  -173.50,   0.366959,   -25.03,   0.366958,  -145.03,   0.366959,    94.97,          0,     0.00, 2.70114E-007,     6.52
Line.L_BSB_MT_9321,     3.6748,   -25.02,     3.6748,  -145.02,     3.6748,    94.98,          0,     0.00, 2.69362E-006,     6.55,     3.6748,   154.98,     3.6748,    34.98,     3.6748,   -85.02,          0,     0.00, 2.69405E-006,  -173.46
Line.L_BSB_MT_9322,     31.329,   -25.03,    31.3291,  -145.03,     31.329,    94.97,          0,     0.00,  0.0002939,   134.99,     31.329,   154.97,    31.3291,    34.97,     31.329,   -85.03,          0,     0.00,  0.0002939,   -45.01
Line.L_BSB_MT_5703,    10.9749,   -25.03,    10.9749,  -145.04,     10.975,    94.97,          0,     0.00, 0.000354534,   135.99,    10.9749,   154.97,    10.9749,    34.96,     10.975,   -85.03,          0,     0.00, 0.000354534,   -44.01
Line.L_BSB_MT_5704,    9.16054,   -25.04,    9.16054,  -145.04,    9.16054,    94.96,          0,     0.00, 6.75412E-006,     6.48,    9.16054,   154.96,    9.16054,    34.96,    9.16054,   -85.04,          0,     0.00, 6.75419E-006,  -173.52
Line.L_BSB_MT_5705,     3.4839,   -25.03,    3.48381,  -145.03,    3.48386,    94.97,          0,     0.00, 0.000113303,   -20.58,     3.4839,   154.97,    3.48381,    34.97,    3.48386,   -85.03,          0,     0.00, 0.000113303,   159.41
Line.L_BSB_MT_5711,    55.8141,   -25.03,    55.8143,  -145.03,    55.8144,    94.97,          0,     0.00, 0.00101211,   146.18,    55.8141,   154.97,    55.8143,    34.97,    55.8144,   -85.03,          0,     0.00, 0.00101211,   -33.82
Line.L_BSB_MT_5713,    1.16401,   -24.74,     1.1639,  -144.75,    1.16411,    95.25,          0,     0.00, 0.000448624,    60.09,    1.16401,   155.26,     1.1639,    35.25,    1.16411,   -84.75,          0,     0.00, 0.000448624,  -119.91
Line.L_BSB_MT_5714,    122.884,   155.01,    122.885,    35.01,    122.885,   -84.99,          0,     0.00, 0.00275048,   -34.73,    122.884,   -24.99,    122.885,  -144.99,    122.885,    95.01,          0,     0.00, 0.00275048,   145.27
Line.L_BSB_MT_5717,    99.9903,   154.98,     99.991,    34.97,     99.991,   -85.02,          0,     0.00, 0.00200751,   -34.19,    99.9903,   -25.02,     99.991,  -145.03,     99.991,    94.98,          0,     0.00, 0.00200751,   145.81
Line.L_BSB_MT_5719,    43.3056,   154.98,     43.306,    34.97,    43.3057,   -85.02,          0,     0.00, 0.000719011,   -22.51,    43.3056,   -25.02,     43.306,  -145.03,    43.3057,    94.98,          0,     0.00, 0.000719011,   157.49
Line.L_BSB_MT_5720,    35.6816,   -25.03,    35.6816,  -145.03,    35.6816,    94.97,          0,     0.00, 0.000314847,   130.48,    35.6816,   154.97,    35.6816,    34.97,    35.6816,   -85.03,          0,     0.00, 0.000314847,   -49.52
Line.L_BSB_MT_5721,    43.6587,   154.97,    43.6589,    34.97,    43.6587,   -85.03,          0,     0.00, 0.000382618,    -8.31,    43.6587,   -25.03,    43.6589,  -145.03,    43.6587,    94.97,          0,     0.00, 0.000382618,   171.69
Line.L_BSB_MT_5740,   0.508355,   -24.83,   0.508355,  -144.83,   0.508355,    95.17,          0,     0.00, 2.69023E-007,     5.66,   0.508355,   155.17,   0.508355,    35.17,   0.508355,   -84.83,          0,     0.00, 2.69083E-007,  -174.37
Line.L_BSB_MT_5742,    9.16054,   -25.04,    9.16054,  -145.04,    9.16054,    94.96,          0,     0.00, 6.75409E-006,     6.49,    9.16054,   154.96,    9.16054,    34.96,    9.16054,   -85.04,          0,     0.00, 6.75412E-006,  -173.51
Line.L_BSB_MT_6972,    13.8711,   -24.83,    13.8714,  -144.83,    13.8714,    95.17,          0,     0.00, 0.000471117,   168.01,    13.8711,   155.17,    13.8714,    35.17,    13.8714,   -84.83,          0,     0.00, 0.000471117,   -11.99
Line.L_BSB_MT_6973,    99.9903,   154.98,     99.991,    34.97,     99.991,   -85.02,          0,     0.00, 0.00200751,   -34.19,    99.9903,   -25.02,     99.991,  -145.03,     99.991,    94.98,          0,     0.00, 0.00200751,   145.81
Line.L_BSB_MT_6978,    32.6341,   154.97,    32.6345,    34.97,    32.6341,   -85.03,          0,     0.00, 0.000408532,    -4.15,    32.6341,   -25.03,    32.6345,  -145.03,    32.6341,    94.97,          0,     0.00, 0.000408532,   175.85
Line.L_BSB_MT_6979,    1.27084,   155.17,    1.27084,    35.16,    1.27089,   -84.84,          0,     0.00, 7.05222E-005,   -94.59,    1.27084,   -24.83,    1.27084,  -144.84,    1.27089,    95.16,          0,     0.00, 7.05222E-005,    85.41
Line.L_BSB_MT_8255,    104.778,   154.98,    104.778,    34.98,    104.778,   -85.02,          0,     0.00, 0.00224066,   -39.10,    104.778,   -25.02,    104.778,  -145.02,    104.778,    94.98,          0,     0.00, 0.00224066,   140.90
Line.L_BSB_MT_8356,    99.4901,   154.97,    99.4908,    34.97,    99.4908,   -85.02,          0,     0.00, 0.00190377,   -36.68,    99.4901,   -25.03,    99.4908,  -145.03,    99.4908,    94.98,          0,     0.00, 0.00190377,   143.32
Line.L_BSB_MT_8494,    32.4315,   154.97,    32.4316,    34.97,    32.4315,   -85.03,          0,     0.00, 0.000293399,   -45.13,    32.4315,   -25.03,    32.4316,  -145.03,    32.4315,    94.97,          0,     0.00, 0.000293399,   134.87
Line.L_BSB_MT_8495,    32.6341,   154.97,    32.6345,    34.97,    32.6341,   -85.03,          0,     0.00, 0.000408531,    -4.15,    32.6341,   -25.03,    32.6345,  -145.03,    32.6341,    94.97,          0,     0.00, 0.000408531,   175.85
Line.L_BSB_MT_8496, 1.30156E-010,   116.57, 6.50781E-011,  -153.43, 1.16415E-010,   -90.00,          0,     0.00, 1.19998E-010,  -165.96, 6.50781E-011,   -26.57, 1.56729E-010,    68.20, 1.30156E-010,   116.57,          0,     0.00, 2.39996E-010,    75.96
Line.L_BSB_MT_8506,    99.4901,   -25.03,    99.4908,  -145.03,    99.4907,    94.98,          0,     0.00, 0.00187869,   143.74,    99.4901,   154.97,    99.4908,    34.97,    99.4907,   -85.02,          0,     0.00, 0.00187869,   -36.26
Line.L_BSB_MT_8508,    43.3056,   154.98,     43.306,    34.97,    43.3057,   -85.02,          0,     0.00, 0.00071901,   -22.51,    43.3056,   -25.02,     43.306,  -145.03,    43.3057,    94.98,          0,     0.00, 0.00071901,   157.49
Line.L_BSB_MT_8509,    43.3056,   -25.02,     43.306,  -145.03,    43.3057,    94.98,          0,     0.00, 0.00071901,   157.49,    43.3056,   154.98,     43.306,    34.97,    43.3057,   -85.02,          0,     0.00, 0.00071901,   -22.51
Line.L_BSB_MT_8510,    35.6816,   -25.03,    35.6816,  -145.03,    35.6816,    94.97,          0,     0.00, 0.000314847,   130.48,    35.6816,   154.97,    35.6816,    34.97,    35.6816,   -85.03,          0,     0.00, 0.000314847,   -49.52
Line.L_BSB_MT_8511,    35.6816,   -25.03,    35.6816,  -145.03,    35.6816,    94.97,          0,     0.00, 0.000314847,   130.48,    35.6816,   154.97,    35.6816,    34.97,    35.6816,   -85.03,          0,     0.00, 0.000314847,   -49.52
Line.L_BSB_MT_8512,    99.4901,   154.97,    99.4908,    34.97,    99.4908,   -85.02,          0,     0.00, 0.00190377,   -36.68,    99.4901,   -25.03,    99.4908,  -145.03,    99.4908,    94.98,          0,     0.00, 0.00190377,   143.32
Line.L_BSB_MT_8514,    99.4901,   154.97,    99.4908,    34.97,    99.4908,   -85.02,          0,     0.00, 0.00190377,   -36.68,    99.4901,   -25.03,    99.4908,  -145.03,    99.4908,    94.98,          0,     0.00, 0.00190377,   143.32
Line.L_BSB_MT_8515,    99.4901,   154.97,    99.4908,    34.97,    99.4908,   -85.02,          0,     0.00, 0.00190377,   -36.68,    99.4901,   -25.03,    99.4908,  -145.03,    99.4908,    94.98,          0,     0.00, 0.00190377,   143.32
Line.L_BSB_MT_8516,    99.4901,   154.97,    99.4908,    34.97,    99.4908,   -85.02,          0,     0.00, 0.00190377,   -36.68,    99.4901,   -25.03,    99.4908,  -145.03,    99.4908,    94.98,          0,     0.00, 0.00190377,   143.32
Line.L_BSB_MT_8517,    99.4901,   154.97,    99.4908,    34.97,    99.4908,   -85.02,          0,     0.00, 0.00190377,   -36.68,    99.4901,   -25.03,    99.4908,  -145.03,    99.4908,    94.98,          0,     0.00, 0.00190377,   143.32
Line.L_BSB_MT_8518,    99.4901,   154.97,    99.4908,    34.97,    99.4908,   -85.02,          0,     0.00, 0.00190377,   -36.68,    99.4901,   -25.03,    99.4908,  -145.03,    99.4908,    94.98,          0,     0.00, 0.00190377,   143.32
Line.L_BSB_MT_8529,    99.9903,   154.98,     99.991,    34.97,     99.991,   -85.02,          0,     0.00, 0.00194773,   -35.33,    99.9903,   -25.02,     99.991,  -145.03,     99.991,    94.98,          0,     0.00, 0.00194773,   144.67
Line.L_BSB_MT_8530,    103.767,   154.98,    103.767,    34.98,    103.767,   -85.02,          0,     0.00, 0.00190086,   -39.48,    103.767,   -25.02,    103.767,  -145.02,    103.767,    94.98,          0,     0.00, 0.00190086,   140.52
Line.L_BSB_MT_5809,     9.5343,   -24.83,    9.53456,  -144.83,    9.53464,    95.17,          0,     0.00, 0.000417455,   152.69,     9.5343,   155.17,    9.53456,    35.17,    9.53464,   -84.83,          0,     0.00, 0.000417455,   -27.31
Line.L_BSB_MT_5810,     3.4839,   -25.03,    3.48381,  -145.03,    3.48386,    94.97,          0,     0.00, 0.000113303,   -20.58,     3.4839,   154.97,    3.48381,    34.97,    3.48386,   -85.03,          0,     0.00, 0.000113303,   159.42
Line.L_BSB_MT_7091,    5.49294,   -25.04,    5.49295,  -145.04,    5.49285,    94.96,          0,     0.00, 0.000105937,  -114.34,    5.49294,   154.96,    5.49295,    34.96,    5.49285,   -85.04,          0,     0.00, 0.000105937,    65.66
Line.L_BSB_MT_7121,    43.3056,   154.98,     43.306,    34.97,    43.3057,   -85.02,          0,     0.00, 0.000719011,   -22.51,    43.3056,   -25.02,     43.306,  -145.03,    43.3057,    94.98,          0,     0.00, 0.000719011,   157.49
Line.L_BSB_MT_7129,    12.8284,   -25.03,    12.8285,  -145.03,    12.8284,    94.97,          0,     0.00, 5.61529E-005,   163.48,    12.8284,   154.97,    12.8285,    34.97,    12.8284,   -85.03,          0,     0.00, 5.61529E-005,   -16.52
Line.L_BSB_MT_3033,    9.40702,   -24.83,    9.40723,  -144.83,    9.40729,    95.17,          0,     0.00, 0.000397718,   149.95,    9.40702,   155.17,    9.40723,    35.17,    9.40729,   -84.83,          0,     0.00, 0.000397718,   -30.05
Line.L_BSB_MT_3034,    9.40699,   155.17,    9.40712,    35.17,    9.40717,   -84.83,          0,     0.00, 0.000210872,    -6.69,    9.40699,   -24.83,    9.40712,  -144.83,    9.40717,    95.17,          0,     0.00, 0.000210872,   173.31
Line.L_BSB_MT_3035,    9.40699,   155.17,    9.40712,    35.17,    9.40717,   -84.83,          0,     0.00, 0.000210871,    -6.69,    9.40699,   -24.83,    9.40712,  -144.83,    9.40717,    95.17,          0,     0.00, 0.000210871,   173.31
Line.L_BSB_MT_3036,    2.86074,   -24.83,    2.86081,  -144.83,    2.86081,    95.17,          0,     0.00, 7.14833E-005,   179.45,    2.86074,   155.17,    2.86081,    35.17,    2.86081,   -84.83,          0,     0.00, 7.14833E-005,    -0.55
Line.L_BSB_MT_3037,    4.63904,   155.16,    4.63914,    35.17,    4.63908,   -84.83,          0,     0.00, 0.000173501,    40.41,    4.63904,   -24.84,    4.63914,  -144.83,    4.63908,    95.17,          0,     0.00, 0.000173501,  -139.59
Line.L_BSB_MT_3038,    4.63904,   155.16,    4.63914,    35.17,    4.63908,   -84.83,          0,     0.00, 0.000173502,    40.41,    4.63904,   -24.84,    4.63914,  -144.83,    4.63908,    95.17,          0,     0.00, 0.000173501,  -139.59
Line.L_BSB_MT_3039,    4.13053,   155.17,    4.13053,    35.17,    4.13058,   -84.83,          0,     0.00, 7.08091E-005,   -95.79,    4.13053,   -24.83,    4.13053,  -144.83,    4.13058,    95.17,          0,     0.00, 7.08091E-005,    84.21
Line.L_BSB_MT_3040,   0.508503,   155.17,   0.508503,    35.17,   0.508503,   -84.83,          0,     0.00, 2.68233E-007,  -174.09,   0.508503,   -24.83,   0.508503,  -144.83,   0.508503,    95.17,          0,     0.00, 2.68135E-007,     5.95
Line.L_BSB_MT_3041,   0.508503,   -24.83,   0.508503,  -144.83,   0.508503,    95.17,          0,     0.00, 2.68272E-007,     5.90,   0.508503,   155.17,   0.508503,    35.17,   0.508503,   -84.83,          0,     0.00, 2.68296E-007,  -174.12
Line.L_BSB_MT_3042,   0.508503,   155.17,   0.508503,    35.17,   0.508503,   -84.83,          0,     0.00, 2.68363E-007,  -174.16,   0.508503,   -24.83,   0.508503,  -144.83,   0.508503,    95.17,          0,     0.00, 2.68342E-007,     5.86
Line.L_BSB_MT_3043,    1.27084,   155.17,    1.27084,    35.16,    1.27089,   -84.84,          0,     0.00, 7.05221E-005,   -94.59,    1.27084,   -24.83,    1.27084,  -144.84,    1.27089,    95.16,          0,     0.00, 7.05222E-005,    85.41
Line.L_BSB_MT_3044,    1.27084,   155.17,    1.27084,    35.16,    1.27089,   -84.84,          0,     0.00, 7.05222E-005,   -94.59,    1.27084,   -24.83,    1.27084,  -144.84,    1.27089,    95.16,          0,     0.00, 7.05223E-005,    85.42
Line.L_BSB_MT_3045,    1.27084,   155.17,    1.27084,    35.16,    1.27089,   -84.84,          0,     0.00, 7.05221E-005,   -94.59,    1.27084,   -24.83,    1.27084,  -144.84,    1.27089,    95.16,          0,     0.00, 7.05221E-005,    85.41
Line.L_BSB_MT_3046,   0.381256,   155.17,   0.381256,    35.17,   0.381256,   -84.83,          0,     0.00, 2.01249E-007,  -174.10,   0.381256,   -24.83,   0.381256,  -144.83,   0.381256,    95.17,          0,     0.00, 2.012E-007,     5.93
Line.L_BSB_MT_3047,   0.508355,   -24.83,   0.508355,  -144.83,   0.508355,    95.17,          0,     0.00, 2.68922E-007,     5.66,   0.508355,   155.17,   0.508355,    35.17,   0.508355,   -84.83,          0,     0.00, 2.68956E-007,  -174.36
Line.L_BSB_MT_3048,   0.381256,   155.17,   0.381256,    35.17,   0.381256,   -84.83,          0,     0.00, 2.01651E-007,  -174.28,   0.381256,   -24.83,   0.381256,  -144.83,   0.381256,    95.17,          0,     0.00, 2.01665E-007,     5.75
Line.L_BSB_MT_3095,    9.40702,   -24.83,    9.40723,  -144.83,    9.40729,    95.17,          0,     0.00, 0.000397718,   149.95,    9.40702,   155.17,    9.40723,    35.17,    9.40729,   -84.83,          0,     0.00, 0.000397718,   -30.05
Line.L_BSB_MT_3096,    9.40702,   155.17,    9.40723,    35.17,    9.40729,   -84.83,          0,     0.00, 0.000397718,   -30.05,    9.40702,   -24.83,    9.40723,  -144.83,    9.40729,    95.17,          0,     0.00, 0.000397718,   149.95
Line.L_BSB_MT_3097,    9.40702,   155.17,    9.40723,    35.17,    9.40729,   -84.83,          0,     0.00, 0.000397718,   -30.05,    9.40702,   -24.83,    9.40723,  -144.83,    9.40729,    95.17,          0,     0.00, 0.000397718,   149.95
Line.L_BSB_MT_3098,    2.75029,   -25.03,    2.75028,  -145.03,    2.75029,    94.97,          0,     0.00, 2.01476E-006,     6.39,    2.75029,   154.97,    2.75028,    34.97,    2.75029,   -85.03,          0,     0.00, 2.0148E-006,  -173.62
Line.L_BSB_MT_3099,    3.11708,   -25.03,    3.11702,  -145.03,    3.11709,    94.97,          0,     0.00, 0.000124466,   -16.19,    3.11708,   154.97,    3.11702,    34.97,    3.11709,   -85.03,          0,     0.00, 0.000124466,   163.81
Line.L_BSB_MT_3100,    3.11708,   -25.03,    3.11702,  -145.03,    3.11709,    94.97,          0,     0.00, 0.000124466,   -16.19,    3.11708,   154.97,    3.11702,    34.97,    3.11709,   -85.03,          0,     0.00, 0.000124466,   163.81
Line.L_BSB_MT_3101, 8.18687E-006,   -86.96, 6.55726E-005,   -39.36, 3.47889E-005,   -38.28,          0,     0.00, 0.000106012,   -42.28, 8.18688E-006,    93.04, 6.55725E-005,   140.64, 3.47889E-005,   141.72,          0,     0.00, 0.000106012,   137.72
Line.L_BSB_MT_3102,    9.87408,   -25.04,    9.87412,  -145.04,    9.87413,    94.97,          0,     0.00, 0.000302805,   169.67,    9.87408,   154.96,    9.87412,    34.96,    9.87413,   -85.03,          0,     0.00, 0.000302805,   -10.33
Line.L_BSB_MT_3103,    16.6793,   -25.03,    16.6792,  -145.03,    16.6793,    94.97,          0,     0.00, 7.41777E-005,    -0.62,    16.6793,   154.97,    16.6792,    34.97,    16.6793,   -85.03,          0,     0.00, 7.41777E-005,   179.38
Line.L_BSB_MT_3104,     3.4839,   -25.03,    3.48381,  -145.03,    3.48386,    94.97,          0,     0.00, 0.000113303,   -20.59,     3.4839,   154.97,    3.48381,    34.97,    3.48386,   -85.03,          0,     0.00, 0.000113303,   159.41
Line.L_BSB_MT_3105,    16.3123,   -25.03,    16.3123,  -145.03,    16.3123,    94.97,          0,     0.00, 5.74295E-005,   -24.56,    16.3123,   154.97,    16.3123,    34.97,    16.3123,   -85.03,          0,     0.00, 5.74297E-005,   155.44
Line.L_BSB_MT_3106,    9.16054,   -25.04,    9.16054,  -145.04,    9.16054,    94.96,          0,     0.00, 6.75372E-006,     6.49,    9.16054,   154.96,    9.16054,    34.96,    9.16054,   -85.04,          0,     0.00, 6.75381E-006,  -173.51
Line.L_BSB_MT_3107,    9.16054,   -25.04,    9.16054,  -145.04,    9.16054,    94.96,          0,     0.00, 6.75362E-006,     6.49,    9.16054,   154.96,    9.16054,    34.96,    9.16054,   -85.04,          0,     0.00, 6.75358E-006,  -173.51
Line.L_BSB_MT_3109,    99.4901,   154.97,    99.4908,    34.97,    99.4907,   -85.02,          0,     0.00, 0.00187869,   -36.26,    99.4901,   -25.03,    99.4908,  -145.03,    99.4907,    94.98,          0,     0.00, 0.00187869,   143.74
Line.L_BSB_MT_3159,    55.8141,   154.97,    55.8143,    34.97,    55.8143,   -85.03,          0,     0.00, 0.000942233,   -29.15,    55.8141,   -25.03,    55.8143,  -145.03,    55.8143,    94.97,          0,     0.00, 0.000942233,   150.85
Line.L_BSB_MT_3160,    55.8141,   154.97,    55.8143,    34.97,    55.8143,   -85.03,          0,     0.00, 0.000942233,   -29.15,    55.8141,   -25.03,    55.8143,  -145.03,    55.8143,    94.97,          0,     0.00, 0.000942233,   150.85
Line.L_BSB_MT_3161,    50.2768,   154.97,     50.277,    34.97,     50.277,   -85.03,          0,     0.00, 0.000945459,   -29.01,    50.2768,   -25.03,     50.277,  -145.03,     50.277,    94.97,          0,     0.00, 0.000945459,   150.99
Line.L_BSB_MT_3162,    50.2768,   -25.03,    50.2771,  -145.03,     50.277,    94.97,          0,     0.00, 0.000870895,   152.21,    50.2768,   154.97,    50.2771,    34.97,     50.277,   -85.03,          0,     0.00, 0.000870895,   -27.79
Line.L_BSB_MT_3163,    50.2768,   154.97,    50.2771,    34.97,     50.277,   -85.03,          0,     0.00, 0.000870894,   -27.79,    50.2768,   -25.03,    50.2771,  -145.03,     50.277,    94.97,          0,     0.00, 0.000870894,   152.21
Line.L_BSB_MT_3164,    50.2768,   154.97,    50.2771,    34.97,     50.277,   -85.03,          0,     0.00, 0.000870894,   -27.79,    50.2768,   -25.03,    50.2771,  -145.03,     50.277,    94.97,          0,     0.00, 0.000870895,   152.21
Line.L_BSB_MT_3165,    50.2769,   154.97,    50.2771,    34.97,     50.277,   -85.03,          0,     0.00, 0.000761805,   -24.06,    50.2769,   -25.03,    50.2771,  -145.03,     50.277,    94.97,          0,     0.00, 0.000761805,   155.94
Line.L_BSB_MT_3166,    49.1729,   154.97,    49.1731,    34.97,    49.1729,   -85.03,          0,     0.00, 0.000507125,    -8.92,    49.1729,   -25.03,    49.1731,  -145.03,    49.1729,    94.97,          0,     0.00, 0.000507125,   171.08
Line.L_BSB_MT_3167,    49.1729,   154.97,    49.1731,    34.97,    49.1729,   -85.03,          0,     0.00, 0.000507125,    -8.92,    49.1729,   -25.03,    49.1731,  -145.03,    49.1729,    94.97,          0,     0.00, 0.000507125,   171.08
Line.L_BSB_MT_8540,    104.271,   154.98,    104.272,    34.98,    104.272,   -85.02,          0,     0.00, 0.00190949,   -39.36,    104.271,   -25.02,    104.272,  -145.02,    104.272,    94.98,          0,     0.00, 0.00190949,   140.64
Line.L_BSB_MT_8541,    104.271,   154.98,    104.272,    34.98,    104.272,   -85.02,          0,     0.00, 0.00190949,   -39.36,    104.271,   -25.02,    104.272,  -145.02,    104.272,    94.98,          0,     0.00, 0.00190949,   140.64
Line.L_BSB_MT_8542,    104.778,   154.98,    104.778,    34.98,    104.778,   -85.02,          0,     0.00, 0.00224066,   -39.10,    104.778,   -25.02,    104.778,  -145.02,    104.778,    94.98,          0,     0.00, 0.00224066,   140.90
Line.L_BSB_MT_8543,    104.778,   154.98,    104.778,    34.98,    104.778,   -85.02,          0,     0.00, 0.00224066,   -39.10,    104.778,   -25.02,    104.778,  -145.02,    104.778,    94.98,          0,     0.00, 0.00224066,   140.90
Line.L_BSB_MT_8576,    43.3056,   154.98,     43.306,    34.97,    43.3057,   -85.02,          0,     0.00, 0.000719011,   -22.51,    43.3056,   -25.02,     43.306,  -145.03,    43.3057,    94.98,          0,     0.00, 0.000719011,   157.49
Line.L_BSB_MT_8580,      2.747,   -25.04,      2.747,  -145.04,      2.747,    94.96,          0,     0.00, 2.0678E-006,     7.65,      2.747,   154.96,      2.747,    34.96,      2.747,   -85.04,          0,     0.00, 2.06826E-006,  -172.35
Line.L_BSB_MT_8581,    13.7334,   -25.04,    13.7335,  -145.04,    13.7334,    94.96,          0,     0.00, 0.000285604,   173.82,    13.7334,   154.96,    13.7335,    34.96,    13.7334,   -85.04,          0,     0.00, 0.000285604,    -6.18
Line.L_BSB_MT_5925,    99.4901,   154.97,    99.4908,    34.97,    99.4908,   -85.02,          0,     0.00, 0.00190377,   -36.68,    99.4901,   -25.03,    99.4908,  -145.03,    99.4908,    94.98,          0,     0.00, 0.00190377,   143.32
Line.L_BSB_MT_3172,    43.3056,   154.98,     43.306,    34.97,    43.3057,   -85.02,          0,     0.00, 0.00071901,   -22.51,    43.3056,   -25.02,     43.306,  -145.03,    43.3057,    94.98,          0,     0.00, 0.00071901,   157.49
Line.L_BSB_MT_3173,    5.53504,   -25.00,    5.53503,  -145.00,    5.53504,    95.00,          0,     0.00, 3.97482E-006,     6.56,    5.53504,   155.00,    5.53503,    35.00,    5.53504,   -85.00,          0,     0.00, 3.97475E-006,  -173.42
Line.L_BSB_MT_3175,   0.860573,   -25.00,   0.860859,  -145.02,   0.860449,    95.00,          0,     0.00, 0.000422298,  -179.77,   0.860573,   155.00,   0.860859,    34.98,   0.860449,   -85.00,          0,     0.00, 0.000422298,     0.23
Line.L_BSB_MT_7204,   0.508503,   155.17,   0.508503,    35.17,   0.508503,   -84.83,          0,     0.00, 2.67961E-007,  -174.02,   0.508503,   -24.83,   0.508503,  -144.83,   0.508503,    95.17,          0,     0.00, 2.68016E-007,     5.97
Line.L_BSB_MT_7205,     10.975,   -25.04,     10.975,  -145.04,     10.975,    94.97,          0,     0.00, 0.000302026,   169.63,     10.975,   154.96,     10.975,    34.96,     10.975,   -85.03,          0,     0.00, 0.000302026,   -10.37
Line.L_BSB_MT_7208,    104.778,   154.98,    104.778,    34.98,    104.778,   -85.02,          0,     0.00, 0.00224066,   -39.10,    104.778,   -25.02,    104.778,  -145.02,    104.778,    94.98,          0,     0.00, 0.00224066,   140.90
Line.L_BSB_MT_4899,     10.989,   154.96,     10.989,    34.96,     10.989,   -85.04,          0,     0.00, 8.18427E-006,  -172.89,     10.989,   -25.04,     10.989,  -145.04,     10.989,    94.96,          0,     0.00, 8.18424E-006,     7.11
Line.L_BSB_MT_4900,     10.989,   154.96,     10.989,    34.96,     10.989,   -85.04,          0,     0.00, 8.18489E-006,  -172.90,     10.989,   -25.04,     10.989,  -145.04,     10.989,    94.96,          0,     0.00, 8.18483E-006,     7.10
Line.L_BSB_MT_4901,    3.27143,   -25.05,    3.27164,  -145.05,    3.27152,    94.95,          0,     0.00, 0.000393321,  -147.32,    3.27143,   154.95,    3.27164,    34.95,    3.27152,   -85.05,          0,     0.00, 0.000393321,    32.68
Line.L_BSB_MT_4902,    15.5655,   -25.04,    15.5655,  -145.04,    15.5654,    94.96,          0,     0.00, 0.000250896,   177.40,    15.5655,   154.96,    15.5655,    34.96,    15.5654,   -85.04,          0,     0.00, 0.000250896,    -2.60
Line.L_BSB_MT_4903,    13.7334,   154.96,    13.7335,    34.96,    13.7334,   -85.04,          0,     0.00, 0.000285604,    -6.18,    13.7334,   -25.04,    13.7335,  -145.04,    13.7334,    94.96,          0,     0.00, 0.000285604,   173.82
Line.L_BSB_MT_4904,    3.27143,   -25.05,    3.27164,  -145.05,    3.27152,    94.95,          0,     0.00, 0.000393321,  -147.32,    3.27143,   154.95,    3.27164,    34.95,    3.27152,   -85.05,          0,     0.00, 0.000393321,    32.68
Line.L_BSB_MT_4905,    5.50221,   -25.03,     5.5022,  -145.03,    5.50221,    94.97,          0,     0.00, 4.08431E-006,     6.76,    5.50221,   154.97,     5.5022,    34.97,    5.50221,   -85.03,          0,     0.00, 4.08424E-006,  -173.24
Line.L_BSB_MT_4906,     10.975,   -25.04,     10.975,  -145.04,     10.975,    94.97,          0,     0.00, 0.000302026,   169.63,     10.975,   154.96,     10.975,    34.96,     10.975,   -85.03,          0,     0.00, 0.000302026,   -10.37
Line.L_BSB_MT_4908,     9.5343,   -24.83,    9.53456,  -144.83,    9.53464,    95.17,          0,     0.00, 0.000417455,   152.69,     9.5343,   155.17,    9.53456,    35.17,    9.53464,   -84.83,          0,     0.00, 0.000417455,   -27.31
Line.L_BSB_MT_4909,     9.5343,   -24.83,    9.53456,  -144.83,    9.53464,    95.17,          0,     0.00, 0.000417455,   152.69,     9.5343,   155.17,    9.53456,    35.17,    9.53464,   -84.83,          0,     0.00, 0.000417455,   -27.31
Line.L_BSB_MT_4910,    9.40702,   -24.83,    9.40723,  -144.83,    9.40729,    95.17,          0,     0.00, 0.000397718,   149.95,    9.40702,   155.17,    9.40723,    35.17,    9.40729,   -84.83,          0,     0.00, 0.000397718,   -30.05
Line.L_BSB_MT_4912,    9.87408,   -25.04,    9.87412,  -145.04,    9.87413,    94.97,          0,     0.00, 0.000302805,   169.67,    9.87408,   154.96,    9.87412,    34.96,    9.87413,   -85.03,          0,     0.00, 0.000302805,   -10.33
Line.L_BSB_MT_4913,    12.8284,   -25.03,    12.8284,  -145.03,    12.8284,    94.97,          0,     0.00, 9.45618E-006,     6.49,    12.8284,   154.97,    12.8284,    34.97,    12.8284,   -85.03,          0,     0.00, 9.45624E-006,  -173.51
Line.L_BSB_MT_4914,    32.4315,   -25.03,    32.4316,  -145.03,    32.4315,    94.97,          0,     0.00, 0.000293399,   134.87,    32.4315,   154.97,    32.4316,    34.97,    32.4315,   -85.03,          0,     0.00, 0.000293399,   -45.13
Line.L_BSB_MT_4915,    16.6793,   -25.03,    16.6792,  -145.03,    16.6793,    94.97,          0,     0.00, 7.41773E-005,    -0.62,    16.6793,   154.97,    16.6792,    34.97,    16.6793,   -85.03,          0,     0.00, 7.41774E-005,   179.38
Line.L_BSB_MT_4918,    19.9142,   -26.53,    19.9142,  -146.53,    19.9143,    93.47,          0,     0.00, 0.000293688,    64.95,    19.9142,   153.47,    19.9142,    33.47,    19.9143,   -86.53,          0,     0.00, 0.000293687,  -115.05
Line.L_BSB_MT_4919,    1.16399,   -24.74,    1.16383,  -144.75,    1.16404,    95.25,          0,     0.00, 0.000395203,    50.12,    1.16399,   155.26,    1.16383,    35.25,    1.16404,   -84.75,          0,     0.00, 0.000395203,  -129.88
Line.L_BSB_MT_4920,    123.397,   155.01,    123.399,    35.01,    123.399,   -84.99,          0,     0.00, 0.00282779,   -35.15,    123.397,   -24.99,    123.399,  -144.99,    123.399,    95.01,          0,     0.00, 0.00282779,   144.85
Line.L_BSB_MT_4921,    123.397,   155.01,    123.399,    35.01,    123.399,   -84.99,          0,     0.00, 0.00282779,   -35.15,    123.397,   -24.99,    123.399,  -144.99,    123.399,    95.01,          0,     0.00, 0.00282779,   144.85
Line.L_BSB_MT_4922,    104.778,   154.98,    104.778,    34.98,    104.778,   -85.02,          0,     0.00, 0.00224066,   -39.10,    104.778,   -25.02,    104.778,  -145.02,    104.778,    94.98,          0,     0.00, 0.00224066,   140.90
Line.L_BSB_MT_4926,    104.271,   154.98,    104.272,    34.98,    104.272,   -85.02,          0,     0.00, 0.00190949,   -39.36,    104.271,   -25.02,    104.272,  -145.02,    104.272,    94.98,          0,     0.00, 0.00190949,   140.64
Line.L_BSB_MT_4931,    55.8141,   -25.03,    55.8143,  -145.03,    55.8143,    94.97,          0,     0.00, 0.000942233,   150.85,    55.8141,   154.97,    55.8143,    34.97,    55.8143,   -85.03,          0,     0.00, 0.000942233,   -29.15
Line.L_BSB_MT_4932,    55.8141,   154.97,    55.8143,    34.97,    55.8143,   -85.03,          0,     0.00, 0.000942233,   -29.15,    55.8141,   -25.03,    55.8143,  -145.03,    55.8143,    94.97,          0,     0.00, 0.000942233,   150.85
Line.L_BSB_MT_4933,    50.2769,   154.97,    50.2772,    34.97,     50.277,   -85.03,          0,     0.00, 0.000696035,   -18.96,    50.2769,   -25.03,    50.2772,  -145.03,     50.277,    94.97,          0,     0.00, 0.000696035,   161.04
Line.L_BSB_MT_4936,    43.3056,   154.98,     43.306,    34.97,    43.3057,   -85.02,          0,     0.00, 0.000719011,   -22.51,    43.3056,   -25.02,     43.306,  -145.03,    43.3057,    94.98,          0,     0.00, 0.000719011,   157.49
Line.L_BSB_MT_4937,    37.7706,   154.97,    37.7709,    34.97,    37.7707,   -85.03,          0,     0.00, 0.000668303,   -25.77,    37.7706,   -25.03,    37.7709,  -145.03,    37.7707,    94.97,          0,     0.00, 0.000668303,   154.23
Line.L_BSB_MT_4938,    0.36883,   155.00,   0.369088,    34.95,   0.368826,   -85.00,          0,     0.00, 0.000385334,   -18.47,    0.36883,   -25.00,   0.369088,  -145.05,   0.368826,    95.00,          0,     0.00, 0.000385334,   161.53
Line.L_BSB_MT_4939, 4.12873E-005,   166.46, 0.000120791,  -176.05, 3.7613E-005,  -120.73,          0,     0.00, 0.000182515,  -170.23, 4.12873E-005,   -13.54, 0.000120791,     3.95, 3.7613E-005,    59.27,          0,     0.00, 0.000182515,     9.77
Line.L_BSB_MT_4940,   0.368758,   155.01,   0.368991,    34.98,   0.368957,   -85.01,          0,     0.00, 0.000311547,   -51.38,   0.368758,   -24.99,   0.368991,  -145.02,   0.368957,    94.99,          0,     0.00, 0.000311547,   128.62
Line.L_BSB_MT_4941,    36.9102,   -25.03,    36.9101,  -145.03,    36.9102,    94.97,          0,     0.00, 0.000323995,   109.12,    36.9102,   154.97,    36.9101,    34.97,    36.9102,   -85.03,          0,     0.00, 0.000323995,   -70.88
Line.L_BSB_MT_4942,    35.1908,   -25.03,    35.1908,  -145.03,    35.1908,    94.97,          0,     0.00, 0.000315046,   130.54,    35.1908,   154.97,    35.1908,    34.97,    35.1908,   -85.03,          0,     0.00, 0.000315046,   -49.46
Line.L_BSB_MT_4943,    32.6341,   154.97,    32.6345,    34.97,    32.6341,   -85.03,          0,     0.00, 0.000408531,    -4.15,    32.6341,   -25.03,    32.6345,  -145.03,    32.6341,    94.97,          0,     0.00, 0.000408531,   175.85
Line.L_BSB_MT_4945,    4.63904,   155.16,    4.63914,    35.17,    4.63908,   -84.83,          0,     0.00, 0.000173502,    40.41,    4.63904,   -24.84,    4.63914,  -144.83,    4.63908,    95.17,          0,     0.00, 0.000173502,  -139.59
Line.L_BSB_MT_8670,    143.305,   154.80,    143.307,    34.80,    143.307,   -85.20,          0,     0.00, 0.00296764,   -39.88,    143.305,   -25.20,    143.307,  -145.20,    143.307,    94.80,          0,     0.00, 0.00296764,   140.12
Line.L_BSB_MT_8675,    27.6542,   -25.03,    27.6542,  -145.03,    27.6542,    94.97,          0,     0.00, 0.000341865,   132.79,    27.6542,   154.97,    27.6542,    34.97,    27.6542,   -85.03,          0,     0.00, 0.000341865,   -47.21
Line.L_BSB_MT_8677,   0.508503,   155.17,   0.508503,    35.17,   0.508503,   -84.83,          0,     0.00, 2.68208E-007,  -174.15,   0.508503,   -24.83,   0.508503,  -144.83,   0.508503,    95.17,          0,     0.00, 2.6813E-007,     5.87
Line.L_BSB_MT_8678,    4.13053,   155.17,    4.13053,    35.17,    4.13058,   -84.83,          0,     0.00, 7.08088E-005,   -95.79,    4.13053,   -24.83,    4.13053,  -144.83,    4.13058,    95.17,          0,     0.00, 7.08088E-005,    84.21
Line.L_BSB_MT_8679,    4.13053,   155.17,    4.13053,    35.17,    4.13058,   -84.83,          0,     0.00, 7.08087E-005,   -95.79,    4.13053,   -24.83,    4.13053,  -144.83,    4.13058,    95.17,          0,     0.00, 7.08087E-005,    84.21
Line.L_BSB_MT_8680,   0.381256,   155.17,   0.381256,    35.17,   0.381256,   -84.83,          0,     0.00, 2.01473E-007,  -174.15,   0.381256,   -24.83,   0.381256,  -144.83,   0.381256,    95.17,          0,     0.00, 2.01373E-007,     5.90
Line.L_BSB_MT_8681,    104.271,   154.98,    104.272,    34.98,    104.272,   -85.02,          0,     0.00, 0.00190949,   -39.36,    104.271,   -25.02,    104.272,  -145.02,    104.272,    94.98,          0,     0.00, 0.00190949,   140.64
Line.L_BSB_MT_8682,    99.4901,   154.97,    99.4908,    34.97,    99.4908,   -85.02,          0,     0.00, 0.00190377,   -36.68,    99.4901,   -25.03,    99.4908,  -145.03,    99.4908,    94.98,          0,     0.00, 0.00190377,   143.32
Line.L_BSB_MT_87,   0.860573,   155.00,   0.860859,    34.98,   0.860449,   -85.00,          0,     0.00, 0.000422298,     0.23,   0.860573,   -25.00,   0.860859,  -145.02,   0.860449,    95.00,          0,     0.00, 0.000422298,  -179.77
Line.L_BSB_MT_8761,    99.4901,   -25.03,    99.4908,  -145.03,    99.4908,    94.98,          0,     0.00, 0.00190377,   143.32,    99.4901,   154.97,    99.4908,    34.97,    99.4908,   -85.02,          0,     0.00, 0.00190377,   -36.68
Line.L_BSB_MT_8766,     10.989,   154.96,     10.989,    34.96,    10.9889,   -85.04,          0,     0.00, 9.89338E-005,   179.18,     10.989,   -25.04,     10.989,  -145.04,    10.9889,    94.96,          0,     0.00, 9.89337E-005,    -0.82
Line.L_BSB_MT_8767, 7.23911E-005,    58.67, 0.000274828,  -173.83, 0.000214974,    79.05,          0,     0.00, 0.000311689,   128.67, 7.23911E-005,  -121.33, 0.000274828,     6.17, 0.000214974,  -100.95,          0,     0.00, 0.000311688,   -51.33
Line.L_BSB_MT_8768, 7.27951E-005,    37.19, 8.89206E-005,  -166.02, 0.000186252,    88.79,          0,     0.00, 0.000210143,    96.66, 7.27951E-005,  -142.81, 8.89206E-005,    13.98, 0.000186252,   -91.21,          0,     0.00, 0.000210143,   -83.34
Line.L_BSB_MT_8769,     9.5343,   -24.83,    9.53456,  -144.83,    9.53464,    95.17,          0,     0.00, 0.000417455,   152.69,     9.5343,   155.17,    9.53456,    35.17,    9.53464,   -84.83,          0,     0.00, 0.000417455,   -27.31
Line.L_BSB_MT_8775,    99.4901,   -25.03,    99.4908,  -145.03,    99.4908,    94.98,          0,     0.00, 0.00190377,   143.32,    99.4901,   154.97,    99.4908,    34.97,    99.4908,   -85.02,          0,     0.00, 0.00190377,   -36.68
Line.L_BSB_MT_5998,    9.16054,   -25.04,    9.16054,  -145.04,    9.16054,    94.96,          0,     0.00, 6.75409E-006,     6.49,    9.16054,   154.96,    9.16054,    34.96,    9.16054,   -85.04,          0,     0.00, 6.75413E-006,  -173.52
Line.L_BSB_MT_5999,     3.4839,   -25.03,    3.48381,  -145.03,    3.48386,    94.97,          0,     0.00, 0.000113303,   -20.58,     3.4839,   154.97,    3.48381,    34.97,    3.48386,   -85.03,          0,     0.00, 0.000113303,   159.42
Line.L_BSB_MT_6001,    35.6816,   -25.03,    35.6816,  -145.03,    35.6816,    94.97,          0,     0.00, 0.000314847,   130.48,    35.6816,   154.97,    35.6816,    34.97,    35.6816,   -85.03,          0,     0.00, 0.000314847,   -49.52
Line.L_BSB_MT_6070,    13.7384,   154.96,    13.7384,    34.96,    13.7383,   -85.04,          0,     0.00, 0.000100962,   179.34,    13.7384,   -25.04,    13.7384,  -145.04,    13.7383,    94.96,          0,     0.00, 0.000100962,    -0.66
Line.L_BSB_MT_6071,    15.5655,   -25.04,    15.5655,  -145.04,    15.5654,    94.96,          0,     0.00, 0.000250896,   177.40,    15.5655,   154.96,    15.5655,    34.96,    15.5654,   -85.04,          0,     0.00, 0.000250896,    -2.60
Line.L_BSB_MT_6072,    9.16054,   -25.04,    9.16054,  -145.04,    9.16054,    94.96,          0,     0.00, 6.7543E-006,     6.48,    9.16054,   154.96,    9.16054,    34.96,    9.16054,   -85.04,          0,     0.00, 6.75438E-006,  -173.52
Line.L_BSB_MT_6073,    12.8284,   -25.03,    12.8284,  -145.03,    12.8284,    94.97,          0,     0.00, 9.45635E-006,     6.49,    12.8284,   154.97,    12.8284,    34.97,    12.8284,   -85.03,          0,     0.00, 9.45639E-006,  -173.51
Line.L_BSB_MT_6075,    104.271,   154.98,    104.272,    34.98,    104.272,   -85.02,          0,     0.00, 0.00190949,   -39.36,    104.271,   -25.02,    104.272,  -145.02,    104.272,    94.98,          0,     0.00, 0.00190949,   140.64
Line.L_BSB_MT_6076,    99.4901,   154.97,    99.4908,    34.97,    99.4908,   -85.02,          0,     0.00, 0.00190377,   -36.68,    99.4901,   -25.03,    99.4908,  -145.03,    99.4908,    94.98,          0,     0.00, 0.00190377,   143.32
Line.L_BSB_MT_6077,   0.368815,   155.00,   0.368934,    34.97,   0.368909,   -85.00,          0,     0.00, 0.000272905,   -38.90,   0.368815,   -25.00,   0.368934,  -145.03,   0.368909,    95.00,          0,     0.00, 0.000272905,   141.10
Line.L_BSB_MT_6092,    9.40702,   155.17,    9.40723,    35.17,    9.40729,   -84.83,          0,     0.00, 0.000397719,   -30.05,    9.40702,   -24.83,    9.40723,  -144.83,    9.40729,    95.17,          0,     0.00, 0.000397719,   149.95
Line.L_BSB_MT_6094,    55.8141,   154.97,    55.8143,    34.97,    55.8143,   -85.03,          0,     0.00, 0.000942233,   -29.15,    55.8141,   -25.03,    55.8143,  -145.03,    55.8143,    94.97,          0,     0.00, 0.000942233,   150.85
Line.L_BSB_MT_6097,   0.127388,   -24.82,   0.127388,  -144.82,   0.127388,    95.18,          0,     0.00, 6.42907E-008,     5.59,   0.127388,   155.18,   0.127388,    35.18,   0.127388,   -84.82,          0,     0.00, 6.43612E-008,  -174.50
Line.L_BSB_MT_6098,    99.9903,   154.98,     99.991,    34.97,     99.991,   -85.02,          0,     0.00, 0.00194773,   -35.33,    99.9903,   -25.02,     99.991,  -145.03,     99.991,    94.98,          0,     0.00, 0.00194773,   144.67
Line.L_BSB_MT_7319,    9.40702,   -24.83,    9.40723,  -144.83,    9.40729,    95.17,          0,     0.00, 0.000397719,   149.95,    9.40702,   155.17,    9.40723,    35.17,    9.40729,   -84.83,          0,     0.00, 0.000397719,   -30.05
Line.L_BSB_MT_7320,    12.2939,   154.96,    12.2941,    34.96,    12.2937,   -85.03,          0,     0.00, 0.000341994,     9.16,    12.2939,   -25.04,    12.2941,  -145.04,    12.2937,    94.97,          0,     0.00, 0.000341994,  -170.84
Line.L_BSB_MT_7330,    99.9903,   154.98,     99.991,    34.97,     99.991,   -85.02,          0,     0.00, 0.00194773,   -35.33,    99.9903,   -25.02,     99.991,  -145.03,     99.991,    94.98,          0,     0.00, 0.00194773,   144.67
Line.L_BSB_MT_7335,   0.368758,   -24.99,   0.368991,  -145.02,   0.368957,    94.99,          0,     0.00, 0.000311547,   128.62,   0.368758,   155.01,   0.368991,    34.98,   0.368957,   -85.01,          0,     0.00, 0.000311547,   -51.38
Line.L_BSB_MT_5013, 1.2518E-010,   144.46, 1.0594E-010,    74.05, 6.50781E-011,    63.43,          0,     0.00, 2.36888E-010,   100.62, 7.83645E-011,   -68.20, 1.04935E-010,  -123.69, 6.50781E-011,  -153.43,          0,     0.00, 2.08352E-010,  -114.78
Line.L_BSB_MT_5014,    31.5328,   154.97,    31.5332,    34.96,    31.5328,   -85.03,          0,     0.00, 0.000409332,    -4.13,    31.5328,   -25.03,    31.5332,  -145.04,    31.5328,    94.97,          0,     0.00, 0.000409332,   175.87
Line.L_BSB_MT_5015,     19.239,   154.97,    19.2391,    34.97,     19.239,   -85.03,          0,     0.00, 5.0805E-005,  -117.35,     19.239,   -25.03,    19.2391,  -145.03,     19.239,    94.97,          0,     0.00, 5.0805E-005,    62.65
Line.L_BSB_MT_5016,    9.40702,   155.17,    9.40723,    35.17,    9.40729,   -84.83,          0,     0.00, 0.000397718,   -30.05,    9.40702,   -24.83,    9.40723,  -144.83,    9.40729,    95.17,          0,     0.00, 0.000397718,   149.95
Line.L_BSB_MT_5017,    9.40699,   155.17,    9.40712,    35.17,    9.40717,   -84.83,          0,     0.00, 0.000210871,    -6.69,    9.40699,   -24.83,    9.40712,  -144.83,    9.40717,    95.17,          0,     0.00, 0.000210871,   173.31
Line.L_BSB_MT_5018,    2.86078,   -24.83,    2.86078,  -144.83,    2.86078,    95.17,          0,     0.00, 1.50813E-006,     5.72,    2.86078,   155.17,    2.86078,    35.17,    2.86078,   -84.83,          0,     0.00, 1.50811E-006,  -174.28
Line.L_BSB_MT_6102,   0.508503,   155.17,   0.508503,    35.17,   0.508503,   -84.83,          0,     0.00, 2.6818E-007,  -174.11,   0.508503,   -24.83,   0.508503,  -144.83,   0.508503,    95.17,          0,     0.00, 2.68147E-007,     5.91
Line.L_BSB_MT_7454, 7.27953E-005,    37.19, 8.89206E-005,  -166.02, 0.000186253,    88.79,          0,     0.00, 0.000210144,    96.66, 7.27953E-005,  -142.81, 8.89206E-005,    13.98, 0.000186253,   -91.21,          0,     0.00, 0.000210144,   -83.34
Line.L_BSB_MT_7455, 7.27951E-005,    37.19, 8.89207E-005,  -166.02, 0.000186252,    88.79,          0,     0.00, 0.000210143,    96.66, 7.27951E-005,  -142.81, 8.89206E-005,    13.98, 0.000186252,   -91.21,          0,     0.00, 0.000210143,   -83.34
Line.L_BSB_MT_62615,    5.51212,   154.98,    5.51206,    34.98,    5.51214,   -85.02,          0,     0.00, 3.54388E-005,  -134.49,    5.51212,   -25.02,    5.51206,  -145.02,    5.51214,    94.98,          0,     0.00, 3.54389E-005,    45.51
Line.L_65471832,    143.694,   -25.20,    143.695,  -145.20,    143.695,    94.80,          0,     0.00, 0.00296754,   140.11,    143.694,   154.80,    143.695,    34.80,    143.695,   -85.20,          0,     0.00, 0.00296754,   -39.89
Line.L_65453032,    143.694,   -25.20,    143.695,  -145.20,    143.695,    94.80,          0,     0.00, 0.00296754,   140.11,    143.694,   154.80,    143.695,    34.80,    143.695,   -85.20,          0,     0.00, 0.00296754,   -39.89
Line.L_65453368,    143.694,   -25.20,    143.695,  -145.20,    143.695,    94.80,          0,     0.00, 0.00296754,   140.11,    143.694,   154.80,    143.695,    34.80,    143.695,   -85.20,          0,     0.00, 0.00296754,   -39.89
Line.L_65453357,    143.694,   -25.20,    143.695,  -145.20,    143.695,    94.80,          0,     0.00, 0.00296754,   140.11,    143.694,   154.80,    143.695,    34.80,    143.695,   -85.20,          0,     0.00, 0.00296754,   -39.89
Line.L_65453017,    143.694,   -25.20,    143.695,  -145.20,    143.695,    94.80,          0,     0.00, 0.00296754,   140.11,    143.694,   154.80,    143.695,    34.80,    143.695,   -85.20,          0,     0.00, 0.00296754,   -39.89
Line.L_65453014,    143.694,   -25.20,    143.695,  -145.20,    143.695,    94.80,          0,     0.00, 0.00296754,   140.11,    143.694,   154.80,    143.695,    34.80,    143.695,   -85.20,          0,     0.00, 0.00296754,   -39.89
Line.L_65453011,    143.694,   -25.20,    143.695,  -145.20,    143.695,    94.80,          0,     0.00, 0.00296754,   140.11,    143.694,   154.80,    143.695,    34.80,    143.695,   -85.20,          0,     0.00, 0.00296754,   -39.89
Line.L_65469882,    143.694,   -25.20,    143.695,  -145.20,    143.695,    94.80,          0,     0.00, 0.00296754,   140.11,    143.694,   154.80,    143.695,    34.80,    143.695,   -85.20,          0,     0.00, 0.00296754,   -39.89
Line.L_65434493,    143.694,   -25.20,    143.695,  -145.20,    143.695,    94.80,          0,     0.00, 0.00296754,   140.11,    143.694,   154.80,    143.695,    34.80,    143.695,   -85.20,          0,     0.00, 0.00296754,   -39.89
Line.L_65434695,    143.694,   -25.20,    143.695,  -145.20,    143.695,    94.80,          0,     0.00, 0.00296754,   140.11,    143.694,   154.80,    143.695,    34.80,    143.695,   -85.20,          0,     0.00, 0.00296754,   -39.89
Line.L_65434691,    143.694,   -25.20,    143.695,  -145.20,    143.695,    94.80,          0,     0.00, 0.00296754,   140.11,    143.694,   154.80,    143.695,    34.80,    143.695,   -85.20,          0,     0.00, 0.00296754,   -39.89
Line.L_65434677,    143.694,   -25.20,    143.695,  -145.20,    143.695,    94.80,          0,     0.00, 0.00296754,   140.11,    143.694,   154.80,    143.695,    34.80,    143.695,   -85.20,          0,     0.00, 0.00296754,   -39.89
Line.L_65434653,    143.694,   -25.20,    143.695,  -145.20,    143.695,    94.80,          0,     0.00, 0.00296754,   140.11,    143.694,   154.80,    143.695,    34.80,    143.695,   -85.20,          0,     0.00, 0.00296754,   -39.89
Line.L_65434649,    143.694,   -25.20,    143.695,  -145.20,    143.695,    94.80,          0,     0.00, 0.00296754,   140.11,    143.694,   154.80,    143.695,    34.80,    143.695,   -85.20,          0,     0.00, 0.00296754,   -39.89
Line.L_65434644,    143.694,   -25.20,    143.695,  -145.20,    143.695,    94.80,          0,     0.00, 0.00296754,   140.11,    143.694,   154.80,    143.695,    34.80,    143.695,   -85.20,          0,     0.00, 0.00296754,   -39.89
Line.L_65434641,    143.694,   -25.20,    143.695,  -145.20,    143.695,    94.80,          0,     0.00, 0.00296754,   140.11,    143.694,   154.80,    143.695,    34.80,    143.695,   -85.20,          0,     0.00, 0.00296754,   -39.89
Line.L_65434638,    143.694,   -25.20,    143.695,  -145.20,    143.695,    94.80,          0,     0.00, 0.00296754,   140.11,    143.694,   154.80,    143.695,    34.80,    143.695,   -85.20,          0,     0.00, 0.00296754,   -39.89
Line.L_65434634,    143.694,   -25.20,    143.695,  -145.20,    143.695,    94.80,          0,     0.00, 0.00296754,   140.11,    143.694,   154.80,    143.695,    34.80,    143.695,   -85.20,          0,     0.00, 0.00296754,   -39.89
Line.L_65434629,    143.694,   -25.20,    143.695,  -145.20,    143.695,    94.80,          0,     0.00, 0.00296754,   140.11,    143.694,   154.80,    143.695,    34.80,    143.695,   -85.20,          0,     0.00, 0.00296754,   -39.89
Line.L_65435186,    143.694,   -25.20,    143.695,  -145.20,    143.695,    94.80,          0,     0.00, 0.00296754,   140.11,    143.694,   154.80,    143.695,    34.80,    143.695,   -85.20,          0,     0.00, 0.00296754,   -39.89
Line.L_65434477,    143.694,   -25.20,    143.695,  -145.20,    143.695,    94.80,          0,     0.00, 0.00296754,   140.11,    143.694,   154.80,    143.695,    34.80,    143.695,   -85.20,          0,     0.00, 0.00296754,   -39.89
Line.L_65435191,    143.694,   -25.20,    143.695,  -145.20,    143.695,    94.80,          0,     0.00, 0.00296754,   140.11,    143.694,   154.80,    143.695,    34.80,    143.695,   -85.20,          0,     0.00, 0.00296754,   -39.89
Line.L_65434338,    143.694,   -25.20,    143.695,  -145.20,    143.695,    94.80,          0,     0.00, 0.00296754,   140.11,    143.694,   154.80,    143.695,    34.80,    143.695,   -85.20,          0,     0.00, 0.00296754,   -39.89
Line.L_65434341,    143.694,   -25.20,    143.695,  -145.20,    143.695,    94.80,          0,     0.00, 0.00296754,   140.11,    143.694,   154.80,    143.695,    34.80,    143.695,   -85.20,          0,     0.00, 0.00296754,   -39.89
Line.L_65434429,    143.694,   -25.20,    143.695,  -145.20,    143.695,    94.80,          0,     0.00, 0.00296754,   140.11,    143.694,   154.80,    143.695,    34.80,    143.695,   -85.20,          0,     0.00, 0.00296754,   -39.89
Line.L_65434434,    143.694,   -25.20,    143.695,  -145.20,    143.695,    94.80,          0,     0.00, 0.00296754,   140.11,    143.694,   154.80,    143.695,    34.80,    143.695,   -85.20,          0,     0.00, 0.00296754,   -39.89
Line.L_65434437,    143.694,   -25.20,    143.695,  -145.20,    143.695,    94.80,          0,     0.00, 0.00296754,   140.11,    143.694,   154.80,    143.695,    34.80,    143.695,   -85.20,          0,     0.00, 0.00296754,   -39.89
Line.L_65434440,    143.694,   -25.20,    143.695,  -145.20,    143.695,    94.80,          0,     0.00, 0.00296754,   140.11,    143.694,   154.80,    143.695,    34.80,    143.695,   -85.20,          0,     0.00, 0.00296754,   -39.89
Line.L_65434443,    143.694,   -25.20,    143.695,  -145.20,    143.695,    94.80,          0,     0.00, 0.00296754,   140.11,    143.694,   154.80,    143.695,    34.80,    143.695,   -85.20,          0,     0.00, 0.00296754,   -39.89
Line.L_65472158, 1.30156E-010,  -153.43, 6.50781E-011,   153.43, 1.45519E-010,  -126.87,          0,     0.00, 2.99642E-010,  -150.95, 1.48401E-010,    11.31,          0,     0.00, 6.50781E-011,   -63.43,          0,     0.00, 1.77032E-010,    -9.46
Line.L_65434273, 2.36888E-010,   137.49, 3.25391E-011,   116.57, 1.04935E-010,   146.31,          0,     0.00, 3.71002E-010,   138.18, 1.57403E-010,   -56.31, 1.31773E-010,     6.34, 5.82077E-011,   -90.00,          0,     0.00, 2.79533E-010,   -38.66
Line.L_65434274, 8.85158E-011,  -170.54, 4.1159E-011,  -135.00, 5.82077E-011,   180.00,          0,     0.00, 1.79997E-010,  -165.96, 1.23477E-010,   -45.00, 1.19998E-010,    75.96, 1.16415E-010,     0.00,          0,     0.00, 2.34643E-010,     7.13
Line.L_65434275, 2.09871E-010,    56.31, 2.91038E-011,   -90.00,          0,     0.00,          0,     0.00, 1.86355E-010,    51.34, 2.09871E-010,  -123.69, 2.91038E-011,    90.00,          0,     0.00,          0,     0.00, 1.86355E-010,  -128.66
Line.L_65434269, 3.51663E-010,   114.44, 1.45519E-010,   143.13, 2.39996E-010,   104.04,          0,     0.00, 7.1586E-010,   116.57, 2.99642E-010,   -60.95, 8.73115E-011,     0.00, 1.95234E-010,   -63.43,          0,     0.00, 5.41363E-010,   -53.75
Line.L_65434270, 1.48401E-010,    78.69, 9.20344E-011,  -108.43, 2.91038E-011,     0.00,          0,     0.00, 6.50781E-011,    63.43, 1.45519E-010,  -126.87, 1.45519E-010,    53.13, 1.19998E-010,   104.04,          0,     0.00, 1.19998E-010,   104.04
Line.L_65434271, 6.7081E-011,   130.60, 5.5412E-011,   113.20, 6.50781E-011,   153.43,          0,     0.00, 1.80144E-010,   133.36, 2.05795E-011,    45.00, 1.62695E-011,   153.43, 1.45519E-011,     0.00,          0,     0.00, 2.62338E-011,    56.31
Line.L_65434277, 5.47779E-010,   106.99, 1.75831E-010,   -24.44, 8.23181E-011,    45.00,          0,     0.00, 5.12632E-010,    83.48, 5.75675E-010,   -73.86, 1.82335E-010,   151.39, 1.45519E-011,   180.00,          0,     0.00, 4.65889E-010,   -91.79
Line.L_65434278, 5.56979E-010,   109.86, 1.89734E-010,   -94.40, 1.77032E-010,   -99.46,          0,     0.00, 2.82547E-010,   145.49, 5.20015E-010,   -72.07, 1.65917E-010,   105.26, 1.19998E-010,   104.04,          0,     0.00, 2.35093E-010,   -68.20
Line.L_65434279, 7.00913E-010,    94.76, 2.50361E-010,   -54.46, 1.16415E-010,   -90.00,          0,     0.00, 3.88294E-010,    77.01, 6.57418E-010,   -84.92, 2.76103E-010,   108.43, 1.30156E-010,   116.57,          0,     0.00, 2.89945E-010,  -107.53
Line.L_65434280, 5.6827E-010,    92.94, 1.85216E-010,   -45.00, 1.77032E-010,   -80.54,          0,     0.00, 2.92852E-010,    63.43, 4.9562E-010,   -86.63, 1.31773E-010,    96.34, 2.09871E-010,   123.69,          0,     0.00, 2.14856E-010,  -118.30
Line.L_65434281, 4.79993E-010,    75.96, 4.69285E-010,   -97.13, 2.39996E-010,  -104.04,          0,     0.00, 2.32831E-010,   -90.00, 1.16415E-010,   180.00, 2.39996E-010,    75.96, 5.82077E-011,   180.00,          0,     0.00, 2.60313E-010,   116.57
Line.L_65434295, 2.88113E-010,   135.00, 1.77032E-010,   -99.46, 8.23181E-011,    45.00,          0,     0.00, 1.95234E-010,   153.43, 2.34643E-010,   -60.26, 1.48401E-010,    78.69, 1.30156E-010,  -116.57,          0,     0.00, 1.95234E-010,   -63.43
Line.L_65434297, 2.32831E-010,   -90.00, 2.60313E-010,   -26.57, 3.29272E-010,  -135.00,          0,     0.00, 5.82077E-010,   -90.00, 2.32831E-010,    90.00, 1.16415E-010,    90.00, 2.32831E-010,     0.00,          0,     0.00, 4.19741E-010,    56.31
Line.L_TR_FIC_GER_41,    143.694,   -25.20,    143.695,  -145.20,    143.695,    94.80,          0,     0.00, 0.00296754,   140.11,    143.694,   154.80,    143.695,    34.80,    143.695,   -85.20,          0,     0.00, 0.00296754,   -39.89
Line.L_TR_FIC_DJ_10,    143.694,   -25.20,    143.695,  -145.20,    143.695,    94.80,          0,     0.00, 0.00296754,   140.11,    143.694,   154.80,    143.695,    34.80,    143.695,   -85.20,          0,     0.00, 0.00296754,   -39.89
Line.L_TR_MT_INC_20,    143.694,   154.80,    143.695,    34.80,    143.695,   -85.20,          0,     0.00, 0.00296754,   -39.89,    143.694,   -25.20,    143.695,  -145.20,    143.695,    94.80,          0,     0.00, 0.00296754,   140.11
Line.L_65470334, 1.23477E-010,   -45.00, 9.20344E-011,   -71.57, 1.19998E-010,   104.04,          0,     0.00, 1.04935E-010,   -33.69, 6.50781E-011,   153.43, 1.16415E-010,    90.00, 1.16415E-010,   -90.00,          0,     0.00, 6.50781E-011,   153.43
Line.L_65471839,    143.694,   -25.20,    143.695,  -145.20,    143.695,    94.80,          0,     0.00, 0.00296754,   140.11,    143.694,   154.80,    143.695,    34.80,    143.695,   -85.20,          0,     0.00, 0.00296754,   -39.89
Line.L_65453058,    143.694,   -25.20,    143.695,  -145.20,    143.695,    94.80,          0,     0.00, 0.00296754,   140.11,    143.694,   154.80,    143.695,    34.80,    143.695,   -85.20,          0,     0.00, 0.00296754,   -39.89
Line.L_BSB_MT_443,    5.49405,   154.96,    5.49404,    34.96,    5.49405,   -85.04,          0,     0.00, 4.0925E-006,  -172.90,    5.49405,   -25.04,    5.49404,  -145.04,    5.49405,    94.96,          0,     0.00, 4.09246E-006,     7.10
Line.L_BSB_MT_445,     9.5343,   -24.83,    9.53456,  -144.83,    9.53464,    95.17,          0,     0.00, 0.000417456,   152.69,     9.5343,   155.17,    9.53456,    35.17,    9.53464,   -84.83,          0,     0.00, 0.000417456,   -27.31
Line.SW_FW7908,    9.40708,   -24.83,     9.4073,  -144.83,    9.40725,    95.17,          0,     0.00, 0.000321885,   174.56,    9.40708,   155.17,     9.4073,    35.17,    9.40725,   -84.83,          0,     0.00, 0.000321885,    -5.44
Line.SW_FK0882,    119.032,   -24.99,    119.033,  -145.00,    119.033,    95.01,          0,     0.00, 0.00254517,   143.16,    119.032,   155.01,    119.033,    35.00,    119.033,   -84.99,          0,     0.00, 0.00254517,   -36.84
Line.SW_FP4033, 4.57764E-005,     0.00, 6.15101E-005,    29.74, 0.000150282,  -156.04,          0,     0.00, 4.8852E-005,  -141.34, 4.57764E-005,   180.00, 6.15101E-005,  -150.26, 0.000150282,    23.96,          0,     0.00, 4.8852E-005,    38.66
Line.SW_FP6954, 8.21711E-005,  -158.20, 0.000148136,   -11.89, 0.000125827,   104.04,          0,     0.00, 7.19756E-005,    57.99, 8.21711E-005,    21.80, 0.000148136,   168.11, 0.000125827,   -75.96,          0,     0.00, 7.19756E-005,  -122.01
Line.SW_FIC2498, 8.39233E-005,   180.00, 5.34058E-005,   180.00, 6.82394E-005,   116.57,          0,     0.00,  0.0001786,   160.02, 8.39233E-005,     0.00, 5.34058E-005,     0.00, 6.82394E-005,   -63.43,          0,     0.00,  0.0001786,   -19.98
Line.SW_FK0957, 0.000114441,   126.87, 0.000152588,  -143.13, 6.29136E-005,  -104.04,          0,     0.00, 0.000214846,  -163.50, 0.000114441,   -53.13, 0.000152588,    36.87, 6.29136E-005,    75.96,          0,     0.00, 0.000214846,    16.50
Line.SW_FU0103,    6.14695,   154.96,    6.14707,    34.96,    6.14697,   -85.03,          0,     0.00, 0.000185631,    -9.46,    6.14695,   -25.04,    6.14707,  -145.04,    6.14697,    94.97,          0,     0.00, 0.000185631,   170.54
Line.SW_FX9286,   0.860525,   155.00,   0.860765,    34.98,   0.860512,   -85.00,          0,     0.00, 0.000371262,    -9.46,   0.860525,   -25.00,   0.860765,  -145.02,   0.860512,    95.00,          0,     0.00, 0.000371262,   170.54
Line.SW_FP7170, 6.15101E-005,    82.87, 3.14568E-005,    75.96, 6.29136E-005,   -75.96,          0,     0.00, 4.31584E-005,    45.00, 6.15101E-005,   -97.13, 3.14568E-005,  -104.04, 6.29136E-005,   104.04,          0,     0.00, 4.31584E-005,  -135.00
Line.SW_FW0113, 6.15101E-005,   -82.87, 9.18701E-005,   -41.63, 9.77039E-005,   141.34,          0,     0.00, 6.10352E-005,   -90.00, 6.15101E-005,    97.13, 9.18701E-005,   138.37, 9.77039E-005,   -38.66,          0,     0.00, 6.10352E-005,    90.00
Line.SW_FP7613F,     19.239,   154.97,     19.239,    34.97,    19.2391,   -85.03,          0,     0.00, 0.000185631,   -99.46,     19.239,   -25.03,     19.239,  -145.03,    19.2391,    94.97,          0,     0.00, 0.000185631,    80.54
Line.SW_FW7750, 0.000167326,  -133.15, 8.63167E-005,   -45.00, 6.10352E-005,   -90.00,          0,     0.00, 0.000249914,  -102.34, 0.000167326,    46.85, 8.63167E-005,   135.00, 6.10352E-005,    90.00,          0,     0.00, 0.000249914,    77.66
Line.SW_FK0956,    10.9889,   154.96,     10.989,    34.96,    10.9889,   -85.04,          0,     0.00, 0.000137329,   180.00,    10.9889,   -25.04,     10.989,  -145.04,    10.9889,    94.96,          0,     0.00, 0.000137329,     0.00
Line.SW_FZ3915,    104.271,   154.98,    104.272,    34.98,    104.272,   -85.02,          0,     0.00, 0.00183145,   -38.06,    104.271,   -25.02,    104.272,  -145.02,    104.272,    94.98,          0,     0.00, 0.00183145,   141.94
Line.SW_FP3039,    99.9904,   154.98,     99.991,    34.97,    99.9909,   -85.02,          0,     0.00, 0.00187056,   -33.69,    99.9904,   -25.02,     99.991,  -145.03,    99.9909,    94.98,          0,     0.00, 0.00187056,   146.31
Line.SW_FT1679,    104.778,   154.98,    104.778,    34.98,    104.778,   -85.02,          0,     0.00, 0.00213056,   -38.02,    104.778,   -25.02,    104.778,  -145.02,    104.778,    94.98,          0,     0.00, 0.00213056,   141.98
Line.SW_FP4031, 4.31584E-005,   -45.00, 6.15101E-005,   -29.74, 0.000110033,   146.31,          0,     0.00, 7.62939E-006,   180.00, 4.31584E-005,   135.00, 6.15101E-005,   150.26, 0.000110033,   -33.69,          0,     0.00, 7.62939E-006,     0.00
Line.SW_FW8490,    103.767,   154.98,    103.767,    34.98,    103.767,   -85.02,          0,     0.00, 0.00191668,   -36.09,    103.767,   -25.02,    103.767,  -145.02,    103.767,    94.98,          0,     0.00, 0.00191668,   143.91
Line.SW_ES11_SES, 6.10352E-005,    90.00, 7.19756E-005,   -57.99, 9.15527E-005,     0.00,          0,     0.00,  0.0001297,     0.00, 6.10352E-005,   -90.00, 7.19756E-005,   122.01, 9.15527E-005,   180.00,          0,     0.00,  0.0001297,   180.00
Line.SW_FU1088,    5.49281,   154.96,    5.49297,    34.96,      5.493,   -85.04,          0,     0.00, 0.00017811,   -43.26,    5.49281,   -25.04,    5.49297,  -145.04,      5.493,    94.96,          0,     0.00, 0.00017811,   136.74
Line.SW_FA0814, 6.15101E-005,    97.13, 5.34058E-005,     0.00, 0.00012302,   -97.13,          0,     0.00, 6.82394E-005,   -63.43, 6.15101E-005,   -82.87, 5.34058E-005,   180.00, 0.00012302,    82.87,          0,     0.00, 6.82394E-005,   116.57
Line.SW_FT1678,    99.9904,   154.98,    99.9911,    34.97,    99.9911,   -85.02,          0,     0.00, 0.00201429,   -36.22,    99.9904,   -25.02,    99.9911,  -145.03,    99.9911,    94.98,          0,     0.00, 0.00201429,   143.78
Line.SW_FX0837, 3.05176E-005,     0.00, 3.05176E-005,     0.00, 6.10352E-005,   -90.00,          0,     0.00, 8.63167E-005,   -45.00, 3.05176E-005,   180.00, 3.05176E-005,   180.00, 6.10352E-005,    90.00,          0,     0.00, 8.63167E-005,   135.00
Line.SW_FU0024,    123.397,   -24.99,    123.398,  -144.99,    123.399,    95.01,          0,     0.00, 0.00298473,   143.63,    123.397,   155.01,    123.398,    35.01,    123.399,   -84.99,          0,     0.00, 0.00298473,   -36.37
Line.SW_FP8559, 9.65051E-005,  -161.57, 0.000110033,   -56.31, 6.10352E-005,    90.00,          0,     0.00, 6.82394E-005,  -116.57, 9.65051E-005,    18.43, 0.000110033,   123.69, 6.10352E-005,   -90.00,          0,     0.00, 6.82394E-005,    63.43
Line.SW_FA0272, 9.18701E-005,  -138.37, 1.52588E-005,   180.00, 3.05176E-005,   180.00,          0,     0.00,  0.0001297,  -151.93, 9.18701E-005,    41.63, 1.52588E-005,     0.00, 3.05176E-005,     0.00,          0,     0.00,  0.0001297,    28.07
Line.SW_FZ2829,   0.127308,   -24.88,   0.127259,  -144.83,   0.127234,    95.21,          0,     0.00, 0.000174144,  -118.81,   0.127308,   155.12,   0.127259,    35.17,   0.127234,   -84.79,          0,     0.00, 0.000174144,    61.19
Line.SW_FT7047, 3.8147E-005,   126.87, 8.11016E-005,   131.19, 6.29136E-005,   -75.96,          0,     0.00, 6.82394E-005,   153.43, 3.8147E-005,   -53.13, 8.11016E-005,   -48.81, 6.29136E-005,   104.04,          0,     0.00, 6.82394E-005,   -26.57
Line.SW_FU0103F,    6.14695,   154.96,    6.14707,    34.96,    6.14697,   -85.03,          0,     0.00, 0.000185631,    -9.46,    6.14695,   -25.04,    6.14707,  -145.04,    6.14697,    94.97,          0,     0.00, 0.000185631,   170.54
Line.SW_FW8933,   0.368713,   155.01,   0.368931,    34.99,    0.36889,   -85.01,          0,     0.00, 0.000210466,   -46.47,   0.368713,   -24.99,   0.368931,  -145.01,    0.36889,    94.99,          0,     0.00, 0.000210466,   133.53
Line.SW_FA9042,    0.86051,   154.99,    0.86095,    34.98,   0.860505,   -85.01,          0,     0.00, 0.000504464,     3.47,    0.86051,   -25.01,    0.86095,  -145.02,   0.860505,    94.99,          0,     0.00, 0.000504464,  -176.53
Line.SW_FW0951, 9.77039E-005,   141.34, 4.57764E-005,     0.00, 1.52588E-005,   180.00,          0,     0.00, 7.62939E-005,   126.87, 9.77039E-005,   -38.66, 4.57764E-005,   180.00, 1.52588E-005,     0.00,          0,     0.00, 7.62939E-005,   -53.13
Line.SW_FZ6330, 6.10352E-005,   180.00, 6.82394E-005,   -26.57, 8.63167E-005,   135.00,          0,     0.00, 6.82394E-005,   153.43, 6.10352E-005,     0.00, 6.82394E-005,   153.43, 8.63167E-005,   -45.00,          0,     0.00, 6.82394E-005,   -26.57
Line.SW_FZ9176, 9.18701E-005,    41.63, 0.00011844,   165.07, 6.82394E-005,  -116.57,          0,     0.00, 8.21711E-005,   158.20, 9.18701E-005,  -138.37, 0.00011844,   -14.93, 6.82394E-005,    63.43,          0,     0.00, 8.21711E-005,   -21.80
Line.SW_FIC5535, 9.15527E-005,     0.00, 6.82394E-005,    26.57, 8.63167E-005,   135.00,          0,     0.00, 0.000129475,    45.00, 9.15527E-005,   180.00, 6.82394E-005,  -153.43, 8.63167E-005,   -45.00,          0,     0.00, 0.000129475,  -135.00
Line.SW_FT2704,     35.191,   154.97,    35.1909,    34.97,    35.1908,   -85.03,          0,     0.00, 0.00024426,   -38.66,     35.191,   -25.03,    35.1909,  -145.03,    35.1908,    94.97,          0,     0.00, 0.00024426,   141.34
Line.SW_FA9978,    9.87412,   154.96,    9.87409,    34.96,    9.87402,   -85.04,          0,     0.00, 0.000200698,     8.75,    9.87412,   -25.04,    9.87409,  -145.04,    9.87402,    94.96,          0,     0.00, 0.000200698,  -171.25
Line.SW_FIC6257_RL, 3.8147E-005,     0.00, 9.28156E-005,    80.54, 3.05176E-005,     0.00,          0,     0.00, 0.000124198,    47.49, 3.8147E-005,   180.00, 9.28156E-005,   -99.46, 3.05176E-005,   180.00,          0,     0.00, 0.000124198,  -132.51
Line.SW_FA9078, 8.11016E-005,  -131.19, 3.8147E-005,     0.00, 3.05176E-005,   180.00,          0,     0.00, 7.62939E-005,  -126.87, 8.11016E-005,    48.81, 3.8147E-005,   180.00, 3.05176E-005,     0.00,          0,     0.00, 7.62939E-005,    53.13
Line.SW_FP7255_DP_33277,    19.9142,   153.47,    19.9142,    33.47,    19.9143,   -86.53,          0,     0.00, 0.000314568,  -104.04,    19.9142,   -26.53,    19.9142,  -146.53,    19.9143,    93.47,          0,     0.00, 0.000314568,    75.96
Line.SW_FIC5601, 4.31584E-005,   135.00, 3.8147E-005,   -53.13, 6.10352E-005,   180.00,          0,     0.00, 6.86646E-005,   180.00, 4.31584E-005,   -45.00, 3.8147E-005,   126.87, 6.10352E-005,     0.00,          0,     0.00, 6.86646E-005,     0.00
Line.SW_FW7844,    4.37174,   154.95,    4.37202,    34.96,    4.37207,   -85.04,          0,     0.00, 0.000408938,     8.58,    4.37174,   -25.05,    4.37202,  -145.04,    4.37207,    94.96,          0,     0.00, 0.000408938,  -171.42
Line.SW_FX9343,   0.762573,   -24.84,   0.762379,  -144.85,   0.762562,    95.17,          0,     0.00, 0.000185631,    99.46,   0.762573,   155.16,   0.762379,    35.15,   0.762562,   -84.83,          0,     0.00, 0.000185631,   -80.54
Line.SW_FP4055, 2.28882E-005,     0.00, 5.50163E-005,  -146.31, 0.000136479,   116.57,          0,     0.00, 0.000124198,   132.51, 2.28882E-005,   180.00, 5.50163E-005,    33.69, 0.000136479,   -63.43,          0,     0.00, 0.000124198,   -47.49
Line.SW_FX9990,    10.0446,   -24.83,    10.0448,  -144.83,    10.0449,    95.17,          0,     0.00, 0.000401396,   171.25,    10.0446,   155.17,    10.0448,    35.17,    10.0449,   -84.83,          0,     0.00, 0.000401396,    -8.75
Line.SW_FA9626, 3.05176E-005,   -90.00, 3.05176E-005,     0.00, 3.05176E-005,   180.00,          0,     0.00, 3.05176E-005,   -90.00, 3.05176E-005,    90.00, 3.05176E-005,   180.00, 3.05176E-005,     0.00,          0,     0.00, 3.05176E-005,    90.00
Line.SW_FA9625, 7.62939E-005,    53.13, 7.19756E-005,  -122.01, 6.82394E-005,   116.57,          0,     0.00, 6.51856E-005,   110.56, 7.62939E-005,  -126.87, 7.19756E-005,    57.99, 6.82394E-005,   -63.43,          0,     0.00, 6.51856E-005,   -69.44
Line.SW_FZ8025_DP_36563,     31.329,   154.97,     31.329,    34.97,    31.3289,   -85.03,          0,     0.00, 0.00023835,   -39.81,     31.329,   -25.03,     31.329,  -145.03,    31.3289,    94.97,          0,     0.00, 0.00023835,   140.19
Line.SW_FW9147,    9.87406,   154.96,    9.87419,    34.96,    9.87414,   -85.04,          0,     0.00, 0.000314198,   -29.05,    9.87406,   -25.04,    9.87419,  -145.04,    9.87414,    94.96,          0,     0.00, 0.000314198,   150.95
Line.SW_FW9633,    43.3057,   154.98,    43.3059,    34.97,    43.3056,   -85.02,          0,     0.00, 0.000629922,   -16.90,    43.3057,   -25.02,    43.3059,  -145.03,    43.3056,    94.98,          0,     0.00, 0.000629922,   163.10
Line.SW_FT6887, 0.000140679,  -167.47, 0.000103771,   -36.03, 6.10352E-005,    90.00,          0,     0.00, 6.15101E-005,  -150.26, 0.000140679,    12.53, 0.000103771,   143.97, 6.10352E-005,   -90.00,          0,     0.00, 6.15101E-005,    29.74
Line.SW_FT1738, 8.92998E-005,    19.98, 6.15101E-005,    29.74, 0.000130371,  -110.56,          0,     0.00, 0.000110033,   -33.69, 8.92998E-005,  -160.02, 6.15101E-005,  -150.26, 0.000130371,    69.44,          0,     0.00, 0.000110033,   146.31
Line.SW_FW2391,    5.51205,   154.98,    5.51211,    34.98,    5.51202,   -85.02,          0,     0.00, 0.000140679,   -40.60,    5.51205,   -25.02,    5.51211,  -145.02,    5.51202,    94.98,          0,     0.00, 0.000140679,   139.40
Line.SW_FW9969, 6.15101E-005,    82.87, 6.51856E-005,   110.56, 0.000248395,   -79.38,          0,     0.00, 0.000125827,   -75.96, 6.15101E-005,   -97.13, 6.51856E-005,   -69.44, 0.000248395,   100.62,          0,     0.00, 0.000125827,   104.04
Line.SW_FW0117, 9.65051E-005,    71.57, 8.63167E-005,  -135.00, 7.62939E-005,   180.00,          0,     0.00, 0.000111086,   164.05, 9.65051E-005,  -108.43, 8.63167E-005,    45.00, 7.62939E-005,     0.00,          0,     0.00, 0.000111086,   -15.95
Line.SW_FW8571,   0.368916,   154.99,   0.369033,    34.97,   0.368896,   -85.00,          0,     0.00, 0.00024426,   -14.47,   0.368916,   -25.01,   0.369033,  -145.03,   0.368896,    95.00,          0,     0.00, 0.00024426,   165.53
Line.SW_FA9647, 3.05176E-005,   180.00, 3.05176E-005,   180.00,          0,     0.00,          0,     0.00, 6.10352E-005,   180.00, 3.05176E-005,     0.00, 3.05176E-005,     0.00,          0,     0.00,          0,     0.00, 6.10352E-005,     0.00
Line.SW_FIC5947, 0.000114441,   180.00, 6.82394E-005,    26.57, 6.29136E-005,   104.04,          0,     0.00, 0.000114441,   126.87, 0.000114441,     0.00, 6.82394E-005,  -153.43, 6.29136E-005,   -75.96,          0,     0.00, 0.000114441,   -53.13
Line.SW_FX3749, 6.82394E-005,   153.43, 4.31584E-005,   135.00, 6.82394E-005,   -63.43,          0,     0.00, 6.10352E-005,   180.00, 6.82394E-005,   -26.57, 4.31584E-005,   -45.00, 6.82394E-005,   116.57,          0,     0.00, 6.10352E-005,     0.00
Line.SW_FU0101, 4.8852E-005,   -38.66, 2.28882E-005,     0.00, 3.05176E-005,   180.00,          0,     0.00, 4.31584E-005,   -45.00, 4.8852E-005,   141.34, 2.28882E-005,   180.00, 3.05176E-005,     0.00,          0,     0.00, 4.31584E-005,   135.00
Line.SW_FT6848,    50.2769,   154.97,    50.2773,    34.97,     50.277,   -85.03,          0,     0.00, 0.000718298,   -12.26,    50.2769,   -25.03,    50.2773,  -145.03,     50.277,    94.97,          0,     0.00, 0.000718298,   167.74
Line.SW_FIC5669, 0.000114441,   180.00, 6.82394E-005,    26.57, 6.29136E-005,   104.04,          0,     0.00, 0.000114441,   126.87, 0.000114441,     0.00, 6.82394E-005,  -153.43, 6.29136E-005,   -75.96,          0,     0.00, 0.000114441,   -53.13
Line.SW_FA0832, 0.000103771,   162.90, 3.05176E-005,     0.00, 0.000110033,   146.31,          0,     0.00, 0.00018453,   150.26, 0.000103771,   -17.10, 3.05176E-005,   180.00, 0.000110033,   -33.69,          0,     0.00, 0.00018453,   -29.74
Line.SW_FP0718, 3.8147E-005,    53.13, 3.41197E-005,  -116.57, 6.82394E-005,  -116.57,          0,     0.00, 6.51856E-005,  -110.56, 3.8147E-005,  -126.87, 3.41197E-005,    63.43, 6.82394E-005,    63.43,          0,     0.00, 6.51856E-005,    69.44
Line.SW_FW0662, 8.11016E-005,  -131.19, 3.8147E-005,     0.00, 3.05176E-005,     0.00,          0,     0.00, 6.29136E-005,   -75.96, 8.11016E-005,    48.81, 3.8147E-005,   180.00, 3.05176E-005,   180.00,          0,     0.00, 6.29136E-005,   104.04
Line.SW_FW0921, 7.62939E-006,   180.00, 8.39233E-005,   180.00, 8.63167E-005,   135.00,          0,     0.00, 0.000164342,   158.20, 7.62939E-006,     0.00, 8.39233E-005,     0.00, 8.63167E-005,   -45.00,          0,     0.00, 0.000164342,   -21.80
Line.SW_FK0969,    15.5654,   154.96,    15.5657,    34.96,    15.5653,   -85.04,          0,     0.00, 0.00035532,    14.93,    15.5654,   -25.04,    15.5657,  -145.04,    15.5653,    94.96,          0,     0.00, 0.00035532,  -165.07
Line.SW_FM0342,          0,     0.00, 6.82394E-005,   -63.43, 7.62939E-005,   180.00,          0,     0.00, 7.62939E-005,  -126.87,          0,     0.00, 6.82394E-005,   116.57, 7.62939E-005,     0.00,          0,     0.00, 7.62939E-005,    53.13
Line.SW_FP2842, 7.19756E-005,    57.99, 0.000134978,   -42.71, 6.29136E-005,  -104.04,          0,     0.00, 0.000152588,   -36.87, 7.19756E-005,  -122.01, 0.000134978,   137.29, 6.29136E-005,    75.96,          0,     0.00, 0.000152588,   143.13
Line.SW_FP6503, 7.19756E-005,    57.99, 4.8852E-005,  -141.34, 8.63167E-005,   135.00,          0,     0.00, 0.000110033,   123.69, 7.19756E-005,  -122.01, 4.8852E-005,    38.66, 8.63167E-005,   -45.00,          0,     0.00, 0.000110033,   -56.31
Line.SW_FP7075,     10.975,   154.96,    10.9749,    34.96,    10.9751,   -85.03,          0,     0.00, 0.000253957,   -57.26,     10.975,   -25.04,    10.9749,  -145.04,    10.9751,    94.97,          0,     0.00, 0.000253957,   122.74
Line.SW_FP7613, 4.57764E-005,   180.00, 3.41197E-005,  -116.57, 6.29136E-005,    75.96,          0,     0.00, 5.50163E-005,   146.31, 4.57764E-005,     0.00, 3.41197E-005,    63.43, 6.29136E-005,  -104.04,          0,     0.00, 5.50163E-005,   -33.69
Line.SW_FP8288_DP_39175,    13.7335,   154.96,    13.7337,    34.96,    13.7334,   -85.04,          0,     0.00, 0.000370085,    14.32,    13.7335,   -25.04,    13.7337,  -145.04,    13.7334,    94.96,          0,     0.00, 0.000370085,  -165.68
Line.SW_FX9322,    4.13051,   -24.84,    4.13054,  -144.83,    4.13055,    95.17,          0,     0.00, 0.000114441,  -126.87,    4.13051,   155.16,    4.13054,    35.17,    4.13055,   -84.83,          0,     0.00, 0.000114441,    53.13
Line.SW_FP6944, 7.62939E-005,   180.00, 8.63167E-005,  -135.00, 0.00012302,    97.13,          0,     0.00, 0.000164342,   158.20, 7.62939E-005,     0.00, 8.63167E-005,    45.00, 0.00012302,   -82.87,          0,     0.00, 0.000164342,   -21.80
Line.SW_FP5619,    19.9143,   153.47,    19.9142,    33.47,    19.9142,   -86.53,          0,     0.00, 0.000249914,  -121.26,    19.9143,   -26.53,    19.9142,  -146.53,    19.9142,    93.47,          0,     0.00, 0.000249914,    58.74
Line.SW_FT1731, 9.91821E-005,   180.00, 7.62939E-006,   180.00, 6.82394E-005,    63.43,          0,     0.00, 9.77039E-005,   141.34, 9.91821E-005,     0.00, 7.62939E-006,     0.00, 6.82394E-005,  -116.57,          0,     0.00, 9.77039E-005,   -38.66
Line.SW_FT1683, 0.000102359,   -63.43, 0.000105991,   120.26, 6.82394E-005,   116.57,          0,     0.00, 7.19756E-005,   122.01, 0.000102359,   116.57, 0.000105991,   -59.74, 6.82394E-005,   -63.43,          0,     0.00, 7.19756E-005,   -57.99
Line.SW_FA8268,      99.49,   154.97,    99.4907,    34.97,    99.4907,   -85.02,          0,     0.00, 0.00197884,   -34.79,      99.49,   -25.03,    99.4907,  -145.03,    99.4907,    94.98,          0,     0.00, 0.00197884,   145.21
Line.SW_FIC1810, 3.8147E-005,     0.00, 9.28156E-005,    80.54, 3.05176E-005,     0.00,          0,     0.00, 0.000124198,    47.49, 3.8147E-005,   180.00, 9.28156E-005,   -99.46, 3.05176E-005,   180.00,          0,     0.00, 0.000124198,  -132.51
Transformer.T_FF3296,    0.49143,   -25.01,    0.49143,  -145.01,    0.49143,    94.99, 3.55412E-007,  -173.42, 2.59581E-013,   -61.15,    17.8467,   155.00,    17.8467,    35.00,    17.8467,   -85.00, 1.29071E-005,     6.58, 9.29268E-012,   -62.49
Transformer.T_FT1678,   0.500185,   -24.92,   0.500185,  -144.92,   0.500185,    95.08, 3.07632E-007,  -174.33, 2.25702E-013,   -61.82,    18.1646,   155.08,    18.1646,    35.08,    18.1646,   -84.92, 1.11719E-005,     5.67, 7.98261E-012,   -62.89
Transformer.T_FT1731,    1.90717,   -24.83,    1.90717,  -144.83,    1.90717,    95.17, 1.00573E-006,  -174.28, 7.18492E-013,   -61.66,    69.2605,   155.17,    69.2605,    35.17,    69.2605,   -84.83, 3.65241E-005,     5.72, 2.62417E-011,   -62.10
Transformer.T_FM0342,    1.83202,   -25.04,    1.83202,  -145.04,    1.83202,    94.96, 1.37493E-006,  -172.48, 1.00868E-012,   -60.46,    66.5311,   154.96,    66.5311,    34.96,    66.5312,   -85.04, 4.99316E-005,     7.52, 3.53915E-011,   -62.45
Transformer.T_FP5503,    5.51425,   -25.02,    5.51425,  -145.02,    5.51425,    94.98, 4.05092E-006,  -173.31, 2.96013E-012,   -61.47,    200.254,   154.98,    200.254,    34.98,    200.254,   -85.02, 0.000147112,     6.69, 1.05861E-010,   -62.77
Transformer.T_FIC1143,    5.50073,   -25.03,    5.50072,  -145.03,    5.50073,    94.97, 4.09695E-006,  -172.87, 2.9959E-012,   -61.06,    199.763,   154.97,    199.763,    34.97,    199.763,   -85.03, 0.000148784,     7.13, 1.06982E-010,   -62.67
Transformer.T_FT6848,    1.10406,   -25.01,    1.10406,  -145.01,    1.10406,    94.99, 8.07008E-007,  -173.46, 5.95048E-013,   -62.82,    40.0949,   154.99,    40.0949,    34.99,    40.0949,   -85.01, 2.93071E-005,     6.54, 2.10235E-011,   -63.16
Transformer.T_FP8139,    5.50221,   -25.03,     5.5022,  -145.03,    5.50221,    94.97, 4.0845E-006,  -173.24, 3.01868E-012,   -60.84,    199.817,   154.97,    199.817,    34.97,    199.817,   -85.03, 0.000148332,     6.76, 1.0628E-010,   -62.34
Transformer.T_FT6778,    3.66419,   -25.04,    3.66419,  -145.04,    3.66419,    94.96, 2.70182E-006,  -173.52, 1.97534E-012,   -62.24,    133.068,   154.97,    133.068,    34.97,    133.068,   -85.03, 9.81188E-005,     6.48, 6.99602E-011,   -63.77
Transformer.T_FZ1928,    5.49405,   -25.04,    5.49404,  -145.04,    5.49405,    94.96, 4.09248E-006,  -172.90, 3.0115E-012,   -59.99,     199.52,   154.96,     199.52,    34.96,     199.52,   -85.04, 0.000148622,     7.10, 1.06571E-010,   -62.83
Transformer.T_FT1738,    1.16392,   -24.75,    1.16392,  -144.75,    1.16392,    95.25, 4.46144E-007,  -176.77, 3.31304E-013,   -64.26,    42.2687,   155.25,    42.2687,    35.25,    42.2687,   -84.75, 1.62021E-005,     3.23, 1.15493E-011,   -65.58
Transformer.T_FIC1411,   0.366959,   -25.03,   0.366958,  -145.03,   0.366959,    94.97, 2.70276E-007,  -173.51, 1.99114E-013,   -61.49,    13.3264,   154.97,    13.3264,    34.97,    13.3264,   -85.03, 9.81527E-006,     6.49, 7.08622E-012,   -63.18
Transformer.T_FP4629,   0.737145,   -25.01,   0.737145,  -145.01,   0.737145,    94.99, 5.33118E-007,  -173.42, 3.89866E-013,   -61.57,      26.77,   155.00,      26.77,    35.00,      26.77,   -85.00, 1.93606E-005,     6.58, 1.37287E-011,   -62.64
Transformer.T_FP7483,    3.77636,   -24.88,    3.77636,  -144.88,    3.77636,    95.12, 2.15911E-006,  -174.65, 1.57618E-012,   -62.92,    137.141,   155.12,    137.141,    35.12,    137.141,   -84.88, 7.84097E-005,     5.35, 5.65425E-011,   -64.26
Transformer.T_FZ4318,   0.388493,   -24.74,   0.388493,  -144.74,   0.388493,    95.26, 1.46191E-007,  -175.67, 1.08279E-013,   -65.01,    14.1084,   155.26,    14.1084,    35.26,    14.1084,   -84.74, 5.30905E-006,     4.33, 3.82607E-012,   -64.01
Transformer.T_FF3486,    1.10248,   -25.02,    1.10248,  -145.02,    1.10248,    94.98, 8.07658E-007,  -173.45, 5.90483E-013,   -61.82,    40.0373,   154.98,    40.0373,    34.98,    40.0373,   -85.02, 2.93308E-005,     6.55, 2.09472E-011,   -63.23
Transformer.T_FZ8025,     3.6748,   -25.02,     3.6748,  -145.02,     3.6748,    94.98, 2.69249E-006,  -173.45, 1.9618E-012,   -61.44,    133.453,   154.98,    133.453,    34.98,    133.453,   -85.02, 9.778E-005,     6.55, 7.02677E-011,   -62.85
Transformer.T_FP0718,    2.86078,   -24.83,    2.86078,  -144.83,    2.86078,    95.17, 1.5082E-006,  -174.29, 1.09843E-012,   -61.61,    103.891,   155.17,    103.891,    35.17,    103.891,   -84.83, 5.47714E-005,     5.71, 3.91519E-011,   -62.69
Transformer.T_FT7047,   0.366774,   -25.03,   0.366774,  -145.03,   0.366774,    94.97, 2.68934E-007,  -173.61, 1.97672E-013,   -62.00,    13.3197,   154.97,    13.3197,    34.97,    13.3197,   -85.03, 9.76656E-006,     6.39, 7.02259E-012,   -63.43
Transformer.T_FP8333,    5.53504,   -25.00,    5.53503,  -145.00,    5.53504,    95.00, 3.97412E-006,  -173.47, 2.90573E-012,   -61.68,    201.009,   155.00,    201.009,    35.00,    201.009,   -85.00, 0.000144323,     6.53, 1.03215E-010,   -62.87
Transformer.T_FP5552,     5.5121,   -25.02,     5.5121,  -145.02,     5.5121,    94.98, 4.05425E-006,  -173.30, 2.97551E-012,   -61.78,    200.176,   154.98,    200.176,    34.98,    200.176,   -85.02, 0.000147233,     6.70, 1.04238E-010,   -62.60
Transformer.T_FT6849,     5.5373,   -25.00,     5.5373,  -145.00,     5.5373,    95.00, 3.95438E-006,  -173.76, 2.90863E-012,   -61.87,    201.091,   155.00,    201.091,    35.00,    201.091,   -85.00, 0.000143606,     6.24, 1.03922E-010,   -63.21
Transformer.T_FM1129,    3.66788,   -25.03,    3.66788,  -145.03,    3.66788,    94.97, 2.70257E-006,  -173.51, 1.98704E-012,   -61.60,    133.202,   154.97,    133.202,    34.97,    133.202,   -85.03, 9.81458E-005,     6.49, 6.92509E-011,   -62.85
Transformer.T_FZ3915,    0.50428,   -24.87,    0.50428,  -144.87,    0.50428,    95.13, 2.83843E-007,  -174.66, 2.07836E-013,   -61.68,    18.3133,   155.13,    18.3133,    35.13,    18.3133,   -84.87, 1.0308E-005,     5.34, 7.28533E-012,   -64.83
Transformer.T_FP8288,      2.747,   -25.04,      2.747,  -145.04,      2.747,    94.96, 2.06781E-006,  -172.37, 1.52659E-012,   -61.05,    99.7593,   154.96,    99.7592,    34.96,    99.7593,   -85.04, 7.50943E-005,     7.63, 5.40083E-011,   -62.14
Transformer.T_FIC1374,    5.49354,   -25.04,    5.49354,  -145.04,    5.49354,    94.96, 4.13627E-006,  -172.35, 3.03455E-012,   -60.85,    199.502,   154.96,    199.502,    34.96,    199.502,   -85.04, 0.000150212,     7.65, 1.0862E-010,   -62.31
Transformer.T_FT1737,   0.510194,   -24.82,   0.510193,  -144.82,   0.510194,    95.18, 2.48597E-007,  -174.67, 1.81558E-013,   -62.31,    18.5281,   155.18,    18.5281,    35.18,    18.5281,   -84.82, 9.02801E-006,     5.33, 6.4959E-012,   -64.33
Transformer.T_FX9286,   0.491684,   -25.00,   0.491683,  -145.00,   0.491684,    95.00, 3.5779E-007,  -172.98, 2.63202E-013,   -60.93,    17.8559,   155.00,    17.8559,    35.00,    17.8559,   -85.00, 1.29934E-005,     7.02, 9.23041E-012,   -62.09
Transformer.T_FT6845,    1.10129,   -25.03,    1.10129,  -145.03,    1.10129,    94.97, 8.15933E-007,  -173.03, 5.93019E-013,   -61.36,     39.994,   154.97,     39.994,    34.97,     39.994,   -85.03, 2.96313E-005,     6.97, 2.11534E-011,   -62.47
Transformer.T_FT6887,   0.370511,   -24.98,    0.37051,  -144.98,   0.370511,    95.02, 2.57219E-007,  -174.03, 1.88411E-013,   -61.26,    13.4554,   155.02,    13.4554,    35.02,    13.4554,   -84.98, 9.3411E-006,     5.97, 6.73668E-012,   -63.16
Transformer.T_FX9322,   0.508503,   -24.83,   0.508503,  -144.83,   0.508503,    95.17, 2.6837E-007,  -174.15, 1.96777E-013,   -61.12,    18.4667,   155.17,    18.4667,    35.17,    18.4667,   -84.83, 9.74607E-006,     5.85, 6.9153E-012,   -62.59
Transformer.T_FF1104,    3.82658,   -24.82,    3.82658,  -144.82,    3.82658,    95.18, 1.86031E-006,  -174.68, 1.36048E-012,   -61.96,    138.965,   155.18,    138.965,    35.18,    138.965,   -84.82, 6.75587E-005,     5.32, 4.92205E-011,   -64.26
Transformer.T_FX5030,    2.75029,   -25.03,    2.75028,  -145.03,    2.75029,    94.97, 2.01495E-006,  -173.64, 1.49549E-012,   -62.10,    99.8787,   154.97,    99.8787,    34.97,    99.8788,   -85.03, 7.31746E-005,     6.36, 5.30285E-011,   -63.38
Transformer.T_FF1105,    2.85969,   -24.83,    2.85968,  -144.83,    2.85969,    95.17, 1.5116E-006,  -174.28, 1.09871E-012,   -61.20,    103.852,   155.17,    103.852,    35.17,    103.852,   -84.83, 5.48948E-005,     5.72, 3.9008E-011,   -62.02
Transformer.T_FX9334,    5.49635,   -25.04,    5.49634,  -145.03,    5.49635,    94.96, 4.05275E-006,  -173.52, 2.98138E-012,   -62.15,    199.604,   154.97,    199.604,    34.97,    199.604,   -85.03, 0.000147179,     6.48, 1.0626E-010,   -63.43
Transformer.T_FX9343,   0.508355,   -24.83,   0.508355,  -144.83,   0.508355,    95.17, 2.68959E-007,  -174.37, 1.9635E-013,   -61.35,    18.4613,   155.17,    18.4613,    35.17,    18.4613,   -84.83, 9.76746E-006,     5.63, 7.01849E-012,   -61.98
Transformer.T_FT7045,   0.490778,   -25.01,   0.490778,  -145.01,   0.490778,    94.99, 3.56963E-007,  -173.45, 2.59088E-013,   -61.77,     17.823,   154.99,     17.823,    34.99,     17.823,   -85.01, 1.29634E-005,     6.55, 9.29186E-012,   -62.89
Transformer.T_FZ0191,   0.381256,   -24.83,   0.381256,  -144.83,   0.381256,    95.17, 2.01757E-007,  -174.35, 1.49215E-013,   -61.76,    13.8456,   155.17,    13.8456,    35.17,    13.8456,   -84.83, 7.32695E-006,     5.65, 5.16691E-012,   -63.72
Transformer.T_FT2704,     2.7593,   -25.01,    2.75929,  -145.01,     2.7593,    94.99, 2.01108E-006,  -173.46, 1.48295E-012,   -61.84,    100.206,   154.99,    100.206,    34.99,    100.206,   -85.01, 7.30338E-005,     6.54, 5.22722E-011,   -62.54
Transformer.T_FT6782,     1.1009,   -25.03,     1.1009,  -145.03,     1.1009,    94.97, 8.14503E-007,  -173.38, 6.01558E-013,   -62.00,    39.9801,   154.97,    39.9801,    34.97,    39.9801,   -85.03, 2.95793E-005,     6.62, 2.09216E-011,   -63.37
Transformer.T_FP2914,    5.51241,   -25.02,    5.51241,  -145.02,    5.51241,    94.98, 4.05451E-006,  -173.29, 2.96013E-012,   -61.47,    200.187,   154.98,    200.187,    34.98,    200.187,   -85.02, 0.000147243,     6.71, 1.05757E-010,   -62.88
Transformer.T_FT6829,    1.10039,   -25.03,    1.10039,  -145.03,    1.10039,    94.97, 8.18011E-007,  -173.15, 5.94907E-013,   -60.68,    39.9615,   154.97,    39.9615,    34.97,    39.9615,   -85.03, 2.97067E-005,     6.85, 2.1532E-011,   -63.16
Transformer.T_FP7255,    18.7509,   -26.64,    18.7509,  -146.64,    18.7509,    93.36, 7.18237E-006,  -177.92, 2.1481E-012,   -63.27,    680.953,   153.36,    680.952,    33.36,    680.953,   -86.64, 0.000260833,     2.08, 7.47074E-011,   -65.93
Transformer.T_FT1679,   0.506873,   -24.85,   0.506873,  -144.85,   0.506873,    95.15, 2.69395E-007,  -174.71, 1.93062E-013,   -62.61,    18.4075,   155.15,    18.4075,    35.15,    18.4075,   -84.85, 9.7833E-006,     5.29, 7.19429E-012,   -63.74
Transformer.T_FP7380,    5.49295,   -25.04,    5.49295,  -145.04,    5.49295,    94.96, 4.1363E-006,  -172.31, 3.01595E-012,   -60.66,    199.481,   154.96,    199.481,    34.96,    199.481,   -85.04, 0.000150213,     7.69, 1.08029E-010,   -61.87
Transformer.T_FX9287,    0.36875,   -25.00,    0.36875,  -145.00,    0.36875,    95.00, 2.71725E-007,  -173.01, 1.99929E-013,   -61.33,    13.3915,   155.00,    13.3914,    35.00,    13.3915,   -85.00, 9.86792E-006,     6.99, 7.07344E-012,   -63.38
Transformer.T_FT1683,   0.383144,   -24.81,   0.383144,  -144.81,   0.383144,    95.19, 1.82678E-007,  -174.88, 1.29187E-013,   -61.23,    13.9142,   155.19,    13.9142,    35.19,    13.9142,   -84.81, 6.63411E-006,     5.12, 4.75382E-012,   -63.74
Transformer.T_FT6812,    5.49493,   -25.04,    5.49493,  -145.04,    5.49493,    94.96, 4.09266E-006,  -172.90, 2.97381E-012,   -60.99,    199.553,   154.96,    199.552,    34.96,    199.553,   -85.04, 0.000148628,     7.10, 1.07595E-010,   -62.57
Transformer.T_FZ6330,   0.366813,   -25.03,   0.366813,  -145.03,   0.366813,    94.97, 2.69383E-007,  -173.56, 1.97857E-013,   -62.17,    13.3211,   154.97,    13.3211,    34.97,    13.3211,   -85.03, 9.78286E-006,     6.44, 6.97811E-012,   -63.38
Transformer.T_FP8285,    3.85178,   -24.78,    3.85178,  -144.78,    3.85178,    95.22, 1.68909E-006,  -175.17, 1.23969E-012,   -61.97,     139.88,   155.22,     139.88,    35.22,     139.88,   -84.78, 6.13407E-005,     4.83, 4.49585E-011,   -64.86
Transformer.T_FT6840,    2.74941,   -25.03,    2.74941,  -145.03,    2.74941,    94.97, 2.04706E-006,  -172.89, 1.49624E-012,   -61.18,    99.8469,   154.97,    99.8469,    34.97,     99.847,   -85.03, 7.43405E-005,     7.11, 5.32857E-011,   -62.83
Transformer.T_FX0837,   0.513815,   -24.78,   0.513814,  -144.78,   0.513815,    95.22, 2.2372E-007,  -175.20, 1.61289E-013,   -62.45,    18.6596,   155.22,    18.6596,    35.22,    18.6596,   -84.78, 8.12457E-006,     4.80, 5.79615E-012,   -63.81
Transformer.T_FX3749,   0.381268,   -24.83,   0.381268,  -144.83,   0.381268,    95.17, 2.01758E-007,  -174.35, 1.48294E-013,   -60.98,     13.846,   155.17,     13.846,    35.17,     13.846,   -84.83, 7.32701E-006,     5.65, 5.25613E-012,   -62.81
Transformer.T_FZ2829,   0.127388,   -24.82,   0.127388,  -144.82,   0.127388,    95.18, 6.43235E-008,  -174.53, 4.65002E-014,   -61.48,    4.62619,   155.18,    4.62619,    35.18,    4.62619,   -84.82, 2.33596E-006,     5.47, 1.69061E-012,   -64.08
Load.L_FF3296,    17.8467,   -25.00,    17.8467,  -145.00,    17.8467,    95.00, 1.29071E-005,  -173.42,          0,     0.00,          0,     0.00,          0,     0.00,          0,     0.00,          0,     0.00,          0,     0.00
Load.L_FT1678,    18.1647,   -24.92,    18.1647,  -144.92,    18.1647,    95.08, 1.11719E-005,  -174.33,          0,     0.00,          0,     0.00,          0,     0.00,          0,     0.00,          0,     0.00,          0,     0.00
Load.L_FT1731,    69.2607,   -24.83,    69.2607,  -144.83,    69.2607,    95.17, 3.65242E-005,  -174.28,          0,     0.00,          0,     0.00,          0,     0.00,          0,     0.00,          0,     0.00,          0,     0.00
Load.L_FM0342,    66.5315,   -25.04,    66.5314,  -145.04,    66.5315,    94.96, 4.99317E-005,  -172.48,          0,     0.00,          0,     0.00,          0,     0.00,          0,     0.00,          0,     0.00,          0,     0.00
Load.L_FP5503,    200.255,   -25.02,    200.255,  -145.02,    200.255,    94.98, 0.000147113,  -173.31,          0,     0.00,          0,     0.00,          0,     0.00,          0,     0.00,          0,     0.00,          0,     0.00
Load.L_FIC1143,    199.764,   -25.03,    199.764,  -145.03,    199.764,    94.97, 0.000148784,  -172.87,          0,     0.00,          0,     0.00,          0,     0.00,          0,     0.00,          0,     0.00,          0,     0.00
Load.L_FT6848,    40.0951,   -25.01,    40.0951,  -145.01,    40.0951,    94.99, 2.93072E-005,  -173.46,          0,     0.00,          0,     0.00,          0,     0.00,          0,     0.00,          0,     0.00,          0,     0.00
Load.L_FP8139,    199.818,   -25.03,    199.818,  -145.03,    199.818,    94.97, 0.000148332,  -173.24,          0,     0.00,          0,     0.00,          0,     0.00,          0,     0.00,          0,     0.00,          0,     0.00
Load.L_FT6778,    133.069,   -25.03,    133.069,  -145.03,    133.069,    94.97, 9.81191E-005,  -173.52,          0,     0.00,          0,     0.00,          0,     0.00,          0,     0.00,          0,     0.00,          0,     0.00
Load.L_FZ1928,    199.521,   -25.04,    199.521,  -145.04,    199.521,    94.96, 0.000148622,  -172.90,          0,     0.00,          0,     0.00,          0,     0.00,          0,     0.00,          0,     0.00,          0,     0.00
Load.L_FT1738,    42.2688,   -24.75,    42.2688,  -144.75,    42.2688,    95.25, 1.62021E-005,  -176.77,          0,     0.00,          0,     0.00,          0,     0.00,          0,     0.00,          0,     0.00,          0,     0.00
Load.L_FIC1411,    13.3264,   -25.03,    13.3264,  -145.03,    13.3264,    94.97, 9.8153E-006,  -173.51,          0,     0.00,          0,     0.00,          0,     0.00,          0,     0.00,          0,     0.00,          0,     0.00
Load.L_FP4629,    26.7701,   -25.00,    26.7701,  -145.00,    26.7701,    95.00, 1.93607E-005,  -173.42,          0,     0.00,          0,     0.00,          0,     0.00,          0,     0.00,          0,     0.00,          0,     0.00
Load.L_FP7483,    137.142,   -24.88,    137.142,  -144.88,    137.142,    95.12, 7.84099E-005,  -174.65,          0,     0.00,          0,     0.00,          0,     0.00,          0,     0.00,          0,     0.00,          0,     0.00
Load.L_FZ4318,    14.1084,   -24.74,    14.1084,  -144.74,    14.1084,    95.26, 5.30906E-006,  -175.67,          0,     0.00,          0,     0.00,          0,     0.00,          0,     0.00,          0,     0.00,          0,     0.00
Load.L_FF3486,    40.0375,   -25.02,    40.0374,  -145.02,    40.0375,    94.98, 2.93308E-005,  -173.45,          0,     0.00,          0,     0.00,          0,     0.00,          0,     0.00,          0,     0.00,          0,     0.00
Load.L_FZ8025,    133.454,   -25.02,    133.454,  -145.02,    133.454,    94.98, 9.77803E-005,  -173.45,          0,     0.00,          0,     0.00,          0,     0.00,          0,     0.00,          0,     0.00,          0,     0.00
Load.L_FP0718,    103.892,   -24.83,    103.892,  -144.83,    103.892,    95.17, 5.47716E-005,  -174.28,          0,     0.00,          0,     0.00,          0,     0.00,          0,     0.00,          0,     0.00,          0,     0.00
Load.L_FT7047,    13.3197,   -25.03,    13.3197,  -145.03,    13.3197,    94.97, 9.76659E-006,  -173.61,          0,     0.00,          0,     0.00,          0,     0.00,          0,     0.00,          0,     0.00,          0,     0.00
Load.L_FP8333,     201.01,   -25.00,     201.01,  -145.00,     201.01,    95.00, 0.000144324,  -173.47,          0,     0.00,          0,     0.00,          0,     0.00,          0,     0.00,          0,     0.00,          0,     0.00
Load.L_FP5552,    200.177,   -25.02,    200.177,  -145.02,    200.177,    94.98, 0.000147234,  -173.30,          0,     0.00,          0,     0.00,          0,     0.00,          0,     0.00,          0,     0.00,          0,     0.00
Load.L_FT6849,    201.092,   -25.00,    201.092,  -145.00,    201.092,    95.00, 0.000143607,  -173.76,          0,     0.00,          0,     0.00,          0,     0.00,          0,     0.00,          0,     0.00,          0,     0.00
Load.L_FM1129,    133.202,   -25.03,    133.202,  -145.03,    133.202,    94.97, 9.81461E-005,  -173.51,          0,     0.00,          0,     0.00,          0,     0.00,          0,     0.00,          0,     0.00,          0,     0.00
Load.L_FZ3915,    18.3134,   -24.87,    18.3134,  -144.87,    18.3134,    95.13, 1.0308E-005,  -174.66,          0,     0.00,          0,     0.00,          0,     0.00,          0,     0.00,          0,     0.00,          0,     0.00
Load.L_FP8288,    99.7598,   -25.04,    99.7597,  -145.04,    99.7598,    94.96, 7.50946E-005,  -172.37,          0,     0.00,          0,     0.00,          0,     0.00,          0,     0.00,          0,     0.00,          0,     0.00
Load.L_FIC1374,    199.503,   -25.04,    199.503,  -145.04,    199.503,    94.96, 0.000150212,  -172.35,          0,     0.00,          0,     0.00,          0,     0.00,          0,     0.00,          0,     0.00,          0,     0.00
Load.L_FT1737,    18.5281,   -24.82,    18.5281,  -144.82,    18.5281,    95.18, 9.02804E-006,  -174.67,          0,     0.00,          0,     0.00,          0,     0.00,          0,     0.00,          0,     0.00,          0,     0.00
Load.L_FX9286,    17.8559,   -25.00,    17.8559,  -145.00,    17.8559,    95.00, 1.29935E-005,  -172.98,          0,     0.00,          0,     0.00,          0,     0.00,          0,     0.00,          0,     0.00,          0,     0.00
Load.L_FT6845,    39.9942,   -25.03,    39.9942,  -145.03,    39.9942,    94.97, 2.96313E-005,  -173.03,          0,     0.00,          0,     0.00,          0,     0.00,          0,     0.00,          0,     0.00,          0,     0.00
Load.L_FT6887,    13.4554,   -24.98,    13.4554,  -144.98,    13.4554,    95.02, 9.34113E-006,  -174.03,          0,     0.00,          0,     0.00,          0,     0.00,          0,     0.00,          0,     0.00,          0,     0.00
Load.L_FX9322,    18.4667,   -24.83,    18.4667,  -144.83,    18.4667,    95.17, 9.7461E-006,  -174.15,          0,     0.00,          0,     0.00,          0,     0.00,          0,     0.00,          0,     0.00,          0,     0.00
Load.L_FF1104,    138.966,   -24.82,    138.966,  -144.82,    138.966,    95.18, 6.75589E-005,  -174.68,          0,     0.00,          0,     0.00,          0,     0.00,          0,     0.00,          0,     0.00,          0,     0.00
Load.L_FX5030,    99.8792,   -25.03,    99.8792,  -145.03,    99.8792,    94.97, 7.31748E-005,  -173.64,          0,     0.00,          0,     0.00,          0,     0.00,          0,     0.00,          0,     0.00,          0,     0.00
Load.L_FF1105,    103.852,   -24.83,    103.852,  -144.83,    103.852,    95.17, 5.4895E-005,  -174.28,          0,     0.00,          0,     0.00,          0,     0.00,          0,     0.00,          0,     0.00,          0,     0.00
Load.L_FX9334,    199.605,   -25.03,    199.605,  -145.03,    199.605,    94.97, 0.000147179,  -173.52,          0,     0.00,          0,     0.00,          0,     0.00,          0,     0.00,          0,     0.00,          0,     0.00
Load.L_FX9343,    18.4614,   -24.83,    18.4614,  -144.83,    18.4614,    95.17, 9.76749E-006,  -174.37,          0,     0.00,          0,     0.00,          0,     0.00,          0,     0.00,          0,     0.00,          0,     0.00
Load.L_FT7045,    17.8231,   -25.01,    17.8231,  -145.01,    17.8231,    94.99, 1.29634E-005,  -173.45,          0,     0.00,          0,     0.00,          0,     0.00,          0,     0.00,          0,     0.00,          0,     0.00
Load.L_FZ0191,    13.8457,   -24.83,    13.8456,  -144.83,    13.8456,    95.17, 7.32697E-006,  -174.35,          0,     0.00,          0,     0.00,          0,     0.00,          0,     0.00,          0,     0.00,          0,     0.00
Load.L_FT2704,    100.206,   -25.01,    100.206,  -145.01,    100.206,    94.99, 7.3034E-005,  -173.46,          0,     0.00,          0,     0.00,          0,     0.00,          0,     0.00,          0,     0.00,          0,     0.00
Load.L_FT6782,    39.9803,   -25.03,    39.9803,  -145.03,    39.9803,    94.97, 2.95794E-005,  -173.38,          0,     0.00,          0,     0.00,          0,     0.00,          0,     0.00,          0,     0.00,          0,     0.00
Load.L_FP2914,    200.188,   -25.02,    200.188,  -145.02,    200.188,    94.98, 0.000147243,  -173.29,          0,     0.00,          0,     0.00,          0,     0.00,          0,     0.00,          0,     0.00,          0,     0.00
Load.L_FT6829,    39.9617,   -25.03,    39.9617,  -145.03,    39.9617,    94.97, 2.97068E-005,  -173.15,          0,     0.00,          0,     0.00,          0,     0.00,          0,     0.00,          0,     0.00,          0,     0.00
Load.L_FP7255,    680.954,   -26.64,    680.954,  -146.64,    680.954,    93.36, 0.000260834,  -177.92,          0,     0.00,          0,     0.00,          0,     0.00,          0,     0.00,          0,     0.00,          0,     0.00
Load.L_FT1679,    18.4075,   -24.85,    18.4075,  -144.85,    18.4075,    95.15, 9.78333E-006,  -174.71,          0,     0.00,          0,     0.00,          0,     0.00,          0,     0.00,          0,     0.00,          0,     0.00
Load.L_FP7380,    199.482,   -25.04,    199.481,  -145.04,    199.482,    94.96, 0.000150214,  -172.31,          0,     0.00,          0,     0.00,          0,     0.00,          0,     0.00,          0,     0.00,          0,     0.00
Load.L_FX9287,    13.3915,   -25.00,    13.3915,  -145.00,    13.3915,    95.00, 9.86795E-006,  -173.01,          0,     0.00,          0,     0.00,          0,     0.00,          0,     0.00,          0,     0.00,          0,     0.00
Load.L_FT1683,    13.9142,   -24.81,    13.9142,  -144.81,    13.9142,    95.19, 6.63413E-006,  -174.88,          0,     0.00,          0,     0.00,          0,     0.00,          0,     0.00,          0,     0.00,          0,     0.00
Load.L_FT6812,    199.553,   -25.04,    199.553,  -145.04,    199.553,    94.96, 0.000148629,  -172.90,          0,     0.00,          0,     0.00,          0,     0.00,          0,     0.00,          0,     0.00,          0,     0.00
Load.L_FZ6330,    13.3212,   -25.03,    13.3212,  -145.03,    13.3212,    94.97, 9.78289E-006,  -173.56,          0,     0.00,          0,     0.00,          0,     0.00,          0,     0.00,          0,     0.00,          0,     0.00
Load.L_FP8285,    139.881,   -24.78,    139.881,  -144.78,    139.881,    95.22, 6.13409E-005,  -175.17,          0,     0.00,          0,     0.00,          0,     0.00,          0,     0.00,          0,     0.00,          0,     0.00
Load.L_FT6840,    99.8474,   -25.03,    99.8474,  -145.03,    99.8474,    94.97, 7.43407E-005,  -172.89,          0,     0.00,          0,     0.00,          0,     0.00,          0,     0.00,          0,     0.00,          0,     0.00
Load.L_FX0837,    18.6596,   -24.78,    18.6596,  -144.78,    18.6596,    95.22, 8.12459E-006,  -175.20,          0,     0.00,          0,     0.00,          0,     0.00,          0,     0.00,          0,     0.00,          0,     0.00
Load.L_FX3749,    13.8461,   -24.83,    13.8461,  -144.83,    13.8461,    95.17, 7.32703E-006,  -174.35,          0,     0.00,          0,     0.00,          0,     0.00,          0,     0.00,          0,     0.00,          0,     0.00
Load.L_FZ2829,     4.6262,   -24.82,     4.6262,  -144.82,     4.6262,    95.18, 2.33597E-006,  -174.53,          0,     0.00,          0,     0.00,          0,     0.00,          0,     0.00,          0,     0.00,          0,     0.00
