Element, I1_1, Ang1_1, I1_2, Ang1_2, I1_3, Ang1_3, I1_4, Ang1_4, Iresid1, AngResid1, I2_1, Ang2_1, I2_2, Ang2_2, I2_3, Ang2_3, I2_4, Ang2_4, Iresid2, AngResid2
Vsource.SOURCE,    163.412,   155.33,    163.412,    35.33,    163.412,   -84.67,          0,     0.00, 5.14179E-005,    58.63,    163.412,   -24.67,    163.412,  -144.67,    163.412,    95.33,          0,     0.00, 5.14179E-005,  -121.37
Line.L_BSB_MT_2354,    0.38446,   155.57,    0.38446,    35.57,    0.38446,   -84.43,          0,     0.00, 6.33368E-009,  -126.03,    0.38446,   -24.43,    0.38446,  -144.43,    0.38446,    95.57,          0,     0.00, 6.26483E-009,    48.01
Line.L_BSB_MT_2355,    5.19021,   -24.43,    5.19021,  -144.43,    5.19021,    95.57,          0,     0.00, 6.77816E-007,   169.03,    5.19021,   155.57,    5.19021,    35.57,    5.19021,   -84.43,          0,     0.00, 6.8028E-007,   -11.01
Line.L_BSB_MT_2704,    4.51862,   -24.78,    4.51862,  -144.78,    4.51862,    95.22,          0,     0.00, 3.66405E-006,  -107.14,    4.51862,   155.22,    4.51862,    35.22,    4.51862,   -84.78,          0,     0.00, 3.66634E-006,    72.92
Line.L_BSB_MT_2706,    1.31857,   155.57,    1.31857,    35.57,    1.31857,   -84.43,          0,     0.00, 1.71064E-006,    82.02,    1.31857,   -24.43,    1.31857,  -144.43,    1.31857,    95.57,          0,     0.00, 1.70807E-006,   -98.04
Line.L_BSB_MT_2035,   0.384461,   -24.43,   0.384461,  -144.43,   0.384461,    95.57,          0,     0.00, 2.08718E-008,    51.34,   0.384461,   155.57,   0.384461,    35.57,   0.384461,   -84.43,          0,     0.00, 2.44461E-008,  -130.36
Line.L_BSB_MT_2036,   0.384461,   -24.43,   0.384461,  -144.43,   0.384461,    95.57,          0,     0.00, 1.77013E-008,    54.64,   0.384461,   155.57,   0.384461,    35.57,   0.384461,   -84.43,          0,     0.00, 1.8451E-008,  -132.95
Line.L_BSB_MT_2037,   0.384461,   -24.43,   0.384461,  -144.43,   0.384461,    95.57,          0,     0.00, 1.35042E-008,    46.40,   0.384461,   155.57,   0.384461,    35.57,   0.384461,   -84.43,          0,     0.00, 1.0861E-008,  -149.04
Line.L_BSB_MT_2038,   0.384461,   -24.43,   0.384461,  -144.43,   0.384461,    95.57,          0,     0.00, 9.59985E-009,    50.91,   0.384461,   155.57,   0.384461,    35.57,   0.384461,   -84.43,          0,     0.00, 6.92255E-009,  -160.35
Line.L_BSB_MT_2040,    0.96115,   -24.43,   0.961151,  -144.43,    0.96115,    95.57,          0,     0.00, 1.18988E-006,  -115.67,    0.96115,   155.57,   0.961151,    35.57,    0.96115,   -84.43,          0,     0.00, 1.19115E-006,    64.41
Line.L_BSB_MT_20401,   0.961149,   155.57,    0.96115,    35.57,    0.96115,   -84.43,          0,     0.00, 7.93168E-007,    43.48,   0.961149,   -24.43,    0.96115,  -144.43,    0.96115,    95.57,          0,     0.00, 7.95399E-007,  -136.30
Line.L_BSB_MT_2041,    0.96115,   -24.43,   0.961151,  -144.43,    0.96115,    95.57,          0,     0.00, 1.19742E-006,  -115.55,    0.96115,   155.57,   0.961151,    35.57,    0.96115,   -84.43,          0,     0.00, 1.19797E-006,    64.24
Line.L_BSB_MT_2042,    0.96115,   -24.43,   0.961151,  -144.43,    0.96115,    95.57,          0,     0.00, 1.19685E-006,  -116.11,    0.96115,   155.57,   0.961151,    35.57,    0.96115,   -84.43,          0,     0.00, 1.19538E-006,    63.83
Line.L_BSB_MT_2043,    0.96115,   -24.43,   0.961151,  -144.43,    0.96115,    95.57,          0,     0.00, 1.20567E-006,  -115.80,    0.96115,   155.57,   0.961151,    35.57,    0.96115,   -84.43,          0,     0.00, 1.20713E-006,    64.21
Line.L_BSB_MT_2044,    0.96115,   -24.43,   0.961151,  -144.43,    0.96115,    95.57,          0,     0.00, 1.20272E-006,  -115.92,    0.96115,   155.57,   0.961151,    35.57,    0.96115,   -84.43,          0,     0.00, 1.20417E-006,    64.04
Line.L_BSB_MT_2045,    0.96115,   -24.43,   0.961151,  -144.43,    0.96115,    95.57,          0,     0.00, 1.20496E-006,  -116.19,    0.96115,   155.57,   0.961151,    35.57,    0.96115,   -84.43,          0,     0.00, 1.20456E-006,    63.90
Line.L_BSB_MT_2046,    0.96115,   -24.43,   0.961151,  -144.43,    0.96115,    95.57,          0,     0.00, 1.20976E-006,  -116.10,    0.96115,   155.57,   0.961151,    35.57,    0.96115,   -84.43,          0,     0.00, 1.20725E-006,    63.79
Line.L_BSB_MT_2047,    1.15295,   -24.42,    1.15295,  -144.42,    1.15295,    95.58,          0,     0.00, 4.21674E-009,    96.34,    1.15295,   155.58,    1.15295,    35.58,    1.15295,   -84.42,          0,     0.00, 4.21674E-009,   -83.66
Line.L_BSB_MT_2048,    17.5844,   -24.33,    17.5844,  -144.33,    17.5844,    95.67,          0,     0.00, 6.72774E-006,  -130.46,    17.5844,   155.67,    17.5844,    35.67,    17.5844,   -84.33,          0,     0.00, 6.72845E-006,    49.55
Line.L_BSB_MT_2049,    17.5844,   155.67,    17.5844,    35.67,    17.5844,   -84.33,          0,     0.00, 3.7971E-006,    45.67,    17.5844,   -24.33,    17.5844,  -144.33,    17.5844,    95.67,          0,     0.00, 3.79279E-006,  -134.36
Line.L_BSB_MT_2050,    15.6625,   155.68,    15.6625,    35.68,    15.6625,   -84.32,          0,     0.00, 2.80834E-006,    64.27,    15.6625,   -24.32,    15.6625,  -144.32,    15.6625,    95.68,          0,     0.00, 2.81083E-006,  -115.75
Line.L_BSB_MT_7575,    5.19021,   -24.43,    5.19021,  -144.43,    5.19021,    95.57,          0,     0.00, 6.78522E-007,   169.56,    5.19021,   155.57,    5.19021,    35.57,    5.19021,   -84.43,          0,     0.00, 6.81395E-007,   -10.23
Line.L_BSB_MT_7579,    5.70281,   -24.43,    5.70282,  -144.43,    5.70282,    95.57,          0,     0.00, 4.38775E-006,  -121.64,    5.70281,   155.57,    5.70282,    35.57,    5.70282,   -84.43,          0,     0.00, 4.38638E-006,    58.38
Line.L_BSB_MT_6303, 4.30201E-007,   -47.76, 1.34958E-006,   170.33, 8.50353E-007,    50.64,          0,     0.00, 7.56368E-007,   131.58, 4.29856E-007,   132.28, 1.34867E-006,    -9.68, 8.49173E-007,  -129.26,          0,     0.00, 7.57334E-007,   -48.39
Line.L_BSB_MT_6304,    1.31857,   -24.43,    1.31857,  -144.43,    1.31857,    95.57,          0,     0.00, 1.70557E-006,   -98.00,    1.31857,   155.57,    1.31857,    35.57,    1.31857,   -84.43,          0,     0.00, 1.70275E-006,    82.11
Line.L_BSB_MT_6305,    2.88312,   -24.43,    2.88312,  -144.43,    2.88312,    95.57,          0,     0.00, 3.86109E-006,  -103.03,    2.88312,   155.57,    2.88312,    35.57,    2.88312,   -84.43,          0,     0.00, 3.85994E-006,    76.95
Line.L_BSB_MT_63051,    2.88312,   -24.43,    2.88312,  -144.43,    2.88312,    95.57,          0,     0.00, 3.86483E-006,  -103.12,    2.88312,   155.57,    2.88312,    35.57,    2.88312,   -84.43,          0,     0.00, 3.86686E-006,    76.87
Line.L_BSB_MT_3728, 1.31709E-009,   -45.00, 1.39698E-009,   -90.00, 2.63418E-009,    45.00,          0,     0.00, 2.83251E-009,    -9.46, 1.31709E-009,   135.00, 1.04125E-009,  -153.43, 2.0825E-009,  -116.57,          0,     0.00, 3.12375E-009,  -153.43
Line.L_BSB_MT_3439,    4.51862,   -24.78,    4.51862,  -144.78,    4.51862,    95.22,          0,     0.00, 2.71271E-006,  -140.68,    4.51862,   155.22,    4.51862,    35.22,    4.51862,   -84.78,          0,     0.00, 2.71042E-006,    39.38
Line.L_BSB_MT_3445,    7.40158,   -24.64,    7.40158,  -144.64,    7.40157,    95.36,          0,     0.00, 6.43916E-006,  -115.50,    7.40158,   155.36,    7.40158,    35.36,    7.40157,   -84.64,          0,     0.00, 6.43624E-006,    64.50
Line.L_BSB_MT_2051,    15.6625,   155.68,    15.6625,    35.68,    15.6625,   -84.32,          0,     0.00, 2.81276E-006,    64.33,    15.6625,   -24.32,    15.6625,  -144.32,    15.6625,    95.68,          0,     0.00, 2.81333E-006,  -115.74
Line.L_BSB_MT_7581,    19.9716,   154.92,    19.9716,    34.92,    19.9716,   -85.08,          0,     0.00, 3.33649E-006,   103.77,    19.9716,   -25.08,    19.9716,  -145.08,    19.9716,    94.92,          0,     0.00, 3.33751E-006,   -76.22
Line.L_BSB_MT_7624, 6.33368E-009,   107.10, 1.86265E-009,     0.00, 7.27386E-009,    50.19,          0,     0.00, 1.25383E-008,    68.20, 7.95722E-009,   -69.44, 7.46512E-009,  -176.42, 5.26836E-009,  -135.00,          0,     0.00, 1.43451E-008,  -125.75
Line.L_BSB_MT_7626,    1.56455,   -24.43,    1.56455,  -144.43,    1.56455,    95.57,          0,     0.00, 2.13605E-006,  -106.33,    1.56455,   155.57,    1.56455,    35.57,    1.56455,   -84.43,          0,     0.00, 2.13773E-006,    73.60
Line.L_BSB_MT_7663,    1.92234,   -24.43,    1.92234,  -144.43,    1.92234,    95.57,          0,     0.00, 8.58637E-009,    12.53,    1.92234,   155.57,    1.92234,    35.57,    1.92234,   -84.43,          0,     0.00, 8.43348E-009,   173.66
Line.L_BSB_MT_5378,    59.4576,   155.13,    59.4577,    35.13,    59.4576,   -84.87,          0,     0.00, 2.21386E-005,    64.51,    59.4576,   -24.87,    59.4577,  -144.87,    59.4576,    95.13,          0,     0.00, 2.21381E-005,  -115.49
Line.L_BSB_MT_2083,    4.03611,   155.57,    4.03611,    35.57,    4.03611,   -84.43,          0,     0.00, 2.0437E-006,    -4.02,    4.03611,   -24.43,    4.03611,  -144.43,    4.03611,    95.57,          0,     0.00, 2.04715E-006,   175.90
Line.L_BSB_MT_2084,    4.03611,   155.57,    4.03611,    35.57,    4.03611,   -84.43,          0,     0.00, 2.04122E-006,    -4.15,    4.03611,   -24.43,    4.03611,  -144.43,    4.03611,    95.57,          0,     0.00, 2.04268E-006,   175.83
Line.L_BSB_MT_2085,    2.88294,   -24.43,    2.88294,  -144.43,    2.88294,    95.57,          0,     0.00, 5.6073E-009,    -4.76,    2.88294,   155.57,    2.88294,    35.57,    2.88294,   -84.43,          0,     0.00, 4.65661E-009,   126.87
Line.L_BSB_MT_2086,    1.15318,   155.57,    1.15318,    35.57,    1.15317,   -84.43,          0,     0.00, 9.35713E-007,    28.73,    1.15318,   -24.43,    1.15318,  -144.43,    1.15317,    95.57,          0,     0.00, 9.36244E-007,  -151.09
Line.L_BSB_MT_2087,    1.15318,   155.57,    1.15318,    35.57,    1.15317,   -84.43,          0,     0.00, 9.46118E-007,    28.71,    1.15318,   -24.43,    1.15318,  -144.43,    1.15317,    95.57,          0,     0.00, 9.45301E-007,  -151.26
Line.L_BSB_MT_2088,    1.15318,   155.57,    1.15318,    35.57,    1.15317,   -84.43,          0,     0.00, 9.4935E-007,    28.54,    1.15318,   -24.43,    1.15318,  -144.43,    1.15317,    95.57,          0,     0.00, 9.47083E-007,  -151.42
Line.L_BSB_MT_7810,    16.8522,   -24.43,    16.8522,  -144.43,    16.8522,    95.57,          0,     0.00, 1.14119E-005,  -124.30,    16.8522,   155.57,    16.8522,    35.57,    16.8522,   -84.43,          0,     0.00, 1.14101E-005,    55.70
Line.L_BSB_MT_2743,    2.88312,   -24.43,    2.88312,  -144.43,    2.88312,    95.57,          0,     0.00, 2.58054E-006,  -103.12,    2.88312,   155.57,    2.88312,    35.57,    2.88312,   -84.43,          0,     0.00, 2.57964E-006,    76.87
Line.L_BSB_MT_2744, 3.69905E-007,   108.34, 1.65891E-006,   -48.25, 2.256E-006,  -133.81,          0,     0.00, 2.57918E-006,  -102.85, 3.71378E-007,   -71.43, 1.65795E-006,   131.73, 2.25734E-006,    46.22,          0,     0.00, 2.58026E-006,    77.09
Line.L_BSB_MT_2745, 3.71094E-007,   108.89, 1.65393E-006,   -48.23, 2.26256E-006,  -133.85,          0,     0.00, 2.58145E-006,  -103.12, 3.69912E-007,   -71.20, 1.65296E-006,   131.76, 2.26288E-006,    46.14,          0,     0.00, 2.58201E-006,    76.88
Line.L_BSB_MT_2746, 1.93237E-007,   109.57, 8.27561E-007,   -48.35, 1.12768E-006,  -133.80,          0,     0.00, 1.28468E-006,  -103.29, 1.91301E-007,   -70.82, 8.30115E-007,   131.75, 1.12934E-006,    46.25,          0,     0.00, 1.28781E-006,    76.94
Line.L_BSB_MT_2747, 1.91247E-007,   110.38, 8.24583E-007,   -48.34, 1.12628E-006,  -133.99,          0,     0.00, 1.28281E-006,  -103.56, 1.9081E-007,   -69.57, 8.24235E-007,   131.68, 1.12693E-006,    45.97,          0,     0.00, 1.28303E-006,    76.40
Line.L_BSB_MT_2748, 1.84842E-007,   109.58, 8.25475E-007,   -48.22, 1.128E-006,  -133.81,          0,     0.00, 1.28914E-006,  -103.13, 1.87066E-007,   -70.21, 8.271E-007,   131.80, 1.12864E-006,    46.15,          0,     0.00, 1.28844E-006,    76.82
Line.L_BSB_MT_2749, 1.86909E-007,   109.65, 8.25402E-007,   -48.13, 1.12527E-006,  -134.08,          0,     0.00, 1.2814E-006,  -103.30, 1.87662E-007,   -70.13, 8.25749E-007,   131.85, 1.12527E-006,    45.92,          0,     0.00, 1.28162E-006,    76.66
Line.L_BSB_MT_2750, 1.91997E-009,    75.96, 3.39007E-009,    15.95, 3.97861E-009,    69.44,          0,     0.00, 8.29086E-009,    51.84, 2.83251E-009,   -99.46, 4.19095E-009,   180.00, 3.83994E-009,  -104.04,          0,     0.00, 8.58637E-009,  -130.60
Line.L_BSB_MT_6543,    1.19509,   -13.40,    1.19508,  -133.40,    1.19509,   106.60,          0,     0.00, 3.49074E-006,    29.58,    1.19509,   166.60,    1.19508,    46.60,    1.19509,   -73.40,          0,     0.00, 3.49189E-006,  -150.38
Line.L_BSB_MT_6556,    3.39567,   -24.43,    3.39567,  -144.43,    3.39567,    95.57,          0,     0.00, 7.08928E-006,  -123.50,    3.39567,   155.57,    3.39567,    35.57,    3.39567,   -84.43,          0,     0.00, 7.08851E-006,    56.51
Line.L_BSB_MT_7870, 2.0825E-009,   -26.57, 3.39007E-009,  -164.05, 4.65661E-010,   180.00,          0,     0.00, 2.63418E-009,  -135.00, 1.67897E-009,   123.69, 3.25963E-009,     0.00, 1.39698E-009,     0.00,          0,     0.00, 3.97861E-009,    20.56
Line.L_BSB_MT_5431, 1.97783E-007,   109.25, 8.27448E-007,   -48.22, 1.12569E-006,  -133.83,          0,     0.00, 1.27655E-006,  -103.29, 1.96598E-007,   -70.92, 8.30005E-007,   131.88, 1.12601E-006,    46.16,          0,     0.00, 1.27762E-006,    76.88
Line.L_BSB_MT_5432, 6.58545E-010,   135.00, 2.32831E-009,    36.87, 4.65661E-009,    53.13,          0,     0.00, 6.98492E-009,    53.13, 1.04125E-009,  -153.43, 1.39698E-009,   180.00, 2.0825E-009,  -116.57,          0,     0.00, 4.00577E-009,  -144.46
Line.L_BSB_MT_5531,    5.19021,   -24.43,    5.19021,  -144.43,    5.19021,    95.57,          0,     0.00, 6.79949E-007,   169.34,    5.19021,   155.57,    5.19021,    35.57,    5.19021,   -84.43,          0,     0.00, 6.81581E-007,   -10.75
Line.L_BSB_MT_5532,   0.384461,   -24.43,   0.384461,  -144.43,   0.384461,    95.57,          0,     0.00, 4.74883E-009,   168.69,   0.384461,   155.57,   0.384461,    35.57,   0.384461,   -84.43,          0,     0.00, 1.04125E-009,    26.57
Line.L_BSB_MT_5533,    0.96115,   -24.43,   0.961151,  -144.43,    0.96115,    95.57,          0,     0.00, 1.20602E-006,  -116.09,    0.96115,   155.57,   0.961151,    35.57,    0.96115,   -84.43,          0,     0.00, 1.20371E-006,    63.78
Line.L_BSB_MT_5534,    4.03611,   155.57,    4.03611,    35.57,    4.03611,   -84.43,          0,     0.00, 2.03445E-006,    -4.41,    4.03611,   -24.43,    4.03611,  -144.43,    4.03611,    95.57,          0,     0.00, 2.03666E-006,   175.63
Line.L_BSB_MT_5537, 1.04125E-009,   153.43, 1.67897E-009,   -56.31, 1.39698E-009,     0.00,          0,     0.00, 1.67897E-009,   -33.69, 9.31323E-010,   -90.00, 9.31323E-010,   180.00, 1.86265E-009,   180.00,          0,     0.00, 2.9451E-009,  -161.57
Line.L_BSB_MT_5538, 1.97563E-009,   -45.00, 2.50766E-009,   158.20, 5.75991E-009,   -75.96,          0,     0.00, 6.07148E-009,   -85.60, 3.12375E-009,   116.57, 1.47255E-009,    18.43, 6.0536E-009,   112.62,          0,     0.00, 9.14879E-009,   104.74
Line.L_BSB_MT_5545,    16.0834,   -24.43,    16.0834,  -144.43,    16.0834,    95.57,          0,     0.00, 4.28347E-006,   -93.65,    16.0834,   155.57,    16.0834,    35.57,    16.0834,   -84.43,          0,     0.00, 4.28527E-006,    86.36
Line.L_BSB_MT_5546,     9.9961,   155.57,     9.9961,    35.57,     9.9961,   -84.43,          0,     0.00, 1.90547E-006,   113.52,     9.9961,   -24.43,     9.9961,  -144.43,     9.9961,    95.57,          0,     0.00, 1.90649E-006,   -66.58
Line.L_BSB_MT_5548,    7.68934,   -24.43,    7.68934,  -144.43,    7.68934,    95.57,          0,     0.00, 2.29757E-006,    -5.77,    7.68934,   155.57,    7.68934,    35.57,    7.68934,   -84.43,          0,     0.00, 2.2998E-006,   174.14
Line.L_BSB_MT_5552,    20.2479,   -24.43,    20.2479,  -144.43,    20.2479,    95.57,          0,     0.00, 2.09504E-005,  -123.33,    20.2479,   155.57,    20.2479,    35.57,    20.2479,   -84.43,          0,     0.00, 2.09511E-005,    56.68
Line.L_BSB_MT_5553,    1.63577,   -25.41,    1.63578,  -145.41,    1.63577,    94.59,          0,     0.00, 2.86734E-006,  -134.09,    1.63577,   154.59,    1.63578,    34.59,    1.63577,   -85.41,          0,     0.00, 2.86998E-006,    45.93
Line.L_BSB_MT_5554,     33.445,   -25.21,     33.445,  -145.21,     33.445,    94.79,          0,     0.00, 4.09093E-006,   -24.38,     33.445,   154.79,     33.445,    34.79,     33.445,   -85.21,          0,     0.00, 4.09062E-006,   155.59
Line.L_BSB_MT_5555,    6.51954,   153.56,    6.51954,    33.56,    6.51954,   -86.44,          0,     0.00, 3.17691E-006,    85.36,    6.51954,   -26.44,    6.51954,  -146.44,    6.51954,    93.56,          0,     0.00, 3.17637E-006,   -94.62
Line.L_BSB_MT_5556, 1.67897E-009,   123.69, 1.91997E-009,   165.96, 1.91997E-009,   -75.96,          0,     0.00, 2.32831E-009,   180.00, 1.86265E-009,   180.00,          0,     0.00, 1.91997E-009,    75.96,          0,     0.00, 2.32831E-009,   126.87
Line.L_BSB_MT_5557,    66.0021,   -24.65,    66.0021,  -144.65,    66.0021,    95.35,          0,     0.00, 1.57093E-005,  -119.84,    66.0021,   155.35,    66.0021,    35.35,    66.0021,   -84.65,          0,     0.00, 1.57097E-005,    60.16
Line.L_BSB_MT_2016,     9.9961,   155.57,     9.9961,    35.57,     9.9961,   -84.43,          0,     0.00, 1.90251E-006,   113.10,     9.9961,   -24.43,     9.9961,  -144.43,     9.9961,    95.57,          0,     0.00, 1.89975E-006,   -66.77
Line.L_BSB_MT_2018,    72.9197,   -24.63,    72.9197,  -144.63,    72.9197,    95.37,          0,     0.00, 1.93674E-005,  -116.80,    72.9197,   155.37,    72.9197,    35.37,    72.9197,   -84.63,          0,     0.00, 1.9371E-005,    63.20
Line.L_BSB_MT_2019,    0.38446,   155.57,    0.38446,    35.57,    0.38446,   -84.43,          0,     0.00, 1.28842E-006,    76.73,    0.38446,   -24.43,    0.38446,  -144.43,    0.38446,    95.57,          0,     0.00, 1.28522E-006,  -103.39
Line.L_BSB_MT_2863,    1.56455,   -24.43,    1.56455,  -144.43,    1.56455,    95.57,          0,     0.00, 2.11967E-006,  -106.34,    1.56455,   155.57,    1.56455,    35.57,    1.56455,   -84.43,          0,     0.00, 2.1182E-006,    73.66
Line.L_BSB_MT_2864,    1.56455,   -24.43,    1.56455,  -144.43,    1.56455,    95.57,          0,     0.00, 2.11305E-006,  -106.45,    1.56455,   155.57,    1.56455,    35.57,    1.56455,   -84.43,          0,     0.00, 2.11176E-006,    73.58
Line.L_BSB_MT_2870,    1.31857,   155.57,    1.31857,    35.57,    1.31857,   -84.43,          0,     0.00, 1.69362E-006,    82.51,    1.31857,   -24.43,    1.31857,  -144.43,    1.31857,    95.57,          0,     0.00, 1.69171E-006,   -97.48
Line.L_BSB_MT_2871,    1.31857,   -24.43,    1.31857,  -144.43,    1.31857,    95.57,          0,     0.00, 1.69189E-006,   -97.53,    1.31857,   155.57,    1.31857,    35.57,    1.31857,   -84.43,          0,     0.00, 1.69405E-006,    82.40
Line.L_BSB_MT_2872,    1.31857,   -24.43,    1.31857,  -144.43,    1.31857,    95.57,          0,     0.00, 1.69633E-006,   -97.70,    1.31857,   155.57,    1.31857,    35.57,    1.31857,   -84.43,          0,     0.00, 1.69356E-006,    82.29
Line.L_BSB_MT_2873,    1.56455,   -24.43,    1.56455,  -144.43,    1.56455,    95.57,          0,     0.00, 2.12398E-006,  -106.43,    1.56455,   155.57,    1.56455,    35.57,    1.56455,   -84.43,          0,     0.00, 2.12759E-006,    73.51
Line.L_BSB_MT_2874,    1.56455,   -24.43,    1.56455,  -144.43,    1.56455,    95.57,          0,     0.00, 2.12175E-006,  -106.45,    1.56455,   155.57,    1.56455,    35.57,    1.56455,   -84.43,          0,     0.00, 2.12412E-006,    73.56
Line.L_BSB_MT_2875,    1.56455,   -24.43,    1.56455,  -144.43,    1.56455,    95.57,          0,     0.00, 2.13503E-006,  -106.55,    1.56455,   155.57,    1.56455,    35.57,    1.56455,   -84.43,          0,     0.00, 2.13391E-006,    73.38
Line.L_BSB_MT_2876,    1.56455,   -24.43,    1.56455,  -144.43,    1.56455,    95.57,          0,     0.00, 2.14425E-006,  -106.72,    1.56455,   155.57,    1.56455,    35.57,    1.56455,   -84.43,          0,     0.00, 2.14367E-006,    73.29
Line.L_BSB_MT_28761,    1.56455,   -24.43,    1.56455,  -144.43,    1.56455,    95.57,          0,     0.00, 2.15185E-006,  -106.92,    1.56455,   155.57,    1.56455,    35.57,    1.56455,   -84.43,          0,     0.00, 2.15127E-006,    73.09
Line.L_BSB_MT_2877, 2.63418E-009,   -45.00, 2.98169E-009,   128.66, 3.75428E-009,   -82.87,          0,     0.00, 3.29272E-009,   -81.87, 4.39304E-009,   122.01, 5.30936E-009,   -15.26, 5.6073E-009,    94.76,          0,     0.00, 8.25154E-009,    73.61
Line.L_BSB_MT_28771, 1.67897E-009,   123.69, 4.39304E-009,    32.01, 1.86265E-009,    90.00,          0,     0.00, 6.2475E-009,    63.43, 1.91997E-009,   -14.04, 3.95127E-009,  -135.00, 1.91997E-009,  -104.04,          0,     0.00, 5.30936E-009,  -105.26
Line.L_BSB_MT_2878, 2.98169E-009,   -51.34, 1.91997E-009,   -14.04, 1.91997E-009,   -75.96,          0,     0.00, 6.26483E-009,   -48.01, 1.91997E-009,  -165.96, 2.79397E-009,   180.00, 1.39698E-009,   180.00,          0,     0.00, 6.07148E-009,  -175.60
Line.L_BSB_MT_2879, 4.34317E-007,   -48.17, 1.35142E-006,   170.34, 8.45648E-007,    51.03,          0,     0.00, 7.58474E-007,   132.34, 4.33624E-007,   131.91, 1.35257E-006,    -9.71, 8.46804E-007,  -128.86,          0,     0.00, 7.62515E-007,   -47.80
Line.L_BSB_MT_2882,   0.512549,   -24.43,   0.512548,  -144.43,   0.512549,    95.57,          0,     0.00, 7.59663E-007,   -45.52,   0.512549,   155.57,   0.512548,    35.57,   0.512549,   -84.43,          0,     0.00, 7.57336E-007,   134.70
Line.L_BSB_MT_2883,   0.512549,   -24.43,   0.512548,  -144.43,   0.512549,    95.57,          0,     0.00, 7.61612E-007,   -45.22,   0.512549,   155.57,   0.512548,    35.57,   0.512549,   -84.43,          0,     0.00, 7.58019E-007,   134.45
Line.L_BSB_MT_2884,   0.512549,   -24.43,   0.512548,  -144.43,   0.512549,    95.57,          0,     0.00, 7.68698E-007,   -46.23,   0.512549,   155.57,   0.512548,    35.57,   0.512549,   -84.43,          0,     0.00, 7.71055E-007,   133.61
Line.L_BSB_MT_2885,   0.512549,   -24.43,   0.512548,  -144.43,   0.512549,    95.57,          0,     0.00, 7.60139E-007,   -46.24,   0.512549,   155.57,   0.512548,    35.57,   0.512549,   -84.43,          0,     0.00, 7.63081E-007,   133.84
Line.L_BSB_MT_2886,   0.512549,   155.57,   0.512548,    35.57,   0.512549,   -84.43,          0,     0.00, 7.62074E-007,   133.91,   0.512549,   -24.43,   0.512548,  -144.43,   0.512549,    95.57,          0,     0.00, 7.58782E-007,   -46.09
Line.L_BSB_MT_2887,   0.512549,   155.57,   0.512548,    35.57,   0.512549,   -84.43,          0,     0.00, 7.62802E-007,   133.66,   0.512549,   -24.43,   0.512548,  -144.43,   0.512549,    95.57,          0,     0.00, 7.62422E-007,   -46.16
Line.L_BSB_MT_2888,   0.512549,   155.57,   0.512548,    35.57,   0.512549,   -84.43,          0,     0.00, 7.65705E-007,   132.98,   0.512549,   -24.43,   0.512548,  -144.43,   0.512549,    95.57,          0,     0.00, 7.66681E-007,   -46.99
Line.L_BSB_MT_2890,    1.31857,   -24.43,    1.31857,  -144.43,    1.31857,    95.57,          0,     0.00, 1.71031E-006,   -98.12,    1.31857,   155.57,    1.31857,    35.57,    1.31857,   -84.43,          0,     0.00, 1.70939E-006,    81.98
Line.L_BSB_MT_2891,    1.31857,   155.57,    1.31857,    35.57,    1.31857,   -84.43,          0,     0.00, 1.70314E-006,    82.13,    1.31857,   -24.43,    1.31857,  -144.43,    1.31857,    95.57,          0,     0.00, 1.70841E-006,   -97.90
Line.L_BSB_MT_6702,    3.39567,   -24.43,    3.39567,  -144.43,    3.39567,    95.57,          0,     0.00, 7.08595E-006,  -123.43,    3.39567,   155.57,    3.39567,    35.57,    3.39567,   -84.43,          0,     0.00, 7.08697E-006,    56.54
Line.L_BSB_MT_6703,    3.39567,   -24.43,    3.39567,  -144.43,    3.39567,    95.57,          0,     0.00, 7.08261E-006,  -123.41,    3.39567,   155.57,    3.39567,    35.57,    3.39567,   -84.43,          0,     0.00, 7.08092E-006,    56.58
Line.L_BSB_MT_6704,    3.39567,   -24.43,    3.39567,  -144.43,    3.39567,    95.57,          0,     0.00, 7.08413E-006,  -123.45,    3.39567,   155.57,    3.39567,    35.57,    3.39567,   -84.43,          0,     0.00, 7.08131E-006,    56.58
Line.L_BSB_MT_6705,    3.39567,   -24.43,    3.39567,  -144.43,    3.39567,    95.57,          0,     0.00, 7.07963E-006,  -123.42,    3.39567,   155.57,    3.39567,    35.57,    3.39567,   -84.43,          0,     0.00, 7.07613E-006,    56.56
Line.L_BSB_MT_4159,    45.8237,   -24.75,    45.8238,  -144.75,    45.8238,    95.25,          0,     0.00, 1.70793E-005,  -116.25,    45.8237,   155.25,    45.8238,    35.25,    45.8238,   -84.75,          0,     0.00, 1.70818E-005,    63.76
Line.L_BSB_MT_2109,    20.2479,   155.57,    20.2479,    35.57,    20.2479,   -84.43,          0,     0.00, 2.09505E-005,    56.69,    20.2479,   -24.43,    20.2479,  -144.43,    20.2479,    95.57,          0,     0.00, 2.09499E-005,  -123.31
Line.L_BSB_MT_2110,    27.6594,   155.10,    27.6594,    35.10,    27.6594,   -84.90,          0,     0.00, 7.757E-006,    84.24,    27.6594,   -24.90,    27.6594,  -144.90,    27.6594,    95.10,          0,     0.00, 7.75987E-006,   -95.76
Line.L_BSB_MT_2111,     84.728,   155.28,     84.728,    35.28,     84.728,   -84.72,          0,     0.00, 3.03333E-005,    60.72,     84.728,   -24.72,     84.728,  -144.72,     84.728,    95.28,          0,     0.00, 3.03337E-005,  -119.27
Line.L_BSB_MT_5604,    25.7375,   155.06,    25.7375,    35.07,    25.7375,   -84.94,          0,     0.00, 6.48327E-006,    85.78,    25.7375,   -24.94,    25.7375,  -144.93,    25.7375,    95.06,          0,     0.00, 6.48184E-006,   -94.21
Line.L_BSB_MT_6806, 8.58637E-009,   130.60, 2.98169E-009,   -51.34, 9.04151E-009,    55.49,          0,     0.00, 1.17251E-008,    83.16, 1.02234E-008,   -59.93, 5.8902E-009,   161.57, 8.78608E-009,  -122.01,          0,     0.00, 1.53174E-008,  -109.54
Line.L_BSB_MT_2898,    1.31857,   -24.43,    1.31857,  -144.43,    1.31857,    95.57,          0,     0.00, 1.70719E-006,   -97.71,    1.31857,   155.57,    1.31857,    35.57,    1.31857,   -84.43,          0,     0.00, 1.7074E-006,    82.35
Line.L_BSB_MT_2899,    1.31857,   155.57,    1.31857,    35.57,    1.31857,   -84.43,          0,     0.00, 1.71215E-006,    82.00,    1.31857,   -24.43,    1.31857,  -144.43,    1.31857,    95.57,          0,     0.00, 1.71328E-006,   -97.94
Line.L_BSB_MT_7954,     19.787,   -26.41,     19.787,  -146.41,     19.787,    93.59,          0,     0.00, 8.95717E-009,    81.03,     19.787,   153.59,     19.787,    33.59,     19.787,   -86.41,          0,     0.00, 9.78997E-009,   -92.73
Line.L_BSB_MT_8036,    3.84428,   -24.43,    3.84428,  -144.43,    3.84428,    95.57,          0,     0.00, 2.50766E-009,   158.20,    3.84428,   155.57,    3.84428,    35.57,    3.84428,   -84.43,          0,     0.00, 1.47255E-009,   -18.43
Line.L_BSB_MT_4202,   0.384459,   155.57,   0.384459,    35.57,   0.384461,   -84.43,          0,     0.00, 6.74677E-007,   -80.75,   0.384459,   -24.43,   0.384459,  -144.43,   0.384461,    95.57,          0,     0.00, 6.72032E-007,    98.85
Line.L_BSB_MT_4203,    27.6594,   155.10,    27.6594,    35.10,    27.6594,   -84.90,          0,     0.00, 6.47849E-006,    85.80,    27.6594,   -24.90,    27.6594,  -144.90,    27.6594,    95.10,          0,     0.00, 6.47898E-006,   -94.21
Line.L_BSB_MT_4226,    16.8522,   -24.43,    16.8522,  -144.43,    16.8522,    95.57,          0,     0.00, 4.95061E-006,  -105.21,    16.8522,   155.57,    16.8522,    35.57,    16.8522,   -84.43,          0,     0.00, 4.9482E-006,    74.81
Line.L_BSB_MT_4227,    16.0834,   -24.43,    16.0834,  -144.43,    16.0834,    95.57,          0,     0.00, 4.28788E-006,   -93.60,    16.0834,   155.57,    16.0834,    35.57,    16.0834,   -84.43,          0,     0.00, 4.28599E-006,    86.41
Line.L_BSB_MT_4228,    5.70281,   -24.43,    5.70282,  -144.43,    5.70282,    95.57,          0,     0.00, 4.37668E-006,  -121.49,    5.70281,   155.57,    5.70282,    35.57,    5.70282,   -84.43,          0,     0.00, 4.3769E-006,    58.54
Line.L_BSB_MT_4230,    5.70281,   -24.43,    5.70282,  -144.43,    5.70282,    95.57,          0,     0.00, 4.3825E-006,  -121.67,    5.70281,   155.57,    5.70282,    35.57,    5.70282,   -84.43,          0,     0.00, 4.38162E-006,    58.34
Line.L_BSB_MT_4231, 9.31323E-010,    90.00, 9.31323E-010,   -90.00, 2.32831E-009,   -53.13,          0,     0.00, 2.32831E-009,   -53.13, 2.9451E-009,  -161.57, 4.65661E-010,    90.00, 4.65661E-010,   180.00,          0,     0.00, 3.29272E-009,  -171.87
Line.L_BSB_MT_4247,    20.9531,   -25.68,    20.9531,  -145.68,    20.9531,    94.32,          0,     0.00, 2.79563E-006,    11.55,    20.9531,   154.32,    20.9531,    34.32,    20.9531,   -85.68,          0,     0.00, 2.79891E-006,  -168.45
Line.L_BSB_MT_4248,    27.6594,   -24.90,    27.6594,  -144.90,    27.6594,    95.10,          0,     0.00, 9.57804E-006,   -93.51,    27.6594,   155.10,    27.6594,    35.10,    27.6594,   -84.90,          0,     0.00, 9.58057E-006,    86.47
Line.L_BSB_MT_4249,    58.3156,   -24.68,    58.3156,  -144.68,    58.3156,    95.32,          0,     0.00, 1.63546E-005,  -121.35,    58.3156,   155.32,    58.3156,    35.32,    58.3156,   -84.68,          0,     0.00, 1.63535E-005,    58.64
Line.L_BSB_MT_4250,    78.9633,   155.26,    78.9633,    35.26,    78.9633,   -84.74,          0,     0.00, 3.03462E-005,    60.72,    78.9633,   -24.74,    78.9633,  -144.74,    78.9633,    95.26,          0,     0.00, 3.03488E-005,  -119.27
Line.L_BSB_MT_4252,    5.19021,   -24.43,    5.19021,  -144.43,    5.19021,    95.57,          0,     0.00, 6.77627E-007,   168.91,    5.19021,   155.57,    5.19021,    35.57,    5.19021,   -84.43,          0,     0.00, 6.78908E-007,   -11.03
Line.L_BSB_MT_4283,    2.88312,   -24.43,    2.88312,  -144.43,    2.88312,    95.57,          0,     0.00, 2.57366E-006,  -102.97,    2.88312,   155.57,    2.88312,    35.57,    2.88312,   -84.43,          0,     0.00, 2.57321E-006,    77.03
Line.L_BSB_MT_4295, 4.31575E-007,   -48.67, 1.35624E-006,   170.43, 8.42443E-007,    51.10,          0,     0.00, 7.64279E-007,   133.22, 4.31311E-007,   131.19, 1.357E-006,    -9.52, 8.41858E-007,  -128.85,          0,     0.00, 7.65181E-007,   -46.55
Line.L_BSB_MT_5647,    1.31857,   -24.43,    1.31857,  -144.43,    1.31857,    95.57,          0,     0.00, 1.6962E-006,   -97.67,    1.31857,   155.57,    1.31857,    35.57,    1.31857,   -84.43,          0,     0.00, 1.69205E-006,    82.31
Line.L_BSB_MT_5648, 4.165E-009,   -63.43, 4.67984E-009,   174.29, 1.91997E-009,  -104.04,          0,     0.00, 6.07148E-009,  -122.47, 3.12375E-009,   116.57, 2.9451E-009,   -18.43, 2.32831E-009,    53.13,          0,     0.00, 4.65661E-009,    53.13
Line.L_BSB_MT_5649, 4.29643E-007,   131.97, 1.35264E-006,    -9.49, 8.48584E-007,  -129.21,          0,     0.00, 7.58505E-007,   -47.71, 4.30757E-007,   -48.33, 1.35631E-006,   170.53, 8.48878E-007,    50.77,          0,     0.00, 7.59617E-007,   132.64
Line.L_BSB_MT_5672,   0.783231,   138.60,   0.783232,    18.60,   0.783231,  -101.40,          0,     0.00, 2.65477E-006,    43.88,   0.783231,   -41.40,   0.783232,  -161.40,   0.783231,    78.60,          0,     0.00, 2.65579E-006,  -136.15
Line.L_BSB_MT_8122, 4.58623E-009,   -66.04, 4.29318E-009,  -130.60, 4.165E-009,   -63.43,          0,     0.00, 1.12146E-008,   -85.24, 4.165E-009,   116.57, 5.4305E-009,    30.96, 3.83994E-009,   104.04,          0,     0.00, 1.04125E-008,    79.70
Line.L_BSB_MT_8133,     9.9961,   155.57,     9.9961,    35.57,     9.9961,   -84.43,          0,     0.00, 1.90466E-006,   113.39,     9.9961,   -24.43,     9.9961,  -144.43,     9.9961,    95.57,          0,     0.00, 1.9071E-006,   -66.68
Line.L_BSB_MT_8192,    0.38446,   155.57,    0.38446,    35.57,    0.38446,   -84.43,          0,     0.00, 1.02234E-008,  -120.07,    0.38446,   -24.43,    0.38446,  -144.43,    0.38446,    95.57,          0,     0.00, 8.29086E-009,    51.84
Line.L_BSB_MT_6855,    3.26791,   -24.43,    3.26791,  -144.43,    3.26792,    95.57,          0,     0.00, 6.82654E-007,   168.99,    3.26791,   155.57,    3.26791,    35.57,    3.26792,   -84.43,          0,     0.00, 6.82565E-007,   -10.97
Line.L_BSB_MT_6856,   0.384459,   155.57,   0.384459,    35.57,   0.384461,   -84.43,          0,     0.00, 6.69622E-007,   -80.68,   0.384459,   -24.43,   0.384459,  -144.43,   0.384461,    95.57,          0,     0.00, 6.72229E-007,    99.21
Line.L_BSB_MT_6857,   0.384461,   -24.43,   0.384461,  -144.43,   0.384461,    95.57,          0,     0.00, 8.39483E-009,    70.56,   0.384461,   155.57,   0.384461,    35.57,   0.384461,   -84.43,          0,     0.00, 7.58042E-009,  -132.51
Line.L_BSB_MT_6858,    0.96115,   -24.43,   0.961151,  -144.43,    0.96115,    95.57,          0,     0.00, 1.19757E-006,  -115.72,    0.96115,   155.57,   0.961151,    35.57,    0.96115,   -84.43,          0,     0.00, 1.19485E-006,    64.24
Line.L_BSB_MT_6860,    4.03611,   155.57,    4.03611,    35.57,    4.03611,   -84.43,          0,     0.00, 2.04677E-006,    -4.31,    4.03611,   -24.43,    4.03611,  -144.43,    4.03611,    95.57,          0,     0.00, 2.04431E-006,   175.74
Line.L_BSB_MT_6872,    5.70281,   -24.43,    5.70282,  -144.43,    5.70282,    95.57,          0,     0.00, 3.19358E-006,  -128.96,    5.70281,   155.57,    5.70282,    35.57,    5.70282,   -84.43,          0,     0.00, 3.19298E-006,    51.11
Line.L_BSB_MT_6873,    6.05256,   155.84,    6.05256,    35.84,    6.05256,   -84.16,          0,     0.00, 1.36497E-006,   149.90,    6.05256,   -24.16,    6.05256,  -144.16,    6.05256,    95.84,          0,     0.00, 1.36639E-006,   -29.93
Line.L_BSB_MT_2024,    4.51862,   -24.78,    4.51862,  -144.78,    4.51862,    95.22,          0,     0.00, 3.65971E-006,  -106.99,    4.51862,   155.22,    4.51862,    35.22,    4.51862,   -84.78,          0,     0.00, 3.66395E-006,    72.99
Line.L_BSB_MT_2026,    5.19021,   -24.43,    5.19021,  -144.43,    5.19021,    95.57,          0,     0.00, 6.7875E-007,   169.25,    5.19021,   155.57,    5.19021,    35.57,    5.19021,   -84.43,          0,     0.00, 6.79863E-007,   -10.62
Line.L_BSB_MT_2027,    3.26791,   -24.43,    3.26791,  -144.43,    3.26792,    95.57,          0,     0.00, 6.86731E-007,   169.92,    3.26791,   155.57,    3.26791,    35.57,    3.26792,   -84.43,          0,     0.00, 6.84768E-007,   -10.26
Line.L_BSB_MT_2029,    2.30676,   -24.43,    2.30676,  -144.43,    2.30677,    95.57,          0,     0.00, 6.82546E-007,    98.67,    2.30676,   155.57,    2.30676,    35.57,    2.30677,   -84.43,          0,     0.00, 6.81378E-007,   -81.19
Line.L_BSB_MT_2030,    2.30676,   -24.43,    2.30676,  -144.43,    2.30677,    95.57,          0,     0.00, 6.69731E-007,    98.88,    2.30676,   155.57,    2.30676,    35.57,    2.30677,   -84.43,          0,     0.00, 6.71716E-007,   -81.07
Line.L_BSB_MT_2031,     1.9223,   -24.43,     1.9223,  -144.43,     1.9223,    95.57,          0,     0.00, 2.71525E-009,    30.96,     1.9223,   155.57,     1.9223,    35.57,     1.9223,   -84.43,          0,     0.00, 5.83472E-009,  -118.61
Line.L_BSB_MT_2032,     1.9223,   155.57,     1.9223,    35.57,     1.9223,   -84.43,          0,     0.00, 3.29272E-009,  -135.00,     1.9223,   -24.43,     1.9223,  -144.43,     1.9223,    95.57,          0,     0.00, 5.0369E-009,    56.31
Line.L_BSB_MT_2033,   0.384459,   -24.43,   0.384459,  -144.43,   0.384461,    95.57,          0,     0.00, 6.73449E-007,    99.59,   0.384459,   155.57,   0.384459,    35.57,   0.384461,   -84.43,          0,     0.00, 6.7008E-007,   -80.44
Line.L_BSB_MT_2034,   0.384459,   -24.43,   0.384459,  -144.43,   0.384461,    95.57,          0,     0.00, 6.68168E-007,    99.30,   0.384459,   155.57,   0.384459,    35.57,   0.384461,   -84.43,          0,     0.00, 6.70851E-007,   -80.77
Line.L_BSB_MT_2089, 2.9451E-009,   -18.43, 2.0825E-009,   -26.57, 9.31323E-010,     0.00,          0,     0.00, 5.8902E-009,   -18.43, 1.04125E-009,  -153.43, 2.32831E-009,    36.87, 1.91997E-009,   104.04,          0,     0.00, 2.83251E-009,    80.54
Line.L_BSB_MT_2095, 4.22764E-007,   132.81, 1.33955E-006,    -9.52, 8.52679E-007,  -129.35,          0,     0.00, 7.54394E-007,   -49.18, 4.22423E-007,   -47.14, 1.3397E-006,   170.44, 8.52384E-007,    50.68,          0,     0.00, 7.55756E-007,   130.78
Line.L_BSB_MT_2096, 4.23592E-007,   133.49, 1.34169E-006,    -9.47, 8.54955E-007,  -128.94,          0,     0.00, 7.60955E-007,   -49.47, 4.24571E-007,   -46.47, 1.34085E-006,   170.50, 8.5554E-007,    51.01,          0,     0.00, 7.59142E-007,   130.37
Line.L_BSB_MT_2097, 4.21674E-007,   133.21, 1.34069E-006,    -9.46, 8.57007E-007,  -129.11,          0,     0.00, 7.59694E-007,   -49.52, 4.2401E-007,   -46.91, 1.33985E-006,   170.52, 8.55269E-007,    50.83,          0,     0.00, 7.55954E-007,   130.58
Line.L_BSB_MT_2098,    5.19021,   -24.43,    5.19021,  -144.43,    5.19021,    95.57,          0,     0.00, 6.69792E-007,   168.21,    5.19021,   155.57,    5.19021,    35.57,    5.19021,   -84.43,          0,     0.00, 6.67228E-007,   -11.72
Line.L_BSB_MT_2101,    4.03611,   -24.43,    4.03611,  -144.43,    4.03611,    95.57,          0,     0.00, 2.56863E-006,  -154.77,    4.03611,   155.57,    4.03611,    35.57,    4.03611,   -84.43,          0,     0.00, 2.57071E-006,    25.23
Line.L_BSB_MT_2102,    1.15318,   -24.43,    1.15318,  -144.43,    1.15318,    95.57,          0,     0.00, 9.31323E-010,    90.00,    1.15318,   155.57,    1.15318,    35.57,    1.15318,   -84.43,          0,     0.00, 2.50766E-009,   -68.20
Line.L_BSB_MT_2103, 1.06187E-008,   -52.13, 6.78013E-009,   164.05, 9.31323E-009,  -126.87,          0,     0.00, 1.5046E-008,  -111.80, 1.05573E-008,   131.42, 8.85981E-009,    -3.01, 8.23839E-009,    42.71,          0,     0.00, 1.52535E-008,    58.74
Line.L_BSB_MT_2104, 7.63741E-009,   -52.43, 3.63693E-009,   140.19, 5.8902E-009,  -161.57,          0,     0.00, 6.71586E-009,  -123.69, 8.01154E-009,   125.54, 6.78013E-009,   -15.95, 5.96337E-009,    38.66,          0,     0.00, 1.06187E-008,    52.13
Line.L_BSB_MT_2105, 7.58042E-009,   -47.49, 4.19095E-009,   180.00, 6.46917E-009,  -120.26,          0,     0.00, 1.14158E-008,  -101.77, 7.58042E-009,   132.51, 5.45043E-009,   -19.98, 5.8902E-009,    71.57,          0,     0.00, 9.49766E-009,    78.69
Line.L_BSB_MT_2106, 5.26836E-009,   -45.00, 3.12375E-009,   153.43, 2.0825E-009,   -63.43,          0,     0.00, 4.58623E-009,   -66.04, 5.96337E-009,   128.66, 2.83251E-009,    -9.46, 5.58794E-009,    90.00,          0,     0.00, 9.82314E-009,    95.44
Line.L_BSB_MT_2107, 1.04125E-009,   -26.57, 9.31323E-010,     0.00, 4.65661E-010,   180.00,          0,     0.00, 1.47255E-009,   -18.43, 1.39698E-009,     0.00, 1.47255E-009,   108.43, 2.32831E-009,    53.13,          0,     0.00, 4.00577E-009,    54.46
Line.L_BSB_MT_2108,    5.70281,   -24.43,    5.70282,  -144.43,    5.70282,    95.57,          0,     0.00, 3.18796E-006,  -128.90,    5.70281,   155.57,    5.70282,    35.57,    5.70282,   -84.43,          0,     0.00, 3.18679E-006,    51.13
Line.L_BSB_MT_2221,    7.68934,   -24.43,    7.68934,  -144.43,    7.68934,    95.57,          0,     0.00, 2.31365E-006,    -5.69,    7.68934,   155.57,    7.68934,    35.57,    7.68934,   -84.43,          0,     0.00, 2.3155E-006,   174.31
Line.L_BSB_MT_2222,    7.68934,   -24.43,    7.68934,  -144.43,    7.68934,    95.57,          0,     0.00, 2.30818E-006,    -5.62,    7.68934,   155.57,    7.68934,    35.57,    7.68934,   -84.43,          0,     0.00, 2.30383E-006,   174.42
Line.L_BSB_MT_2223,    7.68934,   -24.43,    7.68934,  -144.43,    7.68934,    95.57,          0,     0.00, 2.30035E-006,    -5.76,    7.68934,   155.57,    7.68934,    35.57,    7.68934,   -84.43,          0,     0.00, 2.29933E-006,   174.26
Line.L_BSB_MT_2224,    7.68934,   -24.43,    7.68934,  -144.43,    7.68934,    95.57,          0,     0.00, 2.294E-006,    -5.81,    7.68934,   155.57,    7.68934,    35.57,    7.68934,   -84.43,          0,     0.00, 2.29419E-006,   174.14
Line.L_BSB_MT_2225,    5.76702,   -24.43,    5.76702,  -144.43,    5.76702,    95.57,          0,     0.00, 2.30129E-006,    -5.88,    5.76702,   155.57,    5.76702,    35.57,    5.76702,   -84.43,          0,     0.00, 2.30063E-006,   174.17
Line.L_BSB_MT_2226,    5.76702,   155.57,    5.76702,    35.57,    5.76702,   -84.43,          0,     0.00, 2.29497E-006,   173.96,    5.76702,   -24.43,    5.76702,  -144.43,    5.76702,    95.57,          0,     0.00, 2.29194E-006,    -5.99
Line.L_BSB_MT_2227,    5.76702,   155.57,    5.76702,    35.57,    5.76702,   -84.43,          0,     0.00, 2.28902E-006,   174.03,    5.76702,   -24.43,    5.76702,  -144.43,    5.76702,    95.57,          0,     0.00, 2.28712E-006,    -5.96
Line.L_BSB_MT_2228,    5.76702,   155.57,    5.76702,    35.57,    5.76702,   -84.43,          0,     0.00, 2.27954E-006,   173.95,    5.76702,   -24.43,    5.76702,  -144.43,    5.76702,    95.57,          0,     0.00, 2.28278E-006,    -6.04
Line.L_BSB_MT_2229,    5.76702,   -24.43,    5.76702,  -144.43,    5.76702,    95.57,          0,     0.00, 2.27571E-006,    -5.92,    5.76702,   155.57,    5.76702,    35.57,    5.76702,   -84.43,          0,     0.00, 2.27627E-006,   174.06
Line.L_BSB_MT_2230,    5.76702,   -24.43,    5.76702,  -144.43,    5.76702,    95.57,          0,     0.00, 2.27562E-006,    -5.90,    5.76702,   155.57,    5.76702,    35.57,    5.76702,   -84.43,          0,     0.00, 2.27409E-006,   174.14
Line.L_BSB_MT_2231,    3.84468,   -24.43,    3.84468,  -144.43,    3.84468,    95.57,          0,     0.00, 1.14161E-006,    -5.57,    3.84468,   155.57,    3.84468,    35.57,    3.84468,   -84.43,          0,     0.00, 1.13887E-006,   174.39
Line.L_BSB_MT_2232,    3.84468,   -24.43,    3.84468,  -144.43,    3.84468,    95.57,          0,     0.00, 1.13192E-006,    -5.64,    3.84468,   155.57,    3.84468,    35.57,    3.84468,   -84.43,          0,     0.00, 1.13238E-006,   174.36
Line.L_BSB_MT_2233,    1.92234,   -24.43,    1.92234,  -144.43,    1.92234,    95.57,          0,     0.00, 4.00577E-009,   -35.54,    1.92234,   155.57,    1.92234,    35.57,    1.92234,   -84.43,          0,     0.00, 5.9269E-009,   135.00
Line.L_BSB_MT_2234,    1.92234,   -24.43,    1.92234,  -144.43,    1.92234,    95.57,          0,     0.00, 6.58545E-009,    98.13,    1.92234,   155.57,    1.92234,    35.57,    1.92234,   -84.43,          0,     0.00, 5.4305E-009,   -59.04
Line.L_BSB_MT_2235,   0.384461,   -24.43,   0.384461,  -144.43,   0.384461,    95.57,          0,     0.00, 2.54074E-008,    41.28,   0.384461,   155.57,   0.384461,    35.57,   0.384461,   -84.43,          0,     0.00, 2.60937E-008,  -145.18
Line.L_BSB_MT_2302,    45.8238,   -24.75,    45.8238,  -144.75,    45.8238,    95.25,          0,     0.00, 1.59011E-005,  -116.56,    45.8238,   155.25,    45.8238,    35.25,    45.8238,   -84.75,          0,     0.00, 1.59013E-005,    63.43
Line.L_BSB_MT_2303,    45.8237,   -24.75,    45.8238,  -144.75,    45.8238,    95.25,          0,     0.00, 1.70671E-005,  -116.28,    45.8237,   155.25,    45.8238,    35.25,    45.8238,   -84.75,          0,     0.00, 1.70696E-005,    63.72
Line.L_BSB_MT_2304,    56.3939,   -24.69,    56.3939,  -144.69,    56.3939,    95.31,          0,     0.00, 1.6358E-005,  -121.32,    56.3939,   155.31,    56.3939,    35.31,    56.3939,   -84.69,          0,     0.00, 1.6359E-005,    58.67
Line.L_BSB_MT_2305,    56.3939,   -24.69,    56.3939,  -144.69,    56.3939,    95.31,          0,     0.00, 1.63663E-005,  -121.34,    56.3939,   155.31,    56.3939,    35.31,    56.3939,   -84.69,          0,     0.00, 1.63647E-005,    58.66
Line.L_BSB_MT_2306,    58.3156,   -24.68,    58.3156,  -144.68,    58.3156,    95.32,          0,     0.00, 1.63516E-005,  -121.34,    58.3156,   155.32,    58.3156,    35.32,    58.3156,   -84.68,          0,     0.00, 1.6352E-005,    58.66
Line.L_BSB_MT_2307,    58.3156,   -24.68,    58.3156,  -144.68,    58.3156,    95.32,          0,     0.00, 1.63577E-005,  -121.35,    58.3156,   155.32,    58.3156,    35.32,    58.3156,   -84.68,          0,     0.00, 1.63603E-005,    58.64
Line.L_BSB_MT_2308,    58.3156,   -24.68,    58.3156,  -144.68,    58.3156,    95.32,          0,     0.00, 1.63581E-005,  -121.35,    58.3156,   155.32,    58.3156,    35.32,    58.3156,   -84.68,          0,     0.00, 1.6358E-005,    58.65
Line.L_BSB_MT_2309,    58.3156,   -24.68,    58.3156,  -144.68,    58.3156,    95.32,          0,     0.00, 1.63551E-005,  -121.37,    58.3156,   155.32,    58.3156,    35.32,    58.3156,   -84.68,          0,     0.00, 1.63575E-005,    58.64
Line.L_BSB_MT_2310,    60.2373,   -24.67,    60.2373,  -144.67,    60.2373,    95.33,          0,     0.00, 1.63497E-005,  -121.37,    60.2373,   155.33,    60.2373,    35.33,    60.2373,   -84.67,          0,     0.00, 1.6352E-005,    58.63
Line.L_BSB_MT_2311,    70.9982,   -24.63,    70.9982,  -144.63,    70.9982,    95.37,          0,     0.00, 1.98032E-005,  -119.85,    70.9982,   155.37,    70.9982,    35.37,    70.9982,   -84.63,          0,     0.00, 1.98036E-005,    60.15
Line.L_BSB_MT_2312,     84.728,   155.28,     84.728,    35.28,     84.728,   -84.72,          0,     0.00, 3.0335E-005,    60.71,     84.728,   -24.72,     84.728,  -144.72,     84.728,    95.28,          0,     0.00, 3.03351E-005,  -119.28
Line.L_BSB_MT_2313,    5.76488,   -24.42,    5.76488,  -144.42,    5.76488,    95.58,          0,     0.00, 1.04125E-009,   -26.57,    5.76488,   155.58,    5.76488,    35.58,    5.76488,   -84.42,          0,     0.00, 9.31323E-010,     0.00
Line.L_BSB_MT_2314,    78.9633,   155.26,    78.9633,    35.26,    78.9633,   -84.74,          0,     0.00, 3.03551E-005,    60.73,    78.9633,   -24.74,    78.9633,  -144.74,    78.9633,    95.26,          0,     0.00, 3.03535E-005,  -119.28
Line.L_BSB_MT_4477,    5.19021,   -24.43,    5.19021,  -144.43,    5.19021,    95.57,          0,     0.00, 6.78837E-007,   169.21,    5.19021,   155.57,    5.19021,    35.57,    5.19021,   -84.43,          0,     0.00, 6.81066E-007,   -10.52
Line.L_BSB_MT_4478,    2.30676,   -24.43,    2.30676,  -144.43,    2.30677,    95.57,          0,     0.00, 6.82441E-007,    98.87,    2.30676,   155.57,    2.30676,    35.57,    2.30677,   -84.43,          0,     0.00, 6.8375E-007,   -81.19
Line.L_BSB_MT_4479,     1.9223,   155.57,     1.9223,    35.57,     1.9223,   -84.43,          0,     0.00, 2.9451E-009,   -71.57,     1.9223,   -24.43,     1.9223,  -144.43,     1.9223,    95.57,          0,     0.00, 1.67897E-009,   146.31
Line.L_BSB_MT_4480,   0.384459,   -24.43,   0.384459,  -144.43,   0.384461,    95.57,          0,     0.00, 6.76606E-007,    99.03,   0.384459,   155.57,   0.384459,    35.57,   0.384461,   -84.43,          0,     0.00, 6.73773E-007,   -80.97
Line.L_BSB_MT_4481,   0.384461,   -24.43,   0.384461,  -144.43,   0.384461,    95.57,          0,     0.00, 1.61646E-008,    41.50,   0.384461,   155.57,   0.384461,    35.57,   0.384461,   -84.43,          0,     0.00, 1.51608E-008,  -137.49
Line.L_BSB_MT_4482,   0.384461,   -24.43,   0.384461,  -144.43,   0.384461,    95.57,          0,     0.00, 1.47255E-009,    71.57,   0.384461,   155.57,   0.384461,    35.57,   0.384461,   -84.43,          0,     0.00, 3.29272E-009,   135.00
Line.L_BSB_MT_4483,    0.96115,   -24.43,   0.961151,  -144.43,    0.96115,    95.57,          0,     0.00, 1.19611E-006,  -115.73,    0.96115,   155.57,   0.961151,    35.57,    0.96115,   -84.43,          0,     0.00, 1.1967E-006,    64.16
Line.L_BSB_MT_4484,    0.96115,   -24.43,   0.961151,  -144.43,    0.96115,    95.57,          0,     0.00, 1.19923E-006,  -115.73,    0.96115,   155.57,   0.961151,    35.57,    0.96115,   -84.43,          0,     0.00, 1.20004E-006,    64.19
Line.L_BSB_MT_4485,   0.961152,   -24.43,   0.961152,  -144.43,   0.961152,    95.57,          0,     0.00, 3.75428E-009,    29.74,   0.961152,   155.57,   0.961152,    35.57,   0.961152,   -84.43,          0,     0.00, 4.29318E-009,  -139.40
Line.L_BSB_MT_4486,    17.5844,   155.67,    17.5844,    35.67,    17.5844,   -84.33,          0,     0.00, 5.59774E-006,    43.44,    17.5844,   -24.33,    17.5844,  -144.33,    17.5844,    95.67,          0,     0.00, 5.60059E-006,  -136.52
Line.L_BSB_MT_4487,    15.6625,   155.68,    15.6625,    35.68,    15.6625,   -84.32,          0,     0.00, 2.8119E-006,    64.30,    15.6625,   -24.32,    15.6625,  -144.32,    15.6625,    95.68,          0,     0.00, 2.81501E-006,  -115.73
Line.L_BSB_MT_4493,    2.88294,   -24.43,    2.88294,  -144.43,    2.88294,    95.57,          0,     0.00, 5.62661E-009,    65.56,    2.88294,   155.57,    2.88294,    35.57,    2.88294,   -84.43,          0,     0.00, 4.67984E-009,   -84.29
Line.L_BSB_MT_4495,    5.19021,   -24.43,    5.19021,  -144.43,    5.19021,    95.57,          0,     0.00, 6.7509E-007,   169.19,    5.19021,   155.57,    5.19021,    35.57,    5.19021,   -84.43,          0,     0.00, 6.74428E-007,   -11.15
Line.L_BSB_MT_4496,     84.728,   155.28,     84.728,    35.28,     84.728,   -84.72,          0,     0.00, 3.03351E-005,    60.73,     84.728,   -24.72,     84.728,  -144.72,     84.728,    95.28,          0,     0.00, 3.03324E-005,  -119.26
Line.L_BSB_MT_4497, 6.0536E-009,   -67.38, 5.20625E-009,  -169.70, 5.26836E-009,  -135.00,          0,     0.00, 1.2143E-008,  -122.47, 6.0536E-009,   112.62, 6.98492E-009,     0.00, 5.26836E-009,    45.00,          0,     0.00, 1.25297E-008,    48.01
Line.L_BSB_MT_4498, 2.50766E-009,   -21.80, 4.29318E-009,  -167.47, 1.86265E-009,   -90.00,          0,     0.00, 4.165E-009,  -116.57, 6.58545E-010,   135.00, 1.91997E-009,    75.96, 3.83994E-009,    75.96,          0,     0.00, 6.12482E-009,    81.25
Line.L_BSB_MT_4500,    15.6625,   155.68,    15.6625,    35.68,    15.6625,   -84.32,          0,     0.00, 1.57108E-006,    54.27,    15.6625,   -24.32,    15.6625,  -144.32,    15.6625,    95.68,          0,     0.00, 1.57255E-006,  -125.77
Line.L_BSB_MT_4501,    78.9633,   155.26,    78.9633,    35.26,    78.9633,   -84.74,          0,     0.00, 3.03423E-005,    60.73,    78.9633,   -24.74,    78.9633,  -144.74,    78.9633,    95.26,          0,     0.00, 3.0343E-005,  -119.27
Line.L_BSB_MT_4536,    16.8522,   -24.43,    16.8522,  -144.43,    16.8522,    95.57,          0,     0.00, 4.95245E-006,  -105.23,    16.8522,   155.57,    16.8522,    35.57,    16.8522,   -84.43,          0,     0.00, 4.94954E-006,    74.75
Line.L_BSB_MT_4537,    16.0834,   -24.43,    16.0834,  -144.43,    16.0834,    95.57,          0,     0.00, 4.95142E-006,  -105.22,    16.0834,   155.57,    16.0834,    35.57,    16.0834,   -84.43,          0,     0.00, 4.94599E-006,    74.78
Line.L_BSB_MT_4538,    16.0834,   -24.43,    16.0834,  -144.43,    16.0834,    95.57,          0,     0.00, 4.28771E-006,   -93.56,    16.0834,   155.57,    16.0834,    35.57,    16.0834,   -84.43,          0,     0.00, 4.29003E-006,    86.44
Line.L_BSB_MT_4539,    16.0834,   -24.43,    16.0834,  -144.43,    16.0834,    95.57,          0,     0.00, 4.28315E-006,   -93.58,    16.0834,   155.57,    16.0834,    35.57,    16.0834,   -84.43,          0,     0.00, 4.28443E-006,    86.44
Line.L_BSB_MT_4540,    16.0834,   -24.43,    16.0834,  -144.43,    16.0834,    95.57,          0,     0.00, 4.30335E-006,   -93.71,    16.0834,   155.57,    16.0834,    35.57,    16.0834,   -84.43,          0,     0.00, 4.30683E-006,    86.34
Line.L_BSB_MT_4541,    15.6989,   -24.43,    15.6989,  -144.43,    15.6989,    95.57,          0,     0.00, 4.31894E-006,   -93.65,    15.6989,   155.57,    15.6989,    35.57,    15.6989,   -84.43,          0,     0.00, 4.31609E-006,    86.36
Line.L_BSB_MT_4542,    5.70281,   -24.43,    5.70282,  -144.43,    5.70282,    95.57,          0,     0.00, 4.37894E-006,  -121.51,    5.70281,   155.57,    5.70282,    35.57,    5.70282,   -84.43,          0,     0.00, 4.37698E-006,    58.44
Line.L_BSB_MT_4543,     9.9961,   155.57,     9.9961,    35.57,     9.9961,   -84.43,          0,     0.00, 1.90393E-006,   113.45,     9.9961,   -24.43,     9.9961,  -144.43,     9.9961,    95.57,          0,     0.00, 1.90521E-006,   -66.57
Line.L_BSB_MT_4544,     9.9961,   155.57,     9.9961,    35.57,     9.9961,   -84.43,          0,     0.00, 1.91158E-006,   113.49,     9.9961,   -24.43,     9.9961,  -144.43,     9.9961,    95.57,          0,     0.00, 1.91126E-006,   -66.57
Line.L_BSB_MT_4547,    5.70281,   -24.43,    5.70282,  -144.43,    5.70282,    95.57,          0,     0.00, 4.39589E-006,  -121.64,    5.70281,   155.57,    5.70282,    35.57,    5.70282,   -84.43,          0,     0.00, 4.394E-006,    58.33
Line.L_BSB_MT_4548,     9.9961,   155.57,     9.9961,    35.57,     9.9961,   -84.43,          0,     0.00, 1.89853E-006,   113.11,     9.9961,   -24.43,     9.9961,  -144.43,     9.9961,    95.57,          0,     0.00, 1.90196E-006,   -66.83
Line.L_BSB_MT_4549,    0.38446,   155.57,    0.38446,    35.57,    0.38446,   -84.43,          0,     0.00, 1.28255E-006,    76.76,    0.38446,   -24.43,    0.38446,  -144.43,    0.38446,    95.57,          0,     0.00, 1.28066E-006,  -103.16
Line.L_BSB_MT_4550,    0.38446,   155.57,    0.38446,    35.57,    0.38446,   -84.43,          0,     0.00, 6.07148E-009,   -57.53,    0.38446,   -24.43,    0.38446,  -144.43,    0.38446,    95.57,          0,     0.00, 5.6073E-009,   138.37
Line.L_BSB_MT_4555,    7.68934,   -24.43,    7.68934,  -144.43,    7.68934,    95.57,          0,     0.00, 2.31064E-006,    -5.64,    7.68934,   155.57,    7.68934,    35.57,    7.68934,   -84.43,          0,     0.00, 2.30818E-006,   174.38
Line.L_BSB_MT_4556,    1.92232,   -24.43,    1.92232,  -144.43,    1.92232,    95.57,          0,     0.00,          0,     0.00,    1.92232,   155.57,    1.92232,    35.57,    1.92232,   -84.43,          0,     0.00, 2.0825E-009,   -63.43
Line.L_BSB_MT_4557,    5.76702,   155.57,    5.76702,    35.57,    5.76702,   -84.43,          0,     0.00, 2.28714E-006,   173.92,    5.76702,   -24.43,    5.76702,  -144.43,    5.76702,    95.57,          0,     0.00, 2.28622E-006,    -6.08
Line.L_BSB_MT_4558,    3.84468,   -24.43,    3.84468,  -144.43,    3.84468,    95.57,          0,     0.00, 1.14258E-006,    -5.59,    3.84468,   155.57,    3.84468,    35.57,    3.84468,   -84.43,          0,     0.00, 1.13892E-006,   174.37
Line.L_BSB_MT_4559,    1.92234,   -24.43,    1.92234,  -144.43,    1.92234,    95.57,          0,     0.00, 7.10801E-009,   -31.61,    1.92234,   155.57,    1.92234,    35.57,    1.92234,   -84.43,          0,     0.00, 8.99341E-009,   158.75
Line.L_BSB_MT_4560,   0.384459,   -24.43,   0.384459,  -144.43,   0.384461,    95.57,          0,     0.00, 6.74523E-007,    99.66,   0.384459,   155.57,   0.384459,    35.57,   0.384461,   -84.43,          0,     0.00, 6.72454E-007,   -80.43
Line.L_BSB_MT_4568,    15.6625,   155.68,    15.6625,    35.68,    15.6625,   -84.32,          0,     0.00, 1.57645E-006,    54.21,    15.6625,   -24.32,    15.6625,  -144.32,    15.6625,    95.68,          0,     0.00, 1.57569E-006,  -125.81
Line.L_BSB_MT_4569,    4.51862,   -24.78,    4.51862,  -144.78,    4.51862,    95.22,          0,     0.00, 3.66532E-006,  -106.98,    4.51862,   155.22,    4.51862,    35.22,    4.51862,   -84.78,          0,     0.00, 3.66792E-006,    72.98
Line.L_BSB_MT_5769,    9.89654,   155.74,    9.89654,    35.74,    9.89654,   -84.26,          0,     0.00, 1.57584E-006,    54.30,    9.89654,   -24.26,    9.89654,  -144.26,    9.89654,    95.74,          0,     0.00, 1.57601E-006,  -125.74
Line.L_BSB_MT_5770,    1.63577,   -25.41,    1.63578,  -145.41,    1.63578,    94.59,          0,     0.00, 6.43994E-007,   138.58,    1.63577,   154.59,    1.63578,    34.59,    1.63578,   -85.41,          0,     0.00, 6.44033E-007,   -41.86
Line.L_BSB_MT_5771,    27.6594,   -24.90,    27.6594,  -144.90,    27.6594,    95.10,          0,     0.00, 9.57505E-006,   -93.54,    27.6594,   155.10,    27.6594,    35.10,    27.6594,   -84.90,          0,     0.00, 9.57391E-006,    86.43
Line.L_BSB_MT_5772,    56.3939,   -24.69,    56.3939,  -144.69,    56.3939,    95.31,          0,     0.00, 1.63568E-005,  -121.34,    56.3939,   155.31,    56.3939,    35.31,    56.3939,   -84.69,          0,     0.00, 1.63564E-005,    58.67
Line.L_BSB_MT_8236,   0.287849,   161.18,   0.287848,    41.18,   0.287848,   -78.82,          0,     0.00, 6.48851E-007,   138.90,   0.287849,   -18.82,   0.287848,  -138.82,   0.287848,   101.18,          0,     0.00, 6.48456E-007,   -41.19
Line.L_BSB_MT_8237,    31.5231,   -25.26,    31.5231,  -145.26,    31.5231,    94.74,          0,     0.00, 4.0897E-006,   -24.45,    31.5231,   154.74,    31.5231,    34.74,    31.5231,   -85.26,          0,     0.00, 4.09224E-006,   155.57
Line.L_BSB_MT_8238,    11.3232,   154.42,    11.3231,    34.42,    11.3232,   -85.58,          0,     0.00, 1.53342E-006,    95.47,    11.3232,   -25.58,    11.3231,  -145.58,    11.3232,    94.42,          0,     0.00, 1.53561E-006,   -84.59
Line.L_BSB_MT_8239,    48.7066,   -24.73,    48.7066,  -144.73,    48.7066,    95.27,          0,     0.00, 1.70666E-005,  -116.25,    48.7066,   155.27,    48.7066,    35.27,    48.7066,   -84.73,          0,     0.00, 1.70657E-005,    63.76
Line.L_BSB_MT_8252,    1.31857,   -24.43,    1.31857,  -144.43,    1.31857,    95.57,          0,     0.00, 1.70042E-006,   -97.66,    1.31857,   155.57,    1.31857,    35.57,    1.31857,   -84.43,          0,     0.00, 1.70134E-006,    82.34
Line.L_BSB_MT_8355,    4.51862,   -24.78,    4.51862,  -144.78,    4.51862,    95.22,          0,     0.00, 4.95725E-006,  -106.08,    4.51862,   155.22,    4.51862,    35.22,    4.51862,   -84.78,          0,     0.00, 4.95648E-006,    73.95
Line.L_BSB_MT_9506,     84.728,   155.28,     84.728,    35.28,     84.728,   -84.72,          0,     0.00, 3.0329E-005,    60.73,     84.728,   -24.72,     84.728,  -144.72,     84.728,    95.28,          0,     0.00, 3.03293E-005,  -119.27
Line.L_BSB_MT_9507,    157.648,   155.32,    157.648,    35.32,    157.648,   -84.68,          0,     0.00, 5.14189E-005,    58.62,    157.648,   -24.68,    157.648,  -144.68,    157.648,    95.32,          0,     0.00, 5.14194E-005,  -121.38
Line.L_BSB_MT_9508,     7.6885,   -24.43,     7.6885,  -144.43,     7.6885,    95.57,          0,     0.00, 3.95127E-009,    45.00,     7.6885,   155.57,     7.6885,    35.57,     7.6885,   -84.43,          0,     0.00, 4.65661E-009,   -90.00
Line.L_BSB_MT_9509,    31.5231,   -25.26,    31.5231,  -145.26,    31.5231,    94.74,          0,     0.00, 4.09235E-006,   -24.47,    31.5231,   154.74,    31.5231,    34.74,    31.5231,   -85.26,          0,     0.00, 4.08769E-006,   155.58
Line.L_BSB_MT_9510,    5.76621,   -24.43,    5.76621,  -144.43,    5.76621,    95.57,          0,     0.00, 2.37442E-009,   -11.31,    5.76621,   155.57,    5.76621,    35.57,    5.76621,   -84.43,          0,     0.00, 3.95127E-009,  -135.00
Line.L_BSB_MT_2315,    78.9633,   155.26,    78.9633,    35.26,    78.9633,   -84.74,          0,     0.00, 3.03495E-005,    60.72,    78.9633,   -24.74,    78.9633,  -144.74,    78.9633,    95.26,          0,     0.00, 3.03491E-005,  -119.29
Line.L_BSB_MT_2316,    78.9633,   155.26,    78.9633,    35.26,    78.9633,   -84.74,          0,     0.00, 3.03497E-005,    60.71,    78.9633,   -24.74,    78.9633,  -144.74,    78.9633,    95.26,          0,     0.00, 3.03501E-005,  -119.29
Line.L_BSB_MT_2317,    77.0415,   155.25,    77.0415,    35.25,    77.0415,   -84.75,          0,     0.00, 3.03573E-005,    60.71,    77.0415,   -24.75,    77.0415,  -144.75,    77.0415,    95.25,          0,     0.00, 3.03551E-005,  -119.29
Line.L_BSB_MT_2769,    2.88312,   -24.43,    2.88312,  -144.43,    2.88312,    95.57,          0,     0.00, 3.86353E-006,  -103.07,    2.88312,   155.57,    2.88312,    35.57,    2.88312,   -84.43,          0,     0.00, 3.86814E-006,    76.91
Line.L_BSB_MT_2770,    2.88312,   -24.43,    2.88312,  -144.43,    2.88312,    95.57,          0,     0.00, 3.87014E-006,  -103.12,    2.88312,   155.57,    2.88312,    35.57,    2.88312,   -84.43,          0,     0.00, 3.86968E-006,    76.88
Line.L_BSB_MT_2771,    2.88312,   -24.43,    2.88312,  -144.43,    2.88312,    95.57,          0,     0.00, 3.87011E-006,  -103.15,    2.88312,   155.57,    2.88312,    35.57,    2.88312,   -84.43,          0,     0.00, 3.86986E-006,    76.83
Line.L_BSB_MT_2772,    2.88312,   -24.43,    2.88312,  -144.43,    2.88312,    95.57,          0,     0.00, 2.5759E-006,  -103.13,    2.88312,   155.57,    2.88312,    35.57,    2.88312,   -84.43,          0,     0.00, 2.57726E-006,    76.87
Line.L_BSB_MT_4570,    7.40158,   -24.64,    7.40158,  -144.64,    7.40157,    95.36,          0,     0.00, 6.44371E-006,  -115.52,    7.40158,   155.36,    7.40158,    35.36,    7.40157,   -84.64,          0,     0.00, 6.44247E-006,    64.49
Line.L_BSB_MT_4601,    39.2107,   154.90,    39.2107,    34.90,    39.2107,   -85.10,          0,     0.00, 3.15495E-006,   128.40,    39.2107,   -25.10,    39.2107,  -145.10,    39.2107,    94.90,          0,     0.00, 3.1586E-006,   -51.66
Line.L_BSB_MT_4601A,    39.2107,   -25.10,    39.2107,  -145.10,    39.2107,    94.90,          0,     0.00, 3.15624E-006,   -51.49,    39.2107,   154.90,    39.2107,    34.90,    39.2107,   -85.10,          0,     0.00, 3.15668E-006,   128.49
Line.L_BSB_MT_4602,    9.40151,   154.18,    9.40151,    34.18,    9.40151,   -85.82,          0,     0.00, 5.03164E-007,    14.52,    9.40151,   -25.82,    9.40151,  -145.82,    9.40151,    94.18,          0,     0.00, 5.00245E-007,  -165.28
Line.L_BSB_MT_4603,    11.3232,   154.42,    11.3231,    34.42,    11.3232,   -85.58,          0,     0.00, 1.53506E-006,    95.38,    11.3232,   -25.58,    11.3231,  -145.58,    11.3232,    94.42,          0,     0.00, 1.53493E-006,   -84.67
Line.L_BSB_MT_4604,    17.0887,   154.81,    17.0887,    34.81,    17.0887,   -85.19,          0,     0.00, 2.21269E-006,    98.70,    17.0887,   -25.19,    17.0887,  -145.19,    17.0887,    94.81,          0,     0.00, 2.2106E-006,   -81.25
Line.L_BSB_MT_4605,    25.7375,   155.06,    25.7375,    35.07,    25.7375,   -84.94,          0,     0.00, 6.48575E-006,    85.71,    25.7375,   -24.94,    25.7375,  -144.93,    25.7375,    95.06,          0,     0.00, 6.48322E-006,   -94.27
Line.L_BSB_MT_4606,    25.7375,   155.06,    25.7375,    35.07,    25.7375,   -84.94,          0,     0.00, 6.48616E-006,    85.77,    25.7375,   -24.94,    25.7375,  -144.93,    25.7375,    95.06,          0,     0.00, 6.48512E-006,   -94.22
Line.L_BSB_MT_4607,    59.4576,   -24.87,    59.4577,  -144.87,    59.4576,    95.13,          0,     0.00, 2.21358E-005,  -115.50,    59.4576,   155.13,    59.4577,    35.13,    59.4576,   -84.87,          0,     0.00, 2.21369E-005,    64.51
Line.L_BSB_MT_4609,    41.7877,   -24.78,    41.7877,  -144.78,    41.7877,    95.22,          0,     0.00, 1.39665E-005,  -110.05,    41.7877,   155.22,    41.7877,    35.22,    41.7877,   -84.78,          0,     0.00, 1.39688E-005,    69.93
Line.L_BSB_MT_4625,    5.70282,   -24.43,    5.70282,  -144.43,    5.70282,    95.57,          0,     0.00, 1.2779E-006,  -155.34,    5.70282,   155.57,    5.70282,    35.57,    5.70282,   -84.43,          0,     0.00, 1.27595E-006,    24.77
Line.L_BSB_MT_5773,    70.9982,   -24.63,    70.9982,  -144.63,    70.9982,    95.37,          0,     0.00, 1.8565E-005,  -121.00,    70.9982,   155.37,    70.9982,    35.37,    70.9982,   -84.63,          0,     0.00, 1.85642E-005,    59.01
Line.L_BSB_MT_5776,    5.70282,   -24.43,    5.70282,  -144.43,    5.70282,    95.57,          0,     0.00, 1.27715E-006,  -155.16,    5.70282,   155.57,    5.70282,    35.57,    5.70282,   -84.43,          0,     0.00, 1.27826E-006,    24.74
Line.L_BSB_MT_5791,    0.38446,   155.57,    0.38446,    35.57,    0.38446,   -84.43,          0,     0.00, 1.28674E-006,    76.78,    0.38446,   -24.43,    0.38446,  -144.43,    0.38446,    95.57,          0,     0.00, 1.28674E-006,  -103.22
Line.L_BSB_MT_2181,    20.2479,   -24.43,    20.2479,  -144.43,    20.2479,    95.57,          0,     0.00, 2.09518E-005,  -123.31,    20.2479,   155.57,    20.2479,    35.57,    20.2479,   -84.43,          0,     0.00, 2.09487E-005,    56.69
Line.L_BSB_MT_2182,    16.8522,   -24.43,    16.8522,  -144.43,    16.8522,    95.57,          0,     0.00, 9.42818E-006,  -123.61,    16.8522,   155.57,    16.8522,    35.57,    16.8522,   -84.43,          0,     0.00, 9.43037E-006,    56.39
Line.L_BSB_MT_2183,    16.8522,   -24.43,    16.8522,  -144.43,    16.8522,    95.57,          0,     0.00, 4.95049E-006,  -105.20,    16.8522,   155.57,    16.8522,    35.57,    16.8522,   -84.43,          0,     0.00, 4.95094E-006,    74.80
Line.L_BSB_MT_2184,    16.8522,   -24.43,    16.8522,  -144.43,    16.8522,    95.57,          0,     0.00, 4.95555E-006,  -105.19,    16.8522,   155.57,    16.8522,    35.57,    16.8522,   -84.43,          0,     0.00, 4.95278E-006,    74.84
Line.L_BSB_MT_2185,    16.8522,   -24.43,    16.8522,  -144.43,    16.8522,    95.57,          0,     0.00, 4.94816E-006,  -105.23,    16.8522,   155.57,    16.8522,    35.57,    16.8522,   -84.43,          0,     0.00, 4.94918E-006,    74.83
Line.L_BSB_MT_2186,    16.0834,   -24.43,    16.0834,  -144.43,    16.0834,    95.57,          0,     0.00, 4.29434E-006,   -93.48,    16.0834,   155.57,    16.0834,    35.57,    16.0834,   -84.43,          0,     0.00, 4.29053E-006,    86.53
Line.L_BSB_MT_2187,    16.0834,   -24.43,    16.0834,  -144.43,    16.0834,    95.57,          0,     0.00, 4.28922E-006,   -93.49,    16.0834,   155.57,    16.0834,    35.57,    16.0834,   -84.43,          0,     0.00, 4.28646E-006,    86.51
Line.L_BSB_MT_2188,    16.0834,   -24.43,    16.0834,  -144.43,    16.0834,    95.57,          0,     0.00, 4.28521E-006,   -93.53,    16.0834,   155.57,    16.0834,    35.57,    16.0834,   -84.43,          0,     0.00, 4.28687E-006,    86.52
Line.L_BSB_MT_2189,    16.0834,   -24.43,    16.0834,  -144.43,    16.0834,    95.57,          0,     0.00, 4.28446E-006,   -93.56,    16.0834,   155.57,    16.0834,    35.57,    16.0834,   -84.43,          0,     0.00, 4.28411E-006,    86.41
Line.L_BSB_MT_2190,    16.0834,   -24.43,    16.0834,  -144.43,    16.0834,    95.57,          0,     0.00, 4.28997E-006,   -93.55,    16.0834,   155.57,    16.0834,    35.57,    16.0834,   -84.43,          0,     0.00, 4.29064E-006,    86.41
Line.L_BSB_MT_2191,    16.0834,   -24.43,    16.0834,  -144.43,    16.0834,    95.57,          0,     0.00, 4.29172E-006,   -93.62,    16.0834,   155.57,    16.0834,    35.57,    16.0834,   -84.43,          0,     0.00, 4.28974E-006,    86.40
Line.L_BSB_MT_2192,    16.0834,   -24.43,    16.0834,  -144.43,    16.0834,    95.57,          0,     0.00, 4.28719E-006,   -93.55,    16.0834,   155.57,    16.0834,    35.57,    16.0834,   -84.43,          0,     0.00, 4.29085E-006,    86.47
Line.L_BSB_MT_2193,    16.0834,   -24.43,    16.0834,  -144.43,    16.0834,    95.57,          0,     0.00, 4.29122E-006,   -93.61,    16.0834,   155.57,    16.0834,    35.57,    16.0834,   -84.43,          0,     0.00, 4.28875E-006,    86.41
Line.L_BSB_MT_2194,    16.0834,   -24.43,    16.0834,  -144.43,    16.0834,    95.57,          0,     0.00, 4.29233E-006,   -93.65,    16.0834,   155.57,    16.0834,    35.57,    16.0834,   -84.43,          0,     0.00, 4.29029E-006,    86.38
Line.L_BSB_MT_2195,    15.6989,   -24.43,    15.6989,  -144.43,    15.6989,    95.57,          0,     0.00, 4.29727E-006,   -93.61,    15.6989,   155.57,    15.6989,    35.57,    15.6989,   -84.43,          0,     0.00, 4.29991E-006,    86.42
Line.L_BSB_MT_2196,    15.6989,   -24.43,    15.6989,  -144.43,    15.6989,    95.57,          0,     0.00, 4.30604E-006,   -93.59,    15.6989,   155.57,    15.6989,    35.57,    15.6989,   -84.43,          0,     0.00, 4.30618E-006,    86.38
Line.L_BSB_MT_2197,    15.6989,   -24.43,    15.6989,  -144.43,    15.6989,    95.57,          0,     0.00, 4.30325E-006,   -93.59,    15.6989,   155.57,    15.6989,    35.57,    15.6989,   -84.43,          0,     0.00, 4.3029E-006,    86.38
Line.L_BSB_MT_2198,    15.6989,   -24.43,    15.6989,  -144.43,    15.6989,    95.57,          0,     0.00, 4.30313E-006,   -93.57,    15.6989,   155.57,    15.6989,    35.57,    15.6989,   -84.43,          0,     0.00, 4.3045E-006,    86.44
Line.L_BSB_MT_2199,    15.6989,   -24.43,    15.6989,  -144.43,    15.6989,    95.57,          0,     0.00, 4.30859E-006,   -93.54,    15.6989,   155.57,    15.6989,    35.57,    15.6989,   -84.43,          0,     0.00, 4.30662E-006,    86.49
Line.L_BSB_MT_2200,    15.6989,   -24.43,    15.6989,  -144.43,    15.6989,    95.57,          0,     0.00, 4.31025E-006,   -93.49,    15.6989,   155.57,    15.6989,    35.57,    15.6989,   -84.43,          0,     0.00, 4.30837E-006,    86.51
Line.L_BSB_MT_2201,    15.6989,   -24.43,    15.6989,  -144.43,    15.6989,    95.57,          0,     0.00, 4.31127E-006,   -93.61,    15.6989,   155.57,    15.6989,    35.57,    15.6989,   -84.43,          0,     0.00, 4.31214E-006,    86.40
Line.L_BSB_MT_2202,    15.6989,   -24.43,    15.6989,  -144.43,    15.6989,    95.57,          0,     0.00, 4.30909E-006,   -93.54,    15.6989,   155.57,    15.6989,    35.57,    15.6989,   -84.43,          0,     0.00, 4.30947E-006,    86.48
Line.L_BSB_MT_2203,    5.70281,   -24.43,    5.70282,  -144.43,    5.70282,    95.57,          0,     0.00, 4.38192E-006,  -121.64,    5.70281,   155.57,    5.70282,    35.57,    5.70282,   -84.43,          0,     0.00, 4.3819E-006,    58.30
Line.L_BSB_MT_2204,     9.9961,   -24.43,     9.9961,  -144.43,     9.9961,    95.57,          0,     0.00, 1.90391E-006,   -66.17,     9.9961,   155.57,     9.9961,    35.57,     9.9961,   -84.43,          0,     0.00, 1.90575E-006,   113.85
Line.L_BSB_MT_2205,     9.9961,   155.57,     9.9961,    35.57,     9.9961,   -84.43,          0,     0.00, 1.9015E-006,   113.53,     9.9961,   -24.43,     9.9961,  -144.43,     9.9961,    95.57,          0,     0.00, 1.90404E-006,   -66.61
Line.L_BSB_MT_2206,     9.9961,   155.57,     9.9961,    35.57,     9.9961,   -84.43,          0,     0.00, 1.90072E-006,   113.61,     9.9961,   -24.43,     9.9961,  -144.43,     9.9961,    95.57,          0,     0.00, 1.90168E-006,   -66.46
Line.L_BSB_MT_2207,     9.9961,   155.57,     9.9961,    35.57,     9.9961,   -84.43,          0,     0.00, 1.90989E-006,   113.61,     9.9961,   -24.43,     9.9961,  -144.43,     9.9961,    95.57,          0,     0.00, 1.90853E-006,   -66.44
Line.L_BSB_MT_2208,     9.9961,   155.57,     9.9961,    35.57,     9.9961,   -84.43,          0,     0.00, 1.91275E-006,   113.53,     9.9961,   -24.43,     9.9961,  -144.43,     9.9961,    95.57,          0,     0.00, 1.91518E-006,   -66.55
Line.L_BSB_MT_2216,    5.70281,   -24.43,    5.70282,  -144.43,    5.70282,    95.57,          0,     0.00, 4.38863E-006,  -121.65,    5.70281,   155.57,    5.70282,    35.57,    5.70282,   -84.43,          0,     0.00, 4.38821E-006,    58.29
Line.L_BSB_MT_2217,     9.9961,   155.57,     9.9961,    35.57,     9.9961,   -84.43,          0,     0.00, 1.90141E-006,   113.34,     9.9961,   -24.43,     9.9961,  -144.43,     9.9961,    95.57,          0,     0.00, 1.90495E-006,   -66.76
Line.L_BSB_MT_2218,    2.30676,   155.57,    2.30676,    35.57,    2.30676,   -84.43,          0,     0.00, 1.28524E-006,    76.70,    2.30676,   -24.43,    2.30676,  -144.43,    2.30676,    95.57,          0,     0.00, 1.28475E-006,  -103.48
Line.L_BSB_MT_2219,    0.38446,   155.57,    0.38446,    35.57,    0.38446,   -84.43,          0,     0.00, 1.27671E-006,    76.87,    0.38446,   -24.43,    0.38446,  -144.43,    0.38446,    95.57,          0,     0.00, 1.2777E-006,  -103.23
Line.L_BSB_MT_2260, 4.23896E-007,   133.62, 1.33939E-006,    -9.49, 8.57301E-007,  -129.14,          0,     0.00, 7.5679E-007,   -49.89, 4.23254E-007,   -46.47, 1.34024E-006,   170.54, 8.56152E-007,    50.76,          0,     0.00, 7.55914E-007,   130.30
Line.L_BSB_MT_2261,    27.6594,   -24.90,    27.6594,  -144.90,    27.6594,    95.10,          0,     0.00, 9.57481E-006,   -93.56,    27.6594,   155.10,    27.6594,    35.10,    27.6594,   -84.90,          0,     0.00, 9.57438E-006,    86.43
Line.L_BSB_MT_2262,    9.89654,   155.74,    9.89654,    35.74,    9.89654,   -84.26,          0,     0.00, 1.57521E-006,    54.15,    9.89654,   -24.26,    9.89654,  -144.26,    9.89654,    95.74,          0,     0.00, 1.57922E-006,  -125.85
Line.L_BSB_MT_2263,    9.89654,   155.74,    9.89654,    35.74,    9.89654,   -84.26,          0,     0.00, 1.57716E-006,    54.14,    9.89654,   -24.26,    9.89654,  -144.26,    9.89654,    95.74,          0,     0.00, 1.57987E-006,  -125.85
Line.L_BSB_MT_2264,    9.89654,   155.74,    9.89654,    35.74,    9.89654,   -84.26,          0,     0.00, 1.58434E-006,    53.96,    9.89654,   -24.26,    9.89654,  -144.26,    9.89654,    95.74,          0,     0.00, 1.58099E-006,  -126.05
Line.L_BSB_MT_2265,    1.63577,   -25.41,    1.63578,  -145.41,    1.63578,    94.59,          0,     0.00, 6.4777E-007,   139.20,    1.63577,   154.59,    1.63578,    34.59,    1.63578,   -85.41,          0,     0.00, 6.47934E-007,   -41.01
Line.L_BSB_MT_2266,    4.51862,   -24.78,    4.51862,  -144.78,    4.51862,    95.22,          0,     0.00, 2.71409E-006,  -140.70,    4.51862,   155.22,    4.51862,    35.22,    4.51862,   -84.78,          0,     0.00, 2.71216E-006,    39.36
Line.L_BSB_MT_2267,    7.40158,   -24.64,    7.40158,  -144.64,    7.40157,    95.36,          0,     0.00, 6.44828E-006,  -115.53,    7.40158,   155.36,    7.40158,    35.36,    7.40157,   -84.64,          0,     0.00, 6.44495E-006,    64.48
Line.L_BSB_MT_2268,    7.40158,   -24.64,    7.40158,  -144.64,    7.40157,    95.36,          0,     0.00, 6.43668E-006,  -115.49,    7.40158,   155.36,    7.40158,    35.36,    7.40157,   -84.64,          0,     0.00, 6.4392E-006,    64.52
Line.L_BSB_MT_2269,    7.40158,   -24.64,    7.40158,  -144.64,    7.40157,    95.36,          0,     0.00, 6.42925E-006,  -115.46,    7.40158,   155.36,    7.40158,    35.36,    7.40157,   -84.64,          0,     0.00, 6.43634E-006,    64.54
Line.L_BSB_MT_2270,    14.1285,   -24.54,    14.1285,  -144.54,    14.1285,    95.46,          0,     0.00, 4.41874E-006,  -119.83,    14.1285,   155.46,    14.1285,    35.46,    14.1285,   -84.54,          0,     0.00, 4.41978E-006,    60.17
Line.L_BSB_MT_2271,    14.1285,   -24.54,    14.1285,  -144.54,    14.1285,    95.46,          0,     0.00, 4.41571E-006,  -119.99,    14.1285,   155.46,    14.1285,    35.46,    14.1285,   -84.54,          0,     0.00, 4.41947E-006,    60.01
Line.L_BSB_MT_2272,    14.1285,   -24.54,    14.1285,  -144.54,    14.1285,    95.46,          0,     0.00, 5.50739E-006,  -139.73,    14.1285,   155.46,    14.1285,    35.46,    14.1285,   -84.54,          0,     0.00, 5.51037E-006,    40.27
Line.L_BSB_MT_2273, 4.23629E-007,   133.31, 1.33893E-006,    -9.49, 8.57007E-007,  -129.11,          0,     0.00, 7.56925E-007,   -49.72, 4.2333E-007,   -46.83, 1.34085E-006,   170.50, 8.58747E-007,    50.94,          0,     0.00, 7.59852E-007,   130.33
Line.L_BSB_MT_2274,    3.84395,   -24.43,    3.84395,  -144.43,    3.84395,    95.57,          0,     0.00, 2.0825E-009,  -116.57,    3.84395,   155.57,    3.84395,    35.57,    3.84395,   -84.43,          0,     0.00, 2.98169E-009,    38.66
Line.L_BSB_MT_2276,    20.2479,   -24.43,    20.2479,  -144.43,    20.2479,    95.57,          0,     0.00, 2.09547E-005,  -123.31,    20.2479,   155.57,    20.2479,    35.57,    20.2479,   -84.43,          0,     0.00, 2.09536E-005,    56.70
Line.L_BSB_MT_2277,    39.2107,   -25.10,    39.2107,  -145.10,    39.2107,    94.90,          0,     0.00, 2.56951E-006,   -28.29,    39.2107,   154.90,    39.2107,    34.90,    39.2107,   -85.10,          0,     0.00, 2.56819E-006,   151.77
Line.L_BSB_MT_2278,    39.2107,   -25.10,    39.2107,  -145.10,    39.2107,    94.90,          0,     0.00, 2.56614E-006,   -28.26,    39.2107,   154.90,    39.2107,    34.90,    39.2107,   -85.10,          0,     0.00, 2.56345E-006,   151.72
Line.L_BSB_MT_2279,    31.5231,   -25.26,    31.5231,  -145.26,    31.5231,    94.74,          0,     0.00, 4.09113E-006,   -24.30,    31.5231,   154.74,    31.5231,    34.74,    31.5231,   -85.26,          0,     0.00, 4.08812E-006,   155.66
Line.L_BSB_MT_2280,    23.8356,   -25.53,    23.8356,  -145.53,    23.8356,    94.47,          0,     0.00, 3.23946E-006,    -8.68,    23.8356,   154.47,    23.8356,    34.47,    23.8356,   -85.53,          0,     0.00, 3.23769E-006,   171.31
Line.L_BSB_MT_2281,    1.19509,   -13.40,    1.19508,  -133.40,    1.19509,   106.60,          0,     0.00, 3.48767E-006,    29.67,    1.19509,   166.60,    1.19508,    46.60,    1.19509,   -73.40,          0,     0.00, 3.48946E-006,  -150.30
Line.L_BSB_MT_7124,    3.39567,   -24.43,    3.39567,  -144.43,    3.39567,    95.57,          0,     0.00, 7.08441E-006,  -123.43,    3.39567,   155.57,    3.39567,    35.57,    3.39567,   -84.43,          0,     0.00, 7.0813E-006,    56.57
Line.L_BSB_MT_7125,    16.8522,   -24.43,    16.8522,  -144.43,    16.8522,    95.57,          0,     0.00, 1.14092E-005,  -124.31,    16.8522,   155.57,    16.8522,    35.57,    16.8522,   -84.43,          0,     0.00, 1.141E-005,    55.69
Line.L_BSB_MT_2902,    1.31857,   -24.43,    1.31857,  -144.43,    1.31857,    95.57,          0,     0.00, 1.70722E-006,   -97.60,    1.31857,   155.57,    1.31857,    35.57,    1.31857,   -84.43,          0,     0.00, 1.70565E-006,    82.44
Line.L_BSB_MT_9517,    2.88312,   155.57,    2.88312,    35.57,    2.88312,   -84.43,          0,     0.00, 4.00577E-009,    54.46,    2.88312,   -24.43,    2.88312,  -144.43,    2.88312,    95.57,          0,     0.00, 5.1434E-009,   -95.19
Line.L_BSB_MT_8572, 4.26666E-007,   -48.01, 1.35248E-006,   170.55, 8.51794E-007,    50.72,          0,     0.00, 7.60295E-007,   132.07, 4.2632E-007,   132.03, 1.35348E-006,    -9.47, 8.51204E-007,  -129.23,          0,     0.00, 7.62235E-007,   -47.87
Line.L_BSB_MT_5915,    16.8522,   -24.43,    16.8522,  -144.43,    16.8522,    95.57,          0,     0.00, 1.14175E-005,  -124.33,    16.8522,   155.57,    16.8522,    35.57,    16.8522,   -84.43,          0,     0.00, 1.1417E-005,    55.67
Line.L_BSB_MT_5916,    3.39567,   -24.43,    3.39567,  -144.43,    3.39566,    95.57,          0,     0.00, 8.30864E-006,  -120.36,    3.39567,   155.57,    3.39567,    35.57,    3.39566,   -84.43,          0,     0.00, 8.306E-006,    59.63
Line.L_BSB_MT_5917,    3.39567,   -24.43,    3.39567,  -144.43,    3.39566,    95.57,          0,     0.00, 8.30432E-006,  -120.37,    3.39567,   155.57,    3.39567,    35.57,    3.39566,   -84.43,          0,     0.00, 8.3065E-006,    59.65
Line.L_BSB_MT_5918,    20.2479,   155.57,    20.2479,    35.57,    20.2479,   -84.43,          0,     0.00, 1.96989E-005,    57.35,    20.2479,   -24.43,    20.2479,  -144.43,    20.2479,    95.57,          0,     0.00, 1.96957E-005,  -122.65
Line.L_BSB_MT_5942,     84.728,   155.28,     84.728,    35.28,     84.728,   -84.72,          0,     0.00, 3.03375E-005,    60.72,     84.728,   -24.72,     84.728,  -144.72,     84.728,    95.28,          0,     0.00, 3.03394E-005,  -119.28
Line.L_BSB_MT_5943,    16.8522,   -24.43,    16.8522,  -144.43,    16.8522,    95.57,          0,     0.00, 4.95935E-006,  -105.17,    16.8522,   155.57,    16.8522,    35.57,    16.8522,   -84.43,          0,     0.00, 4.95339E-006,    74.82
Line.L_BSB_MT_5944,    5.76602,   -24.43,    5.76602,  -144.43,    5.76602,    95.57,          0,     0.00, 1.91997E-009,    14.04,    5.76602,   155.57,    5.76602,    35.57,    5.76602,   -84.43,          0,     0.00, 2.79397E-009,   -90.00
Line.L_BSB_MT_5982,     9.9961,   155.57,     9.9961,    35.57,     9.9961,   -84.43,          0,     0.00, 1.90196E-006,   113.17,     9.9961,   -24.43,     9.9961,  -144.43,     9.9961,    95.57,          0,     0.00, 1.89743E-006,   -66.76
Line.L_BSB_MT_5983,    69.8453,   -24.64,    69.8453,  -144.64,    69.8453,    95.36,          0,     0.00, 1.53324E-005,  -120.49,    69.8453,   155.36,    69.8453,    35.36,    69.8453,   -84.64,          0,     0.00, 1.53348E-005,    59.52
Line.L_BSB_MT_5984,   0.384461,   -24.43,   0.384461,  -144.43,   0.384461,    95.57,          0,     0.00, 2.34917E-008,    39.37,   0.384461,   155.57,   0.384461,    35.57,   0.384461,   -84.43,          0,     0.00, 2.31336E-008,  -139.90
Line.L_BSB_MT_5987,    7.40158,   -24.64,    7.40158,  -144.64,    7.40157,    95.36,          0,     0.00, 6.44345E-006,  -115.54,    7.40158,   155.36,    7.40158,    35.36,    7.40157,   -84.64,          0,     0.00, 6.44557E-006,    64.48
Line.L_BSB_MT_2282,   0.783231,   138.60,   0.783232,    18.60,   0.783231,  -101.40,          0,     0.00, 2.65122E-006,    43.80,   0.783231,   -41.40,   0.783232,  -161.40,   0.783231,    78.60,          0,     0.00, 2.64955E-006,  -136.17
Line.L_BSB_MT_2283,   0.783231,   138.60,   0.783232,    18.60,   0.783231,  -101.40,          0,     0.00, 2.65588E-006,    43.75,   0.783231,   -41.40,   0.783232,  -161.40,   0.783231,    78.60,          0,     0.00, 2.65381E-006,  -136.15
Line.L_BSB_MT_2284,   0.783231,   138.60,   0.783232,    18.60,   0.783231,  -101.40,          0,     0.00, 2.65115E-006,    43.88,   0.783231,   -41.40,   0.783232,  -161.40,   0.783231,    78.60,          0,     0.00, 2.64883E-006,  -136.10
Line.L_BSB_MT_2285,    4.59908,   152.72,    4.59909,    32.72,    4.59908,   -87.28,          0,     0.00, 3.34306E-006,    65.66,    4.59908,   -27.28,    4.59909,  -147.28,    4.59908,    92.72,          0,     0.00, 3.34626E-006,  -114.31
Line.L_BSB_MT_2286,    9.40151,   154.18,    9.40151,    34.18,    9.40151,   -85.82,          0,     0.00, 5.07211E-007,    13.97,    9.40151,   -25.82,    9.40151,  -145.82,    9.40151,    94.18,          0,     0.00, 5.02019E-007,  -165.77
Line.L_BSB_MT_2287,    9.40151,   154.18,    9.40151,    34.18,    9.40151,   -85.82,          0,     0.00, 1.72248E-006,    54.92,    9.40151,   -25.82,    9.40151,  -145.82,    9.40151,    94.18,          0,     0.00, 1.72381E-006,  -124.96
Line.L_BSB_MT_2288,     2.8832,   -24.43,     2.8832,  -144.43,     2.8832,    95.57,          0,     0.00, 5.66501E-009,    -9.46,     2.8832,   155.57,     2.8832,    35.57,     2.8832,   -84.43,          0,     0.00, 4.65661E-009,   143.13
Line.L_BSB_MT_2289,    9.40151,   154.18,    9.40151,    34.18,    9.40151,   -85.82,          0,     0.00, 1.71748E-006,    55.05,    9.40151,   -25.82,    9.40151,  -145.82,    9.40151,    94.18,          0,     0.00, 1.71909E-006,  -124.84
Line.L_BSB_MT_2290,    9.40151,   154.18,    9.40151,    34.18,    9.40151,   -85.82,          0,     0.00, 1.71623E-006,    55.19,    9.40151,   -25.82,    9.40151,  -145.82,    9.40151,    94.18,          0,     0.00, 1.71746E-006,  -124.71
Line.L_BSB_MT_2291,    11.3232,   154.42,    11.3231,    34.42,    11.3232,   -85.58,          0,     0.00, 1.53157E-006,    95.48,    11.3232,   -25.58,    11.3231,  -145.58,    11.3232,    94.42,          0,     0.00, 1.52852E-006,   -84.62
Line.L_BSB_MT_2292,    17.0887,   154.81,    17.0887,    34.81,    17.0887,   -85.19,          0,     0.00, 2.21772E-006,    98.60,    17.0887,   -25.19,    17.0887,  -145.19,    17.0887,    94.81,          0,     0.00, 2.22307E-006,   -81.37
Line.L_BSB_MT_2293,    19.9716,   154.92,    19.9716,    34.92,    19.9716,   -85.08,          0,     0.00, 5.36466E-006,    90.93,    19.9716,   -25.08,    19.9716,  -145.08,    19.9716,    94.92,          0,     0.00, 5.36042E-006,   -89.10
Line.L_BSB_MT_2294,    19.9716,   154.92,    19.9716,    34.92,    19.9716,   -85.08,          0,     0.00, 5.35821E-006,    90.98,    19.9716,   -25.08,    19.9716,  -145.08,    19.9716,    94.92,          0,     0.00, 5.35492E-006,   -89.04
Line.L_BSB_MT_2295,    25.7375,   155.06,    25.7375,    35.07,    25.7375,   -84.94,          0,     0.00, 6.48882E-006,    85.73,    25.7375,   -24.94,    25.7375,  -144.93,    25.7375,    95.06,          0,     0.00, 6.48304E-006,   -94.25
Line.L_BSB_MT_2296,    5.76631,   -24.43,    5.76631,  -144.43,    5.76631,    95.57,          0,     0.00, 2.9451E-009,    18.43,    5.76631,   155.57,    5.76631,    35.57,    5.76631,   -84.43,          0,     0.00, 4.74883E-009,  -101.31
Line.L_BSB_MT_2297,    5.76619,   -24.43,    5.76619,  -144.43,    5.76619,    95.57,          0,     0.00, 3.63693E-009,    39.81,    5.76619,   155.57,    5.76619,    35.57,    5.76619,   -84.43,          0,     0.00, 5.66501E-009,   -99.46
Line.L_BSB_MT_2298,    27.6594,   155.10,    27.6594,    35.10,    27.6594,   -84.90,          0,     0.00, 6.48672E-006,    85.76,    27.6594,   -24.90,    27.6594,  -144.90,    27.6594,    95.10,          0,     0.00, 6.4849E-006,   -94.25
Line.L_BSB_MT_2299,    59.4576,   -24.87,    59.4577,  -144.87,    59.4576,    95.13,          0,     0.00, 2.21347E-005,  -115.51,    59.4576,   155.13,    59.4577,    35.13,    59.4576,   -84.87,          0,     0.00, 2.21322E-005,    64.49
Line.L_BSB_MT_2318,    77.0415,   155.25,    77.0415,    35.25,    77.0415,   -84.75,          0,     0.00, 2.86794E-005,    61.03,    77.0415,   -24.75,    77.0415,  -144.75,    77.0415,    95.25,          0,     0.00, 2.86812E-005,  -118.97
Line.L_BSB_MT_2319,    77.0415,   155.25,    77.0415,    35.25,    77.0415,   -84.75,          0,     0.00, 2.86843E-005,    61.03,    77.0415,   -24.75,    77.0415,  -144.75,    77.0415,    95.25,          0,     0.00, 2.86834E-005,  -118.97
Line.L_BSB_MT_2324,    4.03611,   155.57,    4.03611,    35.57,    4.03611,   -84.43,          0,     0.00, 2.03231E-006,    -4.48,    4.03611,   -24.43,    4.03611,  -144.43,    4.03611,    95.57,          0,     0.00, 2.0347E-006,   175.50
Line.L_BSB_MT_2351,    5.19021,   -24.43,    5.19021,  -144.43,    5.19021,    95.57,          0,     0.00, 1.28558E-006,  -155.29,    5.19021,   155.57,    5.19021,    35.57,    5.19021,   -84.43,          0,     0.00, 1.28708E-006,    24.65
Line.L_BSB_MT_7157,    7.68739,   -24.43,    7.68739,  -144.43,    7.68739,    95.57,          0,     0.00, 5.30936E-009,    37.87,    7.68739,   155.57,    7.68739,    35.57,    7.68739,   -84.43,          0,     0.00, 7.91624E-009,  -151.93
Line.L_BSB_MT_7188,    59.4576,   155.13,    59.4577,    35.13,    59.4576,   -84.87,          0,     0.00, 2.21363E-005,    64.51,    59.4576,   -24.87,    59.4577,  -144.87,    59.4576,    95.13,          0,     0.00, 2.21373E-005,  -115.49
Line.L_BSB_MT_7192,    1.15318,   155.57,    1.15318,    35.57,    1.15317,   -84.43,          0,     0.00, 9.44743E-007,    28.50,    1.15318,   -24.43,    1.15318,  -144.43,    1.15317,    95.57,          0,     0.00, 9.42373E-007,  -151.65
Line.L_BSB_MT_7198,    5.70281,   -24.43,    5.70282,  -144.43,    5.70282,    95.57,          0,     0.00, 4.3782E-006,  -121.59,    5.70281,   155.57,    5.70282,    35.57,    5.70282,   -84.43,          0,     0.00, 4.37634E-006,    58.44
Line.L_BSB_MT_7200,    7.68934,   -24.43,    7.68934,  -144.43,    7.68934,    95.57,          0,     0.00, 2.30824E-006,    -5.51,    7.68934,   155.57,    7.68934,    35.57,    7.68934,   -84.43,          0,     0.00, 2.30874E-006,   174.36
Line.L_BSB_MT_7202,    1.63577,   -25.41,    1.63578,  -145.41,    1.63577,    94.59,          0,     0.00, 2.861E-006,  -134.20,    1.63577,   154.59,    1.63578,    34.59,    1.63577,   -85.41,          0,     0.00, 2.86493E-006,    45.78
Line.L_BSB_MT_7203,     84.728,   155.28,     84.728,    35.28,     84.728,   -84.72,          0,     0.00, 3.03333E-005,    60.72,     84.728,   -24.72,     84.728,  -144.72,     84.728,    95.28,          0,     0.00, 3.0336E-005,  -119.27
Line.L_BSB_MT_7212,    5.70282,   -24.43,    5.70282,  -144.43,    5.70282,    95.57,          0,     0.00, 1.28438E-006,  -155.36,    5.70282,   155.57,    5.70282,    35.57,    5.70282,   -84.43,          0,     0.00, 1.28662E-006,    24.71
Line.L_BSB_MT_7215,    1.92208,   -24.43,    1.92208,  -144.43,    1.92208,    95.57,          0,     0.00, 2.57196E-006,  -103.12,    1.92208,   155.57,    1.92208,    35.57,    1.92208,   -84.43,          0,     0.00, 2.57196E-006,    76.88
Line.L_BSB_MT_7219, 4.32143E-007,   -47.66, 1.3531E-006,   170.39, 8.47995E-007,    50.84,          0,     0.00, 7.58702E-007,   131.99, 4.32771E-007,   132.43, 1.35134E-006,    -9.64, 8.5118E-007,  -129.03,          0,     0.00, 7.59655E-007,   -48.40
Line.L_BSB_MT_7258, 2.32831E-009,    90.00, 1.67897E-009,   -33.69, 1.39698E-009,     0.00,          0,     0.00, 3.12375E-009,    26.57, 9.31323E-010,   -90.00, 3.39007E-009,   164.05, 9.31323E-010,   180.00,          0,     0.00, 4.19095E-009,   180.00
Line.L_BSB_MT_4907,    1.56455,   -24.43,    1.56455,  -144.43,    1.56455,    95.57,          0,     0.00, 2.1196E-006,  -106.52,    1.56455,   155.57,    1.56455,    35.57,    1.56455,   -84.43,          0,     0.00, 2.11836E-006,    73.55
Line.L_BSB_MT_4944,    1.56455,   -24.43,    1.56455,  -144.43,    1.56455,    95.57,          0,     0.00, 2.14783E-006,  -106.82,    1.56455,   155.57,    1.56455,    35.57,    1.56455,   -84.43,          0,     0.00, 2.14657E-006,    73.24
Line.L_BSB_MT_8644, 2.63418E-009,    45.00, 4.41765E-009,    18.43, 3.75428E-009,    82.87,          0,     0.00, 9.55457E-009,    46.97, 2.50766E-009,  -111.80, 5.45043E-009,  -160.02, 3.75428E-009,   -82.87,          0,     0.00, 9.68978E-009,  -125.22
Line.L_BSB_MT_8645,   0.512549,   155.57,   0.512548,    35.57,   0.512549,   -84.43,          0,     0.00, 7.59933E-007,   133.39,   0.512549,   -24.43,   0.512548,  -144.43,   0.512549,    95.57,          0,     0.00, 7.5636E-007,   -46.75
Line.L_BSB_MT_8646,    16.0834,   -24.43,    16.0834,  -144.43,    16.0834,    95.57,          0,     0.00, 4.28309E-006,   -93.57,    16.0834,   155.57,    16.0834,    35.57,    16.0834,   -84.43,          0,     0.00, 4.28387E-006,    86.46
Line.L_BSB_MT_8647,    15.6989,   -24.43,    15.6989,  -144.43,    15.6989,    95.57,          0,     0.00, 4.30938E-006,   -93.61,    15.6989,   155.57,    15.6989,    35.57,    15.6989,   -84.43,          0,     0.00, 4.309E-006,    86.38
Line.L_BSB_MT_8649,    1.63577,   -25.41,    1.63578,  -145.41,    1.63578,    94.59,          0,     0.00, 6.50594E-007,   139.41,    1.63577,   154.59,    1.63578,    34.59,    1.63578,   -85.41,          0,     0.00, 6.47009E-007,   -40.53
Line.L_BSB_MT_8650,    10.2845,   -24.58,    10.2845,  -144.58,    10.2845,    95.42,          0,     0.00, 6.43366E-006,  -115.44,    10.2845,   155.42,    10.2845,    35.42,    10.2845,   -84.58,          0,     0.00, 6.43326E-006,    64.56
Line.L_BSB_MT_8652,    31.5231,   -25.26,    31.5231,  -145.26,    31.5231,    94.74,          0,     0.00, 4.09259E-006,   -24.38,    31.5231,   154.74,    31.5231,    34.74,    31.5231,   -85.26,          0,     0.00, 4.09289E-006,   155.58
Line.L_BSB_MT_8653,    4.59908,   152.72,    4.59909,    32.72,    4.59908,   -87.28,          0,     0.00, 3.34992E-006,    65.65,    4.59908,   -27.28,    4.59909,  -147.28,    4.59908,    92.72,          0,     0.00, 3.35242E-006,  -114.35
Line.L_BSB_MT_8654,    9.40151,   154.18,    9.40151,    34.18,    9.40151,   -85.82,          0,     0.00, 1.7202E-006,    55.24,    9.40151,   -25.82,    9.40151,  -145.82,    9.40151,    94.18,          0,     0.00, 1.71808E-006,  -124.65
Line.L_BSB_MT_8655,    27.6594,   155.10,    27.6594,    35.10,    27.6594,   -84.90,          0,     0.00, 9.04678E-006,    83.17,    27.6594,   -24.90,    27.6594,  -144.90,    27.6594,    95.10,          0,     0.00, 9.04638E-006,   -96.83
Line.L_BSB_MT_8656,    1.56455,   -24.43,    1.56455,  -144.43,    1.56455,    95.57,          0,     0.00, 2.14988E-006,  -106.83,    1.56455,   155.57,    1.56455,    35.57,    1.56455,   -84.43,          0,     0.00, 2.1468E-006,    73.18
Line.L_BSB_MT_5994,    1.31857,   -24.43,    1.31857,  -144.43,    1.31857,    95.57,          0,     0.00, 1.70186E-006,   -97.67,    1.31857,   155.57,    1.31857,    35.57,    1.31857,   -84.43,          0,     0.00, 1.70233E-006,    82.33
Line.L_BSB_MT_5996,    1.56455,   -24.43,    1.56455,  -144.43,    1.56455,    95.57,          0,     0.00, 2.12777E-006,  -106.46,    1.56455,   155.57,    1.56455,    35.57,    1.56455,   -84.43,          0,     0.00, 2.12745E-006,    73.52
Line.L_BSB_MT_6037,    17.0887,   154.81,    17.0887,    34.81,    17.0887,   -85.19,          0,     0.00, 2.21043E-006,    98.64,    17.0887,   -25.19,    17.0887,  -145.19,    17.0887,    94.81,          0,     0.00, 2.21082E-006,   -81.37
Line.L_BSB_MT_6038,    77.0415,   155.25,    77.0415,    35.25,    77.0415,   -84.75,          0,     0.00, 3.03487E-005,    60.71,    77.0415,   -24.75,    77.0415,  -144.75,    77.0415,    95.25,          0,     0.00, 3.03494E-005,  -119.29
Line.L_BSB_MT_6053,    17.5844,   155.67,    17.5844,    35.67,    17.5844,   -84.33,          0,     0.00, 3.79573E-006,    45.60,    17.5844,   -24.33,    17.5844,  -144.33,    17.5844,    95.67,          0,     0.00, 3.79243E-006,  -134.41
Line.L_BSB_MT_6055,    0.38446,   155.57,    0.38446,    35.57,    0.38446,   -84.43,          0,     0.00, 6.58545E-010,    45.00,    0.38446,   -24.43,    0.38446,  -144.43,    0.38446,    95.57,          0,     0.00, 1.04125E-009,  -116.57
Line.L_BSB_MT_6056,    1.63577,   -25.41,    1.63578,  -145.41,    1.63577,    94.59,          0,     0.00, 2.85295E-006,  -133.96,    1.63577,   154.59,    1.63578,    34.59,    1.63577,   -85.41,          0,     0.00, 2.85327E-006,    46.02
Line.L_BSB_MT_6057,    70.9982,   -24.63,    70.9982,  -144.63,    70.9982,    95.37,          0,     0.00, 1.85606E-005,  -120.99,    70.9982,   155.37,    70.9982,    35.37,    70.9982,   -84.63,          0,     0.00, 1.85567E-005,    59.01
Line.L_BSB_MT_7280,    2.88312,   -24.43,    2.88312,  -144.43,    2.88312,    95.57,          0,     0.00, 3.85701E-006,  -103.14,    2.88312,   155.57,    2.88312,    35.57,    2.88312,   -84.43,          0,     0.00, 3.85901E-006,    76.82
Line.L_BSB_MT_7311,    0.96115,   -24.43,   0.961151,  -144.43,    0.96115,    95.57,          0,     0.00, 1.19384E-006,  -115.66,    0.96115,   155.57,   0.961151,    35.57,    0.96115,   -84.43,          0,     0.00, 1.19408E-006,    64.42
Line.L_BSB_MT_7318, 1.91609E-007,   109.45, 8.28257E-007,   -48.40, 1.12768E-006,  -133.80,          0,     0.00, 1.28674E-006,  -103.22, 1.90731E-007,   -70.46, 8.29224E-007,   131.63, 1.128E-006,    46.19,          0,     0.00, 1.28799E-006,    76.81
Line.L_BSB_MT_7331,    15.6989,   -24.43,    15.6989,  -144.43,    15.6989,    95.57,          0,     0.00, 4.29782E-006,   -93.63,    15.6989,   155.57,    15.6989,    35.57,    15.6989,   -84.43,          0,     0.00, 4.30354E-006,    86.35
Line.L_BSB_MT_7332,    1.63577,   -25.41,    1.63578,  -145.41,    1.63577,    94.59,          0,     0.00, 2.86079E-006,  -134.04,    1.63577,   154.59,    1.63578,    34.59,    1.63577,   -85.41,          0,     0.00, 2.86406E-006,    45.93
Line.L_BSB_MT_5034,    2.88312,   -24.43,    2.88312,  -144.43,    2.88312,    95.57,          0,     0.00, 3.86748E-006,  -103.08,    2.88312,   155.57,    2.88312,    35.57,    2.88312,   -84.43,          0,     0.00, 3.87051E-006,    76.91
Line.L_BSB_MT_5035,    2.88312,   -24.43,    2.88312,  -144.43,    2.88312,    95.57,          0,     0.00, 3.87603E-006,  -103.10,    2.88312,   155.57,    2.88312,    35.57,    2.88312,   -84.43,          0,     0.00, 3.87649E-006,    76.90
Line.L_BSB_MT_5068, 4.33349E-007,   -48.22, 1.35731E-006,   170.40, 8.48256E-007,    51.22,          0,     0.00, 7.66252E-007,   132.56, 4.33624E-007,   131.91, 1.35448E-006,    -9.60, 8.4622E-007,  -128.81,          0,     0.00, 7.6299E-007,   -47.50
Line.L_BSB_MT_5069,   0.512549,   -24.43,   0.512548,  -144.43,   0.512548,    95.57,          0,     0.00, 1.81637E-006,   -82.47,   0.512549,   155.57,   0.512548,    35.57,   0.512548,   -84.43,          0,     0.00, 1.81766E-006,    97.61
Line.L_BSB_MT_5070,   0.512549,   -24.43,   0.512548,  -144.43,   0.512549,    95.57,          0,     0.00, 7.597E-007,   -45.77,   0.512549,   155.57,   0.512548,    35.57,   0.512549,   -84.43,          0,     0.00, 7.61333E-007,   134.31
Line.L_BSB_MT_5071,   0.512549,   155.57,   0.512548,    35.57,   0.512549,   -84.43,          0,     0.00, 7.6394E-007,   133.25,   0.512549,   -24.43,   0.512548,  -144.43,   0.512549,    95.57,          0,     0.00, 7.62175E-007,   -46.44
Line.L_BSB_MT_5072, 4.34122E-007,   -48.48, 1.35402E-006,   170.40, 8.4594E-007,    51.01,          0,     0.00, 7.5959E-007,   132.69, 4.35088E-007,   131.57, 1.35134E-006,    -9.64, 8.47097E-007,  -128.89,          0,     0.00, 7.58758E-007,   -47.59
Line.L_BSB_MT_5073,    1.31857,   -24.43,    1.31857,  -144.43,    1.31857,    95.57,          0,     0.00, 1.69658E-006,   -97.76,    1.31857,   155.57,    1.31857,    35.57,    1.31857,   -84.43,          0,     0.00, 1.69882E-006,    82.27
Line.L_BSB_MT_5074,    1.31857,   -24.43,    1.31857,  -144.43,    1.31857,    95.57,          0,     0.00, 1.71131E-006,   -97.91,    1.31857,   155.57,    1.31857,    35.57,    1.31857,   -84.43,          0,     0.00, 1.7069E-006,    82.13
Line.L_BSB_MT_8815,   0.512549,   -24.43,   0.512548,  -144.43,   0.512548,    95.57,          0,     0.00, 1.81055E-006,   -82.40,   0.512549,   155.57,   0.512548,    35.57,   0.512548,   -84.43,          0,     0.00, 1.81547E-006,    97.65
Line.L_BSB_MT_8816,    5.76702,   155.57,    5.76702,    35.57,    5.76702,   -84.43,          0,     0.00, 2.29528E-006,   173.99,    5.76702,   -24.43,    5.76702,  -144.43,    5.76702,    95.57,          0,     0.00, 2.2936E-006,    -5.94
Line.L_BSB_MT_8817,    5.76702,   -24.43,    5.76702,  -144.43,    5.76702,    95.57,          0,     0.00, 2.27514E-006,    -5.66,    5.76702,   155.57,    5.76702,    35.57,    5.76702,   -84.43,          0,     0.00, 2.27144E-006,   174.21
Line.L_BSB_MT_8818,     1.9223,   155.57,     1.9223,    35.57,     1.9223,   -84.43,          0,     0.00, 3.83994E-009,   165.96,     1.9223,   -24.43,     1.9223,  -144.43,     1.9223,    95.57,          0,     0.00, 3.83994E-009,   -14.04
Line.L_BSB_MT_8819,    78.9633,   155.26,    78.9633,    35.26,    78.9633,   -84.74,          0,     0.00, 3.034E-005,    60.73,    78.9633,   -24.74,    78.9633,  -144.74,    78.9633,    95.26,          0,     0.00, 3.03393E-005,  -119.27
Line.L_BSB_MT_8820,    60.2373,   -24.67,    60.2373,  -144.67,    60.2373,    95.33,          0,     0.00, 1.63535E-005,  -121.37,    60.2373,   155.33,    60.2373,    35.33,    60.2373,   -84.67,          0,     0.00, 1.63535E-005,    58.63
Line.L_BSB_MT_8821,    58.3156,   -24.68,    58.3156,  -144.68,    58.3156,    95.32,          0,     0.00, 1.63573E-005,  -121.35,    58.3156,   155.32,    58.3156,    35.32,    58.3156,   -84.68,          0,     0.00, 1.63576E-005,    58.67
Line.L_BSB_MT_8822,    48.7066,   -24.73,    48.7066,  -144.73,    48.7066,    95.27,          0,     0.00, 1.70589E-005,  -116.25,    48.7066,   155.27,    48.7066,    35.27,    48.7066,   -84.73,          0,     0.00, 1.70555E-005,    63.76
Line.L_BSB_MT_8823,    48.7066,   -24.73,    48.7066,  -144.73,    48.7066,    95.27,          0,     0.00, 1.70672E-005,  -116.25,    48.7066,   155.27,    48.7066,    35.27,    48.7066,   -84.73,          0,     0.00, 1.70634E-005,    63.75
Line.L_BSB_MT_8825,    15.6625,   155.68,    15.6625,    35.68,    15.6625,   -84.32,          0,     0.00, 1.57158E-006,    54.16,    15.6625,   -24.32,    15.6625,  -144.32,    15.6625,    95.68,          0,     0.00, 1.56877E-006,  -125.87
Line.L_BSB_MT_8826,    3.84401,   -24.43,    3.84401,  -144.43,    3.84401,    95.57,          0,     0.00, 4.39304E-009,    57.99,    3.84401,   155.57,    3.84401,    35.57,    3.84401,   -84.43,          0,     0.00, 6.58545E-009,   171.87
Line.L_BSB_MT_8827,    4.03611,   155.57,    4.03611,    35.57,    4.03611,   -84.43,          0,     0.00, 2.03373E-006,    -4.32,    4.03611,   -24.43,    4.03611,  -144.43,    4.03611,    95.57,          0,     0.00, 2.03273E-006,   175.70
Line.L_BSB_MT_8828, 2.37442E-009,   -78.69, 3.25963E-009,   180.00, 1.86265E-009,   -90.00,          0,     0.00, 5.0369E-009,  -123.69, 2.37442E-009,   101.31, 2.37442E-009,    11.31, 1.91997E-009,   104.04,          0,     0.00, 4.86165E-009,    73.30
Line.L_BSB_MT_8829,    1.31857,   -24.43,    1.31857,  -144.43,    1.31857,    95.57,          0,     0.00, 1.71011E-006,   -98.08,    1.31857,   155.57,    1.31857,    35.57,    1.31857,   -84.43,          0,     0.00, 1.70767E-006,    81.94
Line.L_BSB_MT_8830,    2.88312,   -24.43,    2.88312,  -144.43,    2.88312,    95.57,          0,     0.00, 3.86648E-006,  -103.16,    2.88312,   155.57,    2.88312,    35.57,    2.88312,   -84.43,          0,     0.00, 3.86442E-006,    76.81
Line.L_BSB_MT_8831,    2.88312,   -24.43,    2.88312,  -144.43,    2.88312,    95.57,          0,     0.00, 2.58186E-006,  -103.02,    2.88312,   155.57,    2.88312,    35.57,    2.88312,   -84.43,          0,     0.00, 2.58026E-006,    76.95
Line.L_BSB_MT_8832, 3.74031E-007,   108.66, 1.6525E-006,   -48.16, 2.2589E-006,  -133.89,          0,     0.00, 2.57185E-006,  -103.11, 3.7359E-007,   -71.32, 1.65223E-006,   131.80, 2.26025E-006,    46.14,          0,     0.00, 2.57478E-006,    76.88
Line.L_BSB_MT_8833, 1.92319E-007,   108.79, 8.30041E-007,   -48.16, 1.12241E-006,  -133.79,          0,     0.00, 1.27874E-006,  -102.88, 1.91432E-007,   -71.57, 8.29312E-007,   131.93, 1.12305E-006,    46.18,          0,     0.00, 1.27762E-006,    77.15
Line.L_BSB_MT_8834, 1.88142E-007,   110.27, 8.29185E-007,   -48.32, 1.12397E-006,  -134.01,          0,     0.00, 1.28548E-006,  -103.26, 1.89339E-007,   -69.56, 8.27213E-007,   131.67, 1.12596E-006,    46.02,          0,     0.00, 1.28578E-006,    76.60
Line.L_BSB_MT_8835, 6.33368E-009,   143.97, 3.83994E-009,   -14.04, 7.95722E-009,    69.44,          0,     0.00, 1.03394E-008,    82.23, 7.90253E-009,   -45.00, 5.6073E-009,   175.24, 6.0536E-009,  -112.62,          0,     0.00, 1.09604E-008,  -102.26
Line.L_BSB_MT_8836, 6.0536E-009,   112.62, 2.71525E-009,    30.96, 5.6073E-009,    85.24,          0,     0.00, 1.25815E-008,    87.88, 6.48591E-009,   -68.96, 4.29318E-009,  -167.47, 7.45058E-009,   -90.00,          0,     0.00, 1.45552E-008,   -97.35
Line.L_BSB_MT_8837, 1.67897E-009,   123.69, 4.65661E-010,     0.00, 1.39698E-009,   180.00,          0,     0.00, 2.32831E-009,   143.13, 2.0825E-009,   -63.43, 3.25963E-009,   180.00, 2.32831E-009,   -53.13,          0,     0.00, 3.83994E-009,  -104.04
Line.L_BSB_MT_8838, 2.83251E-009,   170.54, 1.39698E-009,     0.00, 9.31323E-010,     0.00,          0,     0.00, 6.58545E-010,   135.00, 1.97563E-009,   -45.00, 4.86165E-009,   163.30, 1.91997E-009,   -75.96,          0,     0.00, 3.35793E-009,  -146.31
Line.L_BSB_MT_6103,    9.89654,   155.74,    9.89654,    35.74,    9.89654,   -84.26,          0,     0.00, 1.58359E-006,    53.94,    9.89654,   -24.26,    9.89654,  -144.26,    9.89654,    95.74,          0,     0.00, 1.58256E-006,  -126.07
Line.L_BSB_MT_6126,    4.03611,   155.57,    4.03611,    35.57,    4.03611,   -84.43,          0,     0.00, 2.03717E-006,    -4.02,    4.03611,   -24.43,    4.03611,  -144.43,    4.03611,    95.57,          0,     0.00, 2.03624E-006,   175.97
Line.L_BSB_MT_6136,    77.0415,   155.25,    77.0415,    35.25,    77.0415,   -84.75,          0,     0.00, 3.03563E-005,    60.71,    77.0415,   -24.75,    77.0415,  -144.75,    77.0415,    95.25,          0,     0.00, 3.03523E-005,  -119.29
Line.L_BSB_MT_5104,   0.512549,   -24.43,   0.512548,  -144.43,   0.512548,    95.57,          0,     0.00, 1.81213E-006,   -82.59,   0.512549,   155.57,   0.512548,    35.57,   0.512548,   -84.43,          0,     0.00, 1.81034E-006,    97.43
Line.L_65590813, 4.21993E-007,   -46.74, 1.34077E-006,   170.52, 8.54681E-007,    50.88,          0,     0.00, 7.59237E-007,   130.60, 4.21695E-007,   133.12, 1.34184E-006,    -9.51, 8.56127E-007,  -129.04,          0,     0.00, 7.62217E-007,   -49.41
Line.L_65590817, 4.24647E-007,   -46.82, 1.34024E-006,   170.42, 8.55269E-007,    50.83,          0,     0.00, 7.5712E-007,   130.41, 4.24647E-007,   133.18, 1.34215E-006,    -9.59, 8.55269E-007,  -129.17,          0,     0.00, 7.58683E-007,   -49.51
Line.L_65590822, 4.22354E-007,   -46.88, 1.34284E-006,   170.48, 8.54681E-007,    50.88,          0,     0.00, 7.61107E-007,   130.71, 4.22354E-007,   133.12, 1.34016E-006,    -9.56, 8.54975E-007,  -129.14,          0,     0.00, 7.59339E-007,   -49.50
Line.L_65590824, 4.26303E-007,   -46.86, 1.34606E-006,   170.38, 8.52942E-007,    50.83,          0,     0.00, 7.60001E-007,   130.83, 4.25624E-007,   133.23, 1.34422E-006,    -9.63, 8.5554E-007,  -128.99,          0,     0.00, 7.62622E-007,   -49.48
Line.L_BSB_MT_7215_1,   0.961039,   -24.43,   0.961039,  -144.43,   0.961039,    95.57,          0,     0.00, 1.28928E-006,  -103.43,   0.961039,   155.57,   0.961039,    35.57,   0.961039,   -84.43,          0,     0.00, 1.28701E-006,    76.55
Line.L_BSB_MT_7215_2,   0.961039,   -24.43,   0.961039,  -144.43,   0.961039,    95.57,          0,     0.00, 1.28394E-006,  -102.87,   0.961039,   155.57,   0.961039,    35.57,   0.961039,   -84.43,          0,     0.00, 1.2808E-006,    77.19
Line.L_TR_MT_ALIM12,    1.31856,   155.57,    1.31857,    35.57,    1.31857,   -84.43,          0,     0.00, 4.07823E-006,    30.24,    1.31856,   -24.43,    1.31857,  -144.43,    1.31857,    95.57,          0,     0.00, 4.0795E-006,  -149.75
Line.L_TR_MT_ALIM13,     2.0771,   -24.43,     2.0771,  -144.43,     2.0771,    95.57,          0,     0.00, 3.8482E-006,   -95.49,     2.0771,   155.57,     2.0771,    35.57,     2.0771,   -84.43,          0,     0.00, 3.84365E-006,    84.49
Line.L_TR_MT_ALIM14,    1.56455,   -24.43,    1.56455,  -144.43,    1.56455,    95.57,          0,     0.00, 2.12655E-006,  -106.17,    1.56455,   155.57,    1.56455,    35.57,    1.56455,   -84.43,          0,     0.00, 2.12904E-006,    73.82
Line.L_TR_MT_ALIM55, 4.27194E-007,   -47.65, 1.34667E-006,   170.47, 8.538E-007,    50.95,          0,     0.00, 7.60165E-007,   131.37, 4.26163E-007,   132.48, 1.34674E-006,    -9.55, 8.54662E-007,  -128.92,          0,     0.00, 7.63578E-007,   -48.76
Line.L_BSB_MT_4610,    70.9982,   -24.63,    70.9982,  -144.63,    70.9982,    95.37,          0,     0.00, 1.57574E-005,  -121.87,    70.9982,   155.37,    70.9982,    35.37,    70.9982,   -84.63,          0,     0.00, 1.57568E-005,    58.12
Line.L_BSB_MT_4611,    72.9197,   -24.63,    72.9197,  -144.63,    72.9197,    95.37,          0,     0.00, 2.0648E-005,  -119.22,    72.9197,   155.37,    72.9197,    35.37,    72.9197,   -84.63,          0,     0.00, 2.06504E-005,    60.79
Line.L_BSB_MT_4612,    78.9633,   155.26,    78.9633,    35.26,    78.9633,   -84.74,          0,     0.00, 3.03451E-005,    60.72,    78.9633,   -24.74,    78.9633,  -144.74,    78.9633,    95.26,          0,     0.00, 3.03457E-005,  -119.28
Line.L_BSB_MT_4616,    4.03611,   155.57,    4.03611,    35.57,    4.03611,   -84.43,          0,     0.00, 2.03177E-006,    -4.28,    4.03611,   -24.43,    4.03611,  -144.43,    4.03611,    95.57,          0,     0.00, 2.03563E-006,   175.67
Line.L_BSB_MT_4838,   0.512549,   -24.43,   0.512548,  -144.43,   0.512549,    95.57,          0,     0.00, 7.63967E-007,   -45.69,   0.512549,   155.57,   0.512548,    35.57,   0.512549,   -84.43,          0,     0.00, 7.61415E-007,   133.91
Line.SW_FM1277_DP_9571, 1.19209E-006,   180.00, 8.67857E-007,   -15.95, 9.83025E-007,  -104.04,          0,     0.00, 1.3328E-006,  -116.57, 3.37175E-007,    45.00, 9.61096E-007,   150.26, 7.15256E-007,   180.00,          0,     0.00, 1.49369E-006,   151.39
Line.SW_FP0026, 8.5963E-007,    33.69, 1.70682E-006,   -24.78, 1.19209E-006,   180.00,          0,     0.00, 1.09906E-006,   -12.53, 5.3312E-007,  -116.57, 1.17408E-006,   156.04, 1.28392E-006,   -21.80,          0,     0.00, 4.91512E-007,  -104.04
Line.SW_FIC3622, 7.53946E-007,    71.57, 8.67857E-007,   -15.95, 7.15256E-007,   180.00,          0,     0.00, 5.96046E-007,    53.13, 5.3312E-007,   153.43, 4.29815E-007,   146.31, 7.15256E-007,     0.00,          0,     0.00, 4.91512E-007,   104.04
Line.SW_FK0206, 1.01852E-006,   110.56, 1.86592E-006,   -63.43,          0,     0.00,          0,     0.00, 8.5963E-007,   -56.31, 5.96046E-007,     0.00, 1.47454E-006,   104.04, 4.76837E-007,   -90.00,          0,     0.00, 9.83025E-007,    75.96
Line.SW_FW9172,    11.3232,   -25.58,    11.3231,  -145.58,    11.3231,    94.42,          0,     0.00, 1.43547E-006,   -41.63,    11.3232,   154.42,    11.3231,    34.42,    11.3231,   -85.58,          0,     0.00, 2.14908E-006,    93.18
Line.SW_FK0262, 5.3312E-007,   -63.43, 1.78814E-006,     0.00, 2.38419E-007,   180.00,          0,     0.00, 1.85063E-006,   -14.93, 8.5963E-007,   123.69, 4.29815E-007,   146.31, 6.7435E-007,  -135.00,          0,     0.00, 1.39531E-006,   160.02
Line.SW_FW0342,    39.2107,   154.90,    39.2107,    34.90,    39.2107,   -85.10,          0,     0.00, 3.94112E-006,   176.53,    39.2107,   -25.10,    39.2107,  -145.10,    39.2107,    94.90,          0,     0.00, 2.74181E-006,     0.00
Line.SW_FP7950, 4.29815E-007,    33.69, 1.50789E-006,   -71.57, 1.19209E-006,  -126.87,          0,     0.00, 2.14908E-006,   -86.82, 1.19209E-007,   180.00, 1.3487E-006,   135.00, 5.3312E-007,    63.43,          0,     0.00, 1.65611E-006,   120.26
Line.SW_FW0514,    19.9716,   -25.08,    19.9716,  -145.08,    19.9716,    94.92,          0,     0.00, 5.46936E-006,  -106.46,    19.9716,   154.92,    19.9716,    34.92,    19.9716,   -85.08,          0,     0.00, 3.57826E-006,    91.91
Line.SW_FW0289,    1.15317,   155.57,    1.15318,    35.57,    1.15318,   -84.43,          0,     0.00, 8.34465E-007,     0.00,    1.15318,   -24.43,    1.15318,  -144.43,    1.15317,    95.57,          0,     0.00, 1.01852E-006,  -110.56
Line.SW_FW0288, 9.83025E-007,    75.96, 1.56795E-006,     8.75, 8.5963E-007,  -146.31,          0,     0.00, 1.28945E-006,    33.69, 4.76837E-007,   180.00, 1.07288E-006,   180.00, 1.19209E-006,    53.13,          0,     0.00, 1.26721E-006,   131.19
Line.SW_FP7288_DP_8083,    20.9531,   154.32,    20.9531,    34.32,    20.9531,   -85.68,          0,     0.00, 4.49373E-006,  -158.20,    20.9531,   -25.68,    20.9531,  -145.68,    20.9531,    94.32,          0,     0.00, 4.23319E-006,     9.73
Line.SW_FW0285, 1.06624E-006,  -153.43, 1.3328E-006,    10.30, 4.76837E-007,   180.00,          0,     0.00, 2.6656E-007,  -116.57, 5.3312E-007,    63.43, 9.61096E-007,  -150.26, 9.53674E-007,   180.00,          0,     0.00, 1.54972E-006,   180.00
Line.SW_FW2722,    9.89654,   155.74,    9.89654,    35.74,    9.89654,   -84.26,          0,     0.00, 1.92589E-006,   158.20,    9.89654,   -24.26,    9.89655,  -144.26,    9.89654,    95.74,          0,     0.00, 4.29815E-007,   146.31
Line.SW_FW6553,    10.2845,   -24.58,    10.2845,  -144.58,    10.2845,    95.42,          0,     0.00, 6.4163E-006,  -125.17,    10.2845,   155.42,    10.2845,    35.42,    10.2845,   -84.58,          0,     0.00, 5.93298E-006,    67.56
Line.SW_FZ2779, 1.85063E-006,    14.93, 1.96605E-006,   -14.04, 1.52662E-006,   141.34,          0,     0.00, 2.6789E-006,    20.85, 2.5484E-006,   169.22, 7.53946E-007,   161.57, 8.5963E-007,    33.69,          0,     0.00, 2.77274E-006,   154.54
Line.SW_FZ4654, 8.67857E-007,   164.05, 7.9968E-007,   -63.43, 1.06624E-006,  -153.43,          0,     0.00, 1.71926E-006,  -146.31, 1.12462E-006,    57.99, 1.19209E-007,   180.00,          0,     0.00,          0,     0.00, 1.06624E-006,    63.43
Line.SW_FIC2643,   0.659284,   155.57,   0.659283,    35.57,   0.659283,   -84.43,          0,     0.00, 1.70682E-006,    77.91,   0.659283,   -24.43,   0.659283,  -144.43,   0.659283,    95.57,          0,     0.00, 1.95518E-006,  -142.43
Line.SW_FP3882, 6.41962E-007,   -21.80, 2.15897E-006,    -6.34, 9.83025E-007,  -104.04,          0,     0.00, 2.88329E-006,   -29.74, 4.91512E-007,    75.96,          0,     0.00, 8.5963E-007,  -146.31,          0,     0.00, 5.96046E-007,   180.00
Line.SW_FW0019, 7.15256E-007,     0.00, 8.34465E-007,     0.00, 8.5963E-007,   146.31,          0,     0.00, 9.61096E-007,    29.74, 4.76837E-007,    90.00, 1.17408E-006,  -156.04, 8.5963E-007,   -33.69,          0,     0.00, 5.96046E-007,  -126.87
Line.SW_FW9401,   0.961151,   155.57,   0.961151,    35.57,   0.961149,   -84.43,          0,     0.00, 2.18839E-006,    60.64,   0.961151,   -24.43,   0.961152,  -144.43,    0.96115,    95.57,          0,     0.00, 2.10903E-006,  -137.29
Line.SW_FF0995,    15.6989,   155.57,    15.6989,    35.57,    15.6989,   -84.43,          0,     0.00, 4.29319E-006,    91.59,    15.6989,   -24.43,    15.6989,  -144.43,    15.6989,    95.57,          0,     0.00, 3.9049E-006,  -102.34
Line.SW_FU0492,     9.9961,   155.57,     9.9961,    35.57,     9.9961,   -84.43,          0,     0.00, 4.91512E-007,    75.96,     9.9961,   -24.43,     9.9961,  -144.43,     9.9961,    95.57,          0,     0.00, 2.44597E-006,   -43.03
Line.SW_FW9565,    6.05256,   155.84,    6.05256,    35.84,    6.05256,   -84.16,          0,     0.00, 2.0819E-006,   166.76,    6.05256,   -24.16,    6.05256,  -144.16,    6.05256,    95.84,          0,     0.00, 1.95518E-006,    37.57
Line.SW_FU1827,    5.19021,   155.57,    5.19021,    35.57,    5.19021,   -84.43,          0,     0.00, 8.34465E-007,     0.00,    5.19021,   -24.43,    5.19021,  -144.43,    5.19021,    95.57,          0,     0.00, 1.3113E-006,   180.00
Line.SW_FW9846, 4.29815E-007,   146.31, 2.45756E-006,   -22.83, 9.83025E-007,    75.96,          0,     0.00, 2.15897E-006,     6.34, 9.61096E-007,    29.74, 2.0819E-006,   166.76, 5.3312E-007,  -116.57,          0,     0.00, 1.50789E-006,   161.57
Line.SW_FW1252,    19.9716,   -25.08,    19.9716,  -145.08,    19.9716,    94.92,          0,     0.00, 6.33606E-006,  -101.94,    19.9716,   154.92,    19.9716,    34.92,    19.9716,   -85.08,          0,     0.00, 5.72329E-006,    88.81
Line.SW_FT9912, 1.28945E-006,    33.69, 1.59936E-006,   -26.57, 1.19209E-006,   180.00,          0,     0.00, 1.3113E-006,     0.00, 5.96046E-007,   180.00, 1.2157E-006,   168.69, 1.28392E-006,    21.80,          0,     0.00, 9.31054E-007,   129.81
Line.SW_FX4588,    6.51954,   -26.44,    6.51954,  -146.44,    6.51954,    93.56,          0,     0.00, 1.67318E-006,   -85.91,    6.51954,   153.56,    6.51954,    33.56,    6.51954,   -86.44,          0,     0.00, 2.14908E-006,    93.18
Line.SW_FA0627,    1.63577,   -25.41,    1.63578,  -145.41,    1.63578,    94.59,          0,     0.00, 1.91107E-006,   -93.58,    1.63577,   154.59,    1.63578,    34.59,    1.63578,   -85.41,          0,     0.00, 1.47454E-006,    75.96
Line.SW_FT9958,    17.5844,   155.67,    17.5844,    35.67,    17.5844,   -84.33,          0,     0.00, 1.54972E-006,    67.38,    17.5844,   -24.33,    17.5844,  -144.33,    17.5844,    95.67,          0,     0.00, 2.721E-006,  -118.81
Line.SW_FT9962,    1.63577,   -25.41,    1.63578,  -145.41,    1.63577,    94.59,          0,     0.00, 1.77217E-006,  -109.65,    1.63577,   154.59,    1.63578,    34.59,    1.63577,   -85.41,          0,     0.00, 4.11056E-006,    16.86
Line.SW_FT9952, 1.50789E-006,   108.43, 2.75216E-006,    -4.97, 1.19209E-006,  -126.87,          0,     0.00, 1.56795E-006,     8.75, 9.83025E-007,   -75.96, 1.3328E-006,  -169.70, 5.3312E-007,    63.43,          0,     0.00, 1.09906E-006,  -139.40
Line.SW_FA0623,    9.40151,   -25.82,    9.40151,  -145.82,    9.40151,    94.18,          0,     0.00, 1.3328E-006,   -63.43,    9.40151,   154.18,    9.40151,    34.18,    9.40151,   -85.82,          0,     0.00, 4.29815E-007,    33.69
Line.SW_FA0625, 1.43547E-006,    85.24, 1.3487E-006,   -45.00, 1.06624E-006,   -63.43,          0,     0.00, 1.62142E-006,   -17.10, 1.24458E-006,   -73.30, 8.5963E-007,   146.31, 6.7435E-007,    45.00,          0,     0.00, 2.6656E-007,   -63.43
Line.SW_FW6685, 5.3312E-007,   -63.43, 1.3328E-006,    10.30, 5.3312E-007,   -63.43,          0,     0.00, 1.92589E-006,   -21.80, 1.39021E-006,   120.96, 6.41962E-007,   158.20, 1.19209E-006,   126.87,          0,     0.00, 3.1291E-006,   130.36
Line.SW_FT9953, 5.3312E-007,    63.43, 2.37523E-006,   -17.53, 1.3487E-006,  -135.00,          0,     0.00, 1.95518E-006,   -37.57, 5.3312E-007,   153.43, 8.67857E-007,   164.05, 2.38419E-007,     0.00,          0,     0.00, 1.17408E-006,   156.04
Line.SW_FU0493,    5.70282,   155.57,    5.70282,    35.57,    5.70282,   -84.43,          0,     0.00, 2.28994E-006,    38.66,    5.70281,   -24.43,    5.70282,  -144.43,    5.70282,    95.57,          0,     0.00, 3.30577E-006,  -154.36
Line.SW_FT9955, 2.38419E-007,   180.00, 1.26721E-006,   -48.81, 1.06624E-006,   153.43,          0,     0.00, 5.96046E-007,  -126.87, 1.3487E-006,    45.00, 2.45756E-006,   157.17, 4.76837E-007,   180.00,          0,     0.00, 2.61446E-006,   133.15
Line.SW_FT9964,    4.51862,   -24.78,    4.51862,  -144.78,    4.51862,    95.22,          0,     0.00, 5.48492E-006,   -91.25,    4.51862,   155.22,    4.51862,    35.22,    4.51862,   -84.78,          0,     0.00, 5.48492E-006,    91.25
Line.SW_FA0622, 1.28392E-006,    21.80, 2.14908E-006,   -19.44, 4.76837E-007,   180.00,          0,     0.00, 2.75216E-006,    -4.97, 5.3312E-007,  -153.43, 8.67857E-007,  -164.05, 6.7435E-007,    45.00,          0,     0.00, 8.34465E-007,   180.00
Line.SW_FA9278,    14.1285,   155.46,    14.1285,    35.46,    14.1285,   -84.54,          0,     0.00, 5.17566E-006,    61.07,    14.1285,   -24.54,    14.1285,  -144.54,    14.1285,    95.46,          0,     0.00, 5.35381E-006,  -101.56
Line.SW_FA0629,    77.0415,   -24.75,    77.0415,  -144.75,    77.0415,    95.25,          0,     0.00, 2.98388E-005,  -119.43,    77.0415,   155.25,    77.0415,    35.25,    77.0415,   -84.75,          0,     0.00, 2.91712E-005,    61.97
Line.SW_FW1130, 1.12462E-006,  -122.01, 2.14577E-006,     0.00, 8.5963E-007,  -146.31,          0,     0.00, 1.65611E-006,   -59.74, 9.61096E-007,    97.13, 2.38419E-007,     0.00, 9.83025E-007,    75.96,          0,     0.00, 1.94059E-006,    79.38
Line.SW_NW11_SNW, 8.5963E-007,  -123.69, 1.56795E-006,   171.25, 9.83025E-007,    75.96,          0,     0.00, 1.85063E-006,   165.07, 1.06624E-006,    63.43, 1.85063E-006,   -14.93, 9.53674E-007,   180.00,          0,     0.00, 1.39531E-006,    19.98
Line.SW_FA0624, 9.83025E-007,   104.04, 2.0819E-006,   -13.24, 1.43051E-006,   -90.00,          0,     0.00, 2.02656E-006,   -28.07, 1.19209E-006,   -53.13, 6.41962E-007,   158.20, 1.06624E-006,   116.57,          0,     0.00, 4.29815E-007,   146.31
Line.SW_FT9969, 4.91512E-007,  -104.04, 9.31054E-007,    50.19, 1.06624E-006,  -116.57,          0,     0.00, 7.15256E-007,   -90.00, 7.25122E-007,    80.54, 7.9968E-007,  -116.57, 5.3312E-007,   116.57,          0,     0.00, 6.7435E-007,   135.00
Line.SW_FIC2693,    0.38446,   155.57,    0.38446,    35.57,   0.384459,   -84.43,          0,     0.00, 2.0819E-006,   166.76,   0.384459,   -24.43,    0.38446,  -144.43,   0.384459,    95.57,          0,     0.00, 5.96046E-007,   -53.13
Line.SW_FP7804,    72.9197,   155.37,    72.9197,    35.37,    72.9197,   -84.63,          0,     0.00, 2.00998E-005,    62.83,    72.9197,   -24.63,    72.9197,  -144.63,    72.9197,    95.37,          0,     0.00, 2.1178E-005,  -118.58
Line.SW_FT9913, 1.12462E-006,   122.01, 2.79062E-006,   -19.98, 1.06624E-006,  -153.43,          0,     0.00, 1.17408E-006,   -23.96, 4.91512E-007,   -75.96, 2.19811E-006,   167.47, 4.76837E-007,     0.00,          0,     0.00, 1.54972E-006,   180.00
Line.SW_FA0631,    45.8238,   155.25,    45.8238,    35.25,    45.8237,   -84.75,          0,     0.00, 1.70186E-005,    65.59,    45.8238,   -24.75,    45.8238,  -144.75,    45.8237,    95.25,          0,     0.00, 1.69013E-005,  -117.29
Line.SW_FA7439,   0.659284,   155.57,   0.659283,    35.57,   0.659283,   -84.43,          0,     0.00, 1.70682E-006,    77.91,   0.659283,   -24.43,   0.659283,  -144.43,   0.659283,    95.57,          0,     0.00, 1.95518E-006,  -142.43
Line.SW_FA0538, 1.56795E-006,     8.75, 1.66893E-006,     0.00, 1.86211E-006,  -129.81,          0,     0.00, 2.35117E-006,   -30.47, 1.80396E-006,   172.41, 1.43051E-006,   180.00, 1.28392E-006,    21.80,          0,     0.00, 2.14908E-006,   160.56
Line.SW_FA9481, 2.38419E-007,    90.00, 1.77217E-006,   -42.27, 1.19209E-006,   126.87,          0,     0.00, 5.96046E-007,     0.00, 5.3312E-007,    26.57, 1.98404E-006,   122.74, 9.83025E-007,   -75.96,          0,     0.00, 1.01852E-006,   110.56
Line.SW_FW0023,    70.9982,   155.37,    70.9982,    35.37,    70.9982,   -84.63,          0,     0.00, 1.4373E-005,    59.61,    70.9982,   -24.63,    70.9982,  -144.63,    70.9982,    95.37,          0,     0.00, 1.3921E-005,  -114.81
Line.SW_FW0293,    4.03611,   155.57,    4.03612,    35.57,    4.03611,   -84.43,          0,     0.00, 2.98975E-006,     4.57,    4.03611,   -24.43,    4.03611,  -144.43,    4.03611,    95.57,          0,     0.00, 2.44597E-006,   136.97
Line.SW_FA8693,    20.2479,   -24.43,    20.2479,  -144.43,    20.2479,    95.57,          0,     0.00, 1.99721E-005,  -124.54,    20.2479,   155.57,    20.2479,    35.57,    20.2479,   -84.43,          0,     0.00, 2.01054E-005,    57.35
Line.SW_FA0128, 4.91512E-007,   104.04, 1.45513E-006,   -55.01, 1.3487E-006,  -135.00,          0,     0.00, 1.68587E-006,   -98.13, 5.96046E-007,   -53.13, 1.09906E-006,   139.40, 9.83025E-007,   -75.96,          0,     0.00, 7.53946E-007,  -108.43
Line.SW_FA7481,    16.8522,   155.57,    16.8522,    35.57,    16.8522,   -84.43,          0,     0.00, 1.05801E-005,    56.49,    16.8522,   -24.43,    16.8522,  -144.43,    16.8522,    95.57,          0,     0.00, 1.09809E-005,  -122.14
Line.SW_FX2521, 8.5963E-007,  -123.69, 7.25122E-007,   -80.54, 2.38419E-007,   180.00,          0,     0.00, 1.54972E-006,  -112.62, 1.19209E-006,    53.13, 1.07288E-006,   180.00,          0,     0.00,          0,     0.00, 1.01852E-006,   110.56
Line.SW_FZ0762, 1.43547E-006,    85.24, 1.39021E-006,   -30.96, 8.5963E-007,   146.31,          0,     0.00, 1.3328E-006,    63.43, 1.47454E-006,   -75.96, 1.92219E-006,   150.26, 5.3312E-007,   116.57,          0,     0.00, 1.54972E-006,   180.00
Line.SW_FT9968, 1.78814E-006,   180.00, 1.01152E-006,   -45.00, 9.83025E-007,   104.04,          0,     0.00, 1.3328E-006,   169.70, 1.17408E-006,    23.96, 1.96605E-006,   165.96, 1.28392E-006,  -158.20,          0,     0.00, 2.0819E-006,   166.76
Line.SW_FW8882,    66.0021,   155.35,    66.0021,    35.35,    66.0021,   -84.65,          0,     0.00, 1.50114E-005,    55.68,    66.0021,   -24.65,    66.0021,  -144.65,    66.0021,    95.35,          0,     0.00, 1.61567E-005,  -117.70
Line.SW_FW6978,     84.728,   -24.72,     84.728,  -144.72,     84.728,    95.28,          0,     0.00, 3.25063E-005,  -120.89,     84.728,   155.28,     84.728,    35.28,     84.728,   -84.72,          0,     0.00, 3.2302E-005,    58.89
Line.SW_FA0539,   0.961151,   155.57,    0.96115,    35.57,   0.961151,   -84.43,          0,     0.00, 1.43547E-006,    41.63,   0.961151,   -24.43,   0.961149,  -144.43,   0.961151,    95.57,          0,     0.00, 5.96046E-007,   -53.13
Line.SW_FU1825,    56.3939,   155.31,    56.3939,    35.31,    56.3939,   -84.69,          0,     0.00, 1.66637E-005,    56.08,    56.3939,   -24.69,    56.3939,  -144.69,    56.3939,    95.31,          0,     0.00, 1.75234E-005,  -123.91
Line.SW_FP3480,    17.5844,   155.67,    17.5844,    35.67,    17.5844,   -84.33,          0,     0.00, 6.38966E-006,    36.66,    17.5844,   -24.33,    17.5844,  -144.33,    17.5844,    95.67,          0,     0.00, 4.63692E-006,  -133.96
Line.SW_FA0630,    70.9982,   155.37,    70.9982,    35.37,    70.9982,   -84.63,          0,     0.00, 1.78113E-005,    62.06,    70.9982,   -24.63,    70.9982,  -144.63,    70.9982,    95.37,          0,     0.00, 1.66347E-005,  -117.30
Line.SW_RE1072_RL,     5.6174,   -24.43,     5.6174,  -144.43,     5.6174,    95.57,          0,     0.00, 3.20981E-006,  -158.20,     5.6174,   155.57,     5.6174,    35.57,     5.6174,   -84.43,          0,     0.00, 1.86592E-006,    63.43
Line.SW_RE1185_RL,    16.0834,   155.57,    16.0834,    35.57,    16.0834,   -84.43,          0,     0.00, 3.62561E-006,    99.46,    16.0834,   -24.43,    16.0834,  -144.43,    16.0834,    95.57,          0,     0.00, 4.56277E-006,  -123.27
Line.SW_FA1072BF,     5.6174,   -24.43,     5.6174,  -144.43,     5.6174,    95.57,          0,     0.00, 3.20981E-006,  -158.20,     5.6174,   155.57,     5.6174,    35.57,     5.6174,   -84.43,          0,     0.00, 1.86592E-006,    63.43
Line.SW_FA1072B,     5.6174,   -24.43,     5.6174,  -144.43,     5.6174,    95.57,          0,     0.00, 3.20981E-006,  -158.20,     5.6174,   155.57,     5.6174,    35.57,     5.6174,   -84.43,          0,     0.00, 1.86592E-006,    63.43
Transformer.T_FP8852,    5.76412,   -24.42,    5.76412,  -144.42,    5.76412,    95.58, 2.81188E-009,  -131.16, 2.84217E-014,     0.00,    209.328,   155.58,    209.328,    35.58,    209.328,   -84.42, 1.02115E-007,    48.84, 9.09495E-013,   -90.00
Transformer.T_FT9916,     1.9223,   -24.43,     1.9223,  -144.43,     1.9223,    95.57, 1.05532E-009,  -118.60, 7.94411E-015,   -63.43,    69.8097,   155.57,    69.8097,    35.57,    69.8097,   -84.43, 3.83251E-008,    61.40, 3.59509E-013,   108.43
Transformer.T_FT9962,      2.883,   -24.43,      2.883,  -144.43,      2.883,    95.57, 1.50232E-009,  -126.85, 7.94411E-015,  -116.57,    104.698,   155.57,    104.698,    35.57,    104.698,   -84.43, 5.45576E-008,    53.15, 9.37486E-013,  -165.96
Transformer.T_FT9966,     1.9218,   -24.42,     1.9218,  -144.42,     1.9218,    95.58, 9.83739E-010,  -127.83, 1.00486E-014,    45.00,    69.7915,   155.58,    69.7915,    35.58,    69.7915,   -84.42, 3.57257E-008,    52.17, 5.79691E-013,  -101.31
Transformer.T_FT9970,    1.92167,   -24.42,    1.92167,  -144.42,    1.92167,    95.58, 9.59709E-010,  -129.14, 1.50729E-014,  -135.00,    69.7868,   155.58,    69.7868,    35.58,    69.7868,   -84.42, 3.48521E-008,    50.86, 4.54747E-013,    90.00
Transformer.T_FT9964,    2.88299,   -24.43,    2.88299,  -144.43,    2.88299,    95.57, 1.49749E-009,  -126.95, 3.97205E-014,   -10.30,    104.698,   155.57,    104.698,    35.57,    104.698,   -84.43, 5.43836E-008,    53.05, 6.9153E-013,     9.46
Transformer.T_FT6333,   0.768842,   -24.43,   0.768842,  -144.43,   0.768842,    95.57, 4.13856E-010,  -124.35, 1.25607E-015,  -135.00,    27.9211,   155.57,    27.9211,    35.57,    27.9211,   -84.43, 1.50294E-008,    55.65, 1.13687E-013,    90.00
Transformer.T_FT9967,    5.76481,   -24.42,    5.76481,  -144.42,    5.76481,    95.58, 2.88339E-009,  -129.36, 5.1238E-014,    33.69,    209.354,   155.58,    209.354,    35.58,    209.354,   -84.42, 1.04714E-007,    50.64, 1.01685E-012,   -63.43
Transformer.T_FT9961,    1.92201,   -24.43,    1.92201,  -144.43,    1.92201,    95.57, 1.00236E-009,  -126.61, 1.28095E-014,   146.31,    69.7991,   155.57,    69.7991,    35.57,    69.7991,   -84.43, 3.64011E-008,    53.40,          0,     0.00
Transformer.T_FP7529,    5.76488,   -24.42,    5.76488,  -144.42,    5.76488,    95.58, 2.86917E-009,  -129.42, 4.76647E-014,    63.43,    209.356,   155.58,    209.356,    35.58,    209.356,   -84.42, 1.04197E-007,    50.58, 7.19019E-013,    71.57
Transformer.T_FT9968,    1.92148,   -24.42,    1.92148,  -144.42,    1.92148,    95.58, 9.47359E-010,  -130.39, 1.00486E-014,   -45.00,    69.7799,   155.58,    69.7799,    35.58,    69.7799,   -84.42, 3.44043E-008,    49.61, 3.21555E-013,    45.00
Transformer.T_FT9951,    1.92208,   -24.43,    1.92208,  -144.43,    1.92208,    95.57, 1.01733E-009,  -126.37, 3.55271E-015,   180.00,    69.8017,   155.57,    69.8017,    35.57,    69.8017,   -84.43, 3.69448E-008,    53.63, 5.08423E-013,   -63.43
Transformer.T_FT9952,    1.92214,   -24.43,    1.92214,  -144.43,    1.92214,    95.57, 1.02212E-009,  -126.55,          0,     0.00,    69.8039,   155.57,    69.8039,    35.57,    69.8039,   -84.43, 3.71193E-008,    53.45, 1.13687E-013,   -90.00
Transformer.T_FT9955,    1.92211,   -24.43,    1.92211,  -144.43,    1.92211,    95.57, 1.01268E-009,  -126.71, 7.10543E-015,    90.00,     69.803,   155.57,     69.803,    35.57,     69.803,   -84.43, 3.67772E-008,    53.29, 2.54211E-013,    63.43
Transformer.T_FT0078,   0.384439,   -24.43,   0.384439,  -144.43,   0.384439,    95.57, 2.072E-010,  -122.30, 4.18953E-015,   122.01,    13.9612,   155.57,    13.9612,    35.57,    13.9612,   -84.43, 7.52454E-009,    57.70, 1.39961E-013,   -66.04
Transformer.T_FT9969,     3.8432,   -24.42,     3.8432,  -144.42,     3.8432,    95.58, 1.91045E-009,  -129.58, 1.42109E-014,   -90.00,    139.569,   155.58,    139.569,    35.58,    139.569,   -84.42, 6.93784E-008,    50.42, 7.19019E-013,   -71.57
Transformer.T_FT9959,    5.76596,   -24.43,    5.76596,  -144.43,    5.76596,    95.57, 3.00771E-009,  -126.55, 2.92964E-014,   165.96,    209.395,   155.57,    209.395,    35.57,    209.395,   -84.43, 1.09228E-007,    53.45, 2.27374E-013,     0.00
Transformer.T_FT9971,    1.92179,   -24.42,    1.92179,  -144.42,    1.92179,    95.58, 9.69779E-010,  -128.31, 1.06581E-014,    90.00,    69.7912,   155.58,    69.7912,    35.58,    69.7912,   -84.42, 3.52185E-008,    51.69, 2.27374E-013,   -90.00
Transformer.T_FT9914,    1.92234,   -24.43,    1.92234,  -144.43,    1.92234,    95.57, 1.05486E-009,  -121.67, 7.10543E-015,     0.00,    69.8114,   155.57,    69.8114,    35.57,    69.8114,   -84.43, 3.83082E-008,    58.33, 3.59509E-013,    71.57
Transformer.T_FT9958,    1.92195,   -24.43,    1.92195,  -144.43,    1.92195,    95.57, 1.00254E-009,  -126.59, 7.94411E-015,    26.57,    69.7972,   155.57,    69.7972,    35.57,    69.7972,   -84.43, 3.64079E-008,    53.42, 6.4311E-013,   135.00
Transformer.T_FP8048,    2.88312,   -24.43,    2.88312,  -144.43,    2.88312,    95.57, 1.55816E-009,  -125.78, 1.91319E-014,    68.20,    104.703,   155.57,    104.703,    35.57,    104.703,   -84.43, 5.65857E-008,    54.23, 6.62902E-013,   120.96
Transformer.T_FT9913,    1.92234,   -24.43,    1.92234,  -144.43,    1.92234,    95.57, 1.05487E-009,  -121.67, 5.0243E-015,    45.00,    69.8113,   155.57,    69.8113,    35.57,    69.8113,   -84.43, 3.83084E-008,    58.33, 1.60777E-013,   135.00
Transformer.T_FP3368,     1.9223,   -24.43,     1.9223,  -144.43,     1.9223,    95.57, 1.05921E-009,  -118.36, 1.00486E-014,  -135.00,    69.8099,   155.57,    69.8099,    35.57,    69.8099,   -84.43, 3.84656E-008,    61.64, 1.60777E-013,   135.00
Transformer.T_FP3369,   0.384461,   -24.43,   0.384461,  -144.43,   0.384461,    95.57, 2.12759E-010,  -118.15, 2.39149E-015,  -158.20,     13.962,   155.57,     13.962,    35.57,     13.962,   -84.43, 7.72655E-009,    61.85, 9.09939E-014,   128.66
Transformer.T_FT9915,   0.512608,   -24.43,   0.512608,  -144.43,   0.512608,    95.57, 2.79473E-010,  -119.24, 1.77636E-015,   180.00,    18.6158,   155.57,    18.6158,    35.57,    18.6158,   -84.43, 1.01492E-008,    60.76, 6.35529E-014,   -63.43
Transformer.T_FZ2779,     2.8832,   -24.43,     2.8832,  -144.43,     2.8832,    95.57, 1.53167E-009,  -126.47, 1.50729E-014,   135.00,    104.705,   155.57,    104.705,    35.57,    104.705,   -84.43, 5.5623E-008,    53.53, 8.27653E-013,  -164.05
Transformer.T_FZ1420,   0.961152,   -24.43,   0.961152,  -144.43,   0.961152,    95.57, 5.2841E-010,  -118.12, 5.61733E-015,   -71.57,     34.905,   155.57,     34.905,    35.57,     34.905,   -84.43, 1.91891E-008,    61.88, 1.27106E-013,  -153.43
Transformer.T_FP8190,    5.76602,   -24.43,    5.76602,  -144.43,    5.76602,    95.57, 3.00699E-009,  -126.54, 1.00486E-014,  -135.00,    209.398,   155.57,    209.398,    35.57,    209.398,   -84.43, 1.09202E-007,    53.46, 1.83315E-012,   172.87
Transformer.T_FP5667,    3.84401,   -24.43,    3.84401,  -144.43,    3.84401,    95.57, 2.0049E-009,  -126.50, 1.00486E-014,    45.00,    139.598,   155.57,    139.598,    35.57,    139.598,   -84.43, 7.28092E-008,    53.50, 3.21555E-013,  -135.00
Transformer.T_FX4456,   0.512549,   -24.43,   0.512549,  -144.43,   0.512549,    95.57, 2.77359E-010,  -125.48, 1.98603E-015,  -153.43,    18.6136,   155.57,    18.6136,    35.57,    18.6136,   -84.43, 1.00723E-008,    54.52, 1.02476E-013,    56.31
Transformer.T_FP8653,     7.6885,   -24.43,     7.6885,  -144.43,     7.6885,    95.57, 4.08237E-009,  -126.46, 1.42109E-014,   180.00,    279.214,   155.57,    279.214,    35.57,    279.214,   -84.43, 1.4826E-007,    53.54, 2.76612E-012,    99.46
Transformer.T_FT9953,    1.92213,   -24.43,    1.92213,  -144.43,    1.92213,    95.57, 1.02093E-009,  -126.65, 1.06581E-014,     0.00,    69.8038,   155.57,    69.8038,    35.57,    69.8038,   -84.43, 3.70762E-008,    53.35, 4.68743E-013,   104.04
Transformer.T_FT9912,    1.92234,   -24.43,    1.92234,  -144.43,    1.92234,    95.57, 1.05342E-009,  -121.62, 7.10543E-015,     0.00,    69.8111,   155.57,    69.8111,    35.57,    69.8111,   -84.43, 3.82557E-008,    58.38, 1.13687E-013,    90.00
Transformer.T_FZ0762,    2.88312,   -24.43,    2.88312,  -144.43,    2.88312,    95.57, 1.50667E-009,  -126.79, 7.10543E-015,   -90.00,    104.703,   155.57,    104.703,    35.57,    104.703,   -84.43, 5.47163E-008,    53.21, 1.04814E-012,    40.60
Transformer.T_FT9957,    1.92203,   -24.43,    1.92203,  -144.43,    1.92203,    95.57, 9.96513E-010,  -126.96, 1.77636E-014,     0.00,    69.7998,   155.57,    69.7998,    35.57,    69.7998,   -84.43, 3.61891E-008,    53.04, 3.41061E-013,   -90.00
Transformer.T_FT9972,    2.88284,   -24.43,    2.88284,  -144.43,    2.88284,    95.57, 1.47207E-009,  -127.50, 1.12347E-014,   108.43,    104.693,   155.57,    104.693,    35.57,    104.693,   -84.43, 5.34595E-008,    52.50, 6.82121E-013,     0.00
Transformer.T_FT9911,    1.92232,   -24.43,    1.92232,  -144.43,    1.92232,    95.57, 1.04484E-009,  -121.35, 3.55271E-015,   180.00,    69.8105,   155.57,    69.8105,    35.57,    69.8105,   -84.43, 3.79443E-008,    58.65, 2.27374E-013,     0.00
Transformer.T_FP7718,    5.76631,   -24.43,    5.76631,  -144.43,    5.76631,    95.57, 3.02248E-009,  -126.72, 4.32206E-014,   -80.54,    209.408,   155.57,    209.408,    35.57,    209.408,   -84.43, 1.09763E-007,    53.28, 8.19807E-013,   -33.69
Transformer.T_FT9965,    2.88297,   -24.43,    2.88297,  -144.43,    2.88297,    95.57, 1.48841E-009,  -127.00, 1.91319E-014,   -21.80,    104.697,   155.57,    104.697,    35.57,    104.697,   -84.43, 5.40528E-008,    53.00, 4.68743E-013,    14.04
Transformer.T_FP0028,    1.15295,   -24.42,    1.15295,  -144.42,    1.15295,    95.58, 5.72231E-010,  -129.71, 5.61733E-015,  -161.57,    41.8701,   155.58,    41.8701,    35.58,    41.8701,   -84.42, 2.07809E-008,    50.29, 1.60777E-013,    45.00
Transformer.T_FP8063,    7.68739,   -24.43,    7.68739,  -144.43,    7.68739,    95.57, 3.89937E-009,  -127.90, 4.26326E-014,     0.00,    279.174,   155.58,    279.174,    35.58,    279.174,   -84.42, 1.4161E-007,    52.10, 1.01685E-012,    63.43
Transformer.T_FP7950,    3.84428,   -24.43,    3.84428,  -144.43,    3.84428,    95.57, 2.04355E-009,  -126.63, 2.92964E-014,  -104.04,    139.608,   155.57,    139.608,    35.57,    139.608,   -84.43, 7.42113E-008,    53.37, 2.27374E-013,    90.00
Transformer.T_FP4125,    3.84395,   -24.43,    3.84395,  -144.43,    3.84395,    95.57, 1.98253E-009,  -127.02, 1.58882E-014,    26.57,    139.596,   155.57,    139.596,    35.57,    139.596,   -84.43, 7.19967E-008,    52.98, 8.19807E-013,   -56.31
Transformer.T_FP3450,    5.76621,   -24.43,    5.76621,  -144.43,    5.76621,    95.57, 3.04955E-009,  -126.35, 2.5619E-014,   123.69,    209.404,   155.57,    209.404,    35.57,    209.404,   -84.43, 1.10748E-007,    53.65, 1.38306E-012,    -9.46
Transformer.T_FP7288,     19.787,   -26.41,     19.787,  -146.41,     19.787,    93.59, 1.3344E-008,   -90.94, 7.94411E-014,   -10.30,    718.579,   153.59,    718.579,    33.59,    718.579,   -86.41, 4.84598E-007,    89.06, 4.54747E-013,    90.00
Transformer.T_FP3387,    1.15318,   -24.43,    1.15318,  -144.43,    1.15318,    95.57, 5.90358E-010,  -126.75, 3.97205E-015,   153.43,    41.8784,   155.57,    41.8784,    35.57,    41.8784,   -84.43, 2.1439E-008,    53.25, 1.60777E-013,   135.00
Transformer.T_FF2999,     2.8832,   -24.43,     2.8832,  -144.43,     2.8832,    95.57, 1.53006E-009,  -126.65, 1.28095E-014,   146.31,    104.706,   155.57,    104.706,    35.57,    104.706,   -84.43, 5.55649E-008,    53.35, 2.54211E-013,   -63.43
Transformer.T_FP3388,    2.88294,   -24.43,    2.88294,  -144.43,    2.88294,    95.57, 1.47834E-009,  -126.72, 1.50729E-014,    45.00,    104.696,   155.57,    104.696,    35.57,    104.696,   -84.43, 5.36871E-008,    53.28, 5.79691E-013,   -11.31
Transformer.T_FP4470,    5.76619,   -24.43,    5.76619,  -144.43,    5.76619,    95.57, 2.99914E-009,  -126.85, 4.49387E-014,    71.57,    209.404,   155.57,    209.404,    35.57,    209.404,   -84.43, 1.08916E-007,    53.15, 1.52527E-012,  -116.57
Transformer.T_FT0077,    0.38446,   -24.43,    0.38446,  -144.43,    0.38446,    95.57, 2.07689E-010,  -121.17, 6.28037E-016,   135.00,     13.962,   155.57,     13.962,    35.57,     13.962,   -84.43, 7.54249E-009,    58.84, 7.10543E-014,   143.13
Transformer.T_FT9910,     1.9223,   -24.43,     1.9223,  -144.43,     1.9223,    95.57, 1.03825E-009,  -121.14, 3.55271E-015,    90.00,    69.8098,   155.57,    69.8098,    35.57,    69.8098,   -84.43, 3.77057E-008,    58.86,          0,     0.00
Load.L_FP8852,    209.329,   -24.42,    209.329,  -144.42,    209.329,    95.58, 1.0212E-007,  -131.16,          0,     0.00,          0,     0.00,          0,     0.00,          0,     0.00,          0,     0.00,          0,     0.00
Load.L_FT9916,    69.8098,   -24.43,    69.8098,  -144.43,    69.8098,    95.57, 3.8325E-008,  -118.60,          0,     0.00,          0,     0.00,          0,     0.00,          0,     0.00,          0,     0.00,          0,     0.00
Load.L_FT9962,    104.699,   -24.43,    104.699,  -144.43,    104.699,    95.57, 5.45585E-008,  -126.85,          0,     0.00,          0,     0.00,          0,     0.00,          0,     0.00,          0,     0.00,          0,     0.00
Load.L_FT9966,    69.7916,   -24.42,    69.7916,  -144.42,    69.7916,    95.58, 3.57264E-008,  -127.83,          0,     0.00,          0,     0.00,          0,     0.00,          0,     0.00,          0,     0.00,          0,     0.00
Load.L_FT9970,    69.7868,   -24.42,    69.7868,  -144.42,    69.7868,    95.58, 3.48534E-008,  -129.14,          0,     0.00,          0,     0.00,          0,     0.00,          0,     0.00,          0,     0.00,          0,     0.00
Load.L_FT9964,    104.698,   -24.43,    104.698,  -144.43,    104.698,    95.57, 5.43848E-008,  -126.95,          0,     0.00,          0,     0.00,          0,     0.00,          0,     0.00,          0,     0.00,          0,     0.00
Load.L_FT6333,    27.9211,   -24.43,    27.9211,  -144.43,    27.9211,    95.57, 1.50297E-008,  -124.35,          0,     0.00,          0,     0.00,          0,     0.00,          0,     0.00,          0,     0.00,          0,     0.00
Load.L_FT9967,    209.354,   -24.42,    209.354,  -144.42,    209.354,    95.58, 1.04715E-007,  -129.36,          0,     0.00,          0,     0.00,          0,     0.00,          0,     0.00,          0,     0.00,          0,     0.00
Load.L_FT9961,    69.7992,   -24.43,    69.7992,  -144.43,    69.7992,    95.57, 3.6402E-008,  -126.61,          0,     0.00,          0,     0.00,          0,     0.00,          0,     0.00,          0,     0.00,          0,     0.00
Load.L_FP7529,    209.356,   -24.42,    209.356,  -144.42,    209.356,    95.58, 1.042E-007,  -129.42,          0,     0.00,          0,     0.00,          0,     0.00,          0,     0.00,          0,     0.00,          0,     0.00
Load.L_FT9968,      69.78,   -24.42,      69.78,  -144.42,      69.78,    95.58, 3.44047E-008,  -130.39,          0,     0.00,          0,     0.00,          0,     0.00,          0,     0.00,          0,     0.00,          0,     0.00
Load.L_FT9951,    69.8018,   -24.43,    69.8018,  -144.43,    69.8018,    95.57, 3.69462E-008,  -126.37,          0,     0.00,          0,     0.00,          0,     0.00,          0,     0.00,          0,     0.00,          0,     0.00
Load.L_FT9952,     69.804,   -24.43,     69.804,  -144.43,     69.804,    95.57, 3.71201E-008,  -126.55,          0,     0.00,          0,     0.00,          0,     0.00,          0,     0.00,          0,     0.00,          0,     0.00
Load.L_FT9955,    69.8031,   -24.43,    69.8031,  -144.43,    69.8031,    95.57, 3.67772E-008,  -126.71,          0,     0.00,          0,     0.00,          0,     0.00,          0,     0.00,          0,     0.00,          0,     0.00
Load.L_FT0078,    13.9612,   -24.43,    13.9612,  -144.43,    13.9612,    95.57, 7.52476E-009,  -122.30,          0,     0.00,          0,     0.00,          0,     0.00,          0,     0.00,          0,     0.00,          0,     0.00
Load.L_FT9969,    139.569,   -24.42,    139.569,  -144.42,    139.569,    95.58, 6.93802E-008,  -129.58,          0,     0.00,          0,     0.00,          0,     0.00,          0,     0.00,          0,     0.00,          0,     0.00
Load.L_FT9959,    209.396,   -24.43,    209.396,  -144.43,    209.396,    95.57, 1.09231E-007,  -126.55,          0,     0.00,          0,     0.00,          0,     0.00,          0,     0.00,          0,     0.00,          0,     0.00
Load.L_FT9971,    69.7913,   -24.42,    69.7913,  -144.42,    69.7913,    95.58, 3.52191E-008,  -128.31,          0,     0.00,          0,     0.00,          0,     0.00,          0,     0.00,          0,     0.00,          0,     0.00
Load.L_FT9914,    69.8115,   -24.43,    69.8115,  -144.43,    69.8115,    95.57, 3.83088E-008,  -121.67,          0,     0.00,          0,     0.00,          0,     0.00,          0,     0.00,          0,     0.00,          0,     0.00
Load.L_FT9958,    69.7973,   -24.43,    69.7973,  -144.43,    69.7973,    95.57, 3.64091E-008,  -126.59,          0,     0.00,          0,     0.00,          0,     0.00,          0,     0.00,          0,     0.00,          0,     0.00
Load.L_FP8048,    104.703,   -24.43,    104.703,  -144.43,    104.703,    95.57, 5.65862E-008,  -125.78,          0,     0.00,          0,     0.00,          0,     0.00,          0,     0.00,          0,     0.00,          0,     0.00
Load.L_FT9913,    69.8114,   -24.43,    69.8114,  -144.43,    69.8114,    95.57, 3.83089E-008,  -121.67,          0,     0.00,          0,     0.00,          0,     0.00,          0,     0.00,          0,     0.00,          0,     0.00
Load.L_FP3368,      69.81,   -24.43,      69.81,  -144.43,      69.81,    95.57, 3.84658E-008,  -118.36,          0,     0.00,          0,     0.00,          0,     0.00,          0,     0.00,          0,     0.00,          0,     0.00
Load.L_FP3369,     13.962,   -24.43,     13.962,  -144.43,     13.962,    95.57, 7.72659E-009,  -118.16,          0,     0.00,          0,     0.00,          0,     0.00,          0,     0.00,          0,     0.00,          0,     0.00
Load.L_FT9915,    18.6158,   -24.43,    18.6158,  -144.43,    18.6158,    95.57, 1.01494E-008,  -119.24,          0,     0.00,          0,     0.00,          0,     0.00,          0,     0.00,          0,     0.00,          0,     0.00
Load.L_FZ2779,    104.706,   -24.43,    104.706,  -144.43,    104.706,    95.57, 5.56249E-008,  -126.47,          0,     0.00,          0,     0.00,          0,     0.00,          0,     0.00,          0,     0.00,          0,     0.00
Load.L_FZ1420,     34.905,   -24.43,     34.905,  -144.43,     34.905,    95.57, 1.91896E-008,  -118.12,          0,     0.00,          0,     0.00,          0,     0.00,          0,     0.00,          0,     0.00,          0,     0.00
Load.L_FP8190,    209.398,   -24.43,    209.398,  -144.43,    209.398,    95.57, 1.09204E-007,  -126.54,          0,     0.00,          0,     0.00,          0,     0.00,          0,     0.00,          0,     0.00,          0,     0.00
Load.L_FP5667,    139.598,   -24.43,    139.598,  -144.43,    139.598,    95.57, 7.28117E-008,  -126.50,          0,     0.00,          0,     0.00,          0,     0.00,          0,     0.00,          0,     0.00,          0,     0.00
Load.L_FX4456,    18.6136,   -24.43,    18.6136,  -144.43,    18.6136,    95.57, 1.00726E-008,  -125.48,          0,     0.00,          0,     0.00,          0,     0.00,          0,     0.00,          0,     0.00,          0,     0.00
Load.L_FP8653,    279.214,   -24.43,    279.214,  -144.43,    279.214,    95.57, 1.48261E-007,  -126.46,          0,     0.00,          0,     0.00,          0,     0.00,          0,     0.00,          0,     0.00,          0,     0.00
Load.L_FT9953,    69.8039,   -24.43,    69.8039,  -144.43,    69.8039,    95.57, 3.70768E-008,  -126.65,          0,     0.00,          0,     0.00,          0,     0.00,          0,     0.00,          0,     0.00,          0,     0.00
Load.L_FT9912,    69.8112,   -24.43,    69.8112,  -144.43,    69.8112,    95.57, 3.82566E-008,  -121.62,          0,     0.00,          0,     0.00,          0,     0.00,          0,     0.00,          0,     0.00,          0,     0.00
Load.L_FZ0762,    104.703,   -24.43,    104.703,  -144.43,    104.703,    95.57, 5.47166E-008,  -126.79,          0,     0.00,          0,     0.00,          0,     0.00,          0,     0.00,          0,     0.00,          0,     0.00
Load.L_FT9957,    69.7999,   -24.43,    69.7999,  -144.43,    69.7999,    95.57, 3.61905E-008,  -126.96,          0,     0.00,          0,     0.00,          0,     0.00,          0,     0.00,          0,     0.00,          0,     0.00
Load.L_FT9972,    104.693,   -24.43,    104.693,  -144.43,    104.693,    95.57, 5.34602E-008,  -127.50,          0,     0.00,          0,     0.00,          0,     0.00,          0,     0.00,          0,     0.00,          0,     0.00
Load.L_FT9911,    69.8106,   -24.43,    69.8106,  -144.43,    69.8106,    95.57, 3.79455E-008,  -121.35,          0,     0.00,          0,     0.00,          0,     0.00,          0,     0.00,          0,     0.00,          0,     0.00
Load.L_FP7718,    209.408,   -24.43,    209.408,  -144.43,    209.408,    95.57, 1.09766E-007,  -126.72,          0,     0.00,          0,     0.00,          0,     0.00,          0,     0.00,          0,     0.00,          0,     0.00
Load.L_FT9965,    104.697,   -24.43,    104.697,  -144.43,    104.697,    95.57, 5.40537E-008,  -127.01,          0,     0.00,          0,     0.00,          0,     0.00,          0,     0.00,          0,     0.00,          0,     0.00
Load.L_FP0028,    41.8702,   -24.42,    41.8702,  -144.42,    41.8702,    95.58, 2.07815E-008,  -129.71,          0,     0.00,          0,     0.00,          0,     0.00,          0,     0.00,          0,     0.00,          0,     0.00
Load.L_FP8063,    279.174,   -24.42,    279.174,  -144.42,    279.174,    95.58, 1.41612E-007,  -127.90,          0,     0.00,          0,     0.00,          0,     0.00,          0,     0.00,          0,     0.00,          0,     0.00
Load.L_FP7950,    139.608,   -24.43,    139.608,  -144.43,    139.608,    95.57, 7.42135E-008,  -126.63,          0,     0.00,          0,     0.00,          0,     0.00,          0,     0.00,          0,     0.00,          0,     0.00
Load.L_FP4125,    139.596,   -24.43,    139.596,  -144.43,    139.596,    95.57, 7.19993E-008,  -127.02,          0,     0.00,          0,     0.00,          0,     0.00,          0,     0.00,          0,     0.00,          0,     0.00
Load.L_FP3450,    209.404,   -24.43,    209.404,  -144.43,    209.404,    95.57, 1.10749E-007,  -126.35,          0,     0.00,          0,     0.00,          0,     0.00,          0,     0.00,          0,     0.00,          0,     0.00
Load.L_FP7288,    718.577,   -26.41,    718.577,  -146.41,    718.577,    93.59, 4.84736E-007,   -90.96,          0,     0.00,          0,     0.00,          0,     0.00,          0,     0.00,          0,     0.00,          0,     0.00
Load.L_FP3387,    41.8785,   -24.43,    41.8785,  -144.43,    41.8785,    95.57, 2.14397E-008,  -126.76,          0,     0.00,          0,     0.00,          0,     0.00,          0,     0.00,          0,     0.00,          0,     0.00
Load.L_FF2999,    104.706,   -24.43,    104.706,  -144.43,    104.706,    95.57, 5.55658E-008,  -126.65,          0,     0.00,          0,     0.00,          0,     0.00,          0,     0.00,          0,     0.00,          0,     0.00
Load.L_FP3388,    104.696,   -24.43,    104.696,  -144.43,    104.696,    95.57, 5.36888E-008,  -126.72,          0,     0.00,          0,     0.00,          0,     0.00,          0,     0.00,          0,     0.00,          0,     0.00
Load.L_FP4470,    209.404,   -24.43,    209.404,  -144.43,    209.404,    95.57, 1.08919E-007,  -126.86,          0,     0.00,          0,     0.00,          0,     0.00,          0,     0.00,          0,     0.00,          0,     0.00
Load.L_FT0077,     13.962,   -24.43,     13.962,  -144.43,     13.962,    95.57, 7.5425E-009,  -121.17,          0,     0.00,          0,     0.00,          0,     0.00,          0,     0.00,          0,     0.00,          0,     0.00
Load.L_FT9910,    69.8099,   -24.43,    69.8099,  -144.43,    69.8099,    95.57, 3.77058E-008,  -121.14,          0,     0.00,          0,     0.00,          0,     0.00,          0,     0.00,          0,     0.00,          0,     0.00
