Bus, BasekV, Node1, Magnitude1, Angle1, pu1, Node2, Magnitude2, Angle2, pu2, Node3, Magnitude3, Angle3, pu3
"SCN_CN15_9199_CEI77A_ATV", 13.8, 1,    7925.69,   -0.3,   0.99476, 2,    7925.69, -120.3,   0.99476, 3,    7925.69,  119.7,   0.99476
"SCN_CN15_9153_CEI109", 13.8, 1,    5838.14,   -5.0,   0.73275, 2,    5838.13, -125.0,   0.73275, 3,    5838.13,  115.0,   0.73275
"SCN_CN15_9154_CEI109", 13.8, 1,    5838.17,   -5.0,   0.73275, 2,    5838.16, -125.0,   0.73275, 3,    5838.17,  115.0,   0.73275
"SCN_CN15_9098_CEI131_ATV", 13.8, 1,    5928.06,   -4.6,   0.74404, 2,    5928.05, -124.6,   0.74404, 3,    5928.05,  115.4,   0.74404
"SCN_CN15_9097_CEI131_ATV", 13.8, 1,    5928.07,   -4.6,   0.74404, 2,    5928.06, -124.6,   0.74404, 3,    5928.06,  115.4,   0.74404
"SCN_CN15_9079_CEI201_ATV", 13.8, 1,    6028.41,   -4.1,   0.75663, 2,    6028.39, -124.1,   0.75663, 3,     6028.4,  115.9,   0.75663
"SCN_CN15_9080_CEI201_ATV", 13.8, 1,     6028.4,   -4.1,   0.75663, 2,    6028.39, -124.1,   0.75663, 3,    6028.39,  115.9,   0.75663
"SCN_CN15_9356_CEI109", 13.8, 1,    5808.57,   -5.1,   0.72904, 2,    5808.55, -125.1,   0.72904, 3,    5808.56,  114.9,   0.72904
"SCN_CN15_9349_CEI109", 13.8, 1,    5809.08,   -5.1,    0.7291, 2,    5809.07, -125.1,    0.7291, 3,    5809.07,  114.9,    0.7291
"SCN_CN15_9039_CEI201_ATV", 13.8, 1,    5809.33,   -5.1,   0.72913, 2,    5809.32, -125.1,   0.72913, 3,    5809.32,  114.9,   0.72913
"SCN_CN15_9021_CEI201_ATV", 13.8, 1,    5804.68,   -5.1,   0.72855, 2,    5804.66, -125.1,   0.72855, 3,    5804.67,  114.9,   0.72855
"SCN_CN15_9022_CEI201_ATV", 13.8, 1,    5804.88,   -5.1,   0.72858, 2,    5804.87, -125.1,   0.72857, 3,    5804.87,  114.9,   0.72858
"SCN_CN15_9274_CEI109", 13.8, 1,    5881.72,   -4.8,   0.73822, 2,    5881.71, -124.8,   0.73822, 3,    5881.71,  115.2,   0.73822
"SCN_CN15_9275_CEI109", 13.8, 1,    5880.28,   -4.8,   0.73804, 2,    5880.27, -124.8,   0.73804, 3,    5880.28,  115.2,   0.73804
"SCN_CN15_9269_CEI109", 13.8, 1,    5883.14,   -4.8,    0.7384, 2,    5883.13, -124.8,    0.7384, 3,    5883.14,  115.2,    0.7384
"SCN_CN15_9053_CEI201_ATV", 13.8, 1,    5811.61,   -5.1,   0.72942, 2,    5811.59, -125.1,   0.72942, 3,     5811.6,  114.9,   0.72942
"SCN_CN15_9485_CEI109", 13.8, 1,    5811.63,   -5.1,   0.72942, 2,    5811.62, -125.1,   0.72942, 3,    5811.62,  114.9,   0.72942
"SCN_CN15_421165_CEI", 13.8, 1,    6041.86,   -4.1,   0.75832, 2,    6041.84, -124.1,   0.75832, 3,    6041.85,  115.9,   0.75832
"SCN_CN15_421166_CEI", 13.8, 1,    6042.61,   -4.1,   0.75841, 2,    6042.59, -124.1,   0.75841, 3,     6042.6,  115.9,   0.75841
"SCN_CN15_9143_CEI69B", 13.8, 1,    6043.26,   -4.1,    0.7585, 2,    6043.25, -124.1,   0.75849, 3,    6043.26,  115.9,   0.75849
"SCN_CN15_9141_CEI201_ATV", 13.8, 1,    6041.86,   -4.1,   0.75832, 2,    6041.84, -124.1,   0.75832, 3,    6041.85,  115.9,   0.75832
"SCN_CN15_9129_CEI201_ATV", 13.8, 1,    6048.54,   -4.1,   0.75916, 2,    6048.53, -124.1,   0.75916, 3,    6048.53,  115.9,   0.75916
"SCN_CN15_9008_CEI220_ATV", 13.8, 1,    6048.54,   -4.1,   0.75916, 2,    6048.53, -124.1,   0.75916, 3,    6048.53,  115.9,   0.75916
"SCN_CN15_421168_CEI", 13.8, 1,    5920.38,   -4.6,   0.74307, 2,    5920.37, -124.6,   0.74307, 3,    5920.37,  115.4,   0.74307
"SCN_CN15_9015_CEI109", 13.8, 1,    5920.38,   -4.6,   0.74307, 2,    5920.37, -124.6,   0.74307, 3,    5920.37,  115.4,   0.74307
"SCN_CN15_421185_CEI", 13.8, 1,    5956.88,   -4.5,   0.74765, 2,    5956.87, -124.5,   0.74765, 3,    5956.87,  115.5,   0.74765
"SCN_CN15_9162_CEI220_ATV_S", 13.8, 1,    5954.99,   -4.5,   0.74742, 2,    5954.98, -124.5,   0.74741, 3,    5954.98,  115.5,   0.74742
"SCN_CN15_421186_CEI", 13.8, 1,    5958.29,   -4.5,   0.74783, 2,    5958.28, -124.5,   0.74783, 3,    5958.28,  115.5,   0.74783
"SCN_CN15_421187_CEI", 13.8, 1,    5959.95,   -4.5,   0.74804, 2,    5959.93, -124.5,   0.74804, 3,    5959.94,  115.5,   0.74804
"SCN_CN15_421169_CEI", 13.8, 1,     5962.3,   -4.5,   0.74833, 2,    5962.29, -124.5,   0.74833, 3,    5962.29,  115.5,   0.74833
"SCN_CN15_9012_CEI120", 13.8, 1,    5960.91,   -4.5,   0.74816, 2,    5960.89, -124.5,   0.74816, 3,     5960.9,  115.5,   0.74816
"SCN_CN15_421170_CEI", 13.8, 1,    5973.33,   -4.5,   0.74972, 2,    5973.32, -124.5,   0.74972, 3,    5973.32,  115.5,   0.74972
"SCN_CN15_421171_CEI", 13.8, 1,    5973.33,   -4.5,   0.74972, 2,    5973.32, -124.5,   0.74972, 3,    5973.32,  115.5,   0.74972
"SCN_CN15_421172_CEI", 13.8, 1,    5973.33,   -4.5,   0.74972, 2,    5973.32, -124.5,   0.74972, 3,    5973.32,  115.5,   0.74972
"SCN_CN15_421173_CEI", 13.8, 1,    5973.33,   -4.5,   0.74972, 2,    5973.32, -124.5,   0.74972, 3,    5973.32,  115.5,   0.74972
"SCN_CN15_421174_CEI", 13.8, 1,    5973.33,   -4.5,   0.74972, 2,    5973.32, -124.5,   0.74972, 3,    5973.32,  115.5,   0.74972
"SCN_CN15_421175_CEI", 13.8, 1,    5982.95,   -4.4,   0.75093, 2,    5982.93, -124.4,   0.75092, 3,    5982.94,  115.6,   0.75092
"SCN_CN15_421176_CEI", 13.8, 1,    5982.95,   -4.4,   0.75093, 2,    5982.93, -124.4,   0.75092, 3,    5982.94,  115.6,   0.75092
"SCN_CN15_421177_CEI", 13.8, 1,    5982.95,   -4.4,   0.75093, 2,    5982.93, -124.4,   0.75092, 3,    5982.94,  115.6,   0.75092
"SCN_CN15_421178_CEI", 13.8, 1,    5982.95,   -4.4,   0.75093, 2,    5982.93, -124.4,   0.75092, 3,    5982.94,  115.6,   0.75092
"SCN_CN15_421179_CEI", 13.8, 1,    6003.31,   -4.3,   0.75348, 2,     6003.3, -124.3,   0.75348, 3,    6003.31,  115.7,   0.75348
"SCN_CN15_9047_CEI130_ATV", 13.8, 1,    6031.73,   -4.2,   0.75705, 2,    6031.72, -124.2,   0.75705, 3,    6031.72,  115.8,   0.75705
"SCN_CN15_421180_CEI", 13.8, 1,    6031.73,   -4.2,   0.75705, 2,    6031.72, -124.2,   0.75705, 3,    6031.72,  115.8,   0.75705
"SCN_CN15_9037_CEI130_ATV", 13.8, 1,    6080.62,   -4.1,   0.76318, 2,    6080.61, -124.1,   0.76318, 3,    6080.61,  115.9,   0.76318
"SCN_CN15_9047_CEI130_ATV_S", 13.8, 1,    6031.73,   -4.2,   0.75705, 2,    6031.72, -124.2,   0.75705, 3,    6031.72,  115.8,   0.75705
"SCN_CN15_421181_CEI", 13.8, 1,    6091.01,   -4.0,   0.76449, 2,       6091, -124.0,   0.76449, 3,       6091,  116.0,   0.76449
"SCN_CN15_9040_CEI130_ATV", 13.8, 1,    6091.01,   -4.0,   0.76449, 2,       6091, -124.0,   0.76449, 3,       6091,  116.0,   0.76449
"SCN_CN15_421182_CEI", 13.8, 1,    6091.01,   -4.0,   0.76449, 2,       6091, -124.0,   0.76449, 3,       6091,  116.0,   0.76449
"SCN_CN15_421183_CEI", 13.8, 1,    6091.01,   -4.0,   0.76449, 2,       6091, -124.0,   0.76449, 3,       6091,  116.0,   0.76449
"SCN_CN15_421184_CEI", 13.8, 1,    6091.01,   -4.0,   0.76449, 2,       6091, -124.0,   0.76449, 3,       6091,  116.0,   0.76449
"SCN_CN15_421195_CEI", 13.8, 1,    6138.43,   -3.9,   0.77044, 2,    6138.42, -123.9,   0.77044, 3,    6138.42,  116.1,   0.77044
"SCN_CN15_9022_CEI250_ATV", 13.8, 1,     6136.4,   -3.9,   0.77019, 2,    6136.39, -123.9,   0.77018, 3,    6136.39,  116.1,   0.77018
"SCN_CN15_421196_CEI", 13.8, 1,     6141.3,   -3.8,    0.7708, 2,    6141.29, -123.8,    0.7708, 3,    6141.29,  116.2,    0.7708
"SCN_CN15_9025_CEI130_ATV", 13.8, 1,    6143.65,   -3.8,    0.7711, 2,    6143.64, -123.8,   0.77109, 3,    6143.65,  116.2,   0.77109
"SCN_CN15_421197_CEI", 13.8, 1,    6031.39,   -4.2,   0.75701, 2,    6031.38, -124.2,     0.757, 3,    6031.38,  115.8,     0.757
"SCN_CN15_9004_CEI160_ATV", 13.8, 1,    6031.39,   -4.2,   0.75701, 2,    6031.38, -124.2,     0.757, 3,    6031.38,  115.8,     0.757
"SCN_CN15_9005_CEI160_ATV", 13.8, 1,    6031.39,   -4.2,   0.75701, 2,    6031.38, -124.2,     0.757, 3,    6031.38,  115.8,     0.757
"SCN_CN15_9017_CEI130A_ATV", 13.8, 1,    6343.36,   -3.4,   0.79616, 2,    6343.35, -123.4,   0.79616, 3,    6343.35,  116.6,   0.79616
"SCN_CN15_421206_CEI", 13.8, 1,    6343.36,   -3.4,   0.79616, 2,    6343.35, -123.4,   0.79616, 3,    6343.35,  116.6,   0.79616
"SCN_CN15_9034_CEI130A_ATV", 13.8, 1,    6342.02,   -3.4,   0.79599, 2,    6342.01, -123.4,   0.79599, 3,    6342.01,  116.6,   0.79599
"SCN_CN15_421207_CEI", 13.8, 1,    6342.02,   -3.4,   0.79599, 2,    6342.01, -123.4,   0.79599, 3,    6342.01,  116.6,   0.79599
"SCN_CN15_421208_CEI", 13.8, 1,    6342.02,   -3.4,   0.79599, 2,    6342.01, -123.4,   0.79599, 3,    6342.01,  116.6,   0.79599
"SCN_CN15_421209_CEI", 13.8, 1,    6342.02,   -3.4,   0.79599, 2,    6342.01, -123.4,   0.79599, 3,    6342.01,  116.6,   0.79599
"SCN_CN15_421210_CEI", 13.8, 1,    6342.02,   -3.4,   0.79599, 2,    6342.01, -123.4,   0.79599, 3,    6342.01,  116.6,   0.79599
"SCN_CN15_421211_CEI", 13.8, 1,    6342.02,   -3.4,   0.79599, 2,    6342.01, -123.4,   0.79599, 3,    6342.01,  116.6,   0.79599
"SCN_CN15_421212_CEI", 13.8, 1,    6342.02,   -3.4,   0.79599, 2,    6342.01, -123.4,   0.79599, 3,    6342.01,  116.6,   0.79599
"SCN_CN15_9040_CEI130A_ATV", 13.8, 1,    6341.92,   -3.4,   0.79598, 2,    6341.91, -123.4,   0.79598, 3,    6341.91,  116.6,   0.79598
"SCN_CN15_421213_CEI", 13.8, 1,    6341.92,   -3.4,   0.79598, 2,    6341.91, -123.4,   0.79598, 3,    6341.91,  116.6,   0.79598
"SCN_CN15_421218_CEI", 13.8, 1,    6348.58,   -3.4,   0.79682, 2,    6348.57, -123.4,   0.79682, 3,    6348.58,  116.6,   0.79682
"SCN_CN15_9353_CEI065", 13.8, 1,    6348.58,   -3.4,   0.79682, 2,    6348.57, -123.4,   0.79682, 3,    6348.58,  116.6,   0.79682
"SCN_CN15_421219_CEI", 13.8, 1,    6348.58,   -3.4,   0.79682, 2,    6348.57, -123.4,   0.79682, 3,    6348.58,  116.6,   0.79682
"CN_ALCN15", 13.8, 1,    6348.58,   -3.4,   0.79682, 2,    6348.57, -123.4,   0.79682, 3,    6348.58,  116.6,   0.79682
"SCN_CN15_421227_CEI", 13.8, 1,    5915.09,   -4.3,   0.74241, 2,    5915.07, -124.3,   0.74241, 3,    5915.08,  115.7,   0.74241
"SCN_CN15_9006_CEIRJ013_ATV", 13.8, 1,    5915.09,   -4.3,   0.74241, 2,    5915.07, -124.3,   0.74241, 3,    5915.08,  115.7,   0.74241
"SCN_CN15_9067_CEIRJ006_ATV", 13.8, 1,    5918.48,   -4.3,   0.74283, 2,    5918.47, -124.3,   0.74283, 3,    5918.47,  115.7,   0.74283
"SCN_CN15_9064_CEIRJ006_ATV", 13.8, 1,    5918.48,   -4.3,   0.74283, 2,    5918.47, -124.3,   0.74283, 3,    5918.47,  115.7,   0.74283
"SCN_CN15_421241_CEI", 13.8, 1,    5918.48,   -4.3,   0.74283, 2,    5918.47, -124.3,   0.74283, 3,    5918.47,  115.7,   0.74283
"SCN_CN15_9068_CEIRJ006_ATV", 13.8, 1,    5918.48,   -4.3,   0.74283, 2,    5918.47, -124.3,   0.74283, 3,    5918.47,  115.7,   0.74283
"SCN_CN15_9050_CEI160_ATV", 13.8, 1,    7064.96,   -2.0,   0.88673, 2,    7064.95, -122.0,   0.88673, 3,    7064.95,  118.0,   0.88673
"SCN_CN15_9014_CEI077_ATV", 13.8, 1,    7065.77,   -2.0,   0.88683, 2,    7065.77, -122.0,   0.88683, 3,    7065.77,  118.0,   0.88683
"SCN_CN15_9052_CEI160_ATV", 13.8, 1,    7064.96,   -2.0,   0.88673, 2,    7064.95, -122.0,   0.88673, 3,    7064.95,  118.0,   0.88673
"SCN_CN15_421244_CEI", 13.8, 1,    7064.18,   -2.0,   0.88663, 2,    7064.18, -122.0,   0.88663, 3,    7064.18,  118.0,   0.88663
"SCN_CN15_421245_CEI", 13.8, 1,    7063.38,   -2.0,   0.88653, 2,    7063.38, -122.0,   0.88653, 3,    7063.38,  118.0,   0.88653
"SCN_CN15_9005_CEIRJ012_ATV_S", 13.8, 1,    7062.62,   -2.0,   0.88644, 2,    7062.61, -122.0,   0.88643, 3,    7062.61,  118.0,   0.88643
"SCN_CN15_9024_CEI167_ATV", 13.8, 1,    7100.25,   -2.0,   0.89116, 2,    7100.24, -122.0,   0.89116, 3,    7100.25,  118.0,   0.89116
"SCN_CN15_9025_CEI167_ATV", 13.8, 1,    7100.25,   -2.0,   0.89116, 2,    7100.24, -122.0,   0.89116, 3,    7100.25,  118.0,   0.89116
"SCN_CN15_9002_CEIRJ013_ATV", 13.8, 1,    7100.25,   -2.0,   0.89116, 2,    7100.24, -122.0,   0.89116, 3,    7100.25,  118.0,   0.89116
"SCN_CN15_9037_CEI77A_ATV", 13.8, 1,    7116.84,   -2.0,   0.89324, 2,    7116.84, -122.0,   0.89324, 3,    7116.84,  118.0,   0.89324
"SCN_CN15_9035_CEIRJ006_ATV", 13.8, 1,    7116.84,   -2.0,   0.89324, 2,    7116.84, -122.0,   0.89324, 3,    7116.84,  118.0,   0.89324
"SCN_CN15_9036_CEIRJ006_ATV", 13.8, 1,    7116.84,   -2.0,   0.89324, 2,    7116.84, -122.0,   0.89324, 3,    7116.84,  118.0,   0.89324
"SCN_CN15_9105_CEI201_ATV", 13.8, 1,    6027.42,   -4.1,   0.75651, 2,    6027.41, -124.1,   0.75651, 3,    6027.41,  115.9,   0.75651
"SCN_CN15_9102_CEI201_ATV_S", 13.8, 1,    6027.32,   -4.1,   0.75649, 2,     6027.3, -124.1,   0.75649, 3,    6027.31,  115.9,   0.75649
"SCN_CN15_9017_CEI201_ATV", 13.8, 1,    5803.99,   -5.1,   0.72846, 2,    5803.98, -125.1,   0.72846, 3,    5803.98,  114.9,   0.72846
"SCN_CN15_9019_CEI201_ATV", 13.8, 1,    5804.14,   -5.1,   0.72848, 2,    5804.12, -125.1,   0.72848, 3,    5804.13,  114.9,   0.72848
"SCN_CN15_9019_CEI134C_ATV", 13.8, 1,    5873.77,   -4.8,   0.73722, 2,    5873.76, -124.8,   0.73722, 3,    5873.76,  115.2,   0.73722
"SCN_CN15_9020_CEI134C_ATV", 13.8, 1,    5873.75,   -4.8,   0.73722, 2,    5873.74, -124.8,   0.73722, 3,    5873.74,  115.2,   0.73722
"SCN_CN15_9022_CEI134C_ATV", 13.8, 1,    5873.54,   -4.8,   0.73719, 2,    5873.53, -124.8,   0.73719, 3,    5873.53,  115.2,   0.73719
"SCN_CN15_9021_CEI134C_ATV", 13.8, 1,    5873.49,   -4.8,   0.73719, 2,    5873.47, -124.8,   0.73719, 3,    5873.48,  115.2,   0.73719
"SCN_CN15_9023_CEI134C_ATV", 13.8, 1,    5873.45,   -4.8,   0.73718, 2,    5873.44, -124.8,   0.73718, 3,    5873.44,  115.2,   0.73718
"SCN_CN15_9034_CEI134C_ATV", 13.8, 1,    5873.39,   -4.8,   0.73717, 2,    5873.38, -124.8,   0.73717, 3,    5873.38,  115.2,   0.73717
"SCN_CN15_9035_CEI134C_ATV", 13.8, 1,    5873.34,   -4.8,   0.73717, 2,    5873.32, -124.8,   0.73717, 3,    5873.33,  115.2,   0.73717
"SCN_CN15_9036_CEI134C_ATV", 13.8, 1,    5873.29,   -4.8,   0.73716, 2,    5873.28, -124.8,   0.73716, 3,    5873.28,  115.2,   0.73716
"SCN_CN15_9024_CEI134B_ATV", 13.8, 1,    5877.43,   -4.7,   0.73768, 2,    5877.42, -124.7,   0.73768, 3,    5877.42,  115.3,   0.73768
"SCN_CN15_9027_CEI134B_ATV", 13.8, 1,     5877.4,   -4.7,   0.73768, 2,    5877.38, -124.7,   0.73768, 3,    5877.39,  115.3,   0.73768
"SCN_CN15_9026_CEI134B_ATV", 13.8, 1,    5877.38,   -4.7,   0.73768, 2,    5877.37, -124.7,   0.73767, 3,    5877.37,  115.3,   0.73767
"SCN_CN15_9028_CEI134B_ATV", 13.8, 1,    5877.37,   -4.7,   0.73767, 2,    5877.35, -124.7,   0.73767, 3,    5877.36,  115.3,   0.73767
"SCN_CN15_9011_CEI134_ATV", 13.8, 1,    5895.75,   -4.7,   0.73998, 2,    5895.73, -124.7,   0.73998, 3,    5895.74,  115.3,   0.73998
"SCN_CN15_9009_CEI134A_ATV", 13.8, 1,    5894.92,   -4.7,   0.73988, 2,    5894.91, -124.7,   0.73988, 3,    5894.91,  115.3,   0.73988
"SCN_CN15_9002_CEI134_ATV", 13.8, 1,    5897.76,   -4.7,   0.74023, 2,    5897.74, -124.7,   0.74023, 3,    5897.75,  115.3,   0.74023
"SCN_CN15_9003_CEI134_ATV", 13.8, 1,    5897.78,   -4.7,   0.74024, 2,    5897.77, -124.7,   0.74023, 3,    5897.77,  115.3,   0.74023
"SCN_CN15_9101_CEI109", 13.8, 1,    5900.64,   -4.7,   0.74059, 2,    5900.63, -124.7,   0.74059, 3,    5900.63,  115.3,   0.74059
"SCN_CN15_9102_CEI109", 13.8, 1,     5900.6,   -4.7,   0.74059, 2,    5900.59, -124.7,   0.74059, 3,    5900.59,  115.3,   0.74059
"SCN_CN15_9103_CEI109", 13.8, 1,    5900.56,   -4.7,   0.74059, 2,    5900.55, -124.7,   0.74058, 3,    5900.55,  115.3,   0.74058
"SCN_CN15_9104_CEI109", 13.8, 1,    5900.53,   -4.7,   0.74058, 2,    5900.52, -124.7,   0.74058, 3,    5900.52,  115.3,   0.74058
"SCN_CN15_9105_CEI109", 13.8, 1,     5900.5,   -4.7,   0.74058, 2,    5900.49, -124.7,   0.74058, 3,    5900.49,  115.3,   0.74058
"SCN_CN15_9106_CEI109", 13.8, 1,    5900.47,   -4.7,   0.74057, 2,    5900.46, -124.7,   0.74057, 3,    5900.46,  115.3,   0.74057
"SCN_CN15_9108_CEI109", 13.8, 1,    5900.44,   -4.7,   0.74057, 2,    5900.43, -124.7,   0.74057, 3,    5900.43,  115.3,   0.74057
"SCN_CN15_9109_CEI109", 13.8, 1,     5900.4,   -4.7,   0.74057, 2,    5900.39, -124.7,   0.74056, 3,    5900.39,  115.3,   0.74056
"SCN_CN15_9110_CEI109", 13.8, 1,    5900.37,   -4.7,   0.74056, 2,    5900.36, -124.7,   0.74056, 3,    5900.36,  115.3,   0.74056
"SCN_CN15_9111_CEI109", 13.8, 1,    5900.34,   -4.7,   0.74056, 2,    5900.33, -124.7,   0.74056, 3,    5900.33,  115.3,   0.74056
"SCN_CN15_9112_CEI109", 13.8, 1,    5900.33,   -4.7,   0.74056, 2,    5900.31, -124.7,   0.74055, 3,    5900.32,  115.3,   0.74055
"SCN_CN15_9113_CEI109", 13.8, 1,     5900.3,   -4.7,   0.74055, 2,    5900.29, -124.7,   0.74055, 3,    5900.29,  115.3,   0.74055
"SCN_CN15_9114_CEI109", 13.8, 1,    5900.27,   -4.7,   0.74055, 2,    5900.26, -124.7,   0.74055, 3,    5900.26,  115.3,   0.74055
"SCN_CN15_9115_CEI109", 13.8, 1,    5900.21,   -4.7,   0.74054, 2,     5900.2, -124.7,   0.74054, 3,     5900.2,  115.3,   0.74054
"SCN_CN15_9116_CEI109", 13.8, 1,    5900.19,   -4.7,   0.74054, 2,    5900.17, -124.7,   0.74054, 3,    5900.18,  115.3,   0.74054
"SCN_CN15_9010_CEI120", 13.8, 1,    5958.41,   -4.5,   0.74785, 2,     5958.4, -124.5,   0.74784, 3,     5958.4,  115.5,   0.74784
"SCN_CN15_9011_CEI120", 13.8, 1,    5960.41,   -4.5,    0.7481, 2,     5960.4, -124.5,    0.7481, 3,     5960.4,  115.5,    0.7481
"SCN_CN15_9045_CEI130_ATV", 13.8, 1,    6031.63,   -4.2,   0.75704, 2,    6031.62, -124.2,   0.75703, 3,    6031.62,  115.8,   0.75703
"SCN_CN15_9044_CEI130_ATV", 13.8, 1,    6031.62,   -4.2,   0.75703, 2,    6031.61, -124.2,   0.75703, 3,    6031.62,  115.8,   0.75703
"SCN_CN15_9043_CEI130_ATV", 13.8, 1,    6031.55,   -4.2,   0.75703, 2,    6031.54, -124.2,   0.75702, 3,    6031.54,  115.8,   0.75702
"SCN_CN15_9014_CEI69B", 13.8, 1,     6158.9,   -3.8,   0.77301, 2,    6158.89, -123.8,   0.77301, 3,    6158.89,  116.2,   0.77301
"SCN_CN15_9015_CEI69B", 13.8, 1,    6159.65,   -3.8,    0.7731, 2,    6159.64, -123.8,    0.7731, 3,    6159.64,  116.2,    0.7731
"SCN_CN15_9559_CEI109", 13.8, 1,    5891.06,   -4.8,   0.73939, 2,    5891.05, -124.8,   0.73939, 3,    5891.06,  115.2,   0.73939
"SCN_CN15_9570_CEI109", 13.8, 1,    5891.06,   -4.8,   0.73939, 2,    5891.04, -124.8,   0.73939, 3,    5891.05,  115.2,   0.73939
"SCN_CN15_9558_CEI109", 13.8, 1,    5896.51,   -4.7,   0.74008, 2,     5896.5, -124.7,   0.74007, 3,     5896.5,  115.3,   0.74008
"SCN_CN15_9560_CEI109", 13.8, 1,    5887.05,   -4.8,   0.73889, 2,    5887.04, -124.8,   0.73889, 3,    5887.04,  115.2,   0.73889
"SCN_CN15_9555_CEI109", 13.8, 1,    5902.77,   -4.7,   0.74086, 2,    5902.76, -124.7,   0.74086, 3,    5902.76,  115.3,   0.74086
"SCN_CN15_9552_CEI109", 13.8, 1,    5907.39,   -4.7,   0.74144, 2,    5907.38, -124.7,   0.74144, 3,    5907.38,  115.3,   0.74144
"SCN_CN15_9550_CEI109", 13.8, 1,    5911.42,   -4.7,   0.74195, 2,    5911.41, -124.7,   0.74195, 3,    5911.41,  115.3,   0.74195
"SCN_CN15_9548_CEI109", 13.8, 1,    5915.29,   -4.7,   0.74243, 2,    5915.27, -124.7,   0.74243, 3,    5915.28,  115.3,   0.74243
"SCN_CN15_9017_CEI109", 13.8, 1,    5920.56,   -4.6,   0.74309, 2,    5920.55, -124.6,   0.74309, 3,    5920.55,  115.4,   0.74309
"SCN_CN15_9548_CEI109_S", 13.8, 1,    5915.29,   -4.7,   0.74243, 2,    5915.27, -124.7,   0.74243, 3,    5915.28,  115.3,   0.74243
"SCN_CN15_9016_CEI109", 13.8, 1,    5920.45,   -4.6,   0.74308, 2,    5920.43, -124.6,   0.74308, 3,    5920.44,  115.4,   0.74308
"SCN_CN15_9014_CEI109", 13.8, 1,    5920.28,   -4.7,   0.74306, 2,    5920.27, -124.7,   0.74306, 3,    5920.28,  115.3,   0.74306
"SCN_CN15_9013_CEI109", 13.8, 1,    5920.21,   -4.7,   0.74305, 2,     5920.2, -124.7,   0.74305, 3,     5920.2,  115.3,   0.74305
"SCN_CN15_9012_CEI109", 13.8, 1,     5920.1,   -4.7,   0.74304, 2,    5920.09, -124.7,   0.74304, 3,    5920.09,  115.3,   0.74304
"SCN_CN15_9008_CEI109", 13.8, 1,    5920.02,   -4.7,   0.74303, 2,       5920, -124.7,   0.74303, 3,    5920.01,  115.3,   0.74303
"SCN_CN15_9009_CEI109", 13.8, 1,    5919.97,   -4.7,   0.74302, 2,    5919.96, -124.7,   0.74302, 3,    5919.96,  115.3,   0.74302
"SCN_CN15_9010_CEI109", 13.8, 1,    5919.93,   -4.7,   0.74302, 2,    5919.92, -124.7,   0.74301, 3,    5919.92,  115.3,   0.74302
"SCN_CN15_9011_CEI109", 13.8, 1,    5919.89,   -4.7,   0.74301, 2,    5919.88, -124.7,   0.74301, 3,    5919.88,  115.3,   0.74301
"SCN_CN15_9547_CEI109", 13.8, 1,    5915.22,   -4.7,   0.74242, 2,     5915.2, -124.7,   0.74242, 3,    5915.21,  115.3,   0.74242
"SCN_CN15_9007_CEI109", 13.8, 1,    5919.98,   -4.7,   0.74302, 2,    5919.97, -124.7,   0.74302, 3,    5919.97,  115.3,   0.74302
"SCN_CN15_9006_CEI109", 13.8, 1,    5919.96,   -4.7,   0.74302, 2,    5919.95, -124.7,   0.74302, 3,    5919.95,  115.3,   0.74302
"SCN_CN15_9005_CEI109", 13.8, 1,    5919.93,   -4.7,   0.74302, 2,    5919.92, -124.7,   0.74301, 3,    5919.92,  115.3,   0.74301
"SCN_CN15_9004_CEI109", 13.8, 1,    5919.91,   -4.7,   0.74301, 2,     5919.9, -124.7,   0.74301, 3,     5919.9,  115.3,   0.74301
"SCN_CN15_9002_CEI109", 13.8, 1,    6049.01,   -4.1,   0.75922, 2,       6049, -124.1,   0.75922, 3,       6049,  115.9,   0.75922
"SCN_CN15_9003_CEI109", 13.8, 1,    6049.01,   -4.1,   0.75922, 2,       6049, -124.1,   0.75922, 3,       6049,  115.9,   0.75922
"SCN_CN15_9001_CEI109", 13.8, 1,    6049.01,   -4.1,   0.75922, 2,       6049, -124.1,   0.75922, 3,       6049,  115.9,   0.75922
"SCN_CN15_9122_CEI201_ATV", 13.8, 1,    6049.01,   -4.1,   0.75922, 2,       6049, -124.1,   0.75922, 3,       6049,  115.9,   0.75922
"SCN_CN15_9241_CEI109", 13.8, 1,    5839.93,   -5.0,   0.73297, 2,    5839.91, -125.0,   0.73297, 3,    5839.92,  115.0,   0.73297
"SCN_CN15_9204_CEI109", 13.8, 1,    5839.93,   -5.0,   0.73298, 2,    5839.92, -125.0,   0.73297, 3,    5839.93,  115.0,   0.73297
"SCN_CN15_9242_CEI109", 13.8, 1,    5839.92,   -5.0,   0.73297, 2,     5839.9, -125.0,   0.73297, 3,    5839.91,  115.0,   0.73297
"SCN_CN15_9243_CEI109", 13.8, 1,     5839.9,   -5.0,   0.73297, 2,    5839.89, -125.0,   0.73297, 3,     5839.9,  115.0,   0.73297
"SCN_CN15_9244_CEI109", 13.8, 1,    5839.89,   -5.0,   0.73297, 2,    5839.88, -125.0,   0.73297, 3,    5839.88,  115.0,   0.73297
"SCN_CN15_9245_CEI109", 13.8, 1,    5839.87,   -5.0,   0.73297, 2,    5839.86, -125.0,   0.73297, 3,    5839.87,  115.0,   0.73297
"SCN_CN15_9190_CEI109", 13.8, 1,    5838.78,   -5.0,   0.73283, 2,    5838.76, -125.0,   0.73283, 3,    5838.77,  115.0,   0.73283
"SCN_CN15_9191_CEI109", 13.8, 1,    5838.75,   -5.0,   0.73283, 2,    5838.74, -125.0,   0.73283, 3,    5838.75,  115.0,   0.73283
"SCN_CN15_9166_CEI109", 13.8, 1,    5838.72,   -5.0,   0.73282, 2,    5838.71, -125.0,   0.73282, 3,    5838.71,  115.0,   0.73282
"SCN_CN15_9167_CEI109", 13.8, 1,    5838.72,   -5.0,   0.73282, 2,     5838.7, -125.0,   0.73282, 3,    5838.71,  115.0,   0.73282
"SCN_CN15_9168_CEI109", 13.8, 1,    5838.71,   -5.0,   0.73282, 2,     5838.7, -125.0,   0.73282, 3,     5838.7,  115.0,   0.73282
"SCN_CN15_9169_CEI109", 13.8, 1,     5838.7,   -5.0,   0.73282, 2,    5838.68, -125.0,   0.73282, 3,    5838.69,  115.0,   0.73282
"SCN_CN15_9183_CEI109", 13.8, 1,    5838.68,   -5.0,   0.73282, 2,    5838.67, -125.0,   0.73282, 3,    5838.68,  115.0,   0.73282
"SCN_CN15_9330_CEI109", 13.8, 1,    5811.23,   -5.1,   0.72937, 2,    5811.22, -125.1,   0.72937, 3,    5811.22,  114.9,   0.72937
"SCN_CN15_9329_CEI109", 13.8, 1,    5811.76,   -5.1,   0.72944, 2,    5811.75, -125.1,   0.72944, 3,    5811.75,  114.9,   0.72944
"SCN_CN15_9328_CEI109", 13.8, 1,    5812.13,   -5.1,   0.72949, 2,    5812.11, -125.1,   0.72948, 3,    5812.12,  114.9,   0.72948
"SCN_CN15_9165_CEI068", 13.8, 1,     6230.6,   -3.6,   0.78201, 2,    6230.59, -123.6,   0.78201, 3,    6230.59,  116.4,   0.78201
"SCN_CN15_9166_CEI068", 13.8, 1,    6230.55,   -3.6,     0.782, 2,    6230.54, -123.6,     0.782, 3,    6230.54,  116.4,     0.782
"SCN_CN15_9327_CEI109", 13.8, 1,    5812.77,   -5.1,   0.72957, 2,    5812.75, -125.1,   0.72956, 3,    5812.76,  114.9,   0.72956
"SCN_CN15_9399_CEI109", 13.8, 1,    5813.36,   -5.1,   0.72964, 2,    5813.35, -125.1,   0.72964, 3,    5813.35,  114.9,   0.72964
"SCN_CN15_9029_CEI160_ATV", 13.8, 1,    5813.33,   -5.1,   0.72964, 2,    5813.31, -125.1,   0.72963, 3,    5813.32,  114.9,   0.72963
"SCN_CN15_9057_CEI075", 13.8, 1,    5947.58,   -4.2,   0.74649, 2,    5947.56, -124.2,   0.74648, 3,    5947.57,  115.8,   0.74648
"SCN_CN15_9054_CEIRJ006_ATV", 13.8, 1,    5947.57,   -4.2,   0.74648, 2,    5947.56, -124.2,   0.74648, 3,    5947.56,  115.8,   0.74648
"SCN_CN15_9040_CEI77A_ATV", 13.8, 1,    7116.65,   -2.0,   0.89322, 2,    7116.64, -122.0,   0.89322, 3,    7116.65,  118.0,   0.89322
"SCN_CN15_9042_CEI77A_ATV", 13.8, 1,    7116.61,   -2.0,   0.89321, 2,    7116.61, -122.0,   0.89321, 3,    7116.61,  118.0,   0.89321
"SCN_CN15_9043_CEI77A_ATV", 13.8, 1,    7116.58,   -2.0,   0.89321, 2,    7116.57, -122.0,   0.89321, 3,    7116.58,  118.0,   0.89321
"SCN_CN15_9190_CEI77A_ATV", 13.8, 1,    7824.89,   -0.6,   0.98211, 2,    7824.89, -120.6,   0.98211, 3,    7824.89,  119.4,   0.98211
"SCN_CN15_9194_CEI77A_ATV", 13.8, 1,    7838.78,   -0.5,   0.98385, 2,    7838.78, -120.5,   0.98385, 3,    7838.78,  119.5,   0.98385
"SCN_CN15_9195_CEI77A_ATV", 13.8, 1,    7862.36,   -0.5,   0.98681, 2,    7862.36, -120.5,   0.98681, 3,    7862.36,  119.5,   0.98681
"SCN_CN15_9196_CEI77A_ATV", 13.8, 1,    7885.81,   -0.4,   0.98976, 2,    7885.81, -120.4,   0.98975, 3,    7885.81,  119.6,   0.98976
"SCN_CN15_9197_CEI77A_ATV", 13.8, 1,    7911.23,   -0.4,   0.99295, 2,    7911.23, -120.4,   0.99295, 3,    7911.23,  119.6,   0.99295
"SCN_CN15_9198_CEI77A_ATV", 13.8, 1,    7919.08,   -0.3,   0.99393, 2,    7919.08, -120.3,   0.99393, 3,    7919.08,  119.7,   0.99393
"SCN_CN15_9200_CEI77A_ATV", 13.8, 1,    7595.72,   -1.2,   0.95335, 2,    7595.71, -121.2,   0.95335, 3,    7595.72,  118.8,   0.95335
"SCN_CN15_9201_CEI77A_ATV", 13.8, 1,    7595.75,   -1.2,   0.95335, 2,    7595.75, -121.2,   0.95335, 3,    7595.75,  118.8,   0.95335
"SCN_CN15_9039_CEI076", 13.8, 1,    6361.46,   -3.4,   0.79843, 2,    6361.45, -123.4,   0.79843, 3,    6361.46,  116.6,   0.79843
"SCN_CN15_9041_CEI076", 13.8, 1,    6361.46,   -3.4,   0.79843, 2,    6361.45, -123.4,   0.79843, 3,    6361.46,  116.6,   0.79843
"SCN_CN15_9042_CEI076", 13.8, 1,    6361.46,   -3.4,   0.79843, 2,    6361.45, -123.4,   0.79843, 3,    6361.46,  116.6,   0.79843
"SCN_CN15_9044_CEI076", 13.8, 1,    6361.46,   -3.4,   0.79843, 2,    6361.45, -123.4,   0.79843, 3,    6361.46,  116.6,   0.79843
"SCN_CN15_9045_CEI076", 13.8, 1,    6361.46,   -3.4,   0.79843, 2,    6361.45, -123.4,   0.79843, 3,    6361.46,  116.6,   0.79843
"SCN_CN15_9057_CEI068", 13.8, 1,     6355.5,   -3.3,   0.79768, 2,    6355.49, -123.3,   0.79768, 3,    6355.49,  116.7,   0.79768
"SCN_CN15_9058_CEI068", 13.8, 1,     6355.5,   -3.3,   0.79768, 2,    6355.49, -123.3,   0.79768, 3,    6355.49,  116.7,   0.79768
"SCN_CN15_9236_CEI068", 13.8, 1,    6355.49,   -3.3,   0.79768, 2,    6355.48, -123.3,   0.79768, 3,    6355.49,  116.7,   0.79768
"SCN_CN15_9240_CEI068", 13.8, 1,    6355.49,   -3.3,   0.79768, 2,    6355.48, -123.3,   0.79768, 3,    6355.48,  116.7,   0.79768
"SCN_CN15_9063_CEI072", 13.8, 1,    6902.57,   -2.4,   0.86635, 2,    6902.56, -122.4,   0.86635, 3,    6902.56,  117.6,   0.86635
"SCN_CN15_CEI_FL_MT_37442", 13.8, 1,     6902.7,   -2.4,   0.86636, 2,     6902.7, -122.4,   0.86636, 3,     6902.7,  117.6,   0.86636
"SCN_CN15_9088_CEI072", 13.8, 1,     6902.7,   -2.4,   0.86636, 2,     6902.7, -122.4,   0.86636, 3,     6902.7,  117.6,   0.86636
"SCN_CN15_9089_CEI072", 13.8, 1,    6907.11,   -2.4,   0.86692, 2,    6907.11, -122.4,   0.86692, 3,    6907.11,  117.6,   0.86692
"SCN_CN15_9062_CEI072", 13.8, 1,    6897.14,   -2.4,   0.86567, 2,    6897.13, -122.4,   0.86567, 3,    6897.13,  117.6,   0.86567
"SCN_CN15_9061_CEI071", 13.8, 1,    6688.64,   -2.8,    0.8395, 2,    6688.63, -122.8,    0.8395, 3,    6688.64,  117.2,    0.8395
"SCN_CN15_9072_CEI071", 13.8, 1,     6688.6,   -2.8,   0.83949, 2,    6688.59, -122.8,   0.83949, 3,    6688.59,  117.2,   0.83949
"SCN_CN15_9073_CEI071", 13.8, 1,    6688.56,   -2.8,   0.83949, 2,    6688.55, -122.8,   0.83949, 3,    6688.55,  117.2,   0.83949
"SCN_CN15_9075_CEI071", 13.8, 1,    6688.52,   -2.8,   0.83948, 2,    6688.51, -122.8,   0.83948, 3,    6688.51,  117.2,   0.83948
"SCN_CN15_9078_CEI071", 13.8, 1,    6688.48,   -2.8,   0.83948, 2,    6688.47, -122.8,   0.83948, 3,    6688.47,  117.2,   0.83948
"SCN_CN15_9079_CEI071", 13.8, 1,    6688.43,   -2.8,   0.83947, 2,    6688.43, -122.8,   0.83947, 3,    6688.43,  117.2,   0.83947
"SCN_CN15_9080_CEI071", 13.8, 1,    6688.41,   -2.8,   0.83947, 2,     6688.4, -122.8,   0.83947, 3,     6688.4,  117.2,   0.83947
"SCN_CN15_9081_CEI071", 13.8, 1,    6688.37,   -2.8,   0.83946, 2,    6688.36, -122.8,   0.83946, 3,    6688.36,  117.2,   0.83946
"SCN_CN15_9082_CEI071", 13.8, 1,    6688.32,   -2.8,   0.83946, 2,    6688.31, -122.8,   0.83946, 3,    6688.32,  117.2,   0.83946
"SCN_CN15_9083_CEI071", 13.8, 1,    6688.29,   -2.8,   0.83945, 2,    6688.28, -122.8,   0.83945, 3,    6688.28,  117.2,   0.83945
"SCN_CN15_9084_CEI071", 13.8, 1,    6688.24,   -2.8,   0.83945, 2,    6688.24, -122.8,   0.83945, 3,    6688.24,  117.2,   0.83945
"SCN_CN15_9145_CEI220_ATV", 13.8, 1,    5951.89,   -4.5,   0.74703, 2,    5951.88, -124.5,   0.74703, 3,    5951.88,  115.5,   0.74703
"SCN_CN15_9146_CEI220_ATV", 13.8, 1,     5951.8,   -4.5,   0.74702, 2,    5951.78, -124.5,   0.74701, 3,    5951.79,  115.5,   0.74701
"SCN_CN15_9004_CEI220_ATV", 13.8, 1,    6048.82,   -4.1,   0.75919, 2,    6048.81, -124.1,   0.75919, 3,    6048.81,  115.9,   0.75919
"SCN_CN15_9005_CEI220_ATV", 13.8, 1,    6048.81,   -4.1,   0.75919, 2,     6048.8, -124.1,   0.75919, 3,     6048.8,  115.9,   0.75919
"SCN_CN15_9088_CEI201_ATV", 13.8, 1,    6040.39,   -4.1,   0.75813, 2,    6040.37, -124.1,   0.75813, 3,    6040.38,  115.9,   0.75813
"SCN_CN15_9089_CEI201_ATV", 13.8, 1,     6040.4,   -4.1,   0.75814, 2,    6040.39, -124.1,   0.75814, 3,    6040.39,  115.9,   0.75814
"SCN_CN15_9016_CEIRJ003", 13.8, 1,    6041.05,   -4.1,   0.75822, 2,    6041.04, -124.1,   0.75822, 3,    6041.04,  115.9,   0.75822
"SCN_CN15_9089_CEI201_ATV_S", 13.8, 1,     6040.4,   -4.1,   0.75814, 2,    6040.39, -124.1,   0.75814, 3,    6040.39,  115.9,   0.75814
"SCN_CN15_9123_CEI69B", 13.8, 1,    6039.46,   -4.1,   0.75802, 2,    6039.45, -124.1,   0.75802, 3,    6039.45,  115.9,   0.75802
"SCN_CN15_9121_CEI69B", 13.8, 1,    6037.35,   -4.1,   0.75775, 2,    6037.33, -124.1,   0.75775, 3,    6037.34,  115.9,   0.75775
"SCN_CN15_9119_CEI69B", 13.8, 1,    6034.75,   -4.1,   0.75743, 2,    6034.74, -124.1,   0.75743, 3,    6034.74,  115.9,   0.75743
"SCN_CN15_9276_CEI109", 13.8, 1,    5878.52,   -4.8,   0.73782, 2,    5878.51, -124.8,   0.73782, 3,    5878.51,  115.2,   0.73782
"SCN_CN15_9277_CEI109", 13.8, 1,    5876.41,   -4.8,   0.73755, 2,     5876.4, -124.8,   0.73755, 3,    5876.41,  115.2,   0.73755
"SCN_CN15_9118_CEI69B", 13.8, 1,    6032.32,   -4.1,   0.75712, 2,     6032.3, -124.1,   0.75712, 3,    6032.31,  115.9,   0.75712
"SCN_CN15_9114_CEI230_ATV", 13.8, 1,    6026.21,   -4.1,   0.75635, 2,    6026.19, -124.1,   0.75635, 3,     6026.2,  115.9,   0.75635
"SCN_CN15_9113_CEI230_ATV", 13.8, 1,    6021.76,   -4.1,    0.7558, 2,    6021.75, -124.1,    0.7558, 3,    6021.75,  115.9,    0.7558
"SCN_CN15_9112_CEI230_ATV", 13.8, 1,    6013.39,   -4.1,   0.75475, 2,    6013.38, -124.1,   0.75474, 3,    6013.38,  115.9,   0.75474
"SCN_CN15_9111_CEI230_ATV_S", 13.8, 1,    6012.69,   -4.1,   0.75466, 2,    6012.68, -124.1,   0.75466, 3,    6012.68,  115.9,   0.75466
"SCN_CN15_9110_CEI230_ATV", 13.8, 1,    6012.66,   -4.1,   0.75466, 2,    6012.65, -124.1,   0.75465, 3,    6012.65,  115.9,   0.75465
"SCN_CN15_9111_CEI230_ATV", 13.8, 1,    6012.69,   -4.1,   0.75466, 2,    6012.68, -124.1,   0.75466, 3,    6012.68,  115.9,   0.75466
"SCN_CN15_9109_CEI230_ATV", 13.8, 1,    6012.64,   -4.1,   0.75465, 2,    6012.63, -124.1,   0.75465, 3,    6012.63,  115.9,   0.75465
"SCN_CN15_9108_CEI230_ATV", 13.8, 1,    6012.62,   -4.1,   0.75465, 2,     6012.6, -124.1,   0.75465, 3,    6012.61,  115.9,   0.75465
"SCN_CN15_9107_CEI230_ATV", 13.8, 1,     6012.6,   -4.1,   0.75465, 2,    6012.59, -124.1,   0.75465, 3,    6012.59,  115.9,   0.75465
"SCN_CN15_9106_CEI230_ATV", 13.8, 1,    6012.59,   -4.1,   0.75465, 2,    6012.57, -124.1,   0.75464, 3,    6012.58,  115.9,   0.75464
"SCN_CN15_9278_CEI109", 13.8, 1,    5874.54,   -4.8,   0.73732, 2,    5874.53, -124.8,   0.73732, 3,    5874.54,  115.2,   0.73732
"SCN_CN15_9104_CEI230_ATV", 13.8, 1,    6012.57,   -4.1,   0.75464, 2,    6012.56, -124.1,   0.75464, 3,    6012.56,  115.9,   0.75464
"SCN_CN15_9105_CEI230_ATV", 13.8, 1,    6012.56,   -4.1,   0.75464, 2,    6012.55, -124.1,   0.75464, 3,    6012.55,  115.9,   0.75464
"SCN_CN15_9103_CEI230_ATV", 13.8, 1,    6012.54,   -4.1,   0.75464, 2,    6012.53, -124.1,   0.75464, 3,    6012.53,  115.9,   0.75464
"SCN_CN15_9102_CEI230_ATV", 13.8, 1,    6012.53,   -4.1,   0.75464, 2,    6012.52, -124.1,   0.75464, 3,    6012.52,  115.9,   0.75464
"SCN_CN15_9100_CEI230_ATV", 13.8, 1,    6012.52,   -4.1,   0.75464, 2,     6012.5, -124.1,   0.75463, 3,    6012.51,  115.9,   0.75464
"SCN_CN15_9099_CEI230_ATV", 13.8, 1,     6012.5,   -4.1,   0.75463, 2,    6012.49, -124.1,   0.75463, 3,    6012.49,  115.9,   0.75463
"SCN_CN15_9098_CEI230_ATV", 13.8, 1,    6012.49,   -4.1,   0.75463, 2,    6012.48, -124.1,   0.75463, 3,    6012.48,  115.9,   0.75463
"SCN_CN15_9097_CEI230_ATV", 13.8, 1,    6012.48,   -4.1,   0.75463, 2,    6012.47, -124.1,   0.75463, 3,    6012.47,  115.9,   0.75463
"SCN_CN15_9096_CEI230_ATV", 13.8, 1,    6012.47,   -4.1,   0.75463, 2,    6012.45, -124.1,   0.75463, 3,    6012.46,  115.9,   0.75463
"SCN_CN15_9094_CEI230_ATV", 13.8, 1,    6012.46,   -4.1,   0.75463, 2,    6012.45, -124.1,   0.75463, 3,    6012.45,  115.9,   0.75463
"SCN_CN15_9281_CEI109", 13.8, 1,    5873.16,   -4.8,   0.73715, 2,    5873.15, -124.8,   0.73714, 3,    5873.16,  115.2,   0.73715
"SCN_CN15_9095_CEI230_ATV", 13.8, 1,    6012.46,   -4.1,   0.75463, 2,    6012.44, -124.1,   0.75463, 3,    6012.45,  115.9,   0.75463
"SCN_CN15_9120_CEI230_ATV", 13.8, 1,    6004.05,   -4.1,   0.75357, 2,    6004.03, -124.1,   0.75357, 3,    6004.04,  115.9,   0.75357
"SCN_CN15_9115_CEI230_ATV", 13.8, 1,    6003.91,   -4.1,   0.75356, 2,    6003.89, -124.1,   0.75355, 3,     6003.9,  115.9,   0.75355
"SCN_CN15_9119_CEI230_ATV", 13.8, 1,    5995.64,   -4.1,   0.75252, 2,    5995.63, -124.1,   0.75252, 3,    5995.63,  115.9,   0.75252
"SCN_CN15_9331_CEI109", 13.8, 1,    5810.63,   -5.1,    0.7293, 2,    5810.61, -125.1,    0.7293, 3,    5810.62,  114.9,    0.7293
"SCN_CN15_9332_CEI109", 13.8, 1,    5810.28,   -5.1,   0.72925, 2,    5810.27, -125.1,   0.72925, 3,    5810.27,  114.9,   0.72925
"SCN_CN15_9118_CEI230_ATV", 13.8, 1,    5987.36,   -4.1,   0.75148, 2,    5987.34, -124.1,   0.75148, 3,    5987.35,  115.9,   0.75148
"SCN_CN15_9117_CEI230_ATV", 13.8, 1,    5978.75,   -4.1,    0.7504, 2,    5978.74, -124.1,    0.7504, 3,    5978.74,  115.9,    0.7504
"SCN_CN15_9116_CEI230_ATV", 13.8, 1,     5970.6,   -4.1,   0.74938, 2,    5970.58, -124.1,   0.74937, 3,    5970.59,  115.9,   0.74937
"SCN_CN15_9014_CEIRJ003", 13.8, 1,    5962.77,   -4.1,   0.74839, 2,    5962.76, -124.1,   0.74839, 3,    5962.76,  115.9,   0.74839
"SCN_CN15_9002_CEI075", 13.8, 1,    5961.78,   -4.1,   0.74827, 2,    5961.77, -124.1,   0.74827, 3,    5961.77,  115.9,   0.74827
"SCN_CN15_9003_CEI075", 13.8, 1,    5960.74,   -4.1,   0.74814, 2,    5960.73, -124.1,   0.74814, 3,    5960.73,  115.9,   0.74814
"SCN_CN15_9282_CEI109", 13.8, 1,    5871.86,   -4.8,   0.73698, 2,    5871.84, -124.8,   0.73698, 3,    5871.85,  115.2,   0.73698
"SCN_CN15_9004_CEI075", 13.8, 1,    5959.58,   -4.1,   0.74799, 2,    5959.56, -124.1,   0.74799, 3,    5959.57,  115.9,   0.74799
"SCN_CN15_9052_CEIRJ006_ATV", 13.8, 1,    5960.72,   -4.1,   0.74814, 2,     5960.7, -124.1,   0.74813, 3,    5960.71,  115.9,   0.74813
"SCN_CN15_9005_CEI075", 13.8, 1,    5958.37,   -4.2,   0.74784, 2,    5958.35, -124.2,   0.74784, 3,    5958.36,  115.8,   0.74784
"SCN_CN15_9006_CEI075", 13.8, 1,    5956.92,   -4.2,   0.74766, 2,     5956.9, -124.2,   0.74766, 3,     5956.9,  115.8,   0.74766
"SCN_CN15_9007_CEI075", 13.8, 1,    5955.81,   -4.2,   0.74752, 2,     5955.8, -124.2,   0.74752, 3,     5955.8,  115.8,   0.74752
"SCN_CN15_9008_CEI075", 13.8, 1,    5954.43,   -4.2,   0.74735, 2,    5954.41, -124.2,   0.74734, 3,    5954.42,  115.8,   0.74734
"SCN_CN15_9009_CEI075", 13.8, 1,    5953.06,   -4.2,   0.74717, 2,    5953.05, -124.2,   0.74717, 3,    5953.05,  115.8,   0.74717
"SCN_CN15_9169_CEI230_ATV", 13.8, 1,    5953.05,   -4.2,   0.74717, 2,    5953.04, -124.2,   0.74717, 3,    5953.04,  115.8,   0.74717
"SCN_CN15_9010_CEI075", 13.8, 1,    5952.86,   -4.2,   0.74715, 2,    5952.84, -124.2,   0.74715, 3,    5952.85,  115.8,   0.74715
"SCN_CN15_9011_CEI075", 13.8, 1,    5952.64,   -4.2,   0.74712, 2,    5952.62, -124.2,   0.74712, 3,    5952.63,  115.8,   0.74712
"SCN_CN15_9012_CEI075", 13.8, 1,    5952.42,   -4.2,   0.74709, 2,    5952.41, -124.2,   0.74709, 3,    5952.41,  115.8,   0.74709
"SCN_CN15_9283_CEI109", 13.8, 1,    5869.87,   -4.8,   0.73673, 2,    5869.86, -124.8,   0.73673, 3,    5869.86,  115.2,   0.73673
"SCN_CN15_9013_CEI075", 13.8, 1,    5952.13,   -4.2,   0.74706, 2,    5952.11, -124.2,   0.74706, 3,    5952.11,  115.8,   0.74706
"SCN_CN15_9014_CEI075", 13.8, 1,    5951.84,   -4.2,   0.74702, 2,    5951.83, -124.2,   0.74702, 3,    5951.83,  115.8,   0.74702
"SCN_CN15_9015_CEI075", 13.8, 1,    5951.56,   -4.2,   0.74699, 2,    5951.55, -124.2,   0.74698, 3,    5951.55,  115.8,   0.74698
"SCN_CN15_9016_CEI075", 13.8, 1,    5951.27,   -4.2,   0.74695, 2,    5951.26, -124.2,   0.74695, 3,    5951.26,  115.8,   0.74695
"SCN_CN15_9017_CEI075", 13.8, 1,       5951,   -4.2,   0.74692, 2,    5950.98, -124.2,   0.74691, 3,    5950.99,  115.8,   0.74691
"SCN_CN15_9018_CEI075", 13.8, 1,    5950.71,   -4.2,   0.74688, 2,    5950.69, -124.2,   0.74688, 3,    5950.69,  115.8,   0.74688
"SCN_CN15_9019_CEI075", 13.8, 1,    5950.56,   -4.2,   0.74686, 2,    5950.54, -124.2,   0.74686, 3,    5950.55,  115.8,   0.74686
"SCN_CN15_9020_CEI075", 13.8, 1,    5950.41,   -4.2,   0.74684, 2,     5950.4, -124.2,   0.74684, 3,     5950.4,  115.8,   0.74684
"SCN_CN15_9022_CEI075", 13.8, 1,    5950.15,   -4.2,   0.74681, 2,    5950.14, -124.2,   0.74681, 3,    5950.14,  115.8,   0.74681
"SCN_CN15_9023_CEI075", 13.8, 1,    5949.93,   -4.2,   0.74678, 2,    5949.91, -124.2,   0.74678, 3,    5949.91,  115.8,   0.74678
"SCN_CN15_9284_CEI109", 13.8, 1,    5868.33,   -4.8,   0.73654, 2,    5868.31, -124.8,   0.73654, 3,    5868.32,  115.2,   0.73654
"SCN_CN15_9024_CEI075", 13.8, 1,    5949.64,   -4.2,   0.74675, 2,    5949.63, -124.2,   0.74674, 3,    5949.63,  115.8,   0.74674
"SCN_CN15_9025_CEI075", 13.8, 1,    5949.39,   -4.2,   0.74671, 2,    5949.38, -124.2,   0.74671, 3,    5949.38,  115.8,   0.74671
"SCN_CN15_9072_CEI230_ATV", 13.8, 1,    5949.37,   -4.2,   0.74671, 2,    5949.35, -124.2,   0.74671, 3,    5949.36,  115.8,   0.74671
"SCN_CN15_9028_CEI075", 13.8, 1,     5948.8,   -4.2,   0.74664, 2,    5948.79, -124.2,   0.74664, 3,    5948.79,  115.8,   0.74664
"SCN_CN15_9029_CEI075", 13.8, 1,    5948.67,   -4.2,   0.74662, 2,    5948.66, -124.2,   0.74662, 3,    5948.66,  115.8,   0.74662
"SCN_CN15_9027_CEI075", 13.8, 1,    5948.94,   -4.2,   0.74666, 2,    5948.92, -124.2,   0.74665, 3,    5948.93,  115.8,   0.74666
"SCN_CN15_9026_CEI075", 13.8, 1,    5949.16,   -4.2,   0.74668, 2,    5949.14, -124.2,   0.74668, 3,    5949.15,  115.8,   0.74668
"SCN_CN15_9030_CEI075", 13.8, 1,    5948.62,   -4.2,   0.74662, 2,     5948.6, -124.2,   0.74661, 3,    5948.61,  115.8,   0.74661
"SCN_CN15_9074_CEI230_ATV", 13.8, 1,    5948.45,   -4.2,   0.74659, 2,    5948.43, -124.2,   0.74659, 3,    5948.43,  115.8,   0.74659
"SCN_CN15_9075_CEI230_ATV", 13.8, 1,    5948.34,   -4.2,   0.74658, 2,    5948.33, -124.2,   0.74658, 3,    5948.33,  115.8,   0.74658
"SCN_CN15_9292_CEI109_S", 13.8, 1,    5866.02,   -4.9,   0.73625, 2,    5866.01, -124.9,   0.73625, 3,    5866.01,  115.1,   0.73625
"SCN_CN15_9076_CEI230_ATV_S", 13.8, 1,    5948.28,   -4.2,   0.74657, 2,    5948.26, -124.2,   0.74657, 3,    5948.27,  115.8,   0.74657
"SCN_CN15_9076_CEI230_ATV", 13.8, 1,    5948.28,   -4.2,   0.74657, 2,    5948.26, -124.2,   0.74657, 3,    5948.27,  115.8,   0.74657
"SCN_CN15_9079_CEI230_ATV", 13.8, 1,    5948.19,   -4.2,   0.74656, 2,    5948.18, -124.2,   0.74656, 3,    5948.18,  115.8,   0.74656
"SCN_CN15_9078_CEI230_ATV", 13.8, 1,    5948.11,   -4.2,   0.74655, 2,     5948.1, -124.2,   0.74655, 3,     5948.1,  115.8,   0.74655
"SCN_CN15_9077_CEI230_ATV", 13.8, 1,    5948.18,   -4.2,   0.74656, 2,    5948.16, -124.2,   0.74656, 3,    5948.16,  115.8,   0.74656
"SCN_CN15_9080_CEI230_ATV", 13.8, 1,    5948.06,   -4.2,   0.74655, 2,    5948.05, -124.2,   0.74655, 3,    5948.05,  115.8,   0.74655
"SCN_CN15_9081_CEI230_ATV", 13.8, 1,    5947.97,   -4.2,   0.74654, 2,    5947.96, -124.2,   0.74653, 3,    5947.96,  115.8,   0.74653
"SCN_CN15_9082_CEI230_ATV", 13.8, 1,    5947.97,   -4.2,   0.74654, 2,    5947.96, -124.2,   0.74653, 3,    5947.96,  115.8,   0.74653
"SCN_CN15_9084_CEI230_ATV", 13.8, 1,    5947.93,   -4.2,   0.74653, 2,    5947.92, -124.2,   0.74653, 3,    5947.92,  115.8,   0.74653
"SCN_CN15_9085_CEI230_ATV", 13.8, 1,    5947.89,   -4.2,   0.74653, 2,    5947.88, -124.2,   0.74652, 3,    5947.88,  115.8,   0.74652
"SCN_CN15_9086_CEI230_ATV", 13.8, 1,    5947.85,   -4.2,   0.74652, 2,    5947.84, -124.2,   0.74652, 3,    5947.84,  115.8,   0.74652
"SCN_CN15_9292_CEI109", 13.8, 1,    5866.02,   -4.9,   0.73625, 2,    5866.01, -124.9,   0.73625, 3,    5866.01,  115.1,   0.73625
"SCN_CN15_9423_CEI109", 13.8, 1,    5865.95,   -4.9,   0.73624, 2,    5865.94, -124.9,   0.73624, 3,    5865.94,  115.1,   0.73624
"SCN_CN15_9087_CEI230_ATV", 13.8, 1,    5947.82,   -4.2,   0.74652, 2,    5947.81, -124.2,   0.74652, 3,    5947.81,  115.8,   0.74652
"SCN_CN15_9083_CEI230_ATV", 13.8, 1,    5947.94,   -4.2,   0.74653, 2,    5947.92, -124.2,   0.74653, 3,    5947.93,  115.8,   0.74653
"SCN_CN15_9088_CEI230_ATV", 13.8, 1,     5947.9,   -4.2,   0.74653, 2,    5947.89, -124.2,   0.74653, 3,    5947.89,  115.8,   0.74653
"SCN_CN15_9090_CEI230_ATV", 13.8, 1,    5947.87,   -4.2,   0.74652, 2,    5947.86, -124.2,   0.74652, 3,    5947.86,  115.8,   0.74652
"SCN_CN15_9084_CEI148_ATV", 13.8, 1,    5794.52,   -5.1,   0.72728, 2,     5794.5, -125.1,   0.72727, 3,    5794.51,  114.9,   0.72727
"SCN_CN15_9083_CEI148_ATV", 13.8, 1,    5795.06,   -5.1,   0.72734, 2,    5795.05, -125.1,   0.72734, 3,    5795.05,  114.9,   0.72734
"SCN_CN15_9086_CEI148_ATV", 13.8, 1,    5794.08,   -5.1,   0.72722, 2,    5794.07, -125.1,   0.72722, 3,    5794.07,  114.9,   0.72722
"SCN_CN15_9100_CEI201_ATV", 13.8, 1,    6027.27,   -4.1,   0.75649, 2,    6027.26, -124.1,   0.75649, 3,    6027.26,  115.9,   0.75649
"SCN_CN15_9102_CEI201_ATV", 13.8, 1,    6027.32,   -4.1,   0.75649, 2,     6027.3, -124.1,   0.75649, 3,    6027.31,  115.9,   0.75649
"SCN_CN15_9087_CEI148_ATV", 13.8, 1,    5793.19,   -5.1,   0.72711, 2,    5793.18, -125.1,   0.72711, 3,    5793.18,  114.9,   0.72711
"SCN_CN15_9088_CEI148_ATV", 13.8, 1,    5793.16,   -5.1,    0.7271, 2,    5793.14, -125.1,    0.7271, 3,    5793.15,  114.9,    0.7271
"SCN_CN15_9090_CEI148_ATV", 13.8, 1,    5793.07,   -5.1,   0.72709, 2,    5793.06, -125.1,   0.72709, 3,    5793.07,  114.9,   0.72709
"SCN_CN15_9424_CEI109", 13.8, 1,    5865.84,   -4.9,   0.73623, 2,    5865.83, -124.9,   0.73623, 3,    5865.83,  115.1,   0.73623
"SCN_CN15_9034_CEI148A_ATV", 13.8, 1,    5792.61,   -5.1,   0.72704, 2,     5792.6, -125.1,   0.72703, 3,     5792.6,  114.9,   0.72704
"SCN_CN15_9033_CEI148A_ATV", 13.8, 1,    5792.09,   -5.1,   0.72697, 2,    5792.08, -125.1,   0.72697, 3,    5792.08,  114.9,   0.72697
"SCN_CN15_9035_CEI148A_ATV", 13.8, 1,    5792.07,   -5.1,   0.72697, 2,    5792.06, -125.1,   0.72697, 3,    5792.07,  114.9,   0.72697
"SCN_CN15_9031_CEI148A_ATV", 13.8, 1,    5791.54,   -5.1,    0.7269, 2,    5791.53, -125.1,    0.7269, 3,    5791.53,  114.9,    0.7269
"SCN_CN15_9030_CEI148A_ATV", 13.8, 1,    5791.04,   -5.1,   0.72684, 2,    5791.03, -125.1,   0.72684, 3,    5791.03,  114.9,   0.72684
"SCN_CN15_9029_CEI148A_ATV_S", 13.8, 1,    5790.99,   -5.1,   0.72683, 2,    5790.98, -125.1,   0.72683, 3,    5790.98,  114.9,   0.72683
"SCN_CN15_9028_CEI148A_ATV", 13.8, 1,    5790.97,   -5.1,   0.72683, 2,    5790.96, -125.1,   0.72683, 3,    5790.96,  114.9,   0.72683
"SCN_CN15_9029_CEI148A_ATV", 13.8, 1,    5790.99,   -5.1,   0.72683, 2,    5790.98, -125.1,   0.72683, 3,    5790.98,  114.9,   0.72683
"SCN_CN15_9032_CEI148A_ATV", 13.8, 1,    5790.96,   -5.1,   0.72683, 2,    5790.95, -125.1,   0.72683, 3,    5790.95,  114.9,   0.72683
"SCN_CN15_9078_CEI201_ATV", 13.8, 1,    5790.93,   -5.1,   0.72683, 2,    5790.92, -125.1,   0.72682, 3,    5790.92,  114.9,   0.72682
"SCN_CN15_9075_CEI201_ATV", 13.8, 1,     5790.9,   -5.1,   0.72682, 2,    5790.89, -125.1,   0.72682, 3,    5790.89,  114.9,   0.72682
"SCN_CN15_9425_CEI109", 13.8, 1,    5865.74,   -4.9,   0.73621, 2,    5865.72, -124.9,   0.73621, 3,    5865.73,  115.1,   0.73621
"SCN_CN15_9025_CEI148A_ATV", 13.8, 1,    5790.55,   -5.1,   0.72678, 2,    5790.54, -125.1,   0.72678, 3,    5790.54,  114.9,   0.72678
"SCN_CN15_9023_CEI148A_ATV_S", 13.8, 1,     5789.6,   -5.1,   0.72666, 2,    5789.59, -125.1,   0.72666, 3,    5789.59,  114.9,   0.72666
"SCN_CN15_9028_CEI69A", 13.8, 1,    5789.59,   -5.1,   0.72666, 2,    5789.57, -125.1,   0.72665, 3,    5789.58,  114.9,   0.72666
"SCN_CN15_9023_CEI148A_ATV", 13.8, 1,     5789.6,   -5.1,   0.72666, 2,    5789.59, -125.1,   0.72666, 3,    5789.59,  114.9,   0.72666
"SCN_CN15_9022_CEI148A_ATV", 13.8, 1,    5789.56,   -5.1,   0.72665, 2,    5789.55, -125.1,   0.72665, 3,    5789.55,  114.9,   0.72665
"SCN_CN15_9021_CEI148A_ATV", 13.8, 1,    5789.51,   -5.1,   0.72665, 2,     5789.5, -125.1,   0.72664, 3,     5789.5,  114.9,   0.72665
"SCN_CN15_9020_CEI148A_ATV_S", 13.8, 1,    5789.48,   -5.1,   0.72664, 2,    5789.47, -125.1,   0.72664, 3,    5789.47,  114.9,   0.72664
"SCN_CN15_9020_CEI148A_ATV", 13.8, 1,    5789.48,   -5.1,   0.72664, 2,    5789.47, -125.1,   0.72664, 3,    5789.47,  114.9,   0.72664
"SCN_CN15_9019_CEI148A_ATV", 13.8, 1,    5789.47,   -5.1,   0.72664, 2,    5789.46, -125.1,   0.72664, 3,    5789.46,  114.9,   0.72664
"SCN_CN15_9001_CEI148A_ATV", 13.8, 1,    5786.82,   -5.2,   0.72631, 2,     5786.8, -125.2,   0.72631, 3,    5786.81,  114.8,   0.72631
"SCN_CN15_9002_CEI148A_ATV", 13.8, 1,    5786.87,   -5.2,   0.72631, 2,    5786.85, -125.2,   0.72631, 3,    5786.86,  114.8,   0.72631
"SCN_CN15_9003_CEI148A_ATV", 13.8, 1,    5786.89,   -5.2,   0.72632, 2,    5786.88, -125.2,   0.72632, 3,    5786.88,  114.8,   0.72632
"SCN_CN15_9005_CEI148A_ATV", 13.8, 1,    5786.91,   -5.2,   0.72632, 2,     5786.9, -125.2,   0.72632, 3,     5786.9,  114.8,   0.72632
"SCN_CN15_9426_CEI109", 13.8, 1,    5865.65,   -4.9,    0.7362, 2,    5865.64, -124.9,    0.7362, 3,    5865.64,  115.1,    0.7362
"SCN_CN15_9004_CEI148A_ATV", 13.8, 1,    5786.93,   -5.2,   0.72632, 2,    5786.92, -125.2,   0.72632, 3,    5786.93,  114.8,   0.72632
"SCN_CN15_9143_CEI220_ATV", 13.8, 1,    5952.02,   -4.5,   0.74704, 2,    5952.01, -124.5,   0.74704, 3,    5952.02,  115.5,   0.74704
"SCN_CN15_9144_CEI220_ATV", 13.8, 1,    5951.96,   -4.5,   0.74704, 2,    5951.94, -124.5,   0.74703, 3,    5951.95,  115.5,   0.74703
"SCN_CN15_9006_CEI148A_ATV", 13.8, 1,    5786.99,   -5.2,   0.72633, 2,    5786.97, -125.2,   0.72633, 3,    5786.98,  114.8,   0.72633
"SCN_CN15_9007_CEI148A_ATV", 13.8, 1,    5787.04,   -5.2,   0.72634, 2,    5787.03, -125.2,   0.72634, 3,    5787.03,  114.8,   0.72634
"SCN_CN15_9008_CEI148A_ATV", 13.8, 1,    5787.13,   -5.2,   0.72635, 2,    5787.12, -125.2,   0.72635, 3,    5787.12,  114.8,   0.72635
"SCN_CN15_9010_CEI148A_ATV", 13.8, 1,    5787.28,   -5.2,   0.72637, 2,    5787.27, -125.2,   0.72637, 3,    5787.28,  114.8,   0.72637
"SCN_CN15_9009_CEI148A_ATV", 13.8, 1,    5787.13,   -5.2,   0.72635, 2,    5787.11, -125.2,   0.72635, 3,    5787.12,  114.8,   0.72635
"SCN_CN15_9011_CEI148A_ATV", 13.8, 1,    5787.37,   -5.2,   0.72638, 2,    5787.36, -125.2,   0.72638, 3,    5787.37,  114.8,   0.72638
"SCN_CN15_9012_CEI148A_ATV", 13.8, 1,    5787.46,   -5.2,   0.72639, 2,    5787.45, -125.2,   0.72639, 3,    5787.45,  114.8,   0.72639
"SCN_CN15_9013_CEI148A_ATV", 13.8, 1,    5787.61,   -5.2,   0.72641, 2,    5787.59, -125.2,   0.72641, 3,     5787.6,  114.8,   0.72641
"SCN_CN15_9014_CEI148A_ATV", 13.8, 1,    5787.79,   -5.2,   0.72643, 2,    5787.78, -125.2,   0.72643, 3,    5787.78,  114.8,   0.72643
"SCN_CN15_9015_CEI148A_ATV", 13.8, 1,    5787.99,   -5.1,   0.72646, 2,    5787.98, -125.1,   0.72645, 3,    5787.98,  114.9,   0.72645
"SCN_CN15_9427_CEI109", 13.8, 1,    5865.55,   -4.9,   0.73619, 2,    5865.54, -124.9,   0.73619, 3,    5865.54,  115.1,   0.73619
"SCN_CN15_9016_CEI148A_ATV", 13.8, 1,    5788.18,   -5.1,   0.72648, 2,    5788.17, -125.1,   0.72648, 3,    5788.17,  114.9,   0.72648
"SCN_CN15_9017_CEI148A_ATV", 13.8, 1,    5788.27,   -5.1,   0.72649, 2,    5788.25, -125.1,   0.72649, 3,    5788.26,  114.9,   0.72649
"SCN_CN15_9018_CEI148A_ATV", 13.8, 1,    5788.38,   -5.1,   0.72651, 2,    5788.37, -125.1,    0.7265, 3,    5788.37,  114.9,    0.7265
"SCN_CN15_9020_CEI69A", 13.8, 1,    5788.67,   -5.1,   0.72654, 2,    5788.66, -125.1,   0.72654, 3,    5788.66,  114.9,   0.72654
"SCN_CN15_9018_CEI148A_ATV_S", 13.8, 1,    5788.38,   -5.1,   0.72651, 2,    5788.37, -125.1,    0.7265, 3,    5788.37,  114.9,    0.7265
"SCN_CN15_9019_CEI69A", 13.8, 1,    5788.57,   -5.1,   0.72653, 2,    5788.56, -125.1,   0.72653, 3,    5788.57,  114.9,   0.72653
"SCN_CN15_9018_CEI69A", 13.8, 1,    5788.49,   -5.1,   0.72652, 2,    5788.48, -125.1,   0.72652, 3,    5788.48,  114.9,   0.72652
"SCN_CN15_9017_CEI69A", 13.8, 1,    5788.43,   -5.1,   0.72651, 2,    5788.41, -125.1,   0.72651, 3,    5788.42,  114.9,   0.72651
"SCN_CN15_9016_CEI69A", 13.8, 1,    5788.41,   -5.1,   0.72651, 2,     5788.4, -125.1,   0.72651, 3,     5788.4,  114.9,   0.72651
"SCN_CN15_9015_CEI69A", 13.8, 1,    5788.41,   -5.1,   0.72651, 2,     5788.4, -125.1,   0.72651, 3,     5788.4,  114.9,   0.72651
"SCN_CN15_9428_CEI109", 13.8, 1,    5865.44,   -4.9,   0.73618, 2,    5865.43, -124.9,   0.73618, 3,    5865.43,  115.1,   0.73618
"SCN_CN15_9012_CEI69A_S", 13.8, 1,    5788.38,   -5.1,   0.72651, 2,    5788.37, -125.1,    0.7265, 3,    5788.37,  114.9,    0.7265
"SCN_CN15_9012_CEI69A", 13.8, 1,    5788.38,   -5.1,   0.72651, 2,    5788.37, -125.1,    0.7265, 3,    5788.37,  114.9,    0.7265
"SCN_CN15_9013_CEI69A", 13.8, 1,    5788.37,   -5.1,    0.7265, 2,    5788.35, -125.1,    0.7265, 3,    5788.36,  114.9,    0.7265
"SCN_CN15_9014_CEI69A", 13.8, 1,    5788.35,   -5.1,    0.7265, 2,    5788.34, -125.1,    0.7265, 3,    5788.34,  114.9,    0.7265
"SCN_CN15_9011_CEI69A", 13.8, 1,    5788.38,   -5.1,   0.72651, 2,    5788.37, -125.1,    0.7265, 3,    5788.37,  114.9,    0.7265
"SCN_CN15_9073_CEIRJ006_ATV", 13.8, 1,    5793.03,   -5.1,   0.72709, 2,    5793.01, -125.1,   0.72709, 3,    5793.02,  114.9,   0.72709
"SCN_CN15_9091_CEI148_ATV", 13.8, 1,    5793.02,   -5.1,   0.72709, 2,       5793, -125.1,   0.72709, 3,    5793.01,  114.9,   0.72709
"SCN_CN15_9092_CEI148_ATV", 13.8, 1,    5793.01,   -5.1,   0.72709, 2,    5792.99, -125.1,   0.72708, 3,       5793,  114.9,   0.72708
"SCN_CN15_9089_CEI148_ATV", 13.8, 1,       5793,   -5.1,   0.72708, 2,    5792.99, -125.1,   0.72708, 3,    5792.99,  114.9,   0.72708
"SCN_CN15_9042_CEI69A", 13.8, 1,     5793.1,   -5.1,    0.7271, 2,    5793.09, -125.1,    0.7271, 3,    5793.09,  114.9,    0.7271
"SCN_CN15_9100_CEI072", 13.8, 1,    6948.68,   -2.3,   0.87213, 2,    6948.67, -122.3,   0.87213, 3,    6948.67,  117.7,   0.87213
"SCN_CN15_9101_CEI072", 13.8, 1,    6948.59,   -2.3,   0.87212, 2,    6948.58, -122.3,   0.87212, 3,    6948.59,  117.7,   0.87212
"SCN_CN15_9102_CEI072", 13.8, 1,     6948.5,   -2.3,   0.87211, 2,    6948.49, -122.3,   0.87211, 3,    6948.49,  117.7,   0.87211
"SCN_CN15_9103_CEI072", 13.8, 1,    6948.41,   -2.3,    0.8721, 2,     6948.4, -122.3,    0.8721, 3,     6948.4,  117.7,    0.8721
"SCN_CN15_9104_CEI072", 13.8, 1,    6948.32,   -2.3,   0.87209, 2,    6948.31, -122.3,   0.87209, 3,    6948.32,  117.7,   0.87209
"SCN_CN15_9105_CEI072", 13.8, 1,    6948.23,   -2.3,   0.87208, 2,    6948.22, -122.3,   0.87208, 3,    6948.22,  117.7,   0.87208
"SCN_CN15_9491_CEI109", 13.8, 1,    5811.39,   -5.1,   0.72939, 2,    5811.38, -125.1,   0.72939, 3,    5811.38,  114.9,   0.72939
"SCN_CN15_9492_CEI109", 13.8, 1,    5811.28,   -5.1,   0.72938, 2,    5811.27, -125.1,   0.72938, 3,    5811.27,  114.9,   0.72938
"SCN_CN15_9106_CEI072", 13.8, 1,    6948.15,   -2.3,   0.87207, 2,    6948.14, -122.3,   0.87207, 3,    6948.14,  117.7,   0.87207
"SCN_CN15_9107_CEI072", 13.8, 1,    6947.97,   -2.3,   0.87205, 2,    6947.96, -122.3,   0.87205, 3,    6947.96,  117.7,   0.87205
"SCN_CN15_9108_CEI072", 13.8, 1,    6947.83,   -2.3,   0.87203, 2,    6947.83, -122.3,   0.87203, 3,    6947.83,  117.7,   0.87203
"SCN_CN15_9109_CEI072", 13.8, 1,    6947.76,   -2.3,   0.87202, 2,    6947.75, -122.3,   0.87202, 3,    6947.75,  117.7,   0.87202
"SCN_CN15_9110_CEI072", 13.8, 1,    6947.68,   -2.3,   0.87201, 2,    6947.68, -122.3,   0.87201, 3,    6947.68,  117.7,   0.87201
"SCN_CN15_9111_CEI072", 13.8, 1,    6947.59,   -2.3,     0.872, 2,    6947.58, -122.3,     0.872, 3,    6947.59,  117.7,     0.872
"SCN_CN15_9112_CEI072", 13.8, 1,     6947.5,   -2.3,   0.87199, 2,    6947.49, -122.3,   0.87199, 3,     6947.5,  117.7,   0.87199
"SCN_CN15_9113_CEI072", 13.8, 1,     6947.4,   -2.3,   0.87197, 2,     6947.4, -122.3,   0.87197, 3,     6947.4,  117.7,   0.87197
"SCN_CN15_9114_CEI072", 13.8, 1,    6947.31,   -2.3,   0.87196, 2,     6947.3, -122.3,   0.87196, 3,     6947.3,  117.7,   0.87196
"SCN_CN15_9005_CEI077_ATV", 13.8, 1,    7038.62,   -2.1,   0.88342, 2,    7038.61, -122.1,   0.88342, 3,    7038.61,  117.9,   0.88342
"SCN_CN15_9008_CEI077_ATV", 13.8, 1,    7038.16,   -2.1,   0.88337, 2,    7038.15, -122.1,   0.88336, 3,    7038.15,  117.9,   0.88337
"SCN_CN15_9493_CEI109", 13.8, 1,     5811.2,   -5.1,   0.72937, 2,    5811.18, -125.1,   0.72937, 3,    5811.19,  114.9,   0.72937
"SCN_CN15_9009_CEI077_ATV", 13.8, 1,    7037.62,   -2.1,    0.8833, 2,    7037.61, -122.1,    0.8833, 3,    7037.61,  117.9,    0.8833
"SCN_CN15_9037_CEI230_ATV_S", 13.8, 1,     7128.9,   -1.9,   0.89475, 2,    7128.89, -121.9,   0.89475, 3,     7128.9,  118.1,   0.89475
"SCN_CN15_9092_CEI77A_ATV", 13.8, 1,    7132.17,   -1.9,   0.89517, 2,    7132.16, -121.9,   0.89516, 3,    7132.17,  118.1,   0.89516
"SCN_CN15_9093_CEI77A_ATV", 13.8, 1,    7133.28,   -1.9,   0.89531, 2,    7133.28, -121.9,    0.8953, 3,    7133.28,  118.1,    0.8953
"SCN_CN15_9093_CEI77A_ATV_S", 13.8, 1,    7133.28,   -1.9,   0.89531, 2,    7133.28, -121.9,    0.8953, 3,    7133.28,  118.1,    0.8953
"SCN_CN15_9094_CEI77A_ATV", 13.8, 1,    7136.64,   -1.9,   0.89573, 2,    7136.63, -121.9,   0.89573, 3,    7136.63,  118.1,   0.89573
"SCN_CN15_9100_CEI77A_ATV", 13.8, 1,    7140.38,   -1.9,    0.8962, 2,    7140.37, -121.9,   0.89619, 3,    7140.37,  118.1,   0.89619
"SCN_CN15_9094_CEI77A_ATV_S", 13.8, 1,    7136.64,   -1.9,   0.89573, 2,    7136.63, -121.9,   0.89573, 3,    7136.63,  118.1,   0.89573
"SCN_CN15_9101_CEI77A_ATV", 13.8, 1,    7142.22,   -1.9,   0.89643, 2,    7142.21, -121.9,   0.89643, 3,    7142.22,  118.1,   0.89643
"SCN_CN15_9101_CEI77A_ATV_S", 13.8, 1,    7142.22,   -1.9,   0.89643, 2,    7142.21, -121.9,   0.89643, 3,    7142.22,  118.1,   0.89643
"SCN_CN15_9102_CEI77A_ATV", 13.8, 1,    7144.06,   -1.9,   0.89666, 2,    7144.06, -121.9,   0.89666, 3,    7144.06,  118.1,   0.89666
"SCN_CN15_9104_CEI77A_ATV", 13.8, 1,    7147.58,   -1.9,    0.8971, 2,    7147.58, -121.9,    0.8971, 3,    7147.58,  118.1,    0.8971
"SCN_CN15_9103_CEI77A_ATV", 13.8, 1,    7144.03,   -1.9,   0.89665, 2,    7144.02, -121.9,   0.89665, 3,    7144.03,  118.1,   0.89665
"SCN_CN15_9095_CEI77A_ATV", 13.8, 1,    7136.13,   -1.9,   0.89566, 2,    7136.13, -121.9,   0.89566, 3,    7136.13,  118.1,   0.89566
"SCN_CN15_9494_CEI109", 13.8, 1,    5811.12,   -5.1,   0.72936, 2,    5811.11, -125.1,   0.72936, 3,    5811.11,  114.9,   0.72936
"SCN_CN15_9096_CEI77A_ATV", 13.8, 1,    7136.09,   -1.9,   0.89566, 2,    7136.08, -121.9,   0.89566, 3,    7136.08,  118.1,   0.89566
"SCN_CN15_9097_CEI77A_ATV", 13.8, 1,    7135.81,   -1.9,   0.89562, 2,     7135.8, -121.9,   0.89562, 3,     7135.8,  118.1,   0.89562
"SCN_CN15_9098_CEI77A_ATV", 13.8, 1,    7135.48,   -1.9,   0.89558, 2,    7135.47, -121.9,   0.89558, 3,    7135.48,  118.1,   0.89558
"SCN_CN15_9099_CEI77A_ATV", 13.8, 1,     7135.2,   -1.9,   0.89555, 2,     7135.2, -121.9,   0.89555, 3,     7135.2,  118.1,   0.89555
"SCN_CN15_9042_CEI160_ATV", 13.8, 1,    7061.72,   -2.0,   0.88632, 2,    7061.72, -122.0,   0.88632, 3,    7061.72,  118.0,   0.88632
"SCN_CN15_9048_CEI160_ATV", 13.8, 1,    7061.87,   -2.0,   0.88634, 2,    7061.86, -122.0,   0.88634, 3,    7061.87,  118.0,   0.88634
"SCN_CN15_9049_CEI160_ATV", 13.8, 1,    7061.97,   -2.0,   0.88635, 2,    7061.96, -122.0,   0.88635, 3,    7061.96,  118.0,   0.88635
"SCN_CN15_9005_CEIRJ012_ATV", 13.8, 1,    7062.62,   -2.0,   0.88644, 2,    7062.61, -122.0,   0.88643, 3,    7062.61,  118.0,   0.88643
"SCN_CN15_9004_CEIRJ012_ATV", 13.8, 1,     7062.4,   -2.0,   0.88641, 2,    7062.39, -122.0,   0.88641, 3,    7062.39,  118.0,   0.88641
"SCN_CN15_9496_CEI109", 13.8, 1,    5811.08,   -5.1,   0.72935, 2,    5811.07, -125.1,   0.72935, 3,    5811.07,  114.9,   0.72935
"SCN_CN15_9015_CEI077_ATV", 13.8, 1,    7065.59,   -2.0,   0.88681, 2,    7065.58, -122.0,   0.88681, 3,    7065.58,  118.0,   0.88681
"SCN_CN15_9013_CEI077_ATV", 13.8, 1,    7066.93,   -2.0,   0.88698, 2,    7066.92, -122.0,   0.88698, 3,    7066.92,  118.0,   0.88698
"SCN_CN15_9014_CEI077_ATV_S", 13.8, 1,    7065.77,   -2.0,   0.88683, 2,    7065.77, -122.0,   0.88683, 3,    7065.77,  118.0,   0.88683
"SCN_CN15_9011_CEI077_ATV", 13.8, 1,    7067.77,   -2.0,   0.88708, 2,    7067.76, -122.0,   0.88708, 3,    7067.77,  118.0,   0.88708
"SCN_CN15_9010_CEI077_ATV", 13.8, 1,    7068.73,   -2.0,    0.8872, 2,    7068.72, -122.0,    0.8872, 3,    7068.73,  118.0,    0.8872
"SCN_CN15_9016_CEI077_ATV", 13.8, 1,    7095.79,   -2.0,    0.8906, 2,    7095.79, -122.0,    0.8906, 3,    7095.79,  118.0,    0.8906
"SCN_CN15_9018_CEI077_ATV", 13.8, 1,    7123.51,   -1.9,   0.89408, 2,    7123.51, -121.9,   0.89408, 3,    7123.51,  118.1,   0.89408
"SCN_CN15_9017_CEI077_ATV", 13.8, 1,    7095.73,   -2.0,   0.89059, 2,    7095.72, -122.0,   0.89059, 3,    7095.73,  118.0,   0.89059
"SCN_CN15_9129_CEI77A_ATV_S", 13.8, 1,    7153.19,   -1.9,    0.8978, 2,    7153.19, -121.9,    0.8978, 3,    7153.19,  118.1,    0.8978
"SCN_CN15_9019_CEI077_ATV", 13.8, 1,    7122.47,   -1.9,   0.89395, 2,    7122.46, -121.9,   0.89395, 3,    7122.46,  118.1,   0.89395
"SCN_CN15_9497_CEI109", 13.8, 1,    5811.04,   -5.1,   0.72935, 2,    5811.03, -125.1,   0.72935, 3,    5811.03,  114.9,   0.72935
"SCN_CN15_9020_CEI077_ATV", 13.8, 1,    7121.19,   -1.9,   0.89379, 2,    7121.19, -121.9,   0.89379, 3,    7121.19,  118.1,   0.89379
"SCN_CN15_9022_CEI077_ATV", 13.8, 1,    7120.07,   -1.9,   0.89365, 2,    7120.07, -121.9,   0.89365, 3,    7120.07,  118.1,   0.89365
"SCN_CN15_9023_CEI077_ATV", 13.8, 1,    7119.25,   -1.9,   0.89354, 2,    7119.24, -121.9,   0.89354, 3,    7119.24,  118.1,   0.89354
"SCN_CN15_9024_CEI077_ATV", 13.8, 1,    7119.16,   -1.9,   0.89353, 2,    7119.16, -121.9,   0.89353, 3,    7119.16,  118.1,   0.89353
"SCN_CN15_9021_CEI077_ATV", 13.8, 1,    7119.76,   -1.9,   0.89361, 2,    7119.76, -121.9,   0.89361, 3,    7119.76,  118.1,   0.89361
"SCN_CN15_9025_CEI077_ATV", 13.8, 1,    7118.59,   -1.9,   0.89346, 2,    7118.58, -121.9,   0.89346, 3,    7118.58,  118.1,   0.89346
"SCN_CN15_9027_CEI077_ATV", 13.8, 1,    7117.78,   -1.9,   0.89336, 2,    7117.78, -121.9,   0.89336, 3,    7117.78,  118.1,   0.89336
"SCN_CN15_9028_CEI077_ATV", 13.8, 1,    7117.71,   -1.9,   0.89335, 2,     7117.7, -121.9,   0.89335, 3,     7117.7,  118.1,   0.89335
"SCN_CN15_9026_CEI077_ATV", 13.8, 1,    7117.77,   -1.9,   0.89336, 2,    7117.77, -121.9,   0.89336, 3,    7117.77,  118.1,   0.89336
"SCN_CN15_9498_CEI109", 13.8, 1,       5811,   -5.1,   0.72934, 2,    5810.99, -125.1,   0.72934, 3,    5810.99,  114.9,   0.72934
"SCN_CN15_9040_CEI160_ATV", 13.8, 1,    7117.32,   -1.9,    0.8933, 2,    7117.32, -121.9,    0.8933, 3,    7117.32,  118.1,    0.8933
"SCN_CN15_9041_CEI160_ATV", 13.8, 1,    7117.42,   -1.9,   0.89331, 2,    7117.42, -121.9,   0.89331, 3,    7117.42,  118.1,   0.89331
"SCN_CN15_9039_CEI160_ATV", 13.8, 1,    7117.26,   -1.9,   0.89329, 2,    7117.25, -121.9,   0.89329, 3,    7117.26,  118.1,   0.89329
"SCN_CN15_9030_CEI077_ATV", 13.8, 1,    7117.59,   -1.9,   0.89334, 2,    7117.58, -121.9,   0.89333, 3,    7117.58,  118.1,   0.89333
"SCN_CN15_9029_CEI077_ATV", 13.8, 1,     7117.4,   -1.9,   0.89331, 2,     7117.4, -121.9,   0.89331, 3,     7117.4,  118.1,   0.89331
"SCN_CN15_9129_CEI77A_ATV", 13.8, 1,    7153.19,   -1.9,    0.8978, 2,    7153.19, -121.9,    0.8978, 3,    7153.19,  118.1,    0.8978
"SCN_CN15_9130_CEI77A_ATV", 13.8, 1,     7158.9,   -1.9,   0.89852, 2,     7158.9, -121.9,   0.89852, 3,     7158.9,  118.1,   0.89852
"SCN_CN15_9002_CEI077", 13.8, 1,    7166.79,   -1.9,   0.89951, 2,    7166.79, -121.9,   0.89951, 3,    7166.79,  118.1,   0.89951
"SCN_CN15_9132_CEI77A_ATV_S", 13.8, 1,    7190.76,   -1.8,   0.90252, 2,    7190.76, -121.8,   0.90252, 3,    7190.76,  118.2,   0.90252
"SCN_CN15_9132_CEI77A_ATV", 13.8, 1,    7190.76,   -1.8,   0.90252, 2,    7190.76, -121.8,   0.90252, 3,    7190.76,  118.2,   0.90252
"SCN_CN15_9133_CEI77A_ATV", 13.8, 1,    7190.75,   -1.8,   0.90252, 2,    7190.75, -121.8,   0.90252, 3,    7190.75,  118.2,   0.90252
"SCN_CN15_9134_CEI77A_ATV", 13.8, 1,    7222.27,   -1.8,   0.90647, 2,    7222.26, -121.8,   0.90647, 3,    7222.26,  118.2,   0.90647
"SCN_CN15_9135_CEI77A_ATV", 13.8, 1,    7254.05,   -1.7,   0.91046, 2,    7254.04, -121.7,   0.91046, 3,    7254.05,  118.3,   0.91046
"SCN_CN15_9499_CEI109", 13.8, 1,    5810.94,   -5.1,   0.72934, 2,    5810.93, -125.1,   0.72934, 3,    5810.93,  114.9,   0.72934
"SCN_CN15_9136_CEI77A_ATV", 13.8, 1,    7253.97,   -1.7,   0.91045, 2,    7253.97, -121.7,   0.91045, 3,    7253.97,  118.3,   0.91045
"SCN_CN15_9204_CEI230_ATV", 13.8, 1,    5792.99,   -5.1,   0.72708, 2,    5792.97, -125.1,   0.72708, 3,    5792.98,  114.9,   0.72708
"SCN_CN15_9429_CEI109", 13.8, 1,    5865.37,   -4.9,   0.73617, 2,    5865.36, -124.9,   0.73617, 3,    5865.36,  115.1,   0.73617
"SCN_CN15_9203_CEI230_ATV", 13.8, 1,    5792.99,   -5.1,   0.72708, 2,    5792.97, -125.1,   0.72708, 3,    5792.98,  114.9,   0.72708
"SCN_CN15_9202_CEI230_ATV", 13.8, 1,    5792.99,   -5.1,   0.72708, 2,    5792.97, -125.1,   0.72708, 3,    5792.98,  114.9,   0.72708
"SCN_CN15_9205_CEI230_ATV", 13.8, 1,    5792.98,   -5.1,   0.72708, 2,    5792.97, -125.1,   0.72708, 3,    5792.97,  114.9,   0.72708
"SCN_CN15_9189_CEI230_ATV", 13.8, 1,    5792.66,   -5.1,   0.72704, 2,    5792.65, -125.1,   0.72704, 3,    5792.65,  114.9,   0.72704
"SCN_CN15_9188_CEI230_ATV", 13.8, 1,    5792.66,   -5.1,   0.72704, 2,    5792.65, -125.1,   0.72704, 3,    5792.65,  114.9,   0.72704
"SCN_CN15_9191_CEI230_ATV", 13.8, 1,     5792.4,   -5.1,   0.72701, 2,    5792.39, -125.1,   0.72701, 3,    5792.39,  114.9,   0.72701
"SCN_CN15_9192_CEI230_ATV", 13.8, 1,    5792.36,   -5.1,   0.72701, 2,    5792.35, -125.1,     0.727, 3,    5792.36,  114.9,     0.727
"SCN_CN15_9193_CEI230_ATV", 13.8, 1,    5792.36,   -5.1,     0.727, 2,    5792.35, -125.1,     0.727, 3,    5792.35,  114.9,     0.727
"SCN_CN15_9190_CEI230_ATV", 13.8, 1,    5792.38,   -5.1,   0.72701, 2,    5792.37, -125.1,   0.72701, 3,    5792.37,  114.9,   0.72701
"SCN_CN15_9194_CEI230_ATV", 13.8, 1,    5792.27,   -5.1,   0.72699, 2,    5792.26, -125.1,   0.72699, 3,    5792.27,  114.9,   0.72699
"SCN_CN15_9017_CEI220_ATV", 13.8, 1,    5865.32,   -4.9,   0.73616, 2,     5865.3, -124.9,   0.73616, 3,    5865.31,  115.1,   0.73616
"SCN_CN15_9195_CEI230_ATV", 13.8, 1,    5792.23,   -5.1,   0.72699, 2,    5792.21, -125.1,   0.72699, 3,    5792.22,  114.9,   0.72699
"SCN_CN15_9071_CEIRJ006_ATV", 13.8, 1,    5792.36,   -5.1,     0.727, 2,    5792.35, -125.1,     0.727, 3,    5792.35,  114.9,     0.727
"SCN_CN15_9070_CEIRJ006_ATV", 13.8, 1,    5792.22,   -5.1,   0.72699, 2,    5792.21, -125.1,   0.72699, 3,    5792.22,  114.9,   0.72699
"SCN_CN15_9020_CEIRJ013_ATV", 13.8, 1,    6044.98,   -4.1,   0.75871, 2,    6044.97, -124.1,   0.75871, 3,    6044.97,  115.9,   0.75871
"SCN_CN15_9143_CEI69B_S", 13.8, 1,    6043.26,   -4.1,    0.7585, 2,    6043.25, -124.1,   0.75849, 3,    6043.26,  115.9,   0.75849
"SCN_CN15_9036_CEI160_ATV", 13.8, 1,    6044.97,   -4.1,   0.75871, 2,    6044.95, -124.1,   0.75871, 3,    6044.96,  115.9,   0.75871
"SCN_CN15_9037_CEI160_ATV", 13.8, 1,    6044.94,   -4.1,   0.75871, 2,    6044.93, -124.1,    0.7587, 3,    6044.93,  115.9,   0.75871
"SCN_CN15_9141_CEI69B", 13.8, 1,    6046.76,   -4.1,   0.75893, 2,    6046.75, -124.1,   0.75893, 3,    6046.75,  115.9,   0.75893
"SCN_CN15_9144_CEI69B", 13.8, 1,     6049.2,   -4.1,   0.75924, 2,    6049.19, -124.1,   0.75924, 3,    6049.19,  115.9,   0.75924
"SCN_CN15_9146_CEI69B", 13.8, 1,    6049.19,   -4.1,   0.75924, 2,    6049.18, -124.1,   0.75924, 3,    6049.18,  115.9,   0.75924
"SCN_CN15_9433_CEI109", 13.8, 1,    5865.21,   -4.9,   0.73615, 2,     5865.2, -124.9,   0.73615, 3,     5865.2,  115.1,   0.73615
"SCN_CN15_9145_CEI69B", 13.8, 1,    6049.18,   -4.1,   0.75924, 2,    6049.17, -124.1,   0.75924, 3,    6049.17,  115.9,   0.75924
"SCN_CN15_9151_CEI69B", 13.8, 1,    6050.81,   -4.1,   0.75944, 2,    6050.79, -124.1,   0.75944, 3,     6050.8,  115.9,   0.75944
"SCN_CN15_9153_CEI69B", 13.8, 1,    6053.74,   -4.1,   0.75981, 2,    6053.73, -124.1,   0.75981, 3,    6053.73,  115.9,   0.75981
"SCN_CN15_9187_CEI69B", 13.8, 1,    6053.28,   -4.1,   0.75975, 2,    6053.27, -124.1,   0.75975, 3,    6053.28,  115.9,   0.75975
"SCN_CN15_9186_CEI69B", 13.8, 1,    6053.01,   -4.1,   0.75972, 2,       6053, -124.1,   0.75972, 3,       6053,  115.9,   0.75972
"SCN_CN15_9185_CEI69B", 13.8, 1,    6052.75,   -4.1,   0.75969, 2,    6052.74, -124.1,   0.75969, 3,    6052.74,  115.9,   0.75969
"SCN_CN15_9184_CEI69B", 13.8, 1,     6052.4,   -4.1,   0.75964, 2,    6052.39, -124.1,   0.75964, 3,    6052.39,  115.9,   0.75964
"SCN_CN15_9183_CEI69B", 13.8, 1,    6052.06,   -4.1,    0.7596, 2,    6052.05, -124.1,    0.7596, 3,    6052.05,  115.9,    0.7596
"SCN_CN15_9182_CEI69B", 13.8, 1,    6051.72,   -4.1,   0.75956, 2,    6051.71, -124.1,   0.75956, 3,    6051.71,  115.9,   0.75956
"SCN_CN15_9018_CEI220_ATV", 13.8, 1,     5865.1,   -4.9,   0.73613, 2,    5865.09, -124.9,   0.73613, 3,    5865.09,  115.1,   0.73613
"SCN_CN15_9181_CEI69B", 13.8, 1,    6051.38,   -4.1,   0.75951, 2,    6051.37, -124.1,   0.75951, 3,    6051.37,  115.9,   0.75951
"SCN_CN15_9180_CEI69B", 13.8, 1,    6051.03,   -4.1,   0.75947, 2,    6051.02, -124.1,   0.75947, 3,    6051.02,  115.9,   0.75947
"SCN_CN15_9179_CEI69B_S", 13.8, 1,     6050.7,   -4.1,   0.75943, 2,    6050.69, -124.1,   0.75943, 3,    6050.69,  115.9,   0.75943
"SCN_CN15_9098_CEI201_ATV", 13.8, 1,    6050.68,   -4.1,   0.75943, 2,    6050.67, -124.1,   0.75943, 3,    6050.67,  115.9,   0.75943
"SCN_CN15_9179_CEI69B", 13.8, 1,     6050.7,   -4.1,   0.75943, 2,    6050.69, -124.1,   0.75943, 3,    6050.69,  115.9,   0.75943
"SCN_CN15_9189_CEI69B", 13.8, 1,    6050.67,   -4.1,   0.75942, 2,    6050.65, -124.1,   0.75942, 3,    6050.66,  115.9,   0.75942
"SCN_CN15_9178_CEI69B", 13.8, 1,    6050.39,   -4.1,   0.75939, 2,    6050.37, -124.1,   0.75939, 3,    6050.38,  115.9,   0.75939
"SCN_CN15_9177_CEI69B", 13.8, 1,    6050.08,   -4.1,   0.75935, 2,    6050.06, -124.1,   0.75935, 3,    6050.07,  115.9,   0.75935
"SCN_CN15_9176_CEI69B", 13.8, 1,    6049.78,   -4.1,   0.75931, 2,    6049.77, -124.1,   0.75931, 3,    6049.77,  115.9,   0.75931
"SCN_CN15_9175_CEI69B", 13.8, 1,    6049.44,   -4.1,   0.75927, 2,    6049.43, -124.1,   0.75927, 3,    6049.43,  115.9,   0.75927
"SCN_CN15_9171_CEI69B", 13.8, 1,    6049.15,   -4.1,   0.75923, 2,    6049.14, -124.1,   0.75923, 3,    6049.14,  115.9,   0.75923
"SCN_CN15_9436_CEI109", 13.8, 1,    5865.02,   -4.9,   0.73612, 2,       5865, -124.9,   0.73612, 3,    5865.01,  115.1,   0.73612
"SCN_CN15_9170_CEI69B", 13.8, 1,    6049.14,   -4.1,   0.75923, 2,    6049.13, -124.1,   0.75923, 3,    6049.13,  115.9,   0.75923
"SCN_CN15_9172_CEI69B", 13.8, 1,    6048.81,   -4.1,   0.75919, 2,    6048.79, -124.1,   0.75919, 3,     6048.8,  115.9,   0.75919
"SCN_CN15_9174_CEI69B", 13.8, 1,    6049.37,   -4.1,   0.75926, 2,    6049.35, -124.1,   0.75926, 3,    6049.36,  115.9,   0.75926
"SCN_CN15_9126_CEI201_ATV", 13.8, 1,    6048.59,   -4.1,   0.75916, 2,    6048.58, -124.1,   0.75916, 3,    6048.58,  115.9,   0.75916
"SCN_CN15_9008_CEI220_ATV_S", 13.8, 1,    6048.54,   -4.1,   0.75916, 2,    6048.53, -124.1,   0.75916, 3,    6048.53,  115.9,   0.75916
"SCN_CN15_9173_CEI69B", 13.8, 1,    6049.28,   -4.1,   0.75925, 2,    6049.27, -124.1,   0.75925, 3,    6049.27,  115.9,   0.75925
"SCN_CN15_9120_CEI201_ATV", 13.8, 1,    6049.19,   -4.1,   0.75924, 2,    6049.17, -124.1,   0.75924, 3,    6049.18,  115.9,   0.75924
"SCN_CN15_9002_CEI220_ATV", 13.8, 1,     6049.1,   -4.1,   0.75923, 2,    6049.09, -124.1,   0.75923, 3,    6049.09,  115.9,   0.75923
"SCN_CN15_9181_CEI69A", 13.8, 1,    6048.59,   -4.1,   0.75916, 2,    6048.57, -124.1,   0.75916, 3,    6048.58,  115.9,   0.75916
"SCN_CN15_9125_CEI201_ATV", 13.8, 1,    6048.68,   -4.1,   0.75917, 2,    6048.66, -124.1,   0.75917, 3,    6048.67,  115.9,   0.75917
"SCN_CN15_9437_CEI109", 13.8, 1,    5864.98,   -4.9,   0.73612, 2,    5864.97, -124.9,   0.73612, 3,    5864.97,  115.1,   0.73612
"SCN_CN15_9128_CEI201_ATV", 13.8, 1,    6048.47,   -4.1,   0.75915, 2,    6048.46, -124.1,   0.75915, 3,    6048.46,  115.9,   0.75915
"SCN_CN15_9185_CEI69A", 13.8, 1,    6048.39,   -4.1,   0.75914, 2,    6048.38, -124.1,   0.75914, 3,    6048.38,  115.9,   0.75914
"SCN_CN15_9195_CEI69A", 13.8, 1,    6048.37,   -4.1,   0.75914, 2,    6048.35, -124.1,   0.75913, 3,    6048.36,  115.9,   0.75913
"SCN_CN15_9196_CEI69A", 13.8, 1,    6048.33,   -4.1,   0.75913, 2,    6048.31, -124.1,   0.75913, 3,    6048.32,  115.9,   0.75913
"SCN_CN15_9197_CEI69A", 13.8, 1,     6048.3,   -4.1,   0.75913, 2,    6048.29, -124.1,   0.75913, 3,    6048.29,  115.9,   0.75913
"SCN_CN15_9198_CEI69A", 13.8, 1,    6048.26,   -4.1,   0.75912, 2,    6048.25, -124.1,   0.75912, 3,    6048.25,  115.9,   0.75912
"SCN_CN15_9035_CEI160_ATV", 13.8, 1,    6048.63,   -4.1,   0.75917, 2,    6048.62, -124.1,   0.75917, 3,    6048.62,  115.9,   0.75917
"SCN_CN15_9050_CEI69B", 13.8, 1,    6061.14,   -4.0,   0.76074, 2,    6061.12, -124.0,   0.76074, 3,    6061.13,  116.0,   0.76074
"SCN_CN15_9153_CEI69B_S", 13.8, 1,    6053.74,   -4.1,   0.75981, 2,    6053.73, -124.1,   0.75981, 3,    6053.73,  115.9,   0.75981
"SCN_CN15_9458_CEI109", 13.8, 1,    5864.94,   -4.9,   0.73611, 2,    5864.92, -124.9,   0.73611, 3,    5864.93,  115.1,   0.73611
"SCN_CN15_9051_CEI69B", 13.8, 1,    6061.12,   -4.0,   0.76074, 2,    6061.11, -124.0,   0.76074, 3,    6061.11,  116.0,   0.76074
"SCN_CN15_9049_CEI69B", 13.8, 1,    6064.04,   -4.0,    0.7611, 2,    6064.02, -124.0,    0.7611, 3,    6064.03,  116.0,    0.7611
"SCN_CN15_9048_CEI69B", 13.8, 1,    6066.42,   -4.0,    0.7614, 2,     6066.4, -124.0,    0.7614, 3,    6066.41,  116.0,    0.7614
"SCN_CN15_9047_CEI69B", 13.8, 1,    6068.62,   -4.0,   0.76168, 2,    6068.61, -124.0,   0.76168, 3,    6068.61,  116.0,   0.76168
"SCN_CN15_9145_CEI201_ATV", 13.8, 1,     6068.6,   -4.0,   0.76168, 2,    6068.59, -124.0,   0.76167, 3,    6068.59,  116.0,   0.76167
"SCN_CN15_9144_CEI201_ATV", 13.8, 1,    6068.58,   -4.0,   0.76167, 2,    6068.57, -124.0,   0.76167, 3,    6068.57,  116.0,   0.76167
"SCN_CN15_9143_CEI201_ATV", 13.8, 1,    6068.56,   -4.0,   0.76167, 2,    6068.55, -124.0,   0.76167, 3,    6068.55,  116.0,   0.76167
"SCN_CN15_9046_CEI69B", 13.8, 1,    6070.99,   -4.0,   0.76198, 2,    6070.98, -124.0,   0.76197, 3,    6070.98,  116.0,   0.76197
"SCN_CN15_9047_CEI69B_S", 13.8, 1,    6068.62,   -4.0,   0.76168, 2,    6068.61, -124.0,   0.76168, 3,    6068.61,  116.0,   0.76168
"SCN_CN15_9045_CEI69B", 13.8, 1,    6073.47,   -4.0,   0.76229, 2,    6073.46, -124.0,   0.76229, 3,    6073.46,  116.0,   0.76229
"SCN_CN15_9044_CEI69B", 13.8, 1,    6076.54,   -4.0,   0.76267, 2,    6076.53, -124.0,   0.76267, 3,    6076.53,  116.0,   0.76267
"SCN_CN15_9457_CEI109", 13.8, 1,    5864.88,   -4.9,   0.73611, 2,    5864.87, -124.9,   0.73611, 3,    5864.88,  115.1,   0.73611
"SCN_CN15_9043_CEI69B", 13.8, 1,    6078.69,   -4.0,   0.76294, 2,    6078.68, -124.0,   0.76294, 3,    6078.68,  116.0,   0.76294
"SCN_CN15_9041_CEI69B", 13.8, 1,    6079.55,   -4.0,   0.76305, 2,    6079.53, -124.0,   0.76305, 3,    6079.54,  116.0,   0.76305
"SCN_CN15_9147_CEI201_ATV", 13.8, 1,    6079.53,   -4.0,   0.76305, 2,    6079.52, -124.0,   0.76305, 3,    6079.53,  116.0,   0.76305
"SCN_CN15_9090_CEI201_ATV", 13.8, 1,     6079.9,   -4.0,   0.76309, 2,    6079.89, -124.0,   0.76309, 3,    6079.89,  116.0,   0.76309
"SCN_CN15_9040_CEI69B", 13.8, 1,    6082.48,   -4.0,   0.76342, 2,    6082.47, -124.0,   0.76342, 3,    6082.47,  116.0,   0.76342
"SCN_CN15_9094_CEI201_ATV", 13.8, 1,     6085.7,   -4.0,   0.76382, 2,    6085.69, -124.0,   0.76382, 3,    6085.69,  116.0,   0.76382
"SCN_CN15_9039_CEI69B", 13.8, 1,    6085.68,   -4.0,   0.76382, 2,    6085.67, -124.0,   0.76382, 3,    6085.67,  116.0,   0.76382
"SCN_CN15_9036_CEI69B", 13.8, 1,     6088.8,   -4.0,   0.76421, 2,    6088.79, -124.0,   0.76421, 3,    6088.79,  116.0,   0.76421
"SCN_CN15_9094_CEI201_ATV_S", 13.8, 1,     6085.7,   -4.0,   0.76382, 2,    6085.69, -124.0,   0.76382, 3,    6085.69,  116.0,   0.76382
"SCN_CN15_9035_CEI69B", 13.8, 1,     6091.9,   -4.0,    0.7646, 2,    6091.89, -124.0,    0.7646, 3,    6091.89,  116.0,    0.7646
"SCN_CN15_9034_CEI69B", 13.8, 1,    6094.92,   -3.9,   0.76498, 2,    6094.91, -123.9,   0.76498, 3,    6094.91,  116.1,   0.76498
"SCN_CN15_9456_CEI109", 13.8, 1,    5864.84,   -4.9,    0.7361, 2,    5864.83, -124.9,    0.7361, 3,    5864.83,  115.1,    0.7361
"SCN_CN15_9033_CEI69B", 13.8, 1,    6098.02,   -3.9,   0.76537, 2,    6098.01, -123.9,   0.76537, 3,    6098.01,  116.1,   0.76537
"SCN_CN15_9032_CEI69B_S", 13.8, 1,    6101.01,   -3.9,   0.76574, 2,       6101, -123.9,   0.76574, 3,       6101,  116.1,   0.76574
"SCN_CN15_9031_CEI69B", 13.8, 1,    6104.27,   -3.9,   0.76615, 2,    6104.25, -123.9,   0.76615, 3,    6104.26,  116.1,   0.76615
"SCN_CN15_9030_CEI69B", 13.8, 1,     6107.3,   -3.9,   0.76653, 2,    6107.29, -123.9,   0.76653, 3,    6107.29,  116.1,   0.76653
"SCN_CN15_9029_CEI69B", 13.8, 1,    6110.43,   -3.9,   0.76693, 2,    6110.42, -123.9,   0.76692, 3,    6110.42,  116.1,   0.76692
"SCN_CN15_9028_CEI69B", 13.8, 1,    6116.71,   -3.9,   0.76771, 2,     6116.7, -123.9,   0.76771, 3,     6116.7,  116.1,   0.76771
"SCN_CN15_9027_CEI69B", 13.8, 1,    6119.77,   -3.9,    0.7681, 2,    6119.75, -123.9,    0.7681, 3,    6119.76,  116.1,    0.7681
"SCN_CN15_9026_CEI69B", 13.8, 1,    6122.96,   -3.9,    0.7685, 2,    6122.95, -123.9,    0.7685, 3,    6122.95,  116.1,    0.7685
"SCN_CN15_9025_CEI69B", 13.8, 1,     6126.2,   -3.9,   0.76891, 2,    6126.19, -123.9,    0.7689, 3,    6126.19,  116.1,    0.7689
"SCN_CN15_9024_CEI69B", 13.8, 1,    6129.22,   -3.9,   0.76928, 2,    6129.21, -123.9,   0.76928, 3,    6129.21,  116.1,   0.76928
"SCN_CN15_9455_CEI109", 13.8, 1,    5864.81,   -4.9,    0.7361, 2,     5864.8, -124.9,    0.7361, 3,     5864.8,  115.1,    0.7361
"SCN_CN15_9023_CEI69B", 13.8, 1,    6132.27,   -3.9,   0.76967, 2,    6132.26, -123.9,   0.76967, 3,    6132.27,  116.1,   0.76967
"SCN_CN15_9022_CEI69B", 13.8, 1,    6135.35,   -3.8,   0.77005, 2,    6135.34, -123.8,   0.77005, 3,    6135.34,  116.2,   0.77005
"SCN_CN15_9021_CEI69B", 13.8, 1,    6138.51,   -3.8,   0.77045, 2,     6138.5, -123.8,   0.77045, 3,     6138.5,  116.2,   0.77045
"SCN_CN15_9020_CEI69B", 13.8, 1,    6141.65,   -3.8,   0.77084, 2,    6141.64, -123.8,   0.77084, 3,    6141.64,  116.2,   0.77084
"SCN_CN15_9106_CEI220_ATV", 13.8, 1,    5951.98,   -4.5,   0.74704, 2,    5951.97, -124.5,   0.74704, 3,    5951.97,  115.5,   0.74704
"SCN_CN15_9112_CEI220_ATV", 13.8, 1,    5951.96,   -4.5,   0.74704, 2,    5951.95, -124.5,   0.74704, 3,    5951.96,  115.5,   0.74704
"SCN_CN15_9104_CEI220_ATV", 13.8, 1,    5951.93,   -4.5,   0.74703, 2,    5951.91, -124.5,   0.74703, 3,    5951.92,  115.5,   0.74703
"SCN_CN15_9105_CEI220_ATV", 13.8, 1,    5951.95,   -4.5,   0.74703, 2,    5951.94, -124.5,   0.74703, 3,    5951.94,  115.5,   0.74703
"SCN_CN15_9197_CEI69B", 13.8, 1,    6027.54,   -4.1,   0.75652, 2,    6027.53, -124.1,   0.75652, 3,    6027.53,  115.9,   0.75652
"SCN_CN15_9107_CEI201_ATV", 13.8, 1,    6027.53,   -4.1,   0.75652, 2,    6027.51, -124.1,   0.75652, 3,    6027.52,  115.9,   0.75652
"SCN_CN15_9023_CEI201_ATV", 13.8, 1,    5805.04,   -5.1,    0.7286, 2,    5805.03, -125.1,   0.72859, 3,    5805.03,  114.9,    0.7286
"SCN_CN15_9359_CEI109", 13.8, 1,    5803.96,   -5.1,   0.72846, 2,    5803.95, -125.1,   0.72846, 3,    5803.95,  114.9,   0.72846
"SCN_CN15_9360_CEI109", 13.8, 1,    5803.91,   -5.1,   0.72845, 2,     5803.9, -125.1,   0.72845, 3,    5803.91,  114.9,   0.72845
"SCN_CN15_9137_CEI77A_ATV", 13.8, 1,    7253.79,   -1.7,   0.91043, 2,    7253.78, -121.7,   0.91043, 3,    7253.78,  118.3,   0.91043
"SCN_CN15_9138_CEI77A_ATV", 13.8, 1,     7253.6,   -1.7,   0.91041, 2,     7253.6, -121.7,   0.91041, 3,     7253.6,  118.3,   0.91041
"SCN_CN15_9139_CEI77A_ATV", 13.8, 1,    7253.37,   -1.7,   0.91038, 2,    7253.37, -121.7,   0.91038, 3,    7253.37,  118.3,   0.91038
"SCN_CN15_9140_CEI77A_ATV", 13.8, 1,    7253.19,   -1.7,   0.91035, 2,    7253.18, -121.7,   0.91035, 3,    7253.18,  118.3,   0.91035
"SCN_CN15_9141_CEI77A_ATV", 13.8, 1,       7253,   -1.7,   0.91033, 2,       7253, -121.7,   0.91033, 3,       7253,  118.3,   0.91033
"SCN_CN15_9142_CEI77A_ATV", 13.8, 1,    7252.77,   -1.7,    0.9103, 2,    7252.77, -121.7,    0.9103, 3,    7252.77,  118.3,    0.9103
"SCN_CN15_9143_CEI77A_ATV", 13.8, 1,    7252.68,   -1.7,   0.91029, 2,    7252.67, -121.7,   0.91029, 3,    7252.67,  118.3,   0.91029
"SCN_CN15_9144_CEI77A_ATV", 13.8, 1,    7252.58,   -1.7,   0.91028, 2,    7252.57, -121.7,   0.91028, 3,    7252.57,  118.3,   0.91028
"SCN_CN15_9145_CEI77A_ATV", 13.8, 1,    7252.48,   -1.7,   0.91027, 2,    7252.48, -121.7,   0.91027, 3,    7252.48,  118.3,   0.91027
"SCN_CN15_9500_CEI109", 13.8, 1,    5810.89,   -5.1,   0.72933, 2,    5810.87, -125.1,   0.72933, 3,    5810.88,  114.9,   0.72933
"SCN_CN15_9146_CEI77A_ATV", 13.8, 1,    7252.37,   -1.7,   0.91025, 2,    7252.36, -121.7,   0.91025, 3,    7252.36,  118.3,   0.91025
"SCN_CN15_9150_CEI77A_ATV", 13.8, 1,    7252.37,   -1.7,   0.91025, 2,    7252.36, -121.7,   0.91025, 3,    7252.36,  118.3,   0.91025
"SCN_CN15_9147_CEI77A_ATV", 13.8, 1,    7252.28,   -1.7,   0.91024, 2,    7252.28, -121.7,   0.91024, 3,    7252.28,  118.3,   0.91024
"SCN_CN15_9148_CEI77A_ATV", 13.8, 1,    7252.19,   -1.7,   0.91023, 2,    7252.19, -121.7,   0.91023, 3,    7252.19,  118.3,   0.91023
"SCN_CN15_9149_CEI77A_ATV", 13.8, 1,    7252.09,   -1.7,   0.91022, 2,    7252.09, -121.7,   0.91022, 3,    7252.09,  118.3,   0.91022
"SCN_CN15_9151_CEI77A_ATV", 13.8, 1,    7252.66,   -1.7,   0.91029, 2,    7252.65, -121.7,   0.91029, 3,    7252.65,  118.3,   0.91029
"SCN_CN15_9152_CEI77A_ATV", 13.8, 1,    7252.54,   -1.7,   0.91027, 2,    7252.54, -121.7,   0.91027, 3,    7252.54,  118.3,   0.91027
"SCN_CN15_9153_CEI77A_ATV", 13.8, 1,    7252.45,   -1.7,   0.91026, 2,    7252.44, -121.7,   0.91026, 3,    7252.44,  118.3,   0.91026
"SCN_CN15_9192_CEI77A_ATV", 13.8, 1,    7824.77,   -0.6,   0.98209, 2,    7824.76, -120.6,   0.98209, 3,    7824.77,  119.4,   0.98209
"SCN_CN15_9193_CEI77A_ATV", 13.8, 1,    7824.64,   -0.6,   0.98208, 2,    7824.64, -120.6,   0.98208, 3,    7824.64,  119.4,   0.98208
"SCN_CN15_9501_CEI109", 13.8, 1,    5810.83,   -5.1,   0.72932, 2,    5810.81, -125.1,   0.72932, 3,    5810.82,  114.9,   0.72932
"SCN_CN15_9189_CEI77A_ATV", 13.8, 1,    7800.49,   -0.6,   0.97905, 2,    7800.49, -120.6,   0.97905, 3,    7800.49,  119.4,   0.97905
"SCN_CN15_9188_CEI77A_ATV", 13.8, 1,    7777.73,   -0.7,   0.97619, 2,    7777.73, -120.7,   0.97619, 3,    7777.73,  119.3,   0.97619
"SCN_CN15_9186_CEI77A_ATV", 13.8, 1,    7751.19,   -0.7,   0.97286, 2,    7751.18, -120.7,   0.97286, 3,    7751.18,  119.3,   0.97286
"SCN_CN15_9187_CEI77A_ATV", 13.8, 1,    7751.16,   -0.7,   0.97286, 2,    7751.16, -120.7,   0.97285, 3,    7751.16,  119.3,   0.97285
"SCN_CN15_9185_CEI77A_ATV", 13.8, 1,    7721.44,   -0.8,   0.96913, 2,    7721.44, -120.8,   0.96913, 3,    7721.44,  119.2,   0.96913
"SCN_CN15_9186_CEI77A_ATV_S", 13.8, 1,    7751.19,   -0.7,   0.97286, 2,    7751.18, -120.7,   0.97286, 3,    7751.18,  119.3,   0.97286
"SCN_CN15_9184_CEI77A_ATV", 13.8, 1,    7691.17,   -0.9,   0.96533, 2,    7691.16, -120.9,   0.96533, 3,    7691.16,  119.1,   0.96533
"SCN_CN15_9183_CEI77A_ATV", 13.8, 1,    7661.33,   -1.0,   0.96158, 2,    7661.33, -121.0,   0.96158, 3,    7661.33,  119.0,   0.96158
"SCN_CN15_9184_CEI77A_ATV_S", 13.8, 1,    7691.17,   -0.9,   0.96533, 2,    7691.16, -120.9,   0.96533, 3,    7691.16,  119.1,   0.96533
"SCN_CN15_9182_CEI77A_ATV", 13.8, 1,    7629.66,   -1.1,   0.95761, 2,    7629.66, -121.1,   0.95761, 3,    7629.66,  118.9,   0.95761
"SCN_CN15_9167_CEI77A_ATV", 13.8, 1,    7598.21,   -1.1,   0.95366, 2,    7598.21, -121.1,   0.95366, 3,    7598.21,  118.9,   0.95366
"SCN_CN15_9005_CEI077", 13.8, 1,     7572.9,   -1.2,   0.95048, 2,    7572.89, -121.2,   0.95048, 3,    7572.89,  118.8,   0.95048
"SCN_CN15_9502_CEI109", 13.8, 1,    5810.77,   -5.1,   0.72931, 2,    5810.76, -125.1,   0.72931, 3,    5810.76,  114.9,   0.72931
"SCN_CN15_9004_CEI077", 13.8, 1,    7567.28,   -1.2,   0.94978, 2,    7567.28, -121.2,   0.94978, 3,    7567.28,  118.8,   0.94978
"SCN_CN15_9003_CEI077", 13.8, 1,    7557.86,   -1.2,   0.94859, 2,    7557.86, -121.2,   0.94859, 3,    7557.86,  118.8,   0.94859
"SCN_CN15_9165_CEI77A_ATV", 13.8, 1,    7520.72,   -1.3,   0.94393, 2,    7520.72, -121.3,   0.94393, 3,    7520.72,  118.7,   0.94393
"SCN_CN15_9164_CEI77A_ATV", 13.8, 1,    7481.74,   -1.3,   0.93904, 2,    7481.74, -121.3,   0.93904, 3,    7481.74,  118.7,   0.93904
"SCN_CN15_9163_CEI77A_ATV", 13.8, 1,    7465.49,   -1.4,     0.937, 2,    7465.49, -121.4,     0.937, 3,    7465.49,  118.6,     0.937
"SCN_CN15_9161_CEI77A_ATV", 13.8, 1,    7425.37,   -1.4,   0.93197, 2,    7425.37, -121.4,   0.93196, 3,    7425.37,  118.6,   0.93196
"SCN_CN15_9162_CEI77A_ATV", 13.8, 1,    7425.28,   -1.4,   0.93195, 2,    7425.28, -121.4,   0.93195, 3,    7425.28,  118.6,   0.93195
"SCN_CN15_9155_CEI77A_ATV", 13.8, 1,    7309.08,   -1.6,   0.91737, 2,    7309.08, -121.6,   0.91737, 3,    7309.08,  118.4,   0.91737
"SCN_CN15_9158_CEI77A_ATV", 13.8, 1,    7344.06,   -1.6,   0.92176, 2,    7344.06, -121.6,   0.92176, 3,    7344.06,  118.4,   0.92176
"SCN_CN15_9159_CEI77A_ATV", 13.8, 1,    7369.21,   -1.5,   0.92492, 2,     7369.2, -121.5,   0.92492, 3,     7369.2,  118.5,   0.92492
"SCN_CN15_9160_CEI77A_ATV", 13.8, 1,    7390.74,   -1.5,   0.92762, 2,    7390.73, -121.5,   0.92762, 3,    7390.74,  118.5,   0.92762
"SCN_CN15_9503_CEI109", 13.8, 1,    5810.71,   -5.1,   0.72931, 2,     5810.7, -125.1,   0.72931, 3,     5810.7,  114.9,   0.72931
"SCN_CN15_9161_CEI77A_ATV_S", 13.8, 1,    7425.37,   -1.4,   0.93197, 2,    7425.37, -121.4,   0.93196, 3,    7425.37,  118.6,   0.93196
"SCN_CN15_9156_CEI77A_ATV", 13.8, 1,    7308.78,   -1.6,   0.91733, 2,    7308.77, -121.6,   0.91733, 3,    7308.77,  118.4,   0.91733
"SCN_CN15_9157_CEI77A_ATV", 13.8, 1,    7308.47,   -1.6,   0.91729, 2,    7308.46, -121.6,   0.91729, 3,    7308.46,  118.4,   0.91729
"SCN_CN15_9155_CEI77A_ATV_S", 13.8, 1,    7309.08,   -1.6,   0.91737, 2,    7309.08, -121.6,   0.91737, 3,    7309.08,  118.4,   0.91737
"SCN_CN15_9154_CEI77A_ATV", 13.8, 1,    7285.64,   -1.6,   0.91443, 2,    7285.64, -121.6,   0.91443, 3,    7285.64,  118.4,   0.91443
"SCN_CN15_9168_CEI77A_ATV", 13.8, 1,    7597.43,   -1.1,   0.95356, 2,    7597.42, -121.1,   0.95356, 3,    7597.42,  118.9,   0.95356
"SCN_CN15_9169_CEI77A_ATV", 13.8, 1,    7596.72,   -1.1,   0.95347, 2,    7596.71, -121.1,   0.95347, 3,    7596.71,  118.9,   0.95347
"SCN_CN15_9202_CEI77A_ATV", 13.8, 1,     7596.5,   -1.1,   0.95344, 2,    7596.49, -121.1,   0.95344, 3,    7596.49,  118.9,   0.95344
"SCN_CN15_9203_CEI77A_ATV", 13.8, 1,     7596.3,   -1.1,   0.95342, 2,    7596.29, -121.1,   0.95342, 3,    7596.29,  118.9,   0.95342
"SCN_CN15_9204_CEI77A_ATV", 13.8, 1,    7596.08,   -1.2,   0.95339, 2,    7596.08, -121.2,   0.95339, 3,    7596.08,  118.8,   0.95339
"SCN_CN15_9504_CEI109", 13.8, 1,    5810.65,   -5.1,    0.7293, 2,    5810.64, -125.1,    0.7293, 3,    5810.64,  114.9,    0.7293
"SCN_CN15_9213_CEI77A_ATV", 13.8, 1,    7596.02,   -1.2,   0.95338, 2,    7596.02, -121.2,   0.95338, 3,    7596.02,  118.8,   0.95338
"SCN_CN15_9214_CEI77A_ATV", 13.8, 1,    7595.96,   -1.2,   0.95338, 2,    7595.96, -121.2,   0.95338, 3,    7595.96,  118.8,   0.95338
"SCN_CN15_9215_CEI77A_ATV", 13.8, 1,    7595.94,   -1.2,   0.95337, 2,    7595.93, -121.2,   0.95337, 3,    7595.94,  118.8,   0.95337
"SCN_CN15_9216_CEI77A_ATV", 13.8, 1,    7595.91,   -1.2,   0.95337, 2,    7595.91, -121.2,   0.95337, 3,    7595.91,  118.8,   0.95337
"SCN_CN15_9205_CEI77A_ATV", 13.8, 1,    7595.92,   -1.2,   0.95337, 2,    7595.92, -121.2,   0.95337, 3,    7595.92,  118.8,   0.95337
"SCN_CN15_9206_CEI77A_ATV", 13.8, 1,    7595.77,   -1.2,   0.95335, 2,    7595.76, -121.2,   0.95335, 3,    7595.76,  118.8,   0.95335
"SCN_CN15_9207_CEI77A_ATV", 13.8, 1,    7595.71,   -1.2,   0.95334, 2,    7595.71, -121.2,   0.95334, 3,    7595.71,  118.8,   0.95334
"SCN_CN15_9208_CEI77A_ATV", 13.8, 1,    7595.68,   -1.2,   0.95334, 2,    7595.67, -121.2,   0.95334, 3,    7595.68,  118.8,   0.95334
"SCN_CN15_9210_CEI77A_ATV", 13.8, 1,    7595.63,   -1.2,   0.95333, 2,    7595.62, -121.2,   0.95333, 3,    7595.62,  118.8,   0.95333
"SCN_CN15_9211_CEI77A_ATV", 13.8, 1,    7595.58,   -1.2,   0.95333, 2,    7595.58, -121.2,   0.95333, 3,    7595.58,  118.8,   0.95333
"SCN_CN15_9008_CEI160_ATV", 13.8, 1,    5811.06,   -5.1,   0.72935, 2,    5811.04, -125.1,   0.72935, 3,    5811.05,  114.9,   0.72935
"SCN_CN15_9212_CEI77A_ATV", 13.8, 1,    7595.54,   -1.2,   0.95332, 2,    7595.54, -121.2,   0.95332, 3,    7595.54,  118.8,   0.95332
"SCN_CN15_9209_CEI77A_ATV", 13.8, 1,    7595.68,   -1.2,   0.95334, 2,    7595.67, -121.2,   0.95334, 3,    7595.68,  118.8,   0.95334
"SCN_CN15_9170_CEI77A_ATV", 13.8, 1,    7595.78,   -1.2,   0.95335, 2,    7595.78, -121.2,   0.95335, 3,    7595.78,  118.8,   0.95335
"SCN_CN15_9171_CEI77A_ATV", 13.8, 1,    7595.39,   -1.2,    0.9533, 2,    7595.38, -121.2,    0.9533, 3,    7595.39,  118.8,    0.9533
"SCN_CN15_9181_CEI77A_ATV", 13.8, 1,    7595.24,   -1.2,   0.95329, 2,    7595.24, -121.2,   0.95329, 3,    7595.24,  118.8,   0.95329
"SCN_CN15_9172_CEI77A_ATV", 13.8, 1,     7595.1,   -1.2,   0.95327, 2,     7595.1, -121.2,   0.95327, 3,     7595.1,  118.8,   0.95327
"SCN_CN15_9173_CEI77A_ATV", 13.8, 1,    7594.99,   -1.2,   0.95325, 2,    7594.99, -121.2,   0.95325, 3,    7594.99,  118.8,   0.95325
"SCN_CN15_9174_CEI77A_ATV", 13.8, 1,    7594.96,   -1.2,   0.95325, 2,    7594.96, -121.2,   0.95325, 3,    7594.96,  118.8,   0.95325
"SCN_CN15_9175_CEI77A_ATV", 13.8, 1,    7594.92,   -1.2,   0.95325, 2,    7594.91, -121.2,   0.95324, 3,    7594.91,  118.8,   0.95324
"SCN_CN15_9015_CEI160_ATV", 13.8, 1,    5810.98,   -5.1,   0.72934, 2,    5810.97, -125.1,   0.72934, 3,    5810.97,  114.9,   0.72934
"SCN_CN15_9176_CEI77A_ATV", 13.8, 1,    7594.75,   -1.2,   0.95322, 2,    7594.74, -121.2,   0.95322, 3,    7594.74,  118.8,   0.95322
"SCN_CN15_9177_CEI77A_ATV", 13.8, 1,    7594.75,   -1.2,   0.95322, 2,    7594.74, -121.2,   0.95322, 3,    7594.74,  118.8,   0.95322
"SCN_CN15_9178_CEI77A_ATV", 13.8, 1,    7594.62,   -1.2,   0.95321, 2,    7594.61, -121.2,   0.95321, 3,    7594.62,  118.8,   0.95321
"SCN_CN15_9179_CEI77A_ATV", 13.8, 1,    7594.53,   -1.2,    0.9532, 2,    7594.53, -121.2,    0.9532, 3,    7594.53,  118.8,    0.9532
"SCN_CN15_9180_CEI77A_ATV", 13.8, 1,    7594.46,   -1.2,   0.95319, 2,    7594.45, -121.2,   0.95319, 3,    7594.45,  118.8,   0.95319
"SCN_CN15_9024_CEIRJ006_ATV", 13.8, 1,    7594.53,   -1.2,    0.9532, 2,    7594.53, -121.2,    0.9532, 3,    7594.53,  118.8,    0.9532
"SCN_CN15_9026_CEIRJ006_ATV", 13.8, 1,    7594.53,   -1.2,    0.9532, 2,    7594.53, -121.2,    0.9532, 3,    7594.53,  118.8,    0.9532
"SCN_CN15_9002_CEI077_ATV", 13.8, 1,    7040.93,   -2.1,   0.88371, 2,    7040.92, -122.1,   0.88371, 3,    7040.93,  117.9,   0.88371
"SCN_CN15_9010_CEI077_ATV_S", 13.8, 1,    7068.73,   -2.0,    0.8872, 2,    7068.72, -122.0,    0.8872, 3,    7068.73,  118.0,    0.8872
"SCN_CN15_9023_CEIRJ006_ATV", 13.8, 1,    6986.08,   -2.2,   0.87683, 2,    6986.08, -122.2,   0.87683, 3,    6986.08,  117.8,   0.87683
"SCN_CN15_9094_CEI072", 13.8, 1,    6986.18,   -2.2,   0.87684, 2,    6986.18, -122.2,   0.87684, 3,    6986.18,  117.8,   0.87684
"SCN_CN15_9016_CEI160_ATV", 13.8, 1,    5810.97,   -5.1,   0.72934, 2,    5810.96, -125.1,   0.72934, 3,    5810.96,  114.9,   0.72934
"SCN_CN15_9093_CEI072", 13.8, 1,    6959.27,   -2.3,   0.87346, 2,    6959.26, -122.3,   0.87346, 3,    6959.27,  117.7,   0.87346
"SCN_CN15_9022_CEIRJ006_ATV", 13.8, 1,    6959.18,   -2.3,   0.87345, 2,    6959.17, -122.3,   0.87345, 3,    6959.18,  117.7,   0.87345
"SCN_CN15_9021_CEIRJ006_ATV", 13.8, 1,    6949.52,   -2.3,   0.87224, 2,    6949.52, -122.3,   0.87224, 3,    6949.52,  117.7,   0.87224
"SCN_CN15_9092_CEI072", 13.8, 1,    6949.53,   -2.3,   0.87224, 2,    6949.53, -122.3,   0.87224, 3,    6949.53,  117.7,   0.87224
"SCN_CN15_9091_CEI072", 13.8, 1,    6933.18,   -2.3,   0.87019, 2,    6933.17, -122.3,   0.87019, 3,    6933.18,  117.7,   0.87019
"SCN_CN15_9092_CEI072_S", 13.8, 1,    6949.53,   -2.3,   0.87224, 2,    6949.53, -122.3,   0.87224, 3,    6949.53,  117.7,   0.87224
"SCN_CN15_9090_CEI072", 13.8, 1,     6923.4,   -2.3,   0.86896, 2,     6923.4, -122.3,   0.86896, 3,     6923.4,  117.7,   0.86896
"SCN_CN15_9064_CEI072", 13.8, 1,     6902.3,   -2.4,   0.86631, 2,    6902.29, -122.4,   0.86631, 3,    6902.29,  117.6,   0.86631
"SCN_CN15_9065_CEI072", 13.8, 1,    6902.02,   -2.4,   0.86628, 2,    6902.02, -122.4,   0.86628, 3,    6902.02,  117.6,   0.86628
"SCN_CN15_9066_CEI072", 13.8, 1,    6901.75,   -2.4,   0.86624, 2,    6901.74, -122.4,   0.86624, 3,    6901.74,  117.6,   0.86624
"SCN_CN15_9067_CEI072", 13.8, 1,    6901.47,   -2.4,   0.86621, 2,    6901.47, -122.4,   0.86621, 3,    6901.47,  117.6,   0.86621
"SCN_CN15_9068_CEI072", 13.8, 1,    6901.21,   -2.4,   0.86618, 2,     6901.2, -122.4,   0.86618, 3,     6901.2,  117.6,   0.86618
"SCN_CN15_9011_CEIRJ013_ATV", 13.8, 1,    5810.97,   -5.1,   0.72934, 2,    5810.96, -125.1,   0.72934, 3,    5810.96,  114.9,   0.72934
"SCN_CN15_9069_CEI072", 13.8, 1,    6900.94,   -2.4,   0.86614, 2,    6900.93, -122.4,   0.86614, 3,    6900.93,  117.6,   0.86614
"SCN_CN15_9061_CEI072", 13.8, 1,    6888.85,   -2.4,   0.86463, 2,    6888.85, -122.4,   0.86463, 3,    6888.85,  117.6,   0.86463
"SCN_CN15_9060_CEI072", 13.8, 1,    6880.26,   -2.4,   0.86355, 2,    6880.25, -122.4,   0.86355, 3,    6880.26,  117.6,   0.86355
"SCN_CN15_9059_CEI072", 13.8, 1,    6868.26,   -2.4,   0.86204, 2,    6868.26, -122.4,   0.86204, 3,    6868.26,  117.6,   0.86204
"SCN_CN15_9058_CEI072", 13.8, 1,    6854.29,   -2.5,   0.86029, 2,    6854.28, -122.5,   0.86029, 3,    6854.28,  117.5,   0.86029
"SCN_CN15_9019_CEI69B", 13.8, 1,    6144.77,   -3.8,   0.77124, 2,    6144.75, -123.8,   0.77123, 3,    6144.76,  116.2,   0.77123
"SCN_CN15_9017_CEI69B", 13.8, 1,    6147.87,   -3.8,   0.77162, 2,    6147.86, -123.8,   0.77162, 3,    6147.86,  116.2,   0.77162
"SCN_CN15_9018_CEI69B", 13.8, 1,    6147.38,   -3.8,   0.77156, 2,    6147.36, -123.8,   0.77156, 3,    6147.37,  116.2,   0.77156
"SCN_CN15_9018_CEI69B_S", 13.8, 1,    6147.38,   -3.8,   0.77156, 2,    6147.36, -123.8,   0.77156, 3,    6147.37,  116.2,   0.77156
"SCN_CN15_9027_CEI250_ATV", 13.8, 1,    6145.02,   -3.8,   0.77127, 2,    6145.01, -123.8,   0.77127, 3,    6145.01,  116.2,   0.77127
"SCN_CN15_9454_CEI109", 13.8, 1,    5864.77,   -4.9,   0.73609, 2,    5864.76, -124.9,   0.73609, 3,    5864.76,  115.1,   0.73609
"SCN_CN15_9028_CEI250_ATV", 13.8, 1,    6142.64,   -3.8,   0.77097, 2,    6142.63, -123.8,   0.77097, 3,    6142.64,  116.2,   0.77097
"SCN_CN15_9032_CEI130_ATV", 13.8, 1,    6134.23,   -3.9,   0.76991, 2,    6134.21, -123.9,   0.76991, 3,    6134.22,  116.1,   0.76991
"SCN_CN15_9022_CEI250_ATV_S", 13.8, 1,     6136.4,   -3.9,   0.77019, 2,    6136.39, -123.9,   0.77018, 3,    6136.39,  116.1,   0.77018
"SCN_CN15_9033_CEI130_ATV", 13.8, 1,    6123.85,   -3.9,   0.76861, 2,    6123.84, -123.9,   0.76861, 3,    6123.84,  116.1,   0.76861
"SCN_CN15_9035_CEI130_ATV", 13.8, 1,    6102.99,   -4.0,   0.76599, 2,    6102.98, -124.0,   0.76599, 3,    6102.99,  116.0,   0.76599
"SCN_CN15_9036_CEI130_ATV", 13.8, 1,    6091.08,   -4.0,    0.7645, 2,    6091.07, -124.0,    0.7645, 3,    6091.07,  116.0,    0.7645
"SCN_CN15_9038_CEI130_ATV_S", 13.8, 1,    6091.01,   -4.0,   0.76449, 2,       6091, -124.0,   0.76449, 3,       6091,  116.0,   0.76449
"SCN_CN15_9038_CEI130_ATV", 13.8, 1,    6091.01,   -4.0,   0.76449, 2,       6091, -124.0,   0.76449, 3,       6091,  116.0,   0.76449
"SCN_CN15_9039_CEI130_ATV", 13.8, 1,    6090.95,   -4.0,   0.76448, 2,    6090.94, -124.0,   0.76448, 3,    6090.94,  116.0,   0.76448
"SCN_CN15_9453_CEI109", 13.8, 1,    5864.74,   -4.9,   0.73609, 2,    5864.73, -124.9,   0.73609, 3,    5864.73,  115.1,   0.73609
"SCN_CN15_9020_CEI130_ATV", 13.8, 1,    6145.81,   -3.8,   0.77137, 2,     6145.8, -123.8,   0.77136, 3,     6145.8,  116.2,   0.77136
"SCN_CN15_9021_CEI130_ATV", 13.8, 1,    6145.89,   -3.8,   0.77138, 2,    6145.88, -123.8,   0.77138, 3,    6145.88,  116.2,   0.77138
"SCN_CN15_9021_CEI130_ATV_S", 13.8, 1,    6145.89,   -3.8,   0.77138, 2,    6145.88, -123.8,   0.77138, 3,    6145.88,  116.2,   0.77138
"SCN_CN15_9022_CEI130_ATV", 13.8, 1,    6146.01,   -3.8,   0.77139, 2,       6146, -123.8,   0.77139, 3,    6146.01,  116.2,   0.77139
"SCN_CN15_9023_CEI130_ATV", 13.8, 1,    6146.15,   -3.8,   0.77141, 2,    6146.14, -123.8,   0.77141, 3,    6146.15,  116.2,   0.77141
"SCN_CN15_9026_CEI130_ATV", 13.8, 1,    6148.27,   -3.8,   0.77167, 2,    6148.26, -123.8,   0.77167, 3,    6148.26,  116.2,   0.77167
"SCN_CN15_9027_CEI130_ATV", 13.8, 1,    6150.53,   -3.8,   0.77196, 2,    6150.52, -123.8,   0.77196, 3,    6150.52,  116.2,   0.77196
"SCN_CN15_9028_CEI130_ATV", 13.8, 1,    6152.82,   -3.8,   0.77225, 2,    6152.81, -123.8,   0.77224, 3,    6152.81,  116.2,   0.77225
"SCN_CN15_9029_CEI130_ATV", 13.8, 1,    6154.99,   -3.8,   0.77252, 2,    6154.98, -123.8,   0.77252, 3,    6154.99,  116.2,   0.77252
"SCN_CN15_9452_CEI109", 13.8, 1,    5864.72,   -4.9,   0.73609, 2,     5864.7, -124.9,   0.73608, 3,    5864.71,  115.1,   0.73608
"SCN_CN15_9030_CEI130_ATV", 13.8, 1,     6157.2,   -3.8,    0.7728, 2,    6157.19, -123.8,   0.77279, 3,    6157.19,  116.2,   0.77279
"SCN_CN15_9016_CEI69B", 13.8, 1,    6153.62,   -3.8,   0.77235, 2,    6153.61, -123.8,   0.77235, 3,    6153.61,  116.2,   0.77235
"SCN_CN15_592-0899-22", 13.8, 1,    6150.56,   -3.8,   0.77196, 2,    6150.55, -123.8,   0.77196, 3,    6150.55,  116.2,   0.77196
"SCN_CN15_592-0899-22_S", 13.8, 1,    6150.56,   -3.8,   0.77196, 2,    6150.55, -123.8,   0.77196, 3,    6150.55,  116.2,   0.77196
"SCN_CN15_9013_CEI69B", 13.8, 1,    6166.22,   -3.8,   0.77393, 2,    6166.21, -123.8,   0.77393, 3,    6166.22,  116.2,   0.77393
"SCN_CN15_9015_CEI69B_S", 13.8, 1,    6159.65,   -3.8,    0.7731, 2,    6159.64, -123.8,    0.7731, 3,    6159.64,  116.2,    0.7731
"SCN_CN15_9012_CEI69B", 13.8, 1,    6174.13,   -3.8,   0.77492, 2,    6174.12, -123.8,   0.77492, 3,    6174.12,  116.2,   0.77492
"SCN_CN15_9011_CEI69B", 13.8, 1,    6181.88,   -3.7,   0.77589, 2,    6181.87, -123.7,   0.77589, 3,    6181.88,  116.3,   0.77589
"SCN_CN15_9162_CEI068", 13.8, 1,    6191.64,   -3.7,   0.77712, 2,    6191.63, -123.7,   0.77712, 3,    6191.63,  116.3,   0.77712
"SCN_CN15_9163_CEI068", 13.8, 1,    6201.86,   -3.7,    0.7784, 2,    6201.85, -123.7,    0.7784, 3,    6201.85,  116.3,    0.7784
"SCN_CN15_9164_CEI068", 13.8, 1,    6219.84,   -3.6,   0.78066, 2,    6219.83, -123.6,   0.78066, 3,    6219.83,  116.4,   0.78066
"SCN_CN15_9451_CEI109", 13.8, 1,    5864.67,   -4.9,   0.73608, 2,    5864.66, -124.9,   0.73608, 3,    5864.66,  115.1,   0.73608
"SCN_CN15_9169_CEI068", 13.8, 1,    6237.13,   -3.6,   0.78283, 2,    6237.12, -123.6,   0.78283, 3,    6237.13,  116.4,   0.78283
"SCN_CN15_9170_CEI068", 13.8, 1,    6237.29,   -3.6,   0.78285, 2,    6237.28, -123.6,   0.78285, 3,    6237.28,  116.4,   0.78285
"SCN_CN15_9170_CEI068_S", 13.8, 1,    6237.29,   -3.6,   0.78285, 2,    6237.28, -123.6,   0.78285, 3,    6237.28,  116.4,   0.78285
"SCN_CN15_9171_CEI068", 13.8, 1,    6255.87,   -3.6,   0.78518, 2,    6255.86, -123.6,   0.78518, 3,    6255.87,  116.4,   0.78518
"SCN_CN15_9172_CEI068", 13.8, 1,    6276.46,   -3.5,   0.78776, 2,    6276.45, -123.5,   0.78776, 3,    6276.46,  116.5,   0.78776
"SCN_CN15_9182_CEI068", 13.8, 1,    6300.38,   -3.5,   0.79077, 2,    6300.37, -123.5,   0.79076, 3,    6300.37,  116.5,   0.79077
"SCN_CN15_9181_CEI068", 13.8, 1,    6300.34,   -3.5,   0.79076, 2,    6300.33, -123.5,   0.79076, 3,    6300.33,  116.5,   0.79076
"SCN_CN15_9182_CEI068_S", 13.8, 1,    6300.38,   -3.5,   0.79077, 2,    6300.37, -123.5,   0.79076, 3,    6300.37,  116.5,   0.79077
"SCN_CN15_9183_CEI068", 13.8, 1,    6325.36,   -3.4,    0.7939, 2,    6325.35, -123.4,    0.7939, 3,    6325.35,  116.6,    0.7939
"SCN_CN15_9183_CEI068_S", 13.8, 1,    6325.36,   -3.4,    0.7939, 2,    6325.35, -123.4,    0.7939, 3,    6325.35,  116.6,    0.7939
"SCN_CN15_9186_CEI068", 13.8, 1,    6343.89,   -3.4,   0.79623, 2,    6343.88, -123.4,   0.79623, 3,    6343.88,  116.6,   0.79623
"SCN_CN15_9107_CEI068", 13.8, 1,    6355.34,   -3.3,   0.79766, 2,    6355.33, -123.3,   0.79766, 3,    6355.34,  116.7,   0.79766
"SCN_CN15_9450_CEI109", 13.8, 1,    5864.63,   -4.9,   0.73608, 2,    5864.62, -124.9,   0.73607, 3,    5864.63,  115.1,   0.73607
"SCN_CN15_9103_CEI068", 13.8, 1,    6367.95,   -3.3,   0.79925, 2,    6367.94, -123.3,   0.79925, 3,    6367.94,  116.7,   0.79925
"SCN_CN15_9092_CEI068", 13.8, 1,    6367.74,   -3.3,   0.79922, 2,    6367.73, -123.3,   0.79922, 3,    6367.73,  116.7,   0.79922
"SCN_CN15_9091_CEI068", 13.8, 1,    6367.51,   -3.3,   0.79919, 2,     6367.5, -123.3,   0.79919, 3,     6367.5,  116.7,   0.79919
"SCN_CN15_9090_CEI068", 13.8, 1,    6367.08,   -3.3,   0.79914, 2,    6367.07, -123.3,   0.79914, 3,    6367.08,  116.7,   0.79914
"SCN_CN15_9089_CEI068_S", 13.8, 1,    6366.82,   -3.3,   0.79911, 2,    6366.81, -123.3,    0.7991, 3,    6366.81,  116.7,    0.7991
"SCN_CN15_9086_CEI068", 13.8, 1,    6366.47,   -3.3,   0.79906, 2,    6366.46, -123.3,   0.79906, 3,    6366.46,  116.7,   0.79906
"SCN_CN15_9085_CEI068", 13.8, 1,    6366.03,   -3.3,   0.79901, 2,    6366.02, -123.3,     0.799, 3,    6366.02,  116.7,     0.799
"SCN_CN15_9086_CEI068_S", 13.8, 1,    6366.47,   -3.3,   0.79906, 2,    6366.46, -123.3,   0.79906, 3,    6366.46,  116.7,   0.79906
"SCN_CN15_9082_CEI068", 13.8, 1,    6365.51,   -3.3,   0.79894, 2,     6365.5, -123.3,   0.79894, 3,     6365.5,  116.7,   0.79894
"SCN_CN15_9081_CEI068", 13.8, 1,    6364.97,   -3.3,   0.79887, 2,    6364.96, -123.3,   0.79887, 3,    6364.96,  116.7,   0.79887
"SCN_CN15_9080_CEI068", 13.8, 1,    6364.45,   -3.3,   0.79881, 2,    6364.44, -123.3,   0.79881, 3,    6364.44,  116.7,   0.79881
"SCN_CN15_9026_CEI201_ATV", 13.8, 1,    5805.77,   -5.1,   0.72869, 2,    5805.75, -125.1,   0.72869, 3,    5805.76,  114.9,   0.72869
"SCN_CN15_9027_CEI201_ATV", 13.8, 1,    5805.98,   -5.1,   0.72871, 2,    5805.97, -125.1,   0.72871, 3,    5805.98,  114.9,   0.72871
"SCN_CN15_9449_CEI109", 13.8, 1,     5864.6,   -4.9,   0.73607, 2,    5864.59, -124.9,   0.73607, 3,    5864.59,  115.1,   0.73607
"SCN_CN15_9079_CEI068", 13.8, 1,    6363.93,   -3.3,   0.79874, 2,    6363.92, -123.3,   0.79874, 3,    6363.92,  116.7,   0.79874
"SCN_CN15_9078_CEI068", 13.8, 1,    6363.41,   -3.3,   0.79868, 2,     6363.4, -123.3,   0.79868, 3,    6363.41,  116.7,   0.79868
"SCN_CN15_9077_CEI068", 13.8, 1,    6362.89,   -3.3,   0.79861, 2,    6362.88, -123.3,   0.79861, 3,    6362.88,  116.7,   0.79861
"SCN_CN15_9076_CEI068", 13.8, 1,     6362.4,   -3.3,   0.79855, 2,    6362.39, -123.3,   0.79855, 3,    6362.39,  116.7,   0.79855
"SCN_CN15_9075_CEI068", 13.8, 1,    6361.92,   -3.3,   0.79849, 2,    6361.91, -123.3,   0.79849, 3,    6361.91,  116.7,   0.79849
"SCN_CN15_9074_CEI068", 13.8, 1,    6361.42,   -3.3,   0.79843, 2,    6361.41, -123.3,   0.79843, 3,    6361.41,  116.7,   0.79843
"SCN_CN15_9073_CEI068", 13.8, 1,    6360.91,   -3.3,   0.79836, 2,     6360.9, -123.3,   0.79836, 3,     6360.9,  116.7,   0.79836
"SCN_CN15_9072_CEI068", 13.8, 1,    6360.42,   -3.3,    0.7983, 2,    6360.41, -123.3,    0.7983, 3,    6360.41,  116.7,    0.7983
"SCN_CN15_9071_CEI068", 13.8, 1,    6359.95,   -3.3,   0.79824, 2,    6359.94, -123.3,   0.79824, 3,    6359.94,  116.7,   0.79824
"SCN_CN15_9070_CEI068", 13.8, 1,     6359.6,   -3.3,    0.7982, 2,    6359.59, -123.3,    0.7982, 3,    6359.59,  116.7,    0.7982
"SCN_CN15_9448_CEI109", 13.8, 1,    5864.58,   -4.9,   0.73607, 2,    5864.57, -124.9,   0.73607, 3,    5864.57,  115.1,   0.73607
"SCN_CN15_9069_CEI068", 13.8, 1,    6359.23,   -3.3,   0.79815, 2,    6359.22, -123.3,   0.79815, 3,    6359.22,  116.7,   0.79815
"SCN_CN15_9447_CEI109", 13.8, 1,    5864.55,   -4.9,   0.73607, 2,    5864.54, -124.9,   0.73606, 3,    5864.54,  115.1,   0.73606
"SCN_CN15_9062_CEIRJ006_ATV", 13.8, 1,    5916.08,   -4.3,   0.74253, 2,    5916.06, -124.3,   0.74253, 3,    5916.07,  115.7,   0.74253
"SCN_CN15_9069_CEI074", 13.8, 1,    5916.13,   -4.3,   0.74254, 2,    5916.12, -124.3,   0.74254, 3,    5916.12,  115.7,   0.74254
"SCN_CN15_9083_CEI201_ATV", 13.8, 1,    6028.48,   -4.1,   0.75664, 2,    6028.46, -124.1,   0.75664, 3,    6028.47,  115.9,   0.75664
"SCN_CN15_9085_CEI201_ATV", 13.8, 1,    6028.47,   -4.1,   0.75664, 2,    6028.46, -124.1,   0.75664, 3,    6028.46,  115.9,   0.75664
"SCN_CN15_9031_CEI201_ATV", 13.8, 1,    5807.02,   -5.1,   0.72885, 2,    5807.01, -125.1,   0.72884, 3,    5807.02,  114.9,   0.72884
"SCN_CN15_9033_CEI201_ATV", 13.8, 1,    5807.42,   -5.1,   0.72889, 2,     5807.4, -125.1,   0.72889, 3,    5807.41,  114.9,   0.72889
"SCN_CN15_9028_CEI201_ATV", 13.8, 1,    5806.25,   -5.1,   0.72875, 2,    5806.24, -125.1,   0.72875, 3,    5806.24,  114.9,   0.72875
"SCN_CN15_9074_CEI131_ATV", 13.8, 1,    5903.15,   -4.6,   0.74091, 2,    5903.14, -124.6,   0.74091, 3,    5903.14,  115.4,   0.74091
"SCN_CN15_9075_CEI131_ATV", 13.8, 1,    5903.14,   -4.6,   0.74091, 2,    5903.12, -124.6,   0.74091, 3,    5903.13,  115.4,   0.74091
"SCN_CN15_9072_CEI131_ATV_S", 13.8, 1,    5903.17,   -4.6,   0.74091, 2,    5903.16, -124.6,   0.74091, 3,    5903.16,  115.4,   0.74091
"SCN_CN15_9076_CEI131_ATV", 13.8, 1,     5903.2,   -4.6,   0.74092, 2,    5903.19, -124.6,   0.74091, 3,    5903.19,  115.4,   0.74092
"SCN_CN15_9081_CEI131_ATV", 13.8, 1,    5904.63,   -4.6,    0.7411, 2,    5904.62, -124.6,   0.74109, 3,    5904.62,  115.4,   0.74109
"SCN_CN15_9082_CEI131_ATV", 13.8, 1,    5906.35,   -4.6,   0.74131, 2,    5906.33, -124.6,   0.74131, 3,    5906.34,  115.4,   0.74131
"SCN_CN15_9086_CEI131_ATV", 13.8, 1,    5908.96,   -4.6,   0.74164, 2,    5908.95, -124.6,   0.74164, 3,    5908.95,  115.4,   0.74164
"SCN_CN15_9088_CEI131_ATV", 13.8, 1,    5914.15,   -4.6,   0.74229, 2,    5914.13, -124.6,   0.74229, 3,    5914.14,  115.4,   0.74229
"SCN_CN15_9342_CEI109", 13.8, 1,    5809.43,   -5.1,   0.72915, 2,    5809.42, -125.1,   0.72915, 3,    5809.42,  114.9,   0.72915
"SCN_CN15_9336_CEI109", 13.8, 1,    5809.92,   -5.1,   0.72921, 2,    5809.91, -125.1,   0.72921, 3,    5809.91,  114.9,   0.72921
"SCN_CN15_9057_CEI072", 13.8, 1,    6841.41,   -2.5,   0.85867, 2,     6841.4, -122.5,   0.85867, 3,     6841.4,  117.5,   0.85867
"SCN_CN15_9056_CEI072", 13.8, 1,    6828.97,   -2.5,   0.85711, 2,    6828.96, -122.5,   0.85711, 3,    6828.96,  117.5,   0.85711
"SCN_CN15_9052_CEI072", 13.8, 1,    6802.54,   -2.6,   0.85379, 2,    6802.54, -122.6,   0.85379, 3,    6802.54,  117.4,   0.85379
"SCN_CN15_9056_CEI072_S", 13.8, 1,    6828.97,   -2.5,   0.85711, 2,    6828.96, -122.5,   0.85711, 3,    6828.96,  117.5,   0.85711
"SCN_CN15_9005_CEI072", 13.8, 1,     6794.1,   -2.6,   0.85273, 2,    6794.09, -122.6,   0.85273, 3,    6794.09,  117.4,   0.85273
"SCN_CN15_9004_CEI072", 13.8, 1,    6777.32,   -2.6,   0.85063, 2,    6777.31, -122.6,   0.85063, 3,    6777.32,  117.4,   0.85063
"SCN_CN15_9005_CEI072_S", 13.8, 1,     6794.1,   -2.6,   0.85273, 2,    6794.09, -122.6,   0.85273, 3,    6794.09,  117.4,   0.85273
"SCN_CN15_9486_CEI109", 13.8, 1,    5811.57,   -5.1,   0.72942, 2,    5811.56, -125.1,   0.72941, 3,    5811.57,  114.9,   0.72942
"SCN_CN15_9003_CEI072", 13.8, 1,    6752.12,   -2.7,   0.84746, 2,    6752.11, -122.7,   0.84746, 3,    6752.11,  117.3,   0.84746
"SCN_CN15_9004_CEI072_S", 13.8, 1,    6777.32,   -2.6,   0.85063, 2,    6777.31, -122.6,   0.85063, 3,    6777.32,  117.4,   0.85063
"SCN_CN15_9002_CEI072", 13.8, 1,    6748.98,   -2.7,   0.84707, 2,    6748.97, -122.7,   0.84707, 3,    6748.97,  117.3,   0.84707
"SCN_CN15_9003_CEI072_S", 13.8, 1,    6752.12,   -2.7,   0.84746, 2,    6752.11, -122.7,   0.84746, 3,    6752.11,  117.3,   0.84746
"SCN_CN15_9002_CEI072_S", 13.8, 1,    6748.98,   -2.7,   0.84707, 2,    6748.97, -122.7,   0.84707, 3,    6748.97,  117.3,   0.84707
"SCN_CN15_9297_CEI250_ATV", 13.8, 1,    6727.02,   -2.7,   0.84432, 2,    6727.02, -122.7,   0.84431, 3,    6727.02,  117.3,   0.84431
"SCN_CN15_9296_CEI250_ATV_S", 13.8, 1,    6716.05,   -2.7,   0.84294, 2,    6716.04, -122.7,   0.84294, 3,    6716.05,  117.3,   0.84294
"SCN_CN15_9297_CEI250_ATV_S", 13.8, 1,    6727.02,   -2.7,   0.84432, 2,    6727.02, -122.7,   0.84431, 3,    6727.02,  117.3,   0.84431
"SCN_CN15_9293_CEI250_ATV_S", 13.8, 1,    6695.96,   -2.8,   0.84042, 2,    6695.95, -122.8,   0.84042, 3,    6695.95,  117.2,   0.84042
"SCN_CN15_9292_CEI250_ATV", 13.8, 1,    6686.48,   -2.8,   0.83923, 2,    6686.47, -122.8,   0.83923, 3,    6686.48,  117.2,   0.83923
"SCN_CN15_9296_CEI250_ATV", 13.8, 1,    6716.05,   -2.7,   0.84294, 2,    6716.04, -122.7,   0.84294, 3,    6716.05,  117.3,   0.84294
"SCN_CN15_9295_CEI250_ATV", 13.8, 1,    6702.85,   -2.8,   0.84128, 2,    6702.84, -122.8,   0.84128, 3,    6702.84,  117.2,   0.84128
"SCN_CN15_9300_CEI250_ATV", 13.8, 1,    6726.91,   -2.7,    0.8443, 2,     6726.9, -122.7,    0.8443, 3,     6726.9,  117.3,    0.8443
"SCN_CN15_9003_CEIRJ012_ATV", 13.8, 1,    6727.02,   -2.7,   0.84432, 2,    6727.02, -122.7,   0.84431, 3,    6727.02,  117.3,   0.84431
"SCN_CN15_9006_CEI072", 13.8, 1,    6793.56,   -2.6,   0.85267, 2,    6793.56, -122.6,   0.85267, 3,    6793.56,  117.4,   0.85267
"SCN_CN15_9007_CEI072", 13.8, 1,    6792.97,   -2.6,   0.85259, 2,    6792.97, -122.6,   0.85259, 3,    6792.97,  117.4,   0.85259
"SCN_CN15_9487_CEI109", 13.8, 1,    5811.51,   -5.1,   0.72941, 2,     5811.5, -125.1,   0.72941, 3,     5811.5,  114.9,   0.72941
"SCN_CN15_9008_CEI072", 13.8, 1,    6792.72,   -2.6,   0.85256, 2,    6792.71, -122.6,   0.85256, 3,    6792.72,  117.4,   0.85256
"SCN_CN15_9009_CEI072", 13.8, 1,    6792.44,   -2.6,   0.85252, 2,    6792.43, -122.6,   0.85252, 3,    6792.43,  117.4,   0.85252
"SCN_CN15_9010_CEI072_S", 13.8, 1,    6792.18,   -2.6,   0.85249, 2,    6792.17, -122.6,   0.85249, 3,    6792.18,  117.4,   0.85249
"SCN_CN15_9010_CEI072", 13.8, 1,    6792.18,   -2.6,   0.85249, 2,    6792.17, -122.6,   0.85249, 3,    6792.18,  117.4,   0.85249
"SCN_CN15_9011_CEI072", 13.8, 1,    6791.89,   -2.6,   0.85246, 2,    6791.88, -122.6,   0.85246, 3,    6791.88,  117.4,   0.85246
"SCN_CN15_9012_CEI072", 13.8, 1,    6791.86,   -2.6,   0.85245, 2,    6791.85, -122.6,   0.85245, 3,    6791.86,  117.4,   0.85245
"SCN_CN15_9024_CEI072", 13.8, 1,    6791.44,   -2.6,    0.8524, 2,    6791.43, -122.6,    0.8524, 3,    6791.43,  117.4,    0.8524
"SCN_CN15_9025_CEI072", 13.8, 1,    6791.24,   -2.6,   0.85237, 2,    6791.23, -122.6,   0.85237, 3,    6791.23,  117.4,   0.85237
"SCN_CN15_9027_CEI072", 13.8, 1,    6790.99,   -2.6,   0.85234, 2,    6790.98, -122.6,   0.85234, 3,    6790.99,  117.4,   0.85234
"SCN_CN15_9032_CEI072", 13.8, 1,    6790.72,   -2.6,   0.85231, 2,    6790.71, -122.6,   0.85231, 3,    6790.72,  117.4,   0.85231
"SCN_CN15_9033_CEI072", 13.8, 1,    6790.45,   -2.6,   0.85228, 2,    6790.44, -122.6,   0.85227, 3,    6790.45,  117.4,   0.85228
"SCN_CN15_9301_CEI250_ATV", 13.8, 1,    6695.35,   -2.8,   0.84034, 2,    6695.34, -122.8,   0.84034, 3,    6695.34,  117.2,   0.84034
"SCN_CN15_9293_CEI250_ATV", 13.8, 1,    6695.96,   -2.8,   0.84042, 2,    6695.95, -122.8,   0.84042, 3,    6695.95,  117.2,   0.84042
"SCN_CN15_9489_CEI109", 13.8, 1,    5811.48,   -5.1,    0.7294, 2,    5811.47, -125.1,    0.7294, 3,    5811.47,  114.9,    0.7294
"SCN_CN15_9303_CEI250_ATV", 13.8, 1,     6694.3,   -2.8,   0.84021, 2,    6694.29, -122.8,   0.84021, 3,    6694.29,  117.2,   0.84021
"SCN_CN15_9304_CEI250_ATV", 13.8, 1,    6693.78,   -2.8,   0.84014, 2,    6693.77, -122.8,   0.84014, 3,    6693.78,  117.2,   0.84014
"SCN_CN15_9305_CEI250_ATV", 13.8, 1,    6693.27,   -2.8,   0.84008, 2,    6693.26, -122.8,   0.84008, 3,    6693.27,  117.2,   0.84008
"SCN_CN15_9306_CEI250_ATV", 13.8, 1,    6692.64,   -2.8,      0.84, 2,    6692.64, -122.8,      0.84, 3,    6692.64,  117.2,      0.84
"SCN_CN15_9307_CEI250_ATV", 13.8, 1,    6692.31,   -2.8,   0.83996, 2,     6692.3, -122.8,   0.83996, 3,     6692.3,  117.2,   0.83996
"SCN_CN15_9308_CEI250_ATV", 13.8, 1,    6692.13,   -2.8,   0.83994, 2,    6692.12, -122.8,   0.83993, 3,    6692.12,  117.2,   0.83993
"SCN_CN15_9053_CEI160_ATV", 13.8, 1,    6692.13,   -2.8,   0.83994, 2,    6692.12, -122.8,   0.83993, 3,    6692.12,  117.2,   0.83993
"SCN_CN15_9054_CEI160_ATV", 13.8, 1,    6692.13,   -2.8,   0.83994, 2,    6692.12, -122.8,   0.83993, 3,    6692.12,  117.2,   0.83993
"SCN_CN15_9311_CEI250_ATV", 13.8, 1,    6691.51,   -2.8,   0.83986, 2,     6691.5, -122.8,   0.83986, 3,     6691.5,  117.2,   0.83986
"SCN_CN15_9488_CEI109", 13.8, 1,    5811.49,   -5.1,   0.72941, 2,    5811.48, -125.1,    0.7294, 3,    5811.49,  114.9,    0.7294
"SCN_CN15_9312_CEI250_ATV", 13.8, 1,    6691.07,   -2.8,    0.8398, 2,    6691.06, -122.8,    0.8398, 3,    6691.06,  117.2,    0.8398
"SCN_CN15_9313_CEI250_ATV", 13.8, 1,    6691.05,   -2.8,    0.8398, 2,    6691.04, -122.8,    0.8398, 3,    6691.04,  117.2,    0.8398
"SCN_CN15_9314_CEI250_ATV_S", 13.8, 1,    6690.75,   -2.8,   0.83976, 2,    6690.74, -122.8,   0.83976, 3,    6690.75,  117.2,   0.83976
"SCN_CN15_9314_CEI250_ATV", 13.8, 1,    6690.75,   -2.8,   0.83976, 2,    6690.74, -122.8,   0.83976, 3,    6690.75,  117.2,   0.83976
"SCN_CN15_9052_CEI071", 13.8, 1,    6690.47,   -2.8,   0.83973, 2,    6690.46, -122.8,   0.83973, 3,    6690.47,  117.2,   0.83973
"SCN_CN15_9053_CEI071", 13.8, 1,    6690.28,   -2.8,    0.8397, 2,    6690.27, -122.8,    0.8397, 3,    6690.27,  117.2,    0.8397
"SCN_CN15_9054_CEI071", 13.8, 1,    6690.09,   -2.8,   0.83968, 2,    6690.08, -122.8,   0.83968, 3,    6690.09,  117.2,   0.83968
"SCN_CN15_9055_CEI071", 13.8, 1,     6689.9,   -2.8,   0.83966, 2,    6689.89, -122.8,   0.83965, 3,    6689.89,  117.2,   0.83965
"SCN_CN15_9056_CEI071", 13.8, 1,    6689.71,   -2.8,   0.83963, 2,    6689.71, -122.8,   0.83963, 3,    6689.71,  117.2,   0.83963
"SCN_CN15_9057_CEI071", 13.8, 1,    6689.53,   -2.8,   0.83961, 2,    6689.52, -122.8,   0.83961, 3,    6689.52,  117.2,   0.83961
"SCN_CN15_9058_CEI071", 13.8, 1,    6689.26,   -2.8,   0.83957, 2,    6689.25, -122.8,   0.83957, 3,    6689.25,  117.2,   0.83957
"SCN_CN15_9495_CEI109", 13.8, 1,    5811.24,   -5.1,   0.72937, 2,    5811.23, -125.1,   0.72937, 3,    5811.23,  114.9,   0.72937
"SCN_CN15_9319_CEI250_ATV", 13.8, 1,    6689.02,   -2.8,   0.83954, 2,    6689.01, -122.8,   0.83954, 3,    6689.01,  117.2,   0.83954
"SCN_CN15_9320_CEI250_ATV", 13.8, 1,    6688.95,   -2.8,   0.83954, 2,    6688.94, -122.8,   0.83953, 3,    6688.94,  117.2,   0.83954
"SCN_CN15_9321_CEI250_ATV", 13.8, 1,    6688.95,   -2.8,   0.83954, 2,    6688.94, -122.8,   0.83953, 3,    6688.94,  117.2,   0.83954
"SCN_CN15_9062_CEI071", 13.8, 1,    6688.62,   -2.8,    0.8395, 2,    6688.62, -122.8,   0.83949, 3,    6688.62,  117.2,   0.83949
"SCN_CN15_9060_CEI071", 13.8, 1,    6688.77,   -2.8,   0.83951, 2,    6688.76, -122.8,   0.83951, 3,    6688.77,  117.2,   0.83951
"SCN_CN15_9059_CEI071", 13.8, 1,    6688.87,   -2.8,   0.83953, 2,    6688.86, -122.8,   0.83952, 3,    6688.86,  117.2,   0.83953
"SCN_CN15_9322_CEI250_ATV", 13.8, 1,    6688.83,   -2.8,   0.83952, 2,    6688.82, -122.8,   0.83952, 3,    6688.82,  117.2,   0.83952
"SCN_CN15_9323_CEI250_ATV", 13.8, 1,    6688.64,   -2.8,    0.8395, 2,    6688.64, -122.8,    0.8395, 3,    6688.64,  117.2,    0.8395
"SCN_CN15_9325_CEI250_ATV", 13.8, 1,    6688.58,   -2.8,   0.83949, 2,    6688.58, -122.8,   0.83949, 3,    6688.58,  117.2,   0.83949
"SCN_CN15_9019_CEIRJ006_ATV", 13.8, 1,    6688.63,   -2.8,    0.8395, 2,    6688.62, -122.8,    0.8395, 3,    6688.63,  117.2,    0.8395
"SCN_CN15_9010_CEIRJ006_ATV", 13.8, 1,    6690.98,   -2.8,   0.83979, 2,    6690.97, -122.8,   0.83979, 3,    6690.98,  117.2,   0.83979
"SCN_CN15_9051_CEI071", 13.8, 1,    6690.75,   -2.8,   0.83976, 2,    6690.74, -122.8,   0.83976, 3,    6690.75,  117.2,   0.83976
"SCN_CN15_9101_CEI201_ATV", 13.8, 1,     6027.3,   -4.1,   0.75649, 2,    6027.29, -124.1,   0.75649, 3,    6027.29,  115.9,   0.75649
"SCN_CN15_9446_CEI109", 13.8, 1,    5864.54,   -4.9,   0.73606, 2,    5864.52, -124.9,   0.73606, 3,    5864.53,  115.1,   0.73606
"SCN_CN15_9445_CEI109", 13.8, 1,    5864.51,   -4.9,   0.73606, 2,     5864.5, -124.9,   0.73606, 3,     5864.5,  115.1,   0.73606
"SCN_CN15_9444_CEI109", 13.8, 1,    5864.49,   -4.9,   0.73606, 2,    5864.48, -124.9,   0.73606, 3,    5864.49,  115.1,   0.73606
"SCN_CN15_9443_CEI109", 13.8, 1,    5864.47,   -4.9,   0.73605, 2,    5864.45, -124.9,   0.73605, 3,    5864.46,  115.1,   0.73605
"SCN_CN15_9442_CEI109", 13.8, 1,    5864.44,   -4.9,   0.73605, 2,    5864.43, -124.9,   0.73605, 3,    5864.43,  115.1,   0.73605
"SCN_CN15_9441_CEI109", 13.8, 1,    5864.41,   -4.9,   0.73605, 2,    5864.39, -124.9,   0.73605, 3,     5864.4,  115.1,   0.73605
"SCN_CN15_9459_CEI109", 13.8, 1,    5864.97,   -4.9,   0.73612, 2,    5864.96, -124.9,   0.73612, 3,    5864.96,  115.1,   0.73612
"SCN_CN15_9081_CEI201_ATV", 13.8, 1,    6028.42,   -4.1,   0.75663, 2,    6028.41, -124.1,   0.75663, 3,    6028.41,  115.9,   0.75663
"SCN_CN15_9049_CEI201_ATV", 13.8, 1,    5812.64,   -5.1,   0.72955, 2,    5812.63, -125.1,   0.72955, 3,    5812.63,  114.9,   0.72955
"SCN_CN15_9477_CEI109", 13.8, 1,    5812.65,   -5.1,   0.72955, 2,    5812.64, -125.1,   0.72955, 3,    5812.64,  114.9,   0.72955
"SCN_CN15_9105_CEI201_ATV_S", 13.8, 1,    6027.42,   -4.1,   0.75651, 2,    6027.41, -124.1,   0.75651, 3,    6027.41,  115.9,   0.75651
"SCN_CN15_9089_CEI131_ATV", 13.8, 1,    5916.89,   -4.6,   0.74263, 2,    5916.88, -124.6,   0.74263, 3,    5916.88,  115.4,   0.74263
"SCN_CN15_9090_CEI131_ATV", 13.8, 1,    5919.81,   -4.6,     0.743, 2,     5919.8, -124.6,     0.743, 3,     5919.8,  115.4,     0.743
"SCN_CN15_9091_CEI131_ATV", 13.8, 1,    5922.35,   -4.6,   0.74332, 2,    5922.34, -124.6,   0.74332, 3,    5922.34,  115.4,   0.74332
"SCN_CN15_9092_CEI131_ATV", 13.8, 1,    5922.26,   -4.6,   0.74331, 2,    5922.24, -124.6,   0.74331, 3,    5922.25,  115.4,   0.74331
"SCN_CN15_9093_CEI131_ATV", 13.8, 1,    5922.17,   -4.6,    0.7433, 2,    5922.16, -124.6,    0.7433, 3,    5922.16,  115.4,    0.7433
"SCN_CN15_9094_CEI131_ATV", 13.8, 1,    5922.08,   -4.6,   0.74329, 2,    5922.07, -124.6,   0.74328, 3,    5922.07,  115.4,   0.74328
"SCN_CN15_9095_CEI131_ATV", 13.8, 1,    5922.01,   -4.6,   0.74328, 2,       5922, -124.6,   0.74328, 3,       5922,  115.4,   0.74328
"SCN_CN15_9091_CEI131_ATV_S", 13.8, 1,    5922.35,   -4.6,   0.74332, 2,    5922.34, -124.6,   0.74332, 3,    5922.34,  115.4,   0.74332
"SCN_CN15_9096_CEI131_ATV", 13.8, 1,    5925.09,   -4.6,   0.74366, 2,    5925.08, -124.6,   0.74366, 3,    5925.08,  115.4,   0.74366
"SCN_CN15_9054_CEI201_ATV", 13.8, 1,    5813.24,   -5.1,   0.72963, 2,    5813.23, -125.1,   0.72962, 3,    5813.23,  114.9,   0.72962
"SCN_CN15_9474_CEI109", 13.8, 1,    5813.27,   -5.1,   0.72963, 2,    5813.26, -125.1,   0.72963, 3,    5813.26,  114.9,   0.72963
"SCN_CN15_9082_CEI201_ATV", 13.8, 1,    6028.41,   -4.1,   0.75663, 2,     6028.4, -124.1,   0.75663, 3,     6028.4,  115.9,   0.75663
"SCN_CN15_CEI_FL_MT_1162", 13.8, 1,    6028.56,   -4.1,   0.75665, 2,    6028.54, -124.1,   0.75665, 3,    6028.55,  115.9,   0.75665
"SCN_CN15_9083_CEI201_ATV_S", 13.8, 1,    6028.48,   -4.1,   0.75664, 2,    6028.46, -124.1,   0.75664, 3,    6028.47,  115.9,   0.75664
"SCN_CN15_9107_CEI220_ATV", 13.8, 1,       5952,   -4.5,   0.74704, 2,    5951.99, -124.5,   0.74704, 3,       5952,  115.5,   0.74704
"SCN_CN15_9460_CEI109", 13.8, 1,    5864.95,   -4.9,   0.73612, 2,    5864.94, -124.9,   0.73611, 3,    5864.95,  115.1,   0.73611
"SCN_CN15_9461_CEI109", 13.8, 1,    5864.94,   -4.9,   0.73611, 2,    5864.93, -124.9,   0.73611, 3,    5864.93,  115.1,   0.73611
"SCN_CN15_9187_CEI068", 13.8, 1,     6343.8,   -3.4,   0.79622, 2,    6343.79, -123.4,   0.79622, 3,     6343.8,  116.6,   0.79622
"SCN_CN15_9188_CEI068", 13.8, 1,    6343.65,   -3.4,    0.7962, 2,    6343.64, -123.4,    0.7962, 3,    6343.65,  116.6,    0.7962
"SCN_CN15_9190_CEI068", 13.8, 1,     6343.5,   -3.4,   0.79618, 2,    6343.49, -123.4,   0.79618, 3,     6343.5,  116.6,   0.79618
"SCN_CN15_9189_CEI068", 13.8, 1,     6343.5,   -3.4,   0.79618, 2,    6343.49, -123.4,   0.79618, 3,    6343.49,  116.6,   0.79618
"SCN_CN15_9018_CEI130A_ATV", 13.8, 1,    6343.21,   -3.4,   0.79614, 2,     6343.2, -123.4,   0.79614, 3,     6343.2,  116.6,   0.79614
"SCN_CN15_9019_CEI130A_ATV", 13.8, 1,    6343.06,   -3.4,   0.79612, 2,    6343.05, -123.4,   0.79612, 3,    6343.05,  116.6,   0.79612
"SCN_CN15_9462_CEI109", 13.8, 1,    5864.93,   -4.9,   0.73611, 2,    5864.92, -124.9,   0.73611, 3,    5864.92,  115.1,   0.73611
"SCN_CN15_9020_CEI130A_ATV", 13.8, 1,    6342.91,   -3.4,    0.7961, 2,     6342.9, -123.4,    0.7961, 3,    6342.91,  116.6,    0.7961
"SCN_CN15_9021_CEI130A_ATV", 13.8, 1,    6342.76,   -3.4,   0.79609, 2,    6342.75, -123.4,   0.79608, 3,    6342.75,  116.6,   0.79609
"SCN_CN15_9022_CEI130A_ATV", 13.8, 1,    6342.62,   -3.4,   0.79607, 2,    6342.61, -123.4,   0.79607, 3,    6342.61,  116.6,   0.79607
"SCN_CN15_9023_CEI130A_ATV", 13.8, 1,    6342.47,   -3.4,   0.79605, 2,    6342.46, -123.4,   0.79605, 3,    6342.47,  116.6,   0.79605
"SCN_CN15_9024_CEI130A_ATV", 13.8, 1,    6342.32,   -3.4,   0.79603, 2,    6342.31, -123.4,   0.79603, 3,    6342.31,  116.6,   0.79603
"SCN_CN15_9025_CEI130A_ATV_S", 13.8, 1,    6342.18,   -3.4,   0.79601, 2,    6342.17, -123.4,   0.79601, 3,    6342.17,  116.6,   0.79601
"SCN_CN15_9025_CEI130A_ATV", 13.8, 1,    6342.18,   -3.4,   0.79601, 2,    6342.17, -123.4,   0.79601, 3,    6342.17,  116.6,   0.79601
"SCN_CN15_9026_CEI130A_ATV", 13.8, 1,    6342.18,   -3.4,   0.79601, 2,    6342.17, -123.4,   0.79601, 3,    6342.17,  116.6,   0.79601
"SCN_CN15_9027_CEI130A_ATV", 13.8, 1,    6342.02,   -3.4,   0.79599, 2,    6342.01, -123.4,   0.79599, 3,    6342.01,  116.6,   0.79599
"SCN_CN15_9028_CEI130A_ATV", 13.8, 1,    6342.02,   -3.4,   0.79599, 2,    6342.01, -123.4,   0.79599, 3,    6342.01,  116.6,   0.79599
"SCN_CN15_9029_CEI130A_ATV", 13.8, 1,    6342.02,   -3.4,   0.79599, 2,    6342.01, -123.4,   0.79599, 3,    6342.01,  116.6,   0.79599
"SCN_CN15_9463_CEI109", 13.8, 1,     5864.9,   -4.9,   0.73611, 2,    5864.89, -124.9,   0.73611, 3,    5864.89,  115.1,   0.73611
"SCN_CN15_9030_CEI130A_ATV", 13.8, 1,    6342.02,   -3.4,   0.79599, 2,    6342.01, -123.4,   0.79599, 3,    6342.01,  116.6,   0.79599
"SCN_CN15_9031_CEI130A_ATV", 13.8, 1,    6342.02,   -3.4,   0.79599, 2,    6342.01, -123.4,   0.79599, 3,    6342.01,  116.6,   0.79599
"SCN_CN15_9032_CEI130A_ATV", 13.8, 1,    6342.02,   -3.4,   0.79599, 2,    6342.01, -123.4,   0.79599, 3,    6342.01,  116.6,   0.79599
"SCN_CN15_9033_CEI130A_ATV", 13.8, 1,    6342.02,   -3.4,   0.79599, 2,    6342.01, -123.4,   0.79599, 3,    6342.01,  116.6,   0.79599
"SCN_CN15_9035_CEI130A_ATV", 13.8, 1,    6342.02,   -3.4,   0.79599, 2,    6342.01, -123.4,   0.79599, 3,    6342.01,  116.6,   0.79599
"SCN_CN15_9037_CEI130A_ATV", 13.8, 1,    6341.92,   -3.4,   0.79598, 2,    6341.91, -123.4,   0.79598, 3,    6341.91,  116.6,   0.79598
"SCN_CN15_9045_CEI130A_ATV", 13.8, 1,    6341.71,   -3.4,   0.79595, 2,     6341.7, -123.4,   0.79595, 3,     6341.7,  116.6,   0.79595
"SCN_CN15_9038_CEI130A_ATV", 13.8, 1,    6341.92,   -3.4,   0.79598, 2,    6341.91, -123.4,   0.79598, 3,    6341.91,  116.6,   0.79598
"SCN_CN15_9464_CEI109", 13.8, 1,    5864.87,   -4.9,   0.73611, 2,    5864.86, -124.9,    0.7361, 3,    5864.86,  115.1,    0.7361
"SCN_CN15_9041_CEI130A_ATV", 13.8, 1,    6341.92,   -3.4,   0.79598, 2,    6341.91, -123.4,   0.79598, 3,    6341.91,  116.6,   0.79598
"SCN_CN15_9039_CEI130A_ATV", 13.8, 1,    6341.92,   -3.4,   0.79598, 2,    6341.91, -123.4,   0.79598, 3,    6341.91,  116.6,   0.79598
"SCN_CN15_9044_CEI130A_ATV", 13.8, 1,    6341.92,   -3.4,   0.79598, 2,    6341.91, -123.4,   0.79598, 3,    6341.91,  116.6,   0.79598
"SCN_CN15_9043_CEI130A_ATV", 13.8, 1,    6341.92,   -3.4,   0.79598, 2,    6341.91, -123.4,   0.79598, 3,    6341.91,  116.6,   0.79598
"SCN_CN15_9042_CEI130A_ATV", 13.8, 1,    6341.92,   -3.4,   0.79598, 2,    6341.91, -123.4,   0.79598, 3,    6341.91,  116.6,   0.79598
"SCN_CN15_9465_CEI109", 13.8, 1,    5864.83,   -4.9,    0.7361, 2,    5864.81, -124.9,    0.7361, 3,    5864.82,  115.1,    0.7361
"SCN_CN15_9040_CEI076", 13.8, 1,    6361.39,   -3.4,   0.79842, 2,    6361.38, -123.4,   0.79842, 3,    6361.39,  116.6,   0.79842
"SCN_CN15_9047_CEI076", 13.8, 1,    6361.27,   -3.4,   0.79841, 2,    6361.26, -123.4,   0.79841, 3,    6361.27,  116.6,   0.79841
"SCN_CN15_9039_CEI076_S", 13.8, 1,    6361.46,   -3.4,   0.79843, 2,    6361.45, -123.4,   0.79843, 3,    6361.46,  116.6,   0.79843
"SCN_CN15_9038_CEI076", 13.8, 1,    6361.54,   -3.4,   0.79844, 2,    6361.53, -123.4,   0.79844, 3,    6361.53,  116.6,   0.79844
"SCN_CN15_9037_CEI076", 13.8, 1,     6361.5,   -3.4,   0.79844, 2,    6361.49, -123.4,   0.79844, 3,     6361.5,  116.6,   0.79844
"SCN_CN15_9036_CEI076", 13.8, 1,    6361.68,   -3.4,   0.79846, 2,    6361.67, -123.4,   0.79846, 3,    6361.67,  116.6,   0.79846
"SCN_CN15_9038_CEI076_S", 13.8, 1,    6361.54,   -3.4,   0.79844, 2,    6361.53, -123.4,   0.79844, 3,    6361.53,  116.6,   0.79844
"SCN_CN15_9466_CEI109", 13.8, 1,    5864.78,   -4.9,   0.73609, 2,    5864.77, -124.9,   0.73609, 3,    5864.77,  115.1,   0.73609
"SCN_CN15_9034_CEI076", 13.8, 1,    6361.82,   -3.4,   0.79848, 2,    6361.81, -123.4,   0.79848, 3,    6361.81,  116.6,   0.79848
"SCN_CN15_9033_CEI076", 13.8, 1,    6361.97,   -3.4,    0.7985, 2,    6361.96, -123.4,    0.7985, 3,    6361.97,  116.6,    0.7985
"SCN_CN15_9032_CEI076", 13.8, 1,    6362.22,   -3.4,   0.79853, 2,    6362.21, -123.4,   0.79853, 3,    6362.21,  116.6,   0.79853
"SCN_CN15_9031_CEI076", 13.8, 1,    6362.47,   -3.4,   0.79856, 2,    6362.46, -123.4,   0.79856, 3,    6362.46,  116.6,   0.79856
"SCN_CN15_9030_CEI076", 13.8, 1,    6362.71,   -3.4,   0.79859, 2,     6362.7, -123.4,   0.79859, 3,     6362.7,  116.6,   0.79859
"SCN_CN15_9046_CEIRJ006_ATV", 13.8, 1,    6362.94,   -3.4,   0.79862, 2,    6362.93, -123.4,   0.79862, 3,    6362.94,  116.6,   0.79862
"SCN_CN15_9047_CEIRJ006_ATV", 13.8, 1,     6363.4,   -3.4,   0.79868, 2,    6363.39, -123.4,   0.79867, 3,    6363.39,  116.6,   0.79867
"SCN_CN15_9025_CEI076", 13.8, 1,    6363.79,   -3.4,   0.79872, 2,    6363.78, -123.4,   0.79872, 3,    6363.78,  116.6,   0.79872
"SCN_CN15_9024_CEI076", 13.8, 1,    6363.98,   -3.4,   0.79875, 2,    6363.97, -123.4,   0.79875, 3,    6363.98,  116.6,   0.79875
"SCN_CN15_9023_CEI076", 13.8, 1,    6364.26,   -3.4,   0.79878, 2,    6364.25, -123.4,   0.79878, 3,    6364.26,  116.6,   0.79878
"SCN_CN15_9293_CEI109", 13.8, 1,    5864.32,   -4.9,   0.73604, 2,     5864.3, -124.9,   0.73603, 3,    5864.31,  115.1,   0.73603
"SCN_CN15_9049_CEIRJ006_ATV", 13.8, 1,    6364.57,   -3.4,   0.79882, 2,    6364.56, -123.4,   0.79882, 3,    6364.56,  116.6,   0.79882
"SCN_CN15_9023_CEI076_S", 13.8, 1,    6364.26,   -3.4,   0.79878, 2,    6364.25, -123.4,   0.79878, 3,    6364.26,  116.6,   0.79878
"SCN_CN15_9019_CEI076", 13.8, 1,    6364.99,   -3.4,   0.79888, 2,    6364.98, -123.4,   0.79887, 3,    6364.98,  116.6,   0.79887
"SCN_CN15_9018_CEI076", 13.8, 1,    6365.23,   -3.4,   0.79891, 2,    6365.22, -123.4,    0.7989, 3,    6365.22,  116.6,   0.79891
"SCN_CN15_9017_CEI076", 13.8, 1,    6365.49,   -3.4,   0.79894, 2,    6365.48, -123.4,   0.79894, 3,    6365.48,  116.6,   0.79894
"SCN_CN15_9016_CEI076", 13.8, 1,    6365.72,   -3.4,   0.79897, 2,    6365.71, -123.4,   0.79897, 3,    6365.71,  116.6,   0.79897
"SCN_CN15_9015_CEI076", 13.8, 1,       6366,   -3.4,     0.799, 2,       6366, -123.4,     0.799, 3,       6366,  116.6,     0.799
"SCN_CN15_9014_CEI076", 13.8, 1,    6366.31,   -3.3,   0.79904, 2,     6366.3, -123.3,   0.79904, 3,    6366.31,  116.7,   0.79904
"SCN_CN15_9013_CEI076", 13.8, 1,    6366.79,   -3.3,    0.7991, 2,    6366.78, -123.3,    0.7991, 3,    6366.78,  116.7,    0.7991
"SCN_CN15_9012_CEI076", 13.8, 1,    6367.28,   -3.3,   0.79916, 2,    6367.27, -123.3,   0.79916, 3,    6367.27,  116.7,   0.79916
"SCN_CN15_9011_CEI076", 13.8, 1,    6367.77,   -3.3,   0.79922, 2,    6367.76, -123.3,   0.79922, 3,    6367.76,  116.7,   0.79922
"SCN_CN15_9294_CEI109", 13.8, 1,    5862.87,   -4.9,   0.73585, 2,    5862.85, -124.9,   0.73585, 3,    5862.86,  115.1,   0.73585
"SCN_CN15_9010_CEI076", 13.8, 1,    6368.23,   -3.3,   0.79928, 2,    6368.22, -123.3,   0.79928, 3,    6368.22,  116.7,   0.79928
"SCN_CN15_9009_CEI076", 13.8, 1,    6368.65,   -3.3,   0.79934, 2,    6368.64, -123.3,   0.79933, 3,    6368.64,  116.7,   0.79933
"SCN_CN15_9008_CEI076", 13.8, 1,    6368.98,   -3.3,   0.79938, 2,    6368.97, -123.3,   0.79938, 3,    6368.98,  116.7,   0.79938
"SCN_CN15_9007_CEI076", 13.8, 1,    6369.31,   -3.3,   0.79942, 2,     6369.3, -123.3,   0.79942, 3,     6369.3,  116.7,   0.79942
"SCN_CN15_9006_CEI076", 13.8, 1,    6369.65,   -3.3,   0.79946, 2,    6369.64, -123.3,   0.79946, 3,    6369.65,  116.7,   0.79946
"SCN_CN15_9005_CEI076", 13.8, 1,    6369.99,   -3.3,    0.7995, 2,    6369.98, -123.3,    0.7995, 3,    6369.98,  116.7,    0.7995
"SCN_CN15_9004_CEI076", 13.8, 1,    6370.32,   -3.3,   0.79955, 2,    6370.32, -123.3,   0.79954, 3,    6370.32,  116.7,   0.79954
"SCN_CN15_9003_CEI076", 13.8, 1,    6370.62,   -3.3,   0.79958, 2,    6370.61, -123.3,   0.79958, 3,    6370.61,  116.7,   0.79958
"SCN_CN15_9002_CEI076", 13.8, 1,    6370.99,   -3.3,   0.79963, 2,    6370.98, -123.3,   0.79963, 3,    6370.98,  116.7,   0.79963
"SCN_CN15_9117_CEI076", 13.8, 1,    6371.33,   -3.3,   0.79967, 2,    6371.32, -123.3,   0.79967, 3,    6371.32,  116.7,   0.79967
"SCN_CN15_9295_CEI109", 13.8, 1,     5861.4,   -4.9,   0.73567, 2,    5861.39, -124.9,   0.73567, 3,     5861.4,  115.1,   0.73567
"SCN_CN15_9149_CEI068", 13.8, 1,    6371.66,   -3.3,   0.79971, 2,    6371.65, -123.3,   0.79971, 3,    6371.66,  116.7,   0.79971
"SCN_CN15_9312_CEI068", 13.8, 1,    6371.61,   -3.3,   0.79971, 2,     6371.6, -123.3,   0.79971, 3,     6371.6,  116.7,   0.79971
"SCN_CN15_9313_CEI068", 13.8, 1,    6371.46,   -3.3,   0.79969, 2,    6371.45, -123.3,   0.79969, 3,    6371.45,  116.7,   0.79969
"SCN_CN15_9314_CEI068", 13.8, 1,    6371.31,   -3.3,   0.79967, 2,     6371.3, -123.3,   0.79967, 3,     6371.3,  116.7,   0.79967
"SCN_CN15_9315_CEI068", 13.8, 1,    6371.15,   -3.3,   0.79965, 2,    6371.14, -123.3,   0.79965, 3,    6371.15,  116.7,   0.79965
"SCN_CN15_9316_CEI068", 13.8, 1,       6371,   -3.3,   0.79963, 2,    6370.99, -123.3,   0.79963, 3,    6370.99,  116.7,   0.79963
"SCN_CN15_9317_CEI068", 13.8, 1,    6370.85,   -3.3,   0.79961, 2,    6370.84, -123.3,   0.79961, 3,    6370.84,  116.7,   0.79961
"SCN_CN15_9319_CEI068", 13.8, 1,    6370.81,   -3.3,   0.79961, 2,     6370.8, -123.3,    0.7996, 3,     6370.8,  116.7,   0.79961
"SCN_CN15_9150_CEI068", 13.8, 1,    6372.05,   -3.3,   0.79976, 2,    6372.04, -123.3,   0.79976, 3,    6372.05,  116.7,   0.79976
"SCN_CN15_9149_CEI068_S", 13.8, 1,    6371.66,   -3.3,   0.79971, 2,    6371.65, -123.3,   0.79971, 3,    6371.66,  116.7,   0.79971
"SCN_CN15_9064_CEI201_ATV", 13.8, 1,    5823.09,   -5.0,   0.73086, 2,    5823.07, -125.0,   0.73086, 3,    5823.08,  115.0,   0.73086
"SCN_CN15_9408_CEI109", 13.8, 1,    5823.15,   -5.0,   0.73087, 2,    5823.13, -125.0,   0.73087, 3,    5823.14,  115.0,   0.73087
"SCN_CN15_9024_CEI130_ATV", 13.8, 1,    6144.81,   -3.8,   0.77124, 2,     6144.8, -123.8,   0.77124, 3,     6144.8,  116.2,   0.77124
"SCN_CN15_9099_CEI131_ATV", 13.8, 1,    5930.96,   -4.6,    0.7444, 2,    5930.95, -124.6,    0.7444, 3,    5930.95,  115.4,    0.7444
"SCN_CN15_9197_CEI69B_S", 13.8, 1,    6027.54,   -4.1,   0.75652, 2,    6027.53, -124.1,   0.75652, 3,    6027.53,  115.9,   0.75652
"SCN_CN15_9111_CEI201_ATV", 13.8, 1,     6027.7,   -4.1,   0.75654, 2,    6027.69, -124.1,   0.75654, 3,    6027.69,  115.9,   0.75654
"SCN_CN15_9050_CEI201_ATV", 13.8, 1,    5812.64,   -5.1,   0.72955, 2,    5812.62, -125.1,   0.72955, 3,    5812.63,  114.9,   0.72955
"SCN_CN15_9100_CEI131_ATV", 13.8, 1,    5933.74,   -4.6,   0.74475, 2,    5933.73, -124.6,   0.74475, 3,    5933.73,  115.4,   0.74475
"SCN_CN15_9101_CEI131_ATV", 13.8, 1,    5936.63,   -4.6,   0.74511, 2,    5936.61, -124.6,   0.74511, 3,    5936.62,  115.4,   0.74511
"SCN_CN15_9064_CEI220_ATV", 13.8, 1,    5939.52,   -4.6,   0.74548, 2,    5939.51, -124.6,   0.74547, 3,    5939.51,  115.4,   0.74547
"SCN_CN15_9065_CEI220_ATV", 13.8, 1,    5939.52,   -4.6,   0.74548, 2,    5939.51, -124.6,   0.74547, 3,    5939.51,  115.4,   0.74547
"SCN_CN15_9063_CEI220_ATV", 13.8, 1,    5942.23,   -4.5,   0.74581, 2,    5942.22, -124.5,   0.74581, 3,    5942.22,  115.5,   0.74581
"SCN_CN15_9062_CEI220_ATV", 13.8, 1,    5942.15,   -4.5,    0.7458, 2,    5942.14, -124.5,    0.7458, 3,    5942.14,  115.5,    0.7458
"SCN_CN15_9061_CEI220_ATV", 13.8, 1,    5942.06,   -4.5,   0.74579, 2,    5942.05, -124.5,   0.74579, 3,    5942.06,  115.5,   0.74579
"SCN_CN15_9060_CEI220_ATV", 13.8, 1,    5941.98,   -4.5,   0.74578, 2,    5941.97, -124.5,   0.74578, 3,    5941.97,  115.5,   0.74578
"SCN_CN15_9051_CEI201_ATV", 13.8, 1,    5812.15,   -5.1,   0.72949, 2,    5812.13, -125.1,   0.72949, 3,    5812.14,  114.9,   0.72949
"SCN_CN15_9481_CEI109", 13.8, 1,    5812.15,   -5.1,   0.72949, 2,    5812.14, -125.1,   0.72949, 3,    5812.14,  114.9,   0.72949
"SCN_CN15_9155_CEI109", 13.8, 1,    5838.21,   -5.0,   0.73276, 2,     5838.2, -125.0,   0.73276, 3,    5838.21,  115.0,   0.73276
"SCN_CN15_9025_CEI201_ATV", 13.8, 1,     5805.5,   -5.1,   0.72865, 2,    5805.49, -125.1,   0.72865, 3,    5805.49,  114.9,   0.72865
"SCN_CN15_9151_CEI068", 13.8, 1,    6372.43,   -3.3,   0.79981, 2,    6372.42, -123.3,   0.79981, 3,    6372.43,  116.7,   0.79981
"SCN_CN15_9296_CEI109", 13.8, 1,    5859.29,   -4.9,    0.7354, 2,    5859.27, -124.9,    0.7354, 3,    5859.28,  115.1,    0.7354
"SCN_CN15_9152_CEI068", 13.8, 1,    6373.29,   -3.3,   0.79992, 2,    6373.28, -123.3,   0.79992, 3,    6373.28,  116.7,   0.79992
"SCN_CN15_9153_CEI068", 13.8, 1,     6374.2,   -3.3,   0.80003, 2,    6374.19, -123.3,   0.80003, 3,     6374.2,  116.7,   0.80003
"SCN_CN15_9158_CEI068", 13.8, 1,    6375.11,   -3.3,   0.80015, 2,     6375.1, -123.3,   0.80014, 3,     6375.1,  116.7,   0.80014
"SCN_CN15_9159_CEI068", 13.8, 1,    6375.02,   -3.3,   0.80013, 2,    6375.01, -123.3,   0.80013, 3,    6375.01,  116.7,   0.80013
"SCN_CN15_9158_CEI068_S", 13.8, 1,    6375.11,   -3.3,   0.80015, 2,     6375.1, -123.3,   0.80014, 3,     6375.1,  116.7,   0.80014
"SCN_CN15_9029_CEI250_ATV", 13.8, 1,       6376,   -3.3,   0.80026, 2,    6375.99, -123.3,   0.80026, 3,    6375.99,  116.7,   0.80026
"SCN_CN15_9030_CEI250_ATV", 13.8, 1,    6377.11,   -3.3,    0.8004, 2,     6377.1, -123.3,    0.8004, 3,    6377.11,  116.7,    0.8004
"SCN_CN15_9031_CEI250_ATV", 13.8, 1,    6377.08,   -3.3,   0.80039, 2,    6377.07, -123.3,   0.80039, 3,    6377.07,  116.7,   0.80039
"SCN_CN15_9030_CEI250_ATV_S", 13.8, 1,    6377.11,   -3.3,    0.8004, 2,     6377.1, -123.3,    0.8004, 3,    6377.11,  116.7,    0.8004
"SCN_CN15_9032_CEI250_ATV", 13.8, 1,     6378.2,   -3.3,   0.80053, 2,    6378.19, -123.3,   0.80053, 3,    6378.19,  116.7,   0.80053
"SCN_CN15_9033_CEI250_ATV", 13.8, 1,     6379.3,   -3.3,   0.80067, 2,     6379.3, -123.3,   0.80067, 3,     6379.3,  116.7,   0.80067
"SCN_CN15_9102_CEI068", 13.8, 1,    6380.42,   -3.3,   0.80081, 2,    6380.41, -123.3,   0.80081, 3,    6380.41,  116.7,   0.80081
"SCN_CN15_9297_CEI109", 13.8, 1,    5857.34,   -4.9,   0.73516, 2,    5857.33, -124.9,   0.73516, 3,    5857.33,  115.1,   0.73516
"SCN_CN15_9101_CEI068", 13.8, 1,    6393.68,   -3.3,   0.80248, 2,    6393.67, -123.3,   0.80248, 3,    6393.67,  116.7,   0.80248
"SCN_CN15_9100_CEI068_S", 13.8, 1,    6404.51,   -3.3,   0.80384, 2,     6404.5, -123.3,   0.80384, 3,    6404.51,  116.7,   0.80384
"SCN_CN15_9100_CEI068", 13.8, 1,    6404.51,   -3.3,   0.80384, 2,     6404.5, -123.3,   0.80384, 3,    6404.51,  116.7,   0.80384
"SCN_CN15_9050_CEI070_S", 13.8, 1,    6418.35,   -3.2,   0.80557, 2,    6418.34, -123.2,   0.80557, 3,    6418.35,  116.8,   0.80557
"SCN_CN15_9098_CEI068_S", 13.8, 1,    6404.51,   -3.3,   0.80384, 2,     6404.5, -123.3,   0.80384, 3,    6404.51,  116.7,   0.80384
"SCN_CN15_9049_CEI070", 13.8, 1,    6429.99,   -3.2,   0.80703, 2,    6429.98, -123.2,   0.80703, 3,    6429.99,  116.8,   0.80703
"SCN_CN15_9048_CEI070", 13.8, 1,    6439.44,   -3.2,   0.80822, 2,    6439.44, -123.2,   0.80822, 3,    6439.44,  116.8,   0.80822
"SCN_CN15_9047_CEI070", 13.8, 1,    6448.72,   -3.2,   0.80939, 2,    6448.71, -123.2,   0.80938, 3,    6448.72,  116.8,   0.80938
"SCN_CN15_9046_CEI070", 13.8, 1,    6461.27,   -3.2,   0.81096, 2,    6461.26, -123.2,   0.81096, 3,    6461.26,  116.8,   0.81096
"SCN_CN15_9045_CEI070_S", 13.8, 1,    6474.29,   -3.1,   0.81259, 2,    6474.28, -123.1,   0.81259, 3,    6474.28,  116.9,   0.81259
"SCN_CN15_9298_CEI109", 13.8, 1,    5854.69,   -4.9,   0.73483, 2,    5854.68, -124.9,   0.73483, 3,    5854.68,  115.1,   0.73483
"SCN_CN15_9051_CEI070", 13.8, 1,    6474.27,   -3.1,   0.81259, 2,    6474.26, -123.1,   0.81259, 3,    6474.26,  116.9,   0.81259
"SCN_CN15_9045_CEI070", 13.8, 1,    6474.29,   -3.1,   0.81259, 2,    6474.28, -123.1,   0.81259, 3,    6474.28,  116.9,   0.81259
"SCN_CN15_9043_CEI070_S", 13.8, 1,    6481.21,   -3.1,   0.81346, 2,     6481.2, -123.1,   0.81346, 3,     6481.2,  116.9,   0.81346
"SCN_CN15_9043_CEI070", 13.8, 1,    6481.21,   -3.1,   0.81346, 2,     6481.2, -123.1,   0.81346, 3,     6481.2,  116.9,   0.81346
"SCN_CN15_9044_CEI070", 13.8, 1,    6481.18,   -3.1,   0.81346, 2,    6481.17, -123.1,   0.81346, 3,    6481.17,  116.9,   0.81346
"SCN_CN15_9042_CEI070_S", 13.8, 1,    6493.52,   -3.1,   0.81501, 2,    6493.51, -123.1,   0.81501, 3,    6493.52,  116.9,   0.81501
"SCN_CN15_9042_CEI070", 13.8, 1,    6493.52,   -3.1,   0.81501, 2,    6493.51, -123.1,   0.81501, 3,    6493.52,  116.9,   0.81501
"SCN_CN15_9052_CEI070", 13.8, 1,    6493.51,   -3.1,   0.81501, 2,     6493.5, -123.1,     0.815, 3,     6493.5,  116.9,   0.81501
"SCN_CN15_9040_CEI070", 13.8, 1,    6507.18,   -3.1,   0.81672, 2,    6507.17, -123.1,   0.81672, 3,    6507.18,  116.9,   0.81672
"SCN_CN15_9041_CEI070", 13.8, 1,    6507.11,   -3.1,   0.81671, 2,    6507.11, -123.1,   0.81671, 3,    6507.11,  116.9,   0.81671
"SCN_CN15_9039_CEI070", 13.8, 1,    6517.38,   -3.1,     0.818, 2,    6517.37, -123.1,     0.818, 3,    6517.37,  116.9,     0.818
"SCN_CN15_9038_CEI070_S", 13.8, 1,    6532.64,   -3.0,   0.81992, 2,    6532.63, -123.0,   0.81992, 3,    6532.63,  117.0,   0.81992
"SCN_CN15_9038_CEI070", 13.8, 1,    6532.64,   -3.0,   0.81992, 2,    6532.63, -123.0,   0.81992, 3,    6532.63,  117.0,   0.81992
"SCN_CN15_9053_CEI070", 13.8, 1,    6532.54,   -3.0,   0.81991, 2,    6532.53, -123.0,    0.8199, 3,    6532.54,  117.0,    0.8199
"SCN_CN15_9026_CEI220_ATV", 13.8, 1,    5852.94,   -4.9,   0.73461, 2,    5852.93, -124.9,   0.73461, 3,    5852.93,  115.1,   0.73461
"SCN_CN15_9054_CEI070", 13.8, 1,     6532.4,   -3.0,   0.81989, 2,    6532.39, -123.0,   0.81989, 3,     6532.4,  117.0,   0.81989
"SCN_CN15_9055_CEI070_S", 13.8, 1,    6532.26,   -3.0,   0.81987, 2,    6532.25, -123.0,   0.81987, 3,    6532.25,  117.0,   0.81987
"SCN_CN15_9055_CEI070", 13.8, 1,    6532.26,   -3.0,   0.81987, 2,    6532.25, -123.0,   0.81987, 3,    6532.25,  117.0,   0.81987
"SCN_CN15_9057_CEI070", 13.8, 1,    6532.14,   -3.0,   0.81986, 2,    6532.13, -123.0,   0.81985, 3,    6532.13,  117.0,   0.81985
"SCN_CN15_9058_CEI070_S", 13.8, 1,    6532.02,   -3.0,   0.81984, 2,    6532.02, -123.0,   0.81984, 3,    6532.02,  117.0,   0.81984
"SCN_CN15_9058_CEI070", 13.8, 1,    6532.02,   -3.0,   0.81984, 2,    6532.02, -123.0,   0.81984, 3,    6532.02,  117.0,   0.81984
"SCN_CN15_9059_CEI070", 13.8, 1,    6532.02,   -3.0,   0.81984, 2,    6532.01, -123.0,   0.81984, 3,    6532.01,  117.0,   0.81984
"SCN_CN15_9060_CEI070", 13.8, 1,    6531.94,   -3.0,   0.81983, 2,    6531.94, -123.0,   0.81983, 3,    6531.94,  117.0,   0.81983
"SCN_CN15_9061_CEI070", 13.8, 1,    6531.88,   -3.0,   0.81982, 2,    6531.87, -123.0,   0.81982, 3,    6531.87,  117.0,   0.81982
"SCN_CN15_9062_CEI070", 13.8, 1,    6531.82,   -3.0,   0.81981, 2,    6531.81, -123.0,   0.81981, 3,    6531.81,  117.0,   0.81981
"SCN_CN15_9063_CEI070", 13.8, 1,    6531.76,   -3.0,   0.81981, 2,    6531.75, -123.0,   0.81981, 3,    6531.75,  117.0,   0.81981
"SCN_CN15_9064_CEI070", 13.8, 1,    6531.68,   -3.0,    0.8198, 2,    6531.67, -123.0,    0.8198, 3,    6531.68,  117.0,    0.8198
"SCN_CN15_9299_CEI109", 13.8, 1,    5852.14,   -4.9,   0.73451, 2,    5852.13, -124.9,   0.73451, 3,    5852.13,  115.1,   0.73451
"SCN_CN15_9065_CEI070", 13.8, 1,     6531.6,   -3.0,   0.81979, 2,     6531.6, -123.0,   0.81979, 3,     6531.6,  117.0,   0.81979
"SCN_CN15_9066_CEI070", 13.8, 1,    6531.53,   -3.0,   0.81978, 2,    6531.52, -123.0,   0.81978, 3,    6531.52,  117.0,   0.81978
"SCN_CN15_9037_CEI070_S", 13.8, 1,    6543.18,   -3.0,   0.82124, 2,    6543.17, -123.0,   0.82124, 3,    6543.17,  117.0,   0.82124
"SCN_CN15_9036_CEI070", 13.8, 1,    6551.19,   -3.0,   0.82225, 2,    6551.18, -123.0,   0.82225, 3,    6551.19,  117.0,   0.82225
"SCN_CN15_9037_CEI070", 13.8, 1,    6543.18,   -3.0,   0.82124, 2,    6543.17, -123.0,   0.82124, 3,    6543.17,  117.0,   0.82124
"SCN_CN15_9035_CEI070_S", 13.8, 1,    6559.77,   -3.0,   0.82332, 2,    6559.76, -123.0,   0.82332, 3,    6559.76,  117.0,   0.82332
"SCN_CN15_9019_CEI070", 13.8, 1,    6559.75,   -3.0,   0.82332, 2,    6559.74, -123.0,   0.82332, 3,    6559.75,  117.0,   0.82332
"SCN_CN15_9035_CEI070", 13.8, 1,    6559.77,   -3.0,   0.82332, 2,    6559.76, -123.0,   0.82332, 3,    6559.76,  117.0,   0.82332
"SCN_CN15_9020_CEI070", 13.8, 1,    6559.75,   -3.0,   0.82332, 2,    6559.74, -123.0,   0.82332, 3,    6559.74,  117.0,   0.82332
"SCN_CN15_9276_CEI250_ATV", 13.8, 1,    6543.02,   -3.0,   0.82122, 2,    6543.01, -123.0,   0.82122, 3,    6543.01,  117.0,   0.82122
"SCN_CN15_9275_CEI250_ATV", 13.8, 1,    6542.84,   -3.0,    0.8212, 2,    6542.83, -123.0,    0.8212, 3,    6542.83,  117.0,    0.8212
"SCN_CN15_9274_CEI250_ATV", 13.8, 1,    6542.68,   -3.0,   0.82118, 2,    6542.67, -123.0,   0.82118, 3,    6542.68,  117.0,   0.82118
"SCN_CN15_9300_CEI109", 13.8, 1,    5850.04,   -4.9,   0.73424, 2,    5850.03, -124.9,   0.73424, 3,    5850.03,  115.1,   0.73424
"SCN_CN15_9277_CEI250_ATV", 13.8, 1,     6542.5,   -3.0,   0.82115, 2,    6542.49, -123.0,   0.82115, 3,    6542.49,  117.0,   0.82115
"SCN_CN15_9278_CEI250_ATV", 13.8, 1,    6542.33,   -3.0,   0.82113, 2,    6542.32, -123.0,   0.82113, 3,    6542.32,  117.0,   0.82113
"SCN_CN15_9071_CEI070", 13.8, 1,    6542.16,   -3.0,   0.82111, 2,    6542.15, -123.0,   0.82111, 3,    6542.15,  117.0,   0.82111
"SCN_CN15_9034_CEI070", 13.8, 1,    6574.73,   -3.0,    0.8252, 2,    6574.73, -123.0,    0.8252, 3,    6574.73,  117.0,    0.8252
"SCN_CN15_9033_CEI070_S", 13.8, 1,    6589.58,   -3.0,   0.82706, 2,    6589.57, -123.0,   0.82706, 3,    6589.58,  117.0,   0.82706
"SCN_CN15_9033_CEI070", 13.8, 1,    6589.58,   -3.0,   0.82706, 2,    6589.57, -123.0,   0.82706, 3,    6589.58,  117.0,   0.82706
"SCN_CN15_9099_CEI070", 13.8, 1,     6589.5,   -3.0,   0.82705, 2,     6589.5, -123.0,   0.82705, 3,     6589.5,  117.0,   0.82705
"SCN_CN15_9098_CEI070", 13.8, 1,    6589.46,   -3.0,   0.82705, 2,    6589.46, -123.0,   0.82705, 3,    6589.46,  117.0,   0.82705
"SCN_CN15_9097_CEI070", 13.8, 1,    6589.43,   -3.0,   0.82705, 2,    6589.42, -123.0,   0.82704, 3,    6589.42,  117.0,   0.82704
"SCN_CN15_9096_CEI070", 13.8, 1,    6589.39,   -3.0,   0.82704, 2,    6589.38, -123.0,   0.82704, 3,    6589.38,  117.0,   0.82704
"SCN_CN15_9095_CEI070", 13.8, 1,    6589.35,   -3.0,   0.82704, 2,    6589.34, -123.0,   0.82703, 3,    6589.34,  117.0,   0.82703
"SCN_CN15_9249_CEI109", 13.8, 1,    5848.34,   -4.9,   0.73403, 2,    5848.32, -124.9,   0.73403, 3,    5848.33,  115.1,   0.73403
"SCN_CN15_9094_CEI070", 13.8, 1,    6589.31,   -3.0,   0.82703, 2,    6589.31, -123.0,   0.82703, 3,    6589.31,  117.0,   0.82703
"SCN_CN15_9032_CEI070", 13.8, 1,    6605.26,   -2.9,   0.82903, 2,    6605.25, -122.9,   0.82903, 3,    6605.25,  117.1,   0.82903
"SCN_CN15_9031_CEI070_S", 13.8, 1,    6620.38,   -2.9,   0.83093, 2,    6620.37, -122.9,   0.83093, 3,    6620.37,  117.1,   0.83093
"SCN_CN15_9031_CEI070", 13.8, 1,    6620.38,   -2.9,   0.83093, 2,    6620.37, -122.9,   0.83093, 3,    6620.37,  117.1,   0.83093
"SCN_CN15_9030_CEI070", 13.8, 1,    6631.52,   -2.9,   0.83233, 2,    6631.51, -122.9,   0.83233, 3,    6631.52,  117.1,   0.83233
"SCN_CN15_9291_CEI250_ATV", 13.8, 1,    6643.04,   -2.9,   0.83377, 2,    6643.03, -122.9,   0.83377, 3,    6643.04,  117.1,   0.83377
"SCN_CN15_9281_CEI250_ATV", 13.8, 1,    6654.02,   -2.9,   0.83515, 2,    6654.01, -122.9,   0.83515, 3,    6654.02,  117.1,   0.83515
"SCN_CN15_9282_CEI250_ATV", 13.8, 1,    6663.16,   -2.8,    0.8363, 2,    6663.16, -122.8,    0.8363, 3,    6663.16,  117.2,    0.8363
"SCN_CN15_9280_CEI250_ATV", 13.8, 1,    6663.13,   -2.8,    0.8363, 2,    6663.12, -122.8,   0.83629, 3,    6663.12,  117.2,   0.83629
"SCN_CN15_9283_CEI250_ATV", 13.8, 1,    6672.78,   -2.8,   0.83751, 2,    6672.77, -122.8,   0.83751, 3,    6672.77,  117.2,   0.83751
"SCN_CN15_9284_CEI250_ATV", 13.8, 1,    6672.73,   -2.8,    0.8375, 2,    6672.72, -122.8,    0.8375, 3,    6672.73,  117.2,    0.8375
"SCN_CN15_9302_CEI109", 13.8, 1,    5847.66,   -4.9,   0.73395, 2,    5847.65, -124.9,   0.73394, 3,    5847.65,  115.1,   0.73394
"SCN_CN15_9056_CEI160_ATV", 13.8, 1,    6695.52,   -2.8,   0.84036, 2,    6695.52, -122.8,   0.84036, 3,    6695.52,  117.2,   0.84036
"SCN_CN15_9057_CEI160_ATV", 13.8, 1,    6695.07,   -2.8,    0.8403, 2,    6695.06, -122.8,    0.8403, 3,    6695.06,  117.2,    0.8403
"SCN_CN15_9058_CEI160_ATV", 13.8, 1,    6694.56,   -2.8,   0.84024, 2,    6694.56, -122.8,   0.84024, 3,    6694.56,  117.2,   0.84024
"SCN_CN15_9059_CEI160_ATV", 13.8, 1,    6694.53,   -2.8,   0.84024, 2,    6694.52, -122.8,   0.84024, 3,    6694.53,  117.2,   0.84024
"SCN_CN15_9066_CEI160_ATV", 13.8, 1,    6694.45,   -2.8,   0.84023, 2,    6694.44, -122.8,   0.84023, 3,    6694.44,  117.2,   0.84023
"SCN_CN15_9065_CEI160_ATV", 13.8, 1,    6694.34,   -2.8,   0.84021, 2,    6694.33, -122.8,   0.84021, 3,    6694.34,  117.2,   0.84021
"SCN_CN15_9064_CEI160_ATV", 13.8, 1,    6694.24,   -2.8,    0.8402, 2,    6694.23, -122.8,    0.8402, 3,    6694.23,  117.2,    0.8402
"SCN_CN15_9063_CEI160_ATV", 13.8, 1,    6694.16,   -2.8,   0.84019, 2,    6694.15, -122.8,   0.84019, 3,    6694.16,  117.2,   0.84019
"SCN_CN15_9303_CEI109", 13.8, 1,    5845.42,   -4.9,   0.73366, 2,    5845.41, -124.9,   0.73366, 3,    5845.41,  115.1,   0.73366
"SCN_CN15_9062_CEI160_ATV", 13.8, 1,    6693.92,   -2.8,   0.84016, 2,    6693.91, -122.8,   0.84016, 3,    6693.91,  117.2,   0.84016
"SCN_CN15_9061_CEI160_ATV", 13.8, 1,    6693.75,   -2.8,   0.84014, 2,    6693.74, -122.8,   0.84014, 3,    6693.74,  117.2,   0.84014
"SCN_CN15_9060_CEI160_ATV", 13.8, 1,    6693.44,   -2.8,    0.8401, 2,    6693.44, -122.8,    0.8401, 3,    6693.44,  117.2,    0.8401
"SCN_CN15_9001_CEIRJ012_ATV", 13.8, 1,    6620.38,   -2.9,   0.83093, 2,    6620.37, -122.9,   0.83093, 3,    6620.37,  117.1,   0.83093
"SCN_CN15_9002_CEIRJ012_ATV", 13.8, 1,    6620.38,   -2.9,   0.83093, 2,    6620.37, -122.9,   0.83093, 3,    6620.37,  117.1,   0.83093
"SCN_CN15_9008_CEIRJ006_ATV", 13.8, 1,    6532.24,   -3.0,   0.81987, 2,    6532.23, -123.0,   0.81987, 3,    6532.24,  117.0,   0.81987
"SCN_CN15_9035_CEI250_ATV", 13.8, 1,    6380.38,   -3.3,   0.80081, 2,    6380.37, -123.3,   0.80081, 3,    6380.37,  116.7,   0.80081
"SCN_CN15_9036_CEI250_ATV", 13.8, 1,    6380.34,   -3.3,    0.8008, 2,    6380.33, -123.3,    0.8008, 3,    6380.33,  116.7,    0.8008
"SCN_CN15_9037_CEI250_ATV", 13.8, 1,    6380.24,   -3.3,   0.80079, 2,    6380.24, -123.3,   0.80079, 3,    6380.24,  116.7,   0.80079
"SCN_CN15_9039_CEI250_ATV", 13.8, 1,    6380.15,   -3.3,   0.80078, 2,    6380.14, -123.3,   0.80078, 3,    6380.14,  116.7,   0.80078
"SCN_CN15_9304_CEI109", 13.8, 1,    5843.86,   -4.9,   0.73347, 2,    5843.84, -124.9,   0.73347, 3,    5843.85,  115.1,   0.73347
"SCN_CN15_9042_CEI250_ATV", 13.8, 1,    6380.06,   -3.3,   0.80077, 2,    6380.05, -123.3,   0.80077, 3,    6380.05,  116.7,   0.80077
"SCN_CN15_9041_CEI250_ATV", 13.8, 1,    6379.97,   -3.3,   0.80076, 2,    6379.96, -123.3,   0.80075, 3,    6379.96,  116.7,   0.80075
"SCN_CN15_9040_CEI250_ATV", 13.8, 1,    6379.87,   -3.3,   0.80074, 2,    6379.86, -123.3,   0.80074, 3,    6379.86,  116.7,   0.80074
"SCN_CN15_9059_CEI220_ATV", 13.8, 1,    5941.92,   -4.5,   0.74578, 2,     5941.9, -124.5,   0.74577, 3,    5941.91,  115.5,   0.74577
"SCN_CN15_9058_CEI220_ATV", 13.8, 1,    5941.86,   -4.5,   0.74577, 2,    5941.85, -124.5,   0.74577, 3,    5941.85,  115.5,   0.74577
"SCN_CN15_9063_CEI220_ATV_S", 13.8, 1,    5942.23,   -4.5,   0.74581, 2,    5942.22, -124.5,   0.74581, 3,    5942.22,  115.5,   0.74581
"SCN_CN15_9066_CEI220_ATV", 13.8, 1,    5945.31,   -4.5,    0.7462, 2,     5945.3, -124.5,    0.7462, 3,     5945.3,  115.5,    0.7462
"SCN_CN15_9071_CEI220_ATV", 13.8, 1,    5945.27,   -4.5,    0.7462, 2,    5945.25, -124.5,   0.74619, 3,    5945.26,  115.5,   0.74619
"SCN_CN15_9072_CEI220_ATV", 13.8, 1,    5945.22,   -4.5,   0.74619, 2,    5945.21, -124.5,   0.74619, 3,    5945.21,  115.5,   0.74619
"SCN_CN15_9073_CEI220_ATV", 13.8, 1,    5945.17,   -4.5,   0.74618, 2,    5945.16, -124.5,   0.74618, 3,    5945.16,  115.5,   0.74618
"SCN_CN15_9074_CEI220_ATV", 13.8, 1,    5945.13,   -4.5,   0.74618, 2,    5945.11, -124.5,   0.74618, 3,    5945.12,  115.5,   0.74618
"SCN_CN15_9075_CEI220_ATV", 13.8, 1,    5945.08,   -4.5,   0.74617, 2,    5945.07, -124.5,   0.74617, 3,    5945.07,  115.5,   0.74617
"SCN_CN15_9034_CEI201_ATV", 13.8, 1,    5807.82,   -5.1,   0.72895, 2,    5807.81, -125.1,   0.72894, 3,    5807.81,  114.9,   0.72894
"SCN_CN15_9036_CEI201_ATV", 13.8, 1,    5808.18,   -5.1,   0.72899, 2,    5808.17, -125.1,   0.72899, 3,    5808.18,  114.9,   0.72899
"SCN_CN15_9066_CEI220_ATV_S", 13.8, 1,    5945.31,   -4.5,    0.7462, 2,     5945.3, -124.5,    0.7462, 3,     5945.3,  115.5,    0.7462
"SCN_CN15_9067_CEI220_ATV", 13.8, 1,    5948.37,   -4.5,   0.74659, 2,    5948.35, -124.5,   0.74658, 3,    5948.36,  115.5,   0.74658
"SCN_CN15_9068_CEI220_ATV", 13.8, 1,    5950.37,   -4.5,   0.74684, 2,    5950.36, -124.5,   0.74683, 3,    5950.36,  115.5,   0.74684
"SCN_CN15_9142_CEI220_ATV", 13.8, 1,    5952.04,   -4.5,   0.74705, 2,    5952.03, -124.5,   0.74705, 3,    5952.04,  115.5,   0.74705
"SCN_CN15_9030_CEI201_ATV", 13.8, 1,    5806.62,   -5.1,   0.72879, 2,    5806.61, -125.1,   0.72879, 3,    5806.61,  114.9,   0.72879
"SCN_CN15_9037_CEI148_ATV", 13.8, 1,    6030.22,   -4.1,   0.75686, 2,    6030.21, -124.1,   0.75686, 3,    6030.21,  115.9,   0.75686
"SCN_CN15_9013_CEIRJ013_ATV", 13.8, 1,    6030.22,   -4.1,   0.75686, 2,    6030.21, -124.1,   0.75686, 3,    6030.21,  115.9,   0.75686
"SCN_CN15_9141_CEI220_ATV", 13.8, 1,    5952.25,   -4.5,   0.74707, 2,    5952.23, -124.5,   0.74707, 3,    5952.24,  115.5,   0.74707
"SCN_CN15_9142_CEI220_ATV_S", 13.8, 1,    5952.04,   -4.5,   0.74705, 2,    5952.03, -124.5,   0.74705, 3,    5952.04,  115.5,   0.74705
"SCN_CN15_9043_CEI250_ATV", 13.8, 1,    6379.82,   -3.3,   0.80074, 2,    6379.81, -123.3,   0.80074, 3,    6379.81,  116.7,   0.80074
"SCN_CN15_9047_CEI250_ATV", 13.8, 1,    6379.79,   -3.3,   0.80073, 2,    6379.78, -123.3,   0.80073, 3,    6379.79,  116.7,   0.80073
"SCN_CN15_9048_CEI250_ATV", 13.8, 1,    6379.73,   -3.3,   0.80073, 2,    6379.72, -123.3,   0.80072, 3,    6379.72,  116.7,   0.80073
"SCN_CN15_9049_CEI250_ATV", 13.8, 1,    6379.68,   -3.3,   0.80072, 2,    6379.67, -123.3,   0.80072, 3,    6379.67,  116.7,   0.80072
"SCN_CN15_9044_CEI250_ATV", 13.8, 1,     6379.8,   -3.3,   0.80073, 2,    6379.79, -123.3,   0.80073, 3,    6379.79,  116.7,   0.80073
"SCN_CN15_9045_CEI250_ATV", 13.8, 1,    6379.78,   -3.3,   0.80073, 2,    6379.77, -123.3,   0.80073, 3,    6379.77,  116.7,   0.80073
"SCN_CN15_9046_CEI250_ATV", 13.8, 1,    6379.76,   -3.3,   0.80073, 2,    6379.75, -123.3,   0.80073, 3,    6379.75,  116.7,   0.80073
"SCN_CN15_9305_CEI109", 13.8, 1,    5843.01,   -4.9,   0.73336, 2,       5843, -124.9,   0.73336, 3,       5843,  115.1,   0.73336
"SCN_CN15_9059_CEI075", 13.8, 1,    5952.24,   -4.2,   0.74707, 2,    5952.23, -124.2,   0.74707, 3,    5952.23,  115.8,   0.74707
"SCN_CN15_9060_CEI075", 13.8, 1,    5951.37,   -4.2,   0.74696, 2,    5951.36, -124.2,   0.74696, 3,    5951.36,  115.8,   0.74696
"SCN_CN15_9061_CEI075", 13.8, 1,    5950.54,   -4.2,   0.74686, 2,    5950.53, -124.2,   0.74686, 3,    5950.53,  115.8,   0.74686
"SCN_CN15_9062_CEI075", 13.8, 1,    5949.75,   -4.2,   0.74676, 2,    5949.74, -124.2,   0.74676, 3,    5949.74,  115.8,   0.74676
"SCN_CN15_9063_CEI075", 13.8, 1,    5949.01,   -4.2,   0.74667, 2,    5948.99, -124.2,   0.74666, 3,    5948.99,  115.8,   0.74666
"SCN_CN15_9064_CEI075", 13.8, 1,     5948.2,   -4.2,   0.74656, 2,    5948.19, -124.2,   0.74656, 3,    5948.19,  115.8,   0.74656
"SCN_CN15_9127_CEI230_ATV", 13.8, 1,    5948.15,   -4.2,   0.74656, 2,    5948.14, -124.2,   0.74656, 3,    5948.14,  115.8,   0.74656
"SCN_CN15_9126_CEI230_ATV", 13.8, 1,    5948.11,   -4.2,   0.74655, 2,    5948.09, -124.2,   0.74655, 3,     5948.1,  115.8,   0.74655
"SCN_CN15_9174_CEI230_ATV", 13.8, 1,    5948.14,   -4.2,   0.74656, 2,    5948.12, -124.2,   0.74655, 3,    5948.13,  115.8,   0.74655
"SCN_CN15_9175_CEI230_ATV", 13.8, 1,    5948.14,   -4.2,   0.74656, 2,    5948.12, -124.2,   0.74655, 3,    5948.13,  115.8,   0.74655
"SCN_CN15_9422_CEI109", 13.8, 1,    5841.35,   -5.0,   0.73315, 2,    5841.33, -125.0,   0.73315, 3,    5841.34,  115.0,   0.73315
"SCN_CN15_9173_CEI230_ATV", 13.8, 1,    5948.13,   -4.2,   0.74656, 2,    5948.11, -124.2,   0.74655, 3,    5948.12,  115.8,   0.74655
"SCN_CN15_9016_CEI201_ATV", 13.8, 1,    5803.82,   -5.1,   0.72844, 2,    5803.81, -125.1,   0.72844, 3,    5803.81,  114.9,   0.72844
"SCN_CN15_9172_CEI230_ATV", 13.8, 1,    5948.07,   -4.2,   0.74655, 2,    5948.06, -124.2,   0.74655, 3,    5948.06,  115.8,   0.74655
"SCN_CN15_9171_CEI230_ATV", 13.8, 1,    5948.02,   -4.2,   0.74654, 2,    5948.01, -124.2,   0.74654, 3,    5948.01,  115.8,   0.74654
"SCN_CN15_9170_CEI230_ATV", 13.8, 1,    5947.97,   -4.2,   0.74653, 2,    5947.95, -124.2,   0.74653, 3,    5947.95,  115.8,   0.74653
"SCN_CN15_9065_CEI075", 13.8, 1,    5947.46,   -4.2,   0.74647, 2,    5947.45, -124.2,   0.74647, 3,    5947.45,  115.8,   0.74647
"SCN_CN15_9106_CEI075", 13.8, 1,    5946.66,   -4.2,   0.74637, 2,    5946.64, -124.2,   0.74637, 3,    5946.65,  115.8,   0.74637
"SCN_CN15_9105_CEI075", 13.8, 1,    5945.93,   -4.2,   0.74628, 2,    5945.91, -124.2,   0.74628, 3,    5945.92,  115.8,   0.74628
"SCN_CN15_9130_CEI230_ATV", 13.8, 1,     5945.9,   -4.2,   0.74627, 2,    5945.88, -124.2,   0.74627, 3,    5945.88,  115.8,   0.74627
"SCN_CN15_9129_CEI230_ATV", 13.8, 1,    5945.87,   -4.2,   0.74627, 2,    5945.85, -124.2,   0.74627, 3,    5945.85,  115.8,   0.74627
"SCN_CN15_9128_CEI230_ATV", 13.8, 1,    5945.83,   -4.2,   0.74627, 2,    5945.82, -124.2,   0.74626, 3,    5945.82,  115.8,   0.74627
"SCN_CN15_9421_CEI109", 13.8, 1,     5840.1,   -5.0,     0.733, 2,    5840.08, -125.0,   0.73299, 3,    5840.09,  115.0,   0.73299
"SCN_CN15_9104_CEI075", 13.8, 1,    5945.18,   -4.2,   0.74619, 2,    5945.17, -124.2,   0.74618, 3,    5945.17,  115.8,   0.74618
"SCN_CN15_9103_CEI075", 13.8, 1,     5944.4,   -4.2,   0.74609, 2,    5944.39, -124.2,   0.74609, 3,    5944.39,  115.8,   0.74609
"SCN_CN15_9102_CEI075", 13.8, 1,    5943.72,   -4.2,     0.746, 2,    5943.71, -124.2,     0.746, 3,    5943.71,  115.8,     0.746
"SCN_CN15_9168_CEI230_ATV", 13.8, 1,     5943.7,   -4.2,     0.746, 2,    5943.69, -124.2,     0.746, 3,    5943.69,  115.8,     0.746
"SCN_CN15_9100_CEI075", 13.8, 1,    5942.99,   -4.2,   0.74591, 2,    5942.97, -124.2,   0.74591, 3,    5942.98,  115.8,   0.74591
"SCN_CN15_9099_CEI075", 13.8, 1,    5942.25,   -4.2,   0.74582, 2,    5942.24, -124.2,   0.74582, 3,    5942.24,  115.8,   0.74582
"SCN_CN15_9097_CEI075", 13.8, 1,    5941.52,   -4.2,   0.74573, 2,    5941.51, -124.2,   0.74572, 3,    5941.51,  115.8,   0.74572
"SCN_CN15_9167_CEI230_ATV", 13.8, 1,    5941.49,   -4.2,   0.74572, 2,    5941.48, -124.2,   0.74572, 3,    5941.48,  115.8,   0.74572
"SCN_CN15_9096_CEI075", 13.8, 1,    5940.79,   -4.2,   0.74563, 2,    5940.77, -124.2,   0.74563, 3,    5940.78,  115.8,   0.74563
"SCN_CN15_9095_CEI075", 13.8, 1,    5940.05,   -4.2,   0.74554, 2,    5940.04, -124.2,   0.74554, 3,    5940.04,  115.8,   0.74554
"SCN_CN15_9420_CEI109", 13.8, 1,    5839.05,   -5.0,   0.73287, 2,    5839.04, -125.0,   0.73286, 3,    5839.05,  115.0,   0.73286
"SCN_CN15_9093_CEI075", 13.8, 1,    5939.34,   -4.2,   0.74545, 2,    5939.32, -124.2,   0.74545, 3,    5939.33,  115.8,   0.74545
"SCN_CN15_9092_CEI075", 13.8, 1,    5938.48,   -4.2,   0.74534, 2,    5938.46, -124.2,   0.74534, 3,    5938.47,  115.8,   0.74534
"SCN_CN15_9091_CEI075", 13.8, 1,    5937.58,   -4.2,   0.74523, 2,    5937.56, -124.2,   0.74523, 3,    5937.56,  115.8,   0.74523
"SCN_CN15_9090_CEI075", 13.8, 1,    5936.99,   -4.2,   0.74516, 2,    5936.97, -124.2,   0.74516, 3,    5936.98,  115.8,   0.74516
"SCN_CN15_9166_CEI230_ATV", 13.8, 1,    5936.97,   -4.2,   0.74516, 2,    5936.96, -124.2,   0.74515, 3,    5936.96,  115.8,   0.74515
"SCN_CN15_9131_CEI230_ATV", 13.8, 1,    5937.55,   -4.2,   0.74523, 2,    5937.54, -124.2,   0.74523, 3,    5937.54,  115.8,   0.74523
"SCN_CN15_9089_CEI075", 13.8, 1,    5936.38,   -4.2,   0.74508, 2,    5936.37, -124.2,   0.74508, 3,    5936.37,  115.8,   0.74508
"SCN_CN15_9088_CEI075", 13.8, 1,    5935.86,   -4.2,   0.74502, 2,    5935.85, -124.2,   0.74501, 3,    5935.85,  115.8,   0.74501
"SCN_CN15_9132_CEI230_ATV", 13.8, 1,     5935.8,   -4.2,   0.74501, 2,    5935.79, -124.2,   0.74501, 3,    5935.79,  115.8,   0.74501
"SCN_CN15_9133_CEI230_ATV", 13.8, 1,    5935.73,   -4.2,     0.745, 2,    5935.71, -124.2,     0.745, 3,    5935.71,  115.8,     0.745
"SCN_CN15_9419_CEI109", 13.8, 1,    5837.99,   -5.0,   0.73273, 2,    5837.97, -125.0,   0.73273, 3,    5837.98,  115.0,   0.73273
"SCN_CN15_9134_CEI230_ATV", 13.8, 1,    5935.66,   -4.2,   0.74499, 2,    5935.65, -124.2,   0.74499, 3,    5935.65,  115.8,   0.74499
"SCN_CN15_9135_CEI230_ATV", 13.8, 1,     5935.6,   -4.2,   0.74498, 2,    5935.59, -124.2,   0.74498, 3,    5935.59,  115.8,   0.74498
"SCN_CN15_9145_CEI230_ATV", 13.8, 1,    5935.58,   -4.2,   0.74498, 2,    5935.56, -124.2,   0.74498, 3,    5935.57,  115.8,   0.74498
"SCN_CN15_9137_CEI230_ATV", 13.8, 1,    5935.56,   -4.2,   0.74498, 2,    5935.55, -124.2,   0.74498, 3,    5935.55,  115.8,   0.74498
"SCN_CN15_9138_CEI230_ATV", 13.8, 1,    5935.52,   -4.2,   0.74497, 2,     5935.5, -124.2,   0.74497, 3,    5935.51,  115.8,   0.74497
"SCN_CN15_9139_CEI230_ATV", 13.8, 1,    5935.48,   -4.2,   0.74497, 2,    5935.46, -124.2,   0.74497, 3,    5935.47,  115.8,   0.74497
"SCN_CN15_9140_CEI230_ATV", 13.8, 1,    5935.44,   -4.2,   0.74496, 2,    5935.42, -124.2,   0.74496, 3,    5935.43,  115.8,   0.74496
"SCN_CN15_9141_CEI230_ATV", 13.8, 1,    5935.41,   -4.2,   0.74496, 2,    5935.39, -124.2,   0.74496, 3,     5935.4,  115.8,   0.74496
"SCN_CN15_9142_CEI230_ATV", 13.8, 1,    5935.39,   -4.2,   0.74496, 2,    5935.38, -124.2,   0.74495, 3,    5935.38,  115.8,   0.74495
"SCN_CN15_9143_CEI230_ATV", 13.8, 1,    5935.38,   -4.2,   0.74495, 2,    5935.36, -124.2,   0.74495, 3,    5935.37,  115.8,   0.74495
"SCN_CN15_9418_CEI109", 13.8, 1,    5836.97,   -5.0,    0.7326, 2,    5836.96, -125.0,    0.7326, 3,    5836.96,  115.0,    0.7326
"SCN_CN15_9144_CEI230_ATV", 13.8, 1,    5935.39,   -4.2,   0.74496, 2,    5935.38, -124.2,   0.74495, 3,    5935.38,  115.8,   0.74495
"SCN_CN15_9146_CEI230_ATV", 13.8, 1,    5935.34,   -4.2,   0.74495, 2,    5935.32, -124.2,   0.74495, 3,    5935.33,  115.8,   0.74495
"SCN_CN15_9087_CEI075", 13.8, 1,    5934.99,   -4.2,   0.74491, 2,    5934.98, -124.2,    0.7449, 3,    5934.98,  115.8,    0.7449
"SCN_CN15_9086_CEI075", 13.8, 1,    5934.25,   -4.2,   0.74481, 2,    5934.24, -124.2,   0.74481, 3,    5934.24,  115.8,   0.74481
"SCN_CN15_9165_CEI230_ATV", 13.8, 1,    5934.25,   -4.2,   0.74481, 2,    5934.24, -124.2,   0.74481, 3,    5934.24,  115.8,   0.74481
"SCN_CN15_9085_CEI075", 13.8, 1,    5933.41,   -4.2,   0.74471, 2,    5933.39, -124.2,   0.74471, 3,     5933.4,  115.8,   0.74471
"SCN_CN15_9084_CEI075", 13.8, 1,     5932.6,   -4.2,   0.74461, 2,    5932.58, -124.2,    0.7446, 3,    5932.59,  115.8,    0.7446
"SCN_CN15_9083_CEI075", 13.8, 1,    5931.81,   -4.3,   0.74451, 2,    5931.79, -124.3,    0.7445, 3,     5931.8,  115.7,   0.74451
"SCN_CN15_9082_CEI075", 13.8, 1,    5930.91,   -4.3,   0.74439, 2,    5930.89, -124.3,   0.74439, 3,     5930.9,  115.7,   0.74439
"SCN_CN15_9147_CEI230_ATV", 13.8, 1,    5930.86,   -4.3,   0.74439, 2,    5930.84, -124.3,   0.74439, 3,    5930.85,  115.7,   0.74439
"SCN_CN15_9417_CEI109", 13.8, 1,    5835.13,   -5.0,   0.73237, 2,    5835.12, -125.0,   0.73237, 3,    5835.12,  115.0,   0.73237
"SCN_CN15_9148_CEI230_ATV", 13.8, 1,    5930.81,   -4.3,   0.74438, 2,     5930.8, -124.3,   0.74438, 3,     5930.8,  115.7,   0.74438
"SCN_CN15_9149_CEI230_ATV", 13.8, 1,    5930.76,   -4.3,   0.74438, 2,    5930.75, -124.3,   0.74437, 3,    5930.75,  115.7,   0.74437
"SCN_CN15_9150_CEI230_ATV", 13.8, 1,    5930.76,   -4.3,   0.74438, 2,    5930.75, -124.3,   0.74437, 3,    5930.75,  115.7,   0.74437
"SCN_CN15_9151_CEI230_ATV", 13.8, 1,    5930.71,   -4.3,   0.74437, 2,    5930.69, -124.3,   0.74437, 3,     5930.7,  115.7,   0.74437
"SCN_CN15_9152_CEI230_ATV", 13.8, 1,    5930.74,   -4.3,   0.74437, 2,    5930.73, -124.3,   0.74437, 3,    5930.73,  115.7,   0.74437
"SCN_CN15_9153_CEI230_ATV", 13.8, 1,    5930.73,   -4.3,   0.74437, 2,    5930.71, -124.3,   0.74437, 3,    5930.72,  115.7,   0.74437
"SCN_CN15_9154_CEI230_ATV", 13.8, 1,    5930.71,   -4.3,   0.74437, 2,    5930.69, -124.3,   0.74437, 3,     5930.7,  115.7,   0.74437
"SCN_CN15_9155_CEI230_ATV", 13.8, 1,    5930.69,   -4.3,   0.74437, 2,    5930.68, -124.3,   0.74436, 3,    5930.68,  115.7,   0.74437
"SCN_CN15_9156_CEI230_ATV", 13.8, 1,    5930.66,   -4.3,   0.74436, 2,    5930.65, -124.3,   0.74436, 3,    5930.65,  115.7,   0.74436
"SCN_CN15_9157_CEI230_ATV", 13.8, 1,    5930.63,   -4.3,   0.74436, 2,    5930.62, -124.3,   0.74436, 3,    5930.62,  115.7,   0.74436
"SCN_CN15_9416_CEI109", 13.8, 1,     5833.4,   -5.0,   0.73216, 2,    5833.39, -125.0,   0.73215, 3,    5833.39,  115.0,   0.73215
"SCN_CN15_9164_CEI230_ATV", 13.8, 1,     5932.6,   -4.2,   0.74461, 2,    5932.58, -124.2,    0.7446, 3,    5932.59,  115.8,    0.7446
"SCN_CN15_9080_CEI075", 13.8, 1,    5930.15,   -4.3,    0.7443, 2,    5930.13, -124.3,    0.7443, 3,    5930.13,  115.7,    0.7443
"SCN_CN15_9163_CEI230_ATV", 13.8, 1,    5930.12,   -4.3,   0.74429, 2,    5930.11, -124.3,   0.74429, 3,    5930.11,  115.7,   0.74429
"SCN_CN15_9079_CEI075", 13.8, 1,    5929.55,   -4.3,   0.74422, 2,    5929.53, -124.3,   0.74422, 3,    5929.54,  115.7,   0.74422
"SCN_CN15_9077_CEI075", 13.8, 1,    5929.04,   -4.3,   0.74416, 2,    5929.03, -124.3,   0.74416, 3,    5929.03,  115.7,   0.74416
"SCN_CN15_9162_CEI230_ATV", 13.8, 1,       5929,   -4.3,   0.74415, 2,    5928.99, -124.3,   0.74415, 3,    5928.99,  115.7,   0.74415
"SCN_CN15_9076_CEI075", 13.8, 1,    5928.18,   -4.3,   0.74405, 2,    5928.17, -124.3,   0.74405, 3,    5928.17,  115.7,   0.74405
"SCN_CN15_9075_CEI075", 13.8, 1,    5927.65,   -4.3,   0.74399, 2,    5927.64, -124.3,   0.74398, 3,    5927.64,  115.7,   0.74398
"SCN_CN15_9074_CEI075", 13.8, 1,    5927.14,   -4.3,   0.74392, 2,    5927.13, -124.3,   0.74392, 3,    5927.13,  115.7,   0.74392
"SCN_CN15_9011_CEI201_ATV", 13.8, 1,    5803.17,   -5.1,   0.72836, 2,    5803.16, -125.1,   0.72836, 3,    5803.16,  114.9,   0.72836
"SCN_CN15_9012_CEI201_ATV", 13.8, 1,    5803.26,   -5.1,   0.72837, 2,    5803.25, -125.1,   0.72837, 3,    5803.25,  114.9,   0.72837
"SCN_CN15_9073_CEI075", 13.8, 1,    5926.34,   -4.3,   0.74382, 2,    5926.33, -124.3,   0.74382, 3,    5926.33,  115.7,   0.74382
"SCN_CN15_9415_CEI109", 13.8, 1,     5831.6,   -5.0,   0.73193, 2,    5831.59, -125.0,   0.73193, 3,    5831.59,  115.0,   0.73193
"SCN_CN15_9072_CEI075", 13.8, 1,    5925.94,   -4.3,   0.74377, 2,    5925.93, -124.3,   0.74377, 3,    5925.93,  115.7,   0.74377
"SCN_CN15_9066_CEI075", 13.8, 1,    5925.53,   -4.3,   0.74372, 2,    5925.52, -124.3,   0.74372, 3,    5925.52,  115.7,   0.74372
"SCN_CN15_9067_CEI075", 13.8, 1,       5925,   -4.3,   0.74365, 2,    5924.98, -124.3,   0.74365, 3,    5924.98,  115.7,   0.74365
"SCN_CN15_9014_CEI201_ATV", 13.8, 1,    5803.55,   -5.1,   0.72841, 2,    5803.53, -125.1,   0.72841, 3,    5803.54,  114.9,   0.72841
"SCN_CN15_9015_CEI201_ATV", 13.8, 1,    5803.65,   -5.1,   0.72842, 2,    5803.64, -125.1,   0.72842, 3,    5803.64,  114.9,   0.72842
"SCN_CN15_9113_CEI77A_ATV", 13.8, 1,     7134.3,   -1.9,   0.89543, 2,     7134.3, -121.9,   0.89543, 3,     7134.3,  118.1,   0.89543
"SCN_CN15_9112_CEI77A_ATV", 13.8, 1,    7134.47,   -1.9,   0.89545, 2,    7134.46, -121.9,   0.89545, 3,    7134.46,  118.1,   0.89545
"SCN_CN15_9068_CEI220_ATV_S", 13.8, 1,    5950.37,   -4.5,   0.74684, 2,    5950.36, -124.5,   0.74683, 3,    5950.36,  115.5,   0.74684
"SCN_CN15_9069_CEI220_ATV", 13.8, 1,    5951.34,   -4.5,   0.74696, 2,    5951.33, -124.5,   0.74696, 3,    5951.33,  115.5,   0.74696
"SCN_CN15_9070_CEI220_ATV", 13.8, 1,    5950.21,   -4.5,   0.74682, 2,    5950.19, -124.5,   0.74681, 3,     5950.2,  115.5,   0.74681
"SCN_CN15_9096_CEI220_ATV", 13.8, 1,    5950.14,   -4.5,   0.74681, 2,    5950.13, -124.5,   0.74681, 3,    5950.13,  115.5,   0.74681
"SCN_CN15_9095_CEI220_ATV", 13.8, 1,     5950.1,   -4.5,    0.7468, 2,    5950.09, -124.5,    0.7468, 3,    5950.09,  115.5,    0.7468
"SCN_CN15_9091_CEI220_ATV", 13.8, 1,    5950.04,   -4.5,   0.74679, 2,    5950.03, -124.5,   0.74679, 3,    5950.03,  115.5,   0.74679
"SCN_CN15_9090_CEI220_ATV", 13.8, 1,    5949.97,   -4.5,   0.74679, 2,    5949.96, -124.5,   0.74678, 3,    5949.96,  115.5,   0.74678
"SCN_CN15_9089_CEI220_ATV", 13.8, 1,    5949.93,   -4.5,   0.74678, 2,    5949.92, -124.5,   0.74678, 3,    5949.92,  115.5,   0.74678
"SCN_CN15_9051_CEI120", 13.8, 1,    5949.92,   -4.5,   0.74678, 2,     5949.9, -124.5,   0.74678, 3,    5949.91,  115.5,   0.74678
"SCN_CN15_9077_CEI220_ATV", 13.8, 1,    5949.88,   -4.5,   0.74677, 2,    5949.86, -124.5,   0.74677, 3,    5949.87,  115.5,   0.74677
"SCN_CN15_9079_CEI220_ATV", 13.8, 1,     5949.8,   -4.5,   0.74677, 2,    5949.79, -124.5,   0.74676, 3,     5949.8,  115.5,   0.74676
"SCN_CN15_9080_CEI220_ATV", 13.8, 1,    5949.72,   -4.5,   0.74675, 2,    5949.71, -124.5,   0.74675, 3,    5949.71,  115.5,   0.74675
"SCN_CN15_9022_CEI068", 13.8, 1,    6348.58,   -3.4,   0.79682, 2,    6348.57, -123.4,   0.79682, 3,    6348.58,  116.6,   0.79682
"SCN_CN15_9023_CEI068", 13.8, 1,    6348.58,   -3.4,   0.79682, 2,    6348.57, -123.4,   0.79682, 3,    6348.58,  116.6,   0.79682
"SCN_CN15_9047_CEI068", 13.8, 1,    6352.21,   -3.4,   0.79727, 2,     6352.2, -123.4,   0.79727, 3,     6352.2,  116.6,   0.79727
"SCN_CN15_9048_CEI068", 13.8, 1,    6352.56,   -3.3,   0.79732, 2,    6352.55, -123.3,   0.79731, 3,    6352.55,  116.7,   0.79731
"SCN_CN15_9049_CEI068", 13.8, 1,    6352.91,   -3.3,   0.79736, 2,     6352.9, -123.3,   0.79736, 3,     6352.9,  116.7,   0.79736
"SCN_CN15_9050_CEI068", 13.8, 1,    6353.25,   -3.3,    0.7974, 2,    6353.24, -123.3,    0.7974, 3,    6353.24,  116.7,    0.7974
"SCN_CN15_9051_CEI068", 13.8, 1,     6353.6,   -3.3,   0.79745, 2,    6353.59, -123.3,   0.79744, 3,    6353.59,  116.7,   0.79744
"SCN_CN15_9052_CEI068", 13.8, 1,    6353.95,   -3.3,   0.79749, 2,    6353.94, -123.3,   0.79749, 3,    6353.94,  116.7,   0.79749
"SCN_CN15_9053_CEI068", 13.8, 1,     6354.3,   -3.3,   0.79753, 2,    6354.29, -123.3,   0.79753, 3,    6354.29,  116.7,   0.79753
"SCN_CN15_9054_CEI068", 13.8, 1,    6354.64,   -3.3,   0.79758, 2,    6354.63, -123.3,   0.79758, 3,    6354.63,  116.7,   0.79758
"SCN_CN15_9055_CEI068", 13.8, 1,       6355,   -3.3,   0.79762, 2,    6354.99, -123.3,   0.79762, 3,       6355,  116.7,   0.79762
"SCN_CN15_9056_CEI068", 13.8, 1,    6355.34,   -3.3,   0.79767, 2,    6355.33, -123.3,   0.79766, 3,    6355.34,  116.7,   0.79766
"SCN_CN15_9059_CEI068", 13.8, 1,    6355.52,   -3.3,   0.79769, 2,    6355.52, -123.3,   0.79769, 3,    6355.52,  116.7,   0.79769
"SCN_CN15_9060_CEI068", 13.8, 1,    6355.76,   -3.3,   0.79772, 2,    6355.75, -123.3,   0.79772, 3,    6355.75,  116.7,   0.79772
"SCN_CN15_9061_CEI068", 13.8, 1,     6356.2,   -3.3,   0.79777, 2,    6356.19, -123.3,   0.79777, 3,    6356.19,  116.7,   0.79777
"SCN_CN15_9077_CEI131_ATV", 13.8, 1,    5902.06,   -4.7,   0.74077, 2,    5902.05, -124.7,   0.74077, 3,    5902.05,  115.3,   0.74077
"SCN_CN15_9062_CEI068", 13.8, 1,    6356.66,   -3.3,   0.79783, 2,    6356.65, -123.3,   0.79783, 3,    6356.66,  116.7,   0.79783
"SCN_CN15_9063_CEI068", 13.8, 1,    6357.12,   -3.3,   0.79789, 2,    6357.11, -123.3,   0.79789, 3,    6357.12,  116.7,   0.79789
"SCN_CN15_9064_CEI068", 13.8, 1,    6357.57,   -3.3,   0.79794, 2,    6357.56, -123.3,   0.79794, 3,    6357.57,  116.7,   0.79794
"SCN_CN15_9065_CEI068", 13.8, 1,    6358.03,   -3.3,     0.798, 2,    6358.02, -123.3,     0.798, 3,    6358.02,  116.7,     0.798
"SCN_CN15_9066_CEI068", 13.8, 1,     6358.5,   -3.3,   0.79806, 2,    6358.49, -123.3,   0.79806, 3,    6358.49,  116.7,   0.79806
"SCN_CN15_9068_CEI068", 13.8, 1,    6358.94,   -3.3,   0.79812, 2,    6358.93, -123.3,   0.79812, 3,    6358.93,  116.7,   0.79812
"SCN_CN15_9046_CEI068", 13.8, 1,    6351.86,   -3.4,   0.79723, 2,    6351.85, -123.4,   0.79723, 3,    6351.85,  116.6,   0.79723
"SCN_CN15_9045_CEI068", 13.8, 1,    6351.51,   -3.4,   0.79718, 2,     6351.5, -123.4,   0.79718, 3,     6351.5,  116.6,   0.79718
"SCN_CN15_9044_CEI068", 13.8, 1,    6351.16,   -3.4,   0.79714, 2,    6351.16, -123.4,   0.79714, 3,    6351.16,  116.6,   0.79714
"SCN_CN15_9078_CEI131_ATV", 13.8, 1,    5900.83,   -4.7,   0.74062, 2,    5900.81, -124.7,   0.74062, 3,    5900.82,  115.3,   0.74062
"SCN_CN15_9043_CEI068", 13.8, 1,    6350.81,   -3.4,    0.7971, 2,     6350.8, -123.4,   0.79709, 3,     6350.8,  116.6,    0.7971
"SCN_CN15_9042_CEI068", 13.8, 1,    6350.47,   -3.4,   0.79705, 2,    6350.46, -123.4,   0.79705, 3,    6350.46,  116.6,   0.79705
"SCN_CN15_9041_CEI068", 13.8, 1,    6350.13,   -3.4,   0.79701, 2,    6350.12, -123.4,   0.79701, 3,    6350.12,  116.6,   0.79701
"SCN_CN15_9040_CEI068", 13.8, 1,    6349.97,   -3.4,   0.79699, 2,    6349.96, -123.4,   0.79699, 3,    6349.96,  116.6,   0.79699
"SCN_CN15_9041_CEI068_S", 13.8, 1,    6350.13,   -3.4,   0.79701, 2,    6350.12, -123.4,   0.79701, 3,    6350.12,  116.6,   0.79701
"SCN_CN15_9266_CEI250_ATV", 13.8, 1,    6349.78,   -3.4,   0.79697, 2,    6349.77, -123.4,   0.79697, 3,    6349.77,  116.6,   0.79697
"SCN_CN15_9024_CEI201_ATV", 13.8, 1,    5805.27,   -5.1,   0.72862, 2,    5805.26, -125.1,   0.72862, 3,    5805.26,  114.9,   0.72862
"SCN_CN15_9147_CEI220_ATV", 13.8, 1,    5951.75,   -4.5,   0.74701, 2,    5951.73, -124.5,   0.74701, 3,    5951.74,  115.5,   0.74701
"SCN_CN15_9068_CEI075", 13.8, 1,    5924.32,   -4.3,   0.74357, 2,    5924.31, -124.3,   0.74357, 3,    5924.31,  115.7,   0.74357
"SCN_CN15_9069_CEI075", 13.8, 1,    5923.65,   -4.3,   0.74348, 2,    5923.64, -124.3,   0.74348, 3,    5923.64,  115.7,   0.74348
"SCN_CN15_9051_CEI074", 13.8, 1,    5922.89,   -4.3,   0.74339, 2,    5922.88, -124.3,   0.74339, 3,    5922.88,  115.7,   0.74339
"SCN_CN15_9107_CEI77A_ATV", 13.8, 1,    7140.55,   -1.9,   0.89622, 2,    7140.54, -121.9,   0.89622, 3,    7140.54,  118.1,   0.89622
"SCN_CN15_9106_CEI77A_ATV", 13.8, 1,    7140.74,   -1.9,   0.89624, 2,    7140.73, -121.9,   0.89624, 3,    7140.73,  118.1,   0.89624
"SCN_CN15_9050_CEI074", 13.8, 1,    5922.47,   -4.3,   0.74333, 2,    5922.46, -124.3,   0.74333, 3,    5922.46,  115.7,   0.74333
"SCN_CN15_9049_CEI074", 13.8, 1,    5922.08,   -4.3,   0.74329, 2,    5922.07, -124.3,   0.74328, 3,    5922.07,  115.7,   0.74328
"SCN_CN15_9048_CEI074", 13.8, 1,    5921.63,   -4.3,   0.74323, 2,    5921.62, -124.3,   0.74323, 3,    5921.62,  115.7,   0.74323
"SCN_CN15_9031_CEI230B_ATV", 13.8, 1,     5921.6,   -4.3,   0.74323, 2,    5921.58, -124.3,   0.74322, 3,    5921.59,  115.7,   0.74322
"SCN_CN15_9414_CEI109", 13.8, 1,    5830.06,   -5.0,   0.73174, 2,    5830.05, -125.0,   0.73173, 3,    5830.05,  115.0,   0.73174
"SCN_CN15_9047_CEI074", 13.8, 1,    5921.06,   -4.3,   0.74316, 2,    5921.04, -124.3,   0.74316, 3,    5921.05,  115.7,   0.74316
"SCN_CN15_9046_CEI074", 13.8, 1,    5920.72,   -4.3,   0.74312, 2,    5920.71, -124.3,   0.74311, 3,    5920.71,  115.7,   0.74311
"SCN_CN15_9045_CEI074", 13.8, 1,    5920.18,   -4.3,   0.74305, 2,    5920.17, -124.3,   0.74305, 3,    5920.17,  115.7,   0.74305
"SCN_CN15_9028_CEI230B_ATV", 13.8, 1,    5920.12,   -4.3,   0.74304, 2,     5920.1, -124.3,   0.74304, 3,    5920.11,  115.7,   0.74304
"SCN_CN15_9029_CEI230B_ATV", 13.8, 1,    5920.06,   -4.3,   0.74303, 2,    5920.04, -124.3,   0.74303, 3,    5920.05,  115.7,   0.74303
"SCN_CN15_9030_CEI230B_ATV", 13.8, 1,    5919.99,   -4.3,   0.74302, 2,    5919.98, -124.3,   0.74302, 3,    5919.98,  115.7,   0.74302
"SCN_CN15_9043_CEI074", 13.8, 1,    5919.67,   -4.3,   0.74298, 2,    5919.65, -124.3,   0.74298, 3,    5919.66,  115.7,   0.74298
"SCN_CN15_9042_CEI074", 13.8, 1,    5919.22,   -4.3,   0.74293, 2,     5919.2, -124.3,   0.74292, 3,    5919.21,  115.7,   0.74293
"SCN_CN15_9041_CEI074", 13.8, 1,    5918.87,   -4.3,   0.74288, 2,    5918.85, -124.3,   0.74288, 3,    5918.86,  115.7,   0.74288
"SCN_CN15_9040_CEI074", 13.8, 1,    5918.53,   -4.3,   0.74284, 2,    5918.51, -124.3,   0.74284, 3,    5918.52,  115.7,   0.74284
"SCN_CN15_9413_CEI109", 13.8, 1,    5828.96,   -5.0,    0.7316, 2,    5828.94, -125.0,    0.7316, 3,    5828.95,  115.0,    0.7316
"SCN_CN15_9039_CEI074_S", 13.8, 1,    5918.22,   -4.3,    0.7428, 2,     5918.2, -124.3,    0.7428, 3,     5918.2,  115.7,    0.7428
"SCN_CN15_9032_CEI230B_ATV", 13.8, 1,    5918.15,   -4.3,   0.74279, 2,    5918.13, -124.3,   0.74279, 3,    5918.14,  115.7,   0.74279
"SCN_CN15_9039_CEI074", 13.8, 1,    5918.22,   -4.3,    0.7428, 2,     5918.2, -124.3,    0.7428, 3,     5918.2,  115.7,    0.7428
"SCN_CN15_9033_CEI230B_ATV", 13.8, 1,    5918.08,   -4.3,   0.74278, 2,    5918.06, -124.3,   0.74278, 3,    5918.06,  115.7,   0.74278
"SCN_CN15_9038_CEI074", 13.8, 1,    5917.94,   -4.3,   0.74277, 2,    5917.92, -124.3,   0.74276, 3,    5917.93,  115.7,   0.74276
"SCN_CN15_9037_CEI074", 13.8, 1,    5917.66,   -4.3,   0.74273, 2,    5917.65, -124.3,   0.74273, 3,    5917.65,  115.7,   0.74273
"SCN_CN15_9183_CEI230_ATV", 13.8, 1,    5917.65,   -4.3,   0.74273, 2,    5917.64, -124.3,   0.74273, 3,    5917.64,  115.7,   0.74273
"SCN_CN15_9036_CEI074_S", 13.8, 1,     5917.4,   -4.3,    0.7427, 2,    5917.39, -124.3,    0.7427, 3,    5917.39,  115.7,    0.7427
"SCN_CN15_9035_CEI074", 13.8, 1,    5917.15,   -4.3,   0.74267, 2,    5917.14, -124.3,   0.74267, 3,    5917.14,  115.7,   0.74267
"SCN_CN15_9036_CEI074", 13.8, 1,     5917.4,   -4.3,    0.7427, 2,    5917.39, -124.3,    0.7427, 3,    5917.39,  115.7,    0.7427
"SCN_CN15_9034_CEI074", 13.8, 1,     5916.9,   -4.3,   0.74264, 2,    5916.89, -124.3,   0.74263, 3,    5916.89,  115.7,   0.74263
"SCN_CN15_9033_CEI074", 13.8, 1,    5916.66,   -4.3,   0.74261, 2,    5916.64, -124.3,    0.7426, 3,    5916.65,  115.7,    0.7426
"SCN_CN15_9412_CEI109", 13.8, 1,    5827.88,   -5.0,   0.73146, 2,    5827.87, -125.0,   0.73146, 3,    5827.87,  115.0,   0.73146
"SCN_CN15_9032_CEI074", 13.8, 1,    5916.47,   -4.3,   0.74258, 2,    5916.45, -124.3,   0.74258, 3,    5916.45,  115.7,   0.74258
"SCN_CN15_9031_CEI074", 13.8, 1,    5916.27,   -4.3,   0.74256, 2,    5916.25, -124.3,   0.74255, 3,    5916.25,  115.7,   0.74255
"SCN_CN15_9030_CEI074", 13.8, 1,    5916.09,   -4.3,   0.74253, 2,    5916.07, -124.3,   0.74253, 3,    5916.07,  115.7,   0.74253
"SCN_CN15_9029_CEI074", 13.8, 1,    5915.87,   -4.3,   0.74251, 2,    5915.86, -124.3,   0.74251, 3,    5915.86,  115.7,   0.74251
"SCN_CN15_9182_CEI230_ATV", 13.8, 1,    5915.87,   -4.3,   0.74251, 2,    5915.86, -124.3,    0.7425, 3,    5915.86,  115.7,    0.7425
"SCN_CN15_9028_CEI074", 13.8, 1,     5915.7,   -4.3,   0.74248, 2,    5915.68, -124.3,   0.74248, 3,    5915.69,  115.7,   0.74248
"SCN_CN15_9027_CEI074", 13.8, 1,    5915.52,   -4.3,   0.74246, 2,     5915.5, -124.3,   0.74246, 3,    5915.51,  115.7,   0.74246
"SCN_CN15_9026_CEI074", 13.8, 1,    5915.42,   -4.3,   0.74245, 2,    5915.41, -124.3,   0.74245, 3,    5915.41,  115.7,   0.74245
"SCN_CN15_9025_CEI074", 13.8, 1,    5915.34,   -4.3,   0.74244, 2,    5915.32, -124.3,   0.74244, 3,    5915.32,  115.7,   0.74244
"SCN_CN15_9024_CEI074", 13.8, 1,    5915.21,   -4.3,   0.74242, 2,     5915.2, -124.3,   0.74242, 3,     5915.2,  115.7,   0.74242
"SCN_CN15_9411_CEI109", 13.8, 1,    5826.58,   -5.0,    0.7313, 2,    5826.57, -125.0,    0.7313, 3,    5826.57,  115.0,    0.7313
"SCN_CN15_9023_CEI074", 13.8, 1,    5915.09,   -4.3,   0.74241, 2,    5915.07, -124.3,   0.74241, 3,    5915.08,  115.7,   0.74241
"SCN_CN15_9022_CEI074", 13.8, 1,       5915,   -4.3,    0.7424, 2,    5914.98, -124.3,   0.74239, 3,    5914.99,  115.7,    0.7424
"SCN_CN15_9021_CEI074", 13.8, 1,     5914.9,   -4.3,   0.74238, 2,    5914.89, -124.3,   0.74238, 3,    5914.89,  115.7,   0.74238
"SCN_CN15_9020_CEI074", 13.8, 1,    5914.81,   -4.3,   0.74237, 2,    5914.79, -124.3,   0.74237, 3,     5914.8,  115.7,   0.74237
"SCN_CN15_9019_CEI074_S", 13.8, 1,    5914.72,   -4.3,   0.74236, 2,    5914.71, -124.3,   0.74236, 3,    5914.71,  115.7,   0.74236
"SCN_CN15_9187_CEI230_ATV", 13.8, 1,     5914.7,   -4.3,   0.74236, 2,    5914.69, -124.3,   0.74236, 3,    5914.69,  115.7,   0.74236
"SCN_CN15_9019_CEI074", 13.8, 1,    5914.72,   -4.3,   0.74236, 2,    5914.71, -124.3,   0.74236, 3,    5914.71,  115.7,   0.74236
"SCN_CN15_9004_CEI230B_ATV", 13.8, 1,    5915.42,   -4.3,   0.74245, 2,    5915.41, -124.3,   0.74245, 3,    5915.41,  115.7,   0.74245
"SCN_CN15_9005_CEI230B_ATV", 13.8, 1,    5915.42,   -4.3,   0.74245, 2,     5915.4, -124.3,   0.74245, 3,    5915.41,  115.7,   0.74245
"SCN_CN15_9003_CEI230B_ATV", 13.8, 1,    5915.35,   -4.3,   0.74244, 2,    5915.34, -124.3,   0.74244, 3,    5915.34,  115.7,   0.74244
"SCN_CN15_9002_CEI230B_ATV", 13.8, 1,    5915.32,   -4.3,   0.74244, 2,    5915.31, -124.3,   0.74244, 3,    5915.31,  115.7,   0.74244
"SCN_CN15_9410_CEI109", 13.8, 1,     5825.6,   -5.0,   0.73118, 2,    5825.59, -125.0,   0.73118, 3,    5825.59,  115.0,   0.73118
"SCN_CN15_9001_CEI230B_ATV", 13.8, 1,    5915.31,   -4.3,   0.74244, 2,     5915.3, -124.3,   0.74243, 3,     5915.3,  115.7,   0.74243
"SCN_CN15_9180_CEI230_ATV", 13.8, 1,    5915.32,   -4.3,   0.74244, 2,    5915.31, -124.3,   0.74244, 3,    5915.31,  115.7,   0.74244
"SCN_CN15_9018_CEI074", 13.8, 1,    5914.69,   -4.3,   0.74236, 2,    5914.67, -124.3,   0.74236, 3,    5914.67,  115.7,   0.74236
"SCN_CN15_9017_CEI074", 13.8, 1,    5914.64,   -4.3,   0.74235, 2,    5914.63, -124.3,   0.74235, 3,    5914.63,  115.7,   0.74235
"SCN_CN15_9016_CEI074", 13.8, 1,    5914.61,   -4.3,   0.74235, 2,    5914.59, -124.3,   0.74235, 3,     5914.6,  115.7,   0.74235
"SCN_CN15_9015_CEI074", 13.8, 1,    5914.57,   -4.3,   0.74234, 2,    5914.56, -124.3,   0.74234, 3,    5914.56,  115.7,   0.74234
"SCN_CN15_9014_CEI074", 13.8, 1,    5914.55,   -4.3,   0.74234, 2,    5914.54, -124.3,   0.74234, 3,    5914.54,  115.7,   0.74234
"SCN_CN15_9013_CEI074", 13.8, 1,    5914.53,   -4.3,   0.74234, 2,    5914.52, -124.3,   0.74234, 3,    5914.52,  115.7,   0.74234
"SCN_CN15_9059_CEIRJ006_ATV", 13.8, 1,    5915.07,   -4.3,   0.74241, 2,    5915.06, -124.3,    0.7424, 3,    5915.06,  115.7,    0.7424
"SCN_CN15_9409_CEI109", 13.8, 1,    5824.41,   -5.0,   0.73103, 2,    5824.39, -125.0,   0.73102, 3,     5824.4,  115.0,   0.73103
"SCN_CN15_9060_CEIRJ006_ATV", 13.8, 1,    5914.68,   -4.3,   0.74236, 2,    5914.67, -124.3,   0.74236, 3,    5914.67,  115.7,   0.74236
"SCN_CN15_9005_CEIRJ013_ATV", 13.8, 1,    5914.64,   -4.3,   0.74235, 2,    5914.63, -124.3,   0.74235, 3,    5914.63,  115.7,   0.74235
"SCN_CN15_9009_CEI074", 13.8, 1,    5914.53,   -4.3,   0.74234, 2,    5914.52, -124.3,   0.74234, 3,    5914.52,  115.7,   0.74234
"SCN_CN15_9010_CEI074", 13.8, 1,    5914.53,   -4.3,   0.74234, 2,    5914.52, -124.3,   0.74234, 3,    5914.52,  115.7,   0.74234
"SCN_CN15_9011_CEI074", 13.8, 1,    5914.53,   -4.3,   0.74234, 2,    5914.52, -124.3,   0.74234, 3,    5914.52,  115.7,   0.74234
"SCN_CN15_9012_CEI074", 13.8, 1,    5914.53,   -4.3,   0.74234, 2,    5914.52, -124.3,   0.74234, 3,    5914.52,  115.7,   0.74234
"SCN_CN15_9061_CEIRJ006_ATV", 13.8, 1,    5914.51,   -4.3,   0.74234, 2,    5914.49, -124.3,   0.74233, 3,     5914.5,  115.7,   0.74233
"SCN_CN15_9197_CEI230_ATV", 13.8, 1,    5916.35,   -4.3,   0.74257, 2,    5916.33, -124.3,   0.74256, 3,    5916.34,  115.7,   0.74256
"SCN_CN15_9198_CEI230_ATV", 13.8, 1,    5916.37,   -4.3,   0.74257, 2,    5916.35, -124.3,   0.74257, 3,    5916.36,  115.7,   0.74257
"SCN_CN15_9199_CEI230_ATV", 13.8, 1,    5916.43,   -4.3,   0.74258, 2,    5916.41, -124.3,   0.74257, 3,    5916.41,  115.7,   0.74257
"SCN_CN15_9200_CEI230_ATV", 13.8, 1,    5916.48,   -4.3,   0.74258, 2,    5916.46, -124.3,   0.74258, 3,    5916.47,  115.7,   0.74258
"SCN_CN15_9201_CEI230_ATV", 13.8, 1,     5916.5,   -4.3,   0.74259, 2,    5916.49, -124.3,   0.74258, 3,    5916.49,  115.7,   0.74258
"SCN_CN15_9201_CEI230_ATV_S", 13.8, 1,     5916.5,   -4.3,   0.74259, 2,    5916.49, -124.3,   0.74258, 3,    5916.49,  115.7,   0.74258
"SCN_CN15_9209_CEI230_ATV", 13.8, 1,    5916.56,   -4.3,   0.74259, 2,    5916.54, -124.3,   0.74259, 3,    5916.55,  115.7,   0.74259
"SCN_CN15_9210_CEI230_ATV", 13.8, 1,    5916.59,   -4.3,    0.7426, 2,    5916.57, -124.3,   0.74259, 3,    5916.58,  115.7,    0.7426
"SCN_CN15_9211_CEI230_ATV", 13.8, 1,    5916.63,   -4.3,    0.7426, 2,    5916.61, -124.3,    0.7426, 3,    5916.62,  115.7,    0.7426
"SCN_CN15_9213_CEI230_ATV", 13.8, 1,    5916.62,   -4.3,    0.7426, 2,    5916.61, -124.3,    0.7426, 3,    5916.61,  115.7,    0.7426
"SCN_CN15_9076_CEI074", 13.8, 1,    5916.49,   -4.3,   0.74258, 2,    5916.47, -124.3,   0.74258, 3,    5916.48,  115.7,   0.74258
"SCN_CN15_9075_CEI074", 13.8, 1,    5916.38,   -4.3,   0.74257, 2,    5916.37, -124.3,   0.74257, 3,    5916.37,  115.7,   0.74257
"SCN_CN15_9074_CEI074", 13.8, 1,    5916.29,   -4.3,   0.74256, 2,    5916.27, -124.3,   0.74256, 3,    5916.27,  115.7,   0.74256
"SCN_CN15_9208_CEI230_ATV", 13.8, 1,    5916.35,   -4.3,   0.74257, 2,    5916.33, -124.3,   0.74256, 3,    5916.34,  115.7,   0.74257
"SCN_CN15_9073_CEI074", 13.8, 1,    5916.26,   -4.3,   0.74256, 2,    5916.24, -124.3,   0.74255, 3,    5916.25,  115.7,   0.74255
"SCN_CN15_9072_CEI074", 13.8, 1,    5916.23,   -4.3,   0.74255, 2,    5916.22, -124.3,   0.74255, 3,    5916.22,  115.7,   0.74255
"SCN_CN15_9071_CEI074", 13.8, 1,    5916.18,   -4.3,   0.74255, 2,    5916.17, -124.3,   0.74254, 3,    5916.17,  115.7,   0.74254
"SCN_CN15_9070_CEI074", 13.8, 1,    5916.15,   -4.3,   0.74254, 2,    5916.14, -124.3,   0.74254, 3,    5916.14,  115.7,   0.74254
"SCN_CN15_9069_CEIRJ006_ATV", 13.8, 1,    5916.72,   -4.3,   0.74261, 2,     5916.7, -124.3,   0.74261, 3,    5916.71,  115.7,   0.74261
"SCN_CN15_9211_CEI230_ATV_S", 13.8, 1,    5916.63,   -4.3,    0.7426, 2,    5916.61, -124.3,    0.7426, 3,    5916.62,  115.7,    0.7426
"SCN_CN15_9069_CEIRJ006_ATV_S", 13.8, 1,    5916.72,   -4.3,   0.74261, 2,     5916.7, -124.3,   0.74261, 3,    5916.71,  115.7,   0.74261
"SCN_CN15_9077_CEI074", 13.8, 1,    5916.83,   -4.3,   0.74263, 2,    5916.82, -124.3,   0.74263, 3,    5916.82,  115.7,   0.74263
"SCN_CN15_9078_CEI074", 13.8, 1,    5916.92,   -4.3,   0.74264, 2,    5916.91, -124.3,   0.74264, 3,    5916.91,  115.7,   0.74264
"SCN_CN15_9078_CEI074_S", 13.8, 1,    5916.92,   -4.3,   0.74264, 2,    5916.91, -124.3,   0.74264, 3,    5916.91,  115.7,   0.74264
"SCN_CN15_9079_CEI074", 13.8, 1,       5917,   -4.3,   0.74265, 2,    5916.99, -124.3,   0.74265, 3,    5916.99,  115.7,   0.74265
"SCN_CN15_9080_CEI074", 13.8, 1,    5917.16,   -4.3,   0.74267, 2,    5917.15, -124.3,   0.74267, 3,    5917.15,  115.7,   0.74267
"SCN_CN15_9081_CEI074", 13.8, 1,    5917.28,   -4.3,   0.74268, 2,    5917.26, -124.3,   0.74268, 3,    5917.27,  115.7,   0.74268
"SCN_CN15_9065_CEIRJ006_ATV", 13.8, 1,    5917.28,   -4.3,   0.74268, 2,    5917.26, -124.3,   0.74268, 3,    5917.27,  115.7,   0.74268
"SCN_CN15_9066_CEIRJ006_ATV", 13.8, 1,    5917.28,   -4.3,   0.74268, 2,    5917.26, -124.3,   0.74268, 3,    5917.27,  115.7,   0.74268
"SCN_CN15_9012_CEI230B_ATV", 13.8, 1,    5917.28,   -4.3,   0.74268, 2,    5917.26, -124.3,   0.74268, 3,    5917.27,  115.7,   0.74268
"SCN_CN15_9081_CEI074_S", 13.8, 1,    5917.28,   -4.3,   0.74268, 2,    5917.26, -124.3,   0.74268, 3,    5917.27,  115.7,   0.74268
"SCN_CN15_9082_CEI074", 13.8, 1,    5917.43,   -4.3,    0.7427, 2,    5917.41, -124.3,    0.7427, 3,    5917.42,  115.7,    0.7427
"SCN_CN15_9083_CEI074", 13.8, 1,    5917.52,   -4.3,   0.74271, 2,     5917.5, -124.3,   0.74271, 3,    5917.51,  115.7,   0.74271
"SCN_CN15_9015_CEI230B_ATV", 13.8, 1,    5917.61,   -4.3,   0.74273, 2,     5917.6, -124.3,   0.74272, 3,     5917.6,  115.7,   0.74272
"SCN_CN15_9003_CEI160_ATV_S", 13.8, 1,    6031.33,   -4.2,     0.757, 2,    6031.32, -124.2,     0.757, 3,    6031.32,  115.8,     0.757
"SCN_CN15_9081_CEI220_ATV", 13.8, 1,    5949.63,   -4.5,   0.74674, 2,    5949.62, -124.5,   0.74674, 3,    5949.62,  115.5,   0.74674
"SCN_CN15_9082_CEI220_ATV", 13.8, 1,    5949.54,   -4.5,   0.74673, 2,    5949.53, -124.5,   0.74673, 3,    5949.53,  115.5,   0.74673
"SCN_CN15_9140_CEI220_ATV", 13.8, 1,    5952.49,   -4.5,    0.7471, 2,    5952.48, -124.5,    0.7471, 3,    5952.48,  115.5,    0.7471
"SCN_CN15_9139_CEI220_ATV", 13.8, 1,    5952.74,   -4.5,   0.74713, 2,    5952.73, -124.5,   0.74713, 3,    5952.73,  115.5,   0.74713
"SCN_CN15_9138_CEI220_ATV", 13.8, 1,    5952.99,   -4.5,   0.74716, 2,    5952.97, -124.5,   0.74716, 3,    5952.98,  115.5,   0.74716
"SCN_CN15_9137_CEI220_ATV", 13.8, 1,    5953.23,   -4.5,    0.7472, 2,    5953.22, -124.5,   0.74719, 3,    5953.22,  115.5,   0.74719
"SCN_CN15_9136_CEI220_ATV", 13.8, 1,    5953.48,   -4.5,   0.74723, 2,    5953.47, -124.5,   0.74723, 3,    5953.47,  115.5,   0.74723
"SCN_CN15_9135_CEI220_ATV", 13.8, 1,    5953.72,   -4.5,   0.74726, 2,     5953.7, -124.5,   0.74725, 3,    5953.71,  115.5,   0.74726
"SCN_CN15_9136_CEI220_ATV_S", 13.8, 1,    5953.48,   -4.5,   0.74723, 2,    5953.47, -124.5,   0.74723, 3,    5953.47,  115.5,   0.74723
"SCN_CN15_9266_CEI250_ATV_S", 13.8, 1,    6349.78,   -3.4,   0.79697, 2,    6349.77, -123.4,   0.79697, 3,    6349.77,  116.6,   0.79697
"SCN_CN15_9038_CEI068", 13.8, 1,     6349.6,   -3.4,   0.79694, 2,    6349.59, -123.4,   0.79694, 3,    6349.59,  116.6,   0.79694
"SCN_CN15_9037_CEI068", 13.8, 1,    6349.41,   -3.4,   0.79692, 2,     6349.4, -123.4,   0.79692, 3,    6349.41,  116.6,   0.79692
"SCN_CN15_9036_CEI068", 13.8, 1,    6349.22,   -3.4,    0.7969, 2,    6349.21, -123.4,    0.7969, 3,    6349.22,  116.6,    0.7969
"SCN_CN15_9079_CEI131_ATV_S", 13.8, 1,    5899.46,   -4.7,   0.74045, 2,    5899.45, -124.7,   0.74045, 3,    5899.46,  115.3,   0.74045
"SCN_CN15_9079_CEI131_ATV", 13.8, 1,    5899.46,   -4.7,   0.74045, 2,    5899.45, -124.7,   0.74045, 3,    5899.46,  115.3,   0.74045
"SCN_CN15_9080_CEI131_ATV", 13.8, 1,    5899.44,   -4.7,   0.74044, 2,    5899.42, -124.7,   0.74044, 3,    5899.43,  115.3,   0.74044
"SCN_CN15_9004_CEI134_ATV_S", 13.8, 1,    5898.28,   -4.7,    0.7403, 2,    5898.27, -124.7,    0.7403, 3,    5898.27,  115.3,    0.7403
"SCN_CN15_9004_CEI134_ATV", 13.8, 1,    5898.28,   -4.7,    0.7403, 2,    5898.27, -124.7,    0.7403, 3,    5898.27,  115.3,    0.7403
"SCN_CN15_9005_CEI134_ATV", 13.8, 1,    5898.06,   -4.7,   0.74027, 2,    5898.04, -124.7,   0.74027, 3,    5898.05,  115.3,   0.74027
"SCN_CN15_9006_CEI134_ATV", 13.8, 1,    5897.82,   -4.7,   0.74024, 2,     5897.8, -124.7,   0.74024, 3,    5897.81,  115.3,   0.74024
"SCN_CN15_9001_CEI134_ATV", 13.8, 1,    5897.73,   -4.7,   0.74023, 2,    5897.72, -124.7,   0.74023, 3,    5897.72,  115.3,   0.74023
"SCN_CN15_9004_CEI134A_ATV", 13.8, 1,    5897.38,   -4.7,   0.74019, 2,    5897.37, -124.7,   0.74018, 3,    5897.37,  115.3,   0.74018
"SCN_CN15_9009_CEI134_ATV", 13.8, 1,    5897.18,   -4.7,   0.74016, 2,    5897.17, -124.7,   0.74016, 3,    5897.17,  115.3,   0.74016
"SCN_CN15_9328_CEI109_S", 13.8, 1,    5812.13,   -5.1,   0.72949, 2,    5812.11, -125.1,   0.72948, 3,    5812.12,  114.9,   0.72948
"SCN_CN15_9031_CEI077_ATV", 13.8, 1,    7117.51,   -1.9,   0.89332, 2,     7117.5, -121.9,   0.89332, 3,     7117.5,  118.1,   0.89332
"SCN_CN15_9016_CEI230B_ATV", 13.8, 1,    5917.91,   -4.3,   0.74276, 2,     5917.9, -124.3,   0.74276, 3,     5917.9,  115.7,   0.74276
"SCN_CN15_9019_CEI230B_ATV", 13.8, 1,    5918.29,   -4.3,   0.74281, 2,    5918.28, -124.3,   0.74281, 3,    5918.28,  115.7,   0.74281
"SCN_CN15_9024_CEI230B_ATV", 13.8, 1,    5918.66,   -4.3,   0.74286, 2,    5918.64, -124.3,   0.74285, 3,    5918.65,  115.7,   0.74285
"SCN_CN15_9407_CEI109", 13.8, 1,    5821.63,   -5.0,   0.73068, 2,    5821.62, -125.0,   0.73068, 3,    5821.62,  115.0,   0.73068
"SCN_CN15_9026_CEI230B_ATV", 13.8, 1,    5918.95,   -4.3,   0.74289, 2,    5918.93, -124.3,   0.74289, 3,    5918.93,  115.7,   0.74289
"SCN_CN15_9025_CEI230B_ATV", 13.8, 1,    5918.63,   -4.3,   0.74285, 2,    5918.62, -124.3,   0.74285, 3,    5918.62,  115.7,   0.74285
"SCN_CN15_9027_CEI230B_ATV", 13.8, 1,    5919.06,   -4.3,   0.74291, 2,    5919.05, -124.3,    0.7429, 3,    5919.05,  115.7,   0.74291
"SCN_CN15_9017_CEI230B_ATV", 13.8, 1,    5917.89,   -4.3,   0.74276, 2,    5917.87, -124.3,   0.74276, 3,    5917.87,  115.7,   0.74276
"SCN_CN15_9063_CEIRJ006_ATV", 13.8, 1,    5917.86,   -4.3,   0.74276, 2,    5917.84, -124.3,   0.74275, 3,    5917.85,  115.7,   0.74275
"SCN_CN15_9058_CEIRJ006_ATV", 13.8, 1,    5918.21,   -4.3,    0.7428, 2,    5918.19, -124.3,    0.7428, 3,     5918.2,  115.7,    0.7428
"SCN_CN15_9034_CEI230B_ATV", 13.8, 1,    5917.35,   -4.3,   0.74269, 2,    5917.34, -124.3,   0.74269, 3,    5917.34,  115.7,   0.74269
"SCN_CN15_9035_CEI230B_ATV", 13.8, 1,     5917.3,   -4.3,   0.74269, 2,    5917.29, -124.3,   0.74268, 3,    5917.29,  115.7,   0.74268
"SCN_CN15_9406_CEI109", 13.8, 1,    5820.86,   -5.0,   0.73058, 2,    5820.84, -125.0,   0.73058, 3,    5820.85,  115.0,   0.73058
"SCN_CN15_9036_CEI230B_ATV", 13.8, 1,    5917.27,   -4.3,   0.74268, 2,    5917.26, -124.3,   0.74268, 3,    5917.26,  115.7,   0.74268
"SCN_CN15_9007_CEI230B_ATV", 13.8, 1,    5917.24,   -4.3,   0.74268, 2,    5917.23, -124.3,   0.74268, 3,    5917.23,  115.7,   0.74268
"SCN_CN15_9006_CEI230B_ATV", 13.8, 1,    5917.23,   -4.3,   0.74268, 2,    5917.22, -124.3,   0.74268, 3,    5917.22,  115.7,   0.74268
"SCN_CN15_9070_CEI075", 13.8, 1,    5925.45,   -4.3,   0.74371, 2,    5925.43, -124.3,   0.74371, 3,    5925.44,  115.7,   0.74371
"SCN_CN15_9071_CEI075", 13.8, 1,    5925.38,   -4.3,    0.7437, 2,    5925.37, -124.3,    0.7437, 3,    5925.37,  115.7,    0.7437
"SCN_CN15_9159_CEI230_ATV", 13.8, 1,    5925.34,   -4.3,    0.7437, 2,    5925.33, -124.3,   0.74369, 3,    5925.33,  115.7,   0.74369
"SCN_CN15_9160_CEI230_ATV", 13.8, 1,    5925.33,   -4.3,   0.74369, 2,    5925.31, -124.3,   0.74369, 3,    5925.32,  115.7,   0.74369
"SCN_CN15_9158_CEI230_ATV", 13.8, 1,    5925.37,   -4.3,    0.7437, 2,    5925.35, -124.3,    0.7437, 3,    5925.35,  115.7,    0.7437
"SCN_CN15_9055_CEIRJ006_ATV", 13.8, 1,     5925.3,   -4.3,   0.74369, 2,    5925.29, -124.3,   0.74369, 3,    5925.29,  115.7,   0.74369
"SCN_CN15_9056_CEIRJ006_ATV", 13.8, 1,     5925.3,   -4.3,   0.74369, 2,    5925.29, -124.3,   0.74369, 3,    5925.29,  115.7,   0.74369
"SCN_CN15_9405_CEI109", 13.8, 1,    5819.79,   -5.0,   0.73045, 2,    5819.77, -125.0,   0.73045, 3,    5819.78,  115.0,   0.73045
"SCN_CN15_9057_CEIRJ006_ATV", 13.8, 1,    5925.21,   -4.3,   0.74368, 2,     5925.2, -124.3,   0.74368, 3,     5925.2,  115.7,   0.74368
"SCN_CN15_9056_CEI075", 13.8, 1,    5947.59,   -4.2,   0.74649, 2,    5947.58, -124.2,   0.74649, 3,    5947.58,  115.8,   0.74649
"SCN_CN15_9055_CEI075", 13.8, 1,    5947.61,   -4.2,   0.74649, 2,     5947.6, -124.2,   0.74649, 3,     5947.6,  115.8,   0.74649
"SCN_CN15_9070_CEI230_ATV", 13.8, 1,    5947.58,   -4.2,   0.74649, 2,    5947.57, -124.2,   0.74649, 3,    5947.57,  115.8,   0.74649
"SCN_CN15_9071_CEI230_ATV", 13.8, 1,    5947.56,   -4.2,   0.74648, 2,    5947.55, -124.2,   0.74648, 3,    5947.55,  115.8,   0.74648
"SCN_CN15_9054_CEI075", 13.8, 1,    5947.65,   -4.2,   0.74649, 2,    5947.64, -124.2,   0.74649, 3,    5947.64,  115.8,   0.74649
"SCN_CN15_9055_CEI075_S", 13.8, 1,    5947.61,   -4.2,   0.74649, 2,     5947.6, -124.2,   0.74649, 3,     5947.6,  115.8,   0.74649
"SCN_CN15_9052_CEI075", 13.8, 1,    5947.69,   -4.2,    0.7465, 2,    5947.67, -124.2,    0.7465, 3,    5947.68,  115.8,    0.7465
"SCN_CN15_9069_CEI230_ATV", 13.8, 1,    5947.64,   -4.2,   0.74649, 2,    5947.62, -124.2,   0.74649, 3,    5947.63,  115.8,   0.74649
"SCN_CN15_9051_CEI075", 13.8, 1,    5947.76,   -4.2,   0.74651, 2,    5947.75, -124.2,   0.74651, 3,    5947.75,  115.8,   0.74651
"SCN_CN15_9052_CEI075_S", 13.8, 1,    5947.69,   -4.2,    0.7465, 2,    5947.67, -124.2,    0.7465, 3,    5947.68,  115.8,    0.7465
"SCN_CN15_9404_CEI109", 13.8, 1,    5818.81,   -5.0,   0.73032, 2,     5818.8, -125.0,   0.73032, 3,     5818.8,  115.0,   0.73032
"SCN_CN15_9049_CEI075", 13.8, 1,    5947.83,   -4.2,   0.74652, 2,    5947.82, -124.2,   0.74652, 3,    5947.82,  115.8,   0.74652
"SCN_CN15_9068_CEI230_ATV", 13.8, 1,    5947.79,   -4.2,   0.74651, 2,    5947.78, -124.2,   0.74651, 3,    5947.78,  115.8,   0.74651
"SCN_CN15_9048_CEI075", 13.8, 1,    5947.93,   -4.2,   0.74653, 2,    5947.91, -124.2,   0.74653, 3,    5947.91,  115.8,   0.74653
"SCN_CN15_9049_CEI075_S", 13.8, 1,    5947.83,   -4.2,   0.74652, 2,    5947.82, -124.2,   0.74652, 3,    5947.82,  115.8,   0.74652
"SCN_CN15_9047_CEI075", 13.8, 1,    5948.02,   -4.2,   0.74654, 2,    5948.01, -124.2,   0.74654, 3,    5948.01,  115.8,   0.74654
"SCN_CN15_9046_CEI075", 13.8, 1,    5948.12,   -4.2,   0.74655, 2,    5948.11, -124.2,   0.74655, 3,    5948.11,  115.8,   0.74655
"SCN_CN15_9045_CEI075", 13.8, 1,    5948.23,   -4.2,   0.74657, 2,    5948.21, -124.2,   0.74657, 3,    5948.22,  115.8,   0.74657
"SCN_CN15_9044_CEI075", 13.8, 1,    5948.34,   -4.2,   0.74658, 2,    5948.32, -124.2,   0.74658, 3,    5948.33,  115.8,   0.74658
"SCN_CN15_9043_CEI075", 13.8, 1,    5948.45,   -4.2,    0.7466, 2,    5948.44, -124.2,   0.74659, 3,    5948.44,  115.8,   0.74659
"SCN_CN15_9042_CEI075", 13.8, 1,    5948.56,   -4.2,   0.74661, 2,    5948.55, -124.2,   0.74661, 3,    5948.55,  115.8,   0.74661
"SCN_CN15_9403_CEI109", 13.8, 1,    5817.64,   -5.0,   0.73018, 2,    5817.62, -125.0,   0.73018, 3,    5817.63,  115.0,   0.73018
"SCN_CN15_9053_CEIRJ006_ATV", 13.8, 1,    5949.34,   -4.2,   0.74671, 2,    5949.33, -124.2,   0.74671, 3,    5949.33,  115.8,   0.74671
"SCN_CN15_9062_CEI201_ATV", 13.8, 1,    5823.09,   -5.0,   0.73086, 2,    5823.08, -125.0,   0.73086, 3,    5823.08,  115.0,   0.73086
"SCN_CN15_9402_CEI109", 13.8, 1,    5816.61,   -5.0,   0.73005, 2,    5816.59, -125.0,   0.73005, 3,     5816.6,  115.0,   0.73005
"SCN_CN15_9401_CEI109", 13.8, 1,    5815.56,   -5.1,   0.72992, 2,    5815.55, -125.1,   0.72992, 3,    5815.55,  114.9,   0.72992
"SCN_CN15_9400_CEI109", 13.8, 1,    5814.31,   -5.1,   0.72976, 2,    5814.29, -125.1,   0.72976, 3,     5814.3,  114.9,   0.72976
"SCN_CN15_9111_CEI201_ATV_S", 13.8, 1,     6027.7,   -4.1,   0.75654, 2,    6027.69, -124.1,   0.75654, 3,    6027.69,  115.9,   0.75654
"SCN_CN15_9016_CEIRJ013_ATV", 13.8, 1,    6028.03,   -4.1,   0.75658, 2,    6028.01, -124.1,   0.75658, 3,    6028.02,  115.9,   0.75658
"SCN_CN15_9104_CEI201_ATV", 13.8, 1,     6027.4,   -4.1,    0.7565, 2,    6027.38, -124.1,    0.7565, 3,    6027.39,  115.9,    0.7565
"SCN_CN15_9112_CEI201_ATV", 13.8, 1,    6027.67,   -4.1,   0.75654, 2,    6027.66, -124.1,   0.75654, 3,    6027.66,  115.9,   0.75654
"SCN_CN15_9119_CEI201_ATV", 13.8, 1,    6027.68,   -4.1,   0.75654, 2,    6027.66, -124.1,   0.75654, 3,    6027.67,  115.9,   0.75654
"SCN_CN15_9474_CEI109_S", 13.8, 1,    5813.27,   -5.1,   0.72963, 2,    5813.26, -125.1,   0.72963, 3,    5813.26,  114.9,   0.72963
"SCN_CN15_9010_CEI201_ATV", 13.8, 1,     5803.1,   -5.1,   0.72835, 2,    5803.09, -125.1,   0.72835, 3,    5803.09,  114.9,   0.72835
"SCN_CN15_9004_CEI201_ATV", 13.8, 1,     5802.9,   -5.1,   0.72833, 2,    5802.88, -125.1,   0.72833, 3,    5802.89,  114.9,   0.72833
"SCN_CN15_9008_CEI201_ATV", 13.8, 1,    5802.93,   -5.1,   0.72833, 2,    5802.92, -125.1,   0.72833, 3,    5802.92,  114.9,   0.72833
"SCN_CN15_9002_CEI160_ATV", 13.8, 1,    6031.31,   -4.2,     0.757, 2,     6031.3, -124.2,   0.75699, 3,     6031.3,  115.8,   0.75699
"SCN_CN15_9003_CEI160_ATV", 13.8, 1,    6031.33,   -4.2,     0.757, 2,    6031.32, -124.2,     0.757, 3,    6031.32,  115.8,     0.757
"SCN_CN15_9475_CEI109", 13.8, 1,    5813.07,   -5.1,    0.7296, 2,    5813.06, -125.1,    0.7296, 3,    5813.07,  114.9,    0.7296
"SCN_CN15_9046_CEI130_ATV", 13.8, 1,    6031.71,   -4.2,   0.75705, 2,     6031.7, -124.2,   0.75704, 3,     6031.7,  115.8,   0.75704
"SCN_CN15_9042_CEI130_ATV", 13.8, 1,    6031.53,   -4.2,   0.75702, 2,    6031.51, -124.2,   0.75702, 3,    6031.52,  115.8,   0.75702
"SCN_CN15_9017_CEIRJ013_ATV", 13.8, 1,    6028.03,   -4.1,   0.75658, 2,    6028.01, -124.1,   0.75658, 3,    6028.02,  115.9,   0.75658
"SCN_CN15_9031_CEIRJ006_ATV", 13.8, 1,    7114.72,   -2.0,   0.89297, 2,    7114.71, -122.0,   0.89297, 3,    7114.71,  118.0,   0.89297
"SCN_CN15_9033_CEIRJ006_ATV", 13.8, 1,    7114.67,   -2.0,   0.89297, 2,    7114.66, -122.0,   0.89297, 3,    7114.66,  118.0,   0.89297
"SCN_CN15_9032_CEIRJ006_ATV", 13.8, 1,    7114.71,   -2.0,   0.89297, 2,     7114.7, -122.0,   0.89297, 3,    7114.71,  118.0,   0.89297
"SCN_CN15_9030_CEIRJ006_ATV", 13.8, 1,     7114.8,   -2.0,   0.89299, 2,     7114.8, -122.0,   0.89299, 3,     7114.8,  118.0,   0.89299
"SCN_CN15_9031_CEIRJ006_ATV_S", 13.8, 1,    7114.72,   -2.0,   0.89297, 2,    7114.71, -122.0,   0.89297, 3,    7114.71,  118.0,   0.89297
"SCN_CN15_9007_CEI77A_ATV", 13.8, 1,    7114.64,   -2.0,   0.89296, 2,    7114.63, -122.0,   0.89296, 3,    7114.63,  118.0,   0.89296
"SCN_CN15_9036_CEI230_ATV", 13.8, 1,    7127.92,   -1.9,   0.89463, 2,    7127.92, -121.9,   0.89463, 3,    7127.92,  118.1,   0.89463
"SCN_CN15_9037_CEI230_ATV", 13.8, 1,     7128.9,   -1.9,   0.89475, 2,    7128.89, -121.9,   0.89475, 3,     7128.9,  118.1,   0.89475
"SCN_CN15_9086_CEI77A_ATV_S", 13.8, 1,    7126.46,   -1.9,   0.89445, 2,    7126.45, -121.9,   0.89445, 3,    7126.45,  118.1,   0.89445
"SCN_CN15_9476_CEI109", 13.8, 1,    5812.88,   -5.1,   0.72958, 2,    5812.87, -125.1,   0.72958, 3,    5812.87,  114.9,   0.72958
"SCN_CN15_9086_CEI77A_ATV", 13.8, 1,    7126.46,   -1.9,   0.89445, 2,    7126.45, -121.9,   0.89445, 3,    7126.45,  118.1,   0.89445
"SCN_CN15_9057_CEI77A_ATV", 13.8, 1,    7123.38,   -2.0,   0.89406, 2,    7123.38, -122.0,   0.89406, 3,    7123.38,  118.0,   0.89406
"SCN_CN15_9058_CEI77A_ATV", 13.8, 1,    7119.76,   -2.0,   0.89361, 2,    7119.76, -122.0,   0.89361, 3,    7119.76,  118.0,   0.89361
"SCN_CN15_9059_CEI77A_ATV", 13.8, 1,    7115.73,   -2.0,    0.8931, 2,    7115.73, -122.0,    0.8931, 3,    7115.73,  118.0,    0.8931
"SCN_CN15_9060_CEI77A_ATV", 13.8, 1,    7115.69,   -2.0,    0.8931, 2,    7115.69, -122.0,    0.8931, 3,    7115.69,  118.0,    0.8931
"SCN_CN15_9062_CEI77A_ATV", 13.8, 1,    7111.71,   -2.0,    0.8926, 2,     7111.7, -122.0,    0.8926, 3,     7111.7,  118.0,    0.8926
"SCN_CN15_9061_CEI77A_ATV", 13.8, 1,    7111.59,   -2.0,   0.89258, 2,    7111.59, -122.0,   0.89258, 3,    7111.59,  118.0,   0.89258
"SCN_CN15_9063_CEI77A_ATV", 13.8, 1,    7108.52,   -2.0,    0.8922, 2,    7108.52, -122.0,    0.8922, 3,    7108.52,  118.0,    0.8922
"SCN_CN15_9064_CEI77A_ATV", 13.8, 1,    7108.09,   -2.0,   0.89214, 2,    7108.08, -122.0,   0.89214, 3,    7108.09,  118.0,   0.89214
"SCN_CN15_9065_CEI77A_ATV", 13.8, 1,    7107.41,   -2.0,   0.89206, 2,    7107.41, -122.0,   0.89206, 3,    7107.41,  118.0,   0.89206
"SCN_CN15_9080_CEI77A_ATV", 13.8, 1,    7106.92,   -2.0,     0.892, 2,    7106.92, -122.0,     0.892, 3,    7106.92,  118.0,     0.892
"SCN_CN15_9081_CEI77A_ATV", 13.8, 1,    7106.58,   -2.0,   0.89195, 2,    7106.58, -122.0,   0.89195, 3,    7106.58,  118.0,   0.89195
"SCN_CN15_9082_CEI77A_ATV", 13.8, 1,    7106.23,   -2.0,   0.89191, 2,    7106.23, -122.0,   0.89191, 3,    7106.23,  118.0,   0.89191
"SCN_CN15_9083_CEI77A_ATV", 13.8, 1,    7106.49,   -2.0,   0.89194, 2,    7106.49, -122.0,   0.89194, 3,    7106.49,  118.0,   0.89194
"SCN_CN15_9084_CEI77A_ATV", 13.8, 1,    7106.38,   -2.0,   0.89193, 2,    7106.38, -122.0,   0.89193, 3,    7106.38,  118.0,   0.89193
"SCN_CN15_9085_CEI77A_ATV", 13.8, 1,    7106.31,   -2.0,   0.89192, 2,    7106.31, -122.0,   0.89192, 3,    7106.31,  118.0,   0.89192
"SCN_CN15_9066_CEI77A_ATV", 13.8, 1,     7106.8,   -2.0,   0.89198, 2,     7106.8, -122.0,   0.89198, 3,     7106.8,  118.0,   0.89198
"SCN_CN15_9068_CEI77A_ATV_S", 13.8, 1,    7103.01,   -2.0,   0.89151, 2,    7103.01, -122.0,    0.8915, 3,    7103.01,  118.0,   0.89151
"SCN_CN15_9070_CEI77A_ATV", 13.8, 1,    7102.67,   -2.0,   0.89146, 2,    7102.66, -122.0,   0.89146, 3,    7102.67,  118.0,   0.89146
"SCN_CN15_9071_CEI77A_ATV", 13.8, 1,    7102.15,   -2.0,    0.8914, 2,    7102.14, -122.0,    0.8914, 3,    7102.15,  118.0,    0.8914
"SCN_CN15_9068_CEI77A_ATV", 13.8, 1,    7103.01,   -2.0,   0.89151, 2,    7103.01, -122.0,    0.8915, 3,    7103.01,  118.0,   0.89151
"SCN_CN15_9069_CEI77A_ATV", 13.8, 1,    7102.82,   -2.0,   0.89148, 2,    7102.82, -122.0,   0.89148, 3,    7102.82,  118.0,   0.89148
"SCN_CN15_9023_CEI167_ATV", 13.8, 1,    7101.62,   -2.0,   0.89133, 2,    7101.61, -122.0,   0.89133, 3,    7101.62,  118.0,   0.89133
"SCN_CN15_9024_CEI167_ATV_S", 13.8, 1,    7100.25,   -2.0,   0.89116, 2,    7100.24, -122.0,   0.89116, 3,    7100.25,  118.0,   0.89116
"SCN_CN15_9074_CEI77A_ATV_S", 13.8, 1,    7098.83,   -2.0,   0.89098, 2,    7098.83, -122.0,   0.89098, 3,    7098.83,  118.0,   0.89098
"SCN_CN15_9074_CEI77A_ATV", 13.8, 1,    7098.83,   -2.0,   0.89098, 2,    7098.83, -122.0,   0.89098, 3,    7098.83,  118.0,   0.89098
"SCN_CN15_9075_CEI77A_ATV", 13.8, 1,     7098.6,   -2.0,   0.89095, 2,    7098.59, -122.0,   0.89095, 3,     7098.6,  118.0,   0.89095
"SCN_CN15_9133_CEI201_ATV", 13.8, 1,    6028.99,   -4.1,    0.7567, 2,    6028.98, -124.1,    0.7567, 3,    6028.98,  115.9,    0.7567
"SCN_CN15_9390_CEI109", 13.8, 1,    5813.31,   -5.1,   0.72963, 2,     5813.3, -125.1,   0.72963, 3,     5813.3,  114.9,   0.72963
"SCN_CN15_9114_CEI77A_ATV", 13.8, 1,    7134.28,   -1.9,   0.89543, 2,    7134.28, -121.9,   0.89543, 3,    7134.28,  118.1,   0.89543
"SCN_CN15_9134_CEI220_ATV", 13.8, 1,    5953.95,   -4.5,   0.74729, 2,    5953.94, -124.5,   0.74728, 3,    5953.94,  115.5,   0.74728
"SCN_CN15_9014_CEI120", 13.8, 1,    5954.21,   -4.5,   0.74732, 2,     5954.2, -124.5,   0.74732, 3,     5954.2,  115.5,   0.74732
"SCN_CN15_9041_CEI77A_ATV", 13.8, 1,    7116.65,   -2.0,   0.89322, 2,    7116.64, -122.0,   0.89322, 3,    7116.65,  118.0,   0.89322
"SCN_CN15_9015_CEI120", 13.8, 1,     5953.9,   -4.5,   0.74728, 2,    5953.89, -124.5,   0.74728, 3,    5953.89,  115.5,   0.74728
"SCN_CN15_9021_CEI120", 13.8, 1,    5953.63,   -4.5,   0.74725, 2,    5953.62, -124.5,   0.74724, 3,    5953.62,  115.5,   0.74724
"SCN_CN15_9020_CEI120", 13.8, 1,    5953.36,   -4.5,   0.74721, 2,    5953.35, -124.5,   0.74721, 3,    5953.35,  115.5,   0.74721
"SCN_CN15_9019_CEI120", 13.8, 1,    5953.24,   -4.5,    0.7472, 2,    5953.23, -124.5,   0.74719, 3,    5953.23,  115.5,    0.7472
"SCN_CN15_9018_CEI120", 13.8, 1,    5953.12,   -4.5,   0.74718, 2,    5953.11, -124.5,   0.74718, 3,    5953.11,  115.5,   0.74718
"SCN_CN15_9017_CEI120", 13.8, 1,    5953.01,   -4.5,   0.74717, 2,       5953, -124.5,   0.74717, 3,       5953,  115.5,   0.74717
"SCN_CN15_9016_CEI120", 13.8, 1,    5952.88,   -4.5,   0.74715, 2,    5952.87, -124.5,   0.74715, 3,    5952.87,  115.5,   0.74715
"SCN_CN15_9156_CEI220_ATV", 13.8, 1,    5953.48,   -4.5,   0.74723, 2,    5953.47, -124.5,   0.74723, 3,    5953.47,  115.5,   0.74723
"SCN_CN15_9157_CEI109", 13.8, 1,    5838.27,   -5.0,   0.73277, 2,    5838.25, -125.0,   0.73276, 3,    5838.26,  115.0,   0.73277
"SCN_CN15_9015_CEIRJ013_ATV", 13.8, 1,     6028.3,   -4.1,   0.75662, 2,    6028.29, -124.1,   0.75662, 3,    6028.29,  115.9,   0.75662
"SCN_CN15_9028_CEI167_ATV", 13.8, 1,       7098,   -2.0,   0.89088, 2,    7097.99, -122.0,   0.89088, 3,    7097.99,  118.0,   0.89088
"SCN_CN15_9076_CEI77A_ATV", 13.8, 1,    7097.81,   -2.0,   0.89085, 2,     7097.8, -122.0,   0.89085, 3,     7097.8,  118.0,   0.89085
"SCN_CN15_9078_CEI77A_ATV", 13.8, 1,    7097.12,   -2.0,   0.89077, 2,    7097.12, -122.0,   0.89077, 3,    7097.12,  118.0,   0.89077
"SCN_CN15_9079_CEI77A_ATV", 13.8, 1,    7096.62,   -2.0,    0.8907, 2,    7096.62, -122.0,    0.8907, 3,    7096.62,  118.0,    0.8907
"SCN_CN15_9008_CEI77A_ATV", 13.8, 1,       7115,   -2.0,   0.89301, 2,    7114.99, -122.0,   0.89301, 3,       7115,  118.0,   0.89301
"SCN_CN15_9009_CEI77A_ATV", 13.8, 1,    7115.23,   -2.0,   0.89304, 2,    7115.23, -122.0,   0.89304, 3,    7115.23,  118.0,   0.89304
"SCN_CN15_9009_CEI77A_ATV_S", 13.8, 1,    7115.23,   -2.0,   0.89304, 2,    7115.23, -122.0,   0.89304, 3,    7115.23,  118.0,   0.89304
"SCN_CN15_9015_CEI77A_ATV", 13.8, 1,    7115.55,   -2.0,   0.89308, 2,    7115.55, -122.0,   0.89308, 3,    7115.55,  118.0,   0.89308
"SCN_CN15_9478_CEI109", 13.8, 1,    5812.54,   -5.1,   0.72954, 2,    5812.52, -125.1,   0.72954, 3,    5812.53,  114.9,   0.72954
"SCN_CN15_9010_CEI77A_ATV_S", 13.8, 1,    7115.07,   -2.0,   0.89302, 2,    7115.06, -122.0,   0.89302, 3,    7115.07,  118.0,   0.89302
"SCN_CN15_9010_CEI77A_ATV", 13.8, 1,    7115.07,   -2.0,   0.89302, 2,    7115.06, -122.0,   0.89302, 3,    7115.07,  118.0,   0.89302
"SCN_CN15_9011_CEI77A_ATV", 13.8, 1,    7115.04,   -2.0,   0.89301, 2,    7115.03, -122.0,   0.89301, 3,    7115.03,  118.0,   0.89301
"SCN_CN15_9012_CEI77A_ATV", 13.8, 1,    7114.88,   -2.0,     0.893, 2,    7114.88, -122.0,   0.89299, 3,    7114.88,  118.0,   0.89299
"SCN_CN15_9013_CEI77A_ATV", 13.8, 1,    7114.69,   -2.0,   0.89297, 2,    7114.69, -122.0,   0.89297, 3,    7114.69,  118.0,   0.89297
"SCN_CN15_9014_CEI77A_ATV", 13.8, 1,    7114.51,   -2.0,   0.89295, 2,     7114.5, -122.0,   0.89295, 3,     7114.5,  118.0,   0.89295
"SCN_CN15_9016_CEI77A_ATV", 13.8, 1,     7115.5,   -2.0,   0.89307, 2,     7115.5, -122.0,   0.89307, 3,     7115.5,  118.0,   0.89307
"SCN_CN15_9017_CEI77A_ATV", 13.8, 1,    7115.45,   -2.0,   0.89307, 2,    7115.44, -122.0,   0.89307, 3,    7115.44,  118.0,   0.89307
"SCN_CN15_9018_CEI77A_ATV", 13.8, 1,     7115.4,   -2.0,   0.89306, 2,    7115.39, -122.0,   0.89306, 3,    7115.39,  118.0,   0.89306
"SCN_CN15_9015_CEI77A_ATV_S", 13.8, 1,    7115.55,   -2.0,   0.89308, 2,    7115.55, -122.0,   0.89308, 3,    7115.55,  118.0,   0.89308
"SCN_CN15_9019_CEI77A_ATV", 13.8, 1,    7115.91,   -2.0,   0.89312, 2,     7115.9, -122.0,   0.89312, 3,    7115.91,  118.0,   0.89312
"SCN_CN15_9020_CEI77A_ATV", 13.8, 1,    7116.35,   -2.0,   0.89318, 2,    7116.35, -122.0,   0.89318, 3,    7116.35,  118.0,   0.89318
"SCN_CN15_9479_CEI109", 13.8, 1,    5812.44,   -5.1,   0.72952, 2,    5812.43, -125.1,   0.72952, 3,    5812.43,  114.9,   0.72952
"SCN_CN15_9021_CEI77A_ATV", 13.8, 1,    7116.81,   -2.0,   0.89324, 2,     7116.8, -122.0,   0.89324, 3,    7116.81,  118.0,   0.89324
"SCN_CN15_9022_CEI77A_ATV", 13.8, 1,    7116.77,   -2.0,   0.89323, 2,    7116.76, -122.0,   0.89323, 3,    7116.76,  118.0,   0.89323
"SCN_CN15_9023_CEI77A_ATV", 13.8, 1,    7116.72,   -2.0,   0.89323, 2,    7116.72, -122.0,   0.89323, 3,    7116.72,  118.0,   0.89323
"SCN_CN15_9021_CEI77A_ATV_S", 13.8, 1,    7116.81,   -2.0,   0.89324, 2,     7116.8, -122.0,   0.89324, 3,    7116.81,  118.0,   0.89324
"SCN_CN15_9024_CEI77A_ATV", 13.8, 1,    7117.31,   -2.0,    0.8933, 2,     7117.3, -122.0,    0.8933, 3,     7117.3,  118.0,    0.8933
"SCN_CN15_9025_CEI77A_ATV", 13.8, 1,    7117.73,   -2.0,   0.89335, 2,    7117.72, -122.0,   0.89335, 3,    7117.73,  118.0,   0.89335
"SCN_CN15_9026_CEI77A_ATV", 13.8, 1,    7118.16,   -2.0,   0.89341, 2,    7118.16, -122.0,   0.89341, 3,    7118.16,  118.0,   0.89341
"SCN_CN15_9027_CEI77A_ATV", 13.8, 1,    7117.99,   -2.0,   0.89339, 2,    7117.99, -122.0,   0.89339, 3,    7117.99,  118.0,   0.89339
"SCN_CN15_9028_CEI77A_ATV", 13.8, 1,    7117.95,   -2.0,   0.89338, 2,    7117.95, -122.0,   0.89338, 3,    7117.95,  118.0,   0.89338
"SCN_CN15_9029_CEI77A_ATV", 13.8, 1,    7117.77,   -2.0,   0.89336, 2,    7117.77, -122.0,   0.89336, 3,    7117.77,  118.0,   0.89336
"SCN_CN15_9030_CEI77A_ATV", 13.8, 1,    7117.64,   -2.0,   0.89334, 2,    7117.63, -122.0,   0.89334, 3,    7117.63,  118.0,   0.89334
"SCN_CN15_9480_CEI109", 13.8, 1,    5812.28,   -5.1,   0.72951, 2,    5812.27, -125.1,    0.7295, 3,    5812.27,  114.9,    0.7295
"SCN_CN15_9031_CEI77A_ATV", 13.8, 1,    7117.55,   -2.0,   0.89333, 2,    7117.54, -122.0,   0.89333, 3,    7117.55,  118.0,   0.89333
"SCN_CN15_9032_CEI77A_ATV", 13.8, 1,    7117.51,   -2.0,   0.89333, 2,    7117.51, -122.0,   0.89332, 3,    7117.51,  118.0,   0.89332
"SCN_CN15_9033_CEI77A_ATV", 13.8, 1,    7117.39,   -2.0,   0.89331, 2,    7117.39, -122.0,   0.89331, 3,    7117.39,  118.0,   0.89331
"SCN_CN15_9034_CEI77A_ATV", 13.8, 1,    7117.25,   -2.0,   0.89329, 2,    7117.25, -122.0,   0.89329, 3,    7117.25,  118.0,   0.89329
"SCN_CN15_9035_CEI77A_ATV", 13.8, 1,    7117.11,   -2.0,   0.89328, 2,    7117.11, -122.0,   0.89327, 3,    7117.11,  118.0,   0.89328
"SCN_CN15_9036_CEI77A_ATV_S", 13.8, 1,    7116.98,   -2.0,   0.89326, 2,    7116.98, -122.0,   0.89326, 3,    7116.98,  118.0,   0.89326
"SCN_CN15_9036_CEI77A_ATV", 13.8, 1,    7116.98,   -2.0,   0.89326, 2,    7116.98, -122.0,   0.89326, 3,    7116.98,  118.0,   0.89326
"SCN_CN15_9037_CEI77A_ATV_S", 13.8, 1,    7116.84,   -2.0,   0.89324, 2,    7116.84, -122.0,   0.89324, 3,    7116.84,  118.0,   0.89324
"SCN_CN15_9038_CEI77A_ATV", 13.8, 1,     7116.7,   -2.0,   0.89322, 2,     7116.7, -122.0,   0.89322, 3,     7116.7,  118.0,   0.89322
"SCN_CN15_9039_CEI77A_ATV", 13.8, 1,    7116.67,   -2.0,   0.89322, 2,    7116.67, -122.0,   0.89322, 3,    7116.67,  118.0,   0.89322
"SCN_CN15_9034_CEIRJ006_ATV", 13.8, 1,    7116.98,   -2.0,   0.89326, 2,    7116.98, -122.0,   0.89326, 3,    7116.98,  118.0,   0.89326
"SCN_CN15_9045_CEI77A_ATV", 13.8, 1,    7118.54,   -2.0,   0.89345, 2,    7118.53, -122.0,   0.89345, 3,    7118.53,  118.0,   0.89345
"SCN_CN15_9045_CEI77A_ATV_S", 13.8, 1,    7118.54,   -2.0,   0.89345, 2,    7118.53, -122.0,   0.89345, 3,    7118.53,  118.0,   0.89345
"SCN_CN15_9053_CEI77A_ATV", 13.8, 1,    7119.23,   -2.0,   0.89354, 2,    7119.23, -122.0,   0.89354, 3,    7119.23,  118.0,   0.89354
"SCN_CN15_9053_CEI77A_ATV_S", 13.8, 1,    7119.23,   -2.0,   0.89354, 2,    7119.23, -122.0,   0.89354, 3,    7119.23,  118.0,   0.89354
"SCN_CN15_9054_CEI77A_ATV", 13.8, 1,    7120.24,   -2.0,   0.89367, 2,    7120.23, -122.0,   0.89367, 3,    7120.24,  118.0,   0.89367
"SCN_CN15_9055_CEI77A_ATV", 13.8, 1,    7121.71,   -2.0,   0.89385, 2,     7121.7, -122.0,   0.89385, 3,    7121.71,  118.0,   0.89385
"SCN_CN15_9056_CEI77A_ATV", 13.8, 1,    7122.06,   -2.0,    0.8939, 2,    7122.05, -122.0,    0.8939, 3,    7122.05,  118.0,    0.8939
"SCN_CN15_9032_CEI230_ATV", 13.8, 1,    7126.26,   -1.9,   0.89442, 2,    7126.25, -121.9,   0.89442, 3,    7126.25,  118.1,   0.89442
"SCN_CN15_9087_CEI77A_ATV", 13.8, 1,    7126.02,   -1.9,   0.89439, 2,    7126.01, -121.9,   0.89439, 3,    7126.02,  118.1,   0.89439
"SCN_CN15_9026_CEI230_ATV", 13.8, 1,    7125.61,   -1.9,   0.89434, 2,    7125.61, -121.9,   0.89434, 3,    7125.61,  118.1,   0.89434
"SCN_CN15_9089_CEI77A_ATV", 13.8, 1,     7125.2,   -1.9,   0.89429, 2,    7125.19, -121.9,   0.89429, 3,    7125.19,  118.1,   0.89429
"SCN_CN15_9090_CEI77A_ATV", 13.8, 1,    7125.19,   -1.9,   0.89429, 2,    7125.18, -121.9,   0.89429, 3,    7125.18,  118.1,   0.89429
"SCN_CN15_9019_CEI230_ATV", 13.8, 1,    7124.84,   -1.9,   0.89425, 2,    7124.84, -121.9,   0.89424, 3,    7124.84,  118.1,   0.89425
"SCN_CN15_9017_CEI230_ATV", 13.8, 1,    7124.56,   -2.0,   0.89421, 2,    7124.55, -122.0,   0.89421, 3,    7124.56,  118.0,   0.89421
"SCN_CN15_9014_CEI230_ATV", 13.8, 1,    7124.44,   -2.0,    0.8942, 2,    7124.43, -122.0,   0.89419, 3,    7124.44,  118.0,   0.89419
"SCN_CN15_9013_CEI230_ATV", 13.8, 1,    7124.28,   -2.0,   0.89417, 2,    7124.27, -122.0,   0.89417, 3,    7124.28,  118.0,   0.89417
"SCN_CN15_9002_CEI230_ATV", 13.8, 1,    7124.11,   -2.0,   0.89415, 2,     7124.1, -122.0,   0.89415, 3,     7124.1,  118.0,   0.89415
"SCN_CN15_9003_CEI230_ATV", 13.8, 1,    7124.09,   -2.0,   0.89415, 2,    7124.09, -122.0,   0.89415, 3,    7124.09,  118.0,   0.89415
"SCN_CN15_9004_CEI230_ATV", 13.8, 1,    7124.07,   -2.0,   0.89415, 2,    7124.07, -122.0,   0.89415, 3,    7124.07,  118.0,   0.89415
"SCN_CN15_9482_CEI109", 13.8, 1,    5812.03,   -5.1,   0.72947, 2,    5812.02, -125.1,   0.72947, 3,    5812.02,  114.9,   0.72947
"SCN_CN15_9005_CEI230_ATV", 13.8, 1,       7124,   -2.0,   0.89414, 2,    7123.99, -122.0,   0.89414, 3,    7123.99,  118.0,   0.89414
"SCN_CN15_9006_CEI230_ATV", 13.8, 1,    7123.85,   -2.0,   0.89412, 2,    7123.84, -122.0,   0.89412, 3,    7123.84,  118.0,   0.89412
"SCN_CN15_9007_CEI230_ATV", 13.8, 1,    7123.72,   -2.0,    0.8941, 2,    7123.71, -122.0,    0.8941, 3,    7123.72,  118.0,    0.8941
"SCN_CN15_9008_CEI230_ATV", 13.8, 1,    7123.63,   -2.0,   0.89409, 2,    7123.63, -122.0,   0.89409, 3,    7123.63,  118.0,   0.89409
"SCN_CN15_9009_CEI230_ATV", 13.8, 1,    7123.56,   -2.0,   0.89408, 2,    7123.56, -122.0,   0.89408, 3,    7123.56,  118.0,   0.89408
"SCN_CN15_9050_CEI77A_ATV", 13.8, 1,    7117.32,   -2.0,    0.8933, 2,    7117.31, -122.0,    0.8933, 3,    7117.32,  118.0,    0.8933
"SCN_CN15_9052_CEI77A_ATV", 13.8, 1,    7117.13,   -2.0,   0.89328, 2,    7117.12, -122.0,   0.89328, 3,    7117.12,  118.0,   0.89328
"SCN_CN15_9049_CEI77A_ATV", 13.8, 1,    7117.57,   -2.0,   0.89333, 2,    7117.56, -122.0,   0.89333, 3,    7117.57,  118.0,   0.89333
"SCN_CN15_9050_CEI77A_ATV_S", 13.8, 1,    7117.32,   -2.0,    0.8933, 2,    7117.31, -122.0,    0.8933, 3,    7117.32,  118.0,    0.8933
"SCN_CN15_9051_CEI77A_ATV", 13.8, 1,    7117.32,   -2.0,    0.8933, 2,    7117.31, -122.0,    0.8933, 3,    7117.31,  118.0,    0.8933
"SCN_CN15_9047_CEI77A_ATV", 13.8, 1,     7117.8,   -2.0,   0.89336, 2,     7117.8, -122.0,   0.89336, 3,     7117.8,  118.0,   0.89336
"SCN_CN15_9046_CEI77A_ATV", 13.8, 1,    7118.16,   -2.0,   0.89341, 2,    7118.16, -122.0,   0.89341, 3,    7118.16,  118.0,   0.89341
"SCN_CN15_9483_CEI109", 13.8, 1,    5811.92,   -5.1,   0.72946, 2,    5811.91, -125.1,   0.72946, 3,    5811.91,  114.9,   0.72946
"SCN_CN15_9045_CEIRJ006_ATV", 13.8, 1,    7120.97,   -1.9,   0.89376, 2,    7120.96, -121.9,   0.89376, 3,    7120.97,  118.1,   0.89376
"SCN_CN15_9112_CEI076", 13.8, 1,    7121.01,   -1.9,   0.89377, 2,    7121.01, -121.9,   0.89376, 3,    7121.01,  118.1,   0.89376
"SCN_CN15_9113_CEI076", 13.8, 1,    7120.99,   -1.9,   0.89376, 2,    7120.99, -121.9,   0.89376, 3,    7120.99,  118.1,   0.89376
"SCN_CN15_9111_CEI076", 13.8, 1,    7121.06,   -1.9,   0.89377, 2,    7121.05, -121.9,   0.89377, 3,    7121.05,  118.1,   0.89377
"SCN_CN15_9112_CEI076_S", 13.8, 1,    7121.01,   -1.9,   0.89377, 2,    7121.01, -121.9,   0.89376, 3,    7121.01,  118.1,   0.89376
"SCN_CN15_9092_CEI076", 13.8, 1,    7121.16,   -1.9,   0.89378, 2,    7121.16, -121.9,   0.89378, 3,    7121.16,  118.1,   0.89378
"SCN_CN15_9093_CEI076", 13.8, 1,    7121.13,   -1.9,   0.89378, 2,    7121.13, -121.9,   0.89378, 3,    7121.13,  118.1,   0.89378
"SCN_CN15_9092_CEI076_S", 13.8, 1,    7121.16,   -1.9,   0.89378, 2,    7121.16, -121.9,   0.89378, 3,    7121.16,  118.1,   0.89378
"SCN_CN15_9127_CEI77A_ATV", 13.8, 1,    7121.44,   -1.9,   0.89382, 2,    7121.44, -121.9,   0.89382, 3,    7121.44,  118.1,   0.89382
"SCN_CN15_9128_CEI77A_ATV", 13.8, 1,    7121.39,   -1.9,   0.89381, 2,    7121.38, -121.9,   0.89381, 3,    7121.38,  118.1,   0.89381
"SCN_CN15_9041_CEIRJ006_ATV", 13.8, 1,    7121.17,   -1.9,   0.89378, 2,    7121.17, -121.9,   0.89378, 3,    7121.17,  118.1,   0.89378
"SCN_CN15_9126_CEI77A_ATV", 13.8, 1,    7122.63,   -1.9,   0.89397, 2,    7122.62, -121.9,   0.89397, 3,    7122.62,  118.1,   0.89397
"SCN_CN15_9127_CEI77A_ATV_S", 13.8, 1,    7121.44,   -1.9,   0.89382, 2,    7121.44, -121.9,   0.89382, 3,    7121.44,  118.1,   0.89382
"SCN_CN15_9060_CEI230_ATV", 13.8, 1,    7122.63,   -1.9,   0.89397, 2,    7122.62, -121.9,   0.89397, 3,    7122.62,  118.1,   0.89397
"SCN_CN15_9484_CEI109", 13.8, 1,    5811.79,   -5.1,   0.72944, 2,    5811.78, -125.1,   0.72944, 3,    5811.78,  114.9,   0.72944
"SCN_CN15_9124_CEI77A_ATV", 13.8, 1,    7123.29,   -1.9,   0.89405, 2,    7123.28, -121.9,   0.89405, 3,    7123.28,  118.1,   0.89405
"SCN_CN15_9123_CEI77A_ATV", 13.8, 1,    7123.38,   -1.9,   0.89406, 2,    7123.38, -121.9,   0.89406, 3,    7123.38,  118.1,   0.89406
"SCN_CN15_9124_CEI77A_ATV_S", 13.8, 1,    7123.29,   -1.9,   0.89405, 2,    7123.28, -121.9,   0.89405, 3,    7123.28,  118.1,   0.89405
"SCN_CN15_9059_CEI230_ATV", 13.8, 1,    7122.76,   -1.9,   0.89398, 2,    7122.76, -121.9,   0.89398, 3,    7122.76,  118.1,   0.89398
"SCN_CN15_9125_CEI77A_ATV", 13.8, 1,    7123.12,   -1.9,   0.89403, 2,    7123.12, -121.9,   0.89403, 3,    7123.12,  118.1,   0.89403
"SCN_CN15_9122_CEI77A_ATV", 13.8, 1,    7124.83,   -1.9,   0.89424, 2,    7124.82, -121.9,   0.89424, 3,    7124.83,  118.1,   0.89424
"SCN_CN15_9121_CEI77A_ATV", 13.8, 1,    7126.33,   -1.9,   0.89443, 2,    7126.32, -121.9,   0.89443, 3,    7126.32,  118.1,   0.89443
"SCN_CN15_9120_CEI77A_ATV", 13.8, 1,    7127.82,   -1.9,   0.89462, 2,    7127.82, -121.9,   0.89462, 3,    7127.82,  118.1,   0.89462
"SCN_CN15_9119_CEI77A_ATV", 13.8, 1,    7129.34,   -1.9,   0.89481, 2,    7129.33, -121.9,   0.89481, 3,    7129.34,  118.1,   0.89481
"SCN_CN15_9118_CEI77A_ATV", 13.8, 1,    7130.49,   -1.9,   0.89496, 2,    7130.49, -121.9,   0.89495, 3,    7130.49,  118.1,   0.89495
"SCN_CN15_9116_CEI77A_ATV", 13.8, 1,    7132.01,   -1.9,   0.89515, 2,    7132.01, -121.9,   0.89514, 3,    7132.01,  118.1,   0.89514
"SCN_CN15_9117_CEI77A_ATV", 13.8, 1,    7132.01,   -1.9,   0.89515, 2,    7132.01, -121.9,   0.89514, 3,    7132.01,  118.1,   0.89514
"SCN_CN15_9116_CEI77A_ATV_S", 13.8, 1,    7132.01,   -1.9,   0.89515, 2,    7132.01, -121.9,   0.89514, 3,    7132.01,  118.1,   0.89514
"SCN_CN15_9111_CEI77A_ATV", 13.8, 1,     7136.4,   -1.9,    0.8957, 2,     7136.4, -121.9,    0.8957, 3,     7136.4,  118.1,    0.8957
"SCN_CN15_9109_CEI77A_ATV", 13.8, 1,    7138.45,   -1.9,   0.89595, 2,    7138.44, -121.9,   0.89595, 3,    7138.44,  118.1,   0.89595
"SCN_CN15_9110_CEI77A_ATV", 13.8, 1,    7138.42,   -1.9,   0.89595, 2,    7138.41, -121.9,   0.89595, 3,    7138.41,  118.1,   0.89595
"SCN_CN15_9108_CEI77A_ATV", 13.8, 1,    7140.29,   -1.9,   0.89618, 2,    7140.29, -121.9,   0.89618, 3,    7140.29,  118.1,   0.89618
"SCN_CN15_9109_CEI77A_ATV_S", 13.8, 1,    7138.45,   -1.9,   0.89595, 2,    7138.44, -121.9,   0.89595, 3,    7138.44,  118.1,   0.89595
"SCN_CN15_9356_CEI065", 13.8, 1,    6348.58,   -3.4,   0.79682, 2,    6348.57, -123.4,   0.79682, 3,    6348.58,  116.6,   0.79682
"SCN_CN15_9357_CEI065", 13.8, 1,    6348.58,   -3.4,   0.79682, 2,    6348.57, -123.4,   0.79682, 3,    6348.58,  116.6,   0.79682
"SCN_CN15_9355_CEI065", 13.8, 1,    6348.58,   -3.4,   0.79682, 2,    6348.57, -123.4,   0.79682, 3,    6348.58,  116.6,   0.79682
"SCN_CN15_9354_CEI065", 13.8, 1,    6348.58,   -3.4,   0.79682, 2,    6348.57, -123.4,   0.79682, 3,    6348.58,  116.6,   0.79682
"SCN_CN15_9362_CEI065", 13.8, 1,    6348.58,   -3.4,   0.79682, 2,    6348.57, -123.4,   0.79682, 3,    6348.58,  116.6,   0.79682
"SCN_CN15_9365_CEI065", 13.8, 1,    6348.58,   -3.4,   0.79682, 2,    6348.57, -123.4,   0.79682, 3,    6348.58,  116.6,   0.79682
"SCN_CN15_9367_CEI065", 13.8, 1,    6348.58,   -3.4,   0.79682, 2,    6348.57, -123.4,   0.79682, 3,    6348.58,  116.6,   0.79682
"SCN_CN15_9368_CEI065", 13.8, 1,    6348.58,   -3.4,   0.79682, 2,    6348.57, -123.4,   0.79682, 3,    6348.58,  116.6,   0.79682
"SCN_CN15_9369_CEI065", 13.8, 1,    6348.58,   -3.4,   0.79682, 2,    6348.57, -123.4,   0.79682, 3,    6348.58,  116.6,   0.79682
"SCN_CN15_9370_CEI065", 13.8, 1,    6348.58,   -3.4,   0.79682, 2,    6348.57, -123.4,   0.79682, 3,    6348.58,  116.6,   0.79682
"SCN_CN15_9371_CEI065", 13.8, 1,    6348.58,   -3.4,   0.79682, 2,    6348.57, -123.4,   0.79682, 3,    6348.58,  116.6,   0.79682
"SCN_CN15_9372_CEI065", 13.8, 1,    6348.58,   -3.4,   0.79682, 2,    6348.57, -123.4,   0.79682, 3,    6348.58,  116.6,   0.79682
"SCN_CN15_9373_CEI065", 13.8, 1,    6348.58,   -3.4,   0.79682, 2,    6348.57, -123.4,   0.79682, 3,    6348.58,  116.6,   0.79682
"SCN_CN15_9374_CEI065", 13.8, 1,    6348.58,   -3.4,   0.79682, 2,    6348.57, -123.4,   0.79682, 3,    6348.58,  116.6,   0.79682
"SCN_CN15_9375_CEI065", 13.8, 1,    6348.58,   -3.4,   0.79682, 2,    6348.57, -123.4,   0.79682, 3,    6348.58,  116.6,   0.79682
"SCN_CN15_9376_CEI065", 13.8, 1,    6348.58,   -3.4,   0.79682, 2,    6348.57, -123.4,   0.79682, 3,    6348.58,  116.6,   0.79682
"SCN_CN15_9377_CEI065", 13.8, 1,    6348.58,   -3.4,   0.79682, 2,    6348.57, -123.4,   0.79682, 3,    6348.58,  116.6,   0.79682
"SCN_CN15_9011_CEI068", 13.8, 1,    6348.58,   -3.4,   0.79682, 2,    6348.57, -123.4,   0.79682, 3,    6348.58,  116.6,   0.79682
"SCN_CN15_9010_CEI068", 13.8, 1,    6348.58,   -3.4,   0.79682, 2,    6348.57, -123.4,   0.79682, 3,    6348.58,  116.6,   0.79682
"SCN_CN15_9021_CEI068", 13.8, 1,    6348.58,   -3.4,   0.79682, 2,    6348.57, -123.4,   0.79682, 3,    6348.58,  116.6,   0.79682
"SCN_CN15_9020_CEI068", 13.8, 1,    6348.58,   -3.4,   0.79682, 2,    6348.57, -123.4,   0.79682, 3,    6348.58,  116.6,   0.79682
"SCN_CN15_9021_CEI068_S", 13.8, 1,    6348.58,   -3.4,   0.79682, 2,    6348.57, -123.4,   0.79682, 3,    6348.58,  116.6,   0.79682
"SCN_CN15_9019_CEI068", 13.8, 1,    6348.58,   -3.4,   0.79682, 2,    6348.57, -123.4,   0.79682, 3,    6348.58,  116.6,   0.79682
"SCN_CN15_9018_CEI068", 13.8, 1,    6348.58,   -3.4,   0.79682, 2,    6348.57, -123.4,   0.79682, 3,    6348.58,  116.6,   0.79682
"SCN_CN15_9017_CEI068", 13.8, 1,    6348.58,   -3.4,   0.79682, 2,    6348.57, -123.4,   0.79682, 3,    6348.58,  116.6,   0.79682
"SCN_CN15_9007_CEI068", 13.8, 1,    6348.58,   -3.4,   0.79682, 2,    6348.57, -123.4,   0.79682, 3,    6348.58,  116.6,   0.79682
"SCN_CN15_9008_CEI068", 13.8, 1,    6348.58,   -3.4,   0.79682, 2,    6348.57, -123.4,   0.79682, 3,    6348.58,  116.6,   0.79682
"SCN_CN15_9035_CEI068", 13.8, 1,    6349.03,   -3.4,   0.79687, 2,    6349.02, -123.4,   0.79687, 3,    6349.03,  116.6,   0.79687
"SCN_CN15_9034_CEI068", 13.8, 1,    6348.98,   -3.4,   0.79687, 2,    6348.97, -123.4,   0.79687, 3,    6348.98,  116.6,   0.79687
"SCN_CN15_9033_CEI068", 13.8, 1,    6348.93,   -3.4,   0.79686, 2,    6348.93, -123.4,   0.79686, 3,    6348.93,  116.6,   0.79686
"SCN_CN15_9032_CEI068", 13.8, 1,    6348.88,   -3.4,   0.79685, 2,    6348.87, -123.4,   0.79685, 3,    6348.88,  116.6,   0.79685
"SCN_CN15_9031_CEI068", 13.8, 1,    6348.83,   -3.4,   0.79685, 2,    6348.82, -123.4,   0.79685, 3,    6348.82,  116.6,   0.79685
"SCN_CN15_9030_CEI068", 13.8, 1,    6348.78,   -3.4,   0.79684, 2,    6348.77, -123.4,   0.79684, 3,    6348.77,  116.6,   0.79684
"SCN_CN15_9029_CEI068", 13.8, 1,    6348.73,   -3.4,   0.79683, 2,    6348.72, -123.4,   0.79683, 3,    6348.72,  116.6,   0.79683
"SCN_CN15_9028_CEI068", 13.8, 1,    6348.68,   -3.4,   0.79683, 2,    6348.67, -123.4,   0.79683, 3,    6348.67,  116.6,   0.79683
"SCN_CN15_9027_CEI068", 13.8, 1,    6348.63,   -3.4,   0.79682, 2,    6348.62, -123.4,   0.79682, 3,    6348.62,  116.6,   0.79682
"SCN_CN15_9026_CEI068", 13.8, 1,    6348.58,   -3.4,   0.79682, 2,    6348.57, -123.4,   0.79682, 3,    6348.58,  116.6,   0.79682
"SCN_CN15_9025_CEI068", 13.8, 1,    6348.58,   -3.4,   0.79682, 2,    6348.57, -123.4,   0.79682, 3,    6348.58,  116.6,   0.79682
"SCN_CN15_9024_CEI068", 13.8, 1,    6348.58,   -3.4,   0.79682, 2,    6348.57, -123.4,   0.79682, 3,    6348.58,  116.6,   0.79682
"SCN_CN15_9013_CEI120", 13.8, 1,    5954.54,   -4.5,   0.74736, 2,    5954.53, -124.5,   0.74736, 3,    5954.53,  115.5,   0.74736
"SCN_CN15_9014_CEI120_S", 13.8, 1,    5954.21,   -4.5,   0.74732, 2,     5954.2, -124.5,   0.74732, 3,     5954.2,  115.5,   0.74732
"SCN_CN15_9009_CEI120", 13.8, 1,    5956.77,   -4.5,   0.74764, 2,    5956.75, -124.5,   0.74764, 3,    5956.76,  115.5,   0.74764
"SCN_CN15_9013_CEI120_S", 13.8, 1,    5954.54,   -4.5,   0.74736, 2,    5954.53, -124.5,   0.74736, 3,    5954.53,  115.5,   0.74736
"SCN_CN15_9009_CEI120_S", 13.8, 1,    5956.77,   -4.5,   0.74764, 2,    5956.75, -124.5,   0.74764, 3,    5956.76,  115.5,   0.74764
"SCN_CN15_9162_CEI220_ATV", 13.8, 1,    5954.99,   -4.5,   0.74742, 2,    5954.98, -124.5,   0.74741, 3,    5954.98,  115.5,   0.74742
"SCN_CN15_9008_CEI120", 13.8, 1,     5952.2,   -4.5,   0.74707, 2,    5952.19, -124.5,   0.74706, 3,    5952.19,  115.5,   0.74706
"SCN_CN15_9003_CEI134A_ATV", 13.8, 1,    5897.11,   -4.7,   0.74015, 2,    5897.09, -124.7,   0.74015, 3,     5897.1,  115.3,   0.74015
"SCN_CN15_9001_CEI134A_ATV", 13.8, 1,    5896.95,   -4.7,   0.74013, 2,    5896.94, -124.7,   0.74013, 3,    5896.95,  115.3,   0.74013
"SCN_CN15_9007_CEI134_ATV", 13.8, 1,    5896.89,   -4.7,   0.74012, 2,    5896.87, -124.7,   0.74012, 3,    5896.88,  115.3,   0.74012
"SCN_CN15_9002_CEI134A_ATV", 13.8, 1,    5896.66,   -4.7,    0.7401, 2,    5896.65, -124.7,   0.74009, 3,    5896.65,  115.3,   0.74009
"SCN_CN15_9003_CEI160A_ATV", 13.8, 1,    5896.54,   -4.7,   0.74008, 2,    5896.52, -124.7,   0.74008, 3,    5896.53,  115.3,   0.74008
"SCN_CN15_9002_CEI160A_ATV", 13.8, 1,    5896.49,   -4.7,   0.74007, 2,    5896.48, -124.7,   0.74007, 3,    5896.48,  115.3,   0.74007
"SCN_CN15_9001_CEI160A_ATV", 13.8, 1,    5896.46,   -4.7,   0.74007, 2,    5896.45, -124.7,   0.74007, 3,    5896.45,  115.3,   0.74007
"SCN_CN15_9008_CEI121", 13.8, 1,    5896.42,   -4.7,   0.74007, 2,    5896.41, -124.7,   0.74006, 3,    5896.41,  115.3,   0.74006
"SCN_CN15_9009_CEI121", 13.8, 1,    5896.41,   -4.7,   0.74006, 2,     5896.4, -124.7,   0.74006, 3,     5896.4,  115.3,   0.74006
"SCN_CN15_9010_CEI121", 13.8, 1,     5896.4,   -4.7,   0.74006, 2,    5896.39, -124.7,   0.74006, 3,    5896.39,  115.3,   0.74006
"SCN_CN15_9007_CEI120", 13.8, 1,    5949.25,   -4.5,    0.7467, 2,    5949.24, -124.5,   0.74669, 3,    5949.24,  115.5,    0.7467
"SCN_CN15_9007_CEI121", 13.8, 1,     5896.4,   -4.7,   0.74006, 2,    5896.38, -124.7,   0.74006, 3,    5896.39,  115.3,   0.74006
"SCN_CN15_9006_CEI121", 13.8, 1,    5896.37,   -4.7,   0.74006, 2,    5896.36, -124.7,   0.74006, 3,    5896.36,  115.3,   0.74006
"SCN_CN15_9005_CEI121", 13.8, 1,    5896.36,   -4.7,   0.74006, 2,    5896.34, -124.7,   0.74006, 3,    5896.35,  115.3,   0.74006
"SCN_CN15_9004_CEI121", 13.8, 1,    5896.35,   -4.7,   0.74006, 2,    5896.33, -124.7,   0.74005, 3,    5896.34,  115.3,   0.74005
"SCN_CN15_9003_CEI121", 13.8, 1,    5896.33,   -4.7,   0.74005, 2,    5896.32, -124.7,   0.74005, 3,    5896.32,  115.3,   0.74005
"SCN_CN15_9006_CEI120", 13.8, 1,    5946.12,   -4.6,    0.7463, 2,    5946.11, -124.6,    0.7463, 3,    5946.11,  115.4,    0.7463
"SCN_CN15_9004_CEI120", 13.8, 1,    5942.97,   -4.6,   0.74591, 2,    5942.96, -124.6,   0.74591, 3,    5942.96,  115.4,   0.74591
"SCN_CN15_9003_CEI120", 13.8, 1,     5939.7,   -4.6,    0.7455, 2,    5939.69, -124.6,    0.7455, 3,    5939.69,  115.4,    0.7455
"SCN_CN15_9110_CEI201_ATV", 13.8, 1,     6027.7,   -4.1,   0.75654, 2,    6027.68, -124.1,   0.75654, 3,    6027.68,  115.9,   0.75654
"SCN_CN15_9002_CEI120", 13.8, 1,    5937.04,   -4.6,   0.74516, 2,    5937.03, -124.6,   0.74516, 3,    5937.03,  115.4,   0.74516
"SCN_CN15_9004_CEI160A_ATV", 13.8, 1,    5875.18,   -4.8,    0.7374, 2,    5875.17, -124.8,    0.7374, 3,    5875.17,  115.2,    0.7374
"SCN_CN15_9005_CEI160A_ATV", 13.8, 1,    5875.19,   -4.8,    0.7374, 2,    5875.18, -124.8,    0.7374, 3,    5875.18,  115.2,    0.7374
"SCN_CN15_9006_CEI160A_ATV", 13.8, 1,     5875.2,   -4.8,    0.7374, 2,    5875.19, -124.8,    0.7374, 3,    5875.19,  115.2,    0.7374
"SCN_CN15_9007_CEI160A_ATV", 13.8, 1,    5875.22,   -4.8,    0.7374, 2,     5875.2, -124.8,    0.7374, 3,    5875.21,  115.2,    0.7374
"SCN_CN15_9008_CEI160A_ATV", 13.8, 1,    5875.23,   -4.8,   0.73741, 2,    5875.21, -124.8,    0.7374, 3,    5875.22,  115.2,    0.7374
"SCN_CN15_9004_CEI134B_ATV", 13.8, 1,    5875.27,   -4.8,   0.73741, 2,    5875.25, -124.8,   0.73741, 3,    5875.26,  115.2,   0.73741
"SCN_CN15_9001_CEI120", 13.8, 1,    5933.75,   -4.6,   0.74475, 2,    5933.74, -124.6,   0.74475, 3,    5933.74,  115.4,   0.74475
"SCN_CN15_9005_CEI134B_ATV", 13.8, 1,    5875.29,   -4.8,   0.73741, 2,    5875.27, -124.8,   0.73741, 3,    5875.28,  115.2,   0.73741
"SCN_CN15_9008_CEI134B_ATV", 13.8, 1,    5875.31,   -4.8,   0.73742, 2,     5875.3, -124.8,   0.73741, 3,     5875.3,  115.2,   0.73741
"SCN_CN15_9007_CEI134B_ATV", 13.8, 1,    5875.31,   -4.8,   0.73742, 2,     5875.3, -124.8,   0.73741, 3,     5875.3,  115.2,   0.73741
"SCN_CN15_9006_CEI134B_ATV", 13.8, 1,    5875.31,   -4.8,   0.73742, 2,     5875.3, -124.8,   0.73741, 3,     5875.3,  115.2,   0.73741
"SCN_CN15_9008_CEI134B_ATV_S", 13.8, 1,    5875.31,   -4.8,   0.73742, 2,     5875.3, -124.8,   0.73741, 3,     5875.3,  115.2,   0.73741
"SCN_CN15_9009_CEI134B_ATV", 13.8, 1,    5875.34,   -4.8,   0.73742, 2,    5875.33, -124.8,   0.73742, 3,    5875.33,  115.2,   0.73742
"SCN_CN15_9038_CEIRJ006_ATV", 13.8, 1,    7140.52,   -1.9,   0.89621, 2,    7140.51, -121.9,   0.89621, 3,    7140.52,  118.1,   0.89621
"SCN_CN15_9013_CEI201_ATV", 13.8, 1,    5803.37,   -5.1,   0.72839, 2,    5803.36, -125.1,   0.72839, 3,    5803.36,  114.9,   0.72839
"SCN_CN15_9105_CEI77A_ATV", 13.8, 1,    7144.16,   -1.9,   0.89667, 2,    7144.16, -121.9,   0.89667, 3,    7144.16,  118.1,   0.89667
"SCN_CN15_9106_CEI77A_ATV_S", 13.8, 1,    7140.74,   -1.9,   0.89624, 2,    7140.73, -121.9,   0.89624, 3,    7140.73,  118.1,   0.89624
"SCN_CN15_9490_CEI109", 13.8, 1,     5811.5,   -5.1,   0.72941, 2,    5811.48, -125.1,    0.7294, 3,    5811.49,  114.9,   0.72941
"SCN_CN15_9104_CEI77A_ATV_S", 13.8, 1,    7147.58,   -1.9,    0.8971, 2,    7147.58, -121.9,    0.8971, 3,    7147.58,  118.1,    0.8971
"SCN_CN15_9006_CEI077_ATV", 13.8, 1,    7038.29,   -2.1,   0.88338, 2,    7038.28, -122.1,   0.88338, 3,    7038.28,  117.9,   0.88338
"SCN_CN15_9007_CEI077_ATV", 13.8, 1,    7037.95,   -2.1,   0.88334, 2,    7037.94, -122.1,   0.88334, 3,    7037.95,  117.9,   0.88334
"SCN_CN15_9004_CEI077_ATV", 13.8, 1,    7039.34,   -2.1,   0.88351, 2,    7039.33, -122.1,   0.88351, 3,    7039.33,  117.9,   0.88351
"SCN_CN15_9005_CEI077_ATV_S", 13.8, 1,    7038.62,   -2.1,   0.88342, 2,    7038.61, -122.1,   0.88342, 3,    7038.61,  117.9,   0.88342
"SCN_CN15_9003_CEI077_ATV", 13.8, 1,     7040.2,   -2.1,   0.88362, 2,    7040.19, -122.1,   0.88362, 3,     7040.2,  117.9,   0.88362
"SCN_CN15_9002_CEI077_ATV_S", 13.8, 1,    7040.93,   -2.1,   0.88371, 2,    7040.92, -122.1,   0.88371, 3,    7040.93,  117.9,   0.88371
"SCN_CN15_9094_CEI072_S", 13.8, 1,    6986.18,   -2.2,   0.87684, 2,    6986.18, -122.2,   0.87684, 3,    6986.18,  117.8,   0.87684
"SCN_CN15_9093_CEI072_S", 13.8, 1,    6959.27,   -2.3,   0.87346, 2,    6959.26, -122.3,   0.87346, 3,    6959.27,  117.7,   0.87346
"SCN_CN15_9095_CEI072", 13.8, 1,    6949.39,   -2.3,   0.87222, 2,    6949.38, -122.3,   0.87222, 3,    6949.38,  117.7,   0.87222
"SCN_CN15_9096_CEI072", 13.8, 1,    6949.21,   -2.3,    0.8722, 2,     6949.2, -122.3,    0.8722, 3,     6949.2,  117.7,    0.8722
"SCN_CN15_9097_CEI072", 13.8, 1,    6949.03,   -2.3,   0.87218, 2,    6949.03, -122.3,   0.87218, 3,    6949.03,  117.7,   0.87218
"SCN_CN15_9098_CEI072", 13.8, 1,    6948.85,   -2.3,   0.87216, 2,    6948.85, -122.3,   0.87216, 3,    6948.85,  117.7,   0.87216
"SCN_CN15_9099_CEI072", 13.8, 1,    6948.76,   -2.3,   0.87214, 2,    6948.75, -122.3,   0.87214, 3,    6948.75,  117.7,   0.87214
"SCN_CN15_9102_CEI220_ATV", 13.8, 1,     5951.9,   -4.5,   0.74703, 2,    5951.89, -124.5,   0.74703, 3,    5951.89,  115.5,   0.74703
"SCN_CN15_9038_CEI148_ATV", 13.8, 1,    6030.15,   -4.1,   0.75685, 2,    6030.13, -124.1,   0.75685, 3,    6030.14,  115.9,   0.75685
"SCN_CN15_9012_CEIRJ013_ATV", 13.8, 1,    6030.15,   -4.1,   0.75685, 2,    6030.13, -124.1,   0.75685, 3,    6030.14,  115.9,   0.75685
"SCN_CN15_9361_CEI109", 13.8, 1,    5803.86,   -5.1,   0.72845, 2,    5803.85, -125.1,   0.72845, 3,    5803.86,  114.9,   0.72845
"SCN_CN15_9010_CEI134B_ATV", 13.8, 1,    5875.32,   -4.8,   0.73742, 2,    5875.31, -124.8,   0.73742, 3,    5875.31,  115.2,   0.73742
"SCN_CN15_9011_CEI134B_ATV", 13.8, 1,    5875.28,   -4.8,   0.73741, 2,    5875.27, -124.8,   0.73741, 3,    5875.27,  115.2,   0.73741
"SCN_CN15_9009_CEI134B_ATV_S", 13.8, 1,    5875.34,   -4.8,   0.73742, 2,    5875.33, -124.8,   0.73742, 3,    5875.33,  115.2,   0.73742
"SCN_CN15_9012_CEI134B_ATV", 13.8, 1,    5875.41,   -4.8,   0.73743, 2,     5875.4, -124.8,   0.73743, 3,     5875.4,  115.2,   0.73743
"SCN_CN15_9013_CEI134B_ATV", 13.8, 1,    5875.46,   -4.8,   0.73743, 2,    5875.45, -124.8,   0.73743, 3,    5875.45,  115.2,   0.73743
"SCN_CN15_9008_CEI134C_ATV", 13.8, 1,    5875.44,   -4.8,   0.73743, 2,    5875.43, -124.8,   0.73743, 3,    5875.43,  115.2,   0.73743
"SCN_CN15_9021_CEI109", 13.8, 1,     5929.6,   -4.6,   0.74423, 2,    5929.58, -124.6,   0.74423, 3,    5929.59,  115.4,   0.74423
"SCN_CN15_9009_CEI134C_ATV", 13.8, 1,    5875.41,   -4.8,   0.73743, 2,     5875.4, -124.8,   0.73743, 3,     5875.4,  115.2,   0.73743
"SCN_CN15_9010_CEI134C_ATV", 13.8, 1,    5875.39,   -4.8,   0.73743, 2,    5875.38, -124.8,   0.73742, 3,    5875.38,  115.2,   0.73742
"SCN_CN15_9013_CEI134B_ATV_S", 13.8, 1,    5875.46,   -4.8,   0.73743, 2,    5875.45, -124.8,   0.73743, 3,    5875.45,  115.2,   0.73743
"SCN_CN15_9006_CEI134C_ATV", 13.8, 1,    5875.52,   -4.8,   0.73744, 2,    5875.51, -124.8,   0.73744, 3,    5875.51,  115.2,   0.73744
"SCN_CN15_9005_CEI134C_ATV", 13.8, 1,    5875.56,   -4.8,   0.73745, 2,    5875.55, -124.8,   0.73745, 3,    5875.55,  115.2,   0.73745
"SCN_CN15_9004_CEI134C_ATV", 13.8, 1,    5875.68,   -4.8,   0.73746, 2,    5875.66, -124.8,   0.73746, 3,    5875.66,  115.2,   0.73746
"SCN_CN15_9003_CEI134C_ATV", 13.8, 1,    5875.79,   -4.8,   0.73748, 2,    5875.77, -124.8,   0.73747, 3,    5875.78,  115.2,   0.73747
"SCN_CN15_9001_CEI134C_ATV", 13.8, 1,    5875.88,   -4.8,   0.73749, 2,    5875.87, -124.8,   0.73749, 3,    5875.87,  115.2,   0.73749
"SCN_CN15_9001_CEI134C_ATV_S", 13.8, 1,    5875.88,   -4.8,   0.73749, 2,    5875.87, -124.8,   0.73749, 3,    5875.87,  115.2,   0.73749
"SCN_CN15_9002_CEI134C_ATV", 13.8, 1,    5875.96,   -4.8,    0.7375, 2,    5875.95, -124.8,    0.7375, 3,    5875.95,  115.2,    0.7375
"SCN_CN15_9038_CEI134B_ATV", 13.8, 1,    5876.06,   -4.8,   0.73751, 2,    5876.04, -124.8,   0.73751, 3,    5876.05,  115.2,   0.73751
"SCN_CN15_9027_CEI134C_ATV", 13.8, 1,    5873.48,   -4.8,   0.73719, 2,    5873.47, -124.8,   0.73718, 3,    5873.47,  115.2,   0.73719
"SCN_CN15_9028_CEI134C_ATV", 13.8, 1,    5873.38,   -4.8,   0.73717, 2,    5873.37, -124.8,   0.73717, 3,    5873.37,  115.2,   0.73717
"SCN_CN15_9020_CEI109", 13.8, 1,    5927.22,   -4.6,   0.74393, 2,    5927.21, -124.6,   0.74393, 3,    5927.21,  115.4,   0.74393
"SCN_CN15_9026_CEI134C_ATV", 13.8, 1,    5873.61,   -4.8,    0.7372, 2,    5873.59, -124.8,    0.7372, 3,     5873.6,  115.2,    0.7372
"SCN_CN15_9025_CEI134C_ATV", 13.8, 1,    5873.71,   -4.8,   0.73722, 2,     5873.7, -124.8,   0.73721, 3,     5873.7,  115.2,   0.73721
"SCN_CN15_9029_CEI134C_ATV", 13.8, 1,    5873.62,   -4.8,    0.7372, 2,    5873.61, -124.8,    0.7372, 3,    5873.61,  115.2,    0.7372
"SCN_CN15_9030_CEI134C_ATV", 13.8, 1,    5873.54,   -4.8,   0.73719, 2,    5873.53, -124.8,   0.73719, 3,    5873.53,  115.2,   0.73719
"SCN_CN15_9017_CEI134C_ATV", 13.8, 1,    5874.12,   -4.8,   0.73727, 2,    5874.11, -124.8,   0.73727, 3,    5874.11,  115.2,   0.73727
"SCN_CN15_9025_CEI134C_ATV_S", 13.8, 1,    5873.71,   -4.8,   0.73722, 2,     5873.7, -124.8,   0.73721, 3,     5873.7,  115.2,   0.73721
"SCN_CN15_9018_CEI134C_ATV", 13.8, 1,    5873.93,   -4.8,   0.73724, 2,    5873.92, -124.8,   0.73724, 3,    5873.92,  115.2,   0.73724
"SCN_CN15_9019_CEI134C_ATV_S", 13.8, 1,    5873.77,   -4.8,   0.73722, 2,    5873.76, -124.8,   0.73722, 3,    5873.76,  115.2,   0.73722
"SCN_CN15_9017_CEI134C_ATV_S", 13.8, 1,    5874.12,   -4.8,   0.73727, 2,    5874.11, -124.8,   0.73727, 3,    5874.11,  115.2,   0.73727
"SCN_CN15_9031_CEI134C_ATV", 13.8, 1,    5874.47,   -4.8,   0.73731, 2,    5874.46, -124.8,   0.73731, 3,    5874.46,  115.2,   0.73731
"SCN_CN15_9031_CEI134C_ATV_S", 13.8, 1,    5874.47,   -4.8,   0.73731, 2,    5874.46, -124.8,   0.73731, 3,    5874.46,  115.2,   0.73731
"SCN_CN15_9032_CEI134C_ATV", 13.8, 1,    5874.76,   -4.8,   0.73735, 2,    5874.74, -124.8,   0.73734, 3,    5874.75,  115.2,   0.73734
"SCN_CN15_9033_CEI134C_ATV", 13.8, 1,    5875.67,   -4.8,   0.73746, 2,    5875.66, -124.8,   0.73746, 3,    5875.66,  115.2,   0.73746
"SCN_CN15_9019_CEI109", 13.8, 1,    5924.99,   -4.6,   0.74365, 2,    5924.98, -124.6,   0.74365, 3,    5924.98,  115.4,   0.74365
"SCN_CN15_9037_CEI134B_ATV", 13.8, 1,    5876.02,   -4.8,   0.73751, 2,    5876.01, -124.8,    0.7375, 3,    5876.01,  115.2,    0.7375
"SCN_CN15_9032_CEI134B_ATV", 13.8, 1,    5876.56,   -4.8,   0.73757, 2,    5876.55, -124.8,   0.73757, 3,    5876.55,  115.2,   0.73757
"SCN_CN15_9038_CEI134B_ATV_S", 13.8, 1,    5876.06,   -4.8,   0.73751, 2,    5876.04, -124.8,   0.73751, 3,    5876.05,  115.2,   0.73751
"SCN_CN15_9033_CEI134B_ATV", 13.8, 1,    5876.53,   -4.8,   0.73757, 2,    5876.52, -124.8,   0.73757, 3,    5876.52,  115.2,   0.73757
"SCN_CN15_9034_CEI134B_ATV", 13.8, 1,     5876.5,   -4.8,   0.73757, 2,    5876.49, -124.8,   0.73756, 3,    5876.49,  115.2,   0.73756
"SCN_CN15_9035_CEI134B_ATV", 13.8, 1,    5876.47,   -4.8,   0.73756, 2,    5876.46, -124.8,   0.73756, 3,    5876.46,  115.2,   0.73756
"SCN_CN15_9036_CEI134B_ATV", 13.8, 1,    5876.44,   -4.8,   0.73756, 2,    5876.43, -124.8,   0.73756, 3,    5876.43,  115.2,   0.73756
"SCN_CN15_9016_CEI134C_ATV", 13.8, 1,    5874.44,   -4.8,   0.73731, 2,    5874.43, -124.8,    0.7373, 3,    5874.43,  115.2,    0.7373
"SCN_CN15_9011_CEI134C_ATV", 13.8, 1,    5874.41,   -4.8,    0.7373, 2,     5874.4, -124.8,    0.7373, 3,     5874.4,  115.2,    0.7373
"SCN_CN15_9018_CEI109", 13.8, 1,    5922.69,   -4.6,   0.74336, 2,    5922.68, -124.6,   0.74336, 3,    5922.68,  115.4,   0.74336
"SCN_CN15_9012_CEI134C_ATV", 13.8, 1,    5874.39,   -4.8,    0.7373, 2,    5874.37, -124.8,    0.7373, 3,    5874.38,  115.2,    0.7373
"SCN_CN15_9013_CEI134C_ATV", 13.8, 1,    5874.37,   -4.8,    0.7373, 2,    5874.36, -124.8,    0.7373, 3,    5874.36,  115.2,    0.7373
"SCN_CN15_9014_CEI134C_ATV", 13.8, 1,    5874.31,   -4.8,   0.73729, 2,     5874.3, -124.8,   0.73729, 3,     5874.3,  115.2,   0.73729
"SCN_CN15_9031_CEI134B_ATV", 13.8, 1,    5877.36,   -4.7,   0.73767, 2,    5877.35, -124.7,   0.73767, 3,    5877.35,  115.3,   0.73767
"SCN_CN15_9032_CEI134B_ATV_S", 13.8, 1,    5876.56,   -4.8,   0.73757, 2,    5876.55, -124.8,   0.73757, 3,    5876.55,  115.2,   0.73757
"SCN_CN15_9019_CEI134B_ATV", 13.8, 1,    5877.66,   -4.7,   0.73771, 2,    5877.64, -124.7,   0.73771, 3,    5877.65,  115.3,   0.73771
"SCN_CN15_9020_CEI134B_ATV", 13.8, 1,    5877.62,   -4.7,    0.7377, 2,     5877.6, -124.7,    0.7377, 3,    5877.61,  115.3,    0.7377
"SCN_CN15_9021_CEI134B_ATV", 13.8, 1,    5877.57,   -4.7,    0.7377, 2,    5877.56, -124.7,    0.7377, 3,    5877.56,  115.3,    0.7377
"SCN_CN15_9022_CEI134B_ATV", 13.8, 1,    5877.52,   -4.7,   0.73769, 2,    5877.51, -124.7,   0.73769, 3,    5877.51,  115.3,   0.73769
"SCN_CN15_9023_CEI134B_ATV", 13.8, 1,    5877.47,   -4.7,   0.73769, 2,    5877.46, -124.7,   0.73769, 3,    5877.46,  115.3,   0.73769
"SCN_CN15_9017_CEI109_S", 13.8, 1,    5920.56,   -4.6,   0.74309, 2,    5920.55, -124.6,   0.74309, 3,    5920.55,  115.4,   0.74309
"SCN_CN15_9025_CEI134B_ATV", 13.8, 1,     5877.4,   -4.7,   0.73768, 2,    5877.39, -124.7,   0.73768, 3,    5877.39,  115.3,   0.73768
"SCN_CN15_9018_CEI134B_ATV", 13.8, 1,       5878,   -4.7,   0.73775, 2,    5877.99, -124.7,   0.73775, 3,    5877.99,  115.3,   0.73775
"SCN_CN15_9019_CEI134B_ATV_S", 13.8, 1,    5877.66,   -4.7,   0.73771, 2,    5877.64, -124.7,   0.73771, 3,    5877.65,  115.3,   0.73771
"SCN_CN15_9017_CEI134B_ATV", 13.8, 1,    5878.61,   -4.7,   0.73783, 2,    5878.59, -124.7,   0.73783, 3,     5878.6,  115.3,   0.73783
"SCN_CN15_9030_CEI134B_ATV", 13.8, 1,    5878.57,   -4.7,   0.73782, 2,    5878.55, -124.7,   0.73782, 3,    5878.56,  115.3,   0.73782
"SCN_CN15_9029_CEI134B_ATV", 13.8, 1,    5878.53,   -4.7,   0.73782, 2,    5878.52, -124.7,   0.73782, 3,    5878.52,  115.3,   0.73782
"SCN_CN15_9016_CEI134B_ATV", 13.8, 1,    5878.96,   -4.7,   0.73787, 2,    5878.95, -124.7,   0.73787, 3,    5878.95,  115.3,   0.73787
"SCN_CN15_9017_CEI134B_ATV_S", 13.8, 1,    5878.61,   -4.7,   0.73783, 2,    5878.59, -124.7,   0.73783, 3,     5878.6,  115.3,   0.73783
"SCN_CN15_9015_CEI134B_ATV", 13.8, 1,    5879.46,   -4.7,   0.73794, 2,    5879.45, -124.7,   0.73794, 3,    5879.45,  115.3,   0.73794
"SCN_CN15_9015_CEI134_ATV", 13.8, 1,    5880.83,   -4.7,   0.73811, 2,    5880.81, -124.7,   0.73811, 3,    5880.82,  115.3,   0.73811
"SCN_CN15_9016_CEI134_ATV", 13.8, 1,    5881.35,   -4.7,   0.73817, 2,    5881.34, -124.7,   0.73817, 3,    5881.34,  115.3,   0.73817
"SCN_CN15_9022_CEI109", 13.8, 1,    5920.38,   -4.6,   0.74307, 2,    5920.37, -124.6,   0.74307, 3,    5920.37,  115.4,   0.74307
"SCN_CN15_9016_CEI134_ATV_S", 13.8, 1,    5881.35,   -4.7,   0.73817, 2,    5881.34, -124.7,   0.73817, 3,    5881.34,  115.3,   0.73817
"SCN_CN15_9018_CEI134_ATV", 13.8, 1,    5882.62,   -4.7,   0.73833, 2,    5882.61, -124.7,   0.73833, 3,    5882.61,  115.3,   0.73833
"SCN_CN15_9019_CEI134_ATV", 13.8, 1,    5883.44,   -4.7,   0.73844, 2,    5883.43, -124.7,   0.73843, 3,    5883.43,  115.3,   0.73844
"SCN_CN15_9020_CEI134_ATV", 13.8, 1,    5883.95,   -4.7,    0.7385, 2,    5883.94, -124.7,    0.7385, 3,    5883.94,  115.3,    0.7385
"SCN_CN15_9021_CEI134_ATV", 13.8, 1,    5884.92,   -4.7,   0.73862, 2,    5884.91, -124.7,   0.73862, 3,    5884.91,  115.3,   0.73862
"SCN_CN15_9022_CEI134_ATV", 13.8, 1,     5885.4,   -4.7,   0.73868, 2,    5885.39, -124.7,   0.73868, 3,    5885.39,  115.3,   0.73868
"SCN_CN15_9024_CEI134_ATV", 13.8, 1,    5885.94,   -4.7,   0.73875, 2,    5885.93, -124.7,   0.73875, 3,    5885.93,  115.3,   0.73875
"SCN_CN15_9024_CEI134_ATV_S", 13.8, 1,    5885.94,   -4.7,   0.73875, 2,    5885.93, -124.7,   0.73875, 3,    5885.93,  115.3,   0.73875
"SCN_CN15_9023_CEI134A_ATV", 13.8, 1,    5886.78,   -4.7,   0.73885, 2,    5886.76, -124.7,   0.73885, 3,    5886.77,  115.3,   0.73885
"SCN_CN15_9021_CEI134A_ATV", 13.8, 1,    5888.37,   -4.7,   0.73906, 2,    5888.36, -124.7,   0.73905, 3,    5888.36,  115.3,   0.73905
"SCN_CN15_9016_CEI134A_ATV", 13.8, 1,    5889.07,   -4.7,   0.73914, 2,    5889.05, -124.7,   0.73914, 3,    5889.06,  115.3,   0.73914
"SCN_CN15_9015_CEI134A_ATV", 13.8, 1,    5890.01,   -4.7,   0.73926, 2,       5890, -124.7,   0.73926, 3,       5890,  115.3,   0.73926
"SCN_CN15_9016_CEI134A_ATV_S", 13.8, 1,    5889.07,   -4.7,   0.73914, 2,    5889.05, -124.7,   0.73914, 3,    5889.06,  115.3,   0.73914
"SCN_CN15_9023_CEI109_S", 13.8, 1,     5920.2,   -4.7,   0.74305, 2,    5920.19, -124.7,   0.74305, 3,     5920.2,  115.3,   0.74305
"SCN_CN15_9014_CEI134A_ATV", 13.8, 1,    5890.86,   -4.7,   0.73937, 2,    5890.85, -124.7,   0.73937, 3,    5890.85,  115.3,   0.73937
"SCN_CN15_9013_CEI134A_ATV", 13.8, 1,    5891.94,   -4.7,    0.7395, 2,    5891.93, -124.7,    0.7395, 3,    5891.93,  115.3,    0.7395
"SCN_CN15_9012_CEI134A_ATV", 13.8, 1,    5892.63,   -4.7,   0.73959, 2,    5892.62, -124.7,   0.73959, 3,    5892.62,  115.3,   0.73959
"SCN_CN15_9024_CEI109", 13.8, 1,    5920.19,   -4.7,   0.74305, 2,    5920.18, -124.7,   0.74305, 3,    5920.18,  115.3,   0.74305
"SCN_CN15_9023_CEI109", 13.8, 1,     5920.2,   -4.7,   0.74305, 2,    5920.19, -124.7,   0.74305, 3,     5920.2,  115.3,   0.74305
"SCN_CN15_9011_CEI134A_ATV", 13.8, 1,    5893.35,   -4.7,   0.73968, 2,    5893.34, -124.7,   0.73968, 3,    5893.34,  115.3,   0.73968
"SCN_CN15_9010_CEI134A_ATV", 13.8, 1,    5894.26,   -4.7,   0.73979, 2,    5894.24, -124.7,   0.73979, 3,    5894.25,  115.3,   0.73979
"SCN_CN15_9010_CEI134_ATV", 13.8, 1,    5895.74,   -4.7,   0.73998, 2,    5895.72, -124.7,   0.73998, 3,    5895.73,  115.3,   0.73998
"SCN_CN15_9012_CEI134_ATV", 13.8, 1,    5896.32,   -4.7,   0.74005, 2,    5896.31, -124.7,   0.74005, 3,    5896.31,  115.3,   0.74005
"SCN_CN15_9007_CEI134A_ATV", 13.8, 1,    5896.66,   -4.7,    0.7401, 2,    5896.65, -124.7,   0.74009, 3,    5896.65,  115.3,   0.74009
"SCN_CN15_9008_CEI134A_ATV", 13.8, 1,    5896.65,   -4.7,   0.74009, 2,    5896.63, -124.7,   0.74009, 3,    5896.64,  115.3,   0.74009
"SCN_CN15_9025_CEI109", 13.8, 1,     5920.2,   -4.7,   0.74305, 2,    5920.19, -124.7,   0.74305, 3,     5920.2,  115.3,   0.74305
"SCN_CN15_9005_CEI134A_ATV", 13.8, 1,    5897.19,   -4.7,   0.74016, 2,    5897.18, -124.7,   0.74016, 3,    5897.18,  115.3,   0.74016
"SCN_CN15_9007_CEI134A_ATV_S", 13.8, 1,    5896.66,   -4.7,    0.7401, 2,    5896.65, -124.7,   0.74009, 3,    5896.65,  115.3,   0.74009
"SCN_CN15_9014_CEI134_ATV", 13.8, 1,    5897.16,   -4.7,   0.74016, 2,    5897.15, -124.7,   0.74016, 3,    5897.15,  115.3,   0.74016
"SCN_CN15_9006_CEI134A_ATV", 13.8, 1,    5897.19,   -4.7,   0.74016, 2,    5897.17, -124.7,   0.74016, 3,    5897.18,  115.3,   0.74016
"SCN_CN15_9005_CEI134A_ATV_S", 13.8, 1,    5897.19,   -4.7,   0.74016, 2,    5897.18, -124.7,   0.74016, 3,    5897.18,  115.3,   0.74016
"SCN_CN15_9017_CEI134A_ATV", 13.8, 1,    5889.03,   -4.7,   0.73914, 2,    5889.02, -124.7,   0.73914, 3,    5889.02,  115.3,   0.73914
"SCN_CN15_9018_CEI134A_ATV", 13.8, 1,    5888.98,   -4.7,   0.73913, 2,    5888.97, -124.7,   0.73913, 3,    5888.97,  115.3,   0.73913
"SCN_CN15_9020_CEI134A_ATV", 13.8, 1,    5888.95,   -4.7,   0.73913, 2,    5888.94, -124.7,   0.73913, 3,    5888.94,  115.3,   0.73913
"SCN_CN15_9083_CEI131_ATV", 13.8, 1,    5905.93,   -4.6,   0.74126, 2,    5905.91, -124.6,   0.74126, 3,    5905.92,  115.4,   0.74126
"SCN_CN15_9084_CEI131_ATV", 13.8, 1,    5905.41,   -4.6,   0.74119, 2,     5905.4, -124.6,   0.74119, 3,     5905.4,  115.4,   0.74119
"SCN_CN15_9085_CEI131_ATV", 13.8, 1,    5904.49,   -4.6,   0.74108, 2,    5904.48, -124.6,   0.74108, 3,    5904.48,  115.4,   0.74108
"SCN_CN15_9026_CEI109", 13.8, 1,     5920.2,   -4.7,   0.74305, 2,    5920.19, -124.7,   0.74305, 3,     5920.2,  115.3,   0.74305
"SCN_CN15_9057_CEI220_ATV", 13.8, 1,    5903.74,   -4.7,   0.74098, 2,    5903.73, -124.7,   0.74098, 3,    5903.73,  115.3,   0.74098
"SCN_CN15_9056_CEI109", 13.8, 1,    5903.37,   -4.7,   0.74094, 2,    5903.36, -124.7,   0.74094, 3,    5903.36,  115.3,   0.74094
"SCN_CN15_9056_CEI220_ATV", 13.8, 1,    5903.05,   -4.7,    0.7409, 2,    5903.04, -124.7,    0.7409, 3,    5903.04,  115.3,    0.7409
"SCN_CN15_9052_CEI109", 13.8, 1,    5902.76,   -4.7,   0.74086, 2,    5902.74, -124.7,   0.74086, 3,    5902.75,  115.3,   0.74086
"SCN_CN15_9049_CEI109", 13.8, 1,    5902.51,   -4.7,   0.74083, 2,     5902.5, -124.7,   0.74083, 3,     5902.5,  115.3,   0.74083
"SCN_CN15_9048_CEI109", 13.8, 1,    5902.26,   -4.7,    0.7408, 2,    5902.25, -124.7,    0.7408, 3,    5902.25,  115.3,    0.7408
"SCN_CN15_9047_CEI109", 13.8, 1,    5902.01,   -4.7,   0.74077, 2,       5902, -124.7,   0.74077, 3,       5902,  115.3,   0.74077
"SCN_CN15_9046_CEI109", 13.8, 1,    5901.83,   -4.7,   0.74074, 2,    5901.82, -124.7,   0.74074, 3,    5901.82,  115.3,   0.74074
"SCN_CN15_9045_CEI109", 13.8, 1,    5901.65,   -4.7,   0.74072, 2,    5901.64, -124.7,   0.74072, 3,    5901.64,  115.3,   0.74072
"SCN_CN15_9071_CEI131_ATV", 13.8, 1,    5903.17,   -4.6,   0.74091, 2,    5903.16, -124.6,   0.74091, 3,    5903.16,  115.4,   0.74091
"SCN_CN15_9072_CEI131_ATV", 13.8, 1,    5903.17,   -4.6,   0.74091, 2,    5903.16, -124.6,   0.74091, 3,    5903.16,  115.4,   0.74091
"SCN_CN15_9006_CEI201_ATV", 13.8, 1,    5803.02,   -5.1,   0.72834, 2,    5803.01, -125.1,   0.72834, 3,    5803.01,  114.9,   0.72834
"SCN_CN15_9008_CEI201_ATV_S", 13.8, 1,    5802.93,   -5.1,   0.72833, 2,    5802.92, -125.1,   0.72833, 3,    5802.92,  114.9,   0.72833
"SCN_CN15_9044_CEI109", 13.8, 1,    5901.49,   -4.7,    0.7407, 2,    5901.48, -124.7,    0.7407, 3,    5901.48,  115.3,    0.7407
"SCN_CN15_9027_CEI109", 13.8, 1,     5920.2,   -4.7,   0.74305, 2,    5920.19, -124.7,   0.74305, 3,     5920.2,  115.3,   0.74305
"SCN_CN15_9039_CEI109", 13.8, 1,    5901.29,   -4.7,   0.74068, 2,    5901.27, -124.7,   0.74067, 3,    5901.28,  115.3,   0.74067
"SCN_CN15_9038_CEI109", 13.8, 1,    5900.97,   -4.7,   0.74064, 2,    5900.95, -124.7,   0.74063, 3,    5900.96,  115.3,   0.74063
"SCN_CN15_9037_CEI109", 13.8, 1,     5900.9,   -4.7,   0.74063, 2,    5900.88, -124.7,   0.74063, 3,    5900.89,  115.3,   0.74063
"SCN_CN15_9051_CEI220_ATV", 13.8, 1,     5900.8,   -4.7,   0.74062, 2,    5900.79, -124.7,   0.74061, 3,    5900.79,  115.3,   0.74061
"SCN_CN15_9093_CEI109", 13.8, 1,     5900.9,   -4.7,   0.74063, 2,    5900.88, -124.7,   0.74063, 3,    5900.89,  115.3,   0.74063
"SCN_CN15_9092_CEI109", 13.8, 1,    5900.84,   -4.7,   0.74062, 2,    5900.83, -124.7,   0.74062, 3,    5900.83,  115.3,   0.74062
"SCN_CN15_9001_CEI160_ATV", 13.8, 1,     6031.3,   -4.2,   0.75699, 2,    6031.29, -124.2,   0.75699, 3,    6031.29,  115.8,   0.75699
"SCN_CN15_9091_CEI109", 13.8, 1,     5900.8,   -4.7,   0.74062, 2,    5900.79, -124.7,   0.74061, 3,    5900.79,  115.3,   0.74061
"SCN_CN15_9090_CEI109", 13.8, 1,    5900.75,   -4.7,   0.74061, 2,    5900.74, -124.7,   0.74061, 3,    5900.74,  115.3,   0.74061
"SCN_CN15_9089_CEI109", 13.8, 1,     5900.7,   -4.7,    0.7406, 2,    5900.69, -124.7,    0.7406, 3,     5900.7,  115.3,    0.7406
"SCN_CN15_9088_CEI109", 13.8, 1,    5900.62,   -4.7,   0.74059, 2,    5900.61, -124.7,   0.74059, 3,    5900.61,  115.3,   0.74059
"SCN_CN15_9028_CEI109", 13.8, 1,     5920.2,   -4.7,   0.74305, 2,    5920.19, -124.7,   0.74305, 3,     5920.2,  115.3,   0.74305
"SCN_CN15_9087_CEI109", 13.8, 1,    5900.57,   -4.7,   0.74059, 2,    5900.56, -124.7,   0.74058, 3,    5900.56,  115.3,   0.74058
"SCN_CN15_9094_CEI109", 13.8, 1,    5900.85,   -4.7,   0.74062, 2,    5900.83, -124.7,   0.74062, 3,    5900.84,  115.3,   0.74062
"SCN_CN15_9095_CEI109", 13.8, 1,    5900.83,   -4.7,   0.74062, 2,    5900.82, -124.7,   0.74062, 3,    5900.82,  115.3,   0.74062
"SCN_CN15_9096_CEI109", 13.8, 1,    5900.81,   -4.7,   0.74062, 2,     5900.8, -124.7,   0.74061, 3,     5900.8,  115.3,   0.74062
"SCN_CN15_9098_CEI109", 13.8, 1,    5900.75,   -4.7,   0.74061, 2,    5900.74, -124.7,   0.74061, 3,    5900.74,  115.3,   0.74061
"SCN_CN15_9099_CEI109", 13.8, 1,    5900.72,   -4.7,   0.74061, 2,    5900.71, -124.7,    0.7406, 3,    5900.71,  115.3,    0.7406
"SCN_CN15_9100_CEI109", 13.8, 1,    5900.68,   -4.7,    0.7406, 2,    5900.67, -124.7,    0.7406, 3,    5900.67,  115.3,    0.7406
"SCN_CN15_9050_CEI220_ATV", 13.8, 1,    5900.57,   -4.7,   0.74059, 2,    5900.56, -124.7,   0.74058, 3,    5900.56,  115.3,   0.74059
"SCN_CN15_9042_CEI220_ATV", 13.8, 1,    5900.34,   -4.7,   0.74056, 2,    5900.33, -124.7,   0.74056, 3,    5900.34,  115.3,   0.74056
"SCN_CN15_9029_CEI109", 13.8, 1,     5920.2,   -4.7,   0.74305, 2,    5920.19, -124.7,   0.74305, 3,     5920.2,  115.3,   0.74305
"SCN_CN15_9043_CEI220_ATV", 13.8, 1,    5900.29,   -4.7,   0.74055, 2,    5900.28, -124.7,   0.74055, 3,    5900.28,  115.3,   0.74055
"SCN_CN15_9045_CEI220_ATV", 13.8, 1,    5900.24,   -4.7,   0.74054, 2,    5900.23, -124.7,   0.74054, 3,    5900.23,  115.3,   0.74054
"SCN_CN15_9047_CEI220_ATV", 13.8, 1,     5900.2,   -4.7,   0.74054, 2,    5900.19, -124.7,   0.74054, 3,    5900.19,  115.3,   0.74054
"SCN_CN15_9038_CEI220_ATV", 13.8, 1,    5900.27,   -4.7,   0.74055, 2,    5900.26, -124.7,   0.74055, 3,    5900.26,  115.3,   0.74055
"SCN_CN15_9037_CEI220_ATV", 13.8, 1,     5900.2,   -4.7,   0.74054, 2,    5900.19, -124.7,   0.74054, 3,    5900.19,  115.3,   0.74054
"SCN_CN15_9039_CEI220_ATV", 13.8, 1,    5900.16,   -4.7,   0.74053, 2,    5900.15, -124.7,   0.74053, 3,    5900.15,  115.3,   0.74053
"SCN_CN15_9040_CEI220_ATV", 13.8, 1,    5900.11,   -4.7,   0.74053, 2,     5900.1, -124.7,   0.74053, 3,     5900.1,  115.3,   0.74053
"SCN_CN15_9036_CEI220_ATV", 13.8, 1,    5900.17,   -4.7,   0.74054, 2,    5900.16, -124.7,   0.74053, 3,    5900.16,  115.3,   0.74053
"SCN_CN15_9035_CEI220_ATV", 13.8, 1,    5900.14,   -4.7,   0.74053, 2,    5900.13, -124.7,   0.74053, 3,    5900.13,  115.3,   0.74053
"SCN_CN15_9032_CEI220_ATV", 13.8, 1,    5900.11,   -4.7,   0.74053, 2,    5900.09, -124.7,   0.74053, 3,     5900.1,  115.3,   0.74053
"SCN_CN15_9030_CEI109", 13.8, 1,     5920.2,   -4.7,   0.74305, 2,    5920.19, -124.7,   0.74305, 3,     5920.2,  115.3,   0.74305
"SCN_CN15_9033_CEI220_ATV", 13.8, 1,    5900.09,   -4.7,   0.74053, 2,    5900.08, -124.7,   0.74052, 3,    5900.08,  115.3,   0.74052
"SCN_CN15_9143_CEI109", 13.8, 1,    5900.08,   -4.7,   0.74052, 2,    5900.07, -124.7,   0.74052, 3,    5900.07,  115.3,   0.74052
"SCN_CN15_9030_CEI220_ATV_S", 13.8, 1,    5900.07,   -4.7,   0.74052, 2,    5900.06, -124.7,   0.74052, 3,    5900.06,  115.3,   0.74052
"SCN_CN15_9030_CEI220_ATV", 13.8, 1,    5900.07,   -4.7,   0.74052, 2,    5900.06, -124.7,   0.74052, 3,    5900.06,  115.3,   0.74052
"SCN_CN15_9031_CEI220_ATV", 13.8, 1,    5900.04,   -4.7,   0.74052, 2,    5900.02, -124.7,   0.74052, 3,    5900.03,  115.3,   0.74052
"SCN_CN15_9029_CEI220_ATV", 13.8, 1,    5900.07,   -4.7,   0.74052, 2,    5900.06, -124.7,   0.74052, 3,    5900.06,  115.3,   0.74052
"SCN_CN15_9029_CEI220_ATV_S", 13.8, 1,    5839.45,   -5.0,   0.73291, 2,    5839.43, -125.0,   0.73291, 3,    5839.44,  115.0,   0.73291
"SCN_CN15_9202_CEI109", 13.8, 1,    5839.45,   -5.0,   0.73291, 2,    5839.43, -125.0,   0.73291, 3,    5839.44,  115.0,   0.73291
"SCN_CN15_9201_CEI109", 13.8, 1,    5839.23,   -5.0,   0.73289, 2,    5839.22, -125.0,   0.73289, 3,    5839.22,  115.0,   0.73289
"SCN_CN15_9200_CEI109", 13.8, 1,    5839.19,   -5.0,   0.73288, 2,    5839.18, -125.0,   0.73288, 3,    5839.18,  115.0,   0.73288
"SCN_CN15_9199_CEI109", 13.8, 1,    5838.98,   -5.0,   0.73286, 2,    5838.97, -125.0,   0.73285, 3,    5838.97,  115.0,   0.73285
"SCN_CN15_9198_CEI109", 13.8, 1,    5838.86,   -5.0,   0.73284, 2,    5838.85, -125.0,   0.73284, 3,    5838.86,  115.0,   0.73284
"SCN_CN15_9165_CEI109", 13.8, 1,    5838.65,   -5.0,   0.73281, 2,    5838.64, -125.0,   0.73281, 3,    5838.64,  115.0,   0.73281
"SCN_CN15_9203_CEI109", 13.8, 1,     5839.7,   -5.0,   0.73295, 2,    5839.68, -125.0,   0.73294, 3,    5839.69,  115.0,   0.73294
"SCN_CN15_9204_CEI109_S", 13.8, 1,    5839.93,   -5.0,   0.73298, 2,    5839.92, -125.0,   0.73297, 3,    5839.93,  115.0,   0.73297
"SCN_CN15_9205_CEI109", 13.8, 1,    5840.04,   -5.0,   0.73299, 2,    5840.03, -125.0,   0.73299, 3,    5840.03,  115.0,   0.73299
"SCN_CN15_9206_CEI109", 13.8, 1,    5840.33,   -5.0,   0.73303, 2,    5840.32, -125.0,   0.73302, 3,    5840.33,  115.0,   0.73302
"SCN_CN15_9208_CEI109", 13.8, 1,     5840.6,   -5.0,   0.73306, 2,    5840.59, -125.0,   0.73306, 3,    5840.59,  115.0,   0.73306
"SCN_CN15_9207_CEI109", 13.8, 1,    5840.57,   -5.0,   0.73306, 2,    5840.56, -125.0,   0.73305, 3,    5840.57,  115.0,   0.73305
"SCN_CN15_9209_CEI109", 13.8, 1,    5840.44,   -5.0,   0.73304, 2,    5840.42, -125.0,   0.73304, 3,    5840.43,  115.0,   0.73304
"SCN_CN15_9210_CEI109", 13.8, 1,     5840.3,   -5.0,   0.73302, 2,    5840.28, -125.0,   0.73302, 3,    5840.29,  115.0,   0.73302
"SCN_CN15_9211_CEI109", 13.8, 1,    5840.26,   -5.0,   0.73302, 2,    5840.25, -125.0,   0.73302, 3,    5840.26,  115.0,   0.73302
"SCN_CN15_9212_CEI109", 13.8, 1,    5840.23,   -5.0,   0.73301, 2,    5840.22, -125.0,   0.73301, 3,    5840.22,  115.0,   0.73301
"SCN_CN15_9215_CEI109", 13.8, 1,    5840.14,   -5.0,     0.733, 2,    5840.13, -125.0,     0.733, 3,    5840.13,  115.0,     0.733
"SCN_CN15_9216_CEI109", 13.8, 1,    5840.12,   -5.0,     0.733, 2,     5840.1, -125.0,     0.733, 3,    5840.11,  115.0,     0.733
"SCN_CN15_9213_CEI109", 13.8, 1,     5840.2,   -5.0,   0.73301, 2,    5840.19, -125.0,   0.73301, 3,    5840.19,  115.0,   0.73301
"SCN_CN15_9214_CEI109", 13.8, 1,    5840.16,   -5.0,     0.733, 2,    5840.15, -125.0,     0.733, 3,    5840.15,  115.0,     0.733
"SCN_CN15_9224_CEI109", 13.8, 1,    5841.01,   -5.0,   0.73311, 2,    5840.99, -125.0,   0.73311, 3,       5841,  115.0,   0.73311
"SCN_CN15_9226_CEI109", 13.8, 1,    5841.23,   -5.0,   0.73314, 2,    5841.22, -125.0,   0.73314, 3,    5841.22,  115.0,   0.73314
"SCN_CN15_9229_CEI109", 13.8, 1,    5841.52,   -5.0,   0.73317, 2,    5841.51, -125.0,   0.73317, 3,    5841.51,  115.0,   0.73317
"SCN_CN15_9231_CEI109", 13.8, 1,    5841.82,   -5.0,   0.73321, 2,    5841.81, -125.0,   0.73321, 3,    5841.81,  115.0,   0.73321
"SCN_CN15_9232_CEI109", 13.8, 1,    5842.11,   -4.9,   0.73325, 2,     5842.1, -124.9,   0.73325, 3,     5842.1,  115.1,   0.73325
"SCN_CN15_9240_CEI109", 13.8, 1,    5842.36,   -4.9,   0.73328, 2,    5842.35, -124.9,   0.73328, 3,    5842.36,  115.1,   0.73328
"SCN_CN15_9239_CEI109", 13.8, 1,    5842.67,   -4.9,   0.73332, 2,    5842.66, -124.9,   0.73332, 3,    5842.66,  115.1,   0.73332
"SCN_CN15_9238_CEI109", 13.8, 1,    5842.96,   -4.9,   0.73335, 2,    5842.94, -124.9,   0.73335, 3,    5842.95,  115.1,   0.73335
"SCN_CN15_9237_CEI109", 13.8, 1,    5843.24,   -4.9,   0.73339, 2,    5843.23, -124.9,   0.73339, 3,    5843.23,  115.1,   0.73339
"SCN_CN15_9235_CEI109", 13.8, 1,    5843.62,   -4.9,   0.73344, 2,    5843.61, -124.9,   0.73344, 3,    5843.62,  115.1,   0.73344
"SCN_CN15_9306_CEI109", 13.8, 1,    5842.99,   -4.9,   0.73336, 2,    5842.98, -124.9,   0.73336, 3,    5842.98,  115.1,   0.73336
"SCN_CN15_9307_CEI109", 13.8, 1,    5842.97,   -4.9,   0.73336, 2,    5842.96, -124.9,   0.73335, 3,    5842.96,  115.1,   0.73336
"SCN_CN15_9308_CEI109", 13.8, 1,    5842.94,   -4.9,   0.73335, 2,    5842.93, -124.9,   0.73335, 3,    5842.93,  115.1,   0.73335
"SCN_CN15_9309_CEI109", 13.8, 1,    5842.91,   -4.9,   0.73335, 2,     5842.9, -124.9,   0.73335, 3,     5842.9,  115.1,   0.73335
"SCN_CN15_9312_CEI109", 13.8, 1,    5842.89,   -4.9,   0.73335, 2,    5842.88, -124.9,   0.73335, 3,    5842.88,  115.1,   0.73335
"SCN_CN15_9313_CEI109", 13.8, 1,    5842.87,   -4.9,   0.73334, 2,    5842.86, -124.9,   0.73334, 3,    5842.87,  115.1,   0.73334
"SCN_CN15_9314_CEI109", 13.8, 1,    5842.85,   -4.9,   0.73334, 2,    5842.84, -124.9,   0.73334, 3,    5842.84,  115.1,   0.73334
"SCN_CN15_9315_CEI109", 13.8, 1,    5842.83,   -4.9,   0.73334, 2,    5842.82, -124.9,   0.73334, 3,    5842.83,  115.1,   0.73334
"SCN_CN15_9316_CEI109", 13.8, 1,    5842.82,   -4.9,   0.73334, 2,     5842.8, -124.9,   0.73334, 3,    5842.81,  115.1,   0.73334
"SCN_CN15_9318_CEI109", 13.8, 1,     5842.8,   -4.9,   0.73334, 2,    5842.79, -124.9,   0.73333, 3,    5842.79,  115.1,   0.73333
"SCN_CN15_9317_CEI109", 13.8, 1,    5842.79,   -4.9,   0.73333, 2,    5842.78, -124.9,   0.73333, 3,    5842.78,  115.1,   0.73333
"SCN_CN15_9320_CEI109", 13.8, 1,    5842.77,   -4.9,   0.73333, 2,    5842.76, -124.9,   0.73333, 3,    5842.76,  115.1,   0.73333
"SCN_CN15_9310_CEI109", 13.8, 1,    5842.91,   -4.9,   0.73335, 2,    5842.89, -124.9,   0.73335, 3,     5842.9,  115.1,   0.73335
"SCN_CN15_9265_CEI109", 13.8, 1,    5839.22,   -5.0,   0.73289, 2,    5839.21, -125.0,   0.73288, 3,    5839.21,  115.0,   0.73288
"SCN_CN15_9264_CEI109", 13.8, 1,    5839.21,   -5.0,   0.73288, 2,     5839.2, -125.0,   0.73288, 3,     5839.2,  115.0,   0.73288
"SCN_CN15_9263_CEI109", 13.8, 1,     5839.2,   -5.0,   0.73288, 2,    5839.18, -125.0,   0.73288, 3,    5839.19,  115.0,   0.73288
"SCN_CN15_9164_CEI109", 13.8, 1,    5838.54,   -5.0,    0.7328, 2,    5838.53, -125.0,    0.7328, 3,    5838.53,  115.0,    0.7328
"SCN_CN15_9162_CEI109_S", 13.8, 1,    5838.43,   -5.0,   0.73279, 2,    5838.42, -125.0,   0.73278, 3,    5838.42,  115.0,   0.73279
"SCN_CN15_9162_CEI109", 13.8, 1,    5838.43,   -5.0,   0.73279, 2,    5838.42, -125.0,   0.73278, 3,    5838.42,  115.0,   0.73279
"SCN_CN15_9163_CEI109", 13.8, 1,    5838.41,   -5.0,   0.73278, 2,     5838.4, -125.0,   0.73278, 3,     5838.4,  115.0,   0.73278
"SCN_CN15_9027_CEI220_ATV", 13.8, 1,     5838.4,   -5.0,   0.73278, 2,    5838.39, -125.0,   0.73278, 3,    5838.39,  115.0,   0.73278
"SCN_CN15_9161_CEI109", 13.8, 1,    5838.37,   -5.0,   0.73278, 2,    5838.36, -125.0,   0.73278, 3,    5838.36,  115.0,   0.73278
"SCN_CN15_9159_CEI109_S", 13.8, 1,    5838.31,   -5.0,   0.73277, 2,     5838.3, -125.0,   0.73277, 3,     5838.3,  115.0,   0.73277
"SCN_CN15_9028_CEI220_ATV", 13.8, 1,    5838.29,   -5.0,   0.73277, 2,    5838.28, -125.0,   0.73277, 3,    5838.28,  115.0,   0.73277
"SCN_CN15_9159_CEI109", 13.8, 1,    5838.31,   -5.0,   0.73277, 2,     5838.3, -125.0,   0.73277, 3,     5838.3,  115.0,   0.73277
"SCN_CN15_9157_CEI109_S", 13.8, 1,    5838.27,   -5.0,   0.73277, 2,    5838.25, -125.0,   0.73276, 3,    5838.26,  115.0,   0.73277
"SCN_CN15_9158_CEI109", 13.8, 1,    5838.24,   -5.0,   0.73276, 2,    5838.23, -125.0,   0.73276, 3,    5838.23,  115.0,   0.73276
"SCN_CN15_9073_CEI131_ATV", 13.8, 1,    5903.17,   -4.6,   0.74091, 2,    5903.15, -124.6,   0.74091, 3,    5903.16,  115.4,   0.74091
"SCN_CN15_9014_CEIRJ013_ATV", 13.8, 1,    6028.56,   -4.1,   0.75665, 2,    6028.54, -124.1,   0.75665, 3,    6028.55,  115.9,   0.75665
"SCN_CN15_421164_CEI", 13.8, 1,    5838.17,   -5.0,   0.73275, 2,    5838.16, -125.0,   0.73275, 3,    5838.17,  115.0,   0.73275
"SCN_CN15_9152_CEI109", 13.8, 1,    5838.12,   -5.0,   0.73275, 2,     5838.1, -125.0,   0.73275, 3,    5838.11,  115.0,   0.73275
"SCN_CN15_9151_CEI109", 13.8, 1,     5838.1,   -5.0,   0.73275, 2,    5838.09, -125.0,   0.73274, 3,    5838.09,  115.0,   0.73274
"SCN_CN15_9150_CEI109", 13.8, 1,    5838.08,   -5.0,   0.73274, 2,    5838.07, -125.0,   0.73274, 3,    5838.07,  115.0,   0.73274
"SCN_CN15_9122_CEI109", 13.8, 1,    5838.04,   -5.0,   0.73274, 2,    5838.03, -125.0,   0.73274, 3,    5838.03,  115.0,   0.73274
"SCN_CN15_9123_CEI109", 13.8, 1,    5838.01,   -5.0,   0.73273, 2,    5837.99, -125.0,   0.73273, 3,       5838,  115.0,   0.73273
"SCN_CN15_9124_CEI109", 13.8, 1,    5837.97,   -5.0,   0.73273, 2,    5837.96, -125.0,   0.73273, 3,    5837.96,  115.0,   0.73273
"SCN_CN15_9065_CEI201_ATV", 13.8, 1,       5812,   -5.1,   0.72947, 2,    5811.99, -125.1,   0.72947, 3,       5812,  114.9,   0.72947
"SCN_CN15_9069_CEI201_ATV_S", 13.8, 1,    5810.77,   -5.1,   0.72932, 2,    5810.76, -125.1,   0.72931, 3,    5810.77,  114.9,   0.72931
"SCN_CN15_9069_CEI201_ATV", 13.8, 1,    5810.77,   -5.1,   0.72932, 2,    5810.76, -125.1,   0.72931, 3,    5810.77,  114.9,   0.72931
"SCN_CN15_9070_CEI201_ATV", 13.8, 1,    5810.76,   -5.1,   0.72931, 2,    5810.75, -125.1,   0.72931, 3,    5810.76,  114.9,   0.72931
"SCN_CN15_9068_CEI201_ATV", 13.8, 1,    5809.51,   -5.1,   0.72916, 2,     5809.5, -125.1,   0.72916, 3,     5809.5,  114.9,   0.72916
"SCN_CN15_9067_CEI201_ATV", 13.8, 1,    5809.48,   -5.1,   0.72915, 2,    5809.46, -125.1,   0.72915, 3,    5809.47,  114.9,   0.72915
"SCN_CN15_9072_CEI201_ATV", 13.8, 1,    5808.37,   -5.1,   0.72901, 2,    5808.36, -125.1,   0.72901, 3,    5808.36,  114.9,   0.72901
"SCN_CN15_9071_CEI201_ATV", 13.8, 1,    5808.35,   -5.1,   0.72901, 2,    5808.34, -125.1,   0.72901, 3,    5808.34,  114.9,   0.72901
"SCN_CN15_9044_CEI148A_ATV", 13.8, 1,    5807.27,   -5.1,   0.72888, 2,    5807.26, -125.1,   0.72887, 3,    5807.26,  114.9,   0.72887
"SCN_CN15_9043_CEI148A_ATV_S", 13.8, 1,    5806.13,   -5.1,   0.72873, 2,    5806.12, -125.1,   0.72873, 3,    5806.12,  114.9,   0.72873
"SCN_CN15_9093_CEI148_ATV", 13.8, 1,    5806.03,   -5.1,   0.72872, 2,    5806.01, -125.1,   0.72872, 3,    5806.02,  114.9,   0.72872
"SCN_CN15_9043_CEI148A_ATV", 13.8, 1,    5806.13,   -5.1,   0.72873, 2,    5806.12, -125.1,   0.72873, 3,    5806.12,  114.9,   0.72873
"SCN_CN15_9094_CEI148_ATV", 13.8, 1,    5805.95,   -5.1,   0.72871, 2,    5805.93, -125.1,   0.72871, 3,    5805.94,  114.9,   0.72871
"SCN_CN15_9095_CEI148_ATV", 13.8, 1,    5805.92,   -5.1,   0.72871, 2,     5805.9, -125.1,    0.7287, 3,    5805.91,  114.9,    0.7287
"SCN_CN15_9097_CEI148_ATV", 13.8, 1,     5805.9,   -5.1,    0.7287, 2,    5805.89, -125.1,    0.7287, 3,    5805.89,  114.9,    0.7287
"SCN_CN15_9096_CEI148_ATV", 13.8, 1,    5805.89,   -5.1,    0.7287, 2,    5805.88, -125.1,    0.7287, 3,    5805.88,  114.9,    0.7287
"SCN_CN15_9046_CEI148A_ATV", 13.8, 1,    5805.15,   -5.1,   0.72861, 2,    5805.13, -125.1,   0.72861, 3,    5805.14,  114.9,   0.72861
"SCN_CN15_9042_CEI148A_ATV_S", 13.8, 1,    5804.08,   -5.1,   0.72848, 2,    5804.07, -125.1,   0.72847, 3,    5804.08,  114.9,   0.72847
"SCN_CN15_9042_CEI148A_ATV", 13.8, 1,    5804.08,   -5.1,   0.72848, 2,    5804.07, -125.1,   0.72847, 3,    5804.08,  114.9,   0.72847
"SCN_CN15_9047_CEI148A_ATV", 13.8, 1,    5804.06,   -5.1,   0.72847, 2,    5804.04, -125.1,   0.72847, 3,    5804.05,  114.9,   0.72847
"SCN_CN15_9041_CEI148A_ATV", 13.8, 1,    5803.38,   -5.1,   0.72839, 2,    5803.37, -125.1,   0.72839, 3,    5803.37,  114.9,   0.72839
"SCN_CN15_9048_CEI148A_ATV", 13.8, 1,    5803.36,   -5.1,   0.72838, 2,    5803.34, -125.1,   0.72838, 3,    5803.35,  114.9,   0.72838
"SCN_CN15_9038_CEI148A_ATV", 13.8, 1,    5802.38,   -5.1,   0.72826, 2,    5802.37, -125.1,   0.72826, 3,    5802.37,  114.9,   0.72826
"SCN_CN15_9037_CEI148A_ATV", 13.8, 1,    5802.36,   -5.1,   0.72826, 2,    5802.35, -125.1,   0.72826, 3,    5802.35,  114.9,   0.72826
"SCN_CN15_9036_CEI148A_ATV", 13.8, 1,    5802.35,   -5.1,   0.72826, 2,    5802.33, -125.1,   0.72826, 3,    5802.34,  114.9,   0.72826
"SCN_CN15_9039_CEI148A_ATV", 13.8, 1,    5801.83,   -5.1,   0.72819, 2,    5801.82, -125.1,   0.72819, 3,    5801.82,  114.9,   0.72819
"SCN_CN15_9040_CEI148A_ATV", 13.8, 1,    5800.89,   -5.1,   0.72807, 2,    5800.88, -125.1,   0.72807, 3,    5800.88,  114.9,   0.72807
"SCN_CN15_9078_CEI148_ATV_S", 13.8, 1,    5800.17,   -5.1,   0.72798, 2,    5800.16, -125.1,   0.72798, 3,    5800.16,  114.9,   0.72798
"SCN_CN15_9076_CEI148_ATV", 13.8, 1,    5798.39,   -5.1,   0.72776, 2,    5798.37, -125.1,   0.72776, 3,    5798.38,  114.9,   0.72776
"SCN_CN15_9077_CEI148_ATV", 13.8, 1,    5799.06,   -5.1,   0.72785, 2,    5799.05, -125.1,   0.72784, 3,    5799.05,  114.9,   0.72784
"SCN_CN15_9078_CEI148_ATV", 13.8, 1,    5800.17,   -5.1,   0.72798, 2,    5800.16, -125.1,   0.72798, 3,    5800.16,  114.9,   0.72798
"SCN_CN15_9267_CEI109", 13.8, 1,    5885.51,   -4.8,    0.7387, 2,    5885.49, -124.8,   0.73869, 3,     5885.5,  115.2,   0.73869
"SCN_CN15_9079_CEI148_ATV", 13.8, 1,    5800.17,   -5.1,   0.72798, 2,    5800.16, -125.1,   0.72798, 3,    5800.16,  114.9,   0.72798
"SCN_CN15_9075_CEI148_ATV", 13.8, 1,    6027.86,   -4.1,   0.75656, 2,    6027.85, -124.1,   0.75656, 3,    6027.85,  115.9,   0.75656
"SCN_CN15_9076_CEI148_ATV_S", 13.8, 1,    6027.86,   -4.1,   0.75656, 2,    6027.85, -124.1,   0.75656, 3,    6027.85,  115.9,   0.75656
"SCN_CN15_9073_CEI148_ATV", 13.8, 1,    6027.86,   -4.1,   0.75656, 2,    6027.85, -124.1,   0.75656, 3,    6027.85,  115.9,   0.75656
"SCN_CN15_9074_CEI148_ATV", 13.8, 1,    6027.85,   -4.1,   0.75656, 2,    6027.84, -124.1,   0.75656, 3,    6027.84,  115.9,   0.75656
"SCN_CN15_9080_CEI148_ATV", 13.8, 1,    5797.63,   -5.1,   0.72767, 2,    5797.61, -125.1,   0.72766, 3,    5797.62,  114.9,   0.72766
"SCN_CN15_9081_CEI148_ATV", 13.8, 1,    5796.32,   -5.1,    0.7275, 2,    5796.31, -125.1,    0.7275, 3,    5796.31,  114.9,    0.7275
"SCN_CN15_9082_CEI148_ATV", 13.8, 1,     5795.5,   -5.1,    0.7274, 2,    5795.49, -125.1,    0.7274, 3,     5795.5,  114.9,    0.7274
"SCN_CN15_9171_CEI69A", 13.8, 1,    5796.28,   -5.1,    0.7275, 2,    5796.27, -125.1,    0.7275, 3,    5796.28,  114.9,    0.7275
"SCN_CN15_9070_CEI148_ATV", 13.8, 1,    6027.88,   -4.1,   0.75657, 2,    6027.87, -124.1,   0.75656, 3,    6027.87,  115.9,   0.75656
"SCN_CN15_9073_CEI148_ATV_S", 13.8, 1,    6027.86,   -4.1,   0.75656, 2,    6027.85, -124.1,   0.75656, 3,    6027.85,  115.9,   0.75656
"SCN_CN15_9268_CEI109", 13.8, 1,    5884.46,   -4.8,   0.73856, 2,    5884.45, -124.8,   0.73856, 3,    5884.45,  115.2,   0.73856
"SCN_CN15_9068_CEI148_ATV", 13.8, 1,    6027.97,   -4.1,   0.75658, 2,    6027.96, -124.1,   0.75657, 3,    6027.96,  115.9,   0.75657
"SCN_CN15_9070_CEI148_ATV_S", 13.8, 1,    6027.88,   -4.1,   0.75657, 2,    6027.87, -124.1,   0.75656, 3,    6027.87,  115.9,   0.75656
"SCN_CN15_9069_CEI148_ATV", 13.8, 1,    6027.95,   -4.1,   0.75657, 2,    6027.94, -124.1,   0.75657, 3,    6027.94,  115.9,   0.75657
"SCN_CN15_9071_CEI148_ATV", 13.8, 1,    6027.84,   -4.1,   0.75656, 2,    6027.83, -124.1,   0.75656, 3,    6027.83,  115.9,   0.75656
"SCN_CN15_9072_CEI148_ATV", 13.8, 1,    6027.82,   -4.1,   0.75656, 2,     6027.8, -124.1,   0.75656, 3,    6027.81,  115.9,   0.75656
"SCN_CN15_9065_CEI148_ATV", 13.8, 1,    6028.07,   -4.1,   0.75659, 2,    6028.06, -124.1,   0.75659, 3,    6028.06,  115.9,   0.75659
"SCN_CN15_9066_CEI148_ATV", 13.8, 1,    6028.05,   -4.1,   0.75659, 2,    6028.03, -124.1,   0.75658, 3,    6028.04,  115.9,   0.75658
"SCN_CN15_9033_CEI160_ATV", 13.8, 1,    6027.88,   -4.1,   0.75656, 2,    6027.87, -124.1,   0.75656, 3,    6027.87,  115.9,   0.75656
"SCN_CN15_9055_CEI201_ATV", 13.8, 1,    6027.76,   -4.1,   0.75655, 2,    6027.74, -124.1,   0.75655, 3,    6027.75,  115.9,   0.75655
"SCN_CN15_9056_CEI201_ATV", 13.8, 1,     6027.8,   -4.1,   0.75655, 2,    6027.79, -124.1,   0.75655, 3,    6027.79,  115.9,   0.75655
"SCN_CN15_9034_CEI160_ATV_S", 13.8, 1,    6027.82,   -4.1,   0.75656, 2,    6027.81, -124.1,   0.75656, 3,    6027.81,  115.9,   0.75656
"SCN_CN15_9032_CEI160_ATV", 13.8, 1,    6027.82,   -4.1,   0.75656, 2,     6027.8, -124.1,   0.75656, 3,    6027.81,  115.9,   0.75656
"SCN_CN15_9034_CEI160_ATV", 13.8, 1,    6027.82,   -4.1,   0.75656, 2,    6027.81, -124.1,   0.75656, 3,    6027.81,  115.9,   0.75656
"SCN_CN15_9169_CEI69A", 13.8, 1,    6028.44,   -4.1,   0.75664, 2,    6028.43, -124.1,   0.75663, 3,    6028.43,  115.9,   0.75663
"SCN_CN15_9065_CEI148_ATV_S", 13.8, 1,    6028.07,   -4.1,   0.75659, 2,    6028.06, -124.1,   0.75659, 3,    6028.06,  115.9,   0.75659
"SCN_CN15_9064_CEI148_ATV", 13.8, 1,     6028.5,   -4.1,   0.75664, 2,    6028.49, -124.1,   0.75664, 3,    6028.49,  115.9,   0.75664
"SCN_CN15_9168_CEI69A", 13.8, 1,    6028.57,   -4.1,   0.75665, 2,    6028.56, -124.1,   0.75665, 3,    6028.56,  115.9,   0.75665
"SCN_CN15_9167_CEI69A", 13.8, 1,    6028.71,   -4.1,   0.75667, 2,     6028.7, -124.1,   0.75667, 3,     6028.7,  115.9,   0.75667
"SCN_CN15_9063_CEI148_ATV", 13.8, 1,    6028.99,   -4.1,    0.7567, 2,    6028.98, -124.1,    0.7567, 3,    6028.98,  115.9,    0.7567
"SCN_CN15_9062_CEI148_ATV", 13.8, 1,    6029.46,   -4.1,   0.75676, 2,    6029.45, -124.1,   0.75676, 3,    6029.45,  115.9,   0.75676
"SCN_CN15_9063_CEI148_ATV_S", 13.8, 1,    6028.99,   -4.1,    0.7567, 2,    6028.98, -124.1,    0.7567, 3,    6028.98,  115.9,    0.7567
"SCN_CN15_9061_CEI148_ATV", 13.8, 1,    6030.04,   -4.1,   0.75684, 2,    6030.03, -124.1,   0.75683, 3,    6030.03,  115.9,   0.75683
"SCN_CN15_9055_CEI148_ATV", 13.8, 1,    6030.37,   -4.1,   0.75688, 2,    6030.36, -124.1,   0.75688, 3,    6030.36,  115.9,   0.75688
"SCN_CN15_9056_CEI148_ATV", 13.8, 1,    6030.32,   -4.1,   0.75687, 2,    6030.31, -124.1,   0.75687, 3,    6030.31,  115.9,   0.75687
"SCN_CN15_9057_CEI148_ATV", 13.8, 1,    6030.26,   -4.1,   0.75686, 2,    6030.25, -124.1,   0.75686, 3,    6030.25,  115.9,   0.75686
"SCN_CN15_9058_CEI148_ATV", 13.8, 1,    6030.17,   -4.1,   0.75685, 2,    6030.15, -124.1,   0.75685, 3,    6030.16,  115.9,   0.75685
"SCN_CN15_9059_CEI148_ATV", 13.8, 1,    6030.12,   -4.1,   0.75685, 2,    6030.11, -124.1,   0.75684, 3,    6030.11,  115.9,   0.75684
"SCN_CN15_9060_CEI148_ATV", 13.8, 1,    6030.07,   -4.1,   0.75684, 2,    6030.06, -124.1,   0.75684, 3,    6030.06,  115.9,   0.75684
"SCN_CN15_9054_CEI148_ATV", 13.8, 1,    6030.94,   -4.1,   0.75695, 2,    6030.93, -124.1,   0.75695, 3,    6030.93,  115.9,   0.75695
"SCN_CN15_9055_CEI148_ATV_S", 13.8, 1,    6030.37,   -4.1,   0.75688, 2,    6030.36, -124.1,   0.75688, 3,    6030.36,  115.9,   0.75688
"SCN_CN15_9052_CEI148_ATV", 13.8, 1,    6031.28,   -4.1,   0.75699, 2,    6031.26, -124.1,   0.75699, 3,    6031.27,  115.9,   0.75699
"SCN_CN15_9053_CEI148_ATV", 13.8, 1,    6031.26,   -4.1,   0.75699, 2,    6031.25, -124.1,   0.75699, 3,    6031.25,  115.9,   0.75699
"SCN_CN15_9027_CEI148_ATV", 13.8, 1,    6031.53,   -4.1,   0.75702, 2,    6031.52, -124.1,   0.75702, 3,    6031.52,  115.9,   0.75702
"SCN_CN15_9028_CEI148_ATV", 13.8, 1,    6031.08,   -4.1,   0.75697, 2,    6031.07, -124.1,   0.75696, 3,    6031.07,  115.9,   0.75697
"SCN_CN15_9029_CEI148_ATV", 13.8, 1,    6030.86,   -4.1,   0.75694, 2,    6030.84, -124.1,   0.75694, 3,    6030.85,  115.9,   0.75694
"SCN_CN15_9030_CEI148_ATV_S", 13.8, 1,    6030.61,   -4.1,   0.75691, 2,    6030.59, -124.1,   0.75691, 3,     6030.6,  115.9,   0.75691
"SCN_CN15_9036_CEI148_ATV", 13.8, 1,    6030.41,   -4.1,   0.75688, 2,     6030.4, -124.1,   0.75688, 3,     6030.4,  115.9,   0.75688
"SCN_CN15_9030_CEI148_ATV", 13.8, 1,    6030.61,   -4.1,   0.75691, 2,    6030.59, -124.1,   0.75691, 3,     6030.6,  115.9,   0.75691
"SCN_CN15_9040_CEI148_ATV", 13.8, 1,     6029.7,   -4.1,   0.75679, 2,    6029.69, -124.1,   0.75679, 3,    6029.69,  115.9,   0.75679
"SCN_CN15_9132_CEI201_ATV", 13.8, 1,    6029.69,   -4.1,   0.75679, 2,    6029.68, -124.1,   0.75679, 3,    6029.68,  115.9,   0.75679
"SCN_CN15_9043_CEI148_ATV", 13.8, 1,    6029.25,   -4.1,   0.75674, 2,    6029.23, -124.1,   0.75673, 3,    6029.24,  115.9,   0.75674
"SCN_CN15_9044_CEI148_ATV", 13.8, 1,    6029.23,   -4.1,   0.75673, 2,    6029.22, -124.1,   0.75673, 3,    6029.22,  115.9,   0.75673
"SCN_CN15_9031_CEI148_ATV", 13.8, 1,    6030.56,   -4.1,    0.7569, 2,    6030.55, -124.1,    0.7569, 3,    6030.55,  115.9,    0.7569
"SCN_CN15_9033_CEI148_ATV", 13.8, 1,    6030.55,   -4.1,    0.7569, 2,    6030.53, -124.1,    0.7569, 3,    6030.54,  115.9,    0.7569
"SCN_CN15_9034_CEI148_ATV", 13.8, 1,    6030.53,   -4.1,    0.7569, 2,    6030.52, -124.1,    0.7569, 3,    6030.52,  115.9,    0.7569
"SCN_CN15_9035_CEI148_ATV", 13.8, 1,    6030.52,   -4.1,    0.7569, 2,    6030.51, -124.1,   0.75689, 3,    6030.51,  115.9,   0.75689
"SCN_CN15_9032_CEI148_ATV", 13.8, 1,    6030.56,   -4.1,    0.7569, 2,    6030.55, -124.1,    0.7569, 3,    6030.55,  115.9,    0.7569
"SCN_CN15_9026_CEI148_ATV", 13.8, 1,    6032.05,   -4.1,   0.75709, 2,    6032.03, -124.1,   0.75709, 3,    6032.04,  115.9,   0.75709
"SCN_CN15_9027_CEI148_ATV_S", 13.8, 1,    6031.53,   -4.1,   0.75702, 2,    6031.52, -124.1,   0.75702, 3,    6031.52,  115.9,   0.75702
"SCN_CN15_9025_CEI148_ATV", 13.8, 1,    6032.53,   -4.1,   0.75715, 2,    6032.52, -124.1,   0.75715, 3,    6032.52,  115.9,   0.75715
"SCN_CN15_9024_CEI148_ATV", 13.8, 1,    6033.02,   -4.1,   0.75721, 2,    6033.01, -124.1,   0.75721, 3,    6033.01,  115.9,   0.75721
"SCN_CN15_9023_CEI148_ATV", 13.8, 1,    6033.52,   -4.1,   0.75727, 2,    6033.51, -124.1,   0.75727, 3,    6033.51,  115.9,   0.75727
"SCN_CN15_9022_CEI148_ATV", 13.8, 1,     6034.1,   -4.1,   0.75735, 2,    6034.09, -124.1,   0.75734, 3,    6034.09,  115.9,   0.75734
"SCN_CN15_9020_CEI148_ATV", 13.8, 1,    6034.65,   -4.1,   0.75741, 2,    6034.63, -124.1,   0.75741, 3,    6034.64,  115.9,   0.75741
"SCN_CN15_9021_CEI148_ATV", 13.8, 1,    6034.62,   -4.1,   0.75741, 2,    6034.61, -124.1,   0.75741, 3,    6034.61,  115.9,   0.75741
"SCN_CN15_9019_CEI148_ATV", 13.8, 1,    6035.35,   -4.1,    0.7575, 2,    6035.33, -124.1,    0.7575, 3,    6035.34,  115.9,    0.7575
"SCN_CN15_9020_CEI148_ATV_S", 13.8, 1,    6034.65,   -4.1,   0.75741, 2,    6034.63, -124.1,   0.75741, 3,    6034.64,  115.9,   0.75741
"SCN_CN15_9013_CEI148_ATV", 13.8, 1,    6035.88,   -4.1,   0.75757, 2,    6035.86, -124.1,   0.75757, 3,    6035.87,  115.9,   0.75757
"SCN_CN15_9012_CEI148_ATV", 13.8, 1,    6036.51,   -4.1,   0.75765, 2,     6036.5, -124.1,   0.75765, 3,     6036.5,  115.9,   0.75765
"SCN_CN15_9014_CEI148_ATV", 13.8, 1,    6035.87,   -4.1,   0.75757, 2,    6035.86, -124.1,   0.75757, 3,    6035.86,  115.9,   0.75757
"SCN_CN15_9011_CEI148_ATV", 13.8, 1,    6037.14,   -4.1,   0.75773, 2,    6037.12, -124.1,   0.75773, 3,    6037.13,  115.9,   0.75773
"SCN_CN15_9010_CEI148_ATV", 13.8, 1,    6037.75,   -4.1,    0.7578, 2,    6037.74, -124.1,    0.7578, 3,    6037.74,  115.9,    0.7578
"SCN_CN15_9006_CEI148_ATV", 13.8, 1,    6038.37,   -4.1,   0.75788, 2,    6038.36, -124.1,   0.75788, 3,    6038.36,  115.9,   0.75788
"SCN_CN15_9007_CEI148_ATV", 13.8, 1,    6038.35,   -4.1,   0.75788, 2,    6038.33, -124.1,   0.75788, 3,    6038.34,  115.9,   0.75788
"SCN_CN15_9008_CEI148_ATV", 13.8, 1,    6038.32,   -4.1,   0.75788, 2,    6038.31, -124.1,   0.75787, 3,    6038.31,  115.9,   0.75787
"SCN_CN15_9009_CEI148_ATV", 13.8, 1,     6038.3,   -4.1,   0.75787, 2,    6038.29, -124.1,   0.75787, 3,    6038.29,  115.9,   0.75787
"SCN_CN15_9005_CEI148_ATV", 13.8, 1,    6039.03,   -4.1,   0.75796, 2,    6039.02, -124.1,   0.75796, 3,    6039.02,  115.9,   0.75796
"SCN_CN15_9001_CEI148_ATV", 13.8, 1,    6039.67,   -4.1,   0.75804, 2,    6039.66, -124.1,   0.75804, 3,    6039.66,  115.9,   0.75804
"SCN_CN15_9002_CEI148_ATV", 13.8, 1,    6039.64,   -4.1,   0.75804, 2,    6039.62, -124.1,   0.75804, 3,    6039.63,  115.9,   0.75804
"SCN_CN15_9001_CEI148_ATV_S", 13.8, 1,    6039.67,   -4.1,   0.75804, 2,    6039.66, -124.1,   0.75804, 3,    6039.66,  115.9,   0.75804
"SCN_CN15_9037_CEI220_ATV_S", 13.8, 1,     5900.2,   -4.7,   0.74054, 2,    5900.19, -124.7,   0.74054, 3,    5900.19,  115.3,   0.74054
"SCN_CN15_9001_CEI109_S", 13.8, 1,    6049.01,   -4.1,   0.75922, 2,       6049, -124.1,   0.75922, 3,       6049,  115.9,   0.75922
"SCN_CN15_9149_CEI230_ATV_S", 13.8, 1,    5930.76,   -4.3,   0.74438, 2,    5930.75, -124.3,   0.74437, 3,    5930.75,  115.7,   0.74437
"SCN_CN15_9201_CEI109_S", 13.8, 1,    5839.23,   -5.0,   0.73289, 2,    5839.22, -125.0,   0.73289, 3,    5839.22,  115.0,   0.73289
"CN_BPS1-13", 13.8, 2,    6348.57, -123.4,   0.79682, 3,    6348.58,  116.6,   0.79682, 8,    6348.58,   -3.4,   0.79682
"CN_CH2175_DJCN-15", 13.8, 1,    6348.58,   -3.4,   0.79682, 2,    6348.57, -123.4,   0.79682, 3,    6348.58,  116.6,   0.79682
"SCN_CN15_9003_CEI075_S", 13.8, 1,    5960.74,   -4.1,   0.74814, 2,    5960.73, -124.1,   0.74814, 3,    5960.73,  115.9,   0.74814
"SCN_CN15_9025_CEI074_S", 13.8, 1,    5915.34,   -4.3,   0.74244, 2,    5915.32, -124.3,   0.74244, 3,    5915.32,  115.7,   0.74244
"SCN_CN15_9029_CEI109_S", 13.8, 1,     5920.2,   -4.7,   0.74305, 2,    5920.19, -124.7,   0.74305, 3,     5920.2,  115.3,   0.74305
"SCN_CN15_9039_CEI130A_ATV_S", 13.8, 1,    6341.92,   -3.4,   0.79598, 2,    6341.91, -123.4,   0.79598, 3,    6341.91,  116.6,   0.79598
"SCN_CN15_9088_CEI075_S", 13.8, 1,    5935.86,   -4.2,   0.74502, 2,    5935.85, -124.2,   0.74501, 3,    5935.85,  115.8,   0.74501
"SCN_CN15_9038_CEI130A_ATV_S", 13.8, 1,    6341.92,   -3.4,   0.79598, 2,    6341.91, -123.4,   0.79598, 3,    6341.91,  116.6,   0.79598
"SCN_CN15_9185_CEI69A_S", 13.8, 1,    6048.39,   -4.1,   0.75914, 2,    6048.38, -124.1,   0.75914, 3,    6048.38,  115.9,   0.75914
"SCN_CN15_9020_CEI075_S", 13.8, 1,    5950.41,   -4.2,   0.74684, 2,     5950.4, -124.2,   0.74684, 3,     5950.4,  115.8,   0.74684
"SCN_CN15_9170_CEI77A_ATV_S", 13.8, 1,    7595.78,   -1.2,   0.95335, 2,    7595.78, -121.2,   0.95335, 3,    7595.78,  118.8,   0.95335
"SCN_CN15_9101_CEI109_S", 13.8, 1,    5900.64,   -4.7,   0.74059, 2,    5900.63, -124.7,   0.74059, 3,    5900.63,  115.3,   0.74059
"SCN_CN15_9068_CEI201_ATV_S", 13.8, 1,    5809.51,   -5.1,   0.72916, 2,     5809.5, -125.1,   0.72916, 3,     5809.5,  114.9,   0.72916
"SCN_CN15_9008_CEI121_S", 13.8, 1,    5896.42,   -4.7,   0.74007, 2,    5896.41, -124.7,   0.74006, 3,    5896.41,  115.3,   0.74006
"SCN_CN15_9081_CEI148_ATV_S", 13.8, 1,    5796.32,   -5.1,    0.7275, 2,    5796.31, -125.1,    0.7275, 3,    5796.31,  114.9,    0.7275
"SCN_CN15_9001_CEI134A_ATV_S", 13.8, 1,    5896.95,   -4.7,   0.74013, 2,    5896.94, -124.7,   0.74013, 3,    5896.95,  115.3,   0.74013
"SCN_CN15_9208_CEI77A_ATV_S", 13.8, 1,    7595.68,   -1.2,   0.95334, 2,    7595.67, -121.2,   0.95334, 3,    7595.68,  118.8,   0.95334
"SCN_CN15_9031_CEI074_S", 13.8, 1,    5916.27,   -4.3,   0.74256, 2,    5916.25, -124.3,   0.74255, 3,    5916.25,  115.7,   0.74255
"SCN_CN15_9027_CEI074_S", 13.8, 1,    5915.52,   -4.3,   0.74246, 2,     5915.5, -124.3,   0.74246, 3,    5915.51,  115.7,   0.74246
"SCN_CN15_9080_CEI075_S", 13.8, 1,    5930.15,   -4.3,    0.7443, 2,    5930.13, -124.3,    0.7443, 3,    5930.13,  115.7,    0.7443
"SCN_CN15_9062_CEI77A_ATV_S", 13.8, 1,    7111.71,   -2.0,    0.8926, 2,     7111.7, -122.0,    0.8926, 3,     7111.7,  118.0,    0.8926
"SCN_CN15_9057_CEI075_S", 13.8, 1,    5947.58,   -4.2,   0.74649, 2,    5947.56, -124.2,   0.74648, 3,    5947.57,  115.8,   0.74648
"SCN_CN15_9082_CEI075_S", 13.8, 1,    5930.91,   -4.3,   0.74439, 2,    5930.89, -124.3,   0.74439, 3,     5930.9,  115.7,   0.74439
"SCN_CN15_9175_CEI230_ATV_S", 13.8, 1,    5948.14,   -4.2,   0.74656, 2,    5948.12, -124.2,   0.74655, 3,    5948.13,  115.8,   0.74655
"SCN_CN15_9072_CEI201_ATV_S", 13.8, 1,    5808.37,   -5.1,   0.72901, 2,    5808.36, -125.1,   0.72901, 3,    5808.36,  114.9,   0.72901
"SCN_CN15_9042_CEI074_S", 13.8, 1,    5919.22,   -4.3,   0.74293, 2,     5919.2, -124.3,   0.74292, 3,    5919.21,  115.7,   0.74293
"SCN_CN15_9282_CEI250_ATV_S", 13.8, 1,    6663.16,   -2.8,    0.8363, 2,    6663.16, -122.8,    0.8363, 3,    6663.16,  117.2,    0.8363
"SCN_CN15_9095_CEI148_ATV_S", 13.8, 1,    5805.92,   -5.1,   0.72871, 2,     5805.9, -125.1,    0.7287, 3,    5805.91,  114.9,    0.7287
"SCN_CN15_9211_CEI77A_ATV_S", 13.8, 1,    7595.58,   -1.2,   0.95333, 2,    7595.58, -121.2,   0.95333, 3,    7595.58,  118.8,   0.95333
"SCN_CN15_9087_CEI148_ATV_S", 13.8, 1,    5793.19,   -5.1,   0.72711, 2,    5793.18, -125.1,   0.72711, 3,    5793.18,  114.9,   0.72711
"SCN_CN15_9207_CEI109_S", 13.8, 1,    5840.57,   -5.0,   0.73306, 2,    5840.56, -125.0,   0.73305, 3,    5840.57,  115.0,   0.73305
"SCN_CN15_9058_CEI160_ATV_S", 13.8, 1,    6694.56,   -2.8,   0.84024, 2,    6694.56, -122.8,   0.84024, 3,    6694.56,  117.2,   0.84024
"SCN_CN15_9081_CEI77A_ATV_S", 13.8, 1,    7106.58,   -2.0,   0.89195, 2,    7106.58, -122.0,   0.89195, 3,    7106.58,  118.0,   0.89195
"SCN_CN15_9492_CEI109_S", 13.8, 1,    5811.28,   -5.1,   0.72938, 2,    5811.27, -125.1,   0.72938, 3,    5811.27,  114.9,   0.72938
"SCN_CN15_9042_CEI220_ATV_S", 13.8, 1,    5900.34,   -4.7,   0.74056, 2,    5900.33, -124.7,   0.74056, 3,    5900.34,  115.3,   0.74056
"SCN_CN15_9166_CEI109_S", 13.8, 1,    5838.72,   -5.0,   0.73282, 2,    5838.71, -125.0,   0.73282, 3,    5838.71,  115.0,   0.73282
"SCN_CN15_9091_CEI075_S", 13.8, 1,    5937.58,   -4.2,   0.74523, 2,    5937.56, -124.2,   0.74523, 3,    5937.56,  115.8,   0.74523
"SCN_CN15_9038_CEI148A_ATV_S", 13.8, 1,    5802.38,   -5.1,   0.72826, 2,    5802.37, -125.1,   0.72826, 3,    5802.37,  114.9,   0.72826
"SCN_CN15_9102_CEI77A_ATV_S", 13.8, 1,    7144.06,   -1.9,   0.89666, 2,    7144.06, -121.9,   0.89666, 3,    7144.06,  118.1,   0.89666
"SCN_CN15_9007_CEI075_S", 13.8, 1,    5955.81,   -4.2,   0.74752, 2,     5955.8, -124.2,   0.74752, 3,     5955.8,  115.8,   0.74752
"SCN_CN15_9150_CEI230_ATV_S", 13.8, 1,    5930.76,   -4.3,   0.74438, 2,    5930.75, -124.3,   0.74437, 3,    5930.75,  115.7,   0.74437
"SCN_CN15_9203_CEI230_ATV_S", 13.8, 1,    5792.99,   -5.1,   0.72708, 2,    5792.97, -125.1,   0.72708, 3,    5792.98,  114.9,   0.72708
"SCN_CN15_9313_CEI250_ATV_S", 13.8, 1,    6691.05,   -2.8,    0.8398, 2,    6691.04, -122.8,    0.8398, 3,    6691.04,  117.2,    0.8398
"SCN_CN15_9122_CEI201_ATV_S", 13.8, 1,    6049.01,   -4.1,   0.75922, 2,       6049, -124.1,   0.75922, 3,       6049,  115.9,   0.75922
"SCN_CN15_9144_CEI230_ATV_S", 13.8, 1,    5935.39,   -4.2,   0.74496, 2,    5935.38, -124.2,   0.74495, 3,    5935.38,  115.8,   0.74495
"SCN_CN15_9141_CEI230_ATV_S", 13.8, 1,    5935.41,   -4.2,   0.74496, 2,    5935.39, -124.2,   0.74496, 3,     5935.4,  115.8,   0.74496
"SCN_CN15_9428_CEI109_S", 13.8, 1,    5865.44,   -4.9,   0.73618, 2,    5865.43, -124.9,   0.73618, 3,    5865.43,  115.1,   0.73618
"SCN_CN15_9007_CEI134B_ATV_S", 13.8, 1,    5875.31,   -4.8,   0.73742, 2,     5875.3, -124.8,   0.73741, 3,     5875.3,  115.2,   0.73741
"SCN_CN15_9038_CEI148_ATV_S", 13.8, 1,    6030.15,   -4.1,   0.75685, 2,    6030.13, -124.1,   0.75685, 3,    6030.14,  115.9,   0.75685
"SCN_CN15_9323_CEI250_ATV_S", 13.8, 1,    6688.64,   -2.8,    0.8395, 2,    6688.64, -122.8,    0.8395, 3,    6688.64,  117.2,    0.8395
"SCN_CN15_9485_CEI109_S", 13.8, 1,    5811.63,   -5.1,   0.72942, 2,    5811.62, -125.1,   0.72942, 3,    5811.62,  114.9,   0.72942
"SCN_CN15_9017_CEI130A_ATV_S", 13.8, 1,    6343.36,   -3.4,   0.79616, 2,    6343.35, -123.4,   0.79616, 3,    6343.35,  116.6,   0.79616
"SCN_CN15_9081_CEI230_ATV_S", 13.8, 1,    5947.97,   -4.2,   0.74654, 2,    5947.96, -124.2,   0.74653, 3,    5947.96,  115.8,   0.74653
"SCN_CN15_9018_CEI220_ATV_S", 13.8, 1,     5865.1,   -4.9,   0.73613, 2,    5865.09, -124.9,   0.73613, 3,    5865.09,  115.1,   0.73613
"SCN_CN15_9007_CEI230_ATV_S", 13.8, 1,    7123.72,   -2.0,    0.8941, 2,    7123.71, -122.0,    0.8941, 3,    7123.72,  118.0,    0.8941
"SCN_CN15_9063_CEI77A_ATV_S", 13.8, 1,    7108.52,   -2.0,    0.8922, 2,    7108.52, -122.0,    0.8922, 3,    7108.52,  118.0,    0.8922
"SCN_CN15_9487_CEI109_S", 13.8, 1,    5811.51,   -5.1,   0.72941, 2,     5811.5, -125.1,   0.72941, 3,     5811.5,  114.9,   0.72941
"SCN_CN15_9016_CEI69A_S", 13.8, 1,    5788.41,   -5.1,   0.72651, 2,     5788.4, -125.1,   0.72651, 3,     5788.4,  114.9,   0.72651
"SCN_CN15_9017_CEI074_S", 13.8, 1,    5914.64,   -4.3,   0.74235, 2,    5914.63, -124.3,   0.74235, 3,    5914.63,  115.7,   0.74235
"SCN_CN15_9307_CEI250_ATV_S", 13.8, 1,    6692.31,   -2.8,   0.83996, 2,     6692.3, -122.8,   0.83996, 3,     6692.3,  117.2,   0.83996
"SCN_CN15_9089_CEI77A_ATV_S", 13.8, 1,     7125.2,   -1.9,   0.89429, 2,    7125.19, -121.9,   0.89429, 3,    7125.19,  118.1,   0.89429
"SCN_CN15_9150_CEI109_S", 13.8, 1,    5838.08,   -5.0,   0.73274, 2,    5838.07, -125.0,   0.73274, 3,    5838.07,  115.0,   0.73274
"SCN_CN15_9036_CEI130_ATV_S", 13.8, 1,    6091.08,   -4.0,    0.7645, 2,    6091.07, -124.0,    0.7645, 3,    6091.07,  116.0,    0.7645
"SCN_CN15_9214_CEI77A_ATV_S", 13.8, 1,    7595.96,   -1.2,   0.95338, 2,    7595.96, -121.2,   0.95338, 3,    7595.96,  118.8,   0.95338
"SCN_CN15_9033_CEI148A_ATV_S", 13.8, 1,    5792.09,   -5.1,   0.72697, 2,    5792.08, -125.1,   0.72697, 3,    5792.08,  114.9,   0.72697
"SCN_CN15_9075_CEI230_ATV_S", 13.8, 1,    5948.34,   -4.2,   0.74658, 2,    5948.33, -124.2,   0.74658, 3,    5948.33,  115.8,   0.74658
"SCN_CN15_9498_CEI109_S", 13.8, 1,       5811,   -5.1,   0.72934, 2,    5810.99, -125.1,   0.72934, 3,    5810.99,  114.9,   0.72934
"SCN_CN15_9064_CEI075_S", 13.8, 1,     5948.2,   -4.2,   0.74656, 2,    5948.19, -124.2,   0.74656, 3,    5948.19,  115.8,   0.74656
"SCN_CN15_9171_CEI77A_ATV_S", 13.8, 1,    7595.39,   -1.2,    0.9533, 2,    7595.38, -121.2,    0.9533, 3,    7595.39,  118.8,    0.9533
"SCN_CN15_9032_CEI220_ATV_S", 13.8, 1,    5900.11,   -4.7,   0.74053, 2,    5900.09, -124.7,   0.74053, 3,     5900.1,  115.3,   0.74053
"SCN_CN15_9194_CEI230_ATV_S", 13.8, 1,    5792.27,   -5.1,   0.72699, 2,    5792.26, -125.1,   0.72699, 3,    5792.27,  114.9,   0.72699
"SCN_CN15_9030_CEI148A_ATV_S", 13.8, 1,    5791.04,   -5.1,   0.72684, 2,    5791.03, -125.1,   0.72684, 3,    5791.03,  114.9,   0.72684
"SCN_CN15_9494_CEI109_S", 13.8, 1,    5811.12,   -5.1,   0.72936, 2,    5811.11, -125.1,   0.72936, 3,    5811.11,  114.9,   0.72936
"SCN_CN15_9187_CEI068_S", 13.8, 1,     6343.8,   -3.4,   0.79622, 2,    6343.79, -123.4,   0.79622, 3,     6343.8,  116.6,   0.79622
"SCN_CN15_9306_CEI109_S", 13.8, 1,    5842.99,   -4.9,   0.73336, 2,    5842.98, -124.9,   0.73336, 3,    5842.98,  115.1,   0.73336
"CN_BTS1-13", 13.8, 2,    6348.57, -123.4,   0.79682, 3,    6348.58,  116.6,   0.79682, 8,    6348.58,   -3.4,   0.79682
"CN_DJCN15_CH2353", 13.8, 1,    6348.58,   -3.4,   0.79682, 2,    6348.57, -123.4,   0.79682, 3,    6348.58,  116.6,   0.79682
"SCN_CN15_9033_CEI77A_ATV_S", 13.8, 1,    7117.39,   -2.0,   0.89331, 2,    7117.39, -122.0,   0.89331, 3,    7117.39,  118.0,   0.89331
"SCN_CN15_9013_CEI69B_S", 13.8, 1,    6166.22,   -3.8,   0.77393, 2,    6166.21, -123.8,   0.77393, 3,    6166.22,  116.2,   0.77393
"SCN_CN15_9191_CEI230_ATV_S", 13.8, 1,     5792.4,   -5.1,   0.72701, 2,    5792.39, -125.1,   0.72701, 3,    5792.39,  114.9,   0.72701
"SCN_CN15_9040_CEI070_S", 13.8, 1,    6507.18,   -3.1,   0.81672, 2,    6507.17, -123.1,   0.81672, 3,    6507.18,  116.9,   0.81672
"SCN_CN15_9018_CEI077_ATV_S", 13.8, 1,    7123.51,   -1.9,   0.89408, 2,    7123.51, -121.9,   0.89408, 3,    7123.51,  118.1,   0.89408
"SCN_CN15_9477_CEI109_S", 13.8, 1,    5812.65,   -5.1,   0.72955, 2,    5812.64, -125.1,   0.72955, 3,    5812.64,  114.9,   0.72955
"SCN_CN15_9087_CEI075_S", 13.8, 1,    5934.99,   -4.2,   0.74491, 2,    5934.98, -124.2,    0.7449, 3,    5934.98,  115.8,    0.7449
"SCN_CN15_9156_CEI220_ATV_S", 13.8, 1,    5953.48,   -4.5,   0.74723, 2,    5953.47, -124.5,   0.74723, 3,    5953.47,  115.5,   0.74723
"SCN_CN15_9083_CEI131_ATV_S", 13.8, 1,    5905.93,   -4.6,   0.74126, 2,    5905.91, -124.6,   0.74126, 3,    5905.92,  115.4,   0.74126
"SCN_CN15_9197_CEI77A_ATV_S", 13.8, 1,    7911.23,   -0.4,   0.99295, 2,    7911.23, -120.4,   0.99295, 3,    7911.23,  119.6,   0.99295
"SCN_CN15_9154_CEI109_S", 13.8, 1,    5838.17,   -5.0,   0.73275, 2,    5838.16, -125.0,   0.73275, 3,    5838.17,  115.0,   0.73275
"SCN_CN15_9037_CEI109_S", 13.8, 1,     5900.9,   -4.7,   0.74063, 2,    5900.88, -124.7,   0.74063, 3,    5900.89,  115.3,   0.74063
"SCN_CN15_9003_CEI230_ATV_S", 13.8, 1,    7124.09,   -2.0,   0.89415, 2,    7124.09, -122.0,   0.89415, 3,    7124.09,  118.0,   0.89415
"SCN_CN15_9204_CEI77A_ATV_S", 13.8, 1,    7596.08,   -1.2,   0.95339, 2,    7596.08, -121.2,   0.95339, 3,    7596.08,  118.8,   0.95339
"SCN_CN15_9027_CEI77A_ATV_S", 13.8, 1,    7117.99,   -2.0,   0.89339, 2,    7117.99, -122.0,   0.89339, 3,    7117.99,  118.0,   0.89339
"SCN_CN15_9071_CEI075_S", 13.8, 1,    5925.38,   -4.3,    0.7437, 2,    5925.37, -124.3,    0.7437, 3,    5925.37,  115.7,    0.7437
"SCN_CN15_9068_CEI068_S", 13.8, 1,    6358.94,   -3.3,   0.79812, 2,    6358.93, -123.3,   0.79812, 3,    6358.93,  116.7,   0.79812
"SCN_CN15_9299_CEI109_S", 13.8, 1,    5852.14,   -4.9,   0.73451, 2,    5852.13, -124.9,   0.73451, 3,    5852.13,  115.1,   0.73451
"SCN_CN15_9206_CEI77A_ATV_S", 13.8, 1,    7595.77,   -1.2,   0.95335, 2,    7595.76, -121.2,   0.95335, 3,    7595.76,  118.8,   0.95335
"SCN_CN15_9066_CEI075_S", 13.8, 1,    5925.53,   -4.3,   0.74372, 2,    5925.52, -124.3,   0.74372, 3,    5925.52,  115.7,   0.74372
"SCN_CN15_9090_CEI075_S", 13.8, 1,    5936.99,   -4.2,   0.74516, 2,    5936.97, -124.2,   0.74516, 3,    5936.98,  115.8,   0.74516
"SCN_CN15_9037_CEI130A_ATV_S", 13.8, 1,    6341.92,   -3.4,   0.79598, 2,    6341.91, -123.4,   0.79598, 3,    6341.91,  116.6,   0.79598
"SCN_CN15_9027_CEI077_ATV_S", 13.8, 1,    7117.78,   -1.9,   0.89336, 2,    7117.78, -121.9,   0.89336, 3,    7117.78,  118.1,   0.89336
"SCN_CN15_9003_CEI109_S", 13.8, 1,    6049.01,   -4.1,   0.75922, 2,       6049, -124.1,   0.75922, 3,       6049,  115.9,   0.75922
"SCN_CN15_9027_CEI130A_ATV_S", 13.8, 1,    6342.02,   -3.4,   0.79599, 2,    6342.01, -123.4,   0.79599, 3,    6342.01,  116.6,   0.79599
"SCN_CN15_9034_CEIRJ006_ATV_S", 13.8, 1,    7116.98,   -2.0,   0.89326, 2,    7116.98, -122.0,   0.89326, 3,    7116.98,  118.0,   0.89326
"SCN_CN15_9044_CEI148A_ATV_S", 13.8, 1,    5807.27,   -5.1,   0.72888, 2,    5807.26, -125.1,   0.72887, 3,    5807.26,  114.9,   0.72887
"SCN_CN15_9082_CEI230_ATV_S", 13.8, 1,    5947.97,   -4.2,   0.74654, 2,    5947.96, -124.2,   0.74653, 3,    5947.96,  115.8,   0.74653
"SCN_CN15_9012_CEI072_S", 13.8, 1,    6791.86,   -2.6,   0.85245, 2,    6791.85, -122.6,   0.85245, 3,    6791.86,  117.4,   0.85245
"SCN_CN15_9035_CEI250_ATV_S", 13.8, 1,    6380.38,   -3.3,   0.80081, 2,    6380.37, -123.3,   0.80081, 3,    6380.37,  116.7,   0.80081
"SCN_CN15_9002_CEI230_ATV_S", 13.8, 1,    7124.11,   -2.0,   0.89415, 2,     7124.1, -122.0,   0.89415, 3,     7124.1,  118.0,   0.89415
"SCN_CN15_9010_CEI109_S", 13.8, 1,    5919.93,   -4.7,   0.74302, 2,    5919.92, -124.7,   0.74301, 3,    5919.92,  115.3,   0.74302
"SCN_CN15_9126_CEI201_ATV_S", 13.8, 1,    6048.59,   -4.1,   0.75916, 2,    6048.58, -124.1,   0.75916, 3,    6048.58,  115.9,   0.75916
"SCN_CN15_9174_CEI230_ATV_S", 13.8, 1,    5948.14,   -4.2,   0.74656, 2,    5948.12, -124.2,   0.74655, 3,    5948.13,  115.8,   0.74655
"SCN_CN15_9006_CEI148_ATV_S", 13.8, 1,    6038.37,   -4.1,   0.75788, 2,    6038.36, -124.1,   0.75788, 3,    6038.36,  115.9,   0.75788
"SCN_CN15_9283_CEI109_S", 13.8, 1,    5869.87,   -4.8,   0.73673, 2,    5869.86, -124.8,   0.73673, 3,    5869.86,  115.2,   0.73673
"SCN_CN15_9025_CEI075_S", 13.8, 1,    5949.39,   -4.2,   0.74671, 2,    5949.38, -124.2,   0.74671, 3,    5949.38,  115.8,   0.74671
"SCN_CN15_9022_CEI077_ATV_S", 13.8, 1,    7120.07,   -1.9,   0.89365, 2,    7120.07, -121.9,   0.89365, 3,    7120.07,  118.1,   0.89365
"SCN_CN15_9100_CEI230_ATV_S", 13.8, 1,    6012.52,   -4.1,   0.75464, 2,     6012.5, -124.1,   0.75463, 3,    6012.51,  115.9,   0.75464
"SCN_CN15_9190_CEI230_ATV_S", 13.8, 1,    5792.38,   -5.1,   0.72701, 2,    5792.37, -125.1,   0.72701, 3,    5792.37,  114.9,   0.72701
"SCN_CN15_9425_CEI109_S", 13.8, 1,    5865.74,   -4.9,   0.73621, 2,    5865.72, -124.9,   0.73621, 3,    5865.73,  115.1,   0.73621
"SCN_CN15_9437_CEI109_S", 13.8, 1,    5864.98,   -4.9,   0.73612, 2,    5864.97, -124.9,   0.73612, 3,    5864.97,  115.1,   0.73612
"SCN_CN15_9408_CEI109_S", 13.8, 1,    5823.15,   -5.0,   0.73087, 2,    5823.13, -125.0,   0.73087, 3,    5823.14,  115.0,   0.73087
"SCN_CN15_9045_CEI074_S", 13.8, 1,    5920.18,   -4.3,   0.74305, 2,    5920.17, -124.3,   0.74305, 3,    5920.17,  115.7,   0.74305
"SCN_CN15_9188_CEI230_ATV_S", 13.8, 1,    5792.66,   -5.1,   0.72704, 2,    5792.65, -125.1,   0.72704, 3,    5792.65,  114.9,   0.72704
"SCN_CN15_9050_CEI69B_S", 13.8, 1,    6061.14,   -4.0,   0.76074, 2,    6061.12, -124.0,   0.76074, 3,    6061.13,  116.0,   0.76074
"SCN_CN15_9037_CEI148_ATV_S", 13.8, 1,    6030.22,   -4.1,   0.75686, 2,    6030.21, -124.1,   0.75686, 3,    6030.21,  115.9,   0.75686
"SCN_CN15_9493_CEI109_S", 13.8, 1,     5811.2,   -5.1,   0.72937, 2,    5811.18, -125.1,   0.72937, 3,    5811.19,  114.9,   0.72937
"SCN_CN15_9058_CEI071_S", 13.8, 1,    6689.26,   -2.8,   0.83957, 2,    6689.25, -122.8,   0.83957, 3,    6689.25,  117.2,   0.83957
"SCN_CN15_9048_CEI074_S", 13.8, 1,    5921.63,   -4.3,   0.74323, 2,    5921.62, -124.3,   0.74323, 3,    5921.62,  115.7,   0.74323
"SCN_CN15_9210_CEI109_S", 13.8, 1,     5840.3,   -5.0,   0.73302, 2,    5840.28, -125.0,   0.73302, 3,    5840.29,  115.0,   0.73302
"SCN_CN15_9086_CEI148_ATV_S", 13.8, 1,    5794.08,   -5.1,   0.72722, 2,    5794.07, -125.1,   0.72722, 3,    5794.07,  114.9,   0.72722
"SCN_CN15_9068_CEI148_ATV_S", 13.8, 1,    6027.97,   -4.1,   0.75658, 2,    6027.96, -124.1,   0.75657, 3,    6027.96,  115.9,   0.75657
"SCN_CN15_9038_CEI77A_ATV_S", 13.8, 1,     7116.7,   -2.0,   0.89322, 2,     7116.7, -122.0,   0.89322, 3,     7116.7,  118.0,   0.89322
"SCN_CN15_9165_CEI068_S", 13.8, 1,     6230.6,   -3.6,   0.78201, 2,    6230.59, -123.6,   0.78201, 3,    6230.59,  116.4,   0.78201
"SCN_CN15_9172_CEI068_S", 13.8, 1,    6276.46,   -3.5,   0.78776, 2,    6276.45, -123.5,   0.78776, 3,    6276.46,  116.5,   0.78776
"SCN_CN15_9088_CEI148_ATV_S", 13.8, 1,    5793.16,   -5.1,    0.7271, 2,    5793.14, -125.1,    0.7271, 3,    5793.15,  114.9,    0.7271
"SCN_CN15_9041_CEI148A_ATV_S", 13.8, 1,    5803.38,   -5.1,   0.72839, 2,    5803.37, -125.1,   0.72839, 3,    5803.37,  114.9,   0.72839
"SCN_CN15_9171_CEI69B_S", 13.8, 1,    6049.15,   -4.1,   0.75923, 2,    6049.14, -124.1,   0.75923, 3,    6049.14,  115.9,   0.75923
"SCN_CN15_9041_CEI130A_ATV_S", 13.8, 1,    6341.92,   -3.4,   0.79598, 2,    6341.91, -123.4,   0.79598, 3,    6341.91,  116.6,   0.79598
"SCN_CN15_9177_CEI77A_ATV_S", 13.8, 1,    7594.75,   -1.2,   0.95322, 2,    7594.74, -121.2,   0.95322, 3,    7594.74,  118.8,   0.95322
"SCN_CN15_9135_CEI230_ATV_S", 13.8, 1,     5935.6,   -4.2,   0.74498, 2,    5935.59, -124.2,   0.74498, 3,    5935.59,  115.8,   0.74498
"SCN_CN15_9077_CEI131_ATV_S", 13.8, 1,    5902.06,   -4.7,   0.74077, 2,    5902.05, -124.7,   0.74077, 3,    5902.05,  115.3,   0.74077
"SCN_CN15_9126_CEI77A_ATV_S", 13.8, 1,    7122.63,   -1.9,   0.89397, 2,    7122.62, -121.9,   0.89397, 3,    7122.62,  118.1,   0.89397
"SCN_CN15_9059_CEI77A_ATV_S", 13.8, 1,    7115.73,   -2.0,    0.8931, 2,    7115.73, -122.0,    0.8931, 3,    7115.73,  118.0,    0.8931
"SCN_CN15_9030_CEI77A_ATV_S", 13.8, 1,    7117.64,   -2.0,   0.89334, 2,    7117.63, -122.0,   0.89334, 3,    7117.63,  118.0,   0.89334
"SCN_CN15_9349_CEI109_S", 13.8, 1,    5809.08,   -5.1,    0.7291, 2,    5809.07, -125.1,    0.7291, 3,    5809.07,  114.9,    0.7291
"SCN_CN15_9202_CEI230_ATV_S", 13.8, 1,    5792.99,   -5.1,   0.72708, 2,    5792.97, -125.1,   0.72708, 3,    5792.98,  114.9,   0.72708
"SCN_CN15_9309_CEI109_S", 13.8, 1,    5842.91,   -4.9,   0.73335, 2,     5842.9, -124.9,   0.73335, 3,     5842.9,  115.1,   0.73335
"SCN_CN15_9016_CEI077_ATV_S", 13.8, 1,    7095.79,   -2.0,    0.8906, 2,    7095.79, -122.0,    0.8906, 3,    7095.79,  118.0,    0.8906
"SCN_CN15_9082_CEI148_ATV_S", 13.8, 1,     5795.5,   -5.1,    0.7274, 2,    5795.49, -125.1,    0.7274, 3,     5795.5,  114.9,    0.7274
"SCN_CN15_9105_CEI075_S", 13.8, 1,    5945.93,   -4.2,   0.74628, 2,    5945.91, -124.2,   0.74628, 3,    5945.92,  115.8,   0.74628
"SCN_CN15_9179_CEI77A_ATV_S", 13.8, 1,    7594.53,   -1.2,    0.9532, 2,    7594.53, -121.2,    0.9532, 3,    7594.53,  118.8,    0.9532
"SCN_CN15_9055_CEIRJ006_ATV_S", 13.8, 1,     5925.3,   -4.3,   0.74369, 2,    5925.29, -124.3,   0.74369, 3,    5925.29,  115.7,   0.74369
"SCN_CN15_9076_CEI77A_ATV_S", 13.8, 1,    7097.81,   -2.0,   0.89085, 2,     7097.8, -122.0,   0.89085, 3,     7097.8,  118.0,   0.89085
"SCN_CN15_9097_CEI075_S", 13.8, 1,    5941.52,   -4.2,   0.74573, 2,    5941.51, -124.2,   0.74572, 3,    5941.51,  115.8,   0.74572
"SCN_CN15_9086_CEI075_S", 13.8, 1,    5934.25,   -4.2,   0.74481, 2,    5934.24, -124.2,   0.74481, 3,    5934.24,  115.8,   0.74481
"SCN_CN15_9144_CEI69B_S", 13.8, 1,     6049.2,   -4.1,   0.75924, 2,    6049.19, -124.1,   0.75924, 3,    6049.19,  115.9,   0.75924
"SCN_CN15_9015_CEI109_S", 13.8, 1,    5920.38,   -4.6,   0.74307, 2,    5920.37, -124.6,   0.74307, 3,    5920.37,  115.4,   0.74307
"SCN_CN15_9399_CEI109_S", 13.8, 1,    5813.36,   -5.1,   0.72964, 2,    5813.35, -125.1,   0.72964, 3,    5813.35,  114.9,   0.72964
"SCN_CN15_9094_CEI230_ATV_S", 13.8, 1,    6012.46,   -4.1,   0.75463, 2,    6012.45, -124.1,   0.75463, 3,    6012.45,  115.9,   0.75463
"SCN_CN15_9200_CEI109_S", 13.8, 1,    5839.19,   -5.0,   0.73288, 2,    5839.18, -125.0,   0.73288, 3,    5839.18,  115.0,   0.73288
"SCN_CN15_9480_CEI109_S", 13.8, 1,    5812.28,   -5.1,   0.72951, 2,    5812.27, -125.1,    0.7295, 3,    5812.27,  114.9,    0.7295
"SCN_CN15_9006_CEI134_ATV_S", 13.8, 1,    5897.82,   -4.7,   0.74024, 2,     5897.8, -124.7,   0.74024, 3,    5897.81,  115.3,   0.74024
"SCN_CN15_9098_CEI072_S", 13.8, 1,    6948.85,   -2.3,   0.87216, 2,    6948.85, -122.3,   0.87216, 3,    6948.85,  117.7,   0.87216
"SCN_CN15_9098_CEI068", 13.8, 1,    6404.51,   -3.3,   0.80384, 2,     6404.5, -123.3,   0.80384, 3,    6404.51,  116.7,   0.80384
"SCN_CN15_9089_CEI068", 13.8, 1,    6366.82,   -3.3,   0.79911, 2,    6366.81, -123.3,    0.7991, 3,    6366.81,  116.7,    0.7991
"SCN_CN15_9031_CEI148_ATV_S", 13.8, 1,    6030.56,   -4.1,    0.7569, 2,    6030.55, -124.1,    0.7569, 3,    6030.55,  115.9,    0.7569
"SCN_CN15_9040_CEI77A_ATV_S", 13.8, 1,    7116.65,   -2.0,   0.89322, 2,    7116.64, -122.0,   0.89322, 3,    7116.65,  118.0,   0.89322
"SCN_CN15_9135_CEI77A_ATV_S", 13.8, 1,    7254.05,   -1.7,   0.91046, 2,    7254.04, -121.7,   0.91046, 3,    7254.05,  118.3,   0.91046
"SCN_CN15_9004_CEI160_ATV_S", 13.8, 1,    6031.39,   -4.2,   0.75701, 2,    6031.38, -124.2,     0.757, 3,    6031.38,  115.8,     0.757
"SCN_CN15_9029_CEI074_S", 13.8, 1,    5915.87,   -4.3,   0.74251, 2,    5915.86, -124.3,   0.74251, 3,    5915.86,  115.7,   0.74251
"SCN_CN15_9043_CEI148_ATV_S", 13.8, 1,    6029.25,   -4.1,   0.75674, 2,    6029.23, -124.1,   0.75673, 3,    6029.24,  115.9,   0.75674
"SCN_CN15_9023_CEI074_S", 13.8, 1,    5915.09,   -4.3,   0.74241, 2,    5915.07, -124.3,   0.74241, 3,    5915.08,  115.7,   0.74241
"SCN_CN15_9003_CEI076_S", 13.8, 1,    6370.62,   -3.3,   0.79958, 2,    6370.61, -123.3,   0.79958, 3,    6370.61,  116.7,   0.79958
"SCN_CN15_9043_CEI250_ATV_S", 13.8, 1,    6379.82,   -3.3,   0.80074, 2,    6379.81, -123.3,   0.80074, 3,    6379.81,  116.7,   0.80074
"SCN_CN15_9032_CEI69B", 13.8, 1,    6101.01,   -3.9,   0.76574, 2,       6101, -123.9,   0.76574, 3,       6101,  116.1,   0.76574
"SCN_CN15_9050_CEI070", 13.8, 1,    6418.35,   -3.2,   0.80557, 2,    6418.34, -123.2,   0.80557, 3,    6418.35,  116.8,   0.80557
"SCN_CN15_9023_CEI077_ATV_S", 13.8, 1,    7119.25,   -1.9,   0.89354, 2,    7119.24, -121.9,   0.89354, 3,    7119.24,  118.1,   0.89354
"SCN_CN15_9302_CEI109_S", 13.8, 1,    5847.66,   -4.9,   0.73395, 2,    5847.65, -124.9,   0.73394, 3,    5847.65,  115.1,   0.73394
"SCN_CN15_9030_CEIRJ006_ATV_S", 13.8, 1,     7114.8,   -2.0,   0.89299, 2,     7114.8, -122.0,   0.89299, 3,     7114.8,  118.0,   0.89299
"SCN_CN15_9102_CEI075_S", 13.8, 1,    5943.72,   -4.2,     0.746, 2,    5943.71, -124.2,     0.746, 3,    5943.71,  115.8,     0.746
"SCN_CN15_9175_CEI69B_S", 13.8, 1,    6049.44,   -4.1,   0.75927, 2,    6049.43, -124.1,   0.75927, 3,    6049.43,  115.9,   0.75927
"SCN_CN15_9077_CEI075_S", 13.8, 1,    5929.04,   -4.3,   0.74416, 2,    5929.03, -124.3,   0.74416, 3,    5929.03,  115.7,   0.74416
"SCN_CN15_9023_CEI130_ATV_S", 13.8, 1,    6146.15,   -3.8,   0.77141, 2,    6146.14, -123.8,   0.77141, 3,    6146.15,  116.2,   0.77141
"SCN_CN15_9031_CEI77A_ATV_S", 13.8, 1,    7117.55,   -2.0,   0.89333, 2,    7117.54, -122.0,   0.89333, 3,    7117.55,  118.0,   0.89333
"SCN_CN15_9095_CEI77A_ATV_S", 13.8, 1,    7136.13,   -1.9,   0.89566, 2,    7136.13, -121.9,   0.89566, 3,    7136.13,  118.1,   0.89566
"SCN_CN15_9102_CEI068_S", 13.8, 1,    6380.42,   -3.3,   0.80081, 2,    6380.41, -123.3,   0.80081, 3,    6380.41,  116.7,   0.80081
"SCN_CN15_9040_CEI148_ATV_S", 13.8, 1,     6029.7,   -4.1,   0.75679, 2,    6029.69, -124.1,   0.75679, 3,    6029.69,  115.9,   0.75679
"SCN_CN15_9308_CEI250_ATV_S", 13.8, 1,    6692.13,   -2.8,   0.83994, 2,    6692.12, -122.8,   0.83993, 3,    6692.12,  117.2,   0.83993
"SCN_CN15_9009_CEI134C_ATV_S", 13.8, 1,    5875.41,   -4.8,   0.73743, 2,     5875.4, -124.8,   0.73743, 3,     5875.4,  115.2,   0.73743
"SCN_CN15_9172_CEI77A_ATV_S", 13.8, 1,     7595.1,   -1.2,   0.95327, 2,     7595.1, -121.2,   0.95327, 3,     7595.1,  118.8,   0.95327
"SCN_CN15_9481_CEI109_S", 13.8, 1,    5812.15,   -5.1,   0.72949, 2,    5812.14, -125.1,   0.72949, 3,    5812.14,  114.9,   0.72949
"SCN_CN15_9009_CEI075_S", 13.8, 1,    5953.06,   -4.2,   0.74717, 2,    5953.05, -124.2,   0.74717, 3,    5953.05,  115.8,   0.74717
"SCN_CN15_9283_CEI250_ATV_S", 13.8, 1,    6672.78,   -2.8,   0.83751, 2,    6672.77, -122.8,   0.83751, 3,    6672.77,  117.2,   0.83751
"SCN_CN15_9169_CEI77A_ATV_S", 13.8, 1,    7596.72,   -1.1,   0.95347, 2,    7596.71, -121.1,   0.95347, 3,    7596.71,  118.9,   0.95347
"SCN_CN15_9197_CEI230_ATV_BT_FP1074", 0.38, 1,    155.605,   -7.3,   0.70925, 2,    155.604, -127.3,   0.70925, 3,    155.604,  112.7,   0.70925
"SCN_CN15_9198_CEI109_BT_FX8231", 0.38, 1,    153.581,   -7.9,   0.70003, 2,     153.58, -127.9,   0.70002, 3,    153.581,  112.1,   0.70002
"SCN_CN15_9031_CEI250_ATV_BT_FT4575", 0.38, 1,    167.639,   -6.3,    0.7641, 2,    167.638, -126.3,    0.7641, 3,    167.638,  113.7,    0.7641
"SCN_CN15_9031_CEI69B_BT_FZ2489", 0.38, 1,    160.513,   -6.9,   0.73162, 2,    160.513, -126.9,   0.73162, 3,    160.513,  113.1,   0.73162
"SCN_CN15_9032_CEI148_ATV_BT_FZ1030", 0.38, 1,    158.588,   -7.1,   0.72285, 2,    158.587, -127.1,   0.72285, 3,    158.587,  112.9,   0.72285
"SCN_CN15_9032_CEI160_ATV_BT_FX4690", 0.38, 1,    158.516,   -7.1,   0.72252, 2,    158.516, -127.1,   0.72252, 3,    158.516,  112.9,   0.72252
"SCN_CN15_9023_CEI201_ATV_BT_FIC1244", 0.38, 1,    152.697,   -8.0,     0.696, 2,    152.697, -128.0,     0.696, 3,    152.697,  112.0,     0.696
"SCN_CN15_9023_CEI77A_ATV_BT_FM0468", 0.38, 1,    186.957,   -5.0,   0.85216, 2,    186.957, -125.0,   0.85216, 3,    186.957,  115.0,   0.85216
"SCN_CN15_9023_CEIRJ006_ATV_BT_FP1075", 0.38, 1,    183.545,   -5.2,    0.8366, 2,    183.545, -125.2,    0.8366, 3,    183.545,  114.8,    0.8366
"SCN_CN15_9024_CEI077_ATV_BT_FX9171", 0.38, 1,    187.021,   -5.0,   0.85245, 2,    187.021, -125.0,   0.85245, 3,    187.021,  115.0,   0.85245
"SCN_CN15_9031_CEI230B_ATV_BT_FP0945", 0.38, 1,    155.742,   -7.2,   0.70988, 2,    155.741, -127.2,   0.70987, 3,    155.741,  112.8,   0.70987
"SCN_CN15_9191_CEI109_BT_FIC1332", 0.38, 1,    153.578,   -7.9,   0.70001, 2,    153.578, -127.9,   0.70001, 3,    153.578,  112.1,   0.70001
"SCN_CN15_9193_CEI230_ATV_BT_FT0380", 0.38, 1,    152.366,   -8.1,   0.69449, 2,    152.366, -128.1,   0.69449, 3,    152.366,  111.9,   0.69449
"SCN_CN15_9193_CEI77A_ATV_BT_FF6328", 0.38, 1,    205.448,   -3.6,   0.93644, 2,    205.448, -123.6,   0.93644, 3,    205.448,  116.4,   0.93644
"SCN_CN15_9025_CEI134B_ATV_BT_FP0958", 0.38, 1,    154.587,   -7.7,   0.70461, 2,    154.587, -127.7,   0.70461, 3,    154.587,  112.3,   0.70461
"SCN_CN15_9025_CEI230B_ATV_BT_FIC1248", 0.38, 1,    155.664,   -7.2,   0.70952, 2,    155.664, -127.2,   0.70952, 3,    155.664,  112.8,   0.70952
"SCN_CN15_9026_CEI068_BT_FM1100", 0.38, 1,    166.894,   -6.3,   0.76071, 2,    166.894, -126.3,   0.76071, 3,    166.894,  113.7,   0.76071
"SCN_CN15_9026_CEI077_ATV_BT_FZ2813", 0.38, 1,    186.985,   -5.0,   0.85228, 2,    186.985, -125.0,   0.85228, 3,    186.985,  115.0,   0.85228
"SCN_CN15_9036_CEI201_ATV_BT_FIC1260", 0.38, 1,    152.779,   -8.0,   0.69637, 2,    152.779, -128.0,   0.69637, 3,    152.779,  112.0,   0.69637
"SCN_CN15_9037_CEI076_BT_FIC1261", 0.38, 1,    167.232,   -6.3,   0.76225, 2,    167.231, -126.3,   0.76225, 3,    167.232,  113.7,   0.76225
"SCN_CN15_9037_CEI134B_ATV_BT_FP0959", 0.38, 1,    154.551,   -7.7,   0.70445, 2,    154.551, -127.7,   0.70445, 3,    154.551,  112.3,   0.70445
"SCN_CN15_9037_CEI160_ATV_BT_FT4513", 0.38, 1,    158.963,   -7.0,   0.72456, 2,    158.963, -127.0,   0.72456, 3,    158.963,  113.0,   0.72456
"SCN_CN15_9038_CEIRJ006_ATV_BT_FP5672", 0.38, 1,    187.579,   -4.9,   0.85499, 2,    187.579, -124.9,   0.85499, 3,    187.579,  115.1,   0.85499
"SCN_CN15_9039_CEI130_ATV_BT_FF0639", 0.38, 1,    160.165,   -7.0,   0.73004, 2,    160.165, -127.0,   0.73004, 3,    160.165,  113.0,   0.73004
"SCN_CN15_9192_CEI230_ATV_BT_FP3255", 0.38, 1,    152.366,   -8.1,   0.69449, 2,    152.366, -128.1,   0.69449, 3,    152.366,  111.9,   0.69449
"SCN_CN15_9317_CEI068_BT_FIC1358", 0.38, 1,    167.476,   -6.3,   0.76336, 2,    167.476, -126.3,   0.76336, 3,    167.476,  113.7,   0.76336
"SCN_CN15_9035_CEI068_BT_FIC1341", 0.38, 1,    166.906,   -6.3,   0.76076, 2,    166.906, -126.3,   0.76076, 3,    166.906,  113.7,   0.76076
"SCN_CN15_9454_CEI109_BT_FX4223", 0.38, 1,    154.257,   -7.8,   0.70311, 2,    154.257, -127.8,   0.70311, 3,    154.257,  112.2,   0.70311
"SCN_CN15_9032_CEI77A_ATV_BT_FT4299", 0.38, 1,    186.978,   -5.0,   0.85225, 2,    186.978, -125.0,   0.85225, 3,    186.978,  115.0,   0.85225
"SCN_CN15_9032_CEIRJ006_ATV_BT_FX2587", 0.38, 1,    186.905,   -5.0,   0.85192, 2,    186.905, -125.0,   0.85192, 3,    186.905,  115.0,   0.85192
"SCN_CN15_9036_CEI148A_ATV_BT_FX0776", 0.38, 1,    152.627,   -8.0,   0.69568, 2,    152.627, -128.0,   0.69568, 3,    152.627,  112.0,   0.69568
"SCN_CN15_9216_CEI109_BT_FX4012", 0.38, 1,    153.614,   -7.9,   0.70017, 2,    153.613, -127.9,   0.70017, 3,    153.613,  112.1,   0.70017
"SCN_CN15_9216_CEI77A_ATV_BT_FT5352", 0.38, 1,    199.473,   -4.2,   0.90921, 2,    199.473, -124.2,    0.9092, 3,    199.473,  115.8,   0.90921
"SCN_CN15_9495_CEI109_BT_FT0758", 0.38, 1,    152.859,   -8.0,   0.69674, 2,    152.859, -128.0,   0.69674, 3,    152.859,  112.0,   0.69674
"SCN_CN15_9493_CEI109_BT_FX4148", 0.38, 1,    152.858,   -8.0,   0.69673, 2,    152.858, -128.0,   0.69673, 3,    152.858,  112.0,   0.69673
"SCN_CN15_9181_CEI068_BT_FP0930", 0.38, 1,    165.634,   -6.4,   0.75497, 2,    165.634, -126.4,   0.75496, 3,    165.634,  113.6,   0.75496
"SCN_CN15_9075_CEI77A_ATV_BT_FX2534", 0.38, 1,    186.484,   -5.0,      0.85, 2,    186.484, -125.0,      0.85, 3,    186.484,  115.0,      0.85
"SCN_CN15_9114_CEI77A_ATV_BT_FP8843", 0.38, 1,    187.416,   -4.9,   0.85425, 2,    187.416, -124.9,   0.85425, 3,    187.416,  115.1,   0.85425
"SCN_CN15_9041_CEI070_BT_FT4529", 0.38, 1,    171.035,   -6.1,   0.77958, 2,    171.035, -126.1,   0.77958, 3,    171.035,  113.9,   0.77958
"SCN_CN15_9044_CEI070_BT_FT4701", 0.38, 1,    170.358,   -6.1,   0.77649, 2,    170.357, -126.1,   0.77649, 3,    170.357,  113.9,   0.77649
"SCN_CN15_9069_CEI072_BT_FT8576", 0.38, 1,    181.321,   -5.4,   0.82647, 2,    181.321, -125.4,   0.82647, 3,    181.321,  114.6,   0.82647
"SCN_CN15_9198_CEI69A_BT_FX8688", 0.38, 1,     159.05,   -7.0,   0.72496, 2,     159.05, -127.0,   0.72495, 3,     159.05,  113.0,   0.72495
"SCN_CN15_421166_CEI_BT_FT6400", 0.38, 1,    158.902,   -7.0,   0.72428, 2,    158.902, -127.0,   0.72428, 3,    158.902,  113.0,   0.72428
"SCN_CN15_9069_CEI075_BT_FZ2703", 0.38, 1,    155.795,   -7.2,   0.71012, 2,    155.795, -127.2,   0.71012, 3,    155.795,  112.8,   0.71012
"SCN_CN15_9052_CEI070_BT_FZ1968", 0.38, 1,     170.68,   -6.1,   0.77796, 2,    170.679, -126.1,   0.77796, 3,    170.679,  113.9,   0.77796
"SCN_CN15_9052_CEI77A_ATV_BT_FP0911", 0.38, 1,    186.968,   -5.0,   0.85221, 2,    186.968, -125.0,    0.8522, 3,    186.968,  115.0,    0.8522
"SCN_CN15_9052_CEIRJ006_ATV_BT_FX2678", 0.38, 1,    156.764,   -7.1,   0.71453, 2,    156.763, -127.1,   0.71453, 3,    156.763,  112.9,   0.71453
"SCN_CN15_9054_CEI201_ATV_BT_FX2395", 0.38, 1,    152.912,   -8.0,   0.69698, 2,    152.911, -128.0,   0.69697, 3,    152.911,  112.0,   0.69697
"SCN_CN15_9201_CEI230_ATV_BT_FP4528", 0.38, 1,    155.609,   -7.2,   0.70927, 2,    155.608, -127.2,   0.70927, 3,    155.608,  112.8,   0.70927
"SCN_CN15_9205_CEI230_ATV_BT_FX3973", 0.38, 1,    152.382,   -8.1,   0.69456, 2,    152.382, -128.1,   0.69456, 3,    152.382,  111.9,   0.69456
"SCN_CN15_9207_CEI77A_ATV_BT_FX5103", 0.38, 1,    199.468,   -4.2,   0.90918, 2,    199.468, -124.2,   0.90918, 3,    199.468,  115.8,   0.90918
"SCN_CN15_9208_CEI230_ATV_BT_FIC1339", 0.38, 1,    155.605,   -7.3,   0.70925, 2,    155.604, -127.3,   0.70925, 3,    155.604,  112.7,   0.70925
"SCN_CN15_9208_CEI77A_ATV_BT_FX2297", 0.38, 1,    199.467,   -4.2,   0.90918, 2,    199.467, -124.2,   0.90918, 3,    199.467,  115.8,   0.90918
"SCN_CN15_9210_CEI109_BT_FT8348", 0.38, 1,    153.618,   -7.9,    0.7002, 2,    153.618, -127.9,   0.70019, 3,    153.618,  112.1,    0.7002
"SCN_CN15_9071_CEI070_BT_FT3791", 0.38, 1,     171.95,   -6.0,   0.78375, 2,     171.95, -126.0,   0.78375, 3,     171.95,  114.0,   0.78375
"SCN_CN15_9074_CEI074_BT_FT4303", 0.38, 1,    155.603,   -7.3,   0.70924, 2,    155.603, -127.3,   0.70924, 3,    155.603,  112.7,   0.70924
"SCN_CN15_9053_CEI148_ATV_BT_FZ2486", 0.38, 1,    158.606,   -7.1,   0.72293, 2,    158.606, -127.1,   0.72293, 3,    158.606,  112.9,   0.72293
"SCN_CN15_9053_CEI201_ATV_BT_FT5469", 0.38, 1,    152.869,   -8.0,   0.69678, 2,    152.869, -128.0,   0.69678, 3,    152.869,  112.0,   0.69678
"SCN_CN15_9053_CEI77A_ATV_BT_FZ7732", 0.38, 1,    187.023,   -5.0,   0.85246, 2,    187.023, -125.0,   0.85246, 3,    187.023,  115.0,   0.85246
"SCN_CN15_9053_CEIRJ006_ATV_BT_FP1050", 0.38, 1,    156.466,   -7.1,   0.71318, 2,    156.466, -127.1,   0.71318, 3,    156.466,  112.9,   0.71318
"SCN_CN15_9056_CEI77A_ATV_BT_FX4048", 0.38, 1,    187.097,   -5.0,   0.85279, 2,    187.097, -125.0,   0.85279, 3,    187.097,  115.0,   0.85279
"SCN_CN15_9057_CEIRJ006_ATV_BT_FX2280", 0.38, 1,    155.836,   -7.2,   0.71031, 2,    155.836, -127.2,    0.7103, 3,    155.836,  112.8,    0.7103
"SCN_CN15_9058_CEI220_ATV_BT_FP0953", 0.38, 1,    156.271,   -7.5,   0.71229, 2,    156.271, -127.5,   0.71229, 3,    156.271,  112.5,   0.71229
"SCN_CN15_9058_CEIRJ006_ATV_BT_FX2132", 0.38, 1,    155.653,   -7.2,   0.70947, 2,    155.653, -127.2,   0.70947, 3,    155.653,  112.8,   0.70947
"SCN_CN15_9059_CEI068_BT_FZ2495", 0.38, 1,    167.076,   -6.3,   0.76154, 2,    167.075, -126.3,   0.76153, 3,    167.075,  113.7,   0.76153
"SCN_CN15_9059_CEI070_BT_FX5487", 0.38, 1,    171.685,   -6.0,   0.78255, 2,    171.685, -126.0,   0.78255, 3,    171.685,  114.0,   0.78255
"SCN_CN15_9059_CEI160_ATV_BT_FP0841", 0.38, 1,     175.93,   -5.8,   0.80189, 2,     175.93, -125.8,   0.80189, 3,     175.93,  114.2,   0.80189
"SCN_CN15_9059_CEI230_ATV_BT_FF0584", 0.38, 1,    187.115,   -4.9,   0.85288, 2,    187.115, -124.9,   0.85288, 3,    187.115,  115.1,   0.85288
"SCN_CN15_9059_CEIRJ006_ATV_BT_FX4540", 0.38, 1,    155.571,   -7.3,    0.7091, 2,    155.571, -127.3,    0.7091, 3,    155.571,  112.7,    0.7091
"SCN_CN15_9060_CEI072_BT_FZ0201", 0.38, 1,    180.781,   -5.4,   0.82401, 2,    180.781, -125.4,   0.82401, 3,    180.781,  114.6,   0.82401
"SCN_CN15_9060_CEI148_ATV_BT_FX2155", 0.38, 1,    158.575,   -7.1,   0.72279, 2,    158.575, -127.1,   0.72279, 3,    158.575,  112.9,   0.72279
"SCN_CN15_9060_CEI160_ATV_BT_FP0842", 0.38, 1,    175.902,   -5.8,   0.80177, 2,    175.902, -125.8,   0.80176, 3,    175.902,  114.2,   0.80176
"SCN_CN15_9060_CEI77A_ATV_BT_FP1082", 0.38, 1,    186.931,   -5.0,   0.85203, 2,     186.93, -125.0,   0.85203, 3,     186.93,  115.0,   0.85203
"SCN_CN15_9060_CEIRJ006_ATV_BT_FT6095", 0.38, 1,    155.561,   -7.3,   0.70905, 2,    155.561, -127.3,   0.70905, 3,    155.561,  112.7,   0.70905
"SCN_CN15_9024_CEI109_BT_FP8543", 0.38, 1,    155.705,   -7.6,   0.70971, 2,    155.705, -127.6,   0.70971, 3,    155.705,  112.4,   0.70971
"SCN_CN15_9027_CEI220_ATV_BT_FT4755", 0.38, 1,    153.569,   -7.9,   0.69997, 2,    153.568, -127.9,   0.69997, 3,    153.569,  112.1,   0.69997
"SCN_CN15_9028_CEI134B_ATV_BT_FIC1249", 0.38, 1,    154.586,   -7.7,   0.70461, 2,    154.586, -127.7,   0.70461, 3,    154.586,  112.3,   0.70461
"SCN_CN15_9028_CEI134C_ATV_BT_FP0962", 0.38, 1,    154.482,   -7.7,   0.70414, 2,    154.482, -127.7,   0.70413, 3,    154.482,  112.3,   0.70413
"SCN_CN15_9054_CEIRJ006_ATV_BT_FP0937", 0.38, 1,     156.42,   -7.1,   0.71297, 2,     156.42, -127.1,   0.71297, 3,     156.42,  112.9,   0.71297
"SCN_CN15_9049_CEI109_BT_FX0200", 0.38, 1,    155.243,   -7.6,    0.7076, 2,    155.243, -127.6,    0.7076, 3,    155.243,  112.4,    0.7076
"SCN_CN15_9240_CEI068_BT_FZ9166", 0.38, 1,    167.075,   -6.3,   0.76153, 2,    167.074, -126.3,   0.76153, 3,    167.074,  113.7,   0.76153
"SCN_CN15_9240_CEI109_BT_FZ7004", 0.38, 1,    153.672,   -7.9,   0.70044, 2,    153.672, -127.9,   0.70044, 3,    153.672,  112.1,   0.70044
"SCN_CN15_9245_CEI109_BT_FZ7003", 0.38, 1,    153.607,   -7.9,   0.70015, 2,    153.607, -127.9,   0.70014, 3,    153.607,  112.1,   0.70014
"SCN_CN15_9547_CEI109_BT_FX2538", 0.38, 1,    155.575,   -7.6,   0.70912, 2,    155.575, -127.6,   0.70911, 3,    155.575,  112.4,   0.70911
"SCN_CN15_9570_CEI109_BT_FX2453", 0.38, 1,    154.944,   -7.7,   0.70624, 2,    154.944, -127.7,   0.70624, 3,    154.944,  112.3,   0.70624
"SCN_CN15_9003_CEI076_BT_FX0673", 0.38, 1,     167.47,   -6.3,   0.76333, 2,     167.47, -126.3,   0.76333, 3,     167.47,  113.7,   0.76333
"SCN_CN15_9020_CEI075_BT_FZ0734", 0.38, 1,    156.494,   -7.1,   0.71331, 2,    156.494, -127.1,    0.7133, 3,    156.494,  112.9,    0.7133
"SCN_CN15_9199_CEI77A_ATV_BT_FIC1336", 0.38, 1,    208.087,   -3.4,   0.94847, 2,    208.087, -123.4,   0.94847, 3,    208.087,  116.6,   0.94847
"SCN_CN15_9200_CEI77A_ATV_BT_FP7913", 0.38, 1,    199.468,   -4.2,   0.90918, 2,    199.468, -124.2,   0.90918, 3,    199.468,  115.8,   0.90918
"SCN_CN15_9092_CEI77A_ATV_BT_FM0378", 0.38, 1,    187.361,   -4.9,     0.854, 2,    187.361, -124.9,     0.854, 3,    187.361,  115.1,     0.854
"SCN_CN15_9058_CEI071_BT_FX4285", 0.38, 1,    175.792,   -5.8,   0.80127, 2,    175.792, -125.8,   0.80127, 3,    175.792,  114.2,   0.80127
"SCN_CN15_9070_CEIRJ006_ATV_BT_FP3432", 0.38, 1,    152.363,   -8.1,   0.69447, 2,    152.362, -128.1,   0.69447, 3,    152.362,  111.9,   0.69447
"SCN_CN15_9071_CEI201_ATV_BT_FX8727", 0.38, 1,    152.784,   -8.0,   0.69639, 2,    152.784, -128.0,   0.69639, 3,    152.784,  112.0,   0.69639
"SCN_CN15_9071_CEI230_ATV_BT_FT4309", 0.38, 1,     156.42,   -7.1,   0.71297, 2,     156.42, -127.1,   0.71296, 3,     156.42,  112.9,   0.71296
"SCN_CN15_9071_CEI77A_ATV_BT_FP1055", 0.38, 1,    186.577,   -5.0,   0.85042, 2,    186.577, -125.0,   0.85042, 3,    186.577,  115.0,   0.85042
"SCN_CN15_9071_CEIRJ006_ATV_BT_FX4147", 0.38, 1,    152.366,   -8.1,   0.69449, 2,    152.366, -128.1,   0.69449, 3,    152.366,  111.9,   0.69449
"SCN_CN15_9072_CEI148_ATV_BT_FT4531", 0.38, 1,    158.516,   -7.1,   0.72252, 2,    158.516, -127.1,   0.72252, 3,    158.516,  112.9,   0.72252
"SCN_CN15_9074_CEI148_ATV_BT_FT4703", 0.38, 1,    158.517,   -7.1,   0.72252, 2,    158.517, -127.1,   0.72252, 3,    158.517,  112.9,   0.72252
"SCN_CN15_9075_CEI131_ATV_BT_FP0963", 0.38, 1,     155.26,   -7.6,   0.70768, 2,    155.259, -127.6,   0.70768, 3,    155.259,  112.4,   0.70768
"SCN_CN15_9075_CEI201_ATV_BT_FX4479", 0.38, 1,    152.328,   -8.1,   0.69432, 2,    152.328, -128.1,   0.69431, 3,    152.328,  111.9,   0.69431
"SCN_CN15_9075_CEI220_ATV_BT_FP0952", 0.38, 1,    156.355,   -7.5,   0.71267, 2,    156.355, -127.5,   0.71267, 3,    156.355,  112.5,   0.71267
"SCN_CN15_9076_CEI77A_ATV_BT_FIC1291", 0.38, 1,    186.463,   -5.0,   0.84991, 2,    186.463, -125.0,    0.8499, 3,    186.463,  115.0,    0.8499
"SCN_CN15_9040_CEI068_BT_FZ0145", 0.38, 1,     166.93,   -6.3,   0.76087, 2,     166.93, -126.3,   0.76087, 3,     166.93,  113.7,   0.76087
"SCN_CN15_9077_CEI068_BT_FZ2493", 0.38, 1,    167.268,   -6.3,   0.76241, 2,    167.268, -126.3,   0.76241, 3,    167.268,  113.7,   0.76241
"SCN_CN15_9078_CEI074_BT_FZ3293", 0.38, 1,     155.62,   -7.2,   0.70932, 2,    155.619, -127.2,   0.70932, 3,    155.619,  112.8,   0.70932
"SCN_CN15_9078_CEI230_ATV_BT_FP0931", 0.38, 1,    156.434,   -7.1,   0.71303, 2,    156.434, -127.1,   0.71303, 3,    156.434,  112.9,   0.71303
"SCN_CN15_9082_CEI201_ATV_BT_FIC1296", 0.38, 1,    158.532,   -7.1,   0.72259, 2,    158.531, -127.1,   0.72259, 3,    158.531,  112.9,   0.72259
"SCN_CN15_9079_CEI77A_ATV_BT_FX2426", 0.38, 1,    186.432,   -5.0,   0.84976, 2,    186.432, -125.0,   0.84976, 3,    186.432,  115.0,   0.84976
"SCN_CN15_9080_CEI131_ATV_BT_FT1998", 0.38, 1,    155.163,   -7.6,   0.70724, 2,    155.163, -127.6,   0.70724, 3,    155.163,  112.4,   0.70724
"SCN_CN15_9080_CEI201_ATV_BT_FP5721", 0.38, 1,    158.531,   -7.1,   0.72259, 2,    158.531, -127.1,   0.72259, 3,    158.531,  112.9,   0.72259
"SCN_CN15_9082_CEI220_ATV_BT_FT4747", 0.38, 1,    156.472,   -7.5,    0.7132, 2,    156.471, -127.5,    0.7132, 3,    156.471,  112.5,    0.7132
"SCN_CN15_9082_CEI77A_ATV_BT_FF0601", 0.38, 1,    186.683,   -5.0,   0.85091, 2,    186.683, -125.0,   0.85091, 3,    186.683,  115.0,   0.85091
"SCN_CN15_9084_CEI071_BT_FIC1297", 0.38, 1,    175.766,   -5.8,   0.80115, 2,    175.766, -125.8,   0.80115, 3,    175.766,  114.2,   0.80115
"SCN_CN15_9038_CEI77A_ATV_BT_FP0916", 0.38, 1,    186.957,   -5.0,   0.85216, 2,    186.957, -125.0,   0.85215, 3,    186.957,  115.0,   0.85215
"SCN_CN15_9416_CEI109_BT_FT4129", 0.38, 1,    153.438,   -7.9,   0.69938, 2,    153.438, -127.9,   0.69937, 3,    153.438,  112.1,   0.69937
"SCN_CN15_9028_CEI148A_ATV_BT_FU0372", 0.38, 1,     152.33,   -8.1,   0.69432, 2,    152.329, -128.1,   0.69432, 3,     152.33,  111.9,   0.69432
"SCN_CN15_9028_CEI167_ATV_BT_FF1964", 0.38, 1,    186.468,   -5.0,   0.84993, 2,    186.468, -125.0,   0.84993, 3,    186.468,  115.0,   0.84993
"SCN_CN15_9028_CEI201_ATV_BT_FW2876", 0.38, 1,    152.729,   -8.0,   0.69614, 2,    152.729, -128.0,   0.69614, 3,    152.729,  112.0,   0.69614
"SCN_CN15_9028_CEI220_ATV_BT_FT4797", 0.38, 1,    153.566,   -7.9,   0.69996, 2,    153.565, -127.9,   0.69996, 3,    153.566,  112.1,   0.69996
"SCN_CN15_9028_CEI69A_BT_FZ2483", 0.38, 1,    152.294,   -8.1,   0.69416, 2,    152.293, -128.1,   0.69416, 3,    152.293,  111.9,   0.69416
"SCN_CN15_9029_CEI077_ATV_BT_FP0897", 0.38, 1,    186.975,   -5.0,   0.85224, 2,    186.975, -125.0,   0.85224, 3,    186.975,  115.0,   0.85224
"SCN_CN15_9029_CEI134B_ATV_BT_FT2705", 0.38, 1,    154.617,   -7.7,   0.70475, 2,    154.617, -127.7,   0.70475, 3,    154.617,  112.3,   0.70475
"SCN_CN15_9466_CEI109_BT_FX0201", 0.38, 1,    154.258,   -7.8,   0.70311, 2,    154.257, -127.8,   0.70311, 3,    154.257,  112.2,   0.70311
"SCN_CN15_9480_CEI109_BT_FZ3481", 0.38, 1,    152.886,   -8.0,   0.69686, 2,    152.886, -128.0,   0.69686, 3,    152.886,  112.0,   0.69686
"SCN_CN15_9488_CEI109_BT_FX2217", 0.38, 1,    152.866,   -8.0,   0.69677, 2,    152.866, -128.0,   0.69677, 3,    152.866,  112.0,   0.69677
"SCN_CN15_9489_CEI109_BT_FX2216", 0.38, 1,    152.866,   -8.0,   0.69677, 2,    152.865, -128.0,   0.69676, 3,    152.865,  112.0,   0.69676
"SCN_CN15_9026_CEI074_BT_FZ1688", 0.38, 1,     155.58,   -7.3,   0.70914, 2,     155.58, -127.3,   0.70914, 3,     155.58,  112.7,   0.70914
"SCN_CN15_9098_CEI072_BT_FX8503", 0.38, 1,    182.573,   -5.3,   0.83217, 2,    182.573, -125.3,   0.83217, 3,    182.573,  114.7,   0.83217
"SCN_CN15_9062_CEI071_BT_FZ5926", 0.38, 1,    175.776,   -5.8,   0.80119, 2,    175.776, -125.8,   0.80119, 3,    175.776,  114.2,   0.80119
"SCN_CN15_9263_CEI109_BT_FZ7002", 0.38, 1,    153.589,   -7.9,   0.70007, 2,    153.589, -127.9,   0.70006, 3,    153.589,  112.1,   0.70006
"SCN_CN15_9085_CEI201_ATV_BT_FX0258", 0.38, 1,    158.533,   -7.1,    0.7226, 2,    158.533, -127.1,    0.7226, 3,    158.533,  112.9,    0.7226
"SCN_CN15_9085_CEI77A_ATV_BT_FIC1299", 0.38, 1,    186.686,   -5.0,   0.85092, 2,    186.685, -125.0,   0.85092, 3,    186.685,  115.0,   0.85092
"SCN_CN15_9087_CEI109_BT_FX0206", 0.38, 1,    155.192,   -7.6,   0.70737, 2,    155.192, -127.6,   0.70737, 3,    155.192,  112.4,   0.70737
"SCN_CN15_9069_CEI77A_ATV_BT_FP0909", 0.38, 1,    186.594,   -5.0,    0.8505, 2,    186.594, -125.0,    0.8505, 3,    186.594,  115.0,    0.8505
"SCN_CN15_9070_CEI201_ATV_BT_FP1476", 0.38, 1,    152.847,   -8.0,   0.69668, 2,    152.847, -128.0,   0.69668, 3,    152.847,  112.0,   0.69668
"SCN_CN15_9083_CEI148_ATV_BT_FM0409", 0.38, 1,    152.437,   -8.1,   0.69481, 2,    152.436, -128.1,   0.69481, 3,    152.436,  111.9,   0.69481
"SCN_CN15_9504_CEI109_BT_FZ1042", 0.38, 1,    152.844,   -8.0,   0.69667, 2,    152.844, -128.0,   0.69667, 3,    152.844,  112.0,   0.69667
"SCN_CN15_9055_CEI201_ATV_BT_FZ6977", 0.38, 1,    158.515,   -7.1,   0.72251, 2,    158.514, -127.1,   0.72251, 3,    158.514,  112.9,   0.72251
"SCN_CN15_9212_CEI77A_ATV_BT_FP5957", 0.38, 1,    199.464,   -4.2,   0.90916, 2,    199.464, -124.2,   0.90916, 3,    199.464,  115.8,   0.90916
"SCN_CN15_9031_CEI077_ATV_BT_FIC1252", 0.38, 1,    186.978,   -5.0,   0.85225, 2,    186.978, -125.0,   0.85225, 3,    186.978,  115.0,   0.85225
"SCN_CN15_9030_CEI134C_ATV_BT_FT4720", 0.38, 1,    154.487,   -7.7,   0.70415, 2,    154.486, -127.7,   0.70415, 3,    154.486,  112.3,   0.70415
"SCN_CN15_9033_CEI072_BT_FX3800", 0.38, 1,    178.435,   -5.6,   0.81331, 2,    178.435, -125.6,   0.81331, 3,    178.435,  114.4,   0.81331
"SCN_CN15_9033_CEI074_BT_FT4540", 0.38, 1,    155.613,   -7.2,   0.70929, 2,    155.612, -127.2,   0.70929, 3,    155.612,  112.8,   0.70929
"SCN_CN15_9033_CEI076_BT_FM1167", 0.38, 1,    167.244,   -6.3,    0.7623, 2,    167.244, -126.3,    0.7623, 3,    167.244,  113.7,    0.7623
"SCN_CN15_9062_CEIRJ006_ATV_BT_FT4337", 0.38, 1,    155.598,   -7.3,   0.70922, 2,    155.597, -127.3,   0.70922, 3,    155.597,  112.7,   0.70922
"SCN_CN15_9004_CEI160A_ATV_BT_FZ1178", 0.38, 1,    154.529,   -7.7,   0.70435, 2,    154.529, -127.7,   0.70435, 3,    154.529,  112.3,   0.70435
"SCN_CN15_9088_CEI201_ATV_BT_FM0467", 0.38, 1,    158.844,   -7.0,   0.72402, 2,    158.844, -127.0,   0.72402, 3,    158.844,  113.0,   0.72402
"SCN_CN15_9089_CEI148_ATV_BT_FZ0352", 0.38, 1,    152.383,   -8.1,   0.69457, 2,    152.383, -128.1,   0.69456, 3,    152.383,  111.9,   0.69456
"SCN_CN15_9090_CEI072_BT_FX8571", 0.38, 1,    181.908,   -5.3,   0.82914, 2,    181.908, -125.3,   0.82914, 3,    181.908,  114.7,   0.82914
"SCN_CN15_9269_CEI109_BT_FX2235", 0.38, 1,    154.737,   -7.7,    0.7053, 2,    154.737, -127.7,    0.7053, 3,    154.737,  112.3,    0.7053
"SCN_CN15_9300_CEI250_ATV_BT_FT4707", 0.38, 1,    176.776,   -5.7,   0.80575, 2,    176.776, -125.7,   0.80575, 3,    176.776,  114.3,   0.80575
"SCN_CN15_9280_CEI250_ATV_BT_FP8842", 0.38, 1,     175.11,   -5.8,   0.79816, 2,     175.11, -125.8,   0.79816, 3,     175.11,  114.2,   0.79816
"SCN_CN15_9284_CEI250_ATV_BT_FIC1354", 0.38, 1,    175.361,   -5.8,    0.7993, 2,    175.361, -125.8,    0.7993, 3,    175.361,  114.2,    0.7993
"SCN_CN15_9090_CEI230_ATV_BT_FP0932", 0.38, 1,    156.428,   -7.1,     0.713, 2,    156.428, -127.1,     0.713, 3,    156.428,  112.9,     0.713
"SCN_CN15_9090_CEI77A_ATV_BT_FT4553", 0.38, 1,    187.178,   -5.0,   0.85316, 2,    187.178, -125.0,   0.85316, 3,    187.178,  115.0,   0.85316
"SCN_CN15_9113_CEI77A_ATV_BT_FIC1311", 0.38, 1,    187.417,   -4.9,   0.85425, 2,    187.417, -124.9,   0.85425, 3,    187.417,  115.1,   0.85425
"SCN_CN15_9092_CEI148_ATV_BT_FZ3218", 0.38, 1,    152.383,   -8.1,   0.69457, 2,    152.383, -128.1,   0.69456, 3,    152.383,  111.9,   0.69457
"SCN_CN15_9291_CEI250_ATV_BT_FZ7535", 0.38, 1,    174.585,   -5.9,   0.79576, 2,    174.585, -125.9,   0.79576, 3,    174.585,  114.1,   0.79576
"SCN_CN15_9320_CEI109_BT_FT4514", 0.38, 1,    153.683,   -7.9,   0.70049, 2,    153.682, -127.9,   0.70049, 3,    153.683,  112.1,   0.70049
"SCN_CN15_9090_CEI220_ATV_BT_FT4746", 0.38, 1,    156.483,   -7.5,   0.71325, 2,    156.482, -127.5,   0.71325, 3,    156.483,  112.5,   0.71325
"SCN_CN15_9075_CEI230_ATV_BT_FF0617", 0.38, 1,     156.44,   -7.1,   0.71306, 2,     156.44, -127.1,   0.71306, 3,     156.44,  112.9,   0.71306
"SCN_CN15_9041_CEIRJ006_ATV_BT_FX0253", 0.38, 1,    187.074,   -4.9,   0.85269, 2,    187.073, -124.9,   0.85269, 3,    187.074,  115.1,   0.85269
"SCN_CN15_9057_CEI072_BT_FX4665", 0.38, 1,    179.766,   -5.5,   0.81938, 2,    179.766, -125.5,   0.81938, 3,    179.766,  114.5,   0.81938
"SCN_CN15_9147_CEI201_ATV_BT_FX2167", 0.38, 1,    159.867,   -6.9,   0.72868, 2,    159.867, -126.9,   0.72868, 3,    159.867,  113.1,   0.72868
"SCN_CN15_9043_CEI130_ATV_BT_FIC1266", 0.38, 1,    158.614,   -7.2,   0.72297, 2,    158.613, -127.2,   0.72296, 3,    158.613,  112.8,   0.72296
"SCN_CN15_9043_CEI77A_ATV_BT_FP0917", 0.38, 1,    186.954,   -5.0,   0.85214, 2,    186.954, -125.0,   0.85214, 3,    186.954,  115.0,   0.85214
"SCN_CN15_9044_CEI148_ATV_BT_FU4754", 0.38, 1,    158.553,   -7.1,   0.72269, 2,    158.553, -127.1,   0.72269, 3,    158.553,  112.9,   0.72269
"SCN_CN15_9046_CEI250_ATV_BT_FZ4924", 0.38, 1,    167.709,   -6.3,   0.76442, 2,    167.708, -126.3,   0.76442, 3,    167.708,  113.7,   0.76442
"SCN_CN15_9045_CEI130A_ATV_BT_FP0925", 0.38, 1,    166.715,   -6.3,   0.75989, 2,    166.714, -126.3,   0.75989, 3,    166.715,  113.7,   0.75989
"SCN_CN15_9045_CEIRJ006_ATV_BT_FP4393", 0.38, 1,    187.068,   -4.9,   0.85266, 2,    187.068, -124.9,   0.85266, 3,    187.068,  115.1,   0.85266
"SCN_CN15_9046_CEI075_BT_FZ2701", 0.38, 1,    156.434,   -7.1,   0.71303, 2,    156.434, -127.1,   0.71303, 3,    156.434,  112.9,   0.71303
"SCN_CN15_9046_CEI148A_ATV_BT_FX4501", 0.38, 1,      152.7,   -8.0,   0.69601, 2,      152.7, -128.0,   0.69601, 3,      152.7,  112.0,   0.69601
"SCN_CN15_9030_CEI230B_ATV_BT_FX0998", 0.38, 1,      155.7,   -7.2,   0.70968, 2,    155.699, -127.2,   0.70968, 3,    155.699,  112.8,   0.70968
"SCN_CN15_9030_CEI77A_ATV_BT_FF0609", 0.38, 1,    186.981,   -5.0,   0.85227, 2,    186.981, -125.0,   0.85227, 3,    186.981,  115.0,   0.85227
"SCN_CN15_9031_CEI220_ATV_BT_FX2329", 0.38, 1,    155.179,   -7.6,   0.70731, 2,    155.178, -127.6,   0.70731, 3,    155.178,  112.4,   0.70731
"SCN_CN15_9033_CEI230B_ATV_BT_FX2129", 0.38, 1,     155.65,   -7.2,   0.70946, 2,    155.649, -127.2,   0.70945, 3,    155.649,  112.8,   0.70945
"SCN_CN15_9033_CEI77A_ATV_BT_FP0913", 0.38, 1,    186.975,   -5.0,   0.85224, 2,    186.975, -125.0,   0.85224, 3,    186.975,  115.0,   0.85224
"SCN_CN15_9033_CEIRJ006_ATV_BT_FX2578", 0.38, 1,    186.904,   -5.0,   0.85191, 2,    186.904, -125.0,   0.85191, 3,    186.904,  115.0,   0.85191
"SCN_CN15_9061_CEIRJ006_ATV_BT_FT6096", 0.38, 1,    155.557,   -7.3,   0.70903, 2,    155.556, -127.3,   0.70903, 3,    155.556,  112.7,   0.70903
"SCN_CN15_9010_CEI121_BT_FZ0575", 0.38, 1,    155.084,   -7.6,   0.70688, 2,    155.083, -127.6,   0.70687, 3,    155.083,  112.4,   0.70687
"SCN_CN15_9011_CEI072_BT_FX3393", 0.38, 1,    178.473,   -5.6,   0.81349, 2,    178.473, -125.6,   0.81348, 3,    178.473,  114.4,   0.81348
"SCN_CN15_9094_CEI070_BT_FX8595", 0.38, 1,    173.182,   -5.9,   0.78937, 2,    173.182, -125.9,   0.78937, 3,    173.182,  114.1,   0.78937
"SCN_CN15_9094_CEI148_ATV_BT_FX0252", 0.38, 1,    152.721,   -8.0,   0.69611, 2,    152.721, -128.0,   0.69611, 3,    152.721,  112.0,   0.69611
"SCN_CN15_9095_CEI131_ATV_BT_FP0954", 0.38, 1,    155.752,   -7.5,   0.70992, 2,    155.752, -127.5,   0.70992, 3,    155.752,  112.5,   0.70992
"SCN_CN15_9095_CEI230_ATV_BT_FF0616", 0.38, 1,    158.115,   -7.0,   0.72069, 2,    158.115, -127.0,   0.72069, 3,    158.115,  113.0,   0.72069
"SCN_CN15_9096_CEI148_ATV_BT_FP4396", 0.38, 1,    152.719,   -8.0,    0.6961, 2,    152.719, -128.0,    0.6961, 3,    152.719,  112.0,    0.6961
"SCN_CN15_9096_CEI77A_ATV_BT_FM0378F", 0.38, 1,    187.463,   -4.9,   0.85446, 2,    187.463, -124.9,   0.85446, 3,    187.463,  115.1,   0.85446
"SCN_CN15_9302_CEI109_BT_FT4704", 0.38, 1,    153.811,   -7.9,   0.70107, 2,     153.81, -127.9,   0.70107, 3,     153.81,  112.1,   0.70107
"SCN_CN15_9093_CEI076_BT_FX5102", 0.38, 1,    187.073,   -4.9,   0.85268, 2,    187.072, -124.9,   0.85268, 3,    187.073,  115.1,   0.85268
"SCN_CN15_9093_CEI109_BT_FX0204", 0.38, 1,    155.201,   -7.6,   0.70741, 2,    155.201, -127.6,   0.70741, 3,    155.201,  112.4,   0.70741
"SCN_CN15_9101_CEI201_ATV_BT_FT4530", 0.38, 1,    158.503,   -7.1,   0.72246, 2,    158.502, -127.1,   0.72246, 3,    158.502,  112.9,   0.72246
"SCN_CN15_9110_CEI201_ATV_BT_FX2148", 0.38, 1,    158.513,   -7.1,   0.72251, 2,    158.513, -127.1,    0.7225, 3,    158.513,  112.9,   0.72251
"SCN_CN15_9093_CEI148_ATV_BT_FX2946", 0.38, 1,    152.723,   -8.0,   0.69612, 2,    152.723, -128.0,   0.69611, 3,    152.723,  112.0,   0.69611
"SCN_CN15_9061_CEI77A_ATV_BT_FX5275", 0.38, 1,    186.823,   -5.0,   0.85155, 2,    186.823, -125.0,   0.85155, 3,    186.823,  115.0,   0.85155
"SCN_CN15_9159_CEI068_BT_FP1477", 0.38, 1,    167.585,   -6.3,   0.76386, 2,    167.584, -126.3,   0.76385, 3,    167.585,  113.7,   0.76386
"SCN_CN15_9159_CEI230_ATV_BT_FF0624", 0.38, 1,     155.84,   -7.2,   0.71032, 2,    155.839, -127.2,   0.71032, 3,    155.839,  112.8,   0.71032
"SCN_CN15_9162_CEI230_ATV_BT_FX4159", 0.38, 1,    155.935,   -7.2,   0.71076, 2,    155.935, -127.2,   0.71075, 3,    155.935,  112.8,   0.71076
"SCN_CN15_9162_CEI77A_ATV_BT_FT4732", 0.38, 1,    195.017,   -4.5,   0.88889, 2,    195.017, -124.5,   0.88889, 3,    195.017,  115.5,   0.88889
"SCN_CN15_9163_CEI109_BT_FF0655", 0.38, 1,    153.569,   -7.9,   0.69997, 2,    153.569, -127.9,   0.69997, 3,    153.569,  112.1,   0.69997
"SCN_CN15_9163_CEI230_ATV_BT_FP5989", 0.38, 1,    155.964,   -7.2,   0.71089, 2,    155.964, -127.2,   0.71089, 3,    155.964,  112.8,   0.71089
"SCN_CN15_9003_CEI077_BT_FIC1325", 0.38, 1,     198.48,   -4.2,   0.90468, 2,     198.48, -124.2,   0.90468, 3,     198.48,  115.8,   0.90468
"SCN_CN15_9168_CEI230_ATV_BT_FX2120", 0.38, 1,    156.319,   -7.1,   0.71251, 2,    156.319, -127.1,   0.71251, 3,    156.319,  112.9,   0.71251
"SCN_CN15_9166_CEI068_BT_FIC1324", 0.38, 1,    163.811,   -6.6,   0.74666, 2,    163.811, -126.6,   0.74665, 3,    163.811,  113.4,   0.74666
"SCN_CN15_9166_CEI230_ATV_BT_FX2356", 0.38, 1,    156.143,   -7.2,   0.71171, 2,    156.143, -127.2,    0.7117, 3,    156.143,  112.8,    0.7117
"SCN_CN15_9167_CEI230_ATV_BT_FX2116", 0.38, 1,    156.261,   -7.2,   0.71224, 2,    156.261, -127.2,   0.71224, 3,    156.261,  112.8,   0.71224
"SCN_CN15_9169_CEI068_BT_FP6305", 0.38, 1,    163.983,   -6.6,   0.74744, 2,    163.983, -126.6,   0.74744, 3,    163.983,  113.4,   0.74744
"SCN_CN15_9169_CEI230_ATV_BT_FX4158", 0.38, 1,    156.563,   -7.1,   0.71362, 2,    156.563, -127.1,   0.71362, 3,    156.563,  112.9,   0.71362
"SCN_CN15_9170_CEI230_ATV_BT_FF1210", 0.38, 1,     156.43,   -7.1,   0.71301, 2,     156.43, -127.1,   0.71301, 3,     156.43,  112.9,   0.71301
"SCN_CN15_9170_CEI69B_BT_FX8344", 0.38, 1,    159.073,   -7.0,   0.72506, 2,    159.073, -127.0,   0.72506, 3,    159.073,  113.0,   0.72506
"SCN_CN15_9171_CEI69A_BT_FX4290", 0.38, 1,    152.469,   -8.1,   0.69496, 2,    152.468, -128.1,   0.69495, 3,    152.468,  111.9,   0.69496
"SCN_CN15_9172_CEI068_BT_FZ2491", 0.38, 1,    165.011,   -6.5,   0.75212, 2,     165.01, -126.5,   0.75212, 3,     165.01,  113.5,   0.75212
"SCN_CN15_9172_CEI69B_BT_FZ0594", 0.38, 1,    159.064,   -7.0,   0.72502, 2,    159.064, -127.0,   0.72502, 3,    159.064,  113.0,   0.72502
"SCN_CN15_9310_CEI109_BT_FX4152", 0.38, 1,    153.686,   -7.9,   0.70051, 2,    153.686, -127.9,   0.70051, 3,    153.686,  112.1,   0.70051
"SCN_CN15_9319_CEI068_BT_FIC1359", 0.38, 1,    167.475,   -6.3,   0.76335, 2,    167.475, -126.3,   0.76335, 3,    167.475,  113.7,   0.76335
"SCN_CN15_9325_CEI250_ATV_BT_FZ7008", 0.38, 1,    175.775,   -5.8,   0.80119, 2,    175.775, -125.8,   0.80119, 3,    175.775,  114.2,   0.80119
"SCN_CN15_9034_CEI160_ATV_BT_FT4708", 0.38, 1,    158.516,   -7.1,   0.72252, 2,    158.516, -127.1,   0.72252, 3,    158.516,  112.9,   0.72252
"SCN_CN15_9035_CEI148_ATV_BT_FX5452", 0.38, 1,    158.587,   -7.1,   0.72284, 2,    158.586, -127.1,   0.72284, 3,    158.586,  112.9,   0.72284
"SCN_CN15_9035_CEI148A_ATV_BT_FX2929", 0.38, 1,    152.359,   -8.1,   0.69446, 2,    152.358, -128.1,   0.69445, 3,    152.358,  111.9,   0.69445
"SCN_CN15_9035_CEI160_ATV_BT_FT4574", 0.38, 1,     159.06,   -7.0,     0.725, 2,    159.059, -127.0,     0.725, 3,    159.059,  113.0,     0.725
"SCN_CN15_9035_CEI230B_ATV_BT_FF0619", 0.38, 1,     155.63,   -7.2,   0.70936, 2,    155.629, -127.2,   0.70936, 3,    155.629,  112.8,   0.70936
"SCN_CN15_9036_CEI134B_ATV_BT_FP0960", 0.38, 1,    154.562,   -7.7,    0.7045, 2,    154.562, -127.7,    0.7045, 3,    154.562,  112.3,    0.7045
"SCN_CN15_9036_CEI134C_ATV_BT_FIC1259", 0.38, 1,     154.48,   -7.7,   0.70412, 2,     154.48, -127.7,   0.70412, 3,     154.48,  112.3,   0.70412
"SCN_CN15_9173_CEI230_ATV_BT_FX2214", 0.38, 1,    156.435,   -7.1,   0.71303, 2,    156.434, -127.1,   0.71303, 3,    156.434,  112.9,   0.71303
"SCN_CN15_9173_CEI77A_ATV_BT_FIC1327", 0.38, 1,    199.449,   -4.2,    0.9091, 2,    199.449, -124.2,    0.9091, 3,    199.449,  115.8,    0.9091
"SCN_CN15_9187_CEI230_ATV_BT_FT6094", 0.38, 1,    155.562,   -7.3,   0.70905, 2,    155.561, -127.3,   0.70905, 3,    155.561,  112.7,   0.70905
"SCN_CN15_9175_CEI77A_ATV_BT_FX1136", 0.38, 1,    199.447,   -4.2,   0.90909, 2,    199.447, -124.2,   0.90909, 3,    199.447,  115.8,   0.90909
"SCN_CN15_9176_CEI69B_BT_FX2145", 0.38, 1,     159.09,   -7.0,   0.72514, 2,     159.09, -127.0,   0.72513, 3,     159.09,  113.0,   0.72513
"SCN_CN15_9176_CEI77A_ATV_BT_FP0903", 0.38, 1,    199.443,   -4.2,   0.90907, 2,    199.443, -124.2,   0.90907, 3,    199.443,  115.8,   0.90907
"SCN_CN15_9361_CEI109_BT_FIC1365", 0.38, 1,    152.667,   -8.0,   0.69586, 2,    152.666, -128.0,   0.69586, 3,    152.666,  112.0,   0.69586
"SCN_CN15_9005_CEI220_ATV_BT_FIC1213", 0.38, 1,    159.064,   -7.0,   0.72502, 2,    159.064, -127.0,   0.72502, 3,    159.064,  113.0,   0.72502
"SCN_CN15_9005_CEI230B_ATV_BT_FX4161", 0.38, 1,     155.58,   -7.3,   0.70914, 2,     155.58, -127.3,   0.70914, 3,     155.58,  112.7,   0.70914
"SCN_CN15_9006_CEI120_BT_FT4752", 0.38, 1,    156.382,   -7.5,    0.7128, 2,    156.382, -127.5,   0.71279, 3,    156.382,  112.5,   0.71279
"SCN_CN15_9006_CEI134A_ATV_BT_FP6171", 0.38, 1,    155.104,   -7.6,   0.70697, 2,    155.104, -127.6,   0.70697, 3,    155.104,  112.4,   0.70697
"SCN_CN15_9006_CEI230B_ATV_BT_FX9011", 0.38, 1,    155.628,   -7.2,   0.70936, 2,    155.627, -127.2,   0.70935, 3,    155.627,  112.8,   0.70935
"SCN_CN15_9062_CEI201_ATV_BT_FX2278", 0.38, 1,    153.169,   -8.0,   0.69815, 2,    153.168, -128.0,   0.69815, 3,    153.169,  112.0,   0.69815
"SCN_CN15_9063_CEIRJ006_ATV_BT_FF0628", 0.38, 1,    155.644,   -7.2,   0.70943, 2,    155.644, -127.2,   0.70943, 3,    155.644,  112.8,   0.70943
"SCN_CN15_9064_CEI201_ATV_BT_FT4512", 0.38, 1,    153.169,   -8.0,   0.69815, 2,    153.168, -128.0,   0.69815, 3,    153.168,  112.0,   0.69815
"SCN_CN15_9039_CEI201_ATV_BT_FIC1264", 0.38, 1,    152.809,   -8.0,   0.69651, 2,    152.809, -128.0,   0.69651, 3,    152.809,  112.0,   0.69651
"SCN_CN15_9039_CEI69B_BT_FX4761", 0.38, 1,    160.027,   -6.9,   0.72941, 2,    160.027, -126.9,   0.72941, 3,    160.027,  113.1,   0.72941
"SCN_CN15_9047_CEI77A_ATV_BT_FP4289", 0.38, 1,    186.986,   -5.0,   0.85229, 2,    186.986, -125.0,   0.85229, 3,    186.986,  115.0,   0.85229
"SCN_CN15_9040_CEI220_ATV_BT_FT3432", 0.38, 1,    155.181,   -7.6,   0.70732, 2,     155.18, -127.6,   0.70732, 3,     155.18,  112.4,   0.70732
"SCN_CN15_9084_CEI148_ATV_BT_FP8447", 0.38, 1,    152.422,   -8.1,   0.69475, 2,    152.422, -128.1,   0.69474, 3,    152.422,  111.9,   0.69474
"SCN_CN15_9087_CEI230_ATV_BT_FP3973", 0.38, 1,    156.427,   -7.1,     0.713, 2,    156.426, -127.1,     0.713, 3,    156.426,  112.9,     0.713
"SCN_CN15_9066_CEI070_BT_FX2661", 0.38, 1,    171.673,   -6.0,   0.78249, 2,    171.672, -126.0,   0.78249, 3,    171.672,  114.0,   0.78249
"SCN_CN15_9066_CEI148_ATV_BT_FZ2485", 0.38, 1,    158.522,   -7.1,   0.72255, 2,    158.522, -127.1,   0.72255, 3,    158.522,  112.9,   0.72255
"SCN_CN15_9066_CEI77A_ATV_BT_FP1047", 0.38, 1,    186.698,   -5.0,   0.85098, 2,    186.698, -125.0,   0.85098, 3,    186.698,  115.0,   0.85098
"SCN_CN15_9007_CEI075_BT_FZ2700", 0.38, 1,    156.635,   -7.1,   0.71395, 2,    156.635, -127.1,   0.71395, 3,    156.635,  112.9,   0.71395
"SCN_CN15_9007_CEI077_ATV_BT_FT1871", 0.38, 1,      184.9,   -5.1,   0.84278, 2,      184.9, -125.1,   0.84278, 3,      184.9,  114.9,   0.84278
"SCN_CN15_9007_CEI134_ATV_BT_FX9367", 0.38, 1,    155.096,   -7.6,   0.70693, 2,    155.096, -127.6,   0.70693, 3,    155.096,  112.4,   0.70693
"SCN_CN15_9009_CEI148_ATV_BT_FP3985", 0.38, 1,     158.79,   -7.0,   0.72377, 2,     158.79, -127.0,   0.72377, 3,     158.79,  113.0,   0.72377
"SCN_CN15_9009_CEI148A_ATV_BT_FIC1220", 0.38, 1,    152.229,   -8.1,   0.69387, 2,    152.229, -128.1,   0.69386, 3,    152.229,  111.9,   0.69387
"SCN_CN15_9009_CEI230_ATV_BT_FX4746F", 0.38, 1,    187.136,   -5.0,   0.85297, 2,    187.136, -125.0,   0.85297, 3,    187.136,  115.0,   0.85297
"SCN_CN15_9010_CEI134_ATV_BT_FX4289", 0.38, 1,    155.066,   -7.6,    0.7068, 2,    155.066, -127.6,   0.70679, 3,    155.066,  112.4,    0.7068
"SCN_CN15_9010_CEI134C_ATV_BT_FP5934", 0.38, 1,    154.535,   -7.7,   0.70437, 2,    154.535, -127.7,   0.70437, 3,    154.535,  112.3,   0.70437
"SCN_CN15_9007_CEI148A_ATV_BT_FIC1215", 0.38, 1,    152.227,   -8.1,   0.69386, 2,    152.227, -128.1,   0.69385, 3,    152.227,  111.9,   0.69385
"SCN_CN15_9007_CEI77A_ATV_BT_FX0796", 0.38, 1,    186.903,   -5.0,   0.85191, 2,    186.903, -125.0,   0.85191, 3,    186.903,  115.0,   0.85191
"SCN_CN15_9008_CEI134A_ATV_BT_FX4153", 0.38, 1,     155.09,   -7.6,    0.7069, 2,     155.09, -127.6,    0.7069, 3,     155.09,  112.4,    0.7069
"SCN_CN15_9010_CEIRJ006_ATV_BT_FZ3668", 0.38, 1,    175.837,   -5.8,   0.80147, 2,    175.837, -125.8,   0.80147, 3,    175.837,  114.2,   0.80147
"SCN_CN15_9011_CEI77A_ATV_BT_FP4599", 0.38, 1,    186.913,   -5.0,   0.85196, 2,    186.913, -125.0,   0.85196, 3,    186.913,  115.0,   0.85196
"SCN_CN15_9015_CEI077_ATV_BT_FF0574", 0.38, 1,    185.622,   -5.1,   0.84607, 2,    185.622, -125.1,   0.84607, 3,    185.622,  114.9,   0.84607
"SCN_CN15_9011_CEIRJ013_ATV_BT_FX2218", 0.38, 1,    152.852,   -8.0,    0.6967, 2,    152.852, -128.0,    0.6967, 3,    152.852,  112.0,    0.6967
"SCN_CN15_9067_CEI201_ATV_BT_FP4175", 0.38, 1,    152.813,   -8.0,   0.69653, 2,    152.813, -128.0,   0.69653, 3,    152.813,  112.0,   0.69653
"SCN_CN15_9068_CEI068_BT_FZ2494", 0.38, 1,    167.165,   -6.3,   0.76194, 2,    167.165, -126.3,   0.76194, 3,    167.165,  113.7,   0.76194
"SCN_CN15_9068_CEI230_ATV_BT_FT1941", 0.38, 1,    156.426,   -7.1,   0.71299, 2,    156.426, -127.1,   0.71299, 3,    156.426,  112.9,   0.71299
"SCN_CN15_9069_CEI148_ATV_BT_FX0646", 0.38, 1,     158.52,   -7.1,   0.72254, 2,    158.519, -127.1,   0.72254, 3,    158.519,  112.9,   0.72254
"SCN_CN15_9069_CEI230_ATV_BT_FP0935", 0.38, 1,    156.422,   -7.1,   0.71298, 2,    156.422, -127.1,   0.71297, 3,    156.422,  112.9,   0.71297
"SCN_CN15_9180_CEI230_ATV_BT_FT6092", 0.38, 1,    155.578,   -7.3,   0.70913, 2,    155.577, -127.3,   0.70913, 3,    155.578,  112.7,   0.70913
"SCN_CN15_9180_CEI77A_ATV_BT_FZ3625", 0.38, 1,    199.435,   -4.2,   0.90903, 2,    199.435, -124.2,   0.90903, 3,    199.435,  115.8,   0.90903
"SCN_CN15_9181_CEI69A_BT_FP4717", 0.38, 1,    159.059,   -7.0,   0.72499, 2,    159.058, -127.0,   0.72499, 3,    159.058,  113.0,   0.72499
"SCN_CN15_9181_CEI77A_ATV_BT_FT4526", 0.38, 1,    199.456,   -4.2,   0.90913, 2,    199.456, -124.2,   0.90913, 3,    199.456,  115.8,   0.90913
"SCN_CN15_9182_CEI230_ATV_BT_FX0938", 0.38, 1,    155.592,   -7.3,   0.70919, 2,    155.592, -127.3,   0.70919, 3,    155.592,  112.7,   0.70919
"SCN_CN15_9182_CEI77A_ATV_BT_FM1323", 0.38, 1,    200.355,   -4.1,   0.91322, 2,    200.355, -124.1,   0.91322, 3,    200.355,  115.9,   0.91322
"SCN_CN15_9183_CEI068_BT_FZ9202", 0.38, 1,    166.288,   -6.4,   0.75794, 2,    166.287, -126.4,   0.75794, 3,    166.287,  113.6,   0.75794
"SCN_CN15_9183_CEI109_BT_FZ7001", 0.38, 1,    153.576,   -7.9,       0.7, 2,    153.576, -127.9,       0.7, 3,    153.576,  112.1,       0.7
"SCN_CN15_9183_CEI230_ATV_BT_FX3541", 0.38, 1,    155.639,   -7.2,   0.70941, 2,    155.638, -127.2,    0.7094, 3,    155.638,  112.8,    0.7094
"SCN_CN15_9185_CEI69A_BT_FIC1329", 0.38, 1,    159.053,   -7.0,   0.72497, 2,    159.053, -127.0,   0.72497, 3,    159.053,  113.0,   0.72497
"SCN_CN15_9195_CEI230_ATV_BT_FIC1335", 0.38, 1,    152.363,   -8.1,   0.69447, 2,    152.362, -128.1,   0.69447, 3,    152.362,  111.9,   0.69447
"SCN_CN15_9390_CEI109_BT_FZ6420", 0.38, 1,    152.913,   -8.0,   0.69698, 2,    152.913, -128.0,   0.69698, 3,    152.913,  112.0,   0.69698
"SCN_CN15_9025_CEI130_ATV_BT_FZ2056", 0.38, 1,    161.542,   -6.8,   0.73631, 2,    161.541, -126.8,   0.73631, 3,    161.541,  113.2,   0.73631
"SCN_CN15_9039_CEI160_ATV_BT_FX4255", 0.38, 1,    186.971,   -5.0,   0.85222, 2,    186.971, -125.0,   0.85222, 3,    186.971,  115.0,   0.85222
"SCN_CN15_9042_CEI160_ATV_BT_FX3836", 0.38, 1,    185.521,   -5.1,   0.84561, 2,    185.521, -125.1,   0.84561, 3,    185.521,  114.9,   0.84561
"SCN_CN15_9004_CEI109_BT_FIC1207", 0.38, 1,    155.698,   -7.6,   0.70967, 2,    155.697, -127.6,   0.70967, 3,    155.697,  112.4,   0.70967
"SCN_CN15_9004_CEI148A_ATV_BT_FX0738", 0.38, 1,    152.224,   -8.1,   0.69384, 2,    152.224, -128.1,   0.69384, 3,    152.224,  111.9,   0.69384
"SCN_CN15_9004_CEI201_ATV_BT_FIC1210", 0.38, 1,    152.641,   -8.0,   0.69574, 2,    152.641, -128.0,   0.69574, 3,    152.641,  112.0,   0.69574
"SCN_CN15_9004_CEI230_ATV_BT_FX4746", 0.38, 1,    187.149,   -5.0,   0.85303, 2,    187.149, -125.0,   0.85303, 3,    187.149,  115.0,   0.85303
"SCN_CN15_9004_CEIRJ012_ATV_BT_FT4308", 0.38, 1,    185.538,   -5.1,   0.84569, 2,    185.538, -125.1,   0.84569, 3,    185.538,  114.9,   0.84569
"SCN_CN15_9098_CEI131_ATV_BT_FIC1304", 0.38, 1,    155.911,   -7.5,   0.71064, 2,     155.91, -127.5,   0.71064, 3,     155.91,  112.5,   0.71064
"SCN_CN15_9099_CEI77A_ATV_BT_FP7441", 0.38, 1,     187.44,   -4.9,   0.85436, 2,     187.44, -124.9,   0.85436, 3,     187.44,  115.1,   0.85436
"SCN_CN15_9100_CEI201_ATV_BT_FP0948", 0.38, 1,    158.502,   -7.1,   0.72246, 2,    158.502, -127.1,   0.72245, 3,    158.502,  112.9,   0.72245
"SCN_CN15_9101_CEI068_BT_FZ2492", 0.38, 1,    168.072,   -6.2,   0.76608, 2,    168.072, -126.2,   0.76608, 3,    168.072,  113.8,   0.76608
"SCN_CN15_9101_CEI109_BT_FX3717", 0.38, 1,    155.194,   -7.6,   0.70738, 2,    155.194, -127.6,   0.70738, 3,    155.194,  112.4,   0.70738
"SCN_CN15_9101_CEI77A_ATV_BT_FX2951", 0.38, 1,    187.623,   -4.9,   0.85519, 2,    187.623, -124.9,   0.85519, 3,    187.623,  115.1,   0.85519
"SCN_CN15_9102_CEI220_ATV_BT_FIC1309", 0.38, 1,    156.533,   -7.5,   0.71348, 2,    156.533, -127.5,   0.71348, 3,    156.533,  112.5,   0.71348
"SCN_CN15_9103_CEI77A_ATV_BT_FP1062", 0.38, 1,    187.671,   -4.9,   0.85541, 2,     187.67, -124.9,   0.85541, 3,    187.671,  115.1,   0.85541
"SCN_CN15_9104_CEI201_ATV_BT_FX2135", 0.38, 1,    158.505,   -7.1,   0.72247, 2,    158.505, -127.1,   0.72247, 3,    158.505,  112.9,   0.72247
"SCN_CN15_9001_CEI134_ATV_BT_FX9367F", 0.38, 1,    155.118,   -7.6,   0.70703, 2,    155.118, -127.6,   0.70703, 3,    155.118,  112.4,   0.70703
"SCN_CN15_9001_CEI148A_ATV_BT_FF0682", 0.38, 1,    152.221,   -8.1,   0.69383, 2,    152.221, -128.1,   0.69383, 3,    152.221,  111.9,   0.69383
"SCN_CN15_9001_CEI160_ATV_BT_FF0642", 0.38, 1,    158.607,   -7.2,   0.72294, 2,    158.607, -127.2,   0.72293, 3,    158.607,  112.8,   0.72293
"SCN_CN15_9001_CEI230B_ATV_BT_FP4290", 0.38, 1,    155.578,   -7.3,   0.70913, 2,    155.577, -127.3,   0.70913, 3,    155.577,  112.7,   0.70913
"SCN_CN15_9002_CEI077_BT_FZ9396", 0.38, 1,    188.265,   -4.9,   0.85812, 2,    188.265, -124.9,   0.85812, 3,    188.265,  115.1,   0.85812
"SCN_CN15_9002_CEI148_ATV_BT_FX0651", 0.38, 1,    158.825,   -7.0,   0.72393, 2,    158.824, -127.0,   0.72393, 3,    158.825,  113.0,   0.72393
"SCN_CN15_9011_CEI109_BT_FP4697", 0.38, 1,    155.697,   -7.6,   0.70967, 2,    155.697, -127.6,   0.70967, 3,    155.697,  112.4,   0.70967
"SCN_CN15_9011_CEI134B_ATV_BT_FZ0374", 0.38, 1,    154.532,   -7.7,   0.70436, 2,    154.532, -127.7,   0.70436, 3,    154.532,  112.3,   0.70436
"SCN_CN15_9013_CEI201_ATV_BT_FIC1226", 0.38, 1,    152.654,   -8.0,    0.6958, 2,    152.653, -128.0,    0.6958, 3,    152.654,  112.0,    0.6958
"SCN_CN15_9013_CEI69B_BT_FM0148", 0.38, 1,    162.131,   -6.7,     0.739, 2,    162.131, -126.7,     0.739, 3,    162.131,  113.3,     0.739
"SCN_CN15_9014_CEI134_ATV_BT_FP1769", 0.38, 1,    155.103,   -7.6,   0.70697, 2,    155.103, -127.6,   0.70696, 3,    155.103,  112.4,   0.70696
"SCN_CN15_9014_CEI134C_ATV_BT_FP0961", 0.38, 1,    154.507,   -7.7,   0.70425, 2,    154.506, -127.7,   0.70424, 3,    154.506,  112.3,   0.70424
"SCN_CN15_9019_CEI148A_ATV_BT_FZ1308", 0.38, 1,    152.291,   -8.1,   0.69415, 2,     152.29, -128.1,   0.69414, 3,     152.29,  111.9,   0.69414
"SCN_CN15_9019_CEI201_ATV_BT_FIC1237", 0.38, 1,    152.674,   -8.0,   0.69589, 2,    152.673, -128.0,   0.69589, 3,    152.673,  112.0,   0.69589
"SCN_CN15_9019_CEIRJ006_ATV_BT_FX5299", 0.38, 1,    175.776,   -5.8,   0.80119, 2,    175.776, -125.8,   0.80119, 3,    175.776,  114.2,   0.80119
"SCN_CN15_9028_CEI077_ATV_BT_FP3435", 0.38, 1,    186.983,   -5.0,   0.85227, 2,    186.983, -125.0,   0.85227, 3,    186.983,  115.0,   0.85227
"SCN_CN15_9020_CEI070_BT_FZ0706", 0.38, 1,     172.41,   -6.0,   0.78585, 2,     172.41, -126.0,   0.78585, 3,     172.41,  114.0,   0.78585
"SCN_CN15_9014_CEI148_ATV_BT_FIC1228", 0.38, 1,    158.726,   -7.0,   0.72348, 2,    158.726, -127.0,   0.72348, 3,    158.726,  113.0,   0.72348
"SCN_CN15_9014_CEI230_ATV_BT_FP0908", 0.38, 1,    187.159,   -5.0,   0.85308, 2,    187.159, -125.0,   0.85308, 3,    187.159,  115.0,   0.85308
"SCN_CN15_9014_CEI69A_BT_FP3539", 0.38, 1,    152.261,   -8.1,   0.69401, 2,    152.261, -128.1,   0.69401, 3,    152.261,  111.9,   0.69401
"SCN_CN15_9014_CEI77A_ATV_BT_FX2657", 0.38, 1,      186.9,   -5.0,   0.85189, 2,    186.899, -125.0,   0.85189, 3,    186.899,  115.0,   0.85189
"SCN_CN15_9015_CEI074_BT_FX3665", 0.38, 1,    155.558,   -7.3,   0.70904, 2,    155.558, -127.3,   0.70904, 3,    155.558,  112.7,   0.70904
"SCN_CN15_9016_CEI076_BT_FX0674", 0.38, 1,    167.342,   -6.3,   0.76275, 2,    167.342, -126.3,   0.76275, 3,    167.342,  113.7,   0.76275
"SCN_CN15_9016_CEI120_BT_FP7641", 0.38, 1,    156.559,   -7.5,    0.7136, 2,    156.559, -127.5,    0.7136, 3,    156.559,  112.5,    0.7136
"SCN_CN15_9107_CEI201_ATV_BT_FP3835", 0.38, 1,    158.509,   -7.1,   0.72249, 2,    158.508, -127.1,   0.72248, 3,    158.508,  112.9,   0.72249
"SCN_CN15_9107_CEI220_ATV_BT_FZ5767", 0.38, 1,    156.536,   -7.5,    0.7135, 2,    156.536, -127.5,   0.71349, 3,    156.536,  112.5,   0.71349
"SCN_CN15_9107_CEI77A_ATV_BT_FP5672F", 0.38, 1,     187.58,   -4.9,   0.85499, 2,     187.58, -124.9,   0.85499, 3,     187.58,  115.1,   0.85499
"SCN_CN15_9126_CEI230_ATV_BT_FP1048", 0.38, 1,    156.434,   -7.1,   0.71303, 2,    156.434, -127.1,   0.71303, 3,    156.434,  112.9,   0.71303
"SCN_CN15_9108_CEI77A_ATV_BT_FZ5107", 0.38, 1,    187.573,   -4.9,   0.85496, 2,    187.573, -124.9,   0.85496, 3,    187.573,  115.1,   0.85496
"SCN_CN15_9110_CEI77A_ATV_BT_FZ2046", 0.38, 1,    187.524,   -4.9,   0.85474, 2,    187.524, -124.9,   0.85474, 3,    187.524,  115.1,   0.85474
"SCN_CN15_9111_CEI77A_ATV_BT_FX2727", 0.38, 1,    187.471,   -4.9,    0.8545, 2,    187.471, -124.9,    0.8545, 3,    187.471,  115.1,    0.8545
"SCN_CN15_9342_CEI109_BT_FIC1360", 0.38, 1,    152.812,   -8.0,   0.69652, 2,    152.812, -128.0,   0.69652, 3,    152.812,  112.0,   0.69652
"SCN_CN15_9441_CEI109_BT_FX1604", 0.38, 1,    154.248,   -7.8,   0.70307, 2,    154.248, -127.8,   0.70306, 3,    154.248,  112.2,   0.70307
"SCN_CN15_9449_CEI109_BT_FX1603", 0.38, 1,    154.253,   -7.8,   0.70309, 2,    154.253, -127.8,   0.70309, 3,    154.253,  112.2,   0.70309
"SCN_CN15_9047_CEI076_BT_FT7531", 0.38, 1,    167.226,   -6.3,   0.76222, 2,    167.225, -126.3,   0.76222, 3,    167.226,  113.7,   0.76222
"SCN_CN15_9047_CEI148A_ATV_BT_FT4516", 0.38, 1,    152.672,   -8.0,   0.69588, 2,    152.671, -128.0,   0.69588, 3,    152.671,  112.0,   0.69588
"SCN_CN15_9047_CEI220_ATV_BT_FT6088", 0.38, 1,    155.183,   -7.6,   0.70733, 2,    155.182, -127.6,   0.70733, 3,    155.183,  112.4,   0.70733
"SCN_CN15_9048_CEI148A_ATV_BT_FIC1269", 0.38, 1,    152.653,   -8.0,    0.6958, 2,    152.653, -128.0,    0.6958, 3,    152.653,  112.0,    0.6958
"SCN_CN15_9049_CEI160_ATV_BT_FP4339", 0.38, 1,    185.527,   -5.1,   0.84564, 2,    185.527, -125.1,   0.84564, 3,    185.527,  114.9,   0.84564
"SCN_CN15_9049_CEI201_ATV_BT_FT4307", 0.38, 1,    152.896,   -8.0,    0.6969, 2,    152.895, -128.0,    0.6969, 3,    152.896,  112.0,    0.6969
"SCN_CN15_9049_CEI250_ATV_BT_FP4729", 0.38, 1,    167.706,   -6.3,   0.76441, 2,    167.706, -126.3,   0.76441, 3,    167.706,  113.7,   0.76441
"SCN_CN15_9050_CEI201_ATV_BT_FX4123", 0.38, 1,    152.896,   -8.0,    0.6969, 2,    152.895, -128.0,    0.6969, 3,    152.895,  112.0,    0.6969
"SCN_CN15_9051_CEI070_BT_FX4729", 0.38, 1,    170.177,   -6.1,   0.77567, 2,    170.177, -126.1,   0.77567, 3,    170.177,  113.9,   0.77567
"SCN_CN15_9051_CEI201_ATV_BT_FP5949", 0.38, 1,    152.883,   -8.0,   0.69684, 2,    152.883, -128.0,   0.69684, 3,    152.883,  112.0,   0.69684
"SCN_CN15_9051_CEI69B_BT_FZ2488", 0.38, 1,    159.386,   -7.0,   0.72649, 2,    159.386, -127.0,   0.72648, 3,    159.386,  113.0,   0.72648
"SCN_CN15_9051_CEI77A_ATV_BT_FIC1272", 0.38, 1,    186.973,   -5.0,   0.85223, 2,    186.973, -125.0,   0.85223, 3,    186.973,  115.0,   0.85223
"SCN_CN15_9002_CEI160_ATV_BT_FX0209", 0.38, 1,    158.607,   -7.2,   0.72294, 2,    158.607, -127.2,   0.72294, 3,    158.607,  112.8,   0.72294
"SCN_CN15_9003_CEI121_BT_FZ1960", 0.38, 1,    155.082,   -7.6,   0.70687, 2,    155.082, -127.6,   0.70687, 3,    155.082,  112.4,   0.70687
"SCN_CN15_9016_CEI134_ATV_BT_FP0957", 0.38, 1,    154.691,   -7.7,   0.70508, 2,     154.69, -127.7,   0.70508, 3,     154.69,  112.3,   0.70508
"SCN_CN15_9112_CEI201_ATV_BT_FP0949", 0.38, 1,    158.512,   -7.1,    0.7225, 2,    158.512, -127.1,    0.7225, 3,    158.512,  112.9,    0.7225
"SCN_CN15_9113_CEI076_BT_FX5486", 0.38, 1,    187.069,   -4.9,   0.85267, 2,    187.069, -124.9,   0.85266, 3,    187.069,  115.1,   0.85267
"SCN_CN15_9114_CEI072_BT_FX8501", 0.38, 1,    182.532,   -5.3,   0.83199, 2,    182.532, -125.3,   0.83199, 3,    182.532,  114.7,   0.83199
"SCN_CN15_9115_CEI230_ATV_BT_FP1063", 0.38, 1,    157.892,   -7.1,   0.71967, 2,    157.891, -127.1,   0.71967, 3,    157.891,  112.9,   0.71967
"SCN_CN15_9116_CEI109_BT_FIC1312", 0.38, 1,    155.182,   -7.6,   0.70733, 2,    155.182, -127.6,   0.70732, 3,    155.182,  112.4,   0.70733
"SCN_CN15_9125_CEI77A_ATV_BT_FP5542", 0.38, 1,    187.125,   -4.9,   0.85292, 2,    187.124, -124.9,   0.85292, 3,    187.124,  115.1,   0.85292
"SCN_CN15_9124_CEI109_BT_FT4565", 0.38, 1,    153.557,   -7.9,   0.69992, 2,    153.557, -127.9,   0.69992, 3,    153.557,  112.1,   0.69992
"SCN_CN15_9128_CEI230_ATV_BT_FX2215", 0.38, 1,    156.375,   -7.1,   0.71276, 2,    156.374, -127.1,   0.71276, 3,    156.374,  112.9,   0.71276
"SCN_CN15_9128_CEI77A_ATV_BT_FP1390", 0.38, 1,    187.079,   -4.9,   0.85271, 2,    187.079, -124.9,   0.85271, 3,    187.079,  115.1,   0.85271
"SCN_CN15_9131_CEI230_ATV_BT_FX2289", 0.38, 1,    156.158,   -7.2,   0.71177, 2,    156.158, -127.2,   0.71177, 3,    156.158,  112.8,   0.71177
"SCN_CN15_9414_CEI109_BT_FIC1373", 0.38, 1,    153.351,   -7.9,   0.69898, 2,    153.351, -127.9,   0.69898, 3,    153.351,  112.1,   0.69898
"SCN_CN15_9022_CEIRJ006_ATV_BT_FIC1147", 0.38, 1,    182.843,   -5.3,    0.8334, 2,    182.842, -125.3,    0.8334, 3,    182.842,  114.7,    0.8334
"SCN_CN15_9428_CEI109_BT_FX2287", 0.38, 1,    154.275,   -7.8,   0.70319, 2,    154.275, -127.8,   0.70319, 3,    154.275,  112.2,   0.70319
"SCN_CN15_9187_CEI77A_ATV_BT_FZ0752", 0.38, 1,    203.528,   -3.8,   0.92769, 2,    203.528, -123.8,   0.92769, 3,    203.528,  116.2,   0.92769
"SCN_CN15_9189_CEI068_BT_FZ1784", 0.38, 1,    166.761,   -6.3,    0.7601, 2,    166.761, -126.3,    0.7601, 3,    166.761,  113.7,    0.7601
"SCN_CN15_9189_CEI69B_BT_FIC1331", 0.38, 1,    159.113,   -7.0,   0.72524, 2,    159.113, -127.0,   0.72524, 3,    159.113,  113.0,   0.72524
"SCN_CN15_9190_CEI77A_ATV_BT_FZ0516", 0.38, 1,    205.454,   -3.6,   0.93647, 2,    205.454, -123.6,   0.93647, 3,    205.454,  116.4,   0.93647
"SCN_CN15_9020_CEI120_BT_FX9765", 0.38, 1,    156.571,   -7.5,   0.71366, 2,    156.571, -127.5,   0.71366, 3,    156.571,  112.5,   0.71366
"SCN_CN15_9020_CEI130_ATV_BT_FP5556", 0.38, 1,    161.598,   -6.8,   0.73657, 2,    161.598, -126.8,   0.73657, 3,    161.598,  113.2,   0.73657
"SCN_CN15_9020_CEI134C_ATV_BT_FIC1238", 0.38, 1,    154.492,   -7.7,   0.70418, 2,    154.492, -127.7,   0.70418, 3,    154.492,  112.3,   0.70418
"SCN_CN15_9016_CEI160_ATV_BT_FX2219", 0.38, 1,    152.852,   -8.0,   0.69671, 2,    152.852, -128.0,    0.6967, 3,    152.852,  112.0,    0.6967
"SCN_CN15_9017_CEI077_ATV_BT_FIC1230", 0.38, 1,    186.409,   -5.0,   0.84966, 2,    186.409, -125.0,   0.84966, 3,    186.409,  115.0,   0.84966
"SCN_CN15_9021_CEI148_ATV_BT_FX2133", 0.38, 1,    158.694,   -7.0,   0.72333, 2,    158.693, -127.0,   0.72333, 3,    158.694,  113.0,   0.72333
"SCN_CN15_9003_CEI160A_ATV_BT_FF0689", 0.38, 1,    155.087,   -7.6,   0.70689, 2,    155.087, -127.6,   0.70689, 3,    155.087,  112.4,   0.70689
"SCN_CN15_9003_CEI230B_ATV_BT_FX2293", 0.38, 1,    155.579,   -7.3,   0.70913, 2,    155.578, -127.3,   0.70913, 3,    155.578,  112.7,   0.70913
"SCN_CN15_9008_CEI201_ATV_BT_FIC1217", 0.38, 1,    152.642,   -8.0,   0.69575, 2,    152.642, -128.0,   0.69575, 3,    152.642,  112.0,   0.69575
"SCN_CN15_9008_CEIRJ006_ATV_BT_FT5509", 0.38, 1,    171.691,   -6.0,   0.78257, 2,    171.691, -126.0,   0.78257, 3,    171.691,  114.0,   0.78257
"SCN_CN15_9009_CEI077_ATV_BT_FT4559", 0.38, 1,    184.891,   -5.1,   0.84274, 2,    184.891, -125.1,   0.84274, 3,    184.891,  114.9,   0.84274
"SCN_CN15_9009_CEI134_ATV_BT_FT4551", 0.38, 1,    155.104,   -7.6,   0.70697, 2,    155.104, -127.6,   0.70697, 3,    155.104,  112.4,   0.70697
"SCN_CN15_9132_CEI201_ATV_BT_FX4280", 0.38, 1,    158.565,   -7.1,   0.72274, 2,    158.565, -127.1,   0.72274, 3,    158.565,  112.9,   0.72274
"SCN_CN15_9133_CEI77A_ATV_BT_FP4677", 0.38, 1,    188.891,   -4.8,   0.86097, 2,    188.891, -124.8,   0.86097, 3,    188.891,  115.2,   0.86097
"SCN_CN15_9143_CEI109_BT_FP3273", 0.38, 1,     155.18,   -7.6,   0.70731, 2,    155.179, -127.6,   0.70731, 3,    155.179,  112.4,   0.70731
"SCN_CN15_9143_CEI201_ATV_BT_FX4536", 0.38, 1,     159.58,   -7.0,   0.72737, 2,     159.58, -127.0,   0.72737, 3,     159.58,  113.0,   0.72737
"SCN_CN15_9143_CEI230_ATV_BT_FP0939", 0.38, 1,    156.102,   -7.2,   0.71152, 2,    156.101, -127.2,   0.71151, 3,    156.101,  112.8,   0.71151
"SCN_CN15_9145_CEI230_ATV_BT_FP0938", 0.38, 1,    156.107,   -7.2,   0.71154, 2,    156.107, -127.2,   0.71154, 3,    156.107,  112.8,   0.71154
"SCN_CN15_9145_CEI69B_BT_FF0345", 0.38, 1,    159.074,   -7.0,   0.72506, 2,    159.074, -127.0,   0.72506, 3,    159.074,  113.0,   0.72506
"SCN_CN15_9146_CEI230_ATV_BT_FP0940", 0.38, 1,    156.101,   -7.2,   0.71151, 2,      156.1, -127.2,   0.71151, 3,      156.1,  112.8,   0.71151
"SCN_CN15_9147_CEI220_ATV_BT_FIC1319", 0.38, 1,    156.529,   -7.5,   0.71346, 2,    156.529, -127.5,   0.71346, 3,    156.529,  112.5,   0.71346
"SCN_CN15_9149_CEI77A_ATV_BT_FP0900", 0.38, 1,    190.493,   -4.7,   0.86827, 2,    190.493, -124.7,   0.86827, 3,    190.493,  115.3,   0.86827
"SCN_CN15_9151_CEI230_ATV_BT_FZ1012", 0.38, 1,     155.98,   -7.2,   0.71096, 2,    155.979, -127.2,   0.71096, 3,    155.979,  112.8,   0.71096
"SCN_CN15_9153_CEI109_BT_FZ3480", 0.38, 1,    153.562,   -7.9,   0.69994, 2,    153.562, -127.9,   0.69994, 3,    153.562,  112.1,   0.69994
"SCN_CN15_9153_CEI77A_ATV_BT_FP0898", 0.38, 1,    190.502,   -4.7,   0.86832, 2,    190.502, -124.7,   0.86831, 3,    190.502,  115.3,   0.86832
"SCN_CN15_9157_CEI230_ATV_BT_FZ1013", 0.38, 1,    155.978,   -7.2,   0.71095, 2,    155.977, -127.2,   0.71095, 3,    155.977,  112.8,   0.71095
"SCN_CN15_9157_CEI77A_ATV_BT_FZ1687", 0.38, 1,    191.966,   -4.6,   0.87498, 2,    191.966, -124.6,   0.87498, 3,    191.966,  115.4,   0.87498
"SCN_CN15_9158_CEI109_BT_FT4756", 0.38, 1,    153.565,   -7.9,   0.69995, 2,    153.564, -127.9,   0.69995, 3,    153.564,  112.1,   0.69995
"SCN_CN15_9158_CEI230_ATV_BT_FP0943", 0.38, 1,     155.84,   -7.2,   0.71032, 2,     155.84, -127.2,   0.71032, 3,     155.84,  112.8,   0.71032
"SCN_CN15_9021_CEI077_ATV_BT_FX5490", 0.38, 1,    187.037,   -5.0,   0.85252, 2,    187.037, -125.0,   0.85252, 3,    187.037,  115.0,   0.85252
"SCN_CN15_9021_CEI134C_ATV_BT_FP1609", 0.38, 1,    154.485,   -7.7,   0.70415, 2,    154.485, -127.7,   0.70415, 3,    154.485,  112.3,   0.70415
"SCN_CN15_9021_CEIRJ006_ATV_BT_FX2548", 0.38, 1,     182.59,   -5.3,   0.83225, 2,     182.59, -125.3,   0.83225, 3,     182.59,  114.7,   0.83225
"SCN_CN15_9020_CEI134A_ATV_BT_FT1997", 0.38, 1,    154.889,   -7.6,   0.70599, 2,    154.889, -127.6,   0.70599, 3,    154.889,  112.4,   0.70599
"SCN_CN15_9018_CEI220_ATV_BT_FF0652", 0.38, 1,    154.266,   -7.8,   0.70315, 2,    154.266, -127.8,   0.70315, 3,    154.266,  112.2,   0.70315
"SCN_CN15_9018_CEI77A_ATV_BT_FIC1236", 0.38, 1,    186.923,   -5.0,     0.852, 2,    186.923, -125.0,     0.852, 3,    186.923,  115.0,     0.852
"SCN_CN15_9017_CEI148A_ATV_BT_FZ7337", 0.38, 1,    152.259,   -8.1,     0.694, 2,    152.259, -128.1,     0.694, 3,    152.259,  111.9,     0.694
"SCN_CN15_9017_CEI69A_BT_FZ2481", 0.38, 1,    152.263,   -8.1,   0.69402, 2,    152.263, -128.1,   0.69402, 3,    152.263,  111.9,   0.69402
