Bus, BasekV, Node1, Magnitude1, Angle1, pu1, Node2, Magnitude2, Angle2, pu2, Node3, Magnitude3, Angle3, pu3
"SCN_CN15_9199_CEI77A_ATV", 13.8, 1,    7941.66,   -0.2,   0.99677, 2,    7941.66, -120.2,   0.99677, 3,    7941.66,  119.8,   0.99677
"SCN_CN15_9153_CEI109", 13.8, 1,    6581.44,   -3.4,   0.82604, 2,    6581.42, -123.4,   0.82604, 3,    6581.43,  116.6,   0.82604
"SCN_CN15_9154_CEI109", 13.8, 1,    6581.46,   -3.4,   0.82604, 2,    6581.44, -123.4,   0.82604, 3,    6581.45,  116.6,   0.82604
"SCN_CN15_9098_CEI131_ATV", 13.8, 1,    6641.26,   -3.2,   0.83355, 2,    6641.25, -123.2,   0.83355, 3,    6641.25,  116.8,   0.83355
"SCN_CN15_9097_CEI131_ATV", 13.8, 1,    6641.26,   -3.2,   0.83355, 2,    6641.25, -123.2,   0.83355, 3,    6641.26,  116.8,   0.83355
"SCN_CN15_9079_CEI201_ATV", 13.8, 1,    6708.21,   -2.9,   0.84195, 2,     6708.2, -122.9,   0.84195, 3,    6708.21,  117.1,   0.84195
"SCN_CN15_9080_CEI201_ATV", 13.8, 1,    6708.21,   -2.9,   0.84195, 2,     6708.2, -122.9,   0.84195, 3,     6708.2,  117.1,   0.84195
"SCN_CN15_9356_CEI109", 13.8, 1,    6561.74,   -3.5,   0.82357, 2,    6561.72, -123.5,   0.82357, 3,    6561.73,  116.5,   0.82357
"SCN_CN15_9349_CEI109", 13.8, 1,    6562.08,   -3.5,   0.82361, 2,    6562.06, -123.5,   0.82361, 3,    6562.07,  116.5,   0.82361
"SCN_CN15_9039_CEI201_ATV", 13.8, 1,    6562.24,   -3.5,   0.82363, 2,    6562.23, -123.5,   0.82363, 3,    6562.23,  116.5,   0.82363
"SCN_CN15_9021_CEI201_ATV", 13.8, 1,    6559.15,   -3.5,   0.82324, 2,    6559.13, -123.5,   0.82324, 3,    6559.14,  116.5,   0.82324
"SCN_CN15_9022_CEI201_ATV", 13.8, 1,    6559.28,   -3.5,   0.82326, 2,    6559.27, -123.5,   0.82326, 3,    6559.27,  116.5,   0.82326
"SCN_CN15_9274_CEI109", 13.8, 1,    6610.41,   -3.3,   0.82968, 2,     6610.4, -123.3,   0.82968, 3,     6610.4,  116.7,   0.82968
"SCN_CN15_9275_CEI109", 13.8, 1,    6609.46,   -3.3,   0.82956, 2,    6609.44, -123.3,   0.82956, 3,    6609.45,  116.7,   0.82956
"SCN_CN15_9269_CEI109", 13.8, 1,    6611.36,   -3.3,    0.8298, 2,    6611.34, -123.3,    0.8298, 3,    6611.35,  116.7,    0.8298
"SCN_CN15_9053_CEI201_ATV", 13.8, 1,    6563.76,   -3.5,   0.82382, 2,    6563.75, -123.5,   0.82382, 3,    6563.75,  116.5,   0.82382
"SCN_CN15_9485_CEI109", 13.8, 1,    6563.77,   -3.5,   0.82383, 2,    6563.76, -123.5,   0.82382, 3,    6563.77,  116.5,   0.82382
"SCN_CN15_421165_CEI", 13.8, 1,    6717.03,   -2.9,   0.84306, 2,    6717.02, -122.9,   0.84306, 3,    6717.02,  117.1,   0.84306
"SCN_CN15_421166_CEI", 13.8, 1,    6717.52,   -2.9,   0.84312, 2,    6717.51, -122.9,   0.84312, 3,    6717.51,  117.1,   0.84312
"SCN_CN15_9143_CEI69B", 13.8, 1,    6717.95,   -2.9,   0.84318, 2,    6717.94, -122.9,   0.84317, 3,    6717.94,  117.1,   0.84318
"SCN_CN15_9141_CEI201_ATV", 13.8, 1,    6717.03,   -2.9,   0.84306, 2,    6717.02, -122.9,   0.84306, 3,    6717.02,  117.1,   0.84306
"SCN_CN15_9129_CEI201_ATV", 13.8, 1,    6721.46,   -2.8,   0.84362, 2,    6721.45, -122.8,   0.84362, 3,    6721.45,  117.2,   0.84362
"SCN_CN15_9008_CEI220_ATV", 13.8, 1,    6721.46,   -2.8,   0.84362, 2,    6721.45, -122.8,   0.84362, 3,    6721.45,  117.2,   0.84362
"SCN_CN15_421168_CEI", 13.8, 1,    6636.11,   -3.2,    0.8329, 2,    6636.09, -123.2,    0.8329, 3,     6636.1,  116.8,    0.8329
"SCN_CN15_9015_CEI109", 13.8, 1,    6636.11,   -3.2,    0.8329, 2,    6636.09, -123.2,    0.8329, 3,     6636.1,  116.8,    0.8329
"SCN_CN15_421185_CEI", 13.8, 1,    6660.34,   -3.1,   0.83595, 2,    6660.32, -123.1,   0.83594, 3,    6660.33,  116.9,   0.83594
"SCN_CN15_9162_CEI220_ATV_S", 13.8, 1,    6659.08,   -3.1,   0.83579, 2,    6659.07, -123.1,   0.83579, 3,    6659.08,  116.9,   0.83579
"SCN_CN15_421186_CEI", 13.8, 1,    6661.28,   -3.1,   0.83606, 2,    6661.26, -123.1,   0.83606, 3,    6661.27,  116.9,   0.83606
"SCN_CN15_421187_CEI", 13.8, 1,    6662.37,   -3.1,    0.8362, 2,    6662.36, -123.1,    0.8362, 3,    6662.37,  116.9,    0.8362
"SCN_CN15_421169_CEI", 13.8, 1,    6663.94,   -3.1,    0.8364, 2,    6663.92, -123.1,    0.8364, 3,    6663.93,  116.9,    0.8364
"SCN_CN15_9012_CEI120", 13.8, 1,    6663.02,   -3.1,   0.83628, 2,       6663, -123.1,   0.83628, 3,    6663.01,  116.9,   0.83628
"SCN_CN15_421170_CEI", 13.8, 1,    6671.24,   -3.1,   0.83731, 2,    6671.23, -123.1,   0.83731, 3,    6671.24,  116.9,   0.83731
"SCN_CN15_421171_CEI", 13.8, 1,    6671.24,   -3.1,   0.83731, 2,    6671.23, -123.1,   0.83731, 3,    6671.24,  116.9,   0.83731
"SCN_CN15_421172_CEI", 13.8, 1,    6671.24,   -3.1,   0.83731, 2,    6671.23, -123.1,   0.83731, 3,    6671.24,  116.9,   0.83731
"SCN_CN15_421173_CEI", 13.8, 1,    6671.24,   -3.1,   0.83731, 2,    6671.23, -123.1,   0.83731, 3,    6671.24,  116.9,   0.83731
"SCN_CN15_421174_CEI", 13.8, 1,    6671.24,   -3.1,   0.83731, 2,    6671.23, -123.1,   0.83731, 3,    6671.24,  116.9,   0.83731
"SCN_CN15_421175_CEI", 13.8, 1,    6677.61,   -3.1,   0.83811, 2,     6677.6, -123.1,   0.83811, 3,    6677.61,  116.9,   0.83811
"SCN_CN15_421176_CEI", 13.8, 1,    6677.61,   -3.1,   0.83811, 2,     6677.6, -123.1,   0.83811, 3,    6677.61,  116.9,   0.83811
"SCN_CN15_421177_CEI", 13.8, 1,    6677.61,   -3.1,   0.83811, 2,     6677.6, -123.1,   0.83811, 3,    6677.61,  116.9,   0.83811
"SCN_CN15_421178_CEI", 13.8, 1,    6677.61,   -3.1,   0.83811, 2,     6677.6, -123.1,   0.83811, 3,    6677.61,  116.9,   0.83811
"SCN_CN15_421179_CEI", 13.8, 1,     6691.1,   -3.0,   0.83981, 2,    6691.09, -123.0,   0.83981, 3,     6691.1,  117.0,   0.83981
"SCN_CN15_9047_CEI130_ATV", 13.8, 1,    6709.92,   -3.0,   0.84217, 2,    6709.91, -123.0,   0.84217, 3,    6709.92,  117.0,   0.84217
"SCN_CN15_421180_CEI", 13.8, 1,    6709.92,   -3.0,   0.84217, 2,    6709.91, -123.0,   0.84217, 3,    6709.92,  117.0,   0.84217
"SCN_CN15_9037_CEI130_ATV", 13.8, 1,    6742.29,   -2.8,   0.84623, 2,    6742.28, -122.8,   0.84623, 3,    6742.28,  117.2,   0.84623
"SCN_CN15_9047_CEI130_ATV_S", 13.8, 1,    6709.92,   -3.0,   0.84217, 2,    6709.91, -123.0,   0.84217, 3,    6709.92,  117.0,   0.84217
"SCN_CN15_421181_CEI", 13.8, 1,    6749.17,   -2.8,   0.84709, 2,    6749.15, -122.8,   0.84709, 3,    6749.16,  117.2,   0.84709
"SCN_CN15_9040_CEI130_ATV", 13.8, 1,    6749.17,   -2.8,   0.84709, 2,    6749.15, -122.8,   0.84709, 3,    6749.16,  117.2,   0.84709
"SCN_CN15_421182_CEI", 13.8, 1,    6749.17,   -2.8,   0.84709, 2,    6749.15, -122.8,   0.84709, 3,    6749.16,  117.2,   0.84709
"SCN_CN15_421183_CEI", 13.8, 1,    6749.17,   -2.8,   0.84709, 2,    6749.15, -122.8,   0.84709, 3,    6749.16,  117.2,   0.84709
"SCN_CN15_421184_CEI", 13.8, 1,    6749.17,   -2.8,   0.84709, 2,    6749.15, -122.8,   0.84709, 3,    6749.16,  117.2,   0.84709
"SCN_CN15_421195_CEI", 13.8, 1,    6780.54,   -2.7,   0.85103, 2,    6780.53, -122.7,   0.85103, 3,    6780.53,  117.3,   0.85103
"SCN_CN15_9022_CEI250_ATV", 13.8, 1,     6779.2,   -2.7,   0.85086, 2,    6779.18, -122.7,   0.85086, 3,    6779.19,  117.3,   0.85086
"SCN_CN15_421196_CEI", 13.8, 1,    6782.44,   -2.7,   0.85127, 2,    6782.43, -122.7,   0.85127, 3,    6782.43,  117.3,   0.85127
"SCN_CN15_9025_CEI130_ATV", 13.8, 1,       6784,   -2.7,   0.85147, 2,    6783.99, -122.7,   0.85146, 3,    6783.99,  117.3,   0.85147
"SCN_CN15_421197_CEI", 13.8, 1,     6709.7,   -3.0,   0.84214, 2,    6709.69, -123.0,   0.84214, 3,    6709.69,  117.0,   0.84214
"SCN_CN15_9004_CEI160_ATV", 13.8, 1,     6709.7,   -3.0,   0.84214, 2,    6709.69, -123.0,   0.84214, 3,    6709.69,  117.0,   0.84214
"SCN_CN15_9005_CEI160_ATV", 13.8, 1,     6709.7,   -3.0,   0.84214, 2,    6709.69, -123.0,   0.84214, 3,    6709.69,  117.0,   0.84214
"SCN_CN15_9017_CEI130A_ATV", 13.8, 1,    6915.93,   -2.4,   0.86803, 2,    6915.92, -122.4,   0.86802, 3,    6915.93,  117.6,   0.86802
"SCN_CN15_421206_CEI", 13.8, 1,    6915.93,   -2.4,   0.86803, 2,    6915.92, -122.4,   0.86802, 3,    6915.93,  117.6,   0.86802
"SCN_CN15_9034_CEI130A_ATV", 13.8, 1,    6915.08,   -2.4,   0.86792, 2,    6915.07, -122.4,   0.86792, 3,    6915.08,  117.6,   0.86792
"SCN_CN15_421207_CEI", 13.8, 1,    6915.08,   -2.4,   0.86792, 2,    6915.07, -122.4,   0.86792, 3,    6915.08,  117.6,   0.86792
"SCN_CN15_421208_CEI", 13.8, 1,    6915.08,   -2.4,   0.86792, 2,    6915.07, -122.4,   0.86792, 3,    6915.08,  117.6,   0.86792
"SCN_CN15_421209_CEI", 13.8, 1,    6915.08,   -2.4,   0.86792, 2,    6915.07, -122.4,   0.86792, 3,    6915.08,  117.6,   0.86792
"SCN_CN15_421210_CEI", 13.8, 1,    6915.08,   -2.4,   0.86792, 2,    6915.07, -122.4,   0.86792, 3,    6915.08,  117.6,   0.86792
"SCN_CN15_421211_CEI", 13.8, 1,    6915.08,   -2.4,   0.86792, 2,    6915.07, -122.4,   0.86792, 3,    6915.08,  117.6,   0.86792
"SCN_CN15_421212_CEI", 13.8, 1,    6915.08,   -2.4,   0.86792, 2,    6915.07, -122.4,   0.86792, 3,    6915.08,  117.6,   0.86792
"SCN_CN15_9040_CEI130A_ATV", 13.8, 1,    6915.02,   -2.4,   0.86791, 2,    6915.01, -122.4,   0.86791, 3,    6915.01,  117.6,   0.86791
"SCN_CN15_421213_CEI", 13.8, 1,    6915.02,   -2.4,   0.86791, 2,    6915.01, -122.4,   0.86791, 3,    6915.01,  117.6,   0.86791
"SCN_CN15_421218_CEI", 13.8, 1,    6919.76,   -2.4,   0.86851, 2,    6919.75, -122.4,    0.8685, 3,    6919.76,  117.6,   0.86851
"SCN_CN15_9353_CEI065", 13.8, 1,    6919.76,   -2.4,   0.86851, 2,    6919.75, -122.4,    0.8685, 3,    6919.76,  117.6,   0.86851
"SCN_CN15_421219_CEI", 13.8, 1,    6919.76,   -2.4,   0.86851, 2,    6919.75, -122.4,    0.8685, 3,    6919.76,  117.6,   0.86851
"CN_ALCN15", 13.8, 1,    6919.76,   -2.4,   0.86851, 2,    6919.75, -122.4,    0.8685, 3,    6919.76,  117.6,   0.86851
"SCN_CN15_421227_CEI", 13.8, 1,    6633.09,   -3.0,   0.83253, 2,    6633.08, -123.0,   0.83252, 3,    6633.09,  117.0,   0.83252
"SCN_CN15_9006_CEIRJ013_ATV", 13.8, 1,    6633.09,   -3.0,   0.83253, 2,    6633.08, -123.0,   0.83252, 3,    6633.09,  117.0,   0.83252
"SCN_CN15_9067_CEIRJ006_ATV", 13.8, 1,    6635.33,   -3.0,   0.83281, 2,    6635.32, -123.0,   0.83281, 3,    6635.32,  117.0,   0.83281
"SCN_CN15_9064_CEIRJ006_ATV", 13.8, 1,    6635.33,   -3.0,   0.83281, 2,    6635.32, -123.0,   0.83281, 3,    6635.32,  117.0,   0.83281
"SCN_CN15_421241_CEI", 13.8, 1,    6635.33,   -3.0,   0.83281, 2,    6635.32, -123.0,   0.83281, 3,    6635.32,  117.0,   0.83281
"SCN_CN15_9068_CEIRJ006_ATV", 13.8, 1,    6635.33,   -3.0,   0.83281, 2,    6635.32, -123.0,   0.83281, 3,    6635.32,  117.0,   0.83281
"SCN_CN15_9050_CEI160_ATV", 13.8, 1,    7389.41,   -1.4,   0.92745, 2,    7389.41, -121.4,   0.92745, 3,    7389.41,  118.6,   0.92745
"SCN_CN15_9014_CEI077_ATV", 13.8, 1,    7389.91,   -1.4,   0.92751, 2,    7389.91, -121.4,   0.92751, 3,    7389.91,  118.6,   0.92751
"SCN_CN15_9052_CEI160_ATV", 13.8, 1,    7389.41,   -1.4,   0.92745, 2,    7389.41, -121.4,   0.92745, 3,    7389.41,  118.6,   0.92745
"SCN_CN15_421244_CEI", 13.8, 1,    7388.94,   -1.4,   0.92739, 2,    7388.93, -121.4,   0.92739, 3,    7388.94,  118.6,   0.92739
"SCN_CN15_421245_CEI", 13.8, 1,    7388.45,   -1.4,   0.92733, 2,    7388.44, -121.4,   0.92733, 3,    7388.45,  118.6,   0.92733
"SCN_CN15_9005_CEIRJ012_ATV_S", 13.8, 1,    7387.98,   -1.4,   0.92727, 2,    7387.97, -121.4,   0.92727, 3,    7387.97,  118.6,   0.92727
"SCN_CN15_9024_CEI167_ATV", 13.8, 1,     7414.4,   -1.4,   0.93059, 2,     7414.4, -121.4,   0.93059, 3,     7414.4,  118.6,   0.93059
"SCN_CN15_9025_CEI167_ATV", 13.8, 1,     7414.4,   -1.4,   0.93059, 2,     7414.4, -121.4,   0.93059, 3,     7414.4,  118.6,   0.93059
"SCN_CN15_9002_CEIRJ013_ATV", 13.8, 1,     7414.4,   -1.4,   0.93059, 2,     7414.4, -121.4,   0.93059, 3,     7414.4,  118.6,   0.93059
"SCN_CN15_9037_CEI77A_ATV", 13.8, 1,    7424.59,   -1.4,   0.93187, 2,    7424.58, -121.4,   0.93187, 3,    7424.58,  118.6,   0.93187
"SCN_CN15_9035_CEIRJ006_ATV", 13.8, 1,    7424.59,   -1.4,   0.93187, 2,    7424.58, -121.4,   0.93187, 3,    7424.58,  118.6,   0.93187
"SCN_CN15_9036_CEIRJ006_ATV", 13.8, 1,    7424.59,   -1.4,   0.93187, 2,    7424.58, -121.4,   0.93187, 3,    7424.58,  118.6,   0.93187
"SCN_CN15_9105_CEI201_ATV", 13.8, 1,    6707.57,   -2.9,   0.84187, 2,    6707.56, -122.9,   0.84187, 3,    6707.56,  117.1,   0.84187
"SCN_CN15_9102_CEI201_ATV_S", 13.8, 1,     6707.5,   -2.9,   0.84186, 2,    6707.49, -122.9,   0.84186, 3,    6707.49,  117.1,   0.84186
"SCN_CN15_9017_CEI201_ATV", 13.8, 1,    6558.69,   -3.5,   0.82319, 2,    6558.68, -123.5,   0.82319, 3,    6558.68,  116.5,   0.82319
"SCN_CN15_9019_CEI201_ATV", 13.8, 1,    6558.79,   -3.5,    0.8232, 2,    6558.77, -123.5,    0.8232, 3,    6558.78,  116.5,    0.8232
"SCN_CN15_9019_CEI134C_ATV", 13.8, 1,     6605.3,   -3.3,   0.82904, 2,    6605.29, -123.3,   0.82904, 3,    6605.29,  116.7,   0.82904
"SCN_CN15_9020_CEI134C_ATV", 13.8, 1,    6605.29,   -3.3,   0.82904, 2,    6605.27, -123.3,   0.82903, 3,    6605.28,  116.7,   0.82903
"SCN_CN15_9022_CEI134C_ATV", 13.8, 1,    6605.15,   -3.3,   0.82902, 2,    6605.13, -123.3,   0.82902, 3,    6605.14,  116.7,   0.82902
"SCN_CN15_9021_CEI134C_ATV", 13.8, 1,    6605.11,   -3.3,   0.82901, 2,     6605.1, -123.3,   0.82901, 3,     6605.1,  116.7,   0.82901
"SCN_CN15_9023_CEI134C_ATV", 13.8, 1,    6605.09,   -3.3,   0.82901, 2,    6605.07, -123.3,   0.82901, 3,    6605.08,  116.7,   0.82901
"SCN_CN15_9034_CEI134C_ATV", 13.8, 1,    6605.05,   -3.3,   0.82901, 2,    6605.03, -123.3,     0.829, 3,    6605.04,  116.7,     0.829
"SCN_CN15_9035_CEI134C_ATV", 13.8, 1,    6605.01,   -3.3,     0.829, 2,       6605, -123.3,     0.829, 3,       6605,  116.7,     0.829
"SCN_CN15_9036_CEI134C_ATV", 13.8, 1,    6604.98,   -3.3,     0.829, 2,    6604.97, -123.3,     0.829, 3,    6604.98,  116.7,     0.829
"SCN_CN15_9024_CEI134B_ATV", 13.8, 1,    6607.72,   -3.3,   0.82934, 2,    6607.71, -123.3,   0.82934, 3,    6607.71,  116.7,   0.82934
"SCN_CN15_9027_CEI134B_ATV", 13.8, 1,     6607.7,   -3.3,   0.82934, 2,    6607.69, -123.3,   0.82934, 3,    6607.69,  116.7,   0.82934
"SCN_CN15_9026_CEI134B_ATV", 13.8, 1,    6607.69,   -3.3,   0.82934, 2,    6607.68, -123.3,   0.82934, 3,    6607.68,  116.7,   0.82934
"SCN_CN15_9028_CEI134B_ATV", 13.8, 1,    6607.68,   -3.3,   0.82934, 2,    6607.67, -123.3,   0.82933, 3,    6607.67,  116.7,   0.82934
"SCN_CN15_9011_CEI134_ATV", 13.8, 1,    6619.85,   -3.2,   0.83086, 2,    6619.83, -123.2,   0.83086, 3,    6619.84,  116.8,   0.83086
"SCN_CN15_9009_CEI134A_ATV", 13.8, 1,     6619.3,   -3.2,   0.83079, 2,    6619.29, -123.2,   0.83079, 3,    6619.29,  116.8,   0.83079
"SCN_CN15_9002_CEI134_ATV", 13.8, 1,    6621.18,   -3.2,   0.83103, 2,    6621.16, -123.2,   0.83103, 3,    6621.17,  116.8,   0.83103
"SCN_CN15_9003_CEI134_ATV", 13.8, 1,    6621.19,   -3.2,   0.83103, 2,    6621.18, -123.2,   0.83103, 3,    6621.19,  116.8,   0.83103
"SCN_CN15_9101_CEI109", 13.8, 1,    6623.09,   -3.2,   0.83127, 2,    6623.08, -123.2,   0.83127, 3,    6623.09,  116.8,   0.83127
"SCN_CN15_9102_CEI109", 13.8, 1,    6623.07,   -3.2,   0.83127, 2,    6623.05, -123.2,   0.83127, 3,    6623.06,  116.8,   0.83127
"SCN_CN15_9103_CEI109", 13.8, 1,    6623.04,   -3.2,   0.83126, 2,    6623.03, -123.2,   0.83126, 3,    6623.04,  116.8,   0.83126
"SCN_CN15_9104_CEI109", 13.8, 1,    6623.02,   -3.2,   0.83126, 2,    6623.01, -123.2,   0.83126, 3,    6623.02,  116.8,   0.83126
"SCN_CN15_9105_CEI109", 13.8, 1,       6623,   -3.2,   0.83126, 2,    6622.99, -123.2,   0.83126, 3,       6623,  116.8,   0.83126
"SCN_CN15_9106_CEI109", 13.8, 1,    6622.98,   -3.2,   0.83126, 2,    6622.97, -123.2,   0.83126, 3,    6622.98,  116.8,   0.83126
"SCN_CN15_9108_CEI109", 13.8, 1,    6622.96,   -3.2,   0.83125, 2,    6622.95, -123.2,   0.83125, 3,    6622.95,  116.8,   0.83125
"SCN_CN15_9109_CEI109", 13.8, 1,    6622.94,   -3.2,   0.83125, 2,    6622.93, -123.2,   0.83125, 3,    6622.93,  116.8,   0.83125
"SCN_CN15_9110_CEI109", 13.8, 1,    6622.92,   -3.2,   0.83125, 2,     6622.9, -123.2,   0.83125, 3,    6622.91,  116.8,   0.83125
"SCN_CN15_9111_CEI109", 13.8, 1,     6622.9,   -3.2,   0.83125, 2,    6622.88, -123.2,   0.83124, 3,    6622.89,  116.8,   0.83124
"SCN_CN15_9112_CEI109", 13.8, 1,    6622.89,   -3.2,   0.83124, 2,    6622.87, -123.2,   0.83124, 3,    6622.88,  116.8,   0.83124
"SCN_CN15_9113_CEI109", 13.8, 1,    6622.87,   -3.2,   0.83124, 2,    6622.86, -123.2,   0.83124, 3,    6622.86,  116.8,   0.83124
"SCN_CN15_9114_CEI109", 13.8, 1,    6622.85,   -3.2,   0.83124, 2,    6622.84, -123.2,   0.83124, 3,    6622.84,  116.8,   0.83124
"SCN_CN15_9115_CEI109", 13.8, 1,    6622.81,   -3.2,   0.83124, 2,     6622.8, -123.2,   0.83123, 3,    6622.81,  116.8,   0.83123
"SCN_CN15_9116_CEI109", 13.8, 1,    6622.79,   -3.2,   0.83123, 2,    6622.78, -123.2,   0.83123, 3,    6622.79,  116.8,   0.83123
"SCN_CN15_9010_CEI120", 13.8, 1,    6661.36,   -3.1,   0.83607, 2,    6661.35, -123.1,   0.83607, 3,    6661.36,  116.9,   0.83607
"SCN_CN15_9011_CEI120", 13.8, 1,    6662.69,   -3.1,   0.83624, 2,    6662.67, -123.1,   0.83624, 3,    6662.68,  116.9,   0.83624
"SCN_CN15_9045_CEI130_ATV", 13.8, 1,    6709.86,   -3.0,   0.84216, 2,    6709.85, -123.0,   0.84216, 3,    6709.85,  117.0,   0.84216
"SCN_CN15_9044_CEI130_ATV", 13.8, 1,    6709.85,   -3.0,   0.84216, 2,    6709.84, -123.0,   0.84216, 3,    6709.85,  117.0,   0.84216
"SCN_CN15_9043_CEI130_ATV", 13.8, 1,    6709.81,   -3.0,   0.84215, 2,    6709.79, -123.0,   0.84215, 3,     6709.8,  117.0,   0.84215
"SCN_CN15_9014_CEI69B", 13.8, 1,    6794.07,   -2.7,   0.85273, 2,    6794.06, -122.7,   0.85273, 3,    6794.07,  117.3,   0.85273
"SCN_CN15_9015_CEI69B", 13.8, 1,    6794.57,   -2.7,   0.85279, 2,    6794.56, -122.7,   0.85279, 3,    6794.56,  117.3,   0.85279
"SCN_CN15_9559_CEI109", 13.8, 1,    6616.62,   -3.3,   0.83046, 2,    6616.61, -123.3,   0.83046, 3,    6616.62,  116.7,   0.83046
"SCN_CN15_9570_CEI109", 13.8, 1,    6616.62,   -3.3,   0.83046, 2,     6616.6, -123.3,   0.83046, 3,    6616.61,  116.7,   0.83046
"SCN_CN15_9558_CEI109", 13.8, 1,    6620.24,   -3.3,   0.83091, 2,    6620.23, -123.3,   0.83091, 3,    6620.23,  116.7,   0.83091
"SCN_CN15_9560_CEI109", 13.8, 1,    6613.95,   -3.3,   0.83012, 2,    6613.94, -123.3,   0.83012, 3,    6613.95,  116.7,   0.83012
"SCN_CN15_9555_CEI109", 13.8, 1,     6624.4,   -3.3,   0.83144, 2,    6624.39, -123.3,   0.83143, 3,     6624.4,  116.7,   0.83143
"SCN_CN15_9552_CEI109", 13.8, 1,    6627.47,   -3.2,   0.83182, 2,    6627.46, -123.2,   0.83182, 3,    6627.46,  116.8,   0.83182
"SCN_CN15_9550_CEI109", 13.8, 1,    6630.15,   -3.2,   0.83216, 2,    6630.14, -123.2,   0.83215, 3,    6630.14,  116.8,   0.83216
"SCN_CN15_9548_CEI109", 13.8, 1,    6632.72,   -3.2,   0.83248, 2,    6632.71, -123.2,   0.83248, 3,    6632.71,  116.8,   0.83248
"SCN_CN15_9017_CEI109", 13.8, 1,    6636.22,   -3.2,   0.83292, 2,    6636.21, -123.2,   0.83292, 3,    6636.21,  116.8,   0.83292
"SCN_CN15_9548_CEI109_S", 13.8, 1,    6632.72,   -3.2,   0.83248, 2,    6632.71, -123.2,   0.83248, 3,    6632.71,  116.8,   0.83248
"SCN_CN15_9016_CEI109", 13.8, 1,    6636.15,   -3.2,   0.83291, 2,    6636.13, -123.2,   0.83291, 3,    6636.14,  116.8,   0.83291
"SCN_CN15_9014_CEI109", 13.8, 1,    6636.04,   -3.2,    0.8329, 2,    6636.03, -123.2,   0.83289, 3,    6636.03,  116.8,   0.83289
"SCN_CN15_9013_CEI109", 13.8, 1,    6635.99,   -3.2,   0.83289, 2,    6635.98, -123.2,   0.83289, 3,    6635.99,  116.8,   0.83289
"SCN_CN15_9012_CEI109", 13.8, 1,    6635.92,   -3.2,   0.83288, 2,    6635.91, -123.2,   0.83288, 3,    6635.91,  116.8,   0.83288
"SCN_CN15_9008_CEI109", 13.8, 1,    6635.86,   -3.2,   0.83287, 2,    6635.85, -123.2,   0.83287, 3,    6635.86,  116.8,   0.83287
"SCN_CN15_9009_CEI109", 13.8, 1,    6635.83,   -3.2,   0.83287, 2,    6635.82, -123.2,   0.83287, 3,    6635.83,  116.8,   0.83287
"SCN_CN15_9010_CEI109", 13.8, 1,    6635.81,   -3.2,   0.83287, 2,     6635.8, -123.2,   0.83286, 3,     6635.8,  116.8,   0.83287
"SCN_CN15_9011_CEI109", 13.8, 1,    6635.78,   -3.2,   0.83286, 2,    6635.77, -123.2,   0.83286, 3,    6635.78,  116.8,   0.83286
"SCN_CN15_9547_CEI109", 13.8, 1,    6632.67,   -3.2,   0.83247, 2,    6632.66, -123.2,   0.83247, 3,    6632.67,  116.8,   0.83247
"SCN_CN15_9007_CEI109", 13.8, 1,    6635.84,   -3.2,   0.83287, 2,    6635.83, -123.2,   0.83287, 3,    6635.83,  116.8,   0.83287
"SCN_CN15_9006_CEI109", 13.8, 1,    6635.83,   -3.2,   0.83287, 2,    6635.81, -123.2,   0.83287, 3,    6635.82,  116.8,   0.83287
"SCN_CN15_9005_CEI109", 13.8, 1,    6635.81,   -3.2,   0.83287, 2,    6635.79, -123.2,   0.83286, 3,     6635.8,  116.8,   0.83287
"SCN_CN15_9004_CEI109", 13.8, 1,    6635.79,   -3.2,   0.83286, 2,    6635.78, -123.2,   0.83286, 3,    6635.79,  116.8,   0.83286
"SCN_CN15_9002_CEI109", 13.8, 1,    6721.77,   -2.8,   0.84366, 2,    6721.75, -122.8,   0.84365, 3,    6721.76,  117.2,   0.84365
"SCN_CN15_9003_CEI109", 13.8, 1,    6721.77,   -2.8,   0.84366, 2,    6721.75, -122.8,   0.84365, 3,    6721.76,  117.2,   0.84365
"SCN_CN15_9001_CEI109", 13.8, 1,    6721.77,   -2.8,   0.84366, 2,    6721.75, -122.8,   0.84365, 3,    6721.76,  117.2,   0.84365
"SCN_CN15_9122_CEI201_ATV", 13.8, 1,    6721.77,   -2.8,   0.84366, 2,    6721.75, -122.8,   0.84365, 3,    6721.76,  117.2,   0.84365
"SCN_CN15_9241_CEI109", 13.8, 1,    6582.62,   -3.4,   0.82619, 2,    6582.61, -123.4,   0.82619, 3,    6582.61,  116.6,   0.82619
"SCN_CN15_9204_CEI109", 13.8, 1,    6582.63,   -3.4,   0.82619, 2,    6582.61, -123.4,   0.82619, 3,    6582.62,  116.6,   0.82619
"SCN_CN15_9242_CEI109", 13.8, 1,    6582.61,   -3.4,   0.82619, 2,     6582.6, -123.4,   0.82619, 3,    6582.61,  116.6,   0.82619
"SCN_CN15_9243_CEI109", 13.8, 1,    6582.61,   -3.4,   0.82619, 2,    6582.59, -123.4,   0.82619, 3,     6582.6,  116.6,   0.82619
"SCN_CN15_9244_CEI109", 13.8, 1,     6582.6,   -3.4,   0.82619, 2,    6582.58, -123.4,   0.82619, 3,    6582.59,  116.6,   0.82619
"SCN_CN15_9245_CEI109", 13.8, 1,    6582.59,   -3.4,   0.82619, 2,    6582.57, -123.4,   0.82618, 3,    6582.58,  116.6,   0.82619
"SCN_CN15_9190_CEI109", 13.8, 1,    6581.86,   -3.4,    0.8261, 2,    6581.84, -123.4,   0.82609, 3,    6581.85,  116.6,   0.82609
"SCN_CN15_9191_CEI109", 13.8, 1,    6581.84,   -3.4,   0.82609, 2,    6581.83, -123.4,   0.82609, 3,    6581.84,  116.6,   0.82609
"SCN_CN15_9166_CEI109", 13.8, 1,    6581.82,   -3.4,   0.82609, 2,    6581.81, -123.4,   0.82609, 3,    6581.81,  116.6,   0.82609
"SCN_CN15_9167_CEI109", 13.8, 1,    6581.82,   -3.4,   0.82609, 2,     6581.8, -123.4,   0.82609, 3,    6581.81,  116.6,   0.82609
"SCN_CN15_9168_CEI109", 13.8, 1,    6581.81,   -3.4,   0.82609, 2,     6581.8, -123.4,   0.82609, 3,     6581.8,  116.6,   0.82609
"SCN_CN15_9169_CEI109", 13.8, 1,    6581.81,   -3.4,   0.82609, 2,    6581.79, -123.4,   0.82609, 3,     6581.8,  116.6,   0.82609
"SCN_CN15_9183_CEI109", 13.8, 1,     6581.8,   -3.4,   0.82609, 2,    6581.78, -123.4,   0.82609, 3,    6581.79,  116.6,   0.82609
"SCN_CN15_9330_CEI109", 13.8, 1,    6563.51,   -3.5,   0.82379, 2,     6563.5, -123.5,   0.82379, 3,     6563.5,  116.5,   0.82379
"SCN_CN15_9329_CEI109", 13.8, 1,    6563.86,   -3.5,   0.82384, 2,    6563.85, -123.5,   0.82383, 3,    6563.86,  116.5,   0.82384
"SCN_CN15_9328_CEI109", 13.8, 1,    6564.11,   -3.5,   0.82387, 2,    6564.09, -123.5,   0.82387, 3,     6564.1,  116.5,   0.82387
"SCN_CN15_9165_CEI068", 13.8, 1,    6841.49,   -2.5,   0.85868, 2,    6841.48, -122.5,   0.85868, 3,    6841.48,  117.5,   0.85868
"SCN_CN15_9166_CEI068", 13.8, 1,    6841.45,   -2.5,   0.85868, 2,    6841.44, -122.5,   0.85868, 3,    6841.45,  117.4,   0.85868
"SCN_CN15_9327_CEI109", 13.8, 1,    6564.53,   -3.5,   0.82392, 2,    6564.52, -123.5,   0.82392, 3,    6564.52,  116.5,   0.82392
"SCN_CN15_9399_CEI109", 13.8, 1,    6564.93,   -3.5,   0.82397, 2,    6564.92, -123.5,   0.82397, 3,    6564.92,  116.5,   0.82397
"SCN_CN15_9029_CEI160_ATV", 13.8, 1,     6564.9,   -3.5,   0.82397, 2,    6564.89, -123.5,   0.82397, 3,     6564.9,  116.5,   0.82397
"SCN_CN15_9057_CEI075", 13.8, 1,    6654.53,   -2.9,   0.83522, 2,    6654.52, -122.9,   0.83521, 3,    6654.52,  117.1,   0.83522
"SCN_CN15_9054_CEIRJ006_ATV", 13.8, 1,    6654.53,   -2.9,   0.83522, 2,    6654.51, -122.9,   0.83521, 3,    6654.52,  117.1,   0.83521
"SCN_CN15_9040_CEI77A_ATV", 13.8, 1,    7424.47,   -1.4,   0.93185, 2,    7424.46, -121.4,   0.93185, 3,    7424.47,  118.6,   0.93185
"SCN_CN15_9042_CEI77A_ATV", 13.8, 1,    7424.45,   -1.4,   0.93185, 2,    7424.44, -121.4,   0.93185, 3,    7424.44,  118.6,   0.93185
"SCN_CN15_9043_CEI77A_ATV", 13.8, 1,    7424.43,   -1.4,   0.93185, 2,    7424.42, -121.4,   0.93185, 3,    7424.42,  118.6,   0.93185
"SCN_CN15_9190_CEI77A_ATV", 13.8, 1,    7877.55,   -0.4,   0.98872, 2,    7877.55, -120.4,   0.98872, 3,    7877.55,  119.6,   0.98872
"SCN_CN15_9194_CEI77A_ATV", 13.8, 1,    7886.38,   -0.4,   0.98983, 2,    7886.38, -120.4,   0.98983, 3,    7886.38,  119.6,   0.98983
"SCN_CN15_9195_CEI77A_ATV", 13.8, 1,    7901.39,   -0.3,   0.99171, 2,    7901.38, -120.3,   0.99171, 3,    7901.38,  119.7,   0.99171
"SCN_CN15_9196_CEI77A_ATV", 13.8, 1,     7916.3,   -0.3,   0.99358, 2,     7916.3, -120.3,   0.99358, 3,     7916.3,  119.7,   0.99358
"SCN_CN15_9197_CEI77A_ATV", 13.8, 1,    7932.47,   -0.2,   0.99561, 2,    7932.47, -120.2,   0.99561, 3,    7932.47,  119.8,   0.99561
"SCN_CN15_9198_CEI77A_ATV", 13.8, 1,    7937.46,   -0.2,   0.99624, 2,    7937.46, -120.2,   0.99624, 3,    7937.46,  119.8,   0.99624
"SCN_CN15_9200_CEI77A_ATV", 13.8, 1,    7731.57,   -0.8,    0.9704, 2,    7731.57, -120.8,    0.9704, 3,    7731.57,  119.2,    0.9704
"SCN_CN15_9201_CEI77A_ATV", 13.8, 1,    7731.59,   -0.8,    0.9704, 2,    7731.59, -120.8,    0.9704, 3,    7731.59,  119.2,    0.9704
"SCN_CN15_9039_CEI076", 13.8, 1,    6928.32,   -2.4,   0.86958, 2,    6928.31, -122.4,   0.86958, 3,    6928.32,  117.6,   0.86958
"SCN_CN15_9041_CEI076", 13.8, 1,    6928.32,   -2.4,   0.86958, 2,    6928.31, -122.4,   0.86958, 3,    6928.32,  117.6,   0.86958
"SCN_CN15_9042_CEI076", 13.8, 1,    6928.32,   -2.4,   0.86958, 2,    6928.31, -122.4,   0.86958, 3,    6928.32,  117.6,   0.86958
"SCN_CN15_9044_CEI076", 13.8, 1,    6928.32,   -2.4,   0.86958, 2,    6928.31, -122.4,   0.86958, 3,    6928.32,  117.6,   0.86958
"SCN_CN15_9045_CEI076", 13.8, 1,    6928.32,   -2.4,   0.86958, 2,    6928.31, -122.4,   0.86958, 3,    6928.32,  117.6,   0.86958
"SCN_CN15_9057_CEI068", 13.8, 1,     6924.2,   -2.4,   0.86906, 2,    6924.19, -122.4,   0.86906, 3,    6924.19,  117.6,   0.86906
"SCN_CN15_9058_CEI068", 13.8, 1,     6924.2,   -2.4,   0.86906, 2,    6924.19, -122.4,   0.86906, 3,    6924.19,  117.6,   0.86906
"SCN_CN15_9236_CEI068", 13.8, 1,    6924.19,   -2.4,   0.86906, 2,    6924.18, -122.4,   0.86906, 3,    6924.19,  117.6,   0.86906
"SCN_CN15_9240_CEI068", 13.8, 1,    6924.19,   -2.4,   0.86906, 2,    6924.18, -122.4,   0.86906, 3,    6924.18,  117.6,   0.86906
"SCN_CN15_9063_CEI072", 13.8, 1,    7283.24,   -1.7,   0.91413, 2,    7283.23, -121.7,   0.91413, 3,    7283.24,  118.3,   0.91413
"SCN_CN15_CEI_FL_MT_37442", 13.8, 1,    7283.32,   -1.7,   0.91414, 2,    7283.32, -121.7,   0.91414, 3,    7283.32,  118.3,   0.91414
"SCN_CN15_9088_CEI072", 13.8, 1,    7283.32,   -1.7,   0.91414, 2,    7283.32, -121.7,   0.91414, 3,    7283.32,  118.3,   0.91414
"SCN_CN15_9089_CEI072", 13.8, 1,    7286.21,   -1.7,    0.9145, 2,     7286.2, -121.7,    0.9145, 3,     7286.2,  118.3,    0.9145
"SCN_CN15_9062_CEI072", 13.8, 1,    7279.68,   -1.7,   0.91368, 2,    7279.68, -121.7,   0.91368, 3,    7279.68,  118.3,   0.91368
"SCN_CN15_9061_CEI071", 13.8, 1,    7143.48,   -2.0,   0.89658, 2,    7143.47, -122.0,   0.89658, 3,    7143.48,  118.0,   0.89658
"SCN_CN15_9072_CEI071", 13.8, 1,    7143.45,   -2.0,   0.89658, 2,    7143.44, -122.0,   0.89658, 3,    7143.45,  118.0,   0.89658
"SCN_CN15_9073_CEI071", 13.8, 1,    7143.43,   -2.0,   0.89658, 2,    7143.42, -122.0,   0.89658, 3,    7143.42,  118.0,   0.89658
"SCN_CN15_9075_CEI071", 13.8, 1,     7143.4,   -2.0,   0.89657, 2,    7143.39, -122.0,   0.89657, 3,     7143.4,  118.0,   0.89657
"SCN_CN15_9078_CEI071", 13.8, 1,    7143.38,   -2.0,   0.89657, 2,    7143.37, -122.0,   0.89657, 3,    7143.37,  118.0,   0.89657
"SCN_CN15_9079_CEI071", 13.8, 1,    7143.35,   -2.0,   0.89657, 2,    7143.34, -122.0,   0.89657, 3,    7143.35,  118.0,   0.89657
"SCN_CN15_9080_CEI071", 13.8, 1,    7143.33,   -2.0,   0.89657, 2,    7143.32, -122.0,   0.89657, 3,    7143.33,  118.0,   0.89657
"SCN_CN15_9081_CEI071", 13.8, 1,    7143.31,   -2.0,   0.89656, 2,     7143.3, -122.0,   0.89656, 3,     7143.3,  118.0,   0.89656
"SCN_CN15_9082_CEI071", 13.8, 1,    7143.28,   -2.0,   0.89656, 2,    7143.27, -122.0,   0.89656, 3,    7143.28,  118.0,   0.89656
"SCN_CN15_9083_CEI071", 13.8, 1,    7143.26,   -2.0,   0.89656, 2,    7143.25, -122.0,   0.89656, 3,    7143.25,  118.0,   0.89656
"SCN_CN15_9084_CEI071", 13.8, 1,    7143.23,   -2.0,   0.89655, 2,    7143.22, -122.0,   0.89655, 3,    7143.23,  118.0,   0.89655
"SCN_CN15_9145_CEI220_ATV", 13.8, 1,    6657.06,   -3.1,   0.83553, 2,    6657.05, -123.1,   0.83553, 3,    6657.05,  116.9,   0.83553
"SCN_CN15_9146_CEI220_ATV", 13.8, 1,       6657,   -3.1,   0.83553, 2,    6656.98, -123.1,   0.83552, 3,    6656.99,  116.9,   0.83552
"SCN_CN15_9004_CEI220_ATV", 13.8, 1,    6721.64,   -2.8,   0.84364, 2,    6721.63, -122.8,   0.84364, 3,    6721.63,  117.2,   0.84364
"SCN_CN15_9005_CEI220_ATV", 13.8, 1,    6721.64,   -2.8,   0.84364, 2,    6721.62, -122.8,   0.84364, 3,    6721.63,  117.2,   0.84364
"SCN_CN15_9088_CEI201_ATV", 13.8, 1,    6716.06,   -2.9,   0.84294, 2,    6716.05, -122.9,   0.84294, 3,    6716.06,  117.1,   0.84294
"SCN_CN15_9089_CEI201_ATV", 13.8, 1,    6716.08,   -2.9,   0.84294, 2,    6716.06, -122.9,   0.84294, 3,    6716.07,  117.1,   0.84294
"SCN_CN15_9016_CEIRJ003", 13.8, 1,     6716.5,   -2.9,   0.84299, 2,    6716.49, -122.9,   0.84299, 3,    6716.49,  117.1,   0.84299
"SCN_CN15_9089_CEI201_ATV_S", 13.8, 1,    6716.08,   -2.9,   0.84294, 2,    6716.06, -122.9,   0.84294, 3,    6716.07,  117.1,   0.84294
"SCN_CN15_9123_CEI69B", 13.8, 1,    6715.43,   -2.9,   0.84286, 2,    6715.42, -122.9,   0.84286, 3,    6715.42,  117.1,   0.84286
"SCN_CN15_9121_CEI69B", 13.8, 1,    6714.02,   -2.9,   0.84268, 2,    6714.01, -122.9,   0.84268, 3,    6714.02,  117.1,   0.84268
"SCN_CN15_9119_CEI69B", 13.8, 1,     6712.3,   -2.9,   0.84247, 2,    6712.29, -122.9,   0.84247, 3,     6712.3,  117.1,   0.84247
"SCN_CN15_9276_CEI109", 13.8, 1,    6608.28,   -3.3,   0.82941, 2,    6608.27, -123.3,   0.82941, 3,    6608.28,  116.7,   0.82941
"SCN_CN15_9277_CEI109", 13.8, 1,    6606.88,   -3.3,   0.82924, 2,    6606.87, -123.3,   0.82923, 3,    6606.88,  116.7,   0.82924
"SCN_CN15_9118_CEI69B", 13.8, 1,    6710.69,   -2.9,   0.84226, 2,    6710.67, -122.9,   0.84226, 3,    6710.68,  117.1,   0.84226
"SCN_CN15_9114_CEI230_ATV", 13.8, 1,    6706.63,   -2.9,   0.84176, 2,    6706.62, -122.9,   0.84175, 3,    6706.63,  117.1,   0.84175
"SCN_CN15_9113_CEI230_ATV", 13.8, 1,    6703.68,   -2.9,   0.84139, 2,    6703.67, -122.9,   0.84138, 3,    6703.67,  117.1,   0.84138
"SCN_CN15_9112_CEI230_ATV", 13.8, 1,    6698.13,   -2.9,   0.84069, 2,    6698.11, -122.9,   0.84069, 3,    6698.12,  117.1,   0.84069
"SCN_CN15_9111_CEI230_ATV_S", 13.8, 1,    6697.67,   -2.9,   0.84063, 2,    6697.65, -122.9,   0.84063, 3,    6697.66,  117.1,   0.84063
"SCN_CN15_9110_CEI230_ATV", 13.8, 1,    6697.65,   -2.9,   0.84063, 2,    6697.64, -122.9,   0.84063, 3,    6697.64,  117.1,   0.84063
"SCN_CN15_9111_CEI230_ATV", 13.8, 1,    6697.67,   -2.9,   0.84063, 2,    6697.65, -122.9,   0.84063, 3,    6697.66,  117.1,   0.84063
"SCN_CN15_9109_CEI230_ATV", 13.8, 1,    6697.63,   -2.9,   0.84063, 2,    6697.62, -122.9,   0.84062, 3,    6697.62,  117.1,   0.84062
"SCN_CN15_9108_CEI230_ATV", 13.8, 1,    6697.62,   -2.9,   0.84062, 2,     6697.6, -122.9,   0.84062, 3,    6697.61,  117.1,   0.84062
"SCN_CN15_9107_CEI230_ATV", 13.8, 1,    6697.61,   -2.9,   0.84062, 2,    6697.59, -122.9,   0.84062, 3,     6697.6,  117.1,   0.84062
"SCN_CN15_9106_CEI230_ATV", 13.8, 1,     6697.6,   -2.9,   0.84062, 2,    6697.58, -122.9,   0.84062, 3,    6697.59,  117.1,   0.84062
"SCN_CN15_9278_CEI109", 13.8, 1,    6605.64,   -3.3,   0.82908, 2,    6605.63, -123.3,   0.82908, 3,    6605.63,  116.7,   0.82908
"SCN_CN15_9104_CEI230_ATV", 13.8, 1,    6697.59,   -2.9,   0.84062, 2,    6697.58, -122.9,   0.84062, 3,    6697.58,  117.1,   0.84062
"SCN_CN15_9105_CEI230_ATV", 13.8, 1,    6697.58,   -2.9,   0.84062, 2,    6697.57, -122.9,   0.84062, 3,    6697.57,  117.1,   0.84062
"SCN_CN15_9103_CEI230_ATV", 13.8, 1,    6697.57,   -2.9,   0.84062, 2,    6697.56, -122.9,   0.84062, 3,    6697.56,  117.1,   0.84062
"SCN_CN15_9102_CEI230_ATV", 13.8, 1,    6697.56,   -2.9,   0.84062, 2,    6697.55, -122.9,   0.84062, 3,    6697.55,  117.1,   0.84062
"SCN_CN15_9100_CEI230_ATV", 13.8, 1,    6697.55,   -2.9,   0.84062, 2,    6697.54, -122.9,   0.84061, 3,    6697.54,  117.1,   0.84061
"SCN_CN15_9099_CEI230_ATV", 13.8, 1,    6697.54,   -2.9,   0.84061, 2,    6697.53, -122.9,   0.84061, 3,    6697.54,  117.1,   0.84061
"SCN_CN15_9098_CEI230_ATV", 13.8, 1,    6697.54,   -2.9,   0.84061, 2,    6697.52, -122.9,   0.84061, 3,    6697.53,  117.1,   0.84061
"SCN_CN15_9097_CEI230_ATV", 13.8, 1,    6697.53,   -2.9,   0.84061, 2,    6697.51, -122.9,   0.84061, 3,    6697.52,  117.1,   0.84061
"SCN_CN15_9096_CEI230_ATV", 13.8, 1,    6697.52,   -2.9,   0.84061, 2,    6697.51, -122.9,   0.84061, 3,    6697.51,  117.1,   0.84061
"SCN_CN15_9094_CEI230_ATV", 13.8, 1,    6697.51,   -2.9,   0.84061, 2,     6697.5, -122.9,   0.84061, 3,    6697.51,  117.1,   0.84061
"SCN_CN15_9281_CEI109", 13.8, 1,    6604.72,   -3.3,   0.82896, 2,    6604.71, -123.3,   0.82896, 3,    6604.72,  116.7,   0.82896
"SCN_CN15_9095_CEI230_ATV", 13.8, 1,    6697.51,   -2.9,   0.84061, 2,     6697.5, -122.9,   0.84061, 3,     6697.5,  117.1,   0.84061
"SCN_CN15_9120_CEI230_ATV", 13.8, 1,    6691.93,   -2.9,   0.83991, 2,    6691.92, -122.9,   0.83991, 3,    6691.92,  117.1,   0.83991
"SCN_CN15_9115_CEI230_ATV", 13.8, 1,    6691.84,   -2.9,    0.8399, 2,    6691.83, -122.9,    0.8399, 3,    6691.83,  117.1,    0.8399
"SCN_CN15_9119_CEI230_ATV", 13.8, 1,    6686.35,   -2.9,   0.83921, 2,    6686.34, -122.9,   0.83921, 3,    6686.34,  117.1,   0.83921
"SCN_CN15_9331_CEI109", 13.8, 1,    6563.11,   -3.5,   0.82374, 2,    6563.09, -123.5,   0.82374, 3,     6563.1,  116.5,   0.82374
"SCN_CN15_9332_CEI109", 13.8, 1,    6562.88,   -3.5,   0.82371, 2,    6562.86, -123.5,   0.82371, 3,    6562.87,  116.5,   0.82371
"SCN_CN15_9118_CEI230_ATV", 13.8, 1,    6680.85,   -2.9,   0.83852, 2,    6680.84, -122.9,   0.83852, 3,    6680.85,  117.1,   0.83852
"SCN_CN15_9117_CEI230_ATV", 13.8, 1,    6675.15,   -2.9,    0.8378, 2,    6675.13, -122.9,    0.8378, 3,    6675.14,  117.1,    0.8378
"SCN_CN15_9116_CEI230_ATV", 13.8, 1,    6669.73,   -2.9,   0.83712, 2,    6669.72, -122.9,   0.83712, 3,    6669.72,  117.1,   0.83712
"SCN_CN15_9014_CEIRJ003", 13.8, 1,    6664.54,   -2.9,   0.83647, 2,    6664.52, -122.9,   0.83647, 3,    6664.53,  117.1,   0.83647
"SCN_CN15_9002_CEI075", 13.8, 1,    6663.89,   -2.9,   0.83639, 2,    6663.88, -122.9,   0.83639, 3,    6663.88,  117.1,   0.83639
"SCN_CN15_9003_CEI075", 13.8, 1,     6663.2,   -2.9,    0.8363, 2,    6663.19, -122.9,    0.8363, 3,    6663.19,  117.1,    0.8363
"SCN_CN15_9282_CEI109", 13.8, 1,    6603.85,   -3.3,   0.82886, 2,    6603.84, -123.3,   0.82885, 3,    6603.85,  116.7,   0.82885
"SCN_CN15_9004_CEI075", 13.8, 1,    6662.44,   -2.9,   0.83621, 2,    6662.42, -122.9,   0.83621, 3,    6662.43,  117.1,   0.83621
"SCN_CN15_9052_CEIRJ006_ATV", 13.8, 1,    6663.19,   -2.9,    0.8363, 2,    6663.17, -122.9,    0.8363, 3,    6663.18,  117.1,    0.8363
"SCN_CN15_9005_CEI075", 13.8, 1,    6661.64,   -2.9,   0.83611, 2,    6661.62, -122.9,   0.83611, 3,    6661.63,  117.1,   0.83611
"SCN_CN15_9006_CEI075", 13.8, 1,    6660.68,   -2.9,   0.83599, 2,    6660.67, -122.9,   0.83599, 3,    6660.67,  117.1,   0.83599
"SCN_CN15_9007_CEI075", 13.8, 1,    6659.95,   -2.9,    0.8359, 2,    6659.94, -122.9,   0.83589, 3,    6659.94,  117.1,    0.8359
"SCN_CN15_9008_CEI075", 13.8, 1,    6659.04,   -2.9,   0.83578, 2,    6659.03, -122.9,   0.83578, 3,    6659.03,  117.1,   0.83578
"SCN_CN15_9009_CEI075", 13.8, 1,    6658.14,   -2.9,   0.83567, 2,    6658.13, -122.9,   0.83567, 3,    6658.13,  117.1,   0.83567
"SCN_CN15_9169_CEI230_ATV", 13.8, 1,    6658.13,   -2.9,   0.83567, 2,    6658.12, -122.9,   0.83567, 3,    6658.12,  117.1,   0.83567
"SCN_CN15_9010_CEI075", 13.8, 1,    6658.01,   -2.9,   0.83565, 2,    6657.99, -122.9,   0.83565, 3,       6658,  117.1,   0.83565
"SCN_CN15_9011_CEI075", 13.8, 1,    6657.86,   -2.9,   0.83563, 2,    6657.85, -122.9,   0.83563, 3,    6657.85,  117.1,   0.83563
"SCN_CN15_9012_CEI075", 13.8, 1,    6657.72,   -2.9,   0.83562, 2,    6657.71, -122.9,   0.83562, 3,    6657.71,  117.1,   0.83562
"SCN_CN15_9283_CEI109", 13.8, 1,    6602.54,   -3.3,   0.82869, 2,    6602.52, -123.3,   0.82869, 3,    6602.53,  116.7,   0.82869
"SCN_CN15_9013_CEI075", 13.8, 1,    6657.52,   -2.9,   0.83559, 2,    6657.51, -122.9,   0.83559, 3,    6657.52,  117.1,   0.83559
"SCN_CN15_9014_CEI075", 13.8, 1,    6657.34,   -2.9,   0.83557, 2,    6657.32, -122.9,   0.83557, 3,    6657.33,  117.1,   0.83557
"SCN_CN15_9015_CEI075", 13.8, 1,    6657.15,   -2.9,   0.83555, 2,    6657.14, -122.9,   0.83554, 3,    6657.14,  117.1,   0.83554
"SCN_CN15_9016_CEI075", 13.8, 1,    6656.96,   -2.9,   0.83552, 2,    6656.95, -122.9,   0.83552, 3,    6656.95,  117.1,   0.83552
"SCN_CN15_9017_CEI075", 13.8, 1,    6656.78,   -2.9,    0.8355, 2,    6656.77, -122.9,    0.8355, 3,    6656.77,  117.1,    0.8355
"SCN_CN15_9018_CEI075", 13.8, 1,    6656.59,   -2.9,   0.83547, 2,    6656.58, -122.9,   0.83547, 3,    6656.58,  117.1,   0.83547
"SCN_CN15_9019_CEI075", 13.8, 1,    6656.49,   -2.9,   0.83546, 2,    6656.48, -122.9,   0.83546, 3,    6656.48,  117.1,   0.83546
"SCN_CN15_9020_CEI075", 13.8, 1,     6656.4,   -2.9,   0.83545, 2,    6656.38, -122.9,   0.83545, 3,    6656.39,  117.1,   0.83545
"SCN_CN15_9022_CEI075", 13.8, 1,    6656.23,   -2.9,   0.83543, 2,    6656.21, -122.9,   0.83543, 3,    6656.22,  117.1,   0.83543
"SCN_CN15_9023_CEI075", 13.8, 1,    6656.08,   -2.9,   0.83541, 2,    6656.06, -122.9,   0.83541, 3,    6656.07,  117.1,   0.83541
"SCN_CN15_9284_CEI109", 13.8, 1,    6601.51,   -3.3,   0.82856, 2,    6601.49, -123.3,   0.82856, 3,     6601.5,  116.7,   0.82856
"SCN_CN15_9024_CEI075", 13.8, 1,    6655.89,   -2.9,   0.83539, 2,    6655.88, -122.9,   0.83539, 3,    6655.88,  117.1,   0.83539
"SCN_CN15_9025_CEI075", 13.8, 1,    6655.73,   -2.9,   0.83537, 2,    6655.71, -122.9,   0.83536, 3,    6655.72,  117.1,   0.83537
"SCN_CN15_9072_CEI230_ATV", 13.8, 1,    6655.71,   -2.9,   0.83536, 2,     6655.7, -122.9,   0.83536, 3,     6655.7,  117.1,   0.83536
"SCN_CN15_9028_CEI075", 13.8, 1,    6655.34,   -2.9,   0.83532, 2,    6655.32, -122.9,   0.83532, 3,    6655.33,  117.1,   0.83532
"SCN_CN15_9029_CEI075", 13.8, 1,    6655.25,   -2.9,   0.83531, 2,    6655.24, -122.9,   0.83531, 3,    6655.24,  117.1,   0.83531
"SCN_CN15_9027_CEI075", 13.8, 1,    6655.43,   -2.9,   0.83533, 2,    6655.41, -122.9,   0.83533, 3,    6655.42,  117.1,   0.83533
"SCN_CN15_9026_CEI075", 13.8, 1,    6655.57,   -2.9,   0.83535, 2,    6655.56, -122.9,   0.83535, 3,    6655.56,  117.1,   0.83535
"SCN_CN15_9030_CEI075", 13.8, 1,    6655.22,   -2.9,    0.8353, 2,     6655.2, -122.9,    0.8353, 3,    6655.21,  117.1,    0.8353
"SCN_CN15_9074_CEI230_ATV", 13.8, 1,     6655.1,   -2.9,   0.83529, 2,    6655.09, -122.9,   0.83529, 3,    6655.09,  117.1,   0.83529
"SCN_CN15_9075_CEI230_ATV", 13.8, 1,    6655.04,   -2.9,   0.83528, 2,    6655.02, -122.9,   0.83528, 3,    6655.03,  117.1,   0.83528
"SCN_CN15_9292_CEI109_S", 13.8, 1,    6599.97,   -3.3,   0.82837, 2,    6599.96, -123.3,   0.82837, 3,    6599.97,  116.7,   0.82837
"SCN_CN15_9076_CEI230_ATV_S", 13.8, 1,    6654.99,   -2.9,   0.83527, 2,    6654.98, -122.9,   0.83527, 3,    6654.98,  117.1,   0.83527
"SCN_CN15_9076_CEI230_ATV", 13.8, 1,    6654.99,   -2.9,   0.83527, 2,    6654.98, -122.9,   0.83527, 3,    6654.98,  117.1,   0.83527
"SCN_CN15_9079_CEI230_ATV", 13.8, 1,    6654.94,   -2.9,   0.83527, 2,    6654.92, -122.9,   0.83527, 3,    6654.93,  117.1,   0.83527
"SCN_CN15_9078_CEI230_ATV", 13.8, 1,    6654.88,   -2.9,   0.83526, 2,    6654.87, -122.9,   0.83526, 3,    6654.88,  117.1,   0.83526
"SCN_CN15_9077_CEI230_ATV", 13.8, 1,    6654.93,   -2.9,   0.83527, 2,    6654.91, -122.9,   0.83526, 3,    6654.92,  117.1,   0.83526
"SCN_CN15_9080_CEI230_ATV", 13.8, 1,    6654.85,   -2.9,   0.83526, 2,    6654.84, -122.9,   0.83525, 3,    6654.84,  117.1,   0.83526
"SCN_CN15_9081_CEI230_ATV", 13.8, 1,    6654.79,   -2.9,   0.83525, 2,    6654.78, -122.9,   0.83525, 3,    6654.78,  117.1,   0.83525
"SCN_CN15_9082_CEI230_ATV", 13.8, 1,    6654.79,   -2.9,   0.83525, 2,    6654.78, -122.9,   0.83525, 3,    6654.78,  117.1,   0.83525
"SCN_CN15_9084_CEI230_ATV", 13.8, 1,    6654.77,   -2.9,   0.83525, 2,    6654.75, -122.9,   0.83524, 3,    6654.76,  117.1,   0.83524
"SCN_CN15_9085_CEI230_ATV", 13.8, 1,    6654.74,   -2.9,   0.83524, 2,    6654.73, -122.9,   0.83524, 3,    6654.73,  117.1,   0.83524
"SCN_CN15_9086_CEI230_ATV", 13.8, 1,    6654.71,   -2.9,   0.83524, 2,     6654.7, -122.9,   0.83524, 3,     6654.7,  117.1,   0.83524
"SCN_CN15_9292_CEI109", 13.8, 1,    6599.97,   -3.3,   0.82837, 2,    6599.96, -123.3,   0.82837, 3,    6599.97,  116.7,   0.82837
"SCN_CN15_9423_CEI109", 13.8, 1,    6599.93,   -3.3,   0.82836, 2,    6599.91, -123.3,   0.82836, 3,    6599.92,  116.7,   0.82836
"SCN_CN15_9087_CEI230_ATV", 13.8, 1,    6654.69,   -2.9,   0.83524, 2,    6654.68, -122.9,   0.83524, 3,    6654.69,  117.1,   0.83524
"SCN_CN15_9083_CEI230_ATV", 13.8, 1,    6654.77,   -2.9,   0.83525, 2,    6654.75, -122.9,   0.83524, 3,    6654.76,  117.1,   0.83525
"SCN_CN15_9088_CEI230_ATV", 13.8, 1,    6654.75,   -2.9,   0.83524, 2,    6654.73, -122.9,   0.83524, 3,    6654.74,  117.1,   0.83524
"SCN_CN15_9090_CEI230_ATV", 13.8, 1,    6654.73,   -2.9,   0.83524, 2,    6654.71, -122.9,   0.83524, 3,    6654.72,  117.1,   0.83524
"SCN_CN15_9084_CEI148_ATV", 13.8, 1,    6552.36,   -3.5,   0.82239, 2,    6552.35, -123.5,   0.82239, 3,    6552.35,  116.5,   0.82239
"SCN_CN15_9083_CEI148_ATV", 13.8, 1,    6552.73,   -3.5,   0.82244, 2,    6552.71, -123.5,   0.82244, 3,    6552.72,  116.5,   0.82244
"SCN_CN15_9086_CEI148_ATV", 13.8, 1,    6552.07,   -3.5,   0.82236, 2,    6552.06, -123.5,   0.82235, 3,    6552.06,  116.5,   0.82236
"SCN_CN15_9100_CEI201_ATV", 13.8, 1,    6707.47,   -2.9,   0.84186, 2,    6707.46, -122.9,   0.84186, 3,    6707.46,  117.1,   0.84186
"SCN_CN15_9102_CEI201_ATV", 13.8, 1,     6707.5,   -2.9,   0.84186, 2,    6707.49, -122.9,   0.84186, 3,    6707.49,  117.1,   0.84186
"SCN_CN15_9087_CEI148_ATV", 13.8, 1,    6551.48,   -3.5,   0.82228, 2,    6551.46, -123.5,   0.82228, 3,    6551.47,  116.5,   0.82228
"SCN_CN15_9088_CEI148_ATV", 13.8, 1,    6551.45,   -3.5,   0.82228, 2,    6551.44, -123.5,   0.82228, 3,    6551.44,  116.5,   0.82228
"SCN_CN15_9090_CEI148_ATV", 13.8, 1,     6551.4,   -3.5,   0.82227, 2,    6551.38, -123.5,   0.82227, 3,    6551.39,  116.5,   0.82227
"SCN_CN15_9424_CEI109", 13.8, 1,    6599.85,   -3.3,   0.82835, 2,    6599.84, -123.3,   0.82835, 3,    6599.85,  116.7,   0.82835
"SCN_CN15_9034_CEI148A_ATV", 13.8, 1,    6551.09,   -3.5,   0.82223, 2,    6551.08, -123.5,   0.82223, 3,    6551.08,  116.5,   0.82223
"SCN_CN15_9033_CEI148A_ATV", 13.8, 1,    6550.74,   -3.5,   0.82219, 2,    6550.73, -123.5,   0.82219, 3,    6550.73,  116.5,   0.82219
"SCN_CN15_9035_CEI148A_ATV", 13.8, 1,    6550.73,   -3.5,   0.82219, 2,    6550.72, -123.5,   0.82219, 3,    6550.72,  116.5,   0.82219
"SCN_CN15_9031_CEI148A_ATV", 13.8, 1,    6550.37,   -3.5,   0.82214, 2,    6550.36, -123.5,   0.82214, 3,    6550.36,  116.5,   0.82214
"SCN_CN15_9030_CEI148A_ATV", 13.8, 1,    6550.04,   -3.5,    0.8221, 2,    6550.02, -123.5,    0.8221, 3,    6550.03,  116.5,    0.8221
"SCN_CN15_9029_CEI148A_ATV_S", 13.8, 1,       6550,   -3.5,    0.8221, 2,    6549.99, -123.5,    0.8221, 3,       6550,  116.5,    0.8221
"SCN_CN15_9028_CEI148A_ATV", 13.8, 1,    6549.99,   -3.5,    0.8221, 2,    6549.98, -123.5,   0.82209, 3,    6549.98,  116.5,   0.82209
"SCN_CN15_9029_CEI148A_ATV", 13.8, 1,       6550,   -3.5,    0.8221, 2,    6549.99, -123.5,    0.8221, 3,       6550,  116.5,    0.8221
"SCN_CN15_9032_CEI148A_ATV", 13.8, 1,    6549.99,   -3.5,   0.82209, 2,    6549.97, -123.5,   0.82209, 3,    6549.98,  116.5,   0.82209
"SCN_CN15_9078_CEI201_ATV", 13.8, 1,    6549.96,   -3.5,   0.82209, 2,    6549.95, -123.5,   0.82209, 3,    6549.96,  116.5,   0.82209
"SCN_CN15_9075_CEI201_ATV", 13.8, 1,    6549.95,   -3.5,   0.82209, 2,    6549.93, -123.5,   0.82209, 3,    6549.94,  116.5,   0.82209
"SCN_CN15_9425_CEI109", 13.8, 1,    6599.79,   -3.3,   0.82835, 2,    6599.77, -123.3,   0.82834, 3,    6599.78,  116.7,   0.82834
"SCN_CN15_9025_CEI148A_ATV", 13.8, 1,    6549.71,   -3.5,   0.82206, 2,     6549.7, -123.5,   0.82206, 3,     6549.7,  116.5,   0.82206
"SCN_CN15_9023_CEI148A_ATV_S", 13.8, 1,    6549.08,   -3.5,   0.82198, 2,    6549.06, -123.5,   0.82198, 3,    6549.07,  116.5,   0.82198
"SCN_CN15_9028_CEI69A", 13.8, 1,    6549.07,   -3.5,   0.82198, 2,    6549.05, -123.5,   0.82198, 3,    6549.06,  116.5,   0.82198
"SCN_CN15_9023_CEI148A_ATV", 13.8, 1,    6549.08,   -3.5,   0.82198, 2,    6549.06, -123.5,   0.82198, 3,    6549.07,  116.5,   0.82198
"SCN_CN15_9022_CEI148A_ATV", 13.8, 1,    6549.05,   -3.5,   0.82198, 2,    6549.03, -123.5,   0.82198, 3,    6549.04,  116.5,   0.82198
"SCN_CN15_9021_CEI148A_ATV", 13.8, 1,    6549.01,   -3.5,   0.82197, 2,       6549, -123.5,   0.82197, 3,    6549.01,  116.5,   0.82197
"SCN_CN15_9020_CEI148A_ATV_S", 13.8, 1,       6549,   -3.5,   0.82197, 2,    6548.98, -123.5,   0.82197, 3,    6548.99,  116.5,   0.82197
"SCN_CN15_9020_CEI148A_ATV", 13.8, 1,       6549,   -3.5,   0.82197, 2,    6548.98, -123.5,   0.82197, 3,    6548.99,  116.5,   0.82197
"SCN_CN15_9019_CEI148A_ATV", 13.8, 1,    6548.99,   -3.5,   0.82197, 2,    6548.98, -123.5,   0.82197, 3,    6548.98,  116.5,   0.82197
"SCN_CN15_9001_CEI148A_ATV", 13.8, 1,    6547.22,   -3.5,   0.82175, 2,     6547.2, -123.5,   0.82175, 3,    6547.21,  116.5,   0.82175
"SCN_CN15_9002_CEI148A_ATV", 13.8, 1,    6547.25,   -3.5,   0.82175, 2,    6547.24, -123.5,   0.82175, 3,    6547.24,  116.5,   0.82175
"SCN_CN15_9003_CEI148A_ATV", 13.8, 1,    6547.27,   -3.5,   0.82175, 2,    6547.25, -123.5,   0.82175, 3,    6547.26,  116.5,   0.82175
"SCN_CN15_9005_CEI148A_ATV", 13.8, 1,    6547.28,   -3.5,   0.82176, 2,    6547.27, -123.5,   0.82175, 3,    6547.27,  116.5,   0.82175
"SCN_CN15_9426_CEI109", 13.8, 1,    6599.73,   -3.3,   0.82834, 2,    6599.71, -123.3,   0.82834, 3,    6599.72,  116.7,   0.82834
"SCN_CN15_9004_CEI148A_ATV", 13.8, 1,     6547.3,   -3.5,   0.82176, 2,    6547.28, -123.5,   0.82176, 3,    6547.29,  116.5,   0.82176
"SCN_CN15_9143_CEI220_ATV", 13.8, 1,    6657.15,   -3.1,   0.83554, 2,    6657.13, -123.1,   0.83554, 3,    6657.14,  116.9,   0.83554
"SCN_CN15_9144_CEI220_ATV", 13.8, 1,     6657.1,   -3.1,   0.83554, 2,    6657.09, -123.1,   0.83554, 3,    6657.09,  116.9,   0.83554
"SCN_CN15_9006_CEI148A_ATV", 13.8, 1,    6547.33,   -3.5,   0.82176, 2,    6547.32, -123.5,   0.82176, 3,    6547.32,  116.5,   0.82176
"SCN_CN15_9007_CEI148A_ATV", 13.8, 1,    6547.37,   -3.5,   0.82177, 2,    6547.35, -123.5,   0.82176, 3,    6547.36,  116.5,   0.82177
"SCN_CN15_9008_CEI148A_ATV", 13.8, 1,    6547.43,   -3.5,   0.82177, 2,    6547.41, -123.5,   0.82177, 3,    6547.42,  116.5,   0.82177
"SCN_CN15_9010_CEI148A_ATV", 13.8, 1,    6547.53,   -3.5,   0.82179, 2,    6547.52, -123.5,   0.82178, 3,    6547.52,  116.5,   0.82179
"SCN_CN15_9009_CEI148A_ATV", 13.8, 1,    6547.43,   -3.5,   0.82177, 2,    6547.41, -123.5,   0.82177, 3,    6547.42,  116.5,   0.82177
"SCN_CN15_9011_CEI148A_ATV", 13.8, 1,    6547.59,   -3.5,   0.82179, 2,    6547.58, -123.5,   0.82179, 3,    6547.58,  116.5,   0.82179
"SCN_CN15_9012_CEI148A_ATV", 13.8, 1,    6547.65,   -3.5,    0.8218, 2,    6547.63, -123.5,    0.8218, 3,    6547.64,  116.5,    0.8218
"SCN_CN15_9013_CEI148A_ATV", 13.8, 1,    6547.74,   -3.5,   0.82181, 2,    6547.73, -123.5,   0.82181, 3,    6547.74,  116.5,   0.82181
"SCN_CN15_9014_CEI148A_ATV", 13.8, 1,    6547.87,   -3.5,   0.82183, 2,    6547.85, -123.5,   0.82183, 3,    6547.86,  116.5,   0.82183
"SCN_CN15_9015_CEI148A_ATV", 13.8, 1,       6548,   -3.5,   0.82185, 2,    6547.98, -123.5,   0.82184, 3,    6547.99,  116.5,   0.82184
"SCN_CN15_9427_CEI109", 13.8, 1,    6599.66,   -3.3,   0.82833, 2,    6599.65, -123.3,   0.82833, 3,    6599.65,  116.7,   0.82833
"SCN_CN15_9016_CEI148A_ATV", 13.8, 1,    6548.13,   -3.5,   0.82186, 2,    6548.11, -123.5,   0.82186, 3,    6548.12,  116.5,   0.82186
"SCN_CN15_9017_CEI148A_ATV", 13.8, 1,    6548.19,   -3.5,   0.82187, 2,    6548.17, -123.5,   0.82187, 3,    6548.18,  116.5,   0.82187
"SCN_CN15_9018_CEI148A_ATV", 13.8, 1,    6548.26,   -3.5,   0.82188, 2,    6548.25, -123.5,   0.82188, 3,    6548.25,  116.5,   0.82188
"SCN_CN15_9020_CEI69A", 13.8, 1,    6548.45,   -3.5,    0.8219, 2,    6548.44, -123.5,    0.8219, 3,    6548.44,  116.5,    0.8219
"SCN_CN15_9018_CEI148A_ATV_S", 13.8, 1,    6548.26,   -3.5,   0.82188, 2,    6548.25, -123.5,   0.82188, 3,    6548.25,  116.5,   0.82188
"SCN_CN15_9019_CEI69A", 13.8, 1,    6548.39,   -3.5,   0.82189, 2,    6548.38, -123.5,   0.82189, 3,    6548.38,  116.5,   0.82189
"SCN_CN15_9018_CEI69A", 13.8, 1,    6548.33,   -3.5,   0.82189, 2,    6548.32, -123.5,   0.82189, 3,    6548.33,  116.5,   0.82189
"SCN_CN15_9017_CEI69A", 13.8, 1,    6548.29,   -3.5,   0.82188, 2,    6548.28, -123.5,   0.82188, 3,    6548.28,  116.5,   0.82188
"SCN_CN15_9016_CEI69A", 13.8, 1,    6548.28,   -3.5,   0.82188, 2,    6548.27, -123.5,   0.82188, 3,    6548.27,  116.5,   0.82188
"SCN_CN15_9015_CEI69A", 13.8, 1,    6548.28,   -3.5,   0.82188, 2,    6548.27, -123.5,   0.82188, 3,    6548.27,  116.5,   0.82188
"SCN_CN15_9428_CEI109", 13.8, 1,    6599.59,   -3.3,   0.82832, 2,    6599.57, -123.3,   0.82832, 3,    6599.58,  116.7,   0.82832
"SCN_CN15_9012_CEI69A_S", 13.8, 1,    6548.26,   -3.5,   0.82188, 2,    6548.25, -123.5,   0.82188, 3,    6548.25,  116.5,   0.82188
"SCN_CN15_9012_CEI69A", 13.8, 1,    6548.26,   -3.5,   0.82188, 2,    6548.25, -123.5,   0.82188, 3,    6548.25,  116.5,   0.82188
"SCN_CN15_9013_CEI69A", 13.8, 1,    6548.25,   -3.5,   0.82188, 2,    6548.24, -123.5,   0.82188, 3,    6548.24,  116.5,   0.82188
"SCN_CN15_9014_CEI69A", 13.8, 1,    6548.24,   -3.5,   0.82188, 2,    6548.23, -123.5,   0.82187, 3,    6548.23,  116.5,   0.82187
"SCN_CN15_9011_CEI69A", 13.8, 1,    6548.26,   -3.5,   0.82188, 2,    6548.25, -123.5,   0.82188, 3,    6548.25,  116.5,   0.82188
"SCN_CN15_9073_CEIRJ006_ATV", 13.8, 1,    6551.37,   -3.5,   0.82227, 2,    6551.35, -123.5,   0.82227, 3,    6551.36,  116.5,   0.82227
"SCN_CN15_9091_CEI148_ATV", 13.8, 1,    6551.36,   -3.5,   0.82227, 2,    6551.35, -123.5,   0.82227, 3,    6551.35,  116.5,   0.82227
"SCN_CN15_9092_CEI148_ATV", 13.8, 1,    6551.35,   -3.5,   0.82227, 2,    6551.34, -123.5,   0.82226, 3,    6551.34,  116.5,   0.82227
"SCN_CN15_9089_CEI148_ATV", 13.8, 1,    6551.35,   -3.5,   0.82227, 2,    6551.34, -123.5,   0.82226, 3,    6551.34,  116.5,   0.82226
"SCN_CN15_9042_CEI69A", 13.8, 1,    6551.42,   -3.5,   0.82227, 2,     6551.4, -123.5,   0.82227, 3,    6551.41,  116.5,   0.82227
"SCN_CN15_9100_CEI072", 13.8, 1,     7313.4,   -1.6,   0.91791, 2,    7313.39, -121.6,   0.91791, 3,    7313.39,  118.4,   0.91791
"SCN_CN15_9101_CEI072", 13.8, 1,    7313.34,   -1.6,    0.9179, 2,    7313.34, -121.6,    0.9179, 3,    7313.34,  118.4,    0.9179
"SCN_CN15_9102_CEI072", 13.8, 1,    7313.29,   -1.6,    0.9179, 2,    7313.28, -121.6,    0.9179, 3,    7313.28,  118.4,    0.9179
"SCN_CN15_9103_CEI072", 13.8, 1,    7313.23,   -1.6,   0.91789, 2,    7313.22, -121.6,   0.91789, 3,    7313.23,  118.4,   0.91789
"SCN_CN15_9104_CEI072", 13.8, 1,    7313.18,   -1.6,   0.91788, 2,    7313.17, -121.6,   0.91788, 3,    7313.17,  118.4,   0.91788
"SCN_CN15_9105_CEI072", 13.8, 1,    7313.12,   -1.6,   0.91788, 2,    7313.11, -121.6,   0.91788, 3,    7313.12,  118.4,   0.91788
"SCN_CN15_9491_CEI109", 13.8, 1,    6563.62,   -3.5,   0.82381, 2,     6563.6, -123.5,    0.8238, 3,    6563.61,  116.5,    0.8238
"SCN_CN15_9492_CEI109", 13.8, 1,    6563.54,   -3.5,    0.8238, 2,    6563.53, -123.5,   0.82379, 3,    6563.54,  116.5,    0.8238
"SCN_CN15_9106_CEI072", 13.8, 1,    7313.07,   -1.6,   0.91787, 2,    7313.06, -121.6,   0.91787, 3,    7313.07,  118.4,   0.91787
"SCN_CN15_9107_CEI072", 13.8, 1,    7312.96,   -1.6,   0.91786, 2,    7312.95, -121.6,   0.91786, 3,    7312.96,  118.4,   0.91786
"SCN_CN15_9108_CEI072", 13.8, 1,    7312.87,   -1.6,   0.91785, 2,    7312.87, -121.6,   0.91784, 3,    7312.87,  118.4,   0.91785
"SCN_CN15_9109_CEI072", 13.8, 1,    7312.83,   -1.6,   0.91784, 2,    7312.82, -121.6,   0.91784, 3,    7312.83,  118.4,   0.91784
"SCN_CN15_9110_CEI072", 13.8, 1,    7312.78,   -1.6,   0.91783, 2,    7312.77, -121.6,   0.91783, 3,    7312.78,  118.4,   0.91783
"SCN_CN15_9111_CEI072", 13.8, 1,    7312.73,   -1.6,   0.91783, 2,    7312.72, -121.6,   0.91783, 3,    7312.72,  118.4,   0.91783
"SCN_CN15_9112_CEI072", 13.8, 1,    7312.67,   -1.6,   0.91782, 2,    7312.66, -121.6,   0.91782, 3,    7312.67,  118.4,   0.91782
"SCN_CN15_9113_CEI072", 13.8, 1,    7312.61,   -1.6,   0.91781, 2,     7312.6, -121.6,   0.91781, 3,    7312.61,  118.4,   0.91781
"SCN_CN15_9114_CEI072", 13.8, 1,    7312.55,   -1.6,    0.9178, 2,    7312.54, -121.6,    0.9178, 3,    7312.55,  118.4,    0.9178
"SCN_CN15_9005_CEI077_ATV", 13.8, 1,    7372.18,   -1.5,   0.92529, 2,    7372.17, -121.5,   0.92529, 3,    7372.17,  118.5,   0.92529
"SCN_CN15_9008_CEI077_ATV", 13.8, 1,    7371.89,   -1.5,   0.92525, 2,    7371.89, -121.5,   0.92525, 3,    7371.89,  118.5,   0.92525
"SCN_CN15_9493_CEI109", 13.8, 1,    6563.49,   -3.5,   0.82379, 2,    6563.47, -123.5,   0.82379, 3,    6563.48,  116.5,   0.82379
"SCN_CN15_9009_CEI077_ATV", 13.8, 1,    7371.56,   -1.5,   0.92521, 2,    7371.55, -121.5,   0.92521, 3,    7371.56,  118.5,   0.92521
"SCN_CN15_9037_CEI230_ATV_S", 13.8, 1,    7431.93,   -1.4,   0.93279, 2,    7431.92, -121.4,   0.93279, 3,    7431.92,  118.6,   0.93279
"SCN_CN15_9092_CEI77A_ATV", 13.8, 1,    7433.92,   -1.4,   0.93304, 2,    7433.91, -121.4,   0.93304, 3,    7433.92,  118.6,   0.93304
"SCN_CN15_9093_CEI77A_ATV", 13.8, 1,     7434.6,   -1.4,   0.93312, 2,    7434.59, -121.4,   0.93312, 3,     7434.6,  118.6,   0.93312
"SCN_CN15_9093_CEI77A_ATV_S", 13.8, 1,     7434.6,   -1.4,   0.93312, 2,    7434.59, -121.4,   0.93312, 3,     7434.6,  118.6,   0.93312
"SCN_CN15_9094_CEI77A_ATV", 13.8, 1,    7436.64,   -1.4,   0.93338, 2,    7436.63, -121.4,   0.93338, 3,    7436.64,  118.6,   0.93338
"SCN_CN15_9100_CEI77A_ATV", 13.8, 1,    7438.92,   -1.3,   0.93367, 2,    7438.91, -121.3,   0.93366, 3,    7438.91,  118.7,   0.93367
"SCN_CN15_9094_CEI77A_ATV_S", 13.8, 1,    7436.64,   -1.4,   0.93338, 2,    7436.63, -121.4,   0.93338, 3,    7436.64,  118.6,   0.93338
"SCN_CN15_9101_CEI77A_ATV", 13.8, 1,    7440.04,   -1.3,   0.93381, 2,    7440.03, -121.3,   0.93381, 3,    7440.04,  118.7,   0.93381
"SCN_CN15_9101_CEI77A_ATV_S", 13.8, 1,    7440.04,   -1.3,   0.93381, 2,    7440.03, -121.3,   0.93381, 3,    7440.04,  118.7,   0.93381
"SCN_CN15_9102_CEI77A_ATV", 13.8, 1,    7441.16,   -1.3,   0.93395, 2,    7441.16, -121.3,   0.93395, 3,    7441.16,  118.7,   0.93395
"SCN_CN15_9104_CEI77A_ATV", 13.8, 1,    7443.31,   -1.3,   0.93422, 2,     7443.3, -121.3,   0.93422, 3,     7443.3,  118.7,   0.93422
"SCN_CN15_9103_CEI77A_ATV", 13.8, 1,    7441.14,   -1.3,   0.93394, 2,    7441.14, -121.3,   0.93394, 3,    7441.14,  118.7,   0.93394
"SCN_CN15_9095_CEI77A_ATV", 13.8, 1,    7436.33,   -1.4,   0.93334, 2,    7436.33, -121.4,   0.93334, 3,    7436.33,  118.6,   0.93334
"SCN_CN15_9494_CEI109", 13.8, 1,    6563.44,   -3.5,   0.82378, 2,    6563.42, -123.5,   0.82378, 3,    6563.43,  116.5,   0.82378
"SCN_CN15_9096_CEI77A_ATV", 13.8, 1,     7436.3,   -1.4,   0.93334, 2,     7436.3, -121.4,   0.93334, 3,     7436.3,  118.6,   0.93334
"SCN_CN15_9097_CEI77A_ATV", 13.8, 1,    7436.13,   -1.4,   0.93332, 2,    7436.13, -121.4,   0.93332, 3,    7436.13,  118.6,   0.93332
"SCN_CN15_9098_CEI77A_ATV", 13.8, 1,    7435.93,   -1.4,   0.93329, 2,    7435.93, -121.4,   0.93329, 3,    7435.93,  118.6,   0.93329
"SCN_CN15_9099_CEI77A_ATV", 13.8, 1,    7435.76,   -1.4,   0.93327, 2,    7435.76, -121.4,   0.93327, 3,    7435.76,  118.6,   0.93327
"SCN_CN15_9042_CEI160_ATV", 13.8, 1,    7387.43,   -1.4,    0.9272, 2,    7387.42, -121.4,    0.9272, 3,    7387.43,  118.6,    0.9272
"SCN_CN15_9048_CEI160_ATV", 13.8, 1,    7387.52,   -1.4,   0.92721, 2,    7387.51, -121.4,   0.92721, 3,    7387.52,  118.6,   0.92721
"SCN_CN15_9049_CEI160_ATV", 13.8, 1,    7387.58,   -1.4,   0.92722, 2,    7387.57, -121.4,   0.92722, 3,    7387.58,  118.6,   0.92722
"SCN_CN15_9005_CEIRJ012_ATV", 13.8, 1,    7387.98,   -1.4,   0.92727, 2,    7387.97, -121.4,   0.92727, 3,    7387.97,  118.6,   0.92727
"SCN_CN15_9004_CEIRJ012_ATV", 13.8, 1,    7387.84,   -1.4,   0.92725, 2,    7387.84, -121.4,   0.92725, 3,    7387.84,  118.6,   0.92725
"SCN_CN15_9496_CEI109", 13.8, 1,    6563.41,   -3.5,   0.82378, 2,     6563.4, -123.5,   0.82378, 3,     6563.4,  116.5,   0.82378
"SCN_CN15_9015_CEI077_ATV", 13.8, 1,     7389.8,   -1.4,    0.9275, 2,    7389.79, -121.4,    0.9275, 3,     7389.8,  118.6,    0.9275
"SCN_CN15_9013_CEI077_ATV", 13.8, 1,    7390.62,   -1.4,    0.9276, 2,    7390.62, -121.4,    0.9276, 3,    7390.62,  118.6,    0.9276
"SCN_CN15_9014_CEI077_ATV_S", 13.8, 1,    7389.91,   -1.4,   0.92751, 2,    7389.91, -121.4,   0.92751, 3,    7389.91,  118.6,   0.92751
"SCN_CN15_9011_CEI077_ATV", 13.8, 1,    7391.14,   -1.4,   0.92767, 2,    7391.13, -121.4,   0.92767, 3,    7391.14,  118.6,   0.92767
"SCN_CN15_9010_CEI077_ATV", 13.8, 1,    7391.73,   -1.4,   0.92774, 2,    7391.72, -121.4,   0.92774, 3,    7391.72,  118.6,   0.92774
"SCN_CN15_9016_CEI077_ATV", 13.8, 1,    7409.36,   -1.4,   0.92996, 2,    7409.36, -121.4,   0.92996, 3,    7409.36,  118.6,   0.92996
"SCN_CN15_9018_CEI077_ATV", 13.8, 1,    7427.41,   -1.4,   0.93222, 2,    7427.41, -121.4,   0.93222, 3,    7427.41,  118.6,   0.93222
"SCN_CN15_9017_CEI077_ATV", 13.8, 1,    7409.32,   -1.4,   0.92995, 2,    7409.32, -121.4,   0.92995, 3,    7409.32,  118.6,   0.92995
"SCN_CN15_9129_CEI77A_ATV_S", 13.8, 1,    7446.72,   -1.3,   0.93464, 2,    7446.72, -121.3,   0.93464, 3,    7446.72,  118.7,   0.93464
"SCN_CN15_9019_CEI077_ATV", 13.8, 1,    7426.78,   -1.4,   0.93214, 2,    7426.77, -121.4,   0.93214, 3,    7426.77,  118.6,   0.93214
"SCN_CN15_9497_CEI109", 13.8, 1,    6563.38,   -3.5,   0.82378, 2,    6563.37, -123.5,   0.82377, 3,    6563.38,  116.5,   0.82378
"SCN_CN15_9020_CEI077_ATV", 13.8, 1,       7426,   -1.4,   0.93204, 2,    7425.99, -121.4,   0.93204, 3,    7425.99,  118.6,   0.93204
"SCN_CN15_9022_CEI077_ATV", 13.8, 1,    7425.31,   -1.4,   0.93196, 2,    7425.31, -121.4,   0.93196, 3,    7425.31,  118.6,   0.93196
"SCN_CN15_9023_CEI077_ATV", 13.8, 1,    7424.81,   -1.4,   0.93189, 2,     7424.8, -121.4,   0.93189, 3,     7424.8,  118.6,   0.93189
"SCN_CN15_9024_CEI077_ATV", 13.8, 1,    7424.76,   -1.4,   0.93189, 2,    7424.75, -121.4,   0.93189, 3,    7424.75,  118.6,   0.93189
"SCN_CN15_9021_CEI077_ATV", 13.8, 1,    7425.12,   -1.4,   0.93193, 2,    7425.12, -121.4,   0.93193, 3,    7425.12,  118.6,   0.93193
"SCN_CN15_9025_CEI077_ATV", 13.8, 1,     7424.4,   -1.4,   0.93184, 2,     7424.4, -121.4,   0.93184, 3,     7424.4,  118.6,   0.93184
"SCN_CN15_9027_CEI077_ATV", 13.8, 1,    7423.91,   -1.4,   0.93178, 2,    7423.91, -121.4,   0.93178, 3,    7423.91,  118.6,   0.93178
"SCN_CN15_9028_CEI077_ATV", 13.8, 1,    7423.87,   -1.4,   0.93178, 2,    7423.86, -121.4,   0.93178, 3,    7423.86,  118.6,   0.93178
"SCN_CN15_9026_CEI077_ATV", 13.8, 1,     7423.9,   -1.4,   0.93178, 2,     7423.9, -121.4,   0.93178, 3,     7423.9,  118.6,   0.93178
"SCN_CN15_9498_CEI109", 13.8, 1,    6563.36,   -3.5,   0.82377, 2,    6563.34, -123.5,   0.82377, 3,    6563.35,  116.5,   0.82377
"SCN_CN15_9040_CEI160_ATV", 13.8, 1,    7423.63,   -1.4,   0.93175, 2,    7423.62, -121.4,   0.93175, 3,    7423.63,  118.6,   0.93175
"SCN_CN15_9041_CEI160_ATV", 13.8, 1,    7423.69,   -1.4,   0.93175, 2,    7423.69, -121.4,   0.93175, 3,    7423.69,  118.6,   0.93175
"SCN_CN15_9039_CEI160_ATV", 13.8, 1,    7423.59,   -1.4,   0.93174, 2,    7423.59, -121.4,   0.93174, 3,    7423.59,  118.6,   0.93174
"SCN_CN15_9030_CEI077_ATV", 13.8, 1,    7423.79,   -1.4,   0.93177, 2,    7423.79, -121.4,   0.93177, 3,    7423.79,  118.6,   0.93177
"SCN_CN15_9029_CEI077_ATV", 13.8, 1,    7423.68,   -1.4,   0.93175, 2,    7423.67, -121.4,   0.93175, 3,    7423.68,  118.6,   0.93175
"SCN_CN15_9129_CEI77A_ATV", 13.8, 1,    7446.72,   -1.3,   0.93464, 2,    7446.72, -121.3,   0.93464, 3,    7446.72,  118.7,   0.93464
"SCN_CN15_9130_CEI77A_ATV", 13.8, 1,     7450.4,   -1.3,   0.93511, 2,    7450.39, -121.3,   0.93511, 3,    7450.39,  118.7,   0.93511
"SCN_CN15_9002_CEI077", 13.8, 1,    7455.47,   -1.3,   0.93574, 2,    7455.47, -121.3,   0.93574, 3,    7455.47,  118.7,   0.93574
"SCN_CN15_9132_CEI77A_ATV_S", 13.8, 1,     7470.9,   -1.3,   0.93768, 2,     7470.9, -121.3,   0.93768, 3,     7470.9,  118.7,   0.93768
"SCN_CN15_9132_CEI77A_ATV", 13.8, 1,     7470.9,   -1.3,   0.93768, 2,     7470.9, -121.3,   0.93768, 3,     7470.9,  118.7,   0.93768
"SCN_CN15_9133_CEI77A_ATV", 13.8, 1,    7470.89,   -1.3,   0.93768, 2,    7470.89, -121.3,   0.93768, 3,    7470.89,  118.7,   0.93768
"SCN_CN15_9134_CEI77A_ATV", 13.8, 1,    7491.17,   -1.2,   0.94022, 2,    7491.17, -121.2,   0.94022, 3,    7491.17,  118.8,   0.94022
"SCN_CN15_9135_CEI77A_ATV", 13.8, 1,    7511.62,   -1.2,   0.94279, 2,    7511.62, -121.2,   0.94279, 3,    7511.62,  118.8,   0.94279
"SCN_CN15_9499_CEI109", 13.8, 1,    6563.32,   -3.5,   0.82377, 2,     6563.3, -123.5,   0.82377, 3,    6563.31,  116.5,   0.82377
"SCN_CN15_9136_CEI77A_ATV", 13.8, 1,    7511.58,   -1.2,   0.94278, 2,    7511.57, -121.2,   0.94278, 3,    7511.57,  118.8,   0.94278
"SCN_CN15_9204_CEI230_ATV", 13.8, 1,    6551.34,   -3.5,   0.82226, 2,    6551.33, -123.5,   0.82226, 3,    6551.33,  116.5,   0.82226
"SCN_CN15_9429_CEI109", 13.8, 1,    6599.54,   -3.3,   0.82831, 2,    6599.53, -123.3,   0.82831, 3,    6599.53,  116.7,   0.82831
"SCN_CN15_9203_CEI230_ATV", 13.8, 1,    6551.34,   -3.5,   0.82226, 2,    6551.33, -123.5,   0.82226, 3,    6551.33,  116.5,   0.82226
"SCN_CN15_9202_CEI230_ATV", 13.8, 1,    6551.34,   -3.5,   0.82226, 2,    6551.33, -123.5,   0.82226, 3,    6551.33,  116.5,   0.82226
"SCN_CN15_9205_CEI230_ATV", 13.8, 1,    6551.34,   -3.5,   0.82226, 2,    6551.32, -123.5,   0.82226, 3,    6551.33,  116.5,   0.82226
"SCN_CN15_9189_CEI230_ATV", 13.8, 1,    6551.12,   -3.5,   0.82224, 2,    6551.11, -123.5,   0.82224, 3,    6551.12,  116.5,   0.82224
"SCN_CN15_9188_CEI230_ATV", 13.8, 1,    6551.12,   -3.5,   0.82224, 2,    6551.11, -123.5,   0.82224, 3,    6551.12,  116.5,   0.82224
"SCN_CN15_9191_CEI230_ATV", 13.8, 1,    6550.95,   -3.5,   0.82222, 2,    6550.94, -123.5,   0.82221, 3,    6550.94,  116.5,   0.82221
"SCN_CN15_9192_CEI230_ATV", 13.8, 1,    6550.93,   -3.5,   0.82221, 2,    6550.91, -123.5,   0.82221, 3,    6550.92,  116.5,   0.82221
"SCN_CN15_9193_CEI230_ATV", 13.8, 1,    6550.92,   -3.5,   0.82221, 2,    6550.91, -123.5,   0.82221, 3,    6550.91,  116.5,   0.82221
"SCN_CN15_9190_CEI230_ATV", 13.8, 1,    6550.94,   -3.5,   0.82221, 2,    6550.92, -123.5,   0.82221, 3,    6550.93,  116.5,   0.82221
"SCN_CN15_9194_CEI230_ATV", 13.8, 1,    6550.87,   -3.5,   0.82221, 2,    6550.85, -123.5,    0.8222, 3,    6550.86,  116.5,    0.8222
"SCN_CN15_9017_CEI220_ATV", 13.8, 1,    6599.51,   -3.3,   0.82831, 2,    6599.49, -123.3,   0.82831, 3,     6599.5,  116.7,   0.82831
"SCN_CN15_9195_CEI230_ATV", 13.8, 1,    6550.83,   -3.5,    0.8222, 2,    6550.82, -123.5,    0.8222, 3,    6550.83,  116.5,    0.8222
"SCN_CN15_9071_CEIRJ006_ATV", 13.8, 1,    6550.92,   -3.5,   0.82221, 2,    6550.91, -123.5,   0.82221, 3,    6550.91,  116.5,   0.82221
"SCN_CN15_9070_CEIRJ006_ATV", 13.8, 1,    6550.83,   -3.5,    0.8222, 2,    6550.82, -123.5,    0.8222, 3,    6550.82,  116.5,    0.8222
"SCN_CN15_9020_CEIRJ013_ATV", 13.8, 1,    6719.08,   -2.8,   0.84332, 2,    6719.07, -122.8,   0.84332, 3,    6719.07,  117.2,   0.84332
"SCN_CN15_9143_CEI69B_S", 13.8, 1,    6717.95,   -2.9,   0.84318, 2,    6717.94, -122.9,   0.84317, 3,    6717.94,  117.1,   0.84318
"SCN_CN15_9036_CEI160_ATV", 13.8, 1,    6719.07,   -2.8,   0.84332, 2,    6719.06, -122.8,   0.84332, 3,    6719.06,  117.2,   0.84332
"SCN_CN15_9037_CEI160_ATV", 13.8, 1,    6719.06,   -2.8,   0.84332, 2,    6719.04, -122.8,   0.84331, 3,    6719.05,  117.2,   0.84331
"SCN_CN15_9141_CEI69B", 13.8, 1,    6720.26,   -2.8,   0.84347, 2,    6720.24, -122.8,   0.84346, 3,    6720.25,  117.2,   0.84346
"SCN_CN15_9144_CEI69B", 13.8, 1,    6721.86,   -2.8,   0.84367, 2,    6721.85, -122.8,   0.84367, 3,    6721.85,  117.2,   0.84367
"SCN_CN15_9146_CEI69B", 13.8, 1,    6721.86,   -2.8,   0.84367, 2,    6721.84, -122.8,   0.84366, 3,    6721.85,  117.2,   0.84367
"SCN_CN15_9433_CEI109", 13.8, 1,    6599.44,   -3.3,    0.8283, 2,    6599.42, -123.3,    0.8283, 3,    6599.43,  116.7,    0.8283
"SCN_CN15_9145_CEI69B", 13.8, 1,    6721.85,   -2.8,   0.84367, 2,    6721.84, -122.8,   0.84366, 3,    6721.84,  117.2,   0.84366
"SCN_CN15_9151_CEI69B", 13.8, 1,    6722.92,   -2.8,    0.8438, 2,    6722.91, -122.8,    0.8438, 3,    6722.91,  117.2,    0.8438
"SCN_CN15_9153_CEI69B", 13.8, 1,    6724.85,   -2.8,   0.84404, 2,    6724.84, -122.8,   0.84404, 3,    6724.85,  117.2,   0.84404
"SCN_CN15_9187_CEI69B", 13.8, 1,    6724.56,   -2.8,   0.84401, 2,    6724.54, -122.8,     0.844, 3,    6724.55,  117.2,     0.844
"SCN_CN15_9186_CEI69B", 13.8, 1,    6724.38,   -2.8,   0.84398, 2,    6724.36, -122.8,   0.84398, 3,    6724.37,  117.2,   0.84398
"SCN_CN15_9185_CEI69B", 13.8, 1,    6724.21,   -2.8,   0.84396, 2,     6724.2, -122.8,   0.84396, 3,     6724.2,  117.2,   0.84396
"SCN_CN15_9184_CEI69B", 13.8, 1,    6723.98,   -2.8,   0.84393, 2,    6723.97, -122.8,   0.84393, 3,    6723.97,  117.2,   0.84393
"SCN_CN15_9183_CEI69B", 13.8, 1,    6723.76,   -2.8,   0.84391, 2,    6723.75, -122.8,    0.8439, 3,    6723.75,  117.2,    0.8439
"SCN_CN15_9182_CEI69B", 13.8, 1,    6723.53,   -2.8,   0.84388, 2,    6723.52, -122.8,   0.84388, 3,    6723.53,  117.2,   0.84388
"SCN_CN15_9018_CEI220_ATV", 13.8, 1,    6599.36,   -3.3,   0.82829, 2,    6599.35, -123.3,   0.82829, 3,    6599.36,  116.7,   0.82829
"SCN_CN15_9181_CEI69B", 13.8, 1,    6723.31,   -2.8,   0.84385, 2,     6723.3, -122.8,   0.84385, 3,    6723.31,  117.2,   0.84385
"SCN_CN15_9180_CEI69B", 13.8, 1,    6723.09,   -2.8,   0.84382, 2,    6723.07, -122.8,   0.84382, 3,    6723.08,  117.2,   0.84382
"SCN_CN15_9179_CEI69B_S", 13.8, 1,    6722.87,   -2.8,   0.84379, 2,    6722.86, -122.8,   0.84379, 3,    6722.86,  117.2,   0.84379
"SCN_CN15_9098_CEI201_ATV", 13.8, 1,    6722.86,   -2.8,   0.84379, 2,    6722.85, -122.8,   0.84379, 3,    6722.85,  117.2,   0.84379
"SCN_CN15_9179_CEI69B", 13.8, 1,    6722.87,   -2.8,   0.84379, 2,    6722.86, -122.8,   0.84379, 3,    6722.86,  117.2,   0.84379
"SCN_CN15_9189_CEI69B", 13.8, 1,    6722.85,   -2.8,   0.84379, 2,    6722.83, -122.8,   0.84379, 3,    6722.84,  117.2,   0.84379
"SCN_CN15_9178_CEI69B", 13.8, 1,    6722.66,   -2.8,   0.84377, 2,    6722.65, -122.8,   0.84377, 3,    6722.66,  117.2,   0.84377
"SCN_CN15_9177_CEI69B", 13.8, 1,    6722.46,   -2.8,   0.84374, 2,    6722.45, -122.8,   0.84374, 3,    6722.45,  117.2,   0.84374
"SCN_CN15_9176_CEI69B", 13.8, 1,    6722.27,   -2.8,   0.84372, 2,    6722.26, -122.8,   0.84372, 3,    6722.26,  117.2,   0.84372
"SCN_CN15_9175_CEI69B", 13.8, 1,    6722.05,   -2.8,   0.84369, 2,    6722.03, -122.8,   0.84369, 3,    6722.04,  117.2,   0.84369
"SCN_CN15_9171_CEI69B", 13.8, 1,    6721.86,   -2.8,   0.84367, 2,    6721.84, -122.8,   0.84366, 3,    6721.85,  117.2,   0.84367
"SCN_CN15_9436_CEI109", 13.8, 1,    6599.31,   -3.3,   0.82829, 2,    6599.29, -123.3,   0.82828, 3,     6599.3,  116.7,   0.82828
"SCN_CN15_9170_CEI69B", 13.8, 1,    6721.85,   -2.8,   0.84367, 2,    6721.84, -122.8,   0.84366, 3,    6721.85,  117.2,   0.84367
"SCN_CN15_9172_CEI69B", 13.8, 1,    6721.63,   -2.8,   0.84364, 2,    6721.62, -122.8,   0.84364, 3,    6721.63,  117.2,   0.84364
"SCN_CN15_9174_CEI69B", 13.8, 1,       6722,   -2.8,   0.84368, 2,    6721.99, -122.8,   0.84368, 3,    6721.99,  117.2,   0.84368
"SCN_CN15_9126_CEI201_ATV", 13.8, 1,    6721.49,   -2.8,   0.84362, 2,    6721.48, -122.8,   0.84362, 3,    6721.49,  117.2,   0.84362
"SCN_CN15_9008_CEI220_ATV_S", 13.8, 1,    6721.46,   -2.8,   0.84362, 2,    6721.45, -122.8,   0.84362, 3,    6721.45,  117.2,   0.84362
"SCN_CN15_9173_CEI69B", 13.8, 1,    6721.94,   -2.8,   0.84368, 2,    6721.93, -122.8,   0.84368, 3,    6721.93,  117.2,   0.84368
"SCN_CN15_9120_CEI201_ATV", 13.8, 1,    6721.88,   -2.8,   0.84367, 2,    6721.87, -122.8,   0.84367, 3,    6721.87,  117.2,   0.84367
"SCN_CN15_9002_CEI220_ATV", 13.8, 1,    6721.82,   -2.8,   0.84366, 2,    6721.81, -122.8,   0.84366, 3,    6721.82,  117.2,   0.84366
"SCN_CN15_9181_CEI69A", 13.8, 1,    6721.49,   -2.8,   0.84362, 2,    6721.48, -122.8,   0.84362, 3,    6721.48,  117.2,   0.84362
"SCN_CN15_9125_CEI201_ATV", 13.8, 1,    6721.55,   -2.8,   0.84363, 2,    6721.53, -122.8,   0.84363, 3,    6721.54,  117.2,   0.84363
"SCN_CN15_9437_CEI109", 13.8, 1,    6599.29,   -3.3,   0.82828, 2,    6599.27, -123.3,   0.82828, 3,    6599.28,  116.7,   0.82828
"SCN_CN15_9128_CEI201_ATV", 13.8, 1,    6721.41,   -2.8,   0.84361, 2,     6721.4, -122.8,   0.84361, 3,     6721.4,  117.2,   0.84361
"SCN_CN15_9185_CEI69A", 13.8, 1,    6721.36,   -2.8,    0.8436, 2,    6721.35, -122.8,    0.8436, 3,    6721.35,  117.2,    0.8436
"SCN_CN15_9195_CEI69A", 13.8, 1,    6721.34,   -2.8,    0.8436, 2,    6721.33, -122.8,    0.8436, 3,    6721.34,  117.2,    0.8436
"SCN_CN15_9196_CEI69A", 13.8, 1,    6721.32,   -2.8,    0.8436, 2,    6721.31, -122.8,    0.8436, 3,    6721.31,  117.2,    0.8436
"SCN_CN15_9197_CEI69A", 13.8, 1,     6721.3,   -2.8,    0.8436, 2,    6721.29, -122.8,    0.8436, 3,     6721.3,  117.2,    0.8436
"SCN_CN15_9198_CEI69A", 13.8, 1,    6721.28,   -2.8,   0.84359, 2,    6721.26, -122.8,   0.84359, 3,    6721.27,  117.2,   0.84359
"SCN_CN15_9035_CEI160_ATV", 13.8, 1,    6721.52,   -2.8,   0.84362, 2,    6721.51, -122.8,   0.84362, 3,    6721.51,  117.2,   0.84362
"SCN_CN15_9050_CEI69B", 13.8, 1,    6729.72,   -2.8,   0.84465, 2,    6729.71, -122.8,   0.84465, 3,    6729.71,  117.2,   0.84465
"SCN_CN15_9153_CEI69B_S", 13.8, 1,    6724.85,   -2.8,   0.84404, 2,    6724.84, -122.8,   0.84404, 3,    6724.85,  117.2,   0.84404
"SCN_CN15_9458_CEI109", 13.8, 1,    6599.26,   -3.3,   0.82828, 2,    6599.24, -123.3,   0.82828, 3,    6599.25,  116.7,   0.82828
"SCN_CN15_9051_CEI69B", 13.8, 1,    6729.71,   -2.8,   0.84465, 2,     6729.7, -122.8,   0.84465, 3,    6729.71,  117.2,   0.84465
"SCN_CN15_9049_CEI69B", 13.8, 1,    6731.63,   -2.8,   0.84489, 2,    6731.62, -122.8,   0.84489, 3,    6731.62,  117.2,   0.84489
"SCN_CN15_9048_CEI69B", 13.8, 1,     6733.2,   -2.8,   0.84509, 2,    6733.18, -122.8,   0.84509, 3,    6733.19,  117.2,   0.84509
"SCN_CN15_9047_CEI69B", 13.8, 1,    6734.65,   -2.8,   0.84527, 2,    6734.63, -122.8,   0.84527, 3,    6734.64,  117.2,   0.84527
"SCN_CN15_9145_CEI201_ATV", 13.8, 1,    6734.63,   -2.8,   0.84527, 2,    6734.62, -122.8,   0.84527, 3,    6734.63,  117.2,   0.84527
"SCN_CN15_9144_CEI201_ATV", 13.8, 1,    6734.62,   -2.8,   0.84527, 2,    6734.61, -122.8,   0.84527, 3,    6734.62,  117.2,   0.84527
"SCN_CN15_9143_CEI201_ATV", 13.8, 1,    6734.61,   -2.8,   0.84527, 2,     6734.6, -122.8,   0.84527, 3,     6734.6,  117.2,   0.84527
"SCN_CN15_9046_CEI69B", 13.8, 1,    6736.21,   -2.8,   0.84547, 2,     6736.2, -122.8,   0.84547, 3,     6736.2,  117.2,   0.84547
"SCN_CN15_9047_CEI69B_S", 13.8, 1,    6734.65,   -2.8,   0.84527, 2,    6734.63, -122.8,   0.84527, 3,    6734.64,  117.2,   0.84527
"SCN_CN15_9045_CEI69B", 13.8, 1,    6737.84,   -2.8,   0.84567, 2,    6737.83, -122.8,   0.84567, 3,    6737.83,  117.2,   0.84567
"SCN_CN15_9044_CEI69B", 13.8, 1,    6739.86,   -2.8,   0.84593, 2,    6739.85, -122.8,   0.84592, 3,    6739.85,  117.2,   0.84593
"SCN_CN15_9457_CEI109", 13.8, 1,    6599.22,   -3.3,   0.82827, 2,    6599.21, -123.3,   0.82827, 3,    6599.21,  116.7,   0.82827
"SCN_CN15_9043_CEI69B", 13.8, 1,    6741.28,   -2.8,    0.8461, 2,    6741.26, -122.8,    0.8461, 3,    6741.27,  117.2,    0.8461
"SCN_CN15_9041_CEI69B", 13.8, 1,    6741.84,   -2.8,   0.84617, 2,    6741.83, -122.8,   0.84617, 3,    6741.83,  117.2,   0.84617
"SCN_CN15_9147_CEI201_ATV", 13.8, 1,    6741.83,   -2.8,   0.84617, 2,    6741.82, -122.8,   0.84617, 3,    6741.82,  117.2,   0.84617
"SCN_CN15_9090_CEI201_ATV", 13.8, 1,    6742.07,   -2.8,    0.8462, 2,    6742.06, -122.8,    0.8462, 3,    6742.06,  117.2,    0.8462
"SCN_CN15_9040_CEI69B", 13.8, 1,    6743.77,   -2.8,   0.84642, 2,    6743.76, -122.8,   0.84642, 3,    6743.76,  117.2,   0.84642
"SCN_CN15_9094_CEI201_ATV", 13.8, 1,    6745.88,   -2.8,   0.84668, 2,    6745.87, -122.8,   0.84668, 3,    6745.88,  117.2,   0.84668
"SCN_CN15_9039_CEI69B", 13.8, 1,    6745.87,   -2.8,   0.84668, 2,    6745.86, -122.8,   0.84668, 3,    6745.87,  117.2,   0.84668
"SCN_CN15_9036_CEI69B", 13.8, 1,    6747.93,   -2.8,   0.84694, 2,    6747.92, -122.8,   0.84694, 3,    6747.92,  117.2,   0.84694
"SCN_CN15_9094_CEI201_ATV_S", 13.8, 1,    6745.88,   -2.8,   0.84668, 2,    6745.87, -122.8,   0.84668, 3,    6745.88,  117.2,   0.84668
"SCN_CN15_9035_CEI69B", 13.8, 1,    6749.97,   -2.8,   0.84719, 2,    6749.96, -122.8,   0.84719, 3,    6749.96,  117.2,   0.84719
"SCN_CN15_9034_CEI69B", 13.8, 1,    6751.95,   -2.8,   0.84744, 2,    6751.94, -122.8,   0.84744, 3,    6751.95,  117.2,   0.84744
"SCN_CN15_9456_CEI109", 13.8, 1,    6599.19,   -3.3,   0.82827, 2,    6599.18, -123.3,   0.82827, 3,    6599.18,  116.7,   0.82827
"SCN_CN15_9033_CEI69B", 13.8, 1,    6753.99,   -2.8,    0.8477, 2,    6753.98, -122.8,    0.8477, 3,    6753.99,  117.2,    0.8477
"SCN_CN15_9032_CEI69B_S", 13.8, 1,    6755.96,   -2.8,   0.84795, 2,    6755.95, -122.8,   0.84795, 3,    6755.95,  117.2,   0.84795
"SCN_CN15_9031_CEI69B", 13.8, 1,     6758.1,   -2.8,   0.84822, 2,    6758.09, -122.8,   0.84821, 3,     6758.1,  117.2,   0.84821
"SCN_CN15_9030_CEI69B", 13.8, 1,     6760.1,   -2.7,   0.84847, 2,    6760.08, -122.7,   0.84846, 3,    6760.09,  117.3,   0.84847
"SCN_CN15_9029_CEI69B", 13.8, 1,    6762.16,   -2.7,   0.84872, 2,    6762.14, -122.7,   0.84872, 3,    6762.15,  117.3,   0.84872
"SCN_CN15_9028_CEI69B", 13.8, 1,    6766.28,   -2.7,   0.84924, 2,    6766.27, -122.7,   0.84924, 3,    6766.28,  117.3,   0.84924
"SCN_CN15_9027_CEI69B", 13.8, 1,     6768.3,   -2.7,    0.8495, 2,    6768.29, -122.7,   0.84949, 3,    6768.29,  117.3,   0.84949
"SCN_CN15_9026_CEI69B", 13.8, 1,     6770.4,   -2.7,   0.84976, 2,    6770.39, -122.7,   0.84976, 3,    6770.39,  117.3,   0.84976
"SCN_CN15_9025_CEI69B", 13.8, 1,    6772.53,   -2.7,   0.85003, 2,    6772.52, -122.7,   0.85003, 3,    6772.52,  117.3,   0.85003
"SCN_CN15_9024_CEI69B", 13.8, 1,    6774.51,   -2.7,   0.85028, 2,     6774.5, -122.7,   0.85027, 3,    6774.51,  117.3,   0.85027
"SCN_CN15_9455_CEI109", 13.8, 1,    6599.17,   -3.3,   0.82827, 2,    6599.16, -123.3,   0.82827, 3,    6599.16,  116.7,   0.82827
"SCN_CN15_9023_CEI69B", 13.8, 1,    6776.52,   -2.7,   0.85053, 2,    6776.51, -122.7,   0.85053, 3,    6776.52,  117.3,   0.85053
"SCN_CN15_9022_CEI69B", 13.8, 1,    6778.55,   -2.7,   0.85078, 2,    6778.54, -122.7,   0.85078, 3,    6778.54,  117.3,   0.85078
"SCN_CN15_9021_CEI69B", 13.8, 1,    6780.63,   -2.7,   0.85104, 2,    6780.61, -122.7,   0.85104, 3,    6780.62,  117.3,   0.85104
"SCN_CN15_9020_CEI69B", 13.8, 1,    6782.69,   -2.7,    0.8513, 2,    6782.68, -122.7,    0.8513, 3,    6782.69,  117.3,    0.8513
"SCN_CN15_9106_CEI220_ATV", 13.8, 1,    6657.12,   -3.1,   0.83554, 2,    6657.11, -123.1,   0.83554, 3,    6657.11,  116.9,   0.83554
"SCN_CN15_9112_CEI220_ATV", 13.8, 1,    6657.11,   -3.1,   0.83554, 2,    6657.09, -123.1,   0.83554, 3,     6657.1,  116.9,   0.83554
"SCN_CN15_9104_CEI220_ATV", 13.8, 1,    6657.08,   -3.1,   0.83554, 2,    6657.07, -123.1,   0.83553, 3,    6657.07,  116.9,   0.83554
"SCN_CN15_9105_CEI220_ATV", 13.8, 1,     6657.1,   -3.1,   0.83554, 2,    6657.09, -123.1,   0.83554, 3,    6657.09,  116.9,   0.83554
"SCN_CN15_9197_CEI69B", 13.8, 1,    6707.65,   -2.9,   0.84188, 2,    6707.64, -122.9,   0.84188, 3,    6707.64,  117.1,   0.84188
"SCN_CN15_9107_CEI201_ATV", 13.8, 1,    6707.64,   -2.9,   0.84188, 2,    6707.63, -122.9,   0.84188, 3,    6707.63,  117.1,   0.84188
"SCN_CN15_9023_CEI201_ATV", 13.8, 1,    6559.39,   -3.5,   0.82328, 2,    6559.38, -123.5,   0.82327, 3,    6559.38,  116.5,   0.82327
"SCN_CN15_9359_CEI109", 13.8, 1,    6558.67,   -3.5,   0.82318, 2,    6558.65, -123.5,   0.82318, 3,    6558.66,  116.5,   0.82318
"SCN_CN15_9360_CEI109", 13.8, 1,    6558.64,   -3.5,   0.82318, 2,    6558.62, -123.5,   0.82318, 3,    6558.63,  116.5,   0.82318
"SCN_CN15_9137_CEI77A_ATV", 13.8, 1,    7511.46,   -1.2,   0.94277, 2,    7511.46, -121.2,   0.94277, 3,    7511.46,  118.8,   0.94277
"SCN_CN15_9138_CEI77A_ATV", 13.8, 1,    7511.35,   -1.2,   0.94276, 2,    7511.35, -121.2,   0.94276, 3,    7511.35,  118.8,   0.94276
"SCN_CN15_9139_CEI77A_ATV", 13.8, 1,    7511.21,   -1.2,   0.94274, 2,    7511.21, -121.2,   0.94274, 3,    7511.21,  118.8,   0.94274
"SCN_CN15_9140_CEI77A_ATV", 13.8, 1,     7511.1,   -1.2,   0.94273, 2,    7511.09, -121.2,   0.94272, 3,     7511.1,  118.8,   0.94272
"SCN_CN15_9141_CEI77A_ATV", 13.8, 1,    7510.99,   -1.2,   0.94271, 2,    7510.98, -121.2,   0.94271, 3,    7510.99,  118.8,   0.94271
"SCN_CN15_9142_CEI77A_ATV", 13.8, 1,    7510.85,   -1.2,   0.94269, 2,    7510.84, -121.2,   0.94269, 3,    7510.85,  118.8,   0.94269
"SCN_CN15_9143_CEI77A_ATV", 13.8, 1,    7510.79,   -1.2,   0.94269, 2,    7510.78, -121.2,   0.94269, 3,    7510.79,  118.8,   0.94269
"SCN_CN15_9144_CEI77A_ATV", 13.8, 1,    7510.73,   -1.2,   0.94268, 2,    7510.72, -121.2,   0.94268, 3,    7510.73,  118.8,   0.94268
"SCN_CN15_9145_CEI77A_ATV", 13.8, 1,    7510.67,   -1.2,   0.94267, 2,    7510.67, -121.2,   0.94267, 3,    7510.67,  118.8,   0.94267
"SCN_CN15_9500_CEI109", 13.8, 1,    6563.28,   -3.5,   0.82376, 2,    6563.27, -123.5,   0.82376, 3,    6563.27,  116.5,   0.82376
"SCN_CN15_9146_CEI77A_ATV", 13.8, 1,     7510.6,   -1.2,   0.94266, 2,     7510.6, -121.2,   0.94266, 3,     7510.6,  118.8,   0.94266
"SCN_CN15_9150_CEI77A_ATV", 13.8, 1,     7510.6,   -1.2,   0.94266, 2,     7510.6, -121.2,   0.94266, 3,     7510.6,  118.8,   0.94266
"SCN_CN15_9147_CEI77A_ATV", 13.8, 1,    7510.55,   -1.2,   0.94266, 2,    7510.55, -121.2,   0.94266, 3,    7510.55,  118.8,   0.94266
"SCN_CN15_9148_CEI77A_ATV", 13.8, 1,     7510.5,   -1.2,   0.94265, 2,    7510.49, -121.2,   0.94265, 3,     7510.5,  118.8,   0.94265
"SCN_CN15_9149_CEI77A_ATV", 13.8, 1,    7510.44,   -1.2,   0.94264, 2,    7510.43, -121.2,   0.94264, 3,    7510.44,  118.8,   0.94264
"SCN_CN15_9151_CEI77A_ATV", 13.8, 1,    7510.78,   -1.2,   0.94268, 2,    7510.77, -121.2,   0.94268, 3,    7510.78,  118.8,   0.94268
"SCN_CN15_9152_CEI77A_ATV", 13.8, 1,    7510.71,   -1.2,   0.94268, 2,     7510.7, -121.2,   0.94268, 3,    7510.71,  118.8,   0.94268
"SCN_CN15_9153_CEI77A_ATV", 13.8, 1,    7510.65,   -1.2,   0.94267, 2,    7510.65, -121.2,   0.94267, 3,    7510.65,  118.8,   0.94267
"SCN_CN15_9192_CEI77A_ATV", 13.8, 1,    7877.48,   -0.4,   0.98871, 2,    7877.48, -120.4,   0.98871, 3,    7877.48,  119.6,   0.98871
"SCN_CN15_9193_CEI77A_ATV", 13.8, 1,    7877.41,   -0.4,    0.9887, 2,     7877.4, -120.4,    0.9887, 3,    7877.41,  119.6,    0.9887
"SCN_CN15_9501_CEI109", 13.8, 1,    6563.24,   -3.5,   0.82376, 2,    6563.23, -123.5,   0.82376, 3,    6563.23,  116.5,   0.82376
"SCN_CN15_9189_CEI77A_ATV", 13.8, 1,    7862.01,   -0.4,   0.98677, 2,    7862.01, -120.4,   0.98677, 3,    7862.01,  119.6,   0.98677
"SCN_CN15_9188_CEI77A_ATV", 13.8, 1,    7847.51,   -0.5,   0.98495, 2,     7847.5, -120.5,   0.98495, 3,    7847.51,  119.5,   0.98495
"SCN_CN15_9186_CEI77A_ATV", 13.8, 1,     7830.6,   -0.5,   0.98283, 2,     7830.6, -120.5,   0.98283, 3,     7830.6,  119.5,   0.98283
"SCN_CN15_9187_CEI77A_ATV", 13.8, 1,    7830.58,   -0.5,   0.98282, 2,    7830.58, -120.5,   0.98282, 3,    7830.58,  119.5,   0.98282
"SCN_CN15_9185_CEI77A_ATV", 13.8, 1,    7811.64,   -0.6,   0.98045, 2,    7811.63, -120.6,   0.98045, 3,    7811.63,  119.4,   0.98045
"SCN_CN15_9186_CEI77A_ATV_S", 13.8, 1,     7830.6,   -0.5,   0.98283, 2,     7830.6, -120.5,   0.98283, 3,     7830.6,  119.5,   0.98283
"SCN_CN15_9184_CEI77A_ATV", 13.8, 1,    7792.33,   -0.6,   0.97802, 2,    7792.33, -120.6,   0.97802, 3,    7792.33,  119.4,   0.97802
"SCN_CN15_9183_CEI77A_ATV", 13.8, 1,    7773.31,   -0.7,   0.97563, 2,     7773.3, -120.7,   0.97563, 3,    7773.31,  119.3,   0.97563
"SCN_CN15_9184_CEI77A_ATV_S", 13.8, 1,    7792.33,   -0.6,   0.97802, 2,    7792.33, -120.6,   0.97802, 3,    7792.33,  119.4,   0.97802
"SCN_CN15_9182_CEI77A_ATV", 13.8, 1,    7753.11,   -0.7,    0.9731, 2,    7753.11, -120.7,    0.9731, 3,    7753.11,  119.3,    0.9731
"SCN_CN15_9167_CEI77A_ATV", 13.8, 1,    7733.04,   -0.8,   0.97058, 2,    7733.04, -120.8,   0.97058, 3,    7733.04,  119.2,   0.97058
"SCN_CN15_9005_CEI077", 13.8, 1,    7716.78,   -0.8,   0.96854, 2,    7716.78, -120.8,   0.96854, 3,    7716.78,  119.2,   0.96854
"SCN_CN15_9502_CEI109", 13.8, 1,     6563.2,   -3.5,   0.82375, 2,    6563.19, -123.5,   0.82375, 3,    6563.19,  116.5,   0.82375
"SCN_CN15_9004_CEI077", 13.8, 1,    7713.17,   -0.8,   0.96809, 2,    7713.17, -120.8,   0.96809, 3,    7713.17,  119.2,   0.96809
"SCN_CN15_9003_CEI077", 13.8, 1,    7707.12,   -0.8,   0.96733, 2,    7707.12, -120.8,   0.96733, 3,    7707.12,  119.2,   0.96733
"SCN_CN15_9165_CEI77A_ATV", 13.8, 1,    7683.24,   -0.9,   0.96433, 2,    7683.24, -120.9,   0.96433, 3,    7683.24,  119.1,   0.96433
"SCN_CN15_9164_CEI77A_ATV", 13.8, 1,    7658.19,   -0.9,   0.96119, 2,    7658.19, -120.9,   0.96119, 3,    7658.19,  119.1,   0.96119
"SCN_CN15_9163_CEI77A_ATV", 13.8, 1,    7647.74,   -1.0,   0.95988, 2,    7647.74, -121.0,   0.95987, 3,    7647.74,  119.0,   0.95988
"SCN_CN15_9161_CEI77A_ATV", 13.8, 1,    7621.95,   -1.0,   0.95664, 2,    7621.95, -121.0,   0.95664, 3,    7621.95,  119.0,   0.95664
"SCN_CN15_9162_CEI77A_ATV", 13.8, 1,     7621.9,   -1.0,   0.95663, 2,    7621.89, -121.0,   0.95663, 3,     7621.9,  119.0,   0.95663
"SCN_CN15_9155_CEI77A_ATV", 13.8, 1,    7547.03,   -1.1,   0.94723, 2,    7547.02, -121.1,   0.94723, 3,    7547.02,  118.9,   0.94723
"SCN_CN15_9158_CEI77A_ATV", 13.8, 1,    7569.66,   -1.1,   0.95008, 2,    7569.66, -121.1,   0.95007, 3,    7569.66,  118.9,   0.95008
"SCN_CN15_9159_CEI77A_ATV", 13.8, 1,    7585.83,   -1.1,   0.95211, 2,    7585.83, -121.1,    0.9521, 3,    7585.83,  118.9,    0.9521
"SCN_CN15_9160_CEI77A_ATV", 13.8, 1,    7599.68,   -1.1,   0.95384, 2,    7599.68, -121.1,   0.95384, 3,    7599.68,  118.9,   0.95384
"SCN_CN15_9503_CEI109", 13.8, 1,    6563.16,   -3.5,   0.82375, 2,    6563.15, -123.5,   0.82375, 3,    6563.15,  116.5,   0.82375
"SCN_CN15_9161_CEI77A_ATV_S", 13.8, 1,    7621.95,   -1.0,   0.95664, 2,    7621.95, -121.0,   0.95664, 3,    7621.95,  119.0,   0.95664
"SCN_CN15_9156_CEI77A_ATV", 13.8, 1,    7546.84,   -1.1,   0.94721, 2,    7546.84, -121.1,   0.94721, 3,    7546.84,  118.9,   0.94721
"SCN_CN15_9157_CEI77A_ATV", 13.8, 1,    7546.65,   -1.1,   0.94719, 2,    7546.65, -121.1,   0.94719, 3,    7546.65,  118.9,   0.94719
"SCN_CN15_9155_CEI77A_ATV_S", 13.8, 1,    7547.03,   -1.1,   0.94723, 2,    7547.02, -121.1,   0.94723, 3,    7547.02,  118.9,   0.94723
"SCN_CN15_9154_CEI77A_ATV", 13.8, 1,    7531.95,   -1.2,   0.94534, 2,    7531.94, -121.2,   0.94534, 3,    7531.95,  118.8,   0.94534
"SCN_CN15_9168_CEI77A_ATV", 13.8, 1,    7732.58,   -0.8,   0.97052, 2,    7732.58, -120.8,   0.97052, 3,    7732.58,  119.2,   0.97052
"SCN_CN15_9169_CEI77A_ATV", 13.8, 1,    7732.16,   -0.8,   0.97047, 2,    7732.16, -120.8,   0.97047, 3,    7732.16,  119.2,   0.97047
"SCN_CN15_9202_CEI77A_ATV", 13.8, 1,    7732.03,   -0.8,   0.97045, 2,    7732.03, -120.8,   0.97045, 3,    7732.03,  119.2,   0.97045
"SCN_CN15_9203_CEI77A_ATV", 13.8, 1,    7731.91,   -0.8,   0.97044, 2,    7731.91, -120.8,   0.97044, 3,    7731.91,  119.2,   0.97044
"SCN_CN15_9204_CEI77A_ATV", 13.8, 1,    7731.79,   -0.8,   0.97042, 2,    7731.78, -120.8,   0.97042, 3,    7731.79,  119.2,   0.97042
"SCN_CN15_9504_CEI109", 13.8, 1,    6563.12,   -3.5,   0.82374, 2,    6563.11, -123.5,   0.82374, 3,    6563.12,  116.5,   0.82374
"SCN_CN15_9213_CEI77A_ATV", 13.8, 1,    7731.75,   -0.8,   0.97042, 2,    7731.75, -120.8,   0.97042, 3,    7731.75,  119.2,   0.97042
"SCN_CN15_9214_CEI77A_ATV", 13.8, 1,    7731.72,   -0.8,   0.97042, 2,    7731.71, -120.8,   0.97041, 3,    7731.72,  119.2,   0.97041
"SCN_CN15_9215_CEI77A_ATV", 13.8, 1,     7731.7,   -0.8,   0.97041, 2,     7731.7, -120.8,   0.97041, 3,     7731.7,  119.2,   0.97041
"SCN_CN15_9216_CEI77A_ATV", 13.8, 1,    7731.69,   -0.8,   0.97041, 2,    7731.68, -120.8,   0.97041, 3,    7731.69,  119.2,   0.97041
"SCN_CN15_9205_CEI77A_ATV", 13.8, 1,    7731.69,   -0.8,   0.97041, 2,    7731.69, -120.8,   0.97041, 3,    7731.69,  119.2,   0.97041
"SCN_CN15_9206_CEI77A_ATV", 13.8, 1,     7731.6,   -0.8,    0.9704, 2,     7731.6, -120.8,    0.9704, 3,     7731.6,  119.2,    0.9704
"SCN_CN15_9207_CEI77A_ATV", 13.8, 1,    7731.57,   -0.8,    0.9704, 2,    7731.57, -120.8,    0.9704, 3,    7731.57,  119.2,    0.9704
"SCN_CN15_9208_CEI77A_ATV", 13.8, 1,    7731.55,   -0.8,   0.97039, 2,    7731.55, -120.8,   0.97039, 3,    7731.55,  119.2,   0.97039
"SCN_CN15_9210_CEI77A_ATV", 13.8, 1,    7731.52,   -0.8,   0.97039, 2,    7731.52, -120.8,   0.97039, 3,    7731.52,  119.2,   0.97039
"SCN_CN15_9211_CEI77A_ATV", 13.8, 1,    7731.49,   -0.8,   0.97039, 2,    7731.49, -120.8,   0.97039, 3,    7731.49,  119.2,   0.97039
"SCN_CN15_9008_CEI160_ATV", 13.8, 1,    6563.39,   -3.5,   0.82378, 2,    6563.38, -123.5,   0.82378, 3,    6563.39,  116.5,   0.82378
"SCN_CN15_9212_CEI77A_ATV", 13.8, 1,    7731.47,   -0.8,   0.97038, 2,    7731.47, -120.8,   0.97038, 3,    7731.47,  119.2,   0.97038
"SCN_CN15_9209_CEI77A_ATV", 13.8, 1,    7731.55,   -0.8,   0.97039, 2,    7731.55, -120.8,   0.97039, 3,    7731.55,  119.2,   0.97039
"SCN_CN15_9170_CEI77A_ATV", 13.8, 1,    7731.61,   -0.8,    0.9704, 2,    7731.61, -120.8,    0.9704, 3,    7731.61,  119.2,    0.9704
"SCN_CN15_9171_CEI77A_ATV", 13.8, 1,    7731.38,   -0.8,   0.97037, 2,    7731.37, -120.8,   0.97037, 3,    7731.38,  119.2,   0.97037
"SCN_CN15_9181_CEI77A_ATV", 13.8, 1,    7731.29,   -0.8,   0.97036, 2,    7731.29, -120.8,   0.97036, 3,    7731.29,  119.2,   0.97036
"SCN_CN15_9172_CEI77A_ATV", 13.8, 1,    7731.21,   -0.8,   0.97035, 2,     7731.2, -120.8,   0.97035, 3,    7731.21,  119.2,   0.97035
"SCN_CN15_9173_CEI77A_ATV", 13.8, 1,    7731.14,   -0.8,   0.97034, 2,    7731.14, -120.8,   0.97034, 3,    7731.14,  119.2,   0.97034
"SCN_CN15_9174_CEI77A_ATV", 13.8, 1,    7731.13,   -0.8,   0.97034, 2,    7731.12, -120.8,   0.97034, 3,    7731.13,  119.2,   0.97034
"SCN_CN15_9175_CEI77A_ATV", 13.8, 1,     7731.1,   -0.8,   0.97034, 2,     7731.1, -120.8,   0.97034, 3,     7731.1,  119.2,   0.97034
"SCN_CN15_9015_CEI160_ATV", 13.8, 1,    6563.34,   -3.5,   0.82377, 2,    6563.33, -123.5,   0.82377, 3,    6563.33,  116.5,   0.82377
"SCN_CN15_9176_CEI77A_ATV", 13.8, 1,       7731,   -0.8,   0.97032, 2,       7731, -120.8,   0.97032, 3,       7731,  119.2,   0.97032
"SCN_CN15_9177_CEI77A_ATV", 13.8, 1,       7731,   -0.8,   0.97032, 2,       7731, -120.8,   0.97032, 3,       7731,  119.2,   0.97032
"SCN_CN15_9178_CEI77A_ATV", 13.8, 1,    7730.92,   -0.8,   0.97032, 2,    7730.92, -120.8,   0.97031, 3,    7730.92,  119.2,   0.97032
"SCN_CN15_9179_CEI77A_ATV", 13.8, 1,    7730.87,   -0.8,   0.97031, 2,    7730.87, -120.8,   0.97031, 3,    7730.87,  119.2,   0.97031
"SCN_CN15_9180_CEI77A_ATV", 13.8, 1,    7730.83,   -0.8,    0.9703, 2,    7730.82, -120.8,    0.9703, 3,    7730.83,  119.2,    0.9703
"SCN_CN15_9024_CEIRJ006_ATV", 13.8, 1,    7730.87,   -0.8,   0.97031, 2,    7730.87, -120.8,   0.97031, 3,    7730.87,  119.2,   0.97031
"SCN_CN15_9026_CEIRJ006_ATV", 13.8, 1,    7730.87,   -0.8,   0.97031, 2,    7730.87, -120.8,   0.97031, 3,    7730.87,  119.2,   0.97031
"SCN_CN15_9002_CEI077_ATV", 13.8, 1,     7373.6,   -1.5,   0.92547, 2,    7373.59, -121.5,   0.92547, 3,    7373.59,  118.5,   0.92547
"SCN_CN15_9010_CEI077_ATV_S", 13.8, 1,    7391.73,   -1.4,   0.92774, 2,    7391.72, -121.4,   0.92774, 3,    7391.72,  118.6,   0.92774
"SCN_CN15_9023_CEIRJ006_ATV", 13.8, 1,     7337.8,   -1.6,   0.92097, 2,    7337.79, -121.6,   0.92097, 3,    7337.79,  118.4,   0.92097
"SCN_CN15_9094_CEI072", 13.8, 1,    7337.86,   -1.6,   0.92098, 2,    7337.85, -121.6,   0.92098, 3,    7337.85,  118.4,   0.92098
"SCN_CN15_9016_CEI160_ATV", 13.8, 1,    6563.34,   -3.5,   0.82377, 2,    6563.33, -123.5,   0.82377, 3,    6563.33,  116.5,   0.82377
"SCN_CN15_9093_CEI072", 13.8, 1,    7320.28,   -1.6,   0.91878, 2,    7320.28, -121.6,   0.91877, 3,    7320.28,  118.4,   0.91878
"SCN_CN15_9022_CEIRJ006_ATV", 13.8, 1,    7320.23,   -1.6,   0.91877, 2,    7320.22, -121.6,   0.91877, 3,    7320.23,  118.4,   0.91877
"SCN_CN15_9021_CEIRJ006_ATV", 13.8, 1,    7313.92,   -1.6,   0.91798, 2,    7313.91, -121.6,   0.91798, 3,    7313.92,  118.4,   0.91798
"SCN_CN15_9092_CEI072", 13.8, 1,    7313.92,   -1.6,   0.91798, 2,    7313.92, -121.6,   0.91798, 3,    7313.92,  118.4,   0.91798
"SCN_CN15_9091_CEI072", 13.8, 1,    7303.24,   -1.6,   0.91664, 2,    7303.23, -121.6,   0.91664, 3,    7303.24,  118.4,   0.91664
"SCN_CN15_9092_CEI072_S", 13.8, 1,    7313.92,   -1.6,   0.91798, 2,    7313.92, -121.6,   0.91798, 3,    7313.92,  118.4,   0.91798
"SCN_CN15_9090_CEI072", 13.8, 1,    7296.85,   -1.6,   0.91583, 2,    7296.84, -121.6,   0.91583, 3,    7296.85,  118.4,   0.91583
"SCN_CN15_9064_CEI072", 13.8, 1,    7283.07,   -1.7,   0.91411, 2,    7283.07, -121.7,    0.9141, 3,    7283.07,  118.3,    0.9141
"SCN_CN15_9065_CEI072", 13.8, 1,     7282.9,   -1.7,   0.91408, 2,    7282.89, -121.7,   0.91408, 3,     7282.9,  118.3,   0.91408
"SCN_CN15_9066_CEI072", 13.8, 1,    7282.73,   -1.7,   0.91406, 2,    7282.73, -121.7,   0.91406, 3,    7282.73,  118.3,   0.91406
"SCN_CN15_9067_CEI072", 13.8, 1,    7282.56,   -1.7,   0.91404, 2,    7282.56, -121.7,   0.91404, 3,    7282.56,  118.3,   0.91404
"SCN_CN15_9068_CEI072", 13.8, 1,     7282.4,   -1.7,   0.91402, 2,    7282.39, -121.7,   0.91402, 3,    7282.39,  118.3,   0.91402
"SCN_CN15_9011_CEIRJ013_ATV", 13.8, 1,    6563.34,   -3.5,   0.82377, 2,    6563.32, -123.5,   0.82377, 3,    6563.33,  116.5,   0.82377
"SCN_CN15_9069_CEI072", 13.8, 1,    7282.23,   -1.7,     0.914, 2,    7282.22, -121.7,     0.914, 3,    7282.23,  118.3,     0.914
"SCN_CN15_9061_CEI072", 13.8, 1,    7274.27,   -1.7,     0.913, 2,    7274.26, -121.7,     0.913, 3,    7274.26,  118.3,     0.913
"SCN_CN15_9060_CEI072", 13.8, 1,    7268.65,   -1.7,   0.91229, 2,    7268.64, -121.7,   0.91229, 3,    7268.65,  118.3,   0.91229
"SCN_CN15_9059_CEI072", 13.8, 1,     7260.8,   -1.7,   0.91131, 2,     7260.8, -121.7,   0.91131, 3,     7260.8,  118.3,   0.91131
"SCN_CN15_9058_CEI072", 13.8, 1,    7251.67,   -1.7,   0.91016, 2,    7251.66, -121.7,   0.91016, 3,    7251.66,  118.3,   0.91016
"SCN_CN15_9019_CEI69B", 13.8, 1,    6784.74,   -2.7,   0.85156, 2,    6784.73, -122.7,   0.85156, 3,    6784.74,  117.3,   0.85156
"SCN_CN15_9017_CEI69B", 13.8, 1,    6786.78,   -2.7,   0.85182, 2,    6786.77, -122.7,   0.85181, 3,    6786.78,  117.3,   0.85181
"SCN_CN15_9018_CEI69B", 13.8, 1,    6786.45,   -2.7,   0.85177, 2,    6786.44, -122.7,   0.85177, 3,    6786.45,  117.3,   0.85177
"SCN_CN15_9018_CEI69B_S", 13.8, 1,    6786.45,   -2.7,   0.85177, 2,    6786.44, -122.7,   0.85177, 3,    6786.45,  117.3,   0.85177
"SCN_CN15_9027_CEI250_ATV", 13.8, 1,    6784.89,   -2.7,   0.85158, 2,    6784.88, -122.7,   0.85158, 3,    6784.89,  117.3,   0.85158
"SCN_CN15_9454_CEI109", 13.8, 1,    6599.15,   -3.3,   0.82826, 2,    6599.13, -123.3,   0.82826, 3,    6599.14,  116.7,   0.82826
"SCN_CN15_9028_CEI250_ATV", 13.8, 1,    6783.32,   -2.7,   0.85138, 2,    6783.31, -122.7,   0.85138, 3,    6783.32,  117.3,   0.85138
"SCN_CN15_9032_CEI130_ATV", 13.8, 1,    6777.76,   -2.7,   0.85068, 2,    6777.75, -122.7,   0.85068, 3,    6777.75,  117.3,   0.85068
"SCN_CN15_9022_CEI250_ATV_S", 13.8, 1,     6779.2,   -2.7,   0.85086, 2,    6779.18, -122.7,   0.85086, 3,    6779.19,  117.3,   0.85086
"SCN_CN15_9033_CEI130_ATV", 13.8, 1,    6770.89,   -2.7,   0.84982, 2,    6770.88, -122.7,   0.84982, 3,    6770.89,  117.3,   0.84982
"SCN_CN15_9035_CEI130_ATV", 13.8, 1,    6757.09,   -2.8,   0.84809, 2,    6757.08, -122.8,   0.84809, 3,    6757.09,  117.2,   0.84809
"SCN_CN15_9036_CEI130_ATV", 13.8, 1,    6749.21,   -2.8,    0.8471, 2,     6749.2, -122.8,    0.8471, 3,     6749.2,  117.2,    0.8471
"SCN_CN15_9038_CEI130_ATV_S", 13.8, 1,    6749.17,   -2.8,   0.84709, 2,    6749.15, -122.8,   0.84709, 3,    6749.16,  117.2,   0.84709
"SCN_CN15_9038_CEI130_ATV", 13.8, 1,    6749.17,   -2.8,   0.84709, 2,    6749.15, -122.8,   0.84709, 3,    6749.16,  117.2,   0.84709
"SCN_CN15_9039_CEI130_ATV", 13.8, 1,    6749.12,   -2.8,   0.84709, 2,    6749.11, -122.8,   0.84709, 3,    6749.12,  117.2,   0.84709
"SCN_CN15_9453_CEI109", 13.8, 1,    6599.13,   -3.3,   0.82826, 2,    6599.11, -123.3,   0.82826, 3,    6599.12,  116.7,   0.82826
"SCN_CN15_9020_CEI130_ATV", 13.8, 1,    6785.42,   -2.7,   0.85164, 2,    6785.41, -122.7,   0.85164, 3,    6785.42,  117.3,   0.85164
"SCN_CN15_9021_CEI130_ATV", 13.8, 1,    6785.48,   -2.7,   0.85165, 2,    6785.47, -122.7,   0.85165, 3,    6785.47,  117.3,   0.85165
"SCN_CN15_9021_CEI130_ATV_S", 13.8, 1,    6785.48,   -2.7,   0.85165, 2,    6785.47, -122.7,   0.85165, 3,    6785.47,  117.3,   0.85165
"SCN_CN15_9022_CEI130_ATV", 13.8, 1,    6785.56,   -2.7,   0.85166, 2,    6785.55, -122.7,   0.85166, 3,    6785.55,  117.3,   0.85166
"SCN_CN15_9023_CEI130_ATV", 13.8, 1,    6785.65,   -2.7,   0.85167, 2,    6785.64, -122.7,   0.85167, 3,    6785.64,  117.3,   0.85167
"SCN_CN15_9026_CEI130_ATV", 13.8, 1,    6787.05,   -2.7,   0.85185, 2,    6787.04, -122.7,   0.85185, 3,    6787.04,  117.3,   0.85185
"SCN_CN15_9027_CEI130_ATV", 13.8, 1,    6788.54,   -2.7,   0.85204, 2,    6788.53, -122.7,   0.85204, 3,    6788.54,  117.3,   0.85204
"SCN_CN15_9028_CEI130_ATV", 13.8, 1,    6790.06,   -2.7,   0.85223, 2,    6790.04, -122.7,   0.85222, 3,    6790.05,  117.3,   0.85223
"SCN_CN15_9029_CEI130_ATV", 13.8, 1,    6791.49,   -2.7,   0.85241, 2,    6791.48, -122.7,   0.85241, 3,    6791.49,  117.3,   0.85241
"SCN_CN15_9452_CEI109", 13.8, 1,    6599.11,   -3.3,   0.82826, 2,    6599.09, -123.3,   0.82826, 3,     6599.1,  116.7,   0.82826
"SCN_CN15_9030_CEI130_ATV", 13.8, 1,    6792.95,   -2.7,   0.85259, 2,    6792.94, -122.7,   0.85259, 3,    6792.94,  117.3,   0.85259
"SCN_CN15_9016_CEI69B", 13.8, 1,    6790.58,   -2.7,   0.85229, 2,    6790.57, -122.7,   0.85229, 3,    6790.58,  117.3,   0.85229
"SCN_CN15_592-0899-22", 13.8, 1,    6788.56,   -2.7,   0.85204, 2,    6788.55, -122.7,   0.85204, 3,    6788.56,  117.3,   0.85204
"SCN_CN15_592-0899-22_S", 13.8, 1,    6788.56,   -2.7,   0.85204, 2,    6788.55, -122.7,   0.85204, 3,    6788.56,  117.3,   0.85204
"SCN_CN15_9013_CEI69B", 13.8, 1,    6798.92,   -2.7,   0.85334, 2,    6798.91, -122.7,   0.85334, 3,    6798.91,  117.3,   0.85334
"SCN_CN15_9015_CEI69B_S", 13.8, 1,    6794.57,   -2.7,   0.85279, 2,    6794.56, -122.7,   0.85279, 3,    6794.56,  117.3,   0.85279
"SCN_CN15_9012_CEI69B", 13.8, 1,    6804.15,   -2.6,   0.85399, 2,    6804.14, -122.6,   0.85399, 3,    6804.14,  117.4,   0.85399
"SCN_CN15_9011_CEI69B", 13.8, 1,    6809.27,   -2.6,   0.85464, 2,    6809.26, -122.6,   0.85464, 3,    6809.27,  117.4,   0.85464
"SCN_CN15_9162_CEI068", 13.8, 1,    6815.72,   -2.6,   0.85545, 2,    6815.71, -122.6,   0.85545, 3,    6815.72,  117.4,   0.85545
"SCN_CN15_9163_CEI068", 13.8, 1,    6822.48,   -2.6,    0.8563, 2,    6822.47, -122.6,   0.85629, 3,    6822.48,  117.4,    0.8563
"SCN_CN15_9164_CEI068", 13.8, 1,    6834.37,   -2.6,   0.85779, 2,    6834.36, -122.6,   0.85779, 3,    6834.37,  117.4,   0.85779
"SCN_CN15_9451_CEI109", 13.8, 1,    6599.08,   -3.3,   0.82826, 2,    6599.06, -123.3,   0.82825, 3,    6599.07,  116.7,   0.82826
"SCN_CN15_9169_CEI068", 13.8, 1,    6845.81,   -2.5,   0.85922, 2,     6845.8, -122.5,   0.85922, 3,     6845.8,  117.5,   0.85922
"SCN_CN15_9170_CEI068", 13.8, 1,    6845.91,   -2.5,   0.85924, 2,     6845.9, -122.5,   0.85923, 3,     6845.9,  117.5,   0.85924
"SCN_CN15_9170_CEI068_S", 13.8, 1,    6845.91,   -2.5,   0.85924, 2,     6845.9, -122.5,   0.85923, 3,     6845.9,  117.5,   0.85924
"SCN_CN15_9171_CEI068", 13.8, 1,    6858.18,   -2.5,   0.86078, 2,    6858.17, -122.5,   0.86078, 3,    6858.17,  117.5,   0.86078
"SCN_CN15_9172_CEI068", 13.8, 1,    6871.77,   -2.5,   0.86248, 2,    6871.76, -122.5,   0.86248, 3,    6871.77,  117.5,   0.86248
"SCN_CN15_9182_CEI068", 13.8, 1,    6887.56,   -2.4,   0.86446, 2,    6887.55, -122.4,   0.86446, 3,    6887.55,  117.6,   0.86446
"SCN_CN15_9181_CEI068", 13.8, 1,    6887.54,   -2.4,   0.86446, 2,    6887.53, -122.4,   0.86446, 3,    6887.53,  117.6,   0.86446
"SCN_CN15_9182_CEI068_S", 13.8, 1,    6887.56,   -2.4,   0.86446, 2,    6887.55, -122.4,   0.86446, 3,    6887.55,  117.6,   0.86446
"SCN_CN15_9183_CEI068", 13.8, 1,    6904.05,   -2.4,   0.86653, 2,    6904.03, -122.4,   0.86653, 3,    6904.04,  117.6,   0.86653
"SCN_CN15_9183_CEI068_S", 13.8, 1,    6904.05,   -2.4,   0.86653, 2,    6904.03, -122.4,   0.86653, 3,    6904.04,  117.6,   0.86653
"SCN_CN15_9186_CEI068", 13.8, 1,    6916.27,   -2.4,   0.86807, 2,    6916.26, -122.4,   0.86807, 3,    6916.27,  117.6,   0.86807
"SCN_CN15_9107_CEI068", 13.8, 1,    6923.84,   -2.4,   0.86902, 2,    6923.83, -122.4,   0.86902, 3,    6923.84,  117.6,   0.86902
"SCN_CN15_9450_CEI109", 13.8, 1,    6599.05,   -3.3,   0.82825, 2,    6599.04, -123.3,   0.82825, 3,    6599.05,  116.7,   0.82825
"SCN_CN15_9103_CEI068", 13.8, 1,    6932.17,   -2.3,   0.87006, 2,    6932.16, -122.3,   0.87006, 3,    6932.17,  117.7,   0.87006
"SCN_CN15_9092_CEI068", 13.8, 1,    6932.04,   -2.3,   0.87005, 2,    6932.03, -122.3,   0.87005, 3,    6932.03,  117.7,   0.87005
"SCN_CN15_9091_CEI068", 13.8, 1,    6931.89,   -2.3,   0.87003, 2,    6931.88, -122.3,   0.87003, 3,    6931.89,  117.7,   0.87003
"SCN_CN15_9090_CEI068", 13.8, 1,    6931.62,   -2.3,   0.86999, 2,    6931.61, -122.3,   0.86999, 3,    6931.62,  117.7,   0.86999
"SCN_CN15_9089_CEI068_S", 13.8, 1,    6931.45,   -2.3,   0.86997, 2,    6931.44, -122.3,   0.86997, 3,    6931.45,  117.7,   0.86997
"SCN_CN15_9086_CEI068", 13.8, 1,    6931.23,   -2.3,   0.86994, 2,    6931.22, -122.3,   0.86994, 3,    6931.22,  117.7,   0.86994
"SCN_CN15_9085_CEI068", 13.8, 1,    6930.94,   -2.3,   0.86991, 2,    6930.93, -122.3,   0.86991, 3,    6930.94,  117.7,   0.86991
"SCN_CN15_9086_CEI068_S", 13.8, 1,    6931.23,   -2.3,   0.86994, 2,    6931.22, -122.3,   0.86994, 3,    6931.22,  117.7,   0.86994
"SCN_CN15_9082_CEI068", 13.8, 1,    6930.61,   -2.3,   0.86987, 2,     6930.6, -122.3,   0.86987, 3,    6930.61,  117.7,   0.86987
"SCN_CN15_9081_CEI068", 13.8, 1,    6930.27,   -2.4,   0.86982, 2,    6930.26, -122.4,   0.86982, 3,    6930.26,  117.6,   0.86982
"SCN_CN15_9080_CEI068", 13.8, 1,    6929.93,   -2.4,   0.86978, 2,    6929.92, -122.4,   0.86978, 3,    6929.93,  117.6,   0.86978
"SCN_CN15_9026_CEI201_ATV", 13.8, 1,    6559.87,   -3.5,   0.82334, 2,    6559.86, -123.5,   0.82333, 3,    6559.86,  116.5,   0.82333
"SCN_CN15_9027_CEI201_ATV", 13.8, 1,    6560.02,   -3.5,   0.82335, 2,       6560, -123.5,   0.82335, 3,    6560.01,  116.5,   0.82335
"SCN_CN15_9449_CEI109", 13.8, 1,    6599.03,   -3.3,   0.82825, 2,    6599.02, -123.3,   0.82825, 3,    6599.02,  116.7,   0.82825
"SCN_CN15_9079_CEI068", 13.8, 1,     6929.6,   -2.4,   0.86974, 2,    6929.59, -122.4,   0.86974, 3,    6929.59,  117.6,   0.86974
"SCN_CN15_9078_CEI068", 13.8, 1,    6929.27,   -2.4,    0.8697, 2,    6929.26, -122.4,    0.8697, 3,    6929.26,  117.6,    0.8697
"SCN_CN15_9077_CEI068", 13.8, 1,    6928.93,   -2.4,   0.86966, 2,    6928.92, -122.4,   0.86966, 3,    6928.93,  117.6,   0.86966
"SCN_CN15_9076_CEI068", 13.8, 1,    6928.62,   -2.4,   0.86962, 2,    6928.61, -122.4,   0.86962, 3,    6928.61,  117.6,   0.86962
"SCN_CN15_9075_CEI068", 13.8, 1,    6928.31,   -2.4,   0.86958, 2,     6928.3, -122.4,   0.86958, 3,     6928.3,  117.6,   0.86958
"SCN_CN15_9074_CEI068", 13.8, 1,    6927.99,   -2.4,   0.86954, 2,    6927.98, -122.4,   0.86954, 3,    6927.99,  117.6,   0.86954
"SCN_CN15_9073_CEI068", 13.8, 1,    6927.66,   -2.4,    0.8695, 2,    6927.65, -122.4,    0.8695, 3,    6927.66,  117.6,    0.8695
"SCN_CN15_9072_CEI068", 13.8, 1,    6927.35,   -2.4,   0.86946, 2,    6927.34, -122.4,   0.86946, 3,    6927.35,  117.6,   0.86946
"SCN_CN15_9071_CEI068", 13.8, 1,    6927.05,   -2.4,   0.86942, 2,    6927.04, -122.4,   0.86942, 3,    6927.04,  117.6,   0.86942
"SCN_CN15_9070_CEI068", 13.8, 1,    6926.82,   -2.4,   0.86939, 2,    6926.81, -122.4,   0.86939, 3,    6926.82,  117.6,   0.86939
"SCN_CN15_9448_CEI109", 13.8, 1,    6599.02,   -3.3,   0.82825, 2,       6599, -123.3,   0.82825, 3,    6599.01,  116.7,   0.82825
"SCN_CN15_9069_CEI068", 13.8, 1,    6926.58,   -2.4,   0.86936, 2,    6926.58, -122.4,   0.86936, 3,    6926.58,  117.6,   0.86936
"SCN_CN15_9447_CEI109", 13.8, 1,       6599,   -3.3,   0.82825, 2,    6598.99, -123.3,   0.82825, 3,    6598.99,  116.7,   0.82825
"SCN_CN15_9062_CEIRJ006_ATV", 13.8, 1,    6633.75,   -3.0,   0.83261, 2,    6633.73, -123.0,   0.83261, 3,    6633.74,  117.0,   0.83261
"SCN_CN15_9069_CEI074", 13.8, 1,    6633.78,   -3.0,   0.83261, 2,    6633.77, -123.0,   0.83261, 3,    6633.77,  117.0,   0.83261
"SCN_CN15_9083_CEI201_ATV", 13.8, 1,    6708.26,   -2.9,   0.84196, 2,    6708.25, -122.9,   0.84196, 3,    6708.25,  117.1,   0.84196
"SCN_CN15_9085_CEI201_ATV", 13.8, 1,    6708.26,   -2.9,   0.84196, 2,    6708.24, -122.9,   0.84196, 3,    6708.25,  117.1,   0.84196
"SCN_CN15_9031_CEI201_ATV", 13.8, 1,    6560.71,   -3.5,   0.82344, 2,     6560.7, -123.5,   0.82344, 3,     6560.7,  116.5,   0.82344
"SCN_CN15_9033_CEI201_ATV", 13.8, 1,    6560.97,   -3.5,   0.82347, 2,    6560.96, -123.5,   0.82347, 3,    6560.96,  116.5,   0.82347
"SCN_CN15_9028_CEI201_ATV", 13.8, 1,    6560.19,   -3.5,   0.82338, 2,    6560.18, -123.5,   0.82337, 3,    6560.18,  116.5,   0.82337
"SCN_CN15_9074_CEI131_ATV", 13.8, 1,    6624.75,   -3.2,   0.83148, 2,    6624.73, -123.2,   0.83148, 3,    6624.74,  116.8,   0.83148
"SCN_CN15_9075_CEI131_ATV", 13.8, 1,    6624.74,   -3.2,   0.83148, 2,    6624.72, -123.2,   0.83148, 3,    6624.73,  116.8,   0.83148
"SCN_CN15_9072_CEI131_ATV_S", 13.8, 1,    6624.76,   -3.2,   0.83148, 2,    6624.74, -123.2,   0.83148, 3,    6624.75,  116.8,   0.83148
"SCN_CN15_9076_CEI131_ATV", 13.8, 1,    6624.78,   -3.2,   0.83148, 2,    6624.76, -123.2,   0.83148, 3,    6624.77,  116.8,   0.83148
"SCN_CN15_9081_CEI131_ATV", 13.8, 1,    6625.73,   -3.2,    0.8316, 2,    6625.71, -123.2,    0.8316, 3,    6625.72,  116.8,    0.8316
"SCN_CN15_9082_CEI131_ATV", 13.8, 1,    6626.86,   -3.2,   0.83174, 2,    6626.85, -123.2,   0.83174, 3,    6626.86,  116.8,   0.83174
"SCN_CN15_9086_CEI131_ATV", 13.8, 1,     6628.6,   -3.2,   0.83196, 2,    6628.58, -123.2,   0.83196, 3,    6628.59,  116.8,   0.83196
"SCN_CN15_9088_CEI131_ATV", 13.8, 1,    6632.03,   -3.2,   0.83239, 2,    6632.02, -123.2,   0.83239, 3,    6632.03,  116.8,   0.83239
"SCN_CN15_9342_CEI109", 13.8, 1,    6562.31,   -3.5,   0.82364, 2,     6562.3, -123.5,   0.82364, 3,     6562.3,  116.5,   0.82364
"SCN_CN15_9336_CEI109", 13.8, 1,    6562.64,   -3.5,   0.82368, 2,    6562.62, -123.5,   0.82368, 3,    6562.63,  116.5,   0.82368
"SCN_CN15_9057_CEI072", 13.8, 1,    7243.24,   -1.8,   0.90911, 2,    7243.23, -121.8,    0.9091, 3,    7243.24,  118.2,   0.90911
"SCN_CN15_9056_CEI072", 13.8, 1,     7235.1,   -1.8,   0.90808, 2,     7235.1, -121.8,   0.90808, 3,     7235.1,  118.2,   0.90808
"SCN_CN15_9052_CEI072", 13.8, 1,    7217.82,   -1.8,   0.90592, 2,    7217.81, -121.8,   0.90591, 3,    7217.82,  118.2,   0.90591
"SCN_CN15_9056_CEI072_S", 13.8, 1,     7235.1,   -1.8,   0.90808, 2,     7235.1, -121.8,   0.90808, 3,     7235.1,  118.2,   0.90808
"SCN_CN15_9005_CEI072", 13.8, 1,    7212.29,   -1.8,   0.90522, 2,    7212.29, -121.8,   0.90522, 3,    7212.29,  118.2,   0.90522
"SCN_CN15_9004_CEI072", 13.8, 1,    7201.31,   -1.8,   0.90384, 2,    7201.31, -121.8,   0.90384, 3,    7201.31,  118.2,   0.90384
"SCN_CN15_9005_CEI072_S", 13.8, 1,    7212.29,   -1.8,   0.90522, 2,    7212.29, -121.8,   0.90522, 3,    7212.29,  118.2,   0.90522
"SCN_CN15_9486_CEI109", 13.8, 1,    6563.74,   -3.5,   0.82382, 2,    6563.73, -123.5,   0.82382, 3,    6563.73,  116.5,   0.82382
"SCN_CN15_9003_CEI072", 13.8, 1,    7184.82,   -1.9,   0.90177, 2,    7184.81, -121.9,   0.90177, 3,    7184.81,  118.1,   0.90177
"SCN_CN15_9004_CEI072_S", 13.8, 1,    7201.31,   -1.8,   0.90384, 2,    7201.31, -121.8,   0.90384, 3,    7201.31,  118.2,   0.90384
"SCN_CN15_9002_CEI072", 13.8, 1,    7182.76,   -1.9,   0.90152, 2,    7182.75, -121.9,   0.90151, 3,    7182.76,  118.1,   0.90151
"SCN_CN15_9003_CEI072_S", 13.8, 1,    7184.82,   -1.9,   0.90177, 2,    7184.81, -121.9,   0.90177, 3,    7184.81,  118.1,   0.90177
"SCN_CN15_9002_CEI072_S", 13.8, 1,    7182.76,   -1.9,   0.90152, 2,    7182.75, -121.9,   0.90151, 3,    7182.76,  118.1,   0.90151
"SCN_CN15_9297_CEI250_ATV", 13.8, 1,    7168.39,   -1.9,   0.89971, 2,    7168.38, -121.9,   0.89971, 3,    7168.39,  118.1,   0.89971
"SCN_CN15_9296_CEI250_ATV_S", 13.8, 1,    7161.21,   -1.9,   0.89881, 2,     7161.2, -121.9,   0.89881, 3,     7161.2,  118.1,   0.89881
"SCN_CN15_9297_CEI250_ATV_S", 13.8, 1,    7168.39,   -1.9,   0.89971, 2,    7168.38, -121.9,   0.89971, 3,    7168.39,  118.1,   0.89971
"SCN_CN15_9293_CEI250_ATV_S", 13.8, 1,    7148.05,   -2.0,   0.89716, 2,    7148.04, -122.0,   0.89716, 3,    7148.05,  118.0,   0.89716
"SCN_CN15_9292_CEI250_ATV", 13.8, 1,    7141.83,   -2.0,   0.89638, 2,    7141.83, -122.0,   0.89638, 3,    7141.83,  118.0,   0.89638
"SCN_CN15_9296_CEI250_ATV", 13.8, 1,    7161.21,   -1.9,   0.89881, 2,     7161.2, -121.9,   0.89881, 3,     7161.2,  118.1,   0.89881
"SCN_CN15_9295_CEI250_ATV", 13.8, 1,    7152.56,   -2.0,   0.89772, 2,    7152.55, -122.0,   0.89772, 3,    7152.56,  118.0,   0.89772
"SCN_CN15_9300_CEI250_ATV", 13.8, 1,    7168.32,   -1.9,    0.8997, 2,    7168.31, -121.9,    0.8997, 3,    7168.31,  118.1,    0.8997
"SCN_CN15_9003_CEIRJ012_ATV", 13.8, 1,    7168.39,   -1.9,   0.89971, 2,    7168.38, -121.9,   0.89971, 3,    7168.39,  118.1,   0.89971
"SCN_CN15_9006_CEI072", 13.8, 1,    7211.96,   -1.8,   0.90518, 2,    7211.95, -121.8,   0.90518, 3,    7211.96,  118.2,   0.90518
"SCN_CN15_9007_CEI072", 13.8, 1,    7211.59,   -1.8,   0.90513, 2,    7211.59, -121.8,   0.90513, 3,    7211.59,  118.2,   0.90513
"SCN_CN15_9487_CEI109", 13.8, 1,     6563.7,   -3.5,   0.82382, 2,    6563.68, -123.5,   0.82381, 3,    6563.69,  116.5,   0.82381
"SCN_CN15_9008_CEI072", 13.8, 1,    7211.43,   -1.8,   0.90511, 2,    7211.43, -121.8,   0.90511, 3,    7211.43,  118.2,   0.90511
"SCN_CN15_9009_CEI072", 13.8, 1,    7211.26,   -1.8,   0.90509, 2,    7211.25, -121.8,   0.90509, 3,    7211.25,  118.2,   0.90509
"SCN_CN15_9010_CEI072_S", 13.8, 1,     7211.1,   -1.8,   0.90507, 2,    7211.09, -121.8,   0.90507, 3,    7211.09,  118.2,   0.90507
"SCN_CN15_9010_CEI072", 13.8, 1,     7211.1,   -1.8,   0.90507, 2,    7211.09, -121.8,   0.90507, 3,    7211.09,  118.2,   0.90507
"SCN_CN15_9011_CEI072", 13.8, 1,    7210.91,   -1.8,   0.90505, 2,    7210.91, -121.8,   0.90505, 3,    7210.91,  118.2,   0.90505
"SCN_CN15_9012_CEI072", 13.8, 1,     7210.9,   -1.8,   0.90505, 2,    7210.89, -121.8,   0.90505, 3,    7210.89,  118.2,   0.90505
"SCN_CN15_9024_CEI072", 13.8, 1,    7210.63,   -1.8,   0.90501, 2,    7210.63, -121.8,   0.90501, 3,    7210.63,  118.2,   0.90501
"SCN_CN15_9025_CEI072", 13.8, 1,    7210.51,   -1.8,     0.905, 2,     7210.5, -121.8,     0.905, 3,    7210.51,  118.2,     0.905
"SCN_CN15_9027_CEI072", 13.8, 1,    7210.36,   -1.8,   0.90498, 2,    7210.35, -121.8,   0.90498, 3,    7210.35,  118.2,   0.90498
"SCN_CN15_9032_CEI072", 13.8, 1,    7210.19,   -1.8,   0.90496, 2,    7210.18, -121.8,   0.90496, 3,    7210.18,  118.2,   0.90496
"SCN_CN15_9033_CEI072", 13.8, 1,    7210.02,   -1.8,   0.90494, 2,    7210.01, -121.8,   0.90494, 3,    7210.02,  118.2,   0.90494
"SCN_CN15_9301_CEI250_ATV", 13.8, 1,    7147.67,   -2.0,   0.89711, 2,    7147.66, -122.0,   0.89711, 3,    7147.66,  118.0,   0.89711
"SCN_CN15_9293_CEI250_ATV", 13.8, 1,    7148.05,   -2.0,   0.89716, 2,    7148.04, -122.0,   0.89716, 3,    7148.05,  118.0,   0.89716
"SCN_CN15_9489_CEI109", 13.8, 1,    6563.68,   -3.5,   0.82381, 2,    6563.66, -123.5,   0.82381, 3,    6563.67,  116.5,   0.82381
"SCN_CN15_9303_CEI250_ATV", 13.8, 1,    7147.01,   -2.0,   0.89703, 2,       7147, -122.0,   0.89703, 3,    7147.01,  118.0,   0.89703
"SCN_CN15_9304_CEI250_ATV", 13.8, 1,    7146.69,   -2.0,   0.89699, 2,    7146.68, -122.0,   0.89699, 3,    7146.69,  118.0,   0.89699
"SCN_CN15_9305_CEI250_ATV", 13.8, 1,    7146.37,   -2.0,   0.89695, 2,    7146.36, -122.0,   0.89695, 3,    7146.37,  118.0,   0.89695
"SCN_CN15_9306_CEI250_ATV", 13.8, 1,    7145.98,   -2.0,    0.8969, 2,    7145.97, -122.0,    0.8969, 3,    7145.98,  118.0,    0.8969
"SCN_CN15_9307_CEI250_ATV", 13.8, 1,    7145.77,   -2.0,   0.89687, 2,    7145.76, -122.0,   0.89687, 3,    7145.76,  118.0,   0.89687
"SCN_CN15_9308_CEI250_ATV", 13.8, 1,    7145.66,   -2.0,   0.89686, 2,    7145.65, -122.0,   0.89686, 3,    7145.65,  118.0,   0.89686
"SCN_CN15_9053_CEI160_ATV", 13.8, 1,    7145.66,   -2.0,   0.89686, 2,    7145.65, -122.0,   0.89686, 3,    7145.65,  118.0,   0.89686
"SCN_CN15_9054_CEI160_ATV", 13.8, 1,    7145.66,   -2.0,   0.89686, 2,    7145.65, -122.0,   0.89686, 3,    7145.65,  118.0,   0.89686
"SCN_CN15_9311_CEI250_ATV", 13.8, 1,    7145.27,   -2.0,   0.89681, 2,    7145.26, -122.0,   0.89681, 3,    7145.26,  118.0,   0.89681
"SCN_CN15_9488_CEI109", 13.8, 1,    6563.69,   -3.5,   0.82381, 2,    6563.67, -123.5,   0.82381, 3,    6563.68,  116.5,   0.82381
"SCN_CN15_9312_CEI250_ATV", 13.8, 1,    7144.99,   -2.0,   0.89677, 2,    7144.98, -122.0,   0.89677, 3,    7144.99,  118.0,   0.89677
"SCN_CN15_9313_CEI250_ATV", 13.8, 1,    7144.98,   -2.0,   0.89677, 2,    7144.97, -122.0,   0.89677, 3,    7144.98,  118.0,   0.89677
"SCN_CN15_9314_CEI250_ATV_S", 13.8, 1,     7144.8,   -2.0,   0.89675, 2,    7144.79, -122.0,   0.89675, 3,    7144.79,  118.0,   0.89675
"SCN_CN15_9314_CEI250_ATV", 13.8, 1,     7144.8,   -2.0,   0.89675, 2,    7144.79, -122.0,   0.89675, 3,    7144.79,  118.0,   0.89675
"SCN_CN15_9052_CEI071", 13.8, 1,    7144.62,   -2.0,   0.89673, 2,    7144.61, -122.0,   0.89673, 3,    7144.62,  118.0,   0.89673
"SCN_CN15_9053_CEI071", 13.8, 1,     7144.5,   -2.0,   0.89671, 2,    7144.49, -122.0,   0.89671, 3,     7144.5,  118.0,   0.89671
"SCN_CN15_9054_CEI071", 13.8, 1,    7144.38,   -2.0,    0.8967, 2,    7144.38, -122.0,    0.8967, 3,    7144.38,  118.0,    0.8967
"SCN_CN15_9055_CEI071", 13.8, 1,    7144.26,   -2.0,   0.89668, 2,    7144.25, -122.0,   0.89668, 3,    7144.26,  118.0,   0.89668
"SCN_CN15_9056_CEI071", 13.8, 1,    7144.15,   -2.0,   0.89667, 2,    7144.14, -122.0,   0.89667, 3,    7144.15,  118.0,   0.89667
"SCN_CN15_9057_CEI071", 13.8, 1,    7144.03,   -2.0,   0.89665, 2,    7144.03, -122.0,   0.89665, 3,    7144.03,  118.0,   0.89665
"SCN_CN15_9058_CEI071", 13.8, 1,    7143.86,   -2.0,   0.89663, 2,    7143.85, -122.0,   0.89663, 3,    7143.86,  118.0,   0.89663
"SCN_CN15_9495_CEI109", 13.8, 1,    6563.52,   -3.5,   0.82379, 2,     6563.5, -123.5,   0.82379, 3,    6563.51,  116.5,   0.82379
"SCN_CN15_9319_CEI250_ATV", 13.8, 1,    7143.71,   -2.0,   0.89661, 2,     7143.7, -122.0,   0.89661, 3,    7143.71,  118.0,   0.89661
"SCN_CN15_9320_CEI250_ATV", 13.8, 1,    7143.67,   -2.0,   0.89661, 2,    7143.66, -122.0,   0.89661, 3,    7143.67,  118.0,   0.89661
"SCN_CN15_9321_CEI250_ATV", 13.8, 1,    7143.67,   -2.0,   0.89661, 2,    7143.66, -122.0,   0.89661, 3,    7143.67,  118.0,   0.89661
"SCN_CN15_9062_CEI071", 13.8, 1,    7143.47,   -2.0,   0.89658, 2,    7143.46, -122.0,   0.89658, 3,    7143.46,  118.0,   0.89658
"SCN_CN15_9060_CEI071", 13.8, 1,    7143.56,   -2.0,    0.8966, 2,    7143.55, -122.0,   0.89659, 3,    7143.56,  118.0,   0.89659
"SCN_CN15_9059_CEI071", 13.8, 1,    7143.62,   -2.0,    0.8966, 2,    7143.61, -122.0,    0.8966, 3,    7143.62,  118.0,    0.8966
"SCN_CN15_9322_CEI250_ATV", 13.8, 1,    7143.59,   -2.0,    0.8966, 2,    7143.59, -122.0,    0.8966, 3,    7143.59,  118.0,    0.8966
"SCN_CN15_9323_CEI250_ATV", 13.8, 1,    7143.48,   -2.0,   0.89658, 2,    7143.47, -122.0,   0.89658, 3,    7143.48,  118.0,   0.89658
"SCN_CN15_9325_CEI250_ATV", 13.8, 1,    7143.44,   -2.0,   0.89658, 2,    7143.43, -122.0,   0.89658, 3,    7143.44,  118.0,   0.89658
"SCN_CN15_9019_CEIRJ006_ATV", 13.8, 1,    7143.47,   -2.0,   0.89658, 2,    7143.46, -122.0,   0.89658, 3,    7143.47,  118.0,   0.89658
"SCN_CN15_9010_CEIRJ006_ATV", 13.8, 1,    7144.94,   -2.0,   0.89677, 2,    7144.93, -122.0,   0.89677, 3,    7144.94,  118.0,   0.89677
"SCN_CN15_9051_CEI071", 13.8, 1,     7144.8,   -2.0,   0.89675, 2,    7144.79, -122.0,   0.89675, 3,    7144.79,  118.0,   0.89675
"SCN_CN15_9101_CEI201_ATV", 13.8, 1,    6707.49,   -2.9,   0.84186, 2,    6707.48, -122.9,   0.84186, 3,    6707.48,  117.1,   0.84186
"SCN_CN15_9446_CEI109", 13.8, 1,    6598.99,   -3.3,   0.82825, 2,    6598.98, -123.3,   0.82824, 3,    6598.98,  116.7,   0.82824
"SCN_CN15_9445_CEI109", 13.8, 1,    6598.97,   -3.3,   0.82824, 2,    6598.96, -123.3,   0.82824, 3,    6598.97,  116.7,   0.82824
"SCN_CN15_9444_CEI109", 13.8, 1,    6598.96,   -3.3,   0.82824, 2,    6598.95, -123.3,   0.82824, 3,    6598.95,  116.7,   0.82824
"SCN_CN15_9443_CEI109", 13.8, 1,    6598.94,   -3.3,   0.82824, 2,    6598.93, -123.3,   0.82824, 3,    6598.94,  116.7,   0.82824
"SCN_CN15_9442_CEI109", 13.8, 1,    6598.92,   -3.3,   0.82824, 2,    6598.91, -123.3,   0.82824, 3,    6598.92,  116.7,   0.82824
"SCN_CN15_9441_CEI109", 13.8, 1,     6598.9,   -3.3,   0.82823, 2,    6598.89, -123.3,   0.82823, 3,     6598.9,  116.7,   0.82823
"SCN_CN15_9459_CEI109", 13.8, 1,    6599.28,   -3.3,   0.82828, 2,    6599.26, -123.3,   0.82828, 3,    6599.27,  116.7,   0.82828
"SCN_CN15_9081_CEI201_ATV", 13.8, 1,    6708.22,   -2.9,   0.84196, 2,    6708.21, -122.9,   0.84195, 3,    6708.22,  117.1,   0.84195
"SCN_CN15_9049_CEI201_ATV", 13.8, 1,    6564.45,   -3.5,   0.82391, 2,    6564.43, -123.5,   0.82391, 3,    6564.44,  116.5,   0.82391
"SCN_CN15_9477_CEI109", 13.8, 1,    6564.46,   -3.5,   0.82391, 2,    6564.44, -123.5,   0.82391, 3,    6564.45,  116.5,   0.82391
"SCN_CN15_9105_CEI201_ATV_S", 13.8, 1,    6707.57,   -2.9,   0.84187, 2,    6707.56, -122.9,   0.84187, 3,    6707.56,  117.1,   0.84187
"SCN_CN15_9089_CEI131_ATV", 13.8, 1,    6633.85,   -3.2,   0.83262, 2,    6633.84, -123.2,   0.83262, 3,    6633.85,  116.8,   0.83262
"SCN_CN15_9090_CEI131_ATV", 13.8, 1,    6635.79,   -3.2,   0.83286, 2,    6635.77, -123.2,   0.83286, 3,    6635.78,  116.8,   0.83286
"SCN_CN15_9091_CEI131_ATV", 13.8, 1,    6637.47,   -3.2,   0.83308, 2,    6637.46, -123.2,   0.83307, 3,    6637.46,  116.8,   0.83307
"SCN_CN15_9092_CEI131_ATV", 13.8, 1,    6637.41,   -3.2,   0.83307, 2,     6637.4, -123.2,   0.83307, 3,     6637.4,  116.8,   0.83307
"SCN_CN15_9093_CEI131_ATV", 13.8, 1,    6637.35,   -3.2,   0.83306, 2,    6637.34, -123.2,   0.83306, 3,    6637.34,  116.8,   0.83306
"SCN_CN15_9094_CEI131_ATV", 13.8, 1,     6637.3,   -3.2,   0.83305, 2,    6637.28, -123.2,   0.83305, 3,    6637.29,  116.8,   0.83305
"SCN_CN15_9095_CEI131_ATV", 13.8, 1,    6637.25,   -3.2,   0.83305, 2,    6637.23, -123.2,   0.83305, 3,    6637.24,  116.8,   0.83305
"SCN_CN15_9091_CEI131_ATV_S", 13.8, 1,    6637.47,   -3.2,   0.83308, 2,    6637.46, -123.2,   0.83307, 3,    6637.46,  116.8,   0.83307
"SCN_CN15_9096_CEI131_ATV", 13.8, 1,    6639.29,   -3.2,    0.8333, 2,    6639.28, -123.2,    0.8333, 3,    6639.28,  116.8,    0.8333
"SCN_CN15_9054_CEI201_ATV", 13.8, 1,    6564.85,   -3.5,   0.82396, 2,    6564.83, -123.5,   0.82396, 3,    6564.84,  116.5,   0.82396
"SCN_CN15_9474_CEI109", 13.8, 1,    6564.87,   -3.5,   0.82396, 2,    6564.85, -123.5,   0.82396, 3,    6564.86,  116.5,   0.82396
"SCN_CN15_9082_CEI201_ATV", 13.8, 1,    6708.22,   -2.9,   0.84195, 2,     6708.2, -122.9,   0.84195, 3,    6708.21,  117.1,   0.84195
"SCN_CN15_CEI_FL_MT_1162", 13.8, 1,    6708.31,   -2.9,   0.84197, 2,     6708.3, -122.9,   0.84196, 3,     6708.3,  117.1,   0.84197
"SCN_CN15_9083_CEI201_ATV_S", 13.8, 1,    6708.26,   -2.9,   0.84196, 2,    6708.25, -122.9,   0.84196, 3,    6708.25,  117.1,   0.84196
"SCN_CN15_9107_CEI220_ATV", 13.8, 1,    6657.13,   -3.1,   0.83554, 2,    6657.12, -123.1,   0.83554, 3,    6657.13,  116.9,   0.83554
"SCN_CN15_9460_CEI109", 13.8, 1,    6599.27,   -3.3,   0.82828, 2,    6599.25, -123.3,   0.82828, 3,    6599.26,  116.7,   0.82828
"SCN_CN15_9461_CEI109", 13.8, 1,    6599.26,   -3.3,   0.82828, 2,    6599.25, -123.3,   0.82828, 3,    6599.25,  116.7,   0.82828
"SCN_CN15_9187_CEI068", 13.8, 1,    6916.22,   -2.4,   0.86806, 2,    6916.21, -122.4,   0.86806, 3,    6916.22,  117.6,   0.86806
"SCN_CN15_9188_CEI068", 13.8, 1,    6916.13,   -2.4,   0.86805, 2,    6916.12, -122.4,   0.86805, 3,    6916.12,  117.6,   0.86805
"SCN_CN15_9190_CEI068", 13.8, 1,    6916.03,   -2.4,   0.86804, 2,    6916.02, -122.4,   0.86804, 3,    6916.02,  117.6,   0.86804
"SCN_CN15_9189_CEI068", 13.8, 1,    6916.02,   -2.4,   0.86804, 2,    6916.01, -122.4,   0.86804, 3,    6916.02,  117.6,   0.86804
"SCN_CN15_9018_CEI130A_ATV", 13.8, 1,    6915.84,   -2.4,   0.86801, 2,    6915.83, -122.4,   0.86801, 3,    6915.84,  117.6,   0.86801
"SCN_CN15_9019_CEI130A_ATV", 13.8, 1,    6915.75,   -2.4,     0.868, 2,    6915.74, -122.4,     0.868, 3,    6915.74,  117.6,     0.868
"SCN_CN15_9462_CEI109", 13.8, 1,    6599.25,   -3.3,   0.82828, 2,    6599.24, -123.3,   0.82828, 3,    6599.24,  116.7,   0.82828
"SCN_CN15_9020_CEI130A_ATV", 13.8, 1,    6915.65,   -2.4,   0.86799, 2,    6915.64, -122.4,   0.86799, 3,    6915.65,  117.6,   0.86799
"SCN_CN15_9021_CEI130A_ATV", 13.8, 1,    6915.55,   -2.4,   0.86798, 2,    6915.54, -122.4,   0.86798, 3,    6915.55,  117.6,   0.86798
"SCN_CN15_9022_CEI130A_ATV", 13.8, 1,    6915.46,   -2.4,   0.86797, 2,    6915.45, -122.4,   0.86796, 3,    6915.46,  117.6,   0.86797
"SCN_CN15_9023_CEI130A_ATV", 13.8, 1,    6915.37,   -2.4,   0.86795, 2,    6915.36, -122.4,   0.86795, 3,    6915.37,  117.6,   0.86795
"SCN_CN15_9024_CEI130A_ATV", 13.8, 1,    6915.27,   -2.4,   0.86794, 2,    6915.26, -122.4,   0.86794, 3,    6915.27,  117.6,   0.86794
"SCN_CN15_9025_CEI130A_ATV_S", 13.8, 1,    6915.18,   -2.4,   0.86793, 2,    6915.17, -122.4,   0.86793, 3,    6915.18,  117.6,   0.86793
"SCN_CN15_9025_CEI130A_ATV", 13.8, 1,    6915.18,   -2.4,   0.86793, 2,    6915.17, -122.4,   0.86793, 3,    6915.18,  117.6,   0.86793
"SCN_CN15_9026_CEI130A_ATV", 13.8, 1,    6915.18,   -2.4,   0.86793, 2,    6915.17, -122.4,   0.86793, 3,    6915.18,  117.6,   0.86793
"SCN_CN15_9027_CEI130A_ATV", 13.8, 1,    6915.08,   -2.4,   0.86792, 2,    6915.07, -122.4,   0.86792, 3,    6915.08,  117.6,   0.86792
"SCN_CN15_9028_CEI130A_ATV", 13.8, 1,    6915.08,   -2.4,   0.86792, 2,    6915.07, -122.4,   0.86792, 3,    6915.08,  117.6,   0.86792
"SCN_CN15_9029_CEI130A_ATV", 13.8, 1,    6915.08,   -2.4,   0.86792, 2,    6915.07, -122.4,   0.86792, 3,    6915.08,  117.6,   0.86792
"SCN_CN15_9463_CEI109", 13.8, 1,    6599.23,   -3.3,   0.82828, 2,    6599.22, -123.3,   0.82827, 3,    6599.22,  116.7,   0.82827
"SCN_CN15_9030_CEI130A_ATV", 13.8, 1,    6915.08,   -2.4,   0.86792, 2,    6915.07, -122.4,   0.86792, 3,    6915.08,  117.6,   0.86792
"SCN_CN15_9031_CEI130A_ATV", 13.8, 1,    6915.08,   -2.4,   0.86792, 2,    6915.07, -122.4,   0.86792, 3,    6915.08,  117.6,   0.86792
"SCN_CN15_9032_CEI130A_ATV", 13.8, 1,    6915.08,   -2.4,   0.86792, 2,    6915.07, -122.4,   0.86792, 3,    6915.08,  117.6,   0.86792
"SCN_CN15_9033_CEI130A_ATV", 13.8, 1,    6915.08,   -2.4,   0.86792, 2,    6915.07, -122.4,   0.86792, 3,    6915.08,  117.6,   0.86792
"SCN_CN15_9035_CEI130A_ATV", 13.8, 1,    6915.08,   -2.4,   0.86792, 2,    6915.07, -122.4,   0.86792, 3,    6915.08,  117.6,   0.86792
"SCN_CN15_9037_CEI130A_ATV", 13.8, 1,    6915.02,   -2.4,   0.86791, 2,    6915.01, -122.4,   0.86791, 3,    6915.01,  117.6,   0.86791
"SCN_CN15_9045_CEI130A_ATV", 13.8, 1,    6914.88,   -2.4,   0.86789, 2,    6914.87, -122.4,   0.86789, 3,    6914.88,  117.6,   0.86789
"SCN_CN15_9038_CEI130A_ATV", 13.8, 1,    6915.02,   -2.4,   0.86791, 2,    6915.01, -122.4,   0.86791, 3,    6915.01,  117.6,   0.86791
"SCN_CN15_9464_CEI109", 13.8, 1,    6599.21,   -3.3,   0.82827, 2,     6599.2, -123.3,   0.82827, 3,     6599.2,  116.7,   0.82827
"SCN_CN15_9041_CEI130A_ATV", 13.8, 1,    6915.02,   -2.4,   0.86791, 2,    6915.01, -122.4,   0.86791, 3,    6915.01,  117.6,   0.86791
"SCN_CN15_9039_CEI130A_ATV", 13.8, 1,    6915.02,   -2.4,   0.86791, 2,    6915.01, -122.4,   0.86791, 3,    6915.01,  117.6,   0.86791
"SCN_CN15_9044_CEI130A_ATV", 13.8, 1,    6915.02,   -2.4,   0.86791, 2,    6915.01, -122.4,   0.86791, 3,    6915.01,  117.6,   0.86791
"SCN_CN15_9043_CEI130A_ATV", 13.8, 1,    6915.02,   -2.4,   0.86791, 2,    6915.01, -122.4,   0.86791, 3,    6915.01,  117.6,   0.86791
"SCN_CN15_9042_CEI130A_ATV", 13.8, 1,    6915.02,   -2.4,   0.86791, 2,    6915.01, -122.4,   0.86791, 3,    6915.01,  117.6,   0.86791
"SCN_CN15_9465_CEI109", 13.8, 1,    6599.18,   -3.3,   0.82827, 2,    6599.17, -123.3,   0.82827, 3,    6599.17,  116.7,   0.82827
"SCN_CN15_9040_CEI076", 13.8, 1,    6928.27,   -2.4,   0.86957, 2,    6928.26, -122.4,   0.86957, 3,    6928.27,  117.6,   0.86957
"SCN_CN15_9047_CEI076", 13.8, 1,     6928.2,   -2.4,   0.86956, 2,    6928.19, -122.4,   0.86956, 3,    6928.19,  117.6,   0.86956
"SCN_CN15_9039_CEI076_S", 13.8, 1,    6928.32,   -2.4,   0.86958, 2,    6928.31, -122.4,   0.86958, 3,    6928.32,  117.6,   0.86958
"SCN_CN15_9038_CEI076", 13.8, 1,    6928.37,   -2.4,   0.86959, 2,    6928.36, -122.4,   0.86958, 3,    6928.36,  117.6,   0.86958
"SCN_CN15_9037_CEI076", 13.8, 1,    6928.34,   -2.4,   0.86958, 2,    6928.33, -122.4,   0.86958, 3,    6928.34,  117.6,   0.86958
"SCN_CN15_9036_CEI076", 13.8, 1,    6928.46,   -2.4,    0.8696, 2,    6928.45, -122.4,    0.8696, 3,    6928.45,  117.6,    0.8696
"SCN_CN15_9038_CEI076_S", 13.8, 1,    6928.37,   -2.4,   0.86959, 2,    6928.36, -122.4,   0.86958, 3,    6928.36,  117.6,   0.86958
"SCN_CN15_9466_CEI109", 13.8, 1,    6599.15,   -3.3,   0.82827, 2,    6599.14, -123.3,   0.82826, 3,    6599.14,  116.7,   0.82826
"SCN_CN15_9034_CEI076", 13.8, 1,    6928.55,   -2.4,   0.86961, 2,    6928.54, -122.4,   0.86961, 3,    6928.54,  117.6,   0.86961
"SCN_CN15_9033_CEI076", 13.8, 1,    6928.64,   -2.4,   0.86962, 2,    6928.63, -122.4,   0.86962, 3,    6928.64,  117.6,   0.86962
"SCN_CN15_9032_CEI076", 13.8, 1,     6928.8,   -2.4,   0.86964, 2,    6928.79, -122.4,   0.86964, 3,     6928.8,  117.6,   0.86964
"SCN_CN15_9031_CEI076", 13.8, 1,    6928.96,   -2.4,   0.86966, 2,    6928.95, -122.4,   0.86966, 3,    6928.96,  117.6,   0.86966
"SCN_CN15_9030_CEI076", 13.8, 1,    6929.11,   -2.4,   0.86968, 2,     6929.1, -122.4,   0.86968, 3,    6929.11,  117.6,   0.86968
"SCN_CN15_9046_CEIRJ006_ATV", 13.8, 1,    6929.26,   -2.4,    0.8697, 2,    6929.25, -122.4,    0.8697, 3,    6929.26,  117.6,    0.8697
"SCN_CN15_9047_CEIRJ006_ATV", 13.8, 1,    6929.55,   -2.4,   0.86973, 2,    6929.54, -122.4,   0.86973, 3,    6929.55,  117.6,   0.86973
"SCN_CN15_9025_CEI076", 13.8, 1,     6929.8,   -2.4,   0.86977, 2,    6929.79, -122.4,   0.86976, 3,     6929.8,  117.6,   0.86977
"SCN_CN15_9024_CEI076", 13.8, 1,    6929.93,   -2.4,   0.86978, 2,    6929.92, -122.4,   0.86978, 3,    6929.92,  117.6,   0.86978
"SCN_CN15_9023_CEI076", 13.8, 1,     6930.1,   -2.4,    0.8698, 2,    6930.09, -122.4,    0.8698, 3,     6930.1,  117.6,    0.8698
"SCN_CN15_9293_CEI109", 13.8, 1,    6598.84,   -3.3,   0.82823, 2,    6598.83, -123.3,   0.82822, 3,    6598.83,  116.7,   0.82823
"SCN_CN15_9049_CEIRJ006_ATV", 13.8, 1,     6930.3,   -2.4,   0.86983, 2,    6930.29, -122.4,   0.86983, 3,     6930.3,  117.6,   0.86983
"SCN_CN15_9023_CEI076_S", 13.8, 1,     6930.1,   -2.4,    0.8698, 2,    6930.09, -122.4,    0.8698, 3,     6930.1,  117.6,    0.8698
"SCN_CN15_9019_CEI076", 13.8, 1,    6930.57,   -2.4,   0.86986, 2,    6930.56, -122.4,   0.86986, 3,    6930.56,  117.6,   0.86986
"SCN_CN15_9018_CEI076", 13.8, 1,    6930.72,   -2.4,   0.86988, 2,    6930.71, -122.4,   0.86988, 3,    6930.72,  117.6,   0.86988
"SCN_CN15_9017_CEI076", 13.8, 1,    6930.89,   -2.4,    0.8699, 2,    6930.88, -122.4,    0.8699, 3,    6930.88,  117.6,    0.8699
"SCN_CN15_9016_CEI076", 13.8, 1,    6931.03,   -2.4,   0.86992, 2,    6931.02, -122.4,   0.86992, 3,    6931.03,  117.6,   0.86992
"SCN_CN15_9015_CEI076", 13.8, 1,    6931.22,   -2.4,   0.86994, 2,    6931.21, -122.4,   0.86994, 3,    6931.21,  117.6,   0.86994
"SCN_CN15_9014_CEI076", 13.8, 1,    6931.41,   -2.4,   0.86997, 2,     6931.4, -122.4,   0.86997, 3,    6931.41,  117.6,   0.86997
"SCN_CN15_9013_CEI076", 13.8, 1,    6931.71,   -2.4,   0.87001, 2,     6931.7, -122.4,      0.87, 3,    6931.71,  117.6,   0.87001
"SCN_CN15_9012_CEI076", 13.8, 1,    6932.03,   -2.4,   0.87005, 2,    6932.02, -122.4,   0.87004, 3,    6932.02,  117.6,   0.87004
"SCN_CN15_9011_CEI076", 13.8, 1,    6932.34,   -2.4,   0.87008, 2,    6932.33, -122.4,   0.87008, 3,    6932.33,  117.6,   0.87008
"SCN_CN15_9294_CEI109", 13.8, 1,    6597.88,   -3.4,   0.82811, 2,    6597.86, -123.4,    0.8281, 3,    6597.87,  116.6,    0.8281
"SCN_CN15_9010_CEI076", 13.8, 1,    6932.63,   -2.4,   0.87012, 2,    6932.62, -122.4,   0.87012, 3,    6932.63,  117.6,   0.87012
"SCN_CN15_9009_CEI076", 13.8, 1,     6932.9,   -2.4,   0.87016, 2,    6932.89, -122.4,   0.87015, 3,     6932.9,  117.6,   0.87015
"SCN_CN15_9008_CEI076", 13.8, 1,    6933.12,   -2.4,   0.87018, 2,    6933.11, -122.4,   0.87018, 3,    6933.11,  117.6,   0.87018
"SCN_CN15_9007_CEI076", 13.8, 1,    6933.32,   -2.4,   0.87021, 2,    6933.31, -122.4,   0.87021, 3,    6933.32,  117.6,   0.87021
"SCN_CN15_9006_CEI076", 13.8, 1,    6933.54,   -2.4,   0.87024, 2,    6933.53, -122.4,   0.87023, 3,    6933.54,  117.6,   0.87023
"SCN_CN15_9005_CEI076", 13.8, 1,    6933.76,   -2.4,   0.87026, 2,    6933.75, -122.4,   0.87026, 3,    6933.75,  117.6,   0.87026
"SCN_CN15_9004_CEI076", 13.8, 1,    6933.97,   -2.4,   0.87029, 2,    6933.96, -122.4,   0.87029, 3,    6933.97,  117.6,   0.87029
"SCN_CN15_9003_CEI076", 13.8, 1,    6934.16,   -2.4,   0.87031, 2,    6934.15, -122.4,   0.87031, 3,    6934.15,  117.6,   0.87031
"SCN_CN15_9002_CEI076", 13.8, 1,    6934.39,   -2.4,   0.87034, 2,    6934.38, -122.4,   0.87034, 3,    6934.39,  117.6,   0.87034
"SCN_CN15_9117_CEI076", 13.8, 1,    6934.61,   -2.4,   0.87037, 2,     6934.6, -122.4,   0.87037, 3,    6934.61,  117.6,   0.87037
"SCN_CN15_9295_CEI109", 13.8, 1,     6596.9,   -3.4,   0.82798, 2,    6596.89, -123.4,   0.82798, 3,     6596.9,  116.6,   0.82798
"SCN_CN15_9149_CEI068", 13.8, 1,    6934.82,   -2.4,    0.8704, 2,    6934.81, -122.4,    0.8704, 3,    6934.82,  117.6,    0.8704
"SCN_CN15_9312_CEI068", 13.8, 1,    6934.79,   -2.4,   0.87039, 2,    6934.78, -122.4,   0.87039, 3,    6934.78,  117.6,   0.87039
"SCN_CN15_9313_CEI068", 13.8, 1,    6934.69,   -2.4,   0.87038, 2,    6934.68, -122.4,   0.87038, 3,    6934.69,  117.6,   0.87038
"SCN_CN15_9314_CEI068", 13.8, 1,     6934.6,   -2.4,   0.87037, 2,    6934.59, -122.4,   0.87037, 3,    6934.59,  117.6,   0.87037
"SCN_CN15_9315_CEI068", 13.8, 1,     6934.5,   -2.4,   0.87036, 2,    6934.49, -122.4,   0.87035, 3,    6934.49,  117.6,   0.87035
"SCN_CN15_9316_CEI068", 13.8, 1,     6934.4,   -2.4,   0.87034, 2,    6934.39, -122.4,   0.87034, 3,     6934.4,  117.6,   0.87034
"SCN_CN15_9317_CEI068", 13.8, 1,     6934.3,   -2.4,   0.87033, 2,    6934.29, -122.4,   0.87033, 3,     6934.3,  117.6,   0.87033
"SCN_CN15_9319_CEI068", 13.8, 1,    6934.28,   -2.4,   0.87033, 2,    6934.27, -122.4,   0.87033, 3,    6934.27,  117.6,   0.87033
"SCN_CN15_9150_CEI068", 13.8, 1,    6935.07,   -2.4,   0.87043, 2,    6935.06, -122.4,   0.87043, 3,    6935.07,  117.6,   0.87043
"SCN_CN15_9149_CEI068_S", 13.8, 1,    6934.82,   -2.4,    0.8704, 2,    6934.81, -122.4,    0.8704, 3,    6934.82,  117.6,    0.8704
"SCN_CN15_9064_CEI201_ATV", 13.8, 1,     6571.4,   -3.4,   0.82478, 2,    6571.39, -123.4,   0.82478, 3,     6571.4,  116.6,   0.82478
"SCN_CN15_9408_CEI109", 13.8, 1,    6571.44,   -3.4,   0.82479, 2,    6571.43, -123.4,   0.82479, 3,    6571.44,  116.6,   0.82479
"SCN_CN15_9024_CEI130_ATV", 13.8, 1,    6784.76,   -2.7,   0.85156, 2,    6784.75, -122.7,   0.85156, 3,    6784.75,  117.3,   0.85156
"SCN_CN15_9099_CEI131_ATV", 13.8, 1,    6643.18,   -3.2,   0.83379, 2,    6643.17, -123.2,   0.83379, 3,    6643.17,  116.8,   0.83379
"SCN_CN15_9197_CEI69B_S", 13.8, 1,    6707.65,   -2.9,   0.84188, 2,    6707.64, -122.9,   0.84188, 3,    6707.64,  117.1,   0.84188
"SCN_CN15_9111_CEI201_ATV", 13.8, 1,    6707.75,   -2.9,    0.8419, 2,    6707.74, -122.9,   0.84189, 3,    6707.74,  117.1,    0.8419
"SCN_CN15_9050_CEI201_ATV", 13.8, 1,    6564.44,   -3.5,   0.82391, 2,    6564.43, -123.5,   0.82391, 3,    6564.44,  116.5,   0.82391
"SCN_CN15_9100_CEI131_ATV", 13.8, 1,    6645.02,   -3.2,   0.83402, 2,    6645.01, -123.2,   0.83402, 3,    6645.02,  116.8,   0.83402
"SCN_CN15_9101_CEI131_ATV", 13.8, 1,    6646.93,   -3.2,   0.83426, 2,    6646.92, -123.2,   0.83426, 3,    6646.93,  116.8,   0.83426
"SCN_CN15_9064_CEI220_ATV", 13.8, 1,    6648.86,   -3.2,    0.8345, 2,    6648.84, -123.2,    0.8345, 3,    6648.85,  116.8,    0.8345
"SCN_CN15_9065_CEI220_ATV", 13.8, 1,    6648.86,   -3.2,    0.8345, 2,    6648.84, -123.2,    0.8345, 3,    6648.85,  116.8,    0.8345
"SCN_CN15_9063_CEI220_ATV", 13.8, 1,    6650.65,   -3.1,   0.83473, 2,    6650.64, -123.1,   0.83473, 3,    6650.64,  116.9,   0.83473
"SCN_CN15_9062_CEI220_ATV", 13.8, 1,    6650.59,   -3.1,   0.83472, 2,    6650.58, -123.1,   0.83472, 3,    6650.59,  116.9,   0.83472
"SCN_CN15_9061_CEI220_ATV", 13.8, 1,    6650.54,   -3.1,   0.83472, 2,    6650.53, -123.1,   0.83471, 3,    6650.53,  116.9,   0.83471
"SCN_CN15_9060_CEI220_ATV", 13.8, 1,    6650.49,   -3.1,   0.83471, 2,    6650.47, -123.1,   0.83471, 3,    6650.48,  116.9,   0.83471
"SCN_CN15_9051_CEI201_ATV", 13.8, 1,    6564.12,   -3.5,   0.82387, 2,     6564.1, -123.5,   0.82387, 3,    6564.11,  116.5,   0.82387
"SCN_CN15_9481_CEI109", 13.8, 1,    6564.12,   -3.5,   0.82387, 2,    6564.11, -123.5,   0.82387, 3,    6564.11,  116.5,   0.82387
"SCN_CN15_9155_CEI109", 13.8, 1,    6581.48,   -3.4,   0.82605, 2,    6581.47, -123.4,   0.82605, 3,    6581.48,  116.6,   0.82605
"SCN_CN15_9025_CEI201_ATV", 13.8, 1,    6559.69,   -3.5,   0.82331, 2,    6559.68, -123.5,   0.82331, 3,    6559.69,  116.5,   0.82331
"SCN_CN15_9151_CEI068", 13.8, 1,    6935.32,   -2.3,   0.87046, 2,    6935.31, -122.3,   0.87046, 3,    6935.31,  117.7,   0.87046
"SCN_CN15_9296_CEI109", 13.8, 1,    6595.49,   -3.4,   0.82781, 2,    6595.48, -123.4,    0.8278, 3,    6595.49,  116.6,   0.82781
"SCN_CN15_9152_CEI068", 13.8, 1,    6935.86,   -2.3,   0.87053, 2,    6935.85, -122.3,   0.87053, 3,    6935.86,  117.7,   0.87053
"SCN_CN15_9153_CEI068", 13.8, 1,    6936.44,   -2.3,    0.8706, 2,    6936.43, -122.3,    0.8706, 3,    6936.44,  117.7,    0.8706
"SCN_CN15_9158_CEI068", 13.8, 1,    6937.02,   -2.3,   0.87067, 2,    6937.01, -122.3,   0.87067, 3,    6937.02,  117.7,   0.87067
"SCN_CN15_9159_CEI068", 13.8, 1,    6936.96,   -2.3,   0.87066, 2,    6936.95, -122.3,   0.87066, 3,    6936.96,  117.7,   0.87066
"SCN_CN15_9158_CEI068_S", 13.8, 1,    6937.02,   -2.3,   0.87067, 2,    6937.01, -122.3,   0.87067, 3,    6937.02,  117.7,   0.87067
"SCN_CN15_9029_CEI250_ATV", 13.8, 1,    6937.59,   -2.3,   0.87074, 2,    6937.58, -122.3,   0.87074, 3,    6937.58,  117.7,   0.87074
"SCN_CN15_9030_CEI250_ATV", 13.8, 1,     6938.3,   -2.3,   0.87083, 2,    6938.29, -122.3,   0.87083, 3,    6938.29,  117.7,   0.87083
"SCN_CN15_9031_CEI250_ATV", 13.8, 1,    6938.28,   -2.3,   0.87083, 2,    6938.27, -122.3,   0.87083, 3,    6938.27,  117.7,   0.87083
"SCN_CN15_9030_CEI250_ATV_S", 13.8, 1,     6938.3,   -2.3,   0.87083, 2,    6938.29, -122.3,   0.87083, 3,    6938.29,  117.7,   0.87083
"SCN_CN15_9032_CEI250_ATV", 13.8, 1,    6938.99,   -2.3,   0.87092, 2,    6938.98, -122.3,   0.87092, 3,    6938.99,  117.7,   0.87092
"SCN_CN15_9033_CEI250_ATV", 13.8, 1,     6939.7,   -2.3,   0.87101, 2,    6939.69, -122.3,   0.87101, 3,    6939.69,  117.7,   0.87101
"SCN_CN15_9102_CEI068", 13.8, 1,    6940.41,   -2.3,    0.8711, 2,     6940.4, -122.3,    0.8711, 3,     6940.4,  117.7,    0.8711
"SCN_CN15_9297_CEI109", 13.8, 1,     6594.2,   -3.4,   0.82764, 2,    6594.18, -123.4,   0.82764, 3,    6594.19,  116.6,   0.82764
"SCN_CN15_9101_CEI068", 13.8, 1,    6949.14,   -2.3,   0.87219, 2,    6949.13, -122.3,   0.87219, 3,    6949.14,  117.7,   0.87219
"SCN_CN15_9100_CEI068_S", 13.8, 1,    6956.28,   -2.3,   0.87309, 2,    6956.27, -122.3,   0.87309, 3,    6956.27,  117.7,   0.87309
"SCN_CN15_9100_CEI068", 13.8, 1,    6956.28,   -2.3,   0.87309, 2,    6956.27, -122.3,   0.87309, 3,    6956.27,  117.7,   0.87309
"SCN_CN15_9050_CEI070_S", 13.8, 1,    6965.39,   -2.3,   0.87423, 2,    6965.38, -122.3,   0.87423, 3,    6965.39,  117.7,   0.87423
"SCN_CN15_9098_CEI068_S", 13.8, 1,    6956.28,   -2.3,   0.87309, 2,    6956.27, -122.3,   0.87309, 3,    6956.27,  117.7,   0.87309
"SCN_CN15_9049_CEI070", 13.8, 1,    6973.06,   -2.3,    0.8752, 2,    6973.05, -122.3,   0.87519, 3,    6973.06,  117.7,    0.8752
"SCN_CN15_9048_CEI070", 13.8, 1,    6979.29,   -2.3,   0.87598, 2,    6979.28, -122.3,   0.87598, 3,    6979.28,  117.7,   0.87598
"SCN_CN15_9047_CEI070", 13.8, 1,     6985.4,   -2.3,   0.87674, 2,    6985.39, -122.3,   0.87674, 3,     6985.4,  117.7,   0.87674
"SCN_CN15_9046_CEI070", 13.8, 1,    6993.66,   -2.2,   0.87778, 2,    6993.66, -122.2,   0.87778, 3,    6993.66,  117.8,   0.87778
"SCN_CN15_9045_CEI070_S", 13.8, 1,    7002.24,   -2.2,   0.87886, 2,    7002.23, -122.2,   0.87886, 3,    7002.24,  117.8,   0.87886
"SCN_CN15_9298_CEI109", 13.8, 1,    6592.44,   -3.4,   0.82742, 2,    6592.42, -123.4,   0.82742, 3,    6592.43,  116.6,   0.82742
"SCN_CN15_9051_CEI070", 13.8, 1,    7002.23,   -2.2,   0.87886, 2,    7002.22, -122.2,   0.87885, 3,    7002.22,  117.8,   0.87886
"SCN_CN15_9045_CEI070", 13.8, 1,    7002.24,   -2.2,   0.87886, 2,    7002.23, -122.2,   0.87886, 3,    7002.24,  117.8,   0.87886
"SCN_CN15_9043_CEI070_S", 13.8, 1,     7006.8,   -2.2,   0.87943, 2,    7006.79, -122.2,   0.87943, 3,    7006.79,  117.8,   0.87943
"SCN_CN15_9043_CEI070", 13.8, 1,     7006.8,   -2.2,   0.87943, 2,    7006.79, -122.2,   0.87943, 3,    7006.79,  117.8,   0.87943
"SCN_CN15_9044_CEI070", 13.8, 1,    7006.78,   -2.2,   0.87943, 2,    7006.77, -122.2,   0.87943, 3,    7006.77,  117.8,   0.87943
"SCN_CN15_9042_CEI070_S", 13.8, 1,    7014.91,   -2.2,   0.88045, 2,     7014.9, -122.2,   0.88045, 3,     7014.9,  117.8,   0.88045
"SCN_CN15_9042_CEI070", 13.8, 1,    7014.91,   -2.2,   0.88045, 2,     7014.9, -122.2,   0.88045, 3,     7014.9,  117.8,   0.88045
"SCN_CN15_9052_CEI070", 13.8, 1,     7014.9,   -2.2,   0.88045, 2,    7014.89, -122.2,   0.88044, 3,    7014.89,  117.8,   0.88045
"SCN_CN15_9040_CEI070", 13.8, 1,     7023.9,   -2.2,   0.88158, 2,    7023.89, -122.2,   0.88158, 3,     7023.9,  117.8,   0.88158
"SCN_CN15_9041_CEI070", 13.8, 1,    7023.86,   -2.2,   0.88157, 2,    7023.85, -122.2,   0.88157, 3,    7023.85,  117.8,   0.88157
"SCN_CN15_9039_CEI070", 13.8, 1,    7030.61,   -2.2,   0.88242, 2,     7030.6, -122.2,   0.88242, 3,    7030.61,  117.8,   0.88242
"SCN_CN15_9038_CEI070_S", 13.8, 1,    7040.66,   -2.2,   0.88368, 2,    7040.65, -122.2,   0.88368, 3,    7040.65,  117.8,   0.88368
"SCN_CN15_9038_CEI070", 13.8, 1,    7040.66,   -2.2,   0.88368, 2,    7040.65, -122.2,   0.88368, 3,    7040.65,  117.8,   0.88368
"SCN_CN15_9053_CEI070", 13.8, 1,     7040.6,   -2.2,   0.88367, 2,    7040.59, -122.2,   0.88367, 3,     7040.6,  117.8,   0.88367
"SCN_CN15_9026_CEI220_ATV", 13.8, 1,    6591.27,   -3.4,   0.82728, 2,    6591.26, -123.4,   0.82728, 3,    6591.27,  116.6,   0.82728
"SCN_CN15_9054_CEI070", 13.8, 1,    7040.51,   -2.2,   0.88366, 2,     7040.5, -122.2,   0.88366, 3,    7040.51,  117.8,   0.88366
"SCN_CN15_9055_CEI070_S", 13.8, 1,    7040.42,   -2.2,   0.88365, 2,    7040.41, -122.2,   0.88365, 3,    7040.42,  117.8,   0.88365
"SCN_CN15_9055_CEI070", 13.8, 1,    7040.42,   -2.2,   0.88365, 2,    7040.41, -122.2,   0.88365, 3,    7040.42,  117.8,   0.88365
"SCN_CN15_9057_CEI070", 13.8, 1,    7040.35,   -2.2,   0.88364, 2,    7040.34, -122.2,   0.88364, 3,    7040.34,  117.8,   0.88364
"SCN_CN15_9058_CEI070_S", 13.8, 1,    7040.27,   -2.2,   0.88363, 2,    7040.26, -122.2,   0.88363, 3,    7040.27,  117.8,   0.88363
"SCN_CN15_9058_CEI070", 13.8, 1,    7040.27,   -2.2,   0.88363, 2,    7040.26, -122.2,   0.88363, 3,    7040.27,  117.8,   0.88363
"SCN_CN15_9059_CEI070", 13.8, 1,    7040.27,   -2.2,   0.88363, 2,    7040.26, -122.2,   0.88363, 3,    7040.26,  117.8,   0.88363
"SCN_CN15_9060_CEI070", 13.8, 1,    7040.22,   -2.2,   0.88362, 2,    7040.21, -122.2,   0.88362, 3,    7040.22,  117.8,   0.88362
"SCN_CN15_9061_CEI070", 13.8, 1,    7040.18,   -2.2,   0.88362, 2,    7040.17, -122.2,   0.88362, 3,    7040.18,  117.8,   0.88362
"SCN_CN15_9062_CEI070", 13.8, 1,    7040.14,   -2.2,   0.88362, 2,    7040.14, -122.2,   0.88361, 3,    7040.14,  117.8,   0.88361
"SCN_CN15_9063_CEI070", 13.8, 1,    7040.11,   -2.2,   0.88361, 2,     7040.1, -122.2,   0.88361, 3,     7040.1,  117.8,   0.88361
"SCN_CN15_9064_CEI070", 13.8, 1,    7040.06,   -2.2,    0.8836, 2,    7040.05, -122.2,    0.8836, 3,    7040.05,  117.8,    0.8836
"SCN_CN15_9299_CEI109", 13.8, 1,    6590.74,   -3.4,   0.82721, 2,    6590.73, -123.4,   0.82721, 3,    6590.74,  116.6,   0.82721
"SCN_CN15_9065_CEI070", 13.8, 1,    7040.01,   -2.2,    0.8836, 2,       7040, -122.2,    0.8836, 3,       7040,  117.8,    0.8836
"SCN_CN15_9066_CEI070", 13.8, 1,    7039.96,   -2.2,   0.88359, 2,    7039.95, -122.2,   0.88359, 3,    7039.96,  117.8,   0.88359
"SCN_CN15_9037_CEI070_S", 13.8, 1,     7047.6,   -2.1,   0.88455, 2,    7047.59, -122.1,   0.88455, 3,    7047.59,  117.9,   0.88455
"SCN_CN15_9036_CEI070", 13.8, 1,    7052.87,   -2.1,   0.88521, 2,    7052.86, -122.1,   0.88521, 3,    7052.86,  117.9,   0.88521
"SCN_CN15_9037_CEI070", 13.8, 1,     7047.6,   -2.1,   0.88455, 2,    7047.59, -122.1,   0.88455, 3,    7047.59,  117.9,   0.88455
"SCN_CN15_9035_CEI070_S", 13.8, 1,    7058.51,   -2.1,   0.88592, 2,     7058.5, -122.1,   0.88592, 3,     7058.5,  117.9,   0.88592
"SCN_CN15_9019_CEI070", 13.8, 1,     7058.5,   -2.1,   0.88592, 2,    7058.49, -122.1,   0.88592, 3,     7058.5,  117.9,   0.88592
"SCN_CN15_9035_CEI070", 13.8, 1,    7058.51,   -2.1,   0.88592, 2,     7058.5, -122.1,   0.88592, 3,     7058.5,  117.9,   0.88592
"SCN_CN15_9020_CEI070", 13.8, 1,     7058.5,   -2.1,   0.88592, 2,    7058.49, -122.1,   0.88592, 3,    7058.49,  117.9,   0.88592
"SCN_CN15_9276_CEI250_ATV", 13.8, 1,    7047.49,   -2.1,   0.88454, 2,    7047.48, -122.1,   0.88454, 3,    7047.49,  117.9,   0.88454
"SCN_CN15_9275_CEI250_ATV", 13.8, 1,    7047.38,   -2.1,   0.88452, 2,    7047.37, -122.1,   0.88452, 3,    7047.38,  117.9,   0.88452
"SCN_CN15_9274_CEI250_ATV", 13.8, 1,    7047.28,   -2.1,   0.88451, 2,    7047.27, -122.1,   0.88451, 3,    7047.28,  117.9,   0.88451
"SCN_CN15_9300_CEI109", 13.8, 1,    6589.35,   -3.4,   0.82704, 2,    6589.33, -123.4,   0.82703, 3,    6589.34,  116.6,   0.82703
"SCN_CN15_9277_CEI250_ATV", 13.8, 1,    7047.17,   -2.1,    0.8845, 2,    7047.16, -122.1,    0.8845, 3,    7047.16,  117.9,    0.8845
"SCN_CN15_9278_CEI250_ATV", 13.8, 1,    7047.06,   -2.1,   0.88448, 2,    7047.05, -122.1,   0.88448, 3,    7047.06,  117.9,   0.88448
"SCN_CN15_9071_CEI070", 13.8, 1,    7046.95,   -2.1,   0.88447, 2,    7046.94, -122.1,   0.88447, 3,    7046.95,  117.9,   0.88447
"SCN_CN15_9034_CEI070", 13.8, 1,    7068.35,   -2.1,   0.88716, 2,    7068.34, -122.1,   0.88715, 3,    7068.35,  117.9,   0.88716
"SCN_CN15_9033_CEI070_S", 13.8, 1,    7078.12,   -2.1,   0.88838, 2,    7078.11, -122.1,   0.88838, 3,    7078.12,  117.9,   0.88838
"SCN_CN15_9033_CEI070", 13.8, 1,    7078.12,   -2.1,   0.88838, 2,    7078.11, -122.1,   0.88838, 3,    7078.12,  117.9,   0.88838
"SCN_CN15_9099_CEI070", 13.8, 1,    7078.07,   -2.1,   0.88838, 2,    7078.06, -122.1,   0.88837, 3,    7078.07,  117.9,   0.88837
"SCN_CN15_9098_CEI070", 13.8, 1,    7078.05,   -2.1,   0.88837, 2,    7078.04, -122.1,   0.88837, 3,    7078.04,  117.9,   0.88837
"SCN_CN15_9097_CEI070", 13.8, 1,    7078.02,   -2.1,   0.88837, 2,    7078.01, -122.1,   0.88837, 3,    7078.02,  117.9,   0.88837
"SCN_CN15_9096_CEI070", 13.8, 1,       7078,   -2.1,   0.88837, 2,    7077.99, -122.1,   0.88836, 3,    7077.99,  117.9,   0.88837
"SCN_CN15_9095_CEI070", 13.8, 1,    7077.97,   -2.1,   0.88836, 2,    7077.96, -122.1,   0.88836, 3,    7077.97,  117.9,   0.88836
"SCN_CN15_9249_CEI109", 13.8, 1,    6588.21,   -3.4,   0.82689, 2,     6588.2, -123.4,   0.82689, 3,     6588.2,  116.6,   0.82689
"SCN_CN15_9094_CEI070", 13.8, 1,    7077.95,   -2.1,   0.88836, 2,    7077.94, -122.1,   0.88836, 3,    7077.95,  117.9,   0.88836
"SCN_CN15_9032_CEI070", 13.8, 1,    7088.43,   -2.1,   0.88968, 2,    7088.42, -122.1,   0.88967, 3,    7088.42,  117.9,   0.88967
"SCN_CN15_9031_CEI070_S", 13.8, 1,    7098.37,   -2.1,   0.89092, 2,    7098.36, -122.1,   0.89092, 3,    7098.37,  117.9,   0.89092
"SCN_CN15_9031_CEI070", 13.8, 1,    7098.37,   -2.1,   0.89092, 2,    7098.36, -122.1,   0.89092, 3,    7098.37,  117.9,   0.89092
"SCN_CN15_9030_CEI070", 13.8, 1,     7105.7,   -2.0,   0.89184, 2,    7105.69, -122.0,   0.89184, 3,     7105.7,  118.0,   0.89184
"SCN_CN15_9291_CEI250_ATV", 13.8, 1,    7113.27,   -2.0,   0.89279, 2,    7113.27, -122.0,   0.89279, 3,    7113.27,  118.0,   0.89279
"SCN_CN15_9281_CEI250_ATV", 13.8, 1,    7120.49,   -2.0,    0.8937, 2,    7120.48, -122.0,    0.8937, 3,    7120.49,  118.0,    0.8937
"SCN_CN15_9282_CEI250_ATV", 13.8, 1,     7126.5,   -2.0,   0.89445, 2,     7126.5, -122.0,   0.89445, 3,     7126.5,  118.0,   0.89445
"SCN_CN15_9280_CEI250_ATV", 13.8, 1,    7126.48,   -2.0,   0.89445, 2,    7126.47, -122.0,   0.89445, 3,    7126.48,  118.0,   0.89445
"SCN_CN15_9283_CEI250_ATV", 13.8, 1,    7132.82,   -2.0,   0.89525, 2,    7132.81, -122.0,   0.89525, 3,    7132.82,  118.0,   0.89525
"SCN_CN15_9284_CEI250_ATV", 13.8, 1,     7132.8,   -2.0,   0.89524, 2,    7132.79, -122.0,   0.89524, 3,    7132.79,  118.0,   0.89524
"SCN_CN15_9302_CEI109", 13.8, 1,    6587.76,   -3.4,   0.82684, 2,    6587.75, -123.4,   0.82683, 3,    6587.75,  116.6,   0.82684
"SCN_CN15_9056_CEI160_ATV", 13.8, 1,    7147.78,   -2.0,   0.89712, 2,    7147.77, -122.0,   0.89712, 3,    7147.78,  118.0,   0.89712
"SCN_CN15_9057_CEI160_ATV", 13.8, 1,    7147.49,   -2.0,   0.89709, 2,    7147.48, -122.0,   0.89709, 3,    7147.49,  118.0,   0.89709
"SCN_CN15_9058_CEI160_ATV", 13.8, 1,    7147.18,   -2.0,   0.89705, 2,    7147.17, -122.0,   0.89705, 3,    7147.17,  118.0,   0.89705
"SCN_CN15_9059_CEI160_ATV", 13.8, 1,    7147.16,   -2.0,   0.89705, 2,    7147.15, -122.0,   0.89705, 3,    7147.15,  118.0,   0.89705
"SCN_CN15_9066_CEI160_ATV", 13.8, 1,     7147.1,   -2.0,   0.89704, 2,    7147.09, -122.0,   0.89704, 3,     7147.1,  118.0,   0.89704
"SCN_CN15_9065_CEI160_ATV", 13.8, 1,    7147.04,   -2.0,   0.89703, 2,    7147.03, -122.0,   0.89703, 3,    7147.03,  118.0,   0.89703
"SCN_CN15_9064_CEI160_ATV", 13.8, 1,    7146.97,   -2.0,   0.89702, 2,    7146.96, -122.0,   0.89702, 3,    7146.97,  118.0,   0.89702
"SCN_CN15_9063_CEI160_ATV", 13.8, 1,    7146.92,   -2.0,   0.89702, 2,    7146.91, -122.0,   0.89702, 3,    7146.92,  118.0,   0.89702
"SCN_CN15_9303_CEI109", 13.8, 1,    6586.27,   -3.4,   0.82665, 2,    6586.26, -123.4,   0.82665, 3,    6586.26,  116.6,   0.82665
"SCN_CN15_9062_CEI160_ATV", 13.8, 1,    7146.77,   -2.0,     0.897, 2,    7146.76, -122.0,     0.897, 3,    7146.77,  118.0,     0.897
"SCN_CN15_9061_CEI160_ATV", 13.8, 1,    7146.66,   -2.0,   0.89698, 2,    7146.66, -122.0,   0.89698, 3,    7146.66,  118.0,   0.89698
"SCN_CN15_9060_CEI160_ATV", 13.8, 1,    7146.47,   -2.0,   0.89696, 2,    7146.46, -122.0,   0.89696, 3,    7146.47,  118.0,   0.89696
"SCN_CN15_9001_CEIRJ012_ATV", 13.8, 1,    7098.37,   -2.1,   0.89092, 2,    7098.36, -122.1,   0.89092, 3,    7098.37,  117.9,   0.89092
"SCN_CN15_9002_CEIRJ012_ATV", 13.8, 1,    7098.37,   -2.1,   0.89092, 2,    7098.36, -122.1,   0.89092, 3,    7098.37,  117.9,   0.89092
"SCN_CN15_9008_CEIRJ006_ATV", 13.8, 1,    7040.41,   -2.2,   0.88365, 2,     7040.4, -122.2,   0.88365, 3,    7040.41,  117.8,   0.88365
"SCN_CN15_9035_CEI250_ATV", 13.8, 1,    6940.38,   -2.3,   0.87109, 2,    6940.37, -122.3,   0.87109, 3,    6940.38,  117.7,   0.87109
"SCN_CN15_9036_CEI250_ATV", 13.8, 1,    6940.35,   -2.3,   0.87109, 2,    6940.34, -122.3,   0.87109, 3,    6940.35,  117.7,   0.87109
"SCN_CN15_9037_CEI250_ATV", 13.8, 1,     6940.3,   -2.3,   0.87108, 2,    6940.29, -122.3,   0.87108, 3,    6940.29,  117.7,   0.87108
"SCN_CN15_9039_CEI250_ATV", 13.8, 1,    6940.24,   -2.3,   0.87108, 2,    6940.23, -122.3,   0.87107, 3,    6940.23,  117.7,   0.87107
"SCN_CN15_9304_CEI109", 13.8, 1,    6585.23,   -3.4,   0.82652, 2,    6585.22, -123.4,   0.82652, 3,    6585.22,  116.6,   0.82652
"SCN_CN15_9042_CEI250_ATV", 13.8, 1,    6940.18,   -2.3,   0.87107, 2,    6940.17, -122.3,   0.87107, 3,    6940.17,  117.7,   0.87107
"SCN_CN15_9041_CEI250_ATV", 13.8, 1,    6940.12,   -2.3,   0.87106, 2,    6940.11, -122.3,   0.87106, 3,    6940.11,  117.7,   0.87106
"SCN_CN15_9040_CEI250_ATV", 13.8, 1,    6940.05,   -2.3,   0.87105, 2,    6940.04, -122.3,   0.87105, 3,    6940.05,  117.7,   0.87105
"SCN_CN15_9059_CEI220_ATV", 13.8, 1,    6650.44,   -3.1,    0.8347, 2,    6650.43, -123.1,    0.8347, 3,    6650.44,  116.9,    0.8347
"SCN_CN15_9058_CEI220_ATV", 13.8, 1,     6650.4,   -3.1,    0.8347, 2,    6650.39, -123.1,    0.8347, 3,     6650.4,  116.8,    0.8347
"SCN_CN15_9063_CEI220_ATV_S", 13.8, 1,    6650.65,   -3.1,   0.83473, 2,    6650.64, -123.1,   0.83473, 3,    6650.64,  116.9,   0.83473
"SCN_CN15_9066_CEI220_ATV", 13.8, 1,    6652.69,   -3.1,   0.83499, 2,    6652.68, -123.1,   0.83498, 3,    6652.68,  116.9,   0.83498
"SCN_CN15_9071_CEI220_ATV", 13.8, 1,    6652.66,   -3.1,   0.83498, 2,    6652.65, -123.1,   0.83498, 3,    6652.65,  116.9,   0.83498
"SCN_CN15_9072_CEI220_ATV", 13.8, 1,    6652.63,   -3.1,   0.83498, 2,    6652.62, -123.1,   0.83498, 3,    6652.62,  116.9,   0.83498
"SCN_CN15_9073_CEI220_ATV", 13.8, 1,     6652.6,   -3.1,   0.83497, 2,    6652.58, -123.1,   0.83497, 3,    6652.59,  116.9,   0.83497
"SCN_CN15_9074_CEI220_ATV", 13.8, 1,    6652.57,   -3.1,   0.83497, 2,    6652.55, -123.1,   0.83497, 3,    6652.56,  116.9,   0.83497
"SCN_CN15_9075_CEI220_ATV", 13.8, 1,    6652.54,   -3.1,   0.83497, 2,    6652.52, -123.1,   0.83496, 3,    6652.53,  116.9,   0.83497
"SCN_CN15_9034_CEI201_ATV", 13.8, 1,    6561.24,   -3.5,   0.82351, 2,    6561.23, -123.5,   0.82351, 3,    6561.23,  116.5,   0.82351
"SCN_CN15_9036_CEI201_ATV", 13.8, 1,    6561.48,   -3.5,   0.82354, 2,    6561.47, -123.5,   0.82354, 3,    6561.47,  116.5,   0.82354
"SCN_CN15_9066_CEI220_ATV_S", 13.8, 1,    6652.69,   -3.1,   0.83499, 2,    6652.68, -123.1,   0.83498, 3,    6652.68,  116.9,   0.83498
"SCN_CN15_9067_CEI220_ATV", 13.8, 1,    6654.71,   -3.1,   0.83524, 2,     6654.7, -123.1,   0.83524, 3,    6654.71,  116.9,   0.83524
"SCN_CN15_9068_CEI220_ATV", 13.8, 1,    6656.04,   -3.1,   0.83541, 2,    6656.03, -123.1,    0.8354, 3,    6656.03,  116.9,   0.83541
"SCN_CN15_9142_CEI220_ATV", 13.8, 1,    6657.16,   -3.1,   0.83555, 2,    6657.15, -123.1,   0.83554, 3,    6657.15,  116.9,   0.83555
"SCN_CN15_9030_CEI201_ATV", 13.8, 1,    6560.44,   -3.5,   0.82341, 2,    6560.42, -123.5,   0.82341, 3,    6560.43,  116.5,   0.82341
"SCN_CN15_9037_CEI148_ATV", 13.8, 1,     6709.4,   -2.9,    0.8421, 2,    6709.39, -122.9,    0.8421, 3,    6709.39,  117.1,    0.8421
"SCN_CN15_9013_CEIRJ013_ATV", 13.8, 1,     6709.4,   -2.9,    0.8421, 2,    6709.39, -122.9,    0.8421, 3,    6709.39,  117.1,    0.8421
"SCN_CN15_9141_CEI220_ATV", 13.8, 1,    6657.29,   -3.1,   0.83556, 2,    6657.28, -123.1,   0.83556, 3,    6657.29,  116.9,   0.83556
"SCN_CN15_9142_CEI220_ATV_S", 13.8, 1,    6657.16,   -3.1,   0.83555, 2,    6657.15, -123.1,   0.83554, 3,    6657.15,  116.9,   0.83555
"SCN_CN15_9043_CEI250_ATV", 13.8, 1,    6940.02,   -2.3,   0.87105, 2,    6940.01, -122.3,   0.87105, 3,    6940.02,  117.7,   0.87105
"SCN_CN15_9047_CEI250_ATV", 13.8, 1,    6940.01,   -2.3,   0.87105, 2,       6940, -122.3,   0.87105, 3,       6940,  117.7,   0.87105
"SCN_CN15_9048_CEI250_ATV", 13.8, 1,    6939.97,   -2.3,   0.87104, 2,    6939.96, -122.3,   0.87104, 3,    6939.96,  117.7,   0.87104
"SCN_CN15_9049_CEI250_ATV", 13.8, 1,    6939.93,   -2.3,   0.87104, 2,    6939.92, -122.3,   0.87104, 3,    6939.93,  117.7,   0.87104
"SCN_CN15_9044_CEI250_ATV", 13.8, 1,    6940.01,   -2.3,   0.87105, 2,       6940, -122.3,   0.87105, 3,       6940,  117.7,   0.87105
"SCN_CN15_9045_CEI250_ATV", 13.8, 1,       6940,   -2.3,   0.87105, 2,    6939.99, -122.3,   0.87104, 3,    6939.99,  117.7,   0.87104
"SCN_CN15_9046_CEI250_ATV", 13.8, 1,    6939.99,   -2.3,   0.87104, 2,    6939.98, -122.3,   0.87104, 3,    6939.98,  117.7,   0.87104
"SCN_CN15_9305_CEI109", 13.8, 1,    6584.67,   -3.4,   0.82645, 2,    6584.65, -123.4,   0.82645, 3,    6584.66,  116.6,   0.82645
"SCN_CN15_9059_CEI075", 13.8, 1,     6657.6,   -2.9,    0.8356, 2,    6657.59, -122.9,    0.8356, 3,    6657.59,  117.1,    0.8356
"SCN_CN15_9060_CEI075", 13.8, 1,    6657.03,   -2.9,   0.83553, 2,    6657.01, -122.9,   0.83553, 3,    6657.02,  117.1,   0.83553
"SCN_CN15_9061_CEI075", 13.8, 1,    6656.48,   -2.9,   0.83546, 2,    6656.47, -122.9,   0.83546, 3,    6656.47,  117.1,   0.83546
"SCN_CN15_9062_CEI075", 13.8, 1,    6655.96,   -2.9,    0.8354, 2,    6655.94, -122.9,   0.83539, 3,    6655.95,  117.1,   0.83539
"SCN_CN15_9063_CEI075", 13.8, 1,    6655.47,   -2.9,   0.83533, 2,    6655.45, -122.9,   0.83533, 3,    6655.46,  117.1,   0.83533
"SCN_CN15_9064_CEI075", 13.8, 1,    6654.94,   -2.9,   0.83527, 2,    6654.92, -122.9,   0.83527, 3,    6654.93,  117.1,   0.83527
"SCN_CN15_9127_CEI230_ATV", 13.8, 1,    6654.91,   -2.9,   0.83526, 2,    6654.89, -122.9,   0.83526, 3,     6654.9,  117.1,   0.83526
"SCN_CN15_9126_CEI230_ATV", 13.8, 1,    6654.87,   -2.9,   0.83526, 2,    6654.86, -122.9,   0.83526, 3,    6654.86,  117.1,   0.83526
"SCN_CN15_9174_CEI230_ATV", 13.8, 1,    6654.89,   -2.9,   0.83526, 2,    6654.88, -122.9,   0.83526, 3,    6654.88,  117.1,   0.83526
"SCN_CN15_9175_CEI230_ATV", 13.8, 1,    6654.89,   -2.9,   0.83526, 2,    6654.88, -122.9,   0.83526, 3,    6654.88,  117.1,   0.83526
"SCN_CN15_9422_CEI109", 13.8, 1,    6583.56,   -3.4,   0.82631, 2,    6583.55, -123.4,   0.82631, 3,    6583.55,  116.6,   0.82631
"SCN_CN15_9173_CEI230_ATV", 13.8, 1,    6654.89,   -2.9,   0.83526, 2,    6654.87, -122.9,   0.83526, 3,    6654.88,  117.1,   0.83526
"SCN_CN15_9016_CEI201_ATV", 13.8, 1,    6558.58,   -3.5,   0.82317, 2,    6558.56, -123.5,   0.82317, 3,    6558.57,  116.5,   0.82317
"SCN_CN15_9172_CEI230_ATV", 13.8, 1,    6654.85,   -2.9,   0.83526, 2,    6654.84, -122.9,   0.83526, 3,    6654.84,  117.1,   0.83526
"SCN_CN15_9171_CEI230_ATV", 13.8, 1,    6654.82,   -2.9,   0.83525, 2,     6654.8, -122.9,   0.83525, 3,    6654.81,  117.1,   0.83525
"SCN_CN15_9170_CEI230_ATV", 13.8, 1,    6654.78,   -2.9,   0.83525, 2,    6654.77, -122.9,   0.83525, 3,    6654.77,  117.1,   0.83525
"SCN_CN15_9065_CEI075", 13.8, 1,    6654.45,   -2.9,   0.83521, 2,    6654.43, -122.9,    0.8352, 3,    6654.44,  117.1,    0.8352
"SCN_CN15_9106_CEI075", 13.8, 1,    6653.92,   -2.9,   0.83514, 2,    6653.91, -122.9,   0.83514, 3,    6653.91,  117.1,   0.83514
"SCN_CN15_9105_CEI075", 13.8, 1,    6653.44,   -2.9,   0.83508, 2,    6653.42, -122.9,   0.83508, 3,    6653.43,  117.1,   0.83508
"SCN_CN15_9130_CEI230_ATV", 13.8, 1,    6653.42,   -2.9,   0.83508, 2,     6653.4, -122.9,   0.83507, 3,    6653.41,  117.1,   0.83508
"SCN_CN15_9129_CEI230_ATV", 13.8, 1,     6653.4,   -2.9,   0.83507, 2,    6653.38, -122.9,   0.83507, 3,    6653.39,  117.1,   0.83507
"SCN_CN15_9128_CEI230_ATV", 13.8, 1,    6653.37,   -2.9,   0.83507, 2,    6653.36, -122.9,   0.83507, 3,    6653.36,  117.1,   0.83507
"SCN_CN15_9421_CEI109", 13.8, 1,    6582.73,   -3.4,    0.8262, 2,    6582.71, -123.4,    0.8262, 3,    6582.72,  116.6,    0.8262
"SCN_CN15_9104_CEI075", 13.8, 1,    6652.94,   -2.9,   0.83502, 2,    6652.93, -122.9,   0.83502, 3,    6652.94,  117.1,   0.83502
"SCN_CN15_9103_CEI075", 13.8, 1,    6652.43,   -2.9,   0.83495, 2,    6652.42, -122.9,   0.83495, 3,    6652.42,  117.1,   0.83495
"SCN_CN15_9102_CEI075", 13.8, 1,    6651.98,   -2.9,    0.8349, 2,    6651.97, -122.9,   0.83489, 3,    6651.97,  117.1,    0.8349
"SCN_CN15_9168_CEI230_ATV", 13.8, 1,    6651.97,   -2.9,    0.8349, 2,    6651.96, -122.9,   0.83489, 3,    6651.96,  117.1,   0.83489
"SCN_CN15_9100_CEI075", 13.8, 1,     6651.5,   -2.9,   0.83484, 2,    6651.48, -122.9,   0.83483, 3,    6651.49,  117.1,   0.83483
"SCN_CN15_9099_CEI075", 13.8, 1,    6651.01,   -2.9,   0.83477, 2,       6651, -122.9,   0.83477, 3,       6651,  117.1,   0.83477
"SCN_CN15_9097_CEI075", 13.8, 1,    6650.53,   -2.9,   0.83471, 2,    6650.52, -122.9,   0.83471, 3,    6650.52,  117.1,   0.83471
"SCN_CN15_9167_CEI230_ATV", 13.8, 1,    6650.51,   -2.9,   0.83471, 2,     6650.5, -122.9,   0.83471, 3,     6650.5,  117.1,   0.83471
"SCN_CN15_9096_CEI075", 13.8, 1,    6650.05,   -2.9,   0.83465, 2,    6650.03, -122.9,   0.83465, 3,    6650.04,  117.1,   0.83465
"SCN_CN15_9095_CEI075", 13.8, 1,    6649.56,   -2.9,   0.83459, 2,    6649.55, -122.9,   0.83459, 3,    6649.55,  117.1,   0.83459
"SCN_CN15_9420_CEI109", 13.8, 1,    6582.03,   -3.4,   0.82612, 2,    6582.02, -123.4,   0.82612, 3,    6582.03,  116.6,   0.82612
"SCN_CN15_9093_CEI075", 13.8, 1,    6649.09,   -2.9,   0.83453, 2,    6649.08, -122.9,   0.83453, 3,    6649.08,  117.1,   0.83453
"SCN_CN15_9092_CEI075", 13.8, 1,    6648.52,   -3.0,   0.83446, 2,    6648.51, -123.0,   0.83446, 3,    6648.52,  117.0,   0.83446
"SCN_CN15_9091_CEI075", 13.8, 1,    6647.93,   -3.0,   0.83439, 2,    6647.92, -123.0,   0.83439, 3,    6647.92,  117.0,   0.83439
"SCN_CN15_9090_CEI075", 13.8, 1,    6647.54,   -3.0,   0.83434, 2,    6647.53, -123.0,   0.83434, 3,    6647.53,  117.0,   0.83434
"SCN_CN15_9166_CEI230_ATV", 13.8, 1,    6647.53,   -3.0,   0.83434, 2,    6647.52, -123.0,   0.83434, 3,    6647.52,  117.0,   0.83434
"SCN_CN15_9131_CEI230_ATV", 13.8, 1,    6647.91,   -3.0,   0.83439, 2,     6647.9, -123.0,   0.83438, 3,    6647.91,  117.0,   0.83438
"SCN_CN15_9089_CEI075", 13.8, 1,    6647.14,   -3.0,   0.83429, 2,    6647.13, -123.0,   0.83429, 3,    6647.13,  117.0,   0.83429
"SCN_CN15_9088_CEI075", 13.8, 1,     6646.8,   -3.0,   0.83425, 2,    6646.79, -123.0,   0.83424, 3,    6646.79,  117.0,   0.83424
"SCN_CN15_9132_CEI230_ATV", 13.8, 1,    6646.76,   -3.0,   0.83424, 2,    6646.74, -123.0,   0.83424, 3,    6646.75,  117.0,   0.83424
"SCN_CN15_9133_CEI230_ATV", 13.8, 1,    6646.71,   -3.0,   0.83423, 2,     6646.7, -123.0,   0.83423, 3,     6646.7,  117.0,   0.83423
"SCN_CN15_9419_CEI109", 13.8, 1,    6581.32,   -3.4,   0.82603, 2,    6581.31, -123.4,   0.82603, 3,    6581.32,  116.6,   0.82603
"SCN_CN15_9134_CEI230_ATV", 13.8, 1,    6646.67,   -3.0,   0.83423, 2,    6646.66, -123.0,   0.83423, 3,    6646.66,  117.0,   0.83423
"SCN_CN15_9135_CEI230_ATV", 13.8, 1,    6646.63,   -3.0,   0.83422, 2,    6646.62, -123.0,   0.83422, 3,    6646.62,  117.0,   0.83422
"SCN_CN15_9145_CEI230_ATV", 13.8, 1,    6646.61,   -3.0,   0.83422, 2,     6646.6, -123.0,   0.83422, 3,     6646.6,  117.0,   0.83422
"SCN_CN15_9137_CEI230_ATV", 13.8, 1,     6646.6,   -3.0,   0.83422, 2,    6646.59, -123.0,   0.83422, 3,    6646.59,  117.0,   0.83422
"SCN_CN15_9138_CEI230_ATV", 13.8, 1,    6646.57,   -3.0,   0.83422, 2,    6646.56, -123.0,   0.83422, 3,    6646.56,  117.0,   0.83422
"SCN_CN15_9139_CEI230_ATV", 13.8, 1,    6646.55,   -3.0,   0.83421, 2,    6646.53, -123.0,   0.83421, 3,    6646.54,  117.0,   0.83421
"SCN_CN15_9140_CEI230_ATV", 13.8, 1,    6646.52,   -3.0,   0.83421, 2,    6646.51, -123.0,   0.83421, 3,    6646.51,  117.0,   0.83421
"SCN_CN15_9141_CEI230_ATV", 13.8, 1,     6646.5,   -3.0,   0.83421, 2,    6646.49, -123.0,   0.83421, 3,    6646.49,  117.0,   0.83421
"SCN_CN15_9142_CEI230_ATV", 13.8, 1,    6646.49,   -3.0,   0.83421, 2,    6646.47, -123.0,   0.83421, 3,    6646.48,  117.0,   0.83421
"SCN_CN15_9143_CEI230_ATV", 13.8, 1,    6646.48,   -3.0,   0.83421, 2,    6646.47, -123.0,    0.8342, 3,    6646.47,  117.0,    0.8342
"SCN_CN15_9418_CEI109", 13.8, 1,    6580.65,   -3.4,   0.82594, 2,    6580.63, -123.4,   0.82594, 3,    6580.64,  116.6,   0.82594
"SCN_CN15_9144_CEI230_ATV", 13.8, 1,    6646.49,   -3.0,   0.83421, 2,    6646.47, -123.0,   0.83421, 3,    6646.48,  117.0,   0.83421
"SCN_CN15_9146_CEI230_ATV", 13.8, 1,    6646.45,   -3.0,    0.8342, 2,    6646.44, -123.0,    0.8342, 3,    6646.44,  117.0,    0.8342
"SCN_CN15_9087_CEI075", 13.8, 1,    6646.22,   -3.0,   0.83417, 2,    6646.21, -123.0,   0.83417, 3,    6646.21,  117.0,   0.83417
"SCN_CN15_9086_CEI075", 13.8, 1,    6645.74,   -3.0,   0.83411, 2,    6645.72, -123.0,   0.83411, 3,    6645.73,  117.0,   0.83411
"SCN_CN15_9165_CEI230_ATV", 13.8, 1,    6645.74,   -3.0,   0.83411, 2,    6645.72, -123.0,   0.83411, 3,    6645.73,  117.0,   0.83411
"SCN_CN15_9085_CEI075", 13.8, 1,    6645.18,   -3.0,   0.83404, 2,    6645.17, -123.0,   0.83404, 3,    6645.17,  117.0,   0.83404
"SCN_CN15_9084_CEI075", 13.8, 1,    6644.65,   -3.0,   0.83398, 2,    6644.63, -123.0,   0.83397, 3,    6644.64,  117.0,   0.83397
"SCN_CN15_9083_CEI075", 13.8, 1,    6644.12,   -3.0,   0.83391, 2,    6644.11, -123.0,   0.83391, 3,    6644.12,  117.0,   0.83391
"SCN_CN15_9082_CEI075", 13.8, 1,    6643.53,   -3.0,   0.83384, 2,    6643.52, -123.0,   0.83383, 3,    6643.52,  117.0,   0.83383
"SCN_CN15_9147_CEI230_ATV", 13.8, 1,     6643.5,   -3.0,   0.83383, 2,    6643.48, -123.0,   0.83383, 3,    6643.49,  117.0,   0.83383
"SCN_CN15_9417_CEI109", 13.8, 1,    6579.42,   -3.4,   0.82579, 2,    6579.41, -123.4,   0.82579, 3,    6579.42,  116.6,   0.82579
"SCN_CN15_9148_CEI230_ATV", 13.8, 1,    6643.47,   -3.0,   0.83383, 2,    6643.45, -123.0,   0.83383, 3,    6643.46,  117.0,   0.83383
"SCN_CN15_9149_CEI230_ATV", 13.8, 1,    6643.43,   -3.0,   0.83382, 2,    6643.42, -123.0,   0.83382, 3,    6643.42,  117.0,   0.83382
"SCN_CN15_9150_CEI230_ATV", 13.8, 1,    6643.43,   -3.0,   0.83382, 2,    6643.42, -123.0,   0.83382, 3,    6643.42,  117.0,   0.83382
"SCN_CN15_9151_CEI230_ATV", 13.8, 1,     6643.4,   -3.0,   0.83382, 2,    6643.39, -123.0,   0.83382, 3,    6643.39,  117.0,   0.83382
"SCN_CN15_9152_CEI230_ATV", 13.8, 1,    6643.42,   -3.0,   0.83382, 2,    6643.41, -123.0,   0.83382, 3,    6643.41,  117.0,   0.83382
"SCN_CN15_9153_CEI230_ATV", 13.8, 1,    6643.41,   -3.0,   0.83382, 2,     6643.4, -123.0,   0.83382, 3,     6643.4,  117.0,   0.83382
"SCN_CN15_9154_CEI230_ATV", 13.8, 1,     6643.4,   -3.0,   0.83382, 2,    6643.39, -123.0,   0.83382, 3,    6643.39,  117.0,   0.83382
"SCN_CN15_9155_CEI230_ATV", 13.8, 1,    6643.39,   -3.0,   0.83382, 2,    6643.38, -123.0,   0.83382, 3,    6643.38,  117.0,   0.83382
"SCN_CN15_9156_CEI230_ATV", 13.8, 1,    6643.37,   -3.0,   0.83382, 2,    6643.35, -123.0,   0.83381, 3,    6643.36,  117.0,   0.83381
"SCN_CN15_9157_CEI230_ATV", 13.8, 1,    6643.35,   -3.0,   0.83381, 2,    6643.33, -123.0,   0.83381, 3,    6643.34,  117.0,   0.83381
"SCN_CN15_9416_CEI109", 13.8, 1,    6578.27,   -3.4,   0.82565, 2,    6578.26, -123.4,   0.82564, 3,    6578.26,  116.6,   0.82564
"SCN_CN15_9164_CEI230_ATV", 13.8, 1,    6644.65,   -3.0,   0.83398, 2,    6644.63, -123.0,   0.83397, 3,    6644.64,  117.0,   0.83397
"SCN_CN15_9080_CEI075", 13.8, 1,    6643.03,   -3.0,   0.83377, 2,    6643.02, -123.0,   0.83377, 3,    6643.02,  117.0,   0.83377
"SCN_CN15_9163_CEI230_ATV", 13.8, 1,    6643.01,   -3.0,   0.83377, 2,       6643, -123.0,   0.83377, 3,       6643,  117.0,   0.83377
"SCN_CN15_9079_CEI075", 13.8, 1,    6642.64,   -3.0,   0.83372, 2,    6642.62, -123.0,   0.83372, 3,    6642.63,  117.0,   0.83372
"SCN_CN15_9077_CEI075", 13.8, 1,     6642.3,   -3.0,   0.83368, 2,    6642.29, -123.0,   0.83368, 3,    6642.29,  117.0,   0.83368
"SCN_CN15_9162_CEI230_ATV", 13.8, 1,    6642.27,   -3.0,   0.83368, 2,    6642.26, -123.0,   0.83368, 3,    6642.26,  117.0,   0.83368
"SCN_CN15_9076_CEI075", 13.8, 1,    6641.73,   -3.0,   0.83361, 2,    6641.72, -123.0,   0.83361, 3,    6641.72,  117.0,   0.83361
"SCN_CN15_9075_CEI075", 13.8, 1,    6641.38,   -3.0,   0.83357, 2,    6641.37, -123.0,   0.83356, 3,    6641.37,  117.0,   0.83357
"SCN_CN15_9074_CEI075", 13.8, 1,    6641.05,   -3.0,   0.83352, 2,    6641.03, -123.0,   0.83352, 3,    6641.04,  117.0,   0.83352
"SCN_CN15_9011_CEI201_ATV", 13.8, 1,    6558.14,   -3.5,   0.82312, 2,    6558.13, -123.5,   0.82312, 3,    6558.13,  116.5,   0.82312
"SCN_CN15_9012_CEI201_ATV", 13.8, 1,     6558.2,   -3.5,   0.82313, 2,    6558.19, -123.5,   0.82312, 3,    6558.19,  116.5,   0.82313
"SCN_CN15_9073_CEI075", 13.8, 1,    6640.52,   -3.0,   0.83346, 2,    6640.51, -123.0,   0.83346, 3,    6640.51,  117.0,   0.83346
"SCN_CN15_9415_CEI109", 13.8, 1,    6577.07,   -3.4,   0.82549, 2,    6577.06, -123.4,   0.82549, 3,    6577.06,  116.6,   0.82549
"SCN_CN15_9072_CEI075", 13.8, 1,    6640.26,   -3.0,   0.83342, 2,    6640.24, -123.0,   0.83342, 3,    6640.25,  117.0,   0.83342
"SCN_CN15_9066_CEI075", 13.8, 1,    6639.98,   -3.0,   0.83339, 2,    6639.97, -123.0,   0.83339, 3,    6639.97,  117.0,   0.83339
"SCN_CN15_9067_CEI075", 13.8, 1,    6639.63,   -3.0,   0.83335, 2,    6639.62, -123.0,   0.83334, 3,    6639.62,  117.0,   0.83335
"SCN_CN15_9014_CEI201_ATV", 13.8, 1,    6558.39,   -3.5,   0.82315, 2,    6558.38, -123.5,   0.82315, 3,    6558.38,  116.5,   0.82315
"SCN_CN15_9015_CEI201_ATV", 13.8, 1,    6558.46,   -3.5,   0.82316, 2,    6558.45, -123.5,   0.82316, 3,    6558.45,  116.5,   0.82316
"SCN_CN15_9113_CEI77A_ATV", 13.8, 1,    7435.19,   -1.3,    0.9332, 2,    7435.19, -121.3,    0.9332, 3,    7435.19,  118.7,    0.9332
"SCN_CN15_9112_CEI77A_ATV", 13.8, 1,    7435.29,   -1.3,   0.93321, 2,    7435.28, -121.3,   0.93321, 3,    7435.29,  118.7,   0.93321
"SCN_CN15_9068_CEI220_ATV_S", 13.8, 1,    6656.04,   -3.1,   0.83541, 2,    6656.03, -123.1,    0.8354, 3,    6656.03,  116.9,   0.83541
"SCN_CN15_9069_CEI220_ATV", 13.8, 1,    6656.68,   -3.1,   0.83549, 2,    6656.67, -123.1,   0.83548, 3,    6656.67,  116.9,   0.83549
"SCN_CN15_9070_CEI220_ATV", 13.8, 1,    6655.93,   -3.1,   0.83539, 2,    6655.92, -123.1,   0.83539, 3,    6655.93,  116.9,   0.83539
"SCN_CN15_9096_CEI220_ATV", 13.8, 1,    6655.89,   -3.1,   0.83539, 2,    6655.88, -123.1,   0.83539, 3,    6655.88,  116.9,   0.83539
"SCN_CN15_9095_CEI220_ATV", 13.8, 1,    6655.86,   -3.1,   0.83538, 2,    6655.85, -123.1,   0.83538, 3,    6655.86,  116.9,   0.83538
"SCN_CN15_9091_CEI220_ATV", 13.8, 1,    6655.82,   -3.1,   0.83538, 2,    6655.81, -123.1,   0.83538, 3,    6655.82,  116.9,   0.83538
"SCN_CN15_9090_CEI220_ATV", 13.8, 1,    6655.78,   -3.1,   0.83537, 2,    6655.76, -123.1,   0.83537, 3,    6655.77,  116.9,   0.83537
"SCN_CN15_9089_CEI220_ATV", 13.8, 1,    6655.75,   -3.1,   0.83537, 2,    6655.74, -123.1,   0.83537, 3,    6655.74,  116.9,   0.83537
"SCN_CN15_9051_CEI120", 13.8, 1,    6655.74,   -3.1,   0.83537, 2,    6655.73, -123.1,   0.83537, 3,    6655.74,  116.9,   0.83537
"SCN_CN15_9077_CEI220_ATV", 13.8, 1,    6655.72,   -3.1,   0.83537, 2,     6655.7, -123.1,   0.83536, 3,    6655.71,  116.9,   0.83536
"SCN_CN15_9079_CEI220_ATV", 13.8, 1,    6655.67,   -3.1,   0.83536, 2,    6655.66, -123.1,   0.83536, 3,    6655.66,  116.9,   0.83536
"SCN_CN15_9080_CEI220_ATV", 13.8, 1,    6655.61,   -3.1,   0.83535, 2,     6655.6, -123.1,   0.83535, 3,    6655.61,  116.9,   0.83535
"SCN_CN15_9022_CEI068", 13.8, 1,    6919.76,   -2.4,   0.86851, 2,    6919.75, -122.4,    0.8685, 3,    6919.76,  117.6,   0.86851
"SCN_CN15_9023_CEI068", 13.8, 1,    6919.76,   -2.4,   0.86851, 2,    6919.75, -122.4,    0.8685, 3,    6919.76,  117.6,   0.86851
"SCN_CN15_9047_CEI068", 13.8, 1,    6922.09,   -2.4,    0.8688, 2,    6922.08, -122.4,    0.8688, 3,    6922.08,  117.6,    0.8688
"SCN_CN15_9048_CEI068", 13.8, 1,    6922.31,   -2.4,   0.86883, 2,     6922.3, -122.4,   0.86882, 3,    6922.31,  117.6,   0.86883
"SCN_CN15_9049_CEI068", 13.8, 1,    6922.53,   -2.4,   0.86885, 2,    6922.52, -122.4,   0.86885, 3,    6922.53,  117.6,   0.86885
"SCN_CN15_9050_CEI068", 13.8, 1,    6922.76,   -2.4,   0.86888, 2,    6922.75, -122.4,   0.86888, 3,    6922.75,  117.6,   0.86888
"SCN_CN15_9051_CEI068", 13.8, 1,    6922.98,   -2.4,   0.86891, 2,    6922.97, -122.4,   0.86891, 3,    6922.97,  117.6,   0.86891
"SCN_CN15_9052_CEI068", 13.8, 1,     6923.2,   -2.4,   0.86894, 2,    6923.19, -122.4,   0.86894, 3,     6923.2,  117.6,   0.86894
"SCN_CN15_9053_CEI068", 13.8, 1,    6923.43,   -2.4,   0.86897, 2,    6923.42, -122.4,   0.86896, 3,    6923.42,  117.6,   0.86896
"SCN_CN15_9054_CEI068", 13.8, 1,    6923.65,   -2.4,   0.86899, 2,    6923.64, -122.4,   0.86899, 3,    6923.64,  117.6,   0.86899
"SCN_CN15_9055_CEI068", 13.8, 1,    6923.88,   -2.4,   0.86902, 2,    6923.87, -122.4,   0.86902, 3,    6923.87,  117.6,   0.86902
"SCN_CN15_9056_CEI068", 13.8, 1,     6924.1,   -2.4,   0.86905, 2,    6924.09, -122.4,   0.86905, 3,    6924.09,  117.6,   0.86905
"SCN_CN15_9059_CEI068", 13.8, 1,    6924.21,   -2.4,   0.86906, 2,     6924.2, -122.4,   0.86906, 3,    6924.21,  117.6,   0.86906
"SCN_CN15_9060_CEI068", 13.8, 1,    6924.36,   -2.4,   0.86908, 2,    6924.35, -122.4,   0.86908, 3,    6924.36,  117.6,   0.86908
"SCN_CN15_9061_CEI068", 13.8, 1,    6924.64,   -2.4,   0.86912, 2,    6924.63, -122.4,   0.86912, 3,    6924.64,  117.6,   0.86912
"SCN_CN15_9077_CEI131_ATV", 13.8, 1,    6624.02,   -3.2,   0.83139, 2,    6624.01, -123.2,   0.83139, 3,    6624.02,  116.8,   0.83139
"SCN_CN15_9062_CEI068", 13.8, 1,    6924.94,   -2.4,   0.86916, 2,    6924.93, -122.4,   0.86915, 3,    6924.94,  117.6,   0.86916
"SCN_CN15_9063_CEI068", 13.8, 1,    6925.24,   -2.4,   0.86919, 2,    6925.23, -122.4,   0.86919, 3,    6925.23,  117.6,   0.86919
"SCN_CN15_9064_CEI068", 13.8, 1,    6925.52,   -2.4,   0.86923, 2,    6925.51, -122.4,   0.86923, 3,    6925.52,  117.6,   0.86923
"SCN_CN15_9065_CEI068", 13.8, 1,    6925.82,   -2.4,   0.86927, 2,    6925.81, -122.4,   0.86926, 3,    6925.81,  117.6,   0.86927
"SCN_CN15_9066_CEI068", 13.8, 1,    6926.12,   -2.4,    0.8693, 2,    6926.11, -122.4,    0.8693, 3,    6926.11,  117.6,    0.8693
"SCN_CN15_9068_CEI068", 13.8, 1,     6926.4,   -2.4,   0.86934, 2,    6926.39, -122.4,   0.86934, 3,     6926.4,  117.6,   0.86934
"SCN_CN15_9046_CEI068", 13.8, 1,    6921.86,   -2.4,   0.86877, 2,    6921.85, -122.4,   0.86877, 3,    6921.86,  117.6,   0.86877
"SCN_CN15_9045_CEI068", 13.8, 1,    6921.64,   -2.4,   0.86874, 2,    6921.63, -122.4,   0.86874, 3,    6921.63,  117.6,   0.86874
"SCN_CN15_9044_CEI068", 13.8, 1,    6921.42,   -2.4,   0.86871, 2,    6921.41, -122.4,   0.86871, 3,    6921.41,  117.6,   0.86871
"SCN_CN15_9078_CEI131_ATV", 13.8, 1,    6623.21,   -3.2,   0.83128, 2,    6623.19, -123.2,   0.83128, 3,     6623.2,  116.8,   0.83128
"SCN_CN15_9043_CEI068", 13.8, 1,    6921.19,   -2.4,   0.86868, 2,    6921.18, -122.4,   0.86868, 3,    6921.19,  117.6,   0.86868
"SCN_CN15_9042_CEI068", 13.8, 1,    6920.97,   -2.4,   0.86866, 2,    6920.96, -122.4,   0.86866, 3,    6920.97,  117.6,   0.86866
"SCN_CN15_9041_CEI068", 13.8, 1,    6920.76,   -2.4,   0.86863, 2,    6920.75, -122.4,   0.86863, 3,    6920.75,  117.6,   0.86863
"SCN_CN15_9040_CEI068", 13.8, 1,    6920.65,   -2.4,   0.86862, 2,    6920.64, -122.4,   0.86862, 3,    6920.64,  117.6,   0.86862
"SCN_CN15_9041_CEI068_S", 13.8, 1,    6920.76,   -2.4,   0.86863, 2,    6920.75, -122.4,   0.86863, 3,    6920.75,  117.6,   0.86863
"SCN_CN15_9266_CEI250_ATV", 13.8, 1,    6920.53,   -2.4,    0.8686, 2,    6920.52, -122.4,    0.8686, 3,    6920.52,  117.6,    0.8686
"SCN_CN15_9024_CEI201_ATV", 13.8, 1,    6559.54,   -3.5,   0.82329, 2,    6559.53, -123.5,   0.82329, 3,    6559.53,  116.5,   0.82329
"SCN_CN15_9147_CEI220_ATV", 13.8, 1,    6656.96,   -3.1,   0.83552, 2,    6656.95, -123.1,   0.83552, 3,    6656.96,  116.9,   0.83552
"SCN_CN15_9068_CEI075", 13.8, 1,    6639.19,   -3.0,   0.83329, 2,    6639.17, -123.0,   0.83329, 3,    6639.18,  117.0,   0.83329
"SCN_CN15_9069_CEI075", 13.8, 1,    6638.74,   -3.0,   0.83324, 2,    6638.73, -123.0,   0.83323, 3,    6638.74,  117.0,   0.83323
"SCN_CN15_9051_CEI074", 13.8, 1,    6638.25,   -3.0,   0.83317, 2,    6638.23, -123.0,   0.83317, 3,    6638.24,  117.0,   0.83317
"SCN_CN15_9107_CEI77A_ATV", 13.8, 1,    7439.01,   -1.3,   0.93368, 2,       7439, -121.3,   0.93368, 3,       7439,  118.7,   0.93368
"SCN_CN15_9106_CEI77A_ATV", 13.8, 1,    7439.12,   -1.3,   0.93369, 2,    7439.12, -121.3,   0.93369, 3,    7439.12,  118.7,   0.93369
"SCN_CN15_9050_CEI074", 13.8, 1,    6637.96,   -3.0,   0.83314, 2,    6637.95, -123.0,   0.83314, 3,    6637.96,  117.0,   0.83314
"SCN_CN15_9049_CEI074", 13.8, 1,    6637.71,   -3.0,    0.8331, 2,    6637.69, -123.0,    0.8331, 3,     6637.7,  117.0,    0.8331
"SCN_CN15_9048_CEI074", 13.8, 1,    6637.41,   -3.0,   0.83307, 2,     6637.4, -123.0,   0.83307, 3,     6637.4,  117.0,   0.83307
"SCN_CN15_9031_CEI230B_ATV", 13.8, 1,    6637.39,   -3.0,   0.83306, 2,    6637.38, -123.0,   0.83306, 3,    6637.38,  117.0,   0.83306
"SCN_CN15_9414_CEI109", 13.8, 1,    6576.05,   -3.4,   0.82537, 2,    6576.03, -123.4,   0.82536, 3,    6576.04,  116.6,   0.82536
"SCN_CN15_9047_CEI074", 13.8, 1,    6637.03,   -3.0,   0.83302, 2,    6637.02, -123.0,   0.83302, 3,    6637.02,  117.0,   0.83302
"SCN_CN15_9046_CEI074", 13.8, 1,    6636.81,   -3.0,   0.83299, 2,     6636.8, -123.0,   0.83299, 3,     6636.8,  117.0,   0.83299
"SCN_CN15_9045_CEI074", 13.8, 1,    6636.46,   -3.0,   0.83295, 2,    6636.44, -123.0,   0.83295, 3,    6636.45,  117.0,   0.83295
"SCN_CN15_9028_CEI230B_ATV", 13.8, 1,    6636.41,   -3.0,   0.83294, 2,     6636.4, -123.0,   0.83294, 3,     6636.4,  117.0,   0.83294
"SCN_CN15_9029_CEI230B_ATV", 13.8, 1,    6636.37,   -3.0,   0.83294, 2,    6636.36, -123.0,   0.83294, 3,    6636.36,  117.0,   0.83294
"SCN_CN15_9030_CEI230B_ATV", 13.8, 1,    6636.33,   -3.0,   0.83293, 2,    6636.32, -123.0,   0.83293, 3,    6636.32,  117.0,   0.83293
"SCN_CN15_9043_CEI074", 13.8, 1,    6636.12,   -3.0,   0.83291, 2,     6636.1, -123.0,    0.8329, 3,    6636.11,  117.0,    0.8329
"SCN_CN15_9042_CEI074", 13.8, 1,    6635.82,   -3.0,   0.83287, 2,    6635.81, -123.0,   0.83287, 3,    6635.81,  117.0,   0.83287
"SCN_CN15_9041_CEI074", 13.8, 1,    6635.59,   -3.0,   0.83284, 2,    6635.57, -123.0,   0.83284, 3,    6635.58,  117.0,   0.83284
"SCN_CN15_9040_CEI074", 13.8, 1,    6635.36,   -3.0,   0.83281, 2,    6635.35, -123.0,   0.83281, 3,    6635.35,  117.0,   0.83281
"SCN_CN15_9413_CEI109", 13.8, 1,    6575.31,   -3.4,   0.82527, 2,     6575.3, -123.4,   0.82527, 3,     6575.3,  116.6,   0.82527
"SCN_CN15_9039_CEI074_S", 13.8, 1,    6635.16,   -3.0,   0.83278, 2,    6635.14, -123.0,   0.83278, 3,    6635.15,  117.0,   0.83278
"SCN_CN15_9032_CEI230B_ATV", 13.8, 1,    6635.11,   -3.0,   0.83278, 2,     6635.1, -123.0,   0.83278, 3,     6635.1,  117.0,   0.83278
"SCN_CN15_9039_CEI074", 13.8, 1,    6635.16,   -3.0,   0.83278, 2,    6635.14, -123.0,   0.83278, 3,    6635.15,  117.0,   0.83278
"SCN_CN15_9033_CEI230B_ATV", 13.8, 1,    6635.07,   -3.0,   0.83277, 2,    6635.05, -123.0,   0.83277, 3,    6635.06,  117.0,   0.83277
"SCN_CN15_9038_CEI074", 13.8, 1,    6634.97,   -3.0,   0.83276, 2,    6634.96, -123.0,   0.83276, 3,    6634.96,  117.0,   0.83276
"SCN_CN15_9037_CEI074", 13.8, 1,    6634.79,   -3.0,   0.83274, 2,    6634.78, -123.0,   0.83274, 3,    6634.78,  117.0,   0.83274
"SCN_CN15_9183_CEI230_ATV", 13.8, 1,    6634.78,   -3.0,   0.83274, 2,    6634.77, -123.0,   0.83274, 3,    6634.77,  117.0,   0.83274
"SCN_CN15_9036_CEI074_S", 13.8, 1,    6634.62,   -3.0,   0.83272, 2,    6634.61, -123.0,   0.83272, 3,    6634.61,  117.0,   0.83272
"SCN_CN15_9035_CEI074", 13.8, 1,    6634.46,   -3.0,    0.8327, 2,    6634.44, -123.0,    0.8327, 3,    6634.45,  117.0,    0.8327
"SCN_CN15_9036_CEI074", 13.8, 1,    6634.62,   -3.0,   0.83272, 2,    6634.61, -123.0,   0.83272, 3,    6634.61,  117.0,   0.83272
"SCN_CN15_9034_CEI074", 13.8, 1,    6634.29,   -3.0,   0.83268, 2,    6634.28, -123.0,   0.83267, 3,    6634.28,  117.0,   0.83267
"SCN_CN15_9033_CEI074", 13.8, 1,    6634.13,   -3.0,   0.83266, 2,    6634.12, -123.0,   0.83265, 3,    6634.12,  117.0,   0.83265
"SCN_CN15_9412_CEI109", 13.8, 1,    6574.59,   -3.4,   0.82518, 2,    6574.58, -123.4,   0.82518, 3,    6574.59,  116.6,   0.82518
"SCN_CN15_9032_CEI074", 13.8, 1,       6634,   -3.0,   0.83264, 2,    6633.99, -123.0,   0.83264, 3,    6633.99,  117.0,   0.83264
"SCN_CN15_9031_CEI074", 13.8, 1,    6633.87,   -3.0,   0.83262, 2,    6633.86, -123.0,   0.83262, 3,    6633.86,  117.0,   0.83262
"SCN_CN15_9030_CEI074", 13.8, 1,    6633.75,   -3.0,   0.83261, 2,    6633.74, -123.0,   0.83261, 3,    6633.74,  117.0,   0.83261
"SCN_CN15_9029_CEI074", 13.8, 1,    6633.61,   -3.0,   0.83259, 2,     6633.6, -123.0,   0.83259, 3,     6633.6,  117.0,   0.83259
"SCN_CN15_9182_CEI230_ATV", 13.8, 1,    6633.61,   -3.0,   0.83259, 2,     6633.6, -123.0,   0.83259, 3,     6633.6,  117.0,   0.83259
"SCN_CN15_9028_CEI074", 13.8, 1,     6633.5,   -3.0,   0.83258, 2,    6633.48, -123.0,   0.83257, 3,    6633.49,  117.0,   0.83258
"SCN_CN15_9027_CEI074", 13.8, 1,    6633.38,   -3.0,   0.83256, 2,    6633.36, -123.0,   0.83256, 3,    6633.37,  117.0,   0.83256
"SCN_CN15_9026_CEI074", 13.8, 1,    6633.31,   -3.0,   0.83255, 2,     6633.3, -123.0,   0.83255, 3,     6633.3,  117.0,   0.83255
"SCN_CN15_9025_CEI074", 13.8, 1,    6633.26,   -3.0,   0.83255, 2,    6633.24, -123.0,   0.83254, 3,    6633.25,  117.0,   0.83255
"SCN_CN15_9024_CEI074", 13.8, 1,    6633.18,   -3.0,   0.83254, 2,    6633.16, -123.0,   0.83253, 3,    6633.17,  117.0,   0.83253
"SCN_CN15_9411_CEI109", 13.8, 1,    6573.73,   -3.4,   0.82508, 2,    6573.72, -123.4,   0.82507, 3,    6573.72,  116.6,   0.82507
"SCN_CN15_9023_CEI074", 13.8, 1,    6633.09,   -3.0,   0.83253, 2,    6633.08, -123.0,   0.83252, 3,    6633.09,  117.0,   0.83252
"SCN_CN15_9022_CEI074", 13.8, 1,    6633.03,   -3.0,   0.83252, 2,    6633.02, -123.0,   0.83252, 3,    6633.02,  117.0,   0.83252
"SCN_CN15_9021_CEI074", 13.8, 1,    6632.97,   -3.0,   0.83251, 2,    6632.96, -123.0,   0.83251, 3,    6632.96,  117.0,   0.83251
"SCN_CN15_9020_CEI074", 13.8, 1,    6632.91,   -3.0,    0.8325, 2,     6632.9, -123.0,    0.8325, 3,     6632.9,  117.0,    0.8325
"SCN_CN15_9019_CEI074_S", 13.8, 1,    6632.85,   -3.0,    0.8325, 2,    6632.84, -123.0,   0.83249, 3,    6632.84,  117.0,   0.83249
"SCN_CN15_9187_CEI230_ATV", 13.8, 1,    6632.84,   -3.0,   0.83249, 2,    6632.82, -123.0,   0.83249, 3,    6632.83,  117.0,   0.83249
"SCN_CN15_9019_CEI074", 13.8, 1,    6632.85,   -3.0,    0.8325, 2,    6632.84, -123.0,   0.83249, 3,    6632.84,  117.0,   0.83249
"SCN_CN15_9004_CEI230B_ATV", 13.8, 1,    6633.32,   -3.0,   0.83255, 2,     6633.3, -123.0,   0.83255, 3,    6633.31,  117.0,   0.83255
"SCN_CN15_9005_CEI230B_ATV", 13.8, 1,    6633.31,   -3.0,   0.83255, 2,     6633.3, -123.0,   0.83255, 3,     6633.3,  117.0,   0.83255
"SCN_CN15_9003_CEI230B_ATV", 13.8, 1,    6633.27,   -3.0,   0.83255, 2,    6633.25, -123.0,   0.83255, 3,    6633.26,  117.0,   0.83255
"SCN_CN15_9002_CEI230B_ATV", 13.8, 1,    6633.25,   -3.0,   0.83255, 2,    6633.23, -123.0,   0.83254, 3,    6633.24,  117.0,   0.83254
"SCN_CN15_9410_CEI109", 13.8, 1,    6573.08,   -3.4,   0.82499, 2,    6573.07, -123.4,   0.82499, 3,    6573.07,  116.6,   0.82499
"SCN_CN15_9001_CEI230B_ATV", 13.8, 1,    6633.24,   -3.0,   0.83254, 2,    6633.23, -123.0,   0.83254, 3,    6633.23,  117.0,   0.83254
"SCN_CN15_9180_CEI230_ATV", 13.8, 1,    6633.25,   -3.0,   0.83255, 2,    6633.24, -123.0,   0.83254, 3,    6633.24,  117.0,   0.83254
"SCN_CN15_9018_CEI074", 13.8, 1,    6632.83,   -3.0,   0.83249, 2,    6632.81, -123.0,   0.83249, 3,    6632.82,  117.0,   0.83249
"SCN_CN15_9017_CEI074", 13.8, 1,     6632.8,   -3.0,   0.83249, 2,    6632.79, -123.0,   0.83249, 3,    6632.79,  117.0,   0.83249
"SCN_CN15_9016_CEI074", 13.8, 1,    6632.78,   -3.0,   0.83249, 2,    6632.76, -123.0,   0.83248, 3,    6632.77,  117.0,   0.83248
"SCN_CN15_9015_CEI074", 13.8, 1,    6632.75,   -3.0,   0.83248, 2,    6632.74, -123.0,   0.83248, 3,    6632.74,  117.0,   0.83248
"SCN_CN15_9014_CEI074", 13.8, 1,    6632.74,   -3.0,   0.83248, 2,    6632.73, -123.0,   0.83248, 3,    6632.73,  117.0,   0.83248
"SCN_CN15_9013_CEI074", 13.8, 1,    6632.73,   -3.0,   0.83248, 2,    6632.71, -123.0,   0.83248, 3,    6632.72,  117.0,   0.83248
"SCN_CN15_9059_CEIRJ006_ATV", 13.8, 1,    6633.08,   -3.0,   0.83252, 2,    6633.07, -123.0,   0.83252, 3,    6633.07,  117.0,   0.83252
"SCN_CN15_9409_CEI109", 13.8, 1,    6572.28,   -3.4,   0.82489, 2,    6572.27, -123.4,   0.82489, 3,    6572.27,  116.6,   0.82489
"SCN_CN15_9060_CEIRJ006_ATV", 13.8, 1,    6632.83,   -3.0,   0.83249, 2,    6632.81, -123.0,   0.83249, 3,    6632.82,  117.0,   0.83249
"SCN_CN15_9005_CEIRJ013_ATV", 13.8, 1,     6632.8,   -3.0,   0.83249, 2,    6632.79, -123.0,   0.83249, 3,    6632.79,  117.0,   0.83249
"SCN_CN15_9009_CEI074", 13.8, 1,    6632.73,   -3.0,   0.83248, 2,    6632.71, -123.0,   0.83248, 3,    6632.72,  117.0,   0.83248
"SCN_CN15_9010_CEI074", 13.8, 1,    6632.73,   -3.0,   0.83248, 2,    6632.71, -123.0,   0.83248, 3,    6632.72,  117.0,   0.83248
"SCN_CN15_9011_CEI074", 13.8, 1,    6632.73,   -3.0,   0.83248, 2,    6632.71, -123.0,   0.83248, 3,    6632.72,  117.0,   0.83248
"SCN_CN15_9012_CEI074", 13.8, 1,    6632.73,   -3.0,   0.83248, 2,    6632.71, -123.0,   0.83248, 3,    6632.72,  117.0,   0.83248
"SCN_CN15_9061_CEIRJ006_ATV", 13.8, 1,    6632.71,   -3.0,   0.83248, 2,     6632.7, -123.0,   0.83248, 3,     6632.7,  117.0,   0.83248
"SCN_CN15_9197_CEI230_ATV", 13.8, 1,    6633.92,   -3.0,   0.83263, 2,    6633.91, -123.0,   0.83263, 3,    6633.92,  117.0,   0.83263
"SCN_CN15_9198_CEI230_ATV", 13.8, 1,    6633.94,   -3.0,   0.83263, 2,    6633.92, -123.0,   0.83263, 3,    6633.93,  117.0,   0.83263
"SCN_CN15_9199_CEI230_ATV", 13.8, 1,    6633.98,   -3.0,   0.83264, 2,    6633.96, -123.0,   0.83263, 3,    6633.97,  117.0,   0.83264
"SCN_CN15_9200_CEI230_ATV", 13.8, 1,    6634.01,   -3.0,   0.83264, 2,       6634, -123.0,   0.83264, 3,       6634,  117.0,   0.83264
"SCN_CN15_9201_CEI230_ATV", 13.8, 1,    6634.03,   -3.0,   0.83264, 2,    6634.01, -123.0,   0.83264, 3,    6634.02,  117.0,   0.83264
"SCN_CN15_9201_CEI230_ATV_S", 13.8, 1,    6634.03,   -3.0,   0.83264, 2,    6634.01, -123.0,   0.83264, 3,    6634.02,  117.0,   0.83264
"SCN_CN15_9209_CEI230_ATV", 13.8, 1,    6634.06,   -3.0,   0.83265, 2,    6634.05, -123.0,   0.83265, 3,    6634.06,  117.0,   0.83265
"SCN_CN15_9210_CEI230_ATV", 13.8, 1,    6634.08,   -3.0,   0.83265, 2,    6634.07, -123.0,   0.83265, 3,    6634.08,  117.0,   0.83265
"SCN_CN15_9211_CEI230_ATV", 13.8, 1,    6634.11,   -3.0,   0.83265, 2,     6634.1, -123.0,   0.83265, 3,     6634.1,  117.0,   0.83265
"SCN_CN15_9213_CEI230_ATV", 13.8, 1,    6634.11,   -3.0,   0.83265, 2,    6634.09, -123.0,   0.83265, 3,     6634.1,  117.0,   0.83265
"SCN_CN15_9076_CEI074", 13.8, 1,    6634.02,   -3.0,   0.83264, 2,       6634, -123.0,   0.83264, 3,    6634.01,  117.0,   0.83264
"SCN_CN15_9075_CEI074", 13.8, 1,    6633.95,   -3.0,   0.83263, 2,    6633.93, -123.0,   0.83263, 3,    6633.94,  117.0,   0.83263
"SCN_CN15_9074_CEI074", 13.8, 1,    6633.88,   -3.0,   0.83263, 2,    6633.87, -123.0,   0.83262, 3,    6633.88,  117.0,   0.83262
"SCN_CN15_9208_CEI230_ATV", 13.8, 1,    6633.93,   -3.0,   0.83263, 2,    6633.91, -123.0,   0.83263, 3,    6633.92,  117.0,   0.83263
"SCN_CN15_9073_CEI074", 13.8, 1,    6633.87,   -3.0,   0.83262, 2,    6633.85, -123.0,   0.83262, 3,    6633.86,  117.0,   0.83262
"SCN_CN15_9072_CEI074", 13.8, 1,    6633.85,   -3.0,   0.83262, 2,    6633.84, -123.0,   0.83262, 3,    6633.84,  117.0,   0.83262
"SCN_CN15_9071_CEI074", 13.8, 1,    6633.81,   -3.0,   0.83262, 2,     6633.8, -123.0,   0.83261, 3,    6633.81,  117.0,   0.83262
"SCN_CN15_9070_CEI074", 13.8, 1,     6633.8,   -3.0,   0.83261, 2,    6633.78, -123.0,   0.83261, 3,    6633.79,  117.0,   0.83261
"SCN_CN15_9069_CEIRJ006_ATV", 13.8, 1,    6634.17,   -3.0,   0.83266, 2,    6634.16, -123.0,   0.83266, 3,    6634.16,  117.0,   0.83266
"SCN_CN15_9211_CEI230_ATV_S", 13.8, 1,    6634.11,   -3.0,   0.83265, 2,     6634.1, -123.0,   0.83265, 3,     6634.1,  117.0,   0.83265
"SCN_CN15_9069_CEIRJ006_ATV_S", 13.8, 1,    6634.17,   -3.0,   0.83266, 2,    6634.16, -123.0,   0.83266, 3,    6634.16,  117.0,   0.83266
"SCN_CN15_9077_CEI074", 13.8, 1,    6634.24,   -3.0,   0.83267, 2,    6634.23, -123.0,   0.83267, 3,    6634.24,  117.0,   0.83267
"SCN_CN15_9078_CEI074", 13.8, 1,     6634.3,   -3.0,   0.83268, 2,    6634.29, -123.0,   0.83268, 3,    6634.29,  117.0,   0.83268
"SCN_CN15_9078_CEI074_S", 13.8, 1,     6634.3,   -3.0,   0.83268, 2,    6634.29, -123.0,   0.83268, 3,    6634.29,  117.0,   0.83268
"SCN_CN15_9079_CEI074", 13.8, 1,    6634.36,   -3.0,   0.83268, 2,    6634.34, -123.0,   0.83268, 3,    6634.35,  117.0,   0.83268
"SCN_CN15_9080_CEI074", 13.8, 1,    6634.46,   -3.0,    0.8327, 2,    6634.45, -123.0,    0.8327, 3,    6634.45,  117.0,    0.8327
"SCN_CN15_9081_CEI074", 13.8, 1,    6634.54,   -3.0,   0.83271, 2,    6634.52, -123.0,   0.83271, 3,    6634.53,  117.0,   0.83271
"SCN_CN15_9065_CEIRJ006_ATV", 13.8, 1,    6634.54,   -3.0,   0.83271, 2,    6634.52, -123.0,   0.83271, 3,    6634.53,  117.0,   0.83271
"SCN_CN15_9066_CEIRJ006_ATV", 13.8, 1,    6634.54,   -3.0,   0.83271, 2,    6634.52, -123.0,   0.83271, 3,    6634.53,  117.0,   0.83271
"SCN_CN15_9012_CEI230B_ATV", 13.8, 1,    6634.54,   -3.0,   0.83271, 2,    6634.52, -123.0,   0.83271, 3,    6634.53,  117.0,   0.83271
"SCN_CN15_9081_CEI074_S", 13.8, 1,    6634.54,   -3.0,   0.83271, 2,    6634.52, -123.0,   0.83271, 3,    6634.53,  117.0,   0.83271
"SCN_CN15_9082_CEI074", 13.8, 1,    6634.64,   -3.0,   0.83272, 2,    6634.62, -123.0,   0.83272, 3,    6634.63,  117.0,   0.83272
"SCN_CN15_9083_CEI074", 13.8, 1,     6634.7,   -3.0,   0.83273, 2,    6634.68, -123.0,   0.83273, 3,    6634.69,  117.0,   0.83273
"SCN_CN15_9015_CEI230B_ATV", 13.8, 1,    6634.76,   -3.0,   0.83273, 2,    6634.75, -123.0,   0.83273, 3,    6634.75,  117.0,   0.83273
"SCN_CN15_9003_CEI160_ATV_S", 13.8, 1,    6709.66,   -3.0,   0.84214, 2,    6709.65, -123.0,   0.84213, 3,    6709.65,  117.0,   0.84213
"SCN_CN15_9081_CEI220_ATV", 13.8, 1,    6655.55,   -3.1,   0.83534, 2,    6655.54, -123.1,   0.83534, 3,    6655.55,  116.9,   0.83534
"SCN_CN15_9082_CEI220_ATV", 13.8, 1,     6655.5,   -3.1,   0.83534, 2,    6655.48, -123.1,   0.83534, 3,    6655.49,  116.9,   0.83534
"SCN_CN15_9140_CEI220_ATV", 13.8, 1,    6657.46,   -3.1,   0.83558, 2,    6657.44, -123.1,   0.83558, 3,    6657.45,  116.9,   0.83558
"SCN_CN15_9139_CEI220_ATV", 13.8, 1,    6657.62,   -3.1,    0.8356, 2,    6657.61, -123.1,    0.8356, 3,    6657.61,  116.9,    0.8356
"SCN_CN15_9138_CEI220_ATV", 13.8, 1,    6657.78,   -3.1,   0.83562, 2,    6657.77, -123.1,   0.83562, 3,    6657.77,  116.9,   0.83562
"SCN_CN15_9137_CEI220_ATV", 13.8, 1,    6657.94,   -3.1,   0.83564, 2,    6657.93, -123.1,   0.83564, 3,    6657.93,  116.9,   0.83564
"SCN_CN15_9136_CEI220_ATV", 13.8, 1,    6658.11,   -3.1,   0.83567, 2,    6658.09, -123.1,   0.83566, 3,     6658.1,  116.9,   0.83566
"SCN_CN15_9135_CEI220_ATV", 13.8, 1,    6658.26,   -3.1,   0.83568, 2,    6658.25, -123.1,   0.83568, 3,    6658.25,  116.9,   0.83568
"SCN_CN15_9136_CEI220_ATV_S", 13.8, 1,    6658.11,   -3.1,   0.83567, 2,    6658.09, -123.1,   0.83566, 3,     6658.1,  116.9,   0.83566
"SCN_CN15_9266_CEI250_ATV_S", 13.8, 1,    6920.53,   -2.4,    0.8686, 2,    6920.52, -122.4,    0.8686, 3,    6920.52,  117.6,    0.8686
"SCN_CN15_9038_CEI068", 13.8, 1,    6920.41,   -2.4,   0.86859, 2,     6920.4, -122.4,   0.86859, 3,    6920.41,  117.6,   0.86859
"SCN_CN15_9037_CEI068", 13.8, 1,     6920.3,   -2.4,   0.86857, 2,    6920.29, -122.4,   0.86857, 3,    6920.29,  117.6,   0.86857
"SCN_CN15_9036_CEI068", 13.8, 1,    6920.17,   -2.4,   0.86856, 2,    6920.16, -122.4,   0.86856, 3,    6920.17,  117.6,   0.86856
"SCN_CN15_9079_CEI131_ATV_S", 13.8, 1,    6622.31,   -3.2,   0.83117, 2,    6622.29, -123.2,   0.83117, 3,     6622.3,  116.8,   0.83117
"SCN_CN15_9079_CEI131_ATV", 13.8, 1,    6622.31,   -3.2,   0.83117, 2,    6622.29, -123.2,   0.83117, 3,     6622.3,  116.8,   0.83117
"SCN_CN15_9080_CEI131_ATV", 13.8, 1,    6622.29,   -3.2,   0.83117, 2,    6622.27, -123.2,   0.83117, 3,    6622.28,  116.8,   0.83117
"SCN_CN15_9004_CEI134_ATV_S", 13.8, 1,    6621.52,   -3.2,   0.83107, 2,    6621.51, -123.2,   0.83107, 3,    6621.52,  116.8,   0.83107
"SCN_CN15_9004_CEI134_ATV", 13.8, 1,    6621.52,   -3.2,   0.83107, 2,    6621.51, -123.2,   0.83107, 3,    6621.52,  116.8,   0.83107
"SCN_CN15_9005_CEI134_ATV", 13.8, 1,    6621.38,   -3.2,   0.83105, 2,    6621.36, -123.2,   0.83105, 3,    6621.37,  116.8,   0.83105
"SCN_CN15_9006_CEI134_ATV", 13.8, 1,    6621.22,   -3.2,   0.83103, 2,     6621.2, -123.2,   0.83103, 3,    6621.21,  116.8,   0.83103
"SCN_CN15_9001_CEI134_ATV", 13.8, 1,    6621.16,   -3.2,   0.83103, 2,    6621.15, -123.2,   0.83103, 3,    6621.15,  116.8,   0.83103
"SCN_CN15_9004_CEI134A_ATV", 13.8, 1,    6620.93,   -3.2,     0.831, 2,    6620.91, -123.2,     0.831, 3,    6620.92,  116.8,     0.831
"SCN_CN15_9009_CEI134_ATV", 13.8, 1,     6620.8,   -3.2,   0.83098, 2,    6620.78, -123.2,   0.83098, 3,    6620.79,  116.8,   0.83098
"SCN_CN15_9328_CEI109_S", 13.8, 1,    6564.11,   -3.5,   0.82387, 2,    6564.09, -123.5,   0.82387, 3,     6564.1,  116.5,   0.82387
"SCN_CN15_9031_CEI077_ATV", 13.8, 1,    7423.74,   -1.4,   0.93176, 2,    7423.74, -121.4,   0.93176, 3,    7423.74,  118.6,   0.93176
"SCN_CN15_9016_CEI230B_ATV", 13.8, 1,    6634.96,   -3.0,   0.83276, 2,    6634.95, -123.0,   0.83276, 3,    6634.95,  117.0,   0.83276
"SCN_CN15_9019_CEI230B_ATV", 13.8, 1,    6635.21,   -3.0,   0.83279, 2,     6635.2, -123.0,   0.83279, 3,     6635.2,  117.0,   0.83279
"SCN_CN15_9024_CEI230B_ATV", 13.8, 1,    6635.45,   -3.0,   0.83282, 2,    6635.44, -123.0,   0.83282, 3,    6635.44,  117.0,   0.83282
"SCN_CN15_9407_CEI109", 13.8, 1,    6570.43,   -3.5,   0.82466, 2,    6570.42, -123.5,   0.82466, 3,    6570.43,  116.5,   0.82466
"SCN_CN15_9026_CEI230B_ATV", 13.8, 1,    6635.64,   -3.0,   0.83285, 2,    6635.63, -123.0,   0.83284, 3,    6635.63,  117.0,   0.83284
"SCN_CN15_9025_CEI230B_ATV", 13.8, 1,    6635.43,   -3.0,   0.83282, 2,    6635.42, -123.0,   0.83282, 3,    6635.43,  117.0,   0.83282
"SCN_CN15_9027_CEI230B_ATV", 13.8, 1,    6635.72,   -3.0,   0.83285, 2,     6635.7, -123.0,   0.83285, 3,    6635.71,  117.0,   0.83285
"SCN_CN15_9017_CEI230B_ATV", 13.8, 1,    6634.94,   -3.0,   0.83276, 2,    6634.93, -123.0,   0.83276, 3,    6634.93,  117.0,   0.83276
"SCN_CN15_9063_CEIRJ006_ATV", 13.8, 1,    6634.92,   -3.0,   0.83276, 2,    6634.91, -123.0,   0.83275, 3,    6634.91,  117.0,   0.83275
"SCN_CN15_9058_CEIRJ006_ATV", 13.8, 1,    6635.15,   -3.0,   0.83278, 2,    6635.14, -123.0,   0.83278, 3,    6635.14,  117.0,   0.83278
"SCN_CN15_9034_CEI230B_ATV", 13.8, 1,    6634.59,   -3.0,   0.83271, 2,    6634.57, -123.0,   0.83271, 3,    6634.58,  117.0,   0.83271
"SCN_CN15_9035_CEI230B_ATV", 13.8, 1,    6634.56,   -3.0,   0.83271, 2,    6634.54, -123.0,   0.83271, 3,    6634.55,  117.0,   0.83271
"SCN_CN15_9406_CEI109", 13.8, 1,    6569.92,   -3.5,    0.8246, 2,     6569.9, -123.5,   0.82459, 3,    6569.91,  116.5,    0.8246
"SCN_CN15_9036_CEI230B_ATV", 13.8, 1,    6634.54,   -3.0,   0.83271, 2,    6634.52, -123.0,    0.8327, 3,    6634.53,  117.0,   0.83271
"SCN_CN15_9007_CEI230B_ATV", 13.8, 1,    6634.52,   -3.0,    0.8327, 2,     6634.5, -123.0,    0.8327, 3,    6634.51,  117.0,    0.8327
"SCN_CN15_9006_CEI230B_ATV", 13.8, 1,    6634.51,   -3.0,    0.8327, 2,    6634.49, -123.0,    0.8327, 3,     6634.5,  117.0,    0.8327
"SCN_CN15_9070_CEI075", 13.8, 1,    6639.93,   -3.0,   0.83338, 2,    6639.92, -123.0,   0.83338, 3,    6639.92,  117.0,   0.83338
"SCN_CN15_9071_CEI075", 13.8, 1,    6639.89,   -3.0,   0.83338, 2,    6639.87, -123.0,   0.83338, 3,    6639.88,  117.0,   0.83338
"SCN_CN15_9159_CEI230_ATV", 13.8, 1,    6639.86,   -3.0,   0.83338, 2,    6639.85, -123.0,   0.83337, 3,    6639.85,  117.0,   0.83337
"SCN_CN15_9160_CEI230_ATV", 13.8, 1,    6639.85,   -3.0,   0.83337, 2,    6639.84, -123.0,   0.83337, 3,    6639.84,  117.0,   0.83337
"SCN_CN15_9158_CEI230_ATV", 13.8, 1,    6639.88,   -3.0,   0.83338, 2,    6639.86, -123.0,   0.83338, 3,    6639.87,  117.0,   0.83338
"SCN_CN15_9055_CEIRJ006_ATV", 13.8, 1,    6639.83,   -3.0,   0.83337, 2,    6639.82, -123.0,   0.83337, 3,    6639.82,  117.0,   0.83337
"SCN_CN15_9056_CEIRJ006_ATV", 13.8, 1,    6639.83,   -3.0,   0.83337, 2,    6639.82, -123.0,   0.83337, 3,    6639.82,  117.0,   0.83337
"SCN_CN15_9405_CEI109", 13.8, 1,    6569.21,   -3.5,   0.82451, 2,    6569.19, -123.5,   0.82451, 3,     6569.2,  116.5,   0.82451
"SCN_CN15_9057_CEIRJ006_ATV", 13.8, 1,    6639.77,   -3.0,   0.83336, 2,    6639.76, -123.0,   0.83336, 3,    6639.77,  117.0,   0.83336
"SCN_CN15_9056_CEI075", 13.8, 1,    6654.54,   -2.9,   0.83522, 2,    6654.53, -122.9,   0.83522, 3,    6654.53,  117.1,   0.83522
"SCN_CN15_9055_CEI075", 13.8, 1,    6654.55,   -2.9,   0.83522, 2,    6654.54, -122.9,   0.83522, 3,    6654.54,  117.1,   0.83522
"SCN_CN15_9070_CEI230_ATV", 13.8, 1,    6654.54,   -2.9,   0.83522, 2,    6654.52, -122.9,   0.83522, 3,    6654.53,  117.1,   0.83522
"SCN_CN15_9071_CEI230_ATV", 13.8, 1,    6654.52,   -2.9,   0.83522, 2,    6654.51, -122.9,   0.83521, 3,    6654.51,  117.1,   0.83521
"SCN_CN15_9054_CEI075", 13.8, 1,    6654.58,   -2.9,   0.83522, 2,    6654.56, -122.9,   0.83522, 3,    6654.57,  117.1,   0.83522
"SCN_CN15_9055_CEI075_S", 13.8, 1,    6654.55,   -2.9,   0.83522, 2,    6654.54, -122.9,   0.83522, 3,    6654.54,  117.1,   0.83522
"SCN_CN15_9052_CEI075", 13.8, 1,     6654.6,   -2.9,   0.83523, 2,    6654.59, -122.9,   0.83522, 3,    6654.59,  117.1,   0.83522
"SCN_CN15_9069_CEI230_ATV", 13.8, 1,    6654.57,   -2.9,   0.83522, 2,    6654.56, -122.9,   0.83522, 3,    6654.56,  117.1,   0.83522
"SCN_CN15_9051_CEI075", 13.8, 1,    6654.65,   -2.9,   0.83523, 2,    6654.64, -122.9,   0.83523, 3,    6654.64,  117.1,   0.83523
"SCN_CN15_9052_CEI075_S", 13.8, 1,     6654.6,   -2.9,   0.83523, 2,    6654.59, -122.9,   0.83522, 3,    6654.59,  117.1,   0.83522
"SCN_CN15_9404_CEI109", 13.8, 1,    6568.56,   -3.5,   0.82443, 2,    6568.54, -123.5,   0.82442, 3,    6568.55,  116.5,   0.82442
"SCN_CN15_9049_CEI075", 13.8, 1,     6654.7,   -2.9,   0.83524, 2,    6654.69, -122.9,   0.83524, 3,    6654.69,  117.1,   0.83524
"SCN_CN15_9068_CEI230_ATV", 13.8, 1,    6654.67,   -2.9,   0.83523, 2,    6654.66, -122.9,   0.83523, 3,    6654.66,  117.1,   0.83523
"SCN_CN15_9048_CEI075", 13.8, 1,    6654.76,   -2.9,   0.83525, 2,    6654.75, -122.9,   0.83524, 3,    6654.75,  117.1,   0.83524
"SCN_CN15_9049_CEI075_S", 13.8, 1,     6654.7,   -2.9,   0.83524, 2,    6654.69, -122.9,   0.83524, 3,    6654.69,  117.1,   0.83524
"SCN_CN15_9047_CEI075", 13.8, 1,    6654.83,   -2.9,   0.83525, 2,    6654.81, -122.9,   0.83525, 3,    6654.82,  117.1,   0.83525
"SCN_CN15_9046_CEI075", 13.8, 1,    6654.89,   -2.9,   0.83526, 2,    6654.88, -122.9,   0.83526, 3,    6654.88,  117.1,   0.83526
"SCN_CN15_9045_CEI075", 13.8, 1,    6654.96,   -2.9,   0.83527, 2,    6654.95, -122.9,   0.83527, 3,    6654.95,  117.1,   0.83527
"SCN_CN15_9044_CEI075", 13.8, 1,    6655.03,   -2.9,   0.83528, 2,    6655.02, -122.9,   0.83528, 3,    6655.02,  117.1,   0.83528
"SCN_CN15_9043_CEI075", 13.8, 1,    6655.11,   -2.9,   0.83529, 2,    6655.09, -122.9,   0.83529, 3,     6655.1,  117.1,   0.83529
"SCN_CN15_9042_CEI075", 13.8, 1,    6655.18,   -2.9,    0.8353, 2,    6655.17, -122.9,    0.8353, 3,    6655.17,  117.1,    0.8353
"SCN_CN15_9403_CEI109", 13.8, 1,    6567.77,   -3.5,   0.82433, 2,    6567.76, -123.5,   0.82433, 3,    6567.77,  116.5,   0.82433
"SCN_CN15_9053_CEIRJ006_ATV", 13.8, 1,    6655.69,   -2.9,   0.83536, 2,    6655.68, -122.9,   0.83536, 3,    6655.69,  117.1,   0.83536
"SCN_CN15_9062_CEI201_ATV", 13.8, 1,    6571.41,   -3.4,   0.82478, 2,    6571.39, -123.4,   0.82478, 3,     6571.4,  116.6,   0.82478
"SCN_CN15_9402_CEI109", 13.8, 1,    6567.09,   -3.5,   0.82424, 2,    6567.08, -123.5,   0.82424, 3,    6567.08,  116.5,   0.82424
"SCN_CN15_9401_CEI109", 13.8, 1,    6566.39,   -3.5,   0.82415, 2,    6566.38, -123.5,   0.82415, 3,    6566.39,  116.5,   0.82415
"SCN_CN15_9400_CEI109", 13.8, 1,    6565.56,   -3.5,   0.82405, 2,    6565.54, -123.5,   0.82405, 3,    6565.55,  116.5,   0.82405
"SCN_CN15_9111_CEI201_ATV_S", 13.8, 1,    6707.75,   -2.9,    0.8419, 2,    6707.74, -122.9,   0.84189, 3,    6707.74,  117.1,    0.8419
"SCN_CN15_9016_CEIRJ013_ATV", 13.8, 1,    6707.97,   -2.9,   0.84192, 2,    6707.95, -122.9,   0.84192, 3,    6707.96,  117.1,   0.84192
"SCN_CN15_9104_CEI201_ATV", 13.8, 1,    6707.55,   -2.9,   0.84187, 2,    6707.54, -122.9,   0.84187, 3,    6707.55,  117.1,   0.84187
"SCN_CN15_9112_CEI201_ATV", 13.8, 1,    6707.73,   -2.9,   0.84189, 2,    6707.72, -122.9,   0.84189, 3,    6707.72,  117.1,   0.84189
"SCN_CN15_9119_CEI201_ATV", 13.8, 1,    6707.74,   -2.9,   0.84189, 2,    6707.72, -122.9,   0.84189, 3,    6707.73,  117.1,   0.84189
"SCN_CN15_9474_CEI109_S", 13.8, 1,    6564.87,   -3.5,   0.82396, 2,    6564.85, -123.5,   0.82396, 3,    6564.86,  116.5,   0.82396
"SCN_CN15_9010_CEI201_ATV", 13.8, 1,     6558.1,   -3.5,   0.82311, 2,    6558.08, -123.5,   0.82311, 3,    6558.09,  116.5,   0.82311
"SCN_CN15_9004_CEI201_ATV", 13.8, 1,    6557.96,   -3.5,    0.8231, 2,    6557.95, -123.5,   0.82309, 3,    6557.95,  116.5,   0.82309
"SCN_CN15_9008_CEI201_ATV", 13.8, 1,    6557.98,   -3.5,    0.8231, 2,    6557.97, -123.5,    0.8231, 3,    6557.98,  116.5,    0.8231
"SCN_CN15_9002_CEI160_ATV", 13.8, 1,    6709.65,   -3.0,   0.84213, 2,    6709.64, -123.0,   0.84213, 3,    6709.64,  117.0,   0.84213
"SCN_CN15_9003_CEI160_ATV", 13.8, 1,    6709.66,   -3.0,   0.84214, 2,    6709.65, -123.0,   0.84213, 3,    6709.65,  117.0,   0.84213
"SCN_CN15_9475_CEI109", 13.8, 1,    6564.74,   -3.5,   0.82395, 2,    6564.72, -123.5,   0.82394, 3,    6564.73,  116.5,   0.82395
"SCN_CN15_9046_CEI130_ATV", 13.8, 1,    6709.91,   -3.0,   0.84217, 2,     6709.9, -123.0,   0.84217, 3,     6709.9,  117.0,   0.84217
"SCN_CN15_9042_CEI130_ATV", 13.8, 1,    6709.79,   -3.0,   0.84215, 2,    6709.78, -123.0,   0.84215, 3,    6709.78,  117.0,   0.84215
"SCN_CN15_9017_CEIRJ013_ATV", 13.8, 1,    6707.97,   -2.9,   0.84192, 2,    6707.95, -122.9,   0.84192, 3,    6707.96,  117.1,   0.84192
"SCN_CN15_9031_CEIRJ006_ATV", 13.8, 1,    7423.29,   -1.4,    0.9317, 2,    7423.29, -121.4,    0.9317, 3,    7423.29,  118.6,    0.9317
"SCN_CN15_9033_CEIRJ006_ATV", 13.8, 1,    7423.26,   -1.4,    0.9317, 2,    7423.26, -121.4,    0.9317, 3,    7423.26,  118.6,    0.9317
"SCN_CN15_9032_CEIRJ006_ATV", 13.8, 1,    7423.29,   -1.4,    0.9317, 2,    7423.28, -121.4,    0.9317, 3,    7423.29,  118.6,    0.9317
"SCN_CN15_9030_CEIRJ006_ATV", 13.8, 1,    7423.35,   -1.4,   0.93171, 2,    7423.34, -121.4,   0.93171, 3,    7423.35,  118.6,   0.93171
"SCN_CN15_9031_CEIRJ006_ATV_S", 13.8, 1,    7423.29,   -1.4,    0.9317, 2,    7423.29, -121.4,    0.9317, 3,    7423.29,  118.6,    0.9317
"SCN_CN15_9007_CEI77A_ATV", 13.8, 1,    7423.24,   -1.4,    0.9317, 2,    7423.24, -121.4,    0.9317, 3,    7423.24,  118.6,    0.9317
"SCN_CN15_9036_CEI230_ATV", 13.8, 1,    7431.33,   -1.4,   0.93271, 2,    7431.32, -121.4,   0.93271, 3,    7431.33,  118.6,   0.93271
"SCN_CN15_9037_CEI230_ATV", 13.8, 1,    7431.93,   -1.4,   0.93279, 2,    7431.92, -121.4,   0.93279, 3,    7431.92,  118.6,   0.93279
"SCN_CN15_9086_CEI77A_ATV_S", 13.8, 1,    7430.44,   -1.4,    0.9326, 2,    7430.43, -121.4,    0.9326, 3,    7430.44,  118.6,    0.9326
"SCN_CN15_9476_CEI109", 13.8, 1,    6564.61,   -3.5,   0.82393, 2,    6564.59, -123.5,   0.82393, 3,     6564.6,  116.5,   0.82393
"SCN_CN15_9086_CEI77A_ATV", 13.8, 1,    7430.44,   -1.4,    0.9326, 2,    7430.43, -121.4,    0.9326, 3,    7430.44,  118.6,    0.9326
"SCN_CN15_9057_CEI77A_ATV", 13.8, 1,    7428.56,   -1.4,   0.93237, 2,    7428.56, -121.4,   0.93237, 3,    7428.56,  118.6,   0.93237
"SCN_CN15_9058_CEI77A_ATV", 13.8, 1,    7426.35,   -1.4,   0.93209, 2,    7426.34, -121.4,   0.93209, 3,    7426.35,  118.6,   0.93209
"SCN_CN15_9059_CEI77A_ATV", 13.8, 1,    7423.88,   -1.4,   0.93178, 2,    7423.88, -121.4,   0.93178, 3,    7423.88,  118.6,   0.93178
"SCN_CN15_9060_CEI77A_ATV", 13.8, 1,    7423.86,   -1.4,   0.93178, 2,    7423.85, -121.4,   0.93177, 3,    7423.86,  118.6,   0.93177
"SCN_CN15_9062_CEI77A_ATV", 13.8, 1,    7421.42,   -1.4,   0.93147, 2,    7421.41, -121.4,   0.93147, 3,    7421.42,  118.6,   0.93147
"SCN_CN15_9061_CEI77A_ATV", 13.8, 1,    7421.35,   -1.4,   0.93146, 2,    7421.34, -121.4,   0.93146, 3,    7421.35,  118.6,   0.93146
"SCN_CN15_9063_CEI77A_ATV", 13.8, 1,    7419.47,   -1.4,   0.93122, 2,    7419.46, -121.4,   0.93122, 3,    7419.47,  118.6,   0.93122
"SCN_CN15_9064_CEI77A_ATV", 13.8, 1,     7419.2,   -1.4,   0.93119, 2,     7419.2, -121.4,   0.93119, 3,     7419.2,  118.6,   0.93119
"SCN_CN15_9065_CEI77A_ATV", 13.8, 1,    7418.79,   -1.4,   0.93114, 2,    7418.78, -121.4,   0.93114, 3,    7418.79,  118.6,   0.93114
"SCN_CN15_9080_CEI77A_ATV", 13.8, 1,    7418.49,   -1.4,    0.9311, 2,    7418.48, -121.4,    0.9311, 3,    7418.49,  118.6,    0.9311
"SCN_CN15_9081_CEI77A_ATV", 13.8, 1,    7418.28,   -1.4,   0.93108, 2,    7418.28, -121.4,   0.93107, 3,    7418.28,  118.6,   0.93108
"SCN_CN15_9082_CEI77A_ATV", 13.8, 1,    7418.07,   -1.4,   0.93105, 2,    7418.06, -121.4,   0.93105, 3,    7418.06,  118.6,   0.93105
"SCN_CN15_9083_CEI77A_ATV", 13.8, 1,    7418.23,   -1.4,   0.93107, 2,    7418.22, -121.4,   0.93107, 3,    7418.22,  118.6,   0.93107
"SCN_CN15_9084_CEI77A_ATV", 13.8, 1,    7418.16,   -1.4,   0.93106, 2,    7418.15, -121.4,   0.93106, 3,    7418.16,  118.6,   0.93106
"SCN_CN15_9085_CEI77A_ATV", 13.8, 1,    7418.12,   -1.4,   0.93105, 2,    7418.11, -121.4,   0.93105, 3,    7418.11,  118.6,   0.93105
"SCN_CN15_9066_CEI77A_ATV", 13.8, 1,    7418.42,   -1.4,   0.93109, 2,    7418.41, -121.4,   0.93109, 3,    7418.41,  118.6,   0.93109
"SCN_CN15_9068_CEI77A_ATV_S", 13.8, 1,    7416.09,   -1.4,    0.9308, 2,    7416.09, -121.4,    0.9308, 3,    7416.09,  118.6,    0.9308
"SCN_CN15_9070_CEI77A_ATV", 13.8, 1,    7415.89,   -1.4,   0.93077, 2,    7415.88, -121.4,   0.93077, 3,    7415.88,  118.6,   0.93077
"SCN_CN15_9071_CEI77A_ATV", 13.8, 1,    7415.57,   -1.4,   0.93073, 2,    7415.56, -121.4,   0.93073, 3,    7415.56,  118.6,   0.93073
"SCN_CN15_9068_CEI77A_ATV", 13.8, 1,    7416.09,   -1.4,    0.9308, 2,    7416.09, -121.4,    0.9308, 3,    7416.09,  118.6,    0.9308
"SCN_CN15_9069_CEI77A_ATV", 13.8, 1,    7415.98,   -1.4,   0.93079, 2,    7415.97, -121.4,   0.93079, 3,    7415.98,  118.6,   0.93079
"SCN_CN15_9023_CEI167_ATV", 13.8, 1,    7415.24,   -1.4,   0.93069, 2,    7415.23, -121.4,   0.93069, 3,    7415.24,  118.6,   0.93069
"SCN_CN15_9024_CEI167_ATV_S", 13.8, 1,     7414.4,   -1.4,   0.93059, 2,     7414.4, -121.4,   0.93059, 3,     7414.4,  118.6,   0.93059
"SCN_CN15_9074_CEI77A_ATV_S", 13.8, 1,    7413.54,   -1.4,   0.93048, 2,    7413.53, -121.4,   0.93048, 3,    7413.53,  118.6,   0.93048
"SCN_CN15_9074_CEI77A_ATV", 13.8, 1,    7413.54,   -1.4,   0.93048, 2,    7413.53, -121.4,   0.93048, 3,    7413.53,  118.6,   0.93048
"SCN_CN15_9075_CEI77A_ATV", 13.8, 1,    7413.39,   -1.4,   0.93046, 2,    7413.39, -121.4,   0.93046, 3,    7413.39,  118.6,   0.93046
"SCN_CN15_9133_CEI201_ATV", 13.8, 1,     6708.6,   -2.9,     0.842, 2,    6708.58, -122.9,     0.842, 3,    6708.59,  117.1,     0.842
"SCN_CN15_9390_CEI109", 13.8, 1,     6564.9,   -3.5,   0.82397, 2,    6564.88, -123.5,   0.82396, 3,    6564.89,  116.5,   0.82397
"SCN_CN15_9114_CEI77A_ATV", 13.8, 1,    7435.18,   -1.3,    0.9332, 2,    7435.17, -121.3,    0.9332, 3,    7435.18,  118.7,    0.9332
"SCN_CN15_9134_CEI220_ATV", 13.8, 1,    6658.41,   -3.1,    0.8357, 2,     6658.4, -123.1,    0.8357, 3,    6658.41,  116.9,    0.8357
"SCN_CN15_9014_CEI120", 13.8, 1,    6658.58,   -3.1,   0.83573, 2,    6658.57, -123.1,   0.83572, 3,    6658.58,  116.9,   0.83572
"SCN_CN15_9041_CEI77A_ATV", 13.8, 1,    7424.47,   -1.4,   0.93185, 2,    7424.46, -121.4,   0.93185, 3,    7424.47,  118.6,   0.93185
"SCN_CN15_9015_CEI120", 13.8, 1,    6658.38,   -3.1,    0.8357, 2,    6658.37, -123.1,    0.8357, 3,    6658.37,  116.9,    0.8357
"SCN_CN15_9021_CEI120", 13.8, 1,     6658.2,   -3.1,   0.83568, 2,    6658.19, -123.1,   0.83568, 3,     6658.2,  116.9,   0.83568
"SCN_CN15_9020_CEI120", 13.8, 1,    6658.03,   -3.1,   0.83566, 2,    6658.02, -123.1,   0.83565, 3,    6658.02,  116.9,   0.83565
"SCN_CN15_9019_CEI120", 13.8, 1,    6657.95,   -3.1,   0.83564, 2,    6657.93, -123.1,   0.83564, 3,    6657.94,  116.9,   0.83564
"SCN_CN15_9018_CEI120", 13.8, 1,    6657.87,   -3.1,   0.83564, 2,    6657.86, -123.1,   0.83563, 3,    6657.86,  116.9,   0.83563
"SCN_CN15_9017_CEI120", 13.8, 1,     6657.8,   -3.1,   0.83563, 2,    6657.78, -123.1,   0.83562, 3,    6657.79,  116.9,   0.83563
"SCN_CN15_9016_CEI120", 13.8, 1,    6657.71,   -3.1,   0.83562, 2,     6657.7, -123.1,   0.83561, 3,     6657.7,  116.9,   0.83561
"SCN_CN15_9156_CEI220_ATV", 13.8, 1,    6658.11,   -3.1,   0.83567, 2,    6658.09, -123.1,   0.83566, 3,     6658.1,  116.9,   0.83566
"SCN_CN15_9157_CEI109", 13.8, 1,    6581.52,   -3.4,   0.82605, 2,    6581.51, -123.4,   0.82605, 3,    6581.51,  116.6,   0.82605
"SCN_CN15_9015_CEIRJ013_ATV", 13.8, 1,    6708.15,   -2.9,   0.84195, 2,    6708.13, -122.9,   0.84194, 3,    6708.14,  117.1,   0.84194
"SCN_CN15_9028_CEI167_ATV", 13.8, 1,    7413.02,   -1.4,   0.93042, 2,    7413.02, -121.4,   0.93041, 3,    7413.02,  118.6,   0.93041
"SCN_CN15_9076_CEI77A_ATV", 13.8, 1,    7412.91,   -1.4,    0.9304, 2,     7412.9, -121.4,    0.9304, 3,     7412.9,  118.6,    0.9304
"SCN_CN15_9078_CEI77A_ATV", 13.8, 1,    7412.49,   -1.4,   0.93035, 2,    7412.48, -121.4,   0.93035, 3,    7412.49,  118.6,   0.93035
"SCN_CN15_9079_CEI77A_ATV", 13.8, 1,    7412.18,   -1.4,   0.93031, 2,    7412.18, -121.4,   0.93031, 3,    7412.18,  118.6,   0.93031
"SCN_CN15_9008_CEI77A_ATV", 13.8, 1,    7423.47,   -1.4,   0.93173, 2,    7423.46, -121.4,   0.93173, 3,    7423.46,  118.6,   0.93173
"SCN_CN15_9009_CEI77A_ATV", 13.8, 1,    7423.61,   -1.4,   0.93174, 2,     7423.6, -121.4,   0.93174, 3,     7423.6,  118.6,   0.93174
"SCN_CN15_9009_CEI77A_ATV_S", 13.8, 1,    7423.61,   -1.4,   0.93174, 2,     7423.6, -121.4,   0.93174, 3,     7423.6,  118.6,   0.93174
"SCN_CN15_9015_CEI77A_ATV", 13.8, 1,     7423.8,   -1.4,   0.93177, 2,     7423.8, -121.4,   0.93177, 3,     7423.8,  118.6,   0.93177
"SCN_CN15_9478_CEI109", 13.8, 1,    6564.38,   -3.5,    0.8239, 2,    6564.36, -123.5,    0.8239, 3,    6564.37,  116.5,    0.8239
"SCN_CN15_9010_CEI77A_ATV_S", 13.8, 1,    7423.51,   -1.4,   0.93173, 2,     7423.5, -121.4,   0.93173, 3,    7423.51,  118.6,   0.93173
"SCN_CN15_9010_CEI77A_ATV", 13.8, 1,    7423.51,   -1.4,   0.93173, 2,     7423.5, -121.4,   0.93173, 3,    7423.51,  118.6,   0.93173
"SCN_CN15_9011_CEI77A_ATV", 13.8, 1,    7423.49,   -1.4,   0.93173, 2,    7423.48, -121.4,   0.93173, 3,    7423.49,  118.6,   0.93173
"SCN_CN15_9012_CEI77A_ATV", 13.8, 1,    7423.39,   -1.4,   0.93172, 2,    7423.39, -121.4,   0.93172, 3,    7423.39,  118.6,   0.93172
"SCN_CN15_9013_CEI77A_ATV", 13.8, 1,    7423.28,   -1.4,    0.9317, 2,    7423.27, -121.4,    0.9317, 3,    7423.28,  118.6,    0.9317
"SCN_CN15_9014_CEI77A_ATV", 13.8, 1,    7423.17,   -1.4,   0.93169, 2,    7423.16, -121.4,   0.93169, 3,    7423.16,  118.6,   0.93169
"SCN_CN15_9016_CEI77A_ATV", 13.8, 1,    7423.77,   -1.4,   0.93176, 2,    7423.76, -121.4,   0.93176, 3,    7423.77,  118.6,   0.93176
"SCN_CN15_9017_CEI77A_ATV", 13.8, 1,    7423.74,   -1.4,   0.93176, 2,    7423.73, -121.4,   0.93176, 3,    7423.74,  118.6,   0.93176
"SCN_CN15_9018_CEI77A_ATV", 13.8, 1,    7423.71,   -1.4,   0.93176, 2,     7423.7, -121.4,   0.93176, 3,     7423.7,  118.6,   0.93176
"SCN_CN15_9015_CEI77A_ATV_S", 13.8, 1,     7423.8,   -1.4,   0.93177, 2,     7423.8, -121.4,   0.93177, 3,     7423.8,  118.6,   0.93177
"SCN_CN15_9019_CEI77A_ATV", 13.8, 1,    7424.02,   -1.4,    0.9318, 2,    7424.01, -121.4,   0.93179, 3,    7424.02,  118.6,    0.9318
"SCN_CN15_9020_CEI77A_ATV", 13.8, 1,    7424.29,   -1.4,   0.93183, 2,    7424.28, -121.4,   0.93183, 3,    7424.29,  118.6,   0.93183
"SCN_CN15_9479_CEI109", 13.8, 1,    6564.31,   -3.5,   0.82389, 2,     6564.3, -123.5,   0.82389, 3,    6564.31,  116.5,   0.82389
"SCN_CN15_9021_CEI77A_ATV", 13.8, 1,    7424.56,   -1.4,   0.93186, 2,    7424.56, -121.4,   0.93186, 3,    7424.56,  118.6,   0.93186
"SCN_CN15_9022_CEI77A_ATV", 13.8, 1,    7424.54,   -1.4,   0.93186, 2,    7424.53, -121.4,   0.93186, 3,    7424.54,  118.6,   0.93186
"SCN_CN15_9023_CEI77A_ATV", 13.8, 1,    7424.51,   -1.4,   0.93186, 2,    7424.51, -121.4,   0.93186, 3,    7424.51,  118.6,   0.93186
"SCN_CN15_9021_CEI77A_ATV_S", 13.8, 1,    7424.56,   -1.4,   0.93186, 2,    7424.56, -121.4,   0.93186, 3,    7424.56,  118.6,   0.93186
"SCN_CN15_9024_CEI77A_ATV", 13.8, 1,    7424.87,   -1.4,    0.9319, 2,    7424.86, -121.4,    0.9319, 3,    7424.86,  118.6,    0.9319
"SCN_CN15_9025_CEI77A_ATV", 13.8, 1,    7425.12,   -1.4,   0.93193, 2,    7425.12, -121.4,   0.93193, 3,    7425.12,  118.6,   0.93193
"SCN_CN15_9026_CEI77A_ATV", 13.8, 1,    7425.39,   -1.4,   0.93197, 2,    7425.38, -121.4,   0.93197, 3,    7425.39,  118.6,   0.93197
"SCN_CN15_9027_CEI77A_ATV", 13.8, 1,    7425.29,   -1.4,   0.93195, 2,    7425.28, -121.4,   0.93195, 3,    7425.28,  118.6,   0.93195
"SCN_CN15_9028_CEI77A_ATV", 13.8, 1,    7425.26,   -1.4,   0.93195, 2,    7425.25, -121.4,   0.93195, 3,    7425.26,  118.6,   0.93195
"SCN_CN15_9029_CEI77A_ATV", 13.8, 1,    7425.15,   -1.4,   0.93194, 2,    7425.14, -121.4,   0.93194, 3,    7425.15,  118.6,   0.93194
"SCN_CN15_9030_CEI77A_ATV", 13.8, 1,    7425.07,   -1.4,   0.93193, 2,    7425.06, -121.4,   0.93193, 3,    7425.07,  118.6,   0.93193
"SCN_CN15_9480_CEI109", 13.8, 1,    6564.21,   -3.5,   0.82388, 2,     6564.2, -123.5,   0.82388, 3,     6564.2,  116.5,   0.82388
"SCN_CN15_9031_CEI77A_ATV", 13.8, 1,    7425.01,   -1.4,   0.93192, 2,    7425.01, -121.4,   0.93192, 3,    7425.01,  118.6,   0.93192
"SCN_CN15_9032_CEI77A_ATV", 13.8, 1,    7424.99,   -1.4,   0.93192, 2,    7424.98, -121.4,   0.93192, 3,    7424.99,  118.6,   0.93192
"SCN_CN15_9033_CEI77A_ATV", 13.8, 1,    7424.92,   -1.4,   0.93191, 2,    7424.91, -121.4,   0.93191, 3,    7424.92,  118.6,   0.93191
"SCN_CN15_9034_CEI77A_ATV", 13.8, 1,    7424.84,   -1.4,    0.9319, 2,    7424.83, -121.4,    0.9319, 3,    7424.83,  118.6,    0.9319
"SCN_CN15_9035_CEI77A_ATV", 13.8, 1,    7424.75,   -1.4,   0.93189, 2,    7424.74, -121.4,   0.93189, 3,    7424.75,  118.6,   0.93189
"SCN_CN15_9036_CEI77A_ATV_S", 13.8, 1,    7424.67,   -1.4,   0.93188, 2,    7424.66, -121.4,   0.93188, 3,    7424.67,  118.6,   0.93188
"SCN_CN15_9036_CEI77A_ATV", 13.8, 1,    7424.67,   -1.4,   0.93188, 2,    7424.66, -121.4,   0.93188, 3,    7424.67,  118.6,   0.93188
"SCN_CN15_9037_CEI77A_ATV_S", 13.8, 1,    7424.59,   -1.4,   0.93187, 2,    7424.58, -121.4,   0.93187, 3,    7424.58,  118.6,   0.93187
"SCN_CN15_9038_CEI77A_ATV", 13.8, 1,     7424.5,   -1.4,   0.93186, 2,     7424.5, -121.4,   0.93186, 3,     7424.5,  118.6,   0.93186
"SCN_CN15_9039_CEI77A_ATV", 13.8, 1,    7424.48,   -1.4,   0.93185, 2,    7424.48, -121.4,   0.93185, 3,    7424.48,  118.6,   0.93185
"SCN_CN15_9034_CEIRJ006_ATV", 13.8, 1,    7424.67,   -1.4,   0.93188, 2,    7424.66, -121.4,   0.93188, 3,    7424.67,  118.6,   0.93188
"SCN_CN15_9045_CEI77A_ATV", 13.8, 1,    7425.62,   -1.4,     0.932, 2,    7425.61, -121.4,     0.932, 3,    7425.61,  118.6,     0.932
"SCN_CN15_9045_CEI77A_ATV_S", 13.8, 1,    7425.62,   -1.4,     0.932, 2,    7425.61, -121.4,     0.932, 3,    7425.61,  118.6,     0.932
"SCN_CN15_9053_CEI77A_ATV", 13.8, 1,    7426.04,   -1.4,   0.93205, 2,    7426.03, -121.4,   0.93205, 3,    7426.04,  118.6,   0.93205
"SCN_CN15_9053_CEI77A_ATV_S", 13.8, 1,    7426.04,   -1.4,   0.93205, 2,    7426.03, -121.4,   0.93205, 3,    7426.04,  118.6,   0.93205
"SCN_CN15_9054_CEI77A_ATV", 13.8, 1,    7426.65,   -1.4,   0.93213, 2,    7426.64, -121.4,   0.93213, 3,    7426.65,  118.6,   0.93213
"SCN_CN15_9055_CEI77A_ATV", 13.8, 1,    7427.55,   -1.4,   0.93224, 2,    7427.54, -121.4,   0.93224, 3,    7427.54,  118.6,   0.93224
"SCN_CN15_9056_CEI77A_ATV", 13.8, 1,    7427.76,   -1.4,   0.93226, 2,    7427.75, -121.4,   0.93226, 3,    7427.76,  118.6,   0.93226
"SCN_CN15_9032_CEI230_ATV", 13.8, 1,    7430.32,   -1.4,   0.93259, 2,    7430.31, -121.4,   0.93259, 3,    7430.31,  118.6,   0.93259
"SCN_CN15_9087_CEI77A_ATV", 13.8, 1,    7430.17,   -1.4,   0.93257, 2,    7430.17, -121.4,   0.93257, 3,    7430.17,  118.6,   0.93257
"SCN_CN15_9026_CEI230_ATV", 13.8, 1,    7429.93,   -1.4,   0.93254, 2,    7429.92, -121.4,   0.93254, 3,    7429.92,  118.6,   0.93254
"SCN_CN15_9089_CEI77A_ATV", 13.8, 1,    7429.67,   -1.4,   0.93251, 2,    7429.67, -121.4,    0.9325, 3,    7429.67,  118.6,    0.9325
"SCN_CN15_9090_CEI77A_ATV", 13.8, 1,    7429.67,   -1.4,    0.9325, 2,    7429.66, -121.4,    0.9325, 3,    7429.66,  118.6,    0.9325
"SCN_CN15_9019_CEI230_ATV", 13.8, 1,    7429.46,   -1.4,   0.93248, 2,    7429.45, -121.4,   0.93248, 3,    7429.46,  118.6,   0.93248
"SCN_CN15_9017_CEI230_ATV", 13.8, 1,    7429.29,   -1.4,   0.93246, 2,    7429.28, -121.4,   0.93246, 3,    7429.28,  118.6,   0.93246
"SCN_CN15_9014_CEI230_ATV", 13.8, 1,    7429.21,   -1.4,   0.93245, 2,    7429.21, -121.4,   0.93245, 3,    7429.21,  118.6,   0.93245
"SCN_CN15_9013_CEI230_ATV", 13.8, 1,    7429.12,   -1.4,   0.93244, 2,    7429.11, -121.4,   0.93243, 3,    7429.11,  118.6,   0.93244
"SCN_CN15_9002_CEI230_ATV", 13.8, 1,    7429.01,   -1.4,   0.93242, 2,    7429.01, -121.4,   0.93242, 3,    7429.01,  118.6,   0.93242
"SCN_CN15_9003_CEI230_ATV", 13.8, 1,       7429,   -1.4,   0.93242, 2,       7429, -121.4,   0.93242, 3,       7429,  118.6,   0.93242
"SCN_CN15_9004_CEI230_ATV", 13.8, 1,    7428.99,   -1.4,   0.93242, 2,    7428.98, -121.4,   0.93242, 3,    7428.99,  118.6,   0.93242
"SCN_CN15_9482_CEI109", 13.8, 1,    6564.04,   -3.5,   0.82386, 2,    6564.03, -123.5,   0.82386, 3,    6564.03,  116.5,   0.82386
"SCN_CN15_9005_CEI230_ATV", 13.8, 1,    7428.95,   -1.4,   0.93241, 2,    7428.94, -121.4,   0.93241, 3,    7428.94,  118.6,   0.93241
"SCN_CN15_9006_CEI230_ATV", 13.8, 1,    7428.85,   -1.4,    0.9324, 2,    7428.85, -121.4,    0.9324, 3,    7428.85,  118.6,    0.9324
"SCN_CN15_9007_CEI230_ATV", 13.8, 1,    7428.78,   -1.4,   0.93239, 2,    7428.77, -121.4,   0.93239, 3,    7428.77,  118.6,   0.93239
"SCN_CN15_9008_CEI230_ATV", 13.8, 1,    7428.72,   -1.4,   0.93239, 2,    7428.72, -121.4,   0.93239, 3,    7428.72,  118.6,   0.93239
"SCN_CN15_9009_CEI230_ATV", 13.8, 1,    7428.68,   -1.4,   0.93238, 2,    7428.68, -121.4,   0.93238, 3,    7428.68,  118.6,   0.93238
"SCN_CN15_9050_CEI77A_ATV", 13.8, 1,    7424.88,   -1.4,    0.9319, 2,    7424.87, -121.4,    0.9319, 3,    7424.87,  118.6,    0.9319
"SCN_CN15_9052_CEI77A_ATV", 13.8, 1,    7424.76,   -1.4,   0.93189, 2,    7424.75, -121.4,   0.93189, 3,    7424.75,  118.6,   0.93189
"SCN_CN15_9049_CEI77A_ATV", 13.8, 1,    7425.03,   -1.4,   0.93192, 2,    7425.02, -121.4,   0.93192, 3,    7425.02,  118.6,   0.93192
"SCN_CN15_9050_CEI77A_ATV_S", 13.8, 1,    7424.88,   -1.4,    0.9319, 2,    7424.87, -121.4,    0.9319, 3,    7424.87,  118.6,    0.9319
"SCN_CN15_9051_CEI77A_ATV", 13.8, 1,    7424.87,   -1.4,    0.9319, 2,    7424.87, -121.4,    0.9319, 3,    7424.87,  118.6,    0.9319
"SCN_CN15_9047_CEI77A_ATV", 13.8, 1,    7425.17,   -1.4,   0.93194, 2,    7425.16, -121.4,   0.93194, 3,    7425.17,  118.6,   0.93194
"SCN_CN15_9046_CEI77A_ATV", 13.8, 1,    7425.39,   -1.4,   0.93197, 2,    7425.38, -121.4,   0.93197, 3,    7425.38,  118.6,   0.93197
"SCN_CN15_9483_CEI109", 13.8, 1,    6563.97,   -3.5,   0.82385, 2,    6563.95, -123.5,   0.82385, 3,    6563.96,  116.5,   0.82385
"SCN_CN15_9045_CEIRJ006_ATV", 13.8, 1,    7427.04,   -1.4,   0.93217, 2,    7427.03, -121.4,   0.93217, 3,    7427.04,  118.6,   0.93217
"SCN_CN15_9112_CEI076", 13.8, 1,    7427.07,   -1.4,   0.93218, 2,    7427.06, -121.4,   0.93218, 3,    7427.06,  118.6,   0.93218
"SCN_CN15_9113_CEI076", 13.8, 1,    7427.05,   -1.4,   0.93218, 2,    7427.05, -121.4,   0.93218, 3,    7427.05,  118.6,   0.93218
"SCN_CN15_9111_CEI076", 13.8, 1,    7427.09,   -1.4,   0.93218, 2,    7427.09, -121.4,   0.93218, 3,    7427.09,  118.6,   0.93218
"SCN_CN15_9112_CEI076_S", 13.8, 1,    7427.07,   -1.4,   0.93218, 2,    7427.06, -121.4,   0.93218, 3,    7427.06,  118.6,   0.93218
"SCN_CN15_9092_CEI076", 13.8, 1,    7427.16,   -1.4,   0.93219, 2,    7427.15, -121.4,   0.93219, 3,    7427.15,  118.6,   0.93219
"SCN_CN15_9093_CEI076", 13.8, 1,    7427.14,   -1.4,   0.93219, 2,    7427.13, -121.4,   0.93219, 3,    7427.14,  118.6,   0.93219
"SCN_CN15_9092_CEI076_S", 13.8, 1,    7427.16,   -1.4,   0.93219, 2,    7427.15, -121.4,   0.93219, 3,    7427.15,  118.6,   0.93219
"SCN_CN15_9127_CEI77A_ATV", 13.8, 1,    7427.33,   -1.4,   0.93221, 2,    7427.32, -121.4,   0.93221, 3,    7427.32,  118.6,   0.93221
"SCN_CN15_9128_CEI77A_ATV", 13.8, 1,    7427.29,   -1.4,   0.93221, 2,    7427.29, -121.4,   0.93221, 3,    7427.29,  118.6,   0.93221
"SCN_CN15_9041_CEIRJ006_ATV", 13.8, 1,    7427.16,   -1.4,   0.93219, 2,    7427.16, -121.4,   0.93219, 3,    7427.16,  118.6,   0.93219
"SCN_CN15_9126_CEI77A_ATV", 13.8, 1,    7428.05,   -1.4,    0.9323, 2,    7428.05, -121.4,    0.9323, 3,    7428.05,  118.6,    0.9323
"SCN_CN15_9127_CEI77A_ATV_S", 13.8, 1,    7427.33,   -1.4,   0.93221, 2,    7427.32, -121.4,   0.93221, 3,    7427.32,  118.6,   0.93221
"SCN_CN15_9060_CEI230_ATV", 13.8, 1,    7428.05,   -1.4,    0.9323, 2,    7428.05, -121.4,    0.9323, 3,    7428.05,  118.6,    0.9323
"SCN_CN15_9484_CEI109", 13.8, 1,    6563.88,   -3.5,   0.82384, 2,    6563.87, -123.5,   0.82384, 3,    6563.88,  116.5,   0.82384
"SCN_CN15_9124_CEI77A_ATV", 13.8, 1,    7428.45,   -1.4,   0.93235, 2,    7428.45, -121.4,   0.93235, 3,    7428.45,  118.6,   0.93235
"SCN_CN15_9123_CEI77A_ATV", 13.8, 1,    7428.51,   -1.4,   0.93236, 2,    7428.51, -121.4,   0.93236, 3,    7428.51,  118.6,   0.93236
"SCN_CN15_9124_CEI77A_ATV_S", 13.8, 1,    7428.45,   -1.4,   0.93235, 2,    7428.45, -121.4,   0.93235, 3,    7428.45,  118.6,   0.93235
"SCN_CN15_9059_CEI230_ATV", 13.8, 1,    7428.14,   -1.4,   0.93231, 2,    7428.13, -121.4,   0.93231, 3,    7428.13,  118.6,   0.93231
"SCN_CN15_9125_CEI77A_ATV", 13.8, 1,    7428.35,   -1.4,   0.93234, 2,    7428.35, -121.4,   0.93234, 3,    7428.35,  118.6,   0.93234
"SCN_CN15_9122_CEI77A_ATV", 13.8, 1,     7429.4,   -1.4,   0.93247, 2,    7429.39, -121.4,   0.93247, 3,     7429.4,  118.6,   0.93247
"SCN_CN15_9121_CEI77A_ATV", 13.8, 1,    7430.31,   -1.3,   0.93259, 2,    7430.31, -121.3,   0.93258, 3,    7430.31,  118.7,   0.93259
"SCN_CN15_9120_CEI77A_ATV", 13.8, 1,    7431.23,   -1.3,    0.9327, 2,    7431.22, -121.3,    0.9327, 3,    7431.23,  118.7,    0.9327
"SCN_CN15_9119_CEI77A_ATV", 13.8, 1,    7432.16,   -1.3,   0.93282, 2,    7432.15, -121.3,   0.93282, 3,    7432.15,  118.7,   0.93282
"SCN_CN15_9118_CEI77A_ATV", 13.8, 1,    7432.86,   -1.3,   0.93291, 2,    7432.86, -121.3,    0.9329, 3,    7432.86,  118.7,   0.93291
"SCN_CN15_9116_CEI77A_ATV", 13.8, 1,    7433.79,   -1.3,   0.93302, 2,    7433.78, -121.3,   0.93302, 3,    7433.79,  118.7,   0.93302
"SCN_CN15_9117_CEI77A_ATV", 13.8, 1,    7433.79,   -1.3,   0.93302, 2,    7433.78, -121.3,   0.93302, 3,    7433.79,  118.7,   0.93302
"SCN_CN15_9116_CEI77A_ATV_S", 13.8, 1,    7433.79,   -1.3,   0.93302, 2,    7433.78, -121.3,   0.93302, 3,    7433.79,  118.7,   0.93302
"SCN_CN15_9111_CEI77A_ATV", 13.8, 1,    7436.48,   -1.3,   0.93336, 2,    7436.47, -121.3,   0.93336, 3,    7436.47,  118.7,   0.93336
"SCN_CN15_9109_CEI77A_ATV", 13.8, 1,    7437.72,   -1.3,   0.93352, 2,    7437.72, -121.3,   0.93351, 3,    7437.72,  118.7,   0.93352
"SCN_CN15_9110_CEI77A_ATV", 13.8, 1,    7437.71,   -1.3,   0.93351, 2,     7437.7, -121.3,   0.93351, 3,     7437.7,  118.7,   0.93351
"SCN_CN15_9108_CEI77A_ATV", 13.8, 1,    7438.85,   -1.3,   0.93366, 2,    7438.84, -121.3,   0.93366, 3,    7438.85,  118.7,   0.93366
"SCN_CN15_9109_CEI77A_ATV_S", 13.8, 1,    7437.72,   -1.3,   0.93352, 2,    7437.72, -121.3,   0.93351, 3,    7437.72,  118.7,   0.93352
"SCN_CN15_9356_CEI065", 13.8, 1,    6919.76,   -2.4,   0.86851, 2,    6919.75, -122.4,    0.8685, 3,    6919.76,  117.6,   0.86851
"SCN_CN15_9357_CEI065", 13.8, 1,    6919.76,   -2.4,   0.86851, 2,    6919.75, -122.4,    0.8685, 3,    6919.76,  117.6,   0.86851
"SCN_CN15_9355_CEI065", 13.8, 1,    6919.76,   -2.4,   0.86851, 2,    6919.75, -122.4,    0.8685, 3,    6919.76,  117.6,   0.86851
"SCN_CN15_9354_CEI065", 13.8, 1,    6919.76,   -2.4,   0.86851, 2,    6919.75, -122.4,    0.8685, 3,    6919.76,  117.6,   0.86851
"SCN_CN15_9362_CEI065", 13.8, 1,    6919.76,   -2.4,   0.86851, 2,    6919.75, -122.4,    0.8685, 3,    6919.76,  117.6,   0.86851
"SCN_CN15_9365_CEI065", 13.8, 1,    6919.76,   -2.4,   0.86851, 2,    6919.75, -122.4,    0.8685, 3,    6919.76,  117.6,   0.86851
"SCN_CN15_9367_CEI065", 13.8, 1,    6919.76,   -2.4,   0.86851, 2,    6919.75, -122.4,    0.8685, 3,    6919.76,  117.6,   0.86851
"SCN_CN15_9368_CEI065", 13.8, 1,    6919.76,   -2.4,   0.86851, 2,    6919.75, -122.4,    0.8685, 3,    6919.76,  117.6,   0.86851
"SCN_CN15_9369_CEI065", 13.8, 1,    6919.76,   -2.4,   0.86851, 2,    6919.75, -122.4,    0.8685, 3,    6919.76,  117.6,   0.86851
"SCN_CN15_9370_CEI065", 13.8, 1,    6919.76,   -2.4,   0.86851, 2,    6919.75, -122.4,    0.8685, 3,    6919.76,  117.6,   0.86851
"SCN_CN15_9371_CEI065", 13.8, 1,    6919.76,   -2.4,   0.86851, 2,    6919.75, -122.4,    0.8685, 3,    6919.76,  117.6,   0.86851
"SCN_CN15_9372_CEI065", 13.8, 1,    6919.76,   -2.4,   0.86851, 2,    6919.75, -122.4,    0.8685, 3,    6919.76,  117.6,   0.86851
"SCN_CN15_9373_CEI065", 13.8, 1,    6919.76,   -2.4,   0.86851, 2,    6919.75, -122.4,    0.8685, 3,    6919.76,  117.6,   0.86851
"SCN_CN15_9374_CEI065", 13.8, 1,    6919.76,   -2.4,   0.86851, 2,    6919.75, -122.4,    0.8685, 3,    6919.76,  117.6,   0.86851
"SCN_CN15_9375_CEI065", 13.8, 1,    6919.76,   -2.4,   0.86851, 2,    6919.75, -122.4,    0.8685, 3,    6919.76,  117.6,   0.86851
"SCN_CN15_9376_CEI065", 13.8, 1,    6919.76,   -2.4,   0.86851, 2,    6919.75, -122.4,    0.8685, 3,    6919.76,  117.6,   0.86851
"SCN_CN15_9377_CEI065", 13.8, 1,    6919.76,   -2.4,   0.86851, 2,    6919.75, -122.4,    0.8685, 3,    6919.76,  117.6,   0.86851
"SCN_CN15_9011_CEI068", 13.8, 1,    6919.76,   -2.4,   0.86851, 2,    6919.75, -122.4,    0.8685, 3,    6919.76,  117.6,   0.86851
"SCN_CN15_9010_CEI068", 13.8, 1,    6919.76,   -2.4,   0.86851, 2,    6919.75, -122.4,    0.8685, 3,    6919.76,  117.6,   0.86851
"SCN_CN15_9021_CEI068", 13.8, 1,    6919.76,   -2.4,   0.86851, 2,    6919.75, -122.4,    0.8685, 3,    6919.76,  117.6,   0.86851
"SCN_CN15_9020_CEI068", 13.8, 1,    6919.76,   -2.4,   0.86851, 2,    6919.75, -122.4,    0.8685, 3,    6919.76,  117.6,   0.86851
"SCN_CN15_9021_CEI068_S", 13.8, 1,    6919.76,   -2.4,   0.86851, 2,    6919.75, -122.4,    0.8685, 3,    6919.76,  117.6,   0.86851
"SCN_CN15_9019_CEI068", 13.8, 1,    6919.76,   -2.4,   0.86851, 2,    6919.75, -122.4,    0.8685, 3,    6919.76,  117.6,   0.86851
"SCN_CN15_9018_CEI068", 13.8, 1,    6919.76,   -2.4,   0.86851, 2,    6919.75, -122.4,    0.8685, 3,    6919.76,  117.6,   0.86851
"SCN_CN15_9017_CEI068", 13.8, 1,    6919.76,   -2.4,   0.86851, 2,    6919.75, -122.4,    0.8685, 3,    6919.76,  117.6,   0.86851
"SCN_CN15_9007_CEI068", 13.8, 1,    6919.76,   -2.4,   0.86851, 2,    6919.75, -122.4,    0.8685, 3,    6919.76,  117.6,   0.86851
"SCN_CN15_9008_CEI068", 13.8, 1,    6919.76,   -2.4,   0.86851, 2,    6919.75, -122.4,    0.8685, 3,    6919.76,  117.6,   0.86851
"SCN_CN15_9035_CEI068", 13.8, 1,    6920.05,   -2.4,   0.86854, 2,    6920.04, -122.4,   0.86854, 3,    6920.05,  117.6,   0.86854
"SCN_CN15_9034_CEI068", 13.8, 1,    6920.02,   -2.4,   0.86854, 2,    6920.01, -122.4,   0.86854, 3,    6920.01,  117.6,   0.86854
"SCN_CN15_9033_CEI068", 13.8, 1,    6919.99,   -2.4,   0.86853, 2,    6919.98, -122.4,   0.86853, 3,    6919.98,  117.6,   0.86853
"SCN_CN15_9032_CEI068", 13.8, 1,    6919.95,   -2.4,   0.86853, 2,    6919.94, -122.4,   0.86853, 3,    6919.95,  117.6,   0.86853
"SCN_CN15_9031_CEI068", 13.8, 1,    6919.92,   -2.4,   0.86853, 2,    6919.91, -122.4,   0.86852, 3,    6919.92,  117.6,   0.86853
"SCN_CN15_9030_CEI068", 13.8, 1,    6919.89,   -2.4,   0.86852, 2,    6919.88, -122.4,   0.86852, 3,    6919.88,  117.6,   0.86852
"SCN_CN15_9029_CEI068", 13.8, 1,    6919.86,   -2.4,   0.86852, 2,    6919.85, -122.4,   0.86852, 3,    6919.85,  117.6,   0.86852
"SCN_CN15_9028_CEI068", 13.8, 1,    6919.82,   -2.4,   0.86851, 2,    6919.81, -122.4,   0.86851, 3,    6919.82,  117.6,   0.86851
"SCN_CN15_9027_CEI068", 13.8, 1,    6919.79,   -2.4,   0.86851, 2,    6919.78, -122.4,   0.86851, 3,    6919.79,  117.6,   0.86851
"SCN_CN15_9026_CEI068", 13.8, 1,    6919.76,   -2.4,   0.86851, 2,    6919.75, -122.4,    0.8685, 3,    6919.76,  117.6,   0.86851
"SCN_CN15_9025_CEI068", 13.8, 1,    6919.76,   -2.4,   0.86851, 2,    6919.75, -122.4,    0.8685, 3,    6919.76,  117.6,   0.86851
"SCN_CN15_9024_CEI068", 13.8, 1,    6919.76,   -2.4,   0.86851, 2,    6919.75, -122.4,    0.8685, 3,    6919.76,  117.6,   0.86851
"SCN_CN15_9013_CEI120", 13.8, 1,     6658.8,   -3.1,   0.83575, 2,    6658.79, -123.1,   0.83575, 3,    6658.79,  116.9,   0.83575
"SCN_CN15_9014_CEI120_S", 13.8, 1,    6658.58,   -3.1,   0.83573, 2,    6658.57, -123.1,   0.83572, 3,    6658.58,  116.9,   0.83572
"SCN_CN15_9009_CEI120", 13.8, 1,    6660.27,   -3.1,   0.83594, 2,    6660.26, -123.1,   0.83594, 3,    6660.27,  116.9,   0.83594
"SCN_CN15_9013_CEI120_S", 13.8, 1,     6658.8,   -3.1,   0.83575, 2,    6658.79, -123.1,   0.83575, 3,    6658.79,  116.9,   0.83575
"SCN_CN15_9009_CEI120_S", 13.8, 1,    6660.27,   -3.1,   0.83594, 2,    6660.26, -123.1,   0.83594, 3,    6660.27,  116.9,   0.83594
"SCN_CN15_9162_CEI220_ATV", 13.8, 1,    6659.08,   -3.1,   0.83579, 2,    6659.07, -123.1,   0.83579, 3,    6659.08,  116.9,   0.83579
"SCN_CN15_9008_CEI120", 13.8, 1,    6657.23,   -3.1,   0.83556, 2,    6657.22, -123.1,   0.83555, 3,    6657.22,  116.9,   0.83555
"SCN_CN15_9003_CEI134A_ATV", 13.8, 1,    6620.75,   -3.2,   0.83098, 2,    6620.73, -123.2,   0.83097, 3,    6620.74,  116.8,   0.83098
"SCN_CN15_9001_CEI134A_ATV", 13.8, 1,    6620.65,   -3.2,   0.83096, 2,    6620.63, -123.2,   0.83096, 3,    6620.64,  116.8,   0.83096
"SCN_CN15_9007_CEI134_ATV", 13.8, 1,     6620.6,   -3.2,   0.83096, 2,    6620.59, -123.2,   0.83096, 3,    6620.59,  116.8,   0.83096
"SCN_CN15_9002_CEI134A_ATV", 13.8, 1,    6620.45,   -3.2,   0.83094, 2,    6620.44, -123.2,   0.83094, 3,    6620.44,  116.8,   0.83094
"SCN_CN15_9003_CEI160A_ATV", 13.8, 1,    6620.37,   -3.2,   0.83093, 2,    6620.36, -123.2,   0.83093, 3,    6620.36,  116.8,   0.83093
"SCN_CN15_9002_CEI160A_ATV", 13.8, 1,    6620.34,   -3.2,   0.83093, 2,    6620.33, -123.2,   0.83092, 3,    6620.33,  116.8,   0.83092
"SCN_CN15_9001_CEI160A_ATV", 13.8, 1,    6620.32,   -3.2,   0.83092, 2,    6620.31, -123.2,   0.83092, 3,    6620.32,  116.8,   0.83092
"SCN_CN15_9008_CEI121", 13.8, 1,    6620.29,   -3.2,   0.83092, 2,    6620.28, -123.2,   0.83092, 3,    6620.29,  116.8,   0.83092
"SCN_CN15_9009_CEI121", 13.8, 1,    6620.29,   -3.2,   0.83092, 2,    6620.28, -123.2,   0.83092, 3,    6620.28,  116.8,   0.83092
"SCN_CN15_9010_CEI121", 13.8, 1,    6620.28,   -3.2,   0.83092, 2,    6620.27, -123.2,   0.83092, 3,    6620.27,  116.8,   0.83092
"SCN_CN15_9007_CEI120", 13.8, 1,    6655.27,   -3.1,   0.83531, 2,    6655.26, -123.1,   0.83531, 3,    6655.27,  116.9,   0.83531
"SCN_CN15_9007_CEI121", 13.8, 1,    6620.28,   -3.2,   0.83092, 2,    6620.26, -123.2,   0.83092, 3,    6620.27,  116.8,   0.83092
"SCN_CN15_9006_CEI121", 13.8, 1,    6620.26,   -3.2,   0.83092, 2,    6620.25, -123.2,   0.83091, 3,    6620.26,  116.8,   0.83091
"SCN_CN15_9005_CEI121", 13.8, 1,    6620.25,   -3.2,   0.83091, 2,    6620.24, -123.2,   0.83091, 3,    6620.24,  116.8,   0.83091
"SCN_CN15_9004_CEI121", 13.8, 1,    6620.24,   -3.2,   0.83091, 2,    6620.23, -123.2,   0.83091, 3,    6620.24,  116.8,   0.83091
"SCN_CN15_9003_CEI121", 13.8, 1,    6620.24,   -3.2,   0.83091, 2,    6620.22, -123.2,   0.83091, 3,    6620.23,  116.8,   0.83091
"SCN_CN15_9006_CEI120", 13.8, 1,     6653.2,   -3.2,   0.83505, 2,    6653.18, -123.2,   0.83505, 3,    6653.19,  116.8,   0.83505
"SCN_CN15_9004_CEI120", 13.8, 1,    6651.11,   -3.2,   0.83479, 2,    6651.09, -123.2,   0.83478, 3,     6651.1,  116.8,   0.83479
"SCN_CN15_9003_CEI120", 13.8, 1,    6648.93,   -3.2,   0.83451, 2,    6648.92, -123.2,   0.83451, 3,    6648.92,  116.8,   0.83451
"SCN_CN15_9110_CEI201_ATV", 13.8, 1,    6707.75,   -2.9,    0.8419, 2,    6707.74, -122.9,   0.84189, 3,    6707.74,  117.1,   0.84189
"SCN_CN15_9002_CEI120", 13.8, 1,    6647.17,   -3.2,   0.83429, 2,    6647.15, -123.2,   0.83429, 3,    6647.16,  116.8,   0.83429
"SCN_CN15_9004_CEI160A_ATV", 13.8, 1,    6606.23,   -3.3,   0.82915, 2,    6606.22, -123.3,   0.82915, 3,    6606.23,  116.7,   0.82915
"SCN_CN15_9005_CEI160A_ATV", 13.8, 1,    6606.24,   -3.3,   0.82916, 2,    6606.23, -123.3,   0.82915, 3,    6606.23,  116.7,   0.82915
"SCN_CN15_9006_CEI160A_ATV", 13.8, 1,    6606.25,   -3.3,   0.82916, 2,    6606.23, -123.3,   0.82915, 3,    6606.24,  116.7,   0.82916
"SCN_CN15_9007_CEI160A_ATV", 13.8, 1,    6606.26,   -3.3,   0.82916, 2,    6606.24, -123.3,   0.82916, 3,    6606.25,  116.7,   0.82916
"SCN_CN15_9008_CEI160A_ATV", 13.8, 1,    6606.26,   -3.3,   0.82916, 2,    6606.25, -123.3,   0.82916, 3,    6606.26,  116.7,   0.82916
"SCN_CN15_9004_CEI134B_ATV", 13.8, 1,    6606.29,   -3.3,   0.82916, 2,    6606.28, -123.3,   0.82916, 3,    6606.28,  116.7,   0.82916
"SCN_CN15_9001_CEI120", 13.8, 1,    6644.98,   -3.2,   0.83402, 2,    6644.97, -123.2,   0.83402, 3,    6644.97,  116.8,   0.83402
"SCN_CN15_9005_CEI134B_ATV", 13.8, 1,     6606.3,   -3.3,   0.82916, 2,    6606.29, -123.3,   0.82916, 3,     6606.3,  116.7,   0.82916
"SCN_CN15_9008_CEI134B_ATV", 13.8, 1,    6606.32,   -3.3,   0.82917, 2,    6606.31, -123.3,   0.82916, 3,    6606.31,  116.7,   0.82916
"SCN_CN15_9007_CEI134B_ATV", 13.8, 1,    6606.32,   -3.3,   0.82917, 2,    6606.31, -123.3,   0.82916, 3,    6606.31,  116.7,   0.82916
"SCN_CN15_9006_CEI134B_ATV", 13.8, 1,    6606.32,   -3.3,   0.82917, 2,    6606.31, -123.3,   0.82916, 3,    6606.31,  116.7,   0.82916
"SCN_CN15_9008_CEI134B_ATV_S", 13.8, 1,    6606.32,   -3.3,   0.82917, 2,    6606.31, -123.3,   0.82916, 3,    6606.31,  116.7,   0.82916
"SCN_CN15_9009_CEI134B_ATV", 13.8, 1,    6606.34,   -3.3,   0.82917, 2,    6606.33, -123.3,   0.82917, 3,    6606.33,  116.7,   0.82917
"SCN_CN15_9038_CEIRJ006_ATV", 13.8, 1,    7438.99,   -1.3,   0.93367, 2,    7438.98, -121.3,   0.93367, 3,    7438.99,  118.7,   0.93367
"SCN_CN15_9013_CEI201_ATV", 13.8, 1,    6558.28,   -3.5,   0.82314, 2,    6558.26, -123.5,   0.82313, 3,    6558.27,  116.5,   0.82313
"SCN_CN15_9105_CEI77A_ATV", 13.8, 1,    7441.22,   -1.3,   0.93395, 2,    7441.21, -121.3,   0.93395, 3,    7441.21,  118.7,   0.93395
"SCN_CN15_9106_CEI77A_ATV_S", 13.8, 1,    7439.12,   -1.3,   0.93369, 2,    7439.12, -121.3,   0.93369, 3,    7439.12,  118.7,   0.93369
"SCN_CN15_9490_CEI109", 13.8, 1,    6563.69,   -3.5,   0.82381, 2,    6563.67, -123.5,   0.82381, 3,    6563.68,  116.5,   0.82381
"SCN_CN15_9104_CEI77A_ATV_S", 13.8, 1,    7443.31,   -1.3,   0.93422, 2,     7443.3, -121.3,   0.93422, 3,     7443.3,  118.7,   0.93422
"SCN_CN15_9006_CEI077_ATV", 13.8, 1,    7371.97,   -1.5,   0.92526, 2,    7371.97, -121.5,   0.92526, 3,    7371.97,  118.5,   0.92526
"SCN_CN15_9007_CEI077_ATV", 13.8, 1,    7371.77,   -1.5,   0.92524, 2,    7371.76, -121.5,   0.92524, 3,    7371.76,  118.5,   0.92524
"SCN_CN15_9004_CEI077_ATV", 13.8, 1,    7372.62,   -1.5,   0.92534, 2,    7372.61, -121.5,   0.92534, 3,    7372.61,  118.5,   0.92534
"SCN_CN15_9005_CEI077_ATV_S", 13.8, 1,    7372.18,   -1.5,   0.92529, 2,    7372.17, -121.5,   0.92529, 3,    7372.17,  118.5,   0.92529
"SCN_CN15_9003_CEI077_ATV", 13.8, 1,    7373.15,   -1.5,   0.92541, 2,    7373.14, -121.5,   0.92541, 3,    7373.15,  118.5,   0.92541
"SCN_CN15_9002_CEI077_ATV_S", 13.8, 1,     7373.6,   -1.5,   0.92547, 2,    7373.59, -121.5,   0.92547, 3,    7373.59,  118.5,   0.92547
"SCN_CN15_9094_CEI072_S", 13.8, 1,    7337.86,   -1.6,   0.92098, 2,    7337.85, -121.6,   0.92098, 3,    7337.85,  118.4,   0.92098
"SCN_CN15_9093_CEI072_S", 13.8, 1,    7320.28,   -1.6,   0.91878, 2,    7320.28, -121.6,   0.91877, 3,    7320.28,  118.4,   0.91878
"SCN_CN15_9095_CEI072", 13.8, 1,    7313.84,   -1.6,   0.91797, 2,    7313.83, -121.6,   0.91797, 3,    7313.83,  118.4,   0.91797
"SCN_CN15_9096_CEI072", 13.8, 1,    7313.72,   -1.6,   0.91795, 2,    7313.72, -121.6,   0.91795, 3,    7313.72,  118.4,   0.91795
"SCN_CN15_9097_CEI072", 13.8, 1,    7313.62,   -1.6,   0.91794, 2,    7313.61, -121.6,   0.91794, 3,    7313.61,  118.4,   0.91794
"SCN_CN15_9098_CEI072", 13.8, 1,    7313.51,   -1.6,   0.91792, 2,     7313.5, -121.6,   0.91792, 3,     7313.5,  118.4,   0.91792
"SCN_CN15_9099_CEI072", 13.8, 1,    7313.45,   -1.6,   0.91792, 2,    7313.44, -121.6,   0.91792, 3,    7313.44,  118.4,   0.91792
"SCN_CN15_9102_CEI220_ATV", 13.8, 1,    6657.07,   -3.1,   0.83553, 2,    6657.05, -123.1,   0.83553, 3,    6657.06,  116.9,   0.83553
"SCN_CN15_9038_CEI148_ATV", 13.8, 1,    6709.35,   -2.9,    0.8421, 2,    6709.34, -122.9,    0.8421, 3,    6709.35,  117.1,    0.8421
"SCN_CN15_9012_CEIRJ013_ATV", 13.8, 1,    6709.35,   -2.9,    0.8421, 2,    6709.34, -122.9,    0.8421, 3,    6709.35,  117.1,    0.8421
"SCN_CN15_9361_CEI109", 13.8, 1,     6558.6,   -3.5,   0.82318, 2,    6558.59, -123.5,   0.82317, 3,     6558.6,  116.5,   0.82318
"SCN_CN15_9010_CEI134B_ATV", 13.8, 1,    6606.33,   -3.3,   0.82917, 2,    6606.31, -123.3,   0.82916, 3,    6606.32,  116.7,   0.82917
"SCN_CN15_9011_CEI134B_ATV", 13.8, 1,     6606.3,   -3.3,   0.82916, 2,    6606.28, -123.3,   0.82916, 3,    6606.29,  116.7,   0.82916
"SCN_CN15_9009_CEI134B_ATV_S", 13.8, 1,    6606.34,   -3.3,   0.82917, 2,    6606.33, -123.3,   0.82917, 3,    6606.33,  116.7,   0.82917
"SCN_CN15_9012_CEI134B_ATV", 13.8, 1,    6606.39,   -3.3,   0.82917, 2,    6606.37, -123.3,   0.82917, 3,    6606.38,  116.7,   0.82917
"SCN_CN15_9013_CEI134B_ATV", 13.8, 1,    6606.42,   -3.3,   0.82918, 2,    6606.41, -123.3,   0.82918, 3,    6606.41,  116.7,   0.82918
"SCN_CN15_9008_CEI134C_ATV", 13.8, 1,     6606.4,   -3.3,   0.82918, 2,    6606.39, -123.3,   0.82917, 3,     6606.4,  116.7,   0.82918
"SCN_CN15_9021_CEI109", 13.8, 1,    6642.22,   -3.2,   0.83367, 2,    6642.21, -123.2,   0.83367, 3,    6642.22,  116.8,   0.83367
"SCN_CN15_9009_CEI134C_ATV", 13.8, 1,    6606.39,   -3.3,   0.82917, 2,    6606.37, -123.3,   0.82917, 3,    6606.38,  116.7,   0.82917
"SCN_CN15_9010_CEI134C_ATV", 13.8, 1,    6606.37,   -3.3,   0.82917, 2,    6606.36, -123.3,   0.82917, 3,    6606.36,  116.7,   0.82917
"SCN_CN15_9013_CEI134B_ATV_S", 13.8, 1,    6606.42,   -3.3,   0.82918, 2,    6606.41, -123.3,   0.82918, 3,    6606.41,  116.7,   0.82918
"SCN_CN15_9006_CEI134C_ATV", 13.8, 1,    6606.46,   -3.3,   0.82918, 2,    6606.45, -123.3,   0.82918, 3,    6606.45,  116.7,   0.82918
"SCN_CN15_9005_CEI134C_ATV", 13.8, 1,    6606.49,   -3.3,   0.82919, 2,    6606.47, -123.3,   0.82918, 3,    6606.48,  116.7,   0.82919
"SCN_CN15_9004_CEI134C_ATV", 13.8, 1,    6606.56,   -3.3,    0.8292, 2,    6606.55, -123.3,   0.82919, 3,    6606.55,  116.7,   0.82919
"SCN_CN15_9003_CEI134C_ATV", 13.8, 1,    6606.63,   -3.3,    0.8292, 2,    6606.62, -123.3,    0.8292, 3,    6606.63,  116.7,    0.8292
"SCN_CN15_9001_CEI134C_ATV", 13.8, 1,     6606.7,   -3.3,   0.82921, 2,    6606.68, -123.3,   0.82921, 3,    6606.69,  116.7,   0.82921
"SCN_CN15_9001_CEI134C_ATV_S", 13.8, 1,     6606.7,   -3.3,   0.82921, 2,    6606.68, -123.3,   0.82921, 3,    6606.69,  116.7,   0.82921
"SCN_CN15_9002_CEI134C_ATV", 13.8, 1,    6606.75,   -3.3,   0.82922, 2,    6606.74, -123.3,   0.82922, 3,    6606.74,  116.7,   0.82922
"SCN_CN15_9038_CEI134B_ATV", 13.8, 1,    6606.81,   -3.3,   0.82923, 2,     6606.8, -123.3,   0.82923, 3,    6606.81,  116.7,   0.82923
"SCN_CN15_9027_CEI134C_ATV", 13.8, 1,    6605.11,   -3.3,   0.82901, 2,     6605.1, -123.3,   0.82901, 3,     6605.1,  116.7,   0.82901
"SCN_CN15_9028_CEI134C_ATV", 13.8, 1,    6605.04,   -3.3,     0.829, 2,    6605.03, -123.3,     0.829, 3,    6605.03,  116.7,     0.829
"SCN_CN15_9020_CEI109", 13.8, 1,    6640.65,   -3.2,   0.83347, 2,    6640.63, -123.2,   0.83347, 3,    6640.64,  116.8,   0.83347
"SCN_CN15_9026_CEI134C_ATV", 13.8, 1,    6605.19,   -3.3,   0.82902, 2,    6605.18, -123.3,   0.82902, 3,    6605.18,  116.7,   0.82902
"SCN_CN15_9025_CEI134C_ATV", 13.8, 1,    6605.26,   -3.3,   0.82903, 2,    6605.25, -123.3,   0.82903, 3,    6605.25,  116.7,   0.82903
"SCN_CN15_9029_CEI134C_ATV", 13.8, 1,     6605.2,   -3.3,   0.82902, 2,    6605.19, -123.3,   0.82902, 3,    6605.19,  116.7,   0.82902
"SCN_CN15_9030_CEI134C_ATV", 13.8, 1,    6605.15,   -3.3,   0.82902, 2,    6605.13, -123.3,   0.82902, 3,    6605.14,  116.7,   0.82902
"SCN_CN15_9017_CEI134C_ATV", 13.8, 1,    6605.53,   -3.3,   0.82907, 2,    6605.52, -123.3,   0.82906, 3,    6605.53,  116.7,   0.82907
"SCN_CN15_9025_CEI134C_ATV_S", 13.8, 1,    6605.26,   -3.3,   0.82903, 2,    6605.25, -123.3,   0.82903, 3,    6605.25,  116.7,   0.82903
"SCN_CN15_9018_CEI134C_ATV", 13.8, 1,    6605.41,   -3.3,   0.82905, 2,    6605.39, -123.3,   0.82905, 3,     6605.4,  116.7,   0.82905
"SCN_CN15_9019_CEI134C_ATV_S", 13.8, 1,     6605.3,   -3.3,   0.82904, 2,    6605.29, -123.3,   0.82904, 3,    6605.29,  116.7,   0.82904
"SCN_CN15_9017_CEI134C_ATV_S", 13.8, 1,    6605.53,   -3.3,   0.82907, 2,    6605.52, -123.3,   0.82906, 3,    6605.53,  116.7,   0.82907
"SCN_CN15_9031_CEI134C_ATV", 13.8, 1,    6605.76,   -3.3,    0.8291, 2,    6605.75, -123.3,   0.82909, 3,    6605.75,  116.7,   0.82909
"SCN_CN15_9031_CEI134C_ATV_S", 13.8, 1,    6605.76,   -3.3,    0.8291, 2,    6605.75, -123.3,   0.82909, 3,    6605.75,  116.7,   0.82909
"SCN_CN15_9032_CEI134C_ATV", 13.8, 1,    6605.95,   -3.3,   0.82912, 2,    6605.94, -123.3,   0.82912, 3,    6605.94,  116.7,   0.82912
"SCN_CN15_9033_CEI134C_ATV", 13.8, 1,    6606.56,   -3.3,    0.8292, 2,    6606.54, -123.3,   0.82919, 3,    6606.55,  116.7,   0.82919
"SCN_CN15_9019_CEI109", 13.8, 1,    6639.16,   -3.2,   0.83329, 2,    6639.15, -123.2,   0.83329, 3,    6639.16,  116.8,   0.83329
"SCN_CN15_9037_CEI134B_ATV", 13.8, 1,    6606.79,   -3.3,   0.82922, 2,    6606.78, -123.3,   0.82922, 3,    6606.78,  116.7,   0.82922
"SCN_CN15_9032_CEI134B_ATV", 13.8, 1,    6607.15,   -3.3,   0.82927, 2,    6607.13, -123.3,   0.82927, 3,    6607.14,  116.7,   0.82927
"SCN_CN15_9038_CEI134B_ATV_S", 13.8, 1,    6606.81,   -3.3,   0.82923, 2,     6606.8, -123.3,   0.82923, 3,    6606.81,  116.7,   0.82923
"SCN_CN15_9033_CEI134B_ATV", 13.8, 1,    6607.13,   -3.3,   0.82927, 2,    6607.11, -123.3,   0.82926, 3,    6607.12,  116.7,   0.82927
"SCN_CN15_9034_CEI134B_ATV", 13.8, 1,    6607.11,   -3.3,   0.82926, 2,    6607.09, -123.3,   0.82926, 3,     6607.1,  116.7,   0.82926
"SCN_CN15_9035_CEI134B_ATV", 13.8, 1,    6607.09,   -3.3,   0.82926, 2,    6607.08, -123.3,   0.82926, 3,    6607.08,  116.7,   0.82926
"SCN_CN15_9036_CEI134B_ATV", 13.8, 1,    6607.07,   -3.3,   0.82926, 2,    6607.05, -123.3,   0.82926, 3,    6607.06,  116.7,   0.82926
"SCN_CN15_9016_CEI134C_ATV", 13.8, 1,    6605.74,   -3.3,   0.82909, 2,    6605.73, -123.3,   0.82909, 3,    6605.73,  116.7,   0.82909
"SCN_CN15_9011_CEI134C_ATV", 13.8, 1,    6605.72,   -3.3,   0.82909, 2,    6605.71, -123.3,   0.82909, 3,    6605.72,  116.7,   0.82909
"SCN_CN15_9018_CEI109", 13.8, 1,    6637.64,   -3.2,    0.8331, 2,    6637.63, -123.2,   0.83309, 3,    6637.63,  116.8,    0.8331
"SCN_CN15_9012_CEI134C_ATV", 13.8, 1,    6605.71,   -3.3,   0.82909, 2,    6605.69, -123.3,   0.82909, 3,     6605.7,  116.7,   0.82909
"SCN_CN15_9013_CEI134C_ATV", 13.8, 1,     6605.7,   -3.3,   0.82909, 2,    6605.68, -123.3,   0.82909, 3,    6605.69,  116.7,   0.82909
"SCN_CN15_9014_CEI134C_ATV", 13.8, 1,    6605.66,   -3.3,   0.82908, 2,    6605.64, -123.3,   0.82908, 3,    6605.65,  116.7,   0.82908
"SCN_CN15_9031_CEI134B_ATV", 13.8, 1,    6607.67,   -3.3,   0.82934, 2,    6607.66, -123.3,   0.82933, 3,    6607.67,  116.7,   0.82933
"SCN_CN15_9032_CEI134B_ATV_S", 13.8, 1,    6607.15,   -3.3,   0.82927, 2,    6607.13, -123.3,   0.82927, 3,    6607.14,  116.7,   0.82927
"SCN_CN15_9019_CEI134B_ATV", 13.8, 1,    6607.87,   -3.3,   0.82936, 2,    6607.86, -123.3,   0.82936, 3,    6607.86,  116.7,   0.82936
"SCN_CN15_9020_CEI134B_ATV", 13.8, 1,    6607.84,   -3.3,   0.82936, 2,    6607.83, -123.3,   0.82936, 3,    6607.84,  116.7,   0.82936
"SCN_CN15_9021_CEI134B_ATV", 13.8, 1,    6607.81,   -3.3,   0.82935, 2,     6607.8, -123.3,   0.82935, 3,    6607.81,  116.7,   0.82935
"SCN_CN15_9022_CEI134B_ATV", 13.8, 1,    6607.78,   -3.3,   0.82935, 2,    6607.77, -123.3,   0.82935, 3,    6607.77,  116.7,   0.82935
"SCN_CN15_9023_CEI134B_ATV", 13.8, 1,    6607.75,   -3.3,   0.82935, 2,    6607.74, -123.3,   0.82934, 3,    6607.74,  116.7,   0.82934
"SCN_CN15_9017_CEI109_S", 13.8, 1,    6636.22,   -3.2,   0.83292, 2,    6636.21, -123.2,   0.83292, 3,    6636.21,  116.8,   0.83292
"SCN_CN15_9025_CEI134B_ATV", 13.8, 1,    6607.71,   -3.3,   0.82934, 2,    6607.69, -123.3,   0.82934, 3,     6607.7,  116.7,   0.82934
"SCN_CN15_9018_CEI134B_ATV", 13.8, 1,     6608.1,   -3.3,   0.82939, 2,    6608.09, -123.3,   0.82939, 3,    6608.09,  116.7,   0.82939
"SCN_CN15_9019_CEI134B_ATV_S", 13.8, 1,    6607.87,   -3.3,   0.82936, 2,    6607.86, -123.3,   0.82936, 3,    6607.86,  116.7,   0.82936
"SCN_CN15_9017_CEI134B_ATV", 13.8, 1,     6608.5,   -3.3,   0.82944, 2,    6608.49, -123.3,   0.82944, 3,    6608.49,  116.7,   0.82944
"SCN_CN15_9030_CEI134B_ATV", 13.8, 1,    6608.48,   -3.3,   0.82944, 2,    6608.46, -123.3,   0.82943, 3,    6608.47,  116.7,   0.82943
"SCN_CN15_9029_CEI134B_ATV", 13.8, 1,    6608.45,   -3.3,   0.82943, 2,    6608.44, -123.3,   0.82943, 3,    6608.44,  116.7,   0.82943
"SCN_CN15_9016_CEI134B_ATV", 13.8, 1,    6608.74,   -3.3,   0.82947, 2,    6608.72, -123.3,   0.82947, 3,    6608.73,  116.7,   0.82947
"SCN_CN15_9017_CEI134B_ATV_S", 13.8, 1,     6608.5,   -3.3,   0.82944, 2,    6608.49, -123.3,   0.82944, 3,    6608.49,  116.7,   0.82944
"SCN_CN15_9015_CEI134B_ATV", 13.8, 1,    6609.07,   -3.3,   0.82951, 2,    6609.05, -123.3,   0.82951, 3,    6609.06,  116.7,   0.82951
"SCN_CN15_9015_CEI134_ATV", 13.8, 1,    6609.97,   -3.3,   0.82962, 2,    6609.96, -123.3,   0.82962, 3,    6609.96,  116.7,   0.82962
"SCN_CN15_9016_CEI134_ATV", 13.8, 1,    6610.32,   -3.3,   0.82967, 2,    6610.31, -123.3,   0.82967, 3,    6610.31,  116.7,   0.82967
"SCN_CN15_9022_CEI109", 13.8, 1,    6636.11,   -3.2,    0.8329, 2,    6636.09, -123.2,    0.8329, 3,     6636.1,  116.8,    0.8329
"SCN_CN15_9016_CEI134_ATV_S", 13.8, 1,    6610.32,   -3.3,   0.82967, 2,    6610.31, -123.3,   0.82967, 3,    6610.31,  116.7,   0.82967
"SCN_CN15_9018_CEI134_ATV", 13.8, 1,    6611.16,   -3.3,   0.82977, 2,    6611.15, -123.3,   0.82977, 3,    6611.15,  116.7,   0.82977
"SCN_CN15_9019_CEI134_ATV", 13.8, 1,     6611.7,   -3.3,   0.82984, 2,    6611.69, -123.3,   0.82984, 3,     6611.7,  116.7,   0.82984
"SCN_CN15_9020_CEI134_ATV", 13.8, 1,    6612.04,   -3.3,   0.82988, 2,    6612.02, -123.3,   0.82988, 3,    6612.03,  116.7,   0.82988
"SCN_CN15_9021_CEI134_ATV", 13.8, 1,    6612.68,   -3.3,   0.82996, 2,    6612.67, -123.3,   0.82996, 3,    6612.67,  116.7,   0.82996
"SCN_CN15_9022_CEI134_ATV", 13.8, 1,       6613,   -3.3,      0.83, 2,    6612.98, -123.3,      0.83, 3,    6612.99,  116.7,      0.83
"SCN_CN15_9024_CEI134_ATV", 13.8, 1,    6613.36,   -3.3,   0.83005, 2,    6613.34, -123.3,   0.83005, 3,    6613.35,  116.7,   0.83005
"SCN_CN15_9024_CEI134_ATV_S", 13.8, 1,    6613.36,   -3.3,   0.83005, 2,    6613.34, -123.3,   0.83005, 3,    6613.35,  116.7,   0.83005
"SCN_CN15_9023_CEI134A_ATV", 13.8, 1,    6613.91,   -3.3,   0.83012, 2,     6613.9, -123.3,   0.83012, 3,     6613.9,  116.7,   0.83012
"SCN_CN15_9021_CEI134A_ATV", 13.8, 1,    6614.97,   -3.3,   0.83025, 2,    6614.95, -123.3,   0.83025, 3,    6614.96,  116.7,   0.83025
"SCN_CN15_9016_CEI134A_ATV", 13.8, 1,    6615.43,   -3.2,   0.83031, 2,    6615.41, -123.2,   0.83031, 3,    6615.42,  116.8,   0.83031
"SCN_CN15_9015_CEI134A_ATV", 13.8, 1,    6616.05,   -3.2,   0.83039, 2,    6616.04, -123.2,   0.83038, 3,    6616.04,  116.8,   0.83039
"SCN_CN15_9016_CEI134A_ATV_S", 13.8, 1,    6615.43,   -3.2,   0.83031, 2,    6615.41, -123.2,   0.83031, 3,    6615.42,  116.8,   0.83031
"SCN_CN15_9023_CEI109_S", 13.8, 1,    6635.99,   -3.2,   0.83289, 2,    6635.98, -123.2,   0.83289, 3,    6635.98,  116.8,   0.83289
"SCN_CN15_9014_CEI134A_ATV", 13.8, 1,    6616.61,   -3.2,   0.83046, 2,     6616.6, -123.2,   0.83046, 3,    6616.61,  116.8,   0.83046
"SCN_CN15_9013_CEI134A_ATV", 13.8, 1,    6617.33,   -3.2,   0.83055, 2,    6617.32, -123.2,   0.83055, 3,    6617.32,  116.8,   0.83055
"SCN_CN15_9012_CEI134A_ATV", 13.8, 1,    6617.78,   -3.2,    0.8306, 2,    6617.77, -123.2,    0.8306, 3,    6617.78,  116.8,    0.8306
"SCN_CN15_9024_CEI109", 13.8, 1,    6635.98,   -3.2,   0.83289, 2,    6635.97, -123.2,   0.83289, 3,    6635.97,  116.8,   0.83289
"SCN_CN15_9023_CEI109", 13.8, 1,    6635.99,   -3.2,   0.83289, 2,    6635.98, -123.2,   0.83289, 3,    6635.98,  116.8,   0.83289
"SCN_CN15_9011_CEI134A_ATV", 13.8, 1,    6618.26,   -3.2,   0.83066, 2,    6618.25, -123.2,   0.83066, 3,    6618.25,  116.8,   0.83066
"SCN_CN15_9010_CEI134A_ATV", 13.8, 1,    6618.86,   -3.2,   0.83074, 2,    6618.85, -123.2,   0.83074, 3,    6618.85,  116.8,   0.83074
"SCN_CN15_9010_CEI134_ATV", 13.8, 1,    6619.84,   -3.2,   0.83086, 2,    6619.83, -123.2,   0.83086, 3,    6619.83,  116.8,   0.83086
"SCN_CN15_9012_CEI134_ATV", 13.8, 1,    6620.23,   -3.2,   0.83091, 2,    6620.21, -123.2,   0.83091, 3,    6620.22,  116.8,   0.83091
"SCN_CN15_9007_CEI134A_ATV", 13.8, 1,    6620.45,   -3.2,   0.83094, 2,    6620.44, -123.2,   0.83094, 3,    6620.44,  116.8,   0.83094
"SCN_CN15_9008_CEI134A_ATV", 13.8, 1,    6620.44,   -3.2,   0.83094, 2,    6620.43, -123.2,   0.83094, 3,    6620.43,  116.8,   0.83094
"SCN_CN15_9025_CEI109", 13.8, 1,    6635.99,   -3.2,   0.83289, 2,    6635.98, -123.2,   0.83289, 3,    6635.98,  116.8,   0.83289
"SCN_CN15_9005_CEI134A_ATV", 13.8, 1,     6620.8,   -3.2,   0.83098, 2,    6620.79, -123.2,   0.83098, 3,    6620.79,  116.8,   0.83098
"SCN_CN15_9007_CEI134A_ATV_S", 13.8, 1,    6620.45,   -3.2,   0.83094, 2,    6620.44, -123.2,   0.83094, 3,    6620.44,  116.8,   0.83094
"SCN_CN15_9014_CEI134_ATV", 13.8, 1,    6620.78,   -3.2,   0.83098, 2,    6620.77, -123.2,   0.83098, 3,    6620.78,  116.8,   0.83098
"SCN_CN15_9006_CEI134A_ATV", 13.8, 1,     6620.8,   -3.2,   0.83098, 2,    6620.78, -123.2,   0.83098, 3,    6620.79,  116.8,   0.83098
"SCN_CN15_9005_CEI134A_ATV_S", 13.8, 1,     6620.8,   -3.2,   0.83098, 2,    6620.79, -123.2,   0.83098, 3,    6620.79,  116.8,   0.83098
"SCN_CN15_9017_CEI134A_ATV", 13.8, 1,     6615.4,   -3.2,   0.83031, 2,    6615.39, -123.2,    0.8303, 3,    6615.39,  116.8,    0.8303
"SCN_CN15_9018_CEI134A_ATV", 13.8, 1,    6615.37,   -3.2,    0.8303, 2,    6615.36, -123.2,    0.8303, 3,    6615.36,  116.8,    0.8303
"SCN_CN15_9020_CEI134A_ATV", 13.8, 1,    6615.35,   -3.2,    0.8303, 2,    6615.33, -123.2,    0.8303, 3,    6615.34,  116.8,    0.8303
"SCN_CN15_9083_CEI131_ATV", 13.8, 1,    6626.59,   -3.2,   0.83171, 2,    6626.57, -123.2,   0.83171, 3,    6626.58,  116.8,   0.83171
"SCN_CN15_9084_CEI131_ATV", 13.8, 1,    6626.25,   -3.2,   0.83167, 2,    6626.23, -123.2,   0.83166, 3,    6626.24,  116.8,   0.83167
"SCN_CN15_9085_CEI131_ATV", 13.8, 1,    6625.64,   -3.2,   0.83159, 2,    6625.63, -123.2,   0.83159, 3,    6625.63,  116.8,   0.83159
"SCN_CN15_9026_CEI109", 13.8, 1,    6635.99,   -3.2,   0.83289, 2,    6635.98, -123.2,   0.83289, 3,    6635.98,  116.8,   0.83289
"SCN_CN15_9057_CEI220_ATV", 13.8, 1,    6625.14,   -3.2,   0.83153, 2,    6625.13, -123.2,   0.83153, 3,    6625.14,  116.8,   0.83153
"SCN_CN15_9056_CEI109", 13.8, 1,     6624.9,   -3.2,    0.8315, 2,    6624.89, -123.2,    0.8315, 3,    6624.89,  116.8,    0.8315
"SCN_CN15_9056_CEI220_ATV", 13.8, 1,    6624.69,   -3.2,   0.83147, 2,    6624.67, -123.2,   0.83147, 3,    6624.68,  116.8,   0.83147
"SCN_CN15_9052_CEI109", 13.8, 1,    6624.49,   -3.2,   0.83145, 2,    6624.48, -123.2,   0.83144, 3,    6624.48,  116.8,   0.83145
"SCN_CN15_9049_CEI109", 13.8, 1,    6624.33,   -3.2,   0.83143, 2,    6624.32, -123.2,   0.83142, 3,    6624.32,  116.8,   0.83142
"SCN_CN15_9048_CEI109", 13.8, 1,    6624.17,   -3.2,   0.83141, 2,    6624.15, -123.2,    0.8314, 3,    6624.16,  116.8,    0.8314
"SCN_CN15_9047_CEI109", 13.8, 1,       6624,   -3.2,   0.83138, 2,    6623.99, -123.2,   0.83138, 3,    6623.99,  116.8,   0.83138
"SCN_CN15_9046_CEI109", 13.8, 1,    6623.88,   -3.2,   0.83137, 2,    6623.87, -123.2,   0.83137, 3,    6623.87,  116.8,   0.83137
"SCN_CN15_9045_CEI109", 13.8, 1,    6623.76,   -3.2,   0.83135, 2,    6623.75, -123.2,   0.83135, 3,    6623.76,  116.8,   0.83135
"SCN_CN15_9071_CEI131_ATV", 13.8, 1,    6624.76,   -3.2,   0.83148, 2,    6624.74, -123.2,   0.83148, 3,    6624.75,  116.8,   0.83148
"SCN_CN15_9072_CEI131_ATV", 13.8, 1,    6624.76,   -3.2,   0.83148, 2,    6624.74, -123.2,   0.83148, 3,    6624.75,  116.8,   0.83148
"SCN_CN15_9006_CEI201_ATV", 13.8, 1,    6558.04,   -3.5,   0.82311, 2,    6558.03, -123.5,    0.8231, 3,    6558.03,  116.5,    0.8231
"SCN_CN15_9008_CEI201_ATV_S", 13.8, 1,    6557.98,   -3.5,    0.8231, 2,    6557.97, -123.5,    0.8231, 3,    6557.98,  116.5,    0.8231
"SCN_CN15_9044_CEI109", 13.8, 1,    6623.66,   -3.2,   0.83134, 2,    6623.64, -123.2,   0.83134, 3,    6623.65,  116.8,   0.83134
"SCN_CN15_9027_CEI109", 13.8, 1,    6635.99,   -3.2,   0.83289, 2,    6635.98, -123.2,   0.83289, 3,    6635.98,  116.8,   0.83289
"SCN_CN15_9039_CEI109", 13.8, 1,    6623.52,   -3.2,   0.83132, 2,    6623.51, -123.2,   0.83132, 3,    6623.51,  116.8,   0.83132
"SCN_CN15_9038_CEI109", 13.8, 1,    6623.31,   -3.2,    0.8313, 2,     6623.3, -123.2,    0.8313, 3,     6623.3,  116.8,    0.8313
"SCN_CN15_9037_CEI109", 13.8, 1,    6623.26,   -3.2,   0.83129, 2,    6623.25, -123.2,   0.83129, 3,    6623.26,  116.8,   0.83129
"SCN_CN15_9051_CEI220_ATV", 13.8, 1,     6623.2,   -3.2,   0.83128, 2,    6623.19, -123.2,   0.83128, 3,     6623.2,  116.8,   0.83128
"SCN_CN15_9093_CEI109", 13.8, 1,    6623.26,   -3.2,   0.83129, 2,    6623.25, -123.2,   0.83129, 3,    6623.26,  116.8,   0.83129
"SCN_CN15_9092_CEI109", 13.8, 1,    6623.23,   -3.2,   0.83129, 2,    6623.22, -123.2,   0.83129, 3,    6623.22,  116.8,   0.83129
"SCN_CN15_9001_CEI160_ATV", 13.8, 1,    6709.64,   -3.0,   0.84213, 2,    6709.63, -123.0,   0.84213, 3,    6709.64,  117.0,   0.84213
"SCN_CN15_9091_CEI109", 13.8, 1,     6623.2,   -3.2,   0.83128, 2,    6623.19, -123.2,   0.83128, 3,    6623.19,  116.8,   0.83128
"SCN_CN15_9090_CEI109", 13.8, 1,    6623.17,   -3.2,   0.83128, 2,    6623.15, -123.2,   0.83128, 3,    6623.16,  116.8,   0.83128
"SCN_CN15_9089_CEI109", 13.8, 1,    6623.14,   -3.2,   0.83128, 2,    6623.12, -123.2,   0.83127, 3,    6623.13,  116.8,   0.83128
"SCN_CN15_9088_CEI109", 13.8, 1,    6623.08,   -3.2,   0.83127, 2,    6623.07, -123.2,   0.83127, 3,    6623.08,  116.8,   0.83127
"SCN_CN15_9028_CEI109", 13.8, 1,    6635.99,   -3.2,   0.83289, 2,    6635.98, -123.2,   0.83289, 3,    6635.98,  116.8,   0.83289
"SCN_CN15_9087_CEI109", 13.8, 1,    6623.05,   -3.2,   0.83126, 2,    6623.03, -123.2,   0.83126, 3,    6623.04,  116.8,   0.83126
"SCN_CN15_9094_CEI109", 13.8, 1,    6623.23,   -3.2,   0.83129, 2,    6623.22, -123.2,   0.83129, 3,    6623.22,  116.8,   0.83129
"SCN_CN15_9095_CEI109", 13.8, 1,    6623.22,   -3.2,   0.83129, 2,    6623.21, -123.2,   0.83128, 3,    6623.21,  116.8,   0.83129
"SCN_CN15_9096_CEI109", 13.8, 1,    6623.21,   -3.2,   0.83128, 2,    6623.19, -123.2,   0.83128, 3,     6623.2,  116.8,   0.83128
"SCN_CN15_9098_CEI109", 13.8, 1,    6623.17,   -3.2,   0.83128, 2,    6623.15, -123.2,   0.83128, 3,    6623.16,  116.8,   0.83128
"SCN_CN15_9099_CEI109", 13.8, 1,    6623.15,   -3.2,   0.83128, 2,    6623.14, -123.2,   0.83128, 3,    6623.14,  116.8,   0.83128
"SCN_CN15_9100_CEI109", 13.8, 1,    6623.12,   -3.2,   0.83127, 2,    6623.11, -123.2,   0.83127, 3,    6623.12,  116.8,   0.83127
"SCN_CN15_9050_CEI220_ATV", 13.8, 1,    6623.05,   -3.2,   0.83127, 2,    6623.04, -123.2,   0.83126, 3,    6623.04,  116.8,   0.83126
"SCN_CN15_9042_CEI220_ATV", 13.8, 1,     6622.9,   -3.2,   0.83125, 2,    6622.89, -123.2,   0.83124, 3,    6622.89,  116.8,   0.83125
"SCN_CN15_9029_CEI109", 13.8, 1,    6635.99,   -3.2,   0.83289, 2,    6635.98, -123.2,   0.83289, 3,    6635.98,  116.8,   0.83289
"SCN_CN15_9043_CEI220_ATV", 13.8, 1,    6622.86,   -3.2,   0.83124, 2,    6622.85, -123.2,   0.83124, 3,    6622.86,  116.8,   0.83124
"SCN_CN15_9045_CEI220_ATV", 13.8, 1,    6622.83,   -3.2,   0.83124, 2,    6622.82, -123.2,   0.83124, 3,    6622.82,  116.8,   0.83124
"SCN_CN15_9047_CEI220_ATV", 13.8, 1,     6622.8,   -3.2,   0.83123, 2,    6622.79, -123.2,   0.83123, 3,    6622.79,  116.8,   0.83123
"SCN_CN15_9038_CEI220_ATV", 13.8, 1,    6622.85,   -3.2,   0.83124, 2,    6622.84, -123.2,   0.83124, 3,    6622.84,  116.8,   0.83124
"SCN_CN15_9037_CEI220_ATV", 13.8, 1,    6622.81,   -3.2,   0.83123, 2,    6622.79, -123.2,   0.83123, 3,     6622.8,  116.8,   0.83123
"SCN_CN15_9039_CEI220_ATV", 13.8, 1,    6622.78,   -3.2,   0.83123, 2,    6622.76, -123.2,   0.83123, 3,    6622.77,  116.8,   0.83123
"SCN_CN15_9040_CEI220_ATV", 13.8, 1,    6622.75,   -3.2,   0.83123, 2,    6622.73, -123.2,   0.83123, 3,    6622.74,  116.8,   0.83123
"SCN_CN15_9036_CEI220_ATV", 13.8, 1,    6622.78,   -3.2,   0.83123, 2,    6622.77, -123.2,   0.83123, 3,    6622.78,  116.8,   0.83123
"SCN_CN15_9035_CEI220_ATV", 13.8, 1,    6622.76,   -3.2,   0.83123, 2,    6622.75, -123.2,   0.83123, 3,    6622.76,  116.8,   0.83123
"SCN_CN15_9032_CEI220_ATV", 13.8, 1,    6622.74,   -3.2,   0.83123, 2,    6622.73, -123.2,   0.83122, 3,    6622.73,  116.8,   0.83123
"SCN_CN15_9030_CEI109", 13.8, 1,    6635.99,   -3.2,   0.83289, 2,    6635.98, -123.2,   0.83289, 3,    6635.98,  116.8,   0.83289
"SCN_CN15_9033_CEI220_ATV", 13.8, 1,    6622.73,   -3.2,   0.83122, 2,    6622.72, -123.2,   0.83122, 3,    6622.72,  116.8,   0.83122
"SCN_CN15_9143_CEI109", 13.8, 1,    6622.72,   -3.2,   0.83122, 2,    6622.71, -123.2,   0.83122, 3,    6622.72,  116.8,   0.83122
"SCN_CN15_9030_CEI220_ATV_S", 13.8, 1,    6622.72,   -3.2,   0.83122, 2,     6622.7, -123.2,   0.83122, 3,    6622.71,  116.8,   0.83122
"SCN_CN15_9030_CEI220_ATV", 13.8, 1,    6622.72,   -3.2,   0.83122, 2,     6622.7, -123.2,   0.83122, 3,    6622.71,  116.8,   0.83122
"SCN_CN15_9031_CEI220_ATV", 13.8, 1,     6622.7,   -3.2,   0.83122, 2,    6622.68, -123.2,   0.83122, 3,    6622.69,  116.8,   0.83122
"SCN_CN15_9029_CEI220_ATV", 13.8, 1,    6622.72,   -3.2,   0.83122, 2,     6622.7, -123.2,   0.83122, 3,    6622.71,  116.8,   0.83122
"SCN_CN15_9029_CEI220_ATV_S", 13.8, 1,     6582.3,   -3.4,   0.82615, 2,    6582.29, -123.4,   0.82615, 3,    6582.29,  116.6,   0.82615
"SCN_CN15_9202_CEI109", 13.8, 1,     6582.3,   -3.4,   0.82615, 2,    6582.29, -123.4,   0.82615, 3,    6582.29,  116.6,   0.82615
"SCN_CN15_9201_CEI109", 13.8, 1,    6582.16,   -3.4,   0.82613, 2,    6582.14, -123.4,   0.82613, 3,    6582.15,  116.6,   0.82613
"SCN_CN15_9200_CEI109", 13.8, 1,    6582.13,   -3.4,   0.82613, 2,    6582.12, -123.4,   0.82613, 3,    6582.13,  116.6,   0.82613
"SCN_CN15_9199_CEI109", 13.8, 1,    6581.99,   -3.4,   0.82611, 2,    6581.98, -123.4,   0.82611, 3,    6581.98,  116.6,   0.82611
"SCN_CN15_9198_CEI109", 13.8, 1,    6581.92,   -3.4,    0.8261, 2,     6581.9, -123.4,    0.8261, 3,    6581.91,  116.6,    0.8261
"SCN_CN15_9165_CEI109", 13.8, 1,    6581.78,   -3.4,   0.82608, 2,    6581.76, -123.4,   0.82608, 3,    6581.77,  116.6,   0.82608
"SCN_CN15_9203_CEI109", 13.8, 1,    6582.47,   -3.4,   0.82617, 2,    6582.46, -123.4,   0.82617, 3,    6582.46,  116.6,   0.82617
"SCN_CN15_9204_CEI109_S", 13.8, 1,    6582.63,   -3.4,   0.82619, 2,    6582.61, -123.4,   0.82619, 3,    6582.62,  116.6,   0.82619
"SCN_CN15_9205_CEI109", 13.8, 1,     6582.7,   -3.4,    0.8262, 2,    6582.69, -123.4,    0.8262, 3,    6582.69,  116.6,    0.8262
"SCN_CN15_9206_CEI109", 13.8, 1,    6582.89,   -3.4,   0.82622, 2,    6582.88, -123.4,   0.82622, 3,    6582.88,  116.6,   0.82622
"SCN_CN15_9208_CEI109", 13.8, 1,    6583.07,   -3.4,   0.82625, 2,    6583.06, -123.4,   0.82625, 3,    6583.06,  116.6,   0.82625
"SCN_CN15_9207_CEI109", 13.8, 1,    6583.05,   -3.4,   0.82624, 2,    6583.04, -123.4,   0.82624, 3,    6583.04,  116.6,   0.82624
"SCN_CN15_9209_CEI109", 13.8, 1,    6582.96,   -3.4,   0.82623, 2,    6582.95, -123.4,   0.82623, 3,    6582.95,  116.6,   0.82623
"SCN_CN15_9210_CEI109", 13.8, 1,    6582.87,   -3.4,   0.82622, 2,    6582.85, -123.4,   0.82622, 3,    6582.86,  116.6,   0.82622
"SCN_CN15_9211_CEI109", 13.8, 1,    6582.85,   -3.4,   0.82622, 2,    6582.83, -123.4,   0.82622, 3,    6582.84,  116.6,   0.82622
"SCN_CN15_9212_CEI109", 13.8, 1,    6582.82,   -3.4,   0.82622, 2,    6582.81, -123.4,   0.82621, 3,    6582.82,  116.6,   0.82622
"SCN_CN15_9215_CEI109", 13.8, 1,    6582.76,   -3.4,   0.82621, 2,    6582.75, -123.4,   0.82621, 3,    6582.76,  116.6,   0.82621
"SCN_CN15_9216_CEI109", 13.8, 1,    6582.75,   -3.4,   0.82621, 2,    6582.73, -123.4,   0.82621, 3,    6582.74,  116.6,   0.82621
"SCN_CN15_9213_CEI109", 13.8, 1,     6582.8,   -3.4,   0.82621, 2,    6582.79, -123.4,   0.82621, 3,    6582.79,  116.6,   0.82621
"SCN_CN15_9214_CEI109", 13.8, 1,    6582.78,   -3.4,   0.82621, 2,    6582.76, -123.4,   0.82621, 3,    6582.77,  116.6,   0.82621
"SCN_CN15_9224_CEI109", 13.8, 1,    6583.34,   -3.4,   0.82628, 2,    6583.33, -123.4,   0.82628, 3,    6583.33,  116.6,   0.82628
"SCN_CN15_9226_CEI109", 13.8, 1,    6583.49,   -3.4,    0.8263, 2,    6583.47, -123.4,    0.8263, 3,    6583.48,  116.6,    0.8263
"SCN_CN15_9229_CEI109", 13.8, 1,    6583.68,   -3.4,   0.82632, 2,    6583.67, -123.4,   0.82632, 3,    6583.67,  116.6,   0.82632
"SCN_CN15_9231_CEI109", 13.8, 1,    6583.88,   -3.4,   0.82635, 2,    6583.87, -123.4,   0.82635, 3,    6583.87,  116.6,   0.82635
"SCN_CN15_9232_CEI109", 13.8, 1,    6584.07,   -3.4,   0.82637, 2,    6584.06, -123.4,   0.82637, 3,    6584.06,  116.6,   0.82637
"SCN_CN15_9240_CEI109", 13.8, 1,    6584.24,   -3.4,   0.82639, 2,    6584.23, -123.4,   0.82639, 3,    6584.23,  116.6,   0.82639
"SCN_CN15_9239_CEI109", 13.8, 1,    6584.44,   -3.4,   0.82642, 2,    6584.43, -123.4,   0.82642, 3,    6584.44,  116.6,   0.82642
"SCN_CN15_9238_CEI109", 13.8, 1,    6584.63,   -3.4,   0.82644, 2,    6584.62, -123.4,   0.82644, 3,    6584.63,  116.6,   0.82644
"SCN_CN15_9237_CEI109", 13.8, 1,    6584.82,   -3.4,   0.82647, 2,    6584.81, -123.4,   0.82647, 3,    6584.82,  116.6,   0.82647
"SCN_CN15_9235_CEI109", 13.8, 1,    6585.08,   -3.4,    0.8265, 2,    6585.06, -123.4,    0.8265, 3,    6585.07,  116.6,    0.8265
"SCN_CN15_9306_CEI109", 13.8, 1,    6584.65,   -3.4,   0.82645, 2,    6584.64, -123.4,   0.82644, 3,    6584.65,  116.6,   0.82645
"SCN_CN15_9307_CEI109", 13.8, 1,    6584.64,   -3.4,   0.82644, 2,    6584.63, -123.4,   0.82644, 3,    6584.63,  116.6,   0.82644
"SCN_CN15_9308_CEI109", 13.8, 1,    6584.62,   -3.4,   0.82644, 2,    6584.61, -123.4,   0.82644, 3,    6584.61,  116.6,   0.82644
"SCN_CN15_9309_CEI109", 13.8, 1,     6584.6,   -3.4,   0.82644, 2,    6584.59, -123.4,   0.82644, 3,    6584.59,  116.6,   0.82644
"SCN_CN15_9312_CEI109", 13.8, 1,    6584.59,   -3.4,   0.82644, 2,    6584.57, -123.4,   0.82644, 3,    6584.58,  116.6,   0.82644
"SCN_CN15_9313_CEI109", 13.8, 1,    6584.58,   -3.4,   0.82644, 2,    6584.56, -123.4,   0.82643, 3,    6584.57,  116.6,   0.82644
"SCN_CN15_9314_CEI109", 13.8, 1,    6584.56,   -3.4,   0.82643, 2,    6584.55, -123.4,   0.82643, 3,    6584.55,  116.6,   0.82643
"SCN_CN15_9315_CEI109", 13.8, 1,    6584.55,   -3.4,   0.82643, 2,    6584.54, -123.4,   0.82643, 3,    6584.54,  116.6,   0.82643
"SCN_CN15_9316_CEI109", 13.8, 1,    6584.54,   -3.4,   0.82643, 2,    6584.53, -123.4,   0.82643, 3,    6584.53,  116.6,   0.82643
"SCN_CN15_9318_CEI109", 13.8, 1,    6584.53,   -3.4,   0.82643, 2,    6584.51, -123.4,   0.82643, 3,    6584.52,  116.6,   0.82643
"SCN_CN15_9317_CEI109", 13.8, 1,    6584.52,   -3.4,   0.82643, 2,    6584.51, -123.4,   0.82643, 3,    6584.52,  116.6,   0.82643
"SCN_CN15_9320_CEI109", 13.8, 1,    6584.51,   -3.4,   0.82643, 2,    6584.49, -123.4,   0.82643, 3,     6584.5,  116.6,   0.82643
"SCN_CN15_9310_CEI109", 13.8, 1,     6584.6,   -3.4,   0.82644, 2,    6584.59, -123.4,   0.82644, 3,    6584.59,  116.6,   0.82644
"SCN_CN15_9265_CEI109", 13.8, 1,    6582.15,   -3.4,   0.82613, 2,    6582.14, -123.4,   0.82613, 3,    6582.14,  116.6,   0.82613
"SCN_CN15_9264_CEI109", 13.8, 1,    6582.14,   -3.4,   0.82613, 2,    6582.13, -123.4,   0.82613, 3,    6582.14,  116.6,   0.82613
"SCN_CN15_9263_CEI109", 13.8, 1,    6582.14,   -3.4,   0.82613, 2,    6582.12, -123.4,   0.82613, 3,    6582.13,  116.6,   0.82613
"SCN_CN15_9164_CEI109", 13.8, 1,     6581.7,   -3.4,   0.82608, 2,    6581.69, -123.4,   0.82607, 3,     6581.7,  116.6,   0.82607
"SCN_CN15_9162_CEI109_S", 13.8, 1,    6581.63,   -3.4,   0.82607, 2,    6581.61, -123.4,   0.82606, 3,    6581.62,  116.6,   0.82607
"SCN_CN15_9162_CEI109", 13.8, 1,    6581.63,   -3.4,   0.82607, 2,    6581.61, -123.4,   0.82606, 3,    6581.62,  116.6,   0.82607
"SCN_CN15_9163_CEI109", 13.8, 1,    6581.61,   -3.4,   0.82606, 2,     6581.6, -123.4,   0.82606, 3,    6581.61,  116.6,   0.82606
"SCN_CN15_9027_CEI220_ATV", 13.8, 1,    6581.61,   -3.4,   0.82606, 2,     6581.6, -123.4,   0.82606, 3,     6581.6,  116.6,   0.82606
"SCN_CN15_9161_CEI109", 13.8, 1,    6581.59,   -3.4,   0.82606, 2,    6581.57, -123.4,   0.82606, 3,    6581.58,  116.6,   0.82606
"SCN_CN15_9159_CEI109_S", 13.8, 1,    6581.55,   -3.4,   0.82606, 2,    6581.53, -123.4,   0.82605, 3,    6581.54,  116.6,   0.82606
"SCN_CN15_9028_CEI220_ATV", 13.8, 1,    6581.53,   -3.4,   0.82605, 2,    6581.52, -123.4,   0.82605, 3,    6581.53,  116.6,   0.82605
"SCN_CN15_9159_CEI109", 13.8, 1,    6581.55,   -3.4,   0.82606, 2,    6581.53, -123.4,   0.82605, 3,    6581.54,  116.6,   0.82606
"SCN_CN15_9157_CEI109_S", 13.8, 1,    6581.52,   -3.4,   0.82605, 2,    6581.51, -123.4,   0.82605, 3,    6581.51,  116.6,   0.82605
"SCN_CN15_9158_CEI109", 13.8, 1,     6581.5,   -3.4,   0.82605, 2,    6581.49, -123.4,   0.82605, 3,     6581.5,  116.6,   0.82605
"SCN_CN15_9073_CEI131_ATV", 13.8, 1,    6624.75,   -3.2,   0.83148, 2,    6624.74, -123.2,   0.83148, 3,    6624.75,  116.8,   0.83148
"SCN_CN15_9014_CEIRJ013_ATV", 13.8, 1,    6708.31,   -2.9,   0.84197, 2,     6708.3, -122.9,   0.84196, 3,     6708.3,  117.1,   0.84197
"SCN_CN15_421164_CEI", 13.8, 1,    6581.46,   -3.4,   0.82604, 2,    6581.44, -123.4,   0.82604, 3,    6581.45,  116.6,   0.82604
"SCN_CN15_9152_CEI109", 13.8, 1,    6581.42,   -3.4,   0.82604, 2,    6581.41, -123.4,   0.82604, 3,    6581.41,  116.6,   0.82604
"SCN_CN15_9151_CEI109", 13.8, 1,    6581.41,   -3.4,   0.82604, 2,    6581.39, -123.4,   0.82604, 3,     6581.4,  116.6,   0.82604
"SCN_CN15_9150_CEI109", 13.8, 1,    6581.39,   -3.4,   0.82604, 2,    6581.38, -123.4,   0.82604, 3,    6581.39,  116.6,   0.82604
"SCN_CN15_9122_CEI109", 13.8, 1,    6581.37,   -3.4,   0.82603, 2,    6581.36, -123.4,   0.82603, 3,    6581.36,  116.6,   0.82603
"SCN_CN15_9123_CEI109", 13.8, 1,    6581.35,   -3.4,   0.82603, 2,    6581.33, -123.4,   0.82603, 3,    6581.34,  116.6,   0.82603
"SCN_CN15_9124_CEI109", 13.8, 1,    6581.32,   -3.4,   0.82603, 2,    6581.31, -123.4,   0.82603, 3,    6581.31,  116.6,   0.82603
"SCN_CN15_9065_CEI201_ATV", 13.8, 1,    6564.02,   -3.5,   0.82386, 2,    6564.01, -123.5,   0.82385, 3,    6564.02,  116.5,   0.82386
"SCN_CN15_9069_CEI201_ATV_S", 13.8, 1,     6563.2,   -3.5,   0.82375, 2,    6563.19, -123.5,   0.82375, 3,     6563.2,  116.5,   0.82375
"SCN_CN15_9069_CEI201_ATV", 13.8, 1,     6563.2,   -3.5,   0.82375, 2,    6563.19, -123.5,   0.82375, 3,     6563.2,  116.5,   0.82375
"SCN_CN15_9070_CEI201_ATV", 13.8, 1,     6563.2,   -3.5,   0.82375, 2,    6563.18, -123.5,   0.82375, 3,    6563.19,  116.5,   0.82375
"SCN_CN15_9068_CEI201_ATV", 13.8, 1,    6562.36,   -3.5,   0.82365, 2,    6562.35, -123.5,   0.82365, 3,    6562.36,  116.5,   0.82365
"SCN_CN15_9067_CEI201_ATV", 13.8, 1,    6562.34,   -3.5,   0.82365, 2,    6562.33, -123.5,   0.82364, 3,    6562.33,  116.5,   0.82364
"SCN_CN15_9072_CEI201_ATV", 13.8, 1,     6561.6,   -3.5,   0.82355, 2,    6561.59, -123.5,   0.82355, 3,    6561.59,  116.5,   0.82355
"SCN_CN15_9071_CEI201_ATV", 13.8, 1,    6561.59,   -3.5,   0.82355, 2,    6561.58, -123.5,   0.82355, 3,    6561.58,  116.5,   0.82355
"SCN_CN15_9044_CEI148A_ATV", 13.8, 1,    6560.87,   -3.5,   0.82346, 2,    6560.85, -123.5,   0.82346, 3,    6560.86,  116.5,   0.82346
"SCN_CN15_9043_CEI148A_ATV_S", 13.8, 1,    6560.11,   -3.5,   0.82337, 2,     6560.1, -123.5,   0.82336, 3,     6560.1,  116.5,   0.82336
"SCN_CN15_9093_CEI148_ATV", 13.8, 1,    6560.04,   -3.5,   0.82336, 2,    6560.03, -123.5,   0.82335, 3,    6560.03,  116.5,   0.82336
"SCN_CN15_9043_CEI148A_ATV", 13.8, 1,    6560.11,   -3.5,   0.82337, 2,     6560.1, -123.5,   0.82336, 3,     6560.1,  116.5,   0.82336
"SCN_CN15_9094_CEI148_ATV", 13.8, 1,    6559.99,   -3.5,   0.82335, 2,    6559.97, -123.5,   0.82335, 3,    6559.98,  116.5,   0.82335
"SCN_CN15_9095_CEI148_ATV", 13.8, 1,    6559.97,   -3.5,   0.82335, 2,    6559.95, -123.5,   0.82335, 3,    6559.96,  116.5,   0.82335
"SCN_CN15_9097_CEI148_ATV", 13.8, 1,    6559.96,   -3.5,   0.82335, 2,    6559.94, -123.5,   0.82334, 3,    6559.95,  116.5,   0.82335
"SCN_CN15_9096_CEI148_ATV", 13.8, 1,    6559.95,   -3.5,   0.82335, 2,    6559.93, -123.5,   0.82334, 3,    6559.94,  116.5,   0.82334
"SCN_CN15_9046_CEI148A_ATV", 13.8, 1,    6559.45,   -3.5,   0.82328, 2,    6559.44, -123.5,   0.82328, 3,    6559.45,  116.5,   0.82328
"SCN_CN15_9042_CEI148A_ATV_S", 13.8, 1,    6558.75,   -3.5,   0.82319, 2,    6558.73, -123.5,   0.82319, 3,    6558.74,  116.5,   0.82319
"SCN_CN15_9042_CEI148A_ATV", 13.8, 1,    6558.75,   -3.5,   0.82319, 2,    6558.73, -123.5,   0.82319, 3,    6558.74,  116.5,   0.82319
"SCN_CN15_9047_CEI148A_ATV", 13.8, 1,    6558.73,   -3.5,   0.82319, 2,    6558.71, -123.5,   0.82319, 3,    6558.72,  116.5,   0.82319
"SCN_CN15_9041_CEI148A_ATV", 13.8, 1,    6558.28,   -3.5,   0.82314, 2,    6558.26, -123.5,   0.82313, 3,    6558.27,  116.5,   0.82313
"SCN_CN15_9048_CEI148A_ATV", 13.8, 1,    6558.26,   -3.5,   0.82313, 2,    6558.25, -123.5,   0.82313, 3,    6558.25,  116.5,   0.82313
"SCN_CN15_9038_CEI148A_ATV", 13.8, 1,    6557.61,   -3.5,   0.82305, 2,     6557.6, -123.5,   0.82305, 3,     6557.6,  116.5,   0.82305
"SCN_CN15_9037_CEI148A_ATV", 13.8, 1,     6557.6,   -3.5,   0.82305, 2,    6557.58, -123.5,   0.82305, 3,    6557.59,  116.5,   0.82305
"SCN_CN15_9036_CEI148A_ATV", 13.8, 1,    6557.59,   -3.5,   0.82305, 2,    6557.57, -123.5,   0.82305, 3,    6557.58,  116.5,   0.82305
"SCN_CN15_9039_CEI148A_ATV", 13.8, 1,    6557.24,   -3.5,   0.82301, 2,    6557.23, -123.5,     0.823, 3,    6557.24,  116.5,     0.823
"SCN_CN15_9040_CEI148A_ATV", 13.8, 1,    6556.62,   -3.5,   0.82293, 2,     6556.6, -123.5,   0.82293, 3,    6556.61,  116.5,   0.82293
"SCN_CN15_9078_CEI148_ATV_S", 13.8, 1,    6556.14,   -3.5,   0.82287, 2,    6556.12, -123.5,   0.82287, 3,    6556.13,  116.5,   0.82287
"SCN_CN15_9076_CEI148_ATV", 13.8, 1,    6554.95,   -3.5,   0.82272, 2,    6554.93, -123.5,   0.82272, 3,    6554.94,  116.5,   0.82272
"SCN_CN15_9077_CEI148_ATV", 13.8, 1,     6555.4,   -3.5,   0.82277, 2,    6555.39, -123.5,   0.82277, 3,    6555.39,  116.5,   0.82277
"SCN_CN15_9078_CEI148_ATV", 13.8, 1,    6556.14,   -3.5,   0.82287, 2,    6556.12, -123.5,   0.82287, 3,    6556.13,  116.5,   0.82287
"SCN_CN15_9267_CEI109", 13.8, 1,    6612.93,   -3.3,   0.82999, 2,    6612.92, -123.3,   0.82999, 3,    6612.92,  116.7,   0.82999
"SCN_CN15_9079_CEI148_ATV", 13.8, 1,    6556.14,   -3.5,   0.82287, 2,    6556.12, -123.5,   0.82287, 3,    6556.13,  116.5,   0.82287
"SCN_CN15_9075_CEI148_ATV", 13.8, 1,    6707.85,   -2.9,   0.84191, 2,    6707.84, -122.9,   0.84191, 3,    6707.84,  117.1,   0.84191
"SCN_CN15_9076_CEI148_ATV_S", 13.8, 1,    6707.85,   -2.9,   0.84191, 2,    6707.84, -122.9,   0.84191, 3,    6707.84,  117.1,   0.84191
"SCN_CN15_9073_CEI148_ATV", 13.8, 1,    6707.85,   -2.9,   0.84191, 2,    6707.84, -122.9,   0.84191, 3,    6707.84,  117.1,   0.84191
"SCN_CN15_9074_CEI148_ATV", 13.8, 1,    6707.84,   -2.9,   0.84191, 2,    6707.83, -122.9,   0.84191, 3,    6707.84,  117.1,   0.84191
"SCN_CN15_9080_CEI148_ATV", 13.8, 1,    6554.44,   -3.5,   0.82265, 2,    6554.43, -123.5,   0.82265, 3,    6554.43,  116.5,   0.82265
"SCN_CN15_9081_CEI148_ATV", 13.8, 1,    6553.57,   -3.5,   0.82254, 2,    6553.55, -123.5,   0.82254, 3,    6553.56,  116.5,   0.82254
"SCN_CN15_9082_CEI148_ATV", 13.8, 1,    6553.02,   -3.5,   0.82248, 2,    6553.01, -123.5,   0.82247, 3,    6553.01,  116.5,   0.82247
"SCN_CN15_9171_CEI69A", 13.8, 1,    6553.54,   -3.5,   0.82254, 2,    6553.53, -123.5,   0.82254, 3,    6553.54,  116.5,   0.82254
"SCN_CN15_9070_CEI148_ATV", 13.8, 1,    6707.86,   -2.9,   0.84191, 2,    6707.85, -122.9,   0.84191, 3,    6707.86,  117.1,   0.84191
"SCN_CN15_9073_CEI148_ATV_S", 13.8, 1,    6707.85,   -2.9,   0.84191, 2,    6707.84, -122.9,   0.84191, 3,    6707.84,  117.1,   0.84191
"SCN_CN15_9268_CEI109", 13.8, 1,    6612.23,   -3.3,   0.82991, 2,    6612.22, -123.3,   0.82991, 3,    6612.23,  116.7,   0.82991
"SCN_CN15_9068_CEI148_ATV", 13.8, 1,    6707.92,   -2.9,   0.84192, 2,    6707.91, -122.9,   0.84192, 3,    6707.92,  117.1,   0.84192
"SCN_CN15_9070_CEI148_ATV_S", 13.8, 1,    6707.86,   -2.9,   0.84191, 2,    6707.85, -122.9,   0.84191, 3,    6707.86,  117.1,   0.84191
"SCN_CN15_9069_CEI148_ATV", 13.8, 1,    6707.91,   -2.9,   0.84192, 2,     6707.9, -122.9,   0.84191, 3,     6707.9,  117.1,   0.84191
"SCN_CN15_9071_CEI148_ATV", 13.8, 1,    6707.84,   -2.9,   0.84191, 2,    6707.83, -122.9,   0.84191, 3,    6707.83,  117.1,   0.84191
"SCN_CN15_9072_CEI148_ATV", 13.8, 1,    6707.82,   -2.9,    0.8419, 2,    6707.81, -122.9,    0.8419, 3,    6707.81,  117.1,    0.8419
"SCN_CN15_9065_CEI148_ATV", 13.8, 1,    6707.99,   -2.9,   0.84193, 2,    6707.98, -122.9,   0.84192, 3,    6707.98,  117.1,   0.84193
"SCN_CN15_9066_CEI148_ATV", 13.8, 1,    6707.97,   -2.9,   0.84192, 2,    6707.96, -122.9,   0.84192, 3,    6707.96,  117.1,   0.84192
"SCN_CN15_9033_CEI160_ATV", 13.8, 1,    6707.86,   -2.9,   0.84191, 2,    6707.85, -122.9,   0.84191, 3,    6707.86,  117.1,   0.84191
"SCN_CN15_9055_CEI201_ATV", 13.8, 1,    6707.78,   -2.9,    0.8419, 2,    6707.77, -122.9,    0.8419, 3,    6707.78,  117.1,    0.8419
"SCN_CN15_9056_CEI201_ATV", 13.8, 1,    6707.81,   -2.9,    0.8419, 2,     6707.8, -122.9,    0.8419, 3,     6707.8,  117.1,    0.8419
"SCN_CN15_9034_CEI160_ATV_S", 13.8, 1,    6707.83,   -2.9,   0.84191, 2,    6707.81, -122.9,    0.8419, 3,    6707.82,  117.1,    0.8419
"SCN_CN15_9032_CEI160_ATV", 13.8, 1,    6707.82,   -2.9,    0.8419, 2,    6707.81, -122.9,    0.8419, 3,    6707.81,  117.1,    0.8419
"SCN_CN15_9034_CEI160_ATV", 13.8, 1,    6707.83,   -2.9,   0.84191, 2,    6707.81, -122.9,    0.8419, 3,    6707.82,  117.1,    0.8419
"SCN_CN15_9169_CEI69A", 13.8, 1,    6708.23,   -2.9,   0.84196, 2,    6708.22, -122.9,   0.84195, 3,    6708.23,  117.1,   0.84196
"SCN_CN15_9065_CEI148_ATV_S", 13.8, 1,    6707.99,   -2.9,   0.84193, 2,    6707.98, -122.9,   0.84192, 3,    6707.98,  117.1,   0.84193
"SCN_CN15_9064_CEI148_ATV", 13.8, 1,    6708.27,   -2.9,   0.84196, 2,    6708.26, -122.9,   0.84196, 3,    6708.26,  117.1,   0.84196
"SCN_CN15_9168_CEI69A", 13.8, 1,    6708.32,   -2.9,   0.84197, 2,     6708.3, -122.9,   0.84197, 3,    6708.31,  117.1,   0.84197
"SCN_CN15_9167_CEI69A", 13.8, 1,    6708.41,   -2.9,   0.84198, 2,     6708.4, -122.9,   0.84198, 3,     6708.4,  117.1,   0.84198
"SCN_CN15_9063_CEI148_ATV", 13.8, 1,    6708.59,   -2.9,     0.842, 2,    6708.58, -122.9,     0.842, 3,    6708.58,  117.1,     0.842
"SCN_CN15_9062_CEI148_ATV", 13.8, 1,     6708.9,   -2.9,   0.84204, 2,    6708.89, -122.9,   0.84204, 3,    6708.89,  117.1,   0.84204
"SCN_CN15_9063_CEI148_ATV_S", 13.8, 1,    6708.59,   -2.9,     0.842, 2,    6708.58, -122.9,     0.842, 3,    6708.58,  117.1,     0.842
"SCN_CN15_9061_CEI148_ATV", 13.8, 1,    6709.28,   -2.9,   0.84209, 2,    6709.27, -122.9,   0.84209, 3,    6709.27,  117.1,   0.84209
"SCN_CN15_9055_CEI148_ATV", 13.8, 1,     6709.5,   -2.9,   0.84212, 2,    6709.49, -122.9,   0.84211, 3,    6709.49,  117.1,   0.84211
"SCN_CN15_9056_CEI148_ATV", 13.8, 1,    6709.46,   -2.9,   0.84211, 2,    6709.45, -122.9,   0.84211, 3,    6709.46,  117.1,   0.84211
"SCN_CN15_9057_CEI148_ATV", 13.8, 1,    6709.42,   -2.9,   0.84211, 2,    6709.41, -122.9,    0.8421, 3,    6709.42,  117.1,   0.84211
"SCN_CN15_9058_CEI148_ATV", 13.8, 1,    6709.36,   -2.9,    0.8421, 2,    6709.35, -122.9,    0.8421, 3,    6709.36,  117.1,    0.8421
"SCN_CN15_9059_CEI148_ATV", 13.8, 1,    6709.33,   -2.9,   0.84209, 2,    6709.32, -122.9,   0.84209, 3,    6709.32,  117.1,   0.84209
"SCN_CN15_9060_CEI148_ATV", 13.8, 1,     6709.3,   -2.9,   0.84209, 2,    6709.29, -122.9,   0.84209, 3,    6709.29,  117.1,   0.84209
"SCN_CN15_9054_CEI148_ATV", 13.8, 1,    6709.87,   -2.9,   0.84216, 2,    6709.86, -122.9,   0.84216, 3,    6709.86,  117.1,   0.84216
"SCN_CN15_9055_CEI148_ATV_S", 13.8, 1,     6709.5,   -2.9,   0.84212, 2,    6709.49, -122.9,   0.84211, 3,    6709.49,  117.1,   0.84211
"SCN_CN15_9052_CEI148_ATV", 13.8, 1,    6710.09,   -2.9,   0.84219, 2,    6710.08, -122.9,   0.84219, 3,    6710.08,  117.1,   0.84219
"SCN_CN15_9053_CEI148_ATV", 13.8, 1,    6710.08,   -2.9,   0.84219, 2,    6710.07, -122.9,   0.84219, 3,    6710.07,  117.1,   0.84219
"SCN_CN15_9027_CEI148_ATV", 13.8, 1,    6710.26,   -2.9,   0.84221, 2,    6710.25, -122.9,   0.84221, 3,    6710.25,  117.1,   0.84221
"SCN_CN15_9028_CEI148_ATV", 13.8, 1,    6709.96,   -2.9,   0.84217, 2,    6709.95, -122.9,   0.84217, 3,    6709.96,  117.1,   0.84217
"SCN_CN15_9029_CEI148_ATV", 13.8, 1,    6709.82,   -2.9,   0.84216, 2,     6709.8, -122.9,   0.84215, 3,    6709.81,  117.1,   0.84215
"SCN_CN15_9030_CEI148_ATV_S", 13.8, 1,    6709.65,   -2.9,   0.84213, 2,    6709.64, -122.9,   0.84213, 3,    6709.64,  117.1,   0.84213
"SCN_CN15_9036_CEI148_ATV", 13.8, 1,    6709.53,   -2.9,   0.84212, 2,    6709.51, -122.9,   0.84212, 3,    6709.52,  117.1,   0.84212
"SCN_CN15_9030_CEI148_ATV", 13.8, 1,    6709.65,   -2.9,   0.84213, 2,    6709.64, -122.9,   0.84213, 3,    6709.64,  117.1,   0.84213
"SCN_CN15_9040_CEI148_ATV", 13.8, 1,    6709.06,   -2.9,   0.84206, 2,    6709.05, -122.9,   0.84206, 3,    6709.05,  117.1,   0.84206
"SCN_CN15_9132_CEI201_ATV", 13.8, 1,    6709.05,   -2.9,   0.84206, 2,    6709.04, -122.9,   0.84206, 3,    6709.05,  117.1,   0.84206
"SCN_CN15_9043_CEI148_ATV", 13.8, 1,    6708.76,   -2.9,   0.84202, 2,    6708.75, -122.9,   0.84202, 3,    6708.76,  117.1,   0.84202
"SCN_CN15_9044_CEI148_ATV", 13.8, 1,    6708.75,   -2.9,   0.84202, 2,    6708.74, -122.9,   0.84202, 3,    6708.75,  117.1,   0.84202
"SCN_CN15_9031_CEI148_ATV", 13.8, 1,    6709.62,   -2.9,   0.84213, 2,    6709.61, -122.9,   0.84213, 3,    6709.62,  117.1,   0.84213
"SCN_CN15_9033_CEI148_ATV", 13.8, 1,    6709.61,   -2.9,   0.84213, 2,     6709.6, -122.9,   0.84213, 3,    6709.61,  117.1,   0.84213
"SCN_CN15_9034_CEI148_ATV", 13.8, 1,    6709.61,   -2.9,   0.84213, 2,    6709.59, -122.9,   0.84213, 3,     6709.6,  117.1,   0.84213
"SCN_CN15_9035_CEI148_ATV", 13.8, 1,     6709.6,   -2.9,   0.84213, 2,    6709.58, -122.9,   0.84213, 3,    6709.59,  117.1,   0.84213
"SCN_CN15_9032_CEI148_ATV", 13.8, 1,    6709.62,   -2.9,   0.84213, 2,    6709.61, -122.9,   0.84213, 3,    6709.61,  117.1,   0.84213
"SCN_CN15_9026_CEI148_ATV", 13.8, 1,    6710.59,   -2.9,   0.84225, 2,    6710.58, -122.9,   0.84225, 3,    6710.59,  117.1,   0.84225
"SCN_CN15_9027_CEI148_ATV_S", 13.8, 1,    6710.26,   -2.9,   0.84221, 2,    6710.25, -122.9,   0.84221, 3,    6710.25,  117.1,   0.84221
"SCN_CN15_9025_CEI148_ATV", 13.8, 1,    6710.91,   -2.9,   0.84229, 2,     6710.9, -122.9,   0.84229, 3,    6710.91,  117.1,   0.84229
"SCN_CN15_9024_CEI148_ATV", 13.8, 1,    6711.23,   -2.9,   0.84233, 2,    6711.22, -122.9,   0.84233, 3,    6711.23,  117.1,   0.84233
"SCN_CN15_9023_CEI148_ATV", 13.8, 1,    6711.56,   -2.9,   0.84237, 2,    6711.55, -122.9,   0.84237, 3,    6711.56,  117.1,   0.84237
"SCN_CN15_9022_CEI148_ATV", 13.8, 1,    6711.95,   -2.9,   0.84242, 2,    6711.93, -122.9,   0.84242, 3,    6711.94,  117.1,   0.84242
"SCN_CN15_9020_CEI148_ATV", 13.8, 1,     6712.3,   -2.9,   0.84247, 2,    6712.29, -122.9,   0.84247, 3,    6712.29,  117.1,   0.84247
"SCN_CN15_9021_CEI148_ATV", 13.8, 1,    6712.28,   -2.9,   0.84246, 2,    6712.27, -122.9,   0.84246, 3,    6712.28,  117.1,   0.84246
"SCN_CN15_9019_CEI148_ATV", 13.8, 1,    6712.76,   -2.9,   0.84252, 2,    6712.75, -122.9,   0.84252, 3,    6712.75,  117.1,   0.84252
"SCN_CN15_9020_CEI148_ATV_S", 13.8, 1,     6712.3,   -2.9,   0.84247, 2,    6712.29, -122.9,   0.84247, 3,    6712.29,  117.1,   0.84247
"SCN_CN15_9013_CEI148_ATV", 13.8, 1,    6713.11,   -2.9,   0.84257, 2,    6713.09, -122.9,   0.84257, 3,     6713.1,  117.1,   0.84257
"SCN_CN15_9012_CEI148_ATV", 13.8, 1,    6713.52,   -2.9,   0.84262, 2,    6713.51, -122.9,   0.84262, 3,    6713.52,  117.1,   0.84262
"SCN_CN15_9014_CEI148_ATV", 13.8, 1,     6713.1,   -2.9,   0.84257, 2,    6713.09, -122.9,   0.84257, 3,     6713.1,  117.1,   0.84257
"SCN_CN15_9011_CEI148_ATV", 13.8, 1,    6713.93,   -2.9,   0.84267, 2,    6713.92, -122.9,   0.84267, 3,    6713.93,  117.1,   0.84267
"SCN_CN15_9010_CEI148_ATV", 13.8, 1,    6714.33,   -2.9,   0.84272, 2,    6714.32, -122.9,   0.84272, 3,    6714.33,  117.1,   0.84272
"SCN_CN15_9006_CEI148_ATV", 13.8, 1,    6714.74,   -2.9,   0.84277, 2,    6714.73, -122.9,   0.84277, 3,    6714.74,  117.1,   0.84277
"SCN_CN15_9007_CEI148_ATV", 13.8, 1,    6714.73,   -2.9,   0.84277, 2,    6714.71, -122.9,   0.84277, 3,    6714.72,  117.1,   0.84277
"SCN_CN15_9008_CEI148_ATV", 13.8, 1,    6714.71,   -2.9,   0.84277, 2,     6714.7, -122.9,   0.84277, 3,     6714.7,  117.1,   0.84277
"SCN_CN15_9009_CEI148_ATV", 13.8, 1,     6714.7,   -2.9,   0.84277, 2,    6714.68, -122.9,   0.84277, 3,    6714.69,  117.1,   0.84277
"SCN_CN15_9005_CEI148_ATV", 13.8, 1,    6715.17,   -2.9,   0.84283, 2,    6715.16, -122.9,   0.84283, 3,    6715.17,  117.1,   0.84283
"SCN_CN15_9001_CEI148_ATV", 13.8, 1,     6715.6,   -2.9,   0.84288, 2,    6715.58, -122.9,   0.84288, 3,    6715.59,  117.1,   0.84288
"SCN_CN15_9002_CEI148_ATV", 13.8, 1,    6715.57,   -2.9,   0.84288, 2,    6715.56, -122.9,   0.84288, 3,    6715.56,  117.1,   0.84288
"SCN_CN15_9001_CEI148_ATV_S", 13.8, 1,     6715.6,   -2.9,   0.84288, 2,    6715.58, -122.9,   0.84288, 3,    6715.59,  117.1,   0.84288
"SCN_CN15_9037_CEI220_ATV_S", 13.8, 1,    6622.81,   -3.2,   0.83123, 2,    6622.79, -123.2,   0.83123, 3,     6622.8,  116.8,   0.83123
"SCN_CN15_9001_CEI109_S", 13.8, 1,    6721.77,   -2.8,   0.84366, 2,    6721.75, -122.8,   0.84365, 3,    6721.76,  117.2,   0.84365
"SCN_CN15_9149_CEI230_ATV_S", 13.8, 1,    6643.43,   -3.0,   0.83382, 2,    6643.42, -123.0,   0.83382, 3,    6643.42,  117.0,   0.83382
"SCN_CN15_9201_CEI109_S", 13.8, 1,    6582.16,   -3.4,   0.82613, 2,    6582.14, -123.4,   0.82613, 3,    6582.15,  116.6,   0.82613
"CN_BPS1-13", 13.8, 2,    6919.75, -122.4,    0.8685, 3,    6919.76,  117.6,   0.86851, 8,    6919.76,   -2.4,   0.86851
"CN_CH2175_DJCN-15", 13.8, 1,    6919.76,   -2.4,   0.86851, 2,    6919.75, -122.4,    0.8685, 3,    6919.76,  117.6,   0.86851
"SCN_CN15_9003_CEI075_S", 13.8, 1,     6663.2,   -2.9,    0.8363, 2,    6663.19, -122.9,    0.8363, 3,    6663.19,  117.1,    0.8363
"SCN_CN15_9025_CEI074_S", 13.8, 1,    6633.26,   -3.0,   0.83255, 2,    6633.24, -123.0,   0.83254, 3,    6633.25,  117.0,   0.83255
"SCN_CN15_9029_CEI109_S", 13.8, 1,    6635.99,   -3.2,   0.83289, 2,    6635.98, -123.2,   0.83289, 3,    6635.98,  116.8,   0.83289
"SCN_CN15_9039_CEI130A_ATV_S", 13.8, 1,    6915.02,   -2.4,   0.86791, 2,    6915.01, -122.4,   0.86791, 3,    6915.01,  117.6,   0.86791
"SCN_CN15_9088_CEI075_S", 13.8, 1,     6646.8,   -3.0,   0.83425, 2,    6646.79, -123.0,   0.83424, 3,    6646.79,  117.0,   0.83424
"SCN_CN15_9038_CEI130A_ATV_S", 13.8, 1,    6915.02,   -2.4,   0.86791, 2,    6915.01, -122.4,   0.86791, 3,    6915.01,  117.6,   0.86791
"SCN_CN15_9185_CEI69A_S", 13.8, 1,    6721.36,   -2.8,    0.8436, 2,    6721.35, -122.8,    0.8436, 3,    6721.35,  117.2,    0.8436
"SCN_CN15_9020_CEI075_S", 13.8, 1,     6656.4,   -2.9,   0.83545, 2,    6656.38, -122.9,   0.83545, 3,    6656.39,  117.1,   0.83545
"SCN_CN15_9170_CEI77A_ATV_S", 13.8, 1,    7731.61,   -0.8,    0.9704, 2,    7731.61, -120.8,    0.9704, 3,    7731.61,  119.2,    0.9704
"SCN_CN15_9101_CEI109_S", 13.8, 1,    6623.09,   -3.2,   0.83127, 2,    6623.08, -123.2,   0.83127, 3,    6623.09,  116.8,   0.83127
"SCN_CN15_9068_CEI201_ATV_S", 13.8, 1,    6562.36,   -3.5,   0.82365, 2,    6562.35, -123.5,   0.82365, 3,    6562.36,  116.5,   0.82365
"SCN_CN15_9008_CEI121_S", 13.8, 1,    6620.29,   -3.2,   0.83092, 2,    6620.28, -123.2,   0.83092, 3,    6620.29,  116.8,   0.83092
"SCN_CN15_9081_CEI148_ATV_S", 13.8, 1,    6553.57,   -3.5,   0.82254, 2,    6553.55, -123.5,   0.82254, 3,    6553.56,  116.5,   0.82254
"SCN_CN15_9001_CEI134A_ATV_S", 13.8, 1,    6620.65,   -3.2,   0.83096, 2,    6620.63, -123.2,   0.83096, 3,    6620.64,  116.8,   0.83096
"SCN_CN15_9208_CEI77A_ATV_S", 13.8, 1,    7731.55,   -0.8,   0.97039, 2,    7731.55, -120.8,   0.97039, 3,    7731.55,  119.2,   0.97039
"SCN_CN15_9031_CEI074_S", 13.8, 1,    6633.87,   -3.0,   0.83262, 2,    6633.86, -123.0,   0.83262, 3,    6633.86,  117.0,   0.83262
"SCN_CN15_9027_CEI074_S", 13.8, 1,    6633.38,   -3.0,   0.83256, 2,    6633.36, -123.0,   0.83256, 3,    6633.37,  117.0,   0.83256
"SCN_CN15_9080_CEI075_S", 13.8, 1,    6643.03,   -3.0,   0.83377, 2,    6643.02, -123.0,   0.83377, 3,    6643.02,  117.0,   0.83377
"SCN_CN15_9062_CEI77A_ATV_S", 13.8, 1,    7421.42,   -1.4,   0.93147, 2,    7421.41, -121.4,   0.93147, 3,    7421.42,  118.6,   0.93147
"SCN_CN15_9057_CEI075_S", 13.8, 1,    6654.53,   -2.9,   0.83522, 2,    6654.52, -122.9,   0.83521, 3,    6654.52,  117.1,   0.83522
"SCN_CN15_9082_CEI075_S", 13.8, 1,    6643.53,   -3.0,   0.83384, 2,    6643.52, -123.0,   0.83383, 3,    6643.52,  117.0,   0.83383
"SCN_CN15_9175_CEI230_ATV_S", 13.8, 1,    6654.89,   -2.9,   0.83526, 2,    6654.88, -122.9,   0.83526, 3,    6654.88,  117.1,   0.83526
"SCN_CN15_9072_CEI201_ATV_S", 13.8, 1,     6561.6,   -3.5,   0.82355, 2,    6561.59, -123.5,   0.82355, 3,    6561.59,  116.5,   0.82355
"SCN_CN15_9042_CEI074_S", 13.8, 1,    6635.82,   -3.0,   0.83287, 2,    6635.81, -123.0,   0.83287, 3,    6635.81,  117.0,   0.83287
"SCN_CN15_9282_CEI250_ATV_S", 13.8, 1,     7126.5,   -2.0,   0.89445, 2,     7126.5, -122.0,   0.89445, 3,     7126.5,  118.0,   0.89445
"SCN_CN15_9095_CEI148_ATV_S", 13.8, 1,    6559.97,   -3.5,   0.82335, 2,    6559.95, -123.5,   0.82335, 3,    6559.96,  116.5,   0.82335
"SCN_CN15_9211_CEI77A_ATV_S", 13.8, 1,    7731.49,   -0.8,   0.97039, 2,    7731.49, -120.8,   0.97039, 3,    7731.49,  119.2,   0.97039
"SCN_CN15_9087_CEI148_ATV_S", 13.8, 1,    6551.48,   -3.5,   0.82228, 2,    6551.46, -123.5,   0.82228, 3,    6551.47,  116.5,   0.82228
"SCN_CN15_9207_CEI109_S", 13.8, 1,    6583.05,   -3.4,   0.82624, 2,    6583.04, -123.4,   0.82624, 3,    6583.04,  116.6,   0.82624
"SCN_CN15_9058_CEI160_ATV_S", 13.8, 1,    7147.18,   -2.0,   0.89705, 2,    7147.17, -122.0,   0.89705, 3,    7147.17,  118.0,   0.89705
"SCN_CN15_9081_CEI77A_ATV_S", 13.8, 1,    7418.28,   -1.4,   0.93108, 2,    7418.28, -121.4,   0.93107, 3,    7418.28,  118.6,   0.93108
"SCN_CN15_9492_CEI109_S", 13.8, 1,    6563.54,   -3.5,    0.8238, 2,    6563.53, -123.5,   0.82379, 3,    6563.54,  116.5,    0.8238
"SCN_CN15_9042_CEI220_ATV_S", 13.8, 1,     6622.9,   -3.2,   0.83125, 2,    6622.89, -123.2,   0.83124, 3,    6622.89,  116.8,   0.83125
"SCN_CN15_9166_CEI109_S", 13.8, 1,    6581.82,   -3.4,   0.82609, 2,    6581.81, -123.4,   0.82609, 3,    6581.81,  116.6,   0.82609
"SCN_CN15_9091_CEI075_S", 13.8, 1,    6647.93,   -3.0,   0.83439, 2,    6647.92, -123.0,   0.83439, 3,    6647.92,  117.0,   0.83439
"SCN_CN15_9038_CEI148A_ATV_S", 13.8, 1,    6557.61,   -3.5,   0.82305, 2,     6557.6, -123.5,   0.82305, 3,     6557.6,  116.5,   0.82305
"SCN_CN15_9102_CEI77A_ATV_S", 13.8, 1,    7441.16,   -1.3,   0.93395, 2,    7441.16, -121.3,   0.93395, 3,    7441.16,  118.7,   0.93395
"SCN_CN15_9007_CEI075_S", 13.8, 1,    6659.95,   -2.9,    0.8359, 2,    6659.94, -122.9,   0.83589, 3,    6659.94,  117.1,    0.8359
"SCN_CN15_9150_CEI230_ATV_S", 13.8, 1,    6643.43,   -3.0,   0.83382, 2,    6643.42, -123.0,   0.83382, 3,    6643.42,  117.0,   0.83382
"SCN_CN15_9203_CEI230_ATV_S", 13.8, 1,    6551.34,   -3.5,   0.82226, 2,    6551.33, -123.5,   0.82226, 3,    6551.33,  116.5,   0.82226
"SCN_CN15_9313_CEI250_ATV_S", 13.8, 1,    7144.98,   -2.0,   0.89677, 2,    7144.97, -122.0,   0.89677, 3,    7144.98,  118.0,   0.89677
"SCN_CN15_9122_CEI201_ATV_S", 13.8, 1,    6721.77,   -2.8,   0.84366, 2,    6721.75, -122.8,   0.84365, 3,    6721.76,  117.2,   0.84365
"SCN_CN15_9144_CEI230_ATV_S", 13.8, 1,    6646.49,   -3.0,   0.83421, 2,    6646.47, -123.0,   0.83421, 3,    6646.48,  117.0,   0.83421
"SCN_CN15_9141_CEI230_ATV_S", 13.8, 1,     6646.5,   -3.0,   0.83421, 2,    6646.49, -123.0,   0.83421, 3,    6646.49,  117.0,   0.83421
"SCN_CN15_9428_CEI109_S", 13.8, 1,    6599.59,   -3.3,   0.82832, 2,    6599.57, -123.3,   0.82832, 3,    6599.58,  116.7,   0.82832
"SCN_CN15_9007_CEI134B_ATV_S", 13.8, 1,    6606.32,   -3.3,   0.82917, 2,    6606.31, -123.3,   0.82916, 3,    6606.31,  116.7,   0.82916
"SCN_CN15_9038_CEI148_ATV_S", 13.8, 1,    6709.35,   -2.9,    0.8421, 2,    6709.34, -122.9,    0.8421, 3,    6709.35,  117.1,    0.8421
"SCN_CN15_9323_CEI250_ATV_S", 13.8, 1,    7143.48,   -2.0,   0.89658, 2,    7143.47, -122.0,   0.89658, 3,    7143.48,  118.0,   0.89658
"SCN_CN15_9485_CEI109_S", 13.8, 1,    6563.77,   -3.5,   0.82383, 2,    6563.76, -123.5,   0.82382, 3,    6563.77,  116.5,   0.82382
"SCN_CN15_9017_CEI130A_ATV_S", 13.8, 1,    6915.93,   -2.4,   0.86803, 2,    6915.92, -122.4,   0.86802, 3,    6915.93,  117.6,   0.86802
"SCN_CN15_9081_CEI230_ATV_S", 13.8, 1,    6654.79,   -2.9,   0.83525, 2,    6654.78, -122.9,   0.83525, 3,    6654.78,  117.1,   0.83525
"SCN_CN15_9018_CEI220_ATV_S", 13.8, 1,    6599.36,   -3.3,   0.82829, 2,    6599.35, -123.3,   0.82829, 3,    6599.36,  116.7,   0.82829
"SCN_CN15_9007_CEI230_ATV_S", 13.8, 1,    7428.78,   -1.4,   0.93239, 2,    7428.77, -121.4,   0.93239, 3,    7428.77,  118.6,   0.93239
"SCN_CN15_9063_CEI77A_ATV_S", 13.8, 1,    7419.47,   -1.4,   0.93122, 2,    7419.46, -121.4,   0.93122, 3,    7419.47,  118.6,   0.93122
"SCN_CN15_9487_CEI109_S", 13.8, 1,     6563.7,   -3.5,   0.82382, 2,    6563.68, -123.5,   0.82381, 3,    6563.69,  116.5,   0.82381
"SCN_CN15_9016_CEI69A_S", 13.8, 1,    6548.28,   -3.5,   0.82188, 2,    6548.27, -123.5,   0.82188, 3,    6548.27,  116.5,   0.82188
"SCN_CN15_9017_CEI074_S", 13.8, 1,     6632.8,   -3.0,   0.83249, 2,    6632.79, -123.0,   0.83249, 3,    6632.79,  117.0,   0.83249
"SCN_CN15_9307_CEI250_ATV_S", 13.8, 1,    7145.77,   -2.0,   0.89687, 2,    7145.76, -122.0,   0.89687, 3,    7145.76,  118.0,   0.89687
"SCN_CN15_9089_CEI77A_ATV_S", 13.8, 1,    7429.67,   -1.4,   0.93251, 2,    7429.67, -121.4,    0.9325, 3,    7429.67,  118.6,    0.9325
"SCN_CN15_9150_CEI109_S", 13.8, 1,    6581.39,   -3.4,   0.82604, 2,    6581.38, -123.4,   0.82604, 3,    6581.39,  116.6,   0.82604
"SCN_CN15_9036_CEI130_ATV_S", 13.8, 1,    6749.21,   -2.8,    0.8471, 2,     6749.2, -122.8,    0.8471, 3,     6749.2,  117.2,    0.8471
"SCN_CN15_9214_CEI77A_ATV_S", 13.8, 1,    7731.72,   -0.8,   0.97042, 2,    7731.71, -120.8,   0.97041, 3,    7731.72,  119.2,   0.97041
"SCN_CN15_9033_CEI148A_ATV_S", 13.8, 1,    6550.74,   -3.5,   0.82219, 2,    6550.73, -123.5,   0.82219, 3,    6550.73,  116.5,   0.82219
"SCN_CN15_9075_CEI230_ATV_S", 13.8, 1,    6655.04,   -2.9,   0.83528, 2,    6655.02, -122.9,   0.83528, 3,    6655.03,  117.1,   0.83528
"SCN_CN15_9498_CEI109_S", 13.8, 1,    6563.36,   -3.5,   0.82377, 2,    6563.34, -123.5,   0.82377, 3,    6563.35,  116.5,   0.82377
"SCN_CN15_9064_CEI075_S", 13.8, 1,    6654.94,   -2.9,   0.83527, 2,    6654.92, -122.9,   0.83527, 3,    6654.93,  117.1,   0.83527
"SCN_CN15_9171_CEI77A_ATV_S", 13.8, 1,    7731.38,   -0.8,   0.97037, 2,    7731.37, -120.8,   0.97037, 3,    7731.38,  119.2,   0.97037
"SCN_CN15_9032_CEI220_ATV_S", 13.8, 1,    6622.74,   -3.2,   0.83123, 2,    6622.73, -123.2,   0.83122, 3,    6622.73,  116.8,   0.83123
"SCN_CN15_9194_CEI230_ATV_S", 13.8, 1,    6550.87,   -3.5,   0.82221, 2,    6550.85, -123.5,    0.8222, 3,    6550.86,  116.5,    0.8222
"SCN_CN15_9030_CEI148A_ATV_S", 13.8, 1,    6550.04,   -3.5,    0.8221, 2,    6550.02, -123.5,    0.8221, 3,    6550.03,  116.5,    0.8221
"SCN_CN15_9494_CEI109_S", 13.8, 1,    6563.44,   -3.5,   0.82378, 2,    6563.42, -123.5,   0.82378, 3,    6563.43,  116.5,   0.82378
"SCN_CN15_9187_CEI068_S", 13.8, 1,    6916.22,   -2.4,   0.86806, 2,    6916.21, -122.4,   0.86806, 3,    6916.22,  117.6,   0.86806
"SCN_CN15_9306_CEI109_S", 13.8, 1,    6584.65,   -3.4,   0.82645, 2,    6584.64, -123.4,   0.82644, 3,    6584.65,  116.6,   0.82645
"CN_BTS1-13", 13.8, 2,    6919.75, -122.4,    0.8685, 3,    6919.76,  117.6,   0.86851, 8,    6919.76,   -2.4,   0.86851
"CN_DJCN15_CH2353", 13.8, 1,    6919.76,   -2.4,   0.86851, 2,    6919.75, -122.4,    0.8685, 3,    6919.76,  117.6,   0.86851
"SCN_CN15_9033_CEI77A_ATV_S", 13.8, 1,    7424.92,   -1.4,   0.93191, 2,    7424.91, -121.4,   0.93191, 3,    7424.92,  118.6,   0.93191
"SCN_CN15_9013_CEI69B_S", 13.8, 1,    6798.92,   -2.7,   0.85334, 2,    6798.91, -122.7,   0.85334, 3,    6798.91,  117.3,   0.85334
"SCN_CN15_9191_CEI230_ATV_S", 13.8, 1,    6550.95,   -3.5,   0.82222, 2,    6550.94, -123.5,   0.82221, 3,    6550.94,  116.5,   0.82221
"SCN_CN15_9040_CEI070_S", 13.8, 1,     7023.9,   -2.2,   0.88158, 2,    7023.89, -122.2,   0.88158, 3,     7023.9,  117.8,   0.88158
"SCN_CN15_9018_CEI077_ATV_S", 13.8, 1,    7427.41,   -1.4,   0.93222, 2,    7427.41, -121.4,   0.93222, 3,    7427.41,  118.6,   0.93222
"SCN_CN15_9477_CEI109_S", 13.8, 1,    6564.46,   -3.5,   0.82391, 2,    6564.44, -123.5,   0.82391, 3,    6564.45,  116.5,   0.82391
"SCN_CN15_9087_CEI075_S", 13.8, 1,    6646.22,   -3.0,   0.83417, 2,    6646.21, -123.0,   0.83417, 3,    6646.21,  117.0,   0.83417
"SCN_CN15_9156_CEI220_ATV_S", 13.8, 1,    6658.11,   -3.1,   0.83567, 2,    6658.09, -123.1,   0.83566, 3,     6658.1,  116.9,   0.83566
"SCN_CN15_9083_CEI131_ATV_S", 13.8, 1,    6626.59,   -3.2,   0.83171, 2,    6626.57, -123.2,   0.83171, 3,    6626.58,  116.8,   0.83171
"SCN_CN15_9197_CEI77A_ATV_S", 13.8, 1,    7932.47,   -0.2,   0.99561, 2,    7932.47, -120.2,   0.99561, 3,    7932.47,  119.8,   0.99561
"SCN_CN15_9154_CEI109_S", 13.8, 1,    6581.46,   -3.4,   0.82604, 2,    6581.44, -123.4,   0.82604, 3,    6581.45,  116.6,   0.82604
"SCN_CN15_9037_CEI109_S", 13.8, 1,    6623.26,   -3.2,   0.83129, 2,    6623.25, -123.2,   0.83129, 3,    6623.26,  116.8,   0.83129
"SCN_CN15_9003_CEI230_ATV_S", 13.8, 1,       7429,   -1.4,   0.93242, 2,       7429, -121.4,   0.93242, 3,       7429,  118.6,   0.93242
"SCN_CN15_9204_CEI77A_ATV_S", 13.8, 1,    7731.79,   -0.8,   0.97042, 2,    7731.78, -120.8,   0.97042, 3,    7731.79,  119.2,   0.97042
"SCN_CN15_9027_CEI77A_ATV_S", 13.8, 1,    7425.29,   -1.4,   0.93195, 2,    7425.28, -121.4,   0.93195, 3,    7425.28,  118.6,   0.93195
"SCN_CN15_9071_CEI075_S", 13.8, 1,    6639.89,   -3.0,   0.83338, 2,    6639.87, -123.0,   0.83338, 3,    6639.88,  117.0,   0.83338
"SCN_CN15_9068_CEI068_S", 13.8, 1,     6926.4,   -2.4,   0.86934, 2,    6926.39, -122.4,   0.86934, 3,     6926.4,  117.6,   0.86934
"SCN_CN15_9299_CEI109_S", 13.8, 1,    6590.74,   -3.4,   0.82721, 2,    6590.73, -123.4,   0.82721, 3,    6590.74,  116.6,   0.82721
"SCN_CN15_9206_CEI77A_ATV_S", 13.8, 1,     7731.6,   -0.8,    0.9704, 2,     7731.6, -120.8,    0.9704, 3,     7731.6,  119.2,    0.9704
"SCN_CN15_9066_CEI075_S", 13.8, 1,    6639.98,   -3.0,   0.83339, 2,    6639.97, -123.0,   0.83339, 3,    6639.97,  117.0,   0.83339
"SCN_CN15_9090_CEI075_S", 13.8, 1,    6647.54,   -3.0,   0.83434, 2,    6647.53, -123.0,   0.83434, 3,    6647.53,  117.0,   0.83434
"SCN_CN15_9037_CEI130A_ATV_S", 13.8, 1,    6915.02,   -2.4,   0.86791, 2,    6915.01, -122.4,   0.86791, 3,    6915.01,  117.6,   0.86791
"SCN_CN15_9027_CEI077_ATV_S", 13.8, 1,    7423.91,   -1.4,   0.93178, 2,    7423.91, -121.4,   0.93178, 3,    7423.91,  118.6,   0.93178
"SCN_CN15_9003_CEI109_S", 13.8, 1,    6721.77,   -2.8,   0.84366, 2,    6721.75, -122.8,   0.84365, 3,    6721.76,  117.2,   0.84365
"SCN_CN15_9027_CEI130A_ATV_S", 13.8, 1,    6915.08,   -2.4,   0.86792, 2,    6915.07, -122.4,   0.86792, 3,    6915.08,  117.6,   0.86792
"SCN_CN15_9034_CEIRJ006_ATV_S", 13.8, 1,    7424.67,   -1.4,   0.93188, 2,    7424.66, -121.4,   0.93188, 3,    7424.67,  118.6,   0.93188
"SCN_CN15_9044_CEI148A_ATV_S", 13.8, 1,    6560.87,   -3.5,   0.82346, 2,    6560.85, -123.5,   0.82346, 3,    6560.86,  116.5,   0.82346
"SCN_CN15_9082_CEI230_ATV_S", 13.8, 1,    6654.79,   -2.9,   0.83525, 2,    6654.78, -122.9,   0.83525, 3,    6654.78,  117.1,   0.83525
"SCN_CN15_9012_CEI072_S", 13.8, 1,     7210.9,   -1.8,   0.90505, 2,    7210.89, -121.8,   0.90505, 3,    7210.89,  118.2,   0.90505
"SCN_CN15_9035_CEI250_ATV_S", 13.8, 1,    6940.38,   -2.3,   0.87109, 2,    6940.37, -122.3,   0.87109, 3,    6940.38,  117.7,   0.87109
"SCN_CN15_9002_CEI230_ATV_S", 13.8, 1,    7429.01,   -1.4,   0.93242, 2,    7429.01, -121.4,   0.93242, 3,    7429.01,  118.6,   0.93242
"SCN_CN15_9010_CEI109_S", 13.8, 1,    6635.81,   -3.2,   0.83287, 2,     6635.8, -123.2,   0.83286, 3,     6635.8,  116.8,   0.83287
"SCN_CN15_9126_CEI201_ATV_S", 13.8, 1,    6721.49,   -2.8,   0.84362, 2,    6721.48, -122.8,   0.84362, 3,    6721.49,  117.2,   0.84362
"SCN_CN15_9174_CEI230_ATV_S", 13.8, 1,    6654.89,   -2.9,   0.83526, 2,    6654.88, -122.9,   0.83526, 3,    6654.88,  117.1,   0.83526
"SCN_CN15_9006_CEI148_ATV_S", 13.8, 1,    6714.74,   -2.9,   0.84277, 2,    6714.73, -122.9,   0.84277, 3,    6714.74,  117.1,   0.84277
"SCN_CN15_9283_CEI109_S", 13.8, 1,    6602.54,   -3.3,   0.82869, 2,    6602.52, -123.3,   0.82869, 3,    6602.53,  116.7,   0.82869
"SCN_CN15_9025_CEI075_S", 13.8, 1,    6655.73,   -2.9,   0.83537, 2,    6655.71, -122.9,   0.83536, 3,    6655.72,  117.1,   0.83537
"SCN_CN15_9022_CEI077_ATV_S", 13.8, 1,    7425.31,   -1.4,   0.93196, 2,    7425.31, -121.4,   0.93196, 3,    7425.31,  118.6,   0.93196
"SCN_CN15_9100_CEI230_ATV_S", 13.8, 1,    6697.55,   -2.9,   0.84062, 2,    6697.54, -122.9,   0.84061, 3,    6697.54,  117.1,   0.84061
"SCN_CN15_9190_CEI230_ATV_S", 13.8, 1,    6550.94,   -3.5,   0.82221, 2,    6550.92, -123.5,   0.82221, 3,    6550.93,  116.5,   0.82221
"SCN_CN15_9425_CEI109_S", 13.8, 1,    6599.79,   -3.3,   0.82835, 2,    6599.77, -123.3,   0.82834, 3,    6599.78,  116.7,   0.82834
"SCN_CN15_9437_CEI109_S", 13.8, 1,    6599.29,   -3.3,   0.82828, 2,    6599.27, -123.3,   0.82828, 3,    6599.28,  116.7,   0.82828
"SCN_CN15_9408_CEI109_S", 13.8, 1,    6571.44,   -3.4,   0.82479, 2,    6571.43, -123.4,   0.82479, 3,    6571.44,  116.6,   0.82479
"SCN_CN15_9045_CEI074_S", 13.8, 1,    6636.46,   -3.0,   0.83295, 2,    6636.44, -123.0,   0.83295, 3,    6636.45,  117.0,   0.83295
"SCN_CN15_9188_CEI230_ATV_S", 13.8, 1,    6551.12,   -3.5,   0.82224, 2,    6551.11, -123.5,   0.82224, 3,    6551.12,  116.5,   0.82224
"SCN_CN15_9050_CEI69B_S", 13.8, 1,    6729.72,   -2.8,   0.84465, 2,    6729.71, -122.8,   0.84465, 3,    6729.71,  117.2,   0.84465
"SCN_CN15_9037_CEI148_ATV_S", 13.8, 1,     6709.4,   -2.9,    0.8421, 2,    6709.39, -122.9,    0.8421, 3,    6709.39,  117.1,    0.8421
"SCN_CN15_9493_CEI109_S", 13.8, 1,    6563.49,   -3.5,   0.82379, 2,    6563.47, -123.5,   0.82379, 3,    6563.48,  116.5,   0.82379
"SCN_CN15_9058_CEI071_S", 13.8, 1,    7143.86,   -2.0,   0.89663, 2,    7143.85, -122.0,   0.89663, 3,    7143.86,  118.0,   0.89663
"SCN_CN15_9048_CEI074_S", 13.8, 1,    6637.41,   -3.0,   0.83307, 2,     6637.4, -123.0,   0.83307, 3,     6637.4,  117.0,   0.83307
"SCN_CN15_9210_CEI109_S", 13.8, 1,    6582.87,   -3.4,   0.82622, 2,    6582.85, -123.4,   0.82622, 3,    6582.86,  116.6,   0.82622
"SCN_CN15_9086_CEI148_ATV_S", 13.8, 1,    6552.07,   -3.5,   0.82236, 2,    6552.06, -123.5,   0.82235, 3,    6552.06,  116.5,   0.82236
"SCN_CN15_9068_CEI148_ATV_S", 13.8, 1,    6707.92,   -2.9,   0.84192, 2,    6707.91, -122.9,   0.84192, 3,    6707.92,  117.1,   0.84192
"SCN_CN15_9038_CEI77A_ATV_S", 13.8, 1,     7424.5,   -1.4,   0.93186, 2,     7424.5, -121.4,   0.93186, 3,     7424.5,  118.6,   0.93186
"SCN_CN15_9165_CEI068_S", 13.8, 1,    6841.49,   -2.5,   0.85868, 2,    6841.48, -122.5,   0.85868, 3,    6841.48,  117.5,   0.85868
"SCN_CN15_9172_CEI068_S", 13.8, 1,    6871.77,   -2.5,   0.86248, 2,    6871.76, -122.5,   0.86248, 3,    6871.77,  117.5,   0.86248
"SCN_CN15_9088_CEI148_ATV_S", 13.8, 1,    6551.45,   -3.5,   0.82228, 2,    6551.44, -123.5,   0.82228, 3,    6551.44,  116.5,   0.82228
"SCN_CN15_9041_CEI148A_ATV_S", 13.8, 1,    6558.28,   -3.5,   0.82314, 2,    6558.26, -123.5,   0.82313, 3,    6558.27,  116.5,   0.82313
"SCN_CN15_9171_CEI69B_S", 13.8, 1,    6721.86,   -2.8,   0.84367, 2,    6721.84, -122.8,   0.84366, 3,    6721.85,  117.2,   0.84367
"SCN_CN15_9041_CEI130A_ATV_S", 13.8, 1,    6915.02,   -2.4,   0.86791, 2,    6915.01, -122.4,   0.86791, 3,    6915.01,  117.6,   0.86791
"SCN_CN15_9177_CEI77A_ATV_S", 13.8, 1,       7731,   -0.8,   0.97032, 2,       7731, -120.8,   0.97032, 3,       7731,  119.2,   0.97032
"SCN_CN15_9135_CEI230_ATV_S", 13.8, 1,    6646.63,   -3.0,   0.83422, 2,    6646.62, -123.0,   0.83422, 3,    6646.62,  117.0,   0.83422
"SCN_CN15_9077_CEI131_ATV_S", 13.8, 1,    6624.02,   -3.2,   0.83139, 2,    6624.01, -123.2,   0.83139, 3,    6624.02,  116.8,   0.83139
"SCN_CN15_9126_CEI77A_ATV_S", 13.8, 1,    7428.05,   -1.4,    0.9323, 2,    7428.05, -121.4,    0.9323, 3,    7428.05,  118.6,    0.9323
"SCN_CN15_9059_CEI77A_ATV_S", 13.8, 1,    7423.88,   -1.4,   0.93178, 2,    7423.88, -121.4,   0.93178, 3,    7423.88,  118.6,   0.93178
"SCN_CN15_9030_CEI77A_ATV_S", 13.8, 1,    7425.07,   -1.4,   0.93193, 2,    7425.06, -121.4,   0.93193, 3,    7425.07,  118.6,   0.93193
"SCN_CN15_9349_CEI109_S", 13.8, 1,    6562.08,   -3.5,   0.82361, 2,    6562.06, -123.5,   0.82361, 3,    6562.07,  116.5,   0.82361
"SCN_CN15_9202_CEI230_ATV_S", 13.8, 1,    6551.34,   -3.5,   0.82226, 2,    6551.33, -123.5,   0.82226, 3,    6551.33,  116.5,   0.82226
"SCN_CN15_9309_CEI109_S", 13.8, 1,     6584.6,   -3.4,   0.82644, 2,    6584.59, -123.4,   0.82644, 3,    6584.59,  116.6,   0.82644
"SCN_CN15_9016_CEI077_ATV_S", 13.8, 1,    7409.36,   -1.4,   0.92996, 2,    7409.36, -121.4,   0.92996, 3,    7409.36,  118.6,   0.92996
"SCN_CN15_9082_CEI148_ATV_S", 13.8, 1,    6553.02,   -3.5,   0.82248, 2,    6553.01, -123.5,   0.82247, 3,    6553.01,  116.5,   0.82247
"SCN_CN15_9105_CEI075_S", 13.8, 1,    6653.44,   -2.9,   0.83508, 2,    6653.42, -122.9,   0.83508, 3,    6653.43,  117.1,   0.83508
"SCN_CN15_9179_CEI77A_ATV_S", 13.8, 1,    7730.87,   -0.8,   0.97031, 2,    7730.87, -120.8,   0.97031, 3,    7730.87,  119.2,   0.97031
"SCN_CN15_9055_CEIRJ006_ATV_S", 13.8, 1,    6639.83,   -3.0,   0.83337, 2,    6639.82, -123.0,   0.83337, 3,    6639.82,  117.0,   0.83337
"SCN_CN15_9076_CEI77A_ATV_S", 13.8, 1,    7412.91,   -1.4,    0.9304, 2,     7412.9, -121.4,    0.9304, 3,     7412.9,  118.6,    0.9304
"SCN_CN15_9097_CEI075_S", 13.8, 1,    6650.53,   -2.9,   0.83471, 2,    6650.52, -122.9,   0.83471, 3,    6650.52,  117.1,   0.83471
"SCN_CN15_9086_CEI075_S", 13.8, 1,    6645.74,   -3.0,   0.83411, 2,    6645.72, -123.0,   0.83411, 3,    6645.73,  117.0,   0.83411
"SCN_CN15_9144_CEI69B_S", 13.8, 1,    6721.86,   -2.8,   0.84367, 2,    6721.85, -122.8,   0.84367, 3,    6721.85,  117.2,   0.84367
"SCN_CN15_9015_CEI109_S", 13.8, 1,    6636.11,   -3.2,    0.8329, 2,    6636.09, -123.2,    0.8329, 3,     6636.1,  116.8,    0.8329
"SCN_CN15_9399_CEI109_S", 13.8, 1,    6564.93,   -3.5,   0.82397, 2,    6564.92, -123.5,   0.82397, 3,    6564.92,  116.5,   0.82397
"SCN_CN15_9094_CEI230_ATV_S", 13.8, 1,    6697.51,   -2.9,   0.84061, 2,     6697.5, -122.9,   0.84061, 3,    6697.51,  117.1,   0.84061
"SCN_CN15_9200_CEI109_S", 13.8, 1,    6582.13,   -3.4,   0.82613, 2,    6582.12, -123.4,   0.82613, 3,    6582.13,  116.6,   0.82613
"SCN_CN15_9480_CEI109_S", 13.8, 1,    6564.21,   -3.5,   0.82388, 2,     6564.2, -123.5,   0.82388, 3,     6564.2,  116.5,   0.82388
"SCN_CN15_9006_CEI134_ATV_S", 13.8, 1,    6621.22,   -3.2,   0.83103, 2,     6621.2, -123.2,   0.83103, 3,    6621.21,  116.8,   0.83103
"SCN_CN15_9098_CEI072_S", 13.8, 1,    7313.51,   -1.6,   0.91792, 2,     7313.5, -121.6,   0.91792, 3,     7313.5,  118.4,   0.91792
"SCN_CN15_9098_CEI068", 13.8, 1,    6956.28,   -2.3,   0.87309, 2,    6956.27, -122.3,   0.87309, 3,    6956.27,  117.7,   0.87309
"SCN_CN15_9089_CEI068", 13.8, 1,    6931.45,   -2.3,   0.86997, 2,    6931.44, -122.3,   0.86997, 3,    6931.45,  117.7,   0.86997
"SCN_CN15_9031_CEI148_ATV_S", 13.8, 1,    6709.62,   -2.9,   0.84213, 2,    6709.61, -122.9,   0.84213, 3,    6709.62,  117.1,   0.84213
"SCN_CN15_9040_CEI77A_ATV_S", 13.8, 1,    7424.47,   -1.4,   0.93185, 2,    7424.46, -121.4,   0.93185, 3,    7424.47,  118.6,   0.93185
"SCN_CN15_9135_CEI77A_ATV_S", 13.8, 1,    7511.62,   -1.2,   0.94279, 2,    7511.62, -121.2,   0.94279, 3,    7511.62,  118.8,   0.94279
"SCN_CN15_9004_CEI160_ATV_S", 13.8, 1,     6709.7,   -3.0,   0.84214, 2,    6709.69, -123.0,   0.84214, 3,    6709.69,  117.0,   0.84214
"SCN_CN15_9029_CEI074_S", 13.8, 1,    6633.61,   -3.0,   0.83259, 2,     6633.6, -123.0,   0.83259, 3,     6633.6,  117.0,   0.83259
"SCN_CN15_9043_CEI148_ATV_S", 13.8, 1,    6708.76,   -2.9,   0.84202, 2,    6708.75, -122.9,   0.84202, 3,    6708.76,  117.1,   0.84202
"SCN_CN15_9023_CEI074_S", 13.8, 1,    6633.09,   -3.0,   0.83253, 2,    6633.08, -123.0,   0.83252, 3,    6633.09,  117.0,   0.83252
"SCN_CN15_9003_CEI076_S", 13.8, 1,    6934.16,   -2.4,   0.87031, 2,    6934.15, -122.4,   0.87031, 3,    6934.15,  117.6,   0.87031
"SCN_CN15_9043_CEI250_ATV_S", 13.8, 1,    6940.02,   -2.3,   0.87105, 2,    6940.01, -122.3,   0.87105, 3,    6940.02,  117.7,   0.87105
"SCN_CN15_9032_CEI69B", 13.8, 1,    6755.96,   -2.8,   0.84795, 2,    6755.95, -122.8,   0.84795, 3,    6755.95,  117.2,   0.84795
"SCN_CN15_9050_CEI070", 13.8, 1,    6965.39,   -2.3,   0.87423, 2,    6965.38, -122.3,   0.87423, 3,    6965.39,  117.7,   0.87423
"SCN_CN15_9023_CEI077_ATV_S", 13.8, 1,    7424.81,   -1.4,   0.93189, 2,     7424.8, -121.4,   0.93189, 3,     7424.8,  118.6,   0.93189
"SCN_CN15_9302_CEI109_S", 13.8, 1,    6587.76,   -3.4,   0.82684, 2,    6587.75, -123.4,   0.82683, 3,    6587.75,  116.6,   0.82684
"SCN_CN15_9030_CEIRJ006_ATV_S", 13.8, 1,    7423.35,   -1.4,   0.93171, 2,    7423.34, -121.4,   0.93171, 3,    7423.35,  118.6,   0.93171
"SCN_CN15_9102_CEI075_S", 13.8, 1,    6651.98,   -2.9,    0.8349, 2,    6651.97, -122.9,   0.83489, 3,    6651.97,  117.1,    0.8349
"SCN_CN15_9175_CEI69B_S", 13.8, 1,    6722.05,   -2.8,   0.84369, 2,    6722.03, -122.8,   0.84369, 3,    6722.04,  117.2,   0.84369
"SCN_CN15_9077_CEI075_S", 13.8, 1,     6642.3,   -3.0,   0.83368, 2,    6642.29, -123.0,   0.83368, 3,    6642.29,  117.0,   0.83368
"SCN_CN15_9023_CEI130_ATV_S", 13.8, 1,    6785.65,   -2.7,   0.85167, 2,    6785.64, -122.7,   0.85167, 3,    6785.64,  117.3,   0.85167
"SCN_CN15_9031_CEI77A_ATV_S", 13.8, 1,    7425.01,   -1.4,   0.93192, 2,    7425.01, -121.4,   0.93192, 3,    7425.01,  118.6,   0.93192
"SCN_CN15_9095_CEI77A_ATV_S", 13.8, 1,    7436.33,   -1.4,   0.93334, 2,    7436.33, -121.4,   0.93334, 3,    7436.33,  118.6,   0.93334
"SCN_CN15_9102_CEI068_S", 13.8, 1,    6940.41,   -2.3,    0.8711, 2,     6940.4, -122.3,    0.8711, 3,     6940.4,  117.7,    0.8711
"SCN_CN15_9040_CEI148_ATV_S", 13.8, 1,    6709.06,   -2.9,   0.84206, 2,    6709.05, -122.9,   0.84206, 3,    6709.05,  117.1,   0.84206
"SCN_CN15_9308_CEI250_ATV_S", 13.8, 1,    7145.66,   -2.0,   0.89686, 2,    7145.65, -122.0,   0.89686, 3,    7145.65,  118.0,   0.89686
"SCN_CN15_9009_CEI134C_ATV_S", 13.8, 1,    6606.39,   -3.3,   0.82917, 2,    6606.37, -123.3,   0.82917, 3,    6606.38,  116.7,   0.82917
"SCN_CN15_9172_CEI77A_ATV_S", 13.8, 1,    7731.21,   -0.8,   0.97035, 2,     7731.2, -120.8,   0.97035, 3,    7731.21,  119.2,   0.97035
"SCN_CN15_9481_CEI109_S", 13.8, 1,    6564.12,   -3.5,   0.82387, 2,    6564.11, -123.5,   0.82387, 3,    6564.11,  116.5,   0.82387
"SCN_CN15_9009_CEI075_S", 13.8, 1,    6658.14,   -2.9,   0.83567, 2,    6658.13, -122.9,   0.83567, 3,    6658.13,  117.1,   0.83567
"SCN_CN15_9283_CEI250_ATV_S", 13.8, 1,    7132.82,   -2.0,   0.89525, 2,    7132.81, -122.0,   0.89525, 3,    7132.82,  118.0,   0.89525
"SCN_CN15_9169_CEI77A_ATV_S", 13.8, 1,    7732.16,   -0.8,   0.97047, 2,    7732.16, -120.8,   0.97047, 3,    7732.16,  119.2,   0.97047
"SCN_CN15_9197_CEI230_ATV_BT_FP1074", 0.38, 1,    177.867,   -4.7,   0.81072, 2,    177.867, -124.7,   0.81072, 3,    177.867,  115.3,   0.81072
"SCN_CN15_9198_CEI109_BT_FX8231", 0.38, 1,    176.477,   -5.2,   0.80439, 2,    176.477, -125.2,   0.80439, 3,    176.477,  114.8,   0.80439
"SCN_CN15_9031_CEI250_ATV_BT_FT4575", 0.38, 1,    185.999,   -4.1,   0.84779, 2,    185.999, -124.1,   0.84779, 3,    185.999,  115.9,   0.84779
"SCN_CN15_9031_CEI69B_BT_FZ2489", 0.38, 1,    181.185,   -4.5,   0.82585, 2,    181.184, -124.5,   0.82584, 3,    181.185,  115.5,   0.82584
"SCN_CN15_9032_CEI148_ATV_BT_FZ1030", 0.38, 1,    179.889,   -4.6,   0.81994, 2,    179.889, -124.6,   0.81994, 3,    179.889,  115.4,   0.81994
"SCN_CN15_9032_CEI160_ATV_BT_FX4690", 0.38, 1,    179.841,   -4.6,   0.81972, 2,    179.841, -124.6,   0.81972, 3,    179.841,  115.4,   0.81972
"SCN_CN15_9023_CEI201_ATV_BT_FIC1244", 0.38, 1,    175.875,   -5.2,   0.80165, 2,    175.875, -125.2,   0.80164, 3,    175.875,  114.8,   0.80164
"SCN_CN15_9023_CEI77A_ATV_BT_FM0468", 0.38, 1,    198.991,   -3.2,   0.90701, 2,    198.991, -123.2,     0.907, 3,    198.991,  116.8,   0.90701
"SCN_CN15_9023_CEIRJ006_ATV_BT_FP1075", 0.38, 1,    196.674,   -3.3,   0.89644, 2,    196.674, -123.3,   0.89644, 3,    196.674,  116.7,   0.89644
"SCN_CN15_9024_CEI077_ATV_BT_FX9171", 0.38, 1,    198.997,   -3.1,   0.90704, 2,    198.997, -123.1,   0.90703, 3,    198.997,  116.9,   0.90704
"SCN_CN15_9031_CEI230B_ATV_BT_FP0945", 0.38, 1,    177.959,   -4.7,   0.81114, 2,    177.959, -124.7,   0.81114, 3,    177.959,  115.3,   0.81114
"SCN_CN15_9191_CEI109_BT_FIC1332", 0.38, 1,    176.475,   -5.2,   0.80438, 2,    176.475, -125.2,   0.80438, 3,    176.475,  114.8,   0.80438
"SCN_CN15_9193_CEI230_ATV_BT_FT0380", 0.38, 1,    175.649,   -5.3,   0.80061, 2,    175.649, -125.3,   0.80061, 3,    175.649,  114.7,   0.80061
"SCN_CN15_9193_CEI77A_ATV_BT_FF6328", 0.38, 1,    211.253,   -2.1,    0.9629, 2,    211.253, -122.1,    0.9629, 3,    211.253,  117.9,    0.9629
"SCN_CN15_9025_CEI134B_ATV_BT_FP0958", 0.38, 1,    177.166,   -5.0,   0.80753, 2,    177.166, -125.0,   0.80753, 3,    177.166,  115.0,   0.80753
"SCN_CN15_9025_CEI230B_ATV_BT_FIC1248", 0.38, 1,    177.907,   -4.7,   0.81091, 2,    177.907, -124.7,    0.8109, 3,    177.907,  115.3,   0.81091
"SCN_CN15_9026_CEI068_BT_FM1100", 0.38, 1,    185.504,   -4.1,   0.84553, 2,    185.504, -124.1,   0.84553, 3,    185.504,  115.9,   0.84553
"SCN_CN15_9026_CEI077_ATV_BT_FZ2813", 0.38, 1,    198.975,   -3.1,   0.90693, 2,    198.974, -123.1,   0.90693, 3,    198.974,  116.9,   0.90693
"SCN_CN15_9036_CEI201_ATV_BT_FIC1260", 0.38, 1,    175.931,   -5.2,    0.8019, 2,    175.931, -125.2,    0.8019, 3,    175.931,  114.8,    0.8019
"SCN_CN15_9037_CEI076_BT_FIC1261", 0.38, 1,    185.734,   -4.1,   0.84658, 2,    185.733, -124.1,   0.84658, 3,    185.733,  115.9,   0.84658
"SCN_CN15_9037_CEI134B_ATV_BT_FP0959", 0.38, 1,    177.142,   -5.0,   0.80742, 2,    177.142, -125.0,   0.80742, 3,    177.142,  115.0,   0.80742
"SCN_CN15_9037_CEI160_ATV_BT_FT4513", 0.38, 1,    180.142,   -4.6,   0.82109, 2,    180.141, -124.6,   0.82109, 3,    180.141,  115.4,   0.82109
"SCN_CN15_9038_CEIRJ006_ATV_BT_FP5672", 0.38, 1,    199.378,   -3.1,   0.90877, 2,    199.377, -123.1,   0.90877, 3,    199.378,  116.9,   0.90877
"SCN_CN15_9039_CEI130_ATV_BT_FF0639", 0.38, 1,    180.945,   -4.6,   0.82475, 2,    180.945, -124.6,   0.82475, 3,    180.945,  115.4,   0.82475
"SCN_CN15_9192_CEI230_ATV_BT_FP3255", 0.38, 1,    175.649,   -5.3,   0.80061, 2,    175.649, -125.3,   0.80061, 3,    175.649,  114.7,   0.80061
"SCN_CN15_9317_CEI068_BT_FIC1358", 0.38, 1,    185.893,   -4.1,    0.8473, 2,    185.893, -124.1,    0.8473, 3,    185.893,  115.9,    0.8473
"SCN_CN15_9035_CEI068_BT_FIC1341", 0.38, 1,    185.512,   -4.1,   0.84557, 2,    185.512, -124.1,   0.84557, 3,    185.512,  115.9,   0.84557
"SCN_CN15_9454_CEI109_BT_FX4223", 0.38, 1,    176.938,   -5.1,   0.80649, 2,    176.937, -125.1,   0.80649, 3,    176.937,  114.9,   0.80649
"SCN_CN15_9032_CEI77A_ATV_BT_FT4299", 0.38, 1,    199.004,   -3.1,   0.90706, 2,    199.003, -123.1,   0.90706, 3,    199.004,  116.9,   0.90706
"SCN_CN15_9032_CEIRJ006_ATV_BT_FX2587", 0.38, 1,    198.958,   -3.2,   0.90686, 2,    198.958, -123.2,   0.90686, 3,    198.958,  116.8,   0.90686
"SCN_CN15_9036_CEI148A_ATV_BT_FX0776", 0.38, 1,    175.827,   -5.2,   0.80143, 2,    175.827, -125.2,   0.80142, 3,    175.827,  114.8,   0.80142
"SCN_CN15_9216_CEI109_BT_FX4012", 0.38, 1,      176.5,   -5.1,   0.80449, 2,    176.499, -125.1,   0.80449, 3,    176.499,  114.9,   0.80449
"SCN_CN15_9216_CEI77A_ATV_BT_FT5352", 0.38, 1,    207.198,   -2.6,   0.94442, 2,    207.198, -122.6,   0.94442, 3,    207.198,  117.4,   0.94442
"SCN_CN15_9495_CEI109_BT_FT0758", 0.38, 1,    175.986,   -5.2,   0.80215, 2,    175.985, -125.2,   0.80215, 3,    175.985,  114.8,   0.80215
"SCN_CN15_9493_CEI109_BT_FX4148", 0.38, 1,    175.985,   -5.2,   0.80214, 2,    175.984, -125.2,   0.80214, 3,    175.985,  114.8,   0.80214
"SCN_CN15_9181_CEI068_BT_FP0930", 0.38, 1,    184.643,   -4.2,   0.84161, 2,    184.643, -124.2,   0.84161, 3,    184.643,  115.8,   0.84161
"SCN_CN15_9075_CEI77A_ATV_BT_FX2534", 0.38, 1,    198.694,   -3.2,   0.90565, 2,    198.694, -123.2,   0.90565, 3,    198.694,  116.8,   0.90565
"SCN_CN15_9114_CEI77A_ATV_BT_FP8843", 0.38, 1,    199.276,   -3.1,    0.9083, 2,    199.276, -123.1,    0.9083, 3,    199.276,  116.9,    0.9083
"SCN_CN15_9041_CEI070_BT_FT4529", 0.38, 1,    188.286,   -3.9,   0.85821, 2,    188.285, -123.9,   0.85821, 3,    188.286,  116.1,   0.85821
"SCN_CN15_9044_CEI070_BT_FT4701", 0.38, 1,    187.829,   -4.0,   0.85613, 2,    187.829, -124.0,   0.85613, 3,    187.829,  116.0,   0.85613
"SCN_CN15_9069_CEI072_BT_FT8576", 0.38, 1,    195.189,   -3.4,   0.88968, 2,    195.189, -123.4,   0.88968, 3,    195.189,  116.6,   0.88968
"SCN_CN15_9198_CEI69A_BT_FX8688", 0.38, 1,    180.201,   -4.6,   0.82136, 2,    180.201, -124.6,   0.82136, 3,    180.201,  115.4,   0.82136
"SCN_CN15_421166_CEI_BT_FT6400", 0.38, 1,      180.1,   -4.6,    0.8209, 2,      180.1, -124.6,    0.8209, 3,      180.1,  115.4,    0.8209
"SCN_CN15_9069_CEI075_BT_FZ2703", 0.38, 1,    177.996,   -4.7,   0.81131, 2,    177.995, -124.7,   0.81131, 3,    177.995,  115.3,   0.81131
"SCN_CN15_9052_CEI070_BT_FZ1968", 0.38, 1,    188.046,   -4.0,   0.85712, 2,    188.046, -124.0,   0.85712, 3,    188.046,  116.0,   0.85712
"SCN_CN15_9052_CEI77A_ATV_BT_FP0911", 0.38, 1,    198.997,   -3.1,   0.90704, 2,    198.997, -123.1,   0.90703, 3,    198.997,  116.9,   0.90704
"SCN_CN15_9052_CEIRJ006_ATV_BT_FX2678", 0.38, 1,    178.649,   -4.6,   0.81429, 2,    178.648, -124.6,   0.81428, 3,    178.649,  115.4,   0.81429
"SCN_CN15_9054_CEI201_ATV_BT_FX2395", 0.38, 1,    176.021,   -5.2,   0.80231, 2,    176.021, -125.2,   0.80231, 3,    176.021,  114.8,   0.80231
"SCN_CN15_9201_CEI230_ATV_BT_FP4528", 0.38, 1,     177.87,   -4.7,   0.81073, 2,    177.869, -124.7,   0.81073, 3,    177.869,  115.3,   0.81073
"SCN_CN15_9205_CEI230_ATV_BT_FX3973", 0.38, 1,     175.66,   -5.3,   0.80066, 2,     175.66, -125.3,   0.80066, 3,     175.66,  114.7,   0.80066
"SCN_CN15_9207_CEI77A_ATV_BT_FX5103", 0.38, 1,    207.195,   -2.6,    0.9444, 2,    207.195, -122.6,    0.9444, 3,    207.195,  117.4,    0.9444
"SCN_CN15_9208_CEI230_ATV_BT_FIC1339", 0.38, 1,    177.867,   -4.7,   0.81072, 2,    177.867, -124.7,   0.81072, 3,    177.867,  115.3,   0.81072
"SCN_CN15_9208_CEI77A_ATV_BT_FX2297", 0.38, 1,    207.195,   -2.6,    0.9444, 2,    207.194, -122.6,    0.9444, 3,    207.195,  117.4,    0.9444
"SCN_CN15_9210_CEI109_BT_FT8348", 0.38, 1,    176.503,   -5.1,    0.8045, 2,    176.502, -125.1,    0.8045, 3,    176.502,  114.9,    0.8045
"SCN_CN15_9071_CEI070_BT_FT3791", 0.38, 1,    188.903,   -3.9,   0.86102, 2,    188.902, -123.9,   0.86102, 3,    188.903,  116.1,   0.86102
"SCN_CN15_9074_CEI074_BT_FT4303", 0.38, 1,    177.866,   -4.7,   0.81072, 2,    177.865, -124.7,   0.81072, 3,    177.866,  115.3,   0.81072
"SCN_CN15_9053_CEI148_ATV_BT_FZ2486", 0.38, 1,    179.902,   -4.6,      0.82, 2,    179.901, -124.6,      0.82, 3,    179.901,  115.4,      0.82
"SCN_CN15_9053_CEI201_ATV_BT_FT5469", 0.38, 1,    175.992,   -5.2,   0.80218, 2,    175.992, -125.2,   0.80218, 3,    175.992,  114.8,   0.80218
"SCN_CN15_9053_CEI77A_ATV_BT_FZ7732", 0.38, 1,    199.032,   -3.1,   0.90719, 2,    199.031, -123.1,   0.90719, 3,    199.031,  116.9,   0.90719
"SCN_CN15_9053_CEIRJ006_ATV_BT_FP1050", 0.38, 1,    178.449,   -4.7,   0.81337, 2,    178.448, -124.7,   0.81337, 3,    178.448,  115.3,   0.81337
"SCN_CN15_9056_CEI77A_ATV_BT_FX4048", 0.38, 1,    199.077,   -3.1,    0.9074, 2,    199.077, -123.1,    0.9074, 3,    199.077,  116.9,    0.9074
"SCN_CN15_9057_CEIRJ006_ATV_BT_FX2280", 0.38, 1,    178.023,   -4.7,   0.81143, 2,    178.023, -124.7,   0.81143, 3,    178.023,  115.3,   0.81143
"SCN_CN15_9058_CEI220_ATV_BT_FP0953", 0.38, 1,    178.307,   -4.9,   0.81273, 2,    178.307, -124.9,   0.81273, 3,    178.307,  115.1,   0.81273
"SCN_CN15_9058_CEIRJ006_ATV_BT_FX2132", 0.38, 1,      177.9,   -4.7,   0.81087, 2,    177.899, -124.7,   0.81087, 3,    177.899,  115.3,   0.81087
"SCN_CN15_9059_CEI068_BT_FZ2495", 0.38, 1,    185.623,   -4.1,   0.84608, 2,    185.623, -124.1,   0.84607, 3,    185.623,  115.9,   0.84608
"SCN_CN15_9059_CEI070_BT_FX5487", 0.38, 1,    188.724,   -3.9,   0.86021, 2,    188.724, -123.9,   0.86021, 3,    188.724,  116.1,   0.86021
"SCN_CN15_9059_CEI160_ATV_BT_FP0841", 0.38, 1,     191.58,   -3.7,   0.87323, 2,     191.58, -123.7,   0.87323, 3,     191.58,  116.3,   0.87323
"SCN_CN15_9059_CEI230_ATV_BT_FF0584", 0.38, 1,    199.088,   -3.1,   0.90745, 2,    199.087, -123.1,   0.90745, 3,    199.088,  116.9,   0.90745
"SCN_CN15_9059_CEIRJ006_ATV_BT_FX4540", 0.38, 1,    177.844,   -4.8,   0.81062, 2,    177.844, -124.8,   0.81062, 3,    177.844,  115.2,   0.81062
"SCN_CN15_9060_CEI072_BT_FZ0201", 0.38, 1,    194.826,   -3.5,   0.88802, 2,    194.826, -123.5,   0.88802, 3,    194.826,  116.5,   0.88802
"SCN_CN15_9060_CEI148_ATV_BT_FX2155", 0.38, 1,    179.881,   -4.6,    0.8199, 2,    179.881, -124.6,    0.8199, 3,    179.881,  115.4,    0.8199
"SCN_CN15_9060_CEI160_ATV_BT_FP0842", 0.38, 1,    191.562,   -3.7,   0.87314, 2,    191.562, -123.7,   0.87314, 3,    191.562,  116.3,   0.87314
"SCN_CN15_9060_CEI77A_ATV_BT_FP1082", 0.38, 1,    198.973,   -3.1,   0.90693, 2,    198.973, -123.1,   0.90693, 3,    198.973,  116.9,   0.90693
"SCN_CN15_9060_CEIRJ006_ATV_BT_FT6095", 0.38, 1,    177.838,   -4.8,   0.81059, 2,    177.837, -124.8,   0.81059, 3,    177.837,  115.2,   0.81059
"SCN_CN15_9024_CEI109_BT_FP8543", 0.38, 1,    177.922,   -5.0,   0.81097, 2,    177.921, -125.0,   0.81097, 3,    177.922,  115.0,   0.81097
"SCN_CN15_9027_CEI220_ATV_BT_FT4755", 0.38, 1,    176.469,   -5.2,   0.80435, 2,    176.469, -125.2,   0.80435, 3,    176.469,  114.8,   0.80435
"SCN_CN15_9028_CEI134B_ATV_BT_FIC1249", 0.38, 1,    177.166,   -5.0,   0.80753, 2,    177.165, -125.0,   0.80752, 3,    177.165,  115.0,   0.80753
"SCN_CN15_9028_CEI134C_ATV_BT_FP0962", 0.38, 1,    177.095,   -5.0,    0.8072, 2,    177.095, -125.0,    0.8072, 3,    177.095,  115.0,    0.8072
"SCN_CN15_9054_CEIRJ006_ATV_BT_FP0937", 0.38, 1,    178.417,   -4.7,   0.81323, 2,    178.417, -124.7,   0.81323, 3,    178.417,  115.3,   0.81323
"SCN_CN15_9049_CEI109_BT_FX0200", 0.38, 1,    177.611,   -5.0,   0.80955, 2,     177.61, -125.0,   0.80955, 3,     177.61,  115.0,   0.80955
"SCN_CN15_9240_CEI068_BT_FZ9166", 0.38, 1,    185.623,   -4.1,   0.84607, 2,    185.622, -124.1,   0.84607, 3,    185.622,  115.9,   0.84607
"SCN_CN15_9240_CEI109_BT_FZ7004", 0.38, 1,    176.539,   -5.1,   0.80467, 2,    176.539, -125.1,   0.80467, 3,    176.539,  114.9,   0.80467
"SCN_CN15_9245_CEI109_BT_FZ7003", 0.38, 1,    176.495,   -5.2,   0.80447, 2,    176.495, -125.2,   0.80447, 3,    176.495,  114.8,   0.80447
"SCN_CN15_9547_CEI109_BT_FX2538", 0.38, 1,    177.833,   -5.0,   0.81057, 2,    177.833, -125.0,   0.81057, 3,    177.833,  115.0,   0.81057
"SCN_CN15_9570_CEI109_BT_FX2453", 0.38, 1,    177.404,   -5.0,   0.80861, 2,    177.404, -125.0,   0.80861, 3,    177.404,  115.0,   0.80861
"SCN_CN15_9003_CEI076_BT_FX0673", 0.38, 1,    185.889,   -4.1,   0.84729, 2,    185.889, -124.1,   0.84729, 3,    185.889,  115.9,   0.84729
"SCN_CN15_9020_CEI075_BT_FZ0734", 0.38, 1,    178.467,   -4.7,   0.81346, 2,    178.467, -124.7,   0.81346, 3,    178.467,  115.3,   0.81346
"SCN_CN15_9199_CEI77A_ATV_BT_FIC1336", 0.38, 1,    213.072,   -1.9,   0.97119, 2,    213.072, -121.9,   0.97119, 3,    213.072,  118.1,   0.97119
"SCN_CN15_9200_CEI77A_ATV_BT_FP7913", 0.38, 1,    207.195,   -2.6,    0.9444, 2,    207.195, -122.6,    0.9444, 3,    207.195,  117.4,    0.9444
"SCN_CN15_9092_CEI77A_ATV_BT_FM0378", 0.38, 1,    199.242,   -3.1,   0.90815, 2,    199.242, -123.1,   0.90815, 3,    199.242,  116.9,   0.90815
"SCN_CN15_9058_CEI071_BT_FX4285", 0.38, 1,    191.492,   -3.7,   0.87283, 2,    191.492, -123.7,   0.87283, 3,    191.492,  116.3,   0.87283
"SCN_CN15_9070_CEIRJ006_ATV_BT_FP3432", 0.38, 1,    175.647,   -5.3,    0.8006, 2,    175.646, -125.3,    0.8006, 3,    175.647,  114.7,    0.8006
"SCN_CN15_9071_CEI201_ATV_BT_FX8727", 0.38, 1,    175.934,   -5.2,   0.80191, 2,    175.934, -125.2,   0.80191, 3,    175.934,  114.8,   0.80191
"SCN_CN15_9071_CEI230_ATV_BT_FT4309", 0.38, 1,    178.417,   -4.7,   0.81323, 2,    178.417, -124.7,   0.81323, 3,    178.417,  115.3,   0.81323
"SCN_CN15_9071_CEI77A_ATV_BT_FP1055", 0.38, 1,    198.752,   -3.1,   0.90592, 2,    198.752, -123.1,   0.90592, 3,    198.752,  116.9,   0.90592
"SCN_CN15_9071_CEIRJ006_ATV_BT_FX4147", 0.38, 1,    175.649,   -5.3,   0.80061, 2,    175.649, -125.3,   0.80061, 3,    175.649,  114.7,   0.80061
"SCN_CN15_9072_CEI148_ATV_BT_FT4531", 0.38, 1,    179.841,   -4.6,   0.81972, 2,    179.841, -124.6,   0.81972, 3,    179.841,  115.4,   0.81972
"SCN_CN15_9074_CEI148_ATV_BT_FT4703", 0.38, 1,    179.842,   -4.6,   0.81972, 2,    179.842, -124.6,   0.81972, 3,    179.842,  115.4,   0.81972
"SCN_CN15_9075_CEI131_ATV_BT_FP0963", 0.38, 1,    177.621,   -5.0,    0.8096, 2,    177.621, -125.0,    0.8096, 3,    177.621,  115.0,    0.8096
"SCN_CN15_9075_CEI201_ATV_BT_FX4479", 0.38, 1,    175.623,   -5.3,   0.80049, 2,    175.623, -125.3,   0.80049, 3,    175.623,  114.7,   0.80049
"SCN_CN15_9075_CEI220_ATV_BT_FP0952", 0.38, 1,    178.364,   -4.9,   0.81299, 2,    178.364, -124.9,   0.81299, 3,    178.364,  115.1,   0.81299
"SCN_CN15_9076_CEI77A_ATV_BT_FIC1291", 0.38, 1,    198.681,   -3.2,   0.90559, 2,     198.68, -123.2,   0.90559, 3,    198.681,  116.8,   0.90559
"SCN_CN15_9040_CEI068_BT_FZ0145", 0.38, 1,    185.528,   -4.1,   0.84564, 2,    185.528, -124.1,   0.84564, 3,    185.528,  115.9,   0.84564
"SCN_CN15_9077_CEI068_BT_FZ2493", 0.38, 1,    185.749,   -4.1,   0.84665, 2,    185.749, -124.1,   0.84665, 3,    185.749,  115.9,   0.84665
"SCN_CN15_9078_CEI074_BT_FZ3293", 0.38, 1,    177.877,   -4.7,   0.81077, 2,    177.877, -124.7,   0.81077, 3,    177.877,  115.3,   0.81077
"SCN_CN15_9078_CEI230_ATV_BT_FP0931", 0.38, 1,    178.427,   -4.7,   0.81328, 2,    178.427, -124.7,   0.81327, 3,    178.427,  115.3,   0.81327
"SCN_CN15_9082_CEI201_ATV_BT_FIC1296", 0.38, 1,    179.852,   -4.6,   0.81977, 2,    179.852, -124.6,   0.81977, 3,    179.852,  115.4,   0.81977
"SCN_CN15_9079_CEI77A_ATV_BT_FX2426", 0.38, 1,    198.661,   -3.2,    0.9055, 2,    198.661, -123.2,    0.9055, 3,    198.661,  116.8,    0.9055
"SCN_CN15_9080_CEI131_ATV_BT_FT1998", 0.38, 1,    177.556,   -5.0,   0.80931, 2,    177.556, -125.0,    0.8093, 3,    177.556,  115.0,    0.8093
"SCN_CN15_9080_CEI201_ATV_BT_FP5721", 0.38, 1,    179.852,   -4.6,   0.81977, 2,    179.851, -124.6,   0.81977, 3,    179.852,  115.4,   0.81977
"SCN_CN15_9082_CEI220_ATV_BT_FT4747", 0.38, 1,    178.443,   -4.9,   0.81335, 2,    178.443, -124.9,   0.81335, 3,    178.443,  115.1,   0.81335
"SCN_CN15_9082_CEI77A_ATV_BT_FF0601", 0.38, 1,    198.819,   -3.1,   0.90622, 2,    198.818, -123.1,   0.90622, 3,    198.818,  116.9,   0.90622
"SCN_CN15_9084_CEI071_BT_FIC1297", 0.38, 1,    191.475,   -3.7,   0.87275, 2,    191.475, -123.7,   0.87275, 3,    191.475,  116.3,   0.87275
"SCN_CN15_9038_CEI77A_ATV_BT_FP0916", 0.38, 1,     198.99,   -3.2,     0.907, 2,     198.99, -123.2,     0.907, 3,     198.99,  116.8,     0.907
"SCN_CN15_9416_CEI109_BT_FT4129", 0.38, 1,     176.38,   -5.2,   0.80394, 2,     176.38, -125.2,   0.80394, 3,     176.38,  114.8,   0.80394
"SCN_CN15_9028_CEI148A_ATV_BT_FU0372", 0.38, 1,    175.624,   -5.3,    0.8005, 2,    175.624, -125.3,    0.8005, 3,    175.624,  114.7,    0.8005
"SCN_CN15_9028_CEI167_ATV_BT_FF1964", 0.38, 1,    198.684,   -3.2,   0.90561, 2,    198.684, -123.2,   0.90561, 3,    198.684,  116.8,   0.90561
"SCN_CN15_9028_CEI201_ATV_BT_FW2876", 0.38, 1,    175.897,   -5.2,   0.80174, 2,    175.896, -125.2,   0.80174, 3,    175.897,  114.8,   0.80174
"SCN_CN15_9028_CEI220_ATV_BT_FT4797", 0.38, 1,    176.467,   -5.2,   0.80434, 2,    176.467, -125.2,   0.80434, 3,    176.467,  114.8,   0.80434
"SCN_CN15_9028_CEI69A_BT_FZ2483", 0.38, 1,      175.6,   -5.3,   0.80039, 2,    175.599, -125.3,   0.80039, 3,    175.599,  114.7,   0.80039
"SCN_CN15_9029_CEI077_ATV_BT_FP0897", 0.38, 1,    198.969,   -3.1,    0.9069, 2,    198.968, -123.1,    0.9069, 3,    198.968,  116.9,    0.9069
"SCN_CN15_9029_CEI134B_ATV_BT_FT2705", 0.38, 1,    177.186,   -5.0,   0.80762, 2,    177.186, -125.0,   0.80762, 3,    177.186,  115.0,   0.80762
"SCN_CN15_9466_CEI109_BT_FX0201", 0.38, 1,    176.938,   -5.1,   0.80649, 2,    176.937, -125.1,   0.80649, 3,    176.938,  114.9,   0.80649
"SCN_CN15_9480_CEI109_BT_FZ3481", 0.38, 1,    176.004,   -5.2,   0.80223, 2,    176.004, -125.2,   0.80223, 3,    176.004,  114.8,   0.80223
"SCN_CN15_9488_CEI109_BT_FX2217", 0.38, 1,     175.99,   -5.2,   0.80217, 2,     175.99, -125.2,   0.80217, 3,     175.99,  114.8,   0.80217
"SCN_CN15_9489_CEI109_BT_FX2216", 0.38, 1,     175.99,   -5.2,   0.80217, 2,     175.99, -125.2,   0.80217, 3,     175.99,  114.8,   0.80217
"SCN_CN15_9026_CEI074_BT_FZ1688", 0.38, 1,    177.851,   -4.8,   0.81065, 2,     177.85, -124.8,   0.81065, 3,     177.85,  115.2,   0.81065
"SCN_CN15_9098_CEI072_BT_FX8503", 0.38, 1,    196.025,   -3.4,   0.89349, 2,    196.025, -123.4,   0.89349, 3,    196.025,  116.6,   0.89349
"SCN_CN15_9062_CEI071_BT_FZ5926", 0.38, 1,    191.481,   -3.7,   0.87278, 2,    191.481, -123.7,   0.87278, 3,    191.481,  116.3,   0.87278
"SCN_CN15_9263_CEI109_BT_FZ7002", 0.38, 1,    176.483,   -5.2,   0.80442, 2,    176.483, -125.2,   0.80441, 3,    176.483,  114.8,   0.80441
"SCN_CN15_9085_CEI201_ATV_BT_FX0258", 0.38, 1,    179.853,   -4.6,   0.81978, 2,    179.853, -124.6,   0.81977, 3,    179.853,  115.4,   0.81977
"SCN_CN15_9085_CEI77A_ATV_BT_FIC1299", 0.38, 1,     198.82,   -3.1,   0.90623, 2,     198.82, -123.1,   0.90623, 3,     198.82,  116.9,   0.90623
"SCN_CN15_9087_CEI109_BT_FX0206", 0.38, 1,    177.576,   -5.0,    0.8094, 2,    177.576, -125.0,    0.8094, 3,    177.576,  115.0,    0.8094
"SCN_CN15_9069_CEI77A_ATV_BT_FP0909", 0.38, 1,    198.763,   -3.1,   0.90597, 2,    198.763, -123.1,   0.90597, 3,    198.763,  116.9,   0.90597
"SCN_CN15_9070_CEI201_ATV_BT_FP1476", 0.38, 1,    175.977,   -5.2,   0.80211, 2,    175.977, -125.2,   0.80211, 3,    175.977,  114.8,   0.80211
"SCN_CN15_9083_CEI148_ATV_BT_FM0409", 0.38, 1,    175.697,   -5.3,   0.80083, 2,    175.697, -125.3,   0.80083, 3,    175.697,  114.7,   0.80083
"SCN_CN15_9504_CEI109_BT_FZ1042", 0.38, 1,    175.975,   -5.2,    0.8021, 2,    175.975, -125.2,    0.8021, 3,    175.975,  114.8,    0.8021
"SCN_CN15_9055_CEI201_ATV_BT_FZ6977", 0.38, 1,     179.84,   -4.6,   0.81972, 2,     179.84, -124.6,   0.81972, 3,     179.84,  115.4,   0.81972
"SCN_CN15_9212_CEI77A_ATV_BT_FP5957", 0.38, 1,    207.192,   -2.6,   0.94439, 2,    207.192, -122.6,   0.94439, 3,    207.192,  117.4,   0.94439
"SCN_CN15_9031_CEI077_ATV_BT_FIC1252", 0.38, 1,     198.97,   -3.1,   0.90691, 2,     198.97, -123.1,   0.90691, 3,     198.97,  116.9,   0.90691
"SCN_CN15_9030_CEI134C_ATV_BT_FT4720", 0.38, 1,    177.098,   -5.0,   0.80722, 2,    177.098, -125.0,   0.80722, 3,    177.098,  115.0,   0.80722
"SCN_CN15_9033_CEI072_BT_FX3800", 0.38, 1,     193.26,   -3.6,   0.88088, 2,    193.259, -123.6,   0.88088, 3,     193.26,  116.4,   0.88088
"SCN_CN15_9033_CEI074_BT_FT4540", 0.38, 1,    177.872,   -4.7,   0.81075, 2,    177.872, -124.7,   0.81075, 3,    177.872,  115.3,   0.81075
"SCN_CN15_9033_CEI076_BT_FM1167", 0.38, 1,    185.742,   -4.1,   0.84662, 2,    185.741, -124.1,   0.84661, 3,    185.741,  115.9,   0.84661
"SCN_CN15_9062_CEIRJ006_ATV_BT_FT4337", 0.38, 1,    177.862,   -4.7,    0.8107, 2,    177.862, -124.7,    0.8107, 3,    177.862,  115.3,    0.8107
"SCN_CN15_9004_CEI160A_ATV_BT_FZ1178", 0.38, 1,    177.127,   -5.0,   0.80735, 2,    177.127, -125.0,   0.80735, 3,    177.127,  115.0,   0.80735
"SCN_CN15_9088_CEI201_ATV_BT_FM0467", 0.38, 1,    180.062,   -4.6,   0.82073, 2,    180.061, -124.6,   0.82072, 3,    180.061,  115.4,   0.82072
"SCN_CN15_9089_CEI148_ATV_BT_FZ0352", 0.38, 1,    175.661,   -5.3,   0.80067, 2,     175.66, -125.3,   0.80066, 3,     175.66,  114.7,   0.80066
"SCN_CN15_9090_CEI072_BT_FX8571", 0.38, 1,     195.58,   -3.4,   0.89146, 2,     195.58, -123.4,   0.89146, 3,     195.58,  116.6,   0.89146
"SCN_CN15_9269_CEI109_BT_FX2235", 0.38, 1,    177.264,   -5.0,   0.80797, 2,    177.264, -125.0,   0.80797, 3,    177.264,  115.0,   0.80797
"SCN_CN15_9300_CEI250_ATV_BT_FT4707", 0.38, 1,    192.145,   -3.7,    0.8758, 2,    192.145, -123.7,    0.8758, 3,    192.145,  116.3,    0.8758
"SCN_CN15_9280_CEI250_ATV_BT_FP8842", 0.38, 1,    191.028,   -3.8,   0.87071, 2,    191.027, -123.8,   0.87071, 3,    191.028,  116.2,   0.87071
"SCN_CN15_9284_CEI250_ATV_BT_FIC1354", 0.38, 1,    191.196,   -3.8,   0.87148, 2,    191.196, -123.8,   0.87148, 3,    191.196,  116.2,   0.87148
"SCN_CN15_9090_CEI230_ATV_BT_FP0932", 0.38, 1,    178.423,   -4.7,   0.81326, 2,    178.422, -124.7,   0.81325, 3,    178.422,  115.3,   0.81325
"SCN_CN15_9090_CEI77A_ATV_BT_FT4553", 0.38, 1,    199.129,   -3.1,   0.90763, 2,    199.128, -123.1,   0.90763, 3,    199.128,  116.9,   0.90763
"SCN_CN15_9113_CEI77A_ATV_BT_FIC1311", 0.38, 1,    199.276,   -3.1,   0.90831, 2,    199.276, -123.1,   0.90831, 3,    199.276,  116.9,   0.90831
"SCN_CN15_9092_CEI148_ATV_BT_FZ3218", 0.38, 1,    175.661,   -5.3,   0.80067, 2,     175.66, -125.3,   0.80066, 3,     175.66,  114.7,   0.80067
"SCN_CN15_9291_CEI250_ATV_BT_FZ7535", 0.38, 1,    190.675,   -3.8,    0.8691, 2,    190.675, -123.8,    0.8691, 3,    190.675,  116.2,    0.8691
"SCN_CN15_9320_CEI109_BT_FT4514", 0.38, 1,    176.546,   -5.1,    0.8047, 2,    176.546, -125.1,    0.8047, 3,    176.546,  114.9,    0.8047
"SCN_CN15_9090_CEI220_ATV_BT_FT4746", 0.38, 1,    178.451,   -4.9,   0.81338, 2,     178.45, -124.9,   0.81338, 3,    178.451,  115.1,   0.81338
"SCN_CN15_9075_CEI230_ATV_BT_FF0617", 0.38, 1,    178.431,   -4.7,   0.81329, 2,    178.431, -124.7,   0.81329, 3,    178.431,  115.3,   0.81329
"SCN_CN15_9041_CEIRJ006_ATV_BT_FX0253", 0.38, 1,    199.062,   -3.1,   0.90733, 2,    199.061, -123.1,   0.90733, 3,    199.062,  116.9,   0.90733
"SCN_CN15_9057_CEI072_BT_FX4665", 0.38, 1,    194.147,   -3.5,   0.88493, 2,    194.147, -123.5,   0.88493, 3,    194.147,  116.5,   0.88493
"SCN_CN15_9147_CEI201_ATV_BT_FX2167", 0.38, 1,     180.75,   -4.5,   0.82386, 2,     180.75, -124.5,   0.82386, 3,     180.75,  115.5,   0.82386
"SCN_CN15_9043_CEI130_ATV_BT_FIC1266", 0.38, 1,    179.894,   -4.7,   0.81996, 2,    179.894, -124.7,   0.81996, 3,    179.894,  115.3,   0.81996
"SCN_CN15_9043_CEI77A_ATV_BT_FP0917", 0.38, 1,    198.988,   -3.2,     0.907, 2,    198.988, -123.2,   0.90699, 3,    198.988,  116.8,   0.90699
"SCN_CN15_9044_CEI148_ATV_BT_FU4754", 0.38, 1,    179.866,   -4.6,   0.81984, 2,    179.866, -124.6,   0.81983, 3,    179.866,  115.4,   0.81983
"SCN_CN15_9046_CEI250_ATV_BT_FZ4924", 0.38, 1,    186.045,   -4.1,     0.848, 2,    186.044, -124.1,     0.848, 3,    186.044,  115.9,     0.848
"SCN_CN15_9045_CEI130A_ATV_BT_FP0925", 0.38, 1,    185.374,   -4.1,   0.84494, 2,    185.374, -124.1,   0.84494, 3,    185.374,  115.9,   0.84494
"SCN_CN15_9045_CEIRJ006_ATV_BT_FP4393", 0.38, 1,    199.058,   -3.1,   0.90731, 2,    199.058, -123.1,   0.90731, 3,    199.058,  116.9,   0.90731
"SCN_CN15_9046_CEI075_BT_FZ2701", 0.38, 1,    178.427,   -4.7,   0.81328, 2,    178.427, -124.7,   0.81327, 3,    178.427,  115.3,   0.81327
"SCN_CN15_9046_CEI148A_ATV_BT_FX4501", 0.38, 1,    175.877,   -5.2,   0.80165, 2,    175.877, -125.2,   0.80165, 3,    175.877,  114.8,   0.80165
"SCN_CN15_9030_CEI230B_ATV_BT_FX0998", 0.38, 1,    177.931,   -4.7,   0.81102, 2,    177.931, -124.7,   0.81101, 3,    177.931,  115.3,   0.81101
"SCN_CN15_9030_CEI77A_ATV_BT_FF0609", 0.38, 1,    199.006,   -3.1,   0.90707, 2,    199.005, -123.1,   0.90707, 3,    199.006,  116.9,   0.90707
"SCN_CN15_9031_CEI220_ATV_BT_FX2329", 0.38, 1,    177.567,   -5.0,   0.80935, 2,    177.566, -125.0,   0.80935, 3,    177.567,  115.0,   0.80935
"SCN_CN15_9033_CEI230B_ATV_BT_FX2129", 0.38, 1,    177.897,   -4.7,   0.81086, 2,    177.897, -124.7,   0.81086, 3,    177.897,  115.3,   0.81086
"SCN_CN15_9033_CEI77A_ATV_BT_FP0913", 0.38, 1,    199.002,   -3.1,   0.90706, 2,    199.001, -123.1,   0.90705, 3,    199.002,  116.9,   0.90705
"SCN_CN15_9033_CEIRJ006_ATV_BT_FX2578", 0.38, 1,    198.957,   -3.2,   0.90685, 2,    198.957, -123.2,   0.90685, 3,    198.957,  116.8,   0.90685
"SCN_CN15_9061_CEIRJ006_ATV_BT_FT6096", 0.38, 1,    177.834,   -4.8,   0.81057, 2,    177.834, -124.8,   0.81057, 3,    177.834,  115.2,   0.81057
"SCN_CN15_9010_CEI121_BT_FZ0575", 0.38, 1,    177.502,   -5.0,   0.80906, 2,    177.502, -125.0,   0.80906, 3,    177.502,  115.0,   0.80906
"SCN_CN15_9011_CEI072_BT_FX3393", 0.38, 1,    193.284,   -3.6,   0.88099, 2,    193.283, -123.6,   0.88099, 3,    193.284,  116.4,   0.88099
"SCN_CN15_9094_CEI070_BT_FX8595", 0.38, 1,    189.731,   -3.8,    0.8648, 2,    189.731, -123.8,    0.8648, 3,    189.731,  116.2,    0.8648
"SCN_CN15_9094_CEI148_ATV_BT_FX0252", 0.38, 1,    175.891,   -5.2,   0.80172, 2,    175.891, -125.2,   0.80172, 3,    175.891,  114.8,   0.80172
"SCN_CN15_9095_CEI131_ATV_BT_FP0954", 0.38, 1,    177.956,   -4.9,   0.81113, 2,    177.955, -124.9,   0.81113, 3,    177.956,  115.1,   0.81113
"SCN_CN15_9095_CEI230_ATV_BT_FF0616", 0.38, 1,    179.566,   -4.6,   0.81847, 2,    179.566, -124.6,   0.81846, 3,    179.566,  115.4,   0.81847
"SCN_CN15_9096_CEI148_ATV_BT_FP4396", 0.38, 1,     175.89,   -5.2,   0.80171, 2,     175.89, -125.2,   0.80171, 3,     175.89,  114.8,   0.80171
"SCN_CN15_9096_CEI77A_ATV_BT_FM0378F", 0.38, 1,    199.306,   -3.1,   0.90844, 2,    199.306, -123.1,   0.90844, 3,    199.306,  116.9,   0.90844
"SCN_CN15_9302_CEI109_BT_FT4704", 0.38, 1,    176.633,   -5.1,    0.8051, 2,    176.633, -125.1,    0.8051, 3,    176.633,  114.9,    0.8051
"SCN_CN15_9093_CEI076_BT_FX5102", 0.38, 1,    199.061,   -3.1,   0.90733, 2,    199.061, -123.1,   0.90732, 3,    199.061,  116.9,   0.90733
"SCN_CN15_9093_CEI109_BT_FX0204", 0.38, 1,    177.582,   -5.0,   0.80942, 2,    177.582, -125.0,   0.80942, 3,    177.582,  115.0,   0.80942
"SCN_CN15_9101_CEI201_ATV_BT_FT4530", 0.38, 1,    179.832,   -4.6,   0.81968, 2,    179.832, -124.6,   0.81968, 3,    179.832,  115.4,   0.81968
"SCN_CN15_9110_CEI201_ATV_BT_FX2148", 0.38, 1,    179.839,   -4.6,   0.81971, 2,    179.839, -124.6,   0.81971, 3,    179.839,  115.4,   0.81971
"SCN_CN15_9093_CEI148_ATV_BT_FX2946", 0.38, 1,    175.893,   -5.2,   0.80172, 2,    175.892, -125.2,   0.80172, 3,    175.893,  114.8,   0.80172
"SCN_CN15_9061_CEI77A_ATV_BT_FX5275", 0.38, 1,    198.906,   -3.1,   0.90662, 2,    198.906, -123.1,   0.90662, 3,    198.906,  116.9,   0.90662
"SCN_CN15_9159_CEI068_BT_FP1477", 0.38, 1,    185.964,   -4.1,   0.84763, 2,    185.964, -124.1,   0.84763, 3,    185.964,  115.9,   0.84763
"SCN_CN15_9159_CEI230_ATV_BT_FF0624", 0.38, 1,    178.026,   -4.7,   0.81145, 2,    178.025, -124.7,   0.81144, 3,    178.025,  115.3,   0.81144
"SCN_CN15_9162_CEI230_ATV_BT_FX4159", 0.38, 1,     178.09,   -4.7,   0.81174, 2,     178.09, -124.7,   0.81174, 3,     178.09,  115.3,   0.81174
"SCN_CN15_9162_CEI77A_ATV_BT_FT4732", 0.38, 1,    204.265,   -2.8,   0.93104, 2,    204.265, -122.8,   0.93104, 3,    204.265,  117.2,   0.93104
"SCN_CN15_9163_CEI109_BT_FF0655", 0.38, 1,    176.469,   -5.2,   0.80435, 2,    176.469, -125.2,   0.80435, 3,    176.469,  114.8,   0.80435
"SCN_CN15_9163_CEI230_ATV_BT_FP5989", 0.38, 1,     178.11,   -4.7,   0.81183, 2,    178.109, -124.7,   0.81183, 3,    178.109,  115.3,   0.81183
"SCN_CN15_9003_CEI077_BT_FIC1325", 0.38, 1,    206.542,   -2.6,   0.94142, 2,    206.542, -122.6,   0.94142, 3,    206.542,  117.4,   0.94142
"SCN_CN15_9168_CEI230_ATV_BT_FX2120", 0.38, 1,    178.349,   -4.7,   0.81292, 2,    178.349, -124.7,   0.81292, 3,    178.349,  115.3,   0.81292
"SCN_CN15_9166_CEI068_BT_FIC1324", 0.38, 1,    183.412,   -4.3,     0.836, 2,    183.412, -124.3,     0.836, 3,    183.412,  115.7,     0.836
"SCN_CN15_9166_CEI230_ATV_BT_FX2356", 0.38, 1,    178.231,   -4.7,   0.81238, 2,     178.23, -124.7,   0.81238, 3,     178.23,  115.3,   0.81238
"SCN_CN15_9167_CEI230_ATV_BT_FX2116", 0.38, 1,     178.31,   -4.7,   0.81274, 2,     178.31, -124.7,   0.81274, 3,     178.31,  115.3,   0.81274
"SCN_CN15_9169_CEI068_BT_FP6305", 0.38, 1,    183.528,   -4.3,   0.83653, 2,    183.528, -124.3,   0.83653, 3,    183.528,  115.7,   0.83653
"SCN_CN15_9169_CEI230_ATV_BT_FX4158", 0.38, 1,    178.514,   -4.7,   0.81367, 2,    178.513, -124.7,   0.81367, 3,    178.513,  115.3,   0.81367
"SCN_CN15_9170_CEI230_ATV_BT_FF1210", 0.38, 1,    178.424,   -4.7,   0.81326, 2,    178.424, -124.7,   0.81326, 3,    178.424,  115.3,   0.81326
"SCN_CN15_9170_CEI69B_BT_FX8344", 0.38, 1,    180.216,   -4.6,   0.82143, 2,    180.216, -124.6,   0.82143, 3,    180.216,  115.4,   0.82143
"SCN_CN15_9171_CEI69A_BT_FX4290", 0.38, 1,    175.719,   -5.3,   0.80093, 2,    175.719, -125.3,   0.80093, 3,    175.719,  114.7,   0.80093
"SCN_CN15_9172_CEI068_BT_FZ2491", 0.38, 1,    184.222,   -4.2,   0.83969, 2,    184.222, -124.2,   0.83969, 3,    184.222,  115.8,   0.83969
"SCN_CN15_9172_CEI69B_BT_FZ0594", 0.38, 1,     180.21,   -4.6,    0.8214, 2,     180.21, -124.6,    0.8214, 3,     180.21,  115.4,    0.8214
"SCN_CN15_9310_CEI109_BT_FX4152", 0.38, 1,    176.549,   -5.1,   0.80472, 2,    176.549, -125.1,   0.80471, 3,    176.549,  114.9,   0.80471
"SCN_CN15_9319_CEI068_BT_FIC1359", 0.38, 1,    185.892,   -4.1,    0.8473, 2,    185.892, -124.1,    0.8473, 3,    185.892,  115.9,    0.8473
"SCN_CN15_9325_CEI250_ATV_BT_FZ7008", 0.38, 1,    191.481,   -3.7,   0.87278, 2,    191.481, -123.7,   0.87277, 3,    191.481,  116.3,   0.87277
"SCN_CN15_9034_CEI160_ATV_BT_FT4708", 0.38, 1,    179.842,   -4.6,   0.81972, 2,    179.841, -124.6,   0.81972, 3,    179.841,  115.4,   0.81972
"SCN_CN15_9035_CEI148_ATV_BT_FX5452", 0.38, 1,    179.889,   -4.6,   0.81994, 2,    179.888, -124.6,   0.81994, 3,    179.889,  115.4,   0.81994
"SCN_CN15_9035_CEI148A_ATV_BT_FX2929", 0.38, 1,    175.644,   -5.3,   0.80059, 2,    175.644, -125.3,   0.80059, 3,    175.644,  114.7,   0.80059
"SCN_CN15_9035_CEI160_ATV_BT_FT4574", 0.38, 1,    180.207,   -4.6,   0.82139, 2,    180.207, -124.6,   0.82139, 3,    180.207,  115.4,   0.82139
"SCN_CN15_9035_CEI230B_ATV_BT_FF0619", 0.38, 1,    177.884,   -4.7,    0.8108, 2,    177.883, -124.7,    0.8108, 3,    177.884,  115.3,    0.8108
"SCN_CN15_9036_CEI134B_ATV_BT_FP0960", 0.38, 1,    177.149,   -5.0,   0.80745, 2,    177.149, -125.0,   0.80745, 3,    177.149,  115.0,   0.80745
"SCN_CN15_9036_CEI134C_ATV_BT_FIC1259", 0.38, 1,    177.094,   -5.0,    0.8072, 2,    177.093, -125.0,    0.8072, 3,    177.093,  115.0,    0.8072
"SCN_CN15_9173_CEI230_ATV_BT_FX2214", 0.38, 1,    178.427,   -4.7,   0.81328, 2,    178.427, -124.7,   0.81327, 3,    178.427,  115.3,   0.81327
"SCN_CN15_9173_CEI77A_ATV_BT_FIC1327", 0.38, 1,    207.184,   -2.6,   0.94435, 2,    207.184, -122.6,   0.94435, 3,    207.184,  117.4,   0.94435
"SCN_CN15_9187_CEI230_ATV_BT_FT6094", 0.38, 1,    177.838,   -4.8,   0.81059, 2,    177.838, -124.8,   0.81059, 3,    177.838,  115.2,   0.81059
"SCN_CN15_9175_CEI77A_ATV_BT_FX1136", 0.38, 1,    207.183,   -2.6,   0.94434, 2,    207.182, -122.6,   0.94434, 3,    207.182,  117.4,   0.94434
"SCN_CN15_9176_CEI69B_BT_FX2145", 0.38, 1,    180.227,   -4.6,   0.82148, 2,    180.227, -124.6,   0.82148, 3,    180.227,  115.4,   0.82148
"SCN_CN15_9176_CEI77A_ATV_BT_FP0903", 0.38, 1,     207.18,   -2.6,   0.94433, 2,     207.18, -122.6,   0.94433, 3,     207.18,  117.4,   0.94433
"SCN_CN15_9361_CEI109_BT_FIC1365", 0.38, 1,    175.854,   -5.2,   0.80155, 2,    175.854, -125.2,   0.80155, 3,    175.854,  114.8,   0.80155
"SCN_CN15_9005_CEI220_ATV_BT_FIC1213", 0.38, 1,    180.211,   -4.6,    0.8214, 2,     180.21, -124.6,    0.8214, 3,     180.21,  115.4,    0.8214
"SCN_CN15_9005_CEI230B_ATV_BT_FX4161", 0.38, 1,    177.851,   -4.8,   0.81065, 2,     177.85, -124.8,   0.81065, 3,     177.85,  115.2,   0.81065
"SCN_CN15_9006_CEI120_BT_FT4752", 0.38, 1,    178.382,   -4.9,   0.81307, 2,    178.382, -124.9,   0.81307, 3,    178.382,  115.1,   0.81307
"SCN_CN15_9006_CEI134A_ATV_BT_FP6171", 0.38, 1,    177.516,   -5.0,   0.80912, 2,    177.516, -125.0,   0.80912, 3,    177.516,  115.0,   0.80912
"SCN_CN15_9006_CEI230B_ATV_BT_FX9011", 0.38, 1,    177.882,   -4.7,   0.81079, 2,    177.882, -124.7,   0.81079, 3,    177.882,  115.3,   0.81079
"SCN_CN15_9062_CEI201_ATV_BT_FX2278", 0.38, 1,    176.196,   -5.2,   0.80311, 2,    176.196, -125.2,   0.80311, 3,    176.196,  114.8,   0.80311
"SCN_CN15_9063_CEIRJ006_ATV_BT_FF0628", 0.38, 1,    177.894,   -4.7,   0.81084, 2,    177.893, -124.7,   0.81084, 3,    177.893,  115.3,   0.81084
"SCN_CN15_9064_CEI201_ATV_BT_FT4512", 0.38, 1,    176.196,   -5.2,   0.80311, 2,    176.196, -125.2,   0.80311, 3,    176.196,  114.8,   0.80311
"SCN_CN15_9039_CEI201_ATV_BT_FIC1264", 0.38, 1,    175.952,   -5.2,   0.80199, 2,    175.951, -125.2,   0.80199, 3,    175.951,  114.8,   0.80199
"SCN_CN15_9039_CEI69B_BT_FX4761", 0.38, 1,    180.858,   -4.5,   0.82436, 2,    180.858, -124.5,   0.82435, 3,    180.858,  115.5,   0.82436
"SCN_CN15_9047_CEI77A_ATV_BT_FP4289", 0.38, 1,    199.008,   -3.1,   0.90709, 2,    199.008, -123.1,   0.90708, 3,    199.008,  116.9,   0.90709
"SCN_CN15_9040_CEI220_ATV_BT_FT3432", 0.38, 1,    177.568,   -5.0,   0.80936, 2,    177.568, -125.0,   0.80936, 3,    177.568,  115.0,   0.80936
"SCN_CN15_9084_CEI148_ATV_BT_FP8447", 0.38, 1,    175.688,   -5.3,   0.80079, 2,    175.687, -125.3,   0.80079, 3,    175.687,  114.7,   0.80079
"SCN_CN15_9087_CEI230_ATV_BT_FP3973", 0.38, 1,    178.422,   -4.7,   0.81325, 2,    178.421, -124.7,   0.81325, 3,    178.422,  115.3,   0.81325
"SCN_CN15_9066_CEI070_BT_FX2661", 0.38, 1,    188.716,   -3.9,   0.86017, 2,    188.716, -123.9,   0.86017, 3,    188.716,  116.1,   0.86017
"SCN_CN15_9066_CEI148_ATV_BT_FZ2485", 0.38, 1,    179.845,   -4.6,   0.81974, 2,    179.845, -124.6,   0.81974, 3,    179.845,  115.4,   0.81974
"SCN_CN15_9066_CEI77A_ATV_BT_FP1047", 0.38, 1,    198.828,   -3.1,   0.90626, 2,    198.828, -123.1,   0.90626, 3,    198.828,  116.9,   0.90626
"SCN_CN15_9007_CEI075_BT_FZ2700", 0.38, 1,    178.562,   -4.7,   0.81389, 2,    178.562, -124.7,   0.81389, 3,    178.562,  115.3,   0.81389
"SCN_CN15_9007_CEI077_ATV_BT_FT1871", 0.38, 1,    197.581,   -3.2,   0.90058, 2,    197.581, -123.2,   0.90058, 3,    197.581,  116.8,   0.90058
"SCN_CN15_9007_CEI134_ATV_BT_FX9367", 0.38, 1,    177.511,   -5.0,    0.8091, 2,    177.511, -125.0,    0.8091, 3,    177.511,  115.0,    0.8091
"SCN_CN15_9009_CEI148_ATV_BT_FP3985", 0.38, 1,    180.025,   -4.6,   0.82056, 2,    180.025, -124.6,   0.82056, 3,    180.025,  115.4,   0.82056
"SCN_CN15_9009_CEI148A_ATV_BT_FIC1220", 0.38, 1,    175.556,   -5.3,   0.80019, 2,    175.555, -125.3,   0.80019, 3,    175.555,  114.7,   0.80019
"SCN_CN15_9009_CEI230_ATV_BT_FX4746F", 0.38, 1,    199.102,   -3.1,   0.90751, 2,    199.102, -123.1,   0.90751, 3,    199.102,  116.9,   0.90751
"SCN_CN15_9010_CEI134_ATV_BT_FX4289", 0.38, 1,    177.491,   -5.0,   0.80901, 2,     177.49, -125.0,   0.80901, 3,     177.49,  115.0,   0.80901
"SCN_CN15_9010_CEI134C_ATV_BT_FP5934", 0.38, 1,    177.131,   -5.0,   0.80737, 2,     177.13, -125.0,   0.80737, 3,    177.131,  115.0,   0.80737
"SCN_CN15_9007_CEI148A_ATV_BT_FIC1215", 0.38, 1,    175.554,   -5.3,   0.80018, 2,    175.554, -125.3,   0.80018, 3,    175.554,  114.7,   0.80018
"SCN_CN15_9007_CEI77A_ATV_BT_FX0796", 0.38, 1,    198.957,   -3.2,   0.90685, 2,    198.957, -123.2,   0.90685, 3,    198.957,  116.8,   0.90685
"SCN_CN15_9008_CEI134A_ATV_BT_FX4153", 0.38, 1,    177.507,   -5.0,   0.80908, 2,    177.506, -125.0,   0.80908, 3,    177.506,  115.0,   0.80908
"SCN_CN15_9010_CEIRJ006_ATV_BT_FZ3668", 0.38, 1,    191.521,   -3.7,   0.87296, 2,    191.521, -123.7,   0.87296, 3,    191.521,  116.3,   0.87296
"SCN_CN15_9011_CEI77A_ATV_BT_FP4599", 0.38, 1,    198.963,   -3.2,   0.90688, 2,    198.963, -123.2,   0.90688, 3,    198.963,  116.8,   0.90688
"SCN_CN15_9015_CEI077_ATV_BT_FF0574", 0.38, 1,    198.063,   -3.2,   0.90278, 2,    198.063, -123.2,   0.90278, 3,    198.063,  116.8,   0.90278
"SCN_CN15_9011_CEIRJ013_ATV_BT_FX2218", 0.38, 1,    175.981,   -5.2,   0.80213, 2,     175.98, -125.2,   0.80212, 3,    175.981,  114.8,   0.80212
"SCN_CN15_9067_CEI201_ATV_BT_FP4175", 0.38, 1,    175.954,   -5.2,     0.802, 2,    175.954, -125.2,     0.802, 3,    175.954,  114.8,     0.802
"SCN_CN15_9068_CEI068_BT_FZ2494", 0.38, 1,    185.682,   -4.1,   0.84634, 2,    185.681, -124.1,   0.84634, 3,    185.682,  115.9,   0.84634
"SCN_CN15_9068_CEI230_ATV_BT_FT1941", 0.38, 1,    178.421,   -4.7,   0.81325, 2,    178.421, -124.7,   0.81325, 3,    178.421,  115.3,   0.81325
"SCN_CN15_9069_CEI148_ATV_BT_FX0646", 0.38, 1,    179.844,   -4.6,   0.81973, 2,    179.843, -124.6,   0.81973, 3,    179.844,  115.4,   0.81973
"SCN_CN15_9069_CEI230_ATV_BT_FP0935", 0.38, 1,    178.419,   -4.7,   0.81324, 2,    178.418, -124.7,   0.81324, 3,    178.418,  115.3,   0.81324
"SCN_CN15_9180_CEI230_ATV_BT_FT6092", 0.38, 1,    177.849,   -4.8,   0.81064, 2,    177.848, -124.8,   0.81064, 3,    177.849,  115.2,   0.81064
"SCN_CN15_9180_CEI77A_ATV_BT_FZ3625", 0.38, 1,    207.175,   -2.6,   0.94431, 2,    207.175, -122.6,   0.94431, 3,    207.175,  117.4,   0.94431
"SCN_CN15_9181_CEI69A_BT_FP4717", 0.38, 1,    180.207,   -4.6,   0.82139, 2,    180.206, -124.6,   0.82139, 3,    180.206,  115.4,   0.82139
"SCN_CN15_9181_CEI77A_ATV_BT_FT4526", 0.38, 1,    207.188,   -2.6,   0.94437, 2,    207.188, -122.6,   0.94437, 3,    207.188,  117.4,   0.94437
"SCN_CN15_9182_CEI230_ATV_BT_FX0938", 0.38, 1,    177.859,   -4.7,   0.81068, 2,    177.858, -124.7,   0.81068, 3,    177.858,  115.3,   0.81068
"SCN_CN15_9182_CEI77A_ATV_BT_FM1323", 0.38, 1,    207.771,   -2.5,   0.94702, 2,    207.771, -122.5,   0.94702, 3,    207.771,  117.5,   0.94702
"SCN_CN15_9183_CEI068_BT_FZ9202", 0.38, 1,    185.084,   -4.2,   0.84362, 2,    185.084, -124.2,   0.84362, 3,    185.084,  115.8,   0.84362
"SCN_CN15_9183_CEI109_BT_FZ7001", 0.38, 1,    176.474,   -5.2,   0.80437, 2,    176.474, -125.2,   0.80437, 3,    176.474,  114.8,   0.80437
"SCN_CN15_9183_CEI230_ATV_BT_FX3541", 0.38, 1,     177.89,   -4.7,   0.81083, 2,     177.89, -124.7,   0.81083, 3,     177.89,  115.3,   0.81083
"SCN_CN15_9185_CEI69A_BT_FIC1329", 0.38, 1,    180.203,   -4.6,   0.82137, 2,    180.203, -124.6,   0.82137, 3,    180.203,  115.4,   0.82137
"SCN_CN15_9195_CEI230_ATV_BT_FIC1335", 0.38, 1,    175.647,   -5.3,    0.8006, 2,    175.646, -125.3,    0.8006, 3,    175.647,  114.7,    0.8006
"SCN_CN15_9390_CEI109_BT_FZ6420", 0.38, 1,    176.023,   -5.2,   0.80232, 2,    176.022, -125.2,   0.80231, 3,    176.022,  114.8,   0.80231
"SCN_CN15_9025_CEI130_ATV_BT_FZ2056", 0.38, 1,    181.877,   -4.4,     0.829, 2,    181.876, -124.4,     0.829, 3,    181.877,  115.6,     0.829
"SCN_CN15_9039_CEI160_ATV_BT_FX4255", 0.38, 1,    198.966,   -3.1,   0.90689, 2,    198.966, -123.1,   0.90689, 3,    198.966,  116.9,   0.90689
"SCN_CN15_9042_CEI160_ATV_BT_FX3836", 0.38, 1,        198,   -3.2,   0.90249, 2,        198, -123.2,   0.90249, 3,        198,  116.8,   0.90249
"SCN_CN15_9004_CEI109_BT_FIC1207", 0.38, 1,    177.917,   -5.0,   0.81095, 2,    177.917, -125.0,   0.81095, 3,    177.917,  115.0,   0.81095
"SCN_CN15_9004_CEI148A_ATV_BT_FX0738", 0.38, 1,    175.552,   -5.3,   0.80017, 2,    175.552, -125.3,   0.80017, 3,    175.552,  114.7,   0.80017
"SCN_CN15_9004_CEI201_ATV_BT_FIC1210", 0.38, 1,    175.837,   -5.2,   0.80147, 2,    175.837, -125.2,   0.80147, 3,    175.837,  114.8,   0.80147
"SCN_CN15_9004_CEI230_ATV_BT_FX4746", 0.38, 1,     199.11,   -3.1,   0.90755, 2,     199.11, -123.1,   0.90755, 3,     199.11,  116.9,   0.90755
"SCN_CN15_9004_CEIRJ012_ATV_BT_FT4308", 0.38, 1,    198.011,   -3.2,   0.90254, 2,    198.011, -123.2,   0.90254, 3,    198.011,  116.8,   0.90254
"SCN_CN15_9098_CEI131_ATV_BT_FIC1304", 0.38, 1,    178.063,   -4.9,   0.81162, 2,    178.063, -124.9,   0.81161, 3,    178.063,  115.1,   0.81161
"SCN_CN15_9099_CEI77A_ATV_BT_FP7441", 0.38, 1,    199.291,   -3.1,   0.90838, 2,    199.291, -123.1,   0.90838, 3,    199.291,  116.9,   0.90838
"SCN_CN15_9100_CEI201_ATV_BT_FP0948", 0.38, 1,    179.832,   -4.6,   0.81968, 2,    179.832, -124.6,   0.81968, 3,    179.832,  115.4,   0.81968
"SCN_CN15_9101_CEI068_BT_FZ2492", 0.38, 1,    186.289,   -4.1,   0.84911, 2,    186.289, -124.1,   0.84911, 3,    186.289,  115.9,   0.84911
"SCN_CN15_9101_CEI109_BT_FX3717", 0.38, 1,    177.578,   -5.0,    0.8094, 2,    177.577, -125.0,    0.8094, 3,    177.577,  115.0,    0.8094
"SCN_CN15_9101_CEI77A_ATV_BT_FX2951", 0.38, 1,    199.406,   -3.1,    0.9089, 2,    199.405, -123.1,    0.9089, 3,    199.406,  116.9,    0.9089
"SCN_CN15_9102_CEI220_ATV_BT_FIC1309", 0.38, 1,    178.485,   -4.9,   0.81354, 2,    178.485, -124.9,   0.81354, 3,    178.485,  115.1,   0.81354
"SCN_CN15_9103_CEI77A_ATV_BT_FP1062", 0.38, 1,    199.435,   -3.1,   0.90903, 2,    199.435, -123.1,   0.90903, 3,    199.435,  116.9,   0.90903
"SCN_CN15_9104_CEI201_ATV_BT_FX2135", 0.38, 1,    179.834,   -4.6,   0.81969, 2,    179.834, -124.6,   0.81969, 3,    179.834,  115.4,   0.81969
"SCN_CN15_9001_CEI134_ATV_BT_FX9367F", 0.38, 1,    177.526,   -5.0,   0.80917, 2,    177.525, -125.0,   0.80917, 3,    177.526,  115.0,   0.80917
"SCN_CN15_9001_CEI148A_ATV_BT_FF0682", 0.38, 1,     175.55,   -5.3,   0.80016, 2,     175.55, -125.3,   0.80016, 3,     175.55,  114.7,   0.80016
"SCN_CN15_9001_CEI160_ATV_BT_FF0642", 0.38, 1,     179.89,   -4.7,   0.81994, 2,     179.89, -124.7,   0.81994, 3,     179.89,  115.3,   0.81994
"SCN_CN15_9001_CEI230B_ATV_BT_FP4290", 0.38, 1,    177.849,   -4.8,   0.81064, 2,    177.848, -124.8,   0.81064, 3,    177.848,  115.2,   0.81064
"SCN_CN15_9002_CEI077_BT_FZ9396", 0.38, 1,    199.818,   -3.1,   0.91078, 2,    199.818, -123.1,   0.91078, 3,    199.818,  116.9,   0.91078
"SCN_CN15_9002_CEI148_ATV_BT_FX0651", 0.38, 1,    180.048,   -4.6,   0.82067, 2,    180.048, -124.6,   0.82066, 3,    180.048,  115.4,   0.82067
"SCN_CN15_9011_CEI109_BT_FP4697", 0.38, 1,    177.917,   -5.0,   0.81095, 2,    177.916, -125.0,   0.81095, 3,    177.916,  115.0,   0.81095
"SCN_CN15_9011_CEI134B_ATV_BT_FZ0374", 0.38, 1,    177.129,   -5.0,   0.80736, 2,    177.128, -125.0,   0.80736, 3,    177.129,  115.0,   0.80736
"SCN_CN15_9013_CEI201_ATV_BT_FIC1226", 0.38, 1,    175.846,   -5.2,   0.80151, 2,    175.845, -125.2,   0.80151, 3,    175.845,  114.8,   0.80151
"SCN_CN15_9013_CEI69B_BT_FM0148", 0.38, 1,    182.275,   -4.4,   0.83082, 2,    182.275, -124.4,   0.83082, 3,    182.275,  115.6,   0.83082
"SCN_CN15_9014_CEI134_ATV_BT_FP1769", 0.38, 1,    177.516,   -5.0,   0.80912, 2,    177.515, -125.0,   0.80912, 3,    177.516,  115.0,   0.80912
"SCN_CN15_9014_CEI134C_ATV_BT_FP0961", 0.38, 1,    177.112,   -5.0,   0.80728, 2,    177.111, -125.0,   0.80728, 3,    177.111,  115.0,   0.80728
"SCN_CN15_9019_CEI148A_ATV_BT_FZ1308", 0.38, 1,    175.597,   -5.3,   0.80038, 2,    175.597, -125.3,   0.80038, 3,    175.597,  114.7,   0.80038
"SCN_CN15_9019_CEI201_ATV_BT_FIC1237", 0.38, 1,    175.859,   -5.2,   0.80157, 2,    175.859, -125.2,   0.80157, 3,    175.859,  114.8,   0.80157
"SCN_CN15_9019_CEIRJ006_ATV_BT_FX5299", 0.38, 1,    191.482,   -3.7,   0.87278, 2,    191.481, -123.7,   0.87278, 3,    191.482,  116.3,   0.87278
"SCN_CN15_9028_CEI077_ATV_BT_FP3435", 0.38, 1,    198.974,   -3.1,   0.90693, 2,    198.973, -123.1,   0.90693, 3,    198.973,  116.9,   0.90693
"SCN_CN15_9020_CEI070_BT_FZ0706", 0.38, 1,    189.211,   -3.9,   0.86243, 2,    189.211, -123.9,   0.86243, 3,    189.211,  116.1,   0.86243
"SCN_CN15_9014_CEI148_ATV_BT_FIC1228", 0.38, 1,    179.982,   -4.6,   0.82037, 2,    179.982, -124.6,   0.82036, 3,    179.982,  115.4,   0.82036
"SCN_CN15_9014_CEI230_ATV_BT_FP0908", 0.38, 1,    199.116,   -3.1,   0.90758, 2,    199.116, -123.1,   0.90758, 3,    199.116,  116.9,   0.90758
"SCN_CN15_9014_CEI69A_BT_FP3539", 0.38, 1,    175.577,   -5.3,   0.80029, 2,    175.577, -125.3,   0.80029, 3,    175.577,  114.7,   0.80029
"SCN_CN15_9014_CEI77A_ATV_BT_FX2657", 0.38, 1,    198.955,   -3.2,   0.90684, 2,    198.955, -123.2,   0.90684, 3,    198.955,  116.8,   0.90684
"SCN_CN15_9015_CEI074_BT_FX3665", 0.38, 1,    177.836,   -4.8,   0.81058, 2,    177.835, -124.8,   0.81058, 3,    177.835,  115.2,   0.81058
"SCN_CN15_9016_CEI076_BT_FX0674", 0.38, 1,    185.805,   -4.1,   0.84691, 2,    185.805, -124.1,    0.8469, 3,    185.805,  115.9,   0.84691
"SCN_CN15_9016_CEI120_BT_FP7641", 0.38, 1,    178.502,   -4.9,   0.81362, 2,    178.502, -124.9,   0.81362, 3,    178.502,  115.1,   0.81362
"SCN_CN15_9107_CEI201_ATV_BT_FP3835", 0.38, 1,    179.836,   -4.6,    0.8197, 2,    179.836, -124.6,    0.8197, 3,    179.836,  115.4,    0.8197
"SCN_CN15_9107_CEI220_ATV_BT_FZ5767", 0.38, 1,    178.487,   -4.9,   0.81355, 2,    178.487, -124.9,   0.81355, 3,    178.487,  115.1,   0.81355
"SCN_CN15_9107_CEI77A_ATV_BT_FP5672F", 0.38, 1,    199.378,   -3.1,   0.90877, 2,    199.378, -123.1,   0.90877, 3,    199.378,  116.9,   0.90877
"SCN_CN15_9126_CEI230_ATV_BT_FP1048", 0.38, 1,    178.427,   -4.7,   0.81327, 2,    178.426, -124.7,   0.81327, 3,    178.426,  115.3,   0.81327
"SCN_CN15_9108_CEI77A_ATV_BT_FZ5107", 0.38, 1,    199.374,   -3.1,   0.90875, 2,    199.374, -123.1,   0.90875, 3,    199.374,  116.9,   0.90875
"SCN_CN15_9110_CEI77A_ATV_BT_FZ2046", 0.38, 1,    199.343,   -3.1,   0.90861, 2,    199.343, -123.1,   0.90861, 3,    199.343,  116.9,   0.90861
"SCN_CN15_9111_CEI77A_ATV_BT_FX2727", 0.38, 1,     199.31,   -3.1,   0.90846, 2,     199.31, -123.1,   0.90846, 3,     199.31,  116.9,   0.90846
"SCN_CN15_9342_CEI109_BT_FIC1360", 0.38, 1,    175.953,   -5.2,     0.802, 2,    175.953, -125.2,     0.802, 3,    175.953,  114.8,     0.802
"SCN_CN15_9441_CEI109_BT_FX1604", 0.38, 1,    176.931,   -5.1,   0.80646, 2,    176.931, -125.1,   0.80646, 3,    176.931,  114.9,   0.80646
"SCN_CN15_9449_CEI109_BT_FX1603", 0.38, 1,    176.935,   -5.1,   0.80647, 2,    176.934, -125.1,   0.80647, 3,    176.934,  114.9,   0.80647
"SCN_CN15_9047_CEI076_BT_FT7531", 0.38, 1,     185.73,   -4.1,   0.84656, 2,    185.729, -124.1,   0.84656, 3,     185.73,  115.9,   0.84656
"SCN_CN15_9047_CEI148A_ATV_BT_FT4516", 0.38, 1,    175.858,   -5.2,   0.80156, 2,    175.857, -125.2,   0.80156, 3,    175.857,  114.8,   0.80156
"SCN_CN15_9047_CEI220_ATV_BT_FT6088", 0.38, 1,     177.57,   -5.0,   0.80937, 2,    177.569, -125.0,   0.80937, 3,     177.57,  115.0,   0.80937
"SCN_CN15_9048_CEI148A_ATV_BT_FIC1269", 0.38, 1,    175.845,   -5.2,   0.80151, 2,    175.845, -125.2,   0.80151, 3,    175.845,  114.8,   0.80151
"SCN_CN15_9049_CEI160_ATV_BT_FP4339", 0.38, 1,    198.004,   -3.2,   0.90251, 2,    198.004, -123.2,   0.90251, 3,    198.004,  116.8,   0.90251
"SCN_CN15_9049_CEI201_ATV_BT_FT4307", 0.38, 1,    176.011,   -5.2,   0.80226, 2,     176.01, -125.2,   0.80226, 3,     176.01,  114.8,   0.80226
"SCN_CN15_9049_CEI250_ATV_BT_FP4729", 0.38, 1,    186.043,   -4.1,   0.84799, 2,    186.043, -124.1,   0.84799, 3,    186.043,  115.9,   0.84799
"SCN_CN15_9050_CEI201_ATV_BT_FX4123", 0.38, 1,     176.01,   -5.2,   0.80226, 2,     176.01, -125.2,   0.80226, 3,     176.01,  114.8,   0.80226
"SCN_CN15_9051_CEI070_BT_FX4729", 0.38, 1,    187.708,   -4.0,   0.85558, 2,    187.707, -124.0,   0.85558, 3,    187.708,  116.0,   0.85558
"SCN_CN15_9051_CEI201_ATV_BT_FP5949", 0.38, 1,    176.002,   -5.2,   0.80222, 2,    176.001, -125.2,   0.80222, 3,    176.002,  114.8,   0.80222
"SCN_CN15_9051_CEI69B_BT_FZ2488", 0.38, 1,    180.426,   -4.6,   0.82239, 2,    180.426, -124.6,   0.82239, 3,    180.426,  115.4,   0.82239
"SCN_CN15_9051_CEI77A_ATV_BT_FIC1272", 0.38, 1,        199,   -3.1,   0.90705, 2,        199, -123.1,   0.90705, 3,        199,  116.9,   0.90705
"SCN_CN15_9002_CEI160_ATV_BT_FX0209", 0.38, 1,     179.89,   -4.7,   0.81994, 2,     179.89, -124.7,   0.81994, 3,     179.89,  115.3,   0.81994
"SCN_CN15_9003_CEI121_BT_FZ1960", 0.38, 1,    177.501,   -5.0,   0.80906, 2,    177.501, -125.0,   0.80905, 3,    177.501,  115.0,   0.80905
"SCN_CN15_9016_CEI134_ATV_BT_FP0957", 0.38, 1,    177.236,   -5.0,   0.80785, 2,    177.236, -125.0,   0.80785, 3,    177.236,  115.0,   0.80785
"SCN_CN15_9112_CEI201_ATV_BT_FP0949", 0.38, 1,    179.839,   -4.6,   0.81971, 2,    179.839, -124.6,   0.81971, 3,    179.839,  115.4,   0.81971
"SCN_CN15_9113_CEI076_BT_FX5486", 0.38, 1,    199.059,   -3.1,   0.90731, 2,    199.058, -123.1,   0.90731, 3,    199.059,  116.9,   0.90731
"SCN_CN15_9114_CEI072_BT_FX8501", 0.38, 1,    195.999,   -3.4,   0.89337, 2,    195.999, -123.4,   0.89337, 3,    195.999,  116.6,   0.89337
"SCN_CN15_9115_CEI230_ATV_BT_FP1063", 0.38, 1,    179.414,   -4.6,   0.81778, 2,    179.414, -124.6,   0.81777, 3,    179.414,  115.4,   0.81777
"SCN_CN15_9116_CEI109_BT_FIC1312", 0.38, 1,     177.57,   -5.0,   0.80937, 2,    177.569, -125.0,   0.80937, 3,    177.569,  115.0,   0.80937
"SCN_CN15_9125_CEI77A_ATV_BT_FP5542", 0.38, 1,    199.093,   -3.1,   0.90747, 2,    199.093, -123.1,   0.90747, 3,    199.093,  116.9,   0.90747
"SCN_CN15_9124_CEI109_BT_FT4565", 0.38, 1,    176.461,   -5.2,   0.80432, 2,    176.461, -125.2,   0.80431, 3,    176.461,  114.8,   0.80432
"SCN_CN15_9128_CEI230_ATV_BT_FX2215", 0.38, 1,    178.387,   -4.7,   0.81309, 2,    178.386, -124.7,   0.81309, 3,    178.386,  115.3,   0.81309
"SCN_CN15_9128_CEI77A_ATV_BT_FP1390", 0.38, 1,    199.065,   -3.1,   0.90734, 2,    199.065, -123.1,   0.90734, 3,    199.065,  116.9,   0.90734
"SCN_CN15_9131_CEI230_ATV_BT_FX2289", 0.38, 1,    178.241,   -4.7,   0.81243, 2,     178.24, -124.7,   0.81242, 3,     178.24,  115.3,   0.81243
"SCN_CN15_9414_CEI109_BT_FIC1373", 0.38, 1,     176.32,   -5.2,   0.80367, 2,     176.32, -125.2,   0.80367, 3,     176.32,  114.8,   0.80367
"SCN_CN15_9022_CEIRJ006_ATV_BT_FIC1147", 0.38, 1,    196.204,   -3.4,   0.89431, 2,    196.204, -123.4,    0.8943, 3,    196.204,  116.6,    0.8943
"SCN_CN15_9428_CEI109_BT_FX2287", 0.38, 1,    176.949,   -5.1,   0.80654, 2,    176.949, -125.1,   0.80654, 3,    176.949,  114.9,   0.80654
"SCN_CN15_9187_CEI77A_ATV_BT_FZ0752", 0.38, 1,    209.926,   -2.3,   0.95685, 2,    209.926, -122.3,   0.95685, 3,    209.926,  117.7,   0.95685
"SCN_CN15_9189_CEI068_BT_FZ1784", 0.38, 1,    185.404,   -4.1,   0.84508, 2,    185.404, -124.1,   0.84508, 3,    185.404,  115.9,   0.84508
"SCN_CN15_9189_CEI69B_BT_FIC1331", 0.38, 1,    180.243,   -4.6,   0.82155, 2,    180.243, -124.6,   0.82155, 3,    180.243,  115.4,   0.82155
"SCN_CN15_9190_CEI77A_ATV_BT_FZ0516", 0.38, 1,    211.257,   -2.1,   0.96291, 2,    211.257, -122.1,   0.96291, 3,    211.257,  117.9,   0.96291
"SCN_CN15_9020_CEI120_BT_FX9765", 0.38, 1,    178.511,   -4.9,   0.81366, 2,    178.511, -124.9,   0.81366, 3,    178.511,  115.1,   0.81366
"SCN_CN15_9020_CEI130_ATV_BT_FP5556", 0.38, 1,    181.915,   -4.4,   0.82917, 2,    181.915, -124.4,   0.82917, 3,    181.915,  115.6,   0.82917
"SCN_CN15_9020_CEI134C_ATV_BT_FIC1238", 0.38, 1,    177.102,   -5.0,   0.80723, 2,    177.101, -125.0,   0.80723, 3,    177.101,  115.0,   0.80723
"SCN_CN15_9016_CEI160_ATV_BT_FX2219", 0.38, 1,    175.981,   -5.2,   0.80213, 2,    175.981, -125.2,   0.80212, 3,    175.981,  114.8,   0.80212
"SCN_CN15_9017_CEI077_ATV_BT_FIC1230", 0.38, 1,    198.585,   -3.2,   0.90516, 2,    198.585, -123.2,   0.90515, 3,    198.585,  116.8,   0.90516
"SCN_CN15_9021_CEI148_ATV_BT_FX2133", 0.38, 1,    179.961,   -4.6,   0.82027, 2,     179.96, -124.6,   0.82026, 3,     179.96,  115.4,   0.82026
"SCN_CN15_9003_CEI160A_ATV_BT_FF0689", 0.38, 1,    177.505,   -5.0,   0.80907, 2,    177.504, -125.0,   0.80907, 3,    177.505,  115.0,   0.80907
"SCN_CN15_9003_CEI230B_ATV_BT_FX2293", 0.38, 1,    177.849,   -4.8,   0.81064, 2,    177.849, -124.8,   0.81064, 3,    177.849,  115.2,   0.81064
"SCN_CN15_9008_CEI201_ATV_BT_FIC1217", 0.38, 1,    175.838,   -5.2,   0.80147, 2,    175.837, -125.2,   0.80147, 3,    175.838,  114.8,   0.80147
"SCN_CN15_9008_CEIRJ006_ATV_BT_FT5509", 0.38, 1,    188.728,   -3.9,   0.86023, 2,    188.728, -123.9,   0.86023, 3,    188.728,  116.1,   0.86023
"SCN_CN15_9009_CEI077_ATV_BT_FT4559", 0.38, 1,    197.576,   -3.2,   0.90056, 2,    197.576, -123.2,   0.90056, 3,    197.576,  116.8,   0.90056
"SCN_CN15_9009_CEI134_ATV_BT_FT4551", 0.38, 1,    177.516,   -5.0,   0.80912, 2,    177.516, -125.0,   0.80912, 3,    177.516,  115.0,   0.80912
"SCN_CN15_9132_CEI201_ATV_BT_FX4280", 0.38, 1,    179.874,   -4.6,   0.81987, 2,    179.874, -124.6,   0.81987, 3,    179.874,  115.4,   0.81987
"SCN_CN15_9133_CEI77A_ATV_BT_FP4677", 0.38, 1,     200.23,   -3.1,   0.91265, 2,     200.23, -123.1,   0.91265, 3,     200.23,  116.9,   0.91265
"SCN_CN15_9143_CEI109_BT_FP3273", 0.38, 1,    177.568,   -5.0,   0.80936, 2,    177.567, -125.0,   0.80936, 3,    177.567,  115.0,   0.80936
"SCN_CN15_9143_CEI201_ATV_BT_FX4536", 0.38, 1,    180.557,   -4.6,   0.82298, 2,    180.557, -124.6,   0.82298, 3,    180.557,  115.4,   0.82298
"SCN_CN15_9143_CEI230_ATV_BT_FP0939", 0.38, 1,    178.202,   -4.7,   0.81225, 2,    178.202, -124.7,   0.81225, 3,    178.202,  115.3,   0.81225
"SCN_CN15_9145_CEI230_ATV_BT_FP0938", 0.38, 1,    178.206,   -4.7,   0.81227, 2,    178.206, -124.7,   0.81227, 3,    178.206,  115.3,   0.81227
"SCN_CN15_9145_CEI69B_BT_FF0345", 0.38, 1,    180.216,   -4.6,   0.82143, 2,    180.216, -124.6,   0.82143, 3,    180.216,  115.4,   0.82143
"SCN_CN15_9146_CEI230_ATV_BT_FP0940", 0.38, 1,    178.202,   -4.7,   0.81225, 2,    178.201, -124.7,   0.81225, 3,    178.201,  115.3,   0.81225
"SCN_CN15_9147_CEI220_ATV_BT_FIC1319", 0.38, 1,    178.483,   -4.9,   0.81353, 2,    178.482, -124.9,   0.81353, 3,    178.482,  115.1,   0.81353
"SCN_CN15_9149_CEI77A_ATV_BT_FP0900", 0.38, 1,    201.287,   -3.0,   0.91747, 2,    201.286, -123.0,   0.91747, 3,    201.287,  117.0,   0.91747
"SCN_CN15_9151_CEI230_ATV_BT_FZ1012", 0.38, 1,     178.12,   -4.7,   0.81188, 2,     178.12, -124.7,   0.81187, 3,     178.12,  115.3,   0.81188
"SCN_CN15_9153_CEI109_BT_FZ3480", 0.38, 1,    176.464,   -5.2,   0.80433, 2,    176.464, -125.2,   0.80433, 3,    176.464,  114.8,   0.80433
"SCN_CN15_9153_CEI77A_ATV_BT_FP0898", 0.38, 1,    201.292,   -3.0,    0.9175, 2,    201.292, -123.0,    0.9175, 3,    201.292,  117.0,    0.9175
"SCN_CN15_9157_CEI230_ATV_BT_FZ1013", 0.38, 1,    178.119,   -4.7,   0.81187, 2,    178.118, -124.7,   0.81187, 3,    178.118,  115.3,   0.81187
"SCN_CN15_9157_CEI77A_ATV_BT_FZ1687", 0.38, 1,    202.254,   -2.9,   0.92188, 2,    202.254, -122.9,   0.92188, 3,    202.254,  117.1,   0.92188
"SCN_CN15_9158_CEI109_BT_FT4756", 0.38, 1,    176.466,   -5.2,   0.80434, 2,    176.466, -125.2,   0.80434, 3,    176.466,  114.8,   0.80434
"SCN_CN15_9158_CEI230_ATV_BT_FP0943", 0.38, 1,    178.026,   -4.7,   0.81145, 2,    178.026, -124.7,   0.81145, 3,    178.026,  115.3,   0.81145
"SCN_CN15_9021_CEI077_ATV_BT_FX5490", 0.38, 1,    199.007,   -3.1,   0.90708, 2,    199.007, -123.1,   0.90708, 3,    199.007,  116.9,   0.90708
"SCN_CN15_9021_CEI134C_ATV_BT_FP1609", 0.38, 1,    177.097,   -5.0,   0.80721, 2,    177.097, -125.0,   0.80721, 3,    177.097,  115.0,   0.80721
"SCN_CN15_9021_CEIRJ006_ATV_BT_FX2548", 0.38, 1,    196.036,   -3.4,   0.89354, 2,    196.036, -123.4,   0.89354, 3,    196.036,  116.6,   0.89354
"SCN_CN15_9020_CEI134A_ATV_BT_FT1997", 0.38, 1,    177.371,   -5.0,   0.80846, 2,     177.37, -125.0,   0.80846, 3,     177.37,  115.0,   0.80846
"SCN_CN15_9018_CEI220_ATV_BT_FF0652", 0.38, 1,    176.943,   -5.1,   0.80651, 2,    176.943, -125.1,   0.80651, 3,    176.943,  114.9,   0.80651
"SCN_CN15_9018_CEI77A_ATV_BT_FIC1236", 0.38, 1,    198.969,   -3.2,   0.90691, 2,    198.969, -123.2,   0.90691, 3,    198.969,  116.8,   0.90691
"SCN_CN15_9017_CEI148A_ATV_BT_FZ7337", 0.38, 1,    175.576,   -5.3,   0.80028, 2,    175.576, -125.3,   0.80028, 3,    175.576,  114.7,   0.80028
"SCN_CN15_9017_CEI69A_BT_FZ2481", 0.38, 1,    175.579,   -5.3,   0.80029, 2,    175.578, -125.3,   0.80029, 3,    175.579,  114.7,   0.80029
