Bus, BasekV, Node1, Magnitude1, Angle1, pu1, Node2, Magnitude2, Angle2, pu2, Node3, Magnitude3, Angle3, pu3
"SCN_CN15_9199_CEI77A_ATV", 13.8, 1,    7920.93,   -0.3,   0.99416, 2,    7920.93, -120.3,   0.99416, 3,    7920.93,  119.7,   0.99416
"SCN_CN15_9153_CEI109", 13.8, 1,    5630.28,   -5.4,   0.70666, 2,    5630.27, -125.4,   0.70666, 3,    5630.27,  114.6,   0.70666
"SCN_CN15_9154_CEI109", 13.8, 1,    5630.32,   -5.4,   0.70667, 2,    5630.31, -125.4,   0.70667, 3,    5630.31,  114.6,   0.70667
"SCN_CN15_9098_CEI131_ATV", 13.8, 1,    5728.31,   -4.9,   0.71897, 2,     5728.3, -124.9,   0.71896, 3,     5728.3,  115.1,   0.71896
"SCN_CN15_9097_CEI131_ATV", 13.8, 1,    5728.32,   -4.9,   0.71897, 2,    5728.31, -124.9,   0.71897, 3,    5728.31,  115.1,   0.71897
"SCN_CN15_9079_CEI201_ATV", 13.8, 1,    5837.58,   -4.4,   0.73268, 2,    5837.57, -124.4,   0.73268, 3,    5837.57,  115.6,   0.73268
"SCN_CN15_9080_CEI201_ATV", 13.8, 1,    5837.57,   -4.4,   0.73268, 2,    5837.56, -124.4,   0.73268, 3,    5837.56,  115.6,   0.73268
"SCN_CN15_9356_CEI109", 13.8, 1,    5598.05,   -5.5,   0.70262, 2,    5598.04, -125.5,   0.70262, 3,    5598.04,  114.5,   0.70262
"SCN_CN15_9349_CEI109", 13.8, 1,    5598.61,   -5.5,   0.70269, 2,     5598.6, -125.5,   0.70269, 3,     5598.6,  114.5,   0.70269
"SCN_CN15_9039_CEI201_ATV", 13.8, 1,    5598.88,   -5.5,   0.70272, 2,    5598.87, -125.5,   0.70272, 3,    5598.87,  114.5,   0.70272
"SCN_CN15_9021_CEI201_ATV", 13.8, 1,    5593.81,   -5.5,   0.70208, 2,    5593.81, -125.5,   0.70208, 3,     5593.8,  114.5,   0.70208
"SCN_CN15_9022_CEI201_ATV", 13.8, 1,    5594.04,   -5.5,   0.70211, 2,    5594.03, -125.5,   0.70211, 3,    5594.03,  114.5,   0.70211
"SCN_CN15_9274_CEI109", 13.8, 1,     5677.8,   -5.2,   0.71263, 2,    5677.79, -125.2,   0.71262, 3,    5677.79,  114.8,   0.71262
"SCN_CN15_9275_CEI109", 13.8, 1,    5676.23,   -5.2,   0.71243, 2,    5676.23, -125.2,   0.71243, 3,    5676.23,  114.8,   0.71243
"SCN_CN15_9269_CEI109", 13.8, 1,    5679.35,   -5.2,   0.71282, 2,    5679.34, -125.2,   0.71282, 3,    5679.34,  114.8,   0.71282
"SCN_CN15_9053_CEI201_ATV", 13.8, 1,    5601.37,   -5.5,   0.70303, 2,    5601.36, -125.5,   0.70303, 3,    5601.36,  114.5,   0.70303
"SCN_CN15_9485_CEI109", 13.8, 1,    5601.39,   -5.5,   0.70304, 2,    5601.38, -125.5,   0.70303, 3,    5601.38,  114.5,   0.70303
"SCN_CN15_421165_CEI", 13.8, 1,    5852.31,   -4.4,   0.73453, 2,     5852.3, -124.4,   0.73453, 3,     5852.3,  115.6,   0.73453
"SCN_CN15_421166_CEI", 13.8, 1,    5853.14,   -4.4,   0.73463, 2,    5853.13, -124.4,   0.73463, 3,    5853.13,  115.6,   0.73463
"SCN_CN15_9143_CEI69B", 13.8, 1,    5853.86,   -4.4,   0.73472, 2,    5853.85, -124.4,   0.73472, 3,    5853.85,  115.6,   0.73472
"SCN_CN15_9141_CEI201_ATV", 13.8, 1,    5852.31,   -4.4,   0.73453, 2,     5852.3, -124.4,   0.73453, 3,     5852.3,  115.6,   0.73453
"SCN_CN15_9129_CEI201_ATV", 13.8, 1,    5859.61,   -4.4,   0.73545, 2,     5859.6, -124.4,   0.73544, 3,     5859.6,  115.6,   0.73544
"SCN_CN15_9008_CEI220_ATV", 13.8, 1,    5859.61,   -4.4,   0.73545, 2,     5859.6, -124.4,   0.73544, 3,     5859.6,  115.6,   0.73544
"SCN_CN15_421168_CEI", 13.8, 1,    5719.96,   -5.0,   0.71792, 2,    5719.95, -125.0,   0.71792, 3,    5719.95,  115.0,   0.71792
"SCN_CN15_9015_CEI109", 13.8, 1,    5719.96,   -5.0,   0.71792, 2,    5719.95, -125.0,   0.71792, 3,    5719.95,  115.0,   0.71792
"SCN_CN15_421185_CEI", 13.8, 1,    5759.77,   -4.9,   0.72291, 2,    5759.77, -124.9,   0.72291, 3,    5759.77,  115.1,   0.72291
"SCN_CN15_9162_CEI220_ATV_S", 13.8, 1,    5757.71,   -4.9,   0.72266, 2,    5757.71, -124.9,   0.72265, 3,    5757.71,  115.1,   0.72265
"SCN_CN15_421186_CEI", 13.8, 1,    5761.32,   -4.8,   0.72311, 2,    5761.31, -124.8,   0.72311, 3,    5761.31,  115.2,   0.72311
"SCN_CN15_421187_CEI", 13.8, 1,    5763.12,   -4.8,   0.72333, 2,    5763.11, -124.8,   0.72333, 3,    5763.11,  115.2,   0.72333
"SCN_CN15_421169_CEI", 13.8, 1,    5765.69,   -4.8,   0.72366, 2,    5765.68, -124.8,   0.72366, 3,    5765.68,  115.2,   0.72366
"SCN_CN15_9012_CEI120", 13.8, 1,    5764.16,   -4.8,   0.72347, 2,    5764.16, -124.8,   0.72346, 3,    5764.16,  115.2,   0.72346
"SCN_CN15_421170_CEI", 13.8, 1,    5777.73,   -4.8,   0.72517, 2,    5777.72, -124.8,   0.72517, 3,    5777.72,  115.2,   0.72517
"SCN_CN15_421171_CEI", 13.8, 1,    5777.73,   -4.8,   0.72517, 2,    5777.72, -124.8,   0.72517, 3,    5777.72,  115.2,   0.72517
"SCN_CN15_421172_CEI", 13.8, 1,    5777.73,   -4.8,   0.72517, 2,    5777.72, -124.8,   0.72517, 3,    5777.72,  115.2,   0.72517
"SCN_CN15_421173_CEI", 13.8, 1,    5777.73,   -4.8,   0.72517, 2,    5777.72, -124.8,   0.72517, 3,    5777.72,  115.2,   0.72517
"SCN_CN15_421174_CEI", 13.8, 1,    5777.73,   -4.8,   0.72517, 2,    5777.72, -124.8,   0.72517, 3,    5777.72,  115.2,   0.72517
"SCN_CN15_421175_CEI", 13.8, 1,    5788.23,   -4.7,   0.72649, 2,    5788.22, -124.7,   0.72648, 3,    5788.22,  115.3,   0.72648
"SCN_CN15_421176_CEI", 13.8, 1,    5788.23,   -4.7,   0.72649, 2,    5788.22, -124.7,   0.72648, 3,    5788.22,  115.3,   0.72648
"SCN_CN15_421177_CEI", 13.8, 1,    5788.23,   -4.7,   0.72649, 2,    5788.22, -124.7,   0.72648, 3,    5788.22,  115.3,   0.72648
"SCN_CN15_421178_CEI", 13.8, 1,    5788.23,   -4.7,   0.72649, 2,    5788.22, -124.7,   0.72648, 3,    5788.22,  115.3,   0.72648
"SCN_CN15_421179_CEI", 13.8, 1,    5810.46,   -4.7,   0.72928, 2,    5810.45, -124.7,   0.72928, 3,    5810.45,  115.3,   0.72928
"SCN_CN15_9047_CEI130_ATV", 13.8, 1,    5841.49,   -4.5,   0.73317, 2,    5841.48, -124.5,   0.73317, 3,    5841.48,  115.5,   0.73317
"SCN_CN15_421180_CEI", 13.8, 1,    5841.49,   -4.5,   0.73317, 2,    5841.48, -124.5,   0.73317, 3,    5841.48,  115.5,   0.73317
"SCN_CN15_9037_CEI130_ATV", 13.8, 1,    5894.87,   -4.4,   0.73987, 2,    5894.86, -124.4,   0.73987, 3,    5894.86,  115.6,   0.73987
"SCN_CN15_9047_CEI130_ATV_S", 13.8, 1,    5841.49,   -4.5,   0.73317, 2,    5841.48, -124.5,   0.73317, 3,    5841.48,  115.5,   0.73317
"SCN_CN15_421181_CEI", 13.8, 1,    5906.21,   -4.3,   0.74129, 2,    5906.21, -124.3,   0.74129, 3,    5906.21,  115.7,   0.74129
"SCN_CN15_9040_CEI130_ATV", 13.8, 1,    5906.21,   -4.3,   0.74129, 2,    5906.21, -124.3,   0.74129, 3,    5906.21,  115.7,   0.74129
"SCN_CN15_421182_CEI", 13.8, 1,    5906.21,   -4.3,   0.74129, 2,    5906.21, -124.3,   0.74129, 3,    5906.21,  115.7,   0.74129
"SCN_CN15_421183_CEI", 13.8, 1,    5906.21,   -4.3,   0.74129, 2,    5906.21, -124.3,   0.74129, 3,    5906.21,  115.7,   0.74129
"SCN_CN15_421184_CEI", 13.8, 1,    5906.21,   -4.3,   0.74129, 2,    5906.21, -124.3,   0.74129, 3,    5906.21,  115.7,   0.74129
"SCN_CN15_421195_CEI", 13.8, 1,    5957.99,   -4.1,   0.74779, 2,    5957.98, -124.1,   0.74779, 3,    5957.98,  115.9,   0.74779
"SCN_CN15_9022_CEI250_ATV", 13.8, 1,    5955.77,   -4.1,   0.74751, 2,    5955.77, -124.1,   0.74751, 3,    5955.77,  115.9,   0.74751
"SCN_CN15_421196_CEI", 13.8, 1,    5961.13,   -4.1,   0.74819, 2,    5961.12, -124.1,   0.74819, 3,    5961.12,  115.9,   0.74819
"SCN_CN15_9025_CEI130_ATV", 13.8, 1,     5963.7,   -4.1,   0.74851, 2,    5963.69, -124.1,   0.74851, 3,    5963.69,  115.9,   0.74851
"SCN_CN15_421197_CEI", 13.8, 1,    5841.11,   -4.5,   0.73312, 2,     5841.1, -124.5,   0.73312, 3,    5841.11,  115.5,   0.73312
"SCN_CN15_9004_CEI160_ATV", 13.8, 1,    5841.11,   -4.5,   0.73312, 2,     5841.1, -124.5,   0.73312, 3,    5841.11,  115.5,   0.73312
"SCN_CN15_9005_CEI160_ATV", 13.8, 1,    5841.11,   -4.5,   0.73312, 2,     5841.1, -124.5,   0.73312, 3,    5841.11,  115.5,   0.73312
"SCN_CN15_9017_CEI130A_ATV", 13.8, 1,    6181.88,   -3.6,   0.77589, 2,    6181.87, -123.6,   0.77589, 3,    6181.87,  116.4,   0.77589
"SCN_CN15_421206_CEI", 13.8, 1,    6181.88,   -3.6,   0.77589, 2,    6181.87, -123.6,   0.77589, 3,    6181.87,  116.4,   0.77589
"SCN_CN15_9034_CEI130A_ATV", 13.8, 1,    6180.41,   -3.6,   0.77571, 2,     6180.4, -123.6,   0.77571, 3,     6180.4,  116.4,   0.77571
"SCN_CN15_421207_CEI", 13.8, 1,    6180.41,   -3.6,   0.77571, 2,     6180.4, -123.6,   0.77571, 3,     6180.4,  116.4,   0.77571
"SCN_CN15_421208_CEI", 13.8, 1,    6180.41,   -3.6,   0.77571, 2,     6180.4, -123.6,   0.77571, 3,     6180.4,  116.4,   0.77571
"SCN_CN15_421209_CEI", 13.8, 1,    6180.41,   -3.6,   0.77571, 2,     6180.4, -123.6,   0.77571, 3,     6180.4,  116.4,   0.77571
"SCN_CN15_421210_CEI", 13.8, 1,    6180.41,   -3.6,   0.77571, 2,     6180.4, -123.6,   0.77571, 3,     6180.4,  116.4,   0.77571
"SCN_CN15_421211_CEI", 13.8, 1,    6180.41,   -3.6,   0.77571, 2,     6180.4, -123.6,   0.77571, 3,     6180.4,  116.4,   0.77571
"SCN_CN15_421212_CEI", 13.8, 1,    6180.41,   -3.6,   0.77571, 2,     6180.4, -123.6,   0.77571, 3,     6180.4,  116.4,   0.77571
"SCN_CN15_9040_CEI130A_ATV", 13.8, 1,    6180.29,   -3.6,   0.77569, 2,    6180.29, -123.6,   0.77569, 3,    6180.29,  116.4,   0.77569
"SCN_CN15_421213_CEI", 13.8, 1,    6180.29,   -3.6,   0.77569, 2,    6180.29, -123.6,   0.77569, 3,    6180.29,  116.4,   0.77569
"SCN_CN15_421218_CEI", 13.8, 1,    6187.39,   -3.6,   0.77658, 2,    6187.38, -123.6,   0.77658, 3,    6187.38,  116.4,   0.77658
"SCN_CN15_9353_CEI065", 13.8, 1,    6187.39,   -3.6,   0.77658, 2,    6187.38, -123.6,   0.77658, 3,    6187.38,  116.4,   0.77658
"SCN_CN15_421219_CEI", 13.8, 1,    6187.39,   -3.6,   0.77658, 2,    6187.38, -123.6,   0.77658, 3,    6187.38,  116.4,   0.77658
"CN_ALCN15", 13.8, 1,    6187.39,   -3.6,   0.77658, 2,    6187.38, -123.6,   0.77658, 3,    6187.38,  116.4,   0.77658
"SCN_CN15_421227_CEI", 13.8, 1,    5713.89,   -4.6,   0.71716, 2,    5713.88, -124.6,   0.71715, 3,    5713.88,  115.4,   0.71715
"SCN_CN15_9006_CEIRJ013_ATV", 13.8, 1,    5713.89,   -4.6,   0.71716, 2,    5713.88, -124.6,   0.71715, 3,    5713.88,  115.4,   0.71715
"SCN_CN15_9067_CEIRJ006_ATV", 13.8, 1,     5717.6,   -4.6,   0.71762, 2,    5717.59, -124.6,   0.71762, 3,    5717.59,  115.4,   0.71762
"SCN_CN15_9064_CEIRJ006_ATV", 13.8, 1,     5717.6,   -4.6,   0.71762, 2,    5717.59, -124.6,   0.71762, 3,    5717.59,  115.4,   0.71762
"SCN_CN15_421241_CEI", 13.8, 1,     5717.6,   -4.6,   0.71762, 2,    5717.59, -124.6,   0.71762, 3,    5717.59,  115.4,   0.71762
"SCN_CN15_9068_CEIRJ006_ATV", 13.8, 1,     5717.6,   -4.6,   0.71762, 2,    5717.59, -124.6,   0.71762, 3,    5717.59,  115.4,   0.71762
"SCN_CN15_9050_CEI160_ATV", 13.8, 1,    6971.95,   -2.2,   0.87506, 2,    6971.95, -122.2,   0.87506, 3,    6971.95,  117.8,   0.87506
"SCN_CN15_9014_CEI077_ATV", 13.8, 1,    6972.87,   -2.2,   0.87517, 2,    6972.86, -122.2,   0.87517, 3,    6972.86,  117.8,   0.87517
"SCN_CN15_9052_CEI160_ATV", 13.8, 1,    6971.95,   -2.2,   0.87506, 2,    6971.95, -122.2,   0.87506, 3,    6971.95,  117.8,   0.87506
"SCN_CN15_421244_CEI", 13.8, 1,    6971.09,   -2.2,   0.87495, 2,    6971.09, -122.2,   0.87495, 3,    6971.09,  117.8,   0.87495
"SCN_CN15_421245_CEI", 13.8, 1,     6970.2,   -2.2,   0.87484, 2,    6970.19, -122.2,   0.87484, 3,    6970.19,  117.8,   0.87484
"SCN_CN15_9005_CEIRJ012_ATV_S", 13.8, 1,    6969.34,   -2.2,   0.87473, 2,    6969.33, -122.2,   0.87473, 3,    6969.33,  117.8,   0.87473
"SCN_CN15_9024_CEI167_ATV", 13.8, 1,    7009.59,   -2.1,   0.87978, 2,    7009.59, -122.1,   0.87978, 3,    7009.59,  117.9,   0.87978
"SCN_CN15_9025_CEI167_ATV", 13.8, 1,    7009.59,   -2.1,   0.87978, 2,    7009.59, -122.1,   0.87978, 3,    7009.59,  117.9,   0.87978
"SCN_CN15_9002_CEIRJ013_ATV", 13.8, 1,    7009.59,   -2.1,   0.87978, 2,    7009.59, -122.1,   0.87978, 3,    7009.59,  117.9,   0.87978
"SCN_CN15_9037_CEI77A_ATV", 13.8, 1,    7028.14,   -2.1,   0.88211, 2,    7028.14, -122.1,   0.88211, 3,    7028.14,  117.9,   0.88211
"SCN_CN15_9035_CEIRJ006_ATV", 13.8, 1,    7028.14,   -2.1,   0.88211, 2,    7028.14, -122.1,   0.88211, 3,    7028.14,  117.9,   0.88211
"SCN_CN15_9036_CEIRJ006_ATV", 13.8, 1,    7028.14,   -2.1,   0.88211, 2,    7028.14, -122.1,   0.88211, 3,    7028.14,  117.9,   0.88211
"SCN_CN15_9105_CEI201_ATV", 13.8, 1,     5836.5,   -4.4,   0.73254, 2,    5836.49, -124.4,   0.73254, 3,    5836.49,  115.6,   0.73254
"SCN_CN15_9102_CEI201_ATV_S", 13.8, 1,    5836.38,   -4.4,   0.73253, 2,    5836.38, -124.4,   0.73253, 3,    5836.38,  115.6,   0.73253
"SCN_CN15_9017_CEI201_ATV", 13.8, 1,    5593.07,   -5.5,   0.70199, 2,    5593.06, -125.5,   0.70199, 3,    5593.06,  114.5,   0.70199
"SCN_CN15_9019_CEI201_ATV", 13.8, 1,    5593.22,   -5.5,   0.70201, 2,    5593.21, -125.5,   0.70201, 3,    5593.21,  114.5,   0.70201
"SCN_CN15_9019_CEI134C_ATV", 13.8, 1,    5669.03,   -5.1,   0.71153, 2,    5669.03, -125.1,   0.71152, 3,    5669.03,  114.9,   0.71152
"SCN_CN15_9020_CEI134C_ATV", 13.8, 1,    5669.01,   -5.1,   0.71152, 2,       5669, -125.1,   0.71152, 3,       5669,  114.9,   0.71152
"SCN_CN15_9022_CEI134C_ATV", 13.8, 1,    5668.78,   -5.1,   0.71149, 2,    5668.77, -125.1,   0.71149, 3,    5668.77,  114.9,   0.71149
"SCN_CN15_9021_CEI134C_ATV", 13.8, 1,    5668.72,   -5.1,   0.71149, 2,    5668.71, -125.1,   0.71149, 3,    5668.71,  114.9,   0.71149
"SCN_CN15_9023_CEI134C_ATV", 13.8, 1,    5668.68,   -5.1,   0.71148, 2,    5668.67, -125.1,   0.71148, 3,    5668.67,  114.9,   0.71148
"SCN_CN15_9034_CEI134C_ATV", 13.8, 1,    5668.62,   -5.1,   0.71147, 2,    5668.61, -125.1,   0.71147, 3,    5668.61,  114.9,   0.71147
"SCN_CN15_9035_CEI134C_ATV", 13.8, 1,    5668.56,   -5.1,   0.71147, 2,    5668.55, -125.1,   0.71146, 3,    5668.55,  114.9,   0.71146
"SCN_CN15_9036_CEI134C_ATV", 13.8, 1,    5668.51,   -5.1,   0.71146, 2,     5668.5, -125.1,   0.71146, 3,     5668.5,  114.9,   0.71146
"SCN_CN15_9024_CEI134B_ATV", 13.8, 1,    5673.03,   -5.1,   0.71203, 2,    5673.02, -125.1,   0.71203, 3,    5673.02,  114.9,   0.71203
"SCN_CN15_9027_CEI134B_ATV", 13.8, 1,    5672.99,   -5.1,   0.71202, 2,    5672.98, -125.1,   0.71202, 3,    5672.98,  114.9,   0.71202
"SCN_CN15_9026_CEI134B_ATV", 13.8, 1,    5672.97,   -5.1,   0.71202, 2,    5672.97, -125.1,   0.71202, 3,    5672.97,  114.9,   0.71202
"SCN_CN15_9028_CEI134B_ATV", 13.8, 1,    5672.96,   -5.1,   0.71202, 2,    5672.95, -125.1,   0.71202, 3,    5672.95,  114.9,   0.71202
"SCN_CN15_9011_CEI134_ATV", 13.8, 1,    5693.03,   -5.0,   0.71454, 2,    5693.02, -125.0,   0.71454, 3,    5693.02,  115.0,   0.71454
"SCN_CN15_9009_CEI134A_ATV", 13.8, 1,    5692.13,   -5.0,   0.71442, 2,    5692.12, -125.0,   0.71442, 3,    5692.12,  115.0,   0.71442
"SCN_CN15_9002_CEI134_ATV", 13.8, 1,    5695.23,   -5.0,   0.71481, 2,    5695.22, -125.0,   0.71481, 3,    5695.22,  115.0,   0.71481
"SCN_CN15_9003_CEI134_ATV", 13.8, 1,    5695.25,   -5.0,   0.71482, 2,    5695.25, -125.0,   0.71482, 3,    5695.25,  115.0,   0.71482
"SCN_CN15_9101_CEI109", 13.8, 1,    5698.37,   -5.0,   0.71521, 2,    5698.36, -125.0,   0.71521, 3,    5698.36,  115.0,   0.71521
"SCN_CN15_9102_CEI109", 13.8, 1,    5698.32,   -5.0,    0.7152, 2,    5698.31, -125.0,    0.7152, 3,    5698.31,  115.0,    0.7152
"SCN_CN15_9103_CEI109", 13.8, 1,    5698.29,   -5.0,    0.7152, 2,    5698.28, -125.0,    0.7152, 3,    5698.28,  115.0,    0.7152
"SCN_CN15_9104_CEI109", 13.8, 1,    5698.25,   -5.0,   0.71519, 2,    5698.24, -125.0,   0.71519, 3,    5698.24,  115.0,   0.71519
"SCN_CN15_9105_CEI109", 13.8, 1,    5698.22,   -5.0,   0.71519, 2,    5698.21, -125.0,   0.71519, 3,    5698.21,  115.0,   0.71519
"SCN_CN15_9106_CEI109", 13.8, 1,    5698.19,   -5.0,   0.71518, 2,    5698.18, -125.0,   0.71518, 3,    5698.18,  115.0,   0.71518
"SCN_CN15_9108_CEI109", 13.8, 1,    5698.15,   -5.0,   0.71518, 2,    5698.14, -125.0,   0.71518, 3,    5698.14,  115.0,   0.71518
"SCN_CN15_9109_CEI109", 13.8, 1,    5698.11,   -5.0,   0.71518, 2,     5698.1, -125.0,   0.71517, 3,     5698.1,  115.0,   0.71517
"SCN_CN15_9110_CEI109", 13.8, 1,    5698.08,   -5.0,   0.71517, 2,    5698.07, -125.0,   0.71517, 3,    5698.07,  115.0,   0.71517
"SCN_CN15_9111_CEI109", 13.8, 1,    5698.04,   -5.0,   0.71517, 2,    5698.03, -125.0,   0.71517, 3,    5698.03,  115.0,   0.71517
"SCN_CN15_9112_CEI109", 13.8, 1,    5698.02,   -5.0,   0.71516, 2,    5698.02, -125.0,   0.71516, 3,    5698.02,  115.0,   0.71516
"SCN_CN15_9113_CEI109", 13.8, 1,       5698,   -5.0,   0.71516, 2,    5697.99, -125.0,   0.71516, 3,    5697.99,  115.0,   0.71516
"SCN_CN15_9114_CEI109", 13.8, 1,    5697.96,   -5.0,   0.71516, 2,    5697.96, -125.0,   0.71516, 3,    5697.96,  115.0,   0.71516
"SCN_CN15_9115_CEI109", 13.8, 1,     5697.9,   -5.0,   0.71515, 2,    5697.89, -125.0,   0.71515, 3,    5697.89,  115.0,   0.71515
"SCN_CN15_9116_CEI109", 13.8, 1,    5697.87,   -5.0,   0.71515, 2,    5697.87, -125.0,   0.71514, 3,    5697.87,  115.0,   0.71514
"SCN_CN15_9010_CEI120", 13.8, 1,    5761.44,   -4.8,   0.72312, 2,    5761.43, -124.8,   0.72312, 3,    5761.43,  115.2,   0.72312
"SCN_CN15_9011_CEI120", 13.8, 1,    5763.62,   -4.8,    0.7234, 2,    5763.62, -124.8,    0.7234, 3,    5763.62,  115.2,    0.7234
"SCN_CN15_9045_CEI130_ATV", 13.8, 1,    5841.38,   -4.5,   0.73316, 2,    5841.37, -124.5,   0.73316, 3,    5841.37,  115.5,   0.73316
"SCN_CN15_9044_CEI130_ATV", 13.8, 1,    5841.37,   -4.5,   0.73316, 2,    5841.36, -124.5,   0.73315, 3,    5841.36,  115.5,   0.73315
"SCN_CN15_9043_CEI130_ATV", 13.8, 1,    5841.29,   -4.5,   0.73315, 2,    5841.28, -124.5,   0.73314, 3,    5841.28,  115.5,   0.73314
"SCN_CN15_9014_CEI69B", 13.8, 1,    5980.35,   -4.1,    0.7506, 2,    5980.34, -124.1,    0.7506, 3,    5980.34,  115.9,    0.7506
"SCN_CN15_9015_CEI69B", 13.8, 1,    5981.17,   -4.1,    0.7507, 2,    5981.16, -124.1,    0.7507, 3,    5981.16,  115.9,    0.7507
"SCN_CN15_9559_CEI109", 13.8, 1,    5687.99,   -5.1,    0.7139, 2,    5687.98, -125.1,    0.7139, 3,    5687.98,  114.9,    0.7139
"SCN_CN15_9570_CEI109", 13.8, 1,    5687.98,   -5.1,    0.7139, 2,    5687.97, -125.1,    0.7139, 3,    5687.97,  114.9,    0.7139
"SCN_CN15_9558_CEI109", 13.8, 1,    5693.93,   -5.1,   0.71465, 2,    5693.92, -125.1,   0.71465, 3,    5693.92,  114.9,   0.71465
"SCN_CN15_9560_CEI109", 13.8, 1,    5683.61,   -5.1,   0.71336, 2,     5683.6, -125.1,   0.71335, 3,     5683.6,  114.9,   0.71335
"SCN_CN15_9555_CEI109", 13.8, 1,    5700.76,   -5.1,   0.71551, 2,    5700.75, -125.1,   0.71551, 3,    5700.75,  114.9,   0.71551
"SCN_CN15_9552_CEI109", 13.8, 1,    5705.79,   -5.1,   0.71614, 2,    5705.78, -125.1,   0.71614, 3,    5705.78,  114.9,   0.71614
"SCN_CN15_9550_CEI109", 13.8, 1,    5710.19,   -5.0,   0.71669, 2,    5710.18, -125.0,   0.71669, 3,    5710.18,  115.0,   0.71669
"SCN_CN15_9548_CEI109", 13.8, 1,    5714.41,   -5.0,   0.71722, 2,     5714.4, -125.0,   0.71722, 3,     5714.4,  115.0,   0.71722
"SCN_CN15_9017_CEI109", 13.8, 1,    5720.15,   -5.0,   0.71794, 2,    5720.15, -125.0,   0.71794, 3,    5720.15,  115.0,   0.71794
"SCN_CN15_9548_CEI109_S", 13.8, 1,    5714.41,   -5.0,   0.71722, 2,     5714.4, -125.0,   0.71722, 3,     5714.4,  115.0,   0.71722
"SCN_CN15_9016_CEI109", 13.8, 1,    5720.03,   -5.0,   0.71793, 2,    5720.02, -125.0,   0.71793, 3,    5720.02,  115.0,   0.71793
"SCN_CN15_9014_CEI109", 13.8, 1,    5719.85,   -5.0,    0.7179, 2,    5719.85, -125.0,    0.7179, 3,    5719.85,  115.0,    0.7179
"SCN_CN15_9013_CEI109", 13.8, 1,    5719.78,   -5.0,   0.71789, 2,    5719.77, -125.0,   0.71789, 3,    5719.77,  115.0,   0.71789
"SCN_CN15_9012_CEI109", 13.8, 1,    5719.65,   -5.0,   0.71788, 2,    5719.65, -125.0,   0.71788, 3,    5719.65,  115.0,   0.71788
"SCN_CN15_9008_CEI109", 13.8, 1,    5719.56,   -5.0,   0.71787, 2,    5719.55, -125.0,   0.71787, 3,    5719.55,  115.0,   0.71787
"SCN_CN15_9009_CEI109", 13.8, 1,    5719.51,   -5.0,   0.71786, 2,     5719.5, -125.0,   0.71786, 3,     5719.5,  115.0,   0.71786
"SCN_CN15_9010_CEI109", 13.8, 1,    5719.47,   -5.0,   0.71786, 2,    5719.46, -125.0,   0.71785, 3,    5719.46,  115.0,   0.71785
"SCN_CN15_9011_CEI109", 13.8, 1,    5719.43,   -5.0,   0.71785, 2,    5719.42, -125.0,   0.71785, 3,    5719.42,  115.0,   0.71785
"SCN_CN15_9547_CEI109", 13.8, 1,    5714.33,   -5.0,   0.71721, 2,    5714.32, -125.0,   0.71721, 3,    5714.32,  115.0,   0.71721
"SCN_CN15_9007_CEI109", 13.8, 1,    5719.52,   -5.0,   0.71786, 2,    5719.51, -125.0,   0.71786, 3,    5719.51,  115.0,   0.71786
"SCN_CN15_9006_CEI109", 13.8, 1,     5719.5,   -5.0,   0.71786, 2,    5719.49, -125.0,   0.71786, 3,    5719.49,  115.0,   0.71786
"SCN_CN15_9005_CEI109", 13.8, 1,    5719.47,   -5.0,   0.71786, 2,    5719.46, -125.0,   0.71785, 3,    5719.46,  115.0,   0.71785
"SCN_CN15_9004_CEI109", 13.8, 1,    5719.45,   -5.0,   0.71785, 2,    5719.44, -125.0,   0.71785, 3,    5719.44,  115.0,   0.71785
"SCN_CN15_9002_CEI109", 13.8, 1,    5860.12,   -4.4,   0.73551, 2,    5860.12, -124.4,   0.73551, 3,    5860.12,  115.6,   0.73551
"SCN_CN15_9003_CEI109", 13.8, 1,    5860.12,   -4.4,   0.73551, 2,    5860.12, -124.4,   0.73551, 3,    5860.12,  115.6,   0.73551
"SCN_CN15_9001_CEI109", 13.8, 1,    5860.12,   -4.4,   0.73551, 2,    5860.12, -124.4,   0.73551, 3,    5860.12,  115.6,   0.73551
"SCN_CN15_9122_CEI201_ATV", 13.8, 1,    5860.12,   -4.4,   0.73551, 2,    5860.12, -124.4,   0.73551, 3,    5860.12,  115.6,   0.73551
"SCN_CN15_9241_CEI109", 13.8, 1,    5632.23,   -5.3,   0.70691, 2,    5632.22, -125.3,   0.70691, 3,    5632.22,  114.7,   0.70691
"SCN_CN15_9204_CEI109", 13.8, 1,    5632.24,   -5.3,   0.70691, 2,    5632.23, -125.3,   0.70691, 3,    5632.23,  114.7,   0.70691
"SCN_CN15_9242_CEI109", 13.8, 1,    5632.22,   -5.3,    0.7069, 2,    5632.21, -125.3,    0.7069, 3,    5632.21,  114.7,    0.7069
"SCN_CN15_9243_CEI109", 13.8, 1,     5632.2,   -5.3,    0.7069, 2,     5632.2, -125.3,    0.7069, 3,     5632.2,  114.7,    0.7069
"SCN_CN15_9244_CEI109", 13.8, 1,    5632.19,   -5.3,    0.7069, 2,    5632.18, -125.3,    0.7069, 3,    5632.18,  114.7,    0.7069
"SCN_CN15_9245_CEI109", 13.8, 1,    5632.17,   -5.3,    0.7069, 2,    5632.16, -125.3,    0.7069, 3,    5632.16,  114.7,    0.7069
"SCN_CN15_9190_CEI109", 13.8, 1,    5630.97,   -5.4,   0.70675, 2,    5630.97, -125.4,   0.70675, 3,    5630.96,  114.6,   0.70675
"SCN_CN15_9191_CEI109", 13.8, 1,    5630.95,   -5.4,   0.70675, 2,    5630.94, -125.4,   0.70674, 3,    5630.94,  114.6,   0.70674
"SCN_CN15_9166_CEI109", 13.8, 1,    5630.91,   -5.4,   0.70674, 2,     5630.9, -125.4,   0.70674, 3,     5630.9,  114.6,   0.70674
"SCN_CN15_9167_CEI109", 13.8, 1,    5630.91,   -5.4,   0.70674, 2,     5630.9, -125.4,   0.70674, 3,     5630.9,  114.6,   0.70674
"SCN_CN15_9168_CEI109", 13.8, 1,     5630.9,   -5.4,   0.70674, 2,    5630.89, -125.4,   0.70674, 3,    5630.89,  114.6,   0.70674
"SCN_CN15_9169_CEI109", 13.8, 1,    5630.89,   -5.4,   0.70674, 2,    5630.88, -125.4,   0.70674, 3,    5630.88,  114.6,   0.70674
"SCN_CN15_9183_CEI109", 13.8, 1,    5630.87,   -5.4,   0.70674, 2,    5630.87, -125.4,   0.70674, 3,    5630.86,  114.6,   0.70674
"SCN_CN15_9330_CEI109", 13.8, 1,    5600.96,   -5.5,   0.70298, 2,    5600.95, -125.5,   0.70298, 3,    5600.95,  114.5,   0.70298
"SCN_CN15_9329_CEI109", 13.8, 1,    5601.54,   -5.5,   0.70305, 2,    5601.53, -125.5,   0.70305, 3,    5601.53,  114.5,   0.70305
"SCN_CN15_9328_CEI109", 13.8, 1,    5601.93,   -5.5,    0.7031, 2,    5601.93, -125.5,    0.7031, 3,    5601.92,  114.5,    0.7031
"SCN_CN15_9165_CEI068", 13.8, 1,    6058.66,   -3.9,   0.76043, 2,    6058.66, -123.9,   0.76043, 3,    6058.66,  116.1,   0.76043
"SCN_CN15_9166_CEI068", 13.8, 1,     6058.6,   -3.9,   0.76042, 2,     6058.6, -123.9,   0.76042, 3,     6058.6,  116.1,   0.76042
"SCN_CN15_9327_CEI109", 13.8, 1,    5602.63,   -5.5,   0.70319, 2,    5602.62, -125.5,   0.70319, 3,    5602.62,  114.5,   0.70319
"SCN_CN15_9399_CEI109", 13.8, 1,    5603.28,   -5.5,   0.70327, 2,    5603.27, -125.5,   0.70327, 3,    5603.27,  114.5,   0.70327
"SCN_CN15_9029_CEI160_ATV", 13.8, 1,    5603.24,   -5.5,   0.70327, 2,    5603.23, -125.5,   0.70327, 3,    5603.23,  114.5,   0.70327
"SCN_CN15_9057_CEI075", 13.8, 1,    5749.41,   -4.5,   0.72161, 2,     5749.4, -124.5,   0.72161, 3,     5749.4,  115.5,   0.72161
"SCN_CN15_9054_CEIRJ006_ATV", 13.8, 1,     5749.4,   -4.5,   0.72161, 2,    5749.39, -124.5,   0.72161, 3,    5749.39,  115.5,   0.72161
"SCN_CN15_9040_CEI77A_ATV", 13.8, 1,    7027.92,   -2.1,   0.88208, 2,    7027.92, -122.1,   0.88208, 3,    7027.92,  117.9,   0.88208
"SCN_CN15_9042_CEI77A_ATV", 13.8, 1,    7027.88,   -2.1,   0.88208, 2,    7027.88, -122.1,   0.88208, 3,    7027.88,  117.9,   0.88208
"SCN_CN15_9043_CEI77A_ATV", 13.8, 1,    7027.84,   -2.1,   0.88207, 2,    7027.84, -122.1,   0.88207, 3,    7027.84,  117.9,   0.88207
"SCN_CN15_9190_CEI77A_ATV", 13.8, 1,    7809.53,   -0.6,   0.98018, 2,    7809.52, -120.6,   0.98018, 3,    7809.52,  119.4,   0.98018
"SCN_CN15_9194_CEI77A_ATV", 13.8, 1,    7824.88,   -0.6,   0.98211, 2,    7824.88, -120.6,   0.98211, 3,    7824.88,  119.4,   0.98211
"SCN_CN15_9195_CEI77A_ATV", 13.8, 1,    7850.94,   -0.5,   0.98538, 2,    7850.94, -120.5,   0.98538, 3,    7850.94,  119.5,   0.98538
"SCN_CN15_9196_CEI77A_ATV", 13.8, 1,    7876.85,   -0.5,   0.98863, 2,    7876.85, -120.5,   0.98863, 3,    7876.85,  119.5,   0.98863
"SCN_CN15_9197_CEI77A_ATV", 13.8, 1,    7904.95,   -0.4,   0.99216, 2,    7904.95, -120.4,   0.99216, 3,    7904.95,  119.6,   0.99216
"SCN_CN15_9198_CEI77A_ATV", 13.8, 1,    7913.63,   -0.4,   0.99325, 2,    7913.63, -120.4,   0.99325, 3,    7913.63,  119.6,   0.99325
"SCN_CN15_9200_CEI77A_ATV", 13.8, 1,    7556.31,   -1.2,    0.9484, 2,    7556.31, -121.2,    0.9484, 3,    7556.31,  118.8,    0.9484
"SCN_CN15_9201_CEI77A_ATV", 13.8, 1,    7556.35,   -1.2,    0.9484, 2,    7556.35, -121.2,    0.9484, 3,    7556.35,  118.8,    0.9484
"SCN_CN15_9039_CEI076", 13.8, 1,    6201.44,   -3.6,   0.77835, 2,    6201.43, -123.6,   0.77835, 3,    6201.43,  116.4,   0.77835
"SCN_CN15_9041_CEI076", 13.8, 1,    6201.44,   -3.6,   0.77835, 2,    6201.43, -123.6,   0.77835, 3,    6201.43,  116.4,   0.77835
"SCN_CN15_9042_CEI076", 13.8, 1,    6201.44,   -3.6,   0.77835, 2,    6201.43, -123.6,   0.77835, 3,    6201.43,  116.4,   0.77835
"SCN_CN15_9044_CEI076", 13.8, 1,    6201.44,   -3.6,   0.77835, 2,    6201.43, -123.6,   0.77835, 3,    6201.43,  116.4,   0.77835
"SCN_CN15_9045_CEI076", 13.8, 1,    6201.44,   -3.6,   0.77835, 2,    6201.43, -123.6,   0.77835, 3,    6201.43,  116.4,   0.77835
"SCN_CN15_9057_CEI068", 13.8, 1,    6195.02,   -3.6,   0.77754, 2,    6195.01, -123.6,   0.77754, 3,    6195.01,  116.4,   0.77754
"SCN_CN15_9058_CEI068", 13.8, 1,    6195.02,   -3.6,   0.77754, 2,    6195.01, -123.6,   0.77754, 3,    6195.01,  116.4,   0.77754
"SCN_CN15_9236_CEI068", 13.8, 1,    6195.01,   -3.6,   0.77754, 2,    6195.01, -123.6,   0.77754, 3,    6195.01,  116.4,   0.77754
"SCN_CN15_9240_CEI068", 13.8, 1,    6195.01,   -3.6,   0.77754, 2,       6195, -123.6,   0.77754, 3,       6195,  116.4,   0.77754
"SCN_CN15_9063_CEI072", 13.8, 1,    6793.97,   -2.5,   0.85272, 2,    6793.97, -122.5,   0.85272, 3,    6793.97,  117.5,   0.85272
"SCN_CN15_CEI_FL_MT_37442", 13.8, 1,    6794.12,   -2.5,   0.85274, 2,    6794.12, -122.5,   0.85274, 3,    6794.12,  117.5,   0.85274
"SCN_CN15_9088_CEI072", 13.8, 1,    6794.12,   -2.5,   0.85274, 2,    6794.12, -122.5,   0.85274, 3,    6794.12,  117.5,   0.85274
"SCN_CN15_9089_CEI072", 13.8, 1,    6798.96,   -2.5,   0.85334, 2,    6798.95, -122.5,   0.85334, 3,    6798.95,  117.5,   0.85334
"SCN_CN15_9062_CEI072", 13.8, 1,    6788.02,   -2.5,   0.85197, 2,    6788.01, -122.5,   0.85197, 3,    6788.01,  117.5,   0.85197
"SCN_CN15_9061_CEI071", 13.8, 1,    6559.42,   -3.0,   0.82328, 2,    6559.42, -123.0,   0.82328, 3,    6559.42,  117.0,   0.82328
"SCN_CN15_9072_CEI071", 13.8, 1,    6559.37,   -3.0,   0.82327, 2,    6559.37, -123.0,   0.82327, 3,    6559.37,  117.0,   0.82327
"SCN_CN15_9073_CEI071", 13.8, 1,    6559.33,   -3.0,   0.82327, 2,    6559.33, -123.0,   0.82327, 3,    6559.33,  117.0,   0.82327
"SCN_CN15_9075_CEI071", 13.8, 1,    6559.29,   -3.0,   0.82326, 2,    6559.28, -123.0,   0.82326, 3,    6559.28,  117.0,   0.82326
"SCN_CN15_9078_CEI071", 13.8, 1,    6559.24,   -3.0,   0.82326, 2,    6559.24, -123.0,   0.82326, 3,    6559.24,  117.0,   0.82326
"SCN_CN15_9079_CEI071", 13.8, 1,    6559.19,   -3.0,   0.82325, 2,    6559.19, -123.0,   0.82325, 3,    6559.19,  117.0,   0.82325
"SCN_CN15_9080_CEI071", 13.8, 1,    6559.16,   -3.0,   0.82325, 2,    6559.16, -123.0,   0.82325, 3,    6559.16,  117.0,   0.82325
"SCN_CN15_9081_CEI071", 13.8, 1,    6559.12,   -3.0,   0.82324, 2,    6559.11, -123.0,   0.82324, 3,    6559.11,  117.0,   0.82324
"SCN_CN15_9082_CEI071", 13.8, 1,    6559.07,   -3.0,   0.82323, 2,    6559.06, -123.0,   0.82323, 3,    6559.06,  117.0,   0.82323
"SCN_CN15_9083_CEI071", 13.8, 1,    6559.03,   -3.0,   0.82323, 2,    6559.02, -123.0,   0.82323, 3,    6559.02,  117.0,   0.82323
"SCN_CN15_9084_CEI071", 13.8, 1,    6558.98,   -3.0,   0.82322, 2,    6558.97, -123.0,   0.82322, 3,    6558.98,  117.0,   0.82322
"SCN_CN15_9145_CEI220_ATV", 13.8, 1,    5754.31,   -4.9,   0.72223, 2,    5754.31, -124.9,   0.72223, 3,    5754.31,  115.1,   0.72223
"SCN_CN15_9146_CEI220_ATV", 13.8, 1,    5754.21,   -4.9,   0.72222, 2,     5754.2, -124.9,   0.72222, 3,     5754.2,  115.1,   0.72222
"SCN_CN15_9004_CEI220_ATV", 13.8, 1,    5859.92,   -4.4,   0.73548, 2,    5859.91, -124.4,   0.73548, 3,    5859.91,  115.6,   0.73548
"SCN_CN15_9005_CEI220_ATV", 13.8, 1,    5859.91,   -4.4,   0.73548, 2,     5859.9, -124.4,   0.73548, 3,     5859.9,  115.6,   0.73548
"SCN_CN15_9088_CEI201_ATV", 13.8, 1,     5850.7,   -4.4,   0.73433, 2,    5850.69, -124.4,   0.73433, 3,    5850.69,  115.6,   0.73433
"SCN_CN15_9089_CEI201_ATV", 13.8, 1,    5850.72,   -4.4,   0.73433, 2,    5850.71, -124.4,   0.73433, 3,    5850.71,  115.6,   0.73433
"SCN_CN15_9016_CEIRJ003", 13.8, 1,    5851.43,   -4.4,   0.73442, 2,    5851.42, -124.4,   0.73442, 3,    5851.42,  115.6,   0.73442
"SCN_CN15_9089_CEI201_ATV_S", 13.8, 1,    5850.72,   -4.4,   0.73433, 2,    5850.71, -124.4,   0.73433, 3,    5850.71,  115.6,   0.73433
"SCN_CN15_9123_CEI69B", 13.8, 1,    5849.71,   -4.4,    0.7342, 2,     5849.7, -124.4,    0.7342, 3,     5849.7,  115.6,    0.7342
"SCN_CN15_9121_CEI69B", 13.8, 1,     5847.4,   -4.4,   0.73391, 2,    5847.39, -124.4,   0.73391, 3,    5847.39,  115.6,   0.73391
"SCN_CN15_9119_CEI69B", 13.8, 1,    5844.57,   -4.4,   0.73356, 2,    5844.56, -124.4,   0.73356, 3,    5844.56,  115.6,   0.73356
"SCN_CN15_9276_CEI109", 13.8, 1,    5674.31,   -5.2,   0.71219, 2,     5674.3, -125.2,   0.71219, 3,     5674.3,  114.8,   0.71219
"SCN_CN15_9277_CEI109", 13.8, 1,    5672.01,   -5.2,    0.7119, 2,    5672.01, -125.2,    0.7119, 3,    5672.01,  114.8,    0.7119
"SCN_CN15_9118_CEI69B", 13.8, 1,    5841.91,   -4.4,   0.73322, 2,     5841.9, -124.4,   0.73322, 3,     5841.9,  115.6,   0.73322
"SCN_CN15_9114_CEI230_ATV", 13.8, 1,    5835.24,   -4.4,   0.73239, 2,    5835.23, -124.4,   0.73239, 3,    5835.23,  115.6,   0.73239
"SCN_CN15_9113_CEI230_ATV", 13.8, 1,    5830.39,   -4.4,   0.73178, 2,    5830.38, -124.4,   0.73178, 3,    5830.38,  115.6,   0.73178
"SCN_CN15_9112_CEI230_ATV", 13.8, 1,    5821.26,   -4.4,   0.73063, 2,    5821.25, -124.4,   0.73063, 3,    5821.25,  115.6,   0.73063
"SCN_CN15_9111_CEI230_ATV_S", 13.8, 1,    5820.49,   -4.4,   0.73054, 2,    5820.48, -124.4,   0.73053, 3,    5820.48,  115.6,   0.73053
"SCN_CN15_9110_CEI230_ATV", 13.8, 1,    5820.46,   -4.4,   0.73053, 2,    5820.45, -124.4,   0.73053, 3,    5820.45,  115.6,   0.73053
"SCN_CN15_9111_CEI230_ATV", 13.8, 1,    5820.49,   -4.4,   0.73054, 2,    5820.48, -124.4,   0.73053, 3,    5820.48,  115.6,   0.73053
"SCN_CN15_9109_CEI230_ATV", 13.8, 1,    5820.44,   -4.4,   0.73053, 2,    5820.43, -124.4,   0.73053, 3,    5820.43,  115.6,   0.73053
"SCN_CN15_9108_CEI230_ATV", 13.8, 1,    5820.41,   -4.4,   0.73053, 2,     5820.4, -124.4,   0.73052, 3,     5820.4,  115.6,   0.73052
"SCN_CN15_9107_CEI230_ATV", 13.8, 1,    5820.39,   -4.4,   0.73052, 2,    5820.39, -124.4,   0.73052, 3,    5820.39,  115.6,   0.73052
"SCN_CN15_9106_CEI230_ATV", 13.8, 1,    5820.38,   -4.4,   0.73052, 2,    5820.37, -124.4,   0.73052, 3,    5820.37,  115.6,   0.73052
"SCN_CN15_9278_CEI109", 13.8, 1,    5669.97,   -5.2,   0.71164, 2,    5669.97, -125.2,   0.71164, 3,    5669.97,  114.8,   0.71164
"SCN_CN15_9104_CEI230_ATV", 13.8, 1,    5820.36,   -4.4,   0.73052, 2,    5820.35, -124.4,   0.73052, 3,    5820.35,  115.6,   0.73052
"SCN_CN15_9105_CEI230_ATV", 13.8, 1,    5820.35,   -4.4,   0.73052, 2,    5820.34, -124.4,   0.73052, 3,    5820.34,  115.6,   0.73052
"SCN_CN15_9103_CEI230_ATV", 13.8, 1,    5820.33,   -4.4,   0.73052, 2,    5820.32, -124.4,   0.73051, 3,    5820.32,  115.6,   0.73051
"SCN_CN15_9102_CEI230_ATV", 13.8, 1,    5820.32,   -4.4,   0.73051, 2,    5820.31, -124.4,   0.73051, 3,    5820.31,  115.6,   0.73051
"SCN_CN15_9100_CEI230_ATV", 13.8, 1,     5820.3,   -4.4,   0.73051, 2,    5820.29, -124.4,   0.73051, 3,    5820.29,  115.6,   0.73051
"SCN_CN15_9099_CEI230_ATV", 13.8, 1,    5820.29,   -4.4,   0.73051, 2,    5820.28, -124.4,   0.73051, 3,    5820.28,  115.6,   0.73051
"SCN_CN15_9098_CEI230_ATV", 13.8, 1,    5820.28,   -4.4,   0.73051, 2,    5820.27, -124.4,   0.73051, 3,    5820.27,  115.6,   0.73051
"SCN_CN15_9097_CEI230_ATV", 13.8, 1,    5820.26,   -4.4,   0.73051, 2,    5820.25, -124.4,   0.73051, 3,    5820.25,  115.6,   0.73051
"SCN_CN15_9096_CEI230_ATV", 13.8, 1,    5820.25,   -4.4,    0.7305, 2,    5820.24, -124.4,    0.7305, 3,    5820.24,  115.6,    0.7305
"SCN_CN15_9094_CEI230_ATV", 13.8, 1,    5820.24,   -4.4,    0.7305, 2,    5820.23, -124.4,    0.7305, 3,    5820.23,  115.6,    0.7305
"SCN_CN15_9281_CEI109", 13.8, 1,    5668.47,   -5.2,   0.71146, 2,    5668.46, -125.2,   0.71145, 3,    5668.46,  114.8,   0.71145
"SCN_CN15_9095_CEI230_ATV", 13.8, 1,    5820.24,   -4.4,    0.7305, 2,    5820.23, -124.4,    0.7305, 3,    5820.23,  115.6,    0.7305
"SCN_CN15_9120_CEI230_ATV", 13.8, 1,    5811.06,   -4.4,   0.72935, 2,    5811.05, -124.4,   0.72935, 3,    5811.05,  115.6,   0.72935
"SCN_CN15_9115_CEI230_ATV", 13.8, 1,    5810.91,   -4.4,   0.72933, 2,     5810.9, -124.4,   0.72933, 3,     5810.9,  115.6,   0.72933
"SCN_CN15_9119_CEI230_ATV", 13.8, 1,    5801.89,   -4.4,    0.7282, 2,    5801.88, -124.4,    0.7282, 3,    5801.88,  115.6,    0.7282
"SCN_CN15_9331_CEI109", 13.8, 1,     5600.3,   -5.5,    0.7029, 2,    5600.29, -125.5,    0.7029, 3,    5600.29,  114.5,    0.7029
"SCN_CN15_9332_CEI109", 13.8, 1,    5599.92,   -5.5,   0.70285, 2,    5599.91, -125.5,   0.70285, 3,    5599.91,  114.5,   0.70285
"SCN_CN15_9118_CEI230_ATV", 13.8, 1,    5792.85,   -4.4,   0.72707, 2,    5792.84, -124.4,   0.72706, 3,    5792.84,  115.6,   0.72706
"SCN_CN15_9117_CEI230_ATV", 13.8, 1,    5783.46,   -4.4,   0.72589, 2,    5783.45, -124.4,   0.72589, 3,    5783.45,  115.6,   0.72589
"SCN_CN15_9116_CEI230_ATV", 13.8, 1,    5774.56,   -4.4,   0.72477, 2,    5774.55, -124.4,   0.72477, 3,    5774.55,  115.6,   0.72477
"SCN_CN15_9014_CEIRJ003", 13.8, 1,    5766.02,   -4.4,    0.7237, 2,    5766.01, -124.4,    0.7237, 3,    5766.01,  115.6,    0.7237
"SCN_CN15_9002_CEI075", 13.8, 1,    5764.94,   -4.4,   0.72356, 2,    5764.93, -124.4,   0.72356, 3,    5764.93,  115.6,   0.72356
"SCN_CN15_9003_CEI075", 13.8, 1,     5763.8,   -4.4,   0.72342, 2,    5763.79, -124.4,   0.72342, 3,    5763.79,  115.6,   0.72342
"SCN_CN15_9282_CEI109", 13.8, 1,    5667.05,   -5.2,   0.71128, 2,    5667.04, -125.2,   0.71128, 3,    5667.04,  114.8,   0.71128
"SCN_CN15_9004_CEI075", 13.8, 1,    5762.53,   -4.4,   0.72326, 2,    5762.52, -124.4,   0.72326, 3,    5762.52,  115.6,   0.72326
"SCN_CN15_9052_CEIRJ006_ATV", 13.8, 1,    5763.78,   -4.4,   0.72342, 2,    5763.77, -124.4,   0.72342, 3,    5763.77,  115.6,   0.72342
"SCN_CN15_9005_CEI075", 13.8, 1,    5761.21,   -4.4,   0.72309, 2,     5761.2, -124.4,   0.72309, 3,     5761.2,  115.6,   0.72309
"SCN_CN15_9006_CEI075", 13.8, 1,    5759.62,   -4.5,    0.7229, 2,    5759.61, -124.5,   0.72289, 3,    5759.61,  115.5,   0.72289
"SCN_CN15_9007_CEI075", 13.8, 1,    5758.41,   -4.5,   0.72274, 2,     5758.4, -124.5,   0.72274, 3,     5758.4,  115.5,   0.72274
"SCN_CN15_9008_CEI075", 13.8, 1,     5756.9,   -4.5,   0.72255, 2,    5756.89, -124.5,   0.72255, 3,    5756.89,  115.5,   0.72255
"SCN_CN15_9009_CEI075", 13.8, 1,    5755.41,   -4.5,   0.72237, 2,     5755.4, -124.5,   0.72237, 3,     5755.4,  115.5,   0.72237
"SCN_CN15_9169_CEI230_ATV", 13.8, 1,    5755.39,   -4.5,   0.72236, 2,    5755.38, -124.5,   0.72236, 3,    5755.38,  115.5,   0.72236
"SCN_CN15_9010_CEI075", 13.8, 1,    5755.18,   -4.5,   0.72234, 2,    5755.17, -124.5,   0.72234, 3,    5755.17,  115.5,   0.72234
"SCN_CN15_9011_CEI075", 13.8, 1,    5754.94,   -4.5,   0.72231, 2,    5754.93, -124.5,   0.72231, 3,    5754.93,  115.5,   0.72231
"SCN_CN15_9012_CEI075", 13.8, 1,    5754.71,   -4.5,   0.72228, 2,     5754.7, -124.5,   0.72228, 3,     5754.7,  115.5,   0.72228
"SCN_CN15_9283_CEI109", 13.8, 1,    5664.88,   -5.2,     0.711, 2,    5664.87, -125.2,     0.711, 3,    5664.87,  114.8,     0.711
"SCN_CN15_9013_CEI075", 13.8, 1,    5754.38,   -4.5,   0.72224, 2,    5754.37, -124.5,   0.72224, 3,    5754.37,  115.5,   0.72224
"SCN_CN15_9014_CEI075", 13.8, 1,    5754.07,   -4.5,    0.7222, 2,    5754.06, -124.5,    0.7222, 3,    5754.06,  115.5,    0.7222
"SCN_CN15_9015_CEI075", 13.8, 1,    5753.76,   -4.5,   0.72216, 2,    5753.75, -124.5,   0.72216, 3,    5753.75,  115.5,   0.72216
"SCN_CN15_9016_CEI075", 13.8, 1,    5753.45,   -4.5,   0.72212, 2,    5753.44, -124.5,   0.72212, 3,    5753.44,  115.5,   0.72212
"SCN_CN15_9017_CEI075", 13.8, 1,    5753.15,   -4.5,   0.72208, 2,    5753.14, -124.5,   0.72208, 3,    5753.14,  115.5,   0.72208
"SCN_CN15_9018_CEI075", 13.8, 1,    5752.83,   -4.5,   0.72204, 2,    5752.82, -124.5,   0.72204, 3,    5752.82,  115.5,   0.72204
"SCN_CN15_9019_CEI075", 13.8, 1,    5752.67,   -4.5,   0.72202, 2,    5752.66, -124.5,   0.72202, 3,    5752.66,  115.5,   0.72202
"SCN_CN15_9020_CEI075", 13.8, 1,    5752.51,   -4.5,     0.722, 2,     5752.5, -124.5,     0.722, 3,     5752.5,  115.5,     0.722
"SCN_CN15_9022_CEI075", 13.8, 1,    5752.22,   -4.5,   0.72197, 2,    5752.21, -124.5,   0.72197, 3,    5752.21,  115.5,   0.72197
"SCN_CN15_9023_CEI075", 13.8, 1,    5751.97,   -4.5,   0.72194, 2,    5751.96, -124.5,   0.72193, 3,    5751.96,  115.5,   0.72193
"SCN_CN15_9284_CEI109", 13.8, 1,     5663.2,   -5.2,   0.71079, 2,    5663.19, -125.2,   0.71079, 3,    5663.19,  114.8,   0.71079
"SCN_CN15_9024_CEI075", 13.8, 1,    5751.67,   -4.5,    0.7219, 2,    5751.66, -124.5,    0.7219, 3,    5751.66,  115.5,    0.7219
"SCN_CN15_9025_CEI075", 13.8, 1,    5751.39,   -4.5,   0.72186, 2,    5751.38, -124.5,   0.72186, 3,    5751.38,  115.5,   0.72186
"SCN_CN15_9072_CEI230_ATV", 13.8, 1,    5751.36,   -4.5,   0.72186, 2,    5751.35, -124.5,   0.72186, 3,    5751.35,  115.5,   0.72186
"SCN_CN15_9028_CEI075", 13.8, 1,    5750.75,   -4.5,   0.72178, 2,    5750.74, -124.5,   0.72178, 3,    5750.74,  115.5,   0.72178
"SCN_CN15_9029_CEI075", 13.8, 1,     5750.6,   -4.5,   0.72176, 2,    5750.59, -124.5,   0.72176, 3,    5750.59,  115.5,   0.72176
"SCN_CN15_9027_CEI075", 13.8, 1,    5750.89,   -4.5,    0.7218, 2,    5750.88, -124.5,    0.7218, 3,    5750.88,  115.5,    0.7218
"SCN_CN15_9026_CEI075", 13.8, 1,    5751.14,   -4.5,   0.72183, 2,    5751.13, -124.5,   0.72183, 3,    5751.13,  115.5,   0.72183
"SCN_CN15_9030_CEI075", 13.8, 1,    5750.54,   -4.5,   0.72176, 2,    5750.53, -124.5,   0.72175, 3,    5750.53,  115.5,   0.72175
"SCN_CN15_9074_CEI230_ATV", 13.8, 1,    5750.36,   -4.5,   0.72173, 2,    5750.35, -124.5,   0.72173, 3,    5750.35,  115.5,   0.72173
"SCN_CN15_9075_CEI230_ATV", 13.8, 1,    5750.25,   -4.5,   0.72172, 2,    5750.24, -124.5,   0.72172, 3,    5750.24,  115.5,   0.72172
"SCN_CN15_9292_CEI109_S", 13.8, 1,    5660.68,   -5.2,   0.71048, 2,    5660.67, -125.2,   0.71048, 3,    5660.67,  114.8,   0.71048
"SCN_CN15_9076_CEI230_ATV_S", 13.8, 1,    5750.17,   -4.5,   0.72171, 2,    5750.16, -124.5,   0.72171, 3,    5750.16,  115.5,   0.72171
"SCN_CN15_9076_CEI230_ATV", 13.8, 1,    5750.17,   -4.5,   0.72171, 2,    5750.16, -124.5,   0.72171, 3,    5750.16,  115.5,   0.72171
"SCN_CN15_9079_CEI230_ATV", 13.8, 1,    5750.08,   -4.5,    0.7217, 2,    5750.07, -124.5,    0.7217, 3,    5750.07,  115.5,    0.7217
"SCN_CN15_9078_CEI230_ATV", 13.8, 1,    5749.99,   -4.5,   0.72169, 2,    5749.98, -124.5,   0.72169, 3,    5749.98,  115.5,   0.72169
"SCN_CN15_9077_CEI230_ATV", 13.8, 1,    5750.06,   -4.5,    0.7217, 2,    5750.05, -124.5,   0.72169, 3,    5750.05,  115.5,   0.72169
"SCN_CN15_9080_CEI230_ATV", 13.8, 1,    5749.94,   -4.5,   0.72168, 2,    5749.93, -124.5,   0.72168, 3,    5749.93,  115.5,   0.72168
"SCN_CN15_9081_CEI230_ATV", 13.8, 1,    5749.84,   -4.5,   0.72167, 2,    5749.83, -124.5,   0.72167, 3,    5749.83,  115.5,   0.72167
"SCN_CN15_9082_CEI230_ATV", 13.8, 1,    5749.84,   -4.5,   0.72167, 2,    5749.83, -124.5,   0.72167, 3,    5749.83,  115.5,   0.72167
"SCN_CN15_9084_CEI230_ATV", 13.8, 1,     5749.8,   -4.5,   0.72166, 2,    5749.78, -124.5,   0.72166, 3,    5749.78,  115.5,   0.72166
"SCN_CN15_9085_CEI230_ATV", 13.8, 1,    5749.75,   -4.5,   0.72166, 2,    5749.74, -124.5,   0.72166, 3,    5749.74,  115.5,   0.72166
"SCN_CN15_9086_CEI230_ATV", 13.8, 1,    5749.71,   -4.5,   0.72165, 2,     5749.7, -124.5,   0.72165, 3,     5749.7,  115.5,   0.72165
"SCN_CN15_9292_CEI109", 13.8, 1,    5660.68,   -5.2,   0.71048, 2,    5660.67, -125.2,   0.71048, 3,    5660.67,  114.8,   0.71048
"SCN_CN15_9423_CEI109", 13.8, 1,    5660.61,   -5.2,   0.71047, 2,     5660.6, -125.2,   0.71047, 3,     5660.6,  114.8,   0.71047
"SCN_CN15_9087_CEI230_ATV", 13.8, 1,    5749.68,   -4.5,   0.72165, 2,    5749.67, -124.5,   0.72165, 3,    5749.67,  115.5,   0.72165
"SCN_CN15_9083_CEI230_ATV", 13.8, 1,     5749.8,   -4.5,   0.72166, 2,    5749.79, -124.5,   0.72166, 3,    5749.79,  115.5,   0.72166
"SCN_CN15_9088_CEI230_ATV", 13.8, 1,    5749.76,   -4.5,   0.72166, 2,    5749.75, -124.5,   0.72166, 3,    5749.75,  115.5,   0.72166
"SCN_CN15_9090_CEI230_ATV", 13.8, 1,    5749.73,   -4.5,   0.72165, 2,    5749.72, -124.5,   0.72165, 3,    5749.72,  115.5,   0.72165
"SCN_CN15_9084_CEI148_ATV", 13.8, 1,    5582.75,   -5.5,    0.7007, 2,    5582.74, -125.5,    0.7007, 3,    5582.74,  114.5,   0.70069
"SCN_CN15_9083_CEI148_ATV", 13.8, 1,    5583.34,   -5.5,   0.70077, 2,    5583.33, -125.5,   0.70077, 3,    5583.33,  114.5,   0.70077
"SCN_CN15_9086_CEI148_ATV", 13.8, 1,    5582.27,   -5.5,   0.70064, 2,    5582.26, -125.5,   0.70064, 3,    5582.26,  114.5,   0.70064
"SCN_CN15_9100_CEI201_ATV", 13.8, 1,    5836.34,   -4.4,   0.73252, 2,    5836.33, -124.4,   0.73252, 3,    5836.33,  115.6,   0.73252
"SCN_CN15_9102_CEI201_ATV", 13.8, 1,    5836.38,   -4.4,   0.73253, 2,    5836.38, -124.4,   0.73253, 3,    5836.38,  115.6,   0.73253
"SCN_CN15_9087_CEI148_ATV", 13.8, 1,    5581.31,   -5.5,   0.70051, 2,     5581.3, -125.5,   0.70051, 3,     5581.3,  114.5,   0.70051
"SCN_CN15_9088_CEI148_ATV", 13.8, 1,    5581.27,   -5.5,   0.70051, 2,    5581.26, -125.5,   0.70051, 3,    5581.26,  114.5,   0.70051
"SCN_CN15_9090_CEI148_ATV", 13.8, 1,    5581.18,   -5.5,    0.7005, 2,    5581.17, -125.5,    0.7005, 3,    5581.17,  114.5,    0.7005
"SCN_CN15_9424_CEI109", 13.8, 1,    5660.48,   -5.2,   0.71045, 2,    5660.47, -125.2,   0.71045, 3,    5660.47,  114.8,   0.71045
"SCN_CN15_9034_CEI148A_ATV", 13.8, 1,    5580.68,   -5.5,   0.70044, 2,    5580.67, -125.5,   0.70043, 3,    5580.67,  114.5,   0.70043
"SCN_CN15_9033_CEI148A_ATV", 13.8, 1,    5580.11,   -5.5,   0.70036, 2,     5580.1, -125.5,   0.70036, 3,     5580.1,  114.5,   0.70036
"SCN_CN15_9035_CEI148A_ATV", 13.8, 1,    5580.09,   -5.5,   0.70036, 2,    5580.08, -125.5,   0.70036, 3,    5580.08,  114.5,   0.70036
"SCN_CN15_9031_CEI148A_ATV", 13.8, 1,    5579.51,   -5.5,   0.70029, 2,     5579.5, -125.5,   0.70029, 3,     5579.5,  114.5,   0.70029
"SCN_CN15_9030_CEI148A_ATV", 13.8, 1,    5578.97,   -5.5,   0.70022, 2,    5578.96, -125.5,   0.70022, 3,    5578.96,  114.5,   0.70022
"SCN_CN15_9029_CEI148A_ATV_S", 13.8, 1,    5578.91,   -5.5,   0.70021, 2,     5578.9, -125.5,   0.70021, 3,     5578.9,  114.5,   0.70021
"SCN_CN15_9028_CEI148A_ATV", 13.8, 1,    5578.89,   -5.5,   0.70021, 2,    5578.88, -125.5,   0.70021, 3,    5578.88,  114.5,   0.70021
"SCN_CN15_9029_CEI148A_ATV", 13.8, 1,    5578.91,   -5.5,   0.70021, 2,     5578.9, -125.5,   0.70021, 3,     5578.9,  114.5,   0.70021
"SCN_CN15_9032_CEI148A_ATV", 13.8, 1,    5578.88,   -5.5,   0.70021, 2,    5578.87, -125.5,   0.70021, 3,    5578.87,  114.5,   0.70021
"SCN_CN15_9078_CEI201_ATV", 13.8, 1,    5578.85,   -5.5,   0.70021, 2,    5578.84, -125.5,    0.7002, 3,    5578.84,  114.5,    0.7002
"SCN_CN15_9075_CEI201_ATV", 13.8, 1,    5578.81,   -5.5,    0.7002, 2,    5578.81, -125.5,    0.7002, 3,     5578.8,  114.5,    0.7002
"SCN_CN15_9425_CEI109", 13.8, 1,    5660.37,   -5.2,   0.71044, 2,    5660.36, -125.2,   0.71044, 3,    5660.36,  114.8,   0.71044
"SCN_CN15_9025_CEI148A_ATV", 13.8, 1,    5578.43,   -5.5,   0.70015, 2,    5578.42, -125.5,   0.70015, 3,    5578.42,  114.5,   0.70015
"SCN_CN15_9023_CEI148A_ATV_S", 13.8, 1,     5577.4,   -5.6,   0.70002, 2,    5577.39, -125.6,   0.70002, 3,    5577.39,  114.4,   0.70002
"SCN_CN15_9028_CEI69A", 13.8, 1,    5577.38,   -5.6,   0.70002, 2,    5577.37, -125.6,   0.70002, 3,    5577.37,  114.4,   0.70002
"SCN_CN15_9023_CEI148A_ATV", 13.8, 1,     5577.4,   -5.6,   0.70002, 2,    5577.39, -125.6,   0.70002, 3,    5577.39,  114.4,   0.70002
"SCN_CN15_9022_CEI148A_ATV", 13.8, 1,    5577.35,   -5.6,   0.70002, 2,    5577.35, -125.6,   0.70002, 3,    5577.34,  114.4,   0.70002
"SCN_CN15_9021_CEI148A_ATV", 13.8, 1,     5577.3,   -5.6,   0.70001, 2,    5577.29, -125.6,   0.70001, 3,    5577.29,  114.4,   0.70001
"SCN_CN15_9020_CEI148A_ATV_S", 13.8, 1,    5577.27,   -5.6,   0.70001, 2,    5577.26, -125.6,   0.70001, 3,    5577.26,  114.4,   0.70001
"SCN_CN15_9020_CEI148A_ATV", 13.8, 1,    5577.27,   -5.6,   0.70001, 2,    5577.26, -125.6,   0.70001, 3,    5577.26,  114.4,   0.70001
"SCN_CN15_9019_CEI148A_ATV", 13.8, 1,    5577.26,   -5.6,   0.70001, 2,    5577.25, -125.6,   0.70001, 3,    5577.25,  114.4,   0.70001
"SCN_CN15_9001_CEI148A_ATV", 13.8, 1,    5574.37,   -5.6,   0.69964, 2,    5574.36, -125.6,   0.69964, 3,    5574.36,  114.4,   0.69964
"SCN_CN15_9002_CEI148A_ATV", 13.8, 1,    5574.42,   -5.6,   0.69965, 2,    5574.41, -125.6,   0.69965, 3,    5574.41,  114.4,   0.69965
"SCN_CN15_9003_CEI148A_ATV", 13.8, 1,    5574.45,   -5.6,   0.69965, 2,    5574.44, -125.6,   0.69965, 3,    5574.44,  114.4,   0.69965
"SCN_CN15_9005_CEI148A_ATV", 13.8, 1,    5574.47,   -5.6,   0.69966, 2,    5574.46, -125.6,   0.69966, 3,    5574.46,  114.4,   0.69966
"SCN_CN15_9426_CEI109", 13.8, 1,    5660.28,   -5.2,   0.71043, 2,    5660.27, -125.2,   0.71043, 3,    5660.27,  114.8,   0.71043
"SCN_CN15_9004_CEI148A_ATV", 13.8, 1,     5574.5,   -5.6,   0.69966, 2,    5574.49, -125.6,   0.69966, 3,    5574.49,  114.4,   0.69966
"SCN_CN15_9143_CEI220_ATV", 13.8, 1,    5754.46,   -4.9,   0.72225, 2,    5754.45, -124.9,   0.72225, 3,    5754.45,  115.1,   0.72225
"SCN_CN15_9144_CEI220_ATV", 13.8, 1,    5754.39,   -4.9,   0.72224, 2,    5754.38, -124.9,   0.72224, 3,    5754.38,  115.1,   0.72224
"SCN_CN15_9006_CEI148A_ATV", 13.8, 1,    5574.55,   -5.6,   0.69967, 2,    5574.54, -125.6,   0.69967, 3,    5574.54,  114.4,   0.69967
"SCN_CN15_9007_CEI148A_ATV", 13.8, 1,    5574.61,   -5.6,   0.69967, 2,     5574.6, -125.6,   0.69967, 3,     5574.6,  114.4,   0.69967
"SCN_CN15_9008_CEI148A_ATV", 13.8, 1,    5574.71,   -5.6,   0.69969, 2,     5574.7, -125.6,   0.69969, 3,     5574.7,  114.4,   0.69969
"SCN_CN15_9010_CEI148A_ATV", 13.8, 1,    5574.88,   -5.6,   0.69971, 2,    5574.87, -125.6,   0.69971, 3,    5574.87,  114.4,   0.69971
"SCN_CN15_9009_CEI148A_ATV", 13.8, 1,    5574.71,   -5.6,   0.69969, 2,     5574.7, -125.6,   0.69969, 3,     5574.7,  114.4,   0.69969
"SCN_CN15_9011_CEI148A_ATV", 13.8, 1,    5574.97,   -5.6,   0.69972, 2,    5574.97, -125.6,   0.69972, 3,    5574.97,  114.4,   0.69972
"SCN_CN15_9012_CEI148A_ATV", 13.8, 1,    5575.07,   -5.6,   0.69973, 2,    5575.06, -125.6,   0.69973, 3,    5575.06,  114.4,   0.69973
"SCN_CN15_9013_CEI148A_ATV", 13.8, 1,    5575.23,   -5.6,   0.69975, 2,    5575.22, -125.6,   0.69975, 3,    5575.22,  114.4,   0.69975
"SCN_CN15_9014_CEI148A_ATV", 13.8, 1,    5575.43,   -5.6,   0.69978, 2,    5575.42, -125.6,   0.69978, 3,    5575.42,  114.4,   0.69978
"SCN_CN15_9015_CEI148A_ATV", 13.8, 1,    5575.64,   -5.6,    0.6998, 2,    5575.63, -125.6,    0.6998, 3,    5575.63,  114.4,    0.6998
"SCN_CN15_9427_CEI109", 13.8, 1,    5660.17,   -5.2,   0.71041, 2,    5660.16, -125.2,   0.71041, 3,    5660.16,  114.8,   0.71041
"SCN_CN15_9016_CEI148A_ATV", 13.8, 1,    5575.85,   -5.6,   0.69983, 2,    5575.84, -125.6,   0.69983, 3,    5575.84,  114.4,   0.69983
"SCN_CN15_9017_CEI148A_ATV", 13.8, 1,    5575.95,   -5.6,   0.69984, 2,    5575.94, -125.6,   0.69984, 3,    5575.94,  114.4,   0.69984
"SCN_CN15_9018_CEI148A_ATV", 13.8, 1,    5576.07,   -5.6,   0.69986, 2,    5576.06, -125.6,   0.69986, 3,    5576.06,  114.4,   0.69986
"SCN_CN15_9020_CEI69A", 13.8, 1,    5576.38,   -5.6,    0.6999, 2,    5576.38, -125.6,    0.6999, 3,    5576.37,  114.4,    0.6999
"SCN_CN15_9018_CEI148A_ATV_S", 13.8, 1,    5576.07,   -5.6,   0.69986, 2,    5576.06, -125.6,   0.69986, 3,    5576.06,  114.4,   0.69986
"SCN_CN15_9019_CEI69A", 13.8, 1,    5576.28,   -5.6,   0.69988, 2,    5576.27, -125.6,   0.69988, 3,    5576.27,  114.4,   0.69988
"SCN_CN15_9018_CEI69A", 13.8, 1,    5576.19,   -5.6,   0.69987, 2,    5576.18, -125.6,   0.69987, 3,    5576.18,  114.4,   0.69987
"SCN_CN15_9017_CEI69A", 13.8, 1,    5576.12,   -5.6,   0.69986, 2,    5576.11, -125.6,   0.69986, 3,    5576.11,  114.4,   0.69986
"SCN_CN15_9016_CEI69A", 13.8, 1,    5576.11,   -5.6,   0.69986, 2,     5576.1, -125.6,   0.69986, 3,     5576.1,  114.4,   0.69986
"SCN_CN15_9015_CEI69A", 13.8, 1,    5576.11,   -5.6,   0.69986, 2,     5576.1, -125.6,   0.69986, 3,     5576.1,  114.4,   0.69986
"SCN_CN15_9428_CEI109", 13.8, 1,    5660.05,   -5.2,    0.7104, 2,    5660.04, -125.2,    0.7104, 3,    5660.04,  114.8,    0.7104
"SCN_CN15_9012_CEI69A_S", 13.8, 1,    5576.07,   -5.6,   0.69986, 2,    5576.06, -125.6,   0.69986, 3,    5576.06,  114.4,   0.69986
"SCN_CN15_9012_CEI69A", 13.8, 1,    5576.07,   -5.6,   0.69986, 2,    5576.06, -125.6,   0.69986, 3,    5576.06,  114.4,   0.69986
"SCN_CN15_9013_CEI69A", 13.8, 1,    5576.05,   -5.6,   0.69986, 2,    5576.04, -125.6,   0.69985, 3,    5576.04,  114.4,   0.69985
"SCN_CN15_9014_CEI69A", 13.8, 1,    5576.04,   -5.6,   0.69985, 2,    5576.03, -125.6,   0.69985, 3,    5576.03,  114.4,   0.69985
"SCN_CN15_9011_CEI69A", 13.8, 1,    5576.07,   -5.6,   0.69986, 2,    5576.06, -125.6,   0.69986, 3,    5576.06,  114.4,   0.69986
"SCN_CN15_9073_CEIRJ006_ATV", 13.8, 1,    5581.13,   -5.5,   0.70049, 2,    5581.12, -125.5,   0.70049, 3,    5581.12,  114.5,   0.70049
"SCN_CN15_9091_CEI148_ATV", 13.8, 1,    5581.12,   -5.5,   0.70049, 2,    5581.11, -125.5,   0.70049, 3,    5581.11,  114.5,   0.70049
"SCN_CN15_9092_CEI148_ATV", 13.8, 1,    5581.11,   -5.5,   0.70049, 2,     5581.1, -125.5,   0.70049, 3,     5581.1,  114.5,   0.70049
"SCN_CN15_9089_CEI148_ATV", 13.8, 1,     5581.1,   -5.5,   0.70049, 2,    5581.09, -125.5,   0.70049, 3,    5581.09,  114.5,   0.70049
"SCN_CN15_9042_CEI69A", 13.8, 1,    5581.21,   -5.5,    0.7005, 2,     5581.2, -125.5,    0.7005, 3,     5581.2,  114.5,    0.7005
"SCN_CN15_9100_CEI072", 13.8, 1,     6844.5,   -2.4,   0.85906, 2,     6844.5, -122.4,   0.85906, 3,     6844.5,  117.6,   0.85906
"SCN_CN15_9101_CEI072", 13.8, 1,    6844.41,   -2.4,   0.85905, 2,     6844.4, -122.4,   0.85905, 3,     6844.4,  117.6,   0.85905
"SCN_CN15_9102_CEI072", 13.8, 1,     6844.3,   -2.4,   0.85904, 2,     6844.3, -122.4,   0.85903, 3,     6844.3,  117.6,   0.85903
"SCN_CN15_9103_CEI072", 13.8, 1,     6844.2,   -2.4,   0.85902, 2,     6844.2, -122.4,   0.85902, 3,     6844.2,  117.6,   0.85902
"SCN_CN15_9104_CEI072", 13.8, 1,    6844.11,   -2.4,   0.85901, 2,     6844.1, -122.4,   0.85901, 3,     6844.1,  117.6,   0.85901
"SCN_CN15_9105_CEI072", 13.8, 1,       6844,   -2.4,     0.859, 2,       6844, -122.4,     0.859, 3,       6844,  117.6,     0.859
"SCN_CN15_9491_CEI109", 13.8, 1,    5601.13,   -5.5,     0.703, 2,    5601.12, -125.5,     0.703, 3,    5601.12,  114.5,     0.703
"SCN_CN15_9492_CEI109", 13.8, 1,    5601.01,   -5.5,   0.70299, 2,       5601, -125.5,   0.70299, 3,       5601,  114.5,   0.70299
"SCN_CN15_9106_CEI072", 13.8, 1,    6843.91,   -2.4,   0.85899, 2,    6843.91, -122.4,   0.85899, 3,    6843.91,  117.6,   0.85899
"SCN_CN15_9107_CEI072", 13.8, 1,    6843.71,   -2.4,   0.85896, 2,    6843.71, -122.4,   0.85896, 3,    6843.71,  117.6,   0.85896
"SCN_CN15_9108_CEI072", 13.8, 1,    6843.56,   -2.4,   0.85894, 2,    6843.56, -122.4,   0.85894, 3,    6843.56,  117.6,   0.85894
"SCN_CN15_9109_CEI072", 13.8, 1,    6843.48,   -2.4,   0.85893, 2,    6843.47, -122.4,   0.85893, 3,    6843.48,  117.6,   0.85893
"SCN_CN15_9110_CEI072", 13.8, 1,    6843.39,   -2.4,   0.85892, 2,    6843.39, -122.4,   0.85892, 3,    6843.39,  117.6,   0.85892
"SCN_CN15_9111_CEI072", 13.8, 1,    6843.29,   -2.4,   0.85891, 2,    6843.29, -122.4,   0.85891, 3,    6843.29,  117.6,   0.85891
"SCN_CN15_9112_CEI072", 13.8, 1,    6843.19,   -2.4,    0.8589, 2,    6843.18, -122.4,   0.85889, 3,    6843.19,  117.6,   0.85889
"SCN_CN15_9113_CEI072", 13.8, 1,    6843.08,   -2.4,   0.85888, 2,    6843.08, -122.4,   0.85888, 3,    6843.08,  117.6,   0.85888
"SCN_CN15_9114_CEI072", 13.8, 1,    6842.97,   -2.4,   0.85887, 2,    6842.97, -122.4,   0.85887, 3,    6842.97,  117.6,   0.85887
"SCN_CN15_9005_CEI077_ATV", 13.8, 1,     6943.1,   -2.2,   0.87143, 2,    6943.09, -122.2,   0.87143, 3,    6943.09,  117.8,   0.87143
"SCN_CN15_9008_CEI077_ATV", 13.8, 1,    6942.58,   -2.2,   0.87137, 2,    6942.58, -122.2,   0.87137, 3,    6942.58,  117.8,   0.87137
"SCN_CN15_9493_CEI109", 13.8, 1,    5600.92,   -5.5,   0.70298, 2,    5600.91, -125.5,   0.70298, 3,    5600.91,  114.5,   0.70298
"SCN_CN15_9009_CEI077_ATV", 13.8, 1,    6941.98,   -2.2,   0.87129, 2,    6941.97, -122.2,   0.87129, 3,    6941.97,  117.8,   0.87129
"SCN_CN15_9037_CEI230_ATV_S", 13.8, 1,    7041.65,   -2.1,    0.8838, 2,    7041.65, -122.1,    0.8838, 3,    7041.65,  117.9,    0.8838
"SCN_CN15_9092_CEI77A_ATV", 13.8, 1,    7045.31,   -2.1,   0.88426, 2,    7045.31, -122.1,   0.88426, 3,    7045.31,  117.9,   0.88426
"SCN_CN15_9093_CEI77A_ATV", 13.8, 1,    7046.56,   -2.1,   0.88442, 2,    7046.56, -122.1,   0.88442, 3,    7046.56,  117.9,   0.88442
"SCN_CN15_9093_CEI77A_ATV_S", 13.8, 1,    7046.56,   -2.1,   0.88442, 2,    7046.56, -122.1,   0.88442, 3,    7046.56,  117.9,   0.88442
"SCN_CN15_9094_CEI77A_ATV", 13.8, 1,    7050.32,   -2.1,   0.88489, 2,    7050.32, -122.1,   0.88489, 3,    7050.32,  117.9,   0.88489
"SCN_CN15_9100_CEI77A_ATV", 13.8, 1,    7054.51,   -2.1,   0.88542, 2,    7054.51, -122.1,   0.88542, 3,    7054.51,  117.9,   0.88542
"SCN_CN15_9094_CEI77A_ATV_S", 13.8, 1,    7050.32,   -2.1,   0.88489, 2,    7050.32, -122.1,   0.88489, 3,    7050.32,  117.9,   0.88489
"SCN_CN15_9101_CEI77A_ATV", 13.8, 1,    7056.58,   -2.0,   0.88568, 2,    7056.57, -122.0,   0.88568, 3,    7056.57,  118.0,   0.88568
"SCN_CN15_9101_CEI77A_ATV_S", 13.8, 1,    7056.58,   -2.0,   0.88568, 2,    7056.57, -122.0,   0.88568, 3,    7056.57,  118.0,   0.88568
"SCN_CN15_9102_CEI77A_ATV", 13.8, 1,    7058.64,   -2.0,   0.88594, 2,    7058.63, -122.0,   0.88594, 3,    7058.64,  118.0,   0.88594
"SCN_CN15_9104_CEI77A_ATV", 13.8, 1,    7062.59,   -2.0,   0.88643, 2,    7062.58, -122.0,   0.88643, 3,    7062.58,  118.0,   0.88643
"SCN_CN15_9103_CEI77A_ATV", 13.8, 1,     7058.6,   -2.0,   0.88593, 2,     7058.6, -122.0,   0.88593, 3,     7058.6,  118.0,   0.88593
"SCN_CN15_9095_CEI77A_ATV", 13.8, 1,    7049.76,   -2.1,   0.88482, 2,    7049.75, -122.1,   0.88482, 3,    7049.75,  117.9,   0.88482
"SCN_CN15_9494_CEI109", 13.8, 1,    5600.83,   -5.5,   0.70297, 2,    5600.83, -125.5,   0.70296, 3,    5600.82,  114.5,   0.70296
"SCN_CN15_9096_CEI77A_ATV", 13.8, 1,     7049.7,   -2.1,   0.88481, 2,     7049.7, -122.1,   0.88481, 3,     7049.7,  117.9,   0.88481
"SCN_CN15_9097_CEI77A_ATV", 13.8, 1,    7049.39,   -2.1,   0.88478, 2,    7049.39, -122.1,   0.88477, 3,    7049.39,  117.9,   0.88478
"SCN_CN15_9098_CEI77A_ATV", 13.8, 1,    7049.02,   -2.1,   0.88473, 2,    7049.02, -122.1,   0.88473, 3,    7049.02,  117.9,   0.88473
"SCN_CN15_9099_CEI77A_ATV", 13.8, 1,    7048.71,   -2.1,   0.88469, 2,    7048.71, -122.1,   0.88469, 3,    7048.71,  117.9,   0.88469
"SCN_CN15_9042_CEI160_ATV", 13.8, 1,    6968.34,   -2.2,    0.8746, 2,    6968.34, -122.2,    0.8746, 3,    6968.34,  117.8,    0.8746
"SCN_CN15_9048_CEI160_ATV", 13.8, 1,    6968.51,   -2.2,   0.87462, 2,     6968.5, -122.2,   0.87462, 3,     6968.5,  117.8,   0.87462
"SCN_CN15_9049_CEI160_ATV", 13.8, 1,    6968.61,   -2.2,   0.87464, 2,    6968.61, -122.2,   0.87464, 3,    6968.61,  117.8,   0.87464
"SCN_CN15_9005_CEIRJ012_ATV", 13.8, 1,    6969.34,   -2.2,   0.87473, 2,    6969.33, -122.2,   0.87473, 3,    6969.33,  117.8,   0.87473
"SCN_CN15_9004_CEIRJ012_ATV", 13.8, 1,    6969.09,   -2.2,    0.8747, 2,    6969.09, -122.2,    0.8747, 3,    6969.09,  117.8,    0.8747
"SCN_CN15_9496_CEI109", 13.8, 1,    5600.79,   -5.5,   0.70296, 2,    5600.78, -125.5,   0.70296, 3,    5600.78,  114.5,   0.70296
"SCN_CN15_9015_CEI077_ATV", 13.8, 1,    6972.66,   -2.2,   0.87514, 2,    6972.65, -122.2,   0.87514, 3,    6972.66,  117.8,   0.87514
"SCN_CN15_9013_CEI077_ATV", 13.8, 1,    6974.16,   -2.2,   0.87533, 2,    6974.15, -122.2,   0.87533, 3,    6974.16,  117.8,   0.87533
"SCN_CN15_9014_CEI077_ATV_S", 13.8, 1,    6972.87,   -2.2,   0.87517, 2,    6972.86, -122.2,   0.87517, 3,    6972.86,  117.8,   0.87517
"SCN_CN15_9011_CEI077_ATV", 13.8, 1,     6975.1,   -2.2,   0.87545, 2,     6975.1, -122.2,   0.87545, 3,     6975.1,  117.8,   0.87545
"SCN_CN15_9010_CEI077_ATV", 13.8, 1,    6976.17,   -2.2,   0.87559, 2,    6976.17, -122.2,   0.87559, 3,    6976.17,  117.8,   0.87559
"SCN_CN15_9016_CEI077_ATV", 13.8, 1,    7005.87,   -2.1,   0.87931, 2,    7005.87, -122.1,   0.87931, 3,    7005.87,  117.9,   0.87931
"SCN_CN15_9018_CEI077_ATV", 13.8, 1,    7036.29,   -2.1,   0.88313, 2,    7036.28, -122.1,   0.88313, 3,    7036.28,  117.9,   0.88313
"SCN_CN15_9017_CEI077_ATV", 13.8, 1,     7005.8,   -2.1,    0.8793, 2,    7005.79, -122.1,    0.8793, 3,    7005.79,  117.9,    0.8793
"SCN_CN15_9129_CEI77A_ATV_S", 13.8, 1,    7068.87,   -2.0,   0.88722, 2,    7068.87, -122.0,   0.88722, 3,    7068.87,  118.0,   0.88722
"SCN_CN15_9019_CEI077_ATV", 13.8, 1,    7035.12,   -2.1,   0.88298, 2,    7035.12, -122.1,   0.88298, 3,    7035.12,  117.9,   0.88298
"SCN_CN15_9497_CEI109", 13.8, 1,    5600.75,   -5.5,   0.70296, 2,    5600.74, -125.5,   0.70295, 3,    5600.74,  114.5,   0.70295
"SCN_CN15_9020_CEI077_ATV", 13.8, 1,    7033.69,   -2.1,   0.88281, 2,    7033.69, -122.1,    0.8828, 3,    7033.69,  117.9,    0.8828
"SCN_CN15_9022_CEI077_ATV", 13.8, 1,    7032.44,   -2.1,   0.88265, 2,    7032.44, -122.1,   0.88265, 3,    7032.44,  117.9,   0.88265
"SCN_CN15_9023_CEI077_ATV", 13.8, 1,    7031.51,   -2.1,   0.88253, 2,    7031.51, -122.1,   0.88253, 3,    7031.51,  117.9,   0.88253
"SCN_CN15_9024_CEI077_ATV", 13.8, 1,    7031.42,   -2.1,   0.88252, 2,    7031.42, -122.1,   0.88252, 3,    7031.42,  117.9,   0.88252
"SCN_CN15_9021_CEI077_ATV", 13.8, 1,    7032.09,   -2.1,    0.8826, 2,    7032.09, -122.1,    0.8826, 3,    7032.09,  117.9,    0.8826
"SCN_CN15_9025_CEI077_ATV", 13.8, 1,    7030.78,   -2.1,   0.88244, 2,    7030.77, -122.1,   0.88244, 3,    7030.77,  117.9,   0.88244
"SCN_CN15_9027_CEI077_ATV", 13.8, 1,    7029.88,   -2.1,   0.88233, 2,    7029.87, -122.1,   0.88233, 3,    7029.87,  117.9,   0.88233
"SCN_CN15_9028_CEI077_ATV", 13.8, 1,    7029.79,   -2.1,   0.88232, 2,    7029.79, -122.1,   0.88232, 3,    7029.79,  117.9,   0.88232
"SCN_CN15_9026_CEI077_ATV", 13.8, 1,    7029.86,   -2.1,   0.88232, 2,    7029.86, -122.1,   0.88232, 3,    7029.86,  117.9,   0.88232
"SCN_CN15_9498_CEI109", 13.8, 1,    5600.71,   -5.5,   0.70295, 2,     5600.7, -125.5,   0.70295, 3,     5600.7,  114.5,   0.70295
"SCN_CN15_9040_CEI160_ATV", 13.8, 1,    7029.36,   -2.1,   0.88226, 2,    7029.35, -122.1,   0.88226, 3,    7029.36,  117.9,   0.88226
"SCN_CN15_9041_CEI160_ATV", 13.8, 1,    7029.47,   -2.1,   0.88228, 2,    7029.47, -122.1,   0.88228, 3,    7029.47,  117.9,   0.88228
"SCN_CN15_9039_CEI160_ATV", 13.8, 1,    7029.29,   -2.1,   0.88225, 2,    7029.29, -122.1,   0.88225, 3,    7029.29,  117.9,   0.88225
"SCN_CN15_9030_CEI077_ATV", 13.8, 1,    7029.66,   -2.1,    0.8823, 2,    7029.65, -122.1,    0.8823, 3,    7029.65,  117.9,    0.8823
"SCN_CN15_9029_CEI077_ATV", 13.8, 1,    7029.45,   -2.1,   0.88227, 2,    7029.45, -122.1,   0.88227, 3,    7029.45,  117.9,   0.88227
"SCN_CN15_9129_CEI77A_ATV", 13.8, 1,    7068.87,   -2.0,   0.88722, 2,    7068.87, -122.0,   0.88722, 3,    7068.87,  118.0,   0.88722
"SCN_CN15_9130_CEI77A_ATV", 13.8, 1,    7075.16,   -2.0,   0.88801, 2,    7075.16, -122.0,   0.88801, 3,    7075.16,  118.0,   0.88801
"SCN_CN15_9002_CEI077", 13.8, 1,    7083.85,   -2.0,    0.8891, 2,    7083.85, -122.0,    0.8891, 3,    7083.85,  118.0,    0.8891
"SCN_CN15_9132_CEI77A_ATV_S", 13.8, 1,    7110.26,   -1.9,   0.89242, 2,    7110.26, -121.9,   0.89241, 3,    7110.26,  118.1,   0.89242
"SCN_CN15_9132_CEI77A_ATV", 13.8, 1,    7110.26,   -1.9,   0.89242, 2,    7110.26, -121.9,   0.89241, 3,    7110.26,  118.1,   0.89242
"SCN_CN15_9133_CEI77A_ATV", 13.8, 1,    7110.24,   -1.9,   0.89241, 2,    7110.24, -121.9,   0.89241, 3,    7110.24,  118.1,   0.89241
"SCN_CN15_9134_CEI77A_ATV", 13.8, 1,    7144.97,   -1.9,   0.89677, 2,    7144.96, -121.9,   0.89677, 3,    7144.96,  118.1,   0.89677
"SCN_CN15_9135_CEI77A_ATV", 13.8, 1,    7179.98,   -1.8,   0.90117, 2,    7179.97, -121.8,   0.90117, 3,    7179.98,  118.2,   0.90117
"SCN_CN15_9499_CEI109", 13.8, 1,    5600.64,   -5.5,   0.70294, 2,    5600.63, -125.5,   0.70294, 3,    5600.63,  114.5,   0.70294
"SCN_CN15_9136_CEI77A_ATV", 13.8, 1,    7179.89,   -1.8,   0.90115, 2,    7179.89, -121.8,   0.90115, 3,    7179.89,  118.2,   0.90115
"SCN_CN15_9204_CEI230_ATV", 13.8, 1,    5581.08,   -5.5,   0.70049, 2,    5581.08, -125.5,   0.70049, 3,    5581.07,  114.5,   0.70049
"SCN_CN15_9429_CEI109", 13.8, 1,    5659.97,   -5.2,   0.71039, 2,    5659.96, -125.2,   0.71039, 3,    5659.96,  114.8,   0.71039
"SCN_CN15_9203_CEI230_ATV", 13.8, 1,    5581.08,   -5.5,   0.70049, 2,    5581.08, -125.5,   0.70049, 3,    5581.07,  114.5,   0.70049
"SCN_CN15_9202_CEI230_ATV", 13.8, 1,    5581.08,   -5.5,   0.70049, 2,    5581.08, -125.5,   0.70049, 3,    5581.07,  114.5,   0.70049
"SCN_CN15_9205_CEI230_ATV", 13.8, 1,    5581.08,   -5.5,   0.70049, 2,    5581.07, -125.5,   0.70049, 3,    5581.07,  114.5,   0.70048
"SCN_CN15_9189_CEI230_ATV", 13.8, 1,    5580.73,   -5.5,   0.70044, 2,    5580.72, -125.5,   0.70044, 3,    5580.72,  114.5,   0.70044
"SCN_CN15_9188_CEI230_ATV", 13.8, 1,    5580.73,   -5.5,   0.70044, 2,    5580.72, -125.5,   0.70044, 3,    5580.72,  114.5,   0.70044
"SCN_CN15_9191_CEI230_ATV", 13.8, 1,    5580.45,   -5.5,   0.70041, 2,    5580.44, -125.5,   0.70041, 3,    5580.44,  114.5,   0.70041
"SCN_CN15_9192_CEI230_ATV", 13.8, 1,    5580.41,   -5.5,    0.7004, 2,     5580.4, -125.5,    0.7004, 3,     5580.4,  114.5,    0.7004
"SCN_CN15_9193_CEI230_ATV", 13.8, 1,     5580.4,   -5.5,    0.7004, 2,    5580.39, -125.5,    0.7004, 3,    5580.39,  114.5,    0.7004
"SCN_CN15_9190_CEI230_ATV", 13.8, 1,    5580.42,   -5.5,    0.7004, 2,    5580.41, -125.5,    0.7004, 3,    5580.41,  114.5,    0.7004
"SCN_CN15_9194_CEI230_ATV", 13.8, 1,    5580.31,   -5.5,   0.70039, 2,     5580.3, -125.5,   0.70039, 3,     5580.3,  114.5,   0.70039
"SCN_CN15_9017_CEI220_ATV", 13.8, 1,    5659.91,   -5.2,   0.71038, 2,     5659.9, -125.2,   0.71038, 3,     5659.9,  114.8,   0.71038
"SCN_CN15_9195_CEI230_ATV", 13.8, 1,    5580.26,   -5.5,   0.70038, 2,    5580.25, -125.5,   0.70038, 3,    5580.25,  114.5,   0.70038
"SCN_CN15_9071_CEIRJ006_ATV", 13.8, 1,     5580.4,   -5.5,    0.7004, 2,    5580.39, -125.5,    0.7004, 3,    5580.39,  114.5,    0.7004
"SCN_CN15_9070_CEIRJ006_ATV", 13.8, 1,    5580.25,   -5.5,   0.70038, 2,    5580.25, -125.5,   0.70038, 3,    5580.24,  114.5,   0.70038
"SCN_CN15_9020_CEIRJ013_ATV", 13.8, 1,    5855.73,   -4.4,   0.73496, 2,    5855.72, -124.4,   0.73496, 3,    5855.72,  115.6,   0.73496
"SCN_CN15_9143_CEI69B_S", 13.8, 1,    5853.86,   -4.4,   0.73472, 2,    5853.85, -124.4,   0.73472, 3,    5853.85,  115.6,   0.73472
"SCN_CN15_9036_CEI160_ATV", 13.8, 1,    5855.72,   -4.4,   0.73496, 2,    5855.71, -124.4,   0.73496, 3,    5855.71,  115.6,   0.73496
"SCN_CN15_9037_CEI160_ATV", 13.8, 1,    5855.69,   -4.4,   0.73495, 2,    5855.68, -124.4,   0.73495, 3,    5855.68,  115.6,   0.73495
"SCN_CN15_9141_CEI69B", 13.8, 1,    5857.68,   -4.4,    0.7352, 2,    5857.67, -124.4,    0.7352, 3,    5857.67,  115.6,    0.7352
"SCN_CN15_9144_CEI69B", 13.8, 1,    5860.35,   -4.4,   0.73554, 2,    5860.34, -124.4,   0.73554, 3,    5860.34,  115.6,   0.73554
"SCN_CN15_9146_CEI69B", 13.8, 1,    5860.34,   -4.4,   0.73554, 2,    5860.33, -124.4,   0.73554, 3,    5860.33,  115.6,   0.73554
"SCN_CN15_9433_CEI109", 13.8, 1,     5659.8,   -5.2,   0.71037, 2,    5659.79, -125.2,   0.71037, 3,    5659.79,  114.8,   0.71037
"SCN_CN15_9145_CEI69B", 13.8, 1,    5860.33,   -4.4,   0.73554, 2,    5860.32, -124.4,   0.73553, 3,    5860.32,  115.6,   0.73553
"SCN_CN15_9151_CEI69B", 13.8, 1,     5862.1,   -4.4,   0.73576, 2,     5862.1, -124.4,   0.73576, 3,     5862.1,  115.6,   0.73576
"SCN_CN15_9153_CEI69B", 13.8, 1,    5865.31,   -4.3,   0.73616, 2,     5865.3, -124.3,   0.73616, 3,     5865.3,  115.7,   0.73616
"SCN_CN15_9187_CEI69B", 13.8, 1,    5864.81,   -4.3,    0.7361, 2,     5864.8, -124.3,    0.7361, 3,     5864.8,  115.7,    0.7361
"SCN_CN15_9186_CEI69B", 13.8, 1,    5864.51,   -4.3,   0.73606, 2,     5864.5, -124.3,   0.73606, 3,     5864.5,  115.7,   0.73606
"SCN_CN15_9185_CEI69B", 13.8, 1,    5864.23,   -4.3,   0.73602, 2,    5864.22, -124.3,   0.73602, 3,    5864.22,  115.7,   0.73602
"SCN_CN15_9184_CEI69B", 13.8, 1,    5863.85,   -4.4,   0.73598, 2,    5863.84, -124.4,   0.73598, 3,    5863.84,  115.6,   0.73598
"SCN_CN15_9183_CEI69B", 13.8, 1,    5863.47,   -4.4,   0.73593, 2,    5863.46, -124.4,   0.73593, 3,    5863.46,  115.6,   0.73593
"SCN_CN15_9182_CEI69B", 13.8, 1,     5863.1,   -4.4,   0.73588, 2,    5863.09, -124.4,   0.73588, 3,    5863.09,  115.6,   0.73588
"SCN_CN15_9018_CEI220_ATV", 13.8, 1,    5659.68,   -5.2,   0.71035, 2,    5659.67, -125.2,   0.71035, 3,    5659.67,  114.8,   0.71035
"SCN_CN15_9181_CEI69B", 13.8, 1,    5862.72,   -4.4,   0.73584, 2,    5862.72, -124.4,   0.73583, 3,    5862.72,  115.6,   0.73583
"SCN_CN15_9180_CEI69B", 13.8, 1,    5862.34,   -4.4,   0.73579, 2,    5862.33, -124.4,   0.73579, 3,    5862.33,  115.6,   0.73579
"SCN_CN15_9179_CEI69B_S", 13.8, 1,    5861.98,   -4.4,   0.73574, 2,    5861.97, -124.4,   0.73574, 3,    5861.97,  115.6,   0.73574
"SCN_CN15_9098_CEI201_ATV", 13.8, 1,    5861.96,   -4.4,   0.73574, 2,    5861.95, -124.4,   0.73574, 3,    5861.95,  115.6,   0.73574
"SCN_CN15_9179_CEI69B", 13.8, 1,    5861.98,   -4.4,   0.73574, 2,    5861.97, -124.4,   0.73574, 3,    5861.97,  115.6,   0.73574
"SCN_CN15_9189_CEI69B", 13.8, 1,    5861.94,   -4.4,   0.73574, 2,    5861.93, -124.4,   0.73574, 3,    5861.93,  115.6,   0.73574
"SCN_CN15_9178_CEI69B", 13.8, 1,    5861.63,   -4.4,    0.7357, 2,    5861.62, -124.4,    0.7357, 3,    5861.62,  115.6,    0.7357
"SCN_CN15_9177_CEI69B", 13.8, 1,    5861.29,   -4.4,   0.73566, 2,    5861.28, -124.4,   0.73566, 3,    5861.28,  115.6,   0.73566
"SCN_CN15_9176_CEI69B", 13.8, 1,    5860.97,   -4.4,   0.73562, 2,    5860.96, -124.4,   0.73561, 3,    5860.96,  115.6,   0.73561
"SCN_CN15_9175_CEI69B", 13.8, 1,     5860.6,   -4.4,   0.73557, 2,    5860.59, -124.4,   0.73557, 3,    5860.59,  115.6,   0.73557
"SCN_CN15_9171_CEI69B", 13.8, 1,    5860.28,   -4.4,   0.73553, 2,    5860.27, -124.4,   0.73553, 3,    5860.27,  115.6,   0.73553
"SCN_CN15_9436_CEI109", 13.8, 1,    5659.59,   -5.2,   0.71034, 2,    5659.58, -125.2,   0.71034, 3,    5659.58,  114.8,   0.71034
"SCN_CN15_9170_CEI69B", 13.8, 1,    5860.27,   -4.4,   0.73553, 2,    5860.26, -124.4,   0.73553, 3,    5860.26,  115.6,   0.73553
"SCN_CN15_9172_CEI69B", 13.8, 1,     5859.9,   -4.4,   0.73548, 2,    5859.89, -124.4,   0.73548, 3,    5859.89,  115.6,   0.73548
"SCN_CN15_9174_CEI69B", 13.8, 1,    5860.51,   -4.4,   0.73556, 2,    5860.51, -124.4,   0.73556, 3,    5860.51,  115.6,   0.73556
"SCN_CN15_9126_CEI201_ATV", 13.8, 1,    5859.67,   -4.4,   0.73545, 2,    5859.66, -124.4,   0.73545, 3,    5859.66,  115.6,   0.73545
"SCN_CN15_9008_CEI220_ATV_S", 13.8, 1,    5859.61,   -4.4,   0.73545, 2,     5859.6, -124.4,   0.73544, 3,     5859.6,  115.6,   0.73544
"SCN_CN15_9173_CEI69B", 13.8, 1,    5860.42,   -4.4,   0.73555, 2,    5860.41, -124.4,   0.73555, 3,    5860.41,  115.6,   0.73555
"SCN_CN15_9120_CEI201_ATV", 13.8, 1,    5860.32,   -4.4,   0.73553, 2,    5860.31, -124.4,   0.73553, 3,    5860.31,  115.6,   0.73553
"SCN_CN15_9002_CEI220_ATV", 13.8, 1,    5860.22,   -4.4,   0.73552, 2,    5860.21, -124.4,   0.73552, 3,    5860.21,  115.6,   0.73552
"SCN_CN15_9181_CEI69A", 13.8, 1,    5859.66,   -4.4,   0.73545, 2,    5859.65, -124.4,   0.73545, 3,    5859.65,  115.6,   0.73545
"SCN_CN15_9125_CEI201_ATV", 13.8, 1,    5859.76,   -4.4,   0.73546, 2,    5859.75, -124.4,   0.73546, 3,    5859.75,  115.6,   0.73546
"SCN_CN15_9437_CEI109", 13.8, 1,    5659.55,   -5.2,   0.71034, 2,    5659.54, -125.2,   0.71033, 3,    5659.54,  114.8,   0.71033
"SCN_CN15_9128_CEI201_ATV", 13.8, 1,    5859.53,   -4.4,   0.73543, 2,    5859.52, -124.4,   0.73543, 3,    5859.52,  115.6,   0.73543
"SCN_CN15_9185_CEI69A", 13.8, 1,    5859.44,   -4.4,   0.73542, 2,    5859.44, -124.4,   0.73542, 3,    5859.44,  115.6,   0.73542
"SCN_CN15_9195_CEI69A", 13.8, 1,    5859.42,   -4.4,   0.73542, 2,    5859.41, -124.4,   0.73542, 3,    5859.41,  115.6,   0.73542
"SCN_CN15_9196_CEI69A", 13.8, 1,    5859.38,   -4.4,   0.73542, 2,    5859.37, -124.4,   0.73541, 3,    5859.37,  115.6,   0.73541
"SCN_CN15_9197_CEI69A", 13.8, 1,    5859.35,   -4.4,   0.73541, 2,    5859.34, -124.4,   0.73541, 3,    5859.34,  115.6,   0.73541
"SCN_CN15_9198_CEI69A", 13.8, 1,     5859.3,   -4.4,   0.73541, 2,     5859.3, -124.4,   0.73541, 3,     5859.3,  115.6,   0.73541
"SCN_CN15_9035_CEI160_ATV", 13.8, 1,    5859.71,   -4.4,   0.73546, 2,     5859.7, -124.4,   0.73546, 3,     5859.7,  115.6,   0.73546
"SCN_CN15_9050_CEI69B", 13.8, 1,     5873.4,   -4.3,   0.73718, 2,    5873.39, -124.3,   0.73718, 3,    5873.39,  115.7,   0.73718
"SCN_CN15_9153_CEI69B_S", 13.8, 1,    5865.31,   -4.3,   0.73616, 2,     5865.3, -124.3,   0.73616, 3,     5865.3,  115.7,   0.73616
"SCN_CN15_9458_CEI109", 13.8, 1,     5659.5,   -5.2,   0.71033, 2,    5659.49, -125.2,   0.71033, 3,    5659.49,  114.8,   0.71033
"SCN_CN15_9051_CEI69B", 13.8, 1,    5873.39,   -4.3,   0.73717, 2,    5873.38, -124.3,   0.73717, 3,    5873.38,  115.7,   0.73717
"SCN_CN15_9049_CEI69B", 13.8, 1,    5876.58,   -4.3,   0.73757, 2,    5876.57, -124.3,   0.73757, 3,    5876.57,  115.7,   0.73757
"SCN_CN15_9048_CEI69B", 13.8, 1,    5879.18,   -4.3,    0.7379, 2,    5879.17, -124.3,    0.7379, 3,    5879.17,  115.7,    0.7379
"SCN_CN15_9047_CEI69B", 13.8, 1,    5881.59,   -4.3,    0.7382, 2,    5881.58, -124.3,    0.7382, 3,    5881.58,  115.7,    0.7382
"SCN_CN15_9145_CEI201_ATV", 13.8, 1,    5881.57,   -4.3,    0.7382, 2,    5881.56, -124.3,    0.7382, 3,    5881.56,  115.7,    0.7382
"SCN_CN15_9144_CEI201_ATV", 13.8, 1,    5881.55,   -4.3,    0.7382, 2,    5881.54, -124.3,    0.7382, 3,    5881.54,  115.7,    0.7382
"SCN_CN15_9143_CEI201_ATV", 13.8, 1,    5881.53,   -4.3,    0.7382, 2,    5881.52, -124.3,   0.73819, 3,    5881.52,  115.7,   0.73819
"SCN_CN15_9046_CEI69B", 13.8, 1,    5884.19,   -4.3,   0.73853, 2,    5884.18, -124.3,   0.73853, 3,    5884.18,  115.7,   0.73853
"SCN_CN15_9047_CEI69B_S", 13.8, 1,    5881.59,   -4.3,    0.7382, 2,    5881.58, -124.3,    0.7382, 3,    5881.58,  115.7,    0.7382
"SCN_CN15_9045_CEI69B", 13.8, 1,     5886.9,   -4.3,   0.73887, 2,    5886.89, -124.3,   0.73887, 3,    5886.89,  115.7,   0.73887
"SCN_CN15_9044_CEI69B", 13.8, 1,    5890.26,   -4.3,   0.73929, 2,    5890.25, -124.3,   0.73929, 3,    5890.25,  115.7,   0.73929
"SCN_CN15_9457_CEI109", 13.8, 1,    5659.44,   -5.2,   0.71032, 2,    5659.43, -125.2,   0.71032, 3,    5659.43,  114.8,   0.71032
"SCN_CN15_9043_CEI69B", 13.8, 1,    5892.61,   -4.3,   0.73959, 2,     5892.6, -124.3,   0.73959, 3,     5892.6,  115.7,   0.73959
"SCN_CN15_9041_CEI69B", 13.8, 1,    5893.54,   -4.3,    0.7397, 2,    5893.54, -124.3,    0.7397, 3,    5893.54,  115.7,    0.7397
"SCN_CN15_9147_CEI201_ATV", 13.8, 1,    5893.53,   -4.3,    0.7397, 2,    5893.52, -124.3,    0.7397, 3,    5893.52,  115.7,    0.7397
"SCN_CN15_9090_CEI201_ATV", 13.8, 1,    5893.93,   -4.3,   0.73975, 2,    5893.92, -124.3,   0.73975, 3,    5893.92,  115.7,   0.73975
"SCN_CN15_9040_CEI69B", 13.8, 1,    5896.76,   -4.3,   0.74011, 2,    5896.75, -124.3,   0.74011, 3,    5896.75,  115.7,   0.74011
"SCN_CN15_9094_CEI201_ATV", 13.8, 1,    5900.27,   -4.3,   0.74055, 2,    5900.27, -124.3,   0.74055, 3,    5900.27,  115.7,   0.74055
"SCN_CN15_9039_CEI69B", 13.8, 1,    5900.25,   -4.3,   0.74055, 2,    5900.24, -124.3,   0.74055, 3,    5900.25,  115.7,   0.74055
"SCN_CN15_9036_CEI69B", 13.8, 1,    5903.67,   -4.2,   0.74098, 2,    5903.66, -124.2,   0.74097, 3,    5903.66,  115.8,   0.74097
"SCN_CN15_9094_CEI201_ATV_S", 13.8, 1,    5900.27,   -4.3,   0.74055, 2,    5900.27, -124.3,   0.74055, 3,    5900.27,  115.7,   0.74055
"SCN_CN15_9035_CEI69B", 13.8, 1,    5907.06,   -4.2,    0.7414, 2,    5907.05, -124.2,    0.7414, 3,    5907.05,  115.8,    0.7414
"SCN_CN15_9034_CEI69B", 13.8, 1,    5910.36,   -4.2,   0.74182, 2,    5910.36, -124.2,   0.74181, 3,    5910.36,  115.8,   0.74181
"SCN_CN15_9456_CEI109", 13.8, 1,    5659.39,   -5.2,   0.71032, 2,    5659.38, -125.2,   0.71031, 3,    5659.38,  114.8,   0.71031
"SCN_CN15_9033_CEI69B", 13.8, 1,    5913.76,   -4.2,   0.74224, 2,    5913.75, -124.2,   0.74224, 3,    5913.75,  115.8,   0.74224
"SCN_CN15_9032_CEI69B_S", 13.8, 1,    5917.03,   -4.2,   0.74265, 2,    5917.02, -124.2,   0.74265, 3,    5917.02,  115.8,   0.74265
"SCN_CN15_9031_CEI69B", 13.8, 1,    5920.59,   -4.2,    0.7431, 2,    5920.58, -124.2,    0.7431, 3,    5920.58,  115.8,    0.7431
"SCN_CN15_9030_CEI69B", 13.8, 1,    5923.91,   -4.2,   0.74352, 2,     5923.9, -124.2,   0.74351, 3,     5923.9,  115.8,   0.74351
"SCN_CN15_9029_CEI69B", 13.8, 1,    5927.34,   -4.2,   0.74395, 2,    5927.33, -124.2,   0.74394, 3,    5927.33,  115.8,   0.74394
"SCN_CN15_9028_CEI69B", 13.8, 1,     5934.2,   -4.2,   0.74481, 2,    5934.19, -124.2,   0.74481, 3,    5934.19,  115.8,   0.74481
"SCN_CN15_9027_CEI69B", 13.8, 1,    5937.55,   -4.2,   0.74523, 2,    5937.54, -124.2,   0.74523, 3,    5937.54,  115.8,   0.74523
"SCN_CN15_9026_CEI69B", 13.8, 1,    5941.05,   -4.2,   0.74567, 2,    5941.04, -124.2,   0.74567, 3,    5941.04,  115.8,   0.74567
"SCN_CN15_9025_CEI69B", 13.8, 1,    5944.59,   -4.1,   0.74611, 2,    5944.58, -124.1,   0.74611, 3,    5944.58,  115.9,   0.74611
"SCN_CN15_9024_CEI69B", 13.8, 1,    5947.89,   -4.1,   0.74653, 2,    5947.88, -124.1,   0.74652, 3,    5947.88,  115.9,   0.74652
"SCN_CN15_9455_CEI109", 13.8, 1,    5659.36,   -5.2,   0.71031, 2,    5659.35, -125.2,   0.71031, 3,    5659.35,  114.8,   0.71031
"SCN_CN15_9023_CEI69B", 13.8, 1,    5951.24,   -4.1,   0.74695, 2,    5951.23, -124.1,   0.74694, 3,    5951.23,  115.9,   0.74694
"SCN_CN15_9022_CEI69B", 13.8, 1,     5954.6,   -4.1,   0.74737, 2,    5954.59, -124.1,   0.74737, 3,    5954.59,  115.9,   0.74737
"SCN_CN15_9021_CEI69B", 13.8, 1,    5958.06,   -4.1,    0.7478, 2,    5958.05, -124.1,    0.7478, 3,    5958.05,  115.9,    0.7478
"SCN_CN15_9020_CEI69B", 13.8, 1,    5961.49,   -4.1,   0.74823, 2,    5961.49, -124.1,   0.74823, 3,    5961.49,  115.9,   0.74823
"SCN_CN15_9106_CEI220_ATV", 13.8, 1,    5754.41,   -4.9,   0.72224, 2,    5754.41, -124.9,   0.72224, 3,    5754.41,  115.1,   0.72224
"SCN_CN15_9112_CEI220_ATV", 13.8, 1,     5754.4,   -4.9,   0.72224, 2,    5754.39, -124.9,   0.72224, 3,    5754.39,  115.1,   0.72224
"SCN_CN15_9104_CEI220_ATV", 13.8, 1,    5754.35,   -4.9,   0.72223, 2,    5754.34, -124.9,   0.72223, 3,    5754.34,  115.1,   0.72223
"SCN_CN15_9105_CEI220_ATV", 13.8, 1,    5754.38,   -4.9,   0.72224, 2,    5754.37, -124.9,   0.72224, 3,    5754.37,  115.1,   0.72224
"SCN_CN15_9197_CEI69B", 13.8, 1,    5836.63,   -4.4,   0.73256, 2,    5836.62, -124.4,   0.73256, 3,    5836.62,  115.6,   0.73256
"SCN_CN15_9107_CEI201_ATV", 13.8, 1,    5836.61,   -4.4,   0.73256, 2,     5836.6, -124.4,   0.73256, 3,     5836.6,  115.6,   0.73256
"SCN_CN15_9023_CEI201_ATV", 13.8, 1,    5594.21,   -5.5,   0.70213, 2,     5594.2, -125.5,   0.70213, 3,     5594.2,  114.5,   0.70213
"SCN_CN15_9359_CEI109", 13.8, 1,    5593.03,   -5.5,   0.70199, 2,    5593.02, -125.5,   0.70199, 3,    5593.02,  114.5,   0.70199
"SCN_CN15_9360_CEI109", 13.8, 1,    5592.98,   -5.5,   0.70198, 2,    5592.97, -125.5,   0.70198, 3,    5592.97,  114.5,   0.70198
"SCN_CN15_9137_CEI77A_ATV", 13.8, 1,    7179.68,   -1.8,   0.90113, 2,    7179.68, -121.8,   0.90113, 3,    7179.68,  118.2,   0.90113
"SCN_CN15_9138_CEI77A_ATV", 13.8, 1,    7179.48,   -1.8,    0.9011, 2,    7179.47, -121.8,    0.9011, 3,    7179.47,  118.2,    0.9011
"SCN_CN15_9139_CEI77A_ATV", 13.8, 1,    7179.22,   -1.8,   0.90107, 2,    7179.21, -121.8,   0.90107, 3,    7179.21,  118.2,   0.90107
"SCN_CN15_9140_CEI77A_ATV", 13.8, 1,    7179.01,   -1.8,   0.90104, 2,    7179.01, -121.8,   0.90104, 3,    7179.01,  118.2,   0.90104
"SCN_CN15_9141_CEI77A_ATV", 13.8, 1,     7178.8,   -1.8,   0.90102, 2,     7178.8, -121.8,   0.90102, 3,     7178.8,  118.2,   0.90102
"SCN_CN15_9142_CEI77A_ATV", 13.8, 1,    7178.54,   -1.8,   0.90099, 2,    7178.54, -121.8,   0.90099, 3,    7178.54,  118.2,   0.90099
"SCN_CN15_9143_CEI77A_ATV", 13.8, 1,    7178.44,   -1.8,   0.90097, 2,    7178.43, -121.8,   0.90097, 3,    7178.43,  118.2,   0.90097
"SCN_CN15_9144_CEI77A_ATV", 13.8, 1,    7178.33,   -1.8,   0.90096, 2,    7178.32, -121.8,   0.90096, 3,    7178.32,  118.2,   0.90096
"SCN_CN15_9145_CEI77A_ATV", 13.8, 1,    7178.22,   -1.8,   0.90095, 2,    7178.22, -121.8,   0.90094, 3,    7178.22,  118.2,   0.90094
"SCN_CN15_9500_CEI109", 13.8, 1,    5600.58,   -5.5,   0.70293, 2,    5600.57, -125.5,   0.70293, 3,    5600.57,  114.5,   0.70293
"SCN_CN15_9146_CEI77A_ATV", 13.8, 1,    7178.09,   -1.8,   0.90093, 2,    7178.09, -121.8,   0.90093, 3,    7178.09,  118.2,   0.90093
"SCN_CN15_9150_CEI77A_ATV", 13.8, 1,    7178.09,   -1.8,   0.90093, 2,    7178.09, -121.8,   0.90093, 3,    7178.09,  118.2,   0.90093
"SCN_CN15_9147_CEI77A_ATV", 13.8, 1,       7178,   -1.8,   0.90092, 2,    7177.99, -121.8,   0.90092, 3,    7177.99,  118.2,   0.90092
"SCN_CN15_9148_CEI77A_ATV", 13.8, 1,     7177.9,   -1.8,    0.9009, 2,    7177.89, -121.8,    0.9009, 3,    7177.89,  118.2,    0.9009
"SCN_CN15_9149_CEI77A_ATV", 13.8, 1,    7177.79,   -1.8,   0.90089, 2,    7177.78, -121.8,   0.90089, 3,    7177.78,  118.2,   0.90089
"SCN_CN15_9151_CEI77A_ATV", 13.8, 1,    7178.41,   -1.8,   0.90097, 2,    7178.41, -121.8,   0.90097, 3,    7178.41,  118.2,   0.90097
"SCN_CN15_9152_CEI77A_ATV", 13.8, 1,    7178.29,   -1.8,   0.90095, 2,    7178.29, -121.8,   0.90095, 3,    7178.29,  118.2,   0.90095
"SCN_CN15_9153_CEI77A_ATV", 13.8, 1,    7178.18,   -1.8,   0.90094, 2,    7178.18, -121.8,   0.90094, 3,    7178.18,  118.2,   0.90094
"SCN_CN15_9192_CEI77A_ATV", 13.8, 1,    7809.38,   -0.6,   0.98016, 2,    7809.38, -120.6,   0.98016, 3,    7809.38,  119.4,   0.98016
"SCN_CN15_9193_CEI77A_ATV", 13.8, 1,    7809.24,   -0.6,   0.98014, 2,    7809.24, -120.6,   0.98014, 3,    7809.24,  119.4,   0.98014
"SCN_CN15_9501_CEI109", 13.8, 1,    5600.52,   -5.5,   0.70293, 2,    5600.51, -125.5,   0.70292, 3,    5600.51,  114.5,   0.70292
"SCN_CN15_9189_CEI77A_ATV", 13.8, 1,    7782.57,   -0.7,    0.9768, 2,    7782.57, -120.7,    0.9768, 3,    7782.57,  119.3,    0.9768
"SCN_CN15_9188_CEI77A_ATV", 13.8, 1,    7757.42,   -0.7,   0.97364, 2,    7757.42, -120.7,   0.97364, 3,    7757.42,  119.3,   0.97364
"SCN_CN15_9186_CEI77A_ATV", 13.8, 1,    7728.09,   -0.8,   0.96996, 2,    7728.09, -120.8,   0.96996, 3,    7728.09,  119.2,   0.96996
"SCN_CN15_9187_CEI77A_ATV", 13.8, 1,    7728.06,   -0.8,   0.96996, 2,    7728.06, -120.8,   0.96996, 3,    7728.06,  119.2,   0.96996
"SCN_CN15_9185_CEI77A_ATV", 13.8, 1,    7695.24,   -0.9,   0.96584, 2,    7695.24, -120.9,   0.96584, 3,    7695.24,  119.1,   0.96584
"SCN_CN15_9186_CEI77A_ATV_S", 13.8, 1,    7728.09,   -0.8,   0.96996, 2,    7728.09, -120.8,   0.96996, 3,    7728.09,  119.2,   0.96996
"SCN_CN15_9184_CEI77A_ATV", 13.8, 1,     7661.8,   -1.0,   0.96164, 2,     7661.8, -121.0,   0.96164, 3,     7661.8,  119.0,   0.96164
"SCN_CN15_9183_CEI77A_ATV", 13.8, 1,    7628.84,   -1.1,    0.9575, 2,    7628.84, -121.1,    0.9575, 3,    7628.84,  118.9,    0.9575
"SCN_CN15_9184_CEI77A_ATV_S", 13.8, 1,     7661.8,   -1.0,   0.96164, 2,     7661.8, -121.0,   0.96164, 3,     7661.8,  119.0,   0.96164
"SCN_CN15_9182_CEI77A_ATV", 13.8, 1,    7593.86,   -1.1,   0.95311, 2,    7593.86, -121.1,   0.95311, 3,    7593.86,  118.9,   0.95311
"SCN_CN15_9167_CEI77A_ATV", 13.8, 1,    7559.13,   -1.2,   0.94875, 2,    7559.13, -121.2,   0.94875, 3,    7559.13,  118.8,   0.94875
"SCN_CN15_9005_CEI077", 13.8, 1,    7531.23,   -1.3,   0.94525, 2,    7531.23, -121.3,   0.94525, 3,    7531.23,  118.7,   0.94525
"SCN_CN15_9502_CEI109", 13.8, 1,    5600.45,   -5.5,   0.70292, 2,    5600.44, -125.5,   0.70292, 3,    5600.44,  114.5,   0.70292
"SCN_CN15_9004_CEI077", 13.8, 1,    7525.04,   -1.3,   0.94448, 2,    7525.04, -121.3,   0.94448, 3,    7525.04,  118.7,   0.94448
"SCN_CN15_9003_CEI077", 13.8, 1,    7514.67,   -1.3,   0.94317, 2,    7514.67, -121.3,   0.94317, 3,    7514.67,  118.7,   0.94317
"SCN_CN15_9165_CEI77A_ATV", 13.8, 1,    7473.74,   -1.4,   0.93804, 2,    7473.73, -121.4,   0.93804, 3,    7473.73,  118.6,   0.93804
"SCN_CN15_9164_CEI77A_ATV", 13.8, 1,    7430.79,   -1.4,   0.93264, 2,    7430.78, -121.4,   0.93264, 3,    7430.78,  118.6,   0.93264
"SCN_CN15_9163_CEI77A_ATV", 13.8, 1,    7412.88,   -1.5,    0.9304, 2,    7412.88, -121.5,    0.9304, 3,    7412.88,  118.5,    0.9304
"SCN_CN15_9161_CEI77A_ATV", 13.8, 1,    7368.67,   -1.5,   0.92485, 2,    7368.67, -121.5,   0.92485, 3,    7368.67,  118.5,   0.92485
"SCN_CN15_9162_CEI77A_ATV", 13.8, 1,    7368.57,   -1.5,   0.92484, 2,    7368.57, -121.5,   0.92484, 3,    7368.57,  118.5,   0.92484
"SCN_CN15_9155_CEI77A_ATV", 13.8, 1,    7240.61,   -1.7,   0.90878, 2,    7240.61, -121.7,   0.90878, 3,    7240.61,  118.3,   0.90878
"SCN_CN15_9158_CEI77A_ATV", 13.8, 1,    7279.08,   -1.7,    0.9136, 2,    7279.08, -121.7,    0.9136, 3,    7279.08,  118.3,    0.9136
"SCN_CN15_9159_CEI77A_ATV", 13.8, 1,    7306.79,   -1.7,   0.91708, 2,    7306.78, -121.7,   0.91708, 3,    7306.78,  118.3,   0.91708
"SCN_CN15_9160_CEI77A_ATV", 13.8, 1,    7330.51,   -1.6,   0.92006, 2,    7330.51, -121.6,   0.92006, 3,    7330.51,  118.4,   0.92006
"SCN_CN15_9503_CEI109", 13.8, 1,    5600.39,   -5.5,   0.70291, 2,    5600.38, -125.5,   0.70291, 3,    5600.38,  114.5,   0.70291
"SCN_CN15_9161_CEI77A_ATV_S", 13.8, 1,    7368.67,   -1.5,   0.92485, 2,    7368.67, -121.5,   0.92485, 3,    7368.67,  118.5,   0.92485
"SCN_CN15_9156_CEI77A_ATV", 13.8, 1,    7240.26,   -1.7,   0.90873, 2,    7240.26, -121.7,   0.90873, 3,    7240.26,  118.3,   0.90873
"SCN_CN15_9157_CEI77A_ATV", 13.8, 1,    7239.92,   -1.7,   0.90869, 2,    7239.92, -121.7,   0.90869, 3,    7239.92,  118.3,   0.90869
"SCN_CN15_9155_CEI77A_ATV_S", 13.8, 1,    7240.61,   -1.7,   0.90878, 2,    7240.61, -121.7,   0.90878, 3,    7240.61,  118.3,   0.90878
"SCN_CN15_9154_CEI77A_ATV", 13.8, 1,    7214.78,   -1.8,   0.90553, 2,    7214.78, -121.8,   0.90553, 3,    7214.78,  118.2,   0.90553
"SCN_CN15_9168_CEI77A_ATV", 13.8, 1,    7558.24,   -1.2,   0.94864, 2,    7558.24, -121.2,   0.94864, 3,    7558.24,  118.8,   0.94864
"SCN_CN15_9169_CEI77A_ATV", 13.8, 1,    7557.44,   -1.2,   0.94854, 2,    7557.44, -121.2,   0.94854, 3,    7557.44,  118.8,   0.94854
"SCN_CN15_9202_CEI77A_ATV", 13.8, 1,    7557.19,   -1.2,   0.94851, 2,    7557.19, -121.2,   0.94851, 3,    7557.19,  118.8,   0.94851
"SCN_CN15_9203_CEI77A_ATV", 13.8, 1,    7556.97,   -1.2,   0.94848, 2,    7556.96, -121.2,   0.94848, 3,    7556.96,  118.8,   0.94848
"SCN_CN15_9204_CEI77A_ATV", 13.8, 1,    7556.72,   -1.2,   0.94845, 2,    7556.72, -121.2,   0.94845, 3,    7556.72,  118.8,   0.94845
"SCN_CN15_9504_CEI109", 13.8, 1,    5600.32,   -5.5,    0.7029, 2,    5600.31, -125.5,    0.7029, 3,    5600.31,  114.5,    0.7029
"SCN_CN15_9213_CEI77A_ATV", 13.8, 1,    7556.65,   -1.2,   0.94844, 2,    7556.65, -121.2,   0.94844, 3,    7556.65,  118.8,   0.94844
"SCN_CN15_9214_CEI77A_ATV", 13.8, 1,    7556.59,   -1.2,   0.94843, 2,    7556.59, -121.2,   0.94843, 3,    7556.59,  118.8,   0.94843
"SCN_CN15_9215_CEI77A_ATV", 13.8, 1,    7556.56,   -1.2,   0.94843, 2,    7556.56, -121.2,   0.94843, 3,    7556.56,  118.8,   0.94843
"SCN_CN15_9216_CEI77A_ATV", 13.8, 1,    7556.53,   -1.2,   0.94843, 2,    7556.53, -121.2,   0.94843, 3,    7556.53,  118.8,   0.94843
"SCN_CN15_9205_CEI77A_ATV", 13.8, 1,    7556.54,   -1.2,   0.94843, 2,    7556.54, -121.2,   0.94843, 3,    7556.54,  118.8,   0.94843
"SCN_CN15_9206_CEI77A_ATV", 13.8, 1,    7556.37,   -1.2,   0.94841, 2,    7556.36, -121.2,   0.94841, 3,    7556.37,  118.8,   0.94841
"SCN_CN15_9207_CEI77A_ATV", 13.8, 1,     7556.3,   -1.2,    0.9484, 2,     7556.3, -121.2,    0.9484, 3,     7556.3,  118.8,    0.9484
"SCN_CN15_9208_CEI77A_ATV", 13.8, 1,    7556.27,   -1.2,   0.94839, 2,    7556.26, -121.2,   0.94839, 3,    7556.26,  118.8,   0.94839
"SCN_CN15_9210_CEI77A_ATV", 13.8, 1,    7556.21,   -1.2,   0.94839, 2,    7556.21, -121.2,   0.94839, 3,    7556.21,  118.8,   0.94839
"SCN_CN15_9211_CEI77A_ATV", 13.8, 1,    7556.15,   -1.2,   0.94838, 2,    7556.15, -121.2,   0.94838, 3,    7556.15,  118.8,   0.94838
"SCN_CN15_9008_CEI160_ATV", 13.8, 1,    5600.77,   -5.5,   0.70296, 2,    5600.76, -125.5,   0.70296, 3,    5600.76,  114.5,   0.70296
"SCN_CN15_9212_CEI77A_ATV", 13.8, 1,    7556.11,   -1.2,   0.94837, 2,    7556.11, -121.2,   0.94837, 3,    7556.11,  118.8,   0.94837
"SCN_CN15_9209_CEI77A_ATV", 13.8, 1,    7556.27,   -1.2,   0.94839, 2,    7556.26, -121.2,   0.94839, 3,    7556.26,  118.8,   0.94839
"SCN_CN15_9170_CEI77A_ATV", 13.8, 1,    7556.38,   -1.2,   0.94841, 2,    7556.38, -121.2,   0.94841, 3,    7556.38,  118.8,   0.94841
"SCN_CN15_9171_CEI77A_ATV", 13.8, 1,    7555.94,   -1.2,   0.94835, 2,    7555.94, -121.2,   0.94835, 3,    7555.94,  118.8,   0.94835
"SCN_CN15_9181_CEI77A_ATV", 13.8, 1,    7555.78,   -1.2,   0.94833, 2,    7555.77, -121.2,   0.94833, 3,    7555.78,  118.8,   0.94833
"SCN_CN15_9172_CEI77A_ATV", 13.8, 1,    7555.61,   -1.2,   0.94831, 2,    7555.61, -121.2,   0.94831, 3,    7555.61,  118.8,   0.94831
"SCN_CN15_9173_CEI77A_ATV", 13.8, 1,    7555.49,   -1.2,    0.9483, 2,    7555.49, -121.2,    0.9483, 3,    7555.49,  118.8,    0.9483
"SCN_CN15_9174_CEI77A_ATV", 13.8, 1,    7555.46,   -1.2,   0.94829, 2,    7555.46, -121.2,   0.94829, 3,    7555.46,  118.8,   0.94829
"SCN_CN15_9175_CEI77A_ATV", 13.8, 1,    7555.41,   -1.2,   0.94829, 2,     7555.4, -121.2,   0.94829, 3,     7555.4,  118.8,   0.94829
"SCN_CN15_9015_CEI160_ATV", 13.8, 1,    5600.68,   -5.5,   0.70295, 2,    5600.67, -125.5,   0.70295, 3,    5600.67,  114.5,   0.70295
"SCN_CN15_9176_CEI77A_ATV", 13.8, 1,    7555.21,   -1.2,   0.94826, 2,    7555.21, -121.2,   0.94826, 3,    7555.21,  118.8,   0.94826
"SCN_CN15_9177_CEI77A_ATV", 13.8, 1,    7555.21,   -1.2,   0.94826, 2,    7555.21, -121.2,   0.94826, 3,    7555.21,  118.8,   0.94826
"SCN_CN15_9178_CEI77A_ATV", 13.8, 1,    7555.07,   -1.2,   0.94824, 2,    7555.06, -121.2,   0.94824, 3,    7555.06,  118.8,   0.94824
"SCN_CN15_9179_CEI77A_ATV", 13.8, 1,    7554.97,   -1.2,   0.94823, 2,    7554.96, -121.2,   0.94823, 3,    7554.96,  118.8,   0.94823
"SCN_CN15_9180_CEI77A_ATV", 13.8, 1,    7554.89,   -1.2,   0.94822, 2,    7554.88, -121.2,   0.94822, 3,    7554.88,  118.8,   0.94822
"SCN_CN15_9024_CEIRJ006_ATV", 13.8, 1,    7554.97,   -1.2,   0.94823, 2,    7554.96, -121.2,   0.94823, 3,    7554.96,  118.8,   0.94823
"SCN_CN15_9026_CEIRJ006_ATV", 13.8, 1,    7554.97,   -1.2,   0.94823, 2,    7554.96, -121.2,   0.94823, 3,    7554.96,  118.8,   0.94823
"SCN_CN15_9002_CEI077_ATV", 13.8, 1,    6945.68,   -2.2,   0.87176, 2,    6945.68, -122.2,   0.87176, 3,    6945.68,  117.8,   0.87176
"SCN_CN15_9010_CEI077_ATV_S", 13.8, 1,    6976.17,   -2.2,   0.87559, 2,    6976.17, -122.2,   0.87559, 3,    6976.17,  117.8,   0.87559
"SCN_CN15_9023_CEIRJ006_ATV", 13.8, 1,    6885.53,   -2.4,   0.86421, 2,    6885.53, -122.4,   0.86421, 3,    6885.53,  117.6,   0.86421
"SCN_CN15_9094_CEI072", 13.8, 1,    6885.65,   -2.4,   0.86422, 2,    6885.64, -122.4,   0.86422, 3,    6885.64,  117.6,   0.86422
"SCN_CN15_9016_CEI160_ATV", 13.8, 1,    5600.68,   -5.5,   0.70295, 2,    5600.67, -125.5,   0.70294, 3,    5600.67,  114.5,   0.70294
"SCN_CN15_9093_CEI072", 13.8, 1,    6856.14,   -2.4,   0.86052, 2,    6856.13, -122.4,   0.86052, 3,    6856.13,  117.6,   0.86052
"SCN_CN15_9022_CEIRJ006_ATV", 13.8, 1,    6856.03,   -2.4,   0.86051, 2,    6856.03, -122.4,   0.86051, 3,    6856.03,  117.6,   0.86051
"SCN_CN15_9021_CEIRJ006_ATV", 13.8, 1,    6845.45,   -2.4,   0.85918, 2,    6845.44, -122.4,   0.85918, 3,    6845.44,  117.6,   0.85918
"SCN_CN15_9092_CEI072", 13.8, 1,    6845.46,   -2.4,   0.85918, 2,    6845.45, -122.4,   0.85918, 3,    6845.45,  117.6,   0.85918
"SCN_CN15_9091_CEI072", 13.8, 1,    6827.53,   -2.5,   0.85693, 2,    6827.53, -122.5,   0.85693, 3,    6827.53,  117.5,   0.85693
"SCN_CN15_9092_CEI072_S", 13.8, 1,    6845.46,   -2.4,   0.85918, 2,    6845.45, -122.4,   0.85918, 3,    6845.45,  117.6,   0.85918
"SCN_CN15_9090_CEI072", 13.8, 1,    6816.81,   -2.5,   0.85558, 2,    6816.81, -122.5,   0.85558, 3,    6816.81,  117.5,   0.85558
"SCN_CN15_9064_CEI072", 13.8, 1,    6793.67,   -2.5,   0.85268, 2,    6793.66, -122.5,   0.85268, 3,    6793.67,  117.5,   0.85268
"SCN_CN15_9065_CEI072", 13.8, 1,    6793.36,   -2.5,   0.85264, 2,    6793.36, -122.5,   0.85264, 3,    6793.36,  117.5,   0.85264
"SCN_CN15_9066_CEI072", 13.8, 1,    6793.06,   -2.5,    0.8526, 2,    6793.05, -122.5,    0.8526, 3,    6793.05,  117.5,    0.8526
"SCN_CN15_9067_CEI072", 13.8, 1,    6792.75,   -2.5,   0.85256, 2,    6792.75, -122.5,   0.85256, 3,    6792.75,  117.5,   0.85256
"SCN_CN15_9068_CEI072", 13.8, 1,    6792.45,   -2.5,   0.85253, 2,    6792.45, -122.5,   0.85253, 3,    6792.45,  117.5,   0.85253
"SCN_CN15_9011_CEIRJ013_ATV", 13.8, 1,    5600.67,   -5.5,   0.70295, 2,    5600.66, -125.5,   0.70294, 3,    5600.66,  114.5,   0.70294
"SCN_CN15_9069_CEI072", 13.8, 1,    6792.15,   -2.5,   0.85249, 2,    6792.15, -122.5,   0.85249, 3,    6792.15,  117.5,   0.85249
"SCN_CN15_9061_CEI072", 13.8, 1,    6778.94,   -2.6,   0.85083, 2,    6778.93, -122.6,   0.85083, 3,    6778.94,  117.4,   0.85083
"SCN_CN15_9060_CEI072", 13.8, 1,    6769.52,   -2.6,   0.84965, 2,    6769.52, -122.6,   0.84965, 3,    6769.52,  117.4,   0.84965
"SCN_CN15_9059_CEI072", 13.8, 1,    6756.37,   -2.6,     0.848, 2,    6756.37, -122.6,     0.848, 3,    6756.37,  117.4,     0.848
"SCN_CN15_9058_CEI072", 13.8, 1,    6741.06,   -2.6,   0.84608, 2,    6741.05, -122.6,   0.84608, 3,    6741.05,  117.4,   0.84608
"SCN_CN15_9019_CEI69B", 13.8, 1,    5964.91,   -4.1,   0.74866, 2,     5964.9, -124.1,   0.74866, 3,     5964.9,  115.9,   0.74866
"SCN_CN15_9017_CEI69B", 13.8, 1,     5968.3,   -4.1,   0.74909, 2,    5968.29, -124.1,   0.74909, 3,    5968.29,  115.9,   0.74909
"SCN_CN15_9018_CEI69B", 13.8, 1,    5967.76,   -4.1,   0.74902, 2,    5967.75, -124.1,   0.74902, 3,    5967.75,  115.9,   0.74902
"SCN_CN15_9018_CEI69B_S", 13.8, 1,    5967.76,   -4.1,   0.74902, 2,    5967.75, -124.1,   0.74902, 3,    5967.75,  115.9,   0.74902
"SCN_CN15_9027_CEI250_ATV", 13.8, 1,    5965.19,   -4.1,    0.7487, 2,    5965.18, -124.1,    0.7487, 3,    5965.18,  115.9,    0.7487
"SCN_CN15_9454_CEI109", 13.8, 1,    5659.32,   -5.2,   0.71031, 2,    5659.31, -125.2,   0.71031, 3,    5659.31,  114.8,   0.71031
"SCN_CN15_9028_CEI250_ATV", 13.8, 1,    5962.59,   -4.1,   0.74837, 2,    5962.59, -124.1,   0.74837, 3,    5962.59,  115.9,   0.74837
"SCN_CN15_9032_CEI130_ATV", 13.8, 1,     5953.4,   -4.1,   0.74722, 2,    5953.39, -124.1,   0.74722, 3,    5953.39,  115.9,   0.74722
"SCN_CN15_9022_CEI250_ATV_S", 13.8, 1,    5955.77,   -4.1,   0.74751, 2,    5955.77, -124.1,   0.74751, 3,    5955.77,  115.9,   0.74751
"SCN_CN15_9033_CEI130_ATV", 13.8, 1,    5942.07,   -4.2,   0.74579, 2,    5942.06, -124.2,   0.74579, 3,    5942.06,  115.8,   0.74579
"SCN_CN15_9035_CEI130_ATV", 13.8, 1,     5919.3,   -4.3,   0.74294, 2,    5919.29, -124.3,   0.74294, 3,    5919.29,  115.7,   0.74294
"SCN_CN15_9036_CEI130_ATV", 13.8, 1,    5906.29,   -4.3,    0.7413, 2,    5906.28, -124.3,    0.7413, 3,    5906.28,  115.7,    0.7413
"SCN_CN15_9038_CEI130_ATV_S", 13.8, 1,    5906.21,   -4.3,   0.74129, 2,    5906.21, -124.3,   0.74129, 3,    5906.21,  115.7,   0.74129
"SCN_CN15_9038_CEI130_ATV", 13.8, 1,    5906.21,   -4.3,   0.74129, 2,    5906.21, -124.3,   0.74129, 3,    5906.21,  115.7,   0.74129
"SCN_CN15_9039_CEI130_ATV", 13.8, 1,    5906.14,   -4.3,   0.74129, 2,    5906.13, -124.3,   0.74128, 3,    5906.13,  115.7,   0.74128
"SCN_CN15_9453_CEI109", 13.8, 1,    5659.28,   -5.2,    0.7103, 2,    5659.28, -125.2,    0.7103, 3,    5659.28,  114.8,    0.7103
"SCN_CN15_9020_CEI130_ATV", 13.8, 1,    5966.05,   -4.1,    0.7488, 2,    5966.04, -124.1,    0.7488, 3,    5966.04,  115.9,    0.7488
"SCN_CN15_9021_CEI130_ATV", 13.8, 1,    5966.14,   -4.1,   0.74882, 2,    5966.13, -124.1,   0.74881, 3,    5966.13,  115.9,   0.74881
"SCN_CN15_9021_CEI130_ATV_S", 13.8, 1,    5966.14,   -4.1,   0.74882, 2,    5966.13, -124.1,   0.74881, 3,    5966.13,  115.9,   0.74881
"SCN_CN15_9022_CEI130_ATV", 13.8, 1,    5966.27,   -4.1,   0.74883, 2,    5966.26, -124.1,   0.74883, 3,    5966.27,  115.9,   0.74883
"SCN_CN15_9023_CEI130_ATV", 13.8, 1,    5966.43,   -4.1,   0.74885, 2,    5966.42, -124.1,   0.74885, 3,    5966.42,  115.9,   0.74885
"SCN_CN15_9026_CEI130_ATV", 13.8, 1,    5968.74,   -4.1,   0.74914, 2,    5968.73, -124.1,   0.74914, 3,    5968.73,  115.9,   0.74914
"SCN_CN15_9027_CEI130_ATV", 13.8, 1,    5971.21,   -4.1,   0.74945, 2,     5971.2, -124.1,   0.74945, 3,     5971.2,  115.9,   0.74945
"SCN_CN15_9028_CEI130_ATV", 13.8, 1,    5973.71,   -4.1,   0.74977, 2,     5973.7, -124.1,   0.74976, 3,     5973.7,  115.9,   0.74976
"SCN_CN15_9029_CEI130_ATV", 13.8, 1,    5976.08,   -4.1,   0.75006, 2,    5976.07, -124.1,   0.75006, 3,    5976.08,  115.9,   0.75006
"SCN_CN15_9452_CEI109", 13.8, 1,    5659.26,   -5.2,    0.7103, 2,    5659.25, -125.2,    0.7103, 3,    5659.25,  114.8,    0.7103
"SCN_CN15_9030_CEI130_ATV", 13.8, 1,    5978.49,   -4.1,   0.75037, 2,    5978.48, -124.1,   0.75036, 3,    5978.48,  115.9,   0.75036
"SCN_CN15_9016_CEI69B", 13.8, 1,    5974.58,   -4.1,   0.74988, 2,    5974.58, -124.1,   0.74987, 3,    5974.58,  115.9,   0.74987
"SCN_CN15_592-0899-22", 13.8, 1,    5971.24,   -4.1,   0.74946, 2,    5971.23, -124.1,   0.74945, 3,    5971.23,  115.9,   0.74945
"SCN_CN15_592-0899-22_S", 13.8, 1,    5971.24,   -4.1,   0.74946, 2,    5971.23, -124.1,   0.74945, 3,    5971.23,  115.9,   0.74945
"SCN_CN15_9013_CEI69B", 13.8, 1,    5988.35,   -4.0,    0.7516, 2,    5988.34, -124.0,    0.7516, 3,    5988.34,  116.0,    0.7516
"SCN_CN15_9015_CEI69B_S", 13.8, 1,    5981.17,   -4.1,    0.7507, 2,    5981.16, -124.1,    0.7507, 3,    5981.16,  115.9,    0.7507
"SCN_CN15_9012_CEI69B", 13.8, 1,    5996.99,   -4.0,   0.75269, 2,    5996.98, -124.0,   0.75269, 3,    5996.98,  116.0,   0.75269
"SCN_CN15_9011_CEI69B", 13.8, 1,    6005.45,   -4.0,   0.75375, 2,    6005.45, -124.0,   0.75375, 3,    6005.45,  116.0,   0.75375
"SCN_CN15_9162_CEI068", 13.8, 1,    6016.11,   -4.0,   0.75509, 2,     6016.1, -124.0,   0.75509, 3,     6016.1,  116.0,   0.75509
"SCN_CN15_9163_CEI068", 13.8, 1,    6027.27,   -3.9,   0.75649, 2,    6027.26, -123.9,   0.75649, 3,    6027.26,  116.1,   0.75649
"SCN_CN15_9164_CEI068", 13.8, 1,    6046.91,   -3.9,   0.75895, 2,     6046.9, -123.9,   0.75895, 3,     6046.9,  116.1,   0.75895
"SCN_CN15_9451_CEI109", 13.8, 1,    5659.21,   -5.2,   0.71029, 2,     5659.2, -125.2,   0.71029, 3,     5659.2,  114.8,   0.71029
"SCN_CN15_9169_CEI068", 13.8, 1,     6065.8,   -3.9,   0.76132, 2,    6065.79, -123.9,   0.76132, 3,    6065.79,  116.1,   0.76132
"SCN_CN15_9170_CEI068", 13.8, 1,    6065.97,   -3.9,   0.76135, 2,    6065.96, -123.9,   0.76134, 3,    6065.96,  116.1,   0.76134
"SCN_CN15_9170_CEI068_S", 13.8, 1,    6065.97,   -3.9,   0.76135, 2,    6065.96, -123.9,   0.76134, 3,    6065.96,  116.1,   0.76134
"SCN_CN15_9171_CEI068", 13.8, 1,    6086.28,   -3.8,   0.76389, 2,    6086.27, -123.8,   0.76389, 3,    6086.27,  116.2,   0.76389
"SCN_CN15_9172_CEI068", 13.8, 1,    6108.78,   -3.8,   0.76672, 2,    6108.77, -123.8,   0.76672, 3,    6108.77,  116.2,   0.76672
"SCN_CN15_9182_CEI068", 13.8, 1,    6134.92,   -3.7,      0.77, 2,    6134.91, -123.7,      0.77, 3,    6134.91,  116.3,      0.77
"SCN_CN15_9181_CEI068", 13.8, 1,    6134.88,   -3.7,   0.76999, 2,    6134.87, -123.7,   0.76999, 3,    6134.87,  116.3,   0.76999
"SCN_CN15_9182_CEI068_S", 13.8, 1,    6134.92,   -3.7,      0.77, 2,    6134.91, -123.7,      0.77, 3,    6134.91,  116.3,      0.77
"SCN_CN15_9183_CEI068", 13.8, 1,    6162.22,   -3.6,   0.77343, 2,    6162.21, -123.6,   0.77342, 3,    6162.21,  116.4,   0.77342
"SCN_CN15_9183_CEI068_S", 13.8, 1,    6162.22,   -3.6,   0.77343, 2,    6162.21, -123.6,   0.77342, 3,    6162.21,  116.4,   0.77342
"SCN_CN15_9186_CEI068", 13.8, 1,    6182.47,   -3.6,   0.77597, 2,    6182.46, -123.6,   0.77597, 3,    6182.46,  116.4,   0.77597
"SCN_CN15_9107_CEI068", 13.8, 1,    6194.98,   -3.6,   0.77754, 2,    6194.97, -123.6,   0.77754, 3,    6194.98,  116.4,   0.77754
"SCN_CN15_9450_CEI109", 13.8, 1,    5659.17,   -5.2,   0.71029, 2,    5659.16, -125.2,   0.71029, 3,    5659.16,  114.8,   0.71029
"SCN_CN15_9103_CEI068", 13.8, 1,    6208.75,   -3.5,   0.77927, 2,    6208.74, -123.5,   0.77927, 3,    6208.75,  116.5,   0.77927
"SCN_CN15_9092_CEI068", 13.8, 1,    6208.52,   -3.5,   0.77924, 2,    6208.51, -123.5,   0.77924, 3,    6208.51,  116.5,   0.77924
"SCN_CN15_9091_CEI068", 13.8, 1,    6208.27,   -3.6,   0.77921, 2,    6208.26, -123.6,    0.7792, 3,    6208.26,  116.4,    0.7792
"SCN_CN15_9090_CEI068", 13.8, 1,     6207.8,   -3.6,   0.77915, 2,    6207.79, -123.6,   0.77915, 3,    6207.79,  116.4,   0.77915
"SCN_CN15_9089_CEI068_S", 13.8, 1,    6207.51,   -3.6,   0.77911, 2,     6207.5, -123.6,   0.77911, 3,     6207.5,  116.4,   0.77911
"SCN_CN15_9086_CEI068", 13.8, 1,    6207.12,   -3.6,   0.77906, 2,    6207.12, -123.6,   0.77906, 3,    6207.12,  116.4,   0.77906
"SCN_CN15_9085_CEI068", 13.8, 1,    6206.63,   -3.6,     0.779, 2,    6206.63, -123.6,     0.779, 3,    6206.63,  116.4,     0.779
"SCN_CN15_9086_CEI068_S", 13.8, 1,    6207.12,   -3.6,   0.77906, 2,    6207.12, -123.6,   0.77906, 3,    6207.12,  116.4,   0.77906
"SCN_CN15_9082_CEI068", 13.8, 1,    6206.06,   -3.6,   0.77893, 2,    6206.05, -123.6,   0.77893, 3,    6206.05,  116.4,   0.77893
"SCN_CN15_9081_CEI068", 13.8, 1,    6205.47,   -3.6,   0.77885, 2,    6205.46, -123.6,   0.77885, 3,    6205.46,  116.4,   0.77885
"SCN_CN15_9080_CEI068", 13.8, 1,    6204.89,   -3.6,   0.77878, 2,    6204.88, -123.6,   0.77878, 3,    6204.88,  116.4,   0.77878
"SCN_CN15_9026_CEI201_ATV", 13.8, 1,       5595,   -5.5,   0.70223, 2,    5594.99, -125.5,   0.70223, 3,    5594.99,  114.5,   0.70223
"SCN_CN15_9027_CEI201_ATV", 13.8, 1,    5595.24,   -5.5,   0.70226, 2,    5595.23, -125.5,   0.70226, 3,    5595.23,  114.5,   0.70226
"SCN_CN15_9449_CEI109", 13.8, 1,    5659.13,   -5.2,   0.71028, 2,    5659.12, -125.2,   0.71028, 3,    5659.12,  114.8,   0.71028
"SCN_CN15_9079_CEI068", 13.8, 1,    6204.32,   -3.6,   0.77871, 2,    6204.31, -123.6,   0.77871, 3,    6204.31,  116.4,   0.77871
"SCN_CN15_9078_CEI068", 13.8, 1,    6203.75,   -3.6,   0.77864, 2,    6203.74, -123.6,   0.77864, 3,    6203.74,  116.4,   0.77864
"SCN_CN15_9077_CEI068", 13.8, 1,    6203.17,   -3.6,   0.77857, 2,    6203.16, -123.6,   0.77856, 3,    6203.16,  116.4,   0.77856
"SCN_CN15_9076_CEI068", 13.8, 1,    6202.63,   -3.6,    0.7785, 2,    6202.62, -123.6,    0.7785, 3,    6202.63,  116.4,    0.7785
"SCN_CN15_9075_CEI068", 13.8, 1,     6202.1,   -3.6,   0.77843, 2,    6202.09, -123.6,   0.77843, 3,    6202.09,  116.4,   0.77843
"SCN_CN15_9074_CEI068", 13.8, 1,    6201.55,   -3.6,   0.77836, 2,    6201.54, -123.6,   0.77836, 3,    6201.54,  116.4,   0.77836
"SCN_CN15_9073_CEI068", 13.8, 1,    6200.99,   -3.6,   0.77829, 2,    6200.98, -123.6,   0.77829, 3,    6200.98,  116.4,   0.77829
"SCN_CN15_9072_CEI068", 13.8, 1,    6200.45,   -3.6,   0.77822, 2,    6200.44, -123.6,   0.77822, 3,    6200.44,  116.4,   0.77822
"SCN_CN15_9071_CEI068", 13.8, 1,    6199.92,   -3.6,   0.77816, 2,    6199.92, -123.6,   0.77816, 3,    6199.92,  116.4,   0.77816
"SCN_CN15_9070_CEI068", 13.8, 1,    6199.54,   -3.6,   0.77811, 2,    6199.53, -123.6,   0.77811, 3,    6199.53,  116.4,   0.77811
"SCN_CN15_9448_CEI109", 13.8, 1,    5659.11,   -5.2,   0.71028, 2,     5659.1, -125.2,   0.71028, 3,     5659.1,  114.8,   0.71028
"SCN_CN15_9069_CEI068", 13.8, 1,    6199.13,   -3.6,   0.77806, 2,    6199.12, -123.6,   0.77806, 3,    6199.12,  116.4,   0.77806
"SCN_CN15_9447_CEI109", 13.8, 1,    5659.08,   -5.2,   0.71028, 2,    5659.07, -125.2,   0.71028, 3,    5659.07,  114.8,   0.71028
"SCN_CN15_9062_CEIRJ006_ATV", 13.8, 1,    5714.97,   -4.6,   0.71729, 2,    5714.96, -124.6,   0.71729, 3,    5714.96,  115.4,   0.71729
"SCN_CN15_9069_CEI074", 13.8, 1,    5715.03,   -4.6,    0.7173, 2,    5715.02, -124.6,    0.7173, 3,    5715.02,  115.4,    0.7173
"SCN_CN15_9083_CEI201_ATV", 13.8, 1,    5837.65,   -4.4,   0.73269, 2,    5837.64, -124.4,   0.73269, 3,    5837.64,  115.6,   0.73269
"SCN_CN15_9085_CEI201_ATV", 13.8, 1,    5837.65,   -4.4,   0.73269, 2,    5837.64, -124.4,   0.73269, 3,    5837.64,  115.6,   0.73269
"SCN_CN15_9031_CEI201_ATV", 13.8, 1,    5596.37,   -5.5,   0.70241, 2,    5596.36, -125.5,    0.7024, 3,    5596.36,  114.5,    0.7024
"SCN_CN15_9033_CEI201_ATV", 13.8, 1,     5596.8,   -5.5,   0.70246, 2,    5596.79, -125.5,   0.70246, 3,    5596.79,  114.5,   0.70246
"SCN_CN15_9028_CEI201_ATV", 13.8, 1,    5595.53,   -5.5,    0.7023, 2,    5595.52, -125.5,    0.7023, 3,    5595.52,  114.5,    0.7023
"SCN_CN15_9074_CEI131_ATV", 13.8, 1,    5701.12,   -5.0,   0.71555, 2,    5701.11, -125.0,   0.71555, 3,    5701.11,  115.0,   0.71555
"SCN_CN15_9075_CEI131_ATV", 13.8, 1,     5701.1,   -5.0,   0.71555, 2,    5701.09, -125.0,   0.71555, 3,    5701.09,  115.0,   0.71555
"SCN_CN15_9072_CEI131_ATV_S", 13.8, 1,    5701.14,   -5.0,   0.71556, 2,    5701.13, -125.0,   0.71555, 3,    5701.13,  115.0,   0.71555
"SCN_CN15_9076_CEI131_ATV", 13.8, 1,    5701.17,   -5.0,   0.71556, 2,    5701.16, -125.0,   0.71556, 3,    5701.16,  115.0,   0.71556
"SCN_CN15_9081_CEI131_ATV", 13.8, 1,    5702.73,   -5.0,   0.71576, 2,    5702.72, -125.0,   0.71575, 3,    5702.72,  115.0,   0.71575
"SCN_CN15_9082_CEI131_ATV", 13.8, 1,    5704.61,   -5.0,   0.71599, 2,     5704.6, -125.0,   0.71599, 3,     5704.6,  115.0,   0.71599
"SCN_CN15_9086_CEI131_ATV", 13.8, 1,    5707.46,   -5.0,   0.71635, 2,    5707.45, -125.0,   0.71635, 3,    5707.45,  115.0,   0.71635
"SCN_CN15_9088_CEI131_ATV", 13.8, 1,    5713.12,   -5.0,   0.71706, 2,    5713.11, -125.0,   0.71706, 3,    5713.11,  115.0,   0.71706
"SCN_CN15_9342_CEI109", 13.8, 1,       5599,   -5.5,   0.70274, 2,    5598.99, -125.5,   0.70273, 3,    5598.99,  114.5,   0.70273
"SCN_CN15_9336_CEI109", 13.8, 1,    5599.53,   -5.5,    0.7028, 2,    5599.52, -125.5,    0.7028, 3,    5599.52,  114.5,    0.7028
"SCN_CN15_9057_CEI072", 13.8, 1,    6726.94,   -2.7,    0.8443, 2,    6726.93, -122.7,    0.8443, 3,    6726.93,  117.3,    0.8443
"SCN_CN15_9056_CEI072", 13.8, 1,    6713.31,   -2.7,   0.84259, 2,     6713.3, -122.7,   0.84259, 3,     6713.3,  117.3,   0.84259
"SCN_CN15_9052_CEI072", 13.8, 1,    6684.35,   -2.7,   0.83896, 2,    6684.34, -122.7,   0.83896, 3,    6684.34,  117.3,   0.83896
"SCN_CN15_9056_CEI072_S", 13.8, 1,    6713.31,   -2.7,   0.84259, 2,     6713.3, -122.7,   0.84259, 3,     6713.3,  117.3,   0.84259
"SCN_CN15_9005_CEI072", 13.8, 1,    6675.09,   -2.8,    0.8378, 2,    6675.08, -122.8,    0.8378, 3,    6675.09,  117.2,    0.8378
"SCN_CN15_9004_CEI072", 13.8, 1,    6656.71,   -2.8,   0.83549, 2,     6656.7, -122.8,   0.83549, 3,     6656.7,  117.2,   0.83549
"SCN_CN15_9005_CEI072_S", 13.8, 1,    6675.09,   -2.8,    0.8378, 2,    6675.08, -122.8,    0.8378, 3,    6675.09,  117.2,    0.8378
"SCN_CN15_9486_CEI109", 13.8, 1,    5601.33,   -5.5,   0.70303, 2,    5601.32, -125.5,   0.70303, 3,    5601.32,  114.5,   0.70303
"SCN_CN15_9003_CEI072", 13.8, 1,    6629.09,   -2.8,   0.83202, 2,    6629.09, -122.8,   0.83202, 3,    6629.09,  117.2,   0.83202
"SCN_CN15_9004_CEI072_S", 13.8, 1,    6656.71,   -2.8,   0.83549, 2,     6656.7, -122.8,   0.83549, 3,     6656.7,  117.2,   0.83549
"SCN_CN15_9002_CEI072", 13.8, 1,    6625.65,   -2.9,   0.83159, 2,    6625.65, -122.9,   0.83159, 3,    6625.65,  117.1,   0.83159
"SCN_CN15_9003_CEI072_S", 13.8, 1,    6629.09,   -2.8,   0.83202, 2,    6629.09, -122.8,   0.83202, 3,    6629.09,  117.2,   0.83202
"SCN_CN15_9002_CEI072_S", 13.8, 1,    6625.65,   -2.9,   0.83159, 2,    6625.65, -122.9,   0.83159, 3,    6625.65,  117.1,   0.83159
"SCN_CN15_9297_CEI250_ATV", 13.8, 1,     6601.6,   -2.9,   0.82857, 2,    6601.59, -122.9,   0.82857, 3,    6601.59,  117.1,   0.82857
"SCN_CN15_9296_CEI250_ATV_S", 13.8, 1,    6589.57,   -2.9,   0.82706, 2,    6589.57, -122.9,   0.82706, 3,    6589.57,  117.1,   0.82706
"SCN_CN15_9297_CEI250_ATV_S", 13.8, 1,     6601.6,   -2.9,   0.82857, 2,    6601.59, -122.9,   0.82857, 3,    6601.59,  117.1,   0.82857
"SCN_CN15_9293_CEI250_ATV_S", 13.8, 1,    6567.56,   -3.0,    0.8243, 2,    6567.55, -123.0,    0.8243, 3,    6567.56,  117.0,    0.8243
"SCN_CN15_9292_CEI250_ATV", 13.8, 1,    6557.19,   -3.0,     0.823, 2,    6557.18, -123.0,     0.823, 3,    6557.18,  117.0,     0.823
"SCN_CN15_9296_CEI250_ATV", 13.8, 1,    6589.57,   -2.9,   0.82706, 2,    6589.57, -122.9,   0.82706, 3,    6589.57,  117.1,   0.82706
"SCN_CN15_9295_CEI250_ATV", 13.8, 1,    6575.11,   -3.0,   0.82525, 2,     6575.1, -123.0,   0.82525, 3,     6575.1,  117.0,   0.82525
"SCN_CN15_9300_CEI250_ATV", 13.8, 1,    6601.47,   -2.9,   0.82856, 2,    6601.46, -122.9,   0.82856, 3,    6601.46,  117.1,   0.82856
"SCN_CN15_9003_CEIRJ012_ATV", 13.8, 1,     6601.6,   -2.9,   0.82857, 2,    6601.59, -122.9,   0.82857, 3,    6601.59,  117.1,   0.82857
"SCN_CN15_9006_CEI072", 13.8, 1,     6674.5,   -2.8,   0.83772, 2,    6674.49, -122.8,   0.83772, 3,    6674.49,  117.2,   0.83772
"SCN_CN15_9007_CEI072", 13.8, 1,    6673.84,   -2.8,   0.83764, 2,    6673.84, -122.8,   0.83764, 3,    6673.84,  117.2,   0.83764
"SCN_CN15_9487_CEI109", 13.8, 1,    5601.26,   -5.5,   0.70302, 2,    5601.25, -125.5,   0.70302, 3,    5601.25,  114.5,   0.70302
"SCN_CN15_9008_CEI072", 13.8, 1,    6673.56,   -2.8,    0.8376, 2,    6673.55, -122.8,    0.8376, 3,    6673.56,  117.2,    0.8376
"SCN_CN15_9009_CEI072", 13.8, 1,    6673.24,   -2.8,   0.83756, 2,    6673.24, -122.8,   0.83756, 3,    6673.24,  117.2,   0.83756
"SCN_CN15_9010_CEI072_S", 13.8, 1,    6672.96,   -2.8,   0.83753, 2,    6672.95, -122.8,   0.83753, 3,    6672.95,  117.2,   0.83753
"SCN_CN15_9010_CEI072", 13.8, 1,    6672.96,   -2.8,   0.83753, 2,    6672.95, -122.8,   0.83753, 3,    6672.95,  117.2,   0.83753
"SCN_CN15_9011_CEI072", 13.8, 1,    6672.63,   -2.8,   0.83749, 2,    6672.63, -122.8,   0.83749, 3,    6672.63,  117.2,   0.83749
"SCN_CN15_9012_CEI072", 13.8, 1,     6672.6,   -2.8,   0.83748, 2,     6672.6, -122.8,   0.83748, 3,     6672.6,  117.2,   0.83748
"SCN_CN15_9024_CEI072", 13.8, 1,    6672.13,   -2.8,   0.83743, 2,    6672.13, -122.8,   0.83742, 3,    6672.13,  117.2,   0.83742
"SCN_CN15_9025_CEI072", 13.8, 1,    6671.91,   -2.8,    0.8374, 2,     6671.9, -122.8,    0.8374, 3,    6671.91,  117.2,    0.8374
"SCN_CN15_9027_CEI072", 13.8, 1,    6671.64,   -2.8,   0.83736, 2,    6671.63, -122.8,   0.83736, 3,    6671.63,  117.2,   0.83736
"SCN_CN15_9032_CEI072", 13.8, 1,    6671.33,   -2.8,   0.83733, 2,    6671.33, -122.8,   0.83732, 3,    6671.33,  117.2,   0.83732
"SCN_CN15_9033_CEI072", 13.8, 1,    6671.03,   -2.8,   0.83729, 2,    6671.03, -122.8,   0.83729, 3,    6671.03,  117.2,   0.83729
"SCN_CN15_9301_CEI250_ATV", 13.8, 1,    6566.88,   -3.0,   0.82422, 2,    6566.87, -123.0,   0.82421, 3,    6566.87,  117.0,   0.82421
"SCN_CN15_9293_CEI250_ATV", 13.8, 1,    6567.56,   -3.0,    0.8243, 2,    6567.55, -123.0,    0.8243, 3,    6567.56,  117.0,    0.8243
"SCN_CN15_9489_CEI109", 13.8, 1,    5601.23,   -5.5,   0.70302, 2,    5601.22, -125.5,   0.70301, 3,    5601.22,  114.5,   0.70301
"SCN_CN15_9303_CEI250_ATV", 13.8, 1,    6565.71,   -3.0,   0.82407, 2,    6565.71, -123.0,   0.82407, 3,    6565.71,  117.0,   0.82407
"SCN_CN15_9304_CEI250_ATV", 13.8, 1,    6565.14,   -3.0,     0.824, 2,    6565.13, -123.0,     0.824, 3,    6565.14,  117.0,     0.824
"SCN_CN15_9305_CEI250_ATV", 13.8, 1,    6564.57,   -3.0,   0.82393, 2,    6564.57, -123.0,   0.82392, 3,    6564.57,  117.0,   0.82392
"SCN_CN15_9306_CEI250_ATV", 13.8, 1,    6563.88,   -3.0,   0.82384, 2,    6563.87, -123.0,   0.82384, 3,    6563.87,  117.0,   0.82384
"SCN_CN15_9307_CEI250_ATV", 13.8, 1,     6563.5,   -3.0,   0.82379, 2,    6563.49, -123.0,   0.82379, 3,     6563.5,  117.0,   0.82379
"SCN_CN15_9308_CEI250_ATV", 13.8, 1,     6563.3,   -3.0,   0.82377, 2,    6563.29, -123.0,   0.82377, 3,     6563.3,  117.0,   0.82377
"SCN_CN15_9053_CEI160_ATV", 13.8, 1,     6563.3,   -3.0,   0.82377, 2,    6563.29, -123.0,   0.82377, 3,     6563.3,  117.0,   0.82377
"SCN_CN15_9054_CEI160_ATV", 13.8, 1,     6563.3,   -3.0,   0.82377, 2,    6563.29, -123.0,   0.82377, 3,     6563.3,  117.0,   0.82377
"SCN_CN15_9311_CEI250_ATV", 13.8, 1,    6562.61,   -3.0,   0.82368, 2,     6562.6, -123.0,   0.82368, 3,     6562.6,  117.0,   0.82368
"SCN_CN15_9488_CEI109", 13.8, 1,    5601.24,   -5.5,   0.70302, 2,    5601.23, -125.5,   0.70302, 3,    5601.23,  114.5,   0.70302
"SCN_CN15_9312_CEI250_ATV", 13.8, 1,    6562.12,   -3.0,   0.82362, 2,    6562.11, -123.0,   0.82362, 3,    6562.12,  117.0,   0.82362
"SCN_CN15_9313_CEI250_ATV", 13.8, 1,     6562.1,   -3.0,   0.82362, 2,     6562.1, -123.0,   0.82361, 3,     6562.1,  117.0,   0.82362
"SCN_CN15_9314_CEI250_ATV_S", 13.8, 1,    6561.77,   -3.0,   0.82357, 2,    6561.77, -123.0,   0.82357, 3,    6561.77,  117.0,   0.82357
"SCN_CN15_9314_CEI250_ATV", 13.8, 1,    6561.77,   -3.0,   0.82357, 2,    6561.77, -123.0,   0.82357, 3,    6561.77,  117.0,   0.82357
"SCN_CN15_9052_CEI071", 13.8, 1,    6561.46,   -3.0,   0.82354, 2,    6561.45, -123.0,   0.82353, 3,    6561.46,  117.0,   0.82353
"SCN_CN15_9053_CEI071", 13.8, 1,    6561.24,   -3.0,   0.82351, 2,    6561.24, -123.0,   0.82351, 3,    6561.24,  117.0,   0.82351
"SCN_CN15_9054_CEI071", 13.8, 1,    6561.04,   -3.0,   0.82348, 2,    6561.03, -123.0,   0.82348, 3,    6561.03,  117.0,   0.82348
"SCN_CN15_9055_CEI071", 13.8, 1,    6560.82,   -3.0,   0.82345, 2,    6560.81, -123.0,   0.82345, 3,    6560.81,  117.0,   0.82345
"SCN_CN15_9056_CEI071", 13.8, 1,    6560.62,   -3.0,   0.82343, 2,    6560.61, -123.0,   0.82343, 3,    6560.61,  117.0,   0.82343
"SCN_CN15_9057_CEI071", 13.8, 1,    6560.41,   -3.0,    0.8234, 2,    6560.41, -123.0,    0.8234, 3,    6560.41,  117.0,    0.8234
"SCN_CN15_9058_CEI071", 13.8, 1,    6560.11,   -3.0,   0.82337, 2,     6560.1, -123.0,   0.82336, 3,     6560.1,  117.0,   0.82336
"SCN_CN15_9495_CEI109", 13.8, 1,    5600.97,   -5.5,   0.70298, 2,    5600.96, -125.5,   0.70298, 3,    5600.96,  114.5,   0.70298
"SCN_CN15_9319_CEI250_ATV", 13.8, 1,    6559.84,   -3.0,   0.82333, 2,    6559.84, -123.0,   0.82333, 3,    6559.84,  117.0,   0.82333
"SCN_CN15_9320_CEI250_ATV", 13.8, 1,    6559.76,   -3.0,   0.82332, 2,    6559.76, -123.0,   0.82332, 3,    6559.76,  117.0,   0.82332
"SCN_CN15_9321_CEI250_ATV", 13.8, 1,    6559.76,   -3.0,   0.82332, 2,    6559.76, -123.0,   0.82332, 3,    6559.76,  117.0,   0.82332
"SCN_CN15_9062_CEI071", 13.8, 1,     6559.4,   -3.0,   0.82328, 2,     6559.4, -123.0,   0.82328, 3,     6559.4,  117.0,   0.82328
"SCN_CN15_9060_CEI071", 13.8, 1,    6559.57,   -3.0,    0.8233, 2,    6559.56, -123.0,    0.8233, 3,    6559.57,  117.0,    0.8233
"SCN_CN15_9059_CEI071", 13.8, 1,    6559.67,   -3.0,   0.82331, 2,    6559.67, -123.0,   0.82331, 3,    6559.67,  117.0,   0.82331
"SCN_CN15_9322_CEI250_ATV", 13.8, 1,    6559.63,   -3.0,   0.82331, 2,    6559.62, -123.0,    0.8233, 3,    6559.62,  117.0,    0.8233
"SCN_CN15_9323_CEI250_ATV", 13.8, 1,    6559.43,   -3.0,   0.82328, 2,    6559.42, -123.0,   0.82328, 3,    6559.42,  117.0,   0.82328
"SCN_CN15_9325_CEI250_ATV", 13.8, 1,    6559.36,   -3.0,   0.82327, 2,    6559.35, -123.0,   0.82327, 3,    6559.35,  117.0,   0.82327
"SCN_CN15_9019_CEIRJ006_ATV", 13.8, 1,    6559.41,   -3.0,   0.82328, 2,    6559.41, -123.0,   0.82328, 3,    6559.41,  117.0,   0.82328
"SCN_CN15_9010_CEIRJ006_ATV", 13.8, 1,    6562.03,   -3.0,   0.82361, 2,    6562.02, -123.0,   0.82361, 3,    6562.02,  117.0,   0.82361
"SCN_CN15_9051_CEI071", 13.8, 1,    6561.77,   -3.0,   0.82357, 2,    6561.77, -123.0,   0.82357, 3,    6561.77,  117.0,   0.82357
"SCN_CN15_9101_CEI201_ATV", 13.8, 1,    5836.37,   -4.4,   0.73253, 2,    5836.36, -124.4,   0.73253, 3,    5836.36,  115.6,   0.73253
"SCN_CN15_9446_CEI109", 13.8, 1,    5659.06,   -5.2,   0.71027, 2,    5659.05, -125.2,   0.71027, 3,    5659.05,  114.8,   0.71027
"SCN_CN15_9445_CEI109", 13.8, 1,    5659.03,   -5.2,   0.71027, 2,    5659.03, -125.2,   0.71027, 3,    5659.03,  114.8,   0.71027
"SCN_CN15_9444_CEI109", 13.8, 1,    5659.01,   -5.2,   0.71027, 2,    5659.01, -125.2,   0.71027, 3,    5659.01,  114.8,   0.71027
"SCN_CN15_9443_CEI109", 13.8, 1,    5658.98,   -5.2,   0.71026, 2,    5658.98, -125.2,   0.71026, 3,    5658.98,  114.8,   0.71026
"SCN_CN15_9442_CEI109", 13.8, 1,    5658.95,   -5.2,   0.71026, 2,    5658.94, -125.2,   0.71026, 3,    5658.94,  114.8,   0.71026
"SCN_CN15_9441_CEI109", 13.8, 1,    5658.92,   -5.2,   0.71026, 2,    5658.91, -125.2,   0.71026, 3,    5658.91,  114.8,   0.71026
"SCN_CN15_9459_CEI109", 13.8, 1,    5659.53,   -5.2,   0.71033, 2,    5659.52, -125.2,   0.71033, 3,    5659.52,  114.8,   0.71033
"SCN_CN15_9081_CEI201_ATV", 13.8, 1,     5837.6,   -4.4,   0.73268, 2,    5837.59, -124.4,   0.73268, 3,    5837.59,  115.6,   0.73268
"SCN_CN15_9049_CEI201_ATV", 13.8, 1,    5602.49,   -5.5,   0.70317, 2,    5602.48, -125.5,   0.70317, 3,    5602.48,  114.5,   0.70317
"SCN_CN15_9477_CEI109", 13.8, 1,    5602.51,   -5.5,   0.70318, 2,     5602.5, -125.5,   0.70317, 3,     5602.5,  114.5,   0.70317
"SCN_CN15_9105_CEI201_ATV_S", 13.8, 1,     5836.5,   -4.4,   0.73254, 2,    5836.49, -124.4,   0.73254, 3,    5836.49,  115.6,   0.73254
"SCN_CN15_9089_CEI131_ATV", 13.8, 1,    5716.11,   -5.0,   0.71743, 2,    5716.11, -125.0,   0.71743, 3,    5716.11,  115.0,   0.71743
"SCN_CN15_9090_CEI131_ATV", 13.8, 1,     5719.3,   -5.0,   0.71783, 2,    5719.29, -125.0,   0.71783, 3,    5719.29,  115.0,   0.71783
"SCN_CN15_9091_CEI131_ATV", 13.8, 1,    5722.07,   -4.9,   0.71818, 2,    5722.06, -124.9,   0.71818, 3,    5722.06,  115.1,   0.71818
"SCN_CN15_9092_CEI131_ATV", 13.8, 1,    5721.97,   -4.9,   0.71817, 2,    5721.96, -124.9,   0.71817, 3,    5721.96,  115.1,   0.71817
"SCN_CN15_9093_CEI131_ATV", 13.8, 1,    5721.87,   -4.9,   0.71816, 2,    5721.86, -124.9,   0.71816, 3,    5721.86,  115.1,   0.71816
"SCN_CN15_9094_CEI131_ATV", 13.8, 1,    5721.78,   -4.9,   0.71815, 2,    5721.77, -124.9,   0.71814, 3,    5721.77,  115.1,   0.71814
"SCN_CN15_9095_CEI131_ATV", 13.8, 1,     5721.7,   -4.9,   0.71814, 2,    5721.69, -124.9,   0.71813, 3,    5721.69,  115.1,   0.71813
"SCN_CN15_9091_CEI131_ATV_S", 13.8, 1,    5722.07,   -4.9,   0.71818, 2,    5722.06, -124.9,   0.71818, 3,    5722.06,  115.1,   0.71818
"SCN_CN15_9096_CEI131_ATV", 13.8, 1,    5725.07,   -4.9,   0.71856, 2,    5725.06, -124.9,   0.71856, 3,    5725.06,  115.1,   0.71856
"SCN_CN15_9054_CEI201_ATV", 13.8, 1,    5603.15,   -5.5,   0.70326, 2,    5603.14, -125.5,   0.70326, 3,    5603.14,  114.5,   0.70326
"SCN_CN15_9474_CEI109", 13.8, 1,    5603.18,   -5.5,   0.70326, 2,    5603.17, -125.5,   0.70326, 3,    5603.17,  114.5,   0.70326
"SCN_CN15_9082_CEI201_ATV", 13.8, 1,    5837.58,   -4.4,   0.73268, 2,    5837.57, -124.4,   0.73268, 3,    5837.57,  115.6,   0.73268
"SCN_CN15_CEI_FL_MT_1162", 13.8, 1,    5837.74,   -4.4,    0.7327, 2,    5837.73, -124.4,    0.7327, 3,    5837.73,  115.6,    0.7327
"SCN_CN15_9083_CEI201_ATV_S", 13.8, 1,    5837.65,   -4.4,   0.73269, 2,    5837.64, -124.4,   0.73269, 3,    5837.64,  115.6,   0.73269
"SCN_CN15_9107_CEI220_ATV", 13.8, 1,    5754.44,   -4.9,   0.72224, 2,    5754.43, -124.9,   0.72224, 3,    5754.43,  115.1,   0.72224
"SCN_CN15_9460_CEI109", 13.8, 1,    5659.52,   -5.2,   0.71033, 2,    5659.51, -125.2,   0.71033, 3,    5659.51,  114.8,   0.71033
"SCN_CN15_9461_CEI109", 13.8, 1,     5659.5,   -5.2,   0.71033, 2,     5659.5, -125.2,   0.71033, 3,     5659.5,  114.8,   0.71033
"SCN_CN15_9187_CEI068", 13.8, 1,    6182.37,   -3.6,   0.77596, 2,    6182.37, -123.6,   0.77595, 3,    6182.37,  116.4,   0.77595
"SCN_CN15_9188_CEI068", 13.8, 1,    6182.21,   -3.6,   0.77594, 2,     6182.2, -123.6,   0.77593, 3,     6182.2,  116.4,   0.77593
"SCN_CN15_9190_CEI068", 13.8, 1,    6182.04,   -3.6,   0.77591, 2,    6182.04, -123.6,   0.77591, 3,    6182.04,  116.4,   0.77591
"SCN_CN15_9189_CEI068", 13.8, 1,    6182.04,   -3.6,   0.77591, 2,    6182.03, -123.6,   0.77591, 3,    6182.03,  116.4,   0.77591
"SCN_CN15_9018_CEI130A_ATV", 13.8, 1,    6181.72,   -3.6,   0.77587, 2,    6181.71, -123.6,   0.77587, 3,    6181.71,  116.4,   0.77587
"SCN_CN15_9019_CEI130A_ATV", 13.8, 1,    6181.55,   -3.6,   0.77585, 2,    6181.55, -123.6,   0.77585, 3,    6181.55,  116.4,   0.77585
"SCN_CN15_9462_CEI109", 13.8, 1,    5659.49,   -5.2,   0.71033, 2,    5659.48, -125.2,   0.71033, 3,    5659.48,  114.8,   0.71033
"SCN_CN15_9020_CEI130A_ATV", 13.8, 1,    6181.39,   -3.6,   0.77583, 2,    6181.38, -123.6,   0.77583, 3,    6181.38,  116.4,   0.77583
"SCN_CN15_9021_CEI130A_ATV", 13.8, 1,    6181.22,   -3.6,   0.77581, 2,    6181.22, -123.6,   0.77581, 3,    6181.22,  116.4,   0.77581
"SCN_CN15_9022_CEI130A_ATV", 13.8, 1,    6181.06,   -3.6,   0.77579, 2,    6181.06, -123.6,   0.77579, 3,    6181.06,  116.4,   0.77579
"SCN_CN15_9023_CEI130A_ATV", 13.8, 1,    6180.91,   -3.6,   0.77577, 2,     6180.9, -123.6,   0.77577, 3,     6180.9,  116.4,   0.77577
"SCN_CN15_9024_CEI130A_ATV", 13.8, 1,    6180.73,   -3.6,   0.77575, 2,    6180.73, -123.6,   0.77575, 3,    6180.73,  116.4,   0.77575
"SCN_CN15_9025_CEI130A_ATV_S", 13.8, 1,    6180.58,   -3.6,   0.77573, 2,    6180.57, -123.6,   0.77573, 3,    6180.57,  116.4,   0.77573
"SCN_CN15_9025_CEI130A_ATV", 13.8, 1,    6180.58,   -3.6,   0.77573, 2,    6180.57, -123.6,   0.77573, 3,    6180.57,  116.4,   0.77573
"SCN_CN15_9026_CEI130A_ATV", 13.8, 1,    6180.58,   -3.6,   0.77573, 2,    6180.57, -123.6,   0.77573, 3,    6180.57,  116.4,   0.77573
"SCN_CN15_9027_CEI130A_ATV", 13.8, 1,    6180.41,   -3.6,   0.77571, 2,     6180.4, -123.6,   0.77571, 3,     6180.4,  116.4,   0.77571
"SCN_CN15_9028_CEI130A_ATV", 13.8, 1,    6180.41,   -3.6,   0.77571, 2,     6180.4, -123.6,   0.77571, 3,     6180.4,  116.4,   0.77571
"SCN_CN15_9029_CEI130A_ATV", 13.8, 1,    6180.41,   -3.6,   0.77571, 2,     6180.4, -123.6,   0.77571, 3,     6180.4,  116.4,   0.77571
"SCN_CN15_9463_CEI109", 13.8, 1,    5659.46,   -5.2,   0.71032, 2,    5659.45, -125.2,   0.71032, 3,    5659.45,  114.8,   0.71032
"SCN_CN15_9030_CEI130A_ATV", 13.8, 1,    6180.41,   -3.6,   0.77571, 2,     6180.4, -123.6,   0.77571, 3,     6180.4,  116.4,   0.77571
"SCN_CN15_9031_CEI130A_ATV", 13.8, 1,    6180.41,   -3.6,   0.77571, 2,     6180.4, -123.6,   0.77571, 3,     6180.4,  116.4,   0.77571
"SCN_CN15_9032_CEI130A_ATV", 13.8, 1,    6180.41,   -3.6,   0.77571, 2,     6180.4, -123.6,   0.77571, 3,     6180.4,  116.4,   0.77571
"SCN_CN15_9033_CEI130A_ATV", 13.8, 1,    6180.41,   -3.6,   0.77571, 2,     6180.4, -123.6,   0.77571, 3,     6180.4,  116.4,   0.77571
"SCN_CN15_9035_CEI130A_ATV", 13.8, 1,    6180.41,   -3.6,   0.77571, 2,     6180.4, -123.6,   0.77571, 3,     6180.4,  116.4,   0.77571
"SCN_CN15_9037_CEI130A_ATV", 13.8, 1,    6180.29,   -3.6,   0.77569, 2,    6180.29, -123.6,   0.77569, 3,    6180.29,  116.4,   0.77569
"SCN_CN15_9045_CEI130A_ATV", 13.8, 1,    6180.06,   -3.6,   0.77567, 2,    6180.05, -123.6,   0.77566, 3,    6180.05,  116.4,   0.77566
"SCN_CN15_9038_CEI130A_ATV", 13.8, 1,    6180.29,   -3.6,   0.77569, 2,    6180.29, -123.6,   0.77569, 3,    6180.29,  116.4,   0.77569
"SCN_CN15_9464_CEI109", 13.8, 1,    5659.42,   -5.2,   0.71032, 2,    5659.42, -125.2,   0.71032, 3,    5659.42,  114.8,   0.71032
"SCN_CN15_9041_CEI130A_ATV", 13.8, 1,    6180.29,   -3.6,   0.77569, 2,    6180.29, -123.6,   0.77569, 3,    6180.29,  116.4,   0.77569
"SCN_CN15_9039_CEI130A_ATV", 13.8, 1,    6180.29,   -3.6,   0.77569, 2,    6180.29, -123.6,   0.77569, 3,    6180.29,  116.4,   0.77569
"SCN_CN15_9044_CEI130A_ATV", 13.8, 1,    6180.29,   -3.6,   0.77569, 2,    6180.29, -123.6,   0.77569, 3,    6180.29,  116.4,   0.77569
"SCN_CN15_9043_CEI130A_ATV", 13.8, 1,    6180.29,   -3.6,   0.77569, 2,    6180.29, -123.6,   0.77569, 3,    6180.29,  116.4,   0.77569
"SCN_CN15_9042_CEI130A_ATV", 13.8, 1,    6180.29,   -3.6,   0.77569, 2,    6180.29, -123.6,   0.77569, 3,    6180.29,  116.4,   0.77569
"SCN_CN15_9465_CEI109", 13.8, 1,    5659.38,   -5.2,   0.71031, 2,    5659.37, -125.2,   0.71031, 3,    5659.37,  114.8,   0.71031
"SCN_CN15_9040_CEI076", 13.8, 1,    6201.36,   -3.6,   0.77834, 2,    6201.35, -123.6,   0.77834, 3,    6201.35,  116.4,   0.77834
"SCN_CN15_9047_CEI076", 13.8, 1,    6201.23,   -3.6,   0.77832, 2,    6201.22, -123.6,   0.77832, 3,    6201.22,  116.4,   0.77832
"SCN_CN15_9039_CEI076_S", 13.8, 1,    6201.44,   -3.6,   0.77835, 2,    6201.43, -123.6,   0.77835, 3,    6201.43,  116.4,   0.77835
"SCN_CN15_9038_CEI076", 13.8, 1,    6201.52,   -3.6,   0.77836, 2,    6201.51, -123.6,   0.77836, 3,    6201.51,  116.4,   0.77836
"SCN_CN15_9037_CEI076", 13.8, 1,    6201.48,   -3.6,   0.77835, 2,    6201.47, -123.6,   0.77835, 3,    6201.47,  116.4,   0.77835
"SCN_CN15_9036_CEI076", 13.8, 1,    6201.67,   -3.6,   0.77838, 2,    6201.67, -123.6,   0.77838, 3,    6201.67,  116.4,   0.77838
"SCN_CN15_9038_CEI076_S", 13.8, 1,    6201.52,   -3.6,   0.77836, 2,    6201.51, -123.6,   0.77836, 3,    6201.51,  116.4,   0.77836
"SCN_CN15_9466_CEI109", 13.8, 1,    5659.33,   -5.2,   0.71031, 2,    5659.32, -125.2,   0.71031, 3,    5659.32,  114.8,   0.71031
"SCN_CN15_9034_CEI076", 13.8, 1,    6201.83,   -3.6,    0.7784, 2,    6201.82, -123.6,    0.7784, 3,    6201.82,  116.4,    0.7784
"SCN_CN15_9033_CEI076", 13.8, 1,       6202,   -3.6,   0.77842, 2,    6201.99, -123.6,   0.77842, 3,    6201.99,  116.4,   0.77842
"SCN_CN15_9032_CEI076", 13.8, 1,    6202.27,   -3.6,   0.77845, 2,    6202.27, -123.6,   0.77845, 3,    6202.27,  116.4,   0.77845
"SCN_CN15_9031_CEI076", 13.8, 1,    6202.55,   -3.6,   0.77849, 2,    6202.54, -123.6,   0.77849, 3,    6202.54,  116.4,   0.77849
"SCN_CN15_9030_CEI076", 13.8, 1,    6202.81,   -3.6,   0.77852, 2,     6202.8, -123.6,   0.77852, 3,     6202.8,  116.4,   0.77852
"SCN_CN15_9046_CEIRJ006_ATV", 13.8, 1,    6203.07,   -3.6,   0.77855, 2,    6203.06, -123.6,   0.77855, 3,    6203.06,  116.4,   0.77855
"SCN_CN15_9047_CEIRJ006_ATV", 13.8, 1,    6203.57,   -3.6,   0.77862, 2,    6203.56, -123.6,   0.77862, 3,    6203.57,  116.4,   0.77862
"SCN_CN15_9025_CEI076", 13.8, 1,       6204,   -3.6,   0.77867, 2,       6204, -123.6,   0.77867, 3,       6204,  116.4,   0.77867
"SCN_CN15_9024_CEI076", 13.8, 1,    6204.22,   -3.6,    0.7787, 2,    6204.21, -123.6,    0.7787, 3,    6204.22,  116.4,    0.7787
"SCN_CN15_9023_CEI076", 13.8, 1,    6204.53,   -3.6,   0.77874, 2,    6204.52, -123.6,   0.77874, 3,    6204.52,  116.4,   0.77874
"SCN_CN15_9293_CEI109", 13.8, 1,    5658.82,   -5.2,   0.71024, 2,    5658.81, -125.2,   0.71024, 3,    5658.81,  114.8,   0.71024
"SCN_CN15_9049_CEIRJ006_ATV", 13.8, 1,    6204.87,   -3.6,   0.77878, 2,    6204.86, -123.6,   0.77878, 3,    6204.86,  116.4,   0.77878
"SCN_CN15_9023_CEI076_S", 13.8, 1,    6204.53,   -3.6,   0.77874, 2,    6204.52, -123.6,   0.77874, 3,    6204.52,  116.4,   0.77874
"SCN_CN15_9019_CEI076", 13.8, 1,    6205.33,   -3.6,   0.77884, 2,    6205.32, -123.6,   0.77884, 3,    6205.32,  116.4,   0.77884
"SCN_CN15_9018_CEI076", 13.8, 1,     6205.6,   -3.6,   0.77887, 2,    6205.59, -123.6,   0.77887, 3,    6205.59,  116.4,   0.77887
"SCN_CN15_9017_CEI076", 13.8, 1,    6205.88,   -3.6,   0.77891, 2,    6205.88, -123.6,   0.77891, 3,    6205.88,  116.4,   0.77891
"SCN_CN15_9016_CEI076", 13.8, 1,    6206.14,   -3.6,   0.77894, 2,    6206.13, -123.6,   0.77894, 3,    6206.13,  116.4,   0.77894
"SCN_CN15_9015_CEI076", 13.8, 1,    6206.45,   -3.6,   0.77898, 2,    6206.45, -123.6,   0.77898, 3,    6206.45,  116.4,   0.77898
"SCN_CN15_9014_CEI076", 13.8, 1,     6206.8,   -3.6,   0.77902, 2,    6206.79, -123.6,   0.77902, 3,    6206.79,  116.4,   0.77902
"SCN_CN15_9013_CEI076", 13.8, 1,    6207.32,   -3.6,   0.77909, 2,    6207.31, -123.6,   0.77909, 3,    6207.31,  116.4,   0.77909
"SCN_CN15_9012_CEI076", 13.8, 1,    6207.86,   -3.6,   0.77915, 2,    6207.85, -123.6,   0.77915, 3,    6207.85,  116.4,   0.77915
"SCN_CN15_9011_CEI076", 13.8, 1,     6208.4,   -3.6,   0.77922, 2,    6208.39, -123.6,   0.77922, 3,    6208.39,  116.4,   0.77922
"SCN_CN15_9294_CEI109", 13.8, 1,    5657.24,   -5.2,   0.71005, 2,    5657.23, -125.2,   0.71004, 3,    5657.23,  114.8,   0.71004
"SCN_CN15_9010_CEI076", 13.8, 1,    6208.91,   -3.6,   0.77929, 2,    6208.91, -123.6,   0.77929, 3,    6208.91,  116.4,   0.77929
"SCN_CN15_9009_CEI076", 13.8, 1,    6209.38,   -3.6,   0.77934, 2,    6209.37, -123.6,   0.77934, 3,    6209.37,  116.4,   0.77934
"SCN_CN15_9008_CEI076", 13.8, 1,    6209.75,   -3.6,   0.77939, 2,    6209.74, -123.6,   0.77939, 3,    6209.74,  116.4,   0.77939
"SCN_CN15_9007_CEI076", 13.8, 1,     6210.1,   -3.6,   0.77944, 2,     6210.1, -123.6,   0.77943, 3,     6210.1,  116.4,   0.77944
"SCN_CN15_9006_CEI076", 13.8, 1,    6210.48,   -3.6,   0.77948, 2,    6210.48, -123.6,   0.77948, 3,    6210.48,  116.4,   0.77948
"SCN_CN15_9005_CEI076", 13.8, 1,    6210.86,   -3.6,   0.77953, 2,    6210.85, -123.6,   0.77953, 3,    6210.85,  116.4,   0.77953
"SCN_CN15_9004_CEI076", 13.8, 1,    6211.23,   -3.6,   0.77958, 2,    6211.22, -123.6,   0.77958, 3,    6211.22,  116.4,   0.77958
"SCN_CN15_9003_CEI076", 13.8, 1,    6211.55,   -3.6,   0.77962, 2,    6211.54, -123.6,   0.77962, 3,    6211.55,  116.4,   0.77962
"SCN_CN15_9002_CEI076", 13.8, 1,    6211.96,   -3.6,   0.77967, 2,    6211.95, -123.6,   0.77967, 3,    6211.95,  116.4,   0.77967
"SCN_CN15_9117_CEI076", 13.8, 1,    6212.34,   -3.6,   0.77972, 2,    6212.33, -123.6,   0.77972, 3,    6212.33,  116.4,   0.77972
"SCN_CN15_9295_CEI109", 13.8, 1,    5655.65,   -5.3,   0.70985, 2,    5655.64, -125.3,   0.70984, 3,    5655.64,  114.7,   0.70984
"SCN_CN15_9149_CEI068", 13.8, 1,    6212.71,   -3.6,   0.77976, 2,     6212.7, -123.6,   0.77976, 3,     6212.7,  116.4,   0.77976
"SCN_CN15_9312_CEI068", 13.8, 1,    6212.65,   -3.6,   0.77975, 2,    6212.64, -123.6,   0.77975, 3,    6212.64,  116.4,   0.77975
"SCN_CN15_9313_CEI068", 13.8, 1,    6212.48,   -3.6,   0.77973, 2,    6212.47, -123.6,   0.77973, 3,    6212.48,  116.4,   0.77973
"SCN_CN15_9314_CEI068", 13.8, 1,    6212.31,   -3.6,   0.77971, 2,     6212.3, -123.6,   0.77971, 3,    6212.31,  116.4,   0.77971
"SCN_CN15_9315_CEI068", 13.8, 1,    6212.14,   -3.6,   0.77969, 2,    6212.14, -123.6,   0.77969, 3,    6212.14,  116.4,   0.77969
"SCN_CN15_9316_CEI068", 13.8, 1,    6211.97,   -3.6,   0.77967, 2,    6211.97, -123.6,   0.77967, 3,    6211.97,  116.4,   0.77967
"SCN_CN15_9317_CEI068", 13.8, 1,     6211.8,   -3.6,   0.77965, 2,     6211.8, -123.6,   0.77965, 3,     6211.8,  116.4,   0.77965
"SCN_CN15_9319_CEI068", 13.8, 1,    6211.76,   -3.6,   0.77964, 2,    6211.75, -123.6,   0.77964, 3,    6211.75,  116.4,   0.77964
"SCN_CN15_9150_CEI068", 13.8, 1,    6213.14,   -3.6,   0.77982, 2,    6213.13, -123.6,   0.77982, 3,    6213.13,  116.4,   0.77982
"SCN_CN15_9149_CEI068_S", 13.8, 1,    6212.71,   -3.6,   0.77976, 2,     6212.7, -123.6,   0.77976, 3,     6212.7,  116.4,   0.77976
"SCN_CN15_9064_CEI201_ATV", 13.8, 1,    5613.88,   -5.4,    0.7046, 2,    5613.87, -125.4,    0.7046, 3,    5613.87,  114.6,    0.7046
"SCN_CN15_9408_CEI109", 13.8, 1,    5613.94,   -5.4,   0.70461, 2,    5613.93, -125.4,   0.70461, 3,    5613.93,  114.6,   0.70461
"SCN_CN15_9024_CEI130_ATV", 13.8, 1,    5964.96,   -4.1,   0.74867, 2,    5964.95, -124.1,   0.74867, 3,    5964.95,  115.9,   0.74867
"SCN_CN15_9099_CEI131_ATV", 13.8, 1,    5731.47,   -4.9,   0.71936, 2,    5731.47, -124.9,   0.71936, 3,    5731.47,  115.1,   0.71936
"SCN_CN15_9197_CEI69B_S", 13.8, 1,    5836.63,   -4.4,   0.73256, 2,    5836.62, -124.4,   0.73256, 3,    5836.62,  115.6,   0.73256
"SCN_CN15_9111_CEI201_ATV", 13.8, 1,     5836.8,   -4.4,   0.73258, 2,    5836.79, -124.4,   0.73258, 3,    5836.79,  115.6,   0.73258
"SCN_CN15_9050_CEI201_ATV", 13.8, 1,    5602.49,   -5.5,   0.70317, 2,    5602.48, -125.5,   0.70317, 3,    5602.48,  114.5,   0.70317
"SCN_CN15_9100_CEI131_ATV", 13.8, 1,    5734.51,   -4.9,   0.71974, 2,     5734.5, -124.9,   0.71974, 3,     5734.5,  115.1,   0.71974
"SCN_CN15_9101_CEI131_ATV", 13.8, 1,    5737.65,   -4.9,   0.72014, 2,    5737.65, -124.9,   0.72014, 3,    5737.65,  115.1,   0.72014
"SCN_CN15_9064_CEI220_ATV", 13.8, 1,    5740.82,   -4.9,   0.72054, 2,    5740.81, -124.9,   0.72053, 3,    5740.81,  115.1,   0.72053
"SCN_CN15_9065_CEI220_ATV", 13.8, 1,    5740.82,   -4.9,   0.72054, 2,    5740.81, -124.9,   0.72053, 3,    5740.81,  115.1,   0.72053
"SCN_CN15_9063_CEI220_ATV", 13.8, 1,    5743.77,   -4.9,   0.72091, 2,    5743.77, -124.9,   0.72091, 3,    5743.77,  115.1,   0.72091
"SCN_CN15_9062_CEI220_ATV", 13.8, 1,    5743.68,   -4.9,    0.7209, 2,    5743.68, -124.9,   0.72089, 3,    5743.68,  115.1,   0.72089
"SCN_CN15_9061_CEI220_ATV", 13.8, 1,    5743.59,   -4.9,   0.72088, 2,    5743.58, -124.9,   0.72088, 3,    5743.58,  115.1,   0.72088
"SCN_CN15_9060_CEI220_ATV", 13.8, 1,     5743.5,   -4.9,   0.72087, 2,    5743.49, -124.9,   0.72087, 3,    5743.49,  115.1,   0.72087
"SCN_CN15_9051_CEI201_ATV", 13.8, 1,    5601.95,   -5.5,   0.70311, 2,    5601.94, -125.5,   0.70311, 3,    5601.94,  114.5,   0.70311
"SCN_CN15_9481_CEI109", 13.8, 1,    5601.96,   -5.5,   0.70311, 2,    5601.95, -125.5,   0.70311, 3,    5601.95,  114.5,   0.70311
"SCN_CN15_9155_CEI109", 13.8, 1,    5630.36,   -5.4,   0.70667, 2,    5630.35, -125.4,   0.70667, 3,    5630.35,  114.6,   0.70667
"SCN_CN15_9025_CEI201_ATV", 13.8, 1,    5594.71,   -5.5,    0.7022, 2,     5594.7, -125.5,    0.7022, 3,     5594.7,  114.5,    0.7022
"SCN_CN15_9151_CEI068", 13.8, 1,    6213.56,   -3.6,   0.77987, 2,    6213.55, -123.6,   0.77987, 3,    6213.55,  116.4,   0.77987
"SCN_CN15_9296_CEI109", 13.8, 1,    5653.34,   -5.3,   0.70956, 2,    5653.33, -125.3,   0.70955, 3,    5653.33,  114.7,   0.70955
"SCN_CN15_9152_CEI068", 13.8, 1,     6214.5,   -3.6,   0.77999, 2,    6214.49, -123.6,   0.77999, 3,     6214.5,  116.4,   0.77999
"SCN_CN15_9153_CEI068", 13.8, 1,    6215.51,   -3.6,   0.78011, 2,    6215.51, -123.6,   0.78011, 3,    6215.51,  116.4,   0.78011
"SCN_CN15_9158_CEI068", 13.8, 1,    6216.51,   -3.5,   0.78024, 2,     6216.5, -123.5,   0.78024, 3,    6216.51,  116.5,   0.78024
"SCN_CN15_9159_CEI068", 13.8, 1,    6216.41,   -3.5,   0.78023, 2,     6216.4, -123.5,   0.78023, 3,    6216.41,  116.5,   0.78023
"SCN_CN15_9158_CEI068_S", 13.8, 1,    6216.51,   -3.5,   0.78024, 2,     6216.5, -123.5,   0.78024, 3,    6216.51,  116.5,   0.78024
"SCN_CN15_9029_CEI250_ATV", 13.8, 1,    6217.49,   -3.5,   0.78036, 2,    6217.49, -123.5,   0.78036, 3,    6217.49,  116.5,   0.78036
"SCN_CN15_9030_CEI250_ATV", 13.8, 1,    6218.73,   -3.5,   0.78052, 2,    6218.72, -123.5,   0.78052, 3,    6218.72,  116.5,   0.78052
"SCN_CN15_9031_CEI250_ATV", 13.8, 1,    6218.69,   -3.5,   0.78051, 2,    6218.68, -123.5,   0.78051, 3,    6218.69,  116.5,   0.78051
"SCN_CN15_9030_CEI250_ATV_S", 13.8, 1,    6218.73,   -3.5,   0.78052, 2,    6218.72, -123.5,   0.78052, 3,    6218.72,  116.5,   0.78052
"SCN_CN15_9032_CEI250_ATV", 13.8, 1,    6219.93,   -3.5,   0.78067, 2,    6219.92, -123.5,   0.78067, 3,    6219.92,  116.5,   0.78067
"SCN_CN15_9033_CEI250_ATV", 13.8, 1,    6221.15,   -3.5,   0.78082, 2,    6221.14, -123.5,   0.78082, 3,    6221.14,  116.5,   0.78082
"SCN_CN15_9102_CEI068", 13.8, 1,    6222.38,   -3.5,   0.78098, 2,    6222.37, -123.5,   0.78098, 3,    6222.37,  116.5,   0.78098
"SCN_CN15_9297_CEI109", 13.8, 1,    5651.21,   -5.3,   0.70929, 2,    5651.21, -125.3,   0.70929, 3,    5651.21,  114.7,   0.70929
"SCN_CN15_9101_CEI068", 13.8, 1,    6236.88,   -3.5,    0.7828, 2,    6236.88, -123.5,    0.7828, 3,    6236.88,  116.5,    0.7828
"SCN_CN15_9100_CEI068_S", 13.8, 1,    6248.73,   -3.5,   0.78428, 2,    6248.73, -123.5,   0.78428, 3,    6248.73,  116.5,   0.78428
"SCN_CN15_9100_CEI068", 13.8, 1,    6248.73,   -3.5,   0.78428, 2,    6248.73, -123.5,   0.78428, 3,    6248.73,  116.5,   0.78428
"SCN_CN15_9050_CEI070_S", 13.8, 1,    6263.87,   -3.5,   0.78618, 2,    6263.86, -123.5,   0.78618, 3,    6263.86,  116.5,   0.78618
"SCN_CN15_9098_CEI068_S", 13.8, 1,    6248.73,   -3.5,   0.78428, 2,    6248.73, -123.5,   0.78428, 3,    6248.73,  116.5,   0.78428
"SCN_CN15_9049_CEI070", 13.8, 1,     6276.6,   -3.4,   0.78778, 2,    6276.59, -123.4,   0.78778, 3,    6276.59,  116.6,   0.78778
"SCN_CN15_9048_CEI070", 13.8, 1,    6286.93,   -3.4,   0.78908, 2,    6286.93, -123.4,   0.78908, 3,    6286.93,  116.6,   0.78908
"SCN_CN15_9047_CEI070", 13.8, 1,    6297.08,   -3.4,   0.79035, 2,    6297.07, -123.4,   0.79035, 3,    6297.07,  116.6,   0.79035
"SCN_CN15_9046_CEI070", 13.8, 1,     6310.8,   -3.4,   0.79207, 2,    6310.79, -123.4,   0.79207, 3,     6310.8,  116.6,   0.79207
"SCN_CN15_9045_CEI070_S", 13.8, 1,    6325.04,   -3.4,   0.79386, 2,    6325.03, -123.4,   0.79386, 3,    6325.03,  116.6,   0.79386
"SCN_CN15_9298_CEI109", 13.8, 1,    5648.33,   -5.3,   0.70893, 2,    5648.32, -125.3,   0.70893, 3,    5648.32,  114.7,   0.70893
"SCN_CN15_9051_CEI070", 13.8, 1,    6325.02,   -3.4,   0.79386, 2,    6325.01, -123.4,   0.79386, 3,    6325.01,  116.6,   0.79386
"SCN_CN15_9045_CEI070", 13.8, 1,    6325.04,   -3.4,   0.79386, 2,    6325.03, -123.4,   0.79386, 3,    6325.03,  116.6,   0.79386
"SCN_CN15_9043_CEI070_S", 13.8, 1,     6332.6,   -3.3,   0.79481, 2,     6332.6, -123.3,   0.79481, 3,     6332.6,  116.7,   0.79481
"SCN_CN15_9043_CEI070", 13.8, 1,     6332.6,   -3.3,   0.79481, 2,     6332.6, -123.3,   0.79481, 3,     6332.6,  116.7,   0.79481
"SCN_CN15_9044_CEI070", 13.8, 1,    6332.57,   -3.3,   0.79481, 2,    6332.56, -123.3,   0.79481, 3,    6332.57,  116.7,   0.79481
"SCN_CN15_9042_CEI070_S", 13.8, 1,    6346.07,   -3.3,    0.7965, 2,    6346.07, -123.3,    0.7965, 3,    6346.07,  116.7,    0.7965
"SCN_CN15_9042_CEI070", 13.8, 1,    6346.07,   -3.3,    0.7965, 2,    6346.07, -123.3,    0.7965, 3,    6346.07,  116.7,    0.7965
"SCN_CN15_9052_CEI070", 13.8, 1,    6346.06,   -3.3,    0.7965, 2,    6346.05, -123.3,    0.7965, 3,    6346.05,  116.7,    0.7965
"SCN_CN15_9040_CEI070", 13.8, 1,    6361.02,   -3.3,   0.79838, 2,    6361.01, -123.3,   0.79838, 3,    6361.01,  116.7,   0.79838
"SCN_CN15_9041_CEI070", 13.8, 1,    6360.94,   -3.3,   0.79837, 2,    6360.93, -123.3,   0.79837, 3,    6360.93,  116.7,   0.79837
"SCN_CN15_9039_CEI070", 13.8, 1,    6372.17,   -3.3,   0.79978, 2,    6372.16, -123.3,   0.79978, 3,    6372.16,  116.7,   0.79978
"SCN_CN15_9038_CEI070_S", 13.8, 1,    6388.85,   -3.3,   0.80187, 2,    6388.85, -123.3,   0.80187, 3,    6388.85,  116.7,   0.80187
"SCN_CN15_9038_CEI070", 13.8, 1,    6388.85,   -3.3,   0.80187, 2,    6388.85, -123.3,   0.80187, 3,    6388.85,  116.7,   0.80187
"SCN_CN15_9053_CEI070", 13.8, 1,    6388.75,   -3.3,   0.80186, 2,    6388.74, -123.3,   0.80186, 3,    6388.75,  116.7,   0.80186
"SCN_CN15_9026_CEI220_ATV", 13.8, 1,    5646.42,   -5.3,   0.70869, 2,    5646.41, -125.3,   0.70869, 3,    5646.41,  114.7,   0.70869
"SCN_CN15_9054_CEI070", 13.8, 1,     6388.6,   -3.3,   0.80184, 2,    6388.59, -123.3,   0.80184, 3,    6388.59,  116.7,   0.80184
"SCN_CN15_9055_CEI070_S", 13.8, 1,    6388.44,   -3.3,   0.80182, 2,    6388.43, -123.3,   0.80182, 3,    6388.43,  116.7,   0.80182
"SCN_CN15_9055_CEI070", 13.8, 1,    6388.44,   -3.3,   0.80182, 2,    6388.43, -123.3,   0.80182, 3,    6388.43,  116.7,   0.80182
"SCN_CN15_9057_CEI070", 13.8, 1,    6388.31,   -3.3,    0.8018, 2,     6388.3, -123.3,    0.8018, 3,     6388.3,  116.7,    0.8018
"SCN_CN15_9058_CEI070_S", 13.8, 1,    6388.18,   -3.3,   0.80179, 2,    6388.17, -123.3,   0.80179, 3,    6388.17,  116.7,   0.80179
"SCN_CN15_9058_CEI070", 13.8, 1,    6388.18,   -3.3,   0.80179, 2,    6388.17, -123.3,   0.80179, 3,    6388.17,  116.7,   0.80179
"SCN_CN15_9059_CEI070", 13.8, 1,    6388.17,   -3.3,   0.80179, 2,    6388.16, -123.3,   0.80178, 3,    6388.16,  116.7,   0.80178
"SCN_CN15_9060_CEI070", 13.8, 1,    6388.09,   -3.3,   0.80177, 2,    6388.08, -123.3,   0.80177, 3,    6388.08,  116.7,   0.80177
"SCN_CN15_9061_CEI070", 13.8, 1,    6388.02,   -3.3,   0.80177, 2,    6388.01, -123.3,   0.80177, 3,    6388.01,  116.7,   0.80177
"SCN_CN15_9062_CEI070", 13.8, 1,    6387.95,   -3.3,   0.80176, 2,    6387.94, -123.3,   0.80176, 3,    6387.94,  116.7,   0.80176
"SCN_CN15_9063_CEI070", 13.8, 1,    6387.88,   -3.3,   0.80175, 2,    6387.88, -123.3,   0.80175, 3,    6387.88,  116.7,   0.80175
"SCN_CN15_9064_CEI070", 13.8, 1,     6387.8,   -3.3,   0.80174, 2,    6387.79, -123.3,   0.80174, 3,    6387.79,  116.7,   0.80174
"SCN_CN15_9299_CEI109", 13.8, 1,    5645.55,   -5.3,   0.70858, 2,    5645.54, -125.3,   0.70858, 3,    5645.54,  114.7,   0.70858
"SCN_CN15_9065_CEI070", 13.8, 1,    6387.71,   -3.3,   0.80173, 2,     6387.7, -123.3,   0.80173, 3,    6387.71,  116.7,   0.80173
"SCN_CN15_9066_CEI070", 13.8, 1,    6387.62,   -3.3,   0.80172, 2,    6387.62, -123.3,   0.80172, 3,    6387.62,  116.7,   0.80172
"SCN_CN15_9037_CEI070_S", 13.8, 1,    6400.39,   -3.2,   0.80332, 2,    6400.38, -123.2,   0.80332, 3,    6400.38,  116.8,   0.80332
"SCN_CN15_9036_CEI070", 13.8, 1,    6409.16,   -3.2,   0.80442, 2,    6409.15, -123.2,   0.80442, 3,    6409.15,  116.8,   0.80442
"SCN_CN15_9037_CEI070", 13.8, 1,    6400.39,   -3.2,   0.80332, 2,    6400.38, -123.2,   0.80332, 3,    6400.38,  116.8,   0.80332
"SCN_CN15_9035_CEI070_S", 13.8, 1,    6418.54,   -3.2,    0.8056, 2,    6418.53, -123.2,    0.8056, 3,    6418.53,  116.8,    0.8056
"SCN_CN15_9019_CEI070", 13.8, 1,    6418.52,   -3.2,   0.80559, 2,    6418.52, -123.2,   0.80559, 3,    6418.52,  116.8,   0.80559
"SCN_CN15_9035_CEI070", 13.8, 1,    6418.54,   -3.2,    0.8056, 2,    6418.53, -123.2,    0.8056, 3,    6418.53,  116.8,    0.8056
"SCN_CN15_9020_CEI070", 13.8, 1,    6418.52,   -3.2,   0.80559, 2,    6418.51, -123.2,   0.80559, 3,    6418.51,  116.8,   0.80559
"SCN_CN15_9276_CEI250_ATV", 13.8, 1,    6400.21,   -3.2,    0.8033, 2,     6400.2, -123.2,    0.8033, 3,     6400.2,  116.8,    0.8033
"SCN_CN15_9275_CEI250_ATV", 13.8, 1,    6400.01,   -3.2,   0.80327, 2,       6400, -123.2,   0.80327, 3,    6400.01,  116.8,   0.80327
"SCN_CN15_9274_CEI250_ATV", 13.8, 1,    6399.84,   -3.2,   0.80325, 2,    6399.83, -123.2,   0.80325, 3,    6399.83,  116.8,   0.80325
"SCN_CN15_9300_CEI109", 13.8, 1,    5643.26,   -5.3,   0.70829, 2,    5643.25, -125.3,   0.70829, 3,    5643.25,  114.7,   0.70829
"SCN_CN15_9277_CEI250_ATV", 13.8, 1,    6399.63,   -3.2,   0.80322, 2,    6399.62, -123.2,   0.80322, 3,    6399.63,  116.8,   0.80322
"SCN_CN15_9278_CEI250_ATV", 13.8, 1,    6399.44,   -3.2,    0.8032, 2,    6399.44, -123.2,    0.8032, 3,    6399.44,  116.8,    0.8032
"SCN_CN15_9071_CEI070", 13.8, 1,    6399.25,   -3.2,   0.80318, 2,    6399.25, -123.2,   0.80318, 3,    6399.25,  116.8,   0.80318
"SCN_CN15_9034_CEI070", 13.8, 1,    6434.91,   -3.2,   0.80765, 2,    6434.91, -123.2,   0.80765, 3,    6434.91,  116.8,   0.80765
"SCN_CN15_9033_CEI070_S", 13.8, 1,    6451.16,   -3.2,   0.80969, 2,    6451.15, -123.2,   0.80969, 3,    6451.15,  116.8,   0.80969
"SCN_CN15_9033_CEI070", 13.8, 1,    6451.16,   -3.2,   0.80969, 2,    6451.15, -123.2,   0.80969, 3,    6451.15,  116.8,   0.80969
"SCN_CN15_9099_CEI070", 13.8, 1,    6451.07,   -3.2,   0.80968, 2,    6451.06, -123.2,   0.80968, 3,    6451.07,  116.8,   0.80968
"SCN_CN15_9098_CEI070", 13.8, 1,    6451.03,   -3.2,   0.80967, 2,    6451.02, -123.2,   0.80967, 3,    6451.02,  116.8,   0.80967
"SCN_CN15_9097_CEI070", 13.8, 1,    6450.98,   -3.2,   0.80967, 2,    6450.98, -123.2,   0.80967, 3,    6450.98,  116.8,   0.80967
"SCN_CN15_9096_CEI070", 13.8, 1,    6450.94,   -3.2,   0.80966, 2,    6450.93, -123.2,   0.80966, 3,    6450.94,  116.8,   0.80966
"SCN_CN15_9095_CEI070", 13.8, 1,     6450.9,   -3.2,   0.80966, 2,    6450.89, -123.2,   0.80966, 3,    6450.89,  116.8,   0.80966
"SCN_CN15_9249_CEI109", 13.8, 1,     5641.4,   -5.3,   0.70806, 2,    5641.39, -125.3,   0.70806, 3,    5641.39,  114.7,   0.70806
"SCN_CN15_9094_CEI070", 13.8, 1,    6450.86,   -3.2,   0.80965, 2,    6450.85, -123.2,   0.80965, 3,    6450.85,  116.8,   0.80965
"SCN_CN15_9032_CEI070", 13.8, 1,    6468.31,   -3.1,   0.81184, 2,     6468.3, -123.1,   0.81184, 3,    6468.31,  116.9,   0.81184
"SCN_CN15_9031_CEI070_S", 13.8, 1,    6484.85,   -3.1,   0.81392, 2,    6484.85, -123.1,   0.81392, 3,    6484.85,  116.9,   0.81392
"SCN_CN15_9031_CEI070", 13.8, 1,    6484.85,   -3.1,   0.81392, 2,    6484.85, -123.1,   0.81392, 3,    6484.85,  116.9,   0.81392
"SCN_CN15_9030_CEI070", 13.8, 1,    6497.05,   -3.1,   0.81545, 2,    6497.04, -123.1,   0.81545, 3,    6497.04,  116.9,   0.81545
"SCN_CN15_9291_CEI250_ATV", 13.8, 1,    6509.65,   -3.1,   0.81703, 2,    6509.65, -123.1,   0.81703, 3,    6509.65,  116.9,   0.81703
"SCN_CN15_9281_CEI250_ATV", 13.8, 1,    6521.67,   -3.0,   0.81854, 2,    6521.66, -123.0,   0.81854, 3,    6521.66,  117.0,   0.81854
"SCN_CN15_9282_CEI250_ATV", 13.8, 1,    6531.67,   -3.0,    0.8198, 2,    6531.66, -123.0,    0.8198, 3,    6531.66,  117.0,    0.8198
"SCN_CN15_9280_CEI250_ATV", 13.8, 1,    6531.63,   -3.0,   0.81979, 2,    6531.62, -123.0,   0.81979, 3,    6531.62,  117.0,   0.81979
"SCN_CN15_9283_CEI250_ATV", 13.8, 1,    6542.19,   -3.0,   0.82112, 2,    6542.18, -123.0,   0.82112, 3,    6542.18,  117.0,   0.82112
"SCN_CN15_9284_CEI250_ATV", 13.8, 1,    6542.14,   -3.0,   0.82111, 2,    6542.13, -123.0,   0.82111, 3,    6542.13,  117.0,   0.82111
"SCN_CN15_9302_CEI109", 13.8, 1,    5640.66,   -5.3,   0.70796, 2,    5640.65, -125.3,   0.70796, 3,    5640.65,  114.7,   0.70796
"SCN_CN15_9056_CEI160_ATV", 13.8, 1,    6567.08,   -3.0,   0.82424, 2,    6567.07, -123.0,   0.82424, 3,    6567.07,  117.0,   0.82424
"SCN_CN15_9057_CEI160_ATV", 13.8, 1,    6566.57,   -3.0,   0.82418, 2,    6566.56, -123.0,   0.82418, 3,    6566.56,  117.0,   0.82418
"SCN_CN15_9058_CEI160_ATV", 13.8, 1,    6566.01,   -3.0,   0.82411, 2,    6566.01, -123.0,   0.82411, 3,    6566.01,  117.0,   0.82411
"SCN_CN15_9059_CEI160_ATV", 13.8, 1,    6565.98,   -3.0,    0.8241, 2,    6565.97, -123.0,    0.8241, 3,    6565.97,  117.0,    0.8241
"SCN_CN15_9066_CEI160_ATV", 13.8, 1,    6565.88,   -3.0,   0.82409, 2,    6565.87, -123.0,   0.82409, 3,    6565.88,  117.0,   0.82409
"SCN_CN15_9065_CEI160_ATV", 13.8, 1,    6565.76,   -3.0,   0.82408, 2,    6565.76, -123.0,   0.82407, 3,    6565.76,  117.0,   0.82407
"SCN_CN15_9064_CEI160_ATV", 13.8, 1,    6565.65,   -3.0,   0.82406, 2,    6565.64, -123.0,   0.82406, 3,    6565.65,  117.0,   0.82406
"SCN_CN15_9063_CEI160_ATV", 13.8, 1,    6565.56,   -3.0,   0.82405, 2,    6565.56, -123.0,   0.82405, 3,    6565.56,  117.0,   0.82405
"SCN_CN15_9303_CEI109", 13.8, 1,    5638.22,   -5.3,   0.70766, 2,    5638.21, -125.3,   0.70766, 3,    5638.21,  114.7,   0.70766
"SCN_CN15_9062_CEI160_ATV", 13.8, 1,     6565.3,   -3.0,   0.82402, 2,    6565.29, -123.0,   0.82402, 3,    6565.29,  117.0,   0.82402
"SCN_CN15_9061_CEI160_ATV", 13.8, 1,    6565.11,   -3.0,   0.82399, 2,     6565.1, -123.0,   0.82399, 3,     6565.1,  117.0,   0.82399
"SCN_CN15_9060_CEI160_ATV", 13.8, 1,    6564.77,   -3.0,   0.82395, 2,    6564.76, -123.0,   0.82395, 3,    6564.76,  117.0,   0.82395
"SCN_CN15_9001_CEIRJ012_ATV", 13.8, 1,    6484.85,   -3.1,   0.81392, 2,    6484.85, -123.1,   0.81392, 3,    6484.85,  116.9,   0.81392
"SCN_CN15_9002_CEIRJ012_ATV", 13.8, 1,    6484.85,   -3.1,   0.81392, 2,    6484.85, -123.1,   0.81392, 3,    6484.85,  116.9,   0.81392
"SCN_CN15_9008_CEIRJ006_ATV", 13.8, 1,    6388.42,   -3.3,   0.80182, 2,    6388.41, -123.3,   0.80182, 3,    6388.41,  116.7,   0.80182
"SCN_CN15_9035_CEI250_ATV", 13.8, 1,    6222.34,   -3.5,   0.78097, 2,    6222.33, -123.5,   0.78097, 3,    6222.33,  116.5,   0.78097
"SCN_CN15_9036_CEI250_ATV", 13.8, 1,    6222.29,   -3.5,   0.78097, 2,    6222.28, -123.5,   0.78096, 3,    6222.28,  116.5,   0.78096
"SCN_CN15_9037_CEI250_ATV", 13.8, 1,    6222.19,   -3.5,   0.78095, 2,    6222.18, -123.5,   0.78095, 3,    6222.18,  116.5,   0.78095
"SCN_CN15_9039_CEI250_ATV", 13.8, 1,    6222.09,   -3.5,   0.78094, 2,    6222.08, -123.5,   0.78094, 3,    6222.08,  116.5,   0.78094
"SCN_CN15_9304_CEI109", 13.8, 1,    5636.52,   -5.3,   0.70744, 2,    5636.51, -125.3,   0.70744, 3,    5636.51,  114.7,   0.70744
"SCN_CN15_9042_CEI250_ATV", 13.8, 1,    6221.98,   -3.5,   0.78093, 2,    6221.98, -123.5,   0.78093, 3,    6221.98,  116.5,   0.78093
"SCN_CN15_9041_CEI250_ATV", 13.8, 1,    6221.88,   -3.5,   0.78091, 2,    6221.88, -123.5,   0.78091, 3,    6221.88,  116.5,   0.78091
"SCN_CN15_9040_CEI250_ATV", 13.8, 1,    6221.77,   -3.5,    0.7809, 2,    6221.77, -123.5,    0.7809, 3,    6221.77,  116.5,    0.7809
"SCN_CN15_9059_CEI220_ATV", 13.8, 1,    5743.43,   -4.9,   0.72086, 2,    5743.42, -124.9,   0.72086, 3,    5743.42,  115.1,   0.72086
"SCN_CN15_9058_CEI220_ATV", 13.8, 1,    5743.37,   -4.9,   0.72086, 2,    5743.36, -124.9,   0.72085, 3,    5743.36,  115.1,   0.72085
"SCN_CN15_9063_CEI220_ATV_S", 13.8, 1,    5743.77,   -4.9,   0.72091, 2,    5743.77, -124.9,   0.72091, 3,    5743.77,  115.1,   0.72091
"SCN_CN15_9066_CEI220_ATV", 13.8, 1,    5747.13,   -4.9,   0.72133, 2,    5747.13, -124.9,   0.72133, 3,    5747.13,  115.1,   0.72133
"SCN_CN15_9071_CEI220_ATV", 13.8, 1,    5747.09,   -4.9,   0.72132, 2,    5747.08, -124.9,   0.72132, 3,    5747.08,  115.1,   0.72132
"SCN_CN15_9072_CEI220_ATV", 13.8, 1,    5747.04,   -4.9,   0.72132, 2,    5747.03, -124.9,   0.72131, 3,    5747.03,  115.1,   0.72131
"SCN_CN15_9073_CEI220_ATV", 13.8, 1,    5746.98,   -4.9,   0.72131, 2,    5746.97, -124.9,   0.72131, 3,    5746.97,  115.1,   0.72131
"SCN_CN15_9074_CEI220_ATV", 13.8, 1,    5746.93,   -4.9,    0.7213, 2,    5746.93, -124.9,    0.7213, 3,    5746.93,  115.1,    0.7213
"SCN_CN15_9075_CEI220_ATV", 13.8, 1,    5746.88,   -4.9,    0.7213, 2,    5746.87, -124.9,    0.7213, 3,    5746.87,  115.1,    0.7213
"SCN_CN15_9034_CEI201_ATV", 13.8, 1,    5597.24,   -5.5,   0.70252, 2,    5597.23, -125.5,   0.70251, 3,    5597.23,  114.5,   0.70251
"SCN_CN15_9036_CEI201_ATV", 13.8, 1,    5597.64,   -5.5,   0.70256, 2,    5597.63, -125.5,   0.70256, 3,    5597.63,  114.5,   0.70256
"SCN_CN15_9066_CEI220_ATV_S", 13.8, 1,    5747.13,   -4.9,   0.72133, 2,    5747.13, -124.9,   0.72133, 3,    5747.13,  115.1,   0.72133
"SCN_CN15_9067_CEI220_ATV", 13.8, 1,    5750.47,   -4.9,   0.72175, 2,    5750.46, -124.9,   0.72175, 3,    5750.46,  115.1,   0.72175
"SCN_CN15_9068_CEI220_ATV", 13.8, 1,    5752.66,   -4.9,   0.72202, 2,    5752.65, -124.9,   0.72202, 3,    5752.65,  115.1,   0.72202
"SCN_CN15_9142_CEI220_ATV", 13.8, 1,    5754.48,   -4.9,   0.72225, 2,    5754.47, -124.9,   0.72225, 3,    5754.47,  115.1,   0.72225
"SCN_CN15_9030_CEI201_ATV", 13.8, 1,    5595.93,   -5.5,   0.70235, 2,    5595.92, -125.5,   0.70235, 3,    5595.92,  114.5,   0.70235
"SCN_CN15_9037_CEI148_ATV", 13.8, 1,    5839.57,   -4.4,   0.73293, 2,    5839.56, -124.4,   0.73293, 3,    5839.56,  115.6,   0.73293
"SCN_CN15_9013_CEIRJ013_ATV", 13.8, 1,    5839.57,   -4.4,   0.73293, 2,    5839.56, -124.4,   0.73293, 3,    5839.56,  115.6,   0.73293
"SCN_CN15_9141_CEI220_ATV", 13.8, 1,     5754.7,   -4.9,   0.72228, 2,     5754.7, -124.9,   0.72228, 3,     5754.7,  115.1,   0.72228
"SCN_CN15_9142_CEI220_ATV_S", 13.8, 1,    5754.48,   -4.9,   0.72225, 2,    5754.47, -124.9,   0.72225, 3,    5754.47,  115.1,   0.72225
"SCN_CN15_9043_CEI250_ATV", 13.8, 1,    6221.72,   -3.5,   0.78089, 2,    6221.71, -123.5,   0.78089, 3,    6221.71,  116.5,   0.78089
"SCN_CN15_9047_CEI250_ATV", 13.8, 1,    6221.69,   -3.5,   0.78089, 2,    6221.68, -123.5,   0.78089, 3,    6221.68,  116.5,   0.78089
"SCN_CN15_9048_CEI250_ATV", 13.8, 1,    6221.62,   -3.5,   0.78088, 2,    6221.62, -123.5,   0.78088, 3,    6221.62,  116.5,   0.78088
"SCN_CN15_9049_CEI250_ATV", 13.8, 1,    6221.56,   -3.5,   0.78087, 2,    6221.56, -123.5,   0.78087, 3,    6221.56,  116.5,   0.78087
"SCN_CN15_9044_CEI250_ATV", 13.8, 1,    6221.69,   -3.5,   0.78089, 2,    6221.69, -123.5,   0.78089, 3,    6221.69,  116.5,   0.78089
"SCN_CN15_9045_CEI250_ATV", 13.8, 1,    6221.67,   -3.5,   0.78089, 2,    6221.67, -123.5,   0.78089, 3,    6221.67,  116.5,   0.78089
"SCN_CN15_9046_CEI250_ATV", 13.8, 1,    6221.65,   -3.5,   0.78089, 2,    6221.65, -123.5,   0.78088, 3,    6221.65,  116.5,   0.78088
"SCN_CN15_9305_CEI109", 13.8, 1,    5635.59,   -5.3,   0.70733, 2,    5635.59, -125.3,   0.70733, 3,    5635.58,  114.7,   0.70733
"SCN_CN15_9059_CEI075", 13.8, 1,    5754.51,   -4.5,   0.72225, 2,     5754.5, -124.5,   0.72225, 3,     5754.5,  115.5,   0.72225
"SCN_CN15_9060_CEI075", 13.8, 1,    5753.56,   -4.5,   0.72213, 2,    5753.55, -124.5,   0.72213, 3,    5753.55,  115.5,   0.72213
"SCN_CN15_9061_CEI075", 13.8, 1,    5752.65,   -4.5,   0.72202, 2,    5752.64, -124.5,   0.72202, 3,    5752.64,  115.5,   0.72202
"SCN_CN15_9062_CEI075", 13.8, 1,    5751.78,   -4.5,   0.72191, 2,    5751.77, -124.5,   0.72191, 3,    5751.77,  115.5,   0.72191
"SCN_CN15_9063_CEI075", 13.8, 1,    5750.97,   -4.5,   0.72181, 2,    5750.96, -124.5,   0.72181, 3,    5750.96,  115.5,   0.72181
"SCN_CN15_9064_CEI075", 13.8, 1,    5750.09,   -4.5,    0.7217, 2,    5750.08, -124.5,    0.7217, 3,    5750.08,  115.5,    0.7217
"SCN_CN15_9127_CEI230_ATV", 13.8, 1,    5750.04,   -4.5,   0.72169, 2,    5750.03, -124.5,   0.72169, 3,    5750.03,  115.5,   0.72169
"SCN_CN15_9126_CEI230_ATV", 13.8, 1,    5749.99,   -4.5,   0.72169, 2,    5749.98, -124.5,   0.72169, 3,    5749.98,  115.5,   0.72169
"SCN_CN15_9174_CEI230_ATV", 13.8, 1,    5750.02,   -4.5,   0.72169, 2,    5750.01, -124.5,   0.72169, 3,    5750.01,  115.5,   0.72169
"SCN_CN15_9175_CEI230_ATV", 13.8, 1,    5750.02,   -4.5,   0.72169, 2,    5750.01, -124.5,   0.72169, 3,    5750.01,  115.5,   0.72169
"SCN_CN15_9422_CEI109", 13.8, 1,    5633.78,   -5.3,    0.7071, 2,    5633.77, -125.3,    0.7071, 3,    5633.77,  114.7,    0.7071
"SCN_CN15_9173_CEI230_ATV", 13.8, 1,    5750.01,   -4.5,   0.72169, 2,       5750, -124.5,   0.72169, 3,       5750,  115.5,   0.72169
"SCN_CN15_9016_CEI201_ATV", 13.8, 1,    5592.88,   -5.5,   0.70197, 2,    5592.87, -125.5,   0.70197, 3,    5592.87,  114.5,   0.70197
"SCN_CN15_9172_CEI230_ATV", 13.8, 1,    5749.95,   -4.5,   0.72168, 2,    5749.94, -124.5,   0.72168, 3,    5749.94,  115.5,   0.72168
"SCN_CN15_9171_CEI230_ATV", 13.8, 1,    5749.89,   -4.5,   0.72167, 2,    5749.88, -124.5,   0.72167, 3,    5749.88,  115.5,   0.72167
"SCN_CN15_9170_CEI230_ATV", 13.8, 1,    5749.83,   -4.5,   0.72167, 2,    5749.82, -124.5,   0.72167, 3,    5749.82,  115.5,   0.72167
"SCN_CN15_9065_CEI075", 13.8, 1,    5749.28,   -4.5,    0.7216, 2,    5749.27, -124.5,    0.7216, 3,    5749.27,  115.5,    0.7216
"SCN_CN15_9106_CEI075", 13.8, 1,    5748.41,   -4.5,   0.72149, 2,     5748.4, -124.5,   0.72149, 3,     5748.4,  115.5,   0.72149
"SCN_CN15_9105_CEI075", 13.8, 1,    5747.61,   -4.5,   0.72139, 2,     5747.6, -124.5,   0.72139, 3,     5747.6,  115.5,   0.72139
"SCN_CN15_9130_CEI230_ATV", 13.8, 1,    5747.57,   -4.5,   0.72138, 2,    5747.56, -124.5,   0.72138, 3,    5747.56,  115.5,   0.72138
"SCN_CN15_9129_CEI230_ATV", 13.8, 1,    5747.54,   -4.5,   0.72138, 2,    5747.53, -124.5,   0.72138, 3,    5747.53,  115.5,   0.72138
"SCN_CN15_9128_CEI230_ATV", 13.8, 1,     5747.5,   -4.5,   0.72137, 2,    5747.49, -124.5,   0.72137, 3,    5747.49,  115.5,   0.72137
"SCN_CN15_9421_CEI109", 13.8, 1,    5632.42,   -5.3,   0.70693, 2,    5632.41, -125.3,   0.70693, 3,    5632.41,  114.7,   0.70693
"SCN_CN15_9104_CEI075", 13.8, 1,    5746.79,   -4.5,   0.72128, 2,    5746.78, -124.5,   0.72128, 3,    5746.78,  115.5,   0.72128
"SCN_CN15_9103_CEI075", 13.8, 1,    5745.94,   -4.5,   0.72118, 2,    5745.93, -124.5,   0.72118, 3,    5745.93,  115.5,   0.72118
"SCN_CN15_9102_CEI075", 13.8, 1,    5745.19,   -4.5,   0.72108, 2,    5745.18, -124.5,   0.72108, 3,    5745.18,  115.5,   0.72108
"SCN_CN15_9168_CEI230_ATV", 13.8, 1,    5745.17,   -4.5,   0.72108, 2,    5745.16, -124.5,   0.72108, 3,    5745.16,  115.5,   0.72108
"SCN_CN15_9100_CEI075", 13.8, 1,    5744.39,   -4.5,   0.72098, 2,    5744.38, -124.5,   0.72098, 3,    5744.38,  115.5,   0.72098
"SCN_CN15_9099_CEI075", 13.8, 1,    5743.59,   -4.5,   0.72088, 2,    5743.58, -124.5,   0.72088, 3,    5743.58,  115.5,   0.72088
"SCN_CN15_9097_CEI075", 13.8, 1,    5742.79,   -4.5,   0.72078, 2,    5742.78, -124.5,   0.72078, 3,    5742.78,  115.5,   0.72078
"SCN_CN15_9167_CEI230_ATV", 13.8, 1,    5742.76,   -4.5,   0.72078, 2,    5742.75, -124.5,   0.72078, 3,    5742.75,  115.5,   0.72078
"SCN_CN15_9096_CEI075", 13.8, 1,    5741.99,   -4.5,   0.72068, 2,    5741.98, -124.5,   0.72068, 3,    5741.98,  115.5,   0.72068
"SCN_CN15_9095_CEI075", 13.8, 1,    5741.18,   -4.5,   0.72058, 2,    5741.17, -124.5,   0.72058, 3,    5741.17,  115.5,   0.72058
"SCN_CN15_9420_CEI109", 13.8, 1,    5631.28,   -5.3,   0.70679, 2,    5631.27, -125.3,   0.70679, 3,    5631.27,  114.7,   0.70679
"SCN_CN15_9093_CEI075", 13.8, 1,     5740.4,   -4.5,   0.72048, 2,    5740.39, -124.5,   0.72048, 3,    5740.39,  115.5,   0.72048
"SCN_CN15_9092_CEI075", 13.8, 1,    5739.46,   -4.5,   0.72037, 2,    5739.45, -124.5,   0.72036, 3,    5739.45,  115.5,   0.72036
"SCN_CN15_9091_CEI075", 13.8, 1,    5738.48,   -4.5,   0.72024, 2,    5738.46, -124.5,   0.72024, 3,    5738.46,  115.5,   0.72024
"SCN_CN15_9090_CEI075", 13.8, 1,    5737.83,   -4.5,   0.72016, 2,    5737.82, -124.5,   0.72016, 3,    5737.82,  115.5,   0.72016
"SCN_CN15_9166_CEI230_ATV", 13.8, 1,    5737.82,   -4.5,   0.72016, 2,    5737.81, -124.5,   0.72016, 3,    5737.81,  115.5,   0.72016
"SCN_CN15_9131_CEI230_ATV", 13.8, 1,    5738.45,   -4.5,   0.72024, 2,    5738.44, -124.5,   0.72024, 3,    5738.44,  115.5,   0.72024
"SCN_CN15_9089_CEI075", 13.8, 1,    5737.17,   -4.5,   0.72008, 2,    5737.16, -124.5,   0.72008, 3,    5737.16,  115.5,   0.72008
"SCN_CN15_9088_CEI075", 13.8, 1,     5736.6,   -4.5,   0.72001, 2,    5736.59, -124.5,      0.72, 3,    5736.59,  115.5,      0.72
"SCN_CN15_9132_CEI230_ATV", 13.8, 1,    5736.53,   -4.5,      0.72, 2,    5736.52, -124.5,      0.72, 3,    5736.52,  115.5,      0.72
"SCN_CN15_9133_CEI230_ATV", 13.8, 1,    5736.45,   -4.5,   0.71999, 2,    5736.44, -124.5,   0.71999, 3,    5736.44,  115.5,   0.71999
"SCN_CN15_9419_CEI109", 13.8, 1,    5630.12,   -5.4,   0.70664, 2,    5630.11, -125.4,   0.70664, 3,    5630.11,  114.6,   0.70664
"SCN_CN15_9134_CEI230_ATV", 13.8, 1,    5736.39,   -4.5,   0.71998, 2,    5736.38, -124.5,   0.71998, 3,    5736.38,  115.5,   0.71998
"SCN_CN15_9135_CEI230_ATV", 13.8, 1,    5736.32,   -4.5,   0.71997, 2,    5736.31, -124.5,   0.71997, 3,    5736.31,  115.5,   0.71997
"SCN_CN15_9145_CEI230_ATV", 13.8, 1,    5736.29,   -4.5,   0.71997, 2,    5736.28, -124.5,   0.71997, 3,    5736.28,  115.5,   0.71997
"SCN_CN15_9137_CEI230_ATV", 13.8, 1,    5736.27,   -4.5,   0.71996, 2,    5736.26, -124.5,   0.71996, 3,    5736.26,  115.5,   0.71996
"SCN_CN15_9138_CEI230_ATV", 13.8, 1,    5736.22,   -4.5,   0.71996, 2,    5736.21, -124.5,   0.71996, 3,    5736.21,  115.5,   0.71996
"SCN_CN15_9139_CEI230_ATV", 13.8, 1,    5736.18,   -4.5,   0.71995, 2,    5736.17, -124.5,   0.71995, 3,    5736.17,  115.5,   0.71995
"SCN_CN15_9140_CEI230_ATV", 13.8, 1,    5736.14,   -4.5,   0.71995, 2,    5736.13, -124.5,   0.71995, 3,    5736.13,  115.5,   0.71995
"SCN_CN15_9141_CEI230_ATV", 13.8, 1,     5736.1,   -4.5,   0.71994, 2,    5736.09, -124.5,   0.71994, 3,    5736.09,  115.5,   0.71994
"SCN_CN15_9142_CEI230_ATV", 13.8, 1,    5736.09,   -4.5,   0.71994, 2,    5736.08, -124.5,   0.71994, 3,    5736.08,  115.5,   0.71994
"SCN_CN15_9143_CEI230_ATV", 13.8, 1,    5736.07,   -4.5,   0.71994, 2,    5736.06, -124.5,   0.71994, 3,    5736.06,  115.5,   0.71994
"SCN_CN15_9418_CEI109", 13.8, 1,    5629.01,   -5.4,    0.7065, 2,       5629, -125.4,    0.7065, 3,       5629,  114.6,    0.7065
"SCN_CN15_9144_CEI230_ATV", 13.8, 1,    5736.09,   -4.5,   0.71994, 2,    5736.07, -124.5,   0.71994, 3,    5736.07,  115.5,   0.71994
"SCN_CN15_9146_CEI230_ATV", 13.8, 1,    5736.03,   -4.5,   0.71993, 2,    5736.02, -124.5,   0.71993, 3,    5736.02,  115.5,   0.71993
"SCN_CN15_9087_CEI075", 13.8, 1,    5735.65,   -4.5,   0.71989, 2,    5735.64, -124.5,   0.71989, 3,    5735.64,  115.5,   0.71989
"SCN_CN15_9086_CEI075", 13.8, 1,    5734.84,   -4.6,   0.71979, 2,    5734.83, -124.6,   0.71978, 3,    5734.83,  115.4,   0.71978
"SCN_CN15_9165_CEI230_ATV", 13.8, 1,    5734.84,   -4.6,   0.71979, 2,    5734.83, -124.6,   0.71978, 3,    5734.83,  115.4,   0.71978
"SCN_CN15_9085_CEI075", 13.8, 1,    5733.92,   -4.6,   0.71967, 2,    5733.91, -124.6,   0.71967, 3,    5733.91,  115.4,   0.71967
"SCN_CN15_9084_CEI075", 13.8, 1,    5733.03,   -4.6,   0.71956, 2,    5733.02, -124.6,   0.71956, 3,    5733.02,  115.4,   0.71956
"SCN_CN15_9083_CEI075", 13.8, 1,    5732.17,   -4.6,   0.71945, 2,    5732.16, -124.6,   0.71945, 3,    5732.16,  115.4,   0.71945
"SCN_CN15_9082_CEI075", 13.8, 1,    5731.19,   -4.6,   0.71933, 2,    5731.17, -124.6,   0.71933, 3,    5731.17,  115.4,   0.71933
"SCN_CN15_9147_CEI230_ATV", 13.8, 1,    5731.13,   -4.6,   0.71932, 2,    5731.12, -124.6,   0.71932, 3,    5731.12,  115.4,   0.71932
"SCN_CN15_9417_CEI109", 13.8, 1,    5627.01,   -5.4,   0.70625, 2,       5627, -125.4,   0.70625, 3,       5627,  114.6,   0.70625
"SCN_CN15_9148_CEI230_ATV", 13.8, 1,    5731.08,   -4.6,   0.71931, 2,    5731.07, -124.6,   0.71931, 3,    5731.07,  115.4,   0.71931
"SCN_CN15_9149_CEI230_ATV", 13.8, 1,    5731.02,   -4.6,   0.71931, 2,    5731.01, -124.6,    0.7193, 3,    5731.01,  115.4,    0.7193
"SCN_CN15_9150_CEI230_ATV", 13.8, 1,    5731.02,   -4.6,   0.71931, 2,    5731.01, -124.6,    0.7193, 3,    5731.01,  115.4,    0.7193
"SCN_CN15_9151_CEI230_ATV", 13.8, 1,    5730.97,   -4.6,    0.7193, 2,    5730.96, -124.6,    0.7193, 3,    5730.96,  115.4,    0.7193
"SCN_CN15_9152_CEI230_ATV", 13.8, 1,       5731,   -4.6,    0.7193, 2,    5730.99, -124.6,    0.7193, 3,    5730.99,  115.4,    0.7193
"SCN_CN15_9153_CEI230_ATV", 13.8, 1,    5730.99,   -4.6,    0.7193, 2,    5730.98, -124.6,    0.7193, 3,    5730.98,  115.4,    0.7193
"SCN_CN15_9154_CEI230_ATV", 13.8, 1,    5730.97,   -4.6,    0.7193, 2,    5730.96, -124.6,    0.7193, 3,    5730.96,  115.4,    0.7193
"SCN_CN15_9155_CEI230_ATV", 13.8, 1,    5730.95,   -4.6,    0.7193, 2,    5730.94, -124.6,    0.7193, 3,    5730.94,  115.4,    0.7193
"SCN_CN15_9156_CEI230_ATV", 13.8, 1,    5730.91,   -4.6,   0.71929, 2,     5730.9, -124.6,   0.71929, 3,     5730.9,  115.4,   0.71929
"SCN_CN15_9157_CEI230_ATV", 13.8, 1,    5730.88,   -4.6,   0.71929, 2,    5730.87, -124.6,   0.71929, 3,    5730.87,  115.4,   0.71929
"SCN_CN15_9416_CEI109", 13.8, 1,    5625.12,   -5.4,   0.70601, 2,    5625.11, -125.4,   0.70601, 3,    5625.11,  114.6,   0.70601
"SCN_CN15_9164_CEI230_ATV", 13.8, 1,    5733.03,   -4.6,   0.71956, 2,    5733.02, -124.6,   0.71956, 3,    5733.02,  115.4,   0.71956
"SCN_CN15_9080_CEI075", 13.8, 1,    5730.35,   -4.6,   0.71922, 2,    5730.34, -124.6,   0.71922, 3,    5730.34,  115.4,   0.71922
"SCN_CN15_9163_CEI230_ATV", 13.8, 1,    5730.32,   -4.6,   0.71922, 2,    5730.31, -124.6,   0.71922, 3,    5730.31,  115.4,   0.71922
"SCN_CN15_9079_CEI075", 13.8, 1,     5729.7,   -4.6,   0.71914, 2,    5729.69, -124.6,   0.71914, 3,    5729.69,  115.4,   0.71914
"SCN_CN15_9077_CEI075", 13.8, 1,    5729.15,   -4.6,   0.71907, 2,    5729.14, -124.6,   0.71907, 3,    5729.14,  115.4,   0.71907
"SCN_CN15_9162_CEI230_ATV", 13.8, 1,     5729.1,   -4.6,   0.71906, 2,    5729.09, -124.6,   0.71906, 3,    5729.09,  115.4,   0.71906
"SCN_CN15_9076_CEI075", 13.8, 1,     5728.2,   -4.6,   0.71895, 2,    5728.19, -124.6,   0.71895, 3,    5728.19,  115.4,   0.71895
"SCN_CN15_9075_CEI075", 13.8, 1,    5727.63,   -4.6,   0.71888, 2,    5727.62, -124.6,   0.71888, 3,    5727.62,  115.4,   0.71888
"SCN_CN15_9074_CEI075", 13.8, 1,    5727.07,   -4.6,   0.71881, 2,    5727.06, -124.6,   0.71881, 3,    5727.06,  115.4,   0.71881
"SCN_CN15_9011_CEI201_ATV", 13.8, 1,    5592.17,   -5.5,   0.70188, 2,    5592.16, -125.5,   0.70188, 3,    5592.16,  114.5,   0.70188
"SCN_CN15_9012_CEI201_ATV", 13.8, 1,    5592.27,   -5.5,   0.70189, 2,    5592.26, -125.5,   0.70189, 3,    5592.26,  114.5,   0.70189
"SCN_CN15_9073_CEI075", 13.8, 1,    5726.19,   -4.6,    0.7187, 2,    5726.18, -124.6,    0.7187, 3,    5726.18,  115.4,    0.7187
"SCN_CN15_9415_CEI109", 13.8, 1,    5623.16,   -5.4,   0.70577, 2,    5623.15, -125.4,   0.70577, 3,    5623.15,  114.6,   0.70577
"SCN_CN15_9072_CEI075", 13.8, 1,    5725.76,   -4.6,   0.71865, 2,    5725.75, -124.6,   0.71864, 3,    5725.75,  115.4,   0.71864
"SCN_CN15_9066_CEI075", 13.8, 1,    5725.31,   -4.6,   0.71859, 2,     5725.3, -124.6,   0.71859, 3,     5725.3,  115.4,   0.71859
"SCN_CN15_9067_CEI075", 13.8, 1,    5724.72,   -4.6,   0.71852, 2,    5724.71, -124.6,   0.71851, 3,    5724.71,  115.4,   0.71851
"SCN_CN15_9014_CEI201_ATV", 13.8, 1,    5592.58,   -5.5,   0.70193, 2,    5592.57, -125.5,   0.70193, 3,    5592.57,  114.5,   0.70193
"SCN_CN15_9015_CEI201_ATV", 13.8, 1,    5592.69,   -5.5,   0.70194, 2,    5592.68, -125.5,   0.70194, 3,    5592.68,  114.5,   0.70194
"SCN_CN15_9113_CEI77A_ATV", 13.8, 1,    7047.72,   -2.0,   0.88457, 2,    7047.72, -122.0,   0.88457, 3,    7047.72,  118.0,   0.88457
"SCN_CN15_9112_CEI77A_ATV", 13.8, 1,     7047.9,   -2.0,   0.88459, 2,     7047.9, -122.0,   0.88459, 3,     7047.9,  118.0,   0.88459
"SCN_CN15_9068_CEI220_ATV_S", 13.8, 1,    5752.66,   -4.9,   0.72202, 2,    5752.65, -124.9,   0.72202, 3,    5752.65,  115.1,   0.72202
"SCN_CN15_9069_CEI220_ATV", 13.8, 1,    5753.72,   -4.9,   0.72215, 2,    5753.71, -124.9,   0.72215, 3,    5753.71,  115.1,   0.72215
"SCN_CN15_9070_CEI220_ATV", 13.8, 1,    5752.48,   -4.9,     0.722, 2,    5752.47, -124.9,     0.722, 3,    5752.47,  115.1,     0.722
"SCN_CN15_9096_CEI220_ATV", 13.8, 1,    5752.41,   -4.9,   0.72199, 2,     5752.4, -124.9,   0.72199, 3,     5752.4,  115.1,   0.72199
"SCN_CN15_9095_CEI220_ATV", 13.8, 1,    5752.36,   -4.9,   0.72198, 2,    5752.36, -124.9,   0.72198, 3,    5752.36,  115.1,   0.72198
"SCN_CN15_9091_CEI220_ATV", 13.8, 1,     5752.3,   -4.9,   0.72198, 2,    5752.29, -124.9,   0.72197, 3,    5752.29,  115.1,   0.72197
"SCN_CN15_9090_CEI220_ATV", 13.8, 1,    5752.22,   -4.9,   0.72197, 2,    5752.21, -124.9,   0.72197, 3,    5752.21,  115.1,   0.72197
"SCN_CN15_9089_CEI220_ATV", 13.8, 1,    5752.18,   -4.9,   0.72196, 2,    5752.17, -124.9,   0.72196, 3,    5752.17,  115.1,   0.72196
"SCN_CN15_9051_CEI120", 13.8, 1,    5752.16,   -4.9,   0.72196, 2,    5752.16, -124.9,   0.72196, 3,    5752.16,  115.1,   0.72196
"SCN_CN15_9077_CEI220_ATV", 13.8, 1,    5752.12,   -4.9,   0.72195, 2,    5752.11, -124.9,   0.72195, 3,    5752.11,  115.1,   0.72195
"SCN_CN15_9079_CEI220_ATV", 13.8, 1,    5752.04,   -4.9,   0.72194, 2,    5752.03, -124.9,   0.72194, 3,    5752.03,  115.1,   0.72194
"SCN_CN15_9080_CEI220_ATV", 13.8, 1,    5751.95,   -4.9,   0.72193, 2,    5751.94, -124.9,   0.72193, 3,    5751.94,  115.1,   0.72193
"SCN_CN15_9022_CEI068", 13.8, 1,    6187.39,   -3.6,   0.77658, 2,    6187.38, -123.6,   0.77658, 3,    6187.38,  116.4,   0.77658
"SCN_CN15_9023_CEI068", 13.8, 1,    6187.39,   -3.6,   0.77658, 2,    6187.38, -123.6,   0.77658, 3,    6187.38,  116.4,   0.77658
"SCN_CN15_9047_CEI068", 13.8, 1,    6191.39,   -3.6,   0.77709, 2,    6191.38, -123.6,   0.77709, 3,    6191.38,  116.4,   0.77709
"SCN_CN15_9048_CEI068", 13.8, 1,    6191.77,   -3.6,   0.77714, 2,    6191.77, -123.6,   0.77713, 3,    6191.77,  116.4,   0.77713
"SCN_CN15_9049_CEI068", 13.8, 1,    6192.16,   -3.6,   0.77718, 2,    6192.15, -123.6,   0.77718, 3,    6192.15,  116.4,   0.77718
"SCN_CN15_9050_CEI068", 13.8, 1,    6192.54,   -3.6,   0.77723, 2,    6192.53, -123.6,   0.77723, 3,    6192.53,  116.4,   0.77723
"SCN_CN15_9051_CEI068", 13.8, 1,    6192.92,   -3.6,   0.77728, 2,    6192.91, -123.6,   0.77728, 3,    6192.91,  116.4,   0.77728
"SCN_CN15_9052_CEI068", 13.8, 1,    6193.31,   -3.6,   0.77733, 2,     6193.3, -123.6,   0.77733, 3,     6193.3,  116.4,   0.77733
"SCN_CN15_9053_CEI068", 13.8, 1,    6193.69,   -3.6,   0.77738, 2,    6193.68, -123.6,   0.77738, 3,    6193.69,  116.4,   0.77738
"SCN_CN15_9054_CEI068", 13.8, 1,    6194.07,   -3.6,   0.77742, 2,    6194.06, -123.6,   0.77742, 3,    6194.06,  116.4,   0.77742
"SCN_CN15_9055_CEI068", 13.8, 1,    6194.47,   -3.6,   0.77747, 2,    6194.46, -123.6,   0.77747, 3,    6194.47,  116.4,   0.77747
"SCN_CN15_9056_CEI068", 13.8, 1,    6194.85,   -3.6,   0.77752, 2,    6194.84, -123.6,   0.77752, 3,    6194.84,  116.4,   0.77752
"SCN_CN15_9059_CEI068", 13.8, 1,    6195.05,   -3.6,   0.77755, 2,    6195.04, -123.6,   0.77755, 3,    6195.04,  116.4,   0.77755
"SCN_CN15_9060_CEI068", 13.8, 1,     6195.3,   -3.6,   0.77758, 2,     6195.3, -123.6,   0.77758, 3,     6195.3,  116.4,   0.77758
"SCN_CN15_9061_CEI068", 13.8, 1,    6195.79,   -3.6,   0.77764, 2,    6195.78, -123.6,   0.77764, 3,    6195.78,  116.4,   0.77764
"SCN_CN15_9077_CEI131_ATV", 13.8, 1,    5699.93,   -5.0,    0.7154, 2,    5699.92, -125.0,    0.7154, 3,    5699.92,  115.0,    0.7154
"SCN_CN15_9062_CEI068", 13.8, 1,     6196.3,   -3.6,    0.7777, 2,     6196.3, -123.6,    0.7777, 3,     6196.3,  116.4,    0.7777
"SCN_CN15_9063_CEI068", 13.8, 1,    6196.81,   -3.6,   0.77777, 2,     6196.8, -123.6,   0.77777, 3,     6196.8,  116.4,   0.77777
"SCN_CN15_9064_CEI068", 13.8, 1,    6197.31,   -3.6,   0.77783, 2,     6197.3, -123.6,   0.77783, 3,     6197.3,  116.4,   0.77783
"SCN_CN15_9065_CEI068", 13.8, 1,    6197.81,   -3.6,   0.77789, 2,     6197.8, -123.6,   0.77789, 3,     6197.8,  116.4,   0.77789
"SCN_CN15_9066_CEI068", 13.8, 1,    6198.33,   -3.6,   0.77796, 2,    6198.32, -123.6,   0.77796, 3,    6198.32,  116.4,   0.77796
"SCN_CN15_9068_CEI068", 13.8, 1,    6198.81,   -3.6,   0.77802, 2,    6198.81, -123.6,   0.77802, 3,    6198.81,  116.4,   0.77802
"SCN_CN15_9046_CEI068", 13.8, 1,    6191.01,   -3.6,   0.77704, 2,       6191, -123.6,   0.77704, 3,       6191,  116.4,   0.77704
"SCN_CN15_9045_CEI068", 13.8, 1,    6190.62,   -3.6,   0.77699, 2,    6190.61, -123.6,   0.77699, 3,    6190.61,  116.4,   0.77699
"SCN_CN15_9044_CEI068", 13.8, 1,    6190.24,   -3.6,   0.77694, 2,    6190.23, -123.6,   0.77694, 3,    6190.23,  116.4,   0.77694
"SCN_CN15_9078_CEI131_ATV", 13.8, 1,    5698.58,   -5.0,   0.71523, 2,    5698.57, -125.0,   0.71523, 3,    5698.57,  115.0,   0.71523
"SCN_CN15_9043_CEI068", 13.8, 1,    6189.84,   -3.6,   0.77689, 2,    6189.84, -123.6,   0.77689, 3,    6189.84,  116.4,   0.77689
"SCN_CN15_9042_CEI068", 13.8, 1,    6189.46,   -3.6,   0.77685, 2,    6189.46, -123.6,   0.77684, 3,    6189.46,  116.4,   0.77684
"SCN_CN15_9041_CEI068", 13.8, 1,     6189.1,   -3.6,    0.7768, 2,    6189.09, -123.6,    0.7768, 3,    6189.09,  116.4,    0.7768
"SCN_CN15_9040_CEI068", 13.8, 1,    6188.91,   -3.6,   0.77678, 2,    6188.91, -123.6,   0.77678, 3,    6188.91,  116.4,   0.77678
"SCN_CN15_9041_CEI068_S", 13.8, 1,     6189.1,   -3.6,    0.7768, 2,    6189.09, -123.6,    0.7768, 3,    6189.09,  116.4,    0.7768
"SCN_CN15_9266_CEI250_ATV", 13.8, 1,    6188.71,   -3.6,   0.77675, 2,     6188.7, -123.6,   0.77675, 3,     6188.7,  116.4,   0.77675
"SCN_CN15_9024_CEI201_ATV", 13.8, 1,    5594.46,   -5.5,   0.70217, 2,    5594.45, -125.5,   0.70216, 3,    5594.45,  114.5,   0.70216
"SCN_CN15_9147_CEI220_ATV", 13.8, 1,    5754.16,   -4.9,   0.72221, 2,    5754.15, -124.9,   0.72221, 3,    5754.15,  115.1,   0.72221
"SCN_CN15_9068_CEI075", 13.8, 1,    5723.99,   -4.6,   0.71842, 2,    5723.98, -124.6,   0.71842, 3,    5723.98,  115.4,   0.71842
"SCN_CN15_9069_CEI075", 13.8, 1,    5723.25,   -4.6,   0.71833, 2,    5723.24, -124.6,   0.71833, 3,    5723.24,  115.4,   0.71833
"SCN_CN15_9051_CEI074", 13.8, 1,    5722.43,   -4.6,   0.71823, 2,    5722.42, -124.6,   0.71823, 3,    5722.42,  115.4,   0.71823
"SCN_CN15_9107_CEI77A_ATV", 13.8, 1,    7054.71,   -2.0,   0.88544, 2,     7054.7, -122.0,   0.88544, 3,    7054.71,  118.0,   0.88544
"SCN_CN15_9106_CEI77A_ATV", 13.8, 1,    7054.92,   -2.0,   0.88547, 2,    7054.92, -122.0,   0.88547, 3,    7054.92,  118.0,   0.88547
"SCN_CN15_9050_CEI074", 13.8, 1,    5721.96,   -4.6,   0.71817, 2,    5721.95, -124.6,   0.71817, 3,    5721.95,  115.4,   0.71817
"SCN_CN15_9049_CEI074", 13.8, 1,    5721.54,   -4.6,   0.71812, 2,    5721.53, -124.6,   0.71811, 3,    5721.53,  115.4,   0.71811
"SCN_CN15_9048_CEI074", 13.8, 1,    5721.05,   -4.6,   0.71805, 2,    5721.04, -124.6,   0.71805, 3,    5721.04,  115.4,   0.71805
"SCN_CN15_9031_CEI230B_ATV", 13.8, 1,    5721.01,   -4.6,   0.71805, 2,       5721, -124.6,   0.71805, 3,       5721,  115.4,   0.71805
"SCN_CN15_9414_CEI109", 13.8, 1,    5621.48,   -5.4,   0.70556, 2,    5621.47, -125.4,   0.70556, 3,    5621.47,  114.6,   0.70556
"SCN_CN15_9047_CEI074", 13.8, 1,    5720.42,   -4.6,   0.71798, 2,    5720.41, -124.6,   0.71797, 3,    5720.41,  115.4,   0.71797
"SCN_CN15_9046_CEI074", 13.8, 1,    5720.05,   -4.6,   0.71793, 2,    5720.04, -124.6,   0.71793, 3,    5720.04,  115.4,   0.71793
"SCN_CN15_9045_CEI074", 13.8, 1,    5719.46,   -4.6,   0.71786, 2,    5719.45, -124.6,   0.71785, 3,    5719.45,  115.4,   0.71785
"SCN_CN15_9028_CEI230B_ATV", 13.8, 1,    5719.39,   -4.6,   0.71785, 2,    5719.38, -124.6,   0.71784, 3,    5719.38,  115.4,   0.71784
"SCN_CN15_9029_CEI230B_ATV", 13.8, 1,    5719.32,   -4.6,   0.71784, 2,    5719.31, -124.6,   0.71784, 3,    5719.31,  115.4,   0.71784
"SCN_CN15_9030_CEI230B_ATV", 13.8, 1,    5719.25,   -4.6,   0.71783, 2,    5719.24, -124.6,   0.71783, 3,    5719.24,  115.4,   0.71783
"SCN_CN15_9043_CEI074", 13.8, 1,     5718.9,   -4.6,   0.71778, 2,    5718.89, -124.6,   0.71778, 3,    5718.89,  115.4,   0.71778
"SCN_CN15_9042_CEI074", 13.8, 1,    5718.41,   -4.6,   0.71772, 2,     5718.4, -124.6,   0.71772, 3,     5718.4,  115.4,   0.71772
"SCN_CN15_9041_CEI074", 13.8, 1,    5718.03,   -4.6,   0.71767, 2,    5718.01, -124.6,   0.71767, 3,    5718.01,  115.4,   0.71767
"SCN_CN15_9040_CEI074", 13.8, 1,    5717.65,   -4.6,   0.71763, 2,    5717.64, -124.6,   0.71763, 3,    5717.64,  115.4,   0.71763
"SCN_CN15_9413_CEI109", 13.8, 1,    5620.27,   -5.4,   0.70541, 2,    5620.27, -125.4,    0.7054, 3,    5620.27,  114.6,    0.7054
"SCN_CN15_9039_CEI074_S", 13.8, 1,    5717.31,   -4.6,   0.71759, 2,     5717.3, -124.6,   0.71758, 3,     5717.3,  115.4,   0.71758
"SCN_CN15_9032_CEI230B_ATV", 13.8, 1,    5717.24,   -4.6,   0.71758, 2,    5717.23, -124.6,   0.71757, 3,    5717.23,  115.4,   0.71757
"SCN_CN15_9039_CEI074", 13.8, 1,    5717.31,   -4.6,   0.71759, 2,     5717.3, -124.6,   0.71758, 3,     5717.3,  115.4,   0.71758
"SCN_CN15_9033_CEI230B_ATV", 13.8, 1,    5717.16,   -4.6,   0.71757, 2,    5717.15, -124.6,   0.71756, 3,    5717.15,  115.4,   0.71756
"SCN_CN15_9038_CEI074", 13.8, 1,    5717.01,   -4.6,   0.71755, 2,       5717, -124.6,   0.71755, 3,       5717,  115.4,   0.71755
"SCN_CN15_9037_CEI074", 13.8, 1,    5716.71,   -4.6,   0.71751, 2,     5716.7, -124.6,   0.71751, 3,     5716.7,  115.4,   0.71751
"SCN_CN15_9183_CEI230_ATV", 13.8, 1,    5716.69,   -4.6,   0.71751, 2,    5716.68, -124.6,   0.71751, 3,    5716.68,  115.4,   0.71751
"SCN_CN15_9036_CEI074_S", 13.8, 1,    5716.42,   -4.6,   0.71747, 2,    5716.41, -124.6,   0.71747, 3,    5716.41,  115.4,   0.71747
"SCN_CN15_9035_CEI074", 13.8, 1,    5716.15,   -4.6,   0.71744, 2,    5716.14, -124.6,   0.71744, 3,    5716.14,  115.4,   0.71744
"SCN_CN15_9036_CEI074", 13.8, 1,    5716.42,   -4.6,   0.71747, 2,    5716.41, -124.6,   0.71747, 3,    5716.41,  115.4,   0.71747
"SCN_CN15_9034_CEI074", 13.8, 1,    5715.88,   -4.6,    0.7174, 2,    5715.87, -124.6,    0.7174, 3,    5715.87,  115.4,    0.7174
"SCN_CN15_9033_CEI074", 13.8, 1,    5715.61,   -4.6,   0.71737, 2,     5715.6, -124.6,   0.71737, 3,     5715.6,  115.4,   0.71737
"SCN_CN15_9412_CEI109", 13.8, 1,     5619.1,   -5.4,   0.70526, 2,    5619.09, -125.4,   0.70526, 3,    5619.09,  114.6,   0.70526
"SCN_CN15_9032_CEI074", 13.8, 1,     5715.4,   -4.6,   0.71734, 2,    5715.39, -124.6,   0.71734, 3,    5715.39,  115.4,   0.71734
"SCN_CN15_9031_CEI074", 13.8, 1,    5715.18,   -4.6,   0.71732, 2,    5715.17, -124.6,   0.71732, 3,    5715.17,  115.4,   0.71732
"SCN_CN15_9030_CEI074", 13.8, 1,    5714.98,   -4.6,   0.71729, 2,    5714.97, -124.6,   0.71729, 3,    5714.97,  115.4,   0.71729
"SCN_CN15_9029_CEI074", 13.8, 1,    5714.75,   -4.6,   0.71726, 2,    5714.74, -124.6,   0.71726, 3,    5714.74,  115.4,   0.71726
"SCN_CN15_9182_CEI230_ATV", 13.8, 1,    5714.75,   -4.6,   0.71726, 2,    5714.74, -124.6,   0.71726, 3,    5714.74,  115.4,   0.71726
"SCN_CN15_9028_CEI074", 13.8, 1,    5714.56,   -4.6,   0.71724, 2,    5714.55, -124.6,   0.71724, 3,    5714.55,  115.4,   0.71724
"SCN_CN15_9027_CEI074", 13.8, 1,    5714.36,   -4.6,   0.71721, 2,    5714.35, -124.6,   0.71721, 3,    5714.35,  115.4,   0.71721
"SCN_CN15_9026_CEI074", 13.8, 1,    5714.26,   -4.6,    0.7172, 2,    5714.25, -124.6,    0.7172, 3,    5714.25,  115.4,    0.7172
"SCN_CN15_9025_CEI074", 13.8, 1,    5714.16,   -4.6,   0.71719, 2,    5714.15, -124.6,   0.71719, 3,    5714.15,  115.4,   0.71719
"SCN_CN15_9024_CEI074", 13.8, 1,    5714.03,   -4.6,   0.71717, 2,    5714.02, -124.6,   0.71717, 3,    5714.02,  115.4,   0.71717
"SCN_CN15_9411_CEI109", 13.8, 1,    5617.69,   -5.4,   0.70508, 2,    5617.68, -125.4,   0.70508, 3,    5617.68,  114.6,   0.70508
"SCN_CN15_9023_CEI074", 13.8, 1,    5713.89,   -4.6,   0.71716, 2,    5713.88, -124.6,   0.71715, 3,    5713.88,  115.4,   0.71715
"SCN_CN15_9022_CEI074", 13.8, 1,    5713.79,   -4.6,   0.71714, 2,    5713.78, -124.6,   0.71714, 3,    5713.78,  115.4,   0.71714
"SCN_CN15_9021_CEI074", 13.8, 1,    5713.69,   -4.6,   0.71713, 2,    5713.68, -124.6,   0.71713, 3,    5713.68,  115.4,   0.71713
"SCN_CN15_9020_CEI074", 13.8, 1,    5713.59,   -4.6,   0.71712, 2,    5713.58, -124.6,   0.71712, 3,    5713.58,  115.4,   0.71712
"SCN_CN15_9019_CEI074_S", 13.8, 1,    5713.49,   -4.6,   0.71711, 2,    5713.48, -124.6,    0.7171, 3,    5713.48,  115.4,    0.7171
"SCN_CN15_9187_CEI230_ATV", 13.8, 1,    5713.47,   -4.6,    0.7171, 2,    5713.46, -124.6,    0.7171, 3,    5713.46,  115.4,    0.7171
"SCN_CN15_9019_CEI074", 13.8, 1,    5713.49,   -4.6,   0.71711, 2,    5713.48, -124.6,    0.7171, 3,    5713.48,  115.4,    0.7171
"SCN_CN15_9004_CEI230B_ATV", 13.8, 1,    5714.26,   -4.6,    0.7172, 2,    5714.25, -124.6,    0.7172, 3,    5714.25,  115.4,    0.7172
"SCN_CN15_9005_CEI230B_ATV", 13.8, 1,    5714.25,   -4.6,    0.7172, 2,    5714.24, -124.6,    0.7172, 3,    5714.24,  115.4,    0.7172
"SCN_CN15_9003_CEI230B_ATV", 13.8, 1,    5714.18,   -4.6,   0.71719, 2,    5714.17, -124.6,   0.71719, 3,    5714.17,  115.4,   0.71719
"SCN_CN15_9002_CEI230B_ATV", 13.8, 1,    5714.15,   -4.6,   0.71719, 2,    5714.14, -124.6,   0.71719, 3,    5714.14,  115.4,   0.71719
"SCN_CN15_9410_CEI109", 13.8, 1,    5616.62,   -5.4,   0.70495, 2,    5616.61, -125.4,   0.70495, 3,    5616.61,  114.6,   0.70495
"SCN_CN15_9001_CEI230B_ATV", 13.8, 1,    5714.14,   -4.6,   0.71719, 2,    5714.13, -124.6,   0.71719, 3,    5714.13,  115.4,   0.71719
"SCN_CN15_9180_CEI230_ATV", 13.8, 1,    5714.15,   -4.6,   0.71719, 2,    5714.14, -124.6,   0.71719, 3,    5714.14,  115.4,   0.71719
"SCN_CN15_9018_CEI074", 13.8, 1,    5713.45,   -4.6,    0.7171, 2,    5713.44, -124.6,    0.7171, 3,    5713.44,  115.4,    0.7171
"SCN_CN15_9017_CEI074", 13.8, 1,    5713.41,   -4.6,    0.7171, 2,     5713.4, -124.6,   0.71709, 3,     5713.4,  115.4,   0.71709
"SCN_CN15_9016_CEI074", 13.8, 1,    5713.37,   -4.6,   0.71709, 2,    5713.36, -124.6,   0.71709, 3,    5713.36,  115.4,   0.71709
"SCN_CN15_9015_CEI074", 13.8, 1,    5713.33,   -4.6,   0.71709, 2,    5713.32, -124.6,   0.71708, 3,    5713.32,  115.4,   0.71708
"SCN_CN15_9014_CEI074", 13.8, 1,    5713.31,   -4.6,   0.71708, 2,     5713.3, -124.6,   0.71708, 3,     5713.3,  115.4,   0.71708
"SCN_CN15_9013_CEI074", 13.8, 1,    5713.29,   -4.6,   0.71708, 2,    5713.28, -124.6,   0.71708, 3,    5713.28,  115.4,   0.71708
"SCN_CN15_9059_CEIRJ006_ATV", 13.8, 1,    5713.88,   -4.6,   0.71715, 2,    5713.87, -124.6,   0.71715, 3,    5713.87,  115.4,   0.71715
"SCN_CN15_9409_CEI109", 13.8, 1,    5615.32,   -5.4,   0.70478, 2,    5615.31, -125.4,   0.70478, 3,    5615.31,  114.6,   0.70478
"SCN_CN15_9060_CEIRJ006_ATV", 13.8, 1,    5713.45,   -4.6,    0.7171, 2,    5713.44, -124.6,    0.7171, 3,    5713.44,  115.4,    0.7171
"SCN_CN15_9005_CEIRJ013_ATV", 13.8, 1,    5713.41,   -4.6,    0.7171, 2,     5713.4, -124.6,   0.71709, 3,     5713.4,  115.4,   0.71709
"SCN_CN15_9009_CEI074", 13.8, 1,    5713.29,   -4.6,   0.71708, 2,    5713.28, -124.6,   0.71708, 3,    5713.28,  115.4,   0.71708
"SCN_CN15_9010_CEI074", 13.8, 1,    5713.29,   -4.6,   0.71708, 2,    5713.28, -124.6,   0.71708, 3,    5713.28,  115.4,   0.71708
"SCN_CN15_9011_CEI074", 13.8, 1,    5713.29,   -4.6,   0.71708, 2,    5713.28, -124.6,   0.71708, 3,    5713.28,  115.4,   0.71708
"SCN_CN15_9012_CEI074", 13.8, 1,    5713.29,   -4.6,   0.71708, 2,    5713.28, -124.6,   0.71708, 3,    5713.28,  115.4,   0.71708
"SCN_CN15_9061_CEIRJ006_ATV", 13.8, 1,    5713.26,   -4.6,   0.71708, 2,    5713.25, -124.6,   0.71708, 3,    5713.25,  115.4,   0.71708
"SCN_CN15_9197_CEI230_ATV", 13.8, 1,    5715.27,   -4.6,   0.71733, 2,    5715.26, -124.6,   0.71733, 3,    5715.26,  115.4,   0.71733
"SCN_CN15_9198_CEI230_ATV", 13.8, 1,    5715.29,   -4.6,   0.71733, 2,    5715.28, -124.6,   0.71733, 3,    5715.28,  115.4,   0.71733
"SCN_CN15_9199_CEI230_ATV", 13.8, 1,    5715.36,   -4.6,   0.71734, 2,    5715.34, -124.6,   0.71734, 3,    5715.34,  115.4,   0.71734
"SCN_CN15_9200_CEI230_ATV", 13.8, 1,    5715.41,   -4.6,   0.71735, 2,     5715.4, -124.6,   0.71735, 3,     5715.4,  115.4,   0.71735
"SCN_CN15_9201_CEI230_ATV", 13.8, 1,    5715.44,   -4.6,   0.71735, 2,    5715.43, -124.6,   0.71735, 3,    5715.43,  115.4,   0.71735
"SCN_CN15_9201_CEI230_ATV_S", 13.8, 1,    5715.44,   -4.6,   0.71735, 2,    5715.43, -124.6,   0.71735, 3,    5715.43,  115.4,   0.71735
"SCN_CN15_9209_CEI230_ATV", 13.8, 1,     5715.5,   -4.6,   0.71736, 2,    5715.49, -124.6,   0.71736, 3,    5715.49,  115.4,   0.71736
"SCN_CN15_9210_CEI230_ATV", 13.8, 1,    5715.53,   -4.6,   0.71736, 2,    5715.52, -124.6,   0.71736, 3,    5715.52,  115.4,   0.71736
"SCN_CN15_9211_CEI230_ATV", 13.8, 1,    5715.58,   -4.6,   0.71737, 2,    5715.57, -124.6,   0.71737, 3,    5715.57,  115.4,   0.71737
"SCN_CN15_9213_CEI230_ATV", 13.8, 1,    5715.57,   -4.6,   0.71737, 2,    5715.56, -124.6,   0.71737, 3,    5715.56,  115.4,   0.71737
"SCN_CN15_9076_CEI074", 13.8, 1,    5715.42,   -4.6,   0.71735, 2,    5715.41, -124.6,   0.71735, 3,    5715.41,  115.4,   0.71735
"SCN_CN15_9075_CEI074", 13.8, 1,     5715.3,   -4.6,   0.71733, 2,    5715.29, -124.6,   0.71733, 3,    5715.29,  115.4,   0.71733
"SCN_CN15_9074_CEI074", 13.8, 1,     5715.2,   -4.6,   0.71732, 2,    5715.19, -124.6,   0.71732, 3,    5715.19,  115.4,   0.71732
"SCN_CN15_9208_CEI230_ATV", 13.8, 1,    5715.27,   -4.6,   0.71733, 2,    5715.26, -124.6,   0.71733, 3,    5715.26,  115.4,   0.71733
"SCN_CN15_9073_CEI074", 13.8, 1,    5715.17,   -4.6,   0.71732, 2,    5715.16, -124.6,   0.71732, 3,    5715.16,  115.4,   0.71732
"SCN_CN15_9072_CEI074", 13.8, 1,    5715.14,   -4.6,   0.71731, 2,    5715.13, -124.6,   0.71731, 3,    5715.13,  115.4,   0.71731
"SCN_CN15_9071_CEI074", 13.8, 1,    5715.09,   -4.6,   0.71731, 2,    5715.08, -124.6,    0.7173, 3,    5715.08,  115.4,    0.7173
"SCN_CN15_9070_CEI074", 13.8, 1,    5715.06,   -4.6,    0.7173, 2,    5715.05, -124.6,    0.7173, 3,    5715.05,  115.4,    0.7173
"SCN_CN15_9069_CEIRJ006_ATV", 13.8, 1,    5715.68,   -4.6,   0.71738, 2,    5715.66, -124.6,   0.71738, 3,    5715.66,  115.4,   0.71738
"SCN_CN15_9211_CEI230_ATV_S", 13.8, 1,    5715.58,   -4.6,   0.71737, 2,    5715.57, -124.6,   0.71737, 3,    5715.57,  115.4,   0.71737
"SCN_CN15_9069_CEIRJ006_ATV_S", 13.8, 1,    5715.68,   -4.6,   0.71738, 2,    5715.66, -124.6,   0.71738, 3,    5715.66,  115.4,   0.71738
"SCN_CN15_9077_CEI074", 13.8, 1,     5715.8,   -4.6,    0.7174, 2,    5715.79, -124.6,   0.71739, 3,    5715.79,  115.4,   0.71739
"SCN_CN15_9078_CEI074", 13.8, 1,     5715.9,   -4.6,   0.71741, 2,    5715.88, -124.6,   0.71741, 3,    5715.88,  115.4,   0.71741
"SCN_CN15_9078_CEI074_S", 13.8, 1,     5715.9,   -4.6,   0.71741, 2,    5715.88, -124.6,   0.71741, 3,    5715.88,  115.4,   0.71741
"SCN_CN15_9079_CEI074", 13.8, 1,    5715.98,   -4.6,   0.71742, 2,    5715.97, -124.6,   0.71742, 3,    5715.97,  115.4,   0.71742
"SCN_CN15_9080_CEI074", 13.8, 1,    5716.16,   -4.6,   0.71744, 2,    5716.15, -124.6,   0.71744, 3,    5716.15,  115.4,   0.71744
"SCN_CN15_9081_CEI074", 13.8, 1,    5716.29,   -4.6,   0.71746, 2,    5716.27, -124.6,   0.71745, 3,    5716.27,  115.4,   0.71745
"SCN_CN15_9065_CEIRJ006_ATV", 13.8, 1,    5716.29,   -4.6,   0.71746, 2,    5716.27, -124.6,   0.71745, 3,    5716.27,  115.4,   0.71745
"SCN_CN15_9066_CEIRJ006_ATV", 13.8, 1,    5716.29,   -4.6,   0.71746, 2,    5716.27, -124.6,   0.71745, 3,    5716.27,  115.4,   0.71745
"SCN_CN15_9012_CEI230B_ATV", 13.8, 1,    5716.29,   -4.6,   0.71746, 2,    5716.27, -124.6,   0.71745, 3,    5716.27,  115.4,   0.71745
"SCN_CN15_9081_CEI074_S", 13.8, 1,    5716.29,   -4.6,   0.71746, 2,    5716.27, -124.6,   0.71745, 3,    5716.27,  115.4,   0.71745
"SCN_CN15_9082_CEI074", 13.8, 1,    5716.45,   -4.6,   0.71748, 2,    5716.44, -124.6,   0.71748, 3,    5716.44,  115.4,   0.71748
"SCN_CN15_9083_CEI074", 13.8, 1,    5716.55,   -4.6,   0.71749, 2,    5716.54, -124.6,   0.71749, 3,    5716.54,  115.4,   0.71749
"SCN_CN15_9015_CEI230B_ATV", 13.8, 1,    5716.65,   -4.6,    0.7175, 2,    5716.64, -124.6,    0.7175, 3,    5716.64,  115.4,    0.7175
"SCN_CN15_9003_CEI160_ATV_S", 13.8, 1,    5841.04,   -4.5,   0.73311, 2,    5841.04, -124.5,   0.73311, 3,    5841.04,  115.5,   0.73311
"SCN_CN15_9081_CEI220_ATV", 13.8, 1,    5751.85,   -4.9,   0.72192, 2,    5751.84, -124.9,   0.72192, 3,    5751.84,  115.1,   0.72192
"SCN_CN15_9082_CEI220_ATV", 13.8, 1,    5751.75,   -4.9,   0.72191, 2,    5751.75, -124.9,   0.72191, 3,    5751.75,  115.1,   0.72191
"SCN_CN15_9140_CEI220_ATV", 13.8, 1,    5754.97,   -4.9,   0.72231, 2,    5754.96, -124.9,   0.72231, 3,    5754.96,  115.1,   0.72231
"SCN_CN15_9139_CEI220_ATV", 13.8, 1,    5755.25,   -4.9,   0.72235, 2,    5755.24, -124.9,   0.72235, 3,    5755.24,  115.1,   0.72235
"SCN_CN15_9138_CEI220_ATV", 13.8, 1,    5755.51,   -4.9,   0.72238, 2,    5755.51, -124.9,   0.72238, 3,    5755.51,  115.1,   0.72238
"SCN_CN15_9137_CEI220_ATV", 13.8, 1,    5755.78,   -4.9,   0.72241, 2,    5755.77, -124.9,   0.72241, 3,    5755.77,  115.1,   0.72241
"SCN_CN15_9136_CEI220_ATV", 13.8, 1,    5756.06,   -4.9,   0.72245, 2,    5756.05, -124.9,   0.72245, 3,    5756.05,  115.1,   0.72245
"SCN_CN15_9135_CEI220_ATV", 13.8, 1,    5756.31,   -4.9,   0.72248, 2,     5756.3, -124.9,   0.72248, 3,     5756.3,  115.1,   0.72248
"SCN_CN15_9136_CEI220_ATV_S", 13.8, 1,    5756.06,   -4.9,   0.72245, 2,    5756.05, -124.9,   0.72245, 3,    5756.05,  115.1,   0.72245
"SCN_CN15_9266_CEI250_ATV_S", 13.8, 1,    6188.71,   -3.6,   0.77675, 2,     6188.7, -123.6,   0.77675, 3,     6188.7,  116.4,   0.77675
"SCN_CN15_9038_CEI068", 13.8, 1,    6188.51,   -3.6,   0.77673, 2,     6188.5, -123.6,   0.77672, 3,     6188.5,  116.4,   0.77672
"SCN_CN15_9037_CEI068", 13.8, 1,     6188.3,   -3.6,    0.7767, 2,     6188.3, -123.6,    0.7767, 3,     6188.3,  116.4,    0.7767
"SCN_CN15_9036_CEI068", 13.8, 1,    6188.09,   -3.6,   0.77667, 2,    6188.09, -123.6,   0.77667, 3,    6188.09,  116.4,   0.77667
"SCN_CN15_9079_CEI131_ATV_S", 13.8, 1,    5697.09,   -5.0,   0.71505, 2,    5697.08, -125.0,   0.71505, 3,    5697.08,  115.0,   0.71505
"SCN_CN15_9079_CEI131_ATV", 13.8, 1,    5697.09,   -5.0,   0.71505, 2,    5697.08, -125.0,   0.71505, 3,    5697.08,  115.0,   0.71505
"SCN_CN15_9080_CEI131_ATV", 13.8, 1,    5697.06,   -5.0,   0.71504, 2,    5697.05, -125.0,   0.71504, 3,    5697.05,  115.0,   0.71504
"SCN_CN15_9004_CEI134_ATV_S", 13.8, 1,     5695.8,   -5.0,   0.71489, 2,    5695.79, -125.0,   0.71488, 3,    5695.79,  115.0,   0.71488
"SCN_CN15_9004_CEI134_ATV", 13.8, 1,     5695.8,   -5.0,   0.71489, 2,    5695.79, -125.0,   0.71488, 3,    5695.79,  115.0,   0.71488
"SCN_CN15_9005_CEI134_ATV", 13.8, 1,    5695.55,   -5.0,   0.71485, 2,    5695.54, -125.0,   0.71485, 3,    5695.54,  115.0,   0.71485
"SCN_CN15_9006_CEI134_ATV", 13.8, 1,    5695.29,   -5.0,   0.71482, 2,    5695.28, -125.0,   0.71482, 3,    5695.28,  115.0,   0.71482
"SCN_CN15_9001_CEI134_ATV", 13.8, 1,     5695.2,   -5.0,   0.71481, 2,    5695.19, -125.0,   0.71481, 3,    5695.19,  115.0,   0.71481
"SCN_CN15_9004_CEI134A_ATV", 13.8, 1,    5694.81,   -5.0,   0.71476, 2,     5694.8, -125.0,   0.71476, 3,     5694.8,  115.0,   0.71476
"SCN_CN15_9009_CEI134_ATV", 13.8, 1,    5694.59,   -5.0,   0.71473, 2,    5694.59, -125.0,   0.71473, 3,    5694.59,  115.0,   0.71473
"SCN_CN15_9328_CEI109_S", 13.8, 1,    5601.93,   -5.5,    0.7031, 2,    5601.93, -125.5,    0.7031, 3,    5601.92,  114.5,    0.7031
"SCN_CN15_9031_CEI077_ATV", 13.8, 1,    7029.57,   -2.1,   0.88229, 2,    7029.56, -122.1,   0.88229, 3,    7029.56,  117.9,   0.88229
"SCN_CN15_9016_CEI230B_ATV", 13.8, 1,    5716.98,   -4.6,   0.71754, 2,    5716.97, -124.6,   0.71754, 3,    5716.97,  115.4,   0.71754
"SCN_CN15_9019_CEI230B_ATV", 13.8, 1,     5717.4,   -4.6,    0.7176, 2,    5717.39, -124.6,   0.71759, 3,    5717.39,  115.4,   0.71759
"SCN_CN15_9024_CEI230B_ATV", 13.8, 1,     5717.8,   -4.6,   0.71765, 2,    5717.79, -124.6,   0.71764, 3,    5717.79,  115.4,   0.71764
"SCN_CN15_9407_CEI109", 13.8, 1,    5612.29,   -5.4,    0.7044, 2,    5612.28, -125.4,    0.7044, 3,    5612.28,  114.6,    0.7044
"SCN_CN15_9026_CEI230B_ATV", 13.8, 1,    5718.11,   -4.6,   0.71769, 2,     5718.1, -124.6,   0.71768, 3,     5718.1,  115.4,   0.71768
"SCN_CN15_9025_CEI230B_ATV", 13.8, 1,    5717.77,   -4.6,   0.71764, 2,    5717.76, -124.6,   0.71764, 3,    5717.76,  115.4,   0.71764
"SCN_CN15_9027_CEI230B_ATV", 13.8, 1,    5718.23,   -4.6,    0.7177, 2,    5718.22, -124.6,    0.7177, 3,    5718.22,  115.4,    0.7177
"SCN_CN15_9017_CEI230B_ATV", 13.8, 1,    5716.95,   -4.6,   0.71754, 2,    5716.94, -124.6,   0.71754, 3,    5716.94,  115.4,   0.71754
"SCN_CN15_9063_CEIRJ006_ATV", 13.8, 1,    5716.92,   -4.6,   0.71754, 2,    5716.91, -124.6,   0.71753, 3,    5716.91,  115.4,   0.71753
"SCN_CN15_9058_CEIRJ006_ATV", 13.8, 1,     5717.3,   -4.6,   0.71758, 2,    5717.29, -124.6,   0.71758, 3,    5717.29,  115.4,   0.71758
"SCN_CN15_9034_CEI230B_ATV", 13.8, 1,    5716.37,   -4.6,   0.71747, 2,    5716.36, -124.6,   0.71747, 3,    5716.36,  115.4,   0.71747
"SCN_CN15_9035_CEI230B_ATV", 13.8, 1,    5716.32,   -4.6,   0.71746, 2,    5716.31, -124.6,   0.71746, 3,     5716.3,  115.4,   0.71746
"SCN_CN15_9406_CEI109", 13.8, 1,    5611.45,   -5.4,    0.7043, 2,    5611.44, -125.4,    0.7043, 3,    5611.44,  114.6,    0.7043
"SCN_CN15_9036_CEI230B_ATV", 13.8, 1,    5716.28,   -4.6,   0.71746, 2,    5716.27, -124.6,   0.71745, 3,    5716.27,  115.4,   0.71745
"SCN_CN15_9007_CEI230B_ATV", 13.8, 1,    5716.25,   -4.6,   0.71745, 2,    5716.24, -124.6,   0.71745, 3,    5716.24,  115.4,   0.71745
"SCN_CN15_9006_CEI230B_ATV", 13.8, 1,    5716.23,   -4.6,   0.71745, 2,    5716.22, -124.6,   0.71745, 3,    5716.22,  115.4,   0.71745
"SCN_CN15_9070_CEI075", 13.8, 1,    5725.22,   -4.6,   0.71858, 2,    5725.21, -124.6,   0.71858, 3,    5725.21,  115.4,   0.71858
"SCN_CN15_9071_CEI075", 13.8, 1,    5725.14,   -4.6,   0.71857, 2,    5725.13, -124.6,   0.71857, 3,    5725.13,  115.4,   0.71857
"SCN_CN15_9159_CEI230_ATV", 13.8, 1,     5725.1,   -4.6,   0.71856, 2,    5725.09, -124.6,   0.71856, 3,    5725.09,  115.4,   0.71856
"SCN_CN15_9160_CEI230_ATV", 13.8, 1,    5725.09,   -4.6,   0.71856, 2,    5725.08, -124.6,   0.71856, 3,    5725.08,  115.4,   0.71856
"SCN_CN15_9158_CEI230_ATV", 13.8, 1,    5725.13,   -4.6,   0.71857, 2,    5725.12, -124.6,   0.71856, 3,    5725.12,  115.4,   0.71856
"SCN_CN15_9055_CEIRJ006_ATV", 13.8, 1,    5725.06,   -4.6,   0.71856, 2,    5725.05, -124.6,   0.71856, 3,    5725.05,  115.4,   0.71856
"SCN_CN15_9056_CEIRJ006_ATV", 13.8, 1,    5725.06,   -4.6,   0.71856, 2,    5725.05, -124.6,   0.71856, 3,    5725.05,  115.4,   0.71856
"SCN_CN15_9405_CEI109", 13.8, 1,    5610.28,   -5.4,   0.70415, 2,    5610.27, -125.4,   0.70415, 3,    5610.27,  114.6,   0.70415
"SCN_CN15_9057_CEIRJ006_ATV", 13.8, 1,    5724.96,   -4.6,   0.71855, 2,    5724.95, -124.6,   0.71854, 3,    5724.95,  115.4,   0.71854
"SCN_CN15_9056_CEI075", 13.8, 1,    5749.42,   -4.5,   0.72162, 2,    5749.41, -124.5,   0.72161, 3,    5749.41,  115.5,   0.72161
"SCN_CN15_9055_CEI075", 13.8, 1,    5749.44,   -4.5,   0.72162, 2,    5749.43, -124.5,   0.72162, 3,    5749.43,  115.5,   0.72162
"SCN_CN15_9070_CEI230_ATV", 13.8, 1,    5749.41,   -4.5,   0.72161, 2,     5749.4, -124.5,   0.72161, 3,     5749.4,  115.5,   0.72161
"SCN_CN15_9071_CEI230_ATV", 13.8, 1,    5749.39,   -4.5,   0.72161, 2,    5749.38, -124.5,   0.72161, 3,    5749.38,  115.5,   0.72161
"SCN_CN15_9054_CEI075", 13.8, 1,    5749.48,   -4.5,   0.72162, 2,    5749.47, -124.5,   0.72162, 3,    5749.47,  115.5,   0.72162
"SCN_CN15_9055_CEI075_S", 13.8, 1,    5749.44,   -4.5,   0.72162, 2,    5749.43, -124.5,   0.72162, 3,    5749.43,  115.5,   0.72162
"SCN_CN15_9052_CEI075", 13.8, 1,    5749.53,   -4.5,   0.72163, 2,    5749.52, -124.5,   0.72163, 3,    5749.52,  115.5,   0.72163
"SCN_CN15_9069_CEI230_ATV", 13.8, 1,    5749.47,   -4.5,   0.72162, 2,    5749.46, -124.5,   0.72162, 3,    5749.46,  115.5,   0.72162
"SCN_CN15_9051_CEI075", 13.8, 1,    5749.61,   -4.5,   0.72164, 2,     5749.6, -124.5,   0.72164, 3,     5749.6,  115.5,   0.72164
"SCN_CN15_9052_CEI075_S", 13.8, 1,    5749.53,   -4.5,   0.72163, 2,    5749.52, -124.5,   0.72163, 3,    5749.52,  115.5,   0.72163
"SCN_CN15_9404_CEI109", 13.8, 1,    5609.22,   -5.4,   0.70402, 2,    5609.21, -125.4,   0.70402, 3,    5609.21,  114.6,   0.70402
"SCN_CN15_9049_CEI075", 13.8, 1,    5749.69,   -4.5,   0.72165, 2,    5749.68, -124.5,   0.72165, 3,    5749.68,  115.5,   0.72165
"SCN_CN15_9068_CEI230_ATV", 13.8, 1,    5749.64,   -4.5,   0.72164, 2,    5749.63, -124.5,   0.72164, 3,    5749.63,  115.5,   0.72164
"SCN_CN15_9048_CEI075", 13.8, 1,    5749.79,   -4.5,   0.72166, 2,    5749.78, -124.5,   0.72166, 3,    5749.78,  115.5,   0.72166
"SCN_CN15_9049_CEI075_S", 13.8, 1,    5749.69,   -4.5,   0.72165, 2,    5749.68, -124.5,   0.72165, 3,    5749.68,  115.5,   0.72165
"SCN_CN15_9047_CEI075", 13.8, 1,    5749.89,   -4.5,   0.72167, 2,    5749.88, -124.5,   0.72167, 3,    5749.88,  115.5,   0.72167
"SCN_CN15_9046_CEI075", 13.8, 1,       5750,   -4.5,   0.72169, 2,    5749.99, -124.5,   0.72169, 3,    5749.99,  115.5,   0.72169
"SCN_CN15_9045_CEI075", 13.8, 1,    5750.12,   -4.5,    0.7217, 2,    5750.11, -124.5,    0.7217, 3,    5750.11,  115.5,    0.7217
"SCN_CN15_9044_CEI075", 13.8, 1,    5750.24,   -4.5,   0.72172, 2,    5750.23, -124.5,   0.72172, 3,    5750.23,  115.5,   0.72172
"SCN_CN15_9043_CEI075", 13.8, 1,    5750.36,   -4.5,   0.72173, 2,    5750.35, -124.5,   0.72173, 3,    5750.35,  115.5,   0.72173
"SCN_CN15_9042_CEI075", 13.8, 1,    5750.48,   -4.5,   0.72175, 2,    5750.47, -124.5,   0.72175, 3,    5750.47,  115.5,   0.72175
"SCN_CN15_9403_CEI109", 13.8, 1,    5607.94,   -5.4,   0.70386, 2,    5607.93, -125.4,   0.70386, 3,    5607.93,  114.6,   0.70386
"SCN_CN15_9053_CEIRJ006_ATV", 13.8, 1,    5751.34,   -4.5,   0.72186, 2,    5751.33, -124.5,   0.72185, 3,    5751.33,  115.5,   0.72185
"SCN_CN15_9062_CEI201_ATV", 13.8, 1,    5613.88,   -5.4,    0.7046, 2,    5613.87, -125.4,    0.7046, 3,    5613.87,  114.6,    0.7046
"SCN_CN15_9402_CEI109", 13.8, 1,    5606.82,   -5.4,   0.70372, 2,    5606.81, -125.4,   0.70372, 3,    5606.81,  114.6,   0.70372
"SCN_CN15_9401_CEI109", 13.8, 1,    5605.68,   -5.5,   0.70357, 2,    5605.67, -125.5,   0.70357, 3,    5605.67,  114.5,   0.70357
"SCN_CN15_9400_CEI109", 13.8, 1,    5604.31,   -5.5,    0.7034, 2,     5604.3, -125.5,    0.7034, 3,     5604.3,  114.5,    0.7034
"SCN_CN15_9111_CEI201_ATV_S", 13.8, 1,     5836.8,   -4.4,   0.73258, 2,    5836.79, -124.4,   0.73258, 3,    5836.79,  115.6,   0.73258
"SCN_CN15_9016_CEIRJ013_ATV", 13.8, 1,    5837.16,   -4.4,   0.73263, 2,    5837.15, -124.4,   0.73263, 3,    5837.15,  115.6,   0.73263
"SCN_CN15_9104_CEI201_ATV", 13.8, 1,    5836.47,   -4.4,   0.73254, 2,    5836.46, -124.4,   0.73254, 3,    5836.46,  115.6,   0.73254
"SCN_CN15_9112_CEI201_ATV", 13.8, 1,    5836.77,   -4.4,   0.73258, 2,    5836.76, -124.4,   0.73258, 3,    5836.76,  115.6,   0.73258
"SCN_CN15_9119_CEI201_ATV", 13.8, 1,    5836.78,   -4.4,   0.73258, 2,    5836.77, -124.4,   0.73258, 3,    5836.77,  115.6,   0.73258
"SCN_CN15_9474_CEI109_S", 13.8, 1,    5603.18,   -5.5,   0.70326, 2,    5603.17, -125.5,   0.70326, 3,    5603.17,  114.5,   0.70326
"SCN_CN15_9010_CEI201_ATV", 13.8, 1,     5592.1,   -5.5,   0.70187, 2,    5592.09, -125.5,   0.70187, 3,    5592.09,  114.5,   0.70187
"SCN_CN15_9004_CEI201_ATV", 13.8, 1,    5591.87,   -5.5,   0.70184, 2,    5591.86, -125.5,   0.70184, 3,    5591.86,  114.5,   0.70184
"SCN_CN15_9008_CEI201_ATV", 13.8, 1,    5591.91,   -5.5,   0.70185, 2,    5591.91, -125.5,   0.70185, 3,     5591.9,  114.5,   0.70185
"SCN_CN15_9002_CEI160_ATV", 13.8, 1,    5841.03,   -4.5,   0.73311, 2,    5841.02, -124.5,   0.73311, 3,    5841.02,  115.5,   0.73311
"SCN_CN15_9003_CEI160_ATV", 13.8, 1,    5841.04,   -4.5,   0.73311, 2,    5841.04, -124.5,   0.73311, 3,    5841.04,  115.5,   0.73311
"SCN_CN15_9475_CEI109", 13.8, 1,    5602.97,   -5.5,   0.70323, 2,    5602.96, -125.5,   0.70323, 3,    5602.96,  114.5,   0.70323
"SCN_CN15_9046_CEI130_ATV", 13.8, 1,    5841.46,   -4.5,   0.73317, 2,    5841.45, -124.5,   0.73317, 3,    5841.45,  115.5,   0.73317
"SCN_CN15_9042_CEI130_ATV", 13.8, 1,    5841.26,   -4.5,   0.73314, 2,    5841.25, -124.5,   0.73314, 3,    5841.25,  115.5,   0.73314
"SCN_CN15_9017_CEIRJ013_ATV", 13.8, 1,    5837.16,   -4.4,   0.73263, 2,    5837.15, -124.4,   0.73263, 3,    5837.15,  115.6,   0.73263
"SCN_CN15_9031_CEIRJ006_ATV", 13.8, 1,    7025.75,   -2.1,   0.88181, 2,    7025.75, -122.1,   0.88181, 3,    7025.75,  117.9,   0.88181
"SCN_CN15_9033_CEIRJ006_ATV", 13.8, 1,     7025.7,   -2.1,    0.8818, 2,    7025.69, -122.1,    0.8818, 3,    7025.69,  117.9,    0.8818
"SCN_CN15_9032_CEIRJ006_ATV", 13.8, 1,    7025.74,   -2.1,   0.88181, 2,    7025.74, -122.1,   0.88181, 3,    7025.74,  117.9,   0.88181
"SCN_CN15_9030_CEIRJ006_ATV", 13.8, 1,    7025.85,   -2.1,   0.88182, 2,    7025.85, -122.1,   0.88182, 3,    7025.85,  117.9,   0.88182
"SCN_CN15_9031_CEIRJ006_ATV_S", 13.8, 1,    7025.75,   -2.1,   0.88181, 2,    7025.75, -122.1,   0.88181, 3,    7025.75,  117.9,   0.88181
"SCN_CN15_9007_CEI77A_ATV", 13.8, 1,    7025.66,   -2.1,    0.8818, 2,    7025.66, -122.1,    0.8818, 3,    7025.66,  117.9,    0.8818
"SCN_CN15_9036_CEI230_ATV", 13.8, 1,    7040.55,   -2.1,   0.88367, 2,    7040.55, -122.1,   0.88367, 3,    7040.55,  117.9,   0.88367
"SCN_CN15_9037_CEI230_ATV", 13.8, 1,    7041.65,   -2.1,    0.8838, 2,    7041.65, -122.1,    0.8838, 3,    7041.65,  117.9,    0.8838
"SCN_CN15_9086_CEI77A_ATV_S", 13.8, 1,    7038.91,   -2.1,   0.88346, 2,    7038.91, -122.1,   0.88346, 3,    7038.91,  117.9,   0.88346
"SCN_CN15_9476_CEI109", 13.8, 1,    5602.75,   -5.5,   0.70321, 2,    5602.74, -125.5,   0.70321, 3,    5602.74,  114.5,   0.70321
"SCN_CN15_9086_CEI77A_ATV", 13.8, 1,    7038.91,   -2.1,   0.88346, 2,    7038.91, -122.1,   0.88346, 3,    7038.91,  117.9,   0.88346
"SCN_CN15_9057_CEI77A_ATV", 13.8, 1,    7035.47,   -2.1,   0.88303, 2,    7035.46, -122.1,   0.88303, 3,    7035.46,  117.9,   0.88303
"SCN_CN15_9058_CEI77A_ATV", 13.8, 1,    7031.42,   -2.1,   0.88252, 2,    7031.42, -122.1,   0.88252, 3,    7031.42,  117.9,   0.88252
"SCN_CN15_9059_CEI77A_ATV", 13.8, 1,    7026.91,   -2.1,   0.88195, 2,    7026.91, -122.1,   0.88195, 3,    7026.91,  117.9,   0.88195
"SCN_CN15_9060_CEI77A_ATV", 13.8, 1,    7026.87,   -2.1,   0.88195, 2,    7026.86, -122.1,   0.88195, 3,    7026.86,  117.9,   0.88195
"SCN_CN15_9062_CEI77A_ATV", 13.8, 1,    7022.41,   -2.1,   0.88139, 2,     7022.4, -122.1,   0.88139, 3,     7022.4,  117.9,   0.88139
"SCN_CN15_9061_CEI77A_ATV", 13.8, 1,    7022.28,   -2.1,   0.88137, 2,    7022.28, -122.1,   0.88137, 3,    7022.28,  117.9,   0.88137
"SCN_CN15_9063_CEI77A_ATV", 13.8, 1,    7018.84,   -2.1,   0.88094, 2,    7018.84, -122.1,   0.88094, 3,    7018.84,  117.9,   0.88094
"SCN_CN15_9064_CEI77A_ATV", 13.8, 1,    7018.36,   -2.1,   0.88088, 2,    7018.35, -122.1,   0.88088, 3,    7018.36,  117.9,   0.88088
"SCN_CN15_9065_CEI77A_ATV", 13.8, 1,     7017.6,   -2.1,   0.88079, 2,     7017.6, -122.1,   0.88079, 3,     7017.6,  117.9,   0.88079
"SCN_CN15_9080_CEI77A_ATV", 13.8, 1,    7017.06,   -2.1,   0.88072, 2,    7017.05, -122.1,   0.88072, 3,    7017.05,  117.9,   0.88072
"SCN_CN15_9081_CEI77A_ATV", 13.8, 1,    7016.68,   -2.1,   0.88067, 2,    7016.67, -122.1,   0.88067, 3,    7016.67,  117.9,   0.88067
"SCN_CN15_9082_CEI77A_ATV", 13.8, 1,    7016.28,   -2.1,   0.88062, 2,    7016.28, -122.1,   0.88062, 3,    7016.28,  117.9,   0.88062
"SCN_CN15_9083_CEI77A_ATV", 13.8, 1,    7016.57,   -2.1,   0.88066, 2,    7016.57, -122.1,   0.88066, 3,    7016.57,  117.9,   0.88066
"SCN_CN15_9084_CEI77A_ATV", 13.8, 1,    7016.45,   -2.1,   0.88064, 2,    7016.44, -122.1,   0.88064, 3,    7016.45,  117.9,   0.88064
"SCN_CN15_9085_CEI77A_ATV", 13.8, 1,    7016.37,   -2.1,   0.88063, 2,    7016.37, -122.1,   0.88063, 3,    7016.37,  117.9,   0.88063
"SCN_CN15_9066_CEI77A_ATV", 13.8, 1,    7016.92,   -2.1,    0.8807, 2,    7016.92, -122.1,    0.8807, 3,    7016.92,  117.9,    0.8807
"SCN_CN15_9068_CEI77A_ATV_S", 13.8, 1,    7012.68,   -2.1,   0.88017, 2,    7012.68, -122.1,   0.88017, 3,    7012.68,  117.9,   0.88017
"SCN_CN15_9070_CEI77A_ATV", 13.8, 1,     7012.3,   -2.1,   0.88012, 2,    7012.29, -122.1,   0.88012, 3,     7012.3,  117.9,   0.88012
"SCN_CN15_9071_CEI77A_ATV", 13.8, 1,    7011.72,   -2.1,   0.88005, 2,    7011.71, -122.1,   0.88005, 3,    7011.71,  117.9,   0.88005
"SCN_CN15_9068_CEI77A_ATV", 13.8, 1,    7012.68,   -2.1,   0.88017, 2,    7012.68, -122.1,   0.88017, 3,    7012.68,  117.9,   0.88017
"SCN_CN15_9069_CEI77A_ATV", 13.8, 1,    7012.47,   -2.1,   0.88014, 2,    7012.47, -122.1,   0.88014, 3,    7012.47,  117.9,   0.88014
"SCN_CN15_9023_CEI167_ATV", 13.8, 1,    7011.12,   -2.1,   0.87997, 2,    7011.12, -122.1,   0.87997, 3,    7011.12,  117.9,   0.87997
"SCN_CN15_9024_CEI167_ATV_S", 13.8, 1,    7009.59,   -2.1,   0.87978, 2,    7009.59, -122.1,   0.87978, 3,    7009.59,  117.9,   0.87978
"SCN_CN15_9074_CEI77A_ATV_S", 13.8, 1,    7008.01,   -2.1,   0.87958, 2,       7008, -122.1,   0.87958, 3,    7008.01,  117.9,   0.87958
"SCN_CN15_9074_CEI77A_ATV", 13.8, 1,    7008.01,   -2.1,   0.87958, 2,       7008, -122.1,   0.87958, 3,    7008.01,  117.9,   0.87958
"SCN_CN15_9075_CEI77A_ATV", 13.8, 1,    7007.75,   -2.1,   0.87955, 2,    7007.74, -122.1,   0.87955, 3,    7007.74,  117.9,   0.87955
"SCN_CN15_9133_CEI201_ATV", 13.8, 1,    5838.22,   -4.4,   0.73276, 2,    5838.21, -124.4,   0.73276, 3,    5838.21,  115.6,   0.73276
"SCN_CN15_9390_CEI109", 13.8, 1,    5603.23,   -5.5,   0.70327, 2,    5603.22, -125.5,   0.70327, 3,    5603.22,  114.5,   0.70326
"SCN_CN15_9114_CEI77A_ATV", 13.8, 1,     7047.7,   -2.0,   0.88456, 2,    7047.69, -122.0,   0.88456, 3,     7047.7,  118.0,   0.88456
"SCN_CN15_9134_CEI220_ATV", 13.8, 1,    5756.57,   -4.9,   0.72251, 2,    5756.56, -124.9,   0.72251, 3,    5756.56,  115.1,   0.72251
"SCN_CN15_9014_CEI120", 13.8, 1,    5756.85,   -4.9,   0.72255, 2,    5756.84, -124.9,   0.72255, 3,    5756.84,  115.1,   0.72255
"SCN_CN15_9041_CEI77A_ATV", 13.8, 1,    7027.92,   -2.1,   0.88208, 2,    7027.92, -122.1,   0.88208, 3,    7027.92,  117.9,   0.88208
"SCN_CN15_9015_CEI120", 13.8, 1,    5756.51,   -4.9,   0.72251, 2,     5756.5, -124.9,    0.7225, 3,     5756.5,  115.1,    0.7225
"SCN_CN15_9021_CEI120", 13.8, 1,    5756.22,   -4.9,   0.72247, 2,    5756.21, -124.9,   0.72247, 3,    5756.21,  115.1,   0.72247
"SCN_CN15_9020_CEI120", 13.8, 1,    5755.93,   -4.9,   0.72243, 2,    5755.92, -124.9,   0.72243, 3,    5755.92,  115.1,   0.72243
"SCN_CN15_9019_CEI120", 13.8, 1,    5755.79,   -4.9,   0.72241, 2,    5755.78, -124.9,   0.72241, 3,    5755.78,  115.1,   0.72241
"SCN_CN15_9018_CEI120", 13.8, 1,    5755.66,   -4.9,    0.7224, 2,    5755.65, -124.9,    0.7224, 3,    5755.65,  115.1,    0.7224
"SCN_CN15_9017_CEI120", 13.8, 1,    5755.54,   -4.9,   0.72238, 2,    5755.53, -124.9,   0.72238, 3,    5755.53,  115.1,   0.72238
"SCN_CN15_9016_CEI120", 13.8, 1,     5755.4,   -4.9,   0.72237, 2,    5755.39, -124.9,   0.72236, 3,    5755.39,  115.1,   0.72236
"SCN_CN15_9156_CEI220_ATV", 13.8, 1,    5756.06,   -4.9,   0.72245, 2,    5756.05, -124.9,   0.72245, 3,    5756.05,  115.1,   0.72245
"SCN_CN15_9157_CEI109", 13.8, 1,    5630.42,   -5.4,   0.70668, 2,    5630.41, -125.4,   0.70668, 3,    5630.41,  114.6,   0.70668
"SCN_CN15_9015_CEIRJ013_ATV", 13.8, 1,    5837.47,   -4.4,   0.73267, 2,    5837.46, -124.4,   0.73266, 3,    5837.46,  115.6,   0.73266
"SCN_CN15_9028_CEI167_ATV", 13.8, 1,    7007.07,   -2.1,   0.87946, 2,    7007.06, -122.1,   0.87946, 3,    7007.07,  117.9,   0.87946
"SCN_CN15_9076_CEI77A_ATV", 13.8, 1,    7006.86,   -2.1,   0.87944, 2,    7006.85, -122.1,   0.87944, 3,    7006.85,  117.9,   0.87944
"SCN_CN15_9078_CEI77A_ATV", 13.8, 1,    7006.09,   -2.1,   0.87934, 2,    7006.09, -122.1,   0.87934, 3,    7006.09,  117.9,   0.87934
"SCN_CN15_9079_CEI77A_ATV", 13.8, 1,    7005.54,   -2.1,   0.87927, 2,    7005.53, -122.1,   0.87927, 3,    7005.53,  117.9,   0.87927
"SCN_CN15_9008_CEI77A_ATV", 13.8, 1,    7026.07,   -2.1,   0.88185, 2,    7026.07, -122.1,   0.88185, 3,    7026.07,  117.9,   0.88185
"SCN_CN15_9009_CEI77A_ATV", 13.8, 1,    7026.33,   -2.1,   0.88188, 2,    7026.33, -122.1,   0.88188, 3,    7026.33,  117.9,   0.88188
"SCN_CN15_9009_CEI77A_ATV_S", 13.8, 1,    7026.33,   -2.1,   0.88188, 2,    7026.33, -122.1,   0.88188, 3,    7026.33,  117.9,   0.88188
"SCN_CN15_9015_CEI77A_ATV", 13.8, 1,    7026.69,   -2.1,   0.88193, 2,    7026.69, -122.1,   0.88193, 3,    7026.69,  117.9,   0.88193
"SCN_CN15_9478_CEI109", 13.8, 1,    5602.38,   -5.5,   0.70316, 2,    5602.37, -125.5,   0.70316, 3,    5602.37,  114.5,   0.70316
"SCN_CN15_9010_CEI77A_ATV_S", 13.8, 1,    7026.15,   -2.1,   0.88186, 2,    7026.14, -122.1,   0.88186, 3,    7026.15,  117.9,   0.88186
"SCN_CN15_9010_CEI77A_ATV", 13.8, 1,    7026.15,   -2.1,   0.88186, 2,    7026.14, -122.1,   0.88186, 3,    7026.15,  117.9,   0.88186
"SCN_CN15_9011_CEI77A_ATV", 13.8, 1,    7026.11,   -2.1,   0.88185, 2,    7026.11, -122.1,   0.88185, 3,    7026.11,  117.9,   0.88185
"SCN_CN15_9012_CEI77A_ATV", 13.8, 1,    7025.94,   -2.1,   0.88183, 2,    7025.93, -122.1,   0.88183, 3,    7025.94,  117.9,   0.88183
"SCN_CN15_9013_CEI77A_ATV", 13.8, 1,    7025.73,   -2.1,   0.88181, 2,    7025.72, -122.1,    0.8818, 3,    7025.72,  117.9,   0.88181
"SCN_CN15_9014_CEI77A_ATV", 13.8, 1,    7025.52,   -2.1,   0.88178, 2,    7025.51, -122.1,   0.88178, 3,    7025.51,  117.9,   0.88178
"SCN_CN15_9016_CEI77A_ATV", 13.8, 1,    7026.63,   -2.1,   0.88192, 2,    7026.63, -122.1,   0.88192, 3,    7026.63,  117.9,   0.88192
"SCN_CN15_9017_CEI77A_ATV", 13.8, 1,    7026.57,   -2.1,   0.88191, 2,    7026.57, -122.1,   0.88191, 3,    7026.57,  117.9,   0.88191
"SCN_CN15_9018_CEI77A_ATV", 13.8, 1,    7026.52,   -2.1,    0.8819, 2,    7026.51, -122.1,    0.8819, 3,    7026.51,  117.9,    0.8819
"SCN_CN15_9015_CEI77A_ATV_S", 13.8, 1,    7026.69,   -2.1,   0.88193, 2,    7026.69, -122.1,   0.88193, 3,    7026.69,  117.9,   0.88193
"SCN_CN15_9019_CEI77A_ATV", 13.8, 1,    7027.09,   -2.1,   0.88198, 2,    7027.09, -122.1,   0.88198, 3,    7027.09,  117.9,   0.88198
"SCN_CN15_9020_CEI77A_ATV", 13.8, 1,    7027.59,   -2.1,   0.88204, 2,    7027.59, -122.1,   0.88204, 3,    7027.59,  117.9,   0.88204
"SCN_CN15_9479_CEI109", 13.8, 1,    5602.27,   -5.5,   0.70315, 2,    5602.26, -125.5,   0.70315, 3,    5602.26,  114.5,   0.70315
"SCN_CN15_9021_CEI77A_ATV", 13.8, 1,     7028.1,   -2.1,    0.8821, 2,     7028.1, -122.1,    0.8821, 3,     7028.1,  117.9,    0.8821
"SCN_CN15_9022_CEI77A_ATV", 13.8, 1,    7028.05,   -2.1,    0.8821, 2,    7028.05, -122.1,    0.8821, 3,    7028.05,  117.9,    0.8821
"SCN_CN15_9023_CEI77A_ATV", 13.8, 1,       7028,   -2.1,   0.88209, 2,       7028, -122.1,   0.88209, 3,       7028,  117.9,   0.88209
"SCN_CN15_9021_CEI77A_ATV_S", 13.8, 1,     7028.1,   -2.1,    0.8821, 2,     7028.1, -122.1,    0.8821, 3,     7028.1,  117.9,    0.8821
"SCN_CN15_9024_CEI77A_ATV", 13.8, 1,    7028.66,   -2.1,   0.88217, 2,    7028.65, -122.1,   0.88217, 3,    7028.66,  117.9,   0.88217
"SCN_CN15_9025_CEI77A_ATV", 13.8, 1,    7029.13,   -2.1,   0.88223, 2,    7029.13, -122.1,   0.88223, 3,    7029.13,  117.9,   0.88223
"SCN_CN15_9026_CEI77A_ATV", 13.8, 1,    7029.62,   -2.1,   0.88229, 2,    7029.62, -122.1,   0.88229, 3,    7029.62,  117.9,   0.88229
"SCN_CN15_9027_CEI77A_ATV", 13.8, 1,    7029.43,   -2.1,   0.88227, 2,    7029.43, -122.1,   0.88227, 3,    7029.43,  117.9,   0.88227
"SCN_CN15_9028_CEI77A_ATV", 13.8, 1,    7029.38,   -2.1,   0.88226, 2,    7029.38, -122.1,   0.88226, 3,    7029.38,  117.9,   0.88226
"SCN_CN15_9029_CEI77A_ATV", 13.8, 1,    7029.18,   -2.1,   0.88224, 2,    7029.18, -122.1,   0.88224, 3,    7029.18,  117.9,   0.88224
"SCN_CN15_9030_CEI77A_ATV", 13.8, 1,    7029.03,   -2.1,   0.88222, 2,    7029.03, -122.1,   0.88222, 3,    7029.03,  117.9,   0.88222
"SCN_CN15_9480_CEI109", 13.8, 1,     5602.1,   -5.5,   0.70313, 2,    5602.09, -125.5,   0.70312, 3,    5602.09,  114.5,   0.70312
"SCN_CN15_9031_CEI77A_ATV", 13.8, 1,    7028.93,   -2.1,   0.88221, 2,    7028.93, -122.1,   0.88221, 3,    7028.93,  117.9,   0.88221
"SCN_CN15_9032_CEI77A_ATV", 13.8, 1,    7028.89,   -2.1,    0.8822, 2,    7028.88, -122.1,    0.8822, 3,    7028.88,  117.9,    0.8822
"SCN_CN15_9033_CEI77A_ATV", 13.8, 1,    7028.75,   -2.1,   0.88219, 2,    7028.75, -122.1,   0.88218, 3,    7028.75,  117.9,   0.88219
"SCN_CN15_9034_CEI77A_ATV", 13.8, 1,     7028.6,   -2.1,   0.88217, 2,     7028.6, -122.1,   0.88217, 3,     7028.6,  117.9,   0.88217
"SCN_CN15_9035_CEI77A_ATV", 13.8, 1,    7028.44,   -2.1,   0.88215, 2,    7028.44, -122.1,   0.88215, 3,    7028.44,  117.9,   0.88215
"SCN_CN15_9036_CEI77A_ATV_S", 13.8, 1,     7028.3,   -2.1,   0.88213, 2,    7028.29, -122.1,   0.88213, 3,    7028.29,  117.9,   0.88213
"SCN_CN15_9036_CEI77A_ATV", 13.8, 1,     7028.3,   -2.1,   0.88213, 2,    7028.29, -122.1,   0.88213, 3,    7028.29,  117.9,   0.88213
"SCN_CN15_9037_CEI77A_ATV_S", 13.8, 1,    7028.14,   -2.1,   0.88211, 2,    7028.14, -122.1,   0.88211, 3,    7028.14,  117.9,   0.88211
"SCN_CN15_9038_CEI77A_ATV", 13.8, 1,    7027.98,   -2.1,   0.88209, 2,    7027.98, -122.1,   0.88209, 3,    7027.98,  117.9,   0.88209
"SCN_CN15_9039_CEI77A_ATV", 13.8, 1,    7027.95,   -2.1,   0.88208, 2,    7027.94, -122.1,   0.88208, 3,    7027.95,  117.9,   0.88208
"SCN_CN15_9034_CEIRJ006_ATV", 13.8, 1,     7028.3,   -2.1,   0.88213, 2,    7028.29, -122.1,   0.88213, 3,    7028.29,  117.9,   0.88213
"SCN_CN15_9045_CEI77A_ATV", 13.8, 1,    7030.04,   -2.1,   0.88235, 2,    7030.04, -122.1,   0.88235, 3,    7030.04,  117.9,   0.88235
"SCN_CN15_9045_CEI77A_ATV_S", 13.8, 1,    7030.04,   -2.1,   0.88235, 2,    7030.04, -122.1,   0.88235, 3,    7030.04,  117.9,   0.88235
"SCN_CN15_9053_CEI77A_ATV", 13.8, 1,    7030.82,   -2.1,   0.88244, 2,    7030.82, -122.1,   0.88244, 3,    7030.82,  117.9,   0.88244
"SCN_CN15_9053_CEI77A_ATV_S", 13.8, 1,    7030.82,   -2.1,   0.88244, 2,    7030.82, -122.1,   0.88244, 3,    7030.82,  117.9,   0.88244
"SCN_CN15_9054_CEI77A_ATV", 13.8, 1,    7031.95,   -2.1,   0.88259, 2,    7031.94, -122.1,   0.88259, 3,    7031.94,  117.9,   0.88259
"SCN_CN15_9055_CEI77A_ATV", 13.8, 1,    7033.59,   -2.1,   0.88279, 2,    7033.59, -122.1,   0.88279, 3,    7033.59,  117.9,   0.88279
"SCN_CN15_9056_CEI77A_ATV", 13.8, 1,    7033.98,   -2.1,   0.88284, 2,    7033.98, -122.1,   0.88284, 3,    7033.98,  117.9,   0.88284
"SCN_CN15_9032_CEI230_ATV", 13.8, 1,    7038.69,   -2.1,   0.88343, 2,    7038.68, -122.1,   0.88343, 3,    7038.68,  117.9,   0.88343
"SCN_CN15_9087_CEI77A_ATV", 13.8, 1,    7038.42,   -2.1,    0.8834, 2,    7038.42, -122.1,    0.8834, 3,    7038.42,  117.9,    0.8834
"SCN_CN15_9026_CEI230_ATV", 13.8, 1,    7037.97,   -2.1,   0.88334, 2,    7037.96, -122.1,   0.88334, 3,    7037.96,  117.9,   0.88334
"SCN_CN15_9089_CEI77A_ATV", 13.8, 1,     7037.5,   -2.1,   0.88328, 2,     7037.5, -122.1,   0.88328, 3,     7037.5,  117.9,   0.88328
"SCN_CN15_9090_CEI77A_ATV", 13.8, 1,    7037.49,   -2.1,   0.88328, 2,    7037.48, -122.1,   0.88328, 3,    7037.48,  117.9,   0.88328
"SCN_CN15_9019_CEI230_ATV", 13.8, 1,     7037.1,   -2.1,   0.88323, 2,     7037.1, -122.1,   0.88323, 3,     7037.1,  117.9,   0.88323
"SCN_CN15_9017_CEI230_ATV", 13.8, 1,    7036.79,   -2.1,   0.88319, 2,    7036.78, -122.1,   0.88319, 3,    7036.78,  117.9,   0.88319
"SCN_CN15_9014_CEI230_ATV", 13.8, 1,    7036.65,   -2.1,   0.88318, 2,    7036.65, -122.1,   0.88318, 3,    7036.65,  117.9,   0.88318
"SCN_CN15_9013_CEI230_ATV", 13.8, 1,    7036.47,   -2.1,   0.88315, 2,    7036.47, -122.1,   0.88315, 3,    7036.47,  117.9,   0.88315
"SCN_CN15_9002_CEI230_ATV", 13.8, 1,    7036.28,   -2.1,   0.88313, 2,    7036.27, -122.1,   0.88313, 3,    7036.27,  117.9,   0.88313
"SCN_CN15_9003_CEI230_ATV", 13.8, 1,    7036.26,   -2.1,   0.88313, 2,    7036.26, -122.1,   0.88313, 3,    7036.26,  117.9,   0.88313
"SCN_CN15_9004_CEI230_ATV", 13.8, 1,    7036.24,   -2.1,   0.88312, 2,    7036.23, -122.1,   0.88312, 3,    7036.23,  117.9,   0.88312
"SCN_CN15_9482_CEI109", 13.8, 1,    5601.83,   -5.5,   0.70309, 2,    5601.82, -125.5,   0.70309, 3,    5601.82,  114.5,   0.70309
"SCN_CN15_9005_CEI230_ATV", 13.8, 1,    7036.15,   -2.1,   0.88311, 2,    7036.15, -122.1,   0.88311, 3,    7036.15,  117.9,   0.88311
"SCN_CN15_9006_CEI230_ATV", 13.8, 1,    7035.99,   -2.1,   0.88309, 2,    7035.98, -122.1,   0.88309, 3,    7035.98,  117.9,   0.88309
"SCN_CN15_9007_CEI230_ATV", 13.8, 1,    7035.84,   -2.1,   0.88308, 2,    7035.84, -122.1,   0.88307, 3,    7035.84,  117.9,   0.88307
"SCN_CN15_9008_CEI230_ATV", 13.8, 1,    7035.75,   -2.1,   0.88306, 2,    7035.74, -122.1,   0.88306, 3,    7035.74,  117.9,   0.88306
"SCN_CN15_9009_CEI230_ATV", 13.8, 1,    7035.67,   -2.1,   0.88305, 2,    7035.66, -122.1,   0.88305, 3,    7035.66,  117.9,   0.88305
"SCN_CN15_9050_CEI77A_ATV", 13.8, 1,    7028.67,   -2.1,   0.88218, 2,    7028.67, -122.1,   0.88217, 3,    7028.67,  117.9,   0.88217
"SCN_CN15_9052_CEI77A_ATV", 13.8, 1,    7028.46,   -2.1,   0.88215, 2,    7028.45, -122.1,   0.88215, 3,    7028.45,  117.9,   0.88215
"SCN_CN15_9049_CEI77A_ATV", 13.8, 1,    7028.95,   -2.1,   0.88221, 2,    7028.95, -122.1,   0.88221, 3,    7028.95,  117.9,   0.88221
"SCN_CN15_9050_CEI77A_ATV_S", 13.8, 1,    7028.67,   -2.1,   0.88218, 2,    7028.67, -122.1,   0.88217, 3,    7028.67,  117.9,   0.88217
"SCN_CN15_9051_CEI77A_ATV", 13.8, 1,    7028.67,   -2.1,   0.88217, 2,    7028.66, -122.1,   0.88217, 3,    7028.67,  117.9,   0.88217
"SCN_CN15_9047_CEI77A_ATV", 13.8, 1,    7029.22,   -2.1,   0.88224, 2,    7029.21, -122.1,   0.88224, 3,    7029.21,  117.9,   0.88224
"SCN_CN15_9046_CEI77A_ATV", 13.8, 1,    7029.62,   -2.1,   0.88229, 2,    7029.61, -122.1,   0.88229, 3,    7029.62,  117.9,   0.88229
"SCN_CN15_9483_CEI109", 13.8, 1,    5601.71,   -5.5,   0.70308, 2,     5601.7, -125.5,   0.70307, 3,     5601.7,  114.5,   0.70307
"SCN_CN15_9045_CEIRJ006_ATV", 13.8, 1,     7032.8,   -2.0,   0.88269, 2,    7032.79, -122.0,   0.88269, 3,    7032.79,  118.0,   0.88269
"SCN_CN15_9112_CEI076", 13.8, 1,    7032.85,   -2.0,    0.8827, 2,    7032.84, -122.0,    0.8827, 3,    7032.84,  118.0,    0.8827
"SCN_CN15_9113_CEI076", 13.8, 1,    7032.82,   -2.0,    0.8827, 2,    7032.82, -122.0,    0.8827, 3,    7032.82,  118.0,    0.8827
"SCN_CN15_9111_CEI076", 13.8, 1,     7032.9,   -2.0,   0.88271, 2,    7032.89, -122.0,    0.8827, 3,    7032.89,  118.0,   0.88271
"SCN_CN15_9112_CEI076_S", 13.8, 1,    7032.85,   -2.0,    0.8827, 2,    7032.84, -122.0,    0.8827, 3,    7032.84,  118.0,    0.8827
"SCN_CN15_9092_CEI076", 13.8, 1,    7033.01,   -2.0,   0.88272, 2,    7033.01, -122.0,   0.88272, 3,    7033.01,  118.0,   0.88272
"SCN_CN15_9093_CEI076", 13.8, 1,    7032.98,   -2.0,   0.88272, 2,    7032.98, -122.0,   0.88272, 3,    7032.98,  118.0,   0.88272
"SCN_CN15_9092_CEI076_S", 13.8, 1,    7033.01,   -2.0,   0.88272, 2,    7033.01, -122.0,   0.88272, 3,    7033.01,  118.0,   0.88272
"SCN_CN15_9127_CEI77A_ATV", 13.8, 1,    7033.33,   -2.0,   0.88276, 2,    7033.32, -122.0,   0.88276, 3,    7033.32,  118.0,   0.88276
"SCN_CN15_9128_CEI77A_ATV", 13.8, 1,    7033.26,   -2.0,   0.88275, 2,    7033.26, -122.0,   0.88275, 3,    7033.26,  118.0,   0.88275
"SCN_CN15_9041_CEIRJ006_ATV", 13.8, 1,    7033.02,   -2.0,   0.88272, 2,    7033.02, -122.0,   0.88272, 3,    7033.02,  118.0,   0.88272
"SCN_CN15_9126_CEI77A_ATV", 13.8, 1,    7034.65,   -2.0,   0.88293, 2,    7034.65, -122.0,   0.88293, 3,    7034.65,  118.0,   0.88293
"SCN_CN15_9127_CEI77A_ATV_S", 13.8, 1,    7033.33,   -2.0,   0.88276, 2,    7033.32, -122.0,   0.88276, 3,    7033.32,  118.0,   0.88276
"SCN_CN15_9060_CEI230_ATV", 13.8, 1,    7034.65,   -2.0,   0.88293, 2,    7034.65, -122.0,   0.88293, 3,    7034.65,  118.0,   0.88293
"SCN_CN15_9484_CEI109", 13.8, 1,    5601.57,   -5.5,   0.70306, 2,    5601.56, -125.5,   0.70306, 3,    5601.56,  114.5,   0.70306
"SCN_CN15_9124_CEI77A_ATV", 13.8, 1,    7035.39,   -2.0,   0.88302, 2,    7035.39, -122.0,   0.88302, 3,    7035.39,  118.0,   0.88302
"SCN_CN15_9123_CEI77A_ATV", 13.8, 1,     7035.5,   -2.0,   0.88303, 2,     7035.5, -122.0,   0.88303, 3,     7035.5,  118.0,   0.88303
"SCN_CN15_9124_CEI77A_ATV_S", 13.8, 1,    7035.39,   -2.0,   0.88302, 2,    7035.39, -122.0,   0.88302, 3,    7035.39,  118.0,   0.88302
"SCN_CN15_9059_CEI230_ATV", 13.8, 1,    7034.81,   -2.0,   0.88294, 2,     7034.8, -122.0,   0.88294, 3,     7034.8,  118.0,   0.88294
"SCN_CN15_9125_CEI77A_ATV", 13.8, 1,    7035.21,   -2.0,     0.883, 2,     7035.2, -122.0,   0.88299, 3,     7035.2,  118.0,   0.88299
"SCN_CN15_9122_CEI77A_ATV", 13.8, 1,    7037.12,   -2.0,   0.88324, 2,    7037.11, -122.0,   0.88323, 3,    7037.12,  118.0,   0.88323
"SCN_CN15_9121_CEI77A_ATV", 13.8, 1,    7038.79,   -2.0,   0.88345, 2,    7038.79, -122.0,   0.88344, 3,    7038.79,  118.0,   0.88345
"SCN_CN15_9120_CEI77A_ATV", 13.8, 1,    7040.47,   -2.0,   0.88366, 2,    7040.46, -122.0,   0.88366, 3,    7040.47,  118.0,   0.88366
"SCN_CN15_9119_CEI77A_ATV", 13.8, 1,    7042.17,   -2.0,   0.88387, 2,    7042.16, -122.0,   0.88387, 3,    7042.16,  118.0,   0.88387
"SCN_CN15_9118_CEI77A_ATV", 13.8, 1,    7043.46,   -2.0,   0.88403, 2,    7043.45, -122.0,   0.88403, 3,    7043.46,  118.0,   0.88403
"SCN_CN15_9116_CEI77A_ATV", 13.8, 1,    7045.15,   -2.0,   0.88424, 2,    7045.15, -122.0,   0.88424, 3,    7045.15,  118.0,   0.88424
"SCN_CN15_9117_CEI77A_ATV", 13.8, 1,    7045.15,   -2.0,   0.88424, 2,    7045.15, -122.0,   0.88424, 3,    7045.15,  118.0,   0.88424
"SCN_CN15_9116_CEI77A_ATV_S", 13.8, 1,    7045.15,   -2.0,   0.88424, 2,    7045.15, -122.0,   0.88424, 3,    7045.15,  118.0,   0.88424
"SCN_CN15_9111_CEI77A_ATV", 13.8, 1,    7050.07,   -2.0,   0.88486, 2,    7050.07, -122.0,   0.88486, 3,    7050.07,  118.0,   0.88486
"SCN_CN15_9109_CEI77A_ATV", 13.8, 1,    7052.36,   -2.0,   0.88515, 2,    7052.36, -122.0,   0.88515, 3,    7052.36,  118.0,   0.88515
"SCN_CN15_9110_CEI77A_ATV", 13.8, 1,    7052.33,   -2.0,   0.88514, 2,    7052.32, -122.0,   0.88514, 3,    7052.32,  118.0,   0.88514
"SCN_CN15_9108_CEI77A_ATV", 13.8, 1,    7054.42,   -2.0,   0.88541, 2,    7054.42, -122.0,   0.88541, 3,    7054.42,  118.0,   0.88541
"SCN_CN15_9109_CEI77A_ATV_S", 13.8, 1,    7052.36,   -2.0,   0.88515, 2,    7052.36, -122.0,   0.88515, 3,    7052.36,  118.0,   0.88515
"SCN_CN15_9356_CEI065", 13.8, 1,    6187.39,   -3.6,   0.77658, 2,    6187.38, -123.6,   0.77658, 3,    6187.38,  116.4,   0.77658
"SCN_CN15_9357_CEI065", 13.8, 1,    6187.39,   -3.6,   0.77658, 2,    6187.38, -123.6,   0.77658, 3,    6187.38,  116.4,   0.77658
"SCN_CN15_9355_CEI065", 13.8, 1,    6187.39,   -3.6,   0.77658, 2,    6187.38, -123.6,   0.77658, 3,    6187.38,  116.4,   0.77658
"SCN_CN15_9354_CEI065", 13.8, 1,    6187.39,   -3.6,   0.77658, 2,    6187.38, -123.6,   0.77658, 3,    6187.38,  116.4,   0.77658
"SCN_CN15_9362_CEI065", 13.8, 1,    6187.39,   -3.6,   0.77658, 2,    6187.38, -123.6,   0.77658, 3,    6187.38,  116.4,   0.77658
"SCN_CN15_9365_CEI065", 13.8, 1,    6187.39,   -3.6,   0.77658, 2,    6187.38, -123.6,   0.77658, 3,    6187.38,  116.4,   0.77658
"SCN_CN15_9367_CEI065", 13.8, 1,    6187.39,   -3.6,   0.77658, 2,    6187.38, -123.6,   0.77658, 3,    6187.38,  116.4,   0.77658
"SCN_CN15_9368_CEI065", 13.8, 1,    6187.39,   -3.6,   0.77658, 2,    6187.38, -123.6,   0.77658, 3,    6187.38,  116.4,   0.77658
"SCN_CN15_9369_CEI065", 13.8, 1,    6187.39,   -3.6,   0.77658, 2,    6187.38, -123.6,   0.77658, 3,    6187.38,  116.4,   0.77658
"SCN_CN15_9370_CEI065", 13.8, 1,    6187.39,   -3.6,   0.77658, 2,    6187.38, -123.6,   0.77658, 3,    6187.38,  116.4,   0.77658
"SCN_CN15_9371_CEI065", 13.8, 1,    6187.39,   -3.6,   0.77658, 2,    6187.38, -123.6,   0.77658, 3,    6187.38,  116.4,   0.77658
"SCN_CN15_9372_CEI065", 13.8, 1,    6187.39,   -3.6,   0.77658, 2,    6187.38, -123.6,   0.77658, 3,    6187.38,  116.4,   0.77658
"SCN_CN15_9373_CEI065", 13.8, 1,    6187.39,   -3.6,   0.77658, 2,    6187.38, -123.6,   0.77658, 3,    6187.38,  116.4,   0.77658
"SCN_CN15_9374_CEI065", 13.8, 1,    6187.39,   -3.6,   0.77658, 2,    6187.38, -123.6,   0.77658, 3,    6187.38,  116.4,   0.77658
"SCN_CN15_9375_CEI065", 13.8, 1,    6187.39,   -3.6,   0.77658, 2,    6187.38, -123.6,   0.77658, 3,    6187.38,  116.4,   0.77658
"SCN_CN15_9376_CEI065", 13.8, 1,    6187.39,   -3.6,   0.77658, 2,    6187.38, -123.6,   0.77658, 3,    6187.38,  116.4,   0.77658
"SCN_CN15_9377_CEI065", 13.8, 1,    6187.39,   -3.6,   0.77658, 2,    6187.38, -123.6,   0.77658, 3,    6187.38,  116.4,   0.77658
"SCN_CN15_9011_CEI068", 13.8, 1,    6187.39,   -3.6,   0.77658, 2,    6187.38, -123.6,   0.77658, 3,    6187.38,  116.4,   0.77658
"SCN_CN15_9010_CEI068", 13.8, 1,    6187.39,   -3.6,   0.77658, 2,    6187.38, -123.6,   0.77658, 3,    6187.38,  116.4,   0.77658
"SCN_CN15_9021_CEI068", 13.8, 1,    6187.39,   -3.6,   0.77658, 2,    6187.38, -123.6,   0.77658, 3,    6187.38,  116.4,   0.77658
"SCN_CN15_9020_CEI068", 13.8, 1,    6187.39,   -3.6,   0.77658, 2,    6187.38, -123.6,   0.77658, 3,    6187.38,  116.4,   0.77658
"SCN_CN15_9021_CEI068_S", 13.8, 1,    6187.39,   -3.6,   0.77658, 2,    6187.38, -123.6,   0.77658, 3,    6187.38,  116.4,   0.77658
"SCN_CN15_9019_CEI068", 13.8, 1,    6187.39,   -3.6,   0.77658, 2,    6187.38, -123.6,   0.77658, 3,    6187.38,  116.4,   0.77658
"SCN_CN15_9018_CEI068", 13.8, 1,    6187.39,   -3.6,   0.77658, 2,    6187.38, -123.6,   0.77658, 3,    6187.38,  116.4,   0.77658
"SCN_CN15_9017_CEI068", 13.8, 1,    6187.39,   -3.6,   0.77658, 2,    6187.38, -123.6,   0.77658, 3,    6187.38,  116.4,   0.77658
"SCN_CN15_9007_CEI068", 13.8, 1,    6187.39,   -3.6,   0.77658, 2,    6187.38, -123.6,   0.77658, 3,    6187.38,  116.4,   0.77658
"SCN_CN15_9008_CEI068", 13.8, 1,    6187.39,   -3.6,   0.77658, 2,    6187.38, -123.6,   0.77658, 3,    6187.38,  116.4,   0.77658
"SCN_CN15_9035_CEI068", 13.8, 1,    6187.89,   -3.6,   0.77665, 2,    6187.88, -123.6,   0.77665, 3,    6187.88,  116.4,   0.77665
"SCN_CN15_9034_CEI068", 13.8, 1,    6187.83,   -3.6,   0.77664, 2,    6187.82, -123.6,   0.77664, 3,    6187.82,  116.4,   0.77664
"SCN_CN15_9033_CEI068", 13.8, 1,    6187.78,   -3.6,   0.77663, 2,    6187.77, -123.6,   0.77663, 3,    6187.77,  116.4,   0.77663
"SCN_CN15_9032_CEI068", 13.8, 1,    6187.72,   -3.6,   0.77663, 2,    6187.71, -123.6,   0.77663, 3,    6187.71,  116.4,   0.77663
"SCN_CN15_9031_CEI068", 13.8, 1,    6187.66,   -3.6,   0.77662, 2,    6187.65, -123.6,   0.77662, 3,    6187.66,  116.4,   0.77662
"SCN_CN15_9030_CEI068", 13.8, 1,     6187.6,   -3.6,   0.77661, 2,     6187.6, -123.6,   0.77661, 3,     6187.6,  116.4,   0.77661
"SCN_CN15_9029_CEI068", 13.8, 1,    6187.55,   -3.6,   0.77661, 2,    6187.54, -123.6,    0.7766, 3,    6187.54,  116.4,    0.7766
"SCN_CN15_9028_CEI068", 13.8, 1,    6187.49,   -3.6,    0.7766, 2,    6187.49, -123.6,    0.7766, 3,    6187.49,  116.4,    0.7766
"SCN_CN15_9027_CEI068", 13.8, 1,    6187.44,   -3.6,   0.77659, 2,    6187.43, -123.6,   0.77659, 3,    6187.43,  116.4,   0.77659
"SCN_CN15_9026_CEI068", 13.8, 1,    6187.39,   -3.6,   0.77658, 2,    6187.38, -123.6,   0.77658, 3,    6187.38,  116.4,   0.77658
"SCN_CN15_9025_CEI068", 13.8, 1,    6187.39,   -3.6,   0.77658, 2,    6187.38, -123.6,   0.77658, 3,    6187.38,  116.4,   0.77658
"SCN_CN15_9024_CEI068", 13.8, 1,    6187.39,   -3.6,   0.77658, 2,    6187.38, -123.6,   0.77658, 3,    6187.38,  116.4,   0.77658
"SCN_CN15_9013_CEI120", 13.8, 1,    5757.21,   -4.9,   0.72259, 2,     5757.2, -124.9,   0.72259, 3,     5757.2,  115.1,   0.72259
"SCN_CN15_9014_CEI120_S", 13.8, 1,    5756.85,   -4.9,   0.72255, 2,    5756.84, -124.9,   0.72255, 3,    5756.84,  115.1,   0.72255
"SCN_CN15_9009_CEI120", 13.8, 1,    5759.64,   -4.8,    0.7229, 2,    5759.63, -124.8,    0.7229, 3,    5759.64,  115.2,    0.7229
"SCN_CN15_9013_CEI120_S", 13.8, 1,    5757.21,   -4.9,   0.72259, 2,     5757.2, -124.9,   0.72259, 3,     5757.2,  115.1,   0.72259
"SCN_CN15_9009_CEI120_S", 13.8, 1,    5759.64,   -4.8,    0.7229, 2,    5759.63, -124.8,    0.7229, 3,    5759.64,  115.2,    0.7229
"SCN_CN15_9162_CEI220_ATV", 13.8, 1,    5757.71,   -4.9,   0.72266, 2,    5757.71, -124.9,   0.72265, 3,    5757.71,  115.1,   0.72265
"SCN_CN15_9008_CEI120", 13.8, 1,    5754.67,   -4.9,   0.72227, 2,    5754.66, -124.9,   0.72227, 3,    5754.66,  115.1,   0.72227
"SCN_CN15_9003_CEI134A_ATV", 13.8, 1,    5694.51,   -5.0,   0.71472, 2,    5694.51, -125.0,   0.71472, 3,    5694.51,  115.0,   0.71472
"SCN_CN15_9001_CEI134A_ATV", 13.8, 1,    5694.35,   -5.0,    0.7147, 2,    5694.34, -125.0,    0.7147, 3,    5694.34,  115.0,    0.7147
"SCN_CN15_9007_CEI134_ATV", 13.8, 1,    5694.27,   -5.0,   0.71469, 2,    5694.27, -125.0,   0.71469, 3,    5694.27,  115.0,   0.71469
"SCN_CN15_9002_CEI134A_ATV", 13.8, 1,    5694.03,   -5.0,   0.71466, 2,    5694.02, -125.0,   0.71466, 3,    5694.02,  115.0,   0.71466
"SCN_CN15_9003_CEI160A_ATV", 13.8, 1,    5693.89,   -5.0,   0.71465, 2,    5693.88, -125.0,   0.71464, 3,    5693.88,  115.0,   0.71464
"SCN_CN15_9002_CEI160A_ATV", 13.8, 1,    5693.85,   -5.0,   0.71464, 2,    5693.84, -125.0,   0.71464, 3,    5693.84,  115.0,   0.71464
"SCN_CN15_9001_CEI160A_ATV", 13.8, 1,    5693.81,   -5.0,   0.71464, 2,     5693.8, -125.0,   0.71463, 3,     5693.8,  115.0,   0.71463
"SCN_CN15_9008_CEI121", 13.8, 1,    5693.76,   -5.0,   0.71463, 2,    5693.76, -125.0,   0.71463, 3,    5693.76,  115.0,   0.71463
"SCN_CN15_9009_CEI121", 13.8, 1,    5693.76,   -5.0,   0.71463, 2,    5693.75, -125.0,   0.71463, 3,    5693.75,  115.0,   0.71463
"SCN_CN15_9010_CEI121", 13.8, 1,    5693.74,   -5.0,   0.71463, 2,    5693.73, -125.0,   0.71463, 3,    5693.73,  115.0,   0.71463
"SCN_CN15_9007_CEI120", 13.8, 1,    5751.46,   -4.9,   0.72187, 2,    5751.45, -124.9,   0.72187, 3,    5751.45,  115.1,   0.72187
"SCN_CN15_9007_CEI121", 13.8, 1,    5693.74,   -5.0,   0.71463, 2,    5693.73, -125.0,   0.71463, 3,    5693.73,  115.0,   0.71463
"SCN_CN15_9006_CEI121", 13.8, 1,    5693.71,   -5.0,   0.71462, 2,    5693.71, -125.0,   0.71462, 3,    5693.71,  115.0,   0.71462
"SCN_CN15_9005_CEI121", 13.8, 1,    5693.69,   -5.0,   0.71462, 2,    5693.69, -125.0,   0.71462, 3,    5693.69,  115.0,   0.71462
"SCN_CN15_9004_CEI121", 13.8, 1,    5693.68,   -5.0,   0.71462, 2,    5693.68, -125.0,   0.71462, 3,    5693.68,  115.0,   0.71462
"SCN_CN15_9003_CEI121", 13.8, 1,    5693.67,   -5.0,   0.71462, 2,    5693.66, -125.0,   0.71462, 3,    5693.66,  115.0,   0.71462
"SCN_CN15_9006_CEI120", 13.8, 1,    5748.04,   -4.9,   0.72144, 2,    5748.03, -124.9,   0.72144, 3,    5748.03,  115.1,   0.72144
"SCN_CN15_9004_CEI120", 13.8, 1,     5744.6,   -4.9,   0.72101, 2,     5744.6, -124.9,   0.72101, 3,     5744.6,  115.1,   0.72101
"SCN_CN15_9003_CEI120", 13.8, 1,    5741.03,   -4.9,   0.72056, 2,    5741.02, -124.9,   0.72056, 3,    5741.02,  115.1,   0.72056
"SCN_CN15_9110_CEI201_ATV", 13.8, 1,     5836.8,   -4.4,   0.73258, 2,    5836.79, -124.4,   0.73258, 3,    5836.79,  115.6,   0.73258
"SCN_CN15_9002_CEI120", 13.8, 1,    5738.13,   -4.9,    0.7202, 2,    5738.12, -124.9,    0.7202, 3,    5738.12,  115.1,    0.7202
"SCN_CN15_9004_CEI160A_ATV", 13.8, 1,    5670.57,   -5.1,   0.71172, 2,    5670.57, -125.1,   0.71172, 3,    5670.57,  114.9,   0.71172
"SCN_CN15_9005_CEI160A_ATV", 13.8, 1,    5670.58,   -5.1,   0.71172, 2,    5670.57, -125.1,   0.71172, 3,    5670.57,  114.9,   0.71172
"SCN_CN15_9006_CEI160A_ATV", 13.8, 1,     5670.6,   -5.1,   0.71172, 2,    5670.59, -125.1,   0.71172, 3,    5670.59,  114.9,   0.71172
"SCN_CN15_9007_CEI160A_ATV", 13.8, 1,    5670.61,   -5.1,   0.71172, 2,     5670.6, -125.1,   0.71172, 3,     5670.6,  114.9,   0.71172
"SCN_CN15_9008_CEI160A_ATV", 13.8, 1,    5670.62,   -5.1,   0.71173, 2,    5670.61, -125.1,   0.71172, 3,    5670.61,  114.9,   0.71172
"SCN_CN15_9004_CEI134B_ATV", 13.8, 1,    5670.67,   -5.1,   0.71173, 2,    5670.66, -125.1,   0.71173, 3,    5670.66,  114.9,   0.71173
"SCN_CN15_9001_CEI120", 13.8, 1,    5734.54,   -4.9,   0.71975, 2,    5734.53, -124.9,   0.71975, 3,    5734.53,  115.1,   0.71975
"SCN_CN15_9005_CEI134B_ATV", 13.8, 1,    5670.69,   -5.1,   0.71173, 2,    5670.68, -125.1,   0.71173, 3,    5670.68,  114.9,   0.71173
"SCN_CN15_9008_CEI134B_ATV", 13.8, 1,    5670.72,   -5.1,   0.71174, 2,    5670.71, -125.1,   0.71174, 3,    5670.71,  114.9,   0.71174
"SCN_CN15_9007_CEI134B_ATV", 13.8, 1,    5670.72,   -5.1,   0.71174, 2,    5670.71, -125.1,   0.71174, 3,    5670.71,  114.9,   0.71174
"SCN_CN15_9006_CEI134B_ATV", 13.8, 1,    5670.72,   -5.1,   0.71174, 2,    5670.71, -125.1,   0.71174, 3,    5670.71,  114.9,   0.71174
"SCN_CN15_9008_CEI134B_ATV_S", 13.8, 1,    5670.72,   -5.1,   0.71174, 2,    5670.71, -125.1,   0.71174, 3,    5670.71,  114.9,   0.71174
"SCN_CN15_9009_CEI134B_ATV", 13.8, 1,    5670.75,   -5.1,   0.71174, 2,    5670.74, -125.1,   0.71174, 3,    5670.74,  114.9,   0.71174
"SCN_CN15_9038_CEIRJ006_ATV", 13.8, 1,    7054.68,   -2.0,   0.88544, 2,    7054.67, -122.0,   0.88544, 3,    7054.68,  118.0,   0.88544
"SCN_CN15_9013_CEI201_ATV", 13.8, 1,    5592.39,   -5.5,   0.70191, 2,    5592.38, -125.5,   0.70191, 3,    5592.38,  114.5,   0.70191
"SCN_CN15_9105_CEI77A_ATV", 13.8, 1,    7058.75,   -2.0,   0.88595, 2,    7058.75, -122.0,   0.88595, 3,    7058.75,  118.0,   0.88595
"SCN_CN15_9106_CEI77A_ATV_S", 13.8, 1,    7054.92,   -2.0,   0.88547, 2,    7054.92, -122.0,   0.88547, 3,    7054.92,  118.0,   0.88547
"SCN_CN15_9490_CEI109", 13.8, 1,    5601.24,   -5.5,   0.70302, 2,    5601.24, -125.5,   0.70302, 3,    5601.24,  114.5,   0.70302
"SCN_CN15_9104_CEI77A_ATV_S", 13.8, 1,    7062.59,   -2.0,   0.88643, 2,    7062.58, -122.0,   0.88643, 3,    7062.58,  118.0,   0.88643
"SCN_CN15_9006_CEI077_ATV", 13.8, 1,    6942.73,   -2.2,   0.87139, 2,    6942.72, -122.2,   0.87139, 3,    6942.72,  117.8,   0.87139
"SCN_CN15_9007_CEI077_ATV", 13.8, 1,    6942.35,   -2.2,   0.87134, 2,    6942.34, -122.2,   0.87134, 3,    6942.35,  117.8,   0.87134
"SCN_CN15_9004_CEI077_ATV", 13.8, 1,     6943.9,   -2.2,   0.87154, 2,    6943.89, -122.2,   0.87153, 3,     6943.9,  117.8,   0.87153
"SCN_CN15_9005_CEI077_ATV_S", 13.8, 1,     6943.1,   -2.2,   0.87143, 2,    6943.09, -122.2,   0.87143, 3,    6943.09,  117.8,   0.87143
"SCN_CN15_9003_CEI077_ATV", 13.8, 1,    6944.86,   -2.2,   0.87166, 2,    6944.86, -122.2,   0.87166, 3,    6944.86,  117.8,   0.87166
"SCN_CN15_9002_CEI077_ATV_S", 13.8, 1,    6945.68,   -2.2,   0.87176, 2,    6945.68, -122.2,   0.87176, 3,    6945.68,  117.8,   0.87176
"SCN_CN15_9094_CEI072_S", 13.8, 1,    6885.65,   -2.4,   0.86422, 2,    6885.64, -122.4,   0.86422, 3,    6885.64,  117.6,   0.86422
"SCN_CN15_9093_CEI072_S", 13.8, 1,    6856.14,   -2.4,   0.86052, 2,    6856.13, -122.4,   0.86052, 3,    6856.13,  117.6,   0.86052
"SCN_CN15_9095_CEI072", 13.8, 1,     6845.3,   -2.4,   0.85916, 2,    6845.29, -122.4,   0.85916, 3,    6845.29,  117.6,   0.85916
"SCN_CN15_9096_CEI072", 13.8, 1,     6845.1,   -2.4,   0.85913, 2,    6845.09, -122.4,   0.85913, 3,    6845.09,  117.6,   0.85913
"SCN_CN15_9097_CEI072", 13.8, 1,     6844.9,   -2.4,   0.85911, 2,     6844.9, -122.4,   0.85911, 3,     6844.9,  117.6,   0.85911
"SCN_CN15_9098_CEI072", 13.8, 1,     6844.7,   -2.4,   0.85908, 2,     6844.7, -122.4,   0.85908, 3,     6844.7,  117.6,   0.85908
"SCN_CN15_9099_CEI072", 13.8, 1,    6844.59,   -2.4,   0.85907, 2,    6844.59, -122.4,   0.85907, 3,    6844.59,  117.6,   0.85907
"SCN_CN15_9102_CEI220_ATV", 13.8, 1,    5754.33,   -4.9,   0.72223, 2,    5754.32, -124.9,   0.72223, 3,    5754.32,  115.1,   0.72223
"SCN_CN15_9038_CEI148_ATV", 13.8, 1,    5839.49,   -4.4,   0.73292, 2,    5839.48, -124.4,   0.73292, 3,    5839.48,  115.6,   0.73292
"SCN_CN15_9012_CEIRJ013_ATV", 13.8, 1,    5839.49,   -4.4,   0.73292, 2,    5839.48, -124.4,   0.73292, 3,    5839.48,  115.6,   0.73292
"SCN_CN15_9361_CEI109", 13.8, 1,    5592.93,   -5.5,   0.70197, 2,    5592.92, -125.5,   0.70197, 3,    5592.92,  114.5,   0.70197
"SCN_CN15_9010_CEI134B_ATV", 13.8, 1,    5670.73,   -5.1,   0.71174, 2,    5670.72, -125.1,   0.71174, 3,    5670.72,  114.9,   0.71174
"SCN_CN15_9011_CEI134B_ATV", 13.8, 1,    5670.68,   -5.1,   0.71173, 2,    5670.67, -125.1,   0.71173, 3,    5670.67,  114.9,   0.71173
"SCN_CN15_9009_CEI134B_ATV_S", 13.8, 1,    5670.75,   -5.1,   0.71174, 2,    5670.74, -125.1,   0.71174, 3,    5670.74,  114.9,   0.71174
"SCN_CN15_9012_CEI134B_ATV", 13.8, 1,    5670.83,   -5.1,   0.71175, 2,    5670.82, -125.1,   0.71175, 3,    5670.82,  114.9,   0.71175
"SCN_CN15_9013_CEI134B_ATV", 13.8, 1,    5670.88,   -5.1,   0.71176, 2,    5670.87, -125.1,   0.71176, 3,    5670.87,  114.9,   0.71176
"SCN_CN15_9008_CEI134C_ATV", 13.8, 1,    5670.86,   -5.1,   0.71175, 2,    5670.85, -125.1,   0.71175, 3,    5670.85,  114.9,   0.71175
"SCN_CN15_9021_CEI109", 13.8, 1,    5730.01,   -5.0,   0.71918, 2,       5730, -125.0,   0.71918, 3,       5730,  115.0,   0.71918
"SCN_CN15_9009_CEI134C_ATV", 13.8, 1,    5670.83,   -5.1,   0.71175, 2,    5670.82, -125.1,   0.71175, 3,    5670.82,  114.9,   0.71175
"SCN_CN15_9010_CEI134C_ATV", 13.8, 1,     5670.8,   -5.1,   0.71175, 2,    5670.79, -125.1,   0.71175, 3,    5670.79,  114.9,   0.71175
"SCN_CN15_9013_CEI134B_ATV_S", 13.8, 1,    5670.88,   -5.1,   0.71176, 2,    5670.87, -125.1,   0.71176, 3,    5670.87,  114.9,   0.71176
"SCN_CN15_9006_CEI134C_ATV", 13.8, 1,    5670.95,   -5.1,   0.71177, 2,    5670.94, -125.1,   0.71176, 3,    5670.94,  114.9,   0.71176
"SCN_CN15_9005_CEI134C_ATV", 13.8, 1,    5670.99,   -5.1,   0.71177, 2,    5670.98, -125.1,   0.71177, 3,    5670.98,  114.9,   0.71177
"SCN_CN15_9004_CEI134C_ATV", 13.8, 1,    5671.11,   -5.1,   0.71179, 2,     5671.1, -125.1,   0.71179, 3,     5671.1,  114.9,   0.71179
"SCN_CN15_9003_CEI134C_ATV", 13.8, 1,    5671.23,   -5.1,    0.7118, 2,    5671.23, -125.1,    0.7118, 3,    5671.23,  114.9,    0.7118
"SCN_CN15_9001_CEI134C_ATV", 13.8, 1,    5671.33,   -5.1,   0.71181, 2,    5671.33, -125.1,   0.71181, 3,    5671.33,  114.9,   0.71181
"SCN_CN15_9001_CEI134C_ATV_S", 13.8, 1,    5671.33,   -5.1,   0.71181, 2,    5671.33, -125.1,   0.71181, 3,    5671.33,  114.9,   0.71181
"SCN_CN15_9002_CEI134C_ATV", 13.8, 1,    5671.43,   -5.1,   0.71183, 2,    5671.42, -125.1,   0.71183, 3,    5671.42,  114.9,   0.71183
"SCN_CN15_9038_CEI134B_ATV", 13.8, 1,    5671.53,   -5.1,   0.71184, 2,    5671.52, -125.1,   0.71184, 3,    5671.52,  114.9,   0.71184
"SCN_CN15_9027_CEI134C_ATV", 13.8, 1,    5668.72,   -5.1,   0.71149, 2,    5668.71, -125.1,   0.71149, 3,    5668.71,  114.9,   0.71149
"SCN_CN15_9028_CEI134C_ATV", 13.8, 1,    5668.61,   -5.1,   0.71147, 2,     5668.6, -125.1,   0.71147, 3,     5668.6,  114.9,   0.71147
"SCN_CN15_9020_CEI109", 13.8, 1,    5727.42,   -5.0,   0.71885, 2,    5727.41, -125.0,   0.71885, 3,    5727.41,  115.0,   0.71885
"SCN_CN15_9026_CEI134C_ATV", 13.8, 1,    5668.85,   -5.1,    0.7115, 2,    5668.85, -125.1,    0.7115, 3,    5668.85,  114.9,    0.7115
"SCN_CN15_9025_CEI134C_ATV", 13.8, 1,    5668.97,   -5.1,   0.71152, 2,    5668.96, -125.1,   0.71152, 3,    5668.96,  114.9,   0.71152
"SCN_CN15_9029_CEI134C_ATV", 13.8, 1,    5668.87,   -5.1,    0.7115, 2,    5668.86, -125.1,    0.7115, 3,    5668.86,  114.9,    0.7115
"SCN_CN15_9030_CEI134C_ATV", 13.8, 1,    5668.78,   -5.1,   0.71149, 2,    5668.77, -125.1,   0.71149, 3,    5668.77,  114.9,   0.71149
"SCN_CN15_9017_CEI134C_ATV", 13.8, 1,    5669.42,   -5.1,   0.71157, 2,    5669.41, -125.1,   0.71157, 3,    5669.41,  114.9,   0.71157
"SCN_CN15_9025_CEI134C_ATV_S", 13.8, 1,    5668.97,   -5.1,   0.71152, 2,    5668.96, -125.1,   0.71152, 3,    5668.96,  114.9,   0.71152
"SCN_CN15_9018_CEI134C_ATV", 13.8, 1,    5669.21,   -5.1,   0.71155, 2,     5669.2, -125.1,   0.71155, 3,     5669.2,  114.9,   0.71155
"SCN_CN15_9019_CEI134C_ATV_S", 13.8, 1,    5669.03,   -5.1,   0.71153, 2,    5669.03, -125.1,   0.71152, 3,    5669.03,  114.9,   0.71152
"SCN_CN15_9017_CEI134C_ATV_S", 13.8, 1,    5669.42,   -5.1,   0.71157, 2,    5669.41, -125.1,   0.71157, 3,    5669.41,  114.9,   0.71157
"SCN_CN15_9031_CEI134C_ATV", 13.8, 1,     5669.8,   -5.1,   0.71162, 2,    5669.79, -125.1,   0.71162, 3,    5669.79,  114.9,   0.71162
"SCN_CN15_9031_CEI134C_ATV_S", 13.8, 1,     5669.8,   -5.1,   0.71162, 2,    5669.79, -125.1,   0.71162, 3,    5669.79,  114.9,   0.71162
"SCN_CN15_9032_CEI134C_ATV", 13.8, 1,    5670.11,   -5.1,   0.71166, 2,     5670.1, -125.1,   0.71166, 3,     5670.1,  114.9,   0.71166
"SCN_CN15_9033_CEI134C_ATV", 13.8, 1,    5671.11,   -5.1,   0.71179, 2,     5671.1, -125.1,   0.71178, 3,     5671.1,  114.9,   0.71178
"SCN_CN15_9019_CEI109", 13.8, 1,    5724.99,   -5.0,   0.71855, 2,    5724.98, -125.0,   0.71855, 3,    5724.98,  115.0,   0.71855
"SCN_CN15_9037_CEI134B_ATV", 13.8, 1,    5671.49,   -5.1,   0.71183, 2,    5671.48, -125.1,   0.71183, 3,    5671.48,  114.9,   0.71183
"SCN_CN15_9032_CEI134B_ATV", 13.8, 1,    5672.08,   -5.1,   0.71191, 2,    5672.07, -125.1,   0.71191, 3,    5672.07,  114.9,   0.71191
"SCN_CN15_9038_CEI134B_ATV_S", 13.8, 1,    5671.53,   -5.1,   0.71184, 2,    5671.52, -125.1,   0.71184, 3,    5671.52,  114.9,   0.71184
"SCN_CN15_9033_CEI134B_ATV", 13.8, 1,    5672.05,   -5.1,    0.7119, 2,    5672.04, -125.1,    0.7119, 3,    5672.04,  114.9,    0.7119
"SCN_CN15_9034_CEI134B_ATV", 13.8, 1,    5672.01,   -5.1,    0.7119, 2,    5672.01, -125.1,    0.7119, 3,    5672.01,  114.9,    0.7119
"SCN_CN15_9035_CEI134B_ATV", 13.8, 1,    5671.98,   -5.1,    0.7119, 2,    5671.98, -125.1,   0.71189, 3,    5671.97,  114.9,   0.71189
"SCN_CN15_9036_CEI134B_ATV", 13.8, 1,    5671.95,   -5.1,   0.71189, 2,    5671.94, -125.1,   0.71189, 3,    5671.94,  114.9,   0.71189
"SCN_CN15_9016_CEI134C_ATV", 13.8, 1,    5669.76,   -5.1,   0.71162, 2,    5669.75, -125.1,   0.71162, 3,    5669.75,  114.9,   0.71162
"SCN_CN15_9011_CEI134C_ATV", 13.8, 1,    5669.73,   -5.1,   0.71161, 2,    5669.72, -125.1,   0.71161, 3,    5669.72,  114.9,   0.71161
"SCN_CN15_9018_CEI109", 13.8, 1,    5722.48,   -5.0,   0.71823, 2,    5722.47, -125.0,   0.71823, 3,    5722.47,  115.0,   0.71823
"SCN_CN15_9012_CEI134C_ATV", 13.8, 1,     5669.7,   -5.1,   0.71161, 2,     5669.7, -125.1,   0.71161, 3,     5669.7,  114.9,   0.71161
"SCN_CN15_9013_CEI134C_ATV", 13.8, 1,    5669.69,   -5.1,   0.71161, 2,    5669.68, -125.1,   0.71161, 3,    5669.68,  114.9,   0.71161
"SCN_CN15_9014_CEI134C_ATV", 13.8, 1,    5669.62,   -5.1,    0.7116, 2,    5669.61, -125.1,    0.7116, 3,    5669.61,  114.9,    0.7116
"SCN_CN15_9031_CEI134B_ATV", 13.8, 1,    5672.95,   -5.1,   0.71202, 2,    5672.94, -125.1,   0.71202, 3,    5672.94,  114.9,   0.71202
"SCN_CN15_9032_CEI134B_ATV_S", 13.8, 1,    5672.08,   -5.1,   0.71191, 2,    5672.07, -125.1,   0.71191, 3,    5672.07,  114.9,   0.71191
"SCN_CN15_9019_CEI134B_ATV", 13.8, 1,    5673.27,   -5.1,   0.71206, 2,    5673.27, -125.1,   0.71206, 3,    5673.27,  114.9,   0.71206
"SCN_CN15_9020_CEI134B_ATV", 13.8, 1,    5673.23,   -5.1,   0.71205, 2,    5673.22, -125.1,   0.71205, 3,    5673.22,  114.9,   0.71205
"SCN_CN15_9021_CEI134B_ATV", 13.8, 1,    5673.18,   -5.1,   0.71205, 2,    5673.17, -125.1,   0.71204, 3,    5673.17,  114.9,   0.71204
"SCN_CN15_9022_CEI134B_ATV", 13.8, 1,    5673.12,   -5.1,   0.71204, 2,    5673.12, -125.1,   0.71204, 3,    5673.12,  114.9,   0.71204
"SCN_CN15_9023_CEI134B_ATV", 13.8, 1,    5673.08,   -5.1,   0.71203, 2,    5673.07, -125.1,   0.71203, 3,    5673.07,  114.9,   0.71203
"SCN_CN15_9017_CEI109_S", 13.8, 1,    5720.15,   -5.0,   0.71794, 2,    5720.15, -125.0,   0.71794, 3,    5720.15,  115.0,   0.71794
"SCN_CN15_9025_CEI134B_ATV", 13.8, 1,       5673,   -5.1,   0.71202, 2,    5672.99, -125.1,   0.71202, 3,    5672.99,  114.9,   0.71202
"SCN_CN15_9018_CEI134B_ATV", 13.8, 1,    5673.65,   -5.1,   0.71211, 2,    5673.64, -125.1,    0.7121, 3,    5673.64,  114.9,    0.7121
"SCN_CN15_9019_CEI134B_ATV_S", 13.8, 1,    5673.27,   -5.1,   0.71206, 2,    5673.27, -125.1,   0.71206, 3,    5673.27,  114.9,   0.71206
"SCN_CN15_9017_CEI134B_ATV", 13.8, 1,    5674.31,   -5.1,   0.71219, 2,     5674.3, -125.1,   0.71219, 3,     5674.3,  114.9,   0.71219
"SCN_CN15_9030_CEI134B_ATV", 13.8, 1,    5674.27,   -5.1,   0.71218, 2,    5674.26, -125.1,   0.71218, 3,    5674.26,  114.9,   0.71218
"SCN_CN15_9029_CEI134B_ATV", 13.8, 1,    5674.23,   -5.1,   0.71218, 2,    5674.22, -125.1,   0.71218, 3,    5674.22,  114.9,   0.71218
"SCN_CN15_9016_CEI134B_ATV", 13.8, 1,     5674.7,   -5.1,   0.71224, 2,    5674.69, -125.1,   0.71224, 3,    5674.69,  114.9,   0.71224
"SCN_CN15_9017_CEI134B_ATV_S", 13.8, 1,    5674.31,   -5.1,   0.71219, 2,     5674.3, -125.1,   0.71219, 3,     5674.3,  114.9,   0.71219
"SCN_CN15_9015_CEI134B_ATV", 13.8, 1,    5675.25,   -5.1,   0.71231, 2,    5675.24, -125.1,    0.7123, 3,    5675.24,  114.9,    0.7123
"SCN_CN15_9015_CEI134_ATV", 13.8, 1,    5676.74,   -5.1,   0.71249, 2,    5676.73, -125.1,   0.71249, 3,    5676.73,  114.9,   0.71249
"SCN_CN15_9016_CEI134_ATV", 13.8, 1,    5677.31,   -5.1,   0.71256, 2,     5677.3, -125.1,   0.71256, 3,     5677.3,  114.9,   0.71256
"SCN_CN15_9022_CEI109", 13.8, 1,    5719.96,   -5.0,   0.71792, 2,    5719.95, -125.0,   0.71792, 3,    5719.95,  115.0,   0.71792
"SCN_CN15_9016_CEI134_ATV_S", 13.8, 1,    5677.31,   -5.1,   0.71256, 2,     5677.3, -125.1,   0.71256, 3,     5677.3,  114.9,   0.71256
"SCN_CN15_9018_CEI134_ATV", 13.8, 1,     5678.7,   -5.1,   0.71274, 2,    5678.69, -125.1,   0.71274, 3,    5678.69,  114.9,   0.71274
"SCN_CN15_9019_CEI134_ATV", 13.8, 1,    5679.59,   -5.1,   0.71285, 2,    5679.59, -125.1,   0.71285, 3,    5679.59,  114.9,   0.71285
"SCN_CN15_9020_CEI134_ATV", 13.8, 1,    5680.15,   -5.1,   0.71292, 2,    5680.14, -125.1,   0.71292, 3,    5680.14,  114.9,   0.71292
"SCN_CN15_9021_CEI134_ATV", 13.8, 1,    5681.21,   -5.1,   0.71305, 2,     5681.2, -125.1,   0.71305, 3,     5681.2,  114.9,   0.71305
"SCN_CN15_9022_CEI134_ATV", 13.8, 1,    5681.73,   -5.1,   0.71312, 2,    5681.72, -125.1,   0.71312, 3,    5681.72,  114.9,   0.71312
"SCN_CN15_9024_CEI134_ATV", 13.8, 1,    5682.32,   -5.1,   0.71319, 2,    5682.31, -125.1,   0.71319, 3,    5682.31,  114.9,   0.71319
"SCN_CN15_9024_CEI134_ATV_S", 13.8, 1,    5682.32,   -5.1,   0.71319, 2,    5682.31, -125.1,   0.71319, 3,    5682.31,  114.9,   0.71319
"SCN_CN15_9023_CEI134A_ATV", 13.8, 1,    5683.23,   -5.1,   0.71331, 2,    5683.23, -125.1,   0.71331, 3,    5683.23,  114.9,   0.71331
"SCN_CN15_9021_CEI134A_ATV", 13.8, 1,    5684.98,   -5.1,   0.71353, 2,    5684.97, -125.1,   0.71353, 3,    5684.97,  114.9,   0.71353
"SCN_CN15_9016_CEI134A_ATV", 13.8, 1,    5685.74,   -5.1,   0.71362, 2,    5685.73, -125.1,   0.71362, 3,    5685.73,  114.9,   0.71362
"SCN_CN15_9015_CEI134A_ATV", 13.8, 1,    5686.76,   -5.1,   0.71375, 2,    5686.76, -125.1,   0.71375, 3,    5686.76,  114.9,   0.71375
"SCN_CN15_9016_CEI134A_ATV_S", 13.8, 1,    5685.74,   -5.1,   0.71362, 2,    5685.73, -125.1,   0.71362, 3,    5685.73,  114.9,   0.71362
"SCN_CN15_9023_CEI109_S", 13.8, 1,    5719.77,   -5.0,   0.71789, 2,    5719.76, -125.0,   0.71789, 3,    5719.76,  115.0,   0.71789
"SCN_CN15_9014_CEI134A_ATV", 13.8, 1,     5687.7,   -5.1,   0.71387, 2,    5687.69, -125.1,   0.71387, 3,    5687.69,  114.9,   0.71387
"SCN_CN15_9013_CEI134A_ATV", 13.8, 1,    5688.88,   -5.1,   0.71402, 2,    5688.87, -125.1,   0.71402, 3,    5688.87,  114.9,   0.71402
"SCN_CN15_9012_CEI134A_ATV", 13.8, 1,    5689.63,   -5.0,   0.71411, 2,    5689.62, -125.0,   0.71411, 3,    5689.62,  115.0,   0.71411
"SCN_CN15_9024_CEI109", 13.8, 1,    5719.75,   -5.0,   0.71789, 2,    5719.74, -125.0,   0.71789, 3,    5719.74,  115.0,   0.71789
"SCN_CN15_9023_CEI109", 13.8, 1,    5719.77,   -5.0,   0.71789, 2,    5719.76, -125.0,   0.71789, 3,    5719.76,  115.0,   0.71789
"SCN_CN15_9011_CEI134A_ATV", 13.8, 1,    5690.41,   -5.0,   0.71421, 2,     5690.4, -125.0,   0.71421, 3,     5690.4,  115.0,   0.71421
"SCN_CN15_9010_CEI134A_ATV", 13.8, 1,     5691.4,   -5.0,   0.71433, 2,    5691.39, -125.0,   0.71433, 3,    5691.39,  115.0,   0.71433
"SCN_CN15_9010_CEI134_ATV", 13.8, 1,    5693.02,   -5.0,   0.71454, 2,    5693.01, -125.0,   0.71453, 3,    5693.01,  115.0,   0.71453
"SCN_CN15_9012_CEI134_ATV", 13.8, 1,    5693.66,   -5.0,   0.71462, 2,    5693.65, -125.0,   0.71462, 3,    5693.65,  115.0,   0.71462
"SCN_CN15_9007_CEI134A_ATV", 13.8, 1,    5694.03,   -5.0,   0.71466, 2,    5694.02, -125.0,   0.71466, 3,    5694.02,  115.0,   0.71466
"SCN_CN15_9008_CEI134A_ATV", 13.8, 1,    5694.01,   -5.0,   0.71466, 2,       5694, -125.0,   0.71466, 3,       5694,  115.0,   0.71466
"SCN_CN15_9025_CEI109", 13.8, 1,    5719.77,   -5.0,   0.71789, 2,    5719.76, -125.0,   0.71789, 3,    5719.76,  115.0,   0.71789
"SCN_CN15_9005_CEI134A_ATV", 13.8, 1,    5694.61,   -5.0,   0.71474, 2,     5694.6, -125.0,   0.71473, 3,     5694.6,  115.0,   0.71473
"SCN_CN15_9007_CEI134A_ATV_S", 13.8, 1,    5694.03,   -5.0,   0.71466, 2,    5694.02, -125.0,   0.71466, 3,    5694.02,  115.0,   0.71466
"SCN_CN15_9014_CEI134_ATV", 13.8, 1,    5694.58,   -5.0,   0.71473, 2,    5694.57, -125.0,   0.71473, 3,    5694.57,  115.0,   0.71473
"SCN_CN15_9006_CEI134A_ATV", 13.8, 1,     5694.6,   -5.0,   0.71473, 2,    5694.59, -125.0,   0.71473, 3,    5694.59,  115.0,   0.71473
"SCN_CN15_9005_CEI134A_ATV_S", 13.8, 1,    5694.61,   -5.0,   0.71474, 2,     5694.6, -125.0,   0.71473, 3,     5694.6,  115.0,   0.71473
"SCN_CN15_9017_CEI134A_ATV", 13.8, 1,    5685.69,   -5.1,   0.71362, 2,    5685.69, -125.1,   0.71362, 3,    5685.69,  114.9,   0.71362
"SCN_CN15_9018_CEI134A_ATV", 13.8, 1,    5685.64,   -5.1,   0.71361, 2,    5685.63, -125.1,   0.71361, 3,    5685.63,  114.9,   0.71361
"SCN_CN15_9020_CEI134A_ATV", 13.8, 1,    5685.61,   -5.1,   0.71361, 2,     5685.6, -125.1,    0.7136, 3,     5685.6,  114.9,    0.7136
"SCN_CN15_9083_CEI131_ATV", 13.8, 1,    5704.14,   -5.0,   0.71593, 2,    5704.14, -125.0,   0.71593, 3,    5704.14,  115.0,   0.71593
"SCN_CN15_9084_CEI131_ATV", 13.8, 1,    5703.58,   -5.0,   0.71586, 2,    5703.57, -125.0,   0.71586, 3,    5703.57,  115.0,   0.71586
"SCN_CN15_9085_CEI131_ATV", 13.8, 1,    5702.58,   -5.0,   0.71574, 2,    5702.57, -125.0,   0.71574, 3,    5702.57,  115.0,   0.71574
"SCN_CN15_9026_CEI109", 13.8, 1,    5719.77,   -5.0,   0.71789, 2,    5719.76, -125.0,   0.71789, 3,    5719.76,  115.0,   0.71789
"SCN_CN15_9057_CEI220_ATV", 13.8, 1,    5701.76,   -5.0,   0.71563, 2,    5701.75, -125.0,   0.71563, 3,    5701.75,  115.0,   0.71563
"SCN_CN15_9056_CEI109", 13.8, 1,    5701.36,   -5.0,   0.71558, 2,    5701.35, -125.0,   0.71558, 3,    5701.35,  115.0,   0.71558
"SCN_CN15_9056_CEI220_ATV", 13.8, 1,       5701,   -5.0,   0.71554, 2,    5700.99, -125.0,   0.71554, 3,    5700.99,  115.0,   0.71554
"SCN_CN15_9052_CEI109", 13.8, 1,    5700.68,   -5.0,    0.7155, 2,    5700.67, -125.0,    0.7155, 3,    5700.67,  115.0,    0.7155
"SCN_CN15_9049_CEI109", 13.8, 1,    5700.41,   -5.0,   0.71546, 2,    5700.41, -125.0,   0.71546, 3,    5700.41,  115.0,   0.71546
"SCN_CN15_9048_CEI109", 13.8, 1,    5700.14,   -5.0,   0.71543, 2,    5700.13, -125.0,   0.71543, 3,    5700.13,  115.0,   0.71543
"SCN_CN15_9047_CEI109", 13.8, 1,    5699.87,   -5.0,    0.7154, 2,    5699.86, -125.0,   0.71539, 3,    5699.86,  115.0,   0.71539
"SCN_CN15_9046_CEI109", 13.8, 1,    5699.67,   -5.0,   0.71537, 2,    5699.66, -125.0,   0.71537, 3,    5699.66,  115.0,   0.71537
"SCN_CN15_9045_CEI109", 13.8, 1,    5699.48,   -5.0,   0.71535, 2,    5699.47, -125.0,   0.71535, 3,    5699.47,  115.0,   0.71535
"SCN_CN15_9071_CEI131_ATV", 13.8, 1,    5701.14,   -5.0,   0.71556, 2,    5701.13, -125.0,   0.71555, 3,    5701.13,  115.0,   0.71555
"SCN_CN15_9072_CEI131_ATV", 13.8, 1,    5701.14,   -5.0,   0.71556, 2,    5701.13, -125.0,   0.71555, 3,    5701.13,  115.0,   0.71555
"SCN_CN15_9006_CEI201_ATV", 13.8, 1,    5592.01,   -5.5,   0.70186, 2,       5592, -125.5,   0.70186, 3,       5592,  114.5,   0.70186
"SCN_CN15_9008_CEI201_ATV_S", 13.8, 1,    5591.91,   -5.5,   0.70185, 2,    5591.91, -125.5,   0.70185, 3,     5591.9,  114.5,   0.70185
"SCN_CN15_9044_CEI109", 13.8, 1,     5699.3,   -5.0,   0.71532, 2,    5699.29, -125.0,   0.71532, 3,    5699.29,  115.0,   0.71532
"SCN_CN15_9027_CEI109", 13.8, 1,    5719.77,   -5.0,   0.71789, 2,    5719.76, -125.0,   0.71789, 3,    5719.76,  115.0,   0.71789
"SCN_CN15_9039_CEI109", 13.8, 1,    5699.08,   -5.0,    0.7153, 2,    5699.07, -125.0,    0.7153, 3,    5699.07,  115.0,    0.7153
"SCN_CN15_9038_CEI109", 13.8, 1,    5698.73,   -5.0,   0.71525, 2,    5698.72, -125.0,   0.71525, 3,    5698.72,  115.0,   0.71525
"SCN_CN15_9037_CEI109", 13.8, 1,    5698.65,   -5.0,   0.71524, 2,    5698.64, -125.0,   0.71524, 3,    5698.64,  115.0,   0.71524
"SCN_CN15_9051_CEI220_ATV", 13.8, 1,    5698.55,   -5.0,   0.71523, 2,    5698.54, -125.0,   0.71523, 3,    5698.54,  115.0,   0.71523
"SCN_CN15_9093_CEI109", 13.8, 1,    5698.65,   -5.0,   0.71524, 2,    5698.64, -125.0,   0.71524, 3,    5698.64,  115.0,   0.71524
"SCN_CN15_9092_CEI109", 13.8, 1,    5698.59,   -5.0,   0.71524, 2,    5698.58, -125.0,   0.71523, 3,    5698.58,  115.0,   0.71523
"SCN_CN15_9001_CEI160_ATV", 13.8, 1,    5841.01,   -4.5,   0.73311, 2,       5841, -124.5,   0.73311, 3,       5841,  115.5,   0.73311
"SCN_CN15_9091_CEI109", 13.8, 1,    5698.55,   -5.0,   0.71523, 2,    5698.54, -125.0,   0.71523, 3,    5698.54,  115.0,   0.71523
"SCN_CN15_9090_CEI109", 13.8, 1,    5698.49,   -5.0,   0.71522, 2,    5698.48, -125.0,   0.71522, 3,    5698.48,  115.0,   0.71522
"SCN_CN15_9089_CEI109", 13.8, 1,    5698.44,   -5.0,   0.71522, 2,    5698.43, -125.0,   0.71522, 3,    5698.43,  115.0,   0.71522
"SCN_CN15_9088_CEI109", 13.8, 1,    5698.35,   -5.0,   0.71521, 2,    5698.34, -125.0,    0.7152, 3,    5698.34,  115.0,    0.7152
"SCN_CN15_9028_CEI109", 13.8, 1,    5719.77,   -5.0,   0.71789, 2,    5719.76, -125.0,   0.71789, 3,    5719.76,  115.0,   0.71789
"SCN_CN15_9087_CEI109", 13.8, 1,    5698.29,   -5.0,    0.7152, 2,    5698.28, -125.0,    0.7152, 3,    5698.28,  115.0,    0.7152
"SCN_CN15_9094_CEI109", 13.8, 1,     5698.6,   -5.0,   0.71524, 2,    5698.59, -125.0,   0.71523, 3,    5698.59,  115.0,   0.71523
"SCN_CN15_9095_CEI109", 13.8, 1,    5698.58,   -5.0,   0.71523, 2,    5698.57, -125.0,   0.71523, 3,    5698.57,  115.0,   0.71523
"SCN_CN15_9096_CEI109", 13.8, 1,    5698.56,   -5.0,   0.71523, 2,    5698.55, -125.0,   0.71523, 3,    5698.55,  115.0,   0.71523
"SCN_CN15_9098_CEI109", 13.8, 1,    5698.49,   -5.0,   0.71522, 2,    5698.48, -125.0,   0.71522, 3,    5698.48,  115.0,   0.71522
"SCN_CN15_9099_CEI109", 13.8, 1,    5698.46,   -5.0,   0.71522, 2,    5698.45, -125.0,   0.71522, 3,    5698.45,  115.0,   0.71522
"SCN_CN15_9100_CEI109", 13.8, 1,    5698.42,   -5.0,   0.71521, 2,    5698.41, -125.0,   0.71521, 3,    5698.41,  115.0,   0.71521
"SCN_CN15_9050_CEI220_ATV", 13.8, 1,     5698.3,   -5.0,    0.7152, 2,    5698.29, -125.0,    0.7152, 3,    5698.29,  115.0,    0.7152
"SCN_CN15_9042_CEI220_ATV", 13.8, 1,    5698.05,   -5.0,   0.71517, 2,    5698.04, -125.0,   0.71517, 3,    5698.04,  115.0,   0.71517
"SCN_CN15_9029_CEI109", 13.8, 1,    5719.77,   -5.0,   0.71789, 2,    5719.76, -125.0,   0.71789, 3,    5719.76,  115.0,   0.71789
"SCN_CN15_9043_CEI220_ATV", 13.8, 1,    5697.99,   -5.0,   0.71516, 2,    5697.98, -125.0,   0.71516, 3,    5697.98,  115.0,   0.71516
"SCN_CN15_9045_CEI220_ATV", 13.8, 1,    5697.93,   -5.0,   0.71515, 2,    5697.92, -125.0,   0.71515, 3,    5697.92,  115.0,   0.71515
"SCN_CN15_9047_CEI220_ATV", 13.8, 1,    5697.89,   -5.0,   0.71515, 2,    5697.88, -125.0,   0.71515, 3,    5697.88,  115.0,   0.71515
"SCN_CN15_9038_CEI220_ATV", 13.8, 1,    5697.97,   -5.0,   0.71516, 2,    5697.96, -125.0,   0.71516, 3,    5697.96,  115.0,   0.71516
"SCN_CN15_9037_CEI220_ATV", 13.8, 1,    5697.89,   -5.0,   0.71515, 2,    5697.88, -125.0,   0.71515, 3,    5697.88,  115.0,   0.71515
"SCN_CN15_9039_CEI220_ATV", 13.8, 1,    5697.84,   -5.0,   0.71514, 2,    5697.84, -125.0,   0.71514, 3,    5697.84,  115.0,   0.71514
"SCN_CN15_9040_CEI220_ATV", 13.8, 1,    5697.79,   -5.0,   0.71514, 2,    5697.79, -125.0,   0.71513, 3,    5697.79,  115.0,   0.71513
"SCN_CN15_9036_CEI220_ATV", 13.8, 1,    5697.86,   -5.0,   0.71514, 2,    5697.85, -125.0,   0.71514, 3,    5697.85,  115.0,   0.71514
"SCN_CN15_9035_CEI220_ATV", 13.8, 1,    5697.82,   -5.0,   0.71514, 2,    5697.81, -125.0,   0.71514, 3,    5697.81,  115.0,   0.71514
"SCN_CN15_9032_CEI220_ATV", 13.8, 1,    5697.79,   -5.0,   0.71513, 2,    5697.78, -125.0,   0.71513, 3,    5697.78,  115.0,   0.71513
"SCN_CN15_9030_CEI109", 13.8, 1,    5719.77,   -5.0,   0.71789, 2,    5719.76, -125.0,   0.71789, 3,    5719.76,  115.0,   0.71789
"SCN_CN15_9033_CEI220_ATV", 13.8, 1,    5697.77,   -5.0,   0.71513, 2,    5697.76, -125.0,   0.71513, 3,    5697.76,  115.0,   0.71513
"SCN_CN15_9143_CEI109", 13.8, 1,    5697.75,   -5.0,   0.71513, 2,    5697.75, -125.0,   0.71513, 3,    5697.75,  115.0,   0.71513
"SCN_CN15_9030_CEI220_ATV_S", 13.8, 1,    5697.75,   -5.0,   0.71513, 2,    5697.74, -125.0,   0.71513, 3,    5697.74,  115.0,   0.71513
"SCN_CN15_9030_CEI220_ATV", 13.8, 1,    5697.75,   -5.0,   0.71513, 2,    5697.74, -125.0,   0.71513, 3,    5697.74,  115.0,   0.71513
"SCN_CN15_9031_CEI220_ATV", 13.8, 1,    5697.71,   -5.0,   0.71512, 2,     5697.7, -125.0,   0.71512, 3,     5697.7,  115.0,   0.71512
"SCN_CN15_9029_CEI220_ATV", 13.8, 1,    5697.75,   -5.0,   0.71513, 2,    5697.74, -125.0,   0.71513, 3,    5697.74,  115.0,   0.71513
"SCN_CN15_9029_CEI220_ATV_S", 13.8, 1,     5631.7,   -5.3,   0.70684, 2,     5631.7, -125.3,   0.70684, 3,     5631.7,  114.7,   0.70684
"SCN_CN15_9202_CEI109", 13.8, 1,     5631.7,   -5.3,   0.70684, 2,     5631.7, -125.3,   0.70684, 3,     5631.7,  114.7,   0.70684
"SCN_CN15_9201_CEI109", 13.8, 1,    5631.47,   -5.3,   0.70681, 2,    5631.46, -125.3,   0.70681, 3,    5631.46,  114.7,   0.70681
"SCN_CN15_9200_CEI109", 13.8, 1,    5631.43,   -5.3,   0.70681, 2,    5631.42, -125.3,    0.7068, 3,    5631.42,  114.7,    0.7068
"SCN_CN15_9199_CEI109", 13.8, 1,    5631.19,   -5.3,   0.70678, 2,    5631.19, -125.3,   0.70678, 3,    5631.19,  114.7,   0.70678
"SCN_CN15_9198_CEI109", 13.8, 1,    5631.07,   -5.4,   0.70676, 2,    5631.06, -125.4,   0.70676, 3,    5631.06,  114.6,   0.70676
"SCN_CN15_9165_CEI109", 13.8, 1,    5630.84,   -5.4,   0.70673, 2,    5630.83, -125.4,   0.70673, 3,    5630.83,  114.6,   0.70673
"SCN_CN15_9203_CEI109", 13.8, 1,    5631.98,   -5.3,   0.70687, 2,    5631.97, -125.3,   0.70687, 3,    5631.97,  114.7,   0.70687
"SCN_CN15_9204_CEI109_S", 13.8, 1,    5632.24,   -5.3,   0.70691, 2,    5632.23, -125.3,   0.70691, 3,    5632.23,  114.7,   0.70691
"SCN_CN15_9205_CEI109", 13.8, 1,    5632.36,   -5.3,   0.70692, 2,    5632.35, -125.3,   0.70692, 3,    5632.35,  114.7,   0.70692
"SCN_CN15_9206_CEI109", 13.8, 1,    5632.67,   -5.3,   0.70696, 2,    5632.67, -125.3,   0.70696, 3,    5632.67,  114.7,   0.70696
"SCN_CN15_9208_CEI109", 13.8, 1,    5632.96,   -5.3,     0.707, 2,    5632.96, -125.3,     0.707, 3,    5632.96,  114.7,     0.707
"SCN_CN15_9207_CEI109", 13.8, 1,    5632.94,   -5.3,   0.70699, 2,    5632.93, -125.3,   0.70699, 3,    5632.93,  114.7,   0.70699
"SCN_CN15_9209_CEI109", 13.8, 1,    5632.78,   -5.3,   0.70698, 2,    5632.78, -125.3,   0.70697, 3,    5632.77,  114.7,   0.70697
"SCN_CN15_9210_CEI109", 13.8, 1,    5632.63,   -5.3,   0.70696, 2,    5632.62, -125.3,   0.70696, 3,    5632.62,  114.7,   0.70696
"SCN_CN15_9211_CEI109", 13.8, 1,     5632.6,   -5.3,   0.70695, 2,    5632.59, -125.3,   0.70695, 3,    5632.59,  114.7,   0.70695
"SCN_CN15_9212_CEI109", 13.8, 1,    5632.56,   -5.3,   0.70695, 2,    5632.55, -125.3,   0.70695, 3,    5632.55,  114.7,   0.70695
"SCN_CN15_9215_CEI109", 13.8, 1,    5632.46,   -5.3,   0.70694, 2,    5632.45, -125.3,   0.70693, 3,    5632.45,  114.7,   0.70693
"SCN_CN15_9216_CEI109", 13.8, 1,    5632.44,   -5.3,   0.70693, 2,    5632.43, -125.3,   0.70693, 3,    5632.43,  114.7,   0.70693
"SCN_CN15_9213_CEI109", 13.8, 1,    5632.53,   -5.3,   0.70694, 2,    5632.52, -125.3,   0.70694, 3,    5632.52,  114.7,   0.70694
"SCN_CN15_9214_CEI109", 13.8, 1,    5632.49,   -5.3,   0.70694, 2,    5632.48, -125.3,   0.70694, 3,    5632.48,  114.7,   0.70694
"SCN_CN15_9224_CEI109", 13.8, 1,    5633.41,   -5.3,   0.70705, 2,     5633.4, -125.3,   0.70705, 3,     5633.4,  114.7,   0.70705
"SCN_CN15_9226_CEI109", 13.8, 1,    5633.65,   -5.3,   0.70708, 2,    5633.64, -125.3,   0.70708, 3,    5633.64,  114.7,   0.70708
"SCN_CN15_9229_CEI109", 13.8, 1,    5633.97,   -5.3,   0.70712, 2,    5633.96, -125.3,   0.70712, 3,    5633.96,  114.7,   0.70712
"SCN_CN15_9231_CEI109", 13.8, 1,     5634.3,   -5.3,   0.70717, 2,    5634.29, -125.3,   0.70716, 3,    5634.29,  114.7,   0.70716
"SCN_CN15_9232_CEI109", 13.8, 1,    5634.61,   -5.3,   0.70721, 2,     5634.6, -125.3,    0.7072, 3,     5634.6,  114.7,    0.7072
"SCN_CN15_9240_CEI109", 13.8, 1,    5634.89,   -5.3,   0.70724, 2,    5634.88, -125.3,   0.70724, 3,    5634.88,  114.7,   0.70724
"SCN_CN15_9239_CEI109", 13.8, 1,    5635.22,   -5.3,   0.70728, 2,    5635.21, -125.3,   0.70728, 3,    5635.21,  114.7,   0.70728
"SCN_CN15_9238_CEI109", 13.8, 1,    5635.53,   -5.3,   0.70732, 2,    5635.53, -125.3,   0.70732, 3,    5635.52,  114.7,   0.70732
"SCN_CN15_9237_CEI109", 13.8, 1,    5635.85,   -5.3,   0.70736, 2,    5635.84, -125.3,   0.70736, 3,    5635.84,  114.7,   0.70736
"SCN_CN15_9235_CEI109", 13.8, 1,    5636.26,   -5.3,   0.70741, 2,    5636.25, -125.3,   0.70741, 3,    5636.25,  114.7,   0.70741
"SCN_CN15_9306_CEI109", 13.8, 1,    5635.57,   -5.3,   0.70733, 2,    5635.56, -125.3,   0.70732, 3,    5635.56,  114.7,   0.70732
"SCN_CN15_9307_CEI109", 13.8, 1,    5635.55,   -5.3,   0.70732, 2,    5635.54, -125.3,   0.70732, 3,    5635.54,  114.7,   0.70732
"SCN_CN15_9308_CEI109", 13.8, 1,    5635.52,   -5.3,   0.70732, 2,    5635.51, -125.3,   0.70732, 3,    5635.51,  114.7,   0.70732
"SCN_CN15_9309_CEI109", 13.8, 1,    5635.48,   -5.3,   0.70731, 2,    5635.48, -125.3,   0.70731, 3,    5635.47,  114.7,   0.70731
"SCN_CN15_9312_CEI109", 13.8, 1,    5635.46,   -5.3,   0.70731, 2,    5635.45, -125.3,   0.70731, 3,    5635.45,  114.7,   0.70731
"SCN_CN15_9313_CEI109", 13.8, 1,    5635.45,   -5.3,   0.70731, 2,    5635.44, -125.3,   0.70731, 3,    5635.44,  114.7,   0.70731
"SCN_CN15_9314_CEI109", 13.8, 1,    5635.42,   -5.3,   0.70731, 2,    5635.41, -125.3,   0.70731, 3,    5635.41,  114.7,   0.70731
"SCN_CN15_9315_CEI109", 13.8, 1,     5635.4,   -5.3,    0.7073, 2,    5635.39, -125.3,    0.7073, 3,    5635.39,  114.7,    0.7073
"SCN_CN15_9316_CEI109", 13.8, 1,    5635.38,   -5.3,    0.7073, 2,    5635.37, -125.3,    0.7073, 3,    5635.37,  114.7,    0.7073
"SCN_CN15_9318_CEI109", 13.8, 1,    5635.37,   -5.3,    0.7073, 2,    5635.36, -125.3,    0.7073, 3,    5635.36,  114.7,    0.7073
"SCN_CN15_9317_CEI109", 13.8, 1,    5635.36,   -5.3,    0.7073, 2,    5635.35, -125.3,    0.7073, 3,    5635.35,  114.7,    0.7073
"SCN_CN15_9320_CEI109", 13.8, 1,    5635.33,   -5.3,    0.7073, 2,    5635.32, -125.3,   0.70729, 3,    5635.32,  114.7,   0.70729
"SCN_CN15_9310_CEI109", 13.8, 1,    5635.48,   -5.3,   0.70731, 2,    5635.47, -125.3,   0.70731, 3,    5635.47,  114.7,   0.70731
"SCN_CN15_9265_CEI109", 13.8, 1,    5631.46,   -5.3,   0.70681, 2,    5631.45, -125.3,   0.70681, 3,    5631.45,  114.7,   0.70681
"SCN_CN15_9264_CEI109", 13.8, 1,    5631.45,   -5.3,   0.70681, 2,    5631.44, -125.3,   0.70681, 3,    5631.44,  114.7,   0.70681
"SCN_CN15_9263_CEI109", 13.8, 1,    5631.43,   -5.3,   0.70681, 2,    5631.42, -125.3,   0.70681, 3,    5631.42,  114.7,   0.70681
"SCN_CN15_9164_CEI109", 13.8, 1,    5630.72,   -5.4,   0.70672, 2,    5630.71, -125.4,   0.70672, 3,    5630.71,  114.6,   0.70672
"SCN_CN15_9162_CEI109_S", 13.8, 1,    5630.59,   -5.4,    0.7067, 2,    5630.59, -125.4,    0.7067, 3,    5630.59,  114.6,    0.7067
"SCN_CN15_9162_CEI109", 13.8, 1,    5630.59,   -5.4,    0.7067, 2,    5630.59, -125.4,    0.7067, 3,    5630.59,  114.6,    0.7067
"SCN_CN15_9163_CEI109", 13.8, 1,    5630.57,   -5.4,    0.7067, 2,    5630.56, -125.4,    0.7067, 3,    5630.56,  114.6,    0.7067
"SCN_CN15_9027_CEI220_ATV", 13.8, 1,    5630.57,   -5.4,    0.7067, 2,    5630.56, -125.4,    0.7067, 3,    5630.56,  114.6,    0.7067
"SCN_CN15_9161_CEI109", 13.8, 1,    5630.53,   -5.4,   0.70669, 2,    5630.52, -125.4,   0.70669, 3,    5630.52,  114.6,   0.70669
"SCN_CN15_9159_CEI109_S", 13.8, 1,    5630.46,   -5.4,   0.70668, 2,    5630.46, -125.4,   0.70668, 3,    5630.45,  114.6,   0.70668
"SCN_CN15_9028_CEI220_ATV", 13.8, 1,    5630.44,   -5.4,   0.70668, 2,    5630.43, -125.4,   0.70668, 3,    5630.43,  114.6,   0.70668
"SCN_CN15_9159_CEI109", 13.8, 1,    5630.46,   -5.4,   0.70668, 2,    5630.46, -125.4,   0.70668, 3,    5630.45,  114.6,   0.70668
"SCN_CN15_9157_CEI109_S", 13.8, 1,    5630.42,   -5.4,   0.70668, 2,    5630.41, -125.4,   0.70668, 3,    5630.41,  114.6,   0.70668
"SCN_CN15_9158_CEI109", 13.8, 1,    5630.39,   -5.4,   0.70668, 2,    5630.38, -125.4,   0.70667, 3,    5630.38,  114.6,   0.70667
"SCN_CN15_9073_CEI131_ATV", 13.8, 1,    5701.13,   -5.0,   0.71555, 2,    5701.13, -125.0,   0.71555, 3,    5701.13,  115.0,   0.71555
"SCN_CN15_9014_CEIRJ013_ATV", 13.8, 1,    5837.74,   -4.4,    0.7327, 2,    5837.73, -124.4,    0.7327, 3,    5837.73,  115.6,    0.7327
"SCN_CN15_421164_CEI", 13.8, 1,    5630.32,   -5.4,   0.70667, 2,    5630.31, -125.4,   0.70667, 3,    5630.31,  114.6,   0.70667
"SCN_CN15_9152_CEI109", 13.8, 1,    5630.26,   -5.4,   0.70666, 2,    5630.25, -125.4,   0.70666, 3,    5630.25,  114.6,   0.70666
"SCN_CN15_9151_CEI109", 13.8, 1,    5630.24,   -5.4,   0.70666, 2,    5630.23, -125.4,   0.70665, 3,    5630.23,  114.6,   0.70665
"SCN_CN15_9150_CEI109", 13.8, 1,    5630.21,   -5.4,   0.70665, 2,     5630.2, -125.4,   0.70665, 3,     5630.2,  114.6,   0.70665
"SCN_CN15_9122_CEI109", 13.8, 1,    5630.17,   -5.4,   0.70665, 2,    5630.17, -125.4,   0.70665, 3,    5630.16,  114.6,   0.70665
"SCN_CN15_9123_CEI109", 13.8, 1,    5630.13,   -5.4,   0.70664, 2,    5630.13, -125.4,   0.70664, 3,    5630.13,  114.6,   0.70664
"SCN_CN15_9124_CEI109", 13.8, 1,     5630.1,   -5.4,   0.70664, 2,    5630.09, -125.4,   0.70664, 3,    5630.09,  114.6,   0.70664
"SCN_CN15_9065_CEI201_ATV", 13.8, 1,     5601.8,   -5.5,   0.70309, 2,    5601.79, -125.5,   0.70309, 3,    5601.79,  114.5,   0.70309
"SCN_CN15_9069_CEI201_ATV_S", 13.8, 1,    5600.46,   -5.5,   0.70292, 2,    5600.45, -125.5,   0.70292, 3,    5600.45,  114.5,   0.70292
"SCN_CN15_9069_CEI201_ATV", 13.8, 1,    5600.46,   -5.5,   0.70292, 2,    5600.45, -125.5,   0.70292, 3,    5600.45,  114.5,   0.70292
"SCN_CN15_9070_CEI201_ATV", 13.8, 1,    5600.45,   -5.5,   0.70292, 2,    5600.44, -125.5,   0.70292, 3,    5600.44,  114.5,   0.70292
"SCN_CN15_9068_CEI201_ATV", 13.8, 1,    5599.09,   -5.5,   0.70275, 2,    5599.08, -125.5,   0.70275, 3,    5599.08,  114.5,   0.70275
"SCN_CN15_9067_CEI201_ATV", 13.8, 1,    5599.05,   -5.5,   0.70274, 2,    5599.04, -125.5,   0.70274, 3,    5599.04,  114.5,   0.70274
"SCN_CN15_9072_CEI201_ATV", 13.8, 1,    5597.84,   -5.5,   0.70259, 2,    5597.83, -125.5,   0.70259, 3,    5597.83,  114.5,   0.70259
"SCN_CN15_9071_CEI201_ATV", 13.8, 1,    5597.82,   -5.5,   0.70259, 2,    5597.81, -125.5,   0.70259, 3,    5597.81,  114.5,   0.70259
"SCN_CN15_9044_CEI148A_ATV", 13.8, 1,    5596.64,   -5.5,   0.70244, 2,    5596.63, -125.5,   0.70244, 3,    5596.63,  114.5,   0.70244
"SCN_CN15_9043_CEI148A_ATV_S", 13.8, 1,     5595.4,   -5.5,   0.70228, 2,    5595.39, -125.5,   0.70228, 3,    5595.39,  114.5,   0.70228
"SCN_CN15_9093_CEI148_ATV", 13.8, 1,    5595.29,   -5.5,   0.70227, 2,    5595.28, -125.5,   0.70227, 3,    5595.28,  114.5,   0.70227
"SCN_CN15_9043_CEI148A_ATV", 13.8, 1,     5595.4,   -5.5,   0.70228, 2,    5595.39, -125.5,   0.70228, 3,    5595.39,  114.5,   0.70228
"SCN_CN15_9094_CEI148_ATV", 13.8, 1,     5595.2,   -5.5,   0.70226, 2,    5595.19, -125.5,   0.70226, 3,    5595.19,  114.5,   0.70226
"SCN_CN15_9095_CEI148_ATV", 13.8, 1,    5595.17,   -5.5,   0.70225, 2,    5595.16, -125.5,   0.70225, 3,    5595.16,  114.5,   0.70225
"SCN_CN15_9097_CEI148_ATV", 13.8, 1,    5595.15,   -5.5,   0.70225, 2,    5595.14, -125.5,   0.70225, 3,    5595.14,  114.5,   0.70225
"SCN_CN15_9096_CEI148_ATV", 13.8, 1,    5595.14,   -5.5,   0.70225, 2,    5595.13, -125.5,   0.70225, 3,    5595.13,  114.5,   0.70225
"SCN_CN15_9046_CEI148A_ATV", 13.8, 1,    5594.33,   -5.5,   0.70215, 2,    5594.32, -125.5,   0.70215, 3,    5594.32,  114.5,   0.70215
"SCN_CN15_9042_CEI148A_ATV_S", 13.8, 1,    5593.17,   -5.5,     0.702, 2,    5593.16, -125.5,     0.702, 3,    5593.16,  114.5,     0.702
"SCN_CN15_9042_CEI148A_ATV", 13.8, 1,    5593.17,   -5.5,     0.702, 2,    5593.16, -125.5,     0.702, 3,    5593.16,  114.5,     0.702
"SCN_CN15_9047_CEI148A_ATV", 13.8, 1,    5593.14,   -5.5,     0.702, 2,    5593.13, -125.5,     0.702, 3,    5593.13,  114.5,     0.702
"SCN_CN15_9041_CEI148A_ATV", 13.8, 1,     5592.4,   -5.5,   0.70191, 2,    5592.39, -125.5,   0.70191, 3,    5592.39,  114.5,   0.70191
"SCN_CN15_9048_CEI148A_ATV", 13.8, 1,    5592.38,   -5.5,    0.7019, 2,    5592.37, -125.5,    0.7019, 3,    5592.37,  114.5,    0.7019
"SCN_CN15_9038_CEI148A_ATV", 13.8, 1,    5591.31,   -5.5,   0.70177, 2,     5591.3, -125.5,   0.70177, 3,     5591.3,  114.5,   0.70177
"SCN_CN15_9037_CEI148A_ATV", 13.8, 1,    5591.29,   -5.5,   0.70177, 2,    5591.28, -125.5,   0.70177, 3,    5591.28,  114.5,   0.70177
"SCN_CN15_9036_CEI148A_ATV", 13.8, 1,    5591.28,   -5.5,   0.70177, 2,    5591.27, -125.5,   0.70177, 3,    5591.27,  114.5,   0.70176
"SCN_CN15_9039_CEI148A_ATV", 13.8, 1,    5590.71,   -5.5,    0.7017, 2,    5590.71, -125.5,   0.70169, 3,    5590.71,  114.5,   0.70169
"SCN_CN15_9040_CEI148A_ATV", 13.8, 1,    5589.69,   -5.5,   0.70157, 2,    5589.68, -125.5,   0.70157, 3,    5589.68,  114.5,   0.70157
"SCN_CN15_9078_CEI148_ATV_S", 13.8, 1,    5588.91,   -5.5,   0.70147, 2,     5588.9, -125.5,   0.70147, 3,     5588.9,  114.5,   0.70147
"SCN_CN15_9076_CEI148_ATV", 13.8, 1,    5586.96,   -5.5,   0.70122, 2,    5586.95, -125.5,   0.70122, 3,    5586.95,  114.5,   0.70122
"SCN_CN15_9077_CEI148_ATV", 13.8, 1,     5587.7,   -5.5,   0.70132, 2,    5587.69, -125.5,   0.70132, 3,    5587.69,  114.5,   0.70132
"SCN_CN15_9078_CEI148_ATV", 13.8, 1,    5588.91,   -5.5,   0.70147, 2,     5588.9, -125.5,   0.70147, 3,     5588.9,  114.5,   0.70147
"SCN_CN15_9267_CEI109", 13.8, 1,    5681.93,   -5.2,   0.71314, 2,    5681.92, -125.2,   0.71314, 3,    5681.92,  114.8,   0.71314
"SCN_CN15_9079_CEI148_ATV", 13.8, 1,    5588.91,   -5.5,   0.70147, 2,     5588.9, -125.5,   0.70147, 3,     5588.9,  114.5,   0.70147
"SCN_CN15_9075_CEI148_ATV", 13.8, 1,    5836.98,   -4.4,   0.73261, 2,    5836.97, -124.4,    0.7326, 3,    5836.97,  115.6,    0.7326
"SCN_CN15_9076_CEI148_ATV_S", 13.8, 1,    5836.98,   -4.4,   0.73261, 2,    5836.97, -124.4,    0.7326, 3,    5836.97,  115.6,    0.7326
"SCN_CN15_9073_CEI148_ATV", 13.8, 1,    5836.98,   -4.4,   0.73261, 2,    5836.97, -124.4,    0.7326, 3,    5836.97,  115.6,    0.7326
"SCN_CN15_9074_CEI148_ATV", 13.8, 1,    5836.97,   -4.4,    0.7326, 2,    5836.96, -124.4,    0.7326, 3,    5836.96,  115.6,    0.7326
"SCN_CN15_9080_CEI148_ATV", 13.8, 1,    5586.13,   -5.5,   0.70112, 2,    5586.13, -125.5,   0.70112, 3,    5586.12,  114.5,   0.70112
"SCN_CN15_9081_CEI148_ATV", 13.8, 1,    5584.71,   -5.5,   0.70094, 2,     5584.7, -125.5,   0.70094, 3,     5584.7,  114.5,   0.70094
"SCN_CN15_9082_CEI148_ATV", 13.8, 1,    5583.82,   -5.5,   0.70083, 2,    5583.82, -125.5,   0.70083, 3,    5583.81,  114.5,   0.70083
"SCN_CN15_9171_CEI69A", 13.8, 1,    5584.67,   -5.5,   0.70094, 2,    5584.67, -125.5,   0.70094, 3,    5584.66,  114.5,   0.70094
"SCN_CN15_9070_CEI148_ATV", 13.8, 1,    5837.01,   -4.4,   0.73261, 2,       5837, -124.4,   0.73261, 3,       5837,  115.6,   0.73261
"SCN_CN15_9073_CEI148_ATV_S", 13.8, 1,    5836.98,   -4.4,   0.73261, 2,    5836.97, -124.4,    0.7326, 3,    5836.97,  115.6,    0.7326
"SCN_CN15_9268_CEI109", 13.8, 1,    5680.79,   -5.2,     0.713, 2,    5680.78, -125.2,     0.713, 3,    5680.78,  114.8,     0.713
"SCN_CN15_9068_CEI148_ATV", 13.8, 1,     5837.1,   -4.4,   0.73262, 2,    5837.09, -124.4,   0.73262, 3,    5837.09,  115.6,   0.73262
"SCN_CN15_9070_CEI148_ATV_S", 13.8, 1,    5837.01,   -4.4,   0.73261, 2,       5837, -124.4,   0.73261, 3,       5837,  115.6,   0.73261
"SCN_CN15_9069_CEI148_ATV", 13.8, 1,    5837.08,   -4.4,   0.73262, 2,    5837.07, -124.4,   0.73262, 3,    5837.07,  115.6,   0.73262
"SCN_CN15_9071_CEI148_ATV", 13.8, 1,    5836.97,   -4.4,    0.7326, 2,    5836.96, -124.4,    0.7326, 3,    5836.96,  115.6,    0.7326
"SCN_CN15_9072_CEI148_ATV", 13.8, 1,    5836.93,   -4.4,    0.7326, 2,    5836.93, -124.4,    0.7326, 3,    5836.92,  115.6,    0.7326
"SCN_CN15_9065_CEI148_ATV", 13.8, 1,    5837.22,   -4.4,   0.73263, 2,    5837.21, -124.4,   0.73263, 3,    5837.21,  115.6,   0.73263
"SCN_CN15_9066_CEI148_ATV", 13.8, 1,    5837.19,   -4.4,   0.73263, 2,    5837.18, -124.4,   0.73263, 3,    5837.18,  115.6,   0.73263
"SCN_CN15_9033_CEI160_ATV", 13.8, 1,       5837,   -4.4,   0.73261, 2,    5836.99, -124.4,   0.73261, 3,    5836.99,  115.6,   0.73261
"SCN_CN15_9055_CEI201_ATV", 13.8, 1,    5836.87,   -4.4,   0.73259, 2,    5836.86, -124.4,   0.73259, 3,    5836.86,  115.6,   0.73259
"SCN_CN15_9056_CEI201_ATV", 13.8, 1,    5836.92,   -4.4,    0.7326, 2,    5836.91, -124.4,    0.7326, 3,    5836.91,  115.6,    0.7326
"SCN_CN15_9034_CEI160_ATV_S", 13.8, 1,    5836.94,   -4.4,    0.7326, 2,    5836.93, -124.4,    0.7326, 3,    5836.93,  115.6,    0.7326
"SCN_CN15_9032_CEI160_ATV", 13.8, 1,    5836.93,   -4.4,    0.7326, 2,    5836.92, -124.4,    0.7326, 3,    5836.92,  115.6,    0.7326
"SCN_CN15_9034_CEI160_ATV", 13.8, 1,    5836.94,   -4.4,    0.7326, 2,    5836.93, -124.4,    0.7326, 3,    5836.93,  115.6,    0.7326
"SCN_CN15_9169_CEI69A", 13.8, 1,    5837.62,   -4.4,   0.73269, 2,    5837.61, -124.4,   0.73268, 3,    5837.61,  115.6,   0.73268
"SCN_CN15_9065_CEI148_ATV_S", 13.8, 1,    5837.22,   -4.4,   0.73263, 2,    5837.21, -124.4,   0.73263, 3,    5837.21,  115.6,   0.73263
"SCN_CN15_9064_CEI148_ATV", 13.8, 1,    5837.69,   -4.4,   0.73269, 2,    5837.68, -124.4,   0.73269, 3,    5837.68,  115.6,   0.73269
"SCN_CN15_9168_CEI69A", 13.8, 1,    5837.76,   -4.4,    0.7327, 2,    5837.75, -124.4,    0.7327, 3,    5837.75,  115.6,    0.7327
"SCN_CN15_9167_CEI69A", 13.8, 1,    5837.92,   -4.4,   0.73272, 2,    5837.91, -124.4,   0.73272, 3,    5837.91,  115.6,   0.73272
"SCN_CN15_9063_CEI148_ATV", 13.8, 1,    5838.22,   -4.4,   0.73276, 2,    5838.21, -124.4,   0.73276, 3,    5838.21,  115.6,   0.73276
"SCN_CN15_9062_CEI148_ATV", 13.8, 1,    5838.73,   -4.4,   0.73282, 2,    5838.72, -124.4,   0.73282, 3,    5838.72,  115.6,   0.73282
"SCN_CN15_9063_CEI148_ATV_S", 13.8, 1,    5838.22,   -4.4,   0.73276, 2,    5838.21, -124.4,   0.73276, 3,    5838.21,  115.6,   0.73276
"SCN_CN15_9061_CEI148_ATV", 13.8, 1,    5839.37,   -4.4,    0.7329, 2,    5839.36, -124.4,    0.7329, 3,    5839.36,  115.6,    0.7329
"SCN_CN15_9055_CEI148_ATV", 13.8, 1,    5839.74,   -4.4,   0.73295, 2,    5839.73, -124.4,   0.73295, 3,    5839.73,  115.6,   0.73295
"SCN_CN15_9056_CEI148_ATV", 13.8, 1,    5839.68,   -4.4,   0.73294, 2,    5839.67, -124.4,   0.73294, 3,    5839.67,  115.6,   0.73294
"SCN_CN15_9057_CEI148_ATV", 13.8, 1,    5839.61,   -4.4,   0.73293, 2,     5839.6, -124.4,   0.73293, 3,     5839.6,  115.6,   0.73293
"SCN_CN15_9058_CEI148_ATV", 13.8, 1,    5839.51,   -4.4,   0.73292, 2,     5839.5, -124.4,   0.73292, 3,     5839.5,  115.6,   0.73292
"SCN_CN15_9059_CEI148_ATV", 13.8, 1,    5839.46,   -4.4,   0.73292, 2,    5839.45, -124.4,   0.73291, 3,    5839.45,  115.6,   0.73291
"SCN_CN15_9060_CEI148_ATV", 13.8, 1,    5839.41,   -4.4,   0.73291, 2,     5839.4, -124.4,   0.73291, 3,     5839.4,  115.6,   0.73291
"SCN_CN15_9054_CEI148_ATV", 13.8, 1,    5840.36,   -4.4,   0.73303, 2,    5840.35, -124.4,   0.73303, 3,    5840.35,  115.6,   0.73303
"SCN_CN15_9055_CEI148_ATV_S", 13.8, 1,    5839.74,   -4.4,   0.73295, 2,    5839.73, -124.4,   0.73295, 3,    5839.73,  115.6,   0.73295
"SCN_CN15_9052_CEI148_ATV", 13.8, 1,    5840.72,   -4.4,   0.73307, 2,    5840.72, -124.4,   0.73307, 3,    5840.71,  115.6,   0.73307
"SCN_CN15_9053_CEI148_ATV", 13.8, 1,    5840.71,   -4.4,   0.73307, 2,     5840.7, -124.4,   0.73307, 3,     5840.7,  115.6,   0.73307
"SCN_CN15_9027_CEI148_ATV", 13.8, 1,    5841.01,   -4.4,   0.73311, 2,       5841, -124.4,   0.73311, 3,       5841,  115.6,   0.73311
"SCN_CN15_9028_CEI148_ATV", 13.8, 1,    5840.51,   -4.4,   0.73305, 2,     5840.5, -124.4,   0.73305, 3,     5840.5,  115.6,   0.73305
"SCN_CN15_9029_CEI148_ATV", 13.8, 1,    5840.26,   -4.4,   0.73302, 2,    5840.25, -124.4,   0.73302, 3,    5840.25,  115.6,   0.73302
"SCN_CN15_9030_CEI148_ATV_S", 13.8, 1,    5839.99,   -4.4,   0.73298, 2,    5839.98, -124.4,   0.73298, 3,    5839.98,  115.6,   0.73298
"SCN_CN15_9036_CEI148_ATV", 13.8, 1,    5839.78,   -4.4,   0.73296, 2,    5839.77, -124.4,   0.73295, 3,    5839.77,  115.6,   0.73295
"SCN_CN15_9030_CEI148_ATV", 13.8, 1,    5839.99,   -4.4,   0.73298, 2,    5839.98, -124.4,   0.73298, 3,    5839.98,  115.6,   0.73298
"SCN_CN15_9040_CEI148_ATV", 13.8, 1,       5839,   -4.4,   0.73286, 2,    5838.99, -124.4,   0.73286, 3,    5838.99,  115.6,   0.73286
"SCN_CN15_9132_CEI201_ATV", 13.8, 1,    5838.99,   -4.4,   0.73286, 2,    5838.98, -124.4,   0.73286, 3,    5838.98,  115.6,   0.73286
"SCN_CN15_9043_CEI148_ATV", 13.8, 1,     5838.5,   -4.4,    0.7328, 2,    5838.49, -124.4,   0.73279, 3,    5838.49,  115.6,   0.73279
"SCN_CN15_9044_CEI148_ATV", 13.8, 1,    5838.48,   -4.4,   0.73279, 2,    5838.47, -124.4,   0.73279, 3,    5838.47,  115.6,   0.73279
"SCN_CN15_9031_CEI148_ATV", 13.8, 1,    5839.94,   -4.4,   0.73298, 2,    5839.93, -124.4,   0.73298, 3,    5839.93,  115.6,   0.73298
"SCN_CN15_9033_CEI148_ATV", 13.8, 1,    5839.92,   -4.4,   0.73297, 2,    5839.92, -124.4,   0.73297, 3,    5839.92,  115.6,   0.73297
"SCN_CN15_9034_CEI148_ATV", 13.8, 1,    5839.91,   -4.4,   0.73297, 2,     5839.9, -124.4,   0.73297, 3,     5839.9,  115.6,   0.73297
"SCN_CN15_9035_CEI148_ATV", 13.8, 1,     5839.9,   -4.4,   0.73297, 2,    5839.89, -124.4,   0.73297, 3,    5839.89,  115.6,   0.73297
"SCN_CN15_9032_CEI148_ATV", 13.8, 1,    5839.94,   -4.4,   0.73298, 2,    5839.93, -124.4,   0.73297, 3,    5839.93,  115.6,   0.73297
"SCN_CN15_9026_CEI148_ATV", 13.8, 1,    5841.57,   -4.4,   0.73318, 2,    5841.56, -124.4,   0.73318, 3,    5841.56,  115.6,   0.73318
"SCN_CN15_9027_CEI148_ATV_S", 13.8, 1,    5841.01,   -4.4,   0.73311, 2,       5841, -124.4,   0.73311, 3,       5841,  115.6,   0.73311
"SCN_CN15_9025_CEI148_ATV", 13.8, 1,     5842.1,   -4.4,   0.73325, 2,    5842.09, -124.4,   0.73325, 3,    5842.09,  115.6,   0.73325
"SCN_CN15_9024_CEI148_ATV", 13.8, 1,    5842.63,   -4.4,   0.73331, 2,    5842.62, -124.4,   0.73331, 3,    5842.62,  115.6,   0.73331
"SCN_CN15_9023_CEI148_ATV", 13.8, 1,    5843.18,   -4.4,   0.73338, 2,    5843.17, -124.4,   0.73338, 3,    5843.17,  115.6,   0.73338
"SCN_CN15_9022_CEI148_ATV", 13.8, 1,    5843.82,   -4.4,   0.73346, 2,    5843.81, -124.4,   0.73346, 3,    5843.81,  115.6,   0.73346
"SCN_CN15_9020_CEI148_ATV", 13.8, 1,    5844.42,   -4.4,   0.73354, 2,    5844.41, -124.4,   0.73354, 3,    5844.41,  115.6,   0.73354
"SCN_CN15_9021_CEI148_ATV", 13.8, 1,    5844.39,   -4.4,   0.73353, 2,    5844.38, -124.4,   0.73353, 3,    5844.38,  115.6,   0.73353
"SCN_CN15_9019_CEI148_ATV", 13.8, 1,    5845.18,   -4.4,   0.73363, 2,    5845.17, -124.4,   0.73363, 3,    5845.17,  115.6,   0.73363
"SCN_CN15_9020_CEI148_ATV_S", 13.8, 1,    5844.42,   -4.4,   0.73354, 2,    5844.41, -124.4,   0.73354, 3,    5844.41,  115.6,   0.73354
"SCN_CN15_9013_CEI148_ATV", 13.8, 1,    5845.76,   -4.4,   0.73371, 2,    5845.75, -124.4,   0.73371, 3,    5845.75,  115.6,   0.73371
"SCN_CN15_9012_CEI148_ATV", 13.8, 1,    5846.46,   -4.4,   0.73379, 2,    5846.45, -124.4,   0.73379, 3,    5846.45,  115.6,   0.73379
"SCN_CN15_9014_CEI148_ATV", 13.8, 1,    5845.76,   -4.4,   0.73371, 2,    5845.75, -124.4,   0.73371, 3,    5845.75,  115.6,   0.73371
"SCN_CN15_9011_CEI148_ATV", 13.8, 1,    5847.14,   -4.4,   0.73388, 2,    5847.13, -124.4,   0.73388, 3,    5847.13,  115.6,   0.73388
"SCN_CN15_9010_CEI148_ATV", 13.8, 1,    5847.81,   -4.4,   0.73396, 2,     5847.8, -124.4,   0.73396, 3,     5847.8,  115.6,   0.73396
"SCN_CN15_9006_CEI148_ATV", 13.8, 1,     5848.5,   -4.4,   0.73405, 2,    5848.49, -124.4,   0.73405, 3,    5848.49,  115.6,   0.73405
"SCN_CN15_9007_CEI148_ATV", 13.8, 1,    5848.47,   -4.4,   0.73405, 2,    5848.46, -124.4,   0.73405, 3,    5848.46,  115.6,   0.73405
"SCN_CN15_9008_CEI148_ATV", 13.8, 1,    5848.44,   -4.4,   0.73404, 2,    5848.43, -124.4,   0.73404, 3,    5848.43,  115.6,   0.73404
"SCN_CN15_9009_CEI148_ATV", 13.8, 1,    5848.42,   -4.4,   0.73404, 2,    5848.41, -124.4,   0.73404, 3,    5848.41,  115.6,   0.73404
"SCN_CN15_9005_CEI148_ATV", 13.8, 1,    5849.22,   -4.4,   0.73414, 2,    5849.21, -124.4,   0.73414, 3,    5849.21,  115.6,   0.73414
"SCN_CN15_9001_CEI148_ATV", 13.8, 1,    5849.92,   -4.4,   0.73423, 2,    5849.91, -124.4,   0.73423, 3,    5849.91,  115.6,   0.73423
"SCN_CN15_9002_CEI148_ATV", 13.8, 1,    5849.88,   -4.4,   0.73422, 2,    5849.87, -124.4,   0.73422, 3,    5849.87,  115.6,   0.73422
"SCN_CN15_9001_CEI148_ATV_S", 13.8, 1,    5849.92,   -4.4,   0.73423, 2,    5849.91, -124.4,   0.73423, 3,    5849.91,  115.6,   0.73423
"SCN_CN15_9037_CEI220_ATV_S", 13.8, 1,    5697.89,   -5.0,   0.71515, 2,    5697.88, -125.0,   0.71515, 3,    5697.88,  115.0,   0.71515
"SCN_CN15_9001_CEI109_S", 13.8, 1,    5860.12,   -4.4,   0.73551, 2,    5860.12, -124.4,   0.73551, 3,    5860.12,  115.6,   0.73551
"SCN_CN15_9149_CEI230_ATV_S", 13.8, 1,    5731.02,   -4.6,   0.71931, 2,    5731.01, -124.6,    0.7193, 3,    5731.01,  115.4,    0.7193
"SCN_CN15_9201_CEI109_S", 13.8, 1,    5631.47,   -5.3,   0.70681, 2,    5631.46, -125.3,   0.70681, 3,    5631.46,  114.7,   0.70681
"CN_BPS1-13", 13.8, 2,    6187.38, -123.6,   0.77658, 3,    6187.38,  116.4,   0.77658, 8,    6187.39,   -3.6,   0.77658
"CN_CH2175_DJCN-15", 13.8, 1,    6187.39,   -3.6,   0.77658, 2,    6187.38, -123.6,   0.77658, 3,    6187.38,  116.4,   0.77658
"SCN_CN15_9003_CEI075_S", 13.8, 1,     5763.8,   -4.4,   0.72342, 2,    5763.79, -124.4,   0.72342, 3,    5763.79,  115.6,   0.72342
"SCN_CN15_9025_CEI074_S", 13.8, 1,    5714.16,   -4.6,   0.71719, 2,    5714.15, -124.6,   0.71719, 3,    5714.15,  115.4,   0.71719
"SCN_CN15_9029_CEI109_S", 13.8, 1,    5719.77,   -5.0,   0.71789, 2,    5719.76, -125.0,   0.71789, 3,    5719.76,  115.0,   0.71789
"SCN_CN15_9039_CEI130A_ATV_S", 13.8, 1,    6180.29,   -3.6,   0.77569, 2,    6180.29, -123.6,   0.77569, 3,    6180.29,  116.4,   0.77569
"SCN_CN15_9088_CEI075_S", 13.8, 1,     5736.6,   -4.5,   0.72001, 2,    5736.59, -124.5,      0.72, 3,    5736.59,  115.5,      0.72
"SCN_CN15_9038_CEI130A_ATV_S", 13.8, 1,    6180.29,   -3.6,   0.77569, 2,    6180.29, -123.6,   0.77569, 3,    6180.29,  116.4,   0.77569
"SCN_CN15_9185_CEI69A_S", 13.8, 1,    5859.44,   -4.4,   0.73542, 2,    5859.44, -124.4,   0.73542, 3,    5859.44,  115.6,   0.73542
"SCN_CN15_9020_CEI075_S", 13.8, 1,    5752.51,   -4.5,     0.722, 2,     5752.5, -124.5,     0.722, 3,     5752.5,  115.5,     0.722
"SCN_CN15_9170_CEI77A_ATV_S", 13.8, 1,    7556.38,   -1.2,   0.94841, 2,    7556.38, -121.2,   0.94841, 3,    7556.38,  118.8,   0.94841
"SCN_CN15_9101_CEI109_S", 13.8, 1,    5698.37,   -5.0,   0.71521, 2,    5698.36, -125.0,   0.71521, 3,    5698.36,  115.0,   0.71521
"SCN_CN15_9068_CEI201_ATV_S", 13.8, 1,    5599.09,   -5.5,   0.70275, 2,    5599.08, -125.5,   0.70275, 3,    5599.08,  114.5,   0.70275
"SCN_CN15_9008_CEI121_S", 13.8, 1,    5693.76,   -5.0,   0.71463, 2,    5693.76, -125.0,   0.71463, 3,    5693.76,  115.0,   0.71463
"SCN_CN15_9081_CEI148_ATV_S", 13.8, 1,    5584.71,   -5.5,   0.70094, 2,     5584.7, -125.5,   0.70094, 3,     5584.7,  114.5,   0.70094
"SCN_CN15_9001_CEI134A_ATV_S", 13.8, 1,    5694.35,   -5.0,    0.7147, 2,    5694.34, -125.0,    0.7147, 3,    5694.34,  115.0,    0.7147
"SCN_CN15_9208_CEI77A_ATV_S", 13.8, 1,    7556.27,   -1.2,   0.94839, 2,    7556.26, -121.2,   0.94839, 3,    7556.26,  118.8,   0.94839
"SCN_CN15_9031_CEI074_S", 13.8, 1,    5715.18,   -4.6,   0.71732, 2,    5715.17, -124.6,   0.71732, 3,    5715.17,  115.4,   0.71732
"SCN_CN15_9027_CEI074_S", 13.8, 1,    5714.36,   -4.6,   0.71721, 2,    5714.35, -124.6,   0.71721, 3,    5714.35,  115.4,   0.71721
"SCN_CN15_9080_CEI075_S", 13.8, 1,    5730.35,   -4.6,   0.71922, 2,    5730.34, -124.6,   0.71922, 3,    5730.34,  115.4,   0.71922
"SCN_CN15_9062_CEI77A_ATV_S", 13.8, 1,    7022.41,   -2.1,   0.88139, 2,     7022.4, -122.1,   0.88139, 3,     7022.4,  117.9,   0.88139
"SCN_CN15_9057_CEI075_S", 13.8, 1,    5749.41,   -4.5,   0.72161, 2,     5749.4, -124.5,   0.72161, 3,     5749.4,  115.5,   0.72161
"SCN_CN15_9082_CEI075_S", 13.8, 1,    5731.19,   -4.6,   0.71933, 2,    5731.17, -124.6,   0.71933, 3,    5731.17,  115.4,   0.71933
"SCN_CN15_9175_CEI230_ATV_S", 13.8, 1,    5750.02,   -4.5,   0.72169, 2,    5750.01, -124.5,   0.72169, 3,    5750.01,  115.5,   0.72169
"SCN_CN15_9072_CEI201_ATV_S", 13.8, 1,    5597.84,   -5.5,   0.70259, 2,    5597.83, -125.5,   0.70259, 3,    5597.83,  114.5,   0.70259
"SCN_CN15_9042_CEI074_S", 13.8, 1,    5718.41,   -4.6,   0.71772, 2,     5718.4, -124.6,   0.71772, 3,     5718.4,  115.4,   0.71772
"SCN_CN15_9282_CEI250_ATV_S", 13.8, 1,    6531.67,   -3.0,    0.8198, 2,    6531.66, -123.0,    0.8198, 3,    6531.66,  117.0,    0.8198
"SCN_CN15_9095_CEI148_ATV_S", 13.8, 1,    5595.17,   -5.5,   0.70225, 2,    5595.16, -125.5,   0.70225, 3,    5595.16,  114.5,   0.70225
"SCN_CN15_9211_CEI77A_ATV_S", 13.8, 1,    7556.15,   -1.2,   0.94838, 2,    7556.15, -121.2,   0.94838, 3,    7556.15,  118.8,   0.94838
"SCN_CN15_9087_CEI148_ATV_S", 13.8, 1,    5581.31,   -5.5,   0.70051, 2,     5581.3, -125.5,   0.70051, 3,     5581.3,  114.5,   0.70051
"SCN_CN15_9207_CEI109_S", 13.8, 1,    5632.94,   -5.3,   0.70699, 2,    5632.93, -125.3,   0.70699, 3,    5632.93,  114.7,   0.70699
"SCN_CN15_9058_CEI160_ATV_S", 13.8, 1,    6566.01,   -3.0,   0.82411, 2,    6566.01, -123.0,   0.82411, 3,    6566.01,  117.0,   0.82411
"SCN_CN15_9081_CEI77A_ATV_S", 13.8, 1,    7016.68,   -2.1,   0.88067, 2,    7016.67, -122.1,   0.88067, 3,    7016.67,  117.9,   0.88067
"SCN_CN15_9492_CEI109_S", 13.8, 1,    5601.01,   -5.5,   0.70299, 2,       5601, -125.5,   0.70299, 3,       5601,  114.5,   0.70299
"SCN_CN15_9042_CEI220_ATV_S", 13.8, 1,    5698.05,   -5.0,   0.71517, 2,    5698.04, -125.0,   0.71517, 3,    5698.04,  115.0,   0.71517
"SCN_CN15_9166_CEI109_S", 13.8, 1,    5630.91,   -5.4,   0.70674, 2,     5630.9, -125.4,   0.70674, 3,     5630.9,  114.6,   0.70674
"SCN_CN15_9091_CEI075_S", 13.8, 1,    5738.48,   -4.5,   0.72024, 2,    5738.46, -124.5,   0.72024, 3,    5738.46,  115.5,   0.72024
"SCN_CN15_9038_CEI148A_ATV_S", 13.8, 1,    5591.31,   -5.5,   0.70177, 2,     5591.3, -125.5,   0.70177, 3,     5591.3,  114.5,   0.70177
"SCN_CN15_9102_CEI77A_ATV_S", 13.8, 1,    7058.64,   -2.0,   0.88594, 2,    7058.63, -122.0,   0.88594, 3,    7058.64,  118.0,   0.88594
"SCN_CN15_9007_CEI075_S", 13.8, 1,    5758.41,   -4.5,   0.72274, 2,     5758.4, -124.5,   0.72274, 3,     5758.4,  115.5,   0.72274
"SCN_CN15_9150_CEI230_ATV_S", 13.8, 1,    5731.02,   -4.6,   0.71931, 2,    5731.01, -124.6,    0.7193, 3,    5731.01,  115.4,    0.7193
"SCN_CN15_9203_CEI230_ATV_S", 13.8, 1,    5581.08,   -5.5,   0.70049, 2,    5581.08, -125.5,   0.70049, 3,    5581.07,  114.5,   0.70049
"SCN_CN15_9313_CEI250_ATV_S", 13.8, 1,     6562.1,   -3.0,   0.82362, 2,     6562.1, -123.0,   0.82361, 3,     6562.1,  117.0,   0.82362
"SCN_CN15_9122_CEI201_ATV_S", 13.8, 1,    5860.12,   -4.4,   0.73551, 2,    5860.12, -124.4,   0.73551, 3,    5860.12,  115.6,   0.73551
"SCN_CN15_9144_CEI230_ATV_S", 13.8, 1,    5736.09,   -4.5,   0.71994, 2,    5736.07, -124.5,   0.71994, 3,    5736.07,  115.5,   0.71994
"SCN_CN15_9141_CEI230_ATV_S", 13.8, 1,     5736.1,   -4.5,   0.71994, 2,    5736.09, -124.5,   0.71994, 3,    5736.09,  115.5,   0.71994
"SCN_CN15_9428_CEI109_S", 13.8, 1,    5660.05,   -5.2,    0.7104, 2,    5660.04, -125.2,    0.7104, 3,    5660.04,  114.8,    0.7104
"SCN_CN15_9007_CEI134B_ATV_S", 13.8, 1,    5670.72,   -5.1,   0.71174, 2,    5670.71, -125.1,   0.71174, 3,    5670.71,  114.9,   0.71174
"SCN_CN15_9038_CEI148_ATV_S", 13.8, 1,    5839.49,   -4.4,   0.73292, 2,    5839.48, -124.4,   0.73292, 3,    5839.48,  115.6,   0.73292
"SCN_CN15_9323_CEI250_ATV_S", 13.8, 1,    6559.43,   -3.0,   0.82328, 2,    6559.42, -123.0,   0.82328, 3,    6559.42,  117.0,   0.82328
"SCN_CN15_9485_CEI109_S", 13.8, 1,    5601.39,   -5.5,   0.70304, 2,    5601.38, -125.5,   0.70303, 3,    5601.38,  114.5,   0.70303
"SCN_CN15_9017_CEI130A_ATV_S", 13.8, 1,    6181.88,   -3.6,   0.77589, 2,    6181.87, -123.6,   0.77589, 3,    6181.87,  116.4,   0.77589
"SCN_CN15_9081_CEI230_ATV_S", 13.8, 1,    5749.84,   -4.5,   0.72167, 2,    5749.83, -124.5,   0.72167, 3,    5749.83,  115.5,   0.72167
"SCN_CN15_9018_CEI220_ATV_S", 13.8, 1,    5659.68,   -5.2,   0.71035, 2,    5659.67, -125.2,   0.71035, 3,    5659.67,  114.8,   0.71035
"SCN_CN15_9007_CEI230_ATV_S", 13.8, 1,    7035.84,   -2.1,   0.88308, 2,    7035.84, -122.1,   0.88307, 3,    7035.84,  117.9,   0.88307
"SCN_CN15_9063_CEI77A_ATV_S", 13.8, 1,    7018.84,   -2.1,   0.88094, 2,    7018.84, -122.1,   0.88094, 3,    7018.84,  117.9,   0.88094
"SCN_CN15_9487_CEI109_S", 13.8, 1,    5601.26,   -5.5,   0.70302, 2,    5601.25, -125.5,   0.70302, 3,    5601.25,  114.5,   0.70302
"SCN_CN15_9016_CEI69A_S", 13.8, 1,    5576.11,   -5.6,   0.69986, 2,     5576.1, -125.6,   0.69986, 3,     5576.1,  114.4,   0.69986
"SCN_CN15_9017_CEI074_S", 13.8, 1,    5713.41,   -4.6,    0.7171, 2,     5713.4, -124.6,   0.71709, 3,     5713.4,  115.4,   0.71709
"SCN_CN15_9307_CEI250_ATV_S", 13.8, 1,     6563.5,   -3.0,   0.82379, 2,    6563.49, -123.0,   0.82379, 3,     6563.5,  117.0,   0.82379
"SCN_CN15_9089_CEI77A_ATV_S", 13.8, 1,     7037.5,   -2.1,   0.88328, 2,     7037.5, -122.1,   0.88328, 3,     7037.5,  117.9,   0.88328
"SCN_CN15_9150_CEI109_S", 13.8, 1,    5630.21,   -5.4,   0.70665, 2,     5630.2, -125.4,   0.70665, 3,     5630.2,  114.6,   0.70665
"SCN_CN15_9036_CEI130_ATV_S", 13.8, 1,    5906.29,   -4.3,    0.7413, 2,    5906.28, -124.3,    0.7413, 3,    5906.28,  115.7,    0.7413
"SCN_CN15_9214_CEI77A_ATV_S", 13.8, 1,    7556.59,   -1.2,   0.94843, 2,    7556.59, -121.2,   0.94843, 3,    7556.59,  118.8,   0.94843
"SCN_CN15_9033_CEI148A_ATV_S", 13.8, 1,    5580.11,   -5.5,   0.70036, 2,     5580.1, -125.5,   0.70036, 3,     5580.1,  114.5,   0.70036
"SCN_CN15_9075_CEI230_ATV_S", 13.8, 1,    5750.25,   -4.5,   0.72172, 2,    5750.24, -124.5,   0.72172, 3,    5750.24,  115.5,   0.72172
"SCN_CN15_9498_CEI109_S", 13.8, 1,    5600.71,   -5.5,   0.70295, 2,     5600.7, -125.5,   0.70295, 3,     5600.7,  114.5,   0.70295
"SCN_CN15_9064_CEI075_S", 13.8, 1,    5750.09,   -4.5,    0.7217, 2,    5750.08, -124.5,    0.7217, 3,    5750.08,  115.5,    0.7217
"SCN_CN15_9171_CEI77A_ATV_S", 13.8, 1,    7555.94,   -1.2,   0.94835, 2,    7555.94, -121.2,   0.94835, 3,    7555.94,  118.8,   0.94835
"SCN_CN15_9032_CEI220_ATV_S", 13.8, 1,    5697.79,   -5.0,   0.71513, 2,    5697.78, -125.0,   0.71513, 3,    5697.78,  115.0,   0.71513
"SCN_CN15_9194_CEI230_ATV_S", 13.8, 1,    5580.31,   -5.5,   0.70039, 2,     5580.3, -125.5,   0.70039, 3,     5580.3,  114.5,   0.70039
"SCN_CN15_9030_CEI148A_ATV_S", 13.8, 1,    5578.97,   -5.5,   0.70022, 2,    5578.96, -125.5,   0.70022, 3,    5578.96,  114.5,   0.70022
"SCN_CN15_9494_CEI109_S", 13.8, 1,    5600.83,   -5.5,   0.70297, 2,    5600.83, -125.5,   0.70296, 3,    5600.82,  114.5,   0.70296
"SCN_CN15_9187_CEI068_S", 13.8, 1,    6182.37,   -3.6,   0.77596, 2,    6182.37, -123.6,   0.77595, 3,    6182.37,  116.4,   0.77595
"SCN_CN15_9306_CEI109_S", 13.8, 1,    5635.57,   -5.3,   0.70733, 2,    5635.56, -125.3,   0.70732, 3,    5635.56,  114.7,   0.70732
"CN_BTS1-13", 13.8, 2,    6187.38, -123.6,   0.77658, 3,    6187.38,  116.4,   0.77658, 8,    6187.39,   -3.6,   0.77658
"CN_DJCN15_CH2353", 13.8, 1,    6187.39,   -3.6,   0.77658, 2,    6187.38, -123.6,   0.77658, 3,    6187.38,  116.4,   0.77658
"SCN_CN15_9033_CEI77A_ATV_S", 13.8, 1,    7028.75,   -2.1,   0.88219, 2,    7028.75, -122.1,   0.88218, 3,    7028.75,  117.9,   0.88219
"SCN_CN15_9013_CEI69B_S", 13.8, 1,    5988.35,   -4.0,    0.7516, 2,    5988.34, -124.0,    0.7516, 3,    5988.34,  116.0,    0.7516
"SCN_CN15_9191_CEI230_ATV_S", 13.8, 1,    5580.45,   -5.5,   0.70041, 2,    5580.44, -125.5,   0.70041, 3,    5580.44,  114.5,   0.70041
"SCN_CN15_9040_CEI070_S", 13.8, 1,    6361.02,   -3.3,   0.79838, 2,    6361.01, -123.3,   0.79838, 3,    6361.01,  116.7,   0.79838
"SCN_CN15_9018_CEI077_ATV_S", 13.8, 1,    7036.29,   -2.1,   0.88313, 2,    7036.28, -122.1,   0.88313, 3,    7036.28,  117.9,   0.88313
"SCN_CN15_9477_CEI109_S", 13.8, 1,    5602.51,   -5.5,   0.70318, 2,     5602.5, -125.5,   0.70317, 3,     5602.5,  114.5,   0.70317
"SCN_CN15_9087_CEI075_S", 13.8, 1,    5735.65,   -4.5,   0.71989, 2,    5735.64, -124.5,   0.71989, 3,    5735.64,  115.5,   0.71989
"SCN_CN15_9156_CEI220_ATV_S", 13.8, 1,    5756.06,   -4.9,   0.72245, 2,    5756.05, -124.9,   0.72245, 3,    5756.05,  115.1,   0.72245
"SCN_CN15_9083_CEI131_ATV_S", 13.8, 1,    5704.14,   -5.0,   0.71593, 2,    5704.14, -125.0,   0.71593, 3,    5704.14,  115.0,   0.71593
"SCN_CN15_9197_CEI77A_ATV_S", 13.8, 1,    7904.95,   -0.4,   0.99216, 2,    7904.95, -120.4,   0.99216, 3,    7904.95,  119.6,   0.99216
"SCN_CN15_9154_CEI109_S", 13.8, 1,    5630.32,   -5.4,   0.70667, 2,    5630.31, -125.4,   0.70667, 3,    5630.31,  114.6,   0.70667
"SCN_CN15_9037_CEI109_S", 13.8, 1,    5698.65,   -5.0,   0.71524, 2,    5698.64, -125.0,   0.71524, 3,    5698.64,  115.0,   0.71524
"SCN_CN15_9003_CEI230_ATV_S", 13.8, 1,    7036.26,   -2.1,   0.88313, 2,    7036.26, -122.1,   0.88313, 3,    7036.26,  117.9,   0.88313
"SCN_CN15_9204_CEI77A_ATV_S", 13.8, 1,    7556.72,   -1.2,   0.94845, 2,    7556.72, -121.2,   0.94845, 3,    7556.72,  118.8,   0.94845
"SCN_CN15_9027_CEI77A_ATV_S", 13.8, 1,    7029.43,   -2.1,   0.88227, 2,    7029.43, -122.1,   0.88227, 3,    7029.43,  117.9,   0.88227
"SCN_CN15_9071_CEI075_S", 13.8, 1,    5725.14,   -4.6,   0.71857, 2,    5725.13, -124.6,   0.71857, 3,    5725.13,  115.4,   0.71857
"SCN_CN15_9068_CEI068_S", 13.8, 1,    6198.81,   -3.6,   0.77802, 2,    6198.81, -123.6,   0.77802, 3,    6198.81,  116.4,   0.77802
"SCN_CN15_9299_CEI109_S", 13.8, 1,    5645.55,   -5.3,   0.70858, 2,    5645.54, -125.3,   0.70858, 3,    5645.54,  114.7,   0.70858
"SCN_CN15_9206_CEI77A_ATV_S", 13.8, 1,    7556.37,   -1.2,   0.94841, 2,    7556.36, -121.2,   0.94841, 3,    7556.37,  118.8,   0.94841
"SCN_CN15_9066_CEI075_S", 13.8, 1,    5725.31,   -4.6,   0.71859, 2,     5725.3, -124.6,   0.71859, 3,     5725.3,  115.4,   0.71859
"SCN_CN15_9090_CEI075_S", 13.8, 1,    5737.83,   -4.5,   0.72016, 2,    5737.82, -124.5,   0.72016, 3,    5737.82,  115.5,   0.72016
"SCN_CN15_9037_CEI130A_ATV_S", 13.8, 1,    6180.29,   -3.6,   0.77569, 2,    6180.29, -123.6,   0.77569, 3,    6180.29,  116.4,   0.77569
"SCN_CN15_9027_CEI077_ATV_S", 13.8, 1,    7029.88,   -2.1,   0.88233, 2,    7029.87, -122.1,   0.88233, 3,    7029.87,  117.9,   0.88233
"SCN_CN15_9003_CEI109_S", 13.8, 1,    5860.12,   -4.4,   0.73551, 2,    5860.12, -124.4,   0.73551, 3,    5860.12,  115.6,   0.73551
"SCN_CN15_9027_CEI130A_ATV_S", 13.8, 1,    6180.41,   -3.6,   0.77571, 2,     6180.4, -123.6,   0.77571, 3,     6180.4,  116.4,   0.77571
"SCN_CN15_9034_CEIRJ006_ATV_S", 13.8, 1,     7028.3,   -2.1,   0.88213, 2,    7028.29, -122.1,   0.88213, 3,    7028.29,  117.9,   0.88213
"SCN_CN15_9044_CEI148A_ATV_S", 13.8, 1,    5596.64,   -5.5,   0.70244, 2,    5596.63, -125.5,   0.70244, 3,    5596.63,  114.5,   0.70244
"SCN_CN15_9082_CEI230_ATV_S", 13.8, 1,    5749.84,   -4.5,   0.72167, 2,    5749.83, -124.5,   0.72167, 3,    5749.83,  115.5,   0.72167
"SCN_CN15_9012_CEI072_S", 13.8, 1,     6672.6,   -2.8,   0.83748, 2,     6672.6, -122.8,   0.83748, 3,     6672.6,  117.2,   0.83748
"SCN_CN15_9035_CEI250_ATV_S", 13.8, 1,    6222.34,   -3.5,   0.78097, 2,    6222.33, -123.5,   0.78097, 3,    6222.33,  116.5,   0.78097
"SCN_CN15_9002_CEI230_ATV_S", 13.8, 1,    7036.28,   -2.1,   0.88313, 2,    7036.27, -122.1,   0.88313, 3,    7036.27,  117.9,   0.88313
"SCN_CN15_9010_CEI109_S", 13.8, 1,    5719.47,   -5.0,   0.71786, 2,    5719.46, -125.0,   0.71785, 3,    5719.46,  115.0,   0.71785
"SCN_CN15_9126_CEI201_ATV_S", 13.8, 1,    5859.67,   -4.4,   0.73545, 2,    5859.66, -124.4,   0.73545, 3,    5859.66,  115.6,   0.73545
"SCN_CN15_9174_CEI230_ATV_S", 13.8, 1,    5750.02,   -4.5,   0.72169, 2,    5750.01, -124.5,   0.72169, 3,    5750.01,  115.5,   0.72169
"SCN_CN15_9006_CEI148_ATV_S", 13.8, 1,     5848.5,   -4.4,   0.73405, 2,    5848.49, -124.4,   0.73405, 3,    5848.49,  115.6,   0.73405
"SCN_CN15_9283_CEI109_S", 13.8, 1,    5664.88,   -5.2,     0.711, 2,    5664.87, -125.2,     0.711, 3,    5664.87,  114.8,     0.711
"SCN_CN15_9025_CEI075_S", 13.8, 1,    5751.39,   -4.5,   0.72186, 2,    5751.38, -124.5,   0.72186, 3,    5751.38,  115.5,   0.72186
"SCN_CN15_9022_CEI077_ATV_S", 13.8, 1,    7032.44,   -2.1,   0.88265, 2,    7032.44, -122.1,   0.88265, 3,    7032.44,  117.9,   0.88265
"SCN_CN15_9100_CEI230_ATV_S", 13.8, 1,     5820.3,   -4.4,   0.73051, 2,    5820.29, -124.4,   0.73051, 3,    5820.29,  115.6,   0.73051
"SCN_CN15_9190_CEI230_ATV_S", 13.8, 1,    5580.42,   -5.5,    0.7004, 2,    5580.41, -125.5,    0.7004, 3,    5580.41,  114.5,    0.7004
"SCN_CN15_9425_CEI109_S", 13.8, 1,    5660.37,   -5.2,   0.71044, 2,    5660.36, -125.2,   0.71044, 3,    5660.36,  114.8,   0.71044
"SCN_CN15_9437_CEI109_S", 13.8, 1,    5659.55,   -5.2,   0.71034, 2,    5659.54, -125.2,   0.71033, 3,    5659.54,  114.8,   0.71033
"SCN_CN15_9408_CEI109_S", 13.8, 1,    5613.94,   -5.4,   0.70461, 2,    5613.93, -125.4,   0.70461, 3,    5613.93,  114.6,   0.70461
"SCN_CN15_9045_CEI074_S", 13.8, 1,    5719.46,   -4.6,   0.71786, 2,    5719.45, -124.6,   0.71785, 3,    5719.45,  115.4,   0.71785
"SCN_CN15_9188_CEI230_ATV_S", 13.8, 1,    5580.73,   -5.5,   0.70044, 2,    5580.72, -125.5,   0.70044, 3,    5580.72,  114.5,   0.70044
"SCN_CN15_9050_CEI69B_S", 13.8, 1,     5873.4,   -4.3,   0.73718, 2,    5873.39, -124.3,   0.73718, 3,    5873.39,  115.7,   0.73718
"SCN_CN15_9037_CEI148_ATV_S", 13.8, 1,    5839.57,   -4.4,   0.73293, 2,    5839.56, -124.4,   0.73293, 3,    5839.56,  115.6,   0.73293
"SCN_CN15_9493_CEI109_S", 13.8, 1,    5600.92,   -5.5,   0.70298, 2,    5600.91, -125.5,   0.70298, 3,    5600.91,  114.5,   0.70298
"SCN_CN15_9058_CEI071_S", 13.8, 1,    6560.11,   -3.0,   0.82337, 2,     6560.1, -123.0,   0.82336, 3,     6560.1,  117.0,   0.82336
"SCN_CN15_9048_CEI074_S", 13.8, 1,    5721.05,   -4.6,   0.71805, 2,    5721.04, -124.6,   0.71805, 3,    5721.04,  115.4,   0.71805
"SCN_CN15_9210_CEI109_S", 13.8, 1,    5632.63,   -5.3,   0.70696, 2,    5632.62, -125.3,   0.70696, 3,    5632.62,  114.7,   0.70696
"SCN_CN15_9086_CEI148_ATV_S", 13.8, 1,    5582.27,   -5.5,   0.70064, 2,    5582.26, -125.5,   0.70064, 3,    5582.26,  114.5,   0.70064
"SCN_CN15_9068_CEI148_ATV_S", 13.8, 1,     5837.1,   -4.4,   0.73262, 2,    5837.09, -124.4,   0.73262, 3,    5837.09,  115.6,   0.73262
"SCN_CN15_9038_CEI77A_ATV_S", 13.8, 1,    7027.98,   -2.1,   0.88209, 2,    7027.98, -122.1,   0.88209, 3,    7027.98,  117.9,   0.88209
"SCN_CN15_9165_CEI068_S", 13.8, 1,    6058.66,   -3.9,   0.76043, 2,    6058.66, -123.9,   0.76043, 3,    6058.66,  116.1,   0.76043
"SCN_CN15_9172_CEI068_S", 13.8, 1,    6108.78,   -3.8,   0.76672, 2,    6108.77, -123.8,   0.76672, 3,    6108.77,  116.2,   0.76672
"SCN_CN15_9088_CEI148_ATV_S", 13.8, 1,    5581.27,   -5.5,   0.70051, 2,    5581.26, -125.5,   0.70051, 3,    5581.26,  114.5,   0.70051
"SCN_CN15_9041_CEI148A_ATV_S", 13.8, 1,     5592.4,   -5.5,   0.70191, 2,    5592.39, -125.5,   0.70191, 3,    5592.39,  114.5,   0.70191
"SCN_CN15_9171_CEI69B_S", 13.8, 1,    5860.28,   -4.4,   0.73553, 2,    5860.27, -124.4,   0.73553, 3,    5860.27,  115.6,   0.73553
"SCN_CN15_9041_CEI130A_ATV_S", 13.8, 1,    6180.29,   -3.6,   0.77569, 2,    6180.29, -123.6,   0.77569, 3,    6180.29,  116.4,   0.77569
"SCN_CN15_9177_CEI77A_ATV_S", 13.8, 1,    7555.21,   -1.2,   0.94826, 2,    7555.21, -121.2,   0.94826, 3,    7555.21,  118.8,   0.94826
"SCN_CN15_9135_CEI230_ATV_S", 13.8, 1,    5736.32,   -4.5,   0.71997, 2,    5736.31, -124.5,   0.71997, 3,    5736.31,  115.5,   0.71997
"SCN_CN15_9077_CEI131_ATV_S", 13.8, 1,    5699.93,   -5.0,    0.7154, 2,    5699.92, -125.0,    0.7154, 3,    5699.92,  115.0,    0.7154
"SCN_CN15_9126_CEI77A_ATV_S", 13.8, 1,    7034.65,   -2.0,   0.88293, 2,    7034.65, -122.0,   0.88293, 3,    7034.65,  118.0,   0.88293
"SCN_CN15_9059_CEI77A_ATV_S", 13.8, 1,    7026.91,   -2.1,   0.88195, 2,    7026.91, -122.1,   0.88195, 3,    7026.91,  117.9,   0.88195
"SCN_CN15_9030_CEI77A_ATV_S", 13.8, 1,    7029.03,   -2.1,   0.88222, 2,    7029.03, -122.1,   0.88222, 3,    7029.03,  117.9,   0.88222
"SCN_CN15_9349_CEI109_S", 13.8, 1,    5598.61,   -5.5,   0.70269, 2,     5598.6, -125.5,   0.70269, 3,     5598.6,  114.5,   0.70269
"SCN_CN15_9202_CEI230_ATV_S", 13.8, 1,    5581.08,   -5.5,   0.70049, 2,    5581.08, -125.5,   0.70049, 3,    5581.07,  114.5,   0.70049
"SCN_CN15_9309_CEI109_S", 13.8, 1,    5635.48,   -5.3,   0.70731, 2,    5635.48, -125.3,   0.70731, 3,    5635.47,  114.7,   0.70731
"SCN_CN15_9016_CEI077_ATV_S", 13.8, 1,    7005.87,   -2.1,   0.87931, 2,    7005.87, -122.1,   0.87931, 3,    7005.87,  117.9,   0.87931
"SCN_CN15_9082_CEI148_ATV_S", 13.8, 1,    5583.82,   -5.5,   0.70083, 2,    5583.82, -125.5,   0.70083, 3,    5583.81,  114.5,   0.70083
"SCN_CN15_9105_CEI075_S", 13.8, 1,    5747.61,   -4.5,   0.72139, 2,     5747.6, -124.5,   0.72139, 3,     5747.6,  115.5,   0.72139
"SCN_CN15_9179_CEI77A_ATV_S", 13.8, 1,    7554.97,   -1.2,   0.94823, 2,    7554.96, -121.2,   0.94823, 3,    7554.96,  118.8,   0.94823
"SCN_CN15_9055_CEIRJ006_ATV_S", 13.8, 1,    5725.06,   -4.6,   0.71856, 2,    5725.05, -124.6,   0.71856, 3,    5725.05,  115.4,   0.71856
"SCN_CN15_9076_CEI77A_ATV_S", 13.8, 1,    7006.86,   -2.1,   0.87944, 2,    7006.85, -122.1,   0.87944, 3,    7006.85,  117.9,   0.87944
"SCN_CN15_9097_CEI075_S", 13.8, 1,    5742.79,   -4.5,   0.72078, 2,    5742.78, -124.5,   0.72078, 3,    5742.78,  115.5,   0.72078
"SCN_CN15_9086_CEI075_S", 13.8, 1,    5734.84,   -4.6,   0.71979, 2,    5734.83, -124.6,   0.71978, 3,    5734.83,  115.4,   0.71978
"SCN_CN15_9144_CEI69B_S", 13.8, 1,    5860.35,   -4.4,   0.73554, 2,    5860.34, -124.4,   0.73554, 3,    5860.34,  115.6,   0.73554
"SCN_CN15_9015_CEI109_S", 13.8, 1,    5719.96,   -5.0,   0.71792, 2,    5719.95, -125.0,   0.71792, 3,    5719.95,  115.0,   0.71792
"SCN_CN15_9399_CEI109_S", 13.8, 1,    5603.28,   -5.5,   0.70327, 2,    5603.27, -125.5,   0.70327, 3,    5603.27,  114.5,   0.70327
"SCN_CN15_9094_CEI230_ATV_S", 13.8, 1,    5820.24,   -4.4,    0.7305, 2,    5820.23, -124.4,    0.7305, 3,    5820.23,  115.6,    0.7305
"SCN_CN15_9200_CEI109_S", 13.8, 1,    5631.43,   -5.3,   0.70681, 2,    5631.42, -125.3,    0.7068, 3,    5631.42,  114.7,    0.7068
"SCN_CN15_9480_CEI109_S", 13.8, 1,     5602.1,   -5.5,   0.70313, 2,    5602.09, -125.5,   0.70312, 3,    5602.09,  114.5,   0.70312
"SCN_CN15_9006_CEI134_ATV_S", 13.8, 1,    5695.29,   -5.0,   0.71482, 2,    5695.28, -125.0,   0.71482, 3,    5695.28,  115.0,   0.71482
"SCN_CN15_9098_CEI072_S", 13.8, 1,     6844.7,   -2.4,   0.85908, 2,     6844.7, -122.4,   0.85908, 3,     6844.7,  117.6,   0.85908
"SCN_CN15_9098_CEI068", 13.8, 1,    6248.73,   -3.5,   0.78428, 2,    6248.73, -123.5,   0.78428, 3,    6248.73,  116.5,   0.78428
"SCN_CN15_9089_CEI068", 13.8, 1,    6207.51,   -3.6,   0.77911, 2,     6207.5, -123.6,   0.77911, 3,     6207.5,  116.4,   0.77911
"SCN_CN15_9031_CEI148_ATV_S", 13.8, 1,    5839.94,   -4.4,   0.73298, 2,    5839.93, -124.4,   0.73298, 3,    5839.93,  115.6,   0.73298
"SCN_CN15_9040_CEI77A_ATV_S", 13.8, 1,    7027.92,   -2.1,   0.88208, 2,    7027.92, -122.1,   0.88208, 3,    7027.92,  117.9,   0.88208
"SCN_CN15_9135_CEI77A_ATV_S", 13.8, 1,    7179.98,   -1.8,   0.90117, 2,    7179.97, -121.8,   0.90117, 3,    7179.98,  118.2,   0.90117
"SCN_CN15_9004_CEI160_ATV_S", 13.8, 1,    5841.11,   -4.5,   0.73312, 2,     5841.1, -124.5,   0.73312, 3,    5841.11,  115.5,   0.73312
"SCN_CN15_9029_CEI074_S", 13.8, 1,    5714.75,   -4.6,   0.71726, 2,    5714.74, -124.6,   0.71726, 3,    5714.74,  115.4,   0.71726
"SCN_CN15_9043_CEI148_ATV_S", 13.8, 1,     5838.5,   -4.4,    0.7328, 2,    5838.49, -124.4,   0.73279, 3,    5838.49,  115.6,   0.73279
"SCN_CN15_9023_CEI074_S", 13.8, 1,    5713.89,   -4.6,   0.71716, 2,    5713.88, -124.6,   0.71715, 3,    5713.88,  115.4,   0.71715
"SCN_CN15_9003_CEI076_S", 13.8, 1,    6211.55,   -3.6,   0.77962, 2,    6211.54, -123.6,   0.77962, 3,    6211.55,  116.4,   0.77962
"SCN_CN15_9043_CEI250_ATV_S", 13.8, 1,    6221.72,   -3.5,   0.78089, 2,    6221.71, -123.5,   0.78089, 3,    6221.71,  116.5,   0.78089
"SCN_CN15_9032_CEI69B", 13.8, 1,    5917.03,   -4.2,   0.74265, 2,    5917.02, -124.2,   0.74265, 3,    5917.02,  115.8,   0.74265
"SCN_CN15_9050_CEI070", 13.8, 1,    6263.87,   -3.5,   0.78618, 2,    6263.86, -123.5,   0.78618, 3,    6263.86,  116.5,   0.78618
"SCN_CN15_9023_CEI077_ATV_S", 13.8, 1,    7031.51,   -2.1,   0.88253, 2,    7031.51, -122.1,   0.88253, 3,    7031.51,  117.9,   0.88253
"SCN_CN15_9302_CEI109_S", 13.8, 1,    5640.66,   -5.3,   0.70796, 2,    5640.65, -125.3,   0.70796, 3,    5640.65,  114.7,   0.70796
"SCN_CN15_9030_CEIRJ006_ATV_S", 13.8, 1,    7025.85,   -2.1,   0.88182, 2,    7025.85, -122.1,   0.88182, 3,    7025.85,  117.9,   0.88182
"SCN_CN15_9102_CEI075_S", 13.8, 1,    5745.19,   -4.5,   0.72108, 2,    5745.18, -124.5,   0.72108, 3,    5745.18,  115.5,   0.72108
"SCN_CN15_9175_CEI69B_S", 13.8, 1,     5860.6,   -4.4,   0.73557, 2,    5860.59, -124.4,   0.73557, 3,    5860.59,  115.6,   0.73557
"SCN_CN15_9077_CEI075_S", 13.8, 1,    5729.15,   -4.6,   0.71907, 2,    5729.14, -124.6,   0.71907, 3,    5729.14,  115.4,   0.71907
"SCN_CN15_9023_CEI130_ATV_S", 13.8, 1,    5966.43,   -4.1,   0.74885, 2,    5966.42, -124.1,   0.74885, 3,    5966.42,  115.9,   0.74885
"SCN_CN15_9031_CEI77A_ATV_S", 13.8, 1,    7028.93,   -2.1,   0.88221, 2,    7028.93, -122.1,   0.88221, 3,    7028.93,  117.9,   0.88221
"SCN_CN15_9095_CEI77A_ATV_S", 13.8, 1,    7049.76,   -2.1,   0.88482, 2,    7049.75, -122.1,   0.88482, 3,    7049.75,  117.9,   0.88482
"SCN_CN15_9102_CEI068_S", 13.8, 1,    6222.38,   -3.5,   0.78098, 2,    6222.37, -123.5,   0.78098, 3,    6222.37,  116.5,   0.78098
"SCN_CN15_9040_CEI148_ATV_S", 13.8, 1,       5839,   -4.4,   0.73286, 2,    5838.99, -124.4,   0.73286, 3,    5838.99,  115.6,   0.73286
"SCN_CN15_9308_CEI250_ATV_S", 13.8, 1,     6563.3,   -3.0,   0.82377, 2,    6563.29, -123.0,   0.82377, 3,     6563.3,  117.0,   0.82377
"SCN_CN15_9009_CEI134C_ATV_S", 13.8, 1,    5670.83,   -5.1,   0.71175, 2,    5670.82, -125.1,   0.71175, 3,    5670.82,  114.9,   0.71175
"SCN_CN15_9172_CEI77A_ATV_S", 13.8, 1,    7555.61,   -1.2,   0.94831, 2,    7555.61, -121.2,   0.94831, 3,    7555.61,  118.8,   0.94831
"SCN_CN15_9481_CEI109_S", 13.8, 1,    5601.96,   -5.5,   0.70311, 2,    5601.95, -125.5,   0.70311, 3,    5601.95,  114.5,   0.70311
"SCN_CN15_9009_CEI075_S", 13.8, 1,    5755.41,   -4.5,   0.72237, 2,     5755.4, -124.5,   0.72237, 3,     5755.4,  115.5,   0.72237
"SCN_CN15_9283_CEI250_ATV_S", 13.8, 1,    6542.19,   -3.0,   0.82112, 2,    6542.18, -123.0,   0.82112, 3,    6542.18,  117.0,   0.82112
"SCN_CN15_9169_CEI77A_ATV_S", 13.8, 1,    7557.44,   -1.2,   0.94854, 2,    7557.44, -121.2,   0.94854, 3,    7557.44,  118.8,   0.94854
"SCN_CN15_9197_CEI230_ATV_BT_FP1074", 0.38, 1,    149.378,   -7.9,   0.68087, 2,    149.378, -127.9,   0.68087, 3,    149.378,  112.1,   0.68087
"SCN_CN15_9198_CEI109_BT_FX8231", 0.38, 1,    147.195,   -8.7,   0.67092, 2,    147.195, -128.7,   0.67092, 3,    147.195,  111.3,   0.67092
"SCN_CN15_9031_CEI250_ATV_BT_FT4575", 0.38, 1,    162.428,   -6.9,   0.74035, 2,    162.427, -126.9,   0.74035, 3,    162.427,  113.1,   0.74035
"SCN_CN15_9031_CEI69B_BT_FZ2489", 0.38, 1,      154.7,   -7.5,   0.70513, 2,      154.7, -127.5,   0.70513, 3,      154.7,  112.5,   0.70513
"SCN_CN15_9032_CEI148_ATV_BT_FZ1030", 0.38, 1,     152.61,   -7.7,    0.6956, 2,    152.609, -127.7,    0.6956, 3,    152.609,  112.3,    0.6956
"SCN_CN15_9032_CEI160_ATV_BT_FX4690", 0.38, 1,    152.532,   -7.7,   0.69524, 2,    152.531, -127.7,   0.69524, 3,    152.531,  112.3,   0.69524
"SCN_CN15_9023_CEI201_ATV_BT_FIC1244", 0.38, 1,     146.24,   -8.8,   0.66657, 2,     146.24, -128.8,   0.66656, 3,     146.24,  111.2,   0.66656
"SCN_CN15_9023_CEI77A_ATV_BT_FM0468", 0.38, 1,    183.407,   -5.5,   0.83597, 2,    183.406, -125.5,   0.83597, 3,    183.406,  114.5,   0.83597
"SCN_CN15_9023_CEIRJ006_ATV_BT_FP1075", 0.38, 1,    179.714,   -5.8,   0.81914, 2,    179.713, -125.8,   0.81914, 3,    179.713,  114.2,   0.81914
"SCN_CN15_9024_CEI077_ATV_BT_FX9171", 0.38, 1,    183.495,   -5.5,   0.83638, 2,    183.495, -125.5,   0.83638, 3,    183.495,  114.5,   0.83638
"SCN_CN15_9031_CEI230B_ATV_BT_FP0945", 0.38, 1,    149.527,   -7.9,   0.68155, 2,    149.526, -127.9,   0.68155, 3,    149.526,  112.1,   0.68155
"SCN_CN15_9191_CEI109_BT_FIC1332", 0.38, 1,    147.192,   -8.7,   0.67091, 2,    147.192, -128.7,   0.67091, 3,    147.192,  111.3,   0.67091
"SCN_CN15_9193_CEI230_ATV_BT_FT0380", 0.38, 1,    145.882,   -8.8,   0.66493, 2,    145.882, -128.8,   0.66493, 3,    145.882,  111.2,   0.66493
"SCN_CN15_9193_CEI77A_ATV_BT_FF6328", 0.38, 1,    203.658,   -4.1,   0.92828, 2,    203.658, -124.1,   0.92828, 3,    203.658,  115.9,   0.92828
"SCN_CN15_9025_CEI134B_ATV_BT_FP0958", 0.38, 1,    148.282,   -8.4,   0.67587, 2,    148.282, -128.4,   0.67587, 3,    148.282,  111.6,   0.67587
"SCN_CN15_9025_CEI230B_ATV_BT_FIC1248", 0.38, 1,    149.443,   -7.9,   0.68116, 2,    149.442, -127.9,   0.68116, 3,    149.442,  112.1,   0.68116
"SCN_CN15_9026_CEI068_BT_FM1100", 0.38, 1,    161.616,   -6.9,   0.73665, 2,    161.616, -126.9,   0.73665, 3,    161.616,  113.1,   0.73665
"SCN_CN15_9026_CEI077_ATV_BT_FZ2813", 0.38, 1,    183.455,   -5.5,   0.83619, 2,    183.455, -125.5,   0.83619, 3,    183.455,  114.5,   0.83619
"SCN_CN15_9036_CEI201_ATV_BT_FIC1260", 0.38, 1,    146.329,   -8.8,   0.66697, 2,    146.328, -128.8,   0.66697, 3,    146.328,  111.2,   0.66697
"SCN_CN15_9037_CEI076_BT_FIC1261", 0.38, 1,    161.981,   -7.0,   0.73832, 2,    161.981, -127.0,   0.73832, 3,    161.981,  113.0,   0.73832
"SCN_CN15_9037_CEI134B_ATV_BT_FP0959", 0.38, 1,    148.243,   -8.4,    0.6757, 2,    148.243, -128.4,    0.6757, 3,    148.243,  111.6,    0.6757
"SCN_CN15_9037_CEI160_ATV_BT_FT4513", 0.38, 1,    153.018,   -7.7,   0.69746, 2,    153.018, -127.7,   0.69746, 3,    153.018,  112.3,   0.69746
"SCN_CN15_9038_CEIRJ006_ATV_BT_FP5672", 0.38, 1,    184.098,   -5.4,   0.83912, 2,    184.098, -125.4,   0.83912, 3,    184.098,  114.6,   0.83912
"SCN_CN15_9039_CEI130_ATV_BT_FF0639", 0.38, 1,    154.326,   -7.6,   0.70342, 2,    154.326, -127.6,   0.70342, 3,    154.326,  112.4,   0.70342
"SCN_CN15_9192_CEI230_ATV_BT_FP3255", 0.38, 1,    145.882,   -8.8,   0.66493, 2,    145.882, -128.8,   0.66493, 3,    145.882,  111.2,   0.66493
"SCN_CN15_9317_CEI068_BT_FIC1358", 0.38, 1,    162.249,   -6.9,   0.73954, 2,    162.249, -126.9,   0.73954, 3,    162.249,  113.1,   0.73954
"SCN_CN15_9035_CEI068_BT_FIC1341", 0.38, 1,    161.629,   -6.9,   0.73671, 2,    161.629, -126.9,   0.73671, 3,    161.629,  113.1,   0.73671
"SCN_CN15_9454_CEI109_BT_FX4223", 0.38, 1,    147.927,   -8.6,   0.67426, 2,    147.927, -128.6,   0.67426, 3,    147.927,  111.4,   0.67426
"SCN_CN15_9032_CEI77A_ATV_BT_FT4299", 0.38, 1,    183.429,   -5.5,   0.83608, 2,    183.429, -125.5,   0.83608, 3,    183.429,  114.5,   0.83608
"SCN_CN15_9032_CEIRJ006_ATV_BT_FX2587", 0.38, 1,    183.348,   -5.5,   0.83571, 2,    183.348, -125.5,    0.8357, 3,    183.348,  114.5,   0.83571
"SCN_CN15_9036_CEI148A_ATV_BT_FX0776", 0.38, 1,    146.164,   -8.8,   0.66622, 2,    146.163, -128.8,   0.66622, 3,    146.163,  111.2,   0.66622
"SCN_CN15_9216_CEI109_BT_FX4012", 0.38, 1,    147.231,   -8.7,   0.67108, 2,     147.23, -128.7,   0.67108, 3,     147.23,  111.3,   0.67108
"SCN_CN15_9216_CEI77A_ATV_BT_FT5352", 0.38, 1,    197.107,   -4.7,   0.89842, 2,    197.107, -124.7,   0.89842, 3,    197.107,  115.3,   0.89842
"SCN_CN15_9495_CEI109_BT_FT0758", 0.38, 1,    146.415,   -8.8,   0.66736, 2,    146.415, -128.8,   0.66736, 3,    146.415,  111.2,   0.66736
"SCN_CN15_9493_CEI109_BT_FX4148", 0.38, 1,    146.414,   -8.8,   0.66736, 2,    146.413, -128.8,   0.66736, 3,    146.413,  111.2,   0.66736
"SCN_CN15_9181_CEI068_BT_FP0930", 0.38, 1,    160.255,   -7.0,   0.73045, 2,    160.255, -127.0,   0.73045, 3,    160.255,  113.0,   0.73045
"SCN_CN15_9075_CEI77A_ATV_BT_FX2534", 0.38, 1,    182.881,   -5.5,   0.83358, 2,    182.881, -125.5,   0.83358, 3,    182.881,  114.5,   0.83358
"SCN_CN15_9114_CEI77A_ATV_BT_FP8843", 0.38, 1,    183.917,   -5.5,    0.8383, 2,    183.917, -125.5,    0.8383, 3,    183.917,  114.5,    0.8383
"SCN_CN15_9041_CEI070_BT_FT4529", 0.38, 1,    166.115,   -6.7,   0.75716, 2,    166.115, -126.7,   0.75716, 3,    166.115,  113.3,   0.75716
"SCN_CN15_9044_CEI070_BT_FT4701", 0.38, 1,     165.38,   -6.7,   0.75381, 2,    165.379, -126.7,    0.7538, 3,    165.379,  113.3,    0.7538
"SCN_CN15_9069_CEI072_BT_FT8576", 0.38, 1,    177.293,   -5.9,   0.80811, 2,    177.293, -125.9,   0.80811, 3,    177.293,  114.1,   0.80811
"SCN_CN15_9198_CEI69A_BT_FX8688", 0.38, 1,    153.112,   -7.7,   0.69789, 2,    153.111, -127.7,   0.69789, 3,    153.111,  112.3,   0.69789
"SCN_CN15_421166_CEI_BT_FT6400", 0.38, 1,    152.952,   -7.7,   0.69716, 2,    152.951, -127.7,   0.69716, 3,    152.951,  112.3,   0.69716
"SCN_CN15_9069_CEI075_BT_FZ2703", 0.38, 1,    149.585,   -7.9,   0.68181, 2,    149.585, -127.9,   0.68181, 3,    149.585,  112.1,   0.68181
"SCN_CN15_9052_CEI070_BT_FZ1968", 0.38, 1,    165.729,   -6.7,    0.7554, 2,    165.729, -126.7,    0.7554, 3,    165.729,  113.3,    0.7554
"SCN_CN15_9052_CEI77A_ATV_BT_FP0911", 0.38, 1,    183.418,   -5.5,   0.83603, 2,    183.418, -125.5,   0.83603, 3,    183.418,  114.5,   0.83603
"SCN_CN15_9052_CEIRJ006_ATV_BT_FX2678", 0.38, 1,    150.635,   -7.8,    0.6866, 2,    150.635, -127.8,    0.6866, 3,    150.635,  112.2,    0.6866
"SCN_CN15_9054_CEI201_ATV_BT_FX2395", 0.38, 1,    146.471,   -8.8,   0.66762, 2,    146.471, -128.8,   0.66762, 3,    146.471,  111.2,   0.66762
"SCN_CN15_9201_CEI230_ATV_BT_FP4528", 0.38, 1,    149.382,   -7.9,   0.68089, 2,    149.382, -127.9,   0.68089, 3,    149.382,  112.1,   0.68089
"SCN_CN15_9205_CEI230_ATV_BT_FX3973", 0.38, 1,    145.899,   -8.8,   0.66501, 2,    145.899, -128.8,   0.66501, 3,    145.899,  111.2,   0.66501
"SCN_CN15_9207_CEI77A_ATV_BT_FX5103", 0.38, 1,    197.101,   -4.7,   0.89839, 2,    197.101, -124.7,   0.89839, 3,    197.101,  115.3,   0.89839
"SCN_CN15_9208_CEI230_ATV_BT_FIC1339", 0.38, 1,    149.378,   -7.9,   0.68087, 2,    149.378, -127.9,   0.68087, 3,    149.378,  112.1,   0.68087
"SCN_CN15_9208_CEI77A_ATV_BT_FX2297", 0.38, 1,      197.1,   -4.7,   0.89839, 2,      197.1, -124.7,   0.89839, 3,      197.1,  115.3,   0.89839
"SCN_CN15_9210_CEI109_BT_FT8348", 0.38, 1,    147.236,   -8.7,    0.6711, 2,    147.236, -128.7,    0.6711, 3,    147.236,  111.3,    0.6711
"SCN_CN15_9071_CEI070_BT_FT3791", 0.38, 1,    167.108,   -6.6,   0.76168, 2,    167.108, -126.6,   0.76168, 3,    167.108,  113.4,   0.76168
"SCN_CN15_9074_CEI074_BT_FT4303", 0.38, 1,    149.376,   -7.9,   0.68086, 2,    149.376, -127.9,   0.68086, 3,    149.376,  112.1,   0.68086
"SCN_CN15_9053_CEI148_ATV_BT_FZ2486", 0.38, 1,    152.629,   -7.7,   0.69569, 2,    152.629, -127.7,   0.69569, 3,    152.629,  112.3,   0.69569
"SCN_CN15_9053_CEI201_ATV_BT_FT5469", 0.38, 1,    146.425,   -8.8,   0.66741, 2,    146.425, -128.8,   0.66741, 3,    146.425,  111.2,   0.66741
"SCN_CN15_9053_CEI77A_ATV_BT_FZ7732", 0.38, 1,     183.48,   -5.5,   0.83631, 2,    183.479, -125.5,    0.8363, 3,    183.479,  114.5,    0.8363
"SCN_CN15_9053_CEIRJ006_ATV_BT_FP1050", 0.38, 1,    150.313,   -7.8,   0.68513, 2,    150.313, -127.8,   0.68513, 3,    150.313,  112.2,   0.68513
"SCN_CN15_9056_CEI77A_ATV_BT_FX4048", 0.38, 1,    183.562,   -5.5,   0.83668, 2,    183.561, -125.5,   0.83668, 3,    183.561,  114.5,   0.83668
"SCN_CN15_9057_CEIRJ006_ATV_BT_FX2280", 0.38, 1,    149.629,   -7.9,   0.68201, 2,    149.629, -127.9,   0.68201, 3,    149.629,  112.1,   0.68201
"SCN_CN15_9058_CEI220_ATV_BT_FP0953", 0.38, 1,    150.106,   -8.2,   0.68419, 2,    150.106, -128.2,   0.68419, 3,    150.106,  111.8,   0.68419
"SCN_CN15_9058_CEIRJ006_ATV_BT_FX2132", 0.38, 1,    149.431,   -7.9,   0.68111, 2,     149.43, -127.9,   0.68111, 3,     149.43,  112.1,   0.68111
"SCN_CN15_9059_CEI068_BT_FZ2495", 0.38, 1,    161.815,   -6.9,   0.73756, 2,    161.815, -126.9,   0.73756, 3,    161.815,  113.1,   0.73756
"SCN_CN15_9059_CEI070_BT_FX5487", 0.38, 1,    166.821,   -6.6,   0.76037, 2,    166.821, -126.6,   0.76037, 3,    166.821,  113.4,   0.76037
"SCN_CN15_9059_CEI160_ATV_BT_FP0841", 0.38, 1,     171.43,   -6.4,   0.78138, 2,     171.43, -126.4,   0.78138, 3,     171.43,  113.6,   0.78138
"SCN_CN15_9059_CEI230_ATV_BT_FF0584", 0.38, 1,    183.583,   -5.5,   0.83678, 2,    183.583, -125.5,   0.83678, 3,    183.583,  114.5,   0.83678
"SCN_CN15_9059_CEIRJ006_ATV_BT_FX4540", 0.38, 1,    149.342,   -7.9,    0.6807, 2,    149.342, -127.9,    0.6807, 3,    149.342,  112.1,    0.6807
"SCN_CN15_9060_CEI072_BT_FZ0201", 0.38, 1,    176.706,   -6.0,   0.80543, 2,    176.706, -126.0,   0.80543, 3,    176.706,  114.0,   0.80543
"SCN_CN15_9060_CEI148_ATV_BT_FX2155", 0.38, 1,    152.596,   -7.7,   0.69554, 2,    152.596, -127.7,   0.69553, 3,    152.596,  112.3,   0.69553
"SCN_CN15_9060_CEI160_ATV_BT_FP0842", 0.38, 1,    171.399,   -6.4,   0.78124, 2,    171.398, -126.4,   0.78124, 3,    171.399,  113.6,   0.78124
"SCN_CN15_9060_CEI77A_ATV_BT_FP1082", 0.38, 1,    183.377,   -5.5,   0.83584, 2,    183.377, -125.5,   0.83584, 3,    183.377,  114.5,   0.83584
"SCN_CN15_9060_CEIRJ006_ATV_BT_FT6095", 0.38, 1,    149.331,   -8.0,   0.68065, 2,     149.33, -128.0,   0.68065, 3,     149.33,  112.0,   0.68065
"SCN_CN15_9024_CEI109_BT_FP8543", 0.38, 1,    149.494,   -8.3,    0.6814, 2,    149.494, -128.3,    0.6814, 3,    149.494,  111.7,    0.6814
"SCN_CN15_9027_CEI220_ATV_BT_FT4755", 0.38, 1,    147.182,   -8.7,   0.67086, 2,    147.182, -128.7,   0.67086, 3,    147.182,  111.3,   0.67086
"SCN_CN15_9028_CEI134B_ATV_BT_FIC1249", 0.38, 1,    148.281,   -8.4,   0.67587, 2,    148.281, -128.4,   0.67587, 3,    148.281,  111.6,   0.67587
"SCN_CN15_9028_CEI134C_ATV_BT_FP0962", 0.38, 1,    148.168,   -8.4,   0.67536, 2,    148.168, -128.4,   0.67535, 3,    148.168,  111.6,   0.67535
"SCN_CN15_9054_CEIRJ006_ATV_BT_FP0937", 0.38, 1,    150.263,   -7.8,    0.6849, 2,    150.262, -127.8,    0.6849, 3,    150.262,  112.2,    0.6849
"SCN_CN15_9049_CEI109_BT_FX0200", 0.38, 1,    148.993,   -8.3,   0.67911, 2,    148.993, -128.3,   0.67911, 3,    148.993,  111.7,   0.67911
"SCN_CN15_9240_CEI068_BT_FZ9166", 0.38, 1,    161.814,   -6.9,   0.73755, 2,    161.813, -126.9,   0.73755, 3,    161.813,  113.1,   0.73755
"SCN_CN15_9240_CEI109_BT_FZ7004", 0.38, 1,    147.294,   -8.6,   0.67137, 2,    147.294, -128.6,   0.67137, 3,    147.294,  111.4,   0.67137
"SCN_CN15_9245_CEI109_BT_FZ7003", 0.38, 1,    147.224,   -8.7,   0.67105, 2,    147.224, -128.7,   0.67105, 3,    147.224,  111.3,   0.67105
"SCN_CN15_9547_CEI109_BT_FX2538", 0.38, 1,    149.353,   -8.3,   0.68076, 2,    149.353, -128.3,   0.68076, 3,    149.353,  111.7,   0.68076
"SCN_CN15_9570_CEI109_BT_FX2453", 0.38, 1,    148.671,   -8.4,   0.67764, 2,     148.67, -128.4,   0.67764, 3,     148.67,  111.6,   0.67764
"SCN_CN15_9003_CEI076_BT_FX0673", 0.38, 1,    162.243,   -6.9,   0.73951, 2,    162.242, -126.9,   0.73951, 3,    162.242,  113.1,   0.73951
"SCN_CN15_9020_CEI075_BT_FZ0734", 0.38, 1,    150.343,   -7.8,   0.68527, 2,    150.343, -127.8,   0.68527, 3,    150.343,  112.2,   0.68527
"SCN_CN15_9199_CEI77A_ATV_BT_FIC1336", 0.38, 1,    206.553,   -3.8,   0.94147, 2,    206.553, -123.8,   0.94147, 3,    206.553,  116.2,   0.94147
"SCN_CN15_9200_CEI77A_ATV_BT_FP7913", 0.38, 1,    197.101,   -4.7,   0.89839, 2,    197.101, -124.7,   0.89839, 3,    197.101,  115.3,   0.89839
"SCN_CN15_9092_CEI77A_ATV_BT_FM0378", 0.38, 1,    183.855,   -5.5,   0.83802, 2,    183.855, -125.5,   0.83802, 3,    183.855,  114.5,   0.83802
"SCN_CN15_9058_CEI071_BT_FX4285", 0.38, 1,    171.278,   -6.4,   0.78069, 2,    171.278, -126.4,   0.78069, 3,    171.278,  113.6,   0.78069
"SCN_CN15_9070_CEIRJ006_ATV_BT_FP3432", 0.38, 1,    145.878,   -8.8,   0.66492, 2,    145.878, -128.8,   0.66492, 3,    145.878,  111.2,   0.66491
"SCN_CN15_9071_CEI201_ATV_BT_FX8727", 0.38, 1,    146.333,   -8.8,   0.66699, 2,    146.333, -128.8,   0.66699, 3,    146.333,  111.2,   0.66699
"SCN_CN15_9071_CEI230_ATV_BT_FT4309", 0.38, 1,    150.262,   -7.8,    0.6849, 2,    150.262, -127.8,    0.6849, 3,    150.262,  112.2,    0.6849
"SCN_CN15_9071_CEI77A_ATV_BT_FP1055", 0.38, 1,    182.984,   -5.5,   0.83405, 2,    182.984, -125.5,   0.83405, 3,    182.984,  114.5,   0.83405
"SCN_CN15_9071_CEIRJ006_ATV_BT_FX4147", 0.38, 1,    145.882,   -8.8,   0.66493, 2,    145.882, -128.8,   0.66493, 3,    145.882,  111.2,   0.66493
"SCN_CN15_9072_CEI148_ATV_BT_FT4531", 0.38, 1,    152.532,   -7.7,   0.69524, 2,    152.531, -127.7,   0.69524, 3,    152.531,  112.3,   0.69524
"SCN_CN15_9074_CEI148_ATV_BT_FT4703", 0.38, 1,    152.533,   -7.7,   0.69525, 2,    152.532, -127.7,   0.69525, 3,    152.532,  112.3,   0.69525
"SCN_CN15_9075_CEI131_ATV_BT_FP0963", 0.38, 1,    149.011,   -8.3,   0.67919, 2,     149.01, -128.3,   0.67919, 3,     149.01,  111.7,   0.67919
"SCN_CN15_9075_CEI201_ATV_BT_FX4479", 0.38, 1,    145.841,   -8.9,   0.66475, 2,     145.84, -128.9,   0.66474, 3,     145.84,  111.1,   0.66474
"SCN_CN15_9075_CEI220_ATV_BT_FP0952", 0.38, 1,    150.197,   -8.2,    0.6846, 2,    150.197, -128.2,    0.6846, 3,    150.197,  111.8,    0.6846
"SCN_CN15_9076_CEI77A_ATV_BT_FIC1291", 0.38, 1,    182.858,   -5.5,   0.83347, 2,    182.858, -125.5,   0.83347, 3,    182.858,  114.5,   0.83347
"SCN_CN15_9040_CEI068_BT_FZ0145", 0.38, 1,    161.656,   -6.9,   0.73683, 2,    161.656, -126.9,   0.73683, 3,    161.656,  113.1,   0.73683
"SCN_CN15_9077_CEI068_BT_FZ2493", 0.38, 1,    162.025,   -6.9,   0.73852, 2,    162.025, -126.9,   0.73851, 3,    162.025,  113.1,   0.73851
"SCN_CN15_9078_CEI074_BT_FZ3293", 0.38, 1,    149.394,   -7.9,   0.68094, 2,    149.394, -127.9,   0.68094, 3,    149.394,  112.1,   0.68094
"SCN_CN15_9078_CEI230_ATV_BT_FP0931", 0.38, 1,    150.278,   -7.8,   0.68497, 2,    150.278, -127.8,   0.68497, 3,    150.278,  112.2,   0.68497
"SCN_CN15_9082_CEI201_ATV_BT_FIC1296", 0.38, 1,    152.549,   -7.7,   0.69532, 2,    152.548, -127.7,   0.69532, 3,    152.548,  112.3,   0.69532
"SCN_CN15_9079_CEI77A_ATV_BT_FX2426", 0.38, 1,    182.824,   -5.5,   0.83332, 2,    182.824, -125.5,   0.83332, 3,    182.824,  114.5,   0.83332
"SCN_CN15_9080_CEI131_ATV_BT_FT1998", 0.38, 1,    148.906,   -8.3,   0.67872, 2,    148.906, -128.3,   0.67872, 3,    148.906,  111.7,   0.67872
"SCN_CN15_9080_CEI201_ATV_BT_FP5721", 0.38, 1,    152.548,   -7.7,   0.69532, 2,    152.548, -127.7,   0.69532, 3,    152.548,  112.3,   0.69532
"SCN_CN15_9082_CEI220_ATV_BT_FT4747", 0.38, 1,    150.324,   -8.2,   0.68518, 2,    150.323, -128.2,   0.68518, 3,    150.323,  111.8,   0.68518
"SCN_CN15_9082_CEI77A_ATV_BT_FF0601", 0.38, 1,    183.103,   -5.5,   0.83459, 2,    183.103, -125.5,   0.83459, 3,    183.103,  114.5,   0.83459
"SCN_CN15_9084_CEI071_BT_FIC1297", 0.38, 1,    171.249,   -6.4,   0.78056, 2,    171.248, -126.4,   0.78056, 3,    171.248,  113.6,   0.78056
"SCN_CN15_9038_CEI77A_ATV_BT_FP0916", 0.38, 1,    183.406,   -5.5,   0.83597, 2,    183.406, -125.5,   0.83597, 3,    183.406,  114.5,   0.83597
"SCN_CN15_9416_CEI109_BT_FT4129", 0.38, 1,    147.041,   -8.7,   0.67022, 2,    147.041, -128.7,   0.67022, 3,    147.041,  111.3,   0.67022
"SCN_CN15_9028_CEI148A_ATV_BT_FU0372", 0.38, 1,    145.843,   -8.9,   0.66475, 2,    145.842, -128.9,   0.66475, 3,    145.842,  111.1,   0.66475
"SCN_CN15_9028_CEI167_ATV_BT_FF1964", 0.38, 1,    182.864,   -5.5,    0.8335, 2,    182.864, -125.5,    0.8335, 3,    182.864,  114.5,    0.8335
"SCN_CN15_9028_CEI201_ATV_BT_FW2876", 0.38, 1,    146.274,   -8.8,   0.66672, 2,    146.274, -128.8,   0.66672, 3,    146.274,  111.2,   0.66672
"SCN_CN15_9028_CEI220_ATV_BT_FT4797", 0.38, 1,    147.179,   -8.7,   0.67085, 2,    147.179, -128.7,   0.67084, 3,    147.179,  111.3,   0.67084
"SCN_CN15_9028_CEI69A_BT_FZ2483", 0.38, 1,    145.804,   -8.9,   0.66458, 2,    145.803, -128.9,   0.66458, 3,    145.803,  111.1,   0.66458
"SCN_CN15_9029_CEI077_ATV_BT_FP0897", 0.38, 1,    183.444,   -5.5,   0.83614, 2,    183.444, -125.5,   0.83614, 3,    183.444,  114.5,   0.83614
"SCN_CN15_9029_CEI134B_ATV_BT_FT2705", 0.38, 1,    148.314,   -8.4,   0.67602, 2,    148.314, -128.4,   0.67602, 3,    148.314,  111.6,   0.67602
"SCN_CN15_9466_CEI109_BT_FX0201", 0.38, 1,    147.928,   -8.5,   0.67426, 2,    147.928, -128.5,   0.67426, 3,    147.928,  111.5,   0.67426
"SCN_CN15_9480_CEI109_BT_FZ3481", 0.38, 1,    146.444,   -8.8,    0.6675, 2,    146.444, -128.8,    0.6675, 3,    146.444,  111.2,    0.6675
"SCN_CN15_9488_CEI109_BT_FX2217", 0.38, 1,    146.422,   -8.8,    0.6674, 2,    146.422, -128.8,    0.6674, 3,    146.422,  111.2,   0.66739
"SCN_CN15_9489_CEI109_BT_FX2216", 0.38, 1,    146.422,   -8.8,   0.66739, 2,    146.421, -128.8,   0.66739, 3,    146.421,  111.2,   0.66739
"SCN_CN15_9026_CEI074_BT_FZ1688", 0.38, 1,    149.352,   -7.9,   0.68075, 2,    149.351, -127.9,   0.68075, 3,    149.351,  112.1,   0.68075
"SCN_CN15_9098_CEI072_BT_FX8503", 0.38, 1,    178.655,   -5.8,   0.81431, 2,    178.655, -125.8,   0.81431, 3,    178.655,  114.2,   0.81431
"SCN_CN15_9062_CEI071_BT_FZ5926", 0.38, 1,     171.26,   -6.4,   0.78061, 2,    171.259, -126.4,   0.78061, 3,    171.259,  113.6,   0.78061
"SCN_CN15_9263_CEI109_BT_FZ7002", 0.38, 1,    147.205,   -8.7,   0.67096, 2,    147.204, -128.7,   0.67096, 3,    147.204,  111.3,   0.67096
"SCN_CN15_9085_CEI201_ATV_BT_FX0258", 0.38, 1,     152.55,   -7.7,   0.69533, 2,     152.55, -127.7,   0.69533, 3,     152.55,  112.3,   0.69533
"SCN_CN15_9085_CEI77A_ATV_BT_FIC1299", 0.38, 1,    183.105,   -5.5,    0.8346, 2,    183.105, -125.5,    0.8346, 3,    183.105,  114.5,    0.8346
"SCN_CN15_9087_CEI109_BT_FX0206", 0.38, 1,    148.938,   -8.3,   0.67886, 2,    148.938, -128.3,   0.67886, 3,    148.938,  111.7,   0.67886
"SCN_CN15_9069_CEI77A_ATV_BT_FP0909", 0.38, 1,    183.004,   -5.5,   0.83414, 2,    183.004, -125.5,   0.83414, 3,    183.004,  114.5,   0.83414
"SCN_CN15_9070_CEI201_ATV_BT_FP1476", 0.38, 1,    146.401,   -8.8,    0.6673, 2,    146.401, -128.8,    0.6673, 3,    146.401,  111.2,    0.6673
"SCN_CN15_9083_CEI148_ATV_BT_FM0409", 0.38, 1,    145.958,   -8.8,   0.66528, 2,    145.958, -128.8,   0.66528, 3,    145.958,  111.2,   0.66528
"SCN_CN15_9504_CEI109_BT_FZ1042", 0.38, 1,    146.398,   -8.8,   0.66729, 2,    146.398, -128.8,   0.66729, 3,    146.398,  111.2,   0.66729
"SCN_CN15_9055_CEI201_ATV_BT_FZ6977", 0.38, 1,     152.53,   -7.7,   0.69524, 2,     152.53, -127.7,   0.69524, 3,     152.53,  112.3,   0.69523
"SCN_CN15_9212_CEI77A_ATV_BT_FP5957", 0.38, 1,    197.096,   -4.7,   0.89837, 2,    197.096, -124.7,   0.89837, 3,    197.096,  115.3,   0.89837
"SCN_CN15_9031_CEI077_ATV_BT_FIC1252", 0.38, 1,    183.447,   -5.5,   0.83616, 2,    183.447, -125.5,   0.83616, 3,    183.447,  114.5,   0.83616
"SCN_CN15_9030_CEI134C_ATV_BT_FT4720", 0.38, 1,    148.173,   -8.4,   0.67538, 2,    148.173, -128.4,   0.67537, 3,    148.173,  111.6,   0.67537
"SCN_CN15_9033_CEI072_BT_FX3800", 0.38, 1,    174.153,   -6.1,    0.7938, 2,    174.153, -126.1,   0.79379, 3,    174.153,  113.9,   0.79379
"SCN_CN15_9033_CEI074_BT_FT4540", 0.38, 1,    149.387,   -7.9,   0.68091, 2,    149.386, -127.9,   0.68091, 3,    149.386,  112.1,   0.68091
"SCN_CN15_9033_CEI076_BT_FM1167", 0.38, 1,    161.995,   -7.0,   0.73838, 2,    161.995, -127.0,   0.73838, 3,    161.995,  113.0,   0.73838
"SCN_CN15_9062_CEIRJ006_ATV_BT_FT4337", 0.38, 1,     149.37,   -7.9,   0.68083, 2,     149.37, -127.9,   0.68083, 3,     149.37,  112.1,   0.68083
"SCN_CN15_9004_CEI160A_ATV_BT_FZ1178", 0.38, 1,    148.219,   -8.4,   0.67559, 2,    148.219, -128.4,   0.67559, 3,    148.219,  111.6,   0.67559
"SCN_CN15_9088_CEI201_ATV_BT_FM0467", 0.38, 1,    152.889,   -7.7,   0.69687, 2,    152.888, -127.7,   0.69687, 3,    152.888,  112.3,   0.69687
"SCN_CN15_9089_CEI148_ATV_BT_FZ0352", 0.38, 1,      145.9,   -8.8,   0.66502, 2,      145.9, -128.8,   0.66501, 3,      145.9,  111.2,   0.66501
"SCN_CN15_9090_CEI072_BT_FX8571", 0.38, 1,    177.932,   -5.9,   0.81102, 2,    177.932, -125.9,   0.81102, 3,    177.932,  114.1,   0.81102
"SCN_CN15_9269_CEI109_BT_FX2235", 0.38, 1,    148.447,   -8.5,   0.67662, 2,    148.447, -128.5,   0.67662, 3,    148.447,  111.5,   0.67662
"SCN_CN15_9300_CEI250_ATV_BT_FT4707", 0.38, 1,     172.35,   -6.3,   0.78558, 2,     172.35, -126.3,   0.78558, 3,     172.35,  113.7,   0.78558
"SCN_CN15_9280_CEI250_ATV_BT_FP8842", 0.38, 1,     170.54,   -6.4,   0.77732, 2,    170.539, -126.4,   0.77732, 3,    170.539,  113.6,   0.77732
"SCN_CN15_9284_CEI250_ATV_BT_FIC1354", 0.38, 1,    170.812,   -6.4,   0.77857, 2,    170.812, -126.4,   0.77857, 3,    170.812,  113.6,   0.77857
"SCN_CN15_9090_CEI230_ATV_BT_FP0932", 0.38, 1,    150.271,   -7.8,   0.68494, 2,    150.271, -127.8,   0.68494, 3,    150.271,  112.2,   0.68494
"SCN_CN15_9090_CEI77A_ATV_BT_FT4553", 0.38, 1,    183.652,   -5.5,   0.83709, 2,    183.652, -125.5,   0.83709, 3,    183.652,  114.5,   0.83709
"SCN_CN15_9113_CEI77A_ATV_BT_FIC1311", 0.38, 1,    183.918,   -5.5,    0.8383, 2,    183.918, -125.5,    0.8383, 3,    183.918,  114.5,    0.8383
"SCN_CN15_9092_CEI148_ATV_BT_FZ3218", 0.38, 1,      145.9,   -8.8,   0.66502, 2,      145.9, -128.8,   0.66502, 3,      145.9,  111.2,   0.66502
"SCN_CN15_9291_CEI250_ATV_BT_FZ7535", 0.38, 1,     169.97,   -6.4,   0.77473, 2,     169.97, -126.4,   0.77473, 3,     169.97,  113.6,   0.77473
"SCN_CN15_9320_CEI109_BT_FT4514", 0.38, 1,    147.306,   -8.6,   0.67142, 2,    147.305, -128.6,   0.67142, 3,    147.305,  111.4,   0.67142
"SCN_CN15_9090_CEI220_ATV_BT_FT4746", 0.38, 1,    150.336,   -8.2,   0.68523, 2,    150.335, -128.2,   0.68523, 3,    150.336,  111.8,   0.68523
"SCN_CN15_9075_CEI230_ATV_BT_FF0617", 0.38, 1,    150.285,   -7.8,     0.685, 2,    150.284, -127.8,     0.685, 3,    150.284,  112.2,     0.685
"SCN_CN15_9041_CEIRJ006_ATV_BT_FX0253", 0.38, 1,    183.537,   -5.5,   0.83657, 2,    183.537, -125.5,   0.83657, 3,    183.537,  114.5,   0.83657
"SCN_CN15_9057_CEI072_BT_FX4665", 0.38, 1,    175.602,   -6.0,    0.8004, 2,    175.602, -126.0,    0.8004, 3,    175.602,  114.0,    0.8004
"SCN_CN15_9147_CEI201_ATV_BT_FX2167", 0.38, 1,    153.999,   -7.6,   0.70193, 2,    153.999, -127.6,   0.70193, 3,    153.999,  112.4,   0.70193
"SCN_CN15_9043_CEI130_ATV_BT_FIC1266", 0.38, 1,    152.645,   -7.9,   0.69576, 2,    152.644, -127.9,   0.69576, 3,    152.644,  112.1,   0.69576
"SCN_CN15_9043_CEI77A_ATV_BT_FP0917", 0.38, 1,    183.402,   -5.5,   0.83595, 2,    183.402, -125.5,   0.83595, 3,    183.402,  114.5,   0.83595
"SCN_CN15_9044_CEI148_ATV_BT_FU4754", 0.38, 1,    152.572,   -7.7,   0.69543, 2,    152.572, -127.7,   0.69543, 3,    152.572,  112.3,   0.69543
"SCN_CN15_9046_CEI250_ATV_BT_FZ4924", 0.38, 1,    162.504,   -6.9,    0.7407, 2,    162.504, -126.9,    0.7407, 3,    162.504,  113.1,    0.7407
"SCN_CN15_9045_CEI130A_ATV_BT_FP0925", 0.38, 1,    161.426,   -7.0,   0.73579, 2,    161.426, -127.0,   0.73578, 3,    161.426,  113.0,   0.73578
"SCN_CN15_9045_CEIRJ006_ATV_BT_FP4393", 0.38, 1,    183.531,   -5.5,   0.83654, 2,    183.531, -125.5,   0.83654, 3,    183.531,  114.5,   0.83654
"SCN_CN15_9046_CEI075_BT_FZ2701", 0.38, 1,    150.278,   -7.8,   0.68497, 2,    150.278, -127.8,   0.68497, 3,    150.278,  112.2,   0.68497
"SCN_CN15_9046_CEI148A_ATV_BT_FX4501", 0.38, 1,    146.243,   -8.8,   0.66658, 2,    146.243, -128.8,   0.66658, 3,    146.243,  111.2,   0.66658
"SCN_CN15_9030_CEI230B_ATV_BT_FX0998", 0.38, 1,    149.481,   -7.9,   0.68134, 2,    149.481, -127.9,   0.68134, 3,    149.481,  112.1,   0.68134
"SCN_CN15_9030_CEI77A_ATV_BT_FF0609", 0.38, 1,    183.433,   -5.5,   0.83609, 2,    183.433, -125.5,   0.83609, 3,    183.433,  114.5,   0.83609
"SCN_CN15_9031_CEI220_ATV_BT_FX2329", 0.38, 1,    148.923,   -8.3,   0.67879, 2,    148.922, -128.3,   0.67879, 3,    148.922,  111.7,   0.67879
"SCN_CN15_9033_CEI230B_ATV_BT_FX2129", 0.38, 1,    149.427,   -7.9,   0.68109, 2,    149.427, -127.9,   0.68109, 3,    149.427,  112.1,   0.68109
"SCN_CN15_9033_CEI77A_ATV_BT_FP0913", 0.38, 1,    183.426,   -5.5,   0.83606, 2,    183.426, -125.5,   0.83606, 3,    183.426,  114.5,   0.83606
"SCN_CN15_9033_CEIRJ006_ATV_BT_FX2578", 0.38, 1,    183.347,   -5.5,    0.8357, 2,    183.347, -125.5,    0.8357, 3,    183.347,  114.5,    0.8357
"SCN_CN15_9061_CEIRJ006_ATV_BT_FT6096", 0.38, 1,    149.326,   -8.0,   0.68063, 2,    149.326, -128.0,   0.68063, 3,    149.326,  112.0,   0.68063
"SCN_CN15_9010_CEI121_BT_FZ0575", 0.38, 1,     148.82,   -8.3,   0.67833, 2,     148.82, -128.3,   0.67832, 3,     148.82,  111.7,   0.67832
"SCN_CN15_9011_CEI072_BT_FX3393", 0.38, 1,    174.195,   -6.1,   0.79398, 2,    174.195, -126.1,   0.79398, 3,    174.195,  113.9,   0.79398
"SCN_CN15_9094_CEI070_BT_FX8595", 0.38, 1,    168.446,   -6.5,   0.76778, 2,    168.446, -126.5,   0.76778, 3,    168.446,  113.5,   0.76778
"SCN_CN15_9094_CEI148_ATV_BT_FX0252", 0.38, 1,    146.265,   -8.8,   0.66668, 2,    146.265, -128.8,   0.66668, 3,    146.265,  111.2,   0.66668
"SCN_CN15_9095_CEI131_ATV_BT_FP0954", 0.38, 1,    149.545,   -8.3,   0.68163, 2,    149.544, -128.3,   0.68163, 3,    149.544,  111.7,   0.68163
"SCN_CN15_9095_CEI230_ATV_BT_FF0616", 0.38, 1,    152.099,   -7.7,   0.69327, 2,    152.099, -127.7,   0.69327, 3,    152.099,  112.3,   0.69327
"SCN_CN15_9096_CEI148_ATV_BT_FP4396", 0.38, 1,    146.264,   -8.8,   0.66667, 2,    146.264, -128.8,   0.66667, 3,    146.264,  111.2,   0.66667
"SCN_CN15_9096_CEI77A_ATV_BT_FM0378F", 0.38, 1,    183.969,   -5.5,   0.83854, 2,    183.969, -125.5,   0.83854, 3,    183.969,  114.5,   0.83854
"SCN_CN15_9302_CEI109_BT_FT4704", 0.38, 1,    147.444,   -8.6,   0.67205, 2,    147.444, -128.6,   0.67205, 3,    147.444,  111.4,   0.67205
"SCN_CN15_9093_CEI076_BT_FX5102", 0.38, 1,    183.536,   -5.5,   0.83656, 2,    183.535, -125.5,   0.83656, 3,    183.536,  114.5,   0.83656
"SCN_CN15_9093_CEI109_BT_FX0204", 0.38, 1,    148.947,   -8.3,    0.6789, 2,    148.947, -128.3,    0.6789, 3,    148.947,  111.7,    0.6789
"SCN_CN15_9101_CEI201_ATV_BT_FT4530", 0.38, 1,    152.517,   -7.8,   0.69518, 2,    152.517, -127.8,   0.69518, 3,    152.517,  112.2,   0.69518
"SCN_CN15_9110_CEI201_ATV_BT_FX2148", 0.38, 1,    152.528,   -7.8,   0.69523, 2,    152.528, -127.8,   0.69523, 3,    152.528,  112.2,   0.69523
"SCN_CN15_9093_CEI148_ATV_BT_FX2946", 0.38, 1,    146.268,   -8.8,   0.66669, 2,    146.267, -128.8,   0.66669, 3,    146.267,  111.2,   0.66669
"SCN_CN15_9061_CEI77A_ATV_BT_FX5275", 0.38, 1,    183.258,   -5.5,    0.8353, 2,    183.258, -125.5,    0.8353, 3,    183.258,  114.5,    0.8353
"SCN_CN15_9159_CEI068_BT_FP1477", 0.38, 1,    162.369,   -6.9,   0.74008, 2,    162.368, -126.9,   0.74008, 3,    162.368,  113.1,   0.74008
"SCN_CN15_9159_CEI230_ATV_BT_FF0624", 0.38, 1,    149.633,   -7.9,   0.68203, 2,    149.633, -127.9,   0.68203, 3,    149.633,  112.1,   0.68203
"SCN_CN15_9162_CEI230_ATV_BT_FX4159", 0.38, 1,    149.736,   -7.9,    0.6825, 2,    149.736, -127.9,    0.6825, 3,    149.736,  112.1,    0.6825
"SCN_CN15_9162_CEI77A_ATV_BT_FT4732", 0.38, 1,    192.235,   -5.0,   0.87621, 2,    192.235, -125.0,   0.87621, 3,    192.235,  115.0,   0.87621
"SCN_CN15_9163_CEI109_BT_FF0655", 0.38, 1,    147.182,   -8.7,   0.67086, 2,    147.182, -128.7,   0.67086, 3,    147.182,  111.3,   0.67086
"SCN_CN15_9163_CEI230_ATV_BT_FP5989", 0.38, 1,    149.768,   -7.9,   0.68265, 2,    149.768, -127.9,   0.68265, 3,    149.768,  112.1,   0.68265
"SCN_CN15_9003_CEI077_BT_FIC1325", 0.38, 1,    196.022,   -4.7,   0.89347, 2,    196.022, -124.7,   0.89347, 3,    196.022,  115.3,   0.89347
"SCN_CN15_9168_CEI230_ATV_BT_FX2120", 0.38, 1,    150.153,   -7.8,    0.6844, 2,    150.153, -127.8,    0.6844, 3,    150.153,  112.2,    0.6844
"SCN_CN15_9166_CEI068_BT_FIC1324", 0.38, 1,    158.278,   -7.2,   0.72143, 2,    158.278, -127.2,   0.72143, 3,    158.278,  112.8,   0.72143
"SCN_CN15_9166_CEI230_ATV_BT_FX2356", 0.38, 1,    149.962,   -7.9,   0.68353, 2,    149.962, -127.9,   0.68353, 3,    149.962,  112.1,   0.68353
"SCN_CN15_9167_CEI230_ATV_BT_FX2116", 0.38, 1,     150.09,   -7.8,   0.68412, 2,     150.09, -127.8,   0.68412, 3,     150.09,  112.2,   0.68412
"SCN_CN15_9169_CEI068_BT_FP6305", 0.38, 1,    158.464,   -7.2,   0.72229, 2,    158.464, -127.2,   0.72228, 3,    158.464,  112.8,   0.72228
"SCN_CN15_9169_CEI230_ATV_BT_FX4158", 0.38, 1,    150.418,   -7.8,   0.68561, 2,    150.418, -127.8,   0.68561, 3,    150.418,  112.2,   0.68561
"SCN_CN15_9170_CEI230_ATV_BT_FF1210", 0.38, 1,    150.274,   -7.8,   0.68495, 2,    150.274, -127.8,   0.68495, 3,    150.274,  112.2,   0.68495
"SCN_CN15_9170_CEI69B_BT_FX8344", 0.38, 1,    153.137,   -7.7,     0.698, 2,    153.136, -127.7,     0.698, 3,    153.136,  112.3,     0.698
"SCN_CN15_9171_CEI69A_BT_FX4290", 0.38, 1,    145.993,   -8.8,   0.66544, 2,    145.992, -128.8,   0.66544, 3,    145.992,  111.2,   0.66544
"SCN_CN15_9172_CEI068_BT_FZ2491", 0.38, 1,    159.579,   -7.1,   0.72736, 2,    159.578, -127.1,   0.72736, 3,    159.578,  112.9,   0.72736
"SCN_CN15_9172_CEI69B_BT_FZ0594", 0.38, 1,    153.127,   -7.7,   0.69796, 2,    153.127, -127.7,   0.69796, 3,    153.127,  112.3,   0.69796
"SCN_CN15_9310_CEI109_BT_FX4152", 0.38, 1,     147.31,   -8.6,   0.67144, 2,    147.309, -128.6,   0.67144, 3,    147.309,  111.4,   0.67144
"SCN_CN15_9319_CEI068_BT_FIC1359", 0.38, 1,    162.248,   -6.9,   0.73953, 2,    162.248, -126.9,   0.73953, 3,    162.248,  113.1,   0.73953
"SCN_CN15_9325_CEI250_ATV_BT_FZ7008", 0.38, 1,    171.258,   -6.4,    0.7806, 2,    171.258, -126.4,    0.7806, 3,    171.258,  113.6,    0.7806
"SCN_CN15_9034_CEI160_ATV_BT_FT4708", 0.38, 1,    152.532,   -7.7,   0.69524, 2,    152.532, -127.7,   0.69524, 3,    152.532,  112.3,   0.69524
"SCN_CN15_9035_CEI148_ATV_BT_FX5452", 0.38, 1,    152.608,   -7.7,   0.69559, 2,    152.608, -127.7,   0.69559, 3,    152.608,  112.3,   0.69559
"SCN_CN15_9035_CEI148A_ATV_BT_FX2929", 0.38, 1,    145.874,   -8.8,    0.6649, 2,    145.874, -128.8,    0.6649, 3,    145.874,  111.2,    0.6649
"SCN_CN15_9035_CEI160_ATV_BT_FT4574", 0.38, 1,    153.122,   -7.7,   0.69793, 2,    153.122, -127.7,   0.69793, 3,    153.122,  112.3,   0.69793
"SCN_CN15_9035_CEI230B_ATV_BT_FF0619", 0.38, 1,    149.405,   -7.9,   0.68099, 2,    149.405, -127.9,   0.68099, 3,    149.405,  112.1,   0.68099
"SCN_CN15_9036_CEI134B_ATV_BT_FP0960", 0.38, 1,    148.255,   -8.4,   0.67575, 2,    148.255, -128.4,   0.67575, 3,    148.255,  111.6,   0.67575
"SCN_CN15_9036_CEI134C_ATV_BT_FIC1259", 0.38, 1,    148.166,   -8.4,   0.67534, 2,    148.166, -128.4,   0.67534, 3,    148.166,  111.6,   0.67534
"SCN_CN15_9173_CEI230_ATV_BT_FX2214", 0.38, 1,    150.279,   -7.8,   0.68497, 2,    150.278, -127.8,   0.68497, 3,    150.278,  112.2,   0.68497
"SCN_CN15_9173_CEI77A_ATV_BT_FIC1327", 0.38, 1,     197.08,   -4.7,    0.8983, 2,     197.08, -124.7,    0.8983, 3,     197.08,  115.3,    0.8983
"SCN_CN15_9187_CEI230_ATV_BT_FT6094", 0.38, 1,    149.331,   -8.0,   0.68066, 2,    149.331, -128.0,   0.68065, 3,    149.331,  112.0,   0.68065
"SCN_CN15_9175_CEI77A_ATV_BT_FX1136", 0.38, 1,    197.078,   -4.7,   0.89829, 2,    197.078, -124.7,   0.89829, 3,    197.078,  115.3,   0.89829
"SCN_CN15_9176_CEI69B_BT_FX2145", 0.38, 1,    153.155,   -7.7,   0.69808, 2,    153.155, -127.7,   0.69808, 3,    153.155,  112.3,   0.69808
"SCN_CN15_9176_CEI77A_ATV_BT_FP0903", 0.38, 1,    197.073,   -4.7,   0.89826, 2,    197.073, -124.7,   0.89826, 3,    197.073,  115.3,   0.89826
"SCN_CN15_9361_CEI109_BT_FIC1365", 0.38, 1,    146.207,   -8.8,   0.66641, 2,    146.206, -128.8,   0.66641, 3,    146.206,  111.2,   0.66641
"SCN_CN15_9005_CEI220_ATV_BT_FIC1213", 0.38, 1,    153.127,   -7.7,   0.69796, 2,    153.127, -127.7,   0.69796, 3,    153.127,  112.3,   0.69796
"SCN_CN15_9005_CEI230B_ATV_BT_FX4161", 0.38, 1,    149.352,   -7.9,   0.68075, 2,    149.351, -127.9,   0.68075, 3,    149.351,  112.1,   0.68075
"SCN_CN15_9006_CEI120_BT_FT4752", 0.38, 1,    150.227,   -8.2,   0.68474, 2,    150.227, -128.2,   0.68474, 3,    150.227,  111.8,   0.68474
"SCN_CN15_9006_CEI134A_ATV_BT_FP6171", 0.38, 1,    148.842,   -8.3,   0.67843, 2,    148.842, -128.3,   0.67843, 3,    148.842,  111.7,   0.67843
"SCN_CN15_9006_CEI230B_ATV_BT_FX9011", 0.38, 1,    149.403,   -7.9,   0.68098, 2,    149.403, -127.9,   0.68098, 3,    149.403,  112.1,   0.68098
"SCN_CN15_9062_CEI201_ATV_BT_FX2278", 0.38, 1,     146.75,   -8.7,   0.66889, 2,    146.749, -128.7,   0.66889, 3,    146.749,  111.3,   0.66889
"SCN_CN15_9063_CEIRJ006_ATV_BT_FF0628", 0.38, 1,    149.421,   -7.9,   0.68106, 2,     149.42, -127.9,   0.68106, 3,     149.42,  112.1,   0.68106
"SCN_CN15_9064_CEI201_ATV_BT_FT4512", 0.38, 1,     146.75,   -8.7,   0.66889, 2,    146.749, -128.7,   0.66889, 3,    146.749,  111.3,   0.66889
"SCN_CN15_9039_CEI201_ATV_BT_FIC1264", 0.38, 1,    146.361,   -8.8,   0.66712, 2,    146.361, -128.8,   0.66712, 3,    146.361,  111.2,   0.66712
"SCN_CN15_9039_CEI69B_BT_FX4761", 0.38, 1,    154.173,   -7.6,   0.70273, 2,    154.173, -127.6,   0.70272, 3,    154.173,  112.4,   0.70272
"SCN_CN15_9047_CEI77A_ATV_BT_FP4289", 0.38, 1,    183.438,   -5.5,   0.83612, 2,    183.438, -125.5,   0.83612, 3,    183.438,  114.5,   0.83612
"SCN_CN15_9040_CEI220_ATV_BT_FT3432", 0.38, 1,    148.925,   -8.3,    0.6788, 2,    148.925, -128.3,    0.6788, 3,    148.925,  111.7,    0.6788
"SCN_CN15_9084_CEI148_ATV_BT_FP8447", 0.38, 1,    145.943,   -8.8,   0.66521, 2,    145.942, -128.8,   0.66521, 3,    145.942,  111.2,   0.66521
"SCN_CN15_9087_CEI230_ATV_BT_FP3973", 0.38, 1,     150.27,   -7.8,   0.68493, 2,     150.27, -127.8,   0.68493, 3,     150.27,  112.2,   0.68493
"SCN_CN15_9066_CEI070_BT_FX2661", 0.38, 1,    166.807,   -6.6,   0.76031, 2,    166.807, -126.6,   0.76031, 3,    166.807,  113.4,   0.76031
"SCN_CN15_9066_CEI148_ATV_BT_FZ2485", 0.38, 1,    152.538,   -7.7,   0.69527, 2,    152.538, -127.7,   0.69527, 3,    152.538,  112.3,   0.69527
"SCN_CN15_9066_CEI77A_ATV_BT_FP1047", 0.38, 1,    183.119,   -5.5,   0.83466, 2,    183.119, -125.5,   0.83466, 3,    183.119,  114.5,   0.83466
"SCN_CN15_9007_CEI075_BT_FZ2700", 0.38, 1,    150.496,   -7.8,   0.68597, 2,    150.496, -127.8,   0.68596, 3,    150.496,  112.2,   0.68596
"SCN_CN15_9007_CEI077_ATV_BT_FT1871", 0.38, 1,    181.186,   -5.6,   0.82585, 2,    181.186, -125.6,   0.82585, 3,    181.186,  114.4,   0.82585
"SCN_CN15_9007_CEI134_ATV_BT_FX9367", 0.38, 1,    148.834,   -8.3,   0.67839, 2,    148.833, -128.3,   0.67839, 3,    148.833,  111.7,   0.67839
"SCN_CN15_9009_CEI148_ATV_BT_FP3985", 0.38, 1,    152.829,   -7.7,    0.6966, 2,    152.829, -127.7,    0.6966, 3,    152.829,  112.3,    0.6966
"SCN_CN15_9009_CEI148A_ATV_BT_FIC1220", 0.38, 1,    145.734,   -8.9,   0.66426, 2,    145.734, -128.9,   0.66426, 3,    145.734,  111.1,   0.66426
"SCN_CN15_9009_CEI230_ATV_BT_FX4746F", 0.38, 1,    183.605,   -5.5,   0.83688, 2,    183.605, -125.5,   0.83688, 3,    183.605,  114.5,   0.83688
"SCN_CN15_9010_CEI134_ATV_BT_FX4289", 0.38, 1,    148.801,   -8.3,   0.67824, 2,    148.801, -128.3,   0.67824, 3,    148.801,  111.7,   0.67824
"SCN_CN15_9010_CEI134C_ATV_BT_FP5934", 0.38, 1,    148.225,   -8.4,   0.67561, 2,    148.225, -128.4,   0.67561, 3,    148.225,  111.6,   0.67561
"SCN_CN15_9007_CEI148A_ATV_BT_FIC1215", 0.38, 1,    145.732,   -8.9,   0.66425, 2,    145.731, -128.9,   0.66425, 3,    145.731,  111.1,   0.66425
"SCN_CN15_9007_CEI77A_ATV_BT_FX0796", 0.38, 1,    183.346,   -5.5,    0.8357, 2,    183.346, -125.5,    0.8357, 3,    183.346,  114.5,    0.8357
"SCN_CN15_9008_CEI134A_ATV_BT_FX4153", 0.38, 1,    148.827,   -8.3,   0.67836, 2,    148.827, -128.3,   0.67836, 3,    148.827,  111.7,   0.67836
"SCN_CN15_9010_CEIRJ006_ATV_BT_FZ3668", 0.38, 1,    171.328,   -6.4,   0.78092, 2,    171.327, -126.4,   0.78092, 3,    171.327,  113.6,   0.78092
"SCN_CN15_9011_CEI77A_ATV_BT_FP4599", 0.38, 1,    183.358,   -5.5,   0.83575, 2,    183.357, -125.5,   0.83575, 3,    183.357,  114.5,   0.83575
"SCN_CN15_9015_CEI077_ATV_BT_FF0574", 0.38, 1,    181.972,   -5.6,   0.82943, 2,    181.972, -125.6,   0.82943, 3,    181.972,  114.4,   0.82943
"SCN_CN15_9011_CEIRJ013_ATV_BT_FX2218", 0.38, 1,    146.407,   -8.8,   0.66733, 2,    146.407, -128.8,   0.66733, 3,    146.407,  111.2,   0.66733
"SCN_CN15_9067_CEI201_ATV_BT_FP4175", 0.38, 1,    146.365,   -8.8,   0.66714, 2,    146.365, -128.8,   0.66714, 3,    146.365,  111.2,   0.66714
"SCN_CN15_9068_CEI068_BT_FZ2494", 0.38, 1,    161.912,   -6.9,     0.738, 2,    161.912, -126.9,     0.738, 3,    161.912,  113.1,     0.738
"SCN_CN15_9068_CEI230_ATV_BT_FT1941", 0.38, 1,    150.269,   -7.8,   0.68493, 2,    150.269, -127.8,   0.68493, 3,    150.269,  112.2,   0.68493
"SCN_CN15_9069_CEI148_ATV_BT_FX0646", 0.38, 1,    152.536,   -7.7,   0.69526, 2,    152.535, -127.7,   0.69526, 3,    152.535,  112.3,   0.69526
"SCN_CN15_9069_CEI230_ATV_BT_FP0935", 0.38, 1,    150.265,   -7.8,   0.68491, 2,    150.264, -127.8,   0.68491, 3,    150.264,  112.2,   0.68491
"SCN_CN15_9180_CEI230_ATV_BT_FT6092", 0.38, 1,    149.349,   -7.9,   0.68074, 2,    149.349, -127.9,   0.68074, 3,    149.349,  112.1,   0.68074
"SCN_CN15_9180_CEI77A_ATV_BT_FZ3625", 0.38, 1,    197.064,   -4.7,   0.89822, 2,    197.064, -124.7,   0.89822, 3,    197.064,  115.3,   0.89822
"SCN_CN15_9181_CEI69A_BT_FP4717", 0.38, 1,    153.121,   -7.7,   0.69793, 2,    153.121, -127.7,   0.69793, 3,    153.121,  112.3,   0.69793
"SCN_CN15_9181_CEI77A_ATV_BT_FT4526", 0.38, 1,    197.087,   -4.7,   0.89833, 2,    197.087, -124.7,   0.89833, 3,    197.087,  115.3,   0.89833
"SCN_CN15_9182_CEI230_ATV_BT_FX0938", 0.38, 1,    149.364,   -7.9,   0.68081, 2,    149.364, -127.9,   0.68081, 3,    149.364,  112.1,   0.68081
"SCN_CN15_9182_CEI77A_ATV_BT_FM1323", 0.38, 1,    198.075,   -4.6,   0.90283, 2,    198.075, -124.6,   0.90283, 3,    198.075,  115.4,   0.90283
"SCN_CN15_9183_CEI068_BT_FZ9202", 0.38, 1,    160.964,   -7.0,   0.73368, 2,    160.963, -127.0,   0.73368, 3,    160.963,  113.0,   0.73368
"SCN_CN15_9183_CEI109_BT_FZ7001", 0.38, 1,     147.19,   -8.7,    0.6709, 2,     147.19, -128.7,    0.6709, 3,     147.19,  111.3,    0.6709
"SCN_CN15_9183_CEI230_ATV_BT_FX3541", 0.38, 1,    149.415,   -7.9,   0.68104, 2,    149.415, -127.9,   0.68104, 3,    149.415,  112.1,   0.68104
"SCN_CN15_9185_CEI69A_BT_FIC1329", 0.38, 1,    153.115,   -7.7,    0.6979, 2,    153.115, -127.7,    0.6979, 3,    153.115,  112.3,    0.6979
"SCN_CN15_9195_CEI230_ATV_BT_FIC1335", 0.38, 1,    145.878,   -8.8,   0.66492, 2,    145.878, -128.8,   0.66492, 3,    145.878,  111.2,   0.66492
"SCN_CN15_9390_CEI109_BT_FZ6420", 0.38, 1,    146.473,   -8.8,   0.66763, 2,    146.473, -128.8,   0.66763, 3,    146.473,  111.2,   0.66763
"SCN_CN15_9025_CEI130_ATV_BT_FZ2056", 0.38, 1,    155.818,   -7.4,   0.71022, 2,    155.817, -127.4,   0.71022, 3,    155.817,  112.6,   0.71022
"SCN_CN15_9039_CEI160_ATV_BT_FX4255", 0.38, 1,     183.44,   -5.5,   0.83612, 2,     183.44, -125.5,   0.83612, 3,     183.44,  114.5,   0.83612
"SCN_CN15_9042_CEI160_ATV_BT_FX3836", 0.38, 1,     181.86,   -5.6,   0.82892, 2,     181.86, -125.6,   0.82892, 3,     181.86,  114.4,   0.82892
"SCN_CN15_9004_CEI109_BT_FIC1207", 0.38, 1,    149.486,   -8.3,   0.68136, 2,    149.486, -128.3,   0.68136, 3,    149.486,  111.7,   0.68136
"SCN_CN15_9004_CEI148A_ATV_BT_FX0738", 0.38, 1,    145.729,   -8.9,   0.66424, 2,    145.728, -128.9,   0.66423, 3,    145.728,  111.1,   0.66423
"SCN_CN15_9004_CEI201_ATV_BT_FIC1210", 0.38, 1,    146.179,   -8.8,   0.66629, 2,    146.179, -128.8,   0.66629, 3,    146.179,  111.2,   0.66629
"SCN_CN15_9004_CEI230_ATV_BT_FX4746", 0.38, 1,     183.62,   -5.5,   0.83695, 2,     183.62, -125.5,   0.83694, 3,     183.62,  114.5,   0.83694
"SCN_CN15_9004_CEIRJ012_ATV_BT_FT4308", 0.38, 1,    181.879,   -5.6,   0.82901, 2,    181.879, -125.6,   0.82901, 3,    181.879,  114.4,   0.82901
"SCN_CN15_9098_CEI131_ATV_BT_FIC1304", 0.38, 1,    149.716,   -8.2,   0.68241, 2,    149.716, -128.2,   0.68241, 3,    149.716,  111.8,   0.68241
"SCN_CN15_9099_CEI77A_ATV_BT_FP7441", 0.38, 1,    183.943,   -5.5,   0.83842, 2,    183.943, -125.5,   0.83842, 3,    183.943,  114.5,   0.83842
"SCN_CN15_9100_CEI201_ATV_BT_FP0948", 0.38, 1,    152.516,   -7.8,   0.69517, 2,    152.516, -127.8,   0.69517, 3,    152.516,  112.2,   0.69517
"SCN_CN15_9101_CEI068_BT_FZ2492", 0.38, 1,    162.899,   -6.9,    0.7425, 2,    162.899, -126.9,    0.7425, 3,    162.899,  113.1,    0.7425
"SCN_CN15_9101_CEI109_BT_FX3717", 0.38, 1,     148.94,   -8.3,   0.67887, 2,     148.94, -128.3,   0.67887, 3,     148.94,  111.7,   0.67887
"SCN_CN15_9101_CEI77A_ATV_BT_FX2951", 0.38, 1,    184.147,   -5.5,   0.83935, 2,    184.147, -125.5,   0.83935, 3,    184.147,  114.5,   0.83935
"SCN_CN15_9102_CEI220_ATV_BT_FIC1309", 0.38, 1,     150.39,   -8.2,   0.68548, 2,     150.39, -128.2,   0.68548, 3,     150.39,  111.8,   0.68548
"SCN_CN15_9103_CEI77A_ATV_BT_FP1062", 0.38, 1,      184.2,   -5.5,   0.83959, 2,      184.2, -125.5,   0.83959, 3,      184.2,  114.5,   0.83959
"SCN_CN15_9104_CEI201_ATV_BT_FX2135", 0.38, 1,     152.52,   -7.8,   0.69519, 2,    152.519, -127.8,   0.69519, 3,    152.519,  112.2,   0.69519
"SCN_CN15_9001_CEI134_ATV_BT_FX9367F", 0.38, 1,    148.858,   -8.3,    0.6785, 2,    148.857, -128.3,    0.6785, 3,    148.857,  111.7,    0.6785
"SCN_CN15_9001_CEI148A_ATV_BT_FF0682", 0.38, 1,    145.725,   -8.9,   0.66422, 2,    145.725, -128.9,   0.66422, 3,    145.725,  111.1,   0.66422
"SCN_CN15_9001_CEI160_ATV_BT_FF0642", 0.38, 1,    152.637,   -7.9,   0.69573, 2,    152.637, -127.9,   0.69572, 3,    152.637,  112.1,   0.69572
"SCN_CN15_9001_CEI230B_ATV_BT_FP4290", 0.38, 1,    149.349,   -7.9,   0.68073, 2,    149.348, -127.9,   0.68073, 3,    149.348,  112.1,   0.68073
"SCN_CN15_9002_CEI077_BT_FZ9396", 0.38, 1,    184.854,   -5.4,   0.84257, 2,    184.854, -125.4,   0.84257, 3,    184.854,  114.6,   0.84257
"SCN_CN15_9002_CEI148_ATV_BT_FX0651", 0.38, 1,    152.867,   -7.7,   0.69677, 2,    152.867, -127.7,   0.69677, 3,    152.867,  112.3,   0.69677
"SCN_CN15_9011_CEI109_BT_FP4697", 0.38, 1,    149.486,   -8.3,   0.68136, 2,    149.485, -128.3,   0.68136, 3,    149.485,  111.7,   0.68136
"SCN_CN15_9011_CEI134B_ATV_BT_FZ0374", 0.38, 1,    148.222,   -8.4,    0.6756, 2,    148.222, -128.4,    0.6756, 3,    148.222,  111.6,    0.6756
"SCN_CN15_9013_CEI201_ATV_BT_FIC1226", 0.38, 1,    146.193,   -8.8,   0.66635, 2,    146.192, -128.8,   0.66635, 3,    146.192,  111.2,   0.66635
"SCN_CN15_9013_CEI69B_BT_FM0148", 0.38, 1,    156.457,   -7.4,   0.71313, 2,    156.457, -127.4,   0.71313, 3,    156.457,  112.6,   0.71313
"SCN_CN15_9014_CEI134_ATV_BT_FP1769", 0.38, 1,    148.841,   -8.3,   0.67842, 2,    148.841, -128.3,   0.67842, 3,    148.841,  111.7,   0.67842
"SCN_CN15_9014_CEI134C_ATV_BT_FP0961", 0.38, 1,    148.195,   -8.4,   0.67548, 2,    148.194, -128.4,   0.67547, 3,    148.194,  111.6,   0.67547
"SCN_CN15_9019_CEI148A_ATV_BT_FZ1308", 0.38, 1,      145.8,   -8.9,   0.66456, 2,      145.8, -128.9,   0.66456, 3,      145.8,  111.1,   0.66456
"SCN_CN15_9019_CEI201_ATV_BT_FIC1237", 0.38, 1,    146.214,   -8.8,   0.66645, 2,    146.214, -128.8,   0.66645, 3,    146.214,  111.2,   0.66645
"SCN_CN15_9019_CEIRJ006_ATV_BT_FX5299", 0.38, 1,     171.26,   -6.4,   0.78061, 2,     171.26, -126.4,   0.78061, 3,     171.26,  113.6,   0.78061
"SCN_CN15_9028_CEI077_ATV_BT_FP3435", 0.38, 1,    183.453,   -5.5,   0.83618, 2,    183.453, -125.5,   0.83618, 3,    183.453,  114.5,   0.83618
"SCN_CN15_9020_CEI070_BT_FZ0706", 0.38, 1,    167.608,   -6.6,   0.76396, 2,    167.607, -126.6,   0.76396, 3,    167.607,  113.4,   0.76396
"SCN_CN15_9014_CEI148_ATV_BT_FIC1228", 0.38, 1,     152.76,   -7.7,   0.69629, 2,     152.76, -127.7,   0.69629, 3,     152.76,  112.3,   0.69629
"SCN_CN15_9014_CEI230_ATV_BT_FP0908", 0.38, 1,    183.631,   -5.5,   0.83699, 2,    183.631, -125.5,   0.83699, 3,    183.631,  114.5,   0.83699
"SCN_CN15_9014_CEI69A_BT_FP3539", 0.38, 1,    145.769,   -8.9,   0.66442, 2,    145.768, -128.9,   0.66442, 3,    145.768,  111.1,   0.66442
"SCN_CN15_9014_CEI77A_ATV_BT_FX2657", 0.38, 1,    183.342,   -5.5,   0.83568, 2,    183.342, -125.5,   0.83568, 3,    183.342,  114.5,   0.83568
"SCN_CN15_9015_CEI074_BT_FX3665", 0.38, 1,    149.328,   -8.0,   0.68064, 2,    149.327, -128.0,   0.68064, 3,    149.327,  112.0,   0.68064
"SCN_CN15_9016_CEI076_BT_FX0674", 0.38, 1,    162.102,   -6.9,   0.73887, 2,    162.102, -126.9,   0.73887, 3,    162.102,  113.1,   0.73887
"SCN_CN15_9016_CEI120_BT_FP7641", 0.38, 1,    150.418,   -8.2,   0.68561, 2,    150.418, -128.2,   0.68561, 3,    150.418,  111.8,   0.68561
"SCN_CN15_9107_CEI201_ATV_BT_FP3835", 0.38, 1,    152.523,   -7.8,   0.69521, 2,    152.523, -127.8,    0.6952, 3,    152.523,  112.2,    0.6952
"SCN_CN15_9107_CEI220_ATV_BT_FZ5767", 0.38, 1,    150.393,   -8.2,    0.6855, 2,    150.393, -128.2,    0.6855, 3,    150.393,  111.8,    0.6855
"SCN_CN15_9107_CEI77A_ATV_BT_FP5672F", 0.38, 1,    184.099,   -5.4,   0.83913, 2,    184.099, -125.4,   0.83913, 3,    184.099,  114.6,   0.83913
"SCN_CN15_9126_CEI230_ATV_BT_FP1048", 0.38, 1,    150.278,   -7.8,   0.68497, 2,    150.278, -127.8,   0.68497, 3,    150.278,  112.2,   0.68497
"SCN_CN15_9108_CEI77A_ATV_BT_FZ5107", 0.38, 1,    184.091,   -5.4,   0.83909, 2,    184.091, -125.4,   0.83909, 3,    184.091,  114.6,   0.83909
"SCN_CN15_9110_CEI77A_ATV_BT_FZ2046", 0.38, 1,    184.037,   -5.4,   0.83885, 2,    184.037, -125.4,   0.83885, 3,    184.037,  114.6,   0.83885
"SCN_CN15_9111_CEI77A_ATV_BT_FX2727", 0.38, 1,    183.979,   -5.4,   0.83858, 2,    183.979, -125.4,   0.83858, 3,    183.979,  114.6,   0.83858
"SCN_CN15_9342_CEI109_BT_FIC1360", 0.38, 1,    146.364,   -8.8,   0.66713, 2,    146.364, -128.8,   0.66713, 3,    146.364,  111.2,   0.66713
"SCN_CN15_9441_CEI109_BT_FX1604", 0.38, 1,    147.917,   -8.6,   0.67421, 2,    147.917, -128.6,   0.67421, 3,    147.917,  111.4,   0.67421
"SCN_CN15_9449_CEI109_BT_FX1603", 0.38, 1,    147.923,   -8.6,   0.67424, 2,    147.922, -128.6,   0.67423, 3,    147.922,  111.4,   0.67423
"SCN_CN15_9047_CEI076_BT_FT7531", 0.38, 1,    161.975,   -7.0,   0.73829, 2,    161.975, -127.0,   0.73829, 3,    161.975,  113.0,   0.73829
"SCN_CN15_9047_CEI148A_ATV_BT_FT4516", 0.38, 1,    146.212,   -8.8,   0.66644, 2,    146.212, -128.8,   0.66644, 3,    146.212,  111.2,   0.66644
"SCN_CN15_9047_CEI220_ATV_BT_FT6088", 0.38, 1,    148.927,   -8.3,   0.67881, 2,    148.927, -128.3,   0.67881, 3,    148.927,  111.7,   0.67881
"SCN_CN15_9048_CEI148A_ATV_BT_FIC1269", 0.38, 1,    146.192,   -8.8,   0.66635, 2,    146.192, -128.8,   0.66635, 3,    146.192,  111.2,   0.66635
"SCN_CN15_9049_CEI160_ATV_BT_FP4339", 0.38, 1,    181.867,   -5.6,   0.82896, 2,    181.867, -125.6,   0.82895, 3,    181.867,  114.4,   0.82895
"SCN_CN15_9049_CEI201_ATV_BT_FT4307", 0.38, 1,    146.454,   -8.8,   0.66754, 2,    146.454, -128.8,   0.66754, 3,    146.454,  111.2,   0.66754
"SCN_CN15_9049_CEI250_ATV_BT_FP4729", 0.38, 1,    162.502,   -6.9,   0.74069, 2,    162.502, -126.9,   0.74069, 3,    162.502,  113.1,   0.74069
"SCN_CN15_9050_CEI201_ATV_BT_FX4123", 0.38, 1,    146.454,   -8.8,   0.66754, 2,    146.454, -128.8,   0.66754, 3,    146.454,  111.2,   0.66754
"SCN_CN15_9051_CEI070_BT_FX4729", 0.38, 1,    165.184,   -6.7,   0.75291, 2,    165.184, -126.7,   0.75291, 3,    165.184,  113.3,   0.75291
"SCN_CN15_9051_CEI201_ATV_BT_FP5949", 0.38, 1,     146.44,   -8.8,   0.66748, 2,     146.44, -128.8,   0.66748, 3,     146.44,  111.2,   0.66748
"SCN_CN15_9051_CEI69B_BT_FZ2488", 0.38, 1,    153.477,   -7.7,   0.69955, 2,    153.476, -127.7,   0.69955, 3,    153.476,  112.3,   0.69955
"SCN_CN15_9051_CEI77A_ATV_BT_FIC1272", 0.38, 1,    183.424,   -5.5,   0.83605, 2,    183.424, -125.5,   0.83605, 3,    183.424,  114.5,   0.83605
"SCN_CN15_9002_CEI160_ATV_BT_FX0209", 0.38, 1,    152.638,   -7.9,   0.69573, 2,    152.638, -127.9,   0.69573, 3,    152.638,  112.1,   0.69573
"SCN_CN15_9003_CEI121_BT_FZ1960", 0.38, 1,    148.818,   -8.3,   0.67832, 2,    148.818, -128.3,   0.67832, 3,    148.818,  111.7,   0.67832
"SCN_CN15_9016_CEI134_ATV_BT_FP0957", 0.38, 1,    148.394,   -8.4,   0.67638, 2,    148.394, -128.4,   0.67638, 3,    148.394,  111.6,   0.67638
"SCN_CN15_9112_CEI201_ATV_BT_FP0949", 0.38, 1,    152.527,   -7.8,   0.69522, 2,    152.527, -127.8,   0.69522, 3,    152.527,  112.2,   0.69522
"SCN_CN15_9113_CEI076_BT_FX5486", 0.38, 1,    183.531,   -5.5,   0.83654, 2,    183.531, -125.5,   0.83654, 3,    183.531,  114.5,   0.83654
"SCN_CN15_9114_CEI072_BT_FX8501", 0.38, 1,     178.61,   -5.8,   0.81411, 2,     178.61, -125.8,   0.81411, 3,     178.61,  114.2,   0.81411
"SCN_CN15_9115_CEI230_ATV_BT_FP1063", 0.38, 1,    151.857,   -7.7,   0.69217, 2,    151.857, -127.7,   0.69217, 3,    151.857,  112.3,   0.69217
"SCN_CN15_9116_CEI109_BT_FIC1312", 0.38, 1,    148.927,   -8.3,   0.67881, 2,    148.927, -128.3,   0.67881, 3,    148.927,  111.7,   0.67881
"SCN_CN15_9125_CEI77A_ATV_BT_FP5542", 0.38, 1,    183.593,   -5.5,   0.83682, 2,    183.593, -125.5,   0.83682, 3,    183.593,  114.5,   0.83682
"SCN_CN15_9124_CEI109_BT_FT4565", 0.38, 1,     147.17,   -8.7,   0.67081, 2,     147.17, -128.7,    0.6708, 3,     147.17,  111.3,    0.6708
"SCN_CN15_9128_CEI230_ATV_BT_FX2215", 0.38, 1,    150.213,   -7.8,   0.68468, 2,    150.213, -127.8,   0.68468, 3,    150.213,  112.2,   0.68468
"SCN_CN15_9128_CEI77A_ATV_BT_FP1390", 0.38, 1,    183.543,   -5.5,   0.83659, 2,    183.543, -125.5,   0.83659, 3,    183.543,  114.5,   0.83659
"SCN_CN15_9131_CEI230_ATV_BT_FX2289", 0.38, 1,    149.979,   -7.9,   0.68361, 2,    149.979, -127.9,   0.68361, 3,    149.979,  112.1,   0.68361
"SCN_CN15_9414_CEI109_BT_FIC1373", 0.38, 1,    146.947,   -8.7,   0.66979, 2,    146.946, -128.7,   0.66979, 3,    146.946,  111.3,   0.66979
"SCN_CN15_9022_CEIRJ006_ATV_BT_FIC1147", 0.38, 1,    178.949,   -5.8,   0.81565, 2,    178.949, -125.8,   0.81565, 3,    178.949,  114.2,   0.81565
"SCN_CN15_9428_CEI109_BT_FX2287", 0.38, 1,    147.946,   -8.5,   0.67434, 2,    147.946, -128.5,   0.67434, 3,    147.946,  111.5,   0.67434
"SCN_CN15_9187_CEI77A_ATV_BT_FZ0752", 0.38, 1,    201.553,   -4.3,   0.91869, 2,    201.553, -124.3,   0.91869, 3,    201.553,  115.7,   0.91869
"SCN_CN15_9189_CEI068_BT_FZ1784", 0.38, 1,    161.477,   -6.9,   0.73602, 2,    161.477, -126.9,   0.73602, 3,    161.477,  113.1,   0.73602
"SCN_CN15_9189_CEI69B_BT_FIC1331", 0.38, 1,     153.18,   -7.7,    0.6982, 2,     153.18, -127.7,    0.6982, 3,     153.18,  112.3,    0.6982
"SCN_CN15_9190_CEI77A_ATV_BT_FZ0516", 0.38, 1,    203.665,   -4.1,   0.92831, 2,    203.665, -124.1,   0.92831, 3,    203.665,  115.9,   0.92831
"SCN_CN15_9020_CEI120_BT_FX9765", 0.38, 1,    150.432,   -8.2,   0.68567, 2,    150.432, -128.2,   0.68567, 3,    150.432,  111.8,   0.68567
"SCN_CN15_9020_CEI130_ATV_BT_FP5556", 0.38, 1,    155.879,   -7.4,    0.7105, 2,    155.878, -127.4,    0.7105, 3,    155.878,  112.6,    0.7105
"SCN_CN15_9020_CEI134C_ATV_BT_FIC1238", 0.38, 1,    148.179,   -8.4,    0.6754, 2,    148.179, -128.4,    0.6754, 3,    148.179,  111.6,    0.6754
"SCN_CN15_9016_CEI160_ATV_BT_FX2219", 0.38, 1,    146.407,   -8.8,   0.66733, 2,    146.407, -128.8,   0.66733, 3,    146.407,  111.2,   0.66733
"SCN_CN15_9017_CEI077_ATV_BT_FIC1230", 0.38, 1,    182.831,   -5.5,   0.83335, 2,    182.831, -125.5,   0.83335, 3,    182.831,  114.5,   0.83335
"SCN_CN15_9021_CEI148_ATV_BT_FX2133", 0.38, 1,    152.725,   -7.7,   0.69612, 2,    152.725, -127.7,   0.69612, 3,    152.725,  112.3,   0.69612
"SCN_CN15_9003_CEI160A_ATV_BT_FF0689", 0.38, 1,    148.824,   -8.3,   0.67834, 2,    148.824, -128.3,   0.67834, 3,    148.824,  111.7,   0.67834
"SCN_CN15_9003_CEI230B_ATV_BT_FX2293", 0.38, 1,     149.35,   -7.9,   0.68074, 2,    149.349, -127.9,   0.68074, 3,    149.349,  112.1,   0.68074
"SCN_CN15_9008_CEI201_ATV_BT_FIC1217", 0.38, 1,     146.18,   -8.8,   0.66629, 2,     146.18, -128.8,   0.66629, 3,     146.18,  111.2,   0.66629
"SCN_CN15_9008_CEIRJ006_ATV_BT_FT5509", 0.38, 1,    166.827,   -6.6,    0.7604, 2,    166.827, -126.6,    0.7604, 3,    166.827,  113.4,    0.7604
"SCN_CN15_9009_CEI077_ATV_BT_FT4559", 0.38, 1,    181.177,   -5.6,   0.82581, 2,    181.176, -125.6,   0.82581, 3,    181.176,  114.4,   0.82581
"SCN_CN15_9009_CEI134_ATV_BT_FT4551", 0.38, 1,    148.842,   -8.3,   0.67843, 2,    148.842, -128.3,   0.67842, 3,    148.842,  111.7,   0.67842
"SCN_CN15_9132_CEI201_ATV_BT_FX4280", 0.38, 1,    152.585,   -7.7,   0.69549, 2,    152.585, -127.7,   0.69549, 3,    152.585,  112.3,   0.69549
"SCN_CN15_9133_CEI77A_ATV_BT_FP4677", 0.38, 1,    185.538,   -5.4,   0.84569, 2,    185.538, -125.4,   0.84569, 3,    185.538,  114.6,   0.84569
"SCN_CN15_9143_CEI109_BT_FP3273", 0.38, 1,    148.924,   -8.3,    0.6788, 2,    148.924, -128.3,    0.6788, 3,    148.924,  111.7,    0.6788
"SCN_CN15_9143_CEI201_ATV_BT_FX4536", 0.38, 1,    153.688,   -7.6,   0.70051, 2,    153.687, -127.6,   0.70051, 3,    153.687,  112.4,   0.70051
"SCN_CN15_9143_CEI230_ATV_BT_FP0939", 0.38, 1,    149.917,   -7.9,   0.68333, 2,    149.917, -127.9,   0.68333, 3,    149.917,  112.1,   0.68333
"SCN_CN15_9145_CEI230_ATV_BT_FP0938", 0.38, 1,    149.923,   -7.9,   0.68335, 2,    149.923, -127.9,   0.68335, 3,    149.923,  112.1,   0.68335
"SCN_CN15_9145_CEI69B_BT_FF0345", 0.38, 1,    153.138,   -7.7,   0.69801, 2,    153.138, -127.7,   0.69801, 3,    153.138,  112.3,   0.69801
"SCN_CN15_9146_CEI230_ATV_BT_FP0940", 0.38, 1,    149.916,   -7.9,   0.68332, 2,    149.916, -127.9,   0.68332, 3,    149.916,  112.1,   0.68332
"SCN_CN15_9147_CEI220_ATV_BT_FIC1319", 0.38, 1,    150.386,   -8.2,   0.68546, 2,    150.386, -128.2,   0.68546, 3,    150.386,  111.8,   0.68546
"SCN_CN15_9149_CEI77A_ATV_BT_FP0900", 0.38, 1,    187.289,   -5.2,   0.85367, 2,    187.289, -125.2,   0.85367, 3,    187.289,  114.8,   0.85367
"SCN_CN15_9151_CEI230_ATV_BT_FZ1012", 0.38, 1,    149.785,   -7.9,   0.68272, 2,    149.785, -127.9,   0.68272, 3,    149.785,  112.1,   0.68272
"SCN_CN15_9153_CEI109_BT_FZ3480", 0.38, 1,    147.175,   -8.7,   0.67083, 2,    147.175, -128.7,   0.67083, 3,    147.175,  111.3,   0.67083
"SCN_CN15_9153_CEI77A_ATV_BT_FP0898", 0.38, 1,    187.299,   -5.2,   0.85372, 2,    187.299, -125.2,   0.85372, 3,    187.299,  114.8,   0.85372
"SCN_CN15_9157_CEI230_ATV_BT_FZ1013", 0.38, 1,    149.783,   -7.9,   0.68271, 2,    149.782, -127.9,   0.68271, 3,    149.782,  112.1,   0.68271
"SCN_CN15_9157_CEI77A_ATV_BT_FZ1687", 0.38, 1,      188.9,   -5.1,   0.86101, 2,      188.9, -125.1,   0.86101, 3,      188.9,  114.9,   0.86101
"SCN_CN15_9158_CEI109_BT_FT4756", 0.38, 1,    147.178,   -8.7,   0.67084, 2,    147.177, -128.7,   0.67084, 3,    147.177,  111.3,   0.67084
"SCN_CN15_9158_CEI230_ATV_BT_FP0943", 0.38, 1,    149.633,   -7.9,   0.68203, 2,    149.633, -127.9,   0.68203, 3,    149.633,  112.1,   0.68203
"SCN_CN15_9021_CEI077_ATV_BT_FX5490", 0.38, 1,    183.513,   -5.5,   0.83646, 2,    183.512, -125.5,   0.83645, 3,    183.512,  114.5,   0.83645
"SCN_CN15_9021_CEI134C_ATV_BT_FP1609", 0.38, 1,    148.171,   -8.4,   0.67537, 2,    148.171, -128.4,   0.67537, 3,    148.171,  111.6,   0.67537
"SCN_CN15_9021_CEIRJ006_ATV_BT_FX2548", 0.38, 1,    178.674,   -5.8,    0.8144, 2,    178.674, -125.8,    0.8144, 3,    178.674,  114.2,    0.8144
"SCN_CN15_9020_CEI134A_ATV_BT_FT1997", 0.38, 1,    148.609,   -8.4,   0.67736, 2,    148.609, -128.4,   0.67736, 3,    148.609,  111.6,   0.67736
"SCN_CN15_9018_CEI220_ATV_BT_FF0652", 0.38, 1,    147.937,   -8.5,    0.6743, 2,    147.937, -128.5,    0.6743, 3,    147.937,  111.5,    0.6743
"SCN_CN15_9018_CEI77A_ATV_BT_FIC1236", 0.38, 1,    183.368,   -5.5,    0.8358, 2,    183.368, -125.5,    0.8358, 3,    183.368,  114.5,    0.8358
"SCN_CN15_9017_CEI148A_ATV_BT_FZ7337", 0.38, 1,    145.766,   -8.9,   0.66441, 2,    145.766, -128.9,   0.66441, 3,    145.766,  111.1,   0.66441
"SCN_CN15_9017_CEI69A_BT_FZ2481", 0.38, 1,    145.771,   -8.9,   0.66443, 2,    145.771, -128.9,   0.66443, 3,    145.771,  111.1,   0.66443
