Bus, BasekV, Node1, Magnitude1, Angle1, pu1, Node2, Magnitude2, Angle2, pu2, Node3, Magnitude3, Angle3, pu3
"SCN_CN15_9199_CEI77A_ATV", 13.8, 1,    7930.72,   -0.3,   0.99539, 2,    7930.72, -120.3,   0.99539, 3,    7930.72,  119.7,   0.99539
"SCN_CN15_9153_CEI109", 13.8, 1,    6064.32,   -4.5,   0.76114, 2,    6064.31, -124.5,   0.76114, 3,    6064.31,  115.5,   0.76114
"SCN_CN15_9154_CEI109", 13.8, 1,    6064.35,   -4.5,   0.76114, 2,    6064.34, -124.5,   0.76114, 3,    6064.34,  115.5,   0.76114
"SCN_CN15_9098_CEI131_ATV", 13.8, 1,    6145.26,   -4.2,    0.7713, 2,    6145.25, -124.2,    0.7713, 3,    6145.25,  115.8,    0.7713
"SCN_CN15_9097_CEI131_ATV", 13.8, 1,    6145.26,   -4.2,    0.7713, 2,    6145.25, -124.2,    0.7713, 3,    6145.25,  115.8,    0.7713
"SCN_CN15_9079_CEI201_ATV", 13.8, 1,    6235.67,   -3.8,   0.78264, 2,    6235.66, -123.8,   0.78264, 3,    6235.66,  116.2,   0.78264
"SCN_CN15_9080_CEI201_ATV", 13.8, 1,    6235.66,   -3.8,   0.78264, 2,    6235.65, -123.8,   0.78264, 3,    6235.65,  116.2,   0.78264
"SCN_CN15_9356_CEI109", 13.8, 1,    6037.69,   -4.6,    0.7578, 2,    6037.68, -124.6,   0.75779, 3,    6037.68,  115.4,   0.75779
"SCN_CN15_9349_CEI109", 13.8, 1,    6038.15,   -4.6,   0.75785, 2,    6038.14, -124.6,   0.75785, 3,    6038.14,  115.4,   0.75785
"SCN_CN15_9039_CEI201_ATV", 13.8, 1,    6038.37,   -4.6,   0.75788, 2,    6038.36, -124.6,   0.75788, 3,    6038.37,  115.4,   0.75788
"SCN_CN15_9021_CEI201_ATV", 13.8, 1,    6034.19,   -4.6,   0.75736, 2,    6034.18, -124.6,   0.75736, 3,    6034.18,  115.4,   0.75736
"SCN_CN15_9022_CEI201_ATV", 13.8, 1,    6034.37,   -4.6,   0.75738, 2,    6034.36, -124.6,   0.75738, 3,    6034.36,  115.4,   0.75738
"SCN_CN15_9274_CEI109", 13.8, 1,    6103.54,   -4.4,   0.76606, 2,    6103.53, -124.4,   0.76606, 3,    6103.53,  115.6,   0.76606
"SCN_CN15_9275_CEI109", 13.8, 1,    6102.24,   -4.4,    0.7659, 2,    6102.23, -124.4,    0.7659, 3,    6102.23,  115.6,    0.7659
"SCN_CN15_9269_CEI109", 13.8, 1,    6104.82,   -4.4,   0.76622, 2,    6104.81, -124.4,   0.76622, 3,    6104.81,  115.6,   0.76622
"SCN_CN15_9053_CEI201_ATV", 13.8, 1,    6040.43,   -4.6,   0.75814, 2,    6040.42, -124.6,   0.75814, 3,    6040.42,  115.4,   0.75814
"SCN_CN15_9485_CEI109", 13.8, 1,    6040.44,   -4.6,   0.75814, 2,    6040.43, -124.6,   0.75814, 3,    6040.44,  115.4,   0.75814
"SCN_CN15_421165_CEI", 13.8, 1,    6247.71,   -3.7,   0.78416, 2,     6247.7, -123.7,   0.78416, 3,     6247.7,  116.3,   0.78416
"SCN_CN15_421166_CEI", 13.8, 1,    6248.39,   -3.7,   0.78424, 2,    6248.38, -123.7,   0.78424, 3,    6248.38,  116.3,   0.78424
"SCN_CN15_9143_CEI69B", 13.8, 1,    6248.97,   -3.7,   0.78431, 2,    6248.97, -123.7,   0.78431, 3,    6248.97,  116.3,   0.78431
"SCN_CN15_9141_CEI201_ATV", 13.8, 1,    6247.71,   -3.7,   0.78416, 2,     6247.7, -123.7,   0.78416, 3,     6247.7,  116.3,   0.78416
"SCN_CN15_9129_CEI201_ATV", 13.8, 1,    6253.73,   -3.7,   0.78491, 2,    6253.72, -123.7,   0.78491, 3,    6253.72,  116.3,   0.78491
"SCN_CN15_9008_CEI220_ATV", 13.8, 1,    6253.73,   -3.7,   0.78491, 2,    6253.72, -123.7,   0.78491, 3,    6253.72,  116.3,   0.78491
"SCN_CN15_421168_CEI", 13.8, 1,    6138.32,   -4.2,   0.77043, 2,    6138.31, -124.2,   0.77043, 3,    6138.31,  115.8,   0.77043
"SCN_CN15_9015_CEI109", 13.8, 1,    6138.32,   -4.2,   0.77043, 2,    6138.31, -124.2,   0.77043, 3,    6138.31,  115.8,   0.77043
"SCN_CN15_421185_CEI", 13.8, 1,    6171.15,   -4.1,   0.77455, 2,    6171.14, -124.1,   0.77455, 3,    6171.14,  115.9,   0.77455
"SCN_CN15_9162_CEI220_ATV_S", 13.8, 1,    6169.45,   -4.1,   0.77433, 2,    6169.44, -124.1,   0.77433, 3,    6169.44,  115.9,   0.77433
"SCN_CN15_421186_CEI", 13.8, 1,    6172.42,   -4.1,   0.77471, 2,    6172.41, -124.1,   0.77471, 3,    6172.41,  115.9,   0.77471
"SCN_CN15_421187_CEI", 13.8, 1,    6173.91,   -4.1,   0.77489, 2,     6173.9, -124.1,   0.77489, 3,     6173.9,  115.9,   0.77489
"SCN_CN15_421169_CEI", 13.8, 1,    6176.03,   -4.1,   0.77516, 2,    6176.02, -124.1,   0.77516, 3,    6176.02,  115.9,   0.77516
"SCN_CN15_9012_CEI120", 13.8, 1,    6174.77,   -4.1,     0.775, 2,    6174.76, -124.1,     0.775, 3,    6174.77,  115.9,     0.775
"SCN_CN15_421170_CEI", 13.8, 1,    6185.94,   -4.1,    0.7764, 2,    6185.93, -124.1,    0.7764, 3,    6185.93,  115.9,    0.7764
"SCN_CN15_421171_CEI", 13.8, 1,    6185.94,   -4.1,    0.7764, 2,    6185.93, -124.1,    0.7764, 3,    6185.93,  115.9,    0.7764
"SCN_CN15_421172_CEI", 13.8, 1,    6185.94,   -4.1,    0.7764, 2,    6185.93, -124.1,    0.7764, 3,    6185.93,  115.9,    0.7764
"SCN_CN15_421173_CEI", 13.8, 1,    6185.94,   -4.1,    0.7764, 2,    6185.93, -124.1,    0.7764, 3,    6185.93,  115.9,    0.7764
"SCN_CN15_421174_CEI", 13.8, 1,    6185.94,   -4.1,    0.7764, 2,    6185.93, -124.1,    0.7764, 3,    6185.93,  115.9,    0.7764
"SCN_CN15_421175_CEI", 13.8, 1,    6194.58,   -4.0,   0.77749, 2,    6194.57, -124.0,   0.77749, 3,    6194.58,  116.0,   0.77749
"SCN_CN15_421176_CEI", 13.8, 1,    6194.58,   -4.0,   0.77749, 2,    6194.57, -124.0,   0.77749, 3,    6194.58,  116.0,   0.77749
"SCN_CN15_421177_CEI", 13.8, 1,    6194.58,   -4.0,   0.77749, 2,    6194.57, -124.0,   0.77749, 3,    6194.58,  116.0,   0.77749
"SCN_CN15_421178_CEI", 13.8, 1,    6194.58,   -4.0,   0.77749, 2,    6194.57, -124.0,   0.77749, 3,    6194.58,  116.0,   0.77749
"SCN_CN15_421179_CEI", 13.8, 1,    6212.89,   -4.0,   0.77979, 2,    6212.88, -124.0,   0.77978, 3,    6212.88,  116.0,   0.77978
"SCN_CN15_9047_CEI130_ATV", 13.8, 1,    6238.43,   -3.9,   0.78299, 2,    6238.42, -123.9,   0.78299, 3,    6238.42,  116.1,   0.78299
"SCN_CN15_421180_CEI", 13.8, 1,    6238.43,   -3.9,   0.78299, 2,    6238.42, -123.9,   0.78299, 3,    6238.42,  116.1,   0.78299
"SCN_CN15_9037_CEI130_ATV", 13.8, 1,    6282.36,   -3.7,   0.78851, 2,    6282.36, -123.7,    0.7885, 3,    6282.36,  116.3,    0.7885
"SCN_CN15_9047_CEI130_ATV_S", 13.8, 1,    6238.43,   -3.9,   0.78299, 2,    6238.42, -123.9,   0.78299, 3,    6238.42,  116.1,   0.78299
"SCN_CN15_421181_CEI", 13.8, 1,     6291.7,   -3.7,   0.78968, 2,    6291.69, -123.7,   0.78968, 3,    6291.69,  116.3,   0.78968
"SCN_CN15_9040_CEI130_ATV", 13.8, 1,     6291.7,   -3.7,   0.78968, 2,    6291.69, -123.7,   0.78968, 3,    6291.69,  116.3,   0.78968
"SCN_CN15_421182_CEI", 13.8, 1,     6291.7,   -3.7,   0.78968, 2,    6291.69, -123.7,   0.78968, 3,    6291.69,  116.3,   0.78968
"SCN_CN15_421183_CEI", 13.8, 1,     6291.7,   -3.7,   0.78968, 2,    6291.69, -123.7,   0.78968, 3,    6291.69,  116.3,   0.78968
"SCN_CN15_421184_CEI", 13.8, 1,     6291.7,   -3.7,   0.78968, 2,    6291.69, -123.7,   0.78968, 3,    6291.69,  116.3,   0.78968
"SCN_CN15_421195_CEI", 13.8, 1,    6334.31,   -3.5,   0.79502, 2,     6334.3, -123.5,   0.79502, 3,     6334.3,  116.5,   0.79502
"SCN_CN15_9022_CEI250_ATV", 13.8, 1,    6332.48,   -3.5,    0.7948, 2,    6332.47, -123.5,   0.79479, 3,    6332.48,  116.5,   0.79479
"SCN_CN15_421196_CEI", 13.8, 1,    6336.89,   -3.5,   0.79535, 2,    6336.88, -123.5,   0.79535, 3,    6336.88,  116.5,   0.79535
"SCN_CN15_9025_CEI130_ATV", 13.8, 1,       6339,   -3.5,   0.79561, 2,    6338.99, -123.5,   0.79561, 3,    6338.99,  116.5,   0.79561
"SCN_CN15_421197_CEI", 13.8, 1,    6238.13,   -3.9,   0.78295, 2,    6238.12, -123.9,   0.78295, 3,    6238.12,  116.1,   0.78295
"SCN_CN15_9004_CEI160_ATV", 13.8, 1,    6238.13,   -3.9,   0.78295, 2,    6238.12, -123.9,   0.78295, 3,    6238.12,  116.1,   0.78295
"SCN_CN15_9005_CEI160_ATV", 13.8, 1,    6238.13,   -3.9,   0.78295, 2,    6238.12, -123.9,   0.78295, 3,    6238.12,  116.1,   0.78295
"SCN_CN15_9017_CEI130A_ATV", 13.8, 1,    6518.35,   -3.1,   0.81812, 2,    6518.34, -123.1,   0.81812, 3,    6518.34,  116.9,   0.81812
"SCN_CN15_421206_CEI", 13.8, 1,    6518.35,   -3.1,   0.81812, 2,    6518.34, -123.1,   0.81812, 3,    6518.34,  116.9,   0.81812
"SCN_CN15_9034_CEI130A_ATV", 13.8, 1,    6517.16,   -3.1,   0.81797, 2,    6517.15, -123.1,   0.81797, 3,    6517.15,  116.9,   0.81797
"SCN_CN15_421207_CEI", 13.8, 1,    6517.16,   -3.1,   0.81797, 2,    6517.15, -123.1,   0.81797, 3,    6517.15,  116.9,   0.81797
"SCN_CN15_421208_CEI", 13.8, 1,    6517.16,   -3.1,   0.81797, 2,    6517.15, -123.1,   0.81797, 3,    6517.15,  116.9,   0.81797
"SCN_CN15_421209_CEI", 13.8, 1,    6517.16,   -3.1,   0.81797, 2,    6517.15, -123.1,   0.81797, 3,    6517.15,  116.9,   0.81797
"SCN_CN15_421210_CEI", 13.8, 1,    6517.16,   -3.1,   0.81797, 2,    6517.15, -123.1,   0.81797, 3,    6517.15,  116.9,   0.81797
"SCN_CN15_421211_CEI", 13.8, 1,    6517.16,   -3.1,   0.81797, 2,    6517.15, -123.1,   0.81797, 3,    6517.15,  116.9,   0.81797
"SCN_CN15_421212_CEI", 13.8, 1,    6517.16,   -3.1,   0.81797, 2,    6517.15, -123.1,   0.81797, 3,    6517.15,  116.9,   0.81797
"SCN_CN15_9040_CEI130A_ATV", 13.8, 1,    6517.07,   -3.1,   0.81796, 2,    6517.06, -123.1,   0.81796, 3,    6517.06,  116.9,   0.81796
"SCN_CN15_421213_CEI", 13.8, 1,    6517.07,   -3.1,   0.81796, 2,    6517.06, -123.1,   0.81796, 3,    6517.06,  116.9,   0.81796
"SCN_CN15_421218_CEI", 13.8, 1,    6523.21,   -3.1,   0.81873, 2,     6523.2, -123.1,   0.81873, 3,     6523.2,  116.9,   0.81873
"SCN_CN15_9353_CEI065", 13.8, 1,    6523.21,   -3.1,   0.81873, 2,     6523.2, -123.1,   0.81873, 3,     6523.2,  116.9,   0.81873
"SCN_CN15_421219_CEI", 13.8, 1,    6523.21,   -3.1,   0.81873, 2,     6523.2, -123.1,   0.81873, 3,     6523.2,  116.9,   0.81873
"CN_ALCN15", 13.8, 1,    6523.21,   -3.1,   0.81873, 2,     6523.2, -123.1,   0.81873, 3,     6523.2,  116.9,   0.81873
"SCN_CN15_421227_CEI", 13.8, 1,    6133.79,   -3.9,   0.76986, 2,    6133.78, -123.9,   0.76986, 3,    6133.78,  116.1,   0.76986
"SCN_CN15_9006_CEIRJ013_ATV", 13.8, 1,    6133.79,   -3.9,   0.76986, 2,    6133.78, -123.9,   0.76986, 3,    6133.78,  116.1,   0.76986
"SCN_CN15_9067_CEIRJ006_ATV", 13.8, 1,    6136.84,   -3.9,   0.77024, 2,    6136.83, -123.9,   0.77024, 3,    6136.83,  116.1,   0.77024
"SCN_CN15_9064_CEIRJ006_ATV", 13.8, 1,    6136.84,   -3.9,   0.77024, 2,    6136.83, -123.9,   0.77024, 3,    6136.83,  116.1,   0.77024
"SCN_CN15_421241_CEI", 13.8, 1,    6136.84,   -3.9,   0.77024, 2,    6136.83, -123.9,   0.77024, 3,    6136.83,  116.1,   0.77024
"SCN_CN15_9068_CEIRJ006_ATV", 13.8, 1,    6136.84,   -3.9,   0.77024, 2,    6136.83, -123.9,   0.77024, 3,    6136.83,  116.1,   0.77024
"SCN_CN15_9050_CEI160_ATV", 13.8, 1,    7164.95,   -1.9,   0.89928, 2,    7164.95, -121.9,   0.89928, 3,    7164.95,  118.1,   0.89928
"SCN_CN15_9014_CEI077_ATV", 13.8, 1,    7165.67,   -1.9,   0.89937, 2,    7165.67, -121.9,   0.89937, 3,    7165.67,  118.1,   0.89937
"SCN_CN15_9052_CEI160_ATV", 13.8, 1,    7164.95,   -1.9,   0.89928, 2,    7164.95, -121.9,   0.89928, 3,    7164.95,  118.1,   0.89928
"SCN_CN15_421244_CEI", 13.8, 1,    7164.28,   -1.9,    0.8992, 2,    7164.27, -121.9,   0.89919, 3,    7164.27,  118.1,   0.89919
"SCN_CN15_421245_CEI", 13.8, 1,    7163.58,   -1.9,   0.89911, 2,    7163.57, -121.9,   0.89911, 3,    7163.57,  118.1,   0.89911
"SCN_CN15_9005_CEIRJ012_ATV_S", 13.8, 1,     7162.9,   -1.9,   0.89902, 2,     7162.9, -121.9,   0.89902, 3,     7162.9,  118.1,   0.89902
"SCN_CN15_9024_CEI167_ATV", 13.8, 1,    7197.41,   -1.8,   0.90335, 2,    7197.41, -121.8,   0.90335, 3,    7197.41,  118.2,   0.90335
"SCN_CN15_9025_CEI167_ATV", 13.8, 1,    7197.41,   -1.8,   0.90335, 2,    7197.41, -121.8,   0.90335, 3,    7197.41,  118.2,   0.90335
"SCN_CN15_9002_CEIRJ013_ATV", 13.8, 1,    7197.41,   -1.8,   0.90335, 2,    7197.41, -121.8,   0.90335, 3,    7197.41,  118.2,   0.90335
"SCN_CN15_9037_CEI77A_ATV", 13.8, 1,    7211.96,   -1.8,   0.90518, 2,    7211.96, -121.8,   0.90518, 3,    7211.96,  118.2,   0.90518
"SCN_CN15_9035_CEIRJ006_ATV", 13.8, 1,    7211.96,   -1.8,   0.90518, 2,    7211.96, -121.8,   0.90518, 3,    7211.96,  118.2,   0.90518
"SCN_CN15_9036_CEIRJ006_ATV", 13.8, 1,    7211.96,   -1.8,   0.90518, 2,    7211.96, -121.8,   0.90518, 3,    7211.96,  118.2,   0.90518
"SCN_CN15_9105_CEI201_ATV", 13.8, 1,    6234.79,   -3.8,   0.78253, 2,    6234.78, -123.8,   0.78253, 3,    6234.78,  116.2,   0.78253
"SCN_CN15_9102_CEI201_ATV_S", 13.8, 1,    6234.69,   -3.8,   0.78252, 2,    6234.68, -123.8,   0.78252, 3,    6234.68,  116.2,   0.78252
"SCN_CN15_9017_CEI201_ATV", 13.8, 1,    6033.57,   -4.6,   0.75728, 2,    6033.56, -124.6,   0.75728, 3,    6033.56,  115.4,   0.75728
"SCN_CN15_9019_CEI201_ATV", 13.8, 1,     6033.7,   -4.6,    0.7573, 2,    6033.69, -124.6,   0.75729, 3,    6033.69,  115.4,   0.75729
"SCN_CN15_9019_CEI134C_ATV", 13.8, 1,    6096.46,   -4.3,   0.76517, 2,    6096.45, -124.3,   0.76517, 3,    6096.45,  115.7,   0.76517
"SCN_CN15_9020_CEI134C_ATV", 13.8, 1,    6096.44,   -4.3,   0.76517, 2,    6096.43, -124.3,   0.76517, 3,    6096.43,  115.7,   0.76517
"SCN_CN15_9022_CEI134C_ATV", 13.8, 1,    6096.25,   -4.3,   0.76515, 2,    6096.24, -124.3,   0.76514, 3,    6096.24,  115.7,   0.76515
"SCN_CN15_9021_CEI134C_ATV", 13.8, 1,     6096.2,   -4.3,   0.76514, 2,    6096.19, -124.3,   0.76514, 3,     6096.2,  115.7,   0.76514
"SCN_CN15_9023_CEI134C_ATV", 13.8, 1,    6096.17,   -4.3,   0.76514, 2,    6096.16, -124.3,   0.76513, 3,    6096.16,  115.7,   0.76514
"SCN_CN15_9034_CEI134C_ATV", 13.8, 1,    6096.12,   -4.3,   0.76513, 2,    6096.11, -124.3,   0.76513, 3,    6096.11,  115.7,   0.76513
"SCN_CN15_9035_CEI134C_ATV", 13.8, 1,    6096.07,   -4.3,   0.76512, 2,    6096.06, -124.3,   0.76512, 3,    6096.06,  115.7,   0.76512
"SCN_CN15_9036_CEI134C_ATV", 13.8, 1,    6096.03,   -4.3,   0.76512, 2,    6096.02, -124.3,   0.76512, 3,    6096.02,  115.7,   0.76512
"SCN_CN15_9024_CEI134B_ATV", 13.8, 1,    6099.75,   -4.3,   0.76558, 2,    6099.74, -124.3,   0.76558, 3,    6099.74,  115.7,   0.76558
"SCN_CN15_9027_CEI134B_ATV", 13.8, 1,    6099.72,   -4.3,   0.76558, 2,    6099.71, -124.3,   0.76558, 3,    6099.71,  115.7,   0.76558
"SCN_CN15_9026_CEI134B_ATV", 13.8, 1,     6099.7,   -4.3,   0.76558, 2,    6099.69, -124.3,   0.76558, 3,     6099.7,  115.7,   0.76558
"SCN_CN15_9028_CEI134B_ATV", 13.8, 1,    6099.69,   -4.3,   0.76558, 2,    6099.68, -124.3,   0.76558, 3,    6099.68,  115.7,   0.76558
"SCN_CN15_9011_CEI134_ATV", 13.8, 1,    6116.21,   -4.3,   0.76765, 2,     6116.2, -124.3,   0.76765, 3,     6116.2,  115.7,   0.76765
"SCN_CN15_9009_CEI134A_ATV", 13.8, 1,    6115.47,   -4.3,   0.76756, 2,    6115.46, -124.3,   0.76756, 3,    6115.46,  115.7,   0.76756
"SCN_CN15_9002_CEI134_ATV", 13.8, 1,    6118.01,   -4.3,   0.76788, 2,       6118, -124.3,   0.76788, 3,    6118.01,  115.7,   0.76788
"SCN_CN15_9003_CEI134_ATV", 13.8, 1,    6118.04,   -4.3,   0.76788, 2,    6118.03, -124.3,   0.76788, 3,    6118.03,  115.7,   0.76788
"SCN_CN15_9101_CEI109", 13.8, 1,    6120.61,   -4.3,    0.7682, 2,     6120.6, -124.3,    0.7682, 3,     6120.6,  115.7,    0.7682
"SCN_CN15_9102_CEI109", 13.8, 1,    6120.57,   -4.3,    0.7682, 2,    6120.56, -124.3,    0.7682, 3,    6120.56,  115.7,    0.7682
"SCN_CN15_9103_CEI109", 13.8, 1,    6120.54,   -4.3,   0.76819, 2,    6120.53, -124.3,   0.76819, 3,    6120.53,  115.7,   0.76819
"SCN_CN15_9104_CEI109", 13.8, 1,    6120.51,   -4.3,   0.76819, 2,     6120.5, -124.3,   0.76819, 3,     6120.5,  115.7,   0.76819
"SCN_CN15_9105_CEI109", 13.8, 1,    6120.48,   -4.3,   0.76819, 2,    6120.47, -124.3,   0.76819, 3,    6120.48,  115.7,   0.76819
"SCN_CN15_9106_CEI109", 13.8, 1,    6120.46,   -4.3,   0.76818, 2,    6120.45, -124.3,   0.76818, 3,    6120.45,  115.7,   0.76818
"SCN_CN15_9108_CEI109", 13.8, 1,    6120.43,   -4.3,   0.76818, 2,    6120.42, -124.3,   0.76818, 3,    6120.42,  115.7,   0.76818
"SCN_CN15_9109_CEI109", 13.8, 1,     6120.4,   -4.3,   0.76818, 2,    6120.39, -124.3,   0.76818, 3,    6120.39,  115.7,   0.76818
"SCN_CN15_9110_CEI109", 13.8, 1,    6120.37,   -4.3,   0.76817, 2,    6120.36, -124.3,   0.76817, 3,    6120.36,  115.7,   0.76817
"SCN_CN15_9111_CEI109", 13.8, 1,    6120.34,   -4.3,   0.76817, 2,    6120.33, -124.3,   0.76817, 3,    6120.33,  115.7,   0.76817
"SCN_CN15_9112_CEI109", 13.8, 1,    6120.33,   -4.3,   0.76817, 2,    6120.32, -124.3,   0.76817, 3,    6120.32,  115.7,   0.76817
"SCN_CN15_9113_CEI109", 13.8, 1,     6120.3,   -4.3,   0.76816, 2,    6120.29, -124.3,   0.76816, 3,    6120.29,  115.7,   0.76816
"SCN_CN15_9114_CEI109", 13.8, 1,    6120.28,   -4.3,   0.76816, 2,    6120.27, -124.3,   0.76816, 3,    6120.27,  115.7,   0.76816
"SCN_CN15_9115_CEI109", 13.8, 1,    6120.23,   -4.3,   0.76816, 2,    6120.22, -124.3,   0.76815, 3,    6120.22,  115.7,   0.76815
"SCN_CN15_9116_CEI109", 13.8, 1,     6120.2,   -4.3,   0.76815, 2,    6120.19, -124.3,   0.76815, 3,    6120.19,  115.7,   0.76815
"SCN_CN15_9010_CEI120", 13.8, 1,    6172.53,   -4.1,   0.77472, 2,    6172.52, -124.1,   0.77472, 3,    6172.53,  115.9,   0.77472
"SCN_CN15_9011_CEI120", 13.8, 1,    6174.33,   -4.1,   0.77495, 2,    6174.32, -124.1,   0.77494, 3,    6174.32,  115.9,   0.77494
"SCN_CN15_9045_CEI130_ATV", 13.8, 1,    6238.34,   -3.9,   0.78298, 2,    6238.33, -123.9,   0.78298, 3,    6238.33,  116.1,   0.78298
"SCN_CN15_9044_CEI130_ATV", 13.8, 1,    6238.33,   -3.9,   0.78298, 2,    6238.32, -123.9,   0.78298, 3,    6238.33,  116.1,   0.78298
"SCN_CN15_9043_CEI130_ATV", 13.8, 1,    6238.27,   -3.9,   0.78297, 2,    6238.26, -123.9,   0.78297, 3,    6238.26,  116.1,   0.78297
"SCN_CN15_9014_CEI69B", 13.8, 1,    6352.69,   -3.5,   0.79733, 2,    6352.69, -123.5,   0.79733, 3,    6352.69,  116.5,   0.79733
"SCN_CN15_9015_CEI69B", 13.8, 1,    6353.37,   -3.5,   0.79742, 2,    6353.36, -123.5,   0.79742, 3,    6353.36,  116.5,   0.79742
"SCN_CN15_9559_CEI109", 13.8, 1,    6111.94,   -4.3,   0.76712, 2,    6111.93, -124.3,   0.76711, 3,    6111.93,  115.7,   0.76711
"SCN_CN15_9570_CEI109", 13.8, 1,    6111.94,   -4.3,   0.76711, 2,    6111.93, -124.3,   0.76711, 3,    6111.93,  115.7,   0.76711
"SCN_CN15_9558_CEI109", 13.8, 1,    6116.84,   -4.3,   0.76773, 2,    6116.83, -124.3,   0.76773, 3,    6116.84,  115.7,   0.76773
"SCN_CN15_9560_CEI109", 13.8, 1,    6108.33,   -4.4,   0.76666, 2,    6108.32, -124.4,   0.76666, 3,    6108.32,  115.6,   0.76666
"SCN_CN15_9555_CEI109", 13.8, 1,    6122.48,   -4.3,   0.76844, 2,    6122.47, -124.3,   0.76844, 3,    6122.47,  115.7,   0.76844
"SCN_CN15_9552_CEI109", 13.8, 1,    6126.63,   -4.3,   0.76896, 2,    6126.62, -124.3,   0.76896, 3,    6126.62,  115.7,   0.76896
"SCN_CN15_9550_CEI109", 13.8, 1,    6130.26,   -4.3,   0.76941, 2,    6130.25, -124.3,   0.76941, 3,    6130.25,  115.7,   0.76941
"SCN_CN15_9548_CEI109", 13.8, 1,    6133.74,   -4.3,   0.76985, 2,    6133.73, -124.3,   0.76985, 3,    6133.73,  115.7,   0.76985
"SCN_CN15_9017_CEI109", 13.8, 1,    6138.48,   -4.2,   0.77045, 2,    6138.47, -124.2,   0.77045, 3,    6138.47,  115.8,   0.77045
"SCN_CN15_9548_CEI109_S", 13.8, 1,    6133.74,   -4.3,   0.76985, 2,    6133.73, -124.3,   0.76985, 3,    6133.73,  115.7,   0.76985
"SCN_CN15_9016_CEI109", 13.8, 1,    6138.38,   -4.2,   0.77043, 2,    6138.37, -124.2,   0.77043, 3,    6138.37,  115.8,   0.77043
"SCN_CN15_9014_CEI109", 13.8, 1,    6138.23,   -4.2,   0.77042, 2,    6138.22, -124.2,   0.77041, 3,    6138.23,  115.8,   0.77041
"SCN_CN15_9013_CEI109", 13.8, 1,    6138.17,   -4.2,   0.77041, 2,    6138.16, -124.2,   0.77041, 3,    6138.16,  115.8,   0.77041
"SCN_CN15_9012_CEI109", 13.8, 1,    6138.07,   -4.2,   0.77039, 2,    6138.06, -124.2,   0.77039, 3,    6138.06,  115.8,   0.77039
"SCN_CN15_9008_CEI109", 13.8, 1,    6137.99,   -4.2,   0.77039, 2,    6137.98, -124.2,   0.77038, 3,    6137.99,  115.8,   0.77038
"SCN_CN15_9009_CEI109", 13.8, 1,    6137.95,   -4.2,   0.77038, 2,    6137.94, -124.2,   0.77038, 3,    6137.94,  115.8,   0.77038
"SCN_CN15_9010_CEI109", 13.8, 1,    6137.92,   -4.2,   0.77038, 2,    6137.91, -124.2,   0.77037, 3,    6137.91,  115.8,   0.77037
"SCN_CN15_9011_CEI109", 13.8, 1,    6137.88,   -4.2,   0.77037, 2,    6137.87, -124.2,   0.77037, 3,    6137.87,  115.8,   0.77037
"SCN_CN15_9547_CEI109", 13.8, 1,    6133.67,   -4.3,   0.76984, 2,    6133.66, -124.3,   0.76984, 3,    6133.67,  115.7,   0.76984
"SCN_CN15_9007_CEI109", 13.8, 1,    6137.96,   -4.2,   0.77038, 2,    6137.95, -124.2,   0.77038, 3,    6137.95,  115.8,   0.77038
"SCN_CN15_9006_CEI109", 13.8, 1,    6137.94,   -4.2,   0.77038, 2,    6137.93, -124.2,   0.77038, 3,    6137.93,  115.8,   0.77038
"SCN_CN15_9005_CEI109", 13.8, 1,    6137.92,   -4.2,   0.77038, 2,    6137.91, -124.2,   0.77037, 3,    6137.91,  115.8,   0.77037
"SCN_CN15_9004_CEI109", 13.8, 1,     6137.9,   -4.2,   0.77037, 2,    6137.89, -124.2,   0.77037, 3,    6137.89,  115.8,   0.77037
"SCN_CN15_9002_CEI109", 13.8, 1,    6254.14,   -3.7,   0.78496, 2,    6254.13, -123.7,   0.78496, 3,    6254.13,  116.3,   0.78496
"SCN_CN15_9003_CEI109", 13.8, 1,    6254.14,   -3.7,   0.78496, 2,    6254.13, -123.7,   0.78496, 3,    6254.13,  116.3,   0.78496
"SCN_CN15_9001_CEI109", 13.8, 1,    6254.14,   -3.7,   0.78496, 2,    6254.13, -123.7,   0.78496, 3,    6254.13,  116.3,   0.78496
"SCN_CN15_9122_CEI201_ATV", 13.8, 1,    6254.14,   -3.7,   0.78496, 2,    6254.13, -123.7,   0.78496, 3,    6254.13,  116.3,   0.78496
"SCN_CN15_9241_CEI109", 13.8, 1,    6065.92,   -4.5,   0.76134, 2,    6065.91, -124.5,   0.76134, 3,    6065.91,  115.5,   0.76134
"SCN_CN15_9204_CEI109", 13.8, 1,    6065.93,   -4.5,   0.76134, 2,    6065.92, -124.5,   0.76134, 3,    6065.92,  115.5,   0.76134
"SCN_CN15_9242_CEI109", 13.8, 1,    6065.91,   -4.5,   0.76134, 2,     6065.9, -124.5,   0.76134, 3,    6065.91,  115.5,   0.76134
"SCN_CN15_9243_CEI109", 13.8, 1,     6065.9,   -4.5,   0.76134, 2,    6065.89, -124.5,   0.76134, 3,     6065.9,  115.5,   0.76134
"SCN_CN15_9244_CEI109", 13.8, 1,    6065.89,   -4.5,   0.76134, 2,    6065.88, -124.5,   0.76133, 3,    6065.88,  115.5,   0.76133
"SCN_CN15_9245_CEI109", 13.8, 1,    6065.88,   -4.5,   0.76133, 2,    6065.87, -124.5,   0.76133, 3,    6065.87,  115.5,   0.76133
"SCN_CN15_9190_CEI109", 13.8, 1,    6064.89,   -4.5,   0.76121, 2,    6064.88, -124.5,   0.76121, 3,    6064.88,  115.5,   0.76121
"SCN_CN15_9191_CEI109", 13.8, 1,    6064.87,   -4.5,   0.76121, 2,    6064.86, -124.5,   0.76121, 3,    6064.86,  115.5,   0.76121
"SCN_CN15_9166_CEI109", 13.8, 1,    6064.84,   -4.5,    0.7612, 2,    6064.83, -124.5,    0.7612, 3,    6064.83,  115.5,    0.7612
"SCN_CN15_9167_CEI109", 13.8, 1,    6064.84,   -4.5,    0.7612, 2,    6064.83, -124.5,    0.7612, 3,    6064.83,  115.5,    0.7612
"SCN_CN15_9168_CEI109", 13.8, 1,    6064.83,   -4.5,    0.7612, 2,    6064.82, -124.5,    0.7612, 3,    6064.82,  115.5,    0.7612
"SCN_CN15_9169_CEI109", 13.8, 1,    6064.82,   -4.5,    0.7612, 2,    6064.81, -124.5,    0.7612, 3,    6064.81,  115.5,    0.7612
"SCN_CN15_9183_CEI109", 13.8, 1,    6064.81,   -4.5,    0.7612, 2,     6064.8, -124.5,    0.7612, 3,     6064.8,  115.5,    0.7612
"SCN_CN15_9330_CEI109", 13.8, 1,    6040.09,   -4.6,    0.7581, 2,    6040.08, -124.6,    0.7581, 3,    6040.08,  115.4,    0.7581
"SCN_CN15_9329_CEI109", 13.8, 1,    6040.56,   -4.6,   0.75816, 2,    6040.56, -124.6,   0.75816, 3,    6040.56,  115.4,   0.75816
"SCN_CN15_9328_CEI109", 13.8, 1,    6040.89,   -4.6,    0.7582, 2,    6040.88, -124.6,    0.7582, 3,    6040.89,  115.4,    0.7582
"SCN_CN15_9165_CEI068", 13.8, 1,    6417.11,   -3.3,   0.80542, 2,     6417.1, -123.3,   0.80542, 3,     6417.1,  116.7,   0.80542
"SCN_CN15_9166_CEI068", 13.8, 1,    6417.06,   -3.3,   0.80541, 2,    6417.05, -123.3,   0.80541, 3,    6417.05,  116.7,   0.80541
"SCN_CN15_9327_CEI109", 13.8, 1,    6041.47,   -4.6,   0.75827, 2,    6041.46, -124.6,   0.75827, 3,    6041.46,  115.4,   0.75827
"SCN_CN15_9399_CEI109", 13.8, 1,    6042.01,   -4.6,   0.75834, 2,       6042, -124.6,   0.75834, 3,       6042,  115.4,   0.75834
"SCN_CN15_9029_CEI160_ATV", 13.8, 1,    6041.97,   -4.6,   0.75833, 2,    6041.96, -124.6,   0.75833, 3,    6041.96,  115.4,   0.75833
"SCN_CN15_9057_CEI075", 13.8, 1,    6162.96,   -3.8,   0.77352, 2,    6162.95, -123.8,   0.77352, 3,    6162.95,  116.2,   0.77352
"SCN_CN15_9054_CEIRJ006_ATV", 13.8, 1,    6162.95,   -3.8,   0.77352, 2,    6162.94, -123.8,   0.77352, 3,    6162.94,  116.2,   0.77352
"SCN_CN15_9040_CEI77A_ATV", 13.8, 1,    7211.79,   -1.8,   0.90516, 2,    7211.79, -121.8,   0.90516, 3,    7211.79,  118.2,   0.90516
"SCN_CN15_9042_CEI77A_ATV", 13.8, 1,    7211.76,   -1.8,   0.90516, 2,    7211.76, -121.8,   0.90515, 3,    7211.76,  118.2,   0.90515
"SCN_CN15_9043_CEI77A_ATV", 13.8, 1,    7211.73,   -1.8,   0.90515, 2,    7211.73, -121.8,   0.90515, 3,    7211.73,  118.2,   0.90515
"SCN_CN15_9190_CEI77A_ATV", 13.8, 1,    7841.28,   -0.5,   0.98417, 2,    7841.27, -120.5,   0.98417, 3,    7841.27,  119.5,   0.98417
"SCN_CN15_9194_CEI77A_ATV", 13.8, 1,     7853.6,   -0.5,   0.98571, 2,     7853.6, -120.5,   0.98571, 3,     7853.6,  119.5,   0.98571
"SCN_CN15_9195_CEI77A_ATV", 13.8, 1,    7874.53,   -0.4,   0.98834, 2,    7874.53, -120.4,   0.98834, 3,    7874.53,  119.6,   0.98834
"SCN_CN15_9196_CEI77A_ATV", 13.8, 1,    7895.33,   -0.4,   0.99095, 2,    7895.33, -120.4,   0.99095, 3,    7895.33,  119.6,   0.99095
"SCN_CN15_9197_CEI77A_ATV", 13.8, 1,    7917.89,   -0.3,   0.99378, 2,    7917.89, -120.3,   0.99378, 3,    7917.89,  119.7,   0.99378
"SCN_CN15_9198_CEI77A_ATV", 13.8, 1,    7924.86,   -0.3,   0.99466, 2,    7924.86, -120.3,   0.99466, 3,    7924.86,  119.7,   0.99466
"SCN_CN15_9200_CEI77A_ATV", 13.8, 1,    7637.85,   -1.0,   0.95863, 2,    7637.85, -121.0,   0.95863, 3,    7637.85,  119.0,   0.95863
"SCN_CN15_9201_CEI77A_ATV", 13.8, 1,    7637.88,   -1.0,   0.95864, 2,    7637.88, -121.0,   0.95864, 3,    7637.88,  119.0,   0.95864
"SCN_CN15_9039_CEI076", 13.8, 1,     6534.8,   -3.1,   0.82019, 2,    6534.79, -123.1,   0.82019, 3,    6534.79,  116.9,   0.82019
"SCN_CN15_9041_CEI076", 13.8, 1,     6534.8,   -3.1,   0.82019, 2,    6534.79, -123.1,   0.82019, 3,    6534.79,  116.9,   0.82019
"SCN_CN15_9042_CEI076", 13.8, 1,     6534.8,   -3.1,   0.82019, 2,    6534.79, -123.1,   0.82019, 3,    6534.79,  116.9,   0.82019
"SCN_CN15_9044_CEI076", 13.8, 1,     6534.8,   -3.1,   0.82019, 2,    6534.79, -123.1,   0.82019, 3,    6534.79,  116.9,   0.82019
"SCN_CN15_9045_CEI076", 13.8, 1,     6534.8,   -3.1,   0.82019, 2,    6534.79, -123.1,   0.82019, 3,    6534.79,  116.9,   0.82019
"SCN_CN15_9057_CEI068", 13.8, 1,    6529.36,   -3.1,   0.81951, 2,    6529.35, -123.1,   0.81951, 3,    6529.35,  116.9,   0.81951
"SCN_CN15_9058_CEI068", 13.8, 1,    6529.36,   -3.1,   0.81951, 2,    6529.35, -123.1,    0.8195, 3,    6529.35,  116.9,    0.8195
"SCN_CN15_9236_CEI068", 13.8, 1,    6529.35,   -3.1,   0.81951, 2,    6529.35, -123.1,    0.8195, 3,    6529.35,  116.9,    0.8195
"SCN_CN15_9240_CEI068", 13.8, 1,    6529.35,   -3.1,    0.8195, 2,    6529.34, -123.1,    0.8195, 3,    6529.34,  116.9,    0.8195
"SCN_CN15_9063_CEI072", 13.8, 1,     7019.6,   -2.2,   0.88104, 2,     7019.6, -122.2,   0.88104, 3,     7019.6,  117.8,   0.88104
"SCN_CN15_CEI_FL_MT_37442", 13.8, 1,    7019.72,   -2.2,   0.88105, 2,    7019.72, -122.2,   0.88105, 3,    7019.72,  117.8,   0.88105
"SCN_CN15_9088_CEI072", 13.8, 1,    7019.72,   -2.2,   0.88105, 2,    7019.72, -122.2,   0.88105, 3,    7019.72,  117.8,   0.88105
"SCN_CN15_9089_CEI072", 13.8, 1,    7023.67,   -2.2,   0.88155, 2,    7023.67, -122.2,   0.88155, 3,    7023.67,  117.8,   0.88155
"SCN_CN15_9062_CEI072", 13.8, 1,    7014.74,   -2.2,   0.88043, 2,    7014.73, -122.2,   0.88043, 3,    7014.74,  117.8,   0.88043
"SCN_CN15_9061_CEI071", 13.8, 1,    6828.18,   -2.6,   0.85701, 2,    6828.17, -122.6,   0.85701, 3,    6828.17,  117.4,   0.85701
"SCN_CN15_9072_CEI071", 13.8, 1,    6828.14,   -2.6,   0.85701, 2,    6828.13, -122.6,   0.85701, 3,    6828.13,  117.4,   0.85701
"SCN_CN15_9073_CEI071", 13.8, 1,    6828.11,   -2.6,     0.857, 2,     6828.1, -122.6,     0.857, 3,     6828.1,  117.4,     0.857
"SCN_CN15_9075_CEI071", 13.8, 1,    6828.07,   -2.6,     0.857, 2,    6828.06, -122.6,     0.857, 3,    6828.06,  117.4,     0.857
"SCN_CN15_9078_CEI071", 13.8, 1,    6828.03,   -2.6,   0.85699, 2,    6828.03, -122.6,   0.85699, 3,    6828.03,  117.4,   0.85699
"SCN_CN15_9079_CEI071", 13.8, 1,       6828,   -2.6,   0.85699, 2,    6827.99, -122.6,   0.85699, 3,    6827.99,  117.4,   0.85699
"SCN_CN15_9080_CEI071", 13.8, 1,    6827.97,   -2.6,   0.85698, 2,    6827.96, -122.6,   0.85698, 3,    6827.97,  117.4,   0.85698
"SCN_CN15_9081_CEI071", 13.8, 1,    6827.93,   -2.6,   0.85698, 2,    6827.93, -122.6,   0.85698, 3,    6827.93,  117.4,   0.85698
"SCN_CN15_9082_CEI071", 13.8, 1,     6827.9,   -2.6,   0.85698, 2,    6827.89, -122.6,   0.85697, 3,    6827.89,  117.4,   0.85697
"SCN_CN15_9083_CEI071", 13.8, 1,    6827.87,   -2.6,   0.85697, 2,    6827.86, -122.6,   0.85697, 3,    6827.86,  117.4,   0.85697
"SCN_CN15_9084_CEI071", 13.8, 1,    6827.83,   -2.6,   0.85697, 2,    6827.82, -122.6,   0.85697, 3,    6827.82,  117.4,   0.85697
"SCN_CN15_9145_CEI220_ATV", 13.8, 1,    6166.68,   -4.1,   0.77399, 2,    6166.67, -124.1,   0.77398, 3,    6166.67,  115.9,   0.77398
"SCN_CN15_9146_CEI220_ATV", 13.8, 1,    6166.59,   -4.1,   0.77397, 2,    6166.58, -124.1,   0.77397, 3,    6166.59,  115.9,   0.77397
"SCN_CN15_9004_CEI220_ATV", 13.8, 1,    6253.97,   -3.7,   0.78494, 2,    6253.96, -123.7,   0.78494, 3,    6253.96,  116.3,   0.78494
"SCN_CN15_9005_CEI220_ATV", 13.8, 1,    6253.97,   -3.7,   0.78494, 2,    6253.96, -123.7,   0.78494, 3,    6253.96,  116.3,   0.78494
"SCN_CN15_9088_CEI201_ATV", 13.8, 1,     6246.4,   -3.7,   0.78399, 2,    6246.39, -123.7,   0.78399, 3,    6246.39,  116.3,   0.78399
"SCN_CN15_9089_CEI201_ATV", 13.8, 1,    6246.41,   -3.7,   0.78399, 2,     6246.4, -123.7,   0.78399, 3,     6246.4,  116.3,   0.78399
"SCN_CN15_9016_CEIRJ003", 13.8, 1,    6246.99,   -3.7,   0.78407, 2,    6246.98, -123.7,   0.78406, 3,    6246.98,  116.3,   0.78406
"SCN_CN15_9089_CEI201_ATV_S", 13.8, 1,    6246.41,   -3.7,   0.78399, 2,     6246.4, -123.7,   0.78399, 3,     6246.4,  116.3,   0.78399
"SCN_CN15_9123_CEI69B", 13.8, 1,    6245.56,   -3.7,   0.78389, 2,    6245.55, -123.7,   0.78388, 3,    6245.55,  116.3,   0.78388
"SCN_CN15_9121_CEI69B", 13.8, 1,    6243.65,   -3.7,   0.78365, 2,    6243.64, -123.7,   0.78365, 3,    6243.64,  116.3,   0.78365
"SCN_CN15_9119_CEI69B", 13.8, 1,    6241.32,   -3.7,   0.78335, 2,    6241.31, -123.7,   0.78335, 3,    6241.31,  116.3,   0.78335
"SCN_CN15_9276_CEI109", 13.8, 1,    6100.65,   -4.4,    0.7657, 2,    6100.64, -124.4,    0.7657, 3,    6100.64,  115.6,    0.7657
"SCN_CN15_9277_CEI109", 13.8, 1,    6098.76,   -4.4,   0.76546, 2,    6098.75, -124.4,   0.76546, 3,    6098.75,  115.6,   0.76546
"SCN_CN15_9118_CEI69B", 13.8, 1,    6239.13,   -3.7,   0.78308, 2,    6239.12, -123.7,   0.78308, 3,    6239.12,  116.3,   0.78308
"SCN_CN15_9114_CEI230_ATV", 13.8, 1,    6233.64,   -3.7,   0.78239, 2,    6233.63, -123.7,   0.78239, 3,    6233.63,  116.3,   0.78239
"SCN_CN15_9113_CEI230_ATV", 13.8, 1,    6229.64,   -3.7,   0.78189, 2,    6229.63, -123.7,   0.78189, 3,    6229.63,  116.3,   0.78189
"SCN_CN15_9112_CEI230_ATV", 13.8, 1,    6222.11,   -3.8,   0.78094, 2,     6222.1, -123.8,   0.78094, 3,     6222.1,  116.2,   0.78094
"SCN_CN15_9111_CEI230_ATV_S", 13.8, 1,    6221.48,   -3.8,   0.78086, 2,    6221.47, -123.8,   0.78086, 3,    6221.47,  116.2,   0.78086
"SCN_CN15_9110_CEI230_ATV", 13.8, 1,    6221.46,   -3.8,   0.78086, 2,    6221.45, -123.8,   0.78086, 3,    6221.45,  116.2,   0.78086
"SCN_CN15_9111_CEI230_ATV", 13.8, 1,    6221.48,   -3.8,   0.78086, 2,    6221.47, -123.8,   0.78086, 3,    6221.47,  116.2,   0.78086
"SCN_CN15_9109_CEI230_ATV", 13.8, 1,    6221.43,   -3.8,   0.78086, 2,    6221.42, -123.8,   0.78086, 3,    6221.42,  116.2,   0.78086
"SCN_CN15_9108_CEI230_ATV", 13.8, 1,    6221.41,   -3.8,   0.78086, 2,     6221.4, -123.8,   0.78085, 3,    6221.41,  116.2,   0.78085
"SCN_CN15_9107_CEI230_ATV", 13.8, 1,     6221.4,   -3.8,   0.78085, 2,    6221.39, -123.8,   0.78085, 3,    6221.39,  116.2,   0.78085
"SCN_CN15_9106_CEI230_ATV", 13.8, 1,    6221.39,   -3.8,   0.78085, 2,    6221.38, -123.8,   0.78085, 3,    6221.38,  116.2,   0.78085
"SCN_CN15_9278_CEI109", 13.8, 1,    6097.08,   -4.4,   0.76525, 2,    6097.07, -124.4,   0.76525, 3,    6097.07,  115.6,   0.76525
"SCN_CN15_9104_CEI230_ATV", 13.8, 1,    6221.38,   -3.8,   0.78085, 2,    6221.37, -123.8,   0.78085, 3,    6221.37,  116.2,   0.78085
"SCN_CN15_9105_CEI230_ATV", 13.8, 1,    6221.36,   -3.8,   0.78085, 2,    6221.35, -123.8,   0.78085, 3,    6221.35,  116.2,   0.78085
"SCN_CN15_9103_CEI230_ATV", 13.8, 1,    6221.35,   -3.8,   0.78085, 2,    6221.34, -123.8,   0.78085, 3,    6221.34,  116.2,   0.78085
"SCN_CN15_9102_CEI230_ATV", 13.8, 1,    6221.34,   -3.8,   0.78085, 2,    6221.33, -123.8,   0.78084, 3,    6221.33,  116.2,   0.78084
"SCN_CN15_9100_CEI230_ATV", 13.8, 1,    6221.33,   -3.8,   0.78084, 2,    6221.32, -123.8,   0.78084, 3,    6221.32,  116.2,   0.78084
"SCN_CN15_9099_CEI230_ATV", 13.8, 1,    6221.31,   -3.8,   0.78084, 2,     6221.3, -123.8,   0.78084, 3,    6221.31,  116.2,   0.78084
"SCN_CN15_9098_CEI230_ATV", 13.8, 1,     6221.3,   -3.8,   0.78084, 2,     6221.3, -123.8,   0.78084, 3,     6221.3,  116.2,   0.78084
"SCN_CN15_9097_CEI230_ATV", 13.8, 1,    6221.29,   -3.8,   0.78084, 2,    6221.28, -123.8,   0.78084, 3,    6221.28,  116.2,   0.78084
"SCN_CN15_9096_CEI230_ATV", 13.8, 1,    6221.28,   -3.8,   0.78084, 2,    6221.27, -123.8,   0.78084, 3,    6221.27,  116.2,   0.78084
"SCN_CN15_9094_CEI230_ATV", 13.8, 1,    6221.27,   -3.8,   0.78084, 2,    6221.26, -123.8,   0.78084, 3,    6221.26,  116.2,   0.78084
"SCN_CN15_9281_CEI109", 13.8, 1,    6095.84,   -4.4,   0.76509, 2,    6095.83, -124.4,   0.76509, 3,    6095.83,  115.6,   0.76509
"SCN_CN15_9095_CEI230_ATV", 13.8, 1,    6221.27,   -3.8,   0.78084, 2,    6221.26, -123.8,   0.78084, 3,    6221.26,  116.2,   0.78084
"SCN_CN15_9120_CEI230_ATV", 13.8, 1,    6213.71,   -3.8,   0.77989, 2,     6213.7, -123.8,   0.77989, 3,     6213.7,  116.2,   0.77989
"SCN_CN15_9115_CEI230_ATV", 13.8, 1,    6213.58,   -3.8,   0.77987, 2,    6213.57, -123.8,   0.77987, 3,    6213.57,  116.2,   0.77987
"SCN_CN15_9119_CEI230_ATV", 13.8, 1,    6206.15,   -3.8,   0.77894, 2,    6206.14, -123.8,   0.77894, 3,    6206.14,  116.2,   0.77894
"SCN_CN15_9331_CEI109", 13.8, 1,    6039.54,   -4.6,   0.75803, 2,    6039.53, -124.6,   0.75803, 3,    6039.53,  115.4,   0.75803
"SCN_CN15_9332_CEI109", 13.8, 1,    6039.23,   -4.6,   0.75799, 2,    6039.22, -124.6,   0.75799, 3,    6039.22,  115.4,   0.75799
"SCN_CN15_9118_CEI230_ATV", 13.8, 1,     6198.7,   -3.8,     0.778, 2,    6198.69, -123.8,     0.778, 3,    6198.69,  116.2,     0.778
"SCN_CN15_9117_CEI230_ATV", 13.8, 1,    6190.96,   -3.8,   0.77703, 2,    6190.95, -123.8,   0.77703, 3,    6190.95,  116.2,   0.77703
"SCN_CN15_9116_CEI230_ATV", 13.8, 1,    6183.63,   -3.8,   0.77611, 2,    6183.62, -123.8,   0.77611, 3,    6183.62,  116.2,   0.77611
"SCN_CN15_9014_CEIRJ003", 13.8, 1,    6176.59,   -3.8,   0.77523, 2,    6176.58, -123.8,   0.77523, 3,    6176.58,  116.2,   0.77523
"SCN_CN15_9002_CEI075", 13.8, 1,     6175.7,   -3.8,   0.77512, 2,    6175.69, -123.8,   0.77512, 3,    6175.69,  116.2,   0.77512
"SCN_CN15_9003_CEI075", 13.8, 1,    6174.77,   -3.8,     0.775, 2,    6174.76, -123.8,     0.775, 3,    6174.76,  116.2,     0.775
"SCN_CN15_9282_CEI109", 13.8, 1,    6094.66,   -4.4,   0.76495, 2,    6094.65, -124.4,   0.76495, 3,    6094.65,  115.6,   0.76495
"SCN_CN15_9004_CEI075", 13.8, 1,    6173.72,   -3.8,   0.77487, 2,    6173.71, -123.8,   0.77487, 3,    6173.71,  116.2,   0.77487
"SCN_CN15_9052_CEIRJ006_ATV", 13.8, 1,    6174.75,   -3.8,     0.775, 2,    6174.74, -123.8,     0.775, 3,    6174.74,  116.2,     0.775
"SCN_CN15_9005_CEI075", 13.8, 1,    6172.64,   -3.8,   0.77473, 2,    6172.63, -123.8,   0.77473, 3,    6172.63,  116.2,   0.77473
"SCN_CN15_9006_CEI075", 13.8, 1,    6171.33,   -3.8,   0.77457, 2,    6171.32, -123.8,   0.77457, 3,    6171.32,  116.2,   0.77457
"SCN_CN15_9007_CEI075", 13.8, 1,    6170.34,   -3.8,   0.77445, 2,    6170.33, -123.8,   0.77444, 3,    6170.33,  116.2,   0.77444
"SCN_CN15_9008_CEI075", 13.8, 1,     6169.1,   -3.8,   0.77429, 2,    6169.09, -123.8,   0.77429, 3,    6169.09,  116.2,   0.77429
"SCN_CN15_9009_CEI075", 13.8, 1,    6167.88,   -3.8,   0.77414, 2,    6167.87, -123.8,   0.77413, 3,    6167.87,  116.2,   0.77413
"SCN_CN15_9169_CEI230_ATV", 13.8, 1,    6167.87,   -3.8,   0.77413, 2,    6167.86, -123.8,   0.77413, 3,    6167.86,  116.2,   0.77413
"SCN_CN15_9010_CEI075", 13.8, 1,    6167.69,   -3.8,   0.77411, 2,    6167.68, -123.8,   0.77411, 3,    6167.68,  116.2,   0.77411
"SCN_CN15_9011_CEI075", 13.8, 1,     6167.5,   -3.8,   0.77409, 2,    6167.49, -123.8,   0.77409, 3,    6167.49,  116.2,   0.77409
"SCN_CN15_9012_CEI075", 13.8, 1,    6167.31,   -3.8,   0.77406, 2,     6167.3, -123.8,   0.77406, 3,     6167.3,  116.2,   0.77406
"SCN_CN15_9283_CEI109", 13.8, 1,    6092.87,   -4.4,   0.76472, 2,    6092.86, -124.4,   0.76472, 3,    6092.87,  115.6,   0.76472
"SCN_CN15_9013_CEI075", 13.8, 1,    6167.04,   -3.8,   0.77403, 2,    6167.03, -123.8,   0.77403, 3,    6167.03,  116.2,   0.77403
"SCN_CN15_9014_CEI075", 13.8, 1,    6166.78,   -3.8,     0.774, 2,    6166.77, -123.8,     0.774, 3,    6166.77,  116.2,     0.774
"SCN_CN15_9015_CEI075", 13.8, 1,    6166.53,   -3.8,   0.77397, 2,    6166.52, -123.8,   0.77397, 3,    6166.52,  116.2,   0.77397
"SCN_CN15_9016_CEI075", 13.8, 1,    6166.27,   -3.8,   0.77393, 2,    6166.26, -123.8,   0.77393, 3,    6166.26,  116.2,   0.77393
"SCN_CN15_9017_CEI075", 13.8, 1,    6166.02,   -3.8,    0.7739, 2,    6166.01, -123.8,    0.7739, 3,    6166.01,  116.2,    0.7739
"SCN_CN15_9018_CEI075", 13.8, 1,    6165.76,   -3.8,   0.77387, 2,    6165.75, -123.8,   0.77387, 3,    6165.75,  116.2,   0.77387
"SCN_CN15_9019_CEI075", 13.8, 1,    6165.63,   -3.8,   0.77385, 2,    6165.62, -123.8,   0.77385, 3,    6165.62,  116.2,   0.77385
"SCN_CN15_9020_CEI075", 13.8, 1,     6165.5,   -3.8,   0.77384, 2,    6165.49, -123.8,   0.77384, 3,    6165.49,  116.2,   0.77384
"SCN_CN15_9022_CEI075", 13.8, 1,    6165.27,   -3.8,   0.77381, 2,    6165.26, -123.8,   0.77381, 3,    6165.26,  116.2,   0.77381
"SCN_CN15_9023_CEI075", 13.8, 1,    6165.06,   -3.8,   0.77378, 2,    6165.05, -123.8,   0.77378, 3,    6165.05,  116.2,   0.77378
"SCN_CN15_9284_CEI109", 13.8, 1,    6091.48,   -4.4,   0.76455, 2,    6091.47, -124.4,   0.76455, 3,    6091.47,  115.6,   0.76455
"SCN_CN15_9024_CEI075", 13.8, 1,    6164.81,   -3.8,   0.77375, 2,     6164.8, -123.8,   0.77375, 3,     6164.8,  116.2,   0.77375
"SCN_CN15_9025_CEI075", 13.8, 1,    6164.58,   -3.8,   0.77372, 2,    6164.57, -123.8,   0.77372, 3,    6164.57,  116.2,   0.77372
"SCN_CN15_9072_CEI230_ATV", 13.8, 1,    6164.56,   -3.8,   0.77372, 2,    6164.55, -123.8,   0.77372, 3,    6164.55,  116.2,   0.77372
"SCN_CN15_9028_CEI075", 13.8, 1,    6164.06,   -3.8,   0.77366, 2,    6164.05, -123.8,   0.77366, 3,    6164.05,  116.2,   0.77366
"SCN_CN15_9029_CEI075", 13.8, 1,    6163.94,   -3.8,   0.77364, 2,    6163.93, -123.8,   0.77364, 3,    6163.93,  116.2,   0.77364
"SCN_CN15_9027_CEI075", 13.8, 1,    6164.18,   -3.8,   0.77367, 2,    6164.17, -123.8,   0.77367, 3,    6164.17,  116.2,   0.77367
"SCN_CN15_9026_CEI075", 13.8, 1,    6164.38,   -3.8,    0.7737, 2,    6164.37, -123.8,    0.7737, 3,    6164.37,  116.2,    0.7737
"SCN_CN15_9030_CEI075", 13.8, 1,    6163.89,   -3.8,   0.77364, 2,    6163.88, -123.8,   0.77363, 3,    6163.88,  116.2,   0.77363
"SCN_CN15_9074_CEI230_ATV", 13.8, 1,    6163.74,   -3.8,   0.77362, 2,    6163.73, -123.8,   0.77362, 3,    6163.73,  116.2,   0.77362
"SCN_CN15_9075_CEI230_ATV", 13.8, 1,    6163.65,   -3.8,    0.7736, 2,    6163.64, -123.8,    0.7736, 3,    6163.64,  116.2,    0.7736
"SCN_CN15_9292_CEI109_S", 13.8, 1,    6089.41,   -4.4,   0.76429, 2,     6089.4, -124.4,   0.76429, 3,     6089.4,  115.6,   0.76429
"SCN_CN15_9076_CEI230_ATV_S", 13.8, 1,    6163.59,   -3.8,    0.7736, 2,    6163.58, -123.8,    0.7736, 3,    6163.57,  116.2,    0.7736
"SCN_CN15_9076_CEI230_ATV", 13.8, 1,    6163.59,   -3.8,    0.7736, 2,    6163.58, -123.8,    0.7736, 3,    6163.57,  116.2,    0.7736
"SCN_CN15_9079_CEI230_ATV", 13.8, 1,    6163.51,   -3.8,   0.77359, 2,     6163.5, -123.8,   0.77359, 3,     6163.5,  116.2,   0.77359
"SCN_CN15_9078_CEI230_ATV", 13.8, 1,    6163.44,   -3.8,   0.77358, 2,    6163.43, -123.8,   0.77358, 3,    6163.43,  116.2,   0.77358
"SCN_CN15_9077_CEI230_ATV", 13.8, 1,    6163.49,   -3.8,   0.77359, 2,    6163.48, -123.8,   0.77358, 3,    6163.48,  116.2,   0.77358
"SCN_CN15_9080_CEI230_ATV", 13.8, 1,    6163.39,   -3.8,   0.77357, 2,    6163.38, -123.8,   0.77357, 3,    6163.38,  116.2,   0.77357
"SCN_CN15_9081_CEI230_ATV", 13.8, 1,    6163.31,   -3.8,   0.77356, 2,     6163.3, -123.8,   0.77356, 3,     6163.3,  116.2,   0.77356
"SCN_CN15_9082_CEI230_ATV", 13.8, 1,    6163.31,   -3.8,   0.77356, 2,     6163.3, -123.8,   0.77356, 3,     6163.3,  116.2,   0.77356
"SCN_CN15_9084_CEI230_ATV", 13.8, 1,    6163.28,   -3.8,   0.77356, 2,    6163.27, -123.8,   0.77356, 3,    6163.27,  116.2,   0.77356
"SCN_CN15_9085_CEI230_ATV", 13.8, 1,    6163.24,   -3.8,   0.77355, 2,    6163.23, -123.8,   0.77355, 3,    6163.23,  116.2,   0.77355
"SCN_CN15_9086_CEI230_ATV", 13.8, 1,    6163.21,   -3.8,   0.77355, 2,     6163.2, -123.8,   0.77355, 3,     6163.2,  116.2,   0.77355
"SCN_CN15_9292_CEI109", 13.8, 1,    6089.41,   -4.4,   0.76429, 2,     6089.4, -124.4,   0.76429, 3,     6089.4,  115.6,   0.76429
"SCN_CN15_9423_CEI109", 13.8, 1,    6089.34,   -4.4,   0.76428, 2,    6089.33, -124.4,   0.76428, 3,    6089.34,  115.6,   0.76428
"SCN_CN15_9087_CEI230_ATV", 13.8, 1,    6163.18,   -3.8,   0.77355, 2,    6163.17, -123.8,   0.77355, 3,    6163.17,  116.2,   0.77355
"SCN_CN15_9083_CEI230_ATV", 13.8, 1,    6163.28,   -3.8,   0.77356, 2,    6163.27, -123.8,   0.77356, 3,    6163.27,  116.2,   0.77356
"SCN_CN15_9088_CEI230_ATV", 13.8, 1,    6163.25,   -3.8,   0.77356, 2,    6163.24, -123.8,   0.77355, 3,    6163.24,  116.2,   0.77355
"SCN_CN15_9090_CEI230_ATV", 13.8, 1,    6163.23,   -3.8,   0.77355, 2,    6163.22, -123.8,   0.77355, 3,    6163.21,  116.2,   0.77355
"SCN_CN15_9084_CEI148_ATV", 13.8, 1,    6025.03,   -4.7,   0.75621, 2,    6025.02, -124.7,   0.75621, 3,    6025.02,  115.3,   0.75621
"SCN_CN15_9083_CEI148_ATV", 13.8, 1,    6025.52,   -4.7,   0.75627, 2,    6025.51, -124.7,   0.75627, 3,    6025.51,  115.3,   0.75627
"SCN_CN15_9086_CEI148_ATV", 13.8, 1,    6024.64,   -4.7,   0.75616, 2,    6024.63, -124.7,   0.75616, 3,    6024.63,  115.3,   0.75616
"SCN_CN15_9100_CEI201_ATV", 13.8, 1,    6234.65,   -3.8,   0.78252, 2,    6234.64, -123.8,   0.78252, 3,    6234.64,  116.2,   0.78252
"SCN_CN15_9102_CEI201_ATV", 13.8, 1,    6234.69,   -3.8,   0.78252, 2,    6234.68, -123.8,   0.78252, 3,    6234.68,  116.2,   0.78252
"SCN_CN15_9087_CEI148_ATV", 13.8, 1,    6023.84,   -4.7,   0.75606, 2,    6023.83, -124.7,   0.75606, 3,    6023.83,  115.3,   0.75606
"SCN_CN15_9088_CEI148_ATV", 13.8, 1,     6023.8,   -4.7,   0.75605, 2,    6023.79, -124.7,   0.75605, 3,     6023.8,  115.3,   0.75605
"SCN_CN15_9090_CEI148_ATV", 13.8, 1,    6023.73,   -4.7,   0.75604, 2,    6023.72, -124.7,   0.75604, 3,    6023.72,  115.3,   0.75604
"SCN_CN15_9424_CEI109", 13.8, 1,    6089.24,   -4.4,   0.76427, 2,    6089.23, -124.4,   0.76427, 3,    6089.24,  115.6,   0.76427
"SCN_CN15_9034_CEI148A_ATV", 13.8, 1,    6023.31,   -4.7,   0.75599, 2,     6023.3, -124.7,   0.75599, 3,    6023.31,  115.3,   0.75599
"SCN_CN15_9033_CEI148A_ATV", 13.8, 1,    6022.84,   -4.7,   0.75593, 2,    6022.83, -124.7,   0.75593, 3,    6022.83,  115.3,   0.75593
"SCN_CN15_9035_CEI148A_ATV", 13.8, 1,    6022.83,   -4.7,   0.75593, 2,    6022.82, -124.7,   0.75593, 3,    6022.82,  115.3,   0.75593
"SCN_CN15_9031_CEI148A_ATV", 13.8, 1,    6022.35,   -4.7,   0.75587, 2,    6022.34, -124.7,   0.75587, 3,    6022.34,  115.3,   0.75587
"SCN_CN15_9030_CEI148A_ATV", 13.8, 1,     6021.9,   -4.7,   0.75581, 2,    6021.89, -124.7,   0.75581, 3,    6021.89,  115.3,   0.75581
"SCN_CN15_9029_CEI148A_ATV_S", 13.8, 1,    6021.85,   -4.7,   0.75581, 2,    6021.84, -124.7,   0.75581, 3,    6021.84,  115.3,   0.75581
"SCN_CN15_9028_CEI148A_ATV", 13.8, 1,    6021.83,   -4.7,   0.75581, 2,    6021.82, -124.7,    0.7558, 3,    6021.82,  115.3,    0.7558
"SCN_CN15_9029_CEI148A_ATV", 13.8, 1,    6021.85,   -4.7,   0.75581, 2,    6021.84, -124.7,   0.75581, 3,    6021.84,  115.3,   0.75581
"SCN_CN15_9032_CEI148A_ATV", 13.8, 1,    6021.83,   -4.7,   0.75581, 2,    6021.82, -124.7,    0.7558, 3,    6021.82,  115.3,    0.7558
"SCN_CN15_9078_CEI201_ATV", 13.8, 1,     6021.8,   -4.7,    0.7558, 2,    6021.79, -124.7,    0.7558, 3,    6021.79,  115.3,    0.7558
"SCN_CN15_9075_CEI201_ATV", 13.8, 1,    6021.77,   -4.7,    0.7558, 2,    6021.76, -124.7,    0.7558, 3,    6021.76,  115.3,    0.7558
"SCN_CN15_9425_CEI109", 13.8, 1,    6089.15,   -4.4,   0.76426, 2,    6089.14, -124.4,   0.76425, 3,    6089.14,  115.6,   0.76425
"SCN_CN15_9025_CEI148A_ATV", 13.8, 1,    6021.45,   -4.7,   0.75576, 2,    6021.44, -124.7,   0.75576, 3,    6021.45,  115.3,   0.75576
"SCN_CN15_9023_CEI148A_ATV_S", 13.8, 1,     6020.6,   -4.7,   0.75565, 2,    6020.59, -124.7,   0.75565, 3,    6020.59,  115.3,   0.75565
"SCN_CN15_9028_CEI69A", 13.8, 1,    6020.59,   -4.7,   0.75565, 2,    6020.57, -124.7,   0.75565, 3,    6020.58,  115.3,   0.75565
"SCN_CN15_9023_CEI148A_ATV", 13.8, 1,     6020.6,   -4.7,   0.75565, 2,    6020.59, -124.7,   0.75565, 3,    6020.59,  115.3,   0.75565
"SCN_CN15_9022_CEI148A_ATV", 13.8, 1,    6020.56,   -4.7,   0.75565, 2,    6020.55, -124.7,   0.75565, 3,    6020.55,  115.3,   0.75565
"SCN_CN15_9021_CEI148A_ATV", 13.8, 1,    6020.52,   -4.7,   0.75564, 2,    6020.51, -124.7,   0.75564, 3,    6020.51,  115.3,   0.75564
"SCN_CN15_9020_CEI148A_ATV_S", 13.8, 1,    6020.49,   -4.7,   0.75564, 2,    6020.48, -124.7,   0.75564, 3,    6020.48,  115.3,   0.75564
"SCN_CN15_9020_CEI148A_ATV", 13.8, 1,    6020.49,   -4.7,   0.75564, 2,    6020.48, -124.7,   0.75564, 3,    6020.48,  115.3,   0.75564
"SCN_CN15_9019_CEI148A_ATV", 13.8, 1,    6020.48,   -4.7,   0.75564, 2,    6020.47, -124.7,   0.75564, 3,    6020.47,  115.3,   0.75564
"SCN_CN15_9001_CEI148A_ATV", 13.8, 1,    6018.09,   -4.7,   0.75534, 2,    6018.08, -124.7,   0.75533, 3,    6018.08,  115.3,   0.75534
"SCN_CN15_9002_CEI148A_ATV", 13.8, 1,    6018.14,   -4.7,   0.75534, 2,    6018.13, -124.7,   0.75534, 3,    6018.13,  115.3,   0.75534
"SCN_CN15_9003_CEI148A_ATV", 13.8, 1,    6018.16,   -4.7,   0.75534, 2,    6018.15, -124.7,   0.75534, 3,    6018.15,  115.3,   0.75534
"SCN_CN15_9005_CEI148A_ATV", 13.8, 1,    6018.17,   -4.7,   0.75535, 2,    6018.16, -124.7,   0.75535, 3,    6018.17,  115.3,   0.75535
"SCN_CN15_9426_CEI109", 13.8, 1,    6089.07,   -4.4,   0.76425, 2,    6089.06, -124.4,   0.76424, 3,    6089.07,  115.6,   0.76424
"SCN_CN15_9004_CEI148A_ATV", 13.8, 1,     6018.2,   -4.7,   0.75535, 2,    6018.19, -124.7,   0.75535, 3,    6018.19,  115.3,   0.75535
"SCN_CN15_9143_CEI220_ATV", 13.8, 1,     6166.8,   -4.1,     0.774, 2,    6166.79, -124.1,     0.774, 3,    6166.79,  115.9,     0.774
"SCN_CN15_9144_CEI220_ATV", 13.8, 1,    6166.74,   -4.1,   0.77399, 2,    6166.73, -124.1,   0.77399, 3,    6166.73,  115.9,   0.77399
"SCN_CN15_9006_CEI148A_ATV", 13.8, 1,    6018.24,   -4.7,   0.75536, 2,    6018.23, -124.7,   0.75535, 3,    6018.23,  115.3,   0.75535
"SCN_CN15_9007_CEI148A_ATV", 13.8, 1,    6018.29,   -4.7,   0.75536, 2,    6018.28, -124.7,   0.75536, 3,    6018.28,  115.3,   0.75536
"SCN_CN15_9008_CEI148A_ATV", 13.8, 1,    6018.37,   -4.7,   0.75537, 2,    6018.36, -124.7,   0.75537, 3,    6018.37,  115.3,   0.75537
"SCN_CN15_9010_CEI148A_ATV", 13.8, 1,    6018.51,   -4.7,   0.75539, 2,     6018.5, -124.7,   0.75539, 3,     6018.5,  115.3,   0.75539
"SCN_CN15_9009_CEI148A_ATV", 13.8, 1,    6018.37,   -4.7,   0.75537, 2,    6018.36, -124.7,   0.75537, 3,    6018.36,  115.3,   0.75537
"SCN_CN15_9011_CEI148A_ATV", 13.8, 1,    6018.59,   -4.7,    0.7554, 2,    6018.58, -124.7,    0.7554, 3,    6018.59,  115.3,    0.7554
"SCN_CN15_9012_CEI148A_ATV", 13.8, 1,    6018.67,   -4.7,   0.75541, 2,    6018.66, -124.7,   0.75541, 3,    6018.66,  115.3,   0.75541
"SCN_CN15_9013_CEI148A_ATV", 13.8, 1,     6018.8,   -4.7,   0.75543, 2,    6018.79, -124.7,   0.75542, 3,    6018.79,  115.3,   0.75542
"SCN_CN15_9014_CEI148A_ATV", 13.8, 1,    6018.97,   -4.7,   0.75545, 2,    6018.96, -124.7,   0.75545, 3,    6018.96,  115.3,   0.75545
"SCN_CN15_9015_CEI148A_ATV", 13.8, 1,    6019.15,   -4.7,   0.75547, 2,    6019.14, -124.7,   0.75547, 3,    6019.14,  115.3,   0.75547
"SCN_CN15_9427_CEI109", 13.8, 1,    6088.98,   -4.4,   0.76423, 2,    6088.97, -124.4,   0.76423, 3,    6088.98,  115.6,   0.76423
"SCN_CN15_9016_CEI148A_ATV", 13.8, 1,    6019.32,   -4.7,   0.75549, 2,    6019.31, -124.7,   0.75549, 3,    6019.31,  115.3,   0.75549
"SCN_CN15_9017_CEI148A_ATV", 13.8, 1,     6019.4,   -4.7,    0.7555, 2,    6019.39, -124.7,    0.7555, 3,    6019.39,  115.3,    0.7555
"SCN_CN15_9018_CEI148A_ATV", 13.8, 1,     6019.5,   -4.7,   0.75551, 2,    6019.49, -124.7,   0.75551, 3,    6019.49,  115.3,   0.75551
"SCN_CN15_9020_CEI69A", 13.8, 1,    6019.76,   -4.7,   0.75555, 2,    6019.75, -124.7,   0.75554, 3,    6019.75,  115.3,   0.75554
"SCN_CN15_9018_CEI148A_ATV_S", 13.8, 1,     6019.5,   -4.7,   0.75551, 2,    6019.49, -124.7,   0.75551, 3,    6019.49,  115.3,   0.75551
"SCN_CN15_9019_CEI69A", 13.8, 1,    6019.67,   -4.7,   0.75553, 2,    6019.66, -124.7,   0.75553, 3,    6019.67,  115.3,   0.75553
"SCN_CN15_9018_CEI69A", 13.8, 1,     6019.6,   -4.7,   0.75553, 2,    6019.59, -124.7,   0.75552, 3,    6019.59,  115.3,   0.75552
"SCN_CN15_9017_CEI69A", 13.8, 1,    6019.54,   -4.7,   0.75552, 2,    6019.53, -124.7,   0.75552, 3,    6019.53,  115.3,   0.75552
"SCN_CN15_9016_CEI69A", 13.8, 1,    6019.53,   -4.7,   0.75552, 2,    6019.52, -124.7,   0.75552, 3,    6019.52,  115.3,   0.75552
"SCN_CN15_9015_CEI69A", 13.8, 1,    6019.53,   -4.7,   0.75552, 2,    6019.52, -124.7,   0.75552, 3,    6019.52,  115.3,   0.75552
"SCN_CN15_9428_CEI109", 13.8, 1,    6088.88,   -4.4,   0.76422, 2,    6088.87, -124.4,   0.76422, 3,    6088.88,  115.6,   0.76422
"SCN_CN15_9012_CEI69A_S", 13.8, 1,     6019.5,   -4.7,   0.75551, 2,    6019.49, -124.7,   0.75551, 3,    6019.49,  115.3,   0.75551
"SCN_CN15_9012_CEI69A", 13.8, 1,     6019.5,   -4.7,   0.75551, 2,    6019.49, -124.7,   0.75551, 3,    6019.49,  115.3,   0.75551
"SCN_CN15_9013_CEI69A", 13.8, 1,    6019.49,   -4.7,   0.75551, 2,    6019.47, -124.7,   0.75551, 3,    6019.48,  115.3,   0.75551
"SCN_CN15_9014_CEI69A", 13.8, 1,    6019.47,   -4.7,   0.75551, 2,    6019.46, -124.7,   0.75551, 3,    6019.46,  115.3,   0.75551
"SCN_CN15_9011_CEI69A", 13.8, 1,     6019.5,   -4.7,   0.75551, 2,    6019.49, -124.7,   0.75551, 3,    6019.49,  115.3,   0.75551
"SCN_CN15_9073_CEIRJ006_ATV", 13.8, 1,    6023.69,   -4.7,   0.75604, 2,    6023.68, -124.7,   0.75604, 3,    6023.68,  115.3,   0.75604
"SCN_CN15_9091_CEI148_ATV", 13.8, 1,    6023.68,   -4.7,   0.75604, 2,    6023.67, -124.7,   0.75604, 3,    6023.67,  115.3,   0.75604
"SCN_CN15_9092_CEI148_ATV", 13.8, 1,    6023.67,   -4.7,   0.75604, 2,    6023.66, -124.7,   0.75604, 3,    6023.66,  115.3,   0.75604
"SCN_CN15_9089_CEI148_ATV", 13.8, 1,    6023.66,   -4.7,   0.75604, 2,    6023.65, -124.7,   0.75603, 3,    6023.66,  115.3,   0.75603
"SCN_CN15_9042_CEI69A", 13.8, 1,    6023.75,   -4.7,   0.75605, 2,    6023.74, -124.7,   0.75605, 3,    6023.75,  115.3,   0.75605
"SCN_CN15_9100_CEI072", 13.8, 1,    7060.88,   -2.1,   0.88622, 2,    7060.87, -122.1,   0.88622, 3,    7060.87,  117.9,   0.88622
"SCN_CN15_9101_CEI072", 13.8, 1,     7060.8,   -2.1,   0.88621, 2,     7060.8, -122.1,   0.88621, 3,     7060.8,  117.9,   0.88621
"SCN_CN15_9102_CEI072", 13.8, 1,    7060.72,   -2.1,    0.8862, 2,    7060.72, -122.1,    0.8862, 3,    7060.72,  117.9,    0.8862
"SCN_CN15_9103_CEI072", 13.8, 1,    7060.64,   -2.1,   0.88619, 2,    7060.64, -122.1,   0.88619, 3,    7060.64,  117.9,   0.88619
"SCN_CN15_9104_CEI072", 13.8, 1,    7060.57,   -2.1,   0.88618, 2,    7060.56, -122.1,   0.88618, 3,    7060.56,  117.9,   0.88618
"SCN_CN15_9105_CEI072", 13.8, 1,    7060.48,   -2.1,   0.88617, 2,    7060.48, -122.1,   0.88617, 3,    7060.48,  117.9,   0.88617
"SCN_CN15_9491_CEI109", 13.8, 1,    6040.23,   -4.6,   0.75812, 2,    6040.22, -124.6,   0.75811, 3,    6040.22,  115.4,   0.75811
"SCN_CN15_9492_CEI109", 13.8, 1,    6040.13,   -4.6,    0.7581, 2,    6040.12, -124.6,    0.7581, 3,    6040.12,  115.4,    0.7581
"SCN_CN15_9106_CEI072", 13.8, 1,    7060.41,   -2.1,   0.88616, 2,    7060.41, -122.1,   0.88616, 3,    7060.41,  117.9,   0.88616
"SCN_CN15_9107_CEI072", 13.8, 1,    7060.26,   -2.1,   0.88614, 2,    7060.25, -122.1,   0.88614, 3,    7060.25,  117.9,   0.88614
"SCN_CN15_9108_CEI072", 13.8, 1,    7060.14,   -2.1,   0.88612, 2,    7060.13, -122.1,   0.88612, 3,    7060.13,  117.9,   0.88612
"SCN_CN15_9109_CEI072", 13.8, 1,    7060.07,   -2.1,   0.88612, 2,    7060.07, -122.1,   0.88612, 3,    7060.07,  117.9,   0.88612
"SCN_CN15_9110_CEI072", 13.8, 1,       7060,   -2.1,   0.88611, 2,       7060, -122.1,   0.88611, 3,       7060,  117.9,   0.88611
"SCN_CN15_9111_CEI072", 13.8, 1,    7059.92,   -2.1,    0.8861, 2,    7059.92, -122.1,    0.8861, 3,    7059.92,  117.9,    0.8861
"SCN_CN15_9112_CEI072", 13.8, 1,    7059.84,   -2.1,   0.88609, 2,    7059.84, -122.1,   0.88609, 3,    7059.84,  117.9,   0.88609
"SCN_CN15_9113_CEI072", 13.8, 1,    7059.76,   -2.1,   0.88608, 2,    7059.75, -122.1,   0.88608, 3,    7059.76,  117.9,   0.88608
"SCN_CN15_9114_CEI072", 13.8, 1,    7059.67,   -2.1,   0.88607, 2,    7059.67, -122.1,   0.88607, 3,    7059.67,  117.9,   0.88607
"SCN_CN15_9005_CEI077_ATV", 13.8, 1,    7141.37,   -1.9,   0.89632, 2,    7141.37, -121.9,   0.89632, 3,    7141.37,  118.1,   0.89632
"SCN_CN15_9008_CEI077_ATV", 13.8, 1,    7140.97,   -1.9,   0.89627, 2,    7140.96, -121.9,   0.89627, 3,    7140.96,  118.1,   0.89627
"SCN_CN15_9493_CEI109", 13.8, 1,    6040.05,   -4.6,   0.75809, 2,    6040.04, -124.6,   0.75809, 3,    6040.05,  115.4,   0.75809
"SCN_CN15_9009_CEI077_ATV", 13.8, 1,    7140.49,   -1.9,   0.89621, 2,    7140.49, -121.9,   0.89621, 3,    7140.49,  118.1,   0.89621
"SCN_CN15_9037_CEI230_ATV_S", 13.8, 1,    7222.51,   -1.8,    0.9065, 2,    7222.51, -121.8,    0.9065, 3,    7222.51,  118.2,    0.9065
"SCN_CN15_9092_CEI77A_ATV", 13.8, 1,    7225.37,   -1.8,   0.90686, 2,    7225.37, -121.8,   0.90686, 3,    7225.37,  118.2,   0.90686
"SCN_CN15_9093_CEI77A_ATV", 13.8, 1,    7226.35,   -1.8,   0.90699, 2,    7226.34, -121.8,   0.90698, 3,    7226.34,  118.2,   0.90698
"SCN_CN15_9093_CEI77A_ATV_S", 13.8, 1,    7226.35,   -1.8,   0.90699, 2,    7226.34, -121.8,   0.90698, 3,    7226.34,  118.2,   0.90698
"SCN_CN15_9094_CEI77A_ATV", 13.8, 1,    7229.28,   -1.8,   0.90735, 2,    7229.28, -121.8,   0.90735, 3,    7229.28,  118.2,   0.90735
"SCN_CN15_9100_CEI77A_ATV", 13.8, 1,    7232.55,   -1.8,   0.90776, 2,    7232.55, -121.8,   0.90776, 3,    7232.55,  118.2,   0.90776
"SCN_CN15_9094_CEI77A_ATV_S", 13.8, 1,    7229.28,   -1.8,   0.90735, 2,    7229.28, -121.8,   0.90735, 3,    7229.28,  118.2,   0.90735
"SCN_CN15_9101_CEI77A_ATV", 13.8, 1,    7234.16,   -1.8,   0.90797, 2,    7234.16, -121.8,   0.90797, 3,    7234.16,  118.2,   0.90797
"SCN_CN15_9101_CEI77A_ATV_S", 13.8, 1,    7234.16,   -1.8,   0.90797, 2,    7234.16, -121.8,   0.90797, 3,    7234.16,  118.2,   0.90797
"SCN_CN15_9102_CEI77A_ATV", 13.8, 1,    7235.77,   -1.7,   0.90817, 2,    7235.77, -121.7,   0.90817, 3,    7235.77,  118.3,   0.90817
"SCN_CN15_9104_CEI77A_ATV", 13.8, 1,    7238.86,   -1.7,   0.90856, 2,    7238.85, -121.7,   0.90856, 3,    7238.85,  118.3,   0.90856
"SCN_CN15_9103_CEI77A_ATV", 13.8, 1,    7235.74,   -1.7,   0.90817, 2,    7235.74, -121.7,   0.90816, 3,    7235.74,  118.3,   0.90816
"SCN_CN15_9095_CEI77A_ATV", 13.8, 1,    7228.84,   -1.8,    0.9073, 2,    7228.83, -121.8,    0.9073, 3,    7228.84,  118.2,    0.9073
"SCN_CN15_9494_CEI109", 13.8, 1,    6039.99,   -4.6,   0.75808, 2,    6039.98, -124.6,   0.75808, 3,    6039.98,  115.4,   0.75808
"SCN_CN15_9096_CEI77A_ATV", 13.8, 1,     7228.8,   -1.8,   0.90729, 2,    7228.79, -121.8,   0.90729, 3,    7228.79,  118.2,   0.90729
"SCN_CN15_9097_CEI77A_ATV", 13.8, 1,    7228.55,   -1.8,   0.90726, 2,    7228.55, -121.8,   0.90726, 3,    7228.55,  118.2,   0.90726
"SCN_CN15_9098_CEI77A_ATV", 13.8, 1,    7228.27,   -1.8,   0.90723, 2,    7228.26, -121.8,   0.90723, 3,    7228.26,  118.2,   0.90723
"SCN_CN15_9099_CEI77A_ATV", 13.8, 1,    7228.02,   -1.8,    0.9072, 2,    7228.02, -121.8,    0.9072, 3,    7228.02,  118.2,    0.9072
"SCN_CN15_9042_CEI160_ATV", 13.8, 1,    7162.12,   -1.9,   0.89892, 2,    7162.12, -121.9,   0.89892, 3,    7162.12,  118.1,   0.89892
"SCN_CN15_9048_CEI160_ATV", 13.8, 1,    7162.25,   -1.9,   0.89894, 2,    7162.24, -121.9,   0.89894, 3,    7162.25,  118.1,   0.89894
"SCN_CN15_9049_CEI160_ATV", 13.8, 1,    7162.33,   -1.9,   0.89895, 2,    7162.33, -121.9,   0.89895, 3,    7162.33,  118.1,   0.89895
"SCN_CN15_9005_CEIRJ012_ATV", 13.8, 1,     7162.9,   -1.9,   0.89902, 2,     7162.9, -121.9,   0.89902, 3,     7162.9,  118.1,   0.89902
"SCN_CN15_9004_CEIRJ012_ATV", 13.8, 1,    7162.71,   -1.9,     0.899, 2,     7162.7, -121.9,     0.899, 3,    7162.71,  118.1,     0.899
"SCN_CN15_9496_CEI109", 13.8, 1,    6039.95,   -4.6,   0.75808, 2,    6039.94, -124.6,   0.75808, 3,    6039.94,  115.4,   0.75808
"SCN_CN15_9015_CEI077_ATV", 13.8, 1,    7165.51,   -1.9,   0.89935, 2,     7165.5, -121.9,   0.89935, 3,     7165.5,  118.1,   0.89935
"SCN_CN15_9013_CEI077_ATV", 13.8, 1,    7166.68,   -1.9,    0.8995, 2,    7166.68, -121.9,    0.8995, 3,    7166.68,  118.1,    0.8995
"SCN_CN15_9014_CEI077_ATV_S", 13.8, 1,    7165.67,   -1.9,   0.89937, 2,    7165.67, -121.9,   0.89937, 3,    7165.67,  118.1,   0.89937
"SCN_CN15_9011_CEI077_ATV", 13.8, 1,    7167.42,   -1.9,   0.89959, 2,    7167.42, -121.9,   0.89959, 3,    7167.42,  118.1,   0.89959
"SCN_CN15_9010_CEI077_ATV", 13.8, 1,    7168.26,   -1.9,    0.8997, 2,    7168.26, -121.9,   0.89969, 3,    7168.26,  118.1,   0.89969
"SCN_CN15_9016_CEI077_ATV", 13.8, 1,    7192.46,   -1.8,   0.90273, 2,    7192.46, -121.8,   0.90273, 3,    7192.46,  118.2,   0.90273
"SCN_CN15_9018_CEI077_ATV", 13.8, 1,    7217.24,   -1.8,   0.90584, 2,    7217.23, -121.8,   0.90584, 3,    7217.24,  118.2,   0.90584
"SCN_CN15_9017_CEI077_ATV", 13.8, 1,     7192.4,   -1.8,   0.90273, 2,     7192.4, -121.8,   0.90272, 3,     7192.4,  118.2,   0.90272
"SCN_CN15_9129_CEI77A_ATV_S", 13.8, 1,    7243.76,   -1.7,   0.90917, 2,    7243.76, -121.7,   0.90917, 3,    7243.76,  118.3,   0.90917
"SCN_CN15_9019_CEI077_ATV", 13.8, 1,    7216.32,   -1.8,   0.90573, 2,    7216.32, -121.8,   0.90573, 3,    7216.32,  118.2,   0.90573
"SCN_CN15_9497_CEI109", 13.8, 1,    6039.92,   -4.6,   0.75808, 2,    6039.91, -124.6,   0.75807, 3,    6039.91,  115.4,   0.75807
"SCN_CN15_9020_CEI077_ATV", 13.8, 1,    7215.21,   -1.8,   0.90559, 2,     7215.2, -121.8,   0.90559, 3,     7215.2,  118.2,   0.90559
"SCN_CN15_9022_CEI077_ATV", 13.8, 1,    7214.23,   -1.8,   0.90546, 2,    7214.22, -121.8,   0.90546, 3,    7214.23,  118.2,   0.90546
"SCN_CN15_9023_CEI077_ATV", 13.8, 1,     7213.5,   -1.8,   0.90537, 2,     7213.5, -121.8,   0.90537, 3,     7213.5,  118.2,   0.90537
"SCN_CN15_9024_CEI077_ATV", 13.8, 1,    7213.43,   -1.8,   0.90536, 2,    7213.43, -121.8,   0.90536, 3,    7213.43,  118.2,   0.90536
"SCN_CN15_9021_CEI077_ATV", 13.8, 1,    7213.95,   -1.8,   0.90543, 2,    7213.95, -121.8,   0.90543, 3,    7213.95,  118.2,   0.90543
"SCN_CN15_9025_CEI077_ATV", 13.8, 1,    7212.93,   -1.8,    0.9053, 2,    7212.92, -121.8,    0.9053, 3,    7212.92,  118.2,    0.9053
"SCN_CN15_9027_CEI077_ATV", 13.8, 1,    7212.22,   -1.8,   0.90521, 2,    7212.22, -121.8,   0.90521, 3,    7212.22,  118.2,   0.90521
"SCN_CN15_9028_CEI077_ATV", 13.8, 1,    7212.16,   -1.8,    0.9052, 2,    7212.15, -121.8,    0.9052, 3,    7212.15,  118.2,    0.9052
"SCN_CN15_9026_CEI077_ATV", 13.8, 1,    7212.21,   -1.8,   0.90521, 2,    7212.21, -121.8,   0.90521, 3,    7212.21,  118.2,   0.90521
"SCN_CN15_9498_CEI109", 13.8, 1,    6039.88,   -4.6,   0.75807, 2,    6039.87, -124.6,   0.75807, 3,    6039.87,  115.4,   0.75807
"SCN_CN15_9040_CEI160_ATV", 13.8, 1,    7211.82,   -1.8,   0.90516, 2,    7211.81, -121.8,   0.90516, 3,    7211.81,  118.2,   0.90516
"SCN_CN15_9041_CEI160_ATV", 13.8, 1,     7211.9,   -1.8,   0.90517, 2,     7211.9, -121.8,   0.90517, 3,     7211.9,  118.2,   0.90517
"SCN_CN15_9039_CEI160_ATV", 13.8, 1,    7211.76,   -1.8,   0.90516, 2,    7211.76, -121.8,   0.90515, 3,    7211.76,  118.2,   0.90515
"SCN_CN15_9030_CEI077_ATV", 13.8, 1,    7212.05,   -1.8,   0.90519, 2,    7212.05, -121.8,   0.90519, 3,    7212.05,  118.2,   0.90519
"SCN_CN15_9029_CEI077_ATV", 13.8, 1,    7211.89,   -1.8,   0.90517, 2,    7211.88, -121.8,   0.90517, 3,    7211.88,  118.2,   0.90517
"SCN_CN15_9129_CEI77A_ATV", 13.8, 1,    7243.76,   -1.7,   0.90917, 2,    7243.76, -121.7,   0.90917, 3,    7243.76,  118.3,   0.90917
"SCN_CN15_9130_CEI77A_ATV", 13.8, 1,    7248.85,   -1.7,   0.90981, 2,    7248.84, -121.7,   0.90981, 3,    7248.84,  118.3,   0.90981
"SCN_CN15_9002_CEI077", 13.8, 1,    7255.87,   -1.7,   0.91069, 2,    7255.87, -121.7,   0.91069, 3,    7255.87,  118.3,   0.91069
"SCN_CN15_9132_CEI77A_ATV_S", 13.8, 1,    7277.22,   -1.7,   0.91337, 2,    7277.22, -121.7,   0.91337, 3,    7277.22,  118.3,   0.91337
"SCN_CN15_9132_CEI77A_ATV", 13.8, 1,    7277.22,   -1.7,   0.91337, 2,    7277.22, -121.7,   0.91337, 3,    7277.22,  118.3,   0.91337
"SCN_CN15_9133_CEI77A_ATV", 13.8, 1,    7277.21,   -1.7,   0.91337, 2,     7277.2, -121.7,   0.91337, 3,     7277.2,  118.3,   0.91337
"SCN_CN15_9134_CEI77A_ATV", 13.8, 1,    7305.27,   -1.6,   0.91689, 2,    7305.27, -121.6,   0.91689, 3,    7305.27,  118.4,   0.91689
"SCN_CN15_9135_CEI77A_ATV", 13.8, 1,    7333.57,   -1.6,   0.92044, 2,    7333.57, -121.6,   0.92044, 3,    7333.57,  118.4,   0.92044
"SCN_CN15_9499_CEI109", 13.8, 1,    6039.83,   -4.6,   0.75806, 2,    6039.82, -124.6,   0.75806, 3,    6039.82,  115.4,   0.75806
"SCN_CN15_9136_CEI77A_ATV", 13.8, 1,     7333.5,   -1.6,   0.92043, 2,     7333.5, -121.6,   0.92043, 3,     7333.5,  118.4,   0.92043
"SCN_CN15_9204_CEI230_ATV", 13.8, 1,    6023.65,   -4.7,   0.75603, 2,    6023.64, -124.7,   0.75603, 3,    6023.64,  115.3,   0.75603
"SCN_CN15_9429_CEI109", 13.8, 1,    6088.82,   -4.4,   0.76421, 2,    6088.81, -124.4,   0.76421, 3,    6088.81,  115.6,   0.76421
"SCN_CN15_9203_CEI230_ATV", 13.8, 1,    6023.65,   -4.7,   0.75603, 2,    6023.64, -124.7,   0.75603, 3,    6023.64,  115.3,   0.75603
"SCN_CN15_9202_CEI230_ATV", 13.8, 1,    6023.65,   -4.7,   0.75603, 2,    6023.64, -124.7,   0.75603, 3,    6023.64,  115.3,   0.75603
"SCN_CN15_9205_CEI230_ATV", 13.8, 1,    6023.65,   -4.7,   0.75603, 2,    6023.64, -124.7,   0.75603, 3,    6023.64,  115.3,   0.75603
"SCN_CN15_9189_CEI230_ATV", 13.8, 1,    6023.36,   -4.7,     0.756, 2,    6023.35, -124.7,     0.756, 3,    6023.35,  115.3,     0.756
"SCN_CN15_9188_CEI230_ATV", 13.8, 1,    6023.36,   -4.7,     0.756, 2,    6023.35, -124.7,     0.756, 3,    6023.35,  115.3,     0.756
"SCN_CN15_9191_CEI230_ATV", 13.8, 1,    6023.12,   -4.7,   0.75597, 2,    6023.11, -124.7,   0.75597, 3,    6023.12,  115.3,   0.75597
"SCN_CN15_9192_CEI230_ATV", 13.8, 1,    6023.09,   -4.7,   0.75596, 2,    6023.08, -124.7,   0.75596, 3,    6023.08,  115.3,   0.75596
"SCN_CN15_9193_CEI230_ATV", 13.8, 1,    6023.09,   -4.7,   0.75596, 2,    6023.08, -124.7,   0.75596, 3,    6023.08,  115.3,   0.75596
"SCN_CN15_9190_CEI230_ATV", 13.8, 1,     6023.1,   -4.7,   0.75597, 2,    6023.09, -124.7,   0.75596, 3,     6023.1,  115.3,   0.75596
"SCN_CN15_9194_CEI230_ATV", 13.8, 1,    6023.01,   -4.7,   0.75595, 2,       6023, -124.7,   0.75595, 3,       6023,  115.3,   0.75595
"SCN_CN15_9017_CEI220_ATV", 13.8, 1,    6088.77,   -4.4,   0.76421, 2,    6088.76, -124.4,   0.76421, 3,    6088.76,  115.6,   0.76421
"SCN_CN15_9195_CEI230_ATV", 13.8, 1,    6022.97,   -4.7,   0.75595, 2,    6022.96, -124.7,   0.75595, 3,    6022.96,  115.3,   0.75595
"SCN_CN15_9071_CEIRJ006_ATV", 13.8, 1,    6023.09,   -4.7,   0.75596, 2,    6023.08, -124.7,   0.75596, 3,    6023.08,  115.3,   0.75596
"SCN_CN15_9070_CEIRJ006_ATV", 13.8, 1,    6022.97,   -4.7,   0.75595, 2,    6022.96, -124.7,   0.75595, 3,    6022.96,  115.3,   0.75595
"SCN_CN15_9020_CEIRJ013_ATV", 13.8, 1,    6250.51,   -3.7,   0.78451, 2,    6250.51, -123.7,   0.78451, 3,    6250.51,  116.3,   0.78451
"SCN_CN15_9143_CEI69B_S", 13.8, 1,    6248.97,   -3.7,   0.78431, 2,    6248.97, -123.7,   0.78431, 3,    6248.97,  116.3,   0.78431
"SCN_CN15_9036_CEI160_ATV", 13.8, 1,     6250.5,   -3.7,   0.78451, 2,    6250.49, -123.7,   0.78451, 3,    6250.49,  116.3,   0.78451
"SCN_CN15_9037_CEI160_ATV", 13.8, 1,    6250.48,   -3.7,    0.7845, 2,    6250.47, -123.7,    0.7845, 3,    6250.47,  116.3,    0.7845
"SCN_CN15_9141_CEI69B", 13.8, 1,    6252.11,   -3.7,   0.78471, 2,     6252.1, -123.7,   0.78471, 3,     6252.1,  116.3,   0.78471
"SCN_CN15_9144_CEI69B", 13.8, 1,     6254.3,   -3.7,   0.78498, 2,    6254.29, -123.7,   0.78498, 3,    6254.29,  116.3,   0.78498
"SCN_CN15_9146_CEI69B", 13.8, 1,    6254.29,   -3.7,   0.78498, 2,    6254.28, -123.7,   0.78498, 3,    6254.28,  116.3,   0.78498
"SCN_CN15_9433_CEI109", 13.8, 1,    6088.68,   -4.4,    0.7642, 2,    6088.67, -124.4,   0.76419, 3,    6088.67,  115.6,   0.76419
"SCN_CN15_9145_CEI69B", 13.8, 1,    6254.29,   -3.7,   0.78498, 2,    6254.28, -123.7,   0.78498, 3,    6254.28,  116.3,   0.78498
"SCN_CN15_9151_CEI69B", 13.8, 1,    6255.74,   -3.7,   0.78516, 2,    6255.73, -123.7,   0.78516, 3,    6255.73,  116.3,   0.78516
"SCN_CN15_9153_CEI69B", 13.8, 1,    6258.37,   -3.7,   0.78549, 2,    6258.37, -123.7,   0.78549, 3,    6258.37,  116.3,   0.78549
"SCN_CN15_9187_CEI69B", 13.8, 1,    6257.97,   -3.7,   0.78544, 2,    6257.96, -123.7,   0.78544, 3,    6257.96,  116.3,   0.78544
"SCN_CN15_9186_CEI69B", 13.8, 1,    6257.72,   -3.7,   0.78541, 2,    6257.71, -123.7,   0.78541, 3,    6257.71,  116.3,   0.78541
"SCN_CN15_9185_CEI69B", 13.8, 1,    6257.49,   -3.7,   0.78538, 2,    6257.48, -123.7,   0.78538, 3,    6257.48,  116.3,   0.78538
"SCN_CN15_9184_CEI69B", 13.8, 1,    6257.18,   -3.7,   0.78534, 2,    6257.17, -123.7,   0.78534, 3,    6257.17,  116.3,   0.78534
"SCN_CN15_9183_CEI69B", 13.8, 1,    6256.87,   -3.7,   0.78531, 2,    6256.86, -123.7,    0.7853, 3,    6256.87,  116.3,    0.7853
"SCN_CN15_9182_CEI69B", 13.8, 1,    6256.57,   -3.7,   0.78527, 2,    6256.56, -123.7,   0.78527, 3,    6256.56,  116.3,   0.78527
"SCN_CN15_9018_CEI220_ATV", 13.8, 1,    6088.58,   -4.4,   0.76418, 2,    6088.57, -124.4,   0.76418, 3,    6088.57,  115.6,   0.76418
"SCN_CN15_9181_CEI69B", 13.8, 1,    6256.26,   -3.7,   0.78523, 2,    6256.25, -123.7,   0.78523, 3,    6256.26,  116.3,   0.78523
"SCN_CN15_9180_CEI69B", 13.8, 1,    6255.95,   -3.7,   0.78519, 2,    6255.94, -123.7,   0.78519, 3,    6255.94,  116.3,   0.78519
"SCN_CN15_9179_CEI69B_S", 13.8, 1,    6255.65,   -3.7,   0.78515, 2,    6255.64, -123.7,   0.78515, 3,    6255.64,  116.3,   0.78515
"SCN_CN15_9098_CEI201_ATV", 13.8, 1,    6255.64,   -3.7,   0.78515, 2,    6255.63, -123.7,   0.78515, 3,    6255.63,  116.3,   0.78515
"SCN_CN15_9179_CEI69B", 13.8, 1,    6255.65,   -3.7,   0.78515, 2,    6255.64, -123.7,   0.78515, 3,    6255.64,  116.3,   0.78515
"SCN_CN15_9189_CEI69B", 13.8, 1,    6255.62,   -3.7,   0.78515, 2,    6255.62, -123.7,   0.78515, 3,    6255.62,  116.3,   0.78515
"SCN_CN15_9178_CEI69B", 13.8, 1,    6255.37,   -3.7,   0.78512, 2,    6255.36, -123.7,   0.78512, 3,    6255.36,  116.3,   0.78512
"SCN_CN15_9177_CEI69B", 13.8, 1,     6255.1,   -3.7,   0.78508, 2,    6255.09, -123.7,   0.78508, 3,    6255.09,  116.3,   0.78508
"SCN_CN15_9176_CEI69B", 13.8, 1,    6254.83,   -3.7,   0.78505, 2,    6254.83, -123.7,   0.78505, 3,    6254.83,  116.3,   0.78505
"SCN_CN15_9175_CEI69B", 13.8, 1,    6254.53,   -3.7,   0.78501, 2,    6254.52, -123.7,   0.78501, 3,    6254.52,  116.3,   0.78501
"SCN_CN15_9171_CEI69B", 13.8, 1,    6254.27,   -3.7,   0.78498, 2,    6254.26, -123.7,   0.78498, 3,    6254.26,  116.3,   0.78498
"SCN_CN15_9436_CEI109", 13.8, 1,     6088.5,   -4.4,   0.76417, 2,    6088.49, -124.4,   0.76417, 3,     6088.5,  115.6,   0.76417
"SCN_CN15_9170_CEI69B", 13.8, 1,    6254.26,   -3.7,   0.78498, 2,    6254.25, -123.7,   0.78498, 3,    6254.25,  116.3,   0.78498
"SCN_CN15_9172_CEI69B", 13.8, 1,    6253.96,   -3.7,   0.78494, 2,    6253.95, -123.7,   0.78494, 3,    6253.95,  116.3,   0.78494
"SCN_CN15_9174_CEI69B", 13.8, 1,    6254.46,   -3.7,     0.785, 2,    6254.45, -123.7,     0.785, 3,    6254.45,  116.3,     0.785
"SCN_CN15_9126_CEI201_ATV", 13.8, 1,    6253.77,   -3.7,   0.78492, 2,    6253.76, -123.7,   0.78492, 3,    6253.76,  116.3,   0.78492
"SCN_CN15_9008_CEI220_ATV_S", 13.8, 1,    6253.73,   -3.7,   0.78491, 2,    6253.72, -123.7,   0.78491, 3,    6253.72,  116.3,   0.78491
"SCN_CN15_9173_CEI69B", 13.8, 1,    6254.38,   -3.7,   0.78499, 2,    6254.37, -123.7,   0.78499, 3,    6254.37,  116.3,   0.78499
"SCN_CN15_9120_CEI201_ATV", 13.8, 1,     6254.3,   -3.7,   0.78498, 2,    6254.29, -123.7,   0.78498, 3,    6254.29,  116.3,   0.78498
"SCN_CN15_9002_CEI220_ATV", 13.8, 1,    6254.22,   -3.7,   0.78497, 2,    6254.21, -123.7,   0.78497, 3,    6254.21,  116.3,   0.78497
"SCN_CN15_9181_CEI69A", 13.8, 1,    6253.76,   -3.7,   0.78492, 2,    6253.76, -123.7,   0.78491, 3,    6253.76,  116.3,   0.78491
"SCN_CN15_9125_CEI201_ATV", 13.8, 1,    6253.84,   -3.7,   0.78493, 2,    6253.83, -123.7,   0.78492, 3,    6253.84,  116.3,   0.78492
"SCN_CN15_9437_CEI109", 13.8, 1,    6088.47,   -4.4,   0.76417, 2,    6088.46, -124.4,   0.76417, 3,    6088.46,  115.6,   0.76417
"SCN_CN15_9128_CEI201_ATV", 13.8, 1,    6253.66,   -3.7,    0.7849, 2,    6253.65, -123.7,    0.7849, 3,    6253.65,  116.3,    0.7849
"SCN_CN15_9185_CEI69A", 13.8, 1,    6253.59,   -3.7,   0.78489, 2,    6253.58, -123.7,   0.78489, 3,    6253.58,  116.3,   0.78489
"SCN_CN15_9195_CEI69A", 13.8, 1,    6253.57,   -3.7,   0.78489, 2,    6253.56, -123.7,   0.78489, 3,    6253.56,  116.3,   0.78489
"SCN_CN15_9196_CEI69A", 13.8, 1,    6253.53,   -3.7,   0.78489, 2,    6253.52, -123.7,   0.78489, 3,    6253.52,  116.3,   0.78489
"SCN_CN15_9197_CEI69A", 13.8, 1,    6253.51,   -3.7,   0.78488, 2,     6253.5, -123.7,   0.78488, 3,     6253.5,  116.3,   0.78488
"SCN_CN15_9198_CEI69A", 13.8, 1,    6253.47,   -3.7,   0.78488, 2,    6253.47, -123.7,   0.78488, 3,    6253.47,  116.3,   0.78488
"SCN_CN15_9035_CEI160_ATV", 13.8, 1,     6253.8,   -3.7,   0.78492, 2,    6253.79, -123.7,   0.78492, 3,    6253.79,  116.3,   0.78492
"SCN_CN15_9050_CEI69B", 13.8, 1,    6265.01,   -3.7,   0.78633, 2,       6265, -123.7,   0.78633, 3,       6265,  116.3,   0.78633
"SCN_CN15_9153_CEI69B_S", 13.8, 1,    6258.37,   -3.7,   0.78549, 2,    6258.37, -123.7,   0.78549, 3,    6258.37,  116.3,   0.78549
"SCN_CN15_9458_CEI109", 13.8, 1,    6088.43,   -4.4,   0.76416, 2,    6088.42, -124.4,   0.76416, 3,    6088.42,  115.6,   0.76416
"SCN_CN15_9051_CEI69B", 13.8, 1,    6264.99,   -3.7,   0.78633, 2,    6264.99, -123.7,   0.78632, 3,    6264.99,  116.3,   0.78632
"SCN_CN15_9049_CEI69B", 13.8, 1,    6267.61,   -3.7,   0.78665, 2,     6267.6, -123.7,   0.78665, 3,     6267.6,  116.3,   0.78665
"SCN_CN15_9048_CEI69B", 13.8, 1,    6269.74,   -3.7,   0.78692, 2,    6269.73, -123.7,   0.78692, 3,    6269.73,  116.3,   0.78692
"SCN_CN15_9047_CEI69B", 13.8, 1,    6271.72,   -3.7,   0.78717, 2,    6271.71, -123.7,   0.78717, 3,    6271.71,  116.3,   0.78717
"SCN_CN15_9145_CEI201_ATV", 13.8, 1,     6271.7,   -3.7,   0.78717, 2,    6271.69, -123.7,   0.78717, 3,    6271.69,  116.3,   0.78717
"SCN_CN15_9144_CEI201_ATV", 13.8, 1,    6271.69,   -3.7,   0.78717, 2,    6271.68, -123.7,   0.78716, 3,    6271.68,  116.3,   0.78716
"SCN_CN15_9143_CEI201_ATV", 13.8, 1,    6271.67,   -3.7,   0.78716, 2,    6271.66, -123.7,   0.78716, 3,    6271.66,  116.3,   0.78716
"SCN_CN15_9046_CEI69B", 13.8, 1,    6273.85,   -3.7,   0.78744, 2,    6273.84, -123.7,   0.78744, 3,    6273.84,  116.3,   0.78744
"SCN_CN15_9047_CEI69B_S", 13.8, 1,    6271.72,   -3.7,   0.78717, 2,    6271.71, -123.7,   0.78717, 3,    6271.71,  116.3,   0.78717
"SCN_CN15_9045_CEI69B", 13.8, 1,    6276.07,   -3.7,   0.78772, 2,    6276.06, -123.7,   0.78771, 3,    6276.06,  116.3,   0.78771
"SCN_CN15_9044_CEI69B", 13.8, 1,    6278.83,   -3.7,   0.78806, 2,    6278.82, -123.7,   0.78806, 3,    6278.82,  116.3,   0.78806
"SCN_CN15_9457_CEI109", 13.8, 1,    6088.39,   -4.4,   0.76416, 2,    6088.38, -124.4,   0.76416, 3,    6088.38,  115.6,   0.76416
"SCN_CN15_9043_CEI69B", 13.8, 1,    6280.75,   -3.7,    0.7883, 2,    6280.74, -123.7,    0.7883, 3,    6280.74,  116.3,    0.7883
"SCN_CN15_9041_CEI69B", 13.8, 1,    6281.52,   -3.7,    0.7884, 2,    6281.51, -123.7,    0.7884, 3,    6281.51,  116.3,    0.7884
"SCN_CN15_9147_CEI201_ATV", 13.8, 1,    6281.51,   -3.7,    0.7884, 2,     6281.5, -123.7,    0.7884, 3,     6281.5,  116.3,    0.7884
"SCN_CN15_9090_CEI201_ATV", 13.8, 1,    6281.84,   -3.6,   0.78844, 2,    6281.83, -123.6,   0.78844, 3,    6281.83,  116.4,   0.78844
"SCN_CN15_9040_CEI69B", 13.8, 1,    6284.15,   -3.6,   0.78873, 2,    6284.14, -123.6,   0.78873, 3,    6284.14,  116.4,   0.78873
"SCN_CN15_9094_CEI201_ATV", 13.8, 1,    6287.04,   -3.6,   0.78909, 2,    6287.03, -123.6,   0.78909, 3,    6287.03,  116.4,   0.78909
"SCN_CN15_9039_CEI69B", 13.8, 1,    6287.02,   -3.6,   0.78909, 2,    6287.01, -123.6,   0.78909, 3,    6287.01,  116.4,   0.78909
"SCN_CN15_9036_CEI69B", 13.8, 1,    6289.82,   -3.6,   0.78944, 2,    6289.81, -123.6,   0.78944, 3,    6289.81,  116.4,   0.78944
"SCN_CN15_9094_CEI201_ATV_S", 13.8, 1,    6287.04,   -3.6,   0.78909, 2,    6287.03, -123.6,   0.78909, 3,    6287.03,  116.4,   0.78909
"SCN_CN15_9035_CEI69B", 13.8, 1,     6292.6,   -3.6,   0.78979, 2,    6292.59, -123.6,   0.78979, 3,    6292.59,  116.4,   0.78979
"SCN_CN15_9034_CEI69B", 13.8, 1,    6295.31,   -3.6,   0.79013, 2,     6295.3, -123.6,   0.79013, 3,     6295.3,  116.4,   0.79013
"SCN_CN15_9456_CEI109", 13.8, 1,    6088.34,   -4.4,   0.76415, 2,    6088.33, -124.4,   0.76415, 3,    6088.34,  115.6,   0.76415
"SCN_CN15_9033_CEI69B", 13.8, 1,    6298.09,   -3.6,   0.79048, 2,    6298.08, -123.6,   0.79048, 3,    6298.08,  116.4,   0.79048
"SCN_CN15_9032_CEI69B_S", 13.8, 1,    6300.77,   -3.6,   0.79082, 2,    6300.76, -123.6,   0.79081, 3,    6300.76,  116.4,   0.79081
"SCN_CN15_9031_CEI69B", 13.8, 1,    6303.69,   -3.6,   0.79118, 2,    6303.68, -123.6,   0.79118, 3,    6303.68,  116.4,   0.79118
"SCN_CN15_9030_CEI69B", 13.8, 1,    6306.41,   -3.6,   0.79152, 2,     6306.4, -123.6,   0.79152, 3,     6306.4,  116.4,   0.79152
"SCN_CN15_9029_CEI69B", 13.8, 1,    6309.22,   -3.6,   0.79188, 2,    6309.21, -123.6,   0.79187, 3,    6309.21,  116.4,   0.79187
"SCN_CN15_9028_CEI69B", 13.8, 1,    6314.84,   -3.6,   0.79258, 2,    6314.83, -123.6,   0.79258, 3,    6314.84,  116.4,   0.79258
"SCN_CN15_9027_CEI69B", 13.8, 1,    6317.59,   -3.6,   0.79293, 2,    6317.58, -123.6,   0.79293, 3,    6317.58,  116.4,   0.79293
"SCN_CN15_9026_CEI69B", 13.8, 1,    6320.45,   -3.6,   0.79329, 2,    6320.44, -123.6,   0.79328, 3,    6320.45,  116.4,   0.79328
"SCN_CN15_9025_CEI69B", 13.8, 1,    6323.36,   -3.5,   0.79365, 2,    6323.35, -123.5,   0.79365, 3,    6323.35,  116.5,   0.79365
"SCN_CN15_9024_CEI69B", 13.8, 1,    6326.06,   -3.5,   0.79399, 2,    6326.05, -123.5,   0.79399, 3,    6326.05,  116.5,   0.79399
"SCN_CN15_9455_CEI109", 13.8, 1,    6088.32,   -4.4,   0.76415, 2,    6088.31, -124.4,   0.76415, 3,    6088.31,  115.6,   0.76415
"SCN_CN15_9023_CEI69B", 13.8, 1,     6328.8,   -3.5,   0.79433, 2,    6328.79, -123.5,   0.79433, 3,     6328.8,  116.5,   0.79433
"SCN_CN15_9022_CEI69B", 13.8, 1,    6331.56,   -3.5,   0.79468, 2,    6331.55, -123.5,   0.79468, 3,    6331.55,  116.5,   0.79468
"SCN_CN15_9021_CEI69B", 13.8, 1,    6334.39,   -3.5,   0.79504, 2,    6334.39, -123.5,   0.79503, 3,    6334.39,  116.5,   0.79503
"SCN_CN15_9020_CEI69B", 13.8, 1,    6337.21,   -3.5,   0.79539, 2,     6337.2, -123.5,   0.79539, 3,     6337.2,  116.5,   0.79539
"SCN_CN15_9106_CEI220_ATV", 13.8, 1,    6166.76,   -4.1,     0.774, 2,    6166.75, -124.1,   0.77399, 3,    6166.75,  115.9,   0.77399
"SCN_CN15_9112_CEI220_ATV", 13.8, 1,    6166.74,   -4.1,   0.77399, 2,    6166.74, -124.1,   0.77399, 3,    6166.74,  115.9,   0.77399
"SCN_CN15_9104_CEI220_ATV", 13.8, 1,    6166.71,   -4.1,   0.77399, 2,     6166.7, -124.1,   0.77399, 3,     6166.7,  115.9,   0.77399
"SCN_CN15_9105_CEI220_ATV", 13.8, 1,    6166.73,   -4.1,   0.77399, 2,    6166.72, -124.1,   0.77399, 3,    6166.72,  115.9,   0.77399
"SCN_CN15_9197_CEI69B", 13.8, 1,     6234.9,   -3.8,   0.78255, 2,    6234.89, -123.8,   0.78255, 3,    6234.89,  116.2,   0.78255
"SCN_CN15_9107_CEI201_ATV", 13.8, 1,    6234.88,   -3.8,   0.78255, 2,    6234.87, -123.8,   0.78254, 3,    6234.87,  116.2,   0.78254
"SCN_CN15_9023_CEI201_ATV", 13.8, 1,    6034.52,   -4.6,    0.7574, 2,    6034.51, -124.6,    0.7574, 3,    6034.51,  115.4,    0.7574
"SCN_CN15_9359_CEI109", 13.8, 1,    6033.54,   -4.6,   0.75728, 2,    6033.53, -124.6,   0.75727, 3,    6033.53,  115.4,   0.75727
"SCN_CN15_9360_CEI109", 13.8, 1,     6033.5,   -4.6,   0.75727, 2,    6033.49, -124.6,   0.75727, 3,    6033.49,  115.4,   0.75727
"SCN_CN15_9137_CEI77A_ATV", 13.8, 1,    7333.34,   -1.6,   0.92041, 2,    7333.34, -121.6,   0.92041, 3,    7333.34,  118.4,   0.92041
"SCN_CN15_9138_CEI77A_ATV", 13.8, 1,    7333.18,   -1.6,   0.92039, 2,    7333.18, -121.6,   0.92039, 3,    7333.18,  118.4,   0.92039
"SCN_CN15_9139_CEI77A_ATV", 13.8, 1,    7332.98,   -1.6,   0.92037, 2,    7332.97, -121.6,   0.92037, 3,    7332.97,  118.4,   0.92037
"SCN_CN15_9140_CEI77A_ATV", 13.8, 1,    7332.81,   -1.6,   0.92035, 2,    7332.81, -121.6,   0.92035, 3,    7332.81,  118.4,   0.92035
"SCN_CN15_9141_CEI77A_ATV", 13.8, 1,    7332.65,   -1.6,   0.92033, 2,    7332.65, -121.6,   0.92033, 3,    7332.65,  118.4,   0.92033
"SCN_CN15_9142_CEI77A_ATV", 13.8, 1,    7332.45,   -1.6,    0.9203, 2,    7332.45, -121.6,    0.9203, 3,    7332.45,  118.4,    0.9203
"SCN_CN15_9143_CEI77A_ATV", 13.8, 1,    7332.37,   -1.6,   0.92029, 2,    7332.37, -121.6,   0.92029, 3,    7332.37,  118.4,   0.92029
"SCN_CN15_9144_CEI77A_ATV", 13.8, 1,    7332.28,   -1.6,   0.92028, 2,    7332.28, -121.6,   0.92028, 3,    7332.28,  118.4,   0.92028
"SCN_CN15_9145_CEI77A_ATV", 13.8, 1,     7332.2,   -1.6,   0.92027, 2,     7332.2, -121.6,   0.92027, 3,     7332.2,  118.4,   0.92027
"SCN_CN15_9500_CEI109", 13.8, 1,    6039.78,   -4.6,   0.75806, 2,    6039.77, -124.6,   0.75806, 3,    6039.77,  115.4,   0.75806
"SCN_CN15_9146_CEI77A_ATV", 13.8, 1,     7332.1,   -1.6,   0.92026, 2,     7332.1, -121.6,   0.92026, 3,     7332.1,  118.4,   0.92026
"SCN_CN15_9150_CEI77A_ATV", 13.8, 1,     7332.1,   -1.6,   0.92026, 2,     7332.1, -121.6,   0.92026, 3,     7332.1,  118.4,   0.92026
"SCN_CN15_9147_CEI77A_ATV", 13.8, 1,    7332.02,   -1.6,   0.92025, 2,    7332.02, -121.6,   0.92025, 3,    7332.02,  118.4,   0.92025
"SCN_CN15_9148_CEI77A_ATV", 13.8, 1,    7331.95,   -1.6,   0.92024, 2,    7331.95, -121.6,   0.92024, 3,    7331.95,  118.4,   0.92024
"SCN_CN15_9149_CEI77A_ATV", 13.8, 1,    7331.86,   -1.6,   0.92023, 2,    7331.86, -121.6,   0.92023, 3,    7331.86,  118.4,   0.92023
"SCN_CN15_9151_CEI77A_ATV", 13.8, 1,    7332.35,   -1.6,   0.92029, 2,    7332.35, -121.6,   0.92029, 3,    7332.35,  118.4,   0.92029
"SCN_CN15_9152_CEI77A_ATV", 13.8, 1,    7332.25,   -1.6,   0.92028, 2,    7332.25, -121.6,   0.92028, 3,    7332.25,  118.4,   0.92028
"SCN_CN15_9153_CEI77A_ATV", 13.8, 1,    7332.17,   -1.6,   0.92027, 2,    7332.17, -121.6,   0.92027, 3,    7332.17,  118.4,   0.92027
"SCN_CN15_9192_CEI77A_ATV", 13.8, 1,    7841.17,   -0.5,   0.98415, 2,    7841.17, -120.5,   0.98415, 3,    7841.17,  119.5,   0.98415
"SCN_CN15_9193_CEI77A_ATV", 13.8, 1,    7841.06,   -0.5,   0.98414, 2,    7841.06, -120.5,   0.98414, 3,    7841.06,  119.5,   0.98414
"SCN_CN15_9501_CEI109", 13.8, 1,    6039.72,   -4.6,   0.75805, 2,    6039.71, -124.6,   0.75805, 3,    6039.72,  115.4,   0.75805
"SCN_CN15_9189_CEI77A_ATV", 13.8, 1,    7819.62,   -0.6,   0.98145, 2,    7819.62, -120.6,   0.98145, 3,    7819.62,  119.4,   0.98145
"SCN_CN15_9188_CEI77A_ATV", 13.8, 1,    7799.41,   -0.6,   0.97891, 2,    7799.41, -120.6,   0.97891, 3,    7799.41,  119.4,   0.97891
"SCN_CN15_9186_CEI77A_ATV", 13.8, 1,    7775.85,   -0.7,   0.97595, 2,    7775.85, -120.7,   0.97595, 3,    7775.85,  119.3,   0.97595
"SCN_CN15_9187_CEI77A_ATV", 13.8, 1,    7775.82,   -0.7,   0.97595, 2,    7775.82, -120.7,   0.97595, 3,    7775.82,  119.3,   0.97595
"SCN_CN15_9185_CEI77A_ATV", 13.8, 1,    7749.44,   -0.8,   0.97264, 2,    7749.44, -120.8,   0.97264, 3,    7749.44,  119.2,   0.97264
"SCN_CN15_9186_CEI77A_ATV_S", 13.8, 1,    7775.85,   -0.7,   0.97595, 2,    7775.85, -120.7,   0.97595, 3,    7775.85,  119.3,   0.97595
"SCN_CN15_9184_CEI77A_ATV", 13.8, 1,    7722.55,   -0.8,   0.96927, 2,    7722.55, -120.8,   0.96926, 3,    7722.55,  119.2,   0.96926
"SCN_CN15_9183_CEI77A_ATV", 13.8, 1,    7696.06,   -0.9,   0.96594, 2,    7696.06, -120.9,   0.96594, 3,    7696.06,  119.1,   0.96594
"SCN_CN15_9184_CEI77A_ATV_S", 13.8, 1,    7722.55,   -0.8,   0.96927, 2,    7722.55, -120.8,   0.96926, 3,    7722.55,  119.2,   0.96926
"SCN_CN15_9182_CEI77A_ATV", 13.8, 1,    7667.94,   -1.0,   0.96241, 2,    7667.94, -121.0,   0.96241, 3,    7667.94,  119.0,   0.96241
"SCN_CN15_9167_CEI77A_ATV", 13.8, 1,    7640.01,   -1.0,    0.9589, 2,    7640.01, -121.0,    0.9589, 3,    7640.01,  119.0,    0.9589
"SCN_CN15_9005_CEI077", 13.8, 1,    7617.48,   -1.1,   0.95608, 2,    7617.48, -121.1,   0.95608, 3,    7617.48,  118.9,   0.95608
"SCN_CN15_9502_CEI109", 13.8, 1,    6039.67,   -4.6,   0.75804, 2,    6039.66, -124.6,   0.75804, 3,    6039.66,  115.4,   0.75804
"SCN_CN15_9004_CEI077", 13.8, 1,    7612.48,   -1.1,   0.95545, 2,    7612.48, -121.1,   0.95545, 3,    7612.48,  118.9,   0.95545
"SCN_CN15_9003_CEI077", 13.8, 1,     7604.1,   -1.1,    0.9544, 2,     7604.1, -121.1,    0.9544, 3,     7604.1,  118.9,    0.9544
"SCN_CN15_9165_CEI77A_ATV", 13.8, 1,    7571.03,   -1.2,   0.95025, 2,    7571.03, -121.2,   0.95025, 3,    7571.03,  118.8,   0.95025
"SCN_CN15_9164_CEI77A_ATV", 13.8, 1,    7536.34,   -1.2,   0.94589, 2,    7536.34, -121.2,   0.94589, 3,    7536.34,  118.8,   0.94589
"SCN_CN15_9163_CEI77A_ATV", 13.8, 1,    7521.87,   -1.3,   0.94408, 2,    7521.87, -121.3,   0.94408, 3,    7521.87,  118.7,   0.94408
"SCN_CN15_9161_CEI77A_ATV", 13.8, 1,    7486.16,   -1.3,   0.93959, 2,    7486.16, -121.3,   0.93959, 3,    7486.16,  118.7,   0.93959
"SCN_CN15_9162_CEI77A_ATV", 13.8, 1,    7486.08,   -1.3,   0.93959, 2,    7486.08, -121.3,   0.93958, 3,    7486.08,  118.7,   0.93958
"SCN_CN15_9155_CEI77A_ATV", 13.8, 1,    7382.57,   -1.5,   0.92659, 2,    7382.57, -121.5,   0.92659, 3,    7382.57,  118.5,   0.92659
"SCN_CN15_9158_CEI77A_ATV", 13.8, 1,    7413.77,   -1.5,   0.93051, 2,    7413.77, -121.5,   0.93051, 3,    7413.77,  118.5,   0.93051
"SCN_CN15_9159_CEI77A_ATV", 13.8, 1,    7436.16,   -1.4,   0.93332, 2,    7436.15, -121.4,   0.93332, 3,    7436.15,  118.6,   0.93332
"SCN_CN15_9160_CEI77A_ATV", 13.8, 1,    7455.33,   -1.4,   0.93572, 2,    7455.32, -121.4,   0.93572, 3,    7455.32,  118.6,   0.93572
"SCN_CN15_9503_CEI109", 13.8, 1,    6039.62,   -4.6,   0.75804, 2,    6039.61, -124.6,   0.75804, 3,    6039.61,  115.4,   0.75804
"SCN_CN15_9161_CEI77A_ATV_S", 13.8, 1,    7486.16,   -1.3,   0.93959, 2,    7486.16, -121.3,   0.93959, 3,    7486.16,  118.7,   0.93959
"SCN_CN15_9156_CEI77A_ATV", 13.8, 1,     7382.3,   -1.5,   0.92656, 2,     7382.3, -121.5,   0.92656, 3,     7382.3,  118.5,   0.92656
"SCN_CN15_9157_CEI77A_ATV", 13.8, 1,    7382.03,   -1.5,   0.92653, 2,    7382.03, -121.5,   0.92653, 3,    7382.03,  118.5,   0.92653
"SCN_CN15_9155_CEI77A_ATV_S", 13.8, 1,    7382.57,   -1.5,   0.92659, 2,    7382.57, -121.5,   0.92659, 3,    7382.57,  118.5,   0.92659
"SCN_CN15_9154_CEI77A_ATV", 13.8, 1,     7361.7,   -1.5,   0.92397, 2,     7361.7, -121.5,   0.92397, 3,     7361.7,  118.5,   0.92397
"SCN_CN15_9168_CEI77A_ATV", 13.8, 1,    7639.33,   -1.0,   0.95882, 2,    7639.33, -121.0,   0.95882, 3,    7639.33,  119.0,   0.95882
"SCN_CN15_9169_CEI77A_ATV", 13.8, 1,    7638.72,   -1.0,   0.95874, 2,    7638.71, -121.0,   0.95874, 3,    7638.72,  119.0,   0.95874
"SCN_CN15_9202_CEI77A_ATV", 13.8, 1,    7638.53,   -1.0,   0.95872, 2,    7638.52, -121.0,   0.95872, 3,    7638.52,  119.0,   0.95872
"SCN_CN15_9203_CEI77A_ATV", 13.8, 1,    7638.35,   -1.0,    0.9587, 2,    7638.35, -121.0,    0.9587, 3,    7638.35,  119.0,    0.9587
"SCN_CN15_9204_CEI77A_ATV", 13.8, 1,    7638.17,   -1.0,   0.95867, 2,    7638.16, -121.0,   0.95867, 3,    7638.16,  119.0,   0.95867
"SCN_CN15_9504_CEI109", 13.8, 1,    6039.56,   -4.6,   0.75803, 2,    6039.55, -124.6,   0.75803, 3,    6039.56,  115.4,   0.75803
"SCN_CN15_9213_CEI77A_ATV", 13.8, 1,    7638.11,   -1.0,   0.95867, 2,    7638.11, -121.0,   0.95867, 3,    7638.11,  119.0,   0.95867
"SCN_CN15_9214_CEI77A_ATV", 13.8, 1,    7638.06,   -1.0,   0.95866, 2,    7638.06, -121.0,   0.95866, 3,    7638.06,  119.0,   0.95866
"SCN_CN15_9215_CEI77A_ATV", 13.8, 1,    7638.04,   -1.0,   0.95866, 2,    7638.04, -121.0,   0.95866, 3,    7638.04,  119.0,   0.95866
"SCN_CN15_9216_CEI77A_ATV", 13.8, 1,    7638.02,   -1.0,   0.95865, 2,    7638.02, -121.0,   0.95865, 3,    7638.02,  119.0,   0.95865
"SCN_CN15_9205_CEI77A_ATV", 13.8, 1,    7638.03,   -1.0,   0.95866, 2,    7638.03, -121.0,   0.95866, 3,    7638.03,  119.0,   0.95866
"SCN_CN15_9206_CEI77A_ATV", 13.8, 1,    7637.89,   -1.0,   0.95864, 2,    7637.89, -121.0,   0.95864, 3,    7637.89,  119.0,   0.95864
"SCN_CN15_9207_CEI77A_ATV", 13.8, 1,    7637.85,   -1.0,   0.95863, 2,    7637.84, -121.0,   0.95863, 3,    7637.84,  119.0,   0.95863
"SCN_CN15_9208_CEI77A_ATV", 13.8, 1,    7637.82,   -1.0,   0.95863, 2,    7637.81, -121.0,   0.95863, 3,    7637.81,  119.0,   0.95863
"SCN_CN15_9210_CEI77A_ATV", 13.8, 1,    7637.77,   -1.0,   0.95862, 2,    7637.77, -121.0,   0.95862, 3,    7637.77,  119.0,   0.95862
"SCN_CN15_9211_CEI77A_ATV", 13.8, 1,    7637.73,   -1.1,   0.95862, 2,    7637.73, -121.1,   0.95862, 3,    7637.73,  118.9,   0.95862
"SCN_CN15_9008_CEI160_ATV", 13.8, 1,    6039.93,   -4.6,   0.75808, 2,    6039.92, -124.6,   0.75808, 3,    6039.92,  115.4,   0.75808
"SCN_CN15_9212_CEI77A_ATV", 13.8, 1,     7637.7,   -1.1,   0.95861, 2,     7637.7, -121.1,   0.95861, 3,     7637.7,  118.9,   0.95861
"SCN_CN15_9209_CEI77A_ATV", 13.8, 1,    7637.82,   -1.0,   0.95863, 2,    7637.81, -121.0,   0.95863, 3,    7637.81,  119.0,   0.95863
"SCN_CN15_9170_CEI77A_ATV", 13.8, 1,     7637.9,   -1.0,   0.95864, 2,     7637.9, -121.0,   0.95864, 3,     7637.9,  119.0,   0.95864
"SCN_CN15_9171_CEI77A_ATV", 13.8, 1,    7637.56,   -1.1,    0.9586, 2,    7637.56, -121.1,    0.9586, 3,    7637.56,  118.9,    0.9586
"SCN_CN15_9181_CEI77A_ATV", 13.8, 1,    7637.44,   -1.1,   0.95858, 2,    7637.44, -121.1,   0.95858, 3,    7637.44,  118.9,   0.95858
"SCN_CN15_9172_CEI77A_ATV", 13.8, 1,    7637.31,   -1.1,   0.95857, 2,    7637.31, -121.1,   0.95857, 3,    7637.31,  118.9,   0.95857
"SCN_CN15_9173_CEI77A_ATV", 13.8, 1,    7637.22,   -1.1,   0.95856, 2,    7637.22, -121.1,   0.95855, 3,    7637.22,  118.9,   0.95855
"SCN_CN15_9174_CEI77A_ATV", 13.8, 1,     7637.2,   -1.1,   0.95855, 2,     7637.2, -121.1,   0.95855, 3,     7637.2,  118.9,   0.95855
"SCN_CN15_9175_CEI77A_ATV", 13.8, 1,    7637.16,   -1.1,   0.95855, 2,    7637.16, -121.1,   0.95855, 3,    7637.16,  118.9,   0.95855
"SCN_CN15_9015_CEI160_ATV", 13.8, 1,    6039.86,   -4.6,   0.75807, 2,    6039.85, -124.6,   0.75807, 3,    6039.85,  115.4,   0.75807
"SCN_CN15_9176_CEI77A_ATV", 13.8, 1,    7637.01,   -1.1,   0.95853, 2,    7637.01, -121.1,   0.95853, 3,    7637.01,  118.9,   0.95853
"SCN_CN15_9177_CEI77A_ATV", 13.8, 1,    7637.01,   -1.1,   0.95853, 2,    7637.01, -121.1,   0.95853, 3,    7637.01,  118.9,   0.95853
"SCN_CN15_9178_CEI77A_ATV", 13.8, 1,     7636.9,   -1.1,   0.95851, 2,     7636.9, -121.1,   0.95851, 3,     7636.9,  118.9,   0.95851
"SCN_CN15_9179_CEI77A_ATV", 13.8, 1,    7636.82,   -1.1,    0.9585, 2,    7636.82, -121.1,    0.9585, 3,    7636.82,  118.9,    0.9585
"SCN_CN15_9180_CEI77A_ATV", 13.8, 1,    7636.76,   -1.1,    0.9585, 2,    7636.76, -121.1,    0.9585, 3,    7636.76,  118.9,    0.9585
"SCN_CN15_9024_CEIRJ006_ATV", 13.8, 1,    7636.82,   -1.1,    0.9585, 2,    7636.82, -121.1,    0.9585, 3,    7636.82,  118.9,    0.9585
"SCN_CN15_9026_CEIRJ006_ATV", 13.8, 1,    7636.82,   -1.1,    0.9585, 2,    7636.82, -121.1,    0.9585, 3,    7636.82,  118.9,    0.9585
"SCN_CN15_9002_CEI077_ATV", 13.8, 1,     7143.4,   -1.9,   0.89657, 2,     7143.4, -121.9,   0.89657, 3,     7143.4,  118.1,   0.89657
"SCN_CN15_9010_CEI077_ATV_S", 13.8, 1,    7168.26,   -1.9,    0.8997, 2,    7168.26, -121.9,   0.89969, 3,    7168.26,  118.1,   0.89969
"SCN_CN15_9023_CEIRJ006_ATV", 13.8, 1,    7094.33,   -2.0,   0.89042, 2,    7094.33, -122.0,   0.89042, 3,    7094.33,  118.0,   0.89042
"SCN_CN15_9094_CEI072", 13.8, 1,    7094.42,   -2.0,   0.89043, 2,    7094.42, -122.0,   0.89043, 3,    7094.42,  118.0,   0.89043
"SCN_CN15_9016_CEI160_ATV", 13.8, 1,    6039.86,   -4.6,   0.75807, 2,    6039.85, -124.6,   0.75807, 3,    6039.85,  115.4,   0.75807
"SCN_CN15_9093_CEI072", 13.8, 1,    7070.34,   -2.1,   0.88741, 2,    7070.34, -122.1,    0.8874, 3,    7070.34,  117.9,    0.8874
"SCN_CN15_9022_CEIRJ006_ATV", 13.8, 1,    7070.26,   -2.1,    0.8874, 2,    7070.26, -122.1,   0.88739, 3,    7070.26,  117.9,   0.88739
"SCN_CN15_9021_CEIRJ006_ATV", 13.8, 1,    7061.62,   -2.1,   0.88631, 2,    7061.62, -122.1,   0.88631, 3,    7061.62,  117.9,   0.88631
"SCN_CN15_9092_CEI072", 13.8, 1,    7061.63,   -2.1,   0.88631, 2,    7061.63, -122.1,   0.88631, 3,    7061.63,  117.9,   0.88631
"SCN_CN15_9091_CEI072", 13.8, 1,       7047,   -2.1,   0.88448, 2,    7046.99, -122.1,   0.88447, 3,    7046.99,  117.9,   0.88447
"SCN_CN15_9092_CEI072_S", 13.8, 1,    7061.63,   -2.1,   0.88631, 2,    7061.63, -122.1,   0.88631, 3,    7061.63,  117.9,   0.88631
"SCN_CN15_9090_CEI072", 13.8, 1,    7038.25,   -2.1,   0.88338, 2,    7038.24, -122.1,   0.88338, 3,    7038.24,  117.9,   0.88338
"SCN_CN15_9064_CEI072", 13.8, 1,    7019.37,   -2.2,   0.88101, 2,    7019.36, -122.2,   0.88101, 3,    7019.36,  117.8,   0.88101
"SCN_CN15_9065_CEI072", 13.8, 1,    7019.12,   -2.2,   0.88098, 2,    7019.12, -122.2,   0.88098, 3,    7019.12,  117.8,   0.88098
"SCN_CN15_9066_CEI072", 13.8, 1,    7018.88,   -2.2,   0.88095, 2,    7018.88, -122.2,   0.88095, 3,    7018.88,  117.8,   0.88095
"SCN_CN15_9067_CEI072", 13.8, 1,    7018.64,   -2.2,   0.88092, 2,    7018.64, -122.2,   0.88092, 3,    7018.64,  117.8,   0.88092
"SCN_CN15_9068_CEI072", 13.8, 1,    7018.41,   -2.2,   0.88089, 2,     7018.4, -122.2,   0.88089, 3,     7018.4,  117.8,   0.88089
"SCN_CN15_9011_CEIRJ013_ATV", 13.8, 1,    6039.85,   -4.6,   0.75807, 2,    6039.84, -124.6,   0.75807, 3,    6039.84,  115.4,   0.75807
"SCN_CN15_9069_CEI072", 13.8, 1,    7018.17,   -2.2,   0.88086, 2,    7018.16, -122.2,   0.88086, 3,    7018.16,  117.8,   0.88086
"SCN_CN15_9061_CEI072", 13.8, 1,    7007.33,   -2.2,    0.8795, 2,    7007.32, -122.2,    0.8795, 3,    7007.32,  117.8,    0.8795
"SCN_CN15_9060_CEI072", 13.8, 1,    6999.63,   -2.2,   0.87853, 2,    6999.63, -122.2,   0.87853, 3,    6999.63,  117.8,   0.87853
"SCN_CN15_9059_CEI072", 13.8, 1,     6988.9,   -2.2,   0.87718, 2,    6988.89, -122.2,   0.87718, 3,    6988.89,  117.8,   0.87718
"SCN_CN15_9058_CEI072", 13.8, 1,    6976.39,   -2.3,   0.87561, 2,    6976.38, -122.3,   0.87561, 3,    6976.38,  117.7,   0.87561
"SCN_CN15_9019_CEI69B", 13.8, 1,       6340,   -3.5,   0.79574, 2,       6340, -123.5,   0.79574, 3,       6340,  116.5,   0.79574
"SCN_CN15_9017_CEI69B", 13.8, 1,    6342.79,   -3.5,   0.79609, 2,    6342.78, -123.5,   0.79609, 3,    6342.78,  116.5,   0.79609
"SCN_CN15_9018_CEI69B", 13.8, 1,    6342.34,   -3.5,   0.79603, 2,    6342.34, -123.5,   0.79603, 3,    6342.34,  116.5,   0.79603
"SCN_CN15_9018_CEI69B_S", 13.8, 1,    6342.34,   -3.5,   0.79603, 2,    6342.34, -123.5,   0.79603, 3,    6342.34,  116.5,   0.79603
"SCN_CN15_9027_CEI250_ATV", 13.8, 1,    6340.22,   -3.5,   0.79577, 2,    6340.22, -123.5,   0.79577, 3,    6340.22,  116.5,   0.79577
"SCN_CN15_9454_CEI109", 13.8, 1,    6088.28,   -4.4,   0.76415, 2,    6088.27, -124.4,   0.76414, 3,    6088.28,  115.6,   0.76415
"SCN_CN15_9028_CEI250_ATV", 13.8, 1,    6338.09,   -3.5,    0.7955, 2,    6338.08, -123.5,    0.7955, 3,    6338.08,  116.5,    0.7955
"SCN_CN15_9032_CEI130_ATV", 13.8, 1,    6330.53,   -3.5,   0.79455, 2,    6330.52, -123.5,   0.79455, 3,    6330.52,  116.5,   0.79455
"SCN_CN15_9022_CEI250_ATV_S", 13.8, 1,    6332.48,   -3.5,    0.7948, 2,    6332.47, -123.5,   0.79479, 3,    6332.48,  116.5,   0.79479
"SCN_CN15_9033_CEI130_ATV", 13.8, 1,    6321.21,   -3.6,   0.79338, 2,     6321.2, -123.6,   0.79338, 3,     6321.2,  116.4,   0.79338
"SCN_CN15_9035_CEI130_ATV", 13.8, 1,    6302.47,   -3.6,   0.79103, 2,    6302.46, -123.6,   0.79103, 3,    6302.46,  116.4,   0.79103
"SCN_CN15_9036_CEI130_ATV", 13.8, 1,    6291.76,   -3.7,   0.78968, 2,    6291.75, -123.7,   0.78968, 3,    6291.75,  116.3,   0.78968
"SCN_CN15_9038_CEI130_ATV_S", 13.8, 1,     6291.7,   -3.7,   0.78968, 2,    6291.69, -123.7,   0.78968, 3,    6291.69,  116.3,   0.78968
"SCN_CN15_9038_CEI130_ATV", 13.8, 1,     6291.7,   -3.7,   0.78968, 2,    6291.69, -123.7,   0.78968, 3,    6291.69,  116.3,   0.78968
"SCN_CN15_9039_CEI130_ATV", 13.8, 1,    6291.64,   -3.7,   0.78967, 2,    6291.63, -123.7,   0.78967, 3,    6291.64,  116.3,   0.78967
"SCN_CN15_9453_CEI109", 13.8, 1,    6088.26,   -4.4,   0.76414, 2,    6088.25, -124.4,   0.76414, 3,    6088.25,  115.6,   0.76414
"SCN_CN15_9020_CEI130_ATV", 13.8, 1,    6340.94,   -3.5,   0.79586, 2,    6340.93, -123.5,   0.79586, 3,    6340.93,  116.5,   0.79586
"SCN_CN15_9021_CEI130_ATV", 13.8, 1,    6341.01,   -3.5,   0.79587, 2,       6341, -123.5,   0.79587, 3,       6341,  116.5,   0.79587
"SCN_CN15_9021_CEI130_ATV_S", 13.8, 1,    6341.01,   -3.5,   0.79587, 2,       6341, -123.5,   0.79587, 3,       6341,  116.5,   0.79587
"SCN_CN15_9022_CEI130_ATV", 13.8, 1,    6341.12,   -3.5,   0.79588, 2,    6341.11, -123.5,   0.79588, 3,    6341.12,  116.5,   0.79588
"SCN_CN15_9023_CEI130_ATV", 13.8, 1,    6341.25,   -3.5,    0.7959, 2,    6341.24, -123.5,   0.79589, 3,    6341.24,  116.5,   0.79589
"SCN_CN15_9026_CEI130_ATV", 13.8, 1,    6343.15,   -3.5,   0.79613, 2,    6343.14, -123.5,   0.79613, 3,    6343.14,  116.5,   0.79613
"SCN_CN15_9027_CEI130_ATV", 13.8, 1,    6345.18,   -3.5,   0.79639, 2,    6345.17, -123.5,   0.79639, 3,    6345.17,  116.5,   0.79639
"SCN_CN15_9028_CEI130_ATV", 13.8, 1,    6347.23,   -3.5,   0.79665, 2,    6347.23, -123.5,   0.79665, 3,    6347.23,  116.5,   0.79665
"SCN_CN15_9029_CEI130_ATV", 13.8, 1,    6349.19,   -3.5,   0.79689, 2,    6349.18, -123.5,   0.79689, 3,    6349.18,  116.5,   0.79689
"SCN_CN15_9452_CEI109", 13.8, 1,    6088.23,   -4.4,   0.76414, 2,    6088.22, -124.4,   0.76414, 3,    6088.23,  115.6,   0.76414
"SCN_CN15_9030_CEI130_ATV", 13.8, 1,    6351.17,   -3.5,   0.79714, 2,    6351.16, -123.5,   0.79714, 3,    6351.16,  116.5,   0.79714
"SCN_CN15_9016_CEI69B", 13.8, 1,    6347.95,   -3.5,   0.79674, 2,    6347.95, -123.5,   0.79674, 3,    6347.95,  116.5,   0.79674
"SCN_CN15_592-0899-22", 13.8, 1,     6345.2,   -3.5,   0.79639, 2,     6345.2, -123.5,   0.79639, 3,     6345.2,  116.5,   0.79639
"SCN_CN15_592-0899-22_S", 13.8, 1,     6345.2,   -3.5,   0.79639, 2,     6345.2, -123.5,   0.79639, 3,     6345.2,  116.5,   0.79639
"SCN_CN15_9013_CEI69B", 13.8, 1,    6359.28,   -3.5,   0.79816, 2,    6359.27, -123.5,   0.79816, 3,    6359.27,  116.5,   0.79816
"SCN_CN15_9015_CEI69B_S", 13.8, 1,    6353.37,   -3.5,   0.79742, 2,    6353.36, -123.5,   0.79742, 3,    6353.36,  116.5,   0.79742
"SCN_CN15_9012_CEI69B", 13.8, 1,    6366.38,   -3.4,   0.79905, 2,    6366.37, -123.4,   0.79905, 3,    6366.37,  116.6,   0.79905
"SCN_CN15_9011_CEI69B", 13.8, 1,    6373.34,   -3.4,   0.79992, 2,    6373.33, -123.4,   0.79992, 3,    6373.34,  116.6,   0.79992
"SCN_CN15_9162_CEI068", 13.8, 1,    6382.11,   -3.4,   0.80102, 2,     6382.1, -123.4,   0.80102, 3,     6382.1,  116.6,   0.80102
"SCN_CN15_9163_CEI068", 13.8, 1,    6391.29,   -3.4,   0.80218, 2,    6391.28, -123.4,   0.80218, 3,    6391.28,  116.6,   0.80218
"SCN_CN15_9164_CEI068", 13.8, 1,    6407.44,   -3.3,    0.8042, 2,    6407.43, -123.3,    0.8042, 3,    6407.43,  116.7,    0.8042
"SCN_CN15_9451_CEI109", 13.8, 1,    6088.19,   -4.4,   0.76413, 2,    6088.18, -124.4,   0.76413, 3,    6088.18,  115.6,   0.76413
"SCN_CN15_9169_CEI068", 13.8, 1,    6422.97,   -3.3,   0.80615, 2,    6422.97, -123.3,   0.80615, 3,    6422.97,  116.7,   0.80615
"SCN_CN15_9170_CEI068", 13.8, 1,    6423.11,   -3.3,   0.80617, 2,     6423.1, -123.3,   0.80617, 3,     6423.1,  116.7,   0.80617
"SCN_CN15_9170_CEI068_S", 13.8, 1,    6423.11,   -3.3,   0.80617, 2,     6423.1, -123.3,   0.80617, 3,     6423.1,  116.7,   0.80617
"SCN_CN15_9171_CEI068", 13.8, 1,     6439.8,   -3.3,   0.80827, 2,    6439.79, -123.3,   0.80826, 3,    6439.79,  116.7,   0.80826
"SCN_CN15_9172_CEI068", 13.8, 1,    6458.29,   -3.2,   0.81059, 2,    6458.28, -123.2,   0.81058, 3,    6458.28,  116.8,   0.81058
"SCN_CN15_9182_CEI068", 13.8, 1,    6479.76,   -3.2,   0.81328, 2,    6479.75, -123.2,   0.81328, 3,    6479.75,  116.8,   0.81328
"SCN_CN15_9181_CEI068", 13.8, 1,    6479.72,   -3.2,   0.81328, 2,    6479.72, -123.2,   0.81328, 3,    6479.72,  116.8,   0.81328
"SCN_CN15_9182_CEI068_S", 13.8, 1,    6479.76,   -3.2,   0.81328, 2,    6479.75, -123.2,   0.81328, 3,    6479.75,  116.8,   0.81328
"SCN_CN15_9183_CEI068", 13.8, 1,    6502.18,   -3.1,   0.81609, 2,    6502.17, -123.1,   0.81609, 3,    6502.18,  116.9,   0.81609
"SCN_CN15_9183_CEI068_S", 13.8, 1,    6502.18,   -3.1,   0.81609, 2,    6502.17, -123.1,   0.81609, 3,    6502.18,  116.9,   0.81609
"SCN_CN15_9186_CEI068", 13.8, 1,    6518.82,   -3.1,   0.81818, 2,    6518.81, -123.1,   0.81818, 3,    6518.81,  116.9,   0.81818
"SCN_CN15_9107_CEI068", 13.8, 1,    6529.11,   -3.1,   0.81947, 2,     6529.1, -123.1,   0.81947, 3,     6529.1,  116.9,   0.81947
"SCN_CN15_9450_CEI109", 13.8, 1,    6088.16,   -4.4,   0.76413, 2,    6088.15, -124.4,   0.76413, 3,    6088.15,  115.6,   0.76413
"SCN_CN15_9103_CEI068", 13.8, 1,    6540.43,   -3.0,   0.82089, 2,    6540.42, -123.0,   0.82089, 3,    6540.42,  117.0,   0.82089
"SCN_CN15_9092_CEI068", 13.8, 1,    6540.24,   -3.0,   0.82087, 2,    6540.23, -123.0,   0.82087, 3,    6540.23,  117.0,   0.82087
"SCN_CN15_9091_CEI068", 13.8, 1,    6540.04,   -3.0,   0.82085, 2,    6540.03, -123.0,   0.82084, 3,    6540.03,  117.0,   0.82085
"SCN_CN15_9090_CEI068", 13.8, 1,    6539.66,   -3.1,    0.8208, 2,    6539.65, -123.1,    0.8208, 3,    6539.65,  116.9,    0.8208
"SCN_CN15_9089_CEI068_S", 13.8, 1,    6539.43,   -3.1,   0.82077, 2,    6539.42, -123.1,   0.82077, 3,    6539.42,  116.9,   0.82077
"SCN_CN15_9086_CEI068", 13.8, 1,    6539.11,   -3.1,   0.82073, 2,    6539.11, -123.1,   0.82073, 3,    6539.11,  116.9,   0.82073
"SCN_CN15_9085_CEI068", 13.8, 1,    6538.72,   -3.1,   0.82068, 2,    6538.71, -123.1,   0.82068, 3,    6538.71,  116.9,   0.82068
"SCN_CN15_9086_CEI068_S", 13.8, 1,    6539.11,   -3.1,   0.82073, 2,    6539.11, -123.1,   0.82073, 3,    6539.11,  116.9,   0.82073
"SCN_CN15_9082_CEI068", 13.8, 1,    6538.26,   -3.1,   0.82062, 2,    6538.25, -123.1,   0.82062, 3,    6538.25,  116.9,   0.82062
"SCN_CN15_9081_CEI068", 13.8, 1,    6537.78,   -3.1,   0.82056, 2,    6537.77, -123.1,   0.82056, 3,    6537.77,  116.9,   0.82056
"SCN_CN15_9080_CEI068", 13.8, 1,    6537.31,   -3.1,    0.8205, 2,    6537.31, -123.1,    0.8205, 3,    6537.31,  116.9,    0.8205
"SCN_CN15_9026_CEI201_ATV", 13.8, 1,    6035.17,   -4.6,   0.75748, 2,    6035.16, -124.6,   0.75748, 3,    6035.16,  115.4,   0.75748
"SCN_CN15_9027_CEI201_ATV", 13.8, 1,    6035.36,   -4.6,    0.7575, 2,    6035.35, -124.6,    0.7575, 3,    6035.35,  115.4,    0.7575
"SCN_CN15_9449_CEI109", 13.8, 1,    6088.13,   -4.4,   0.76413, 2,    6088.12, -124.4,   0.76413, 3,    6088.12,  115.6,   0.76413
"SCN_CN15_9079_CEI068", 13.8, 1,    6536.85,   -3.1,   0.82045, 2,    6536.85, -123.1,   0.82045, 3,    6536.85,  116.9,   0.82045
"SCN_CN15_9078_CEI068", 13.8, 1,    6536.39,   -3.1,   0.82039, 2,    6536.39, -123.1,   0.82039, 3,    6536.39,  116.9,   0.82039
"SCN_CN15_9077_CEI068", 13.8, 1,    6535.93,   -3.1,   0.82033, 2,    6535.92, -123.1,   0.82033, 3,    6535.92,  116.9,   0.82033
"SCN_CN15_9076_CEI068", 13.8, 1,    6535.49,   -3.1,   0.82028, 2,    6535.49, -123.1,   0.82028, 3,    6535.49,  116.9,   0.82028
"SCN_CN15_9075_CEI068", 13.8, 1,    6535.06,   -3.1,   0.82022, 2,    6535.06, -123.1,   0.82022, 3,    6535.06,  116.9,   0.82022
"SCN_CN15_9074_CEI068", 13.8, 1,    6534.62,   -3.1,   0.82017, 2,    6534.62, -123.1,   0.82017, 3,    6534.62,  116.9,   0.82017
"SCN_CN15_9073_CEI068", 13.8, 1,    6534.17,   -3.1,   0.82011, 2,    6534.16, -123.1,   0.82011, 3,    6534.16,  116.9,   0.82011
"SCN_CN15_9072_CEI068", 13.8, 1,    6533.73,   -3.1,   0.82006, 2,    6533.73, -123.1,   0.82005, 3,    6533.73,  116.9,   0.82005
"SCN_CN15_9071_CEI068", 13.8, 1,    6533.31,   -3.1,      0.82, 2,     6533.3, -123.1,      0.82, 3,    6533.31,  116.9,      0.82
"SCN_CN15_9070_CEI068", 13.8, 1,       6533,   -3.1,   0.81996, 2,       6533, -123.1,   0.81996, 3,       6533,  116.9,   0.81996
"SCN_CN15_9448_CEI109", 13.8, 1,    6088.11,   -4.4,   0.76412, 2,     6088.1, -124.4,   0.76412, 3,     6088.1,  115.6,   0.76412
"SCN_CN15_9069_CEI068", 13.8, 1,    6532.67,   -3.1,   0.81992, 2,    6532.67, -123.1,   0.81992, 3,    6532.67,  116.9,   0.81992
"SCN_CN15_9447_CEI109", 13.8, 1,    6088.09,   -4.4,   0.76412, 2,    6088.08, -124.4,   0.76412, 3,    6088.08,  115.6,   0.76412
"SCN_CN15_9062_CEIRJ006_ATV", 13.8, 1,    6134.68,   -3.9,   0.76997, 2,    6134.67, -123.9,   0.76997, 3,    6134.67,  116.1,   0.76997
"SCN_CN15_9069_CEI074", 13.8, 1,    6134.73,   -3.9,   0.76998, 2,    6134.72, -123.9,   0.76997, 3,    6134.72,  116.1,   0.76997
"SCN_CN15_9083_CEI201_ATV", 13.8, 1,    6235.73,   -3.8,   0.78265, 2,    6235.72, -123.8,   0.78265, 3,    6235.72,  116.2,   0.78265
"SCN_CN15_9085_CEI201_ATV", 13.8, 1,    6235.73,   -3.8,   0.78265, 2,    6235.72, -123.8,   0.78265, 3,    6235.72,  116.2,   0.78265
"SCN_CN15_9031_CEI201_ATV", 13.8, 1,     6036.3,   -4.6,   0.75762, 2,    6036.29, -124.6,   0.75762, 3,    6036.29,  115.4,   0.75762
"SCN_CN15_9033_CEI201_ATV", 13.8, 1,    6036.65,   -4.6,   0.75767, 2,    6036.64, -124.6,   0.75766, 3,    6036.64,  115.4,   0.75766
"SCN_CN15_9028_CEI201_ATV", 13.8, 1,     6035.6,   -4.6,   0.75753, 2,    6035.59, -124.6,   0.75753, 3,    6035.59,  115.4,   0.75753
"SCN_CN15_9074_CEI131_ATV", 13.8, 1,    6122.86,   -4.2,   0.76849, 2,    6122.85, -124.2,   0.76848, 3,    6122.85,  115.8,   0.76849
"SCN_CN15_9075_CEI131_ATV", 13.8, 1,    6122.85,   -4.2,   0.76848, 2,    6122.84, -124.2,   0.76848, 3,    6122.84,  115.8,   0.76848
"SCN_CN15_9072_CEI131_ATV_S", 13.8, 1,    6122.88,   -4.2,   0.76849, 2,    6122.87, -124.2,   0.76849, 3,    6122.87,  115.8,   0.76849
"SCN_CN15_9076_CEI131_ATV", 13.8, 1,    6122.91,   -4.2,   0.76849, 2,     6122.9, -124.2,   0.76849, 3,     6122.9,  115.8,   0.76849
"SCN_CN15_9081_CEI131_ATV", 13.8, 1,    6124.19,   -4.2,   0.76865, 2,    6124.18, -124.2,   0.76865, 3,    6124.18,  115.8,   0.76865
"SCN_CN15_9082_CEI131_ATV", 13.8, 1,    6125.73,   -4.2,   0.76885, 2,    6125.72, -124.2,   0.76885, 3,    6125.73,  115.8,   0.76885
"SCN_CN15_9086_CEI131_ATV", 13.8, 1,    6128.08,   -4.2,   0.76914, 2,    6128.07, -124.2,   0.76914, 3,    6128.07,  115.8,   0.76914
"SCN_CN15_9088_CEI131_ATV", 13.8, 1,    6132.75,   -4.2,   0.76973, 2,    6132.74, -124.2,   0.76973, 3,    6132.74,  115.8,   0.76973
"SCN_CN15_9342_CEI109", 13.8, 1,    6038.47,   -4.6,   0.75789, 2,    6038.46, -124.6,   0.75789, 3,    6038.46,  115.4,   0.75789
"SCN_CN15_9336_CEI109", 13.8, 1,    6038.91,   -4.6,   0.75795, 2,     6038.9, -124.6,   0.75795, 3,     6038.9,  115.4,   0.75795
"SCN_CN15_9057_CEI072", 13.8, 1,    6964.85,   -2.3,   0.87417, 2,    6964.85, -122.3,   0.87416, 3,    6964.85,  117.7,   0.87416
"SCN_CN15_9056_CEI072", 13.8, 1,    6953.72,   -2.3,   0.87277, 2,    6953.71, -122.3,   0.87277, 3,    6953.72,  117.7,   0.87277
"SCN_CN15_9052_CEI072", 13.8, 1,    6930.07,   -2.4,    0.8698, 2,    6930.06, -122.4,    0.8698, 3,    6930.06,  117.6,    0.8698
"SCN_CN15_9056_CEI072_S", 13.8, 1,    6953.72,   -2.3,   0.87277, 2,    6953.71, -122.3,   0.87277, 3,    6953.72,  117.7,   0.87277
"SCN_CN15_9005_CEI072", 13.8, 1,     6922.5,   -2.4,   0.86885, 2,     6922.5, -122.4,   0.86885, 3,     6922.5,  117.6,   0.86885
"SCN_CN15_9004_CEI072", 13.8, 1,    6907.48,   -2.4,   0.86696, 2,    6907.48, -122.4,   0.86696, 3,    6907.48,  117.6,   0.86696
"SCN_CN15_9005_CEI072_S", 13.8, 1,     6922.5,   -2.4,   0.86885, 2,     6922.5, -122.4,   0.86885, 3,     6922.5,  117.6,   0.86885
"SCN_CN15_9486_CEI109", 13.8, 1,     6040.4,   -4.6,   0.75814, 2,    6040.39, -124.6,   0.75813, 3,    6040.39,  115.4,   0.75813
"SCN_CN15_9003_CEI072", 13.8, 1,    6884.92,   -2.4,   0.86413, 2,    6884.91, -122.4,   0.86413, 3,    6884.91,  117.6,   0.86413
"SCN_CN15_9004_CEI072_S", 13.8, 1,    6907.48,   -2.4,   0.86696, 2,    6907.48, -122.4,   0.86696, 3,    6907.48,  117.6,   0.86696
"SCN_CN15_9002_CEI072", 13.8, 1,    6882.11,   -2.5,   0.86378, 2,     6882.1, -122.5,   0.86378, 3,     6882.1,  117.5,   0.86378
"SCN_CN15_9003_CEI072_S", 13.8, 1,    6884.92,   -2.4,   0.86413, 2,    6884.91, -122.4,   0.86413, 3,    6884.91,  117.6,   0.86413
"SCN_CN15_9002_CEI072_S", 13.8, 1,    6882.11,   -2.5,   0.86378, 2,     6882.1, -122.5,   0.86378, 3,     6882.1,  117.5,   0.86378
"SCN_CN15_9297_CEI250_ATV", 13.8, 1,    6862.45,   -2.5,   0.86131, 2,    6862.44, -122.5,   0.86131, 3,    6862.44,  117.5,   0.86131
"SCN_CN15_9296_CEI250_ATV_S", 13.8, 1,    6852.62,   -2.5,   0.86008, 2,    6852.62, -122.5,   0.86008, 3,    6852.62,  117.5,   0.86008
"SCN_CN15_9297_CEI250_ATV_S", 13.8, 1,    6862.45,   -2.5,   0.86131, 2,    6862.44, -122.5,   0.86131, 3,    6862.44,  117.5,   0.86131
"SCN_CN15_9293_CEI250_ATV_S", 13.8, 1,    6834.63,   -2.6,   0.85782, 2,    6834.63, -122.6,   0.85782, 3,    6834.63,  117.4,   0.85782
"SCN_CN15_9292_CEI250_ATV", 13.8, 1,    6826.14,   -2.6,   0.85676, 2,    6826.13, -122.6,   0.85675, 3,    6826.14,  117.4,   0.85675
"SCN_CN15_9296_CEI250_ATV", 13.8, 1,    6852.62,   -2.5,   0.86008, 2,    6852.62, -122.5,   0.86008, 3,    6852.62,  117.5,   0.86008
"SCN_CN15_9295_CEI250_ATV", 13.8, 1,     6840.8,   -2.5,    0.8586, 2,    6840.79, -122.5,   0.85859, 3,     6840.8,  117.5,   0.85859
"SCN_CN15_9300_CEI250_ATV", 13.8, 1,    6862.35,   -2.5,    0.8613, 2,    6862.34, -122.5,    0.8613, 3,    6862.34,  117.5,    0.8613
"SCN_CN15_9003_CEIRJ012_ATV", 13.8, 1,    6862.45,   -2.5,   0.86131, 2,    6862.44, -122.5,   0.86131, 3,    6862.44,  117.5,   0.86131
"SCN_CN15_9006_CEI072", 13.8, 1,    6922.04,   -2.4,   0.86879, 2,    6922.03, -122.4,   0.86879, 3,    6922.03,  117.6,   0.86879
"SCN_CN15_9007_CEI072", 13.8, 1,    6921.51,   -2.4,   0.86873, 2,    6921.51, -122.4,   0.86872, 3,    6921.51,  117.6,   0.86873
"SCN_CN15_9487_CEI109", 13.8, 1,    6040.34,   -4.6,   0.75813, 2,    6040.33, -124.6,   0.75813, 3,    6040.33,  115.4,   0.75813
"SCN_CN15_9008_CEI072", 13.8, 1,    6921.29,   -2.4,    0.8687, 2,    6921.29, -122.4,    0.8687, 3,    6921.29,  117.6,    0.8687
"SCN_CN15_9009_CEI072", 13.8, 1,    6921.04,   -2.4,   0.86867, 2,    6921.03, -122.4,   0.86867, 3,    6921.04,  117.6,   0.86867
"SCN_CN15_9010_CEI072_S", 13.8, 1,    6920.81,   -2.4,   0.86864, 2,    6920.81, -122.4,   0.86864, 3,    6920.81,  117.6,   0.86864
"SCN_CN15_9010_CEI072", 13.8, 1,    6920.81,   -2.4,   0.86864, 2,    6920.81, -122.4,   0.86864, 3,    6920.81,  117.6,   0.86864
"SCN_CN15_9011_CEI072", 13.8, 1,    6920.56,   -2.4,   0.86861, 2,    6920.55, -122.4,    0.8686, 3,    6920.55,  117.6,    0.8686
"SCN_CN15_9012_CEI072", 13.8, 1,    6920.53,   -2.4,    0.8686, 2,    6920.53, -122.4,    0.8686, 3,    6920.53,  117.6,    0.8686
"SCN_CN15_9024_CEI072", 13.8, 1,    6920.16,   -2.4,   0.86856, 2,    6920.15, -122.4,   0.86855, 3,    6920.15,  117.6,   0.86856
"SCN_CN15_9025_CEI072", 13.8, 1,    6919.98,   -2.4,   0.86853, 2,    6919.98, -122.4,   0.86853, 3,    6919.98,  117.6,   0.86853
"SCN_CN15_9027_CEI072", 13.8, 1,    6919.77,   -2.4,   0.86851, 2,    6919.76, -122.4,   0.86851, 3,    6919.76,  117.6,   0.86851
"SCN_CN15_9032_CEI072", 13.8, 1,    6919.53,   -2.4,   0.86848, 2,    6919.52, -122.4,   0.86848, 3,    6919.52,  117.6,   0.86848
"SCN_CN15_9033_CEI072", 13.8, 1,    6919.29,   -2.4,   0.86845, 2,    6919.28, -122.4,   0.86845, 3,    6919.29,  117.6,   0.86845
"SCN_CN15_9301_CEI250_ATV", 13.8, 1,    6834.09,   -2.6,   0.85775, 2,    6834.08, -122.6,   0.85775, 3,    6834.09,  117.4,   0.85775
"SCN_CN15_9293_CEI250_ATV", 13.8, 1,    6834.63,   -2.6,   0.85782, 2,    6834.63, -122.6,   0.85782, 3,    6834.63,  117.4,   0.85782
"SCN_CN15_9489_CEI109", 13.8, 1,    6040.31,   -4.6,   0.75813, 2,     6040.3, -124.6,   0.75812, 3,     6040.3,  115.4,   0.75812
"SCN_CN15_9303_CEI250_ATV", 13.8, 1,    6833.17,   -2.6,   0.85764, 2,    6833.16, -122.6,   0.85764, 3,    6833.16,  117.4,   0.85764
"SCN_CN15_9304_CEI250_ATV", 13.8, 1,    6832.71,   -2.6,   0.85758, 2,     6832.7, -122.6,   0.85758, 3,    6832.71,  117.4,   0.85758
"SCN_CN15_9305_CEI250_ATV", 13.8, 1,    6832.26,   -2.6,   0.85752, 2,    6832.25, -122.6,   0.85752, 3,    6832.26,  117.4,   0.85752
"SCN_CN15_9306_CEI250_ATV", 13.8, 1,    6831.71,   -2.6,   0.85745, 2,     6831.7, -122.6,   0.85745, 3,     6831.7,  117.4,   0.85745
"SCN_CN15_9307_CEI250_ATV", 13.8, 1,    6831.41,   -2.6,   0.85742, 2,     6831.4, -122.6,   0.85742, 3,     6831.4,  117.4,   0.85742
"SCN_CN15_9308_CEI250_ATV", 13.8, 1,    6831.25,   -2.6,    0.8574, 2,    6831.25, -122.6,    0.8574, 3,    6831.25,  117.4,    0.8574
"SCN_CN15_9053_CEI160_ATV", 13.8, 1,    6831.25,   -2.6,    0.8574, 2,    6831.25, -122.6,    0.8574, 3,    6831.25,  117.4,    0.8574
"SCN_CN15_9054_CEI160_ATV", 13.8, 1,    6831.25,   -2.6,    0.8574, 2,    6831.25, -122.6,    0.8574, 3,    6831.25,  117.4,    0.8574
"SCN_CN15_9311_CEI250_ATV", 13.8, 1,     6830.7,   -2.6,   0.85733, 2,     6830.7, -122.6,   0.85733, 3,     6830.7,  117.4,   0.85733
"SCN_CN15_9488_CEI109", 13.8, 1,    6040.32,   -4.6,   0.75813, 2,    6040.31, -124.6,   0.75813, 3,    6040.32,  115.4,   0.75813
"SCN_CN15_9312_CEI250_ATV", 13.8, 1,    6830.31,   -2.6,   0.85728, 2,    6830.31, -122.6,   0.85728, 3,    6830.31,  117.4,   0.85728
"SCN_CN15_9313_CEI250_ATV", 13.8, 1,     6830.3,   -2.6,   0.85728, 2,     6830.3, -122.6,   0.85728, 3,     6830.3,  117.4,   0.85728
"SCN_CN15_9314_CEI250_ATV_S", 13.8, 1,    6830.04,   -2.6,   0.85724, 2,    6830.03, -122.6,   0.85724, 3,    6830.03,  117.4,   0.85724
"SCN_CN15_9314_CEI250_ATV", 13.8, 1,    6830.04,   -2.6,   0.85724, 2,    6830.03, -122.6,   0.85724, 3,    6830.03,  117.4,   0.85724
"SCN_CN15_9052_CEI071", 13.8, 1,    6829.79,   -2.6,   0.85721, 2,    6829.79, -122.6,   0.85721, 3,    6829.79,  117.4,   0.85721
"SCN_CN15_9053_CEI071", 13.8, 1,    6829.62,   -2.6,   0.85719, 2,    6829.61, -122.6,   0.85719, 3,    6829.61,  117.4,   0.85719
"SCN_CN15_9054_CEI071", 13.8, 1,    6829.46,   -2.6,   0.85717, 2,    6829.45, -122.6,   0.85717, 3,    6829.45,  117.4,   0.85717
"SCN_CN15_9055_CEI071", 13.8, 1,    6829.28,   -2.6,   0.85715, 2,    6829.28, -122.6,   0.85715, 3,    6829.28,  117.4,   0.85715
"SCN_CN15_9056_CEI071", 13.8, 1,    6829.12,   -2.6,   0.85713, 2,    6829.12, -122.6,   0.85713, 3,    6829.12,  117.4,   0.85713
"SCN_CN15_9057_CEI071", 13.8, 1,    6828.96,   -2.6,   0.85711, 2,    6828.96, -122.6,   0.85711, 3,    6828.96,  117.4,   0.85711
"SCN_CN15_9058_CEI071", 13.8, 1,    6828.72,   -2.6,   0.85708, 2,    6828.71, -122.6,   0.85708, 3,    6828.71,  117.4,   0.85708
"SCN_CN15_9495_CEI109", 13.8, 1,     6040.1,   -4.6,    0.7581, 2,    6040.09, -124.6,    0.7581, 3,    6040.09,  115.4,    0.7581
"SCN_CN15_9319_CEI250_ATV", 13.8, 1,    6828.51,   -2.6,   0.85705, 2,     6828.5, -122.6,   0.85705, 3,     6828.5,  117.4,   0.85705
"SCN_CN15_9320_CEI250_ATV", 13.8, 1,    6828.45,   -2.6,   0.85704, 2,    6828.44, -122.6,   0.85704, 3,    6828.44,  117.4,   0.85704
"SCN_CN15_9321_CEI250_ATV", 13.8, 1,    6828.45,   -2.6,   0.85704, 2,    6828.44, -122.6,   0.85704, 3,    6828.44,  117.4,   0.85704
"SCN_CN15_9062_CEI071", 13.8, 1,    6828.16,   -2.6,   0.85701, 2,    6828.16, -122.6,   0.85701, 3,    6828.16,  117.4,   0.85701
"SCN_CN15_9060_CEI071", 13.8, 1,    6828.29,   -2.6,   0.85703, 2,    6828.29, -122.6,   0.85702, 3,    6828.29,  117.4,   0.85702
"SCN_CN15_9059_CEI071", 13.8, 1,    6828.38,   -2.6,   0.85704, 2,    6828.37, -122.6,   0.85704, 3,    6828.37,  117.4,   0.85704
"SCN_CN15_9322_CEI250_ATV", 13.8, 1,    6828.34,   -2.6,   0.85703, 2,    6828.33, -122.6,   0.85703, 3,    6828.34,  117.4,   0.85703
"SCN_CN15_9323_CEI250_ATV", 13.8, 1,    6828.18,   -2.6,   0.85701, 2,    6828.17, -122.6,   0.85701, 3,    6828.18,  117.4,   0.85701
"SCN_CN15_9325_CEI250_ATV", 13.8, 1,    6828.13,   -2.6,     0.857, 2,    6828.12, -122.6,     0.857, 3,    6828.12,  117.4,     0.857
"SCN_CN15_9019_CEIRJ006_ATV", 13.8, 1,    6828.17,   -2.6,   0.85701, 2,    6828.16, -122.6,   0.85701, 3,    6828.16,  117.4,   0.85701
"SCN_CN15_9010_CEIRJ006_ATV", 13.8, 1,    6830.24,   -2.6,   0.85727, 2,    6830.23, -122.6,   0.85727, 3,    6830.24,  117.4,   0.85727
"SCN_CN15_9051_CEI071", 13.8, 1,    6830.04,   -2.6,   0.85724, 2,    6830.03, -122.6,   0.85724, 3,    6830.03,  117.4,   0.85724
"SCN_CN15_9101_CEI201_ATV", 13.8, 1,    6234.68,   -3.8,   0.78252, 2,    6234.67, -123.8,   0.78252, 3,    6234.67,  116.2,   0.78252
"SCN_CN15_9446_CEI109", 13.8, 1,    6088.07,   -4.4,   0.76412, 2,    6088.06, -124.4,   0.76412, 3,    6088.06,  115.6,   0.76412
"SCN_CN15_9445_CEI109", 13.8, 1,    6088.05,   -4.4,   0.76412, 2,    6088.04, -124.4,   0.76412, 3,    6088.04,  115.6,   0.76412
"SCN_CN15_9444_CEI109", 13.8, 1,    6088.03,   -4.4,   0.76411, 2,    6088.03, -124.4,   0.76411, 3,    6088.03,  115.6,   0.76411
"SCN_CN15_9443_CEI109", 13.8, 1,    6088.01,   -4.4,   0.76411, 2,       6088, -124.4,   0.76411, 3,       6088,  115.6,   0.76411
"SCN_CN15_9442_CEI109", 13.8, 1,    6087.98,   -4.4,   0.76411, 2,    6087.97, -124.4,   0.76411, 3,    6087.98,  115.6,   0.76411
"SCN_CN15_9441_CEI109", 13.8, 1,    6087.96,   -4.4,   0.76411, 2,    6087.95, -124.4,    0.7641, 3,    6087.95,  115.6,    0.7641
"SCN_CN15_9459_CEI109", 13.8, 1,    6088.46,   -4.4,   0.76417, 2,    6088.45, -124.4,   0.76417, 3,    6088.45,  115.6,   0.76417
"SCN_CN15_9081_CEI201_ATV", 13.8, 1,    6235.68,   -3.8,   0.78265, 2,    6235.67, -123.8,   0.78264, 3,    6235.67,  116.2,   0.78265
"SCN_CN15_9049_CEI201_ATV", 13.8, 1,    6041.35,   -4.6,   0.75826, 2,    6041.34, -124.6,   0.75825, 3,    6041.35,  115.4,   0.75825
"SCN_CN15_9477_CEI109", 13.8, 1,    6041.37,   -4.6,   0.75826, 2,    6041.36, -124.6,   0.75826, 3,    6041.36,  115.4,   0.75826
"SCN_CN15_9105_CEI201_ATV_S", 13.8, 1,    6234.79,   -3.8,   0.78253, 2,    6234.78, -123.8,   0.78253, 3,    6234.78,  116.2,   0.78253
"SCN_CN15_9089_CEI131_ATV", 13.8, 1,    6135.21,   -4.2,   0.77004, 2,     6135.2, -124.2,   0.77003, 3,     6135.2,  115.8,   0.77004
"SCN_CN15_9090_CEI131_ATV", 13.8, 1,    6137.84,   -4.2,   0.77037, 2,    6137.83, -124.2,   0.77036, 3,    6137.83,  115.8,   0.77036
"SCN_CN15_9091_CEI131_ATV", 13.8, 1,    6140.12,   -4.2,   0.77065, 2,    6140.11, -124.2,   0.77065, 3,    6140.11,  115.8,   0.77065
"SCN_CN15_9092_CEI131_ATV", 13.8, 1,    6140.04,   -4.2,   0.77064, 2,    6140.03, -124.2,   0.77064, 3,    6140.03,  115.8,   0.77064
"SCN_CN15_9093_CEI131_ATV", 13.8, 1,    6139.96,   -4.2,   0.77063, 2,    6139.95, -124.2,   0.77063, 3,    6139.95,  115.8,   0.77063
"SCN_CN15_9094_CEI131_ATV", 13.8, 1,    6139.88,   -4.2,   0.77062, 2,    6139.87, -124.2,   0.77062, 3,    6139.87,  115.8,   0.77062
"SCN_CN15_9095_CEI131_ATV", 13.8, 1,    6139.81,   -4.2,   0.77061, 2,     6139.8, -124.2,   0.77061, 3,    6139.81,  115.8,   0.77061
"SCN_CN15_9091_CEI131_ATV_S", 13.8, 1,    6140.12,   -4.2,   0.77065, 2,    6140.11, -124.2,   0.77065, 3,    6140.11,  115.8,   0.77065
"SCN_CN15_9096_CEI131_ATV", 13.8, 1,    6142.59,   -4.2,   0.77096, 2,    6142.58, -124.2,   0.77096, 3,    6142.58,  115.8,   0.77096
"SCN_CN15_9054_CEI201_ATV", 13.8, 1,     6041.9,   -4.6,   0.75832, 2,    6041.89, -124.6,   0.75832, 3,    6041.89,  115.4,   0.75832
"SCN_CN15_9474_CEI109", 13.8, 1,    6041.92,   -4.6,   0.75833, 2,    6041.91, -124.6,   0.75833, 3,    6041.92,  115.4,   0.75833
"SCN_CN15_9082_CEI201_ATV", 13.8, 1,    6235.67,   -3.8,   0.78265, 2,    6235.66, -123.8,   0.78264, 3,    6235.66,  116.2,   0.78264
"SCN_CN15_CEI_FL_MT_1162", 13.8, 1,     6235.8,   -3.8,   0.78266, 2,    6235.79, -123.8,   0.78266, 3,    6235.79,  116.2,   0.78266
"SCN_CN15_9083_CEI201_ATV_S", 13.8, 1,    6235.73,   -3.8,   0.78265, 2,    6235.72, -123.8,   0.78265, 3,    6235.72,  116.2,   0.78265
"SCN_CN15_9107_CEI220_ATV", 13.8, 1,    6166.78,   -4.1,     0.774, 2,    6166.77, -124.1,     0.774, 3,    6166.77,  115.9,     0.774
"SCN_CN15_9460_CEI109", 13.8, 1,    6088.45,   -4.4,   0.76417, 2,    6088.44, -124.4,   0.76417, 3,    6088.44,  115.6,   0.76417
"SCN_CN15_9461_CEI109", 13.8, 1,    6088.44,   -4.4,   0.76417, 2,    6088.43, -124.4,   0.76416, 3,    6088.43,  115.6,   0.76416
"SCN_CN15_9187_CEI068", 13.8, 1,    6518.74,   -3.1,   0.81817, 2,    6518.74, -123.1,   0.81817, 3,    6518.74,  116.9,   0.81817
"SCN_CN15_9188_CEI068", 13.8, 1,    6518.61,   -3.1,   0.81816, 2,     6518.6, -123.1,   0.81816, 3,     6518.6,  116.9,   0.81816
"SCN_CN15_9190_CEI068", 13.8, 1,    6518.48,   -3.1,   0.81814, 2,    6518.47, -123.1,   0.81814, 3,    6518.47,  116.9,   0.81814
"SCN_CN15_9189_CEI068", 13.8, 1,    6518.47,   -3.1,   0.81814, 2,    6518.46, -123.1,   0.81814, 3,    6518.46,  116.9,   0.81814
"SCN_CN15_9018_CEI130A_ATV", 13.8, 1,    6518.22,   -3.1,   0.81811, 2,    6518.21, -123.1,   0.81811, 3,    6518.21,  116.9,   0.81811
"SCN_CN15_9019_CEI130A_ATV", 13.8, 1,    6518.08,   -3.1,   0.81809, 2,    6518.08, -123.1,   0.81809, 3,    6518.08,  116.9,   0.81809
"SCN_CN15_9462_CEI109", 13.8, 1,    6088.42,   -4.4,   0.76416, 2,    6088.42, -124.4,   0.76416, 3,    6088.42,  115.6,   0.76416
"SCN_CN15_9020_CEI130A_ATV", 13.8, 1,    6517.95,   -3.1,   0.81807, 2,    6517.94, -123.1,   0.81807, 3,    6517.95,  116.9,   0.81807
"SCN_CN15_9021_CEI130A_ATV", 13.8, 1,    6517.82,   -3.1,   0.81806, 2,    6517.81, -123.1,   0.81806, 3,    6517.81,  116.9,   0.81806
"SCN_CN15_9022_CEI130A_ATV", 13.8, 1,    6517.69,   -3.1,   0.81804, 2,    6517.68, -123.1,   0.81804, 3,    6517.68,  116.9,   0.81804
"SCN_CN15_9023_CEI130A_ATV", 13.8, 1,    6517.56,   -3.1,   0.81803, 2,    6517.55, -123.1,   0.81802, 3,    6517.56,  116.9,   0.81802
"SCN_CN15_9024_CEI130A_ATV", 13.8, 1,    6517.42,   -3.1,   0.81801, 2,    6517.41, -123.1,   0.81801, 3,    6517.42,  116.9,   0.81801
"SCN_CN15_9025_CEI130A_ATV_S", 13.8, 1,     6517.3,   -3.1,   0.81799, 2,    6517.29, -123.1,   0.81799, 3,    6517.29,  116.9,   0.81799
"SCN_CN15_9025_CEI130A_ATV", 13.8, 1,     6517.3,   -3.1,   0.81799, 2,    6517.29, -123.1,   0.81799, 3,    6517.29,  116.9,   0.81799
"SCN_CN15_9026_CEI130A_ATV", 13.8, 1,     6517.3,   -3.1,   0.81799, 2,    6517.29, -123.1,   0.81799, 3,    6517.29,  116.9,   0.81799
"SCN_CN15_9027_CEI130A_ATV", 13.8, 1,    6517.16,   -3.1,   0.81797, 2,    6517.15, -123.1,   0.81797, 3,    6517.15,  116.9,   0.81797
"SCN_CN15_9028_CEI130A_ATV", 13.8, 1,    6517.16,   -3.1,   0.81797, 2,    6517.15, -123.1,   0.81797, 3,    6517.15,  116.9,   0.81797
"SCN_CN15_9029_CEI130A_ATV", 13.8, 1,    6517.16,   -3.1,   0.81797, 2,    6517.15, -123.1,   0.81797, 3,    6517.15,  116.9,   0.81797
"SCN_CN15_9463_CEI109", 13.8, 1,     6088.4,   -4.4,   0.76416, 2,    6088.39, -124.4,   0.76416, 3,    6088.39,  115.6,   0.76416
"SCN_CN15_9030_CEI130A_ATV", 13.8, 1,    6517.16,   -3.1,   0.81797, 2,    6517.15, -123.1,   0.81797, 3,    6517.15,  116.9,   0.81797
"SCN_CN15_9031_CEI130A_ATV", 13.8, 1,    6517.16,   -3.1,   0.81797, 2,    6517.15, -123.1,   0.81797, 3,    6517.15,  116.9,   0.81797
"SCN_CN15_9032_CEI130A_ATV", 13.8, 1,    6517.16,   -3.1,   0.81797, 2,    6517.15, -123.1,   0.81797, 3,    6517.15,  116.9,   0.81797
"SCN_CN15_9033_CEI130A_ATV", 13.8, 1,    6517.16,   -3.1,   0.81797, 2,    6517.15, -123.1,   0.81797, 3,    6517.15,  116.9,   0.81797
"SCN_CN15_9035_CEI130A_ATV", 13.8, 1,    6517.16,   -3.1,   0.81797, 2,    6517.15, -123.1,   0.81797, 3,    6517.15,  116.9,   0.81797
"SCN_CN15_9037_CEI130A_ATV", 13.8, 1,    6517.07,   -3.1,   0.81796, 2,    6517.06, -123.1,   0.81796, 3,    6517.06,  116.9,   0.81796
"SCN_CN15_9045_CEI130A_ATV", 13.8, 1,    6516.88,   -3.1,   0.81794, 2,    6516.87, -123.1,   0.81794, 3,    6516.87,  116.9,   0.81794
"SCN_CN15_9038_CEI130A_ATV", 13.8, 1,    6517.07,   -3.1,   0.81796, 2,    6517.06, -123.1,   0.81796, 3,    6517.06,  116.9,   0.81796
"SCN_CN15_9464_CEI109", 13.8, 1,    6088.37,   -4.4,   0.76416, 2,    6088.36, -124.4,   0.76416, 3,    6088.36,  115.6,   0.76416
"SCN_CN15_9041_CEI130A_ATV", 13.8, 1,    6517.07,   -3.1,   0.81796, 2,    6517.06, -123.1,   0.81796, 3,    6517.06,  116.9,   0.81796
"SCN_CN15_9039_CEI130A_ATV", 13.8, 1,    6517.07,   -3.1,   0.81796, 2,    6517.06, -123.1,   0.81796, 3,    6517.06,  116.9,   0.81796
"SCN_CN15_9044_CEI130A_ATV", 13.8, 1,    6517.07,   -3.1,   0.81796, 2,    6517.06, -123.1,   0.81796, 3,    6517.06,  116.9,   0.81796
"SCN_CN15_9043_CEI130A_ATV", 13.8, 1,    6517.07,   -3.1,   0.81796, 2,    6517.06, -123.1,   0.81796, 3,    6517.06,  116.9,   0.81796
"SCN_CN15_9042_CEI130A_ATV", 13.8, 1,    6517.07,   -3.1,   0.81796, 2,    6517.06, -123.1,   0.81796, 3,    6517.06,  116.9,   0.81796
"SCN_CN15_9465_CEI109", 13.8, 1,    6088.33,   -4.4,   0.76415, 2,    6088.32, -124.4,   0.76415, 3,    6088.33,  115.6,   0.76415
"SCN_CN15_9040_CEI076", 13.8, 1,    6534.74,   -3.1,   0.82018, 2,    6534.73, -123.1,   0.82018, 3,    6534.73,  116.9,   0.82018
"SCN_CN15_9047_CEI076", 13.8, 1,    6534.63,   -3.1,   0.82017, 2,    6534.62, -123.1,   0.82017, 3,    6534.62,  116.9,   0.82017
"SCN_CN15_9039_CEI076_S", 13.8, 1,     6534.8,   -3.1,   0.82019, 2,    6534.79, -123.1,   0.82019, 3,    6534.79,  116.9,   0.82019
"SCN_CN15_9038_CEI076", 13.8, 1,    6534.86,   -3.1,    0.8202, 2,    6534.85, -123.1,    0.8202, 3,    6534.85,  116.9,    0.8202
"SCN_CN15_9037_CEI076", 13.8, 1,    6534.83,   -3.1,   0.82019, 2,    6534.82, -123.1,   0.82019, 3,    6534.83,  116.9,   0.82019
"SCN_CN15_9036_CEI076", 13.8, 1,    6534.99,   -3.1,   0.82021, 2,    6534.98, -123.1,   0.82021, 3,    6534.98,  116.9,   0.82021
"SCN_CN15_9038_CEI076_S", 13.8, 1,    6534.86,   -3.1,    0.8202, 2,    6534.85, -123.1,    0.8202, 3,    6534.85,  116.9,    0.8202
"SCN_CN15_9466_CEI109", 13.8, 1,    6088.29,   -4.4,   0.76415, 2,    6088.28, -124.4,   0.76415, 3,    6088.28,  115.6,   0.76415
"SCN_CN15_9034_CEI076", 13.8, 1,    6535.11,   -3.1,   0.82023, 2,    6535.11, -123.1,   0.82023, 3,    6535.11,  116.9,   0.82023
"SCN_CN15_9033_CEI076", 13.8, 1,    6535.25,   -3.1,   0.82025, 2,    6535.24, -123.1,   0.82024, 3,    6535.24,  116.9,   0.82024
"SCN_CN15_9032_CEI076", 13.8, 1,    6535.47,   -3.1,   0.82027, 2,    6535.46, -123.1,   0.82027, 3,    6535.46,  116.9,   0.82027
"SCN_CN15_9031_CEI076", 13.8, 1,    6535.69,   -3.1,    0.8203, 2,    6535.68, -123.1,    0.8203, 3,    6535.68,  116.9,    0.8203
"SCN_CN15_9030_CEI076", 13.8, 1,     6535.9,   -3.1,   0.82033, 2,    6535.89, -123.1,   0.82033, 3,    6535.89,  116.9,   0.82033
"SCN_CN15_9046_CEIRJ006_ATV", 13.8, 1,    6536.11,   -3.1,   0.82035, 2,     6536.1, -123.1,   0.82035, 3,     6536.1,  116.9,   0.82035
"SCN_CN15_9047_CEIRJ006_ATV", 13.8, 1,    6536.51,   -3.1,    0.8204, 2,    6536.51, -123.1,    0.8204, 3,    6536.51,  116.9,    0.8204
"SCN_CN15_9025_CEI076", 13.8, 1,    6536.86,   -3.1,   0.82045, 2,    6536.85, -123.1,   0.82045, 3,    6536.85,  116.9,   0.82045
"SCN_CN15_9024_CEI076", 13.8, 1,    6537.03,   -3.1,   0.82047, 2,    6537.03, -123.1,   0.82047, 3,    6537.03,  116.9,   0.82047
"SCN_CN15_9023_CEI076", 13.8, 1,    6537.28,   -3.1,    0.8205, 2,    6537.27, -123.1,    0.8205, 3,    6537.28,  116.9,    0.8205
"SCN_CN15_9293_CEI109", 13.8, 1,    6087.87,   -4.4,   0.76409, 2,    6087.86, -124.4,   0.76409, 3,    6087.86,  115.6,   0.76409
"SCN_CN15_9049_CEIRJ006_ATV", 13.8, 1,    6537.55,   -3.1,   0.82053, 2,    6537.55, -123.1,   0.82053, 3,    6537.55,  116.9,   0.82053
"SCN_CN15_9023_CEI076_S", 13.8, 1,    6537.28,   -3.1,    0.8205, 2,    6537.27, -123.1,    0.8205, 3,    6537.28,  116.9,    0.8205
"SCN_CN15_9019_CEI076", 13.8, 1,    6537.92,   -3.1,   0.82058, 2,    6537.92, -123.1,   0.82058, 3,    6537.92,  116.9,   0.82058
"SCN_CN15_9018_CEI076", 13.8, 1,    6538.14,   -3.1,   0.82061, 2,    6538.13, -123.1,   0.82061, 3,    6538.13,  116.9,   0.82061
"SCN_CN15_9017_CEI076", 13.8, 1,    6538.37,   -3.1,   0.82064, 2,    6538.36, -123.1,   0.82064, 3,    6538.36,  116.9,   0.82064
"SCN_CN15_9016_CEI076", 13.8, 1,    6538.57,   -3.1,   0.82066, 2,    6538.57, -123.1,   0.82066, 3,    6538.57,  116.9,   0.82066
"SCN_CN15_9015_CEI076", 13.8, 1,    6538.83,   -3.1,   0.82069, 2,    6538.82, -123.1,   0.82069, 3,    6538.82,  116.9,   0.82069
"SCN_CN15_9014_CEI076", 13.8, 1,     6539.1,   -3.1,   0.82073, 2,     6539.1, -123.1,   0.82073, 3,     6539.1,  116.9,   0.82073
"SCN_CN15_9013_CEI076", 13.8, 1,    6539.52,   -3.1,   0.82078, 2,    6539.51, -123.1,   0.82078, 3,    6539.52,  116.9,   0.82078
"SCN_CN15_9012_CEI076", 13.8, 1,    6539.96,   -3.1,   0.82084, 2,    6539.95, -123.1,   0.82084, 3,    6539.95,  116.9,   0.82084
"SCN_CN15_9011_CEI076", 13.8, 1,    6540.39,   -3.1,   0.82089, 2,    6540.38, -123.1,   0.82089, 3,    6540.39,  116.9,   0.82089
"SCN_CN15_9294_CEI109", 13.8, 1,    6086.57,   -4.4,   0.76393, 2,    6086.56, -124.4,   0.76393, 3,    6086.56,  115.6,   0.76393
"SCN_CN15_9010_CEI076", 13.8, 1,     6540.8,   -3.1,   0.82094, 2,     6540.8, -123.1,   0.82094, 3,     6540.8,  116.9,   0.82094
"SCN_CN15_9009_CEI076", 13.8, 1,    6541.18,   -3.1,   0.82099, 2,    6541.17, -123.1,   0.82099, 3,    6541.17,  116.9,   0.82099
"SCN_CN15_9008_CEI076", 13.8, 1,    6541.47,   -3.1,   0.82103, 2,    6541.47, -123.1,   0.82103, 3,    6541.47,  116.9,   0.82103
"SCN_CN15_9007_CEI076", 13.8, 1,    6541.76,   -3.1,   0.82106, 2,    6541.75, -123.1,   0.82106, 3,    6541.75,  116.9,   0.82106
"SCN_CN15_9006_CEI076", 13.8, 1,    6542.07,   -3.1,    0.8211, 2,    6542.06, -123.1,    0.8211, 3,    6542.06,  116.9,    0.8211
"SCN_CN15_9005_CEI076", 13.8, 1,    6542.36,   -3.1,   0.82114, 2,    6542.36, -123.1,   0.82114, 3,    6542.36,  116.9,   0.82114
"SCN_CN15_9004_CEI076", 13.8, 1,    6542.66,   -3.1,   0.82118, 2,    6542.66, -123.1,   0.82117, 3,    6542.66,  116.9,   0.82117
"SCN_CN15_9003_CEI076", 13.8, 1,    6542.92,   -3.1,   0.82121, 2,    6542.92, -123.1,   0.82121, 3,    6542.92,  116.9,   0.82121
"SCN_CN15_9002_CEI076", 13.8, 1,    6543.25,   -3.1,   0.82125, 2,    6543.24, -123.1,   0.82125, 3,    6543.24,  116.9,   0.82125
"SCN_CN15_9117_CEI076", 13.8, 1,    6543.55,   -3.1,   0.82129, 2,    6543.55, -123.1,   0.82129, 3,    6543.55,  116.9,   0.82129
"SCN_CN15_9295_CEI109", 13.8, 1,    6085.25,   -4.4,   0.76377, 2,    6085.24, -124.4,   0.76376, 3,    6085.24,  115.6,   0.76376
"SCN_CN15_9149_CEI068", 13.8, 1,    6543.85,   -3.1,   0.82132, 2,    6543.84, -123.1,   0.82132, 3,    6543.85,  116.9,   0.82132
"SCN_CN15_9312_CEI068", 13.8, 1,     6543.8,   -3.1,   0.82132, 2,     6543.8, -123.1,   0.82132, 3,     6543.8,  116.9,   0.82132
"SCN_CN15_9313_CEI068", 13.8, 1,    6543.67,   -3.1,    0.8213, 2,    6543.66, -123.1,    0.8213, 3,    6543.66,  116.9,    0.8213
"SCN_CN15_9314_CEI068", 13.8, 1,    6543.53,   -3.1,   0.82129, 2,    6543.53, -123.1,   0.82128, 3,    6543.53,  116.9,   0.82128
"SCN_CN15_9315_CEI068", 13.8, 1,     6543.4,   -3.1,   0.82127, 2,    6543.39, -123.1,   0.82127, 3,    6543.39,  116.9,   0.82127
"SCN_CN15_9316_CEI068", 13.8, 1,    6543.26,   -3.1,   0.82125, 2,    6543.26, -123.1,   0.82125, 3,    6543.26,  116.9,   0.82125
"SCN_CN15_9317_CEI068", 13.8, 1,    6543.13,   -3.1,   0.82123, 2,    6543.12, -123.1,   0.82123, 3,    6543.12,  116.9,   0.82123
"SCN_CN15_9319_CEI068", 13.8, 1,    6543.09,   -3.1,   0.82123, 2,    6543.08, -123.1,   0.82123, 3,    6543.09,  116.9,   0.82123
"SCN_CN15_9150_CEI068", 13.8, 1,     6544.2,   -3.1,   0.82137, 2,    6544.19, -123.1,   0.82137, 3,    6544.19,  116.9,   0.82137
"SCN_CN15_9149_CEI068_S", 13.8, 1,    6543.85,   -3.1,   0.82132, 2,    6543.84, -123.1,   0.82132, 3,    6543.85,  116.9,   0.82132
"SCN_CN15_9064_CEI201_ATV", 13.8, 1,    6050.76,   -4.6,   0.75944, 2,    6050.75, -124.6,   0.75944, 3,    6050.75,  115.4,   0.75944
"SCN_CN15_9408_CEI109", 13.8, 1,    6050.81,   -4.6,   0.75944, 2,     6050.8, -124.6,   0.75944, 3,    6050.81,  115.4,   0.75944
"SCN_CN15_9024_CEI130_ATV", 13.8, 1,    6340.04,   -3.5,   0.79574, 2,    6340.03, -123.5,   0.79574, 3,    6340.03,  116.5,   0.79574
"SCN_CN15_9099_CEI131_ATV", 13.8, 1,    6147.86,   -4.2,   0.77162, 2,    6147.85, -124.2,   0.77162, 3,    6147.85,  115.8,   0.77162
"SCN_CN15_9197_CEI69B_S", 13.8, 1,     6234.9,   -3.8,   0.78255, 2,    6234.89, -123.8,   0.78255, 3,    6234.89,  116.2,   0.78255
"SCN_CN15_9111_CEI201_ATV", 13.8, 1,    6235.04,   -3.8,   0.78257, 2,    6235.03, -123.8,   0.78256, 3,    6235.03,  116.2,   0.78256
"SCN_CN15_9050_CEI201_ATV", 13.8, 1,    6041.35,   -4.6,   0.75826, 2,    6041.34, -124.6,   0.75825, 3,    6041.34,  115.4,   0.75825
"SCN_CN15_9100_CEI131_ATV", 13.8, 1,    6150.36,   -4.2,   0.77194, 2,    6150.35, -124.2,   0.77194, 3,    6150.35,  115.8,   0.77194
"SCN_CN15_9101_CEI131_ATV", 13.8, 1,    6152.95,   -4.2,   0.77226, 2,    6152.94, -124.2,   0.77226, 3,    6152.94,  115.8,   0.77226
"SCN_CN15_9064_CEI220_ATV", 13.8, 1,    6155.56,   -4.2,   0.77259, 2,    6155.55, -124.2,   0.77259, 3,    6155.55,  115.8,   0.77259
"SCN_CN15_9065_CEI220_ATV", 13.8, 1,    6155.56,   -4.2,   0.77259, 2,    6155.55, -124.2,   0.77259, 3,    6155.55,  115.8,   0.77259
"SCN_CN15_9063_CEI220_ATV", 13.8, 1,    6157.99,   -4.1,    0.7729, 2,    6157.98, -124.1,   0.77289, 3,    6157.98,  115.9,   0.77289
"SCN_CN15_9062_CEI220_ATV", 13.8, 1,    6157.92,   -4.1,   0.77289, 2,    6157.91, -124.1,   0.77288, 3,    6157.91,  115.9,   0.77288
"SCN_CN15_9061_CEI220_ATV", 13.8, 1,    6157.84,   -4.1,   0.77288, 2,    6157.83, -124.1,   0.77288, 3,    6157.83,  115.9,   0.77288
"SCN_CN15_9060_CEI220_ATV", 13.8, 1,    6157.77,   -4.1,   0.77287, 2,    6157.76, -124.1,   0.77287, 3,    6157.76,  115.9,   0.77287
"SCN_CN15_9051_CEI201_ATV", 13.8, 1,    6040.91,   -4.6,    0.7582, 2,     6040.9, -124.6,    0.7582, 3,     6040.9,  115.4,    0.7582
"SCN_CN15_9481_CEI109", 13.8, 1,    6040.91,   -4.6,    0.7582, 2,     6040.9, -124.6,    0.7582, 3,     6040.9,  115.4,    0.7582
"SCN_CN15_9155_CEI109", 13.8, 1,    6064.38,   -4.5,   0.76115, 2,    6064.37, -124.5,   0.76115, 3,    6064.38,  115.5,   0.76115
"SCN_CN15_9025_CEI201_ATV", 13.8, 1,    6034.93,   -4.6,   0.75745, 2,    6034.92, -124.6,   0.75745, 3,    6034.92,  115.4,   0.75745
"SCN_CN15_9151_CEI068", 13.8, 1,    6544.54,   -3.1,   0.82141, 2,    6544.53, -123.1,   0.82141, 3,    6544.53,  116.9,   0.82141
"SCN_CN15_9296_CEI109", 13.8, 1,    6083.35,   -4.4,   0.76353, 2,    6083.34, -124.4,   0.76353, 3,    6083.34,  115.6,   0.76353
"SCN_CN15_9152_CEI068", 13.8, 1,    6545.29,   -3.1,   0.82151, 2,    6545.29, -123.1,    0.8215, 3,    6545.29,  116.9,   0.82151
"SCN_CN15_9153_CEI068", 13.8, 1,    6546.11,   -3.0,   0.82161, 2,     6546.1, -123.0,   0.82161, 3,     6546.1,  117.0,   0.82161
"SCN_CN15_9158_CEI068", 13.8, 1,    6546.91,   -3.0,   0.82171, 2,     6546.9, -123.0,   0.82171, 3,     6546.9,  117.0,   0.82171
"SCN_CN15_9159_CEI068", 13.8, 1,    6546.83,   -3.0,    0.8217, 2,    6546.82, -123.0,    0.8217, 3,    6546.82,  117.0,    0.8217
"SCN_CN15_9158_CEI068_S", 13.8, 1,    6546.91,   -3.0,   0.82171, 2,     6546.9, -123.0,   0.82171, 3,     6546.9,  117.0,   0.82171
"SCN_CN15_9029_CEI250_ATV", 13.8, 1,     6547.7,   -3.0,   0.82181, 2,    6547.69, -123.0,   0.82181, 3,    6547.69,  117.0,   0.82181
"SCN_CN15_9030_CEI250_ATV", 13.8, 1,    6548.69,   -3.0,   0.82193, 2,    6548.68, -123.0,   0.82193, 3,    6548.68,  117.0,   0.82193
"SCN_CN15_9031_CEI250_ATV", 13.8, 1,    6548.66,   -3.0,   0.82193, 2,    6548.65, -123.0,   0.82193, 3,    6548.65,  117.0,   0.82193
"SCN_CN15_9030_CEI250_ATV_S", 13.8, 1,    6548.69,   -3.0,   0.82193, 2,    6548.68, -123.0,   0.82193, 3,    6548.68,  117.0,   0.82193
"SCN_CN15_9032_CEI250_ATV", 13.8, 1,    6549.65,   -3.0,   0.82205, 2,    6549.64, -123.0,   0.82205, 3,    6549.64,  117.0,   0.82205
"SCN_CN15_9033_CEI250_ATV", 13.8, 1,    6550.63,   -3.0,   0.82218, 2,    6550.63, -123.0,   0.82218, 3,    6550.63,  117.0,   0.82218
"SCN_CN15_9102_CEI068", 13.8, 1,    6551.62,   -3.0,    0.8223, 2,    6551.61, -123.0,    0.8223, 3,    6551.62,  117.0,    0.8223
"SCN_CN15_9297_CEI109", 13.8, 1,    6081.59,   -4.5,   0.76331, 2,    6081.58, -124.5,   0.76331, 3,    6081.58,  115.5,   0.76331
"SCN_CN15_9101_CEI068", 13.8, 1,    6563.52,   -3.0,   0.82379, 2,    6563.51, -123.0,   0.82379, 3,    6563.52,  117.0,   0.82379
"SCN_CN15_9100_CEI068_S", 13.8, 1,    6573.24,   -3.0,   0.82501, 2,    6573.23, -123.0,   0.82501, 3,    6573.24,  117.0,   0.82501
"SCN_CN15_9100_CEI068", 13.8, 1,    6573.24,   -3.0,   0.82501, 2,    6573.23, -123.0,   0.82501, 3,    6573.24,  117.0,   0.82501
"SCN_CN15_9050_CEI070_S", 13.8, 1,    6585.66,   -3.0,   0.82657, 2,    6585.65, -123.0,   0.82657, 3,    6585.65,  117.0,   0.82657
"SCN_CN15_9098_CEI068_S", 13.8, 1,    6573.24,   -3.0,   0.82501, 2,    6573.23, -123.0,   0.82501, 3,    6573.24,  117.0,   0.82501
"SCN_CN15_9049_CEI070", 13.8, 1,     6596.1,   -3.0,   0.82788, 2,    6596.09, -123.0,   0.82788, 3,    6596.09,  117.0,   0.82788
"SCN_CN15_9048_CEI070", 13.8, 1,    6604.58,   -2.9,   0.82895, 2,    6604.57, -122.9,   0.82895, 3,    6604.57,  117.1,   0.82895
"SCN_CN15_9047_CEI070", 13.8, 1,     6612.9,   -2.9,   0.82999, 2,     6612.9, -122.9,   0.82999, 3,     6612.9,  117.1,   0.82999
"SCN_CN15_9046_CEI070", 13.8, 1,    6624.16,   -2.9,    0.8314, 2,    6624.15, -122.9,    0.8314, 3,    6624.16,  117.1,    0.8314
"SCN_CN15_9045_CEI070_S", 13.8, 1,    6635.84,   -2.9,   0.83287, 2,    6635.83, -122.9,   0.83287, 3,    6635.84,  117.1,   0.83287
"SCN_CN15_9298_CEI109", 13.8, 1,    6079.21,   -4.5,   0.76301, 2,     6079.2, -124.5,   0.76301, 3,     6079.2,  115.5,   0.76301
"SCN_CN15_9051_CEI070", 13.8, 1,    6635.82,   -2.9,   0.83287, 2,    6635.82, -122.9,   0.83287, 3,    6635.82,  117.1,   0.83287
"SCN_CN15_9045_CEI070", 13.8, 1,    6635.84,   -2.9,   0.83287, 2,    6635.83, -122.9,   0.83287, 3,    6635.84,  117.1,   0.83287
"SCN_CN15_9043_CEI070_S", 13.8, 1,    6642.05,   -2.9,   0.83365, 2,    6642.04, -122.9,   0.83365, 3,    6642.04,  117.1,   0.83365
"SCN_CN15_9043_CEI070", 13.8, 1,    6642.05,   -2.9,   0.83365, 2,    6642.04, -122.9,   0.83365, 3,    6642.04,  117.1,   0.83365
"SCN_CN15_9044_CEI070", 13.8, 1,    6642.02,   -2.9,   0.83365, 2,    6642.01, -122.9,   0.83365, 3,    6642.02,  117.1,   0.83365
"SCN_CN15_9042_CEI070_S", 13.8, 1,     6653.1,   -2.9,   0.83504, 2,    6653.09, -122.9,   0.83504, 3,    6653.09,  117.1,   0.83504
"SCN_CN15_9042_CEI070", 13.8, 1,     6653.1,   -2.9,   0.83504, 2,    6653.09, -122.9,   0.83504, 3,    6653.09,  117.1,   0.83504
"SCN_CN15_9052_CEI070", 13.8, 1,    6653.08,   -2.9,   0.83503, 2,    6653.08, -122.9,   0.83503, 3,    6653.08,  117.1,   0.83503
"SCN_CN15_9040_CEI070", 13.8, 1,    6665.35,   -2.8,   0.83657, 2,    6665.34, -122.8,   0.83657, 3,    6665.35,  117.2,   0.83657
"SCN_CN15_9041_CEI070", 13.8, 1,    6665.29,   -2.8,   0.83657, 2,    6665.28, -122.8,   0.83657, 3,    6665.28,  117.2,   0.83657
"SCN_CN15_9039_CEI070", 13.8, 1,     6674.5,   -2.8,   0.83772, 2,    6674.49, -122.8,   0.83772, 3,    6674.49,  117.2,   0.83772
"SCN_CN15_9038_CEI070_S", 13.8, 1,    6688.18,   -2.8,   0.83944, 2,    6688.18, -122.8,   0.83944, 3,    6688.18,  117.2,   0.83944
"SCN_CN15_9038_CEI070", 13.8, 1,    6688.18,   -2.8,   0.83944, 2,    6688.18, -122.8,   0.83944, 3,    6688.18,  117.2,   0.83944
"SCN_CN15_9053_CEI070", 13.8, 1,     6688.1,   -2.8,   0.83943, 2,    6688.09, -122.8,   0.83943, 3,     6688.1,  117.2,   0.83943
"SCN_CN15_9026_CEI220_ATV", 13.8, 1,    6077.63,   -4.5,   0.76281, 2,    6077.62, -124.5,   0.76281, 3,    6077.63,  115.5,   0.76281
"SCN_CN15_9054_CEI070", 13.8, 1,    6687.98,   -2.8,   0.83941, 2,    6687.97, -122.8,   0.83941, 3,    6687.97,  117.2,   0.83941
"SCN_CN15_9055_CEI070_S", 13.8, 1,    6687.85,   -2.8,    0.8394, 2,    6687.84, -122.8,    0.8394, 3,    6687.84,  117.2,    0.8394
"SCN_CN15_9055_CEI070", 13.8, 1,    6687.85,   -2.8,    0.8394, 2,    6687.84, -122.8,    0.8394, 3,    6687.84,  117.2,    0.8394
"SCN_CN15_9057_CEI070", 13.8, 1,    6687.75,   -2.8,   0.83939, 2,    6687.74, -122.8,   0.83938, 3,    6687.74,  117.2,   0.83938
"SCN_CN15_9058_CEI070_S", 13.8, 1,    6687.64,   -2.8,   0.83937, 2,    6687.64, -122.8,   0.83937, 3,    6687.64,  117.2,   0.83937
"SCN_CN15_9058_CEI070", 13.8, 1,    6687.64,   -2.8,   0.83937, 2,    6687.64, -122.8,   0.83937, 3,    6687.64,  117.2,   0.83937
"SCN_CN15_9059_CEI070", 13.8, 1,    6687.64,   -2.8,   0.83937, 2,    6687.63, -122.8,   0.83937, 3,    6687.63,  117.2,   0.83937
"SCN_CN15_9060_CEI070", 13.8, 1,    6687.57,   -2.8,   0.83936, 2,    6687.57, -122.8,   0.83936, 3,    6687.57,  117.2,   0.83936
"SCN_CN15_9061_CEI070", 13.8, 1,    6687.52,   -2.8,   0.83936, 2,    6687.51, -122.8,   0.83936, 3,    6687.51,  117.2,   0.83936
"SCN_CN15_9062_CEI070", 13.8, 1,    6687.46,   -2.8,   0.83935, 2,    6687.46, -122.8,   0.83935, 3,    6687.46,  117.2,   0.83935
"SCN_CN15_9063_CEI070", 13.8, 1,    6687.41,   -2.8,   0.83934, 2,     6687.4, -122.8,   0.83934, 3,     6687.4,  117.2,   0.83934
"SCN_CN15_9064_CEI070", 13.8, 1,    6687.34,   -2.8,   0.83933, 2,    6687.33, -122.8,   0.83933, 3,    6687.33,  117.2,   0.83933
"SCN_CN15_9299_CEI109", 13.8, 1,    6076.92,   -4.5,   0.76272, 2,    6076.91, -124.5,   0.76272, 3,    6076.91,  115.5,   0.76272
"SCN_CN15_9065_CEI070", 13.8, 1,    6687.27,   -2.8,   0.83933, 2,    6687.26, -122.8,   0.83932, 3,    6687.27,  117.2,   0.83932
"SCN_CN15_9066_CEI070", 13.8, 1,     6687.2,   -2.8,   0.83932, 2,     6687.2, -122.8,   0.83932, 3,     6687.2,  117.2,   0.83932
"SCN_CN15_9037_CEI070_S", 13.8, 1,    6697.64,   -2.8,   0.84063, 2,    6697.63, -122.8,   0.84063, 3,    6697.63,  117.2,   0.84063
"SCN_CN15_9036_CEI070", 13.8, 1,    6704.83,   -2.8,   0.84153, 2,    6704.82, -122.8,   0.84153, 3,    6704.82,  117.2,   0.84153
"SCN_CN15_9037_CEI070", 13.8, 1,    6697.64,   -2.8,   0.84063, 2,    6697.63, -122.8,   0.84063, 3,    6697.63,  117.2,   0.84063
"SCN_CN15_9035_CEI070_S", 13.8, 1,    6712.51,   -2.8,   0.84249, 2,    6712.51, -122.8,   0.84249, 3,    6712.51,  117.2,   0.84249
"SCN_CN15_9019_CEI070", 13.8, 1,     6712.5,   -2.8,   0.84249, 2,     6712.5, -122.8,   0.84249, 3,     6712.5,  117.2,   0.84249
"SCN_CN15_9035_CEI070", 13.8, 1,    6712.51,   -2.8,   0.84249, 2,    6712.51, -122.8,   0.84249, 3,    6712.51,  117.2,   0.84249
"SCN_CN15_9020_CEI070", 13.8, 1,     6712.5,   -2.8,   0.84249, 2,    6712.49, -122.8,   0.84249, 3,     6712.5,  117.2,   0.84249
"SCN_CN15_9276_CEI250_ATV", 13.8, 1,    6697.49,   -2.8,   0.84061, 2,    6697.49, -122.8,   0.84061, 3,    6697.49,  117.2,   0.84061
"SCN_CN15_9275_CEI250_ATV", 13.8, 1,    6697.34,   -2.8,   0.84059, 2,    6697.33, -122.8,   0.84059, 3,    6697.33,  117.2,   0.84059
"SCN_CN15_9274_CEI250_ATV", 13.8, 1,     6697.2,   -2.8,   0.84057, 2,    6697.19, -122.8,   0.84057, 3,    6697.19,  117.2,   0.84057
"SCN_CN15_9300_CEI109", 13.8, 1,    6075.03,   -4.5,   0.76248, 2,    6075.02, -124.5,   0.76248, 3,    6075.02,  115.5,   0.76248
"SCN_CN15_9277_CEI250_ATV", 13.8, 1,    6697.04,   -2.8,   0.84055, 2,    6697.03, -122.8,   0.84055, 3,    6697.03,  117.2,   0.84055
"SCN_CN15_9278_CEI250_ATV", 13.8, 1,    6696.89,   -2.8,   0.84053, 2,    6696.88, -122.8,   0.84053, 3,    6696.88,  117.2,   0.84053
"SCN_CN15_9071_CEI070", 13.8, 1,    6696.74,   -2.8,   0.84051, 2,    6696.73, -122.8,   0.84051, 3,    6696.73,  117.2,   0.84051
"SCN_CN15_9034_CEI070", 13.8, 1,    6725.94,   -2.7,   0.84418, 2,    6725.93, -122.7,   0.84418, 3,    6725.93,  117.3,   0.84418
"SCN_CN15_9033_CEI070_S", 13.8, 1,    6739.25,   -2.7,   0.84585, 2,    6739.25, -122.7,   0.84585, 3,    6739.25,  117.3,   0.84585
"SCN_CN15_9033_CEI070", 13.8, 1,    6739.25,   -2.7,   0.84585, 2,    6739.25, -122.7,   0.84585, 3,    6739.25,  117.3,   0.84585
"SCN_CN15_9099_CEI070", 13.8, 1,    6739.18,   -2.7,   0.84584, 2,    6739.18, -122.7,   0.84584, 3,    6739.18,  117.3,   0.84584
"SCN_CN15_9098_CEI070", 13.8, 1,    6739.15,   -2.7,   0.84584, 2,    6739.14, -122.7,   0.84584, 3,    6739.14,  117.3,   0.84584
"SCN_CN15_9097_CEI070", 13.8, 1,    6739.11,   -2.7,   0.84583, 2,    6739.11, -122.7,   0.84583, 3,    6739.11,  117.3,   0.84583
"SCN_CN15_9096_CEI070", 13.8, 1,    6739.08,   -2.7,   0.84583, 2,    6739.07, -122.7,   0.84583, 3,    6739.08,  117.3,   0.84583
"SCN_CN15_9095_CEI070", 13.8, 1,    6739.05,   -2.7,   0.84582, 2,    6739.04, -122.7,   0.84582, 3,    6739.04,  117.3,   0.84582
"SCN_CN15_9249_CEI109", 13.8, 1,    6073.49,   -4.5,   0.76229, 2,    6073.48, -124.5,   0.76229, 3,    6073.48,  115.5,   0.76229
"SCN_CN15_9094_CEI070", 13.8, 1,    6739.02,   -2.7,   0.84582, 2,    6739.01, -122.7,   0.84582, 3,    6739.01,  117.3,   0.84582
"SCN_CN15_9032_CEI070", 13.8, 1,    6753.31,   -2.7,   0.84761, 2,     6753.3, -122.7,   0.84761, 3,    6753.31,  117.3,   0.84761
"SCN_CN15_9031_CEI070_S", 13.8, 1,    6766.87,   -2.7,   0.84932, 2,    6766.86, -122.7,   0.84932, 3,    6766.86,  117.3,   0.84932
"SCN_CN15_9031_CEI070", 13.8, 1,    6766.87,   -2.7,   0.84932, 2,    6766.86, -122.7,   0.84932, 3,    6766.86,  117.3,   0.84932
"SCN_CN15_9030_CEI070", 13.8, 1,    6776.86,   -2.6,   0.85057, 2,    6776.85, -122.6,   0.85057, 3,    6776.86,  117.4,   0.85057
"SCN_CN15_9291_CEI250_ATV", 13.8, 1,    6787.19,   -2.6,   0.85187, 2,    6787.18, -122.6,   0.85187, 3,    6787.18,  117.4,   0.85187
"SCN_CN15_9281_CEI250_ATV", 13.8, 1,    6797.03,   -2.6,    0.8531, 2,    6797.03, -122.6,    0.8531, 3,    6797.03,  117.4,    0.8531
"SCN_CN15_9282_CEI250_ATV", 13.8, 1,    6805.23,   -2.6,   0.85413, 2,    6805.23, -122.6,   0.85413, 3,    6805.23,  117.4,   0.85413
"SCN_CN15_9280_CEI250_ATV", 13.8, 1,     6805.2,   -2.6,   0.85413, 2,    6805.19, -122.6,   0.85413, 3,     6805.2,  117.4,   0.85413
"SCN_CN15_9283_CEI250_ATV", 13.8, 1,    6813.85,   -2.6,   0.85521, 2,    6813.84, -122.6,   0.85521, 3,    6813.85,  117.4,   0.85521
"SCN_CN15_9284_CEI250_ATV", 13.8, 1,    6813.81,   -2.6,   0.85521, 2,    6813.81, -122.6,   0.85521, 3,    6813.81,  117.4,   0.85521
"SCN_CN15_9302_CEI109", 13.8, 1,    6072.88,   -4.5,   0.76221, 2,    6072.87, -124.5,   0.76221, 3,    6072.87,  115.5,   0.76221
"SCN_CN15_9056_CEI160_ATV", 13.8, 1,    6834.25,   -2.6,   0.85777, 2,    6834.24, -122.6,   0.85777, 3,    6834.24,  117.4,   0.85777
"SCN_CN15_9057_CEI160_ATV", 13.8, 1,    6833.84,   -2.6,   0.85772, 2,    6833.84, -122.6,   0.85772, 3,    6833.84,  117.4,   0.85772
"SCN_CN15_9058_CEI160_ATV", 13.8, 1,     6833.4,   -2.6,   0.85767, 2,    6833.39, -122.6,   0.85767, 3,    6833.39,  117.4,   0.85767
"SCN_CN15_9059_CEI160_ATV", 13.8, 1,    6833.37,   -2.6,   0.85766, 2,    6833.37, -122.6,   0.85766, 3,    6833.37,  117.4,   0.85766
"SCN_CN15_9066_CEI160_ATV", 13.8, 1,    6833.29,   -2.6,   0.85765, 2,    6833.29, -122.6,   0.85765, 3,    6833.29,  117.4,   0.85765
"SCN_CN15_9065_CEI160_ATV", 13.8, 1,     6833.2,   -2.6,   0.85764, 2,     6833.2, -122.6,   0.85764, 3,     6833.2,  117.4,   0.85764
"SCN_CN15_9064_CEI160_ATV", 13.8, 1,    6833.11,   -2.6,   0.85763, 2,    6833.11, -122.6,   0.85763, 3,    6833.11,  117.4,   0.85763
"SCN_CN15_9063_CEI160_ATV", 13.8, 1,    6833.04,   -2.6,   0.85762, 2,    6833.04, -122.6,   0.85762, 3,    6833.04,  117.4,   0.85762
"SCN_CN15_9303_CEI109", 13.8, 1,    6070.86,   -4.5,   0.76196, 2,    6070.85, -124.5,   0.76196, 3,    6070.86,  115.5,   0.76196
"SCN_CN15_9062_CEI160_ATV", 13.8, 1,    6832.83,   -2.6,   0.85759, 2,    6832.83, -122.6,   0.85759, 3,    6832.83,  117.4,   0.85759
"SCN_CN15_9061_CEI160_ATV", 13.8, 1,    6832.68,   -2.6,   0.85758, 2,    6832.67, -122.6,   0.85758, 3,    6832.67,  117.4,   0.85758
"SCN_CN15_9060_CEI160_ATV", 13.8, 1,    6832.41,   -2.6,   0.85754, 2,     6832.4, -122.6,   0.85754, 3,    6832.41,  117.4,   0.85754
"SCN_CN15_9001_CEIRJ012_ATV", 13.8, 1,    6766.87,   -2.7,   0.84932, 2,    6766.86, -122.7,   0.84932, 3,    6766.86,  117.3,   0.84932
"SCN_CN15_9002_CEIRJ012_ATV", 13.8, 1,    6766.87,   -2.7,   0.84932, 2,    6766.86, -122.7,   0.84932, 3,    6766.86,  117.3,   0.84932
"SCN_CN15_9008_CEIRJ006_ATV", 13.8, 1,    6687.84,   -2.8,    0.8394, 2,    6687.83, -122.8,    0.8394, 3,    6687.83,  117.2,    0.8394
"SCN_CN15_9035_CEI250_ATV", 13.8, 1,    6551.59,   -3.0,    0.8223, 2,    6551.58, -123.0,    0.8223, 3,    6551.58,  117.0,    0.8223
"SCN_CN15_9036_CEI250_ATV", 13.8, 1,    6551.55,   -3.0,   0.82229, 2,    6551.54, -123.0,   0.82229, 3,    6551.54,  117.0,   0.82229
"SCN_CN15_9037_CEI250_ATV", 13.8, 1,    6551.47,   -3.0,   0.82228, 2,    6551.46, -123.0,   0.82228, 3,    6551.46,  117.0,   0.82228
"SCN_CN15_9039_CEI250_ATV", 13.8, 1,    6551.39,   -3.0,   0.82227, 2,    6551.38, -123.0,   0.82227, 3,    6551.38,  117.0,   0.82227
"SCN_CN15_9304_CEI109", 13.8, 1,    6069.46,   -4.5,   0.76178, 2,    6069.45, -124.5,   0.76178, 3,    6069.45,  115.5,   0.76178
"SCN_CN15_9042_CEI250_ATV", 13.8, 1,     6551.3,   -3.0,   0.82226, 2,     6551.3, -123.0,   0.82226, 3,     6551.3,  117.0,   0.82226
"SCN_CN15_9041_CEI250_ATV", 13.8, 1,    6551.22,   -3.0,   0.82225, 2,    6551.22, -123.0,   0.82225, 3,    6551.22,  117.0,   0.82225
"SCN_CN15_9040_CEI250_ATV", 13.8, 1,    6551.13,   -3.0,   0.82224, 2,    6551.13, -123.0,   0.82224, 3,    6551.13,  117.0,   0.82224
"SCN_CN15_9059_CEI220_ATV", 13.8, 1,    6157.71,   -4.1,   0.77286, 2,     6157.7, -124.1,   0.77286, 3,     6157.7,  115.9,   0.77286
"SCN_CN15_9058_CEI220_ATV", 13.8, 1,    6157.66,   -4.1,   0.77285, 2,    6157.65, -124.1,   0.77285, 3,    6157.65,  115.9,   0.77285
"SCN_CN15_9063_CEI220_ATV_S", 13.8, 1,    6157.99,   -4.1,    0.7729, 2,    6157.98, -124.1,   0.77289, 3,    6157.98,  115.9,   0.77289
"SCN_CN15_9066_CEI220_ATV", 13.8, 1,    6160.76,   -4.1,   0.77324, 2,    6160.75, -124.1,   0.77324, 3,    6160.75,  115.9,   0.77324
"SCN_CN15_9071_CEI220_ATV", 13.8, 1,    6160.72,   -4.1,   0.77324, 2,    6160.71, -124.1,   0.77324, 3,    6160.71,  115.9,   0.77324
"SCN_CN15_9072_CEI220_ATV", 13.8, 1,    6160.68,   -4.1,   0.77323, 2,    6160.67, -124.1,   0.77323, 3,    6160.67,  115.9,   0.77323
"SCN_CN15_9073_CEI220_ATV", 13.8, 1,    6160.63,   -4.1,   0.77323, 2,    6160.62, -124.1,   0.77323, 3,    6160.63,  115.9,   0.77323
"SCN_CN15_9074_CEI220_ATV", 13.8, 1,    6160.59,   -4.1,   0.77322, 2,    6160.58, -124.1,   0.77322, 3,    6160.59,  115.9,   0.77322
"SCN_CN15_9075_CEI220_ATV", 13.8, 1,    6160.55,   -4.1,   0.77322, 2,    6160.54, -124.1,   0.77322, 3,    6160.54,  115.9,   0.77322
"SCN_CN15_9034_CEI201_ATV", 13.8, 1,    6037.02,   -4.6,   0.75771, 2,    6037.01, -124.6,   0.75771, 3,    6037.01,  115.4,   0.75771
"SCN_CN15_9036_CEI201_ATV", 13.8, 1,    6037.34,   -4.6,   0.75775, 2,    6037.33, -124.6,   0.75775, 3,    6037.34,  115.4,   0.75775
"SCN_CN15_9066_CEI220_ATV_S", 13.8, 1,    6160.76,   -4.1,   0.77324, 2,    6160.75, -124.1,   0.77324, 3,    6160.75,  115.9,   0.77324
"SCN_CN15_9067_CEI220_ATV", 13.8, 1,    6163.51,   -4.1,   0.77359, 2,     6163.5, -124.1,   0.77359, 3,     6163.5,  115.9,   0.77359
"SCN_CN15_9068_CEI220_ATV", 13.8, 1,    6165.31,   -4.1,   0.77381, 2,     6165.3, -124.1,   0.77381, 3,     6165.3,  115.9,   0.77381
"SCN_CN15_9142_CEI220_ATV", 13.8, 1,    6166.82,   -4.1,     0.774, 2,    6166.81, -124.1,     0.774, 3,    6166.81,  115.9,     0.774
"SCN_CN15_9030_CEI201_ATV", 13.8, 1,    6035.93,   -4.6,   0.75758, 2,    6035.92, -124.6,   0.75757, 3,    6035.93,  115.4,   0.75757
"SCN_CN15_9037_CEI148_ATV", 13.8, 1,    6237.29,   -3.8,   0.78285, 2,    6237.28, -123.8,   0.78285, 3,    6237.28,  116.2,   0.78285
"SCN_CN15_9013_CEIRJ013_ATV", 13.8, 1,    6237.29,   -3.8,   0.78285, 2,    6237.28, -123.8,   0.78285, 3,    6237.28,  116.2,   0.78285
"SCN_CN15_9141_CEI220_ATV", 13.8, 1,       6167,   -4.1,   0.77403, 2,    6166.99, -124.1,   0.77402, 3,    6166.99,  115.9,   0.77402
"SCN_CN15_9142_CEI220_ATV_S", 13.8, 1,    6166.82,   -4.1,     0.774, 2,    6166.81, -124.1,     0.774, 3,    6166.81,  115.9,     0.774
"SCN_CN15_9043_CEI250_ATV", 13.8, 1,    6551.09,   -3.0,   0.82223, 2,    6551.08, -123.0,   0.82223, 3,    6551.08,  117.0,   0.82223
"SCN_CN15_9047_CEI250_ATV", 13.8, 1,    6551.07,   -3.0,   0.82223, 2,    6551.06, -123.0,   0.82223, 3,    6551.06,  117.0,   0.82223
"SCN_CN15_9048_CEI250_ATV", 13.8, 1,    6551.01,   -3.0,   0.82222, 2,    6551.01, -123.0,   0.82222, 3,    6551.01,  117.0,   0.82222
"SCN_CN15_9049_CEI250_ATV", 13.8, 1,    6550.96,   -3.0,   0.82222, 2,    6550.96, -123.0,   0.82222, 3,    6550.96,  117.0,   0.82222
"SCN_CN15_9044_CEI250_ATV", 13.8, 1,    6551.07,   -3.0,   0.82223, 2,    6551.06, -123.0,   0.82223, 3,    6551.06,  117.0,   0.82223
"SCN_CN15_9045_CEI250_ATV", 13.8, 1,    6551.05,   -3.0,   0.82223, 2,    6551.05, -123.0,   0.82223, 3,    6551.05,  117.0,   0.82223
"SCN_CN15_9046_CEI250_ATV", 13.8, 1,    6551.04,   -3.0,   0.82223, 2,    6551.03, -123.0,   0.82223, 3,    6551.03,  117.0,   0.82223
"SCN_CN15_9305_CEI109", 13.8, 1,     6068.7,   -4.5,   0.76169, 2,    6068.69, -124.5,   0.76169, 3,    6068.69,  115.5,   0.76169
"SCN_CN15_9059_CEI075", 13.8, 1,    6167.14,   -3.8,   0.77404, 2,    6167.13, -123.8,   0.77404, 3,    6167.13,  116.2,   0.77404
"SCN_CN15_9060_CEI075", 13.8, 1,    6166.36,   -3.8,   0.77395, 2,    6166.35, -123.8,   0.77394, 3,    6166.35,  116.2,   0.77394
"SCN_CN15_9061_CEI075", 13.8, 1,    6165.62,   -3.8,   0.77385, 2,    6165.61, -123.8,   0.77385, 3,    6165.61,  116.2,   0.77385
"SCN_CN15_9062_CEI075", 13.8, 1,     6164.9,   -3.8,   0.77376, 2,    6164.89, -123.8,   0.77376, 3,    6164.89,  116.2,   0.77376
"SCN_CN15_9063_CEI075", 13.8, 1,    6164.24,   -3.8,   0.77368, 2,    6164.23, -123.8,   0.77368, 3,    6164.23,  116.2,   0.77368
"SCN_CN15_9064_CEI075", 13.8, 1,    6163.52,   -3.8,   0.77359, 2,    6163.51, -123.8,   0.77359, 3,    6163.51,  116.2,   0.77359
"SCN_CN15_9127_CEI230_ATV", 13.8, 1,    6163.47,   -3.8,   0.77358, 2,    6163.46, -123.8,   0.77358, 3,    6163.46,  116.2,   0.77358
"SCN_CN15_9126_CEI230_ATV", 13.8, 1,    6163.43,   -3.8,   0.77358, 2,    6163.42, -123.8,   0.77358, 3,    6163.42,  116.2,   0.77358
"SCN_CN15_9174_CEI230_ATV", 13.8, 1,    6163.46,   -3.8,   0.77358, 2,    6163.45, -123.8,   0.77358, 3,    6163.45,  116.2,   0.77358
"SCN_CN15_9175_CEI230_ATV", 13.8, 1,    6163.46,   -3.8,   0.77358, 2,    6163.45, -123.8,   0.77358, 3,    6163.45,  116.2,   0.77358
"SCN_CN15_9422_CEI109", 13.8, 1,     6067.2,   -4.5,    0.7615, 2,    6067.19, -124.5,    0.7615, 3,    6067.19,  115.5,    0.7615
"SCN_CN15_9173_CEI230_ATV", 13.8, 1,    6163.45,   -3.8,   0.77358, 2,    6163.44, -123.8,   0.77358, 3,    6163.44,  116.2,   0.77358
"SCN_CN15_9016_CEI201_ATV", 13.8, 1,    6033.42,   -4.6,   0.75726, 2,    6033.41, -124.6,   0.75726, 3,    6033.41,  115.4,   0.75726
"SCN_CN15_9172_CEI230_ATV", 13.8, 1,     6163.4,   -3.8,   0.77357, 2,    6163.39, -123.8,   0.77357, 3,    6163.39,  116.2,   0.77357
"SCN_CN15_9171_CEI230_ATV", 13.8, 1,    6163.35,   -3.8,   0.77357, 2,    6163.34, -123.8,   0.77357, 3,    6163.34,  116.2,   0.77357
"SCN_CN15_9170_CEI230_ATV", 13.8, 1,     6163.3,   -3.8,   0.77356, 2,    6163.29, -123.8,   0.77356, 3,    6163.29,  116.2,   0.77356
"SCN_CN15_9065_CEI075", 13.8, 1,    6162.85,   -3.8,   0.77351, 2,    6162.84, -123.8,    0.7735, 3,    6162.84,  116.2,    0.7735
"SCN_CN15_9106_CEI075", 13.8, 1,    6162.13,   -3.8,   0.77341, 2,    6162.12, -123.8,   0.77341, 3,    6162.12,  116.2,   0.77341
"SCN_CN15_9105_CEI075", 13.8, 1,    6161.48,   -3.8,   0.77333, 2,    6161.47, -123.8,   0.77333, 3,    6161.47,  116.2,   0.77333
"SCN_CN15_9130_CEI230_ATV", 13.8, 1,    6161.45,   -3.8,   0.77333, 2,    6161.44, -123.8,   0.77333, 3,    6161.44,  116.2,   0.77333
"SCN_CN15_9129_CEI230_ATV", 13.8, 1,    6161.42,   -3.8,   0.77333, 2,    6161.41, -123.8,   0.77332, 3,    6161.41,  116.2,   0.77332
"SCN_CN15_9128_CEI230_ATV", 13.8, 1,    6161.39,   -3.8,   0.77332, 2,    6161.38, -123.8,   0.77332, 3,    6161.38,  116.2,   0.77332
"SCN_CN15_9421_CEI109", 13.8, 1,    6066.07,   -4.5,   0.76136, 2,    6066.06, -124.5,   0.76136, 3,    6066.07,  115.5,   0.76136
"SCN_CN15_9104_CEI075", 13.8, 1,     6160.8,   -3.8,   0.77325, 2,    6160.79, -123.8,   0.77325, 3,    6160.79,  116.2,   0.77325
"SCN_CN15_9103_CEI075", 13.8, 1,    6160.11,   -3.8,   0.77316, 2,     6160.1, -123.8,   0.77316, 3,    6160.09,  116.2,   0.77316
"SCN_CN15_9102_CEI075", 13.8, 1,    6159.49,   -3.8,   0.77308, 2,    6159.48, -123.8,   0.77308, 3,    6159.48,  116.2,   0.77308
"SCN_CN15_9168_CEI230_ATV", 13.8, 1,    6159.48,   -3.8,   0.77308, 2,    6159.47, -123.8,   0.77308, 3,    6159.47,  116.2,   0.77308
"SCN_CN15_9100_CEI075", 13.8, 1,    6158.84,   -3.9,     0.773, 2,    6158.83, -123.9,     0.773, 3,    6158.82,  116.1,     0.773
"SCN_CN15_9099_CEI075", 13.8, 1,    6158.17,   -3.9,   0.77292, 2,    6158.16, -123.9,   0.77292, 3,    6158.16,  116.1,   0.77292
"SCN_CN15_9097_CEI075", 13.8, 1,    6157.52,   -3.9,   0.77284, 2,    6157.51, -123.9,   0.77284, 3,    6157.51,  116.1,   0.77284
"SCN_CN15_9167_CEI230_ATV", 13.8, 1,    6157.49,   -3.9,   0.77283, 2,    6157.48, -123.9,   0.77283, 3,    6157.48,  116.1,   0.77283
"SCN_CN15_9096_CEI075", 13.8, 1,    6156.86,   -3.9,   0.77275, 2,    6156.85, -123.9,   0.77275, 3,    6156.85,  116.1,   0.77275
"SCN_CN15_9095_CEI075", 13.8, 1,     6156.2,   -3.9,   0.77267, 2,    6156.19, -123.9,   0.77267, 3,    6156.19,  116.1,   0.77267
"SCN_CN15_9420_CEI109", 13.8, 1,    6065.14,   -4.5,   0.76124, 2,    6065.13, -124.5,   0.76124, 3,    6065.13,  115.5,   0.76124
"SCN_CN15_9093_CEI075", 13.8, 1,    6155.56,   -3.9,   0.77259, 2,    6155.55, -123.9,   0.77259, 3,    6155.55,  116.1,   0.77259
"SCN_CN15_9092_CEI075", 13.8, 1,    6154.79,   -3.9,   0.77249, 2,    6154.78, -123.9,   0.77249, 3,    6154.78,  116.1,   0.77249
"SCN_CN15_9091_CEI075", 13.8, 1,    6153.98,   -3.9,   0.77239, 2,    6153.97, -123.9,   0.77239, 3,    6153.97,  116.1,   0.77239
"SCN_CN15_9090_CEI075", 13.8, 1,    6153.45,   -3.9,   0.77233, 2,    6153.44, -123.9,   0.77232, 3,    6153.44,  116.1,   0.77232
"SCN_CN15_9166_CEI230_ATV", 13.8, 1,    6153.44,   -3.9,   0.77232, 2,    6153.43, -123.9,   0.77232, 3,    6153.43,  116.1,   0.77232
"SCN_CN15_9131_CEI230_ATV", 13.8, 1,    6153.96,   -3.9,   0.77239, 2,    6153.95, -123.9,   0.77239, 3,    6153.95,  116.1,   0.77239
"SCN_CN15_9089_CEI075", 13.8, 1,    6152.91,   -3.9,   0.77226, 2,     6152.9, -123.9,   0.77226, 3,     6152.9,  116.1,   0.77226
"SCN_CN15_9088_CEI075", 13.8, 1,    6152.44,   -3.9,    0.7722, 2,    6152.43, -123.9,    0.7722, 3,    6152.43,  116.1,    0.7722
"SCN_CN15_9132_CEI230_ATV", 13.8, 1,    6152.39,   -3.9,   0.77219, 2,    6152.38, -123.9,   0.77219, 3,    6152.37,  116.1,   0.77219
"SCN_CN15_9133_CEI230_ATV", 13.8, 1,    6152.32,   -3.9,   0.77218, 2,    6152.31, -123.9,   0.77218, 3,    6152.31,  116.1,   0.77218
"SCN_CN15_9419_CEI109", 13.8, 1,    6064.18,   -4.5,   0.76112, 2,    6064.17, -124.5,   0.76112, 3,    6064.17,  115.5,   0.76112
"SCN_CN15_9134_CEI230_ATV", 13.8, 1,    6152.26,   -3.9,   0.77218, 2,    6152.25, -123.9,   0.77218, 3,    6152.25,  116.1,   0.77218
"SCN_CN15_9135_CEI230_ATV", 13.8, 1,    6152.21,   -3.9,   0.77217, 2,     6152.2, -123.9,   0.77217, 3,     6152.2,  116.1,   0.77217
"SCN_CN15_9145_CEI230_ATV", 13.8, 1,    6152.19,   -3.9,   0.77217, 2,    6152.18, -123.9,   0.77217, 3,    6152.18,  116.1,   0.77217
"SCN_CN15_9137_CEI230_ATV", 13.8, 1,    6152.17,   -3.9,   0.77216, 2,    6152.16, -123.9,   0.77216, 3,    6152.16,  116.1,   0.77216
"SCN_CN15_9138_CEI230_ATV", 13.8, 1,    6152.13,   -3.9,   0.77216, 2,    6152.12, -123.9,   0.77216, 3,    6152.12,  116.1,   0.77216
"SCN_CN15_9139_CEI230_ATV", 13.8, 1,     6152.1,   -3.9,   0.77216, 2,    6152.09, -123.9,   0.77215, 3,    6152.09,  116.1,   0.77215
"SCN_CN15_9140_CEI230_ATV", 13.8, 1,    6152.06,   -3.9,   0.77215, 2,    6152.05, -123.9,   0.77215, 3,    6152.05,  116.1,   0.77215
"SCN_CN15_9141_CEI230_ATV", 13.8, 1,    6152.03,   -3.9,   0.77215, 2,    6152.02, -123.9,   0.77215, 3,    6152.02,  116.1,   0.77215
"SCN_CN15_9142_CEI230_ATV", 13.8, 1,    6152.02,   -3.9,   0.77215, 2,    6152.01, -123.9,   0.77214, 3,    6152.01,  116.1,   0.77214
"SCN_CN15_9143_CEI230_ATV", 13.8, 1,    6152.01,   -3.9,   0.77214, 2,       6152, -123.9,   0.77214, 3,       6152,  116.1,   0.77214
"SCN_CN15_9418_CEI109", 13.8, 1,    6063.26,   -4.5,   0.76101, 2,    6063.25, -124.5,     0.761, 3,    6063.25,  115.5,     0.761
"SCN_CN15_9144_CEI230_ATV", 13.8, 1,    6152.02,   -3.9,   0.77215, 2,    6152.01, -123.9,   0.77214, 3,    6152.01,  116.1,   0.77214
"SCN_CN15_9146_CEI230_ATV", 13.8, 1,    6151.97,   -3.9,   0.77214, 2,    6151.96, -123.9,   0.77214, 3,    6151.96,  116.1,   0.77214
"SCN_CN15_9087_CEI075", 13.8, 1,    6151.66,   -3.9,    0.7721, 2,    6151.65, -123.9,    0.7721, 3,    6151.65,  116.1,    0.7721
"SCN_CN15_9086_CEI075", 13.8, 1,       6151,   -3.9,   0.77202, 2,    6150.99, -123.9,   0.77202, 3,    6150.99,  116.1,   0.77202
"SCN_CN15_9165_CEI230_ATV", 13.8, 1,       6151,   -3.9,   0.77202, 2,    6150.99, -123.9,   0.77202, 3,    6150.99,  116.1,   0.77202
"SCN_CN15_9085_CEI075", 13.8, 1,    6150.24,   -3.9,   0.77192, 2,    6150.23, -123.9,   0.77192, 3,    6150.23,  116.1,   0.77192
"SCN_CN15_9084_CEI075", 13.8, 1,    6149.51,   -3.9,   0.77183, 2,     6149.5, -123.9,   0.77183, 3,     6149.5,  116.1,   0.77183
"SCN_CN15_9083_CEI075", 13.8, 1,     6148.8,   -3.9,   0.77174, 2,    6148.79, -123.9,   0.77174, 3,    6148.79,  116.1,   0.77174
"SCN_CN15_9082_CEI075", 13.8, 1,    6147.99,   -3.9,   0.77164, 2,    6147.98, -123.9,   0.77164, 3,    6147.98,  116.1,   0.77164
"SCN_CN15_9147_CEI230_ATV", 13.8, 1,    6147.95,   -3.9,   0.77163, 2,    6147.94, -123.9,   0.77163, 3,    6147.94,  116.1,   0.77163
"SCN_CN15_9417_CEI109", 13.8, 1,     6061.6,   -4.5,    0.7608, 2,     6061.6, -124.5,    0.7608, 3,     6061.6,  115.5,    0.7608
"SCN_CN15_9148_CEI230_ATV", 13.8, 1,    6147.91,   -3.9,   0.77163, 2,     6147.9, -123.9,   0.77163, 3,     6147.9,  116.1,   0.77163
"SCN_CN15_9149_CEI230_ATV", 13.8, 1,    6147.86,   -3.9,   0.77162, 2,    6147.85, -123.9,   0.77162, 3,    6147.85,  116.1,   0.77162
"SCN_CN15_9150_CEI230_ATV", 13.8, 1,    6147.86,   -3.9,   0.77162, 2,    6147.85, -123.9,   0.77162, 3,    6147.85,  116.1,   0.77162
"SCN_CN15_9151_CEI230_ATV", 13.8, 1,    6147.82,   -3.9,   0.77162, 2,    6147.81, -123.9,   0.77162, 3,     6147.8,  116.1,   0.77162
"SCN_CN15_9152_CEI230_ATV", 13.8, 1,    6147.85,   -3.9,   0.77162, 2,    6147.84, -123.9,   0.77162, 3,    6147.83,  116.1,   0.77162
"SCN_CN15_9153_CEI230_ATV", 13.8, 1,    6147.83,   -3.9,   0.77162, 2,    6147.82, -123.9,   0.77162, 3,    6147.82,  116.1,   0.77162
"SCN_CN15_9154_CEI230_ATV", 13.8, 1,    6147.82,   -3.9,   0.77162, 2,    6147.81, -123.9,   0.77162, 3,    6147.81,  116.1,   0.77162
"SCN_CN15_9155_CEI230_ATV", 13.8, 1,     6147.8,   -3.9,   0.77162, 2,    6147.79, -123.9,   0.77161, 3,    6147.79,  116.1,   0.77161
"SCN_CN15_9156_CEI230_ATV", 13.8, 1,    6147.77,   -3.9,   0.77161, 2,    6147.76, -123.9,   0.77161, 3,    6147.76,  116.1,   0.77161
"SCN_CN15_9157_CEI230_ATV", 13.8, 1,    6147.75,   -3.9,   0.77161, 2,    6147.74, -123.9,   0.77161, 3,    6147.73,  116.1,   0.77161
"SCN_CN15_9416_CEI109", 13.8, 1,    6060.05,   -4.5,    0.7606, 2,    6060.04, -124.5,    0.7606, 3,    6060.04,  115.5,    0.7606
"SCN_CN15_9164_CEI230_ATV", 13.8, 1,    6149.51,   -3.9,   0.77183, 2,     6149.5, -123.9,   0.77183, 3,     6149.5,  116.1,   0.77183
"SCN_CN15_9080_CEI075", 13.8, 1,    6147.31,   -3.9,   0.77155, 2,     6147.3, -123.9,   0.77155, 3,     6147.3,  116.1,   0.77155
"SCN_CN15_9163_CEI230_ATV", 13.8, 1,    6147.29,   -3.9,   0.77155, 2,    6147.28, -123.9,   0.77155, 3,    6147.28,  116.1,   0.77155
"SCN_CN15_9079_CEI075", 13.8, 1,    6146.77,   -3.9,   0.77149, 2,    6146.76, -123.9,   0.77149, 3,    6146.76,  116.1,   0.77149
"SCN_CN15_9077_CEI075", 13.8, 1,    6146.32,   -3.9,   0.77143, 2,    6146.31, -123.9,   0.77143, 3,    6146.31,  116.1,   0.77143
"SCN_CN15_9162_CEI230_ATV", 13.8, 1,    6146.28,   -3.9,   0.77143, 2,    6146.27, -123.9,   0.77142, 3,    6146.27,  116.1,   0.77142
"SCN_CN15_9076_CEI075", 13.8, 1,    6145.55,   -3.9,   0.77133, 2,    6145.54, -123.9,   0.77133, 3,    6145.54,  116.1,   0.77133
"SCN_CN15_9075_CEI075", 13.8, 1,    6145.07,   -3.9,   0.77127, 2,    6145.06, -123.9,   0.77127, 3,    6145.06,  116.1,   0.77127
"SCN_CN15_9074_CEI075", 13.8, 1,    6144.61,   -3.9,   0.77122, 2,     6144.6, -123.9,   0.77121, 3,     6144.6,  116.1,   0.77121
"SCN_CN15_9011_CEI201_ATV", 13.8, 1,    6032.83,   -4.6,   0.75719, 2,    6032.82, -124.6,   0.75718, 3,    6032.82,  115.4,   0.75718
"SCN_CN15_9012_CEI201_ATV", 13.8, 1,    6032.91,   -4.6,    0.7572, 2,     6032.9, -124.6,   0.75719, 3,     6032.9,  115.4,    0.7572
"SCN_CN15_9073_CEI075", 13.8, 1,     6143.9,   -3.9,   0.77113, 2,    6143.89, -123.9,   0.77112, 3,    6143.89,  116.1,   0.77112
"SCN_CN15_9415_CEI109", 13.8, 1,    6058.43,   -4.5,    0.7604, 2,    6058.42, -124.5,    0.7604, 3,    6058.42,  115.5,    0.7604
"SCN_CN15_9072_CEI075", 13.8, 1,    6143.54,   -3.9,   0.77108, 2,    6143.53, -123.9,   0.77108, 3,    6143.53,  116.1,   0.77108
"SCN_CN15_9066_CEI075", 13.8, 1,    6143.17,   -3.9,   0.77103, 2,    6143.16, -123.9,   0.77103, 3,    6143.16,  116.1,   0.77103
"SCN_CN15_9067_CEI075", 13.8, 1,    6142.69,   -3.9,   0.77097, 2,    6142.68, -123.9,   0.77097, 3,    6142.68,  116.1,   0.77097
"SCN_CN15_9014_CEI201_ATV", 13.8, 1,    6033.17,   -4.6,   0.75723, 2,    6033.16, -124.6,   0.75723, 3,    6033.16,  115.4,   0.75723
"SCN_CN15_9015_CEI201_ATV", 13.8, 1,    6033.26,   -4.6,   0.75724, 2,    6033.25, -124.6,   0.75724, 3,    6033.25,  115.4,   0.75724
"SCN_CN15_9113_CEI77A_ATV", 13.8, 1,    7227.23,   -1.7,    0.9071, 2,    7227.22, -121.7,    0.9071, 3,    7227.22,  118.3,    0.9071
"SCN_CN15_9112_CEI77A_ATV", 13.8, 1,    7227.37,   -1.7,   0.90711, 2,    7227.36, -121.7,   0.90711, 3,    7227.36,  118.3,   0.90711
"SCN_CN15_9068_CEI220_ATV_S", 13.8, 1,    6165.31,   -4.1,   0.77381, 2,     6165.3, -124.1,   0.77381, 3,     6165.3,  115.9,   0.77381
"SCN_CN15_9069_CEI220_ATV", 13.8, 1,    6166.18,   -4.1,   0.77392, 2,    6166.17, -124.1,   0.77392, 3,    6166.17,  115.9,   0.77392
"SCN_CN15_9070_CEI220_ATV", 13.8, 1,    6165.16,   -4.1,   0.77379, 2,    6165.15, -124.1,   0.77379, 3,    6165.15,  115.9,   0.77379
"SCN_CN15_9096_CEI220_ATV", 13.8, 1,     6165.1,   -4.1,   0.77379, 2,    6165.09, -124.1,   0.77379, 3,    6165.09,  115.9,   0.77379
"SCN_CN15_9095_CEI220_ATV", 13.8, 1,    6165.07,   -4.1,   0.77378, 2,    6165.06, -124.1,   0.77378, 3,    6165.06,  115.9,   0.77378
"SCN_CN15_9091_CEI220_ATV", 13.8, 1,    6165.01,   -4.1,   0.77378, 2,       6165, -124.1,   0.77377, 3,       6165,  115.9,   0.77378
"SCN_CN15_9090_CEI220_ATV", 13.8, 1,    6164.95,   -4.1,   0.77377, 2,    6164.94, -124.1,   0.77377, 3,    6164.94,  115.9,   0.77377
"SCN_CN15_9089_CEI220_ATV", 13.8, 1,    6164.91,   -4.1,   0.77376, 2,     6164.9, -124.1,   0.77376, 3,     6164.9,  115.9,   0.77376
"SCN_CN15_9051_CEI120", 13.8, 1,     6164.9,   -4.1,   0.77376, 2,    6164.89, -124.1,   0.77376, 3,    6164.89,  115.9,   0.77376
"SCN_CN15_9077_CEI220_ATV", 13.8, 1,    6164.86,   -4.1,   0.77376, 2,    6164.85, -124.1,   0.77376, 3,    6164.86,  115.9,   0.77376
"SCN_CN15_9079_CEI220_ATV", 13.8, 1,     6164.8,   -4.1,   0.77375, 2,    6164.79, -124.1,   0.77375, 3,    6164.79,  115.9,   0.77375
"SCN_CN15_9080_CEI220_ATV", 13.8, 1,    6164.72,   -4.1,   0.77374, 2,    6164.71, -124.1,   0.77374, 3,    6164.72,  115.9,   0.77374
"SCN_CN15_9022_CEI068", 13.8, 1,    6523.21,   -3.1,   0.81873, 2,     6523.2, -123.1,   0.81873, 3,     6523.2,  116.9,   0.81873
"SCN_CN15_9023_CEI068", 13.8, 1,    6523.21,   -3.1,   0.81873, 2,     6523.2, -123.1,   0.81873, 3,     6523.2,  116.9,   0.81873
"SCN_CN15_9047_CEI068", 13.8, 1,    6526.43,   -3.1,   0.81914, 2,    6526.43, -123.1,   0.81914, 3,    6526.43,  116.9,   0.81914
"SCN_CN15_9048_CEI068", 13.8, 1,    6526.74,   -3.1,   0.81918, 2,    6526.74, -123.1,   0.81918, 3,    6526.74,  116.9,   0.81918
"SCN_CN15_9049_CEI068", 13.8, 1,    6527.05,   -3.1,   0.81922, 2,    6527.05, -123.1,   0.81922, 3,    6527.05,  116.9,   0.81922
"SCN_CN15_9050_CEI068", 13.8, 1,    6527.36,   -3.1,   0.81925, 2,    6527.35, -123.1,   0.81925, 3,    6527.35,  116.9,   0.81925
"SCN_CN15_9051_CEI068", 13.8, 1,    6527.67,   -3.1,   0.81929, 2,    6527.66, -123.1,   0.81929, 3,    6527.66,  116.9,   0.81929
"SCN_CN15_9052_CEI068", 13.8, 1,    6527.98,   -3.1,   0.81933, 2,    6527.97, -123.1,   0.81933, 3,    6527.98,  116.9,   0.81933
"SCN_CN15_9053_CEI068", 13.8, 1,    6528.29,   -3.1,   0.81937, 2,    6528.28, -123.1,   0.81937, 3,    6528.28,  116.9,   0.81937
"SCN_CN15_9054_CEI068", 13.8, 1,    6528.59,   -3.1,   0.81941, 2,    6528.59, -123.1,   0.81941, 3,    6528.59,  116.9,   0.81941
"SCN_CN15_9055_CEI068", 13.8, 1,    6528.92,   -3.1,   0.81945, 2,    6528.91, -123.1,   0.81945, 3,    6528.91,  116.9,   0.81945
"SCN_CN15_9056_CEI068", 13.8, 1,    6529.22,   -3.1,   0.81949, 2,    6529.21, -123.1,   0.81949, 3,    6529.21,  116.9,   0.81949
"SCN_CN15_9059_CEI068", 13.8, 1,    6529.38,   -3.1,   0.81951, 2,    6529.37, -123.1,   0.81951, 3,    6529.37,  116.9,   0.81951
"SCN_CN15_9060_CEI068", 13.8, 1,    6529.59,   -3.1,   0.81953, 2,    6529.58, -123.1,   0.81953, 3,    6529.58,  116.9,   0.81953
"SCN_CN15_9061_CEI068", 13.8, 1,    6529.98,   -3.1,   0.81958, 2,    6529.97, -123.1,   0.81958, 3,    6529.97,  116.9,   0.81958
"SCN_CN15_9077_CEI131_ATV", 13.8, 1,    6121.88,   -4.2,   0.76836, 2,    6121.87, -124.2,   0.76836, 3,    6121.87,  115.8,   0.76836
"SCN_CN15_9062_CEI068", 13.8, 1,    6530.39,   -3.1,   0.81964, 2,    6530.39, -123.1,   0.81963, 3,    6530.39,  116.9,   0.81964
"SCN_CN15_9063_CEI068", 13.8, 1,     6530.8,   -3.1,   0.81969, 2,     6530.8, -123.1,   0.81969, 3,     6530.8,  116.9,   0.81969
"SCN_CN15_9064_CEI068", 13.8, 1,     6531.2,   -3.1,   0.81974, 2,    6531.19, -123.1,   0.81974, 3,     6531.2,  116.9,   0.81974
"SCN_CN15_9065_CEI068", 13.8, 1,    6531.61,   -3.1,   0.81979, 2,     6531.6, -123.1,   0.81979, 3,     6531.6,  116.9,   0.81979
"SCN_CN15_9066_CEI068", 13.8, 1,    6532.03,   -3.1,   0.81984, 2,    6532.02, -123.1,   0.81984, 3,    6532.02,  116.9,   0.81984
"SCN_CN15_9068_CEI068", 13.8, 1,    6532.42,   -3.1,   0.81989, 2,    6532.41, -123.1,   0.81989, 3,    6532.41,  116.9,   0.81989
"SCN_CN15_9046_CEI068", 13.8, 1,    6526.12,   -3.1,    0.8191, 2,    6526.12, -123.1,    0.8191, 3,    6526.12,  116.9,    0.8191
"SCN_CN15_9045_CEI068", 13.8, 1,    6525.81,   -3.1,   0.81906, 2,     6525.8, -123.1,   0.81906, 3,     6525.8,  116.9,   0.81906
"SCN_CN15_9044_CEI068", 13.8, 1,     6525.5,   -3.1,   0.81902, 2,     6525.5, -123.1,   0.81902, 3,     6525.5,  116.9,   0.81902
"SCN_CN15_9078_CEI131_ATV", 13.8, 1,    6120.77,   -4.2,   0.76822, 2,    6120.76, -124.2,   0.76822, 3,    6120.76,  115.8,   0.76822
"SCN_CN15_9043_CEI068", 13.8, 1,    6525.19,   -3.1,   0.81898, 2,    6525.18, -123.1,   0.81898, 3,    6525.18,  116.9,   0.81898
"SCN_CN15_9042_CEI068", 13.8, 1,    6524.88,   -3.1,   0.81894, 2,    6524.87, -123.1,   0.81894, 3,    6524.88,  116.9,   0.81894
"SCN_CN15_9041_CEI068", 13.8, 1,    6524.59,   -3.1,   0.81891, 2,    6524.58, -123.1,   0.81891, 3,    6524.58,  116.9,   0.81891
"SCN_CN15_9040_CEI068", 13.8, 1,    6524.44,   -3.1,   0.81889, 2,    6524.43, -123.1,   0.81889, 3,    6524.43,  116.9,   0.81889
"SCN_CN15_9041_CEI068_S", 13.8, 1,    6524.59,   -3.1,   0.81891, 2,    6524.58, -123.1,   0.81891, 3,    6524.58,  116.9,   0.81891
"SCN_CN15_9266_CEI250_ATV", 13.8, 1,    6524.27,   -3.1,   0.81887, 2,    6524.26, -123.1,   0.81887, 3,    6524.27,  116.9,   0.81887
"SCN_CN15_9024_CEI201_ATV", 13.8, 1,    6034.72,   -4.6,   0.75742, 2,    6034.71, -124.6,   0.75742, 3,    6034.71,  115.4,   0.75742
"SCN_CN15_9147_CEI220_ATV", 13.8, 1,    6166.55,   -4.1,   0.77397, 2,    6166.54, -124.1,   0.77397, 3,    6166.54,  115.9,   0.77397
"SCN_CN15_9068_CEI075", 13.8, 1,    6142.08,   -3.9,    0.7709, 2,    6142.07, -123.9,    0.7709, 3,    6142.07,  116.1,    0.7709
"SCN_CN15_9069_CEI075", 13.8, 1,    6141.48,   -3.9,   0.77082, 2,    6141.47, -123.9,   0.77082, 3,    6141.47,  116.1,   0.77082
"SCN_CN15_9051_CEI074", 13.8, 1,     6140.8,   -3.9,   0.77074, 2,    6140.79, -123.9,   0.77074, 3,    6140.79,  116.1,   0.77074
"SCN_CN15_9107_CEI77A_ATV", 13.8, 1,    7232.69,   -1.7,   0.90778, 2,    7232.69, -121.7,   0.90778, 3,    7232.69,  118.3,   0.90778
"SCN_CN15_9106_CEI77A_ATV", 13.8, 1,    7232.86,   -1.7,    0.9078, 2,    7232.86, -121.7,    0.9078, 3,    7232.86,  118.3,    0.9078
"SCN_CN15_9050_CEI074", 13.8, 1,    6140.42,   -3.9,   0.77069, 2,    6140.41, -123.9,   0.77069, 3,    6140.41,  116.1,   0.77069
"SCN_CN15_9049_CEI074", 13.8, 1,    6140.07,   -3.9,   0.77065, 2,    6140.06, -123.9,   0.77064, 3,    6140.06,  116.1,   0.77064
"SCN_CN15_9048_CEI074", 13.8, 1,    6139.67,   -3.9,    0.7706, 2,    6139.66, -123.9,   0.77059, 3,    6139.66,  116.1,   0.77059
"SCN_CN15_9031_CEI230B_ATV", 13.8, 1,    6139.64,   -3.9,   0.77059, 2,    6139.63, -123.9,   0.77059, 3,    6139.63,  116.1,   0.77059
"SCN_CN15_9414_CEI109", 13.8, 1,    6057.04,   -4.5,   0.76022, 2,    6057.03, -124.5,   0.76022, 3,    6057.03,  115.5,   0.76022
"SCN_CN15_9047_CEI074", 13.8, 1,    6139.15,   -3.9,   0.77053, 2,    6139.14, -123.9,   0.77053, 3,    6139.14,  116.1,   0.77053
"SCN_CN15_9046_CEI074", 13.8, 1,    6138.85,   -3.9,   0.77049, 2,    6138.84, -123.9,   0.77049, 3,    6138.84,  116.1,   0.77049
"SCN_CN15_9045_CEI074", 13.8, 1,    6138.37,   -3.9,   0.77043, 2,    6138.36, -123.9,   0.77043, 3,    6138.36,  116.1,   0.77043
"SCN_CN15_9028_CEI230B_ATV", 13.8, 1,    6138.31,   -3.9,   0.77043, 2,     6138.3, -123.9,   0.77042, 3,     6138.3,  116.1,   0.77042
"SCN_CN15_9029_CEI230B_ATV", 13.8, 1,    6138.25,   -3.9,   0.77042, 2,    6138.24, -123.9,   0.77042, 3,    6138.24,  116.1,   0.77042
"SCN_CN15_9030_CEI230B_ATV", 13.8, 1,     6138.2,   -3.9,   0.77041, 2,    6138.19, -123.9,   0.77041, 3,    6138.18,  116.1,   0.77041
"SCN_CN15_9043_CEI074", 13.8, 1,    6137.91,   -3.9,   0.77037, 2,     6137.9, -123.9,   0.77037, 3,     6137.9,  116.1,   0.77037
"SCN_CN15_9042_CEI074", 13.8, 1,     6137.5,   -3.9,   0.77032, 2,    6137.49, -123.9,   0.77032, 3,    6137.49,  116.1,   0.77032
"SCN_CN15_9041_CEI074", 13.8, 1,    6137.19,   -3.9,   0.77028, 2,    6137.18, -123.9,   0.77028, 3,    6137.18,  116.1,   0.77028
"SCN_CN15_9040_CEI074", 13.8, 1,    6136.88,   -3.9,   0.77025, 2,    6136.87, -123.9,   0.77024, 3,    6136.87,  116.1,   0.77024
"SCN_CN15_9413_CEI109", 13.8, 1,    6056.04,   -4.6,    0.7601, 2,    6056.03, -124.6,    0.7601, 3,    6056.04,  115.4,    0.7601
"SCN_CN15_9039_CEI074_S", 13.8, 1,     6136.6,   -3.9,   0.77021, 2,    6136.59, -123.9,   0.77021, 3,    6136.59,  116.1,   0.77021
"SCN_CN15_9032_CEI230B_ATV", 13.8, 1,    6136.54,   -3.9,    0.7702, 2,    6136.53, -123.9,    0.7702, 3,    6136.53,  116.1,    0.7702
"SCN_CN15_9039_CEI074", 13.8, 1,     6136.6,   -3.9,   0.77021, 2,    6136.59, -123.9,   0.77021, 3,    6136.59,  116.1,   0.77021
"SCN_CN15_9033_CEI230B_ATV", 13.8, 1,    6136.48,   -3.9,   0.77019, 2,    6136.47, -123.9,   0.77019, 3,    6136.47,  116.1,   0.77019
"SCN_CN15_9038_CEI074", 13.8, 1,    6136.35,   -3.9,   0.77018, 2,    6136.34, -123.9,   0.77018, 3,    6136.34,  116.1,   0.77018
"SCN_CN15_9037_CEI074", 13.8, 1,    6136.11,   -3.9,   0.77015, 2,     6136.1, -123.9,   0.77015, 3,     6136.1,  116.1,   0.77015
"SCN_CN15_9183_CEI230_ATV", 13.8, 1,    6136.09,   -3.9,   0.77015, 2,    6136.08, -123.9,   0.77015, 3,    6136.08,  116.1,   0.77015
"SCN_CN15_9036_CEI074_S", 13.8, 1,    6135.87,   -3.9,   0.77012, 2,    6135.86, -123.9,   0.77012, 3,    6135.86,  116.1,   0.77012
"SCN_CN15_9035_CEI074", 13.8, 1,    6135.65,   -3.9,   0.77009, 2,    6135.64, -123.9,   0.77009, 3,    6135.64,  116.1,   0.77009
"SCN_CN15_9036_CEI074", 13.8, 1,    6135.87,   -3.9,   0.77012, 2,    6135.86, -123.9,   0.77012, 3,    6135.86,  116.1,   0.77012
"SCN_CN15_9034_CEI074", 13.8, 1,    6135.42,   -3.9,   0.77006, 2,    6135.41, -123.9,   0.77006, 3,    6135.41,  116.1,   0.77006
"SCN_CN15_9033_CEI074", 13.8, 1,     6135.2,   -3.9,   0.77004, 2,    6135.19, -123.9,   0.77003, 3,    6135.19,  116.1,   0.77003
"SCN_CN15_9412_CEI109", 13.8, 1,    6055.07,   -4.6,   0.75998, 2,    6055.07, -124.6,   0.75998, 3,    6055.07,  115.4,   0.75998
"SCN_CN15_9032_CEI074", 13.8, 1,    6135.03,   -3.9,   0.77001, 2,    6135.02, -123.9,   0.77001, 3,    6135.02,  116.1,   0.77001
"SCN_CN15_9031_CEI074", 13.8, 1,    6134.85,   -3.9,   0.76999, 2,    6134.84, -123.9,   0.76999, 3,    6134.84,  116.1,   0.76999
"SCN_CN15_9030_CEI074", 13.8, 1,    6134.69,   -3.9,   0.76997, 2,    6134.68, -123.9,   0.76997, 3,    6134.68,  116.1,   0.76997
"SCN_CN15_9029_CEI074", 13.8, 1,     6134.5,   -3.9,   0.76995, 2,    6134.49, -123.9,   0.76995, 3,    6134.49,  116.1,   0.76995
"SCN_CN15_9182_CEI230_ATV", 13.8, 1,     6134.5,   -3.9,   0.76995, 2,    6134.49, -123.9,   0.76995, 3,    6134.49,  116.1,   0.76994
"SCN_CN15_9028_CEI074", 13.8, 1,    6134.34,   -3.9,   0.76993, 2,    6134.33, -123.9,   0.76993, 3,    6134.33,  116.1,   0.76993
"SCN_CN15_9027_CEI074", 13.8, 1,    6134.18,   -3.9,   0.76991, 2,    6134.17, -123.9,   0.76991, 3,    6134.17,  116.1,   0.76991
"SCN_CN15_9026_CEI074", 13.8, 1,    6134.09,   -3.9,    0.7699, 2,    6134.08, -123.9,   0.76989, 3,    6134.08,  116.1,   0.76989
"SCN_CN15_9025_CEI074", 13.8, 1,    6134.02,   -3.9,   0.76989, 2,    6134.01, -123.9,   0.76988, 3,    6134.01,  116.1,   0.76988
"SCN_CN15_9024_CEI074", 13.8, 1,    6133.91,   -3.9,   0.76987, 2,     6133.9, -123.9,   0.76987, 3,     6133.9,  116.1,   0.76987
"SCN_CN15_9411_CEI109", 13.8, 1,    6053.91,   -4.6,   0.75983, 2,     6053.9, -124.6,   0.75983, 3,     6053.9,  115.4,   0.75983
"SCN_CN15_9023_CEI074", 13.8, 1,    6133.79,   -3.9,   0.76986, 2,    6133.78, -123.9,   0.76986, 3,    6133.78,  116.1,   0.76986
"SCN_CN15_9022_CEI074", 13.8, 1,    6133.71,   -3.9,   0.76985, 2,     6133.7, -123.9,   0.76985, 3,     6133.7,  116.1,   0.76985
"SCN_CN15_9021_CEI074", 13.8, 1,    6133.63,   -3.9,   0.76984, 2,    6133.62, -123.9,   0.76984, 3,    6133.62,  116.1,   0.76984
"SCN_CN15_9020_CEI074", 13.8, 1,    6133.54,   -3.9,   0.76983, 2,    6133.53, -123.9,   0.76983, 3,    6133.53,  116.1,   0.76983
"SCN_CN15_9019_CEI074_S", 13.8, 1,    6133.47,   -3.9,   0.76982, 2,    6133.46, -123.9,   0.76982, 3,    6133.45,  116.1,   0.76982
"SCN_CN15_9187_CEI230_ATV", 13.8, 1,    6133.45,   -3.9,   0.76981, 2,    6133.44, -123.9,   0.76981, 3,    6133.44,  116.1,   0.76981
"SCN_CN15_9019_CEI074", 13.8, 1,    6133.47,   -3.9,   0.76982, 2,    6133.46, -123.9,   0.76982, 3,    6133.45,  116.1,   0.76982
"SCN_CN15_9004_CEI230B_ATV", 13.8, 1,    6134.09,   -3.9,    0.7699, 2,    6134.08, -123.9,   0.76989, 3,    6134.08,  116.1,   0.76989
"SCN_CN15_9005_CEI230B_ATV", 13.8, 1,    6134.09,   -3.9,    0.7699, 2,    6134.08, -123.9,   0.76989, 3,    6134.08,  116.1,   0.76989
"SCN_CN15_9003_CEI230B_ATV", 13.8, 1,    6134.03,   -3.9,   0.76989, 2,    6134.02, -123.9,   0.76989, 3,    6134.02,  116.1,   0.76989
"SCN_CN15_9002_CEI230B_ATV", 13.8, 1,       6134,   -3.9,   0.76988, 2,    6133.99, -123.9,   0.76988, 3,    6133.99,  116.1,   0.76988
"SCN_CN15_9410_CEI109", 13.8, 1,    6053.03,   -4.6,   0.75972, 2,    6053.02, -124.6,   0.75972, 3,    6053.02,  115.4,   0.75972
"SCN_CN15_9001_CEI230B_ATV", 13.8, 1,       6134,   -3.9,   0.76988, 2,    6133.99, -123.9,   0.76988, 3,    6133.98,  116.1,   0.76988
"SCN_CN15_9180_CEI230_ATV", 13.8, 1,    6134.01,   -3.9,   0.76988, 2,       6134, -123.9,   0.76988, 3,    6133.99,  116.1,   0.76988
"SCN_CN15_9018_CEI074", 13.8, 1,    6133.43,   -3.9,   0.76981, 2,    6133.42, -123.9,   0.76981, 3,    6133.42,  116.1,   0.76981
"SCN_CN15_9017_CEI074", 13.8, 1,     6133.4,   -3.9,   0.76981, 2,    6133.39, -123.9,   0.76981, 3,    6133.39,  116.1,   0.76981
"SCN_CN15_9016_CEI074", 13.8, 1,    6133.36,   -3.9,    0.7698, 2,    6133.35, -123.9,    0.7698, 3,    6133.35,  116.1,    0.7698
"SCN_CN15_9015_CEI074", 13.8, 1,    6133.33,   -3.9,    0.7698, 2,    6133.32, -123.9,    0.7698, 3,    6133.32,  116.1,    0.7698
"SCN_CN15_9014_CEI074", 13.8, 1,    6133.31,   -3.9,    0.7698, 2,     6133.3, -123.9,    0.7698, 3,     6133.3,  116.1,    0.7698
"SCN_CN15_9013_CEI074", 13.8, 1,     6133.3,   -3.9,    0.7698, 2,    6133.29, -123.9,   0.76979, 3,    6133.29,  116.1,   0.76979
"SCN_CN15_9059_CEIRJ006_ATV", 13.8, 1,    6133.78,   -3.9,   0.76986, 2,    6133.77, -123.9,   0.76986, 3,    6133.77,  116.1,   0.76986
"SCN_CN15_9409_CEI109", 13.8, 1,    6051.95,   -4.6,   0.75959, 2,    6051.94, -124.6,   0.75958, 3,    6051.94,  115.4,   0.75958
"SCN_CN15_9060_CEIRJ006_ATV", 13.8, 1,    6133.43,   -3.9,   0.76981, 2,    6133.42, -123.9,   0.76981, 3,    6133.42,  116.1,   0.76981
"SCN_CN15_9005_CEIRJ013_ATV", 13.8, 1,     6133.4,   -3.9,   0.76981, 2,    6133.39, -123.9,   0.76981, 3,    6133.39,  116.1,   0.76981
"SCN_CN15_9009_CEI074", 13.8, 1,     6133.3,   -3.9,    0.7698, 2,    6133.29, -123.9,   0.76979, 3,    6133.29,  116.1,   0.76979
"SCN_CN15_9010_CEI074", 13.8, 1,     6133.3,   -3.9,    0.7698, 2,    6133.29, -123.9,   0.76979, 3,    6133.29,  116.1,   0.76979
"SCN_CN15_9011_CEI074", 13.8, 1,     6133.3,   -3.9,    0.7698, 2,    6133.29, -123.9,   0.76979, 3,    6133.29,  116.1,   0.76979
"SCN_CN15_9012_CEI074", 13.8, 1,     6133.3,   -3.9,    0.7698, 2,    6133.29, -123.9,   0.76979, 3,    6133.29,  116.1,   0.76979
"SCN_CN15_9061_CEIRJ006_ATV", 13.8, 1,    6133.27,   -3.9,   0.76979, 2,    6133.26, -123.9,   0.76979, 3,    6133.26,  116.1,   0.76979
"SCN_CN15_9197_CEI230_ATV", 13.8, 1,    6134.92,   -3.9,      0.77, 2,    6134.91, -123.9,      0.77, 3,    6134.91,  116.1,      0.77
"SCN_CN15_9198_CEI230_ATV", 13.8, 1,    6134.94,   -3.9,      0.77, 2,    6134.93, -123.9,      0.77, 3,    6134.93,  116.1,      0.77
"SCN_CN15_9199_CEI230_ATV", 13.8, 1,       6135,   -3.9,   0.77001, 2,    6134.99, -123.9,   0.77001, 3,    6134.98,  116.1,   0.77001
"SCN_CN15_9200_CEI230_ATV", 13.8, 1,    6135.04,   -3.9,   0.77001, 2,    6135.03, -123.9,   0.77001, 3,    6135.03,  116.1,   0.77001
"SCN_CN15_9201_CEI230_ATV", 13.8, 1,    6135.06,   -3.9,   0.77002, 2,    6135.05, -123.9,   0.77002, 3,    6135.05,  116.1,   0.77002
"SCN_CN15_9201_CEI230_ATV_S", 13.8, 1,    6135.06,   -3.9,   0.77002, 2,    6135.05, -123.9,   0.77002, 3,    6135.05,  116.1,   0.77002
"SCN_CN15_9209_CEI230_ATV", 13.8, 1,    6135.11,   -3.9,   0.77002, 2,     6135.1, -123.9,   0.77002, 3,     6135.1,  116.1,   0.77002
"SCN_CN15_9210_CEI230_ATV", 13.8, 1,    6135.14,   -3.9,   0.77003, 2,    6135.13, -123.9,   0.77003, 3,    6135.13,  116.1,   0.77003
"SCN_CN15_9211_CEI230_ATV", 13.8, 1,    6135.18,   -3.9,   0.77003, 2,    6135.17, -123.9,   0.77003, 3,    6135.17,  116.1,   0.77003
"SCN_CN15_9213_CEI230_ATV", 13.8, 1,    6135.17,   -3.9,   0.77003, 2,    6135.16, -123.9,   0.77003, 3,    6135.16,  116.1,   0.77003
"SCN_CN15_9076_CEI074", 13.8, 1,    6135.05,   -3.9,   0.77002, 2,    6135.04, -123.9,   0.77001, 3,    6135.04,  116.1,   0.77001
"SCN_CN15_9075_CEI074", 13.8, 1,    6134.95,   -3.9,      0.77, 2,    6134.94, -123.9,      0.77, 3,    6134.94,  116.1,      0.77
"SCN_CN15_9074_CEI074", 13.8, 1,    6134.87,   -3.9,   0.76999, 2,    6134.86, -123.9,   0.76999, 3,    6134.86,  116.1,   0.76999
"SCN_CN15_9208_CEI230_ATV", 13.8, 1,    6134.93,   -3.9,      0.77, 2,    6134.92, -123.9,      0.77, 3,    6134.92,  116.1,      0.77
"SCN_CN15_9073_CEI074", 13.8, 1,    6134.85,   -3.9,   0.76999, 2,    6134.84, -123.9,   0.76999, 3,    6134.83,  116.1,   0.76999
"SCN_CN15_9072_CEI074", 13.8, 1,    6134.82,   -3.9,   0.76999, 2,    6134.81, -123.9,   0.76999, 3,    6134.81,  116.1,   0.76999
"SCN_CN15_9071_CEI074", 13.8, 1,    6134.77,   -3.9,   0.76998, 2,    6134.76, -123.9,   0.76998, 3,    6134.76,  116.1,   0.76998
"SCN_CN15_9070_CEI074", 13.8, 1,    6134.75,   -3.9,   0.76998, 2,    6134.74, -123.9,   0.76998, 3,    6134.74,  116.1,   0.76998
"SCN_CN15_9069_CEIRJ006_ATV", 13.8, 1,    6135.26,   -3.9,   0.77004, 2,    6135.25, -123.9,   0.77004, 3,    6135.25,  116.1,   0.77004
"SCN_CN15_9211_CEI230_ATV_S", 13.8, 1,    6135.18,   -3.9,   0.77003, 2,    6135.17, -123.9,   0.77003, 3,    6135.17,  116.1,   0.77003
"SCN_CN15_9069_CEIRJ006_ATV_S", 13.8, 1,    6135.26,   -3.9,   0.77004, 2,    6135.25, -123.9,   0.77004, 3,    6135.25,  116.1,   0.77004
"SCN_CN15_9077_CEI074", 13.8, 1,    6135.36,   -3.9,   0.77005, 2,    6135.35, -123.9,   0.77005, 3,    6135.35,  116.1,   0.77005
"SCN_CN15_9078_CEI074", 13.8, 1,    6135.44,   -3.9,   0.77006, 2,    6135.43, -123.9,   0.77006, 3,    6135.43,  116.1,   0.77006
"SCN_CN15_9078_CEI074_S", 13.8, 1,    6135.44,   -3.9,   0.77006, 2,    6135.43, -123.9,   0.77006, 3,    6135.43,  116.1,   0.77006
"SCN_CN15_9079_CEI074", 13.8, 1,    6135.51,   -3.9,   0.77007, 2,     6135.5, -123.9,   0.77007, 3,     6135.5,  116.1,   0.77007
"SCN_CN15_9080_CEI074", 13.8, 1,    6135.65,   -3.9,   0.77009, 2,    6135.64, -123.9,   0.77009, 3,    6135.64,  116.1,   0.77009
"SCN_CN15_9081_CEI074", 13.8, 1,    6135.76,   -3.9,    0.7701, 2,    6135.75, -123.9,    0.7701, 3,    6135.75,  116.1,    0.7701
"SCN_CN15_9065_CEIRJ006_ATV", 13.8, 1,    6135.76,   -3.9,    0.7701, 2,    6135.75, -123.9,    0.7701, 3,    6135.75,  116.1,    0.7701
"SCN_CN15_9066_CEIRJ006_ATV", 13.8, 1,    6135.76,   -3.9,    0.7701, 2,    6135.75, -123.9,    0.7701, 3,    6135.75,  116.1,    0.7701
"SCN_CN15_9012_CEI230B_ATV", 13.8, 1,    6135.76,   -3.9,    0.7701, 2,    6135.75, -123.9,    0.7701, 3,    6135.75,  116.1,    0.7701
"SCN_CN15_9081_CEI074_S", 13.8, 1,    6135.76,   -3.9,    0.7701, 2,    6135.75, -123.9,    0.7701, 3,    6135.75,  116.1,    0.7701
"SCN_CN15_9082_CEI074", 13.8, 1,     6135.9,   -3.9,   0.77012, 2,    6135.88, -123.9,   0.77012, 3,    6135.88,  116.1,   0.77012
"SCN_CN15_9083_CEI074", 13.8, 1,    6135.97,   -3.9,   0.77013, 2,    6135.96, -123.9,   0.77013, 3,    6135.96,  116.1,   0.77013
"SCN_CN15_9015_CEI230B_ATV", 13.8, 1,    6136.06,   -3.9,   0.77014, 2,    6136.05, -123.9,   0.77014, 3,    6136.05,  116.1,   0.77014
"SCN_CN15_9003_CEI160_ATV_S", 13.8, 1,    6238.07,   -3.9,   0.78295, 2,    6238.06, -123.9,   0.78294, 3,    6238.06,  116.1,   0.78294
"SCN_CN15_9081_CEI220_ATV", 13.8, 1,    6164.64,   -4.1,   0.77373, 2,    6164.63, -124.1,   0.77373, 3,    6164.64,  115.9,   0.77373
"SCN_CN15_9082_CEI220_ATV", 13.8, 1,    6164.57,   -4.1,   0.77372, 2,    6164.56, -124.1,   0.77372, 3,    6164.56,  115.9,   0.77372
"SCN_CN15_9140_CEI220_ATV", 13.8, 1,    6167.22,   -4.1,   0.77405, 2,    6167.21, -124.1,   0.77405, 3,    6167.21,  115.9,   0.77405
"SCN_CN15_9139_CEI220_ATV", 13.8, 1,    6167.44,   -4.1,   0.77408, 2,    6167.43, -124.1,   0.77408, 3,    6167.43,  115.9,   0.77408
"SCN_CN15_9138_CEI220_ATV", 13.8, 1,    6167.66,   -4.1,   0.77411, 2,    6167.65, -124.1,   0.77411, 3,    6167.65,  115.9,   0.77411
"SCN_CN15_9137_CEI220_ATV", 13.8, 1,    6167.88,   -4.1,   0.77414, 2,    6167.87, -124.1,   0.77414, 3,    6167.87,  115.9,   0.77414
"SCN_CN15_9136_CEI220_ATV", 13.8, 1,    6168.11,   -4.1,   0.77416, 2,     6168.1, -124.1,   0.77416, 3,     6168.1,  115.9,   0.77416
"SCN_CN15_9135_CEI220_ATV", 13.8, 1,    6168.32,   -4.1,   0.77419, 2,    6168.31, -124.1,   0.77419, 3,    6168.31,  115.9,   0.77419
"SCN_CN15_9136_CEI220_ATV_S", 13.8, 1,    6168.11,   -4.1,   0.77416, 2,     6168.1, -124.1,   0.77416, 3,     6168.1,  115.9,   0.77416
"SCN_CN15_9266_CEI250_ATV_S", 13.8, 1,    6524.27,   -3.1,   0.81887, 2,    6524.26, -123.1,   0.81887, 3,    6524.27,  116.9,   0.81887
"SCN_CN15_9038_CEI068", 13.8, 1,    6524.11,   -3.1,   0.81885, 2,     6524.1, -123.1,   0.81885, 3,     6524.1,  116.9,   0.81885
"SCN_CN15_9037_CEI068", 13.8, 1,    6523.95,   -3.1,   0.81883, 2,    6523.94, -123.1,   0.81883, 3,    6523.94,  116.9,   0.81883
"SCN_CN15_9036_CEI068", 13.8, 1,    6523.78,   -3.1,   0.81881, 2,    6523.77, -123.1,    0.8188, 3,    6523.77,  116.9,    0.8188
"SCN_CN15_9079_CEI131_ATV_S", 13.8, 1,    6119.55,   -4.3,   0.76807, 2,    6119.54, -124.3,   0.76807, 3,    6119.54,  115.7,   0.76807
"SCN_CN15_9079_CEI131_ATV", 13.8, 1,    6119.55,   -4.3,   0.76807, 2,    6119.54, -124.3,   0.76807, 3,    6119.54,  115.7,   0.76807
"SCN_CN15_9080_CEI131_ATV", 13.8, 1,    6119.52,   -4.3,   0.76807, 2,    6119.51, -124.3,   0.76807, 3,    6119.51,  115.7,   0.76807
"SCN_CN15_9004_CEI134_ATV_S", 13.8, 1,    6118.49,   -4.3,   0.76794, 2,    6118.48, -124.3,   0.76794, 3,    6118.48,  115.7,   0.76794
"SCN_CN15_9004_CEI134_ATV", 13.8, 1,    6118.49,   -4.3,   0.76794, 2,    6118.48, -124.3,   0.76794, 3,    6118.48,  115.7,   0.76794
"SCN_CN15_9005_CEI134_ATV", 13.8, 1,    6118.28,   -4.3,   0.76791, 2,    6118.27, -124.3,   0.76791, 3,    6118.27,  115.7,   0.76791
"SCN_CN15_9006_CEI134_ATV", 13.8, 1,    6118.07,   -4.3,   0.76788, 2,    6118.06, -124.3,   0.76788, 3,    6118.06,  115.7,   0.76788
"SCN_CN15_9001_CEI134_ATV", 13.8, 1,    6117.99,   -4.3,   0.76787, 2,    6117.98, -124.3,   0.76787, 3,    6117.98,  115.7,   0.76787
"SCN_CN15_9004_CEI134A_ATV", 13.8, 1,    6117.68,   -4.3,   0.76784, 2,    6117.67, -124.3,   0.76783, 3,    6117.67,  115.7,   0.76783
"SCN_CN15_9009_CEI134_ATV", 13.8, 1,     6117.5,   -4.3,   0.76781, 2,    6117.49, -124.3,   0.76781, 3,    6117.49,  115.7,   0.76781
"SCN_CN15_9328_CEI109_S", 13.8, 1,    6040.89,   -4.6,    0.7582, 2,    6040.88, -124.6,    0.7582, 3,    6040.89,  115.4,    0.7582
"SCN_CN15_9031_CEI077_ATV", 13.8, 1,    7211.98,   -1.8,   0.90518, 2,    7211.98, -121.8,   0.90518, 3,    7211.98,  118.2,   0.90518
"SCN_CN15_9016_CEI230B_ATV", 13.8, 1,    6136.33,   -3.9,   0.77018, 2,    6136.32, -123.9,   0.77018, 3,    6136.32,  116.1,   0.77018
"SCN_CN15_9019_CEI230B_ATV", 13.8, 1,    6136.67,   -3.9,   0.77022, 2,    6136.66, -123.9,   0.77022, 3,    6136.66,  116.1,   0.77022
"SCN_CN15_9024_CEI230B_ATV", 13.8, 1,       6137,   -3.9,   0.77026, 2,    6136.99, -123.9,   0.77026, 3,    6136.99,  116.1,   0.77026
"SCN_CN15_9407_CEI109", 13.8, 1,    6049.45,   -4.6,   0.75927, 2,    6049.44, -124.6,   0.75927, 3,    6049.44,  115.4,   0.75927
"SCN_CN15_9026_CEI230B_ATV", 13.8, 1,    6137.26,   -3.9,   0.77029, 2,    6137.25, -123.9,   0.77029, 3,    6137.25,  116.1,   0.77029
"SCN_CN15_9025_CEI230B_ATV", 13.8, 1,    6136.98,   -3.9,   0.77026, 2,    6136.97, -123.9,   0.77026, 3,    6136.97,  116.1,   0.77026
"SCN_CN15_9027_CEI230B_ATV", 13.8, 1,    6137.36,   -3.9,   0.77031, 2,    6137.35, -123.9,    0.7703, 3,    6137.35,  116.1,    0.7703
"SCN_CN15_9017_CEI230B_ATV", 13.8, 1,    6136.31,   -3.9,   0.77017, 2,     6136.3, -123.9,   0.77017, 3,     6136.3,  116.1,   0.77017
"SCN_CN15_9063_CEIRJ006_ATV", 13.8, 1,    6136.28,   -3.9,   0.77017, 2,    6136.27, -123.9,   0.77017, 3,    6136.27,  116.1,   0.77017
"SCN_CN15_9058_CEIRJ006_ATV", 13.8, 1,    6136.59,   -3.9,   0.77021, 2,    6136.58, -123.9,   0.77021, 3,    6136.58,  116.1,   0.77021
"SCN_CN15_9034_CEI230B_ATV", 13.8, 1,    6135.83,   -3.9,   0.77011, 2,    6135.82, -123.9,   0.77011, 3,    6135.82,  116.1,   0.77011
"SCN_CN15_9035_CEI230B_ATV", 13.8, 1,    6135.78,   -3.9,   0.77011, 2,    6135.77, -123.9,   0.77011, 3,    6135.77,  116.1,   0.77011
"SCN_CN15_9406_CEI109", 13.8, 1,    6048.75,   -4.6,   0.75918, 2,    6048.74, -124.6,   0.75918, 3,    6048.74,  115.4,   0.75918
"SCN_CN15_9036_CEI230B_ATV", 13.8, 1,    6135.75,   -3.9,    0.7701, 2,    6135.74, -123.9,    0.7701, 3,    6135.74,  116.1,    0.7701
"SCN_CN15_9007_CEI230B_ATV", 13.8, 1,    6135.73,   -3.9,    0.7701, 2,    6135.72, -123.9,    0.7701, 3,    6135.72,  116.1,    0.7701
"SCN_CN15_9006_CEI230B_ATV", 13.8, 1,    6135.72,   -3.9,    0.7701, 2,    6135.71, -123.9,    0.7701, 3,    6135.71,  116.1,    0.7701
"SCN_CN15_9070_CEI075", 13.8, 1,    6143.09,   -3.9,   0.77103, 2,    6143.08, -123.9,   0.77102, 3,    6143.08,  116.1,   0.77102
"SCN_CN15_9071_CEI075", 13.8, 1,    6143.03,   -3.9,   0.77102, 2,    6143.02, -123.9,   0.77102, 3,    6143.02,  116.1,   0.77102
"SCN_CN15_9159_CEI230_ATV", 13.8, 1,       6143,   -3.9,   0.77101, 2,    6142.99, -123.9,   0.77101, 3,    6142.99,  116.1,   0.77101
"SCN_CN15_9160_CEI230_ATV", 13.8, 1,    6142.99,   -3.9,   0.77101, 2,    6142.98, -123.9,   0.77101, 3,    6142.98,  116.1,   0.77101
"SCN_CN15_9158_CEI230_ATV", 13.8, 1,    6143.02,   -3.9,   0.77102, 2,    6143.01, -123.9,   0.77101, 3,    6143.01,  116.1,   0.77101
"SCN_CN15_9055_CEIRJ006_ATV", 13.8, 1,    6142.96,   -3.9,   0.77101, 2,    6142.95, -123.9,   0.77101, 3,    6142.95,  116.1,   0.77101
"SCN_CN15_9056_CEIRJ006_ATV", 13.8, 1,    6142.96,   -3.9,   0.77101, 2,    6142.95, -123.9,   0.77101, 3,    6142.95,  116.1,   0.77101
"SCN_CN15_9405_CEI109", 13.8, 1,    6047.79,   -4.6,   0.75906, 2,    6047.78, -124.6,   0.75906, 3,    6047.78,  115.4,   0.75906
"SCN_CN15_9057_CEIRJ006_ATV", 13.8, 1,    6142.88,   -3.9,     0.771, 2,    6142.87, -123.9,     0.771, 3,    6142.87,  116.1,     0.771
"SCN_CN15_9056_CEI075", 13.8, 1,    6162.97,   -3.8,   0.77352, 2,    6162.96, -123.8,   0.77352, 3,    6162.96,  116.2,   0.77352
"SCN_CN15_9055_CEI075", 13.8, 1,    6162.99,   -3.8,   0.77352, 2,    6162.98, -123.8,   0.77352, 3,    6162.98,  116.2,   0.77352
"SCN_CN15_9070_CEI230_ATV", 13.8, 1,    6162.96,   -3.8,   0.77352, 2,    6162.95, -123.8,   0.77352, 3,    6162.95,  116.2,   0.77352
"SCN_CN15_9071_CEI230_ATV", 13.8, 1,    6162.94,   -3.8,   0.77352, 2,    6162.93, -123.8,   0.77352, 3,    6162.93,  116.2,   0.77352
"SCN_CN15_9054_CEI075", 13.8, 1,    6163.02,   -3.8,   0.77353, 2,    6163.01, -123.8,   0.77353, 3,    6163.01,  116.2,   0.77353
"SCN_CN15_9055_CEI075_S", 13.8, 1,    6162.99,   -3.8,   0.77352, 2,    6162.98, -123.8,   0.77352, 3,    6162.98,  116.2,   0.77352
"SCN_CN15_9052_CEI075", 13.8, 1,    6163.06,   -3.8,   0.77353, 2,    6163.05, -123.8,   0.77353, 3,    6163.05,  116.2,   0.77353
"SCN_CN15_9069_CEI230_ATV", 13.8, 1,    6163.01,   -3.8,   0.77353, 2,       6163, -123.8,   0.77352, 3,       6163,  116.2,   0.77352
"SCN_CN15_9051_CEI075", 13.8, 1,    6163.12,   -3.8,   0.77354, 2,    6163.11, -123.8,   0.77354, 3,    6163.11,  116.2,   0.77354
"SCN_CN15_9052_CEI075_S", 13.8, 1,    6163.06,   -3.8,   0.77353, 2,    6163.05, -123.8,   0.77353, 3,    6163.05,  116.2,   0.77353
"SCN_CN15_9404_CEI109", 13.8, 1,    6046.91,   -4.6,   0.75895, 2,     6046.9, -124.6,   0.75895, 3,     6046.9,  115.4,   0.75895
"SCN_CN15_9049_CEI075", 13.8, 1,    6163.19,   -3.8,   0.77355, 2,    6163.18, -123.8,   0.77355, 3,    6163.18,  116.2,   0.77355
"SCN_CN15_9068_CEI230_ATV", 13.8, 1,    6163.15,   -3.8,   0.77354, 2,    6163.14, -123.8,   0.77354, 3,    6163.14,  116.2,   0.77354
"SCN_CN15_9048_CEI075", 13.8, 1,    6163.27,   -3.8,   0.77356, 2,    6163.26, -123.8,   0.77356, 3,    6163.26,  116.2,   0.77356
"SCN_CN15_9049_CEI075_S", 13.8, 1,    6163.19,   -3.8,   0.77355, 2,    6163.18, -123.8,   0.77355, 3,    6163.18,  116.2,   0.77355
"SCN_CN15_9047_CEI075", 13.8, 1,    6163.36,   -3.8,   0.77357, 2,    6163.35, -123.8,   0.77357, 3,    6163.35,  116.2,   0.77357
"SCN_CN15_9046_CEI075", 13.8, 1,    6163.45,   -3.8,   0.77358, 2,    6163.44, -123.8,   0.77358, 3,    6163.43,  116.2,   0.77358
"SCN_CN15_9045_CEI075", 13.8, 1,    6163.54,   -3.8,   0.77359, 2,    6163.53, -123.8,   0.77359, 3,    6163.53,  116.2,   0.77359
"SCN_CN15_9044_CEI075", 13.8, 1,    6163.64,   -3.8,    0.7736, 2,    6163.63, -123.8,    0.7736, 3,    6163.63,  116.2,    0.7736
"SCN_CN15_9043_CEI075", 13.8, 1,    6163.74,   -3.8,   0.77362, 2,    6163.73, -123.8,   0.77362, 3,    6163.73,  116.2,   0.77362
"SCN_CN15_9042_CEI075", 13.8, 1,    6163.84,   -3.8,   0.77363, 2,    6163.83, -123.8,   0.77363, 3,    6163.83,  116.2,   0.77363
"SCN_CN15_9403_CEI109", 13.8, 1,    6045.85,   -4.6,   0.75882, 2,    6045.84, -124.6,   0.75882, 3,    6045.85,  115.4,   0.75882
"SCN_CN15_9053_CEIRJ006_ATV", 13.8, 1,    6164.54,   -3.8,   0.77372, 2,    6164.53, -123.8,   0.77372, 3,    6164.53,  116.2,   0.77372
"SCN_CN15_9062_CEI201_ATV", 13.8, 1,    6050.76,   -4.6,   0.75944, 2,    6050.75, -124.6,   0.75944, 3,    6050.76,  115.4,   0.75944
"SCN_CN15_9402_CEI109", 13.8, 1,    6044.93,   -4.6,    0.7587, 2,    6044.92, -124.6,    0.7587, 3,    6044.92,  115.4,    0.7587
"SCN_CN15_9401_CEI109", 13.8, 1,    6043.99,   -4.6,   0.75859, 2,    6043.98, -124.6,   0.75859, 3,    6043.98,  115.4,   0.75859
"SCN_CN15_9400_CEI109", 13.8, 1,    6042.85,   -4.6,   0.75844, 2,    6042.84, -124.6,   0.75844, 3,    6042.85,  115.4,   0.75844
"SCN_CN15_9111_CEI201_ATV_S", 13.8, 1,    6235.04,   -3.8,   0.78257, 2,    6235.03, -123.8,   0.78256, 3,    6235.03,  116.2,   0.78256
"SCN_CN15_9016_CEIRJ013_ATV", 13.8, 1,    6235.33,   -3.8,    0.7826, 2,    6235.32, -123.8,    0.7826, 3,    6235.32,  116.2,    0.7826
"SCN_CN15_9104_CEI201_ATV", 13.8, 1,    6234.76,   -3.8,   0.78253, 2,    6234.75, -123.8,   0.78253, 3,    6234.75,  116.2,   0.78253
"SCN_CN15_9112_CEI201_ATV", 13.8, 1,    6235.01,   -3.8,   0.78256, 2,       6235, -123.8,   0.78256, 3,       6235,  116.2,   0.78256
"SCN_CN15_9119_CEI201_ATV", 13.8, 1,    6235.01,   -3.8,   0.78256, 2,       6235, -123.8,   0.78256, 3,       6235,  116.2,   0.78256
"SCN_CN15_9474_CEI109_S", 13.8, 1,    6041.92,   -4.6,   0.75833, 2,    6041.91, -124.6,   0.75833, 3,    6041.92,  115.4,   0.75833
"SCN_CN15_9010_CEI201_ATV", 13.8, 1,    6032.77,   -4.6,   0.75718, 2,    6032.76, -124.6,   0.75718, 3,    6032.76,  115.4,   0.75718
"SCN_CN15_9004_CEI201_ATV", 13.8, 1,    6032.58,   -4.6,   0.75716, 2,    6032.57, -124.6,   0.75715, 3,    6032.57,  115.4,   0.75715
"SCN_CN15_9008_CEI201_ATV", 13.8, 1,    6032.62,   -4.6,   0.75716, 2,    6032.61, -124.6,   0.75716, 3,    6032.61,  115.4,   0.75716
"SCN_CN15_9002_CEI160_ATV", 13.8, 1,    6238.06,   -3.9,   0.78294, 2,    6238.05, -123.9,   0.78294, 3,    6238.05,  116.1,   0.78294
"SCN_CN15_9003_CEI160_ATV", 13.8, 1,    6238.07,   -3.9,   0.78295, 2,    6238.06, -123.9,   0.78294, 3,    6238.06,  116.1,   0.78294
"SCN_CN15_9475_CEI109", 13.8, 1,    6041.75,   -4.6,   0.75831, 2,    6041.74, -124.6,    0.7583, 3,    6041.74,  115.4,    0.7583
"SCN_CN15_9046_CEI130_ATV", 13.8, 1,    6238.41,   -3.9,   0.78299, 2,     6238.4, -123.9,   0.78299, 3,     6238.4,  116.1,   0.78299
"SCN_CN15_9042_CEI130_ATV", 13.8, 1,    6238.25,   -3.9,   0.78297, 2,    6238.24, -123.9,   0.78297, 3,    6238.24,  116.1,   0.78297
"SCN_CN15_9017_CEIRJ013_ATV", 13.8, 1,    6235.33,   -3.8,    0.7826, 2,    6235.32, -123.8,    0.7826, 3,    6235.32,  116.2,    0.7826
"SCN_CN15_9031_CEIRJ006_ATV", 13.8, 1,     7210.1,   -1.8,   0.90495, 2,     7210.1, -121.8,   0.90495, 3,     7210.1,  118.2,   0.90495
"SCN_CN15_9033_CEIRJ006_ATV", 13.8, 1,    7210.06,   -1.8,   0.90494, 2,    7210.06, -121.8,   0.90494, 3,    7210.06,  118.2,   0.90494
"SCN_CN15_9032_CEIRJ006_ATV", 13.8, 1,     7210.1,   -1.8,   0.90495, 2,    7210.09, -121.8,   0.90495, 3,    7210.09,  118.2,   0.90495
"SCN_CN15_9030_CEIRJ006_ATV", 13.8, 1,    7210.18,   -1.8,   0.90496, 2,    7210.18, -121.8,   0.90496, 3,    7210.18,  118.2,   0.90496
"SCN_CN15_9031_CEIRJ006_ATV_S", 13.8, 1,     7210.1,   -1.8,   0.90495, 2,     7210.1, -121.8,   0.90495, 3,     7210.1,  118.2,   0.90495
"SCN_CN15_9007_CEI77A_ATV", 13.8, 1,    7210.03,   -1.8,   0.90494, 2,    7210.03, -121.8,   0.90494, 3,    7210.03,  118.2,   0.90494
"SCN_CN15_9036_CEI230_ATV", 13.8, 1,    7221.65,   -1.8,    0.9064, 2,    7221.65, -121.8,    0.9064, 3,    7221.65,  118.2,    0.9064
"SCN_CN15_9037_CEI230_ATV", 13.8, 1,    7222.51,   -1.8,    0.9065, 2,    7222.51, -121.8,    0.9065, 3,    7222.51,  118.2,    0.9065
"SCN_CN15_9086_CEI77A_ATV_S", 13.8, 1,    7220.37,   -1.8,   0.90624, 2,    7220.37, -121.8,   0.90624, 3,    7220.37,  118.2,   0.90624
"SCN_CN15_9476_CEI109", 13.8, 1,    6041.57,   -4.6,   0.75828, 2,    6041.56, -124.6,   0.75828, 3,    6041.56,  115.4,   0.75828
"SCN_CN15_9086_CEI77A_ATV", 13.8, 1,    7220.37,   -1.8,   0.90624, 2,    7220.37, -121.8,   0.90624, 3,    7220.37,  118.2,   0.90624
"SCN_CN15_9057_CEI77A_ATV", 13.8, 1,    7217.68,   -1.8,    0.9059, 2,    7217.68, -121.8,    0.9059, 3,    7217.68,  118.2,    0.9059
"SCN_CN15_9058_CEI77A_ATV", 13.8, 1,    7214.51,   -1.8,    0.9055, 2,    7214.51, -121.8,    0.9055, 3,    7214.51,  118.2,    0.9055
"SCN_CN15_9059_CEI77A_ATV", 13.8, 1,    7210.98,   -1.8,   0.90506, 2,    7210.98, -121.8,   0.90506, 3,    7210.98,  118.2,   0.90506
"SCN_CN15_9060_CEI77A_ATV", 13.8, 1,    7210.94,   -1.8,   0.90505, 2,    7210.94, -121.8,   0.90505, 3,    7210.94,  118.2,   0.90505
"SCN_CN15_9062_CEI77A_ATV", 13.8, 1,    7207.45,   -1.8,   0.90461, 2,    7207.45, -121.8,   0.90461, 3,    7207.45,  118.2,   0.90461
"SCN_CN15_9061_CEI77A_ATV", 13.8, 1,    7207.35,   -1.8,    0.9046, 2,    7207.35, -121.8,    0.9046, 3,    7207.35,  118.2,    0.9046
"SCN_CN15_9063_CEI77A_ATV", 13.8, 1,    7204.66,   -1.8,   0.90426, 2,    7204.66, -121.8,   0.90426, 3,    7204.66,  118.2,   0.90426
"SCN_CN15_9064_CEI77A_ATV", 13.8, 1,    7204.28,   -1.8,   0.90422, 2,    7204.28, -121.8,   0.90422, 3,    7204.28,  118.2,   0.90422
"SCN_CN15_9065_CEI77A_ATV", 13.8, 1,    7203.69,   -1.8,   0.90414, 2,    7203.68, -121.8,   0.90414, 3,    7203.68,  118.2,   0.90414
"SCN_CN15_9080_CEI77A_ATV", 13.8, 1,    7203.26,   -1.8,   0.90409, 2,    7203.26, -121.8,   0.90409, 3,    7203.26,  118.2,   0.90409
"SCN_CN15_9081_CEI77A_ATV", 13.8, 1,    7202.96,   -1.8,   0.90405, 2,    7202.96, -121.8,   0.90405, 3,    7202.96,  118.2,   0.90405
"SCN_CN15_9082_CEI77A_ATV", 13.8, 1,    7202.65,   -1.8,   0.90401, 2,    7202.65, -121.8,   0.90401, 3,    7202.65,  118.2,   0.90401
"SCN_CN15_9083_CEI77A_ATV", 13.8, 1,    7202.88,   -1.8,   0.90404, 2,    7202.88, -121.8,   0.90404, 3,    7202.88,  118.2,   0.90404
"SCN_CN15_9084_CEI77A_ATV", 13.8, 1,    7202.78,   -1.8,   0.90403, 2,    7202.78, -121.8,   0.90403, 3,    7202.78,  118.2,   0.90403
"SCN_CN15_9085_CEI77A_ATV", 13.8, 1,    7202.72,   -1.8,   0.90402, 2,    7202.72, -121.8,   0.90402, 3,    7202.72,  118.2,   0.90402
"SCN_CN15_9066_CEI77A_ATV", 13.8, 1,    7203.15,   -1.8,   0.90407, 2,    7203.15, -121.8,   0.90407, 3,    7203.15,  118.2,   0.90407
"SCN_CN15_9068_CEI77A_ATV_S", 13.8, 1,    7199.83,   -1.8,   0.90366, 2,    7199.83, -121.8,   0.90366, 3,    7199.83,  118.2,   0.90366
"SCN_CN15_9070_CEI77A_ATV", 13.8, 1,    7199.53,   -1.8,   0.90362, 2,    7199.53, -121.8,   0.90362, 3,    7199.53,  118.2,   0.90362
"SCN_CN15_9071_CEI77A_ATV", 13.8, 1,    7199.08,   -1.8,   0.90356, 2,    7199.07, -121.8,   0.90356, 3,    7199.07,  118.2,   0.90356
"SCN_CN15_9068_CEI77A_ATV", 13.8, 1,    7199.83,   -1.8,   0.90366, 2,    7199.83, -121.8,   0.90366, 3,    7199.83,  118.2,   0.90366
"SCN_CN15_9069_CEI77A_ATV", 13.8, 1,    7199.67,   -1.8,   0.90364, 2,    7199.66, -121.8,   0.90364, 3,    7199.66,  118.2,   0.90364
"SCN_CN15_9023_CEI167_ATV", 13.8, 1,    7198.61,   -1.8,    0.9035, 2,    7198.61, -121.8,    0.9035, 3,    7198.61,  118.2,    0.9035
"SCN_CN15_9024_CEI167_ATV_S", 13.8, 1,    7197.41,   -1.8,   0.90335, 2,    7197.41, -121.8,   0.90335, 3,    7197.41,  118.2,   0.90335
"SCN_CN15_9074_CEI77A_ATV_S", 13.8, 1,    7196.17,   -1.8,    0.9032, 2,    7196.17, -121.8,    0.9032, 3,    7196.17,  118.2,    0.9032
"SCN_CN15_9074_CEI77A_ATV", 13.8, 1,    7196.17,   -1.8,    0.9032, 2,    7196.17, -121.8,    0.9032, 3,    7196.17,  118.2,    0.9032
"SCN_CN15_9075_CEI77A_ATV", 13.8, 1,    7195.96,   -1.8,   0.90317, 2,    7195.96, -121.8,   0.90317, 3,    7195.96,  118.2,   0.90317
"SCN_CN15_9133_CEI201_ATV", 13.8, 1,    6236.19,   -3.8,   0.78271, 2,    6236.18, -123.8,   0.78271, 3,    6236.18,  116.2,   0.78271
"SCN_CN15_9390_CEI109", 13.8, 1,    6041.96,   -4.6,   0.75833, 2,    6041.95, -124.6,   0.75833, 3,    6041.95,  115.4,   0.75833
"SCN_CN15_9114_CEI77A_ATV", 13.8, 1,    7227.21,   -1.7,   0.90709, 2,     7227.2, -121.7,   0.90709, 3,     7227.2,  118.3,   0.90709
"SCN_CN15_9134_CEI220_ATV", 13.8, 1,    6168.52,   -4.1,   0.77422, 2,    6168.52, -124.1,   0.77422, 3,    6168.52,  115.9,   0.77422
"SCN_CN15_9014_CEI120", 13.8, 1,    6168.76,   -4.1,   0.77425, 2,    6168.75, -124.1,   0.77425, 3,    6168.75,  115.9,   0.77425
"SCN_CN15_9041_CEI77A_ATV", 13.8, 1,    7211.79,   -1.8,   0.90516, 2,    7211.79, -121.8,   0.90516, 3,    7211.79,  118.2,   0.90516
"SCN_CN15_9015_CEI120", 13.8, 1,    6168.48,   -4.1,   0.77421, 2,    6168.47, -124.1,   0.77421, 3,    6168.47,  115.9,   0.77421
"SCN_CN15_9021_CEI120", 13.8, 1,    6168.24,   -4.1,   0.77418, 2,    6168.23, -124.1,   0.77418, 3,    6168.23,  115.9,   0.77418
"SCN_CN15_9020_CEI120", 13.8, 1,       6168,   -4.1,   0.77415, 2,    6167.99, -124.1,   0.77415, 3,    6167.99,  115.9,   0.77415
"SCN_CN15_9019_CEI120", 13.8, 1,    6167.89,   -4.1,   0.77414, 2,    6167.88, -124.1,   0.77414, 3,    6167.88,  115.9,   0.77414
"SCN_CN15_9018_CEI120", 13.8, 1,    6167.78,   -4.1,   0.77412, 2,    6167.77, -124.1,   0.77412, 3,    6167.77,  115.9,   0.77412
"SCN_CN15_9017_CEI120", 13.8, 1,    6167.68,   -4.1,   0.77411, 2,    6167.67, -124.1,   0.77411, 3,    6167.68,  115.9,   0.77411
"SCN_CN15_9016_CEI120", 13.8, 1,    6167.57,   -4.1,    0.7741, 2,    6167.56, -124.1,    0.7741, 3,    6167.56,  115.9,    0.7741
"SCN_CN15_9156_CEI220_ATV", 13.8, 1,    6168.11,   -4.1,   0.77416, 2,     6168.1, -124.1,   0.77416, 3,     6168.1,  115.9,   0.77416
"SCN_CN15_9157_CEI109", 13.8, 1,    6064.43,   -4.5,   0.76115, 2,    6064.42, -124.5,   0.76115, 3,    6064.42,  115.5,   0.76115
"SCN_CN15_9015_CEIRJ013_ATV", 13.8, 1,    6235.58,   -3.8,   0.78263, 2,    6235.57, -123.8,   0.78263, 3,    6235.57,  116.2,   0.78263
"SCN_CN15_9028_CEI167_ATV", 13.8, 1,    7195.43,   -1.8,   0.90311, 2,    7195.43, -121.8,   0.90311, 3,    7195.43,  118.2,   0.90311
"SCN_CN15_9076_CEI77A_ATV", 13.8, 1,    7195.27,   -1.8,   0.90308, 2,    7195.26, -121.8,   0.90308, 3,    7195.26,  118.2,   0.90308
"SCN_CN15_9078_CEI77A_ATV", 13.8, 1,    7194.67,   -1.8,   0.90301, 2,    7194.67, -121.8,   0.90301, 3,    7194.67,  118.2,   0.90301
"SCN_CN15_9079_CEI77A_ATV", 13.8, 1,    7194.23,   -1.8,   0.90295, 2,    7194.23, -121.8,   0.90295, 3,    7194.23,  118.2,   0.90295
"SCN_CN15_9008_CEI77A_ATV", 13.8, 1,    7210.35,   -1.8,   0.90498, 2,    7210.35, -121.8,   0.90498, 3,    7210.35,  118.2,   0.90498
"SCN_CN15_9009_CEI77A_ATV", 13.8, 1,    7210.55,   -1.8,     0.905, 2,    7210.55, -121.8,     0.905, 3,    7210.55,  118.2,     0.905
"SCN_CN15_9009_CEI77A_ATV_S", 13.8, 1,    7210.55,   -1.8,     0.905, 2,    7210.55, -121.8,     0.905, 3,    7210.55,  118.2,     0.905
"SCN_CN15_9015_CEI77A_ATV", 13.8, 1,    7210.83,   -1.8,   0.90504, 2,    7210.83, -121.8,   0.90504, 3,    7210.83,  118.2,   0.90504
"SCN_CN15_9478_CEI109", 13.8, 1,    6041.26,   -4.6,   0.75824, 2,    6041.25, -124.6,   0.75824, 3,    6041.25,  115.4,   0.75824
"SCN_CN15_9010_CEI77A_ATV_S", 13.8, 1,    7210.41,   -1.8,   0.90499, 2,    7210.41, -121.8,   0.90498, 3,    7210.41,  118.2,   0.90498
"SCN_CN15_9010_CEI77A_ATV", 13.8, 1,    7210.41,   -1.8,   0.90499, 2,    7210.41, -121.8,   0.90498, 3,    7210.41,  118.2,   0.90498
"SCN_CN15_9011_CEI77A_ATV", 13.8, 1,    7210.38,   -1.8,   0.90498, 2,    7210.38, -121.8,   0.90498, 3,    7210.38,  118.2,   0.90498
"SCN_CN15_9012_CEI77A_ATV", 13.8, 1,    7210.25,   -1.8,   0.90496, 2,    7210.24, -121.8,   0.90496, 3,    7210.24,  118.2,   0.90496
"SCN_CN15_9013_CEI77A_ATV", 13.8, 1,    7210.08,   -1.8,   0.90494, 2,    7210.08, -121.8,   0.90494, 3,    7210.08,  118.2,   0.90494
"SCN_CN15_9014_CEI77A_ATV", 13.8, 1,    7209.92,   -1.8,   0.90492, 2,    7209.92, -121.8,   0.90492, 3,    7209.92,  118.2,   0.90492
"SCN_CN15_9016_CEI77A_ATV", 13.8, 1,    7210.79,   -1.8,   0.90503, 2,    7210.79, -121.8,   0.90503, 3,    7210.79,  118.2,   0.90503
"SCN_CN15_9017_CEI77A_ATV", 13.8, 1,    7210.74,   -1.8,   0.90503, 2,    7210.74, -121.8,   0.90503, 3,    7210.74,  118.2,   0.90503
"SCN_CN15_9018_CEI77A_ATV", 13.8, 1,     7210.7,   -1.8,   0.90502, 2,    7210.69, -121.8,   0.90502, 3,     7210.7,  118.2,   0.90502
"SCN_CN15_9015_CEI77A_ATV_S", 13.8, 1,    7210.83,   -1.8,   0.90504, 2,    7210.83, -121.8,   0.90504, 3,    7210.83,  118.2,   0.90504
"SCN_CN15_9019_CEI77A_ATV", 13.8, 1,    7211.15,   -1.8,   0.90508, 2,    7211.14, -121.8,   0.90508, 3,    7211.14,  118.2,   0.90508
"SCN_CN15_9020_CEI77A_ATV", 13.8, 1,    7211.54,   -1.8,   0.90513, 2,    7211.53, -121.8,   0.90513, 3,    7211.53,  118.2,   0.90513
"SCN_CN15_9479_CEI109", 13.8, 1,    6041.17,   -4.6,   0.75823, 2,    6041.16, -124.6,   0.75823, 3,    6041.17,  115.4,   0.75823
"SCN_CN15_9021_CEI77A_ATV", 13.8, 1,    7211.93,   -1.8,   0.90518, 2,    7211.93, -121.8,   0.90518, 3,    7211.93,  118.2,   0.90518
"SCN_CN15_9022_CEI77A_ATV", 13.8, 1,     7211.9,   -1.8,   0.90517, 2,    7211.89, -121.8,   0.90517, 3,    7211.89,  118.2,   0.90517
"SCN_CN15_9023_CEI77A_ATV", 13.8, 1,    7211.86,   -1.8,   0.90517, 2,    7211.85, -121.8,   0.90517, 3,    7211.85,  118.2,   0.90517
"SCN_CN15_9021_CEI77A_ATV_S", 13.8, 1,    7211.93,   -1.8,   0.90518, 2,    7211.93, -121.8,   0.90518, 3,    7211.93,  118.2,   0.90518
"SCN_CN15_9024_CEI77A_ATV", 13.8, 1,    7212.37,   -1.8,   0.90523, 2,    7212.36, -121.8,   0.90523, 3,    7212.36,  118.2,   0.90523
"SCN_CN15_9025_CEI77A_ATV", 13.8, 1,    7212.74,   -1.8,   0.90528, 2,    7212.73, -121.8,   0.90528, 3,    7212.73,  118.2,   0.90528
"SCN_CN15_9026_CEI77A_ATV", 13.8, 1,    7213.12,   -1.8,   0.90533, 2,    7213.11, -121.8,   0.90532, 3,    7213.11,  118.2,   0.90532
"SCN_CN15_9027_CEI77A_ATV", 13.8, 1,    7212.97,   -1.8,   0.90531, 2,    7212.97, -121.8,   0.90531, 3,    7212.97,  118.2,   0.90531
"SCN_CN15_9028_CEI77A_ATV", 13.8, 1,    7212.93,   -1.8,    0.9053, 2,    7212.93, -121.8,    0.9053, 3,    7212.93,  118.2,    0.9053
"SCN_CN15_9029_CEI77A_ATV", 13.8, 1,    7212.77,   -1.8,   0.90528, 2,    7212.77, -121.8,   0.90528, 3,    7212.77,  118.2,   0.90528
"SCN_CN15_9030_CEI77A_ATV", 13.8, 1,    7212.66,   -1.8,   0.90527, 2,    7212.65, -121.8,   0.90527, 3,    7212.65,  118.2,   0.90527
"SCN_CN15_9480_CEI109", 13.8, 1,    6041.03,   -4.6,   0.75822, 2,    6041.02, -124.6,   0.75821, 3,    6041.03,  115.4,   0.75821
"SCN_CN15_9031_CEI77A_ATV", 13.8, 1,    7212.58,   -1.8,   0.90526, 2,    7212.58, -121.8,   0.90526, 3,    7212.58,  118.2,   0.90526
"SCN_CN15_9032_CEI77A_ATV", 13.8, 1,    7212.55,   -1.8,   0.90525, 2,    7212.54, -121.8,   0.90525, 3,    7212.54,  118.2,   0.90525
"SCN_CN15_9033_CEI77A_ATV", 13.8, 1,    7212.44,   -1.8,   0.90524, 2,    7212.44, -121.8,   0.90524, 3,    7212.44,  118.2,   0.90524
"SCN_CN15_9034_CEI77A_ATV", 13.8, 1,    7212.32,   -1.8,   0.90523, 2,    7212.32, -121.8,   0.90522, 3,    7212.32,  118.2,   0.90522
"SCN_CN15_9035_CEI77A_ATV", 13.8, 1,     7212.2,   -1.8,   0.90521, 2,     7212.2, -121.8,   0.90521, 3,     7212.2,  118.2,   0.90521
"SCN_CN15_9036_CEI77A_ATV_S", 13.8, 1,    7212.09,   -1.8,    0.9052, 2,    7212.08, -121.8,    0.9052, 3,    7212.08,  118.2,    0.9052
"SCN_CN15_9036_CEI77A_ATV", 13.8, 1,    7212.09,   -1.8,    0.9052, 2,    7212.08, -121.8,    0.9052, 3,    7212.08,  118.2,    0.9052
"SCN_CN15_9037_CEI77A_ATV_S", 13.8, 1,    7211.96,   -1.8,   0.90518, 2,    7211.96, -121.8,   0.90518, 3,    7211.96,  118.2,   0.90518
"SCN_CN15_9038_CEI77A_ATV", 13.8, 1,    7211.84,   -1.8,   0.90516, 2,    7211.84, -121.8,   0.90516, 3,    7211.84,  118.2,   0.90516
"SCN_CN15_9039_CEI77A_ATV", 13.8, 1,    7211.81,   -1.8,   0.90516, 2,    7211.81, -121.8,   0.90516, 3,    7211.81,  118.2,   0.90516
"SCN_CN15_9034_CEIRJ006_ATV", 13.8, 1,    7212.09,   -1.8,    0.9052, 2,    7212.08, -121.8,    0.9052, 3,    7212.08,  118.2,    0.9052
"SCN_CN15_9045_CEI77A_ATV", 13.8, 1,    7213.44,   -1.8,   0.90537, 2,    7213.44, -121.8,   0.90537, 3,    7213.44,  118.2,   0.90537
"SCN_CN15_9045_CEI77A_ATV_S", 13.8, 1,    7213.44,   -1.8,   0.90537, 2,    7213.44, -121.8,   0.90537, 3,    7213.44,  118.2,   0.90537
"SCN_CN15_9053_CEI77A_ATV", 13.8, 1,    7214.05,   -1.8,   0.90544, 2,    7214.05, -121.8,   0.90544, 3,    7214.05,  118.2,   0.90544
"SCN_CN15_9053_CEI77A_ATV_S", 13.8, 1,    7214.05,   -1.8,   0.90544, 2,    7214.05, -121.8,   0.90544, 3,    7214.05,  118.2,   0.90544
"SCN_CN15_9054_CEI77A_ATV", 13.8, 1,    7214.93,   -1.8,   0.90555, 2,    7214.93, -121.8,   0.90555, 3,    7214.93,  118.2,   0.90555
"SCN_CN15_9055_CEI77A_ATV", 13.8, 1,    7216.22,   -1.8,   0.90571, 2,    7216.22, -121.8,   0.90571, 3,    7216.22,  118.2,   0.90571
"SCN_CN15_9056_CEI77A_ATV", 13.8, 1,    7216.52,   -1.8,   0.90575, 2,    7216.52, -121.8,   0.90575, 3,    7216.52,  118.2,   0.90575
"SCN_CN15_9032_CEI230_ATV", 13.8, 1,     7220.2,   -1.8,   0.90621, 2,    7220.19, -121.8,   0.90621, 3,    7220.19,  118.2,   0.90621
"SCN_CN15_9087_CEI77A_ATV", 13.8, 1,    7219.99,   -1.8,   0.90619, 2,    7219.99, -121.8,   0.90619, 3,    7219.99,  118.2,   0.90619
"SCN_CN15_9026_CEI230_ATV", 13.8, 1,    7219.63,   -1.8,   0.90614, 2,    7219.63, -121.8,   0.90614, 3,    7219.63,  118.2,   0.90614
"SCN_CN15_9089_CEI77A_ATV", 13.8, 1,    7219.27,   -1.8,    0.9061, 2,    7219.27, -121.8,    0.9061, 3,    7219.27,  118.2,    0.9061
"SCN_CN15_9090_CEI77A_ATV", 13.8, 1,    7219.26,   -1.8,    0.9061, 2,    7219.26, -121.8,    0.9061, 3,    7219.26,  118.2,    0.9061
"SCN_CN15_9019_CEI230_ATV", 13.8, 1,    7218.96,   -1.8,   0.90606, 2,    7218.96, -121.8,   0.90606, 3,    7218.96,  118.2,   0.90606
"SCN_CN15_9017_CEI230_ATV", 13.8, 1,    7218.71,   -1.8,   0.90603, 2,    7218.71, -121.8,   0.90603, 3,    7218.71,  118.2,   0.90603
"SCN_CN15_9014_CEI230_ATV", 13.8, 1,    7218.61,   -1.8,   0.90601, 2,    7218.61, -121.8,   0.90601, 3,    7218.61,  118.2,   0.90601
"SCN_CN15_9013_CEI230_ATV", 13.8, 1,    7218.47,   -1.8,     0.906, 2,    7218.47, -121.8,     0.906, 3,    7218.47,  118.2,     0.906
"SCN_CN15_9002_CEI230_ATV", 13.8, 1,    7218.32,   -1.8,   0.90598, 2,    7218.31, -121.8,   0.90598, 3,    7218.31,  118.2,   0.90598
"SCN_CN15_9003_CEI230_ATV", 13.8, 1,    7218.31,   -1.8,   0.90598, 2,     7218.3, -121.8,   0.90598, 3,     7218.3,  118.2,   0.90598
"SCN_CN15_9004_CEI230_ATV", 13.8, 1,    7218.29,   -1.8,   0.90597, 2,    7218.28, -121.8,   0.90597, 3,    7218.28,  118.2,   0.90597
"SCN_CN15_9482_CEI109", 13.8, 1,    6040.81,   -4.6,   0.75819, 2,     6040.8, -124.6,   0.75819, 3,     6040.8,  115.4,   0.75819
"SCN_CN15_9005_CEI230_ATV", 13.8, 1,    7218.22,   -1.8,   0.90597, 2,    7218.22, -121.8,   0.90597, 3,    7218.22,  118.2,   0.90597
"SCN_CN15_9006_CEI230_ATV", 13.8, 1,    7218.09,   -1.8,   0.90595, 2,    7218.09, -121.8,   0.90595, 3,    7218.09,  118.2,   0.90595
"SCN_CN15_9007_CEI230_ATV", 13.8, 1,    7217.98,   -1.8,   0.90594, 2,    7217.98, -121.8,   0.90593, 3,    7217.98,  118.2,   0.90593
"SCN_CN15_9008_CEI230_ATV", 13.8, 1,    7217.91,   -1.8,   0.90593, 2,     7217.9, -121.8,   0.90593, 3,     7217.9,  118.2,   0.90593
"SCN_CN15_9009_CEI230_ATV", 13.8, 1,    7217.84,   -1.8,   0.90592, 2,    7217.84, -121.8,   0.90592, 3,    7217.84,  118.2,   0.90592
"SCN_CN15_9050_CEI77A_ATV", 13.8, 1,    7212.38,   -1.8,   0.90523, 2,    7212.38, -121.8,   0.90523, 3,    7212.38,  118.2,   0.90523
"SCN_CN15_9052_CEI77A_ATV", 13.8, 1,    7212.21,   -1.8,   0.90521, 2,    7212.21, -121.8,   0.90521, 3,    7212.21,  118.2,   0.90521
"SCN_CN15_9049_CEI77A_ATV", 13.8, 1,     7212.6,   -1.8,   0.90526, 2,    7212.59, -121.8,   0.90526, 3,    7212.59,  118.2,   0.90526
"SCN_CN15_9050_CEI77A_ATV_S", 13.8, 1,    7212.38,   -1.8,   0.90523, 2,    7212.38, -121.8,   0.90523, 3,    7212.38,  118.2,   0.90523
"SCN_CN15_9051_CEI77A_ATV", 13.8, 1,    7212.38,   -1.8,   0.90523, 2,    7212.37, -121.8,   0.90523, 3,    7212.37,  118.2,   0.90523
"SCN_CN15_9047_CEI77A_ATV", 13.8, 1,     7212.8,   -1.8,   0.90529, 2,     7212.8, -121.8,   0.90528, 3,     7212.8,  118.2,   0.90529
"SCN_CN15_9046_CEI77A_ATV", 13.8, 1,    7213.12,   -1.8,   0.90532, 2,    7213.11, -121.8,   0.90532, 3,    7213.11,  118.2,   0.90532
"SCN_CN15_9483_CEI109", 13.8, 1,    6040.71,   -4.6,   0.75817, 2,     6040.7, -124.6,   0.75817, 3,     6040.7,  115.4,   0.75817
"SCN_CN15_9045_CEIRJ006_ATV", 13.8, 1,    7215.54,   -1.8,   0.90563, 2,    7215.54, -121.8,   0.90563, 3,    7215.54,  118.2,   0.90563
"SCN_CN15_9112_CEI076", 13.8, 1,    7215.58,   -1.8,   0.90563, 2,    7215.58, -121.8,   0.90563, 3,    7215.58,  118.2,   0.90563
"SCN_CN15_9113_CEI076", 13.8, 1,    7215.56,   -1.8,   0.90563, 2,    7215.56, -121.8,   0.90563, 3,    7215.56,  118.2,   0.90563
"SCN_CN15_9111_CEI076", 13.8, 1,    7215.62,   -1.8,   0.90564, 2,    7215.62, -121.8,   0.90564, 3,    7215.62,  118.2,   0.90564
"SCN_CN15_9112_CEI076_S", 13.8, 1,    7215.58,   -1.8,   0.90563, 2,    7215.58, -121.8,   0.90563, 3,    7215.58,  118.2,   0.90563
"SCN_CN15_9092_CEI076", 13.8, 1,    7215.71,   -1.8,   0.90565, 2,    7215.71, -121.8,   0.90565, 3,    7215.71,  118.2,   0.90565
"SCN_CN15_9093_CEI076", 13.8, 1,    7215.69,   -1.8,   0.90565, 2,    7215.68, -121.8,   0.90565, 3,    7215.69,  118.2,   0.90565
"SCN_CN15_9092_CEI076_S", 13.8, 1,    7215.71,   -1.8,   0.90565, 2,    7215.71, -121.8,   0.90565, 3,    7215.71,  118.2,   0.90565
"SCN_CN15_9127_CEI77A_ATV", 13.8, 1,    7215.96,   -1.8,   0.90568, 2,    7215.95, -121.8,   0.90568, 3,    7215.95,  118.2,   0.90568
"SCN_CN15_9128_CEI77A_ATV", 13.8, 1,    7215.91,   -1.8,   0.90568, 2,    7215.91, -121.8,   0.90568, 3,    7215.91,  118.2,   0.90568
"SCN_CN15_9041_CEIRJ006_ATV", 13.8, 1,    7215.72,   -1.8,   0.90565, 2,    7215.72, -121.8,   0.90565, 3,    7215.72,  118.2,   0.90565
"SCN_CN15_9126_CEI77A_ATV", 13.8, 1,       7217,   -1.8,   0.90581, 2,    7216.99, -121.8,   0.90581, 3,    7216.99,  118.2,   0.90581
"SCN_CN15_9127_CEI77A_ATV_S", 13.8, 1,    7215.96,   -1.8,   0.90568, 2,    7215.95, -121.8,   0.90568, 3,    7215.95,  118.2,   0.90568
"SCN_CN15_9060_CEI230_ATV", 13.8, 1,       7217,   -1.8,   0.90581, 2,    7216.99, -121.8,   0.90581, 3,    7216.99,  118.2,   0.90581
"SCN_CN15_9484_CEI109", 13.8, 1,    6040.59,   -4.6,   0.75816, 2,    6040.58, -124.6,   0.75816, 3,    6040.59,  115.4,   0.75816
"SCN_CN15_9124_CEI77A_ATV", 13.8, 1,    7217.57,   -1.8,   0.90588, 2,    7217.57, -121.8,   0.90588, 3,    7217.57,  118.2,   0.90588
"SCN_CN15_9123_CEI77A_ATV", 13.8, 1,    7217.66,   -1.8,    0.9059, 2,    7217.66, -121.8,   0.90589, 3,    7217.66,  118.2,   0.90589
"SCN_CN15_9124_CEI77A_ATV_S", 13.8, 1,    7217.57,   -1.8,   0.90588, 2,    7217.57, -121.8,   0.90588, 3,    7217.57,  118.2,   0.90588
"SCN_CN15_9059_CEI230_ATV", 13.8, 1,    7217.12,   -1.8,   0.90583, 2,    7217.11, -121.8,   0.90583, 3,    7217.11,  118.2,   0.90583
"SCN_CN15_9125_CEI77A_ATV", 13.8, 1,    7217.43,   -1.8,   0.90587, 2,    7217.43, -121.8,   0.90587, 3,    7217.43,  118.2,   0.90587
"SCN_CN15_9122_CEI77A_ATV", 13.8, 1,    7218.93,   -1.8,   0.90605, 2,    7218.92, -121.8,   0.90605, 3,    7218.92,  118.2,   0.90605
"SCN_CN15_9121_CEI77A_ATV", 13.8, 1,    7220.24,   -1.8,   0.90622, 2,    7220.23, -121.8,   0.90622, 3,    7220.23,  118.2,   0.90622
"SCN_CN15_9120_CEI77A_ATV", 13.8, 1,    7221.55,   -1.8,   0.90638, 2,    7221.54, -121.8,   0.90638, 3,    7221.54,  118.2,   0.90638
"SCN_CN15_9119_CEI77A_ATV", 13.8, 1,    7222.88,   -1.8,   0.90655, 2,    7222.87, -121.8,   0.90655, 3,    7222.87,  118.2,   0.90655
"SCN_CN15_9118_CEI77A_ATV", 13.8, 1,    7223.89,   -1.8,   0.90668, 2,    7223.88, -121.8,   0.90668, 3,    7223.89,  118.2,   0.90668
"SCN_CN15_9116_CEI77A_ATV", 13.8, 1,    7225.22,   -1.8,   0.90684, 2,    7225.21, -121.8,   0.90684, 3,    7225.21,  118.2,   0.90684
"SCN_CN15_9117_CEI77A_ATV", 13.8, 1,    7225.22,   -1.8,   0.90684, 2,    7225.21, -121.8,   0.90684, 3,    7225.21,  118.2,   0.90684
"SCN_CN15_9116_CEI77A_ATV_S", 13.8, 1,    7225.22,   -1.8,   0.90684, 2,    7225.21, -121.8,   0.90684, 3,    7225.21,  118.2,   0.90684
"SCN_CN15_9111_CEI77A_ATV", 13.8, 1,    7229.06,   -1.7,   0.90733, 2,    7229.06, -121.7,   0.90733, 3,    7229.06,  118.3,   0.90733
"SCN_CN15_9109_CEI77A_ATV", 13.8, 1,    7230.85,   -1.7,   0.90755, 2,    7230.85, -121.7,   0.90755, 3,    7230.85,  118.3,   0.90755
"SCN_CN15_9110_CEI77A_ATV", 13.8, 1,    7230.83,   -1.7,   0.90755, 2,    7230.82, -121.7,   0.90755, 3,    7230.82,  118.3,   0.90755
"SCN_CN15_9108_CEI77A_ATV", 13.8, 1,    7232.47,   -1.7,   0.90775, 2,    7232.47, -121.7,   0.90775, 3,    7232.47,  118.3,   0.90775
"SCN_CN15_9109_CEI77A_ATV_S", 13.8, 1,    7230.85,   -1.7,   0.90755, 2,    7230.85, -121.7,   0.90755, 3,    7230.85,  118.3,   0.90755
"SCN_CN15_9356_CEI065", 13.8, 1,    6523.21,   -3.1,   0.81873, 2,     6523.2, -123.1,   0.81873, 3,     6523.2,  116.9,   0.81873
"SCN_CN15_9357_CEI065", 13.8, 1,    6523.21,   -3.1,   0.81873, 2,     6523.2, -123.1,   0.81873, 3,     6523.2,  116.9,   0.81873
"SCN_CN15_9355_CEI065", 13.8, 1,    6523.21,   -3.1,   0.81873, 2,     6523.2, -123.1,   0.81873, 3,     6523.2,  116.9,   0.81873
"SCN_CN15_9354_CEI065", 13.8, 1,    6523.21,   -3.1,   0.81873, 2,     6523.2, -123.1,   0.81873, 3,     6523.2,  116.9,   0.81873
"SCN_CN15_9362_CEI065", 13.8, 1,    6523.21,   -3.1,   0.81873, 2,     6523.2, -123.1,   0.81873, 3,     6523.2,  116.9,   0.81873
"SCN_CN15_9365_CEI065", 13.8, 1,    6523.21,   -3.1,   0.81873, 2,     6523.2, -123.1,   0.81873, 3,     6523.2,  116.9,   0.81873
"SCN_CN15_9367_CEI065", 13.8, 1,    6523.21,   -3.1,   0.81873, 2,     6523.2, -123.1,   0.81873, 3,     6523.2,  116.9,   0.81873
"SCN_CN15_9368_CEI065", 13.8, 1,    6523.21,   -3.1,   0.81873, 2,     6523.2, -123.1,   0.81873, 3,     6523.2,  116.9,   0.81873
"SCN_CN15_9369_CEI065", 13.8, 1,    6523.21,   -3.1,   0.81873, 2,     6523.2, -123.1,   0.81873, 3,     6523.2,  116.9,   0.81873
"SCN_CN15_9370_CEI065", 13.8, 1,    6523.21,   -3.1,   0.81873, 2,     6523.2, -123.1,   0.81873, 3,     6523.2,  116.9,   0.81873
"SCN_CN15_9371_CEI065", 13.8, 1,    6523.21,   -3.1,   0.81873, 2,     6523.2, -123.1,   0.81873, 3,     6523.2,  116.9,   0.81873
"SCN_CN15_9372_CEI065", 13.8, 1,    6523.21,   -3.1,   0.81873, 2,     6523.2, -123.1,   0.81873, 3,     6523.2,  116.9,   0.81873
"SCN_CN15_9373_CEI065", 13.8, 1,    6523.21,   -3.1,   0.81873, 2,     6523.2, -123.1,   0.81873, 3,     6523.2,  116.9,   0.81873
"SCN_CN15_9374_CEI065", 13.8, 1,    6523.21,   -3.1,   0.81873, 2,     6523.2, -123.1,   0.81873, 3,     6523.2,  116.9,   0.81873
"SCN_CN15_9375_CEI065", 13.8, 1,    6523.21,   -3.1,   0.81873, 2,     6523.2, -123.1,   0.81873, 3,     6523.2,  116.9,   0.81873
"SCN_CN15_9376_CEI065", 13.8, 1,    6523.21,   -3.1,   0.81873, 2,     6523.2, -123.1,   0.81873, 3,     6523.2,  116.9,   0.81873
"SCN_CN15_9377_CEI065", 13.8, 1,    6523.21,   -3.1,   0.81873, 2,     6523.2, -123.1,   0.81873, 3,     6523.2,  116.9,   0.81873
"SCN_CN15_9011_CEI068", 13.8, 1,    6523.21,   -3.1,   0.81873, 2,     6523.2, -123.1,   0.81873, 3,     6523.2,  116.9,   0.81873
"SCN_CN15_9010_CEI068", 13.8, 1,    6523.21,   -3.1,   0.81873, 2,     6523.2, -123.1,   0.81873, 3,     6523.2,  116.9,   0.81873
"SCN_CN15_9021_CEI068", 13.8, 1,    6523.21,   -3.1,   0.81873, 2,     6523.2, -123.1,   0.81873, 3,     6523.2,  116.9,   0.81873
"SCN_CN15_9020_CEI068", 13.8, 1,    6523.21,   -3.1,   0.81873, 2,     6523.2, -123.1,   0.81873, 3,     6523.2,  116.9,   0.81873
"SCN_CN15_9021_CEI068_S", 13.8, 1,    6523.21,   -3.1,   0.81873, 2,     6523.2, -123.1,   0.81873, 3,     6523.2,  116.9,   0.81873
"SCN_CN15_9019_CEI068", 13.8, 1,    6523.21,   -3.1,   0.81873, 2,     6523.2, -123.1,   0.81873, 3,     6523.2,  116.9,   0.81873
"SCN_CN15_9018_CEI068", 13.8, 1,    6523.21,   -3.1,   0.81873, 2,     6523.2, -123.1,   0.81873, 3,     6523.2,  116.9,   0.81873
"SCN_CN15_9017_CEI068", 13.8, 1,    6523.21,   -3.1,   0.81873, 2,     6523.2, -123.1,   0.81873, 3,     6523.2,  116.9,   0.81873
"SCN_CN15_9007_CEI068", 13.8, 1,    6523.21,   -3.1,   0.81873, 2,     6523.2, -123.1,   0.81873, 3,     6523.2,  116.9,   0.81873
"SCN_CN15_9008_CEI068", 13.8, 1,    6523.21,   -3.1,   0.81873, 2,     6523.2, -123.1,   0.81873, 3,     6523.2,  116.9,   0.81873
"SCN_CN15_9035_CEI068", 13.8, 1,    6523.61,   -3.1,   0.81878, 2,     6523.6, -123.1,   0.81878, 3,     6523.6,  116.9,   0.81878
"SCN_CN15_9034_CEI068", 13.8, 1,    6523.56,   -3.1,   0.81878, 2,    6523.56, -123.1,   0.81878, 3,    6523.56,  116.9,   0.81878
"SCN_CN15_9033_CEI068", 13.8, 1,    6523.52,   -3.1,   0.81877, 2,    6523.51, -123.1,   0.81877, 3,    6523.52,  116.9,   0.81877
"SCN_CN15_9032_CEI068", 13.8, 1,    6523.47,   -3.1,   0.81877, 2,    6523.47, -123.1,   0.81877, 3,    6523.47,  116.9,   0.81877
"SCN_CN15_9031_CEI068", 13.8, 1,    6523.43,   -3.1,   0.81876, 2,    6523.42, -123.1,   0.81876, 3,    6523.42,  116.9,   0.81876
"SCN_CN15_9030_CEI068", 13.8, 1,    6523.38,   -3.1,   0.81876, 2,    6523.38, -123.1,   0.81875, 3,    6523.38,  116.9,   0.81876
"SCN_CN15_9029_CEI068", 13.8, 1,    6523.34,   -3.1,   0.81875, 2,    6523.33, -123.1,   0.81875, 3,    6523.33,  116.9,   0.81875
"SCN_CN15_9028_CEI068", 13.8, 1,    6523.29,   -3.1,   0.81874, 2,    6523.29, -123.1,   0.81874, 3,    6523.29,  116.9,   0.81874
"SCN_CN15_9027_CEI068", 13.8, 1,    6523.25,   -3.1,   0.81874, 2,    6523.24, -123.1,   0.81874, 3,    6523.24,  116.9,   0.81874
"SCN_CN15_9026_CEI068", 13.8, 1,    6523.21,   -3.1,   0.81873, 2,     6523.2, -123.1,   0.81873, 3,     6523.2,  116.9,   0.81873
"SCN_CN15_9025_CEI068", 13.8, 1,    6523.21,   -3.1,   0.81873, 2,     6523.2, -123.1,   0.81873, 3,     6523.2,  116.9,   0.81873
"SCN_CN15_9024_CEI068", 13.8, 1,    6523.21,   -3.1,   0.81873, 2,     6523.2, -123.1,   0.81873, 3,     6523.2,  116.9,   0.81873
"SCN_CN15_9013_CEI120", 13.8, 1,    6169.05,   -4.1,   0.77428, 2,    6169.04, -124.1,   0.77428, 3,    6169.05,  115.9,   0.77428
"SCN_CN15_9014_CEI120_S", 13.8, 1,    6168.76,   -4.1,   0.77425, 2,    6168.75, -124.1,   0.77425, 3,    6168.75,  115.9,   0.77425
"SCN_CN15_9009_CEI120", 13.8, 1,    6171.05,   -4.1,   0.77453, 2,    6171.04, -124.1,   0.77453, 3,    6171.05,  115.9,   0.77453
"SCN_CN15_9013_CEI120_S", 13.8, 1,    6169.05,   -4.1,   0.77428, 2,    6169.04, -124.1,   0.77428, 3,    6169.05,  115.9,   0.77428
"SCN_CN15_9009_CEI120_S", 13.8, 1,    6171.05,   -4.1,   0.77453, 2,    6171.04, -124.1,   0.77453, 3,    6171.05,  115.9,   0.77453
"SCN_CN15_9162_CEI220_ATV", 13.8, 1,    6169.45,   -4.1,   0.77433, 2,    6169.44, -124.1,   0.77433, 3,    6169.44,  115.9,   0.77433
"SCN_CN15_9008_CEI120", 13.8, 1,    6166.94,   -4.1,   0.77402, 2,    6166.93, -124.1,   0.77402, 3,    6166.93,  115.9,   0.77402
"SCN_CN15_9003_CEI134A_ATV", 13.8, 1,    6117.43,   -4.3,    0.7678, 2,    6117.42, -124.3,    0.7678, 3,    6117.42,  115.7,    0.7678
"SCN_CN15_9001_CEI134A_ATV", 13.8, 1,    6117.29,   -4.3,   0.76779, 2,    6117.28, -124.3,   0.76779, 3,    6117.28,  115.7,   0.76779
"SCN_CN15_9007_CEI134_ATV", 13.8, 1,    6117.23,   -4.3,   0.76778, 2,    6117.22, -124.3,   0.76778, 3,    6117.22,  115.7,   0.76778
"SCN_CN15_9002_CEI134A_ATV", 13.8, 1,    6117.03,   -4.3,   0.76775, 2,    6117.02, -124.3,   0.76775, 3,    6117.02,  115.7,   0.76775
"SCN_CN15_9003_CEI160A_ATV", 13.8, 1,    6116.92,   -4.3,   0.76774, 2,    6116.91, -124.3,   0.76774, 3,    6116.91,  115.7,   0.76774
"SCN_CN15_9002_CEI160A_ATV", 13.8, 1,    6116.88,   -4.3,   0.76774, 2,    6116.87, -124.3,   0.76773, 3,    6116.87,  115.7,   0.76773
"SCN_CN15_9001_CEI160A_ATV", 13.8, 1,    6116.85,   -4.3,   0.76773, 2,    6116.84, -124.3,   0.76773, 3,    6116.84,  115.7,   0.76773
"SCN_CN15_9008_CEI121", 13.8, 1,    6116.81,   -4.3,   0.76773, 2,     6116.8, -124.3,   0.76773, 3,     6116.8,  115.7,   0.76773
"SCN_CN15_9009_CEI121", 13.8, 1,    6116.81,   -4.3,   0.76773, 2,     6116.8, -124.3,   0.76773, 3,     6116.8,  115.7,   0.76773
"SCN_CN15_9010_CEI121", 13.8, 1,    6116.79,   -4.3,   0.76772, 2,    6116.78, -124.3,   0.76772, 3,    6116.79,  115.7,   0.76772
"SCN_CN15_9007_CEI120", 13.8, 1,    6164.29,   -4.1,   0.77369, 2,    6164.28, -124.1,   0.77368, 3,    6164.28,  115.9,   0.77368
"SCN_CN15_9007_CEI121", 13.8, 1,    6116.79,   -4.3,   0.76772, 2,    6116.78, -124.3,   0.76772, 3,    6116.78,  115.7,   0.76772
"SCN_CN15_9006_CEI121", 13.8, 1,    6116.77,   -4.3,   0.76772, 2,    6116.76, -124.3,   0.76772, 3,    6116.76,  115.7,   0.76772
"SCN_CN15_9005_CEI121", 13.8, 1,    6116.76,   -4.3,   0.76772, 2,    6116.75, -124.3,   0.76772, 3,    6116.75,  115.7,   0.76772
"SCN_CN15_9004_CEI121", 13.8, 1,    6116.75,   -4.3,   0.76772, 2,    6116.74, -124.3,   0.76772, 3,    6116.74,  115.7,   0.76772
"SCN_CN15_9003_CEI121", 13.8, 1,    6116.74,   -4.3,   0.76772, 2,    6116.73, -124.3,   0.76772, 3,    6116.73,  115.7,   0.76772
"SCN_CN15_9006_CEI120", 13.8, 1,    6161.48,   -4.2,   0.77333, 2,    6161.47, -124.2,   0.77333, 3,    6161.47,  115.8,   0.77333
"SCN_CN15_9004_CEI120", 13.8, 1,    6158.64,   -4.2,   0.77298, 2,    6158.63, -124.2,   0.77298, 3,    6158.63,  115.8,   0.77298
"SCN_CN15_9003_CEI120", 13.8, 1,     6155.7,   -4.2,   0.77261, 2,    6155.69, -124.2,   0.77261, 3,    6155.69,  115.8,   0.77261
"SCN_CN15_9110_CEI201_ATV", 13.8, 1,    6235.03,   -3.8,   0.78256, 2,    6235.02, -123.8,   0.78256, 3,    6235.02,  116.2,   0.78256
"SCN_CN15_9002_CEI120", 13.8, 1,     6153.3,   -4.2,   0.77231, 2,    6153.29, -124.2,   0.77231, 3,     6153.3,  115.8,   0.77231
"SCN_CN15_9004_CEI160A_ATV", 13.8, 1,    6097.73,   -4.3,   0.76533, 2,    6097.72, -124.3,   0.76533, 3,    6097.72,  115.7,   0.76533
"SCN_CN15_9005_CEI160A_ATV", 13.8, 1,    6097.74,   -4.3,   0.76533, 2,    6097.73, -124.3,   0.76533, 3,    6097.73,  115.7,   0.76533
"SCN_CN15_9006_CEI160A_ATV", 13.8, 1,    6097.75,   -4.3,   0.76533, 2,    6097.74, -124.3,   0.76533, 3,    6097.74,  115.7,   0.76533
"SCN_CN15_9007_CEI160A_ATV", 13.8, 1,    6097.76,   -4.3,   0.76534, 2,    6097.75, -124.3,   0.76533, 3,    6097.75,  115.7,   0.76533
"SCN_CN15_9008_CEI160A_ATV", 13.8, 1,    6097.77,   -4.3,   0.76534, 2,    6097.76, -124.3,   0.76534, 3,    6097.76,  115.7,   0.76534
"SCN_CN15_9004_CEI134B_ATV", 13.8, 1,     6097.8,   -4.3,   0.76534, 2,    6097.79, -124.3,   0.76534, 3,     6097.8,  115.7,   0.76534
"SCN_CN15_9001_CEI120", 13.8, 1,    6150.34,   -4.2,   0.77194, 2,    6150.34, -124.2,   0.77193, 3,    6150.34,  115.8,   0.77193
"SCN_CN15_9005_CEI134B_ATV", 13.8, 1,    6097.82,   -4.3,   0.76534, 2,    6097.81, -124.3,   0.76534, 3,    6097.81,  115.7,   0.76534
"SCN_CN15_9008_CEI134B_ATV", 13.8, 1,    6097.85,   -4.3,   0.76535, 2,    6097.84, -124.3,   0.76535, 3,    6097.84,  115.7,   0.76535
"SCN_CN15_9007_CEI134B_ATV", 13.8, 1,    6097.85,   -4.3,   0.76535, 2,    6097.84, -124.3,   0.76535, 3,    6097.84,  115.7,   0.76535
"SCN_CN15_9006_CEI134B_ATV", 13.8, 1,    6097.85,   -4.3,   0.76535, 2,    6097.84, -124.3,   0.76535, 3,    6097.84,  115.7,   0.76535
"SCN_CN15_9008_CEI134B_ATV_S", 13.8, 1,    6097.85,   -4.3,   0.76535, 2,    6097.84, -124.3,   0.76535, 3,    6097.84,  115.7,   0.76535
"SCN_CN15_9009_CEI134B_ATV", 13.8, 1,    6097.87,   -4.3,   0.76535, 2,    6097.86, -124.3,   0.76535, 3,    6097.86,  115.7,   0.76535
"SCN_CN15_9038_CEIRJ006_ATV", 13.8, 1,    7232.67,   -1.7,   0.90778, 2,    7232.67, -121.7,   0.90778, 3,    7232.67,  118.3,   0.90778
"SCN_CN15_9013_CEI201_ATV", 13.8, 1,    6033.01,   -4.6,   0.75721, 2,       6033, -124.6,   0.75721, 3,       6033,  115.4,   0.75721
"SCN_CN15_9105_CEI77A_ATV", 13.8, 1,    7235.86,   -1.7,   0.90818, 2,    7235.85, -121.7,   0.90818, 3,    7235.85,  118.3,   0.90818
"SCN_CN15_9106_CEI77A_ATV_S", 13.8, 1,    7232.86,   -1.7,    0.9078, 2,    7232.86, -121.7,    0.9078, 3,    7232.86,  118.3,    0.9078
"SCN_CN15_9490_CEI109", 13.8, 1,    6040.32,   -4.6,   0.75813, 2,    6040.32, -124.6,   0.75813, 3,    6040.32,  115.4,   0.75813
"SCN_CN15_9104_CEI77A_ATV_S", 13.8, 1,    7238.86,   -1.7,   0.90856, 2,    7238.85, -121.7,   0.90856, 3,    7238.85,  118.3,   0.90856
"SCN_CN15_9006_CEI077_ATV", 13.8, 1,    7141.08,   -1.9,   0.89628, 2,    7141.08, -121.9,   0.89628, 3,    7141.08,  118.1,   0.89628
"SCN_CN15_9007_CEI077_ATV", 13.8, 1,    7140.78,   -1.9,   0.89625, 2,    7140.78, -121.9,   0.89625, 3,    7140.78,  118.1,   0.89625
"SCN_CN15_9004_CEI077_ATV", 13.8, 1,       7142,   -1.9,    0.8964, 2,       7142, -121.9,    0.8964, 3,       7142,  118.1,    0.8964
"SCN_CN15_9005_CEI077_ATV_S", 13.8, 1,    7141.37,   -1.9,   0.89632, 2,    7141.37, -121.9,   0.89632, 3,    7141.37,  118.1,   0.89632
"SCN_CN15_9003_CEI077_ATV", 13.8, 1,    7142.76,   -1.9,   0.89649, 2,    7142.76, -121.9,   0.89649, 3,    7142.76,  118.1,   0.89649
"SCN_CN15_9002_CEI077_ATV_S", 13.8, 1,     7143.4,   -1.9,   0.89657, 2,     7143.4, -121.9,   0.89657, 3,     7143.4,  118.1,   0.89657
"SCN_CN15_9094_CEI072_S", 13.8, 1,    7094.42,   -2.0,   0.89043, 2,    7094.42, -122.0,   0.89043, 3,    7094.42,  118.0,   0.89043
"SCN_CN15_9093_CEI072_S", 13.8, 1,    7070.34,   -2.1,   0.88741, 2,    7070.34, -122.1,    0.8874, 3,    7070.34,  117.9,    0.8874
"SCN_CN15_9095_CEI072", 13.8, 1,     7061.5,   -2.1,    0.8863, 2,     7061.5, -122.1,    0.8863, 3,     7061.5,  117.9,    0.8863
"SCN_CN15_9096_CEI072", 13.8, 1,    7061.35,   -2.1,   0.88628, 2,    7061.34, -122.1,   0.88628, 3,    7061.34,  117.9,   0.88628
"SCN_CN15_9097_CEI072", 13.8, 1,    7061.19,   -2.1,   0.88626, 2,    7061.19, -122.1,   0.88626, 3,    7061.19,  117.9,   0.88626
"SCN_CN15_9098_CEI072", 13.8, 1,    7061.03,   -2.1,   0.88624, 2,    7061.03, -122.1,   0.88624, 3,    7061.03,  117.9,   0.88624
"SCN_CN15_9099_CEI072", 13.8, 1,    7060.95,   -2.1,   0.88623, 2,    7060.94, -122.1,   0.88623, 3,    7060.94,  117.9,   0.88623
"SCN_CN15_9102_CEI220_ATV", 13.8, 1,    6166.69,   -4.1,   0.77399, 2,    6166.68, -124.1,   0.77399, 3,    6166.68,  115.9,   0.77399
"SCN_CN15_9038_CEI148_ATV", 13.8, 1,    6237.23,   -3.8,   0.78284, 2,    6237.22, -123.8,   0.78284, 3,    6237.22,  116.2,   0.78284
"SCN_CN15_9012_CEIRJ013_ATV", 13.8, 1,    6237.23,   -3.8,   0.78284, 2,    6237.22, -123.8,   0.78284, 3,    6237.22,  116.2,   0.78284
"SCN_CN15_9361_CEI109", 13.8, 1,    6033.45,   -4.6,   0.75726, 2,    6033.45, -124.6,   0.75726, 3,    6033.45,  115.4,   0.75726
"SCN_CN15_9010_CEI134B_ATV", 13.8, 1,    6097.86,   -4.3,   0.76535, 2,    6097.85, -124.3,   0.76535, 3,    6097.85,  115.7,   0.76535
"SCN_CN15_9011_CEI134B_ATV", 13.8, 1,    6097.82,   -4.3,   0.76534, 2,    6097.81, -124.3,   0.76534, 3,    6097.81,  115.7,   0.76534
"SCN_CN15_9009_CEI134B_ATV_S", 13.8, 1,    6097.87,   -4.3,   0.76535, 2,    6097.86, -124.3,   0.76535, 3,    6097.86,  115.7,   0.76535
"SCN_CN15_9012_CEI134B_ATV", 13.8, 1,    6097.94,   -4.3,   0.76536, 2,    6097.93, -124.3,   0.76536, 3,    6097.93,  115.7,   0.76536
"SCN_CN15_9013_CEI134B_ATV", 13.8, 1,    6097.98,   -4.3,   0.76536, 2,    6097.97, -124.3,   0.76536, 3,    6097.97,  115.7,   0.76536
"SCN_CN15_9008_CEI134C_ATV", 13.8, 1,    6097.96,   -4.3,   0.76536, 2,    6097.95, -124.3,   0.76536, 3,    6097.95,  115.7,   0.76536
"SCN_CN15_9021_CEI109", 13.8, 1,    6146.61,   -4.2,   0.77147, 2,     6146.6, -124.2,   0.77147, 3,     6146.6,  115.8,   0.77147
"SCN_CN15_9009_CEI134C_ATV", 13.8, 1,    6097.94,   -4.3,   0.76536, 2,    6097.93, -124.3,   0.76536, 3,    6097.93,  115.7,   0.76536
"SCN_CN15_9010_CEI134C_ATV", 13.8, 1,    6097.92,   -4.3,   0.76536, 2,    6097.91, -124.3,   0.76535, 3,    6097.91,  115.7,   0.76535
"SCN_CN15_9013_CEI134B_ATV_S", 13.8, 1,    6097.98,   -4.3,   0.76536, 2,    6097.97, -124.3,   0.76536, 3,    6097.97,  115.7,   0.76536
"SCN_CN15_9006_CEI134C_ATV", 13.8, 1,    6098.04,   -4.3,   0.76537, 2,    6098.03, -124.3,   0.76537, 3,    6098.03,  115.7,   0.76537
"SCN_CN15_9005_CEI134C_ATV", 13.8, 1,    6098.07,   -4.3,   0.76537, 2,    6098.06, -124.3,   0.76537, 3,    6098.06,  115.7,   0.76537
"SCN_CN15_9004_CEI134C_ATV", 13.8, 1,    6098.17,   -4.3,   0.76539, 2,    6098.16, -124.3,   0.76539, 3,    6098.16,  115.7,   0.76539
"SCN_CN15_9003_CEI134C_ATV", 13.8, 1,    6098.27,   -4.3,    0.7654, 2,    6098.26, -124.3,    0.7654, 3,    6098.26,  115.7,    0.7654
"SCN_CN15_9001_CEI134C_ATV", 13.8, 1,    6098.35,   -4.3,   0.76541, 2,    6098.34, -124.3,   0.76541, 3,    6098.35,  115.7,   0.76541
"SCN_CN15_9001_CEI134C_ATV_S", 13.8, 1,    6098.35,   -4.3,   0.76541, 2,    6098.34, -124.3,   0.76541, 3,    6098.35,  115.7,   0.76541
"SCN_CN15_9002_CEI134C_ATV", 13.8, 1,    6098.43,   -4.3,   0.76542, 2,    6098.42, -124.3,   0.76542, 3,    6098.42,  115.7,   0.76542
"SCN_CN15_9038_CEI134B_ATV", 13.8, 1,    6098.51,   -4.3,   0.76543, 2,    6098.51, -124.3,   0.76543, 3,    6098.51,  115.7,   0.76543
"SCN_CN15_9027_CEI134C_ATV", 13.8, 1,     6096.2,   -4.3,   0.76514, 2,    6096.19, -124.3,   0.76514, 3,    6096.19,  115.7,   0.76514
"SCN_CN15_9028_CEI134C_ATV", 13.8, 1,    6096.11,   -4.3,   0.76513, 2,     6096.1, -124.3,   0.76513, 3,     6096.1,  115.7,   0.76513
"SCN_CN15_9020_CEI109", 13.8, 1,    6144.47,   -4.2,    0.7712, 2,    6144.46, -124.2,    0.7712, 3,    6144.47,  115.8,    0.7712
"SCN_CN15_9026_CEI134C_ATV", 13.8, 1,    6096.31,   -4.3,   0.76515, 2,     6096.3, -124.3,   0.76515, 3,     6096.3,  115.7,   0.76515
"SCN_CN15_9025_CEI134C_ATV", 13.8, 1,    6096.41,   -4.3,   0.76517, 2,     6096.4, -124.3,   0.76516, 3,     6096.4,  115.7,   0.76516
"SCN_CN15_9029_CEI134C_ATV", 13.8, 1,    6096.32,   -4.3,   0.76516, 2,    6096.31, -124.3,   0.76515, 3,    6096.32,  115.7,   0.76515
"SCN_CN15_9030_CEI134C_ATV", 13.8, 1,    6096.25,   -4.3,   0.76515, 2,    6096.24, -124.3,   0.76515, 3,    6096.24,  115.7,   0.76515
"SCN_CN15_9017_CEI134C_ATV", 13.8, 1,    6096.78,   -4.3,   0.76521, 2,    6096.77, -124.3,   0.76521, 3,    6096.77,  115.7,   0.76521
"SCN_CN15_9025_CEI134C_ATV_S", 13.8, 1,    6096.41,   -4.3,   0.76517, 2,     6096.4, -124.3,   0.76516, 3,     6096.4,  115.7,   0.76516
"SCN_CN15_9018_CEI134C_ATV", 13.8, 1,    6096.61,   -4.3,   0.76519, 2,     6096.6, -124.3,   0.76519, 3,     6096.6,  115.7,   0.76519
"SCN_CN15_9019_CEI134C_ATV_S", 13.8, 1,    6096.46,   -4.3,   0.76517, 2,    6096.45, -124.3,   0.76517, 3,    6096.45,  115.7,   0.76517
"SCN_CN15_9017_CEI134C_ATV_S", 13.8, 1,    6096.78,   -4.3,   0.76521, 2,    6096.77, -124.3,   0.76521, 3,    6096.77,  115.7,   0.76521
"SCN_CN15_9031_CEI134C_ATV", 13.8, 1,    6097.09,   -4.3,   0.76525, 2,    6097.08, -124.3,   0.76525, 3,    6097.08,  115.7,   0.76525
"SCN_CN15_9031_CEI134C_ATV_S", 13.8, 1,    6097.09,   -4.3,   0.76525, 2,    6097.08, -124.3,   0.76525, 3,    6097.08,  115.7,   0.76525
"SCN_CN15_9032_CEI134C_ATV", 13.8, 1,    6097.35,   -4.3,   0.76528, 2,    6097.34, -124.3,   0.76528, 3,    6097.34,  115.7,   0.76528
"SCN_CN15_9033_CEI134C_ATV", 13.8, 1,    6098.17,   -4.3,   0.76539, 2,    6098.16, -124.3,   0.76539, 3,    6098.16,  115.7,   0.76539
"SCN_CN15_9019_CEI109", 13.8, 1,    6142.46,   -4.2,   0.77095, 2,    6142.45, -124.2,   0.77095, 3,    6142.46,  115.8,   0.77095
"SCN_CN15_9037_CEI134B_ATV", 13.8, 1,    6098.48,   -4.3,   0.76543, 2,    6098.47, -124.3,   0.76543, 3,    6098.47,  115.7,   0.76543
"SCN_CN15_9032_CEI134B_ATV", 13.8, 1,    6098.97,   -4.3,   0.76549, 2,    6098.96, -124.3,   0.76549, 3,    6098.96,  115.7,   0.76549
"SCN_CN15_9038_CEI134B_ATV_S", 13.8, 1,    6098.51,   -4.3,   0.76543, 2,    6098.51, -124.3,   0.76543, 3,    6098.51,  115.7,   0.76543
"SCN_CN15_9033_CEI134B_ATV", 13.8, 1,    6098.94,   -4.3,   0.76548, 2,    6098.93, -124.3,   0.76548, 3,    6098.93,  115.7,   0.76548
"SCN_CN15_9034_CEI134B_ATV", 13.8, 1,    6098.91,   -4.3,   0.76548, 2,     6098.9, -124.3,   0.76548, 3,     6098.9,  115.7,   0.76548
"SCN_CN15_9035_CEI134B_ATV", 13.8, 1,    6098.89,   -4.3,   0.76548, 2,    6098.88, -124.3,   0.76548, 3,    6098.88,  115.7,   0.76548
"SCN_CN15_9036_CEI134B_ATV", 13.8, 1,    6098.86,   -4.3,   0.76547, 2,    6098.85, -124.3,   0.76547, 3,    6098.85,  115.7,   0.76547
"SCN_CN15_9016_CEI134C_ATV", 13.8, 1,    6097.06,   -4.3,   0.76525, 2,    6097.05, -124.3,   0.76525, 3,    6097.05,  115.7,   0.76525
"SCN_CN15_9011_CEI134C_ATV", 13.8, 1,    6097.04,   -4.3,   0.76524, 2,    6097.03, -124.3,   0.76524, 3,    6097.03,  115.7,   0.76524
"SCN_CN15_9018_CEI109", 13.8, 1,     6140.4,   -4.2,   0.77069, 2,    6140.39, -124.2,   0.77069, 3,    6140.39,  115.8,   0.77069
"SCN_CN15_9012_CEI134C_ATV", 13.8, 1,    6097.01,   -4.3,   0.76524, 2,       6097, -124.3,   0.76524, 3,       6097,  115.7,   0.76524
"SCN_CN15_9013_CEI134C_ATV", 13.8, 1,       6097,   -4.3,   0.76524, 2,    6096.99, -124.3,   0.76524, 3,    6096.99,  115.7,   0.76524
"SCN_CN15_9014_CEI134C_ATV", 13.8, 1,    6096.95,   -4.3,   0.76523, 2,    6096.94, -124.3,   0.76523, 3,    6096.94,  115.7,   0.76523
"SCN_CN15_9031_CEI134B_ATV", 13.8, 1,    6099.68,   -4.3,   0.76558, 2,    6099.67, -124.3,   0.76558, 3,    6099.68,  115.7,   0.76558
"SCN_CN15_9032_CEI134B_ATV_S", 13.8, 1,    6098.97,   -4.3,   0.76549, 2,    6098.96, -124.3,   0.76549, 3,    6098.96,  115.7,   0.76549
"SCN_CN15_9019_CEI134B_ATV", 13.8, 1,    6099.95,   -4.3,   0.76561, 2,    6099.94, -124.3,   0.76561, 3,    6099.94,  115.7,   0.76561
"SCN_CN15_9020_CEI134B_ATV", 13.8, 1,    6099.92,   -4.3,   0.76561, 2,    6099.91, -124.3,    0.7656, 3,    6099.91,  115.7,    0.7656
"SCN_CN15_9021_CEI134B_ATV", 13.8, 1,    6099.87,   -4.3,    0.7656, 2,    6099.86, -124.3,    0.7656, 3,    6099.86,  115.7,    0.7656
"SCN_CN15_9022_CEI134B_ATV", 13.8, 1,    6099.83,   -4.3,    0.7656, 2,    6099.82, -124.3,   0.76559, 3,    6099.82,  115.7,   0.76559
"SCN_CN15_9023_CEI134B_ATV", 13.8, 1,    6099.79,   -4.3,   0.76559, 2,    6099.78, -124.3,   0.76559, 3,    6099.78,  115.7,   0.76559
"SCN_CN15_9017_CEI109_S", 13.8, 1,    6138.48,   -4.2,   0.77045, 2,    6138.47, -124.2,   0.77045, 3,    6138.47,  115.8,   0.77045
"SCN_CN15_9025_CEI134B_ATV", 13.8, 1,    6099.73,   -4.3,   0.76558, 2,    6099.72, -124.3,   0.76558, 3,    6099.72,  115.7,   0.76558
"SCN_CN15_9018_CEI134B_ATV", 13.8, 1,    6100.26,   -4.3,   0.76565, 2,    6100.25, -124.3,   0.76565, 3,    6100.25,  115.7,   0.76565
"SCN_CN15_9019_CEI134B_ATV_S", 13.8, 1,    6099.95,   -4.3,   0.76561, 2,    6099.94, -124.3,   0.76561, 3,    6099.94,  115.7,   0.76561
"SCN_CN15_9017_CEI134B_ATV", 13.8, 1,    6100.81,   -4.3,   0.76572, 2,     6100.8, -124.3,   0.76572, 3,     6100.8,  115.7,   0.76572
"SCN_CN15_9030_CEI134B_ATV", 13.8, 1,    6100.77,   -4.3,   0.76571, 2,    6100.76, -124.3,   0.76571, 3,    6100.76,  115.7,   0.76571
"SCN_CN15_9029_CEI134B_ATV", 13.8, 1,    6100.74,   -4.3,   0.76571, 2,    6100.73, -124.3,   0.76571, 3,    6100.73,  115.7,   0.76571
"SCN_CN15_9016_CEI134B_ATV", 13.8, 1,    6101.13,   -4.3,   0.76576, 2,    6101.12, -124.3,   0.76576, 3,    6101.12,  115.7,   0.76576
"SCN_CN15_9017_CEI134B_ATV_S", 13.8, 1,    6100.81,   -4.3,   0.76572, 2,     6100.8, -124.3,   0.76572, 3,     6100.8,  115.7,   0.76572
"SCN_CN15_9015_CEI134B_ATV", 13.8, 1,    6101.58,   -4.3,   0.76581, 2,    6101.57, -124.3,   0.76581, 3,    6101.57,  115.7,   0.76581
"SCN_CN15_9015_CEI134_ATV", 13.8, 1,     6102.8,   -4.3,   0.76597, 2,    6102.79, -124.3,   0.76597, 3,    6102.79,  115.7,   0.76597
"SCN_CN15_9016_CEI134_ATV", 13.8, 1,    6103.27,   -4.3,   0.76603, 2,    6103.27, -124.3,   0.76603, 3,    6103.27,  115.7,   0.76603
"SCN_CN15_9022_CEI109", 13.8, 1,    6138.32,   -4.2,   0.77043, 2,    6138.31, -124.2,   0.77043, 3,    6138.31,  115.8,   0.77043
"SCN_CN15_9016_CEI134_ATV_S", 13.8, 1,    6103.27,   -4.3,   0.76603, 2,    6103.27, -124.3,   0.76603, 3,    6103.27,  115.7,   0.76603
"SCN_CN15_9018_CEI134_ATV", 13.8, 1,    6104.42,   -4.3,   0.76617, 2,    6104.41, -124.3,   0.76617, 3,    6104.41,  115.7,   0.76617
"SCN_CN15_9019_CEI134_ATV", 13.8, 1,    6105.15,   -4.3,   0.76626, 2,    6105.14, -124.3,   0.76626, 3,    6105.14,  115.7,   0.76626
"SCN_CN15_9020_CEI134_ATV", 13.8, 1,    6105.61,   -4.3,   0.76632, 2,     6105.6, -124.3,   0.76632, 3,     6105.6,  115.7,   0.76632
"SCN_CN15_9021_CEI134_ATV", 13.8, 1,    6106.48,   -4.3,   0.76643, 2,    6106.47, -124.3,   0.76643, 3,    6106.47,  115.7,   0.76643
"SCN_CN15_9022_CEI134_ATV", 13.8, 1,    6106.91,   -4.3,   0.76648, 2,     6106.9, -124.3,   0.76648, 3,     6106.9,  115.7,   0.76648
"SCN_CN15_9024_CEI134_ATV", 13.8, 1,     6107.4,   -4.3,   0.76654, 2,    6107.39, -124.3,   0.76654, 3,    6107.39,  115.7,   0.76654
"SCN_CN15_9024_CEI134_ATV_S", 13.8, 1,     6107.4,   -4.3,   0.76654, 2,    6107.39, -124.3,   0.76654, 3,    6107.39,  115.7,   0.76654
"SCN_CN15_9023_CEI134A_ATV", 13.8, 1,    6108.15,   -4.3,   0.76664, 2,    6108.14, -124.3,   0.76664, 3,    6108.14,  115.7,   0.76664
"SCN_CN15_9021_CEI134A_ATV", 13.8, 1,    6109.58,   -4.3,   0.76682, 2,    6109.57, -124.3,   0.76682, 3,    6109.57,  115.7,   0.76682
"SCN_CN15_9016_CEI134A_ATV", 13.8, 1,    6110.21,   -4.3,    0.7669, 2,     6110.2, -124.3,    0.7669, 3,     6110.2,  115.7,    0.7669
"SCN_CN15_9015_CEI134A_ATV", 13.8, 1,    6111.05,   -4.3,     0.767, 2,    6111.04, -124.3,     0.767, 3,    6111.04,  115.7,     0.767
"SCN_CN15_9016_CEI134A_ATV_S", 13.8, 1,    6110.21,   -4.3,    0.7669, 2,     6110.2, -124.3,    0.7669, 3,     6110.2,  115.7,    0.7669
"SCN_CN15_9023_CEI109_S", 13.8, 1,    6138.16,   -4.2,   0.77041, 2,    6138.15, -124.2,   0.77041, 3,    6138.15,  115.8,   0.77041
"SCN_CN15_9014_CEI134A_ATV", 13.8, 1,    6111.82,   -4.3,    0.7671, 2,    6111.81, -124.3,    0.7671, 3,    6111.81,  115.7,    0.7671
"SCN_CN15_9013_CEI134A_ATV", 13.8, 1,    6112.79,   -4.3,   0.76722, 2,    6112.78, -124.3,   0.76722, 3,    6112.78,  115.7,   0.76722
"SCN_CN15_9012_CEI134A_ATV", 13.8, 1,    6113.41,   -4.3,    0.7673, 2,     6113.4, -124.3,    0.7673, 3,     6113.4,  115.7,    0.7673
"SCN_CN15_9024_CEI109", 13.8, 1,    6138.15,   -4.2,    0.7704, 2,    6138.14, -124.2,    0.7704, 3,    6138.14,  115.8,    0.7704
"SCN_CN15_9023_CEI109", 13.8, 1,    6138.16,   -4.2,   0.77041, 2,    6138.15, -124.2,   0.77041, 3,    6138.15,  115.8,   0.77041
"SCN_CN15_9011_CEI134A_ATV", 13.8, 1,    6114.05,   -4.3,   0.76738, 2,    6114.04, -124.3,   0.76738, 3,    6114.04,  115.7,   0.76738
"SCN_CN15_9010_CEI134A_ATV", 13.8, 1,    6114.87,   -4.3,   0.76748, 2,    6114.86, -124.3,   0.76748, 3,    6114.86,  115.7,   0.76748
"SCN_CN15_9010_CEI134_ATV", 13.8, 1,     6116.2,   -4.3,   0.76765, 2,    6116.19, -124.3,   0.76765, 3,    6116.19,  115.7,   0.76765
"SCN_CN15_9012_CEI134_ATV", 13.8, 1,    6116.72,   -4.3,   0.76772, 2,    6116.72, -124.3,   0.76771, 3,    6116.72,  115.7,   0.76771
"SCN_CN15_9007_CEI134A_ATV", 13.8, 1,    6117.03,   -4.3,   0.76775, 2,    6117.02, -124.3,   0.76775, 3,    6117.02,  115.7,   0.76775
"SCN_CN15_9008_CEI134A_ATV", 13.8, 1,    6117.02,   -4.3,   0.76775, 2,    6117.01, -124.3,   0.76775, 3,    6117.01,  115.7,   0.76775
"SCN_CN15_9025_CEI109", 13.8, 1,    6138.16,   -4.2,   0.77041, 2,    6138.15, -124.2,   0.77041, 3,    6138.15,  115.8,   0.77041
"SCN_CN15_9005_CEI134A_ATV", 13.8, 1,    6117.51,   -4.3,   0.76781, 2,     6117.5, -124.3,   0.76781, 3,     6117.5,  115.7,   0.76781
"SCN_CN15_9007_CEI134A_ATV_S", 13.8, 1,    6117.03,   -4.3,   0.76775, 2,    6117.02, -124.3,   0.76775, 3,    6117.02,  115.7,   0.76775
"SCN_CN15_9014_CEI134_ATV", 13.8, 1,    6117.48,   -4.3,   0.76781, 2,    6117.47, -124.3,   0.76781, 3,    6117.47,  115.7,   0.76781
"SCN_CN15_9006_CEI134A_ATV", 13.8, 1,     6117.5,   -4.3,   0.76781, 2,    6117.49, -124.3,   0.76781, 3,    6117.49,  115.7,   0.76781
"SCN_CN15_9005_CEI134A_ATV_S", 13.8, 1,    6117.51,   -4.3,   0.76781, 2,     6117.5, -124.3,   0.76781, 3,     6117.5,  115.7,   0.76781
"SCN_CN15_9017_CEI134A_ATV", 13.8, 1,    6110.17,   -4.3,   0.76689, 2,    6110.16, -124.3,   0.76689, 3,    6110.16,  115.7,   0.76689
"SCN_CN15_9018_CEI134A_ATV", 13.8, 1,    6110.13,   -4.3,   0.76689, 2,    6110.12, -124.3,   0.76689, 3,    6110.12,  115.7,   0.76689
"SCN_CN15_9020_CEI134A_ATV", 13.8, 1,     6110.1,   -4.3,   0.76688, 2,    6110.09, -124.3,   0.76688, 3,    6110.09,  115.7,   0.76688
"SCN_CN15_9083_CEI131_ATV", 13.8, 1,    6125.36,   -4.2,    0.7688, 2,    6125.35, -124.2,    0.7688, 3,    6125.35,  115.8,    0.7688
"SCN_CN15_9084_CEI131_ATV", 13.8, 1,    6124.89,   -4.2,   0.76874, 2,    6124.88, -124.2,   0.76874, 3,    6124.88,  115.8,   0.76874
"SCN_CN15_9085_CEI131_ATV", 13.8, 1,    6124.07,   -4.2,   0.76864, 2,    6124.06, -124.2,   0.76864, 3,    6124.06,  115.8,   0.76864
"SCN_CN15_9026_CEI109", 13.8, 1,    6138.16,   -4.2,   0.77041, 2,    6138.15, -124.2,   0.77041, 3,    6138.15,  115.8,   0.77041
"SCN_CN15_9057_CEI220_ATV", 13.8, 1,    6123.39,   -4.2,   0.76855, 2,    6123.38, -124.2,   0.76855, 3,    6123.39,  115.8,   0.76855
"SCN_CN15_9056_CEI109", 13.8, 1,    6123.06,   -4.2,   0.76851, 2,    6123.05, -124.2,   0.76851, 3,    6123.06,  115.8,   0.76851
"SCN_CN15_9056_CEI220_ATV", 13.8, 1,    6122.77,   -4.2,   0.76847, 2,    6122.76, -124.2,   0.76847, 3,    6122.76,  115.8,   0.76847
"SCN_CN15_9052_CEI109", 13.8, 1,    6122.51,   -4.2,   0.76844, 2,     6122.5, -124.2,   0.76844, 3,     6122.5,  115.8,   0.76844
"SCN_CN15_9049_CEI109", 13.8, 1,    6122.29,   -4.2,   0.76841, 2,    6122.28, -124.2,   0.76841, 3,    6122.28,  115.8,   0.76841
"SCN_CN15_9048_CEI109", 13.8, 1,    6122.07,   -4.2,   0.76839, 2,    6122.06, -124.2,   0.76839, 3,    6122.06,  115.8,   0.76839
"SCN_CN15_9047_CEI109", 13.8, 1,    6121.84,   -4.2,   0.76836, 2,    6121.83, -124.2,   0.76836, 3,    6121.83,  115.8,   0.76836
"SCN_CN15_9046_CEI109", 13.8, 1,    6121.68,   -4.2,   0.76834, 2,    6121.67, -124.2,   0.76834, 3,    6121.67,  115.8,   0.76834
"SCN_CN15_9045_CEI109", 13.8, 1,    6121.52,   -4.2,   0.76832, 2,    6121.51, -124.2,   0.76832, 3,    6121.51,  115.8,   0.76832
"SCN_CN15_9071_CEI131_ATV", 13.8, 1,    6122.88,   -4.2,   0.76849, 2,    6122.87, -124.2,   0.76849, 3,    6122.87,  115.8,   0.76849
"SCN_CN15_9072_CEI131_ATV", 13.8, 1,    6122.88,   -4.2,   0.76849, 2,    6122.87, -124.2,   0.76849, 3,    6122.87,  115.8,   0.76849
"SCN_CN15_9006_CEI201_ATV", 13.8, 1,    6032.69,   -4.6,   0.75717, 2,    6032.68, -124.6,   0.75717, 3,    6032.69,  115.4,   0.75717
"SCN_CN15_9008_CEI201_ATV_S", 13.8, 1,    6032.62,   -4.6,   0.75716, 2,    6032.61, -124.6,   0.75716, 3,    6032.61,  115.4,   0.75716
"SCN_CN15_9044_CEI109", 13.8, 1,    6121.37,   -4.2,    0.7683, 2,    6121.36, -124.2,    0.7683, 3,    6121.36,  115.8,    0.7683
"SCN_CN15_9027_CEI109", 13.8, 1,    6138.16,   -4.2,   0.77041, 2,    6138.15, -124.2,   0.77041, 3,    6138.15,  115.8,   0.77041
"SCN_CN15_9039_CEI109", 13.8, 1,    6121.19,   -4.2,   0.76828, 2,    6121.18, -124.2,   0.76827, 3,    6121.18,  115.8,   0.76828
"SCN_CN15_9038_CEI109", 13.8, 1,     6120.9,   -4.2,   0.76824, 2,    6120.89, -124.2,   0.76824, 3,    6120.89,  115.8,   0.76824
"SCN_CN15_9037_CEI109", 13.8, 1,    6120.84,   -4.3,   0.76823, 2,    6120.83, -124.3,   0.76823, 3,    6120.83,  115.7,   0.76823
"SCN_CN15_9051_CEI220_ATV", 13.8, 1,    6120.76,   -4.3,   0.76822, 2,    6120.75, -124.3,   0.76822, 3,    6120.75,  115.7,   0.76822
"SCN_CN15_9093_CEI109", 13.8, 1,    6120.84,   -4.3,   0.76823, 2,    6120.83, -124.3,   0.76823, 3,    6120.83,  115.7,   0.76823
"SCN_CN15_9092_CEI109", 13.8, 1,    6120.79,   -4.3,   0.76823, 2,    6120.78, -124.3,   0.76823, 3,    6120.78,  115.7,   0.76823
"SCN_CN15_9001_CEI160_ATV", 13.8, 1,    6238.04,   -3.9,   0.78294, 2,    6238.03, -123.9,   0.78294, 3,    6238.04,  116.1,   0.78294
"SCN_CN15_9091_CEI109", 13.8, 1,    6120.75,   -4.3,   0.76822, 2,    6120.74, -124.3,   0.76822, 3,    6120.75,  115.7,   0.76822
"SCN_CN15_9090_CEI109", 13.8, 1,    6120.71,   -4.3,   0.76822, 2,     6120.7, -124.3,   0.76821, 3,     6120.7,  115.7,   0.76821
"SCN_CN15_9089_CEI109", 13.8, 1,    6120.67,   -4.3,   0.76821, 2,    6120.66, -124.3,   0.76821, 3,    6120.66,  115.7,   0.76821
"SCN_CN15_9088_CEI109", 13.8, 1,    6120.59,   -4.3,    0.7682, 2,    6120.58, -124.3,    0.7682, 3,    6120.59,  115.7,    0.7682
"SCN_CN15_9028_CEI109", 13.8, 1,    6138.16,   -4.2,   0.77041, 2,    6138.15, -124.2,   0.77041, 3,    6138.15,  115.8,   0.77041
"SCN_CN15_9087_CEI109", 13.8, 1,    6120.54,   -4.3,    0.7682, 2,    6120.54, -124.3,   0.76819, 3,    6120.54,  115.7,   0.76819
"SCN_CN15_9094_CEI109", 13.8, 1,    6120.79,   -4.3,   0.76823, 2,    6120.78, -124.3,   0.76823, 3,    6120.79,  115.7,   0.76823
"SCN_CN15_9095_CEI109", 13.8, 1,    6120.78,   -4.3,   0.76822, 2,    6120.77, -124.3,   0.76822, 3,    6120.77,  115.7,   0.76822
"SCN_CN15_9096_CEI109", 13.8, 1,    6120.76,   -4.3,   0.76822, 2,    6120.75, -124.3,   0.76822, 3,    6120.75,  115.7,   0.76822
"SCN_CN15_9098_CEI109", 13.8, 1,    6120.71,   -4.3,   0.76822, 2,     6120.7, -124.3,   0.76821, 3,     6120.7,  115.7,   0.76821
"SCN_CN15_9099_CEI109", 13.8, 1,    6120.68,   -4.3,   0.76821, 2,    6120.67, -124.3,   0.76821, 3,    6120.68,  115.7,   0.76821
"SCN_CN15_9100_CEI109", 13.8, 1,    6120.65,   -4.3,   0.76821, 2,    6120.64, -124.3,   0.76821, 3,    6120.64,  115.7,   0.76821
"SCN_CN15_9050_CEI220_ATV", 13.8, 1,    6120.55,   -4.3,    0.7682, 2,    6120.54, -124.3,   0.76819, 3,    6120.54,  115.7,   0.76819
"SCN_CN15_9042_CEI220_ATV", 13.8, 1,    6120.34,   -4.3,   0.76817, 2,    6120.33, -124.3,   0.76817, 3,    6120.33,  115.7,   0.76817
"SCN_CN15_9029_CEI109", 13.8, 1,    6138.16,   -4.2,   0.77041, 2,    6138.15, -124.2,   0.77041, 3,    6138.15,  115.8,   0.77041
"SCN_CN15_9043_CEI220_ATV", 13.8, 1,    6120.29,   -4.3,   0.76816, 2,    6120.28, -124.3,   0.76816, 3,    6120.29,  115.7,   0.76816
"SCN_CN15_9045_CEI220_ATV", 13.8, 1,    6120.25,   -4.3,   0.76816, 2,    6120.24, -124.3,   0.76816, 3,    6120.24,  115.7,   0.76816
"SCN_CN15_9047_CEI220_ATV", 13.8, 1,    6120.21,   -4.3,   0.76815, 2,     6120.2, -124.3,   0.76815, 3,     6120.2,  115.7,   0.76815
"SCN_CN15_9038_CEI220_ATV", 13.8, 1,    6120.28,   -4.3,   0.76816, 2,    6120.27, -124.3,   0.76816, 3,    6120.27,  115.7,   0.76816
"SCN_CN15_9037_CEI220_ATV", 13.8, 1,    6120.22,   -4.3,   0.76815, 2,    6120.21, -124.3,   0.76815, 3,    6120.21,  115.7,   0.76815
"SCN_CN15_9039_CEI220_ATV", 13.8, 1,    6120.18,   -4.3,   0.76815, 2,    6120.17, -124.3,   0.76815, 3,    6120.17,  115.7,   0.76815
"SCN_CN15_9040_CEI220_ATV", 13.8, 1,    6120.14,   -4.3,   0.76814, 2,    6120.13, -124.3,   0.76814, 3,    6120.13,  115.7,   0.76814
"SCN_CN15_9036_CEI220_ATV", 13.8, 1,    6120.19,   -4.3,   0.76815, 2,    6120.18, -124.3,   0.76815, 3,    6120.18,  115.7,   0.76815
"SCN_CN15_9035_CEI220_ATV", 13.8, 1,    6120.16,   -4.3,   0.76815, 2,    6120.15, -124.3,   0.76815, 3,    6120.15,  115.7,   0.76815
"SCN_CN15_9032_CEI220_ATV", 13.8, 1,    6120.13,   -4.3,   0.76814, 2,    6120.12, -124.3,   0.76814, 3,    6120.12,  115.7,   0.76814
"SCN_CN15_9030_CEI109", 13.8, 1,    6138.16,   -4.2,   0.77041, 2,    6138.15, -124.2,   0.77041, 3,    6138.15,  115.8,   0.77041
"SCN_CN15_9033_CEI220_ATV", 13.8, 1,    6120.11,   -4.3,   0.76814, 2,     6120.1, -124.3,   0.76814, 3,     6120.1,  115.7,   0.76814
"SCN_CN15_9143_CEI109", 13.8, 1,     6120.1,   -4.3,   0.76814, 2,    6120.09, -124.3,   0.76814, 3,     6120.1,  115.7,   0.76814
"SCN_CN15_9030_CEI220_ATV_S", 13.8, 1,     6120.1,   -4.3,   0.76814, 2,    6120.09, -124.3,   0.76814, 3,    6120.09,  115.7,   0.76814
"SCN_CN15_9030_CEI220_ATV", 13.8, 1,     6120.1,   -4.3,   0.76814, 2,    6120.09, -124.3,   0.76814, 3,    6120.09,  115.7,   0.76814
"SCN_CN15_9031_CEI220_ATV", 13.8, 1,    6120.07,   -4.3,   0.76814, 2,    6120.06, -124.3,   0.76813, 3,    6120.06,  115.7,   0.76813
"SCN_CN15_9029_CEI220_ATV", 13.8, 1,     6120.1,   -4.3,   0.76814, 2,    6120.09, -124.3,   0.76814, 3,    6120.09,  115.7,   0.76814
"SCN_CN15_9029_CEI220_ATV_S", 13.8, 1,    6065.49,   -4.5,   0.76129, 2,    6065.48, -124.5,   0.76128, 3,    6065.48,  115.5,   0.76128
"SCN_CN15_9202_CEI109", 13.8, 1,    6065.49,   -4.5,   0.76129, 2,    6065.48, -124.5,   0.76128, 3,    6065.48,  115.5,   0.76128
"SCN_CN15_9201_CEI109", 13.8, 1,     6065.3,   -4.5,   0.76126, 2,    6065.29, -124.5,   0.76126, 3,    6065.29,  115.5,   0.76126
"SCN_CN15_9200_CEI109", 13.8, 1,    6065.26,   -4.5,   0.76126, 2,    6065.25, -124.5,   0.76126, 3,    6065.26,  115.5,   0.76126
"SCN_CN15_9199_CEI109", 13.8, 1,    6065.07,   -4.5,   0.76123, 2,    6065.06, -124.5,   0.76123, 3,    6065.06,  115.5,   0.76123
"SCN_CN15_9198_CEI109", 13.8, 1,    6064.97,   -4.5,   0.76122, 2,    6064.96, -124.5,   0.76122, 3,    6064.96,  115.5,   0.76122
"SCN_CN15_9165_CEI109", 13.8, 1,    6064.78,   -4.5,    0.7612, 2,    6064.77, -124.5,   0.76119, 3,    6064.77,  115.5,   0.76119
"SCN_CN15_9203_CEI109", 13.8, 1,    6065.72,   -4.5,   0.76131, 2,    6065.71, -124.5,   0.76131, 3,    6065.71,  115.5,   0.76131
"SCN_CN15_9204_CEI109_S", 13.8, 1,    6065.93,   -4.5,   0.76134, 2,    6065.92, -124.5,   0.76134, 3,    6065.92,  115.5,   0.76134
"SCN_CN15_9205_CEI109", 13.8, 1,    6066.03,   -4.5,   0.76135, 2,    6066.02, -124.5,   0.76135, 3,    6066.02,  115.5,   0.76135
"SCN_CN15_9206_CEI109", 13.8, 1,    6066.29,   -4.5,   0.76139, 2,    6066.28, -124.5,   0.76138, 3,    6066.28,  115.5,   0.76138
"SCN_CN15_9208_CEI109", 13.8, 1,    6066.53,   -4.5,   0.76142, 2,    6066.52, -124.5,   0.76141, 3,    6066.52,  115.5,   0.76141
"SCN_CN15_9207_CEI109", 13.8, 1,    6066.51,   -4.5,   0.76141, 2,     6066.5, -124.5,   0.76141, 3,     6066.5,  115.5,   0.76141
"SCN_CN15_9209_CEI109", 13.8, 1,    6066.38,   -4.5,    0.7614, 2,    6066.37, -124.5,    0.7614, 3,    6066.37,  115.5,    0.7614
"SCN_CN15_9210_CEI109", 13.8, 1,    6066.26,   -4.5,   0.76138, 2,    6066.25, -124.5,   0.76138, 3,    6066.25,  115.5,   0.76138
"SCN_CN15_9211_CEI109", 13.8, 1,    6066.23,   -4.5,   0.76138, 2,    6066.22, -124.5,   0.76138, 3,    6066.22,  115.5,   0.76138
"SCN_CN15_9212_CEI109", 13.8, 1,     6066.2,   -4.5,   0.76137, 2,    6066.19, -124.5,   0.76137, 3,    6066.19,  115.5,   0.76137
"SCN_CN15_9215_CEI109", 13.8, 1,    6066.12,   -4.5,   0.76136, 2,    6066.11, -124.5,   0.76136, 3,    6066.11,  115.5,   0.76136
"SCN_CN15_9216_CEI109", 13.8, 1,     6066.1,   -4.5,   0.76136, 2,    6066.09, -124.5,   0.76136, 3,    6066.09,  115.5,   0.76136
"SCN_CN15_9213_CEI109", 13.8, 1,    6066.17,   -4.5,   0.76137, 2,    6066.16, -124.5,   0.76137, 3,    6066.16,  115.5,   0.76137
"SCN_CN15_9214_CEI109", 13.8, 1,    6066.14,   -4.5,   0.76137, 2,    6066.13, -124.5,   0.76137, 3,    6066.13,  115.5,   0.76137
"SCN_CN15_9224_CEI109", 13.8, 1,     6066.9,   -4.5,   0.76146, 2,    6066.89, -124.5,   0.76146, 3,    6066.89,  115.5,   0.76146
"SCN_CN15_9226_CEI109", 13.8, 1,     6067.1,   -4.5,   0.76149, 2,    6067.09, -124.5,   0.76149, 3,    6067.09,  115.5,   0.76149
"SCN_CN15_9229_CEI109", 13.8, 1,    6067.36,   -4.5,   0.76152, 2,    6067.35, -124.5,   0.76152, 3,    6067.35,  115.5,   0.76152
"SCN_CN15_9231_CEI109", 13.8, 1,    6067.63,   -4.5,   0.76155, 2,    6067.62, -124.5,   0.76155, 3,    6067.62,  115.5,   0.76155
"SCN_CN15_9232_CEI109", 13.8, 1,    6067.89,   -4.5,   0.76159, 2,    6067.88, -124.5,   0.76158, 3,    6067.88,  115.5,   0.76159
"SCN_CN15_9240_CEI109", 13.8, 1,    6068.12,   -4.5,   0.76161, 2,    6068.11, -124.5,   0.76161, 3,    6068.11,  115.5,   0.76161
"SCN_CN15_9239_CEI109", 13.8, 1,    6068.39,   -4.5,   0.76165, 2,    6068.38, -124.5,   0.76165, 3,    6068.38,  115.5,   0.76165
"SCN_CN15_9238_CEI109", 13.8, 1,    6068.65,   -4.5,   0.76168, 2,    6068.64, -124.5,   0.76168, 3,    6068.64,  115.5,   0.76168
"SCN_CN15_9237_CEI109", 13.8, 1,    6068.91,   -4.5,   0.76171, 2,     6068.9, -124.5,   0.76171, 3,     6068.9,  115.5,   0.76171
"SCN_CN15_9235_CEI109", 13.8, 1,    6069.25,   -4.5,   0.76176, 2,    6069.24, -124.5,   0.76176, 3,    6069.24,  115.5,   0.76176
"SCN_CN15_9306_CEI109", 13.8, 1,    6068.68,   -4.5,   0.76169, 2,    6068.67, -124.5,   0.76168, 3,    6068.67,  115.5,   0.76168
"SCN_CN15_9307_CEI109", 13.8, 1,    6068.66,   -4.5,   0.76168, 2,    6068.65, -124.5,   0.76168, 3,    6068.65,  115.5,   0.76168
"SCN_CN15_9308_CEI109", 13.8, 1,    6068.64,   -4.5,   0.76168, 2,    6068.63, -124.5,   0.76168, 3,    6068.63,  115.5,   0.76168
"SCN_CN15_9309_CEI109", 13.8, 1,    6068.61,   -4.5,   0.76168, 2,     6068.6, -124.5,   0.76168, 3,     6068.6,  115.5,   0.76168
"SCN_CN15_9312_CEI109", 13.8, 1,    6068.59,   -4.5,   0.76167, 2,    6068.58, -124.5,   0.76167, 3,    6068.58,  115.5,   0.76167
"SCN_CN15_9313_CEI109", 13.8, 1,    6068.58,   -4.5,   0.76167, 2,    6068.57, -124.5,   0.76167, 3,    6068.57,  115.5,   0.76167
"SCN_CN15_9314_CEI109", 13.8, 1,    6068.55,   -4.5,   0.76167, 2,    6068.54, -124.5,   0.76167, 3,    6068.54,  115.5,   0.76167
"SCN_CN15_9315_CEI109", 13.8, 1,    6068.54,   -4.5,   0.76167, 2,    6068.53, -124.5,   0.76167, 3,    6068.53,  115.5,   0.76167
"SCN_CN15_9316_CEI109", 13.8, 1,    6068.52,   -4.5,   0.76167, 2,    6068.51, -124.5,   0.76166, 3,    6068.51,  115.5,   0.76166
"SCN_CN15_9318_CEI109", 13.8, 1,    6068.51,   -4.5,   0.76166, 2,     6068.5, -124.5,   0.76166, 3,     6068.5,  115.5,   0.76166
"SCN_CN15_9317_CEI109", 13.8, 1,     6068.5,   -4.5,   0.76166, 2,    6068.49, -124.5,   0.76166, 3,    6068.49,  115.5,   0.76166
"SCN_CN15_9320_CEI109", 13.8, 1,    6068.48,   -4.5,   0.76166, 2,    6068.47, -124.5,   0.76166, 3,    6068.47,  115.5,   0.76166
"SCN_CN15_9310_CEI109", 13.8, 1,     6068.6,   -4.5,   0.76168, 2,    6068.59, -124.5,   0.76167, 3,     6068.6,  115.5,   0.76168
"SCN_CN15_9265_CEI109", 13.8, 1,    6065.29,   -4.5,   0.76126, 2,    6065.28, -124.5,   0.76126, 3,    6065.28,  115.5,   0.76126
"SCN_CN15_9264_CEI109", 13.8, 1,    6065.28,   -4.5,   0.76126, 2,    6065.27, -124.5,   0.76126, 3,    6065.27,  115.5,   0.76126
"SCN_CN15_9263_CEI109", 13.8, 1,    6065.27,   -4.5,   0.76126, 2,    6065.26, -124.5,   0.76126, 3,    6065.26,  115.5,   0.76126
"SCN_CN15_9164_CEI109", 13.8, 1,    6064.68,   -4.5,   0.76118, 2,    6064.67, -124.5,   0.76118, 3,    6064.67,  115.5,   0.76118
"SCN_CN15_9162_CEI109_S", 13.8, 1,    6064.58,   -4.5,   0.76117, 2,    6064.57, -124.5,   0.76117, 3,    6064.57,  115.5,   0.76117
"SCN_CN15_9162_CEI109", 13.8, 1,    6064.58,   -4.5,   0.76117, 2,    6064.57, -124.5,   0.76117, 3,    6064.57,  115.5,   0.76117
"SCN_CN15_9163_CEI109", 13.8, 1,    6064.56,   -4.5,   0.76117, 2,    6064.55, -124.5,   0.76117, 3,    6064.55,  115.5,   0.76117
"SCN_CN15_9027_CEI220_ATV", 13.8, 1,    6064.55,   -4.5,   0.76117, 2,    6064.54, -124.5,   0.76117, 3,    6064.55,  115.5,   0.76117
"SCN_CN15_9161_CEI109", 13.8, 1,    6064.52,   -4.5,   0.76116, 2,    6064.51, -124.5,   0.76116, 3,    6064.52,  115.5,   0.76116
"SCN_CN15_9159_CEI109_S", 13.8, 1,    6064.47,   -4.5,   0.76116, 2,    6064.46, -124.5,   0.76116, 3,    6064.46,  115.5,   0.76116
"SCN_CN15_9028_CEI220_ATV", 13.8, 1,    6064.45,   -4.5,   0.76115, 2,    6064.44, -124.5,   0.76115, 3,    6064.44,  115.5,   0.76115
"SCN_CN15_9159_CEI109", 13.8, 1,    6064.47,   -4.5,   0.76116, 2,    6064.46, -124.5,   0.76116, 3,    6064.46,  115.5,   0.76116
"SCN_CN15_9157_CEI109_S", 13.8, 1,    6064.43,   -4.5,   0.76115, 2,    6064.42, -124.5,   0.76115, 3,    6064.42,  115.5,   0.76115
"SCN_CN15_9158_CEI109", 13.8, 1,    6064.41,   -4.5,   0.76115, 2,     6064.4, -124.5,   0.76115, 3,     6064.4,  115.5,   0.76115
"SCN_CN15_9073_CEI131_ATV", 13.8, 1,    6122.87,   -4.2,   0.76849, 2,    6122.86, -124.2,   0.76849, 3,    6122.86,  115.8,   0.76849
"SCN_CN15_9014_CEIRJ013_ATV", 13.8, 1,     6235.8,   -3.8,   0.78266, 2,    6235.79, -123.8,   0.78266, 3,    6235.79,  116.2,   0.78266
"SCN_CN15_421164_CEI", 13.8, 1,    6064.35,   -4.5,   0.76114, 2,    6064.34, -124.5,   0.76114, 3,    6064.34,  115.5,   0.76114
"SCN_CN15_9152_CEI109", 13.8, 1,     6064.3,   -4.5,   0.76114, 2,    6064.29, -124.5,   0.76113, 3,    6064.29,  115.5,   0.76113
"SCN_CN15_9151_CEI109", 13.8, 1,    6064.28,   -4.5,   0.76113, 2,    6064.27, -124.5,   0.76113, 3,    6064.27,  115.5,   0.76113
"SCN_CN15_9150_CEI109", 13.8, 1,    6064.26,   -4.5,   0.76113, 2,    6064.25, -124.5,   0.76113, 3,    6064.25,  115.5,   0.76113
"SCN_CN15_9122_CEI109", 13.8, 1,    6064.23,   -4.5,   0.76113, 2,    6064.22, -124.5,   0.76113, 3,    6064.22,  115.5,   0.76113
"SCN_CN15_9123_CEI109", 13.8, 1,     6064.2,   -4.5,   0.76112, 2,    6064.19, -124.5,   0.76112, 3,    6064.19,  115.5,   0.76112
"SCN_CN15_9124_CEI109", 13.8, 1,    6064.16,   -4.5,   0.76112, 2,    6064.16, -124.5,   0.76112, 3,    6064.16,  115.5,   0.76112
"SCN_CN15_9065_CEI201_ATV", 13.8, 1,    6040.78,   -4.6,   0.75818, 2,    6040.77, -124.6,   0.75818, 3,    6040.77,  115.4,   0.75818
"SCN_CN15_9069_CEI201_ATV_S", 13.8, 1,    6039.68,   -4.6,   0.75805, 2,    6039.67, -124.6,   0.75804, 3,    6039.67,  115.4,   0.75804
"SCN_CN15_9069_CEI201_ATV", 13.8, 1,    6039.68,   -4.6,   0.75805, 2,    6039.67, -124.6,   0.75804, 3,    6039.67,  115.4,   0.75804
"SCN_CN15_9070_CEI201_ATV", 13.8, 1,    6039.67,   -4.6,   0.75804, 2,    6039.66, -124.6,   0.75804, 3,    6039.66,  115.4,   0.75804
"SCN_CN15_9068_CEI201_ATV", 13.8, 1,    6038.54,   -4.6,    0.7579, 2,    6038.53, -124.6,    0.7579, 3,    6038.53,  115.4,    0.7579
"SCN_CN15_9067_CEI201_ATV", 13.8, 1,    6038.51,   -4.6,    0.7579, 2,     6038.5, -124.6,    0.7579, 3,     6038.5,  115.4,    0.7579
"SCN_CN15_9072_CEI201_ATV", 13.8, 1,    6037.51,   -4.6,   0.75777, 2,     6037.5, -124.6,   0.75777, 3,     6037.5,  115.4,   0.75777
"SCN_CN15_9071_CEI201_ATV", 13.8, 1,    6037.49,   -4.6,   0.75777, 2,    6037.48, -124.6,   0.75777, 3,    6037.49,  115.4,   0.75777
"SCN_CN15_9044_CEI148A_ATV", 13.8, 1,    6036.52,   -4.6,   0.75765, 2,    6036.51, -124.6,   0.75765, 3,    6036.51,  115.4,   0.75765
"SCN_CN15_9043_CEI148A_ATV_S", 13.8, 1,    6035.49,   -4.6,   0.75752, 2,    6035.48, -124.6,   0.75752, 3,    6035.49,  115.4,   0.75752
"SCN_CN15_9093_CEI148_ATV", 13.8, 1,     6035.4,   -4.6,   0.75751, 2,    6035.39, -124.6,   0.75751, 3,    6035.39,  115.4,   0.75751
"SCN_CN15_9043_CEI148A_ATV", 13.8, 1,    6035.49,   -4.6,   0.75752, 2,    6035.48, -124.6,   0.75752, 3,    6035.49,  115.4,   0.75752
"SCN_CN15_9094_CEI148_ATV", 13.8, 1,    6035.33,   -4.6,    0.7575, 2,    6035.32, -124.6,    0.7575, 3,    6035.32,  115.4,    0.7575
"SCN_CN15_9095_CEI148_ATV", 13.8, 1,     6035.3,   -4.6,    0.7575, 2,    6035.29, -124.6,   0.75749, 3,    6035.29,  115.4,    0.7575
"SCN_CN15_9097_CEI148_ATV", 13.8, 1,    6035.29,   -4.6,   0.75749, 2,    6035.28, -124.6,   0.75749, 3,    6035.28,  115.4,   0.75749
"SCN_CN15_9096_CEI148_ATV", 13.8, 1,    6035.27,   -4.6,   0.75749, 2,    6035.26, -124.6,   0.75749, 3,    6035.27,  115.4,   0.75749
"SCN_CN15_9046_CEI148A_ATV", 13.8, 1,    6034.61,   -4.6,   0.75741, 2,     6034.6, -124.6,   0.75741, 3,     6034.6,  115.4,   0.75741
"SCN_CN15_9042_CEI148A_ATV_S", 13.8, 1,    6033.65,   -4.6,   0.75729, 2,    6033.64, -124.6,   0.75729, 3,    6033.64,  115.4,   0.75729
"SCN_CN15_9042_CEI148A_ATV", 13.8, 1,    6033.65,   -4.6,   0.75729, 2,    6033.64, -124.6,   0.75729, 3,    6033.64,  115.4,   0.75729
"SCN_CN15_9047_CEI148A_ATV", 13.8, 1,    6033.63,   -4.6,   0.75729, 2,    6033.62, -124.6,   0.75728, 3,    6033.62,  115.4,   0.75728
"SCN_CN15_9041_CEI148A_ATV", 13.8, 1,    6033.01,   -4.6,   0.75721, 2,       6033, -124.6,   0.75721, 3,    6033.01,  115.4,   0.75721
"SCN_CN15_9048_CEI148A_ATV", 13.8, 1,       6033,   -4.6,   0.75721, 2,    6032.99, -124.6,   0.75721, 3,    6032.99,  115.4,   0.75721
"SCN_CN15_9038_CEI148A_ATV", 13.8, 1,    6032.11,   -4.6,    0.7571, 2,     6032.1, -124.6,    0.7571, 3,    6032.11,  115.4,    0.7571
"SCN_CN15_9037_CEI148A_ATV", 13.8, 1,     6032.1,   -4.6,   0.75709, 2,    6032.09, -124.6,   0.75709, 3,    6032.09,  115.4,   0.75709
"SCN_CN15_9036_CEI148A_ATV", 13.8, 1,    6032.08,   -4.6,   0.75709, 2,    6032.07, -124.6,   0.75709, 3,    6032.08,  115.4,   0.75709
"SCN_CN15_9039_CEI148A_ATV", 13.8, 1,    6031.62,   -4.6,   0.75703, 2,    6031.61, -124.6,   0.75703, 3,    6031.61,  115.4,   0.75703
"SCN_CN15_9040_CEI148A_ATV", 13.8, 1,    6030.77,   -4.6,   0.75693, 2,    6030.76, -124.6,   0.75693, 3,    6030.76,  115.4,   0.75693
"SCN_CN15_9078_CEI148_ATV_S", 13.8, 1,    6030.13,   -4.6,   0.75685, 2,    6030.12, -124.6,   0.75685, 3,    6030.12,  115.4,   0.75685
"SCN_CN15_9076_CEI148_ATV", 13.8, 1,    6028.52,   -4.7,   0.75665, 2,    6028.51, -124.7,   0.75664, 3,    6028.51,  115.3,   0.75664
"SCN_CN15_9077_CEI148_ATV", 13.8, 1,    6029.13,   -4.7,   0.75672, 2,    6029.12, -124.7,   0.75672, 3,    6029.12,  115.3,   0.75672
"SCN_CN15_9078_CEI148_ATV", 13.8, 1,    6030.13,   -4.6,   0.75685, 2,    6030.12, -124.6,   0.75685, 3,    6030.12,  115.4,   0.75685
"SCN_CN15_9267_CEI109", 13.8, 1,    6106.94,   -4.4,   0.76649, 2,    6106.93, -124.4,   0.76649, 3,    6106.93,  115.6,   0.76649
"SCN_CN15_9079_CEI148_ATV", 13.8, 1,    6030.13,   -4.6,   0.75685, 2,    6030.12, -124.6,   0.75685, 3,    6030.12,  115.4,   0.75685
"SCN_CN15_9075_CEI148_ATV", 13.8, 1,    6235.18,   -3.8,   0.78258, 2,    6235.17, -123.8,   0.78258, 3,    6235.17,  116.2,   0.78258
"SCN_CN15_9076_CEI148_ATV_S", 13.8, 1,    6235.18,   -3.8,   0.78258, 2,    6235.17, -123.8,   0.78258, 3,    6235.17,  116.2,   0.78258
"SCN_CN15_9073_CEI148_ATV", 13.8, 1,    6235.18,   -3.8,   0.78258, 2,    6235.17, -123.8,   0.78258, 3,    6235.17,  116.2,   0.78258
"SCN_CN15_9074_CEI148_ATV", 13.8, 1,    6235.17,   -3.8,   0.78258, 2,    6235.16, -123.8,   0.78258, 3,    6235.16,  116.2,   0.78258
"SCN_CN15_9080_CEI148_ATV", 13.8, 1,    6027.83,   -4.7,   0.75656, 2,    6027.82, -124.7,   0.75656, 3,    6027.82,  115.3,   0.75656
"SCN_CN15_9081_CEI148_ATV", 13.8, 1,    6026.66,   -4.7,   0.75641, 2,    6026.65, -124.7,   0.75641, 3,    6026.65,  115.3,   0.75641
"SCN_CN15_9082_CEI148_ATV", 13.8, 1,    6025.92,   -4.7,   0.75632, 2,    6025.91, -124.7,   0.75632, 3,    6025.91,  115.3,   0.75632
"SCN_CN15_9171_CEI69A", 13.8, 1,    6026.62,   -4.7,   0.75641, 2,    6026.61, -124.7,   0.75641, 3,    6026.62,  115.3,   0.75641
"SCN_CN15_9070_CEI148_ATV", 13.8, 1,     6235.2,   -3.8,   0.78259, 2,    6235.19, -123.8,   0.78258, 3,    6235.19,  116.2,   0.78258
"SCN_CN15_9073_CEI148_ATV_S", 13.8, 1,    6235.18,   -3.8,   0.78258, 2,    6235.17, -123.8,   0.78258, 3,    6235.17,  116.2,   0.78258
"SCN_CN15_9268_CEI109", 13.8, 1,       6106,   -4.4,   0.76637, 2,    6105.99, -124.4,   0.76637, 3,    6105.99,  115.6,   0.76637
"SCN_CN15_9068_CEI148_ATV", 13.8, 1,    6235.28,   -3.8,    0.7826, 2,    6235.27, -123.8,   0.78259, 3,    6235.27,  116.2,   0.78259
"SCN_CN15_9070_CEI148_ATV_S", 13.8, 1,     6235.2,   -3.8,   0.78259, 2,    6235.19, -123.8,   0.78258, 3,    6235.19,  116.2,   0.78258
"SCN_CN15_9069_CEI148_ATV", 13.8, 1,    6235.26,   -3.8,   0.78259, 2,    6235.25, -123.8,   0.78259, 3,    6235.25,  116.2,   0.78259
"SCN_CN15_9071_CEI148_ATV", 13.8, 1,    6235.16,   -3.8,   0.78258, 2,    6235.15, -123.8,   0.78258, 3,    6235.15,  116.2,   0.78258
"SCN_CN15_9072_CEI148_ATV", 13.8, 1,    6235.14,   -3.8,   0.78258, 2,    6235.13, -123.8,   0.78258, 3,    6235.13,  116.2,   0.78258
"SCN_CN15_9065_CEI148_ATV", 13.8, 1,    6235.37,   -3.8,   0.78261, 2,    6235.36, -123.8,   0.78261, 3,    6235.36,  116.2,   0.78261
"SCN_CN15_9066_CEI148_ATV", 13.8, 1,    6235.34,   -3.8,    0.7826, 2,    6235.33, -123.8,    0.7826, 3,    6235.33,  116.2,    0.7826
"SCN_CN15_9033_CEI160_ATV", 13.8, 1,    6235.19,   -3.8,   0.78258, 2,    6235.18, -123.8,   0.78258, 3,    6235.18,  116.2,   0.78258
"SCN_CN15_9055_CEI201_ATV", 13.8, 1,    6235.08,   -3.8,   0.78257, 2,    6235.07, -123.8,   0.78257, 3,    6235.07,  116.2,   0.78257
"SCN_CN15_9056_CEI201_ATV", 13.8, 1,    6235.12,   -3.8,   0.78258, 2,    6235.11, -123.8,   0.78257, 3,    6235.11,  116.2,   0.78257
"SCN_CN15_9034_CEI160_ATV_S", 13.8, 1,    6235.14,   -3.8,   0.78258, 2,    6235.13, -123.8,   0.78258, 3,    6235.13,  116.2,   0.78258
"SCN_CN15_9032_CEI160_ATV", 13.8, 1,    6235.14,   -3.8,   0.78258, 2,    6235.13, -123.8,   0.78258, 3,    6235.13,  116.2,   0.78258
"SCN_CN15_9034_CEI160_ATV", 13.8, 1,    6235.14,   -3.8,   0.78258, 2,    6235.13, -123.8,   0.78258, 3,    6235.13,  116.2,   0.78258
"SCN_CN15_9169_CEI69A", 13.8, 1,     6235.7,   -3.8,   0.78265, 2,    6235.69, -123.8,   0.78265, 3,    6235.69,  116.2,   0.78265
"SCN_CN15_9065_CEI148_ATV_S", 13.8, 1,    6235.37,   -3.8,   0.78261, 2,    6235.36, -123.8,   0.78261, 3,    6235.36,  116.2,   0.78261
"SCN_CN15_9064_CEI148_ATV", 13.8, 1,    6235.75,   -3.8,   0.78265, 2,    6235.74, -123.8,   0.78265, 3,    6235.74,  116.2,   0.78265
"SCN_CN15_9168_CEI69A", 13.8, 1,    6235.81,   -3.8,   0.78266, 2,     6235.8, -123.8,   0.78266, 3,     6235.8,  116.2,   0.78266
"SCN_CN15_9167_CEI69A", 13.8, 1,    6235.94,   -3.8,   0.78268, 2,    6235.93, -123.8,   0.78268, 3,    6235.93,  116.2,   0.78268
"SCN_CN15_9063_CEI148_ATV", 13.8, 1,    6236.19,   -3.8,   0.78271, 2,    6236.18, -123.8,   0.78271, 3,    6236.18,  116.2,   0.78271
"SCN_CN15_9062_CEI148_ATV", 13.8, 1,    6236.61,   -3.8,   0.78276, 2,     6236.6, -123.8,   0.78276, 3,     6236.6,  116.2,   0.78276
"SCN_CN15_9063_CEI148_ATV_S", 13.8, 1,    6236.19,   -3.8,   0.78271, 2,    6236.18, -123.8,   0.78271, 3,    6236.18,  116.2,   0.78271
"SCN_CN15_9061_CEI148_ATV", 13.8, 1,    6237.13,   -3.8,   0.78283, 2,    6237.12, -123.8,   0.78283, 3,    6237.12,  116.2,   0.78283
"SCN_CN15_9055_CEI148_ATV", 13.8, 1,    6237.43,   -3.8,   0.78287, 2,    6237.42, -123.8,   0.78286, 3,    6237.42,  116.2,   0.78286
"SCN_CN15_9056_CEI148_ATV", 13.8, 1,    6237.38,   -3.8,   0.78286, 2,    6237.37, -123.8,   0.78286, 3,    6237.37,  116.2,   0.78286
"SCN_CN15_9057_CEI148_ATV", 13.8, 1,    6237.33,   -3.8,   0.78285, 2,    6237.32, -123.8,   0.78285, 3,    6237.32,  116.2,   0.78285
"SCN_CN15_9058_CEI148_ATV", 13.8, 1,    6237.24,   -3.8,   0.78284, 2,    6237.23, -123.8,   0.78284, 3,    6237.23,  116.2,   0.78284
"SCN_CN15_9059_CEI148_ATV", 13.8, 1,     6237.2,   -3.8,   0.78284, 2,    6237.19, -123.8,   0.78284, 3,    6237.19,  116.2,   0.78284
"SCN_CN15_9060_CEI148_ATV", 13.8, 1,    6237.16,   -3.8,   0.78283, 2,    6237.15, -123.8,   0.78283, 3,    6237.15,  116.2,   0.78283
"SCN_CN15_9054_CEI148_ATV", 13.8, 1,    6237.94,   -3.8,   0.78293, 2,    6237.93, -123.8,   0.78293, 3,    6237.93,  116.2,   0.78293
"SCN_CN15_9055_CEI148_ATV_S", 13.8, 1,    6237.43,   -3.8,   0.78287, 2,    6237.42, -123.8,   0.78286, 3,    6237.42,  116.2,   0.78286
"SCN_CN15_9052_CEI148_ATV", 13.8, 1,    6238.24,   -3.8,   0.78297, 2,    6238.23, -123.8,   0.78297, 3,    6238.23,  116.2,   0.78297
"SCN_CN15_9053_CEI148_ATV", 13.8, 1,    6238.22,   -3.8,   0.78296, 2,    6238.21, -123.8,   0.78296, 3,    6238.21,  116.2,   0.78296
"SCN_CN15_9027_CEI148_ATV", 13.8, 1,    6238.47,   -3.8,     0.783, 2,    6238.46, -123.8,   0.78299, 3,    6238.46,  116.2,   0.78299
"SCN_CN15_9028_CEI148_ATV", 13.8, 1,    6238.06,   -3.8,   0.78294, 2,    6238.05, -123.8,   0.78294, 3,    6238.05,  116.2,   0.78294
"SCN_CN15_9029_CEI148_ATV", 13.8, 1,    6237.86,   -3.8,   0.78292, 2,    6237.85, -123.8,   0.78292, 3,    6237.85,  116.2,   0.78292
"SCN_CN15_9030_CEI148_ATV_S", 13.8, 1,    6237.64,   -3.8,   0.78289, 2,    6237.63, -123.8,   0.78289, 3,    6237.63,  116.2,   0.78289
"SCN_CN15_9036_CEI148_ATV", 13.8, 1,    6237.46,   -3.8,   0.78287, 2,    6237.45, -123.8,   0.78287, 3,    6237.45,  116.2,   0.78287
"SCN_CN15_9030_CEI148_ATV", 13.8, 1,    6237.64,   -3.8,   0.78289, 2,    6237.63, -123.8,   0.78289, 3,    6237.63,  116.2,   0.78289
"SCN_CN15_9040_CEI148_ATV", 13.8, 1,    6236.83,   -3.8,   0.78279, 2,    6236.82, -123.8,   0.78279, 3,    6236.82,  116.2,   0.78279
"SCN_CN15_9132_CEI201_ATV", 13.8, 1,    6236.82,   -3.8,   0.78279, 2,    6236.81, -123.8,   0.78279, 3,    6236.81,  116.2,   0.78279
"SCN_CN15_9043_CEI148_ATV", 13.8, 1,    6236.42,   -3.8,   0.78274, 2,    6236.41, -123.8,   0.78274, 3,    6236.41,  116.2,   0.78274
"SCN_CN15_9044_CEI148_ATV", 13.8, 1,    6236.41,   -3.8,   0.78274, 2,     6236.4, -123.8,   0.78274, 3,     6236.4,  116.2,   0.78274
"SCN_CN15_9031_CEI148_ATV", 13.8, 1,     6237.6,   -3.8,   0.78289, 2,    6237.59, -123.8,   0.78289, 3,    6237.59,  116.2,   0.78289
"SCN_CN15_9033_CEI148_ATV", 13.8, 1,    6237.58,   -3.8,   0.78288, 2,    6237.57, -123.8,   0.78288, 3,    6237.57,  116.2,   0.78288
"SCN_CN15_9034_CEI148_ATV", 13.8, 1,    6237.57,   -3.8,   0.78288, 2,    6237.56, -123.8,   0.78288, 3,    6237.56,  116.2,   0.78288
"SCN_CN15_9035_CEI148_ATV", 13.8, 1,    6237.56,   -3.8,   0.78288, 2,    6237.55, -123.8,   0.78288, 3,    6237.55,  116.2,   0.78288
"SCN_CN15_9032_CEI148_ATV", 13.8, 1,    6237.59,   -3.8,   0.78289, 2,    6237.59, -123.8,   0.78289, 3,    6237.59,  116.2,   0.78289
"SCN_CN15_9026_CEI148_ATV", 13.8, 1,    6238.93,   -3.8,   0.78305, 2,    6238.92, -123.8,   0.78305, 3,    6238.92,  116.2,   0.78305
"SCN_CN15_9027_CEI148_ATV_S", 13.8, 1,    6238.47,   -3.8,     0.783, 2,    6238.46, -123.8,   0.78299, 3,    6238.46,  116.2,   0.78299
"SCN_CN15_9025_CEI148_ATV", 13.8, 1,    6239.36,   -3.8,   0.78311, 2,    6239.35, -123.8,   0.78311, 3,    6239.35,  116.2,   0.78311
"SCN_CN15_9024_CEI148_ATV", 13.8, 1,     6239.8,   -3.8,   0.78316, 2,    6239.79, -123.8,   0.78316, 3,    6239.79,  116.2,   0.78316
"SCN_CN15_9023_CEI148_ATV", 13.8, 1,    6240.25,   -3.8,   0.78322, 2,    6240.24, -123.8,   0.78322, 3,    6240.24,  116.2,   0.78322
"SCN_CN15_9022_CEI148_ATV", 13.8, 1,    6240.77,   -3.8,   0.78328, 2,    6240.76, -123.8,   0.78328, 3,    6240.76,  116.2,   0.78328
"SCN_CN15_9020_CEI148_ATV", 13.8, 1,    6241.26,   -3.8,   0.78335, 2,    6241.25, -123.8,   0.78334, 3,    6241.25,  116.2,   0.78334
"SCN_CN15_9021_CEI148_ATV", 13.8, 1,    6241.23,   -3.8,   0.78334, 2,    6241.22, -123.8,   0.78334, 3,    6241.22,  116.2,   0.78334
"SCN_CN15_9019_CEI148_ATV", 13.8, 1,    6241.88,   -3.8,   0.78342, 2,    6241.87, -123.8,   0.78342, 3,    6241.87,  116.2,   0.78342
"SCN_CN15_9020_CEI148_ATV_S", 13.8, 1,    6241.26,   -3.8,   0.78335, 2,    6241.25, -123.8,   0.78334, 3,    6241.25,  116.2,   0.78334
"SCN_CN15_9013_CEI148_ATV", 13.8, 1,    6242.36,   -3.7,   0.78348, 2,    6242.35, -123.7,   0.78348, 3,    6242.35,  116.3,   0.78348
"SCN_CN15_9012_CEI148_ATV", 13.8, 1,    6242.93,   -3.7,   0.78356, 2,    6242.92, -123.7,   0.78355, 3,    6242.92,  116.3,   0.78355
"SCN_CN15_9014_CEI148_ATV", 13.8, 1,    6242.35,   -3.7,   0.78348, 2,    6242.34, -123.7,   0.78348, 3,    6242.34,  116.3,   0.78348
"SCN_CN15_9011_CEI148_ATV", 13.8, 1,    6243.49,   -3.7,   0.78363, 2,    6243.48, -123.7,   0.78362, 3,    6243.48,  116.3,   0.78362
"SCN_CN15_9010_CEI148_ATV", 13.8, 1,    6244.03,   -3.7,   0.78369, 2,    6244.02, -123.7,   0.78369, 3,    6244.03,  116.3,   0.78369
"SCN_CN15_9006_CEI148_ATV", 13.8, 1,    6244.59,   -3.7,   0.78376, 2,    6244.58, -123.7,   0.78376, 3,    6244.58,  116.3,   0.78376
"SCN_CN15_9007_CEI148_ATV", 13.8, 1,    6244.57,   -3.7,   0.78376, 2,    6244.56, -123.7,   0.78376, 3,    6244.56,  116.3,   0.78376
"SCN_CN15_9008_CEI148_ATV", 13.8, 1,    6244.55,   -3.7,   0.78376, 2,    6244.54, -123.7,   0.78376, 3,    6244.54,  116.3,   0.78376
"SCN_CN15_9009_CEI148_ATV", 13.8, 1,    6244.53,   -3.7,   0.78376, 2,    6244.52, -123.7,   0.78376, 3,    6244.52,  116.3,   0.78376
"SCN_CN15_9005_CEI148_ATV", 13.8, 1,    6245.18,   -3.7,   0.78384, 2,    6245.17, -123.7,   0.78384, 3,    6245.17,  116.3,   0.78384
"SCN_CN15_9001_CEI148_ATV", 13.8, 1,    6245.76,   -3.7,   0.78391, 2,    6245.75, -123.7,   0.78391, 3,    6245.75,  116.3,   0.78391
"SCN_CN15_9002_CEI148_ATV", 13.8, 1,    6245.72,   -3.7,   0.78391, 2,    6245.71, -123.7,   0.78391, 3,    6245.71,  116.3,   0.78391
"SCN_CN15_9001_CEI148_ATV_S", 13.8, 1,    6245.76,   -3.7,   0.78391, 2,    6245.75, -123.7,   0.78391, 3,    6245.75,  116.3,   0.78391
"SCN_CN15_9037_CEI220_ATV_S", 13.8, 1,    6120.22,   -4.3,   0.76815, 2,    6120.21, -124.3,   0.76815, 3,    6120.21,  115.7,   0.76815
"SCN_CN15_9001_CEI109_S", 13.8, 1,    6254.14,   -3.7,   0.78496, 2,    6254.13, -123.7,   0.78496, 3,    6254.13,  116.3,   0.78496
"SCN_CN15_9149_CEI230_ATV_S", 13.8, 1,    6147.86,   -3.9,   0.77162, 2,    6147.85, -123.9,   0.77162, 3,    6147.85,  116.1,   0.77162
"SCN_CN15_9201_CEI109_S", 13.8, 1,     6065.3,   -4.5,   0.76126, 2,    6065.29, -124.5,   0.76126, 3,    6065.29,  115.5,   0.76126
"CN_BPS1-13", 13.8, 2,     6523.2, -123.1,   0.81873, 3,     6523.2,  116.9,   0.81873, 8,    6523.21,   -3.1,   0.81873
"CN_CH2175_DJCN-15", 13.8, 1,    6523.21,   -3.1,   0.81873, 2,     6523.2, -123.1,   0.81873, 3,     6523.2,  116.9,   0.81873
"SCN_CN15_9003_CEI075_S", 13.8, 1,    6174.77,   -3.8,     0.775, 2,    6174.76, -123.8,     0.775, 3,    6174.76,  116.2,     0.775
"SCN_CN15_9025_CEI074_S", 13.8, 1,    6134.02,   -3.9,   0.76989, 2,    6134.01, -123.9,   0.76988, 3,    6134.01,  116.1,   0.76988
"SCN_CN15_9029_CEI109_S", 13.8, 1,    6138.16,   -4.2,   0.77041, 2,    6138.15, -124.2,   0.77041, 3,    6138.15,  115.8,   0.77041
"SCN_CN15_9039_CEI130A_ATV_S", 13.8, 1,    6517.07,   -3.1,   0.81796, 2,    6517.06, -123.1,   0.81796, 3,    6517.06,  116.9,   0.81796
"SCN_CN15_9088_CEI075_S", 13.8, 1,    6152.44,   -3.9,    0.7722, 2,    6152.43, -123.9,    0.7722, 3,    6152.43,  116.1,    0.7722
"SCN_CN15_9038_CEI130A_ATV_S", 13.8, 1,    6517.07,   -3.1,   0.81796, 2,    6517.06, -123.1,   0.81796, 3,    6517.06,  116.9,   0.81796
"SCN_CN15_9185_CEI69A_S", 13.8, 1,    6253.59,   -3.7,   0.78489, 2,    6253.58, -123.7,   0.78489, 3,    6253.58,  116.3,   0.78489
"SCN_CN15_9020_CEI075_S", 13.8, 1,     6165.5,   -3.8,   0.77384, 2,    6165.49, -123.8,   0.77384, 3,    6165.49,  116.2,   0.77384
"SCN_CN15_9170_CEI77A_ATV_S", 13.8, 1,     7637.9,   -1.0,   0.95864, 2,     7637.9, -121.0,   0.95864, 3,     7637.9,  119.0,   0.95864
"SCN_CN15_9101_CEI109_S", 13.8, 1,    6120.61,   -4.3,    0.7682, 2,     6120.6, -124.3,    0.7682, 3,     6120.6,  115.7,    0.7682
"SCN_CN15_9068_CEI201_ATV_S", 13.8, 1,    6038.54,   -4.6,    0.7579, 2,    6038.53, -124.6,    0.7579, 3,    6038.53,  115.4,    0.7579
"SCN_CN15_9008_CEI121_S", 13.8, 1,    6116.81,   -4.3,   0.76773, 2,     6116.8, -124.3,   0.76773, 3,     6116.8,  115.7,   0.76773
"SCN_CN15_9081_CEI148_ATV_S", 13.8, 1,    6026.66,   -4.7,   0.75641, 2,    6026.65, -124.7,   0.75641, 3,    6026.65,  115.3,   0.75641
"SCN_CN15_9001_CEI134A_ATV_S", 13.8, 1,    6117.29,   -4.3,   0.76779, 2,    6117.28, -124.3,   0.76779, 3,    6117.28,  115.7,   0.76779
"SCN_CN15_9208_CEI77A_ATV_S", 13.8, 1,    7637.82,   -1.0,   0.95863, 2,    7637.81, -121.0,   0.95863, 3,    7637.81,  119.0,   0.95863
"SCN_CN15_9031_CEI074_S", 13.8, 1,    6134.85,   -3.9,   0.76999, 2,    6134.84, -123.9,   0.76999, 3,    6134.84,  116.1,   0.76999
"SCN_CN15_9027_CEI074_S", 13.8, 1,    6134.18,   -3.9,   0.76991, 2,    6134.17, -123.9,   0.76991, 3,    6134.17,  116.1,   0.76991
"SCN_CN15_9080_CEI075_S", 13.8, 1,    6147.31,   -3.9,   0.77155, 2,     6147.3, -123.9,   0.77155, 3,     6147.3,  116.1,   0.77155
"SCN_CN15_9062_CEI77A_ATV_S", 13.8, 1,    7207.45,   -1.8,   0.90461, 2,    7207.45, -121.8,   0.90461, 3,    7207.45,  118.2,   0.90461
"SCN_CN15_9057_CEI075_S", 13.8, 1,    6162.96,   -3.8,   0.77352, 2,    6162.95, -123.8,   0.77352, 3,    6162.95,  116.2,   0.77352
"SCN_CN15_9082_CEI075_S", 13.8, 1,    6147.99,   -3.9,   0.77164, 2,    6147.98, -123.9,   0.77164, 3,    6147.98,  116.1,   0.77164
"SCN_CN15_9175_CEI230_ATV_S", 13.8, 1,    6163.46,   -3.8,   0.77358, 2,    6163.45, -123.8,   0.77358, 3,    6163.45,  116.2,   0.77358
"SCN_CN15_9072_CEI201_ATV_S", 13.8, 1,    6037.51,   -4.6,   0.75777, 2,     6037.5, -124.6,   0.75777, 3,     6037.5,  115.4,   0.75777
"SCN_CN15_9042_CEI074_S", 13.8, 1,     6137.5,   -3.9,   0.77032, 2,    6137.49, -123.9,   0.77032, 3,    6137.49,  116.1,   0.77032
"SCN_CN15_9282_CEI250_ATV_S", 13.8, 1,    6805.23,   -2.6,   0.85413, 2,    6805.23, -122.6,   0.85413, 3,    6805.23,  117.4,   0.85413
"SCN_CN15_9095_CEI148_ATV_S", 13.8, 1,     6035.3,   -4.6,    0.7575, 2,    6035.29, -124.6,   0.75749, 3,    6035.29,  115.4,    0.7575
"SCN_CN15_9211_CEI77A_ATV_S", 13.8, 1,    7637.73,   -1.1,   0.95862, 2,    7637.73, -121.1,   0.95862, 3,    7637.73,  118.9,   0.95862
"SCN_CN15_9087_CEI148_ATV_S", 13.8, 1,    6023.84,   -4.7,   0.75606, 2,    6023.83, -124.7,   0.75606, 3,    6023.83,  115.3,   0.75606
"SCN_CN15_9207_CEI109_S", 13.8, 1,    6066.51,   -4.5,   0.76141, 2,     6066.5, -124.5,   0.76141, 3,     6066.5,  115.5,   0.76141
"SCN_CN15_9058_CEI160_ATV_S", 13.8, 1,     6833.4,   -2.6,   0.85767, 2,    6833.39, -122.6,   0.85767, 3,    6833.39,  117.4,   0.85767
"SCN_CN15_9081_CEI77A_ATV_S", 13.8, 1,    7202.96,   -1.8,   0.90405, 2,    7202.96, -121.8,   0.90405, 3,    7202.96,  118.2,   0.90405
"SCN_CN15_9492_CEI109_S", 13.8, 1,    6040.13,   -4.6,    0.7581, 2,    6040.12, -124.6,    0.7581, 3,    6040.12,  115.4,    0.7581
"SCN_CN15_9042_CEI220_ATV_S", 13.8, 1,    6120.34,   -4.3,   0.76817, 2,    6120.33, -124.3,   0.76817, 3,    6120.33,  115.7,   0.76817
"SCN_CN15_9166_CEI109_S", 13.8, 1,    6064.84,   -4.5,    0.7612, 2,    6064.83, -124.5,    0.7612, 3,    6064.83,  115.5,    0.7612
"SCN_CN15_9091_CEI075_S", 13.8, 1,    6153.98,   -3.9,   0.77239, 2,    6153.97, -123.9,   0.77239, 3,    6153.97,  116.1,   0.77239
"SCN_CN15_9038_CEI148A_ATV_S", 13.8, 1,    6032.11,   -4.6,    0.7571, 2,     6032.1, -124.6,    0.7571, 3,    6032.11,  115.4,    0.7571
"SCN_CN15_9102_CEI77A_ATV_S", 13.8, 1,    7235.77,   -1.7,   0.90817, 2,    7235.77, -121.7,   0.90817, 3,    7235.77,  118.3,   0.90817
"SCN_CN15_9007_CEI075_S", 13.8, 1,    6170.34,   -3.8,   0.77445, 2,    6170.33, -123.8,   0.77444, 3,    6170.33,  116.2,   0.77444
"SCN_CN15_9150_CEI230_ATV_S", 13.8, 1,    6147.86,   -3.9,   0.77162, 2,    6147.85, -123.9,   0.77162, 3,    6147.85,  116.1,   0.77162
"SCN_CN15_9203_CEI230_ATV_S", 13.8, 1,    6023.65,   -4.7,   0.75603, 2,    6023.64, -124.7,   0.75603, 3,    6023.64,  115.3,   0.75603
"SCN_CN15_9313_CEI250_ATV_S", 13.8, 1,     6830.3,   -2.6,   0.85728, 2,     6830.3, -122.6,   0.85728, 3,     6830.3,  117.4,   0.85728
"SCN_CN15_9122_CEI201_ATV_S", 13.8, 1,    6254.14,   -3.7,   0.78496, 2,    6254.13, -123.7,   0.78496, 3,    6254.13,  116.3,   0.78496
"SCN_CN15_9144_CEI230_ATV_S", 13.8, 1,    6152.02,   -3.9,   0.77215, 2,    6152.01, -123.9,   0.77214, 3,    6152.01,  116.1,   0.77214
"SCN_CN15_9141_CEI230_ATV_S", 13.8, 1,    6152.03,   -3.9,   0.77215, 2,    6152.02, -123.9,   0.77215, 3,    6152.02,  116.1,   0.77215
"SCN_CN15_9428_CEI109_S", 13.8, 1,    6088.88,   -4.4,   0.76422, 2,    6088.87, -124.4,   0.76422, 3,    6088.88,  115.6,   0.76422
"SCN_CN15_9007_CEI134B_ATV_S", 13.8, 1,    6097.85,   -4.3,   0.76535, 2,    6097.84, -124.3,   0.76535, 3,    6097.84,  115.7,   0.76535
"SCN_CN15_9038_CEI148_ATV_S", 13.8, 1,    6237.23,   -3.8,   0.78284, 2,    6237.22, -123.8,   0.78284, 3,    6237.22,  116.2,   0.78284
"SCN_CN15_9323_CEI250_ATV_S", 13.8, 1,    6828.18,   -2.6,   0.85701, 2,    6828.17, -122.6,   0.85701, 3,    6828.18,  117.4,   0.85701
"SCN_CN15_9485_CEI109_S", 13.8, 1,    6040.44,   -4.6,   0.75814, 2,    6040.43, -124.6,   0.75814, 3,    6040.44,  115.4,   0.75814
"SCN_CN15_9017_CEI130A_ATV_S", 13.8, 1,    6518.35,   -3.1,   0.81812, 2,    6518.34, -123.1,   0.81812, 3,    6518.34,  116.9,   0.81812
"SCN_CN15_9081_CEI230_ATV_S", 13.8, 1,    6163.31,   -3.8,   0.77356, 2,     6163.3, -123.8,   0.77356, 3,     6163.3,  116.2,   0.77356
"SCN_CN15_9018_CEI220_ATV_S", 13.8, 1,    6088.58,   -4.4,   0.76418, 2,    6088.57, -124.4,   0.76418, 3,    6088.57,  115.6,   0.76418
"SCN_CN15_9007_CEI230_ATV_S", 13.8, 1,    7217.98,   -1.8,   0.90594, 2,    7217.98, -121.8,   0.90593, 3,    7217.98,  118.2,   0.90593
"SCN_CN15_9063_CEI77A_ATV_S", 13.8, 1,    7204.66,   -1.8,   0.90426, 2,    7204.66, -121.8,   0.90426, 3,    7204.66,  118.2,   0.90426
"SCN_CN15_9487_CEI109_S", 13.8, 1,    6040.34,   -4.6,   0.75813, 2,    6040.33, -124.6,   0.75813, 3,    6040.33,  115.4,   0.75813
"SCN_CN15_9016_CEI69A_S", 13.8, 1,    6019.53,   -4.7,   0.75552, 2,    6019.52, -124.7,   0.75552, 3,    6019.52,  115.3,   0.75552
"SCN_CN15_9017_CEI074_S", 13.8, 1,     6133.4,   -3.9,   0.76981, 2,    6133.39, -123.9,   0.76981, 3,    6133.39,  116.1,   0.76981
"SCN_CN15_9307_CEI250_ATV_S", 13.8, 1,    6831.41,   -2.6,   0.85742, 2,     6831.4, -122.6,   0.85742, 3,     6831.4,  117.4,   0.85742
"SCN_CN15_9089_CEI77A_ATV_S", 13.8, 1,    7219.27,   -1.8,    0.9061, 2,    7219.27, -121.8,    0.9061, 3,    7219.27,  118.2,    0.9061
"SCN_CN15_9150_CEI109_S", 13.8, 1,    6064.26,   -4.5,   0.76113, 2,    6064.25, -124.5,   0.76113, 3,    6064.25,  115.5,   0.76113
"SCN_CN15_9036_CEI130_ATV_S", 13.8, 1,    6291.76,   -3.7,   0.78968, 2,    6291.75, -123.7,   0.78968, 3,    6291.75,  116.3,   0.78968
"SCN_CN15_9214_CEI77A_ATV_S", 13.8, 1,    7638.06,   -1.0,   0.95866, 2,    7638.06, -121.0,   0.95866, 3,    7638.06,  119.0,   0.95866
"SCN_CN15_9033_CEI148A_ATV_S", 13.8, 1,    6022.84,   -4.7,   0.75593, 2,    6022.83, -124.7,   0.75593, 3,    6022.83,  115.3,   0.75593
"SCN_CN15_9075_CEI230_ATV_S", 13.8, 1,    6163.65,   -3.8,    0.7736, 2,    6163.64, -123.8,    0.7736, 3,    6163.64,  116.2,    0.7736
"SCN_CN15_9498_CEI109_S", 13.8, 1,    6039.88,   -4.6,   0.75807, 2,    6039.87, -124.6,   0.75807, 3,    6039.87,  115.4,   0.75807
"SCN_CN15_9064_CEI075_S", 13.8, 1,    6163.52,   -3.8,   0.77359, 2,    6163.51, -123.8,   0.77359, 3,    6163.51,  116.2,   0.77359
"SCN_CN15_9171_CEI77A_ATV_S", 13.8, 1,    7637.56,   -1.1,    0.9586, 2,    7637.56, -121.1,    0.9586, 3,    7637.56,  118.9,    0.9586
"SCN_CN15_9032_CEI220_ATV_S", 13.8, 1,    6120.13,   -4.3,   0.76814, 2,    6120.12, -124.3,   0.76814, 3,    6120.12,  115.7,   0.76814
"SCN_CN15_9194_CEI230_ATV_S", 13.8, 1,    6023.01,   -4.7,   0.75595, 2,       6023, -124.7,   0.75595, 3,       6023,  115.3,   0.75595
"SCN_CN15_9030_CEI148A_ATV_S", 13.8, 1,     6021.9,   -4.7,   0.75581, 2,    6021.89, -124.7,   0.75581, 3,    6021.89,  115.3,   0.75581
"SCN_CN15_9494_CEI109_S", 13.8, 1,    6039.99,   -4.6,   0.75808, 2,    6039.98, -124.6,   0.75808, 3,    6039.98,  115.4,   0.75808
"SCN_CN15_9187_CEI068_S", 13.8, 1,    6518.74,   -3.1,   0.81817, 2,    6518.74, -123.1,   0.81817, 3,    6518.74,  116.9,   0.81817
"SCN_CN15_9306_CEI109_S", 13.8, 1,    6068.68,   -4.5,   0.76169, 2,    6068.67, -124.5,   0.76168, 3,    6068.67,  115.5,   0.76168
"CN_BTS1-13", 13.8, 2,     6523.2, -123.1,   0.81873, 3,     6523.2,  116.9,   0.81873, 8,    6523.21,   -3.1,   0.81873
"CN_DJCN15_CH2353", 13.8, 1,    6523.21,   -3.1,   0.81873, 2,     6523.2, -123.1,   0.81873, 3,     6523.2,  116.9,   0.81873
"SCN_CN15_9033_CEI77A_ATV_S", 13.8, 1,    7212.44,   -1.8,   0.90524, 2,    7212.44, -121.8,   0.90524, 3,    7212.44,  118.2,   0.90524
"SCN_CN15_9013_CEI69B_S", 13.8, 1,    6359.28,   -3.5,   0.79816, 2,    6359.27, -123.5,   0.79816, 3,    6359.27,  116.5,   0.79816
"SCN_CN15_9191_CEI230_ATV_S", 13.8, 1,    6023.12,   -4.7,   0.75597, 2,    6023.11, -124.7,   0.75597, 3,    6023.12,  115.3,   0.75597
"SCN_CN15_9040_CEI070_S", 13.8, 1,    6665.35,   -2.8,   0.83657, 2,    6665.34, -122.8,   0.83657, 3,    6665.35,  117.2,   0.83657
"SCN_CN15_9018_CEI077_ATV_S", 13.8, 1,    7217.24,   -1.8,   0.90584, 2,    7217.23, -121.8,   0.90584, 3,    7217.24,  118.2,   0.90584
"SCN_CN15_9477_CEI109_S", 13.8, 1,    6041.37,   -4.6,   0.75826, 2,    6041.36, -124.6,   0.75826, 3,    6041.36,  115.4,   0.75826
"SCN_CN15_9087_CEI075_S", 13.8, 1,    6151.66,   -3.9,    0.7721, 2,    6151.65, -123.9,    0.7721, 3,    6151.65,  116.1,    0.7721
"SCN_CN15_9156_CEI220_ATV_S", 13.8, 1,    6168.11,   -4.1,   0.77416, 2,     6168.1, -124.1,   0.77416, 3,     6168.1,  115.9,   0.77416
"SCN_CN15_9083_CEI131_ATV_S", 13.8, 1,    6125.36,   -4.2,    0.7688, 2,    6125.35, -124.2,    0.7688, 3,    6125.35,  115.8,    0.7688
"SCN_CN15_9197_CEI77A_ATV_S", 13.8, 1,    7917.89,   -0.3,   0.99378, 2,    7917.89, -120.3,   0.99378, 3,    7917.89,  119.7,   0.99378
"SCN_CN15_9154_CEI109_S", 13.8, 1,    6064.35,   -4.5,   0.76114, 2,    6064.34, -124.5,   0.76114, 3,    6064.34,  115.5,   0.76114
"SCN_CN15_9037_CEI109_S", 13.8, 1,    6120.84,   -4.3,   0.76823, 2,    6120.83, -124.3,   0.76823, 3,    6120.83,  115.7,   0.76823
"SCN_CN15_9003_CEI230_ATV_S", 13.8, 1,    7218.31,   -1.8,   0.90598, 2,     7218.3, -121.8,   0.90598, 3,     7218.3,  118.2,   0.90598
"SCN_CN15_9204_CEI77A_ATV_S", 13.8, 1,    7638.17,   -1.0,   0.95867, 2,    7638.16, -121.0,   0.95867, 3,    7638.16,  119.0,   0.95867
"SCN_CN15_9027_CEI77A_ATV_S", 13.8, 1,    7212.97,   -1.8,   0.90531, 2,    7212.97, -121.8,   0.90531, 3,    7212.97,  118.2,   0.90531
"SCN_CN15_9071_CEI075_S", 13.8, 1,    6143.03,   -3.9,   0.77102, 2,    6143.02, -123.9,   0.77102, 3,    6143.02,  116.1,   0.77102
"SCN_CN15_9068_CEI068_S", 13.8, 1,    6532.42,   -3.1,   0.81989, 2,    6532.41, -123.1,   0.81989, 3,    6532.41,  116.9,   0.81989
"SCN_CN15_9299_CEI109_S", 13.8, 1,    6076.92,   -4.5,   0.76272, 2,    6076.91, -124.5,   0.76272, 3,    6076.91,  115.5,   0.76272
"SCN_CN15_9206_CEI77A_ATV_S", 13.8, 1,    7637.89,   -1.0,   0.95864, 2,    7637.89, -121.0,   0.95864, 3,    7637.89,  119.0,   0.95864
"SCN_CN15_9066_CEI075_S", 13.8, 1,    6143.17,   -3.9,   0.77103, 2,    6143.16, -123.9,   0.77103, 3,    6143.16,  116.1,   0.77103
"SCN_CN15_9090_CEI075_S", 13.8, 1,    6153.45,   -3.9,   0.77233, 2,    6153.44, -123.9,   0.77232, 3,    6153.44,  116.1,   0.77232
"SCN_CN15_9037_CEI130A_ATV_S", 13.8, 1,    6517.07,   -3.1,   0.81796, 2,    6517.06, -123.1,   0.81796, 3,    6517.06,  116.9,   0.81796
"SCN_CN15_9027_CEI077_ATV_S", 13.8, 1,    7212.22,   -1.8,   0.90521, 2,    7212.22, -121.8,   0.90521, 3,    7212.22,  118.2,   0.90521
"SCN_CN15_9003_CEI109_S", 13.8, 1,    6254.14,   -3.7,   0.78496, 2,    6254.13, -123.7,   0.78496, 3,    6254.13,  116.3,   0.78496
"SCN_CN15_9027_CEI130A_ATV_S", 13.8, 1,    6517.16,   -3.1,   0.81797, 2,    6517.15, -123.1,   0.81797, 3,    6517.15,  116.9,   0.81797
"SCN_CN15_9034_CEIRJ006_ATV_S", 13.8, 1,    7212.09,   -1.8,    0.9052, 2,    7212.08, -121.8,    0.9052, 3,    7212.08,  118.2,    0.9052
"SCN_CN15_9044_CEI148A_ATV_S", 13.8, 1,    6036.52,   -4.6,   0.75765, 2,    6036.51, -124.6,   0.75765, 3,    6036.51,  115.4,   0.75765
"SCN_CN15_9082_CEI230_ATV_S", 13.8, 1,    6163.31,   -3.8,   0.77356, 2,     6163.3, -123.8,   0.77356, 3,     6163.3,  116.2,   0.77356
"SCN_CN15_9012_CEI072_S", 13.8, 1,    6920.53,   -2.4,    0.8686, 2,    6920.53, -122.4,    0.8686, 3,    6920.53,  117.6,    0.8686
"SCN_CN15_9035_CEI250_ATV_S", 13.8, 1,    6551.59,   -3.0,    0.8223, 2,    6551.58, -123.0,    0.8223, 3,    6551.58,  117.0,    0.8223
"SCN_CN15_9002_CEI230_ATV_S", 13.8, 1,    7218.32,   -1.8,   0.90598, 2,    7218.31, -121.8,   0.90598, 3,    7218.31,  118.2,   0.90598
"SCN_CN15_9010_CEI109_S", 13.8, 1,    6137.92,   -4.2,   0.77038, 2,    6137.91, -124.2,   0.77037, 3,    6137.91,  115.8,   0.77037
"SCN_CN15_9126_CEI201_ATV_S", 13.8, 1,    6253.77,   -3.7,   0.78492, 2,    6253.76, -123.7,   0.78492, 3,    6253.76,  116.3,   0.78492
"SCN_CN15_9174_CEI230_ATV_S", 13.8, 1,    6163.46,   -3.8,   0.77358, 2,    6163.45, -123.8,   0.77358, 3,    6163.45,  116.2,   0.77358
"SCN_CN15_9006_CEI148_ATV_S", 13.8, 1,    6244.59,   -3.7,   0.78376, 2,    6244.58, -123.7,   0.78376, 3,    6244.58,  116.3,   0.78376
"SCN_CN15_9283_CEI109_S", 13.8, 1,    6092.87,   -4.4,   0.76472, 2,    6092.86, -124.4,   0.76472, 3,    6092.87,  115.6,   0.76472
"SCN_CN15_9025_CEI075_S", 13.8, 1,    6164.58,   -3.8,   0.77372, 2,    6164.57, -123.8,   0.77372, 3,    6164.57,  116.2,   0.77372
"SCN_CN15_9022_CEI077_ATV_S", 13.8, 1,    7214.23,   -1.8,   0.90546, 2,    7214.22, -121.8,   0.90546, 3,    7214.23,  118.2,   0.90546
"SCN_CN15_9100_CEI230_ATV_S", 13.8, 1,    6221.33,   -3.8,   0.78084, 2,    6221.32, -123.8,   0.78084, 3,    6221.32,  116.2,   0.78084
"SCN_CN15_9190_CEI230_ATV_S", 13.8, 1,     6023.1,   -4.7,   0.75597, 2,    6023.09, -124.7,   0.75596, 3,     6023.1,  115.3,   0.75596
"SCN_CN15_9425_CEI109_S", 13.8, 1,    6089.15,   -4.4,   0.76426, 2,    6089.14, -124.4,   0.76425, 3,    6089.14,  115.6,   0.76425
"SCN_CN15_9437_CEI109_S", 13.8, 1,    6088.47,   -4.4,   0.76417, 2,    6088.46, -124.4,   0.76417, 3,    6088.46,  115.6,   0.76417
"SCN_CN15_9408_CEI109_S", 13.8, 1,    6050.81,   -4.6,   0.75944, 2,     6050.8, -124.6,   0.75944, 3,    6050.81,  115.4,   0.75944
"SCN_CN15_9045_CEI074_S", 13.8, 1,    6138.37,   -3.9,   0.77043, 2,    6138.36, -123.9,   0.77043, 3,    6138.36,  116.1,   0.77043
"SCN_CN15_9188_CEI230_ATV_S", 13.8, 1,    6023.36,   -4.7,     0.756, 2,    6023.35, -124.7,     0.756, 3,    6023.35,  115.3,     0.756
"SCN_CN15_9050_CEI69B_S", 13.8, 1,    6265.01,   -3.7,   0.78633, 2,       6265, -123.7,   0.78633, 3,       6265,  116.3,   0.78633
"SCN_CN15_9037_CEI148_ATV_S", 13.8, 1,    6237.29,   -3.8,   0.78285, 2,    6237.28, -123.8,   0.78285, 3,    6237.28,  116.2,   0.78285
"SCN_CN15_9493_CEI109_S", 13.8, 1,    6040.05,   -4.6,   0.75809, 2,    6040.04, -124.6,   0.75809, 3,    6040.05,  115.4,   0.75809
"SCN_CN15_9058_CEI071_S", 13.8, 1,    6828.72,   -2.6,   0.85708, 2,    6828.71, -122.6,   0.85708, 3,    6828.71,  117.4,   0.85708
"SCN_CN15_9048_CEI074_S", 13.8, 1,    6139.67,   -3.9,    0.7706, 2,    6139.66, -123.9,   0.77059, 3,    6139.66,  116.1,   0.77059
"SCN_CN15_9210_CEI109_S", 13.8, 1,    6066.26,   -4.5,   0.76138, 2,    6066.25, -124.5,   0.76138, 3,    6066.25,  115.5,   0.76138
"SCN_CN15_9086_CEI148_ATV_S", 13.8, 1,    6024.64,   -4.7,   0.75616, 2,    6024.63, -124.7,   0.75616, 3,    6024.63,  115.3,   0.75616
"SCN_CN15_9068_CEI148_ATV_S", 13.8, 1,    6235.28,   -3.8,    0.7826, 2,    6235.27, -123.8,   0.78259, 3,    6235.27,  116.2,   0.78259
"SCN_CN15_9038_CEI77A_ATV_S", 13.8, 1,    7211.84,   -1.8,   0.90516, 2,    7211.84, -121.8,   0.90516, 3,    7211.84,  118.2,   0.90516
"SCN_CN15_9165_CEI068_S", 13.8, 1,    6417.11,   -3.3,   0.80542, 2,     6417.1, -123.3,   0.80542, 3,     6417.1,  116.7,   0.80542
"SCN_CN15_9172_CEI068_S", 13.8, 1,    6458.29,   -3.2,   0.81059, 2,    6458.28, -123.2,   0.81058, 3,    6458.28,  116.8,   0.81058
"SCN_CN15_9088_CEI148_ATV_S", 13.8, 1,     6023.8,   -4.7,   0.75605, 2,    6023.79, -124.7,   0.75605, 3,     6023.8,  115.3,   0.75605
"SCN_CN15_9041_CEI148A_ATV_S", 13.8, 1,    6033.01,   -4.6,   0.75721, 2,       6033, -124.6,   0.75721, 3,    6033.01,  115.4,   0.75721
"SCN_CN15_9171_CEI69B_S", 13.8, 1,    6254.27,   -3.7,   0.78498, 2,    6254.26, -123.7,   0.78498, 3,    6254.26,  116.3,   0.78498
"SCN_CN15_9041_CEI130A_ATV_S", 13.8, 1,    6517.07,   -3.1,   0.81796, 2,    6517.06, -123.1,   0.81796, 3,    6517.06,  116.9,   0.81796
"SCN_CN15_9177_CEI77A_ATV_S", 13.8, 1,    7637.01,   -1.1,   0.95853, 2,    7637.01, -121.1,   0.95853, 3,    7637.01,  118.9,   0.95853
"SCN_CN15_9135_CEI230_ATV_S", 13.8, 1,    6152.21,   -3.9,   0.77217, 2,     6152.2, -123.9,   0.77217, 3,     6152.2,  116.1,   0.77217
"SCN_CN15_9077_CEI131_ATV_S", 13.8, 1,    6121.88,   -4.2,   0.76836, 2,    6121.87, -124.2,   0.76836, 3,    6121.87,  115.8,   0.76836
"SCN_CN15_9126_CEI77A_ATV_S", 13.8, 1,       7217,   -1.8,   0.90581, 2,    7216.99, -121.8,   0.90581, 3,    7216.99,  118.2,   0.90581
"SCN_CN15_9059_CEI77A_ATV_S", 13.8, 1,    7210.98,   -1.8,   0.90506, 2,    7210.98, -121.8,   0.90506, 3,    7210.98,  118.2,   0.90506
"SCN_CN15_9030_CEI77A_ATV_S", 13.8, 1,    7212.66,   -1.8,   0.90527, 2,    7212.65, -121.8,   0.90527, 3,    7212.65,  118.2,   0.90527
"SCN_CN15_9349_CEI109_S", 13.8, 1,    6038.15,   -4.6,   0.75785, 2,    6038.14, -124.6,   0.75785, 3,    6038.14,  115.4,   0.75785
"SCN_CN15_9202_CEI230_ATV_S", 13.8, 1,    6023.65,   -4.7,   0.75603, 2,    6023.64, -124.7,   0.75603, 3,    6023.64,  115.3,   0.75603
"SCN_CN15_9309_CEI109_S", 13.8, 1,    6068.61,   -4.5,   0.76168, 2,     6068.6, -124.5,   0.76168, 3,     6068.6,  115.5,   0.76168
"SCN_CN15_9016_CEI077_ATV_S", 13.8, 1,    7192.46,   -1.8,   0.90273, 2,    7192.46, -121.8,   0.90273, 3,    7192.46,  118.2,   0.90273
"SCN_CN15_9082_CEI148_ATV_S", 13.8, 1,    6025.92,   -4.7,   0.75632, 2,    6025.91, -124.7,   0.75632, 3,    6025.91,  115.3,   0.75632
"SCN_CN15_9105_CEI075_S", 13.8, 1,    6161.48,   -3.8,   0.77333, 2,    6161.47, -123.8,   0.77333, 3,    6161.47,  116.2,   0.77333
"SCN_CN15_9179_CEI77A_ATV_S", 13.8, 1,    7636.82,   -1.1,    0.9585, 2,    7636.82, -121.1,    0.9585, 3,    7636.82,  118.9,    0.9585
"SCN_CN15_9055_CEIRJ006_ATV_S", 13.8, 1,    6142.96,   -3.9,   0.77101, 2,    6142.95, -123.9,   0.77101, 3,    6142.95,  116.1,   0.77101
"SCN_CN15_9076_CEI77A_ATV_S", 13.8, 1,    7195.27,   -1.8,   0.90308, 2,    7195.26, -121.8,   0.90308, 3,    7195.26,  118.2,   0.90308
"SCN_CN15_9097_CEI075_S", 13.8, 1,    6157.52,   -3.9,   0.77284, 2,    6157.51, -123.9,   0.77284, 3,    6157.51,  116.1,   0.77284
"SCN_CN15_9086_CEI075_S", 13.8, 1,       6151,   -3.9,   0.77202, 2,    6150.99, -123.9,   0.77202, 3,    6150.99,  116.1,   0.77202
"SCN_CN15_9144_CEI69B_S", 13.8, 1,     6254.3,   -3.7,   0.78498, 2,    6254.29, -123.7,   0.78498, 3,    6254.29,  116.3,   0.78498
"SCN_CN15_9015_CEI109_S", 13.8, 1,    6138.32,   -4.2,   0.77043, 2,    6138.31, -124.2,   0.77043, 3,    6138.31,  115.8,   0.77043
"SCN_CN15_9399_CEI109_S", 13.8, 1,    6042.01,   -4.6,   0.75834, 2,       6042, -124.6,   0.75834, 3,       6042,  115.4,   0.75834
"SCN_CN15_9094_CEI230_ATV_S", 13.8, 1,    6221.27,   -3.8,   0.78084, 2,    6221.26, -123.8,   0.78084, 3,    6221.26,  116.2,   0.78084
"SCN_CN15_9200_CEI109_S", 13.8, 1,    6065.26,   -4.5,   0.76126, 2,    6065.25, -124.5,   0.76126, 3,    6065.26,  115.5,   0.76126
"SCN_CN15_9480_CEI109_S", 13.8, 1,    6041.03,   -4.6,   0.75822, 2,    6041.02, -124.6,   0.75821, 3,    6041.03,  115.4,   0.75821
"SCN_CN15_9006_CEI134_ATV_S", 13.8, 1,    6118.07,   -4.3,   0.76788, 2,    6118.06, -124.3,   0.76788, 3,    6118.06,  115.7,   0.76788
"SCN_CN15_9098_CEI072_S", 13.8, 1,    7061.03,   -2.1,   0.88624, 2,    7061.03, -122.1,   0.88624, 3,    7061.03,  117.9,   0.88624
"SCN_CN15_9098_CEI068", 13.8, 1,    6573.24,   -3.0,   0.82501, 2,    6573.23, -123.0,   0.82501, 3,    6573.24,  117.0,   0.82501
"SCN_CN15_9089_CEI068", 13.8, 1,    6539.43,   -3.1,   0.82077, 2,    6539.42, -123.1,   0.82077, 3,    6539.42,  116.9,   0.82077
"SCN_CN15_9031_CEI148_ATV_S", 13.8, 1,     6237.6,   -3.8,   0.78289, 2,    6237.59, -123.8,   0.78289, 3,    6237.59,  116.2,   0.78289
"SCN_CN15_9040_CEI77A_ATV_S", 13.8, 1,    7211.79,   -1.8,   0.90516, 2,    7211.79, -121.8,   0.90516, 3,    7211.79,  118.2,   0.90516
"SCN_CN15_9135_CEI77A_ATV_S", 13.8, 1,    7333.57,   -1.6,   0.92044, 2,    7333.57, -121.6,   0.92044, 3,    7333.57,  118.4,   0.92044
"SCN_CN15_9004_CEI160_ATV_S", 13.8, 1,    6238.13,   -3.9,   0.78295, 2,    6238.12, -123.9,   0.78295, 3,    6238.12,  116.1,   0.78295
"SCN_CN15_9029_CEI074_S", 13.8, 1,     6134.5,   -3.9,   0.76995, 2,    6134.49, -123.9,   0.76995, 3,    6134.49,  116.1,   0.76995
"SCN_CN15_9043_CEI148_ATV_S", 13.8, 1,    6236.42,   -3.8,   0.78274, 2,    6236.41, -123.8,   0.78274, 3,    6236.41,  116.2,   0.78274
"SCN_CN15_9023_CEI074_S", 13.8, 1,    6133.79,   -3.9,   0.76986, 2,    6133.78, -123.9,   0.76986, 3,    6133.78,  116.1,   0.76986
"SCN_CN15_9003_CEI076_S", 13.8, 1,    6542.92,   -3.1,   0.82121, 2,    6542.92, -123.1,   0.82121, 3,    6542.92,  116.9,   0.82121
"SCN_CN15_9043_CEI250_ATV_S", 13.8, 1,    6551.09,   -3.0,   0.82223, 2,    6551.08, -123.0,   0.82223, 3,    6551.08,  117.0,   0.82223
"SCN_CN15_9032_CEI69B", 13.8, 1,    6300.77,   -3.6,   0.79082, 2,    6300.76, -123.6,   0.79081, 3,    6300.76,  116.4,   0.79081
"SCN_CN15_9050_CEI070", 13.8, 1,    6585.66,   -3.0,   0.82657, 2,    6585.65, -123.0,   0.82657, 3,    6585.65,  117.0,   0.82657
"SCN_CN15_9023_CEI077_ATV_S", 13.8, 1,     7213.5,   -1.8,   0.90537, 2,     7213.5, -121.8,   0.90537, 3,     7213.5,  118.2,   0.90537
"SCN_CN15_9302_CEI109_S", 13.8, 1,    6072.88,   -4.5,   0.76221, 2,    6072.87, -124.5,   0.76221, 3,    6072.87,  115.5,   0.76221
"SCN_CN15_9030_CEIRJ006_ATV_S", 13.8, 1,    7210.18,   -1.8,   0.90496, 2,    7210.18, -121.8,   0.90496, 3,    7210.18,  118.2,   0.90496
"SCN_CN15_9102_CEI075_S", 13.8, 1,    6159.49,   -3.8,   0.77308, 2,    6159.48, -123.8,   0.77308, 3,    6159.48,  116.2,   0.77308
"SCN_CN15_9175_CEI69B_S", 13.8, 1,    6254.53,   -3.7,   0.78501, 2,    6254.52, -123.7,   0.78501, 3,    6254.52,  116.3,   0.78501
"SCN_CN15_9077_CEI075_S", 13.8, 1,    6146.32,   -3.9,   0.77143, 2,    6146.31, -123.9,   0.77143, 3,    6146.31,  116.1,   0.77143
"SCN_CN15_9023_CEI130_ATV_S", 13.8, 1,    6341.25,   -3.5,    0.7959, 2,    6341.24, -123.5,   0.79589, 3,    6341.24,  116.5,   0.79589
"SCN_CN15_9031_CEI77A_ATV_S", 13.8, 1,    7212.58,   -1.8,   0.90526, 2,    7212.58, -121.8,   0.90526, 3,    7212.58,  118.2,   0.90526
"SCN_CN15_9095_CEI77A_ATV_S", 13.8, 1,    7228.84,   -1.8,    0.9073, 2,    7228.83, -121.8,    0.9073, 3,    7228.84,  118.2,    0.9073
"SCN_CN15_9102_CEI068_S", 13.8, 1,    6551.62,   -3.0,    0.8223, 2,    6551.61, -123.0,    0.8223, 3,    6551.62,  117.0,    0.8223
"SCN_CN15_9040_CEI148_ATV_S", 13.8, 1,    6236.83,   -3.8,   0.78279, 2,    6236.82, -123.8,   0.78279, 3,    6236.82,  116.2,   0.78279
"SCN_CN15_9308_CEI250_ATV_S", 13.8, 1,    6831.25,   -2.6,    0.8574, 2,    6831.25, -122.6,    0.8574, 3,    6831.25,  117.4,    0.8574
"SCN_CN15_9009_CEI134C_ATV_S", 13.8, 1,    6097.94,   -4.3,   0.76536, 2,    6097.93, -124.3,   0.76536, 3,    6097.93,  115.7,   0.76536
"SCN_CN15_9172_CEI77A_ATV_S", 13.8, 1,    7637.31,   -1.1,   0.95857, 2,    7637.31, -121.1,   0.95857, 3,    7637.31,  118.9,   0.95857
"SCN_CN15_9481_CEI109_S", 13.8, 1,    6040.91,   -4.6,    0.7582, 2,     6040.9, -124.6,    0.7582, 3,     6040.9,  115.4,    0.7582
"SCN_CN15_9009_CEI075_S", 13.8, 1,    6167.88,   -3.8,   0.77414, 2,    6167.87, -123.8,   0.77413, 3,    6167.87,  116.2,   0.77413
"SCN_CN15_9283_CEI250_ATV_S", 13.8, 1,    6813.85,   -2.6,   0.85521, 2,    6813.84, -122.6,   0.85521, 3,    6813.85,  117.4,   0.85521
"SCN_CN15_9169_CEI77A_ATV_S", 13.8, 1,    7638.72,   -1.0,   0.95874, 2,    7638.71, -121.0,   0.95874, 3,    7638.72,  119.0,   0.95874
"SCN_CN15_9197_CEI230_ATV_BT_FP1074", 0.38, 1,    162.379,   -6.5,   0.74013, 2,    162.379, -126.5,   0.74013, 3,    162.379,  113.5,   0.74013
"SCN_CN15_9198_CEI109_BT_FX8231", 0.38, 1,    160.538,   -7.1,   0.73174, 2,    160.538, -127.1,   0.73174, 3,    160.538,  112.9,   0.73174
"SCN_CN15_9031_CEI250_ATV_BT_FT4575", 0.38, 1,    173.268,   -5.6,   0.78976, 2,    173.268, -125.6,   0.78976, 3,    173.268,  114.4,   0.78976
"SCN_CN15_9031_CEI69B_BT_FZ2489", 0.38, 1,    166.821,   -6.2,   0.76037, 2,     166.82, -126.2,   0.76037, 3,     166.82,  113.8,   0.76037
"SCN_CN15_9032_CEI148_ATV_BT_FZ1030", 0.38, 1,    165.081,   -6.3,   0.75245, 2,    165.081, -126.3,   0.75244, 3,    165.081,  113.7,   0.75244
"SCN_CN15_9032_CEI160_ATV_BT_FX4690", 0.38, 1,    165.017,   -6.3,   0.75215, 2,    165.016, -126.3,   0.75215, 3,    165.016,  113.7,   0.75215
"SCN_CN15_9023_CEI201_ATV_BT_FIC1244", 0.38, 1,    159.737,   -7.2,   0.72808, 2,    159.736, -127.2,   0.72808, 3,    159.736,  112.8,   0.72808
"SCN_CN15_9023_CEI77A_ATV_BT_FM0468", 0.38, 1,    190.722,   -4.4,   0.86932, 2,    190.722, -124.4,   0.86931, 3,    190.722,  115.6,   0.86931
"SCN_CN15_9023_CEIRJ006_ATV_BT_FP1075", 0.38, 1,    187.629,   -4.6,   0.85522, 2,    187.629, -124.6,   0.85522, 3,    187.629,  115.4,   0.85522
"SCN_CN15_9024_CEI077_ATV_BT_FX9171", 0.38, 1,    190.763,   -4.4,    0.8695, 2,    190.763, -124.4,    0.8695, 3,    190.763,  115.6,    0.8695
"SCN_CN15_9031_CEI230B_ATV_BT_FP0945", 0.38, 1,    162.503,   -6.5,   0.74069, 2,    162.503, -126.5,   0.74069, 3,    162.503,  113.5,   0.74069
"SCN_CN15_9191_CEI109_BT_FIC1332", 0.38, 1,    160.535,   -7.1,   0.73173, 2,    160.535, -127.1,   0.73172, 3,    160.535,  112.9,   0.73172
"SCN_CN15_9193_CEI230_ATV_BT_FT0380", 0.38, 1,    159.436,   -7.2,   0.72671, 2,    159.436, -127.2,   0.72671, 3,    159.436,  112.8,   0.72671
"SCN_CN15_9193_CEI77A_ATV_BT_FF6328", 0.38, 1,    207.281,   -3.1,   0.94479, 2,    207.281, -123.1,   0.94479, 3,    207.281,  116.9,   0.94479
"SCN_CN15_9025_CEI134B_ATV_BT_FP0958", 0.38, 1,    161.453,   -6.9,   0.73591, 2,    161.453, -126.9,   0.73591, 3,    161.453,  113.1,   0.73591
"SCN_CN15_9025_CEI230B_ATV_BT_FIC1248", 0.38, 1,    162.433,   -6.5,   0.74038, 2,    162.433, -126.5,   0.74037, 3,    162.433,  113.5,   0.74037
"SCN_CN15_9026_CEI068_BT_FM1100", 0.38, 1,    172.598,   -5.7,   0.78671, 2,    172.598, -125.7,   0.78671, 3,    172.598,  114.3,   0.78671
"SCN_CN15_9026_CEI077_ATV_BT_FZ2813", 0.38, 1,    190.731,   -4.4,   0.86936, 2,    190.731, -124.4,   0.86936, 3,    190.731,  115.6,   0.86936
"SCN_CN15_9036_CEI201_ATV_BT_FIC1260", 0.38, 1,    159.811,   -7.2,   0.72842, 2,    159.811, -127.2,   0.72842, 3,    159.811,  112.8,   0.72842
"SCN_CN15_9037_CEI076_BT_FIC1261", 0.38, 1,    172.904,   -5.7,    0.7881, 2,    172.904, -125.7,    0.7881, 3,    172.904,  114.3,    0.7881
"SCN_CN15_9037_CEI134B_ATV_BT_FP0959", 0.38, 1,     161.42,   -6.9,   0.73576, 2,     161.42, -126.9,   0.73576, 3,     161.42,  113.1,   0.73576
"SCN_CN15_9037_CEI160_ATV_BT_FT4513", 0.38, 1,     165.42,   -6.3,   0.75399, 2,     165.42, -126.3,   0.75399, 3,     165.42,  113.7,   0.75399
"SCN_CN15_9038_CEIRJ006_ATV_BT_FP5672", 0.38, 1,    191.269,   -4.3,   0.87181, 2,    191.269, -124.3,   0.87181, 3,    191.269,  115.7,   0.87181
"SCN_CN15_9039_CEI130_ATV_BT_FF0639", 0.38, 1,    166.504,   -6.2,   0.75893, 2,    166.503, -126.2,   0.75893, 3,    166.504,  113.8,   0.75893
"SCN_CN15_9192_CEI230_ATV_BT_FP3255", 0.38, 1,    159.436,   -7.2,   0.72671, 2,    159.436, -127.2,   0.72671, 3,    159.436,  112.8,   0.72671
"SCN_CN15_9317_CEI068_BT_FIC1358", 0.38, 1,    173.122,   -5.6,    0.7891, 2,    173.122, -125.6,    0.7891, 3,    173.122,  114.4,    0.7891
"SCN_CN15_9035_CEI068_BT_FIC1341", 0.38, 1,    172.609,   -5.7,   0.78675, 2,    172.608, -125.7,   0.78675, 3,    172.608,  114.3,   0.78675
"SCN_CN15_9454_CEI109_BT_FX4223", 0.38, 1,    161.152,   -7.0,   0.73453, 2,    161.151, -127.0,   0.73453, 3,    161.151,  113.0,   0.73453
"SCN_CN15_9032_CEI77A_ATV_BT_FT4299", 0.38, 1,     190.74,   -4.4,    0.8694, 2,     190.74, -124.4,    0.8694, 3,     190.74,  115.6,    0.8694
"SCN_CN15_9032_CEIRJ006_ATV_BT_FX2587", 0.38, 1,    190.675,   -4.4,    0.8691, 2,    190.675, -124.4,    0.8691, 3,    190.675,  115.6,    0.8691
"SCN_CN15_9036_CEI148A_ATV_BT_FX0776", 0.38, 1,    159.673,   -7.2,   0.72779, 2,    159.672, -127.2,   0.72779, 3,    159.672,  112.8,   0.72779
"SCN_CN15_9216_CEI109_BT_FX4012", 0.38, 1,    160.568,   -7.1,   0.73187, 2,    160.567, -127.1,   0.73187, 3,    160.568,  112.9,   0.73187
"SCN_CN15_9216_CEI77A_ATV_BT_FT5352", 0.38, 1,    201.937,   -3.7,   0.92044, 2,    201.937, -123.7,   0.92044, 3,    201.937,  116.3,   0.92044
"SCN_CN15_9495_CEI109_BT_FT0758", 0.38, 1,    159.884,   -7.2,   0.72875, 2,    159.883, -127.2,   0.72875, 3,    159.883,  112.8,   0.72875
"SCN_CN15_9493_CEI109_BT_FX4148", 0.38, 1,    159.882,   -7.2,   0.72875, 2,    159.882, -127.2,   0.72875, 3,    159.882,  112.8,   0.72875
"SCN_CN15_9181_CEI068_BT_FP0930", 0.38, 1,    171.454,   -5.7,   0.78149, 2,    171.453, -125.7,   0.78149, 3,    171.453,  114.3,   0.78149
"SCN_CN15_9075_CEI77A_ATV_BT_FX2534", 0.38, 1,    190.303,   -4.4,   0.86741, 2,    190.303, -124.4,   0.86741, 3,    190.303,  115.6,   0.86741
"SCN_CN15_9114_CEI77A_ATV_BT_FP8843", 0.38, 1,    191.126,   -4.4,   0.87116, 2,    191.126, -124.4,   0.87116, 3,    191.126,  115.6,   0.87116
"SCN_CN15_9041_CEI070_BT_FT4529", 0.38, 1,    176.337,   -5.4,   0.80375, 2,    176.337, -125.4,   0.80375, 3,    176.337,  114.6,   0.80375
"SCN_CN15_9044_CEI070_BT_FT4701", 0.38, 1,    175.725,   -5.5,   0.80096, 2,    175.725, -125.5,   0.80096, 3,    175.725,  114.5,   0.80096
"SCN_CN15_9069_CEI072_BT_FT8576", 0.38, 1,    185.624,   -4.8,   0.84608, 2,    185.624, -124.8,   0.84608, 3,    185.624,  115.2,   0.84608
"SCN_CN15_9198_CEI69A_BT_FX8688", 0.38, 1,    165.499,   -6.3,   0.75435, 2,    165.499, -126.3,   0.75435, 3,    165.499,  113.7,   0.75435
"SCN_CN15_421166_CEI_BT_FT6400", 0.38, 1,    165.365,   -6.3,   0.75374, 2,    165.365, -126.3,   0.75374, 3,    165.365,  113.7,   0.75374
"SCN_CN15_9069_CEI075_BT_FZ2703", 0.38, 1,    162.552,   -6.5,   0.74092, 2,    162.551, -126.5,   0.74091, 3,    162.551,  113.5,   0.74091
"SCN_CN15_9052_CEI070_BT_FZ1968", 0.38, 1,    176.016,   -5.4,   0.80229, 2,    176.016, -125.4,   0.80229, 3,    176.016,  114.6,   0.80229
"SCN_CN15_9052_CEI77A_ATV_BT_FP0911", 0.38, 1,    190.731,   -4.4,   0.86936, 2,    190.731, -124.4,   0.86936, 3,    190.731,  115.6,   0.86936
"SCN_CN15_9052_CEIRJ006_ATV_BT_FX2678", 0.38, 1,    163.427,   -6.3,   0.74491, 2,    163.427, -126.3,    0.7449, 3,    163.427,  113.7,    0.7449
"SCN_CN15_9054_CEI201_ATV_BT_FX2395", 0.38, 1,    159.931,   -7.1,   0.72897, 2,    159.931, -127.1,   0.72897, 3,    159.931,  112.9,   0.72897
"SCN_CN15_9201_CEI230_ATV_BT_FP4528", 0.38, 1,    162.383,   -6.5,   0.74015, 2,    162.383, -126.5,   0.74014, 3,    162.383,  113.5,   0.74014
"SCN_CN15_9205_CEI230_ATV_BT_FX3973", 0.38, 1,    159.451,   -7.2,   0.72678, 2,     159.45, -127.2,   0.72678, 3,     159.45,  112.8,   0.72678
"SCN_CN15_9207_CEI77A_ATV_BT_FX5103", 0.38, 1,    201.933,   -3.7,   0.92042, 2,    201.933, -123.7,   0.92042, 3,    201.933,  116.3,   0.92042
"SCN_CN15_9208_CEI230_ATV_BT_FIC1339", 0.38, 1,    162.379,   -6.5,   0.74013, 2,    162.379, -126.5,   0.74013, 3,    162.379,  113.5,   0.74013
"SCN_CN15_9208_CEI77A_ATV_BT_FX2297", 0.38, 1,    201.932,   -3.7,   0.92041, 2,    201.932, -123.7,   0.92041, 3,    201.932,  116.3,   0.92041
"SCN_CN15_9210_CEI109_BT_FT8348", 0.38, 1,    160.572,   -7.1,   0.73189, 2,    160.572, -127.1,   0.73189, 3,    160.572,  112.9,   0.73189
"SCN_CN15_9071_CEI070_BT_FT3791", 0.38, 1,    177.165,   -5.4,   0.80752, 2,    177.165, -125.4,   0.80752, 3,    177.165,  114.6,   0.80752
"SCN_CN15_9074_CEI074_BT_FT4303", 0.38, 1,    162.378,   -6.5,   0.74012, 2,    162.377, -126.5,   0.74012, 3,    162.377,  113.5,   0.74012
"SCN_CN15_9053_CEI148_ATV_BT_FZ2486", 0.38, 1,    165.098,   -6.3,   0.75252, 2,    165.097, -126.3,   0.75252, 3,    165.097,  113.7,   0.75252
"SCN_CN15_9053_CEI201_ATV_BT_FT5469", 0.38, 1,    159.892,   -7.2,   0.72879, 2,    159.892, -127.2,   0.72879, 3,    159.892,  112.8,   0.72879
"SCN_CN15_9053_CEI77A_ATV_BT_FZ7732", 0.38, 1,     190.78,   -4.4,   0.86958, 2,    190.779, -124.4,   0.86958, 3,    190.779,  115.6,   0.86958
"SCN_CN15_9053_CEIRJ006_ATV_BT_FP1050", 0.38, 1,    163.159,   -6.4,   0.74368, 2,    163.158, -126.4,   0.74368, 3,    163.158,  113.6,   0.74368
"SCN_CN15_9056_CEI77A_ATV_BT_FX4048", 0.38, 1,    190.845,   -4.4,   0.86987, 2,    190.844, -124.4,   0.86987, 3,    190.844,  115.6,   0.86987
"SCN_CN15_9057_CEIRJ006_ATV_BT_FX2280", 0.38, 1,    162.589,   -6.5,   0.74108, 2,    162.588, -126.5,   0.74108, 3,    162.588,  113.5,   0.74108
"SCN_CN15_9058_CEI220_ATV_BT_FP0953", 0.38, 1,    162.977,   -6.7,   0.74286, 2,    162.977, -126.7,   0.74285, 3,    162.977,  113.3,   0.74286
"SCN_CN15_9058_CEIRJ006_ATV_BT_FX2132", 0.38, 1,    162.423,   -6.5,   0.74033, 2,    162.423, -126.5,   0.74033, 3,    162.423,  113.5,   0.74033
"SCN_CN15_9059_CEI068_BT_FZ2495", 0.38, 1,     172.76,   -5.6,   0.78745, 2,     172.76, -125.6,   0.78745, 3,     172.76,  114.4,   0.78745
"SCN_CN15_9059_CEI070_BT_FX5487", 0.38, 1,    176.925,   -5.4,   0.80643, 2,    176.925, -125.4,   0.80643, 3,    176.925,  114.6,   0.80643
"SCN_CN15_9059_CEI160_ATV_BT_FP0841", 0.38, 1,    180.761,   -5.1,   0.82391, 2,    180.761, -125.1,   0.82391, 3,    180.761,  114.9,   0.82391
"SCN_CN15_9059_CEI230_ATV_BT_FF0584", 0.38, 1,     190.86,   -4.4,   0.86995, 2,     190.86, -124.4,   0.86995, 3,     190.86,  115.6,   0.86995
"SCN_CN15_9059_CEIRJ006_ATV_BT_FX4540", 0.38, 1,    162.349,   -6.5,   0.73999, 2,    162.349, -126.5,   0.73999, 3,    162.349,  113.5,   0.73999
"SCN_CN15_9060_CEI072_BT_FZ0201", 0.38, 1,    185.137,   -4.8,   0.84386, 2,    185.136, -124.8,   0.84386, 3,    185.136,  115.2,   0.84386
"SCN_CN15_9060_CEI148_ATV_BT_FX2155", 0.38, 1,     165.07,   -6.3,   0.75239, 2,    165.069, -126.3,   0.75239, 3,     165.07,  113.7,   0.75239
"SCN_CN15_9060_CEI160_ATV_BT_FP0842", 0.38, 1,    180.736,   -5.1,    0.8238, 2,    180.735, -125.1,    0.8238, 3,    180.735,  114.9,    0.8238
"SCN_CN15_9060_CEI77A_ATV_BT_FP1082", 0.38, 1,    190.698,   -4.4,   0.86921, 2,    190.698, -124.4,   0.86921, 3,    190.698,  115.6,   0.86921
"SCN_CN15_9060_CEIRJ006_ATV_BT_FT6095", 0.38, 1,     162.34,   -6.5,   0.73995, 2,     162.34, -126.5,   0.73995, 3,     162.34,  113.5,   0.73995
"SCN_CN15_9024_CEI109_BT_FP8543", 0.38, 1,    162.464,   -6.8,   0.74052, 2,    162.464, -126.8,   0.74051, 3,    162.464,  113.2,   0.74051
"SCN_CN15_9027_CEI220_ATV_BT_FT4755", 0.38, 1,    160.527,   -7.1,   0.73169, 2,    160.527, -127.1,   0.73169, 3,    160.527,  112.9,   0.73169
"SCN_CN15_9028_CEI134B_ATV_BT_FIC1249", 0.38, 1,    161.452,   -6.9,    0.7359, 2,    161.452, -126.9,    0.7359, 3,    161.452,  113.1,    0.7359
"SCN_CN15_9028_CEI134C_ATV_BT_FP0962", 0.38, 1,    161.358,   -6.9,   0.73547, 2,    161.357, -126.9,   0.73547, 3,    161.357,  113.1,   0.73547
"SCN_CN15_9054_CEIRJ006_ATV_BT_FP0937", 0.38, 1,    163.117,   -6.4,   0.74349, 2,    163.117, -126.4,   0.74349, 3,    163.116,  113.6,   0.74349
"SCN_CN15_9049_CEI109_BT_FX0200", 0.38, 1,    162.047,   -6.8,   0.73861, 2,    162.046, -126.8,   0.73861, 3,    162.046,  113.2,   0.73861
"SCN_CN15_9240_CEI068_BT_FZ9166", 0.38, 1,     172.76,   -5.6,   0.78744, 2,    172.759, -125.6,   0.78744, 3,    172.759,  114.4,   0.78744
"SCN_CN15_9240_CEI109_BT_FZ7004", 0.38, 1,    160.621,   -7.1,   0.73211, 2,    160.621, -127.1,   0.73211, 3,    160.621,  112.9,   0.73211
"SCN_CN15_9245_CEI109_BT_FZ7003", 0.38, 1,    160.562,   -7.1,   0.73185, 2,    160.562, -127.1,   0.73185, 3,    160.562,  112.9,   0.73185
"SCN_CN15_9547_CEI109_BT_FX2538", 0.38, 1,    162.346,   -6.8,   0.73998, 2,    162.346, -126.8,   0.73998, 3,    162.346,  113.2,   0.73998
"SCN_CN15_9570_CEI109_BT_FX2453", 0.38, 1,    161.774,   -6.9,   0.73737, 2,    161.774, -126.9,   0.73737, 3,    161.774,  113.1,   0.73737
"SCN_CN15_9003_CEI076_BT_FX0673", 0.38, 1,    173.117,   -5.6,   0.78907, 2,    173.117, -125.6,   0.78907, 3,    173.117,  114.4,   0.78907
"SCN_CN15_9020_CEI075_BT_FZ0734", 0.38, 1,    163.184,   -6.4,    0.7438, 2,    163.184, -126.4,    0.7438, 3,    163.184,  113.6,    0.7438
"SCN_CN15_9199_CEI77A_ATV_BT_FIC1336", 0.38, 1,    209.755,   -2.9,   0.95607, 2,    209.755, -122.9,   0.95607, 3,    209.755,  117.1,   0.95607
"SCN_CN15_9200_CEI77A_ATV_BT_FP7913", 0.38, 1,    201.933,   -3.7,   0.92042, 2,    201.933, -123.7,   0.92042, 3,    201.933,  116.3,   0.92042
"SCN_CN15_9092_CEI77A_ATV_BT_FM0378", 0.38, 1,    191.077,   -4.4,   0.87094, 2,    191.077, -124.4,   0.87094, 3,    191.077,  115.6,   0.87094
"SCN_CN15_9058_CEI071_BT_FX4285", 0.38, 1,    180.638,   -5.2,   0.82335, 2,    180.638, -125.2,   0.82335, 3,    180.638,  114.8,   0.82335
"SCN_CN15_9070_CEIRJ006_ATV_BT_FP3432", 0.38, 1,    159.433,   -7.2,    0.7267, 2,    159.432, -127.2,    0.7267, 3,    159.432,  112.8,    0.7267
"SCN_CN15_9071_CEI201_ATV_BT_FX8727", 0.38, 1,    159.815,   -7.2,   0.72844, 2,    159.815, -127.2,   0.72844, 3,    159.815,  112.8,   0.72844
"SCN_CN15_9071_CEI230_ATV_BT_FT4309", 0.38, 1,    163.117,   -6.4,   0.74349, 2,    163.116, -126.4,   0.74349, 3,    163.116,  113.6,   0.74349
"SCN_CN15_9071_CEI77A_ATV_BT_FP1055", 0.38, 1,    190.385,   -4.4,   0.86778, 2,    190.385, -124.4,   0.86778, 3,    190.385,  115.6,   0.86778
"SCN_CN15_9071_CEIRJ006_ATV_BT_FX4147", 0.38, 1,    159.436,   -7.2,   0.72671, 2,    159.436, -127.2,   0.72671, 3,    159.436,  112.8,   0.72671
"SCN_CN15_9072_CEI148_ATV_BT_FT4531", 0.38, 1,    165.017,   -6.3,   0.75215, 2,    165.016, -126.3,   0.75215, 3,    165.016,  113.7,   0.75215
"SCN_CN15_9074_CEI148_ATV_BT_FT4703", 0.38, 1,    165.017,   -6.3,   0.75215, 2,    165.017, -126.3,   0.75215, 3,    165.017,  113.7,   0.75215
"SCN_CN15_9075_CEI131_ATV_BT_FP0963", 0.38, 1,    162.061,   -6.8,   0.73868, 2,    162.061, -126.8,   0.73868, 3,    162.061,  113.2,   0.73868
"SCN_CN15_9075_CEI201_ATV_BT_FX4479", 0.38, 1,    159.401,   -7.2,   0.72656, 2,    159.401, -127.2,   0.72655, 3,    159.401,  112.8,   0.72655
"SCN_CN15_9075_CEI220_ATV_BT_FP0952", 0.38, 1,    163.054,   -6.7,    0.7432, 2,    163.053, -126.7,    0.7432, 3,    163.053,  113.3,    0.7432
"SCN_CN15_9076_CEI77A_ATV_BT_FIC1291", 0.38, 1,    190.285,   -4.4,   0.86733, 2,    190.285, -124.4,   0.86732, 3,    190.285,  115.6,   0.86732
"SCN_CN15_9040_CEI068_BT_FZ0145", 0.38, 1,     172.63,   -5.6,   0.78685, 2,     172.63, -125.6,   0.78685, 3,     172.63,  114.4,   0.78685
"SCN_CN15_9077_CEI068_BT_FZ2493", 0.38, 1,    172.933,   -5.6,   0.78823, 2,    172.932, -125.6,   0.78823, 3,    172.933,  114.4,   0.78823
"SCN_CN15_9078_CEI074_BT_FZ3293", 0.38, 1,    162.393,   -6.5,   0.74019, 2,    162.392, -126.5,   0.74019, 3,    162.392,  113.5,   0.74019
"SCN_CN15_9078_CEI230_ATV_BT_FP0931", 0.38, 1,     163.13,   -6.4,   0.74355, 2,    163.129, -126.4,   0.74355, 3,    163.129,  113.6,   0.74355
"SCN_CN15_9082_CEI201_ATV_BT_FIC1296", 0.38, 1,    165.031,   -6.3,   0.75221, 2,     165.03, -126.3,   0.75221, 3,     165.03,  113.7,   0.75221
"SCN_CN15_9079_CEI77A_ATV_BT_FX2426", 0.38, 1,    190.258,   -4.4,    0.8672, 2,    190.258, -124.4,    0.8672, 3,    190.258,  115.6,    0.8672
"SCN_CN15_9080_CEI131_ATV_BT_FT1998", 0.38, 1,    161.974,   -6.8,   0.73828, 2,    161.974, -126.8,   0.73828, 3,    161.974,  113.2,   0.73828
"SCN_CN15_9080_CEI201_ATV_BT_FP5721", 0.38, 1,     165.03,   -6.3,   0.75221, 2,     165.03, -126.3,   0.75221, 3,     165.03,  113.7,   0.75221
"SCN_CN15_9082_CEI220_ATV_BT_FT4747", 0.38, 1,    163.159,   -6.7,   0.74368, 2,    163.159, -126.7,   0.74368, 3,    163.159,  113.3,   0.74368
"SCN_CN15_9082_CEI77A_ATV_BT_FF0601", 0.38, 1,     190.48,   -4.4,   0.86821, 2,    190.479, -124.4,   0.86821, 3,    190.479,  115.6,   0.86821
"SCN_CN15_9084_CEI071_BT_FIC1297", 0.38, 1,    180.615,   -5.2,   0.82325, 2,    180.615, -125.2,   0.82325, 3,    180.615,  114.8,   0.82325
"SCN_CN15_9038_CEI77A_ATV_BT_FP0916", 0.38, 1,    190.721,   -4.4,   0.86931, 2,    190.721, -124.4,   0.86931, 3,    190.721,  115.6,   0.86931
"SCN_CN15_9416_CEI109_BT_FT4129", 0.38, 1,    160.409,   -7.1,   0.73115, 2,    160.408, -127.1,   0.73115, 3,    160.408,  112.9,   0.73115
"SCN_CN15_9028_CEI148A_ATV_BT_FU0372", 0.38, 1,    159.403,   -7.2,   0.72656, 2,    159.403, -127.2,   0.72656, 3,    159.403,  112.8,   0.72656
"SCN_CN15_9028_CEI167_ATV_BT_FF1964", 0.38, 1,     190.29,   -4.4,   0.86735, 2,    190.289, -124.4,   0.86734, 3,    190.289,  115.6,   0.86734
"SCN_CN15_9028_CEI201_ATV_BT_FW2876", 0.38, 1,    159.765,   -7.2,   0.72821, 2,    159.765, -127.2,   0.72821, 3,    159.765,  112.8,   0.72821
"SCN_CN15_9028_CEI220_ATV_BT_FT4797", 0.38, 1,    160.524,   -7.1,   0.73168, 2,    160.524, -127.1,   0.73167, 3,    160.524,  112.9,   0.73167
"SCN_CN15_9028_CEI69A_BT_FZ2483", 0.38, 1,     159.37,   -7.2,   0.72641, 2,     159.37, -127.2,   0.72641, 3,     159.37,  112.8,   0.72641
"SCN_CN15_9029_CEI077_ATV_BT_FP0897", 0.38, 1,    190.723,   -4.4,   0.86932, 2,    190.722, -124.4,   0.86932, 3,    190.722,  115.6,   0.86932
"SCN_CN15_9029_CEI134B_ATV_BT_FT2705", 0.38, 1,     161.48,   -6.9,   0.73603, 2,    161.479, -126.9,   0.73603, 3,    161.479,  113.1,   0.73603
"SCN_CN15_9466_CEI109_BT_FX0201", 0.38, 1,    161.152,   -7.0,   0.73454, 2,    161.152, -127.0,   0.73453, 3,    161.152,  113.0,   0.73453
"SCN_CN15_9480_CEI109_BT_FZ3481", 0.38, 1,    159.908,   -7.2,   0.72887, 2,    159.908, -127.2,   0.72886, 3,    159.908,  112.8,   0.72886
"SCN_CN15_9488_CEI109_BT_FX2217", 0.38, 1,    159.889,   -7.2,   0.72878, 2,    159.889, -127.2,   0.72878, 3,    159.889,  112.8,   0.72878
"SCN_CN15_9489_CEI109_BT_FX2216", 0.38, 1,    159.889,   -7.2,   0.72878, 2,    159.889, -127.2,   0.72878, 3,    159.889,  112.8,   0.72878
"SCN_CN15_9026_CEI074_BT_FZ1688", 0.38, 1,    162.357,   -6.5,   0.74003, 2,    162.357, -126.5,   0.74003, 3,    162.357,  113.5,   0.74003
"SCN_CN15_9098_CEI072_BT_FX8503", 0.38, 1,    186.752,   -4.7,   0.85122, 2,    186.752, -124.7,   0.85122, 3,    186.752,  115.3,   0.85122
"SCN_CN15_9062_CEI071_BT_FZ5926", 0.38, 1,    180.624,   -5.2,   0.82329, 2,    180.624, -125.2,   0.82329, 3,    180.624,  114.8,   0.82329
"SCN_CN15_9263_CEI109_BT_FZ7002", 0.38, 1,    160.546,   -7.1,   0.73177, 2,    160.546, -127.1,   0.73177, 3,    160.546,  112.9,   0.73177
"SCN_CN15_9085_CEI201_ATV_BT_FX0258", 0.38, 1,    165.032,   -6.3,   0.75222, 2,    165.032, -126.3,   0.75222, 3,    165.032,  113.7,   0.75222
"SCN_CN15_9085_CEI77A_ATV_BT_FIC1299", 0.38, 1,    190.481,   -4.4,   0.86822, 2,    190.481, -124.4,   0.86822, 3,    190.481,  115.6,   0.86822
"SCN_CN15_9087_CEI109_BT_FX0206", 0.38, 1,    162.001,   -6.8,    0.7384, 2,        162, -126.8,    0.7384, 3,    162.001,  113.2,    0.7384
"SCN_CN15_9069_CEI77A_ATV_BT_FP0909", 0.38, 1,    190.401,   -4.4,   0.86785, 2,    190.401, -124.4,   0.86785, 3,    190.401,  115.6,   0.86785
"SCN_CN15_9070_CEI201_ATV_BT_FP1476", 0.38, 1,    159.872,   -7.2,    0.7287, 2,    159.872, -127.2,    0.7287, 3,    159.872,  112.8,    0.7287
"SCN_CN15_9083_CEI148_ATV_BT_FM0409", 0.38, 1,      159.5,   -7.2,     0.727, 2,      159.5, -127.2,     0.727, 3,      159.5,  112.8,     0.727
"SCN_CN15_9504_CEI109_BT_FZ1042", 0.38, 1,    159.869,   -7.2,   0.72869, 2,    159.869, -127.2,   0.72869, 3,    159.869,  112.8,   0.72869
"SCN_CN15_9055_CEI201_ATV_BT_FZ6977", 0.38, 1,    165.015,   -6.3,   0.75214, 2,    165.015, -126.3,   0.75214, 3,    165.015,  113.7,   0.75214
"SCN_CN15_9212_CEI77A_ATV_BT_FP5957", 0.38, 1,    201.929,   -3.7,    0.9204, 2,    201.929, -123.7,    0.9204, 3,    201.929,  116.3,    0.9204
"SCN_CN15_9031_CEI077_ATV_BT_FIC1252", 0.38, 1,    190.725,   -4.4,   0.86933, 2,    190.725, -124.4,   0.86933, 3,    190.725,  115.6,   0.86933
"SCN_CN15_9030_CEI134C_ATV_BT_FT4720", 0.38, 1,    161.361,   -6.9,   0.73549, 2,    161.361, -126.9,   0.73549, 3,    161.361,  113.1,   0.73549
"SCN_CN15_9033_CEI072_BT_FX3800", 0.38, 1,    183.022,   -5.0,   0.83422, 2,    183.022, -125.0,   0.83422, 3,    183.022,  115.0,   0.83422
"SCN_CN15_9033_CEI074_BT_FT4540", 0.38, 1,    162.387,   -6.5,   0.74016, 2,    162.386, -126.5,   0.74016, 3,    162.386,  113.5,   0.74016
"SCN_CN15_9033_CEI076_BT_FM1167", 0.38, 1,    172.915,   -5.7,   0.78815, 2,    172.915, -125.7,   0.78815, 3,    172.915,  114.3,   0.78815
"SCN_CN15_9062_CEIRJ006_ATV_BT_FT4337", 0.38, 1,    162.373,   -6.5,    0.7401, 2,    162.373, -126.5,    0.7401, 3,    162.373,  113.5,    0.7401
"SCN_CN15_9004_CEI160A_ATV_BT_FZ1178", 0.38, 1,      161.4,   -6.9,   0.73567, 2,      161.4, -126.9,   0.73567, 3,      161.4,  113.1,   0.73567
"SCN_CN15_9088_CEI201_ATV_BT_FM0467", 0.38, 1,    165.313,   -6.3,    0.7535, 2,    165.313, -126.3,    0.7535, 3,    165.313,  113.7,    0.7535
"SCN_CN15_9089_CEI148_ATV_BT_FZ0352", 0.38, 1,    159.451,   -7.2,   0.72678, 2,    159.451, -127.2,   0.72678, 3,    159.451,  112.8,   0.72678
"SCN_CN15_9090_CEI072_BT_FX8571", 0.38, 1,    186.153,   -4.7,   0.84849, 2,    186.153, -124.7,   0.84849, 3,    186.153,  115.3,   0.84849
"SCN_CN15_9269_CEI109_BT_FX2235", 0.38, 1,    161.587,   -6.9,   0.73652, 2,    161.587, -126.9,   0.73652, 3,    161.587,  113.1,   0.73652
"SCN_CN15_9300_CEI250_ATV_BT_FT4707", 0.38, 1,    181.523,   -5.1,   0.82739, 2,    181.523, -125.1,   0.82739, 3,    181.523,  114.9,   0.82739
"SCN_CN15_9280_CEI250_ATV_BT_FP8842", 0.38, 1,    180.019,   -5.2,   0.82053, 2,    180.019, -125.2,   0.82053, 3,    180.019,  114.8,   0.82053
"SCN_CN15_9284_CEI250_ATV_BT_FIC1354", 0.38, 1,    180.246,   -5.2,   0.82157, 2,    180.246, -125.2,   0.82157, 3,    180.246,  114.8,   0.82157
"SCN_CN15_9090_CEI230_ATV_BT_FP0932", 0.38, 1,    163.124,   -6.4,   0.74352, 2,    163.124, -126.4,   0.74352, 3,    163.124,  113.6,   0.74352
"SCN_CN15_9090_CEI77A_ATV_BT_FT4553", 0.38, 1,    190.917,   -4.4,    0.8702, 2,    190.917, -124.4,    0.8702, 3,    190.917,  115.6,    0.8702
"SCN_CN15_9113_CEI77A_ATV_BT_FIC1311", 0.38, 1,    191.126,   -4.4,   0.87116, 2,    191.126, -124.4,   0.87116, 3,    191.126,  115.6,   0.87116
"SCN_CN15_9092_CEI148_ATV_BT_FZ3218", 0.38, 1,    159.451,   -7.2,   0.72678, 2,    159.451, -127.2,   0.72678, 3,    159.451,  112.8,   0.72678
"SCN_CN15_9291_CEI250_ATV_BT_FZ7535", 0.38, 1,    179.545,   -5.2,   0.81837, 2,    179.545, -125.2,   0.81837, 3,    179.545,  114.8,   0.81837
"SCN_CN15_9320_CEI109_BT_FT4514", 0.38, 1,     160.63,   -7.0,   0.73216, 2,     160.63, -127.0,   0.73216, 3,     160.63,  113.0,   0.73216
"SCN_CN15_9090_CEI220_ATV_BT_FT4746", 0.38, 1,    163.169,   -6.7,   0.74373, 2,    163.169, -126.7,   0.74373, 3,    163.169,  113.3,   0.74373
"SCN_CN15_9075_CEI230_ATV_BT_FF0617", 0.38, 1,    163.135,   -6.4,   0.74357, 2,    163.135, -126.4,   0.74357, 3,    163.135,  113.6,   0.74357
"SCN_CN15_9041_CEIRJ006_ATV_BT_FX0253", 0.38, 1,    190.823,   -4.4,   0.86978, 2,    190.823, -124.4,   0.86978, 3,    190.823,  115.6,   0.86978
"SCN_CN15_9057_CEI072_BT_FX4665", 0.38, 1,    184.221,   -4.9,   0.83969, 2,    184.221, -124.9,   0.83968, 3,    184.221,  115.1,   0.83968
"SCN_CN15_9147_CEI201_ATV_BT_FX2167", 0.38, 1,    166.237,   -6.2,   0.75771, 2,    166.237, -126.2,   0.75771, 3,    166.237,  113.8,   0.75771
"SCN_CN15_9043_CEI130_ATV_BT_FIC1266", 0.38, 1,    165.099,   -6.4,   0.75253, 2,    165.099, -126.4,   0.75252, 3,    165.099,  113.6,   0.75252
"SCN_CN15_9043_CEI77A_ATV_BT_FP0917", 0.38, 1,    190.718,   -4.4,    0.8693, 2,    190.718, -124.4,    0.8693, 3,    190.718,  115.6,    0.8693
"SCN_CN15_9044_CEI148_ATV_BT_FU4754", 0.38, 1,     165.05,   -6.3,    0.7523, 2,     165.05, -126.3,    0.7523, 3,     165.05,  113.7,    0.7523
"SCN_CN15_9046_CEI250_ATV_BT_FZ4924", 0.38, 1,     173.33,   -5.6,   0.79004, 2,     173.33, -125.6,   0.79004, 3,     173.33,  114.4,   0.79004
"SCN_CN15_9045_CEI130A_ATV_BT_FP0925", 0.38, 1,    172.431,   -5.7,   0.78595, 2,    172.431, -125.7,   0.78595, 3,    172.431,  114.3,   0.78595
"SCN_CN15_9045_CEIRJ006_ATV_BT_FP4393", 0.38, 1,    190.819,   -4.4,   0.86976, 2,    190.819, -124.4,   0.86976, 3,    190.819,  115.6,   0.86976
"SCN_CN15_9046_CEI075_BT_FZ2701", 0.38, 1,     163.13,   -6.4,   0.74355, 2,     163.13, -126.4,   0.74355, 3,     163.13,  113.6,   0.74355
"SCN_CN15_9046_CEI148A_ATV_BT_FX4501", 0.38, 1,    159.739,   -7.2,    0.7281, 2,    159.739, -127.2,   0.72809, 3,    159.739,  112.8,   0.72809
"SCN_CN15_9030_CEI230B_ATV_BT_FX0998", 0.38, 1,    162.465,   -6.5,   0.74052, 2,    162.465, -126.5,   0.74052, 3,    162.465,  113.5,   0.74052
"SCN_CN15_9030_CEI77A_ATV_BT_FF0609", 0.38, 1,    190.743,   -4.4,   0.86941, 2,    190.743, -124.4,   0.86941, 3,    190.743,  115.6,   0.86941
"SCN_CN15_9031_CEI220_ATV_BT_FX2329", 0.38, 1,    161.988,   -6.8,   0.73835, 2,    161.988, -126.8,   0.73835, 3,    161.988,  113.2,   0.73835
"SCN_CN15_9033_CEI230B_ATV_BT_FX2129", 0.38, 1,     162.42,   -6.5,   0.74032, 2,     162.42, -126.5,   0.74031, 3,     162.42,  113.5,   0.74031
"SCN_CN15_9033_CEI77A_ATV_BT_FP0913", 0.38, 1,    190.737,   -4.4,   0.86939, 2,    190.737, -124.4,   0.86938, 3,    190.737,  115.6,   0.86938
"SCN_CN15_9033_CEIRJ006_ATV_BT_FX2578", 0.38, 1,    190.674,   -4.4,    0.8691, 2,    190.674, -124.4,    0.8691, 3,    190.674,  115.6,    0.8691
"SCN_CN15_9061_CEIRJ006_ATV_BT_FT6096", 0.38, 1,    162.336,   -6.5,   0.73993, 2,    162.335, -126.5,   0.73993, 3,    162.335,  113.5,   0.73993
"SCN_CN15_9010_CEI121_BT_FZ0575", 0.38, 1,    161.902,   -6.8,   0.73795, 2,    161.902, -126.8,   0.73795, 3,    161.902,  113.2,   0.73795
"SCN_CN15_9011_CEI072_BT_FX3393", 0.38, 1,    183.055,   -5.0,   0.83437, 2,    183.055, -125.0,   0.83437, 3,    183.055,  115.0,   0.83437
"SCN_CN15_9094_CEI070_BT_FX8595", 0.38, 1,    178.278,   -5.3,   0.81259, 2,    178.277, -125.3,   0.81259, 3,    178.277,  114.7,   0.81259
"SCN_CN15_9094_CEI148_ATV_BT_FX0252", 0.38, 1,    159.758,   -7.2,   0.72818, 2,    159.758, -127.2,   0.72818, 3,    159.758,  112.8,   0.72818
"SCN_CN15_9095_CEI131_ATV_BT_FP0954", 0.38, 1,    162.508,   -6.7,   0.74072, 2,    162.508, -126.7,   0.74071, 3,    162.508,  113.3,   0.74071
"SCN_CN15_9095_CEI230_ATV_BT_FF0616", 0.38, 1,    164.652,   -6.3,   0.75049, 2,    164.651, -126.3,   0.75049, 3,    164.651,  113.7,   0.75049
"SCN_CN15_9096_CEI148_ATV_BT_FP4396", 0.38, 1,    159.757,   -7.2,   0.72818, 2,    159.756, -127.2,   0.72817, 3,    159.756,  112.8,   0.72817
"SCN_CN15_9096_CEI77A_ATV_BT_FM0378F", 0.38, 1,    191.168,   -4.4,   0.87135, 2,    191.167, -124.4,   0.87135, 3,    191.167,  115.6,   0.87135
"SCN_CN15_9302_CEI109_BT_FT4704", 0.38, 1,    160.746,   -7.0,   0.73269, 2,    160.746, -127.0,   0.73269, 3,    160.746,  113.0,   0.73269
"SCN_CN15_9093_CEI076_BT_FX5102", 0.38, 1,    190.823,   -4.4,   0.86977, 2,    190.822, -124.4,   0.86977, 3,    190.822,  115.6,   0.86977
"SCN_CN15_9093_CEI109_BT_FX0204", 0.38, 1,    162.008,   -6.8,   0.73844, 2,    162.008, -126.8,   0.73844, 3,    162.008,  113.2,   0.73844
"SCN_CN15_9101_CEI201_ATV_BT_FT4530", 0.38, 1,    165.004,   -6.3,   0.75209, 2,    165.004, -126.3,   0.75209, 3,    165.004,  113.7,   0.75209
"SCN_CN15_9110_CEI201_ATV_BT_FX2148", 0.38, 1,    165.014,   -6.3,   0.75214, 2,    165.014, -126.3,   0.75214, 3,    165.014,  113.7,   0.75214
"SCN_CN15_9093_CEI148_ATV_BT_FX2946", 0.38, 1,     159.76,   -7.2,   0.72819, 2,     159.76, -127.2,   0.72819, 3,     159.76,  112.8,   0.72819
"SCN_CN15_9061_CEI77A_ATV_BT_FX5275", 0.38, 1,    190.603,   -4.4,   0.86877, 2,    190.603, -124.4,   0.86877, 3,    190.603,  115.6,   0.86877
"SCN_CN15_9159_CEI068_BT_FP1477", 0.38, 1,     173.22,   -5.6,   0.78954, 2,    173.219, -125.6,   0.78954, 3,    173.219,  114.4,   0.78954
"SCN_CN15_9159_CEI230_ATV_BT_FF0624", 0.38, 1,    162.592,   -6.5,    0.7411, 2,    162.591, -126.5,    0.7411, 3,    162.591,  113.5,    0.7411
"SCN_CN15_9162_CEI230_ATV_BT_FX4159", 0.38, 1,    162.678,   -6.4,   0.74149, 2,    162.678, -126.4,   0.74149, 3,    162.678,  113.6,   0.74149
"SCN_CN15_9162_CEI77A_ATV_BT_FT4732", 0.38, 1,    197.939,   -3.9,   0.90221, 2,    197.939, -123.9,   0.90221, 3,    197.939,  116.1,   0.90221
"SCN_CN15_9163_CEI109_BT_FF0655", 0.38, 1,    160.527,   -7.1,   0.73169, 2,    160.527, -127.1,   0.73169, 3,    160.527,  112.9,   0.73169
"SCN_CN15_9163_CEI230_ATV_BT_FP5989", 0.38, 1,    162.705,   -6.4,   0.74161, 2,    162.704, -126.4,   0.74161, 3,    162.704,  113.6,   0.74161
"SCN_CN15_9003_CEI077_BT_FIC1325", 0.38, 1,    201.045,   -3.7,   0.91637, 2,    201.045, -123.7,   0.91637, 3,    201.045,  116.3,   0.91637
"SCN_CN15_9168_CEI230_ATV_BT_FX2120", 0.38, 1,    163.025,   -6.4,   0.74307, 2,    163.025, -126.4,   0.74307, 3,    163.025,  113.6,   0.74307
"SCN_CN15_9166_CEI068_BT_FIC1324", 0.38, 1,    169.804,   -5.9,   0.77397, 2,    169.804, -125.9,   0.77397, 3,    169.804,  114.1,   0.77397
"SCN_CN15_9166_CEI230_ATV_BT_FX2356", 0.38, 1,    162.866,   -6.4,   0.74235, 2,    162.866, -126.4,   0.74235, 3,    162.866,  113.6,   0.74235
"SCN_CN15_9167_CEI230_ATV_BT_FX2116", 0.38, 1,    162.973,   -6.4,   0.74284, 2,    162.973, -126.4,   0.74284, 3,    162.973,  113.6,   0.74284
"SCN_CN15_9169_CEI068_BT_FP6305", 0.38, 1,     169.96,   -5.9,   0.77468, 2,     169.96, -125.9,   0.77468, 3,     169.96,  114.1,   0.77468
"SCN_CN15_9169_CEI230_ATV_BT_FX4158", 0.38, 1,    163.246,   -6.4,   0.74408, 2,    163.246, -126.4,   0.74408, 3,    163.246,  113.6,   0.74408
"SCN_CN15_9170_CEI230_ATV_BT_FF1210", 0.38, 1,    163.126,   -6.4,   0.74353, 2,    163.126, -126.4,   0.74353, 3,    163.126,  113.6,   0.74353
"SCN_CN15_9170_CEI69B_BT_FX8344", 0.38, 1,     165.52,   -6.3,   0.75444, 2,     165.52, -126.3,   0.75444, 3,     165.52,  113.7,   0.75444
"SCN_CN15_9171_CEI69A_BT_FX4290", 0.38, 1,    159.529,   -7.2,   0.72714, 2,    159.529, -127.2,   0.72714, 3,    159.529,  112.8,   0.72714
"SCN_CN15_9172_CEI068_BT_FZ2491", 0.38, 1,    170.889,   -5.8,   0.77892, 2,    170.889, -125.8,   0.77892, 3,    170.889,  114.2,   0.77892
"SCN_CN15_9172_CEI69B_BT_FZ0594", 0.38, 1,    165.512,   -6.3,   0.75441, 2,    165.512, -126.3,   0.75441, 3,    165.512,  113.7,   0.75441
"SCN_CN15_9310_CEI109_BT_FX4152", 0.38, 1,    160.634,   -7.0,   0.73217, 2,    160.634, -127.0,   0.73217, 3,    160.634,  113.0,   0.73217
"SCN_CN15_9319_CEI068_BT_FIC1359", 0.38, 1,    173.121,   -5.6,   0.78909, 2,    173.121, -125.6,   0.78909, 3,    173.121,  114.4,   0.78909
"SCN_CN15_9325_CEI250_ATV_BT_FZ7008", 0.38, 1,    180.623,   -5.2,   0.82328, 2,    180.623, -125.2,   0.82328, 3,    180.623,  114.8,   0.82328
"SCN_CN15_9034_CEI160_ATV_BT_FT4708", 0.38, 1,    165.017,   -6.3,   0.75215, 2,    165.016, -126.3,   0.75215, 3,    165.016,  113.7,   0.75215
"SCN_CN15_9035_CEI148_ATV_BT_FX5452", 0.38, 1,     165.08,   -6.3,   0.75244, 2,     165.08, -126.3,   0.75244, 3,     165.08,  113.7,   0.75244
"SCN_CN15_9035_CEI148A_ATV_BT_FX2929", 0.38, 1,    159.429,   -7.2,   0.72668, 2,    159.429, -127.2,   0.72668, 3,    159.429,  112.8,   0.72668
"SCN_CN15_9035_CEI160_ATV_BT_FT4574", 0.38, 1,    165.508,   -6.3,   0.75439, 2,    165.508, -126.3,   0.75439, 3,    165.508,  113.7,   0.75439
"SCN_CN15_9035_CEI230B_ATV_BT_FF0619", 0.38, 1,    162.402,   -6.5,   0.74023, 2,    162.402, -126.5,   0.74023, 3,    162.402,  113.5,   0.74023
"SCN_CN15_9036_CEI134B_ATV_BT_FP0960", 0.38, 1,     161.43,   -6.9,    0.7358, 2,     161.43, -126.9,    0.7358, 3,     161.43,  113.1,    0.7358
"SCN_CN15_9036_CEI134C_ATV_BT_FIC1259", 0.38, 1,    161.356,   -6.9,   0.73546, 2,    161.355, -126.9,   0.73546, 3,    161.355,  113.1,   0.73546
"SCN_CN15_9173_CEI230_ATV_BT_FX2214", 0.38, 1,     163.13,   -6.4,   0.74355, 2,     163.13, -126.4,   0.74355, 3,     163.13,  113.6,   0.74355
"SCN_CN15_9173_CEI77A_ATV_BT_FIC1327", 0.38, 1,    201.916,   -3.7,   0.92034, 2,    201.916, -123.7,   0.92034, 3,    201.916,  116.3,   0.92034
"SCN_CN15_9187_CEI230_ATV_BT_FT6094", 0.38, 1,     162.34,   -6.5,   0.73995, 2,     162.34, -126.5,   0.73995, 3,     162.34,  113.5,   0.73995
"SCN_CN15_9175_CEI77A_ATV_BT_FX1136", 0.38, 1,    201.915,   -3.7,   0.92033, 2,    201.915, -123.7,   0.92033, 3,    201.915,  116.3,   0.92033
"SCN_CN15_9176_CEI69B_BT_FX2145", 0.38, 1,    165.535,   -6.3,   0.75451, 2,    165.535, -126.3,   0.75451, 3,    165.535,  113.7,   0.75451
"SCN_CN15_9176_CEI77A_ATV_BT_FP0903", 0.38, 1,    201.911,   -3.7,   0.92032, 2,    201.911, -123.7,   0.92031, 3,    201.911,  116.3,   0.92032
"SCN_CN15_9361_CEI109_BT_FIC1365", 0.38, 1,    159.709,   -7.2,   0.72796, 2,    159.708, -127.2,   0.72796, 3,    159.708,  112.8,   0.72796
"SCN_CN15_9005_CEI220_ATV_BT_FIC1213", 0.38, 1,    165.512,   -6.3,   0.75441, 2,    165.512, -126.3,   0.75441, 3,    165.512,  113.7,   0.75441
"SCN_CN15_9005_CEI230B_ATV_BT_FX4161", 0.38, 1,    162.357,   -6.5,   0.74003, 2,    162.357, -126.5,   0.74003, 3,    162.357,  113.5,   0.74003
"SCN_CN15_9006_CEI120_BT_FT4752", 0.38, 1,    163.078,   -6.7,   0.74331, 2,    163.078, -126.7,   0.74331, 3,    163.078,  113.3,   0.74331
"SCN_CN15_9006_CEI134A_ATV_BT_FP6171", 0.38, 1,    161.921,   -6.8,   0.73804, 2,     161.92, -126.8,   0.73804, 3,     161.92,  113.2,   0.73804
"SCN_CN15_9006_CEI230B_ATV_BT_FX9011", 0.38, 1,      162.4,   -6.5,   0.74022, 2,      162.4, -126.5,   0.74022, 3,      162.4,  113.5,   0.74022
"SCN_CN15_9062_CEI201_ATV_BT_FX2278", 0.38, 1,    160.164,   -7.1,   0.73003, 2,    160.164, -127.1,   0.73003, 3,    160.164,  112.9,   0.73003
"SCN_CN15_9063_CEIRJ006_ATV_BT_FF0628", 0.38, 1,    162.415,   -6.5,   0.74029, 2,    162.415, -126.5,   0.74029, 3,    162.415,  113.5,   0.74029
"SCN_CN15_9064_CEI201_ATV_BT_FT4512", 0.38, 1,    160.164,   -7.1,   0.73003, 2,    160.164, -127.1,   0.73003, 3,    160.164,  112.9,   0.73003
"SCN_CN15_9039_CEI201_ATV_BT_FIC1264", 0.38, 1,    159.838,   -7.2,   0.72855, 2,    159.838, -127.2,   0.72855, 3,    159.838,  112.8,   0.72855
"SCN_CN15_9039_CEI69B_BT_FX4761", 0.38, 1,    166.382,   -6.2,   0.75837, 2,    166.382, -126.2,   0.75837, 3,    166.382,  113.8,   0.75837
"SCN_CN15_9047_CEI77A_ATV_BT_FP4289", 0.38, 1,    190.747,   -4.4,   0.86943, 2,    190.747, -124.4,   0.86943, 3,    190.747,  115.6,   0.86943
"SCN_CN15_9040_CEI220_ATV_BT_FT3432", 0.38, 1,     161.99,   -6.8,   0.73835, 2,     161.99, -126.8,   0.73835, 3,     161.99,  113.2,   0.73835
"SCN_CN15_9084_CEI148_ATV_BT_FP8447", 0.38, 1,    159.487,   -7.2,   0.72695, 2,    159.487, -127.2,   0.72695, 3,    159.487,  112.8,   0.72695
"SCN_CN15_9087_CEI230_ATV_BT_FP3973", 0.38, 1,    163.123,   -6.4,   0.74352, 2,    163.123, -126.4,   0.74352, 3,    163.123,  113.6,   0.74352
"SCN_CN15_9066_CEI070_BT_FX2661", 0.38, 1,    176.914,   -5.4,   0.80638, 2,    176.914, -125.4,   0.80638, 3,    176.914,  114.6,   0.80638
"SCN_CN15_9066_CEI148_ATV_BT_FZ2485", 0.38, 1,    165.022,   -6.3,   0.75217, 2,    165.022, -126.3,   0.75217, 3,    165.022,  113.7,   0.75217
"SCN_CN15_9066_CEI77A_ATV_BT_FP1047", 0.38, 1,    190.493,   -4.4,   0.86827, 2,    190.493, -124.4,   0.86827, 3,    190.493,  115.6,   0.86827
"SCN_CN15_9007_CEI075_BT_FZ2700", 0.38, 1,    163.311,   -6.4,   0.74438, 2,    163.311, -126.4,   0.74438, 3,    163.311,  113.6,   0.74438
"SCN_CN15_9007_CEI077_ATV_BT_FT1871", 0.38, 1,    188.851,   -4.5,   0.86079, 2,    188.851, -124.5,   0.86079, 3,    188.851,  115.5,   0.86079
"SCN_CN15_9007_CEI134_ATV_BT_FX9367", 0.38, 1,    161.914,   -6.8,   0.73801, 2,    161.913, -126.8,   0.73801, 3,    161.913,  113.2,   0.73801
"SCN_CN15_9009_CEI148_ATV_BT_FP3985", 0.38, 1,    165.264,   -6.3,   0.75328, 2,    165.263, -126.3,   0.75328, 3,    165.263,  113.7,   0.75328
"SCN_CN15_9009_CEI148A_ATV_BT_FIC1220", 0.38, 1,    159.312,   -7.2,   0.72615, 2,    159.311, -127.2,   0.72615, 3,    159.312,  112.8,   0.72615
"SCN_CN15_9009_CEI230_ATV_BT_FX4746F", 0.38, 1,    190.879,   -4.4,   0.87003, 2,    190.879, -124.4,   0.87003, 3,    190.879,  115.6,   0.87003
"SCN_CN15_9010_CEI134_ATV_BT_FX4289", 0.38, 1,    161.886,   -6.8,   0.73788, 2,    161.886, -126.8,   0.73788, 3,    161.886,  113.2,   0.73788
"SCN_CN15_9010_CEI134C_ATV_BT_FP5934", 0.38, 1,    161.405,   -6.9,   0.73569, 2,    161.405, -126.9,   0.73569, 3,    161.405,  113.1,   0.73569
"SCN_CN15_9007_CEI148A_ATV_BT_FIC1215", 0.38, 1,     159.31,   -7.2,   0.72614, 2,    159.309, -127.2,   0.72614, 3,    159.309,  112.8,   0.72614
"SCN_CN15_9007_CEI77A_ATV_BT_FX0796", 0.38, 1,    190.674,   -4.4,    0.8691, 2,    190.674, -124.4,    0.8691, 3,    190.674,  115.6,    0.8691
"SCN_CN15_9008_CEI134A_ATV_BT_FX4153", 0.38, 1,    161.908,   -6.8,   0.73798, 2,    161.908, -126.8,   0.73798, 3,    161.908,  113.2,   0.73798
"SCN_CN15_9010_CEIRJ006_ATV_BT_FZ3668", 0.38, 1,    180.678,   -5.1,   0.82354, 2,    180.678, -125.1,   0.82354, 3,    180.678,  114.9,   0.82354
"SCN_CN15_9011_CEI77A_ATV_BT_FP4599", 0.38, 1,    190.683,   -4.4,   0.86914, 2,    190.683, -124.4,   0.86914, 3,    190.683,  115.6,   0.86914
"SCN_CN15_9015_CEI077_ATV_BT_FF0574", 0.38, 1,    189.502,   -4.5,   0.86375, 2,    189.502, -124.5,   0.86375, 3,    189.502,  115.5,   0.86375
"SCN_CN15_9011_CEIRJ013_ATV_BT_FX2218", 0.38, 1,    159.877,   -7.2,   0.72872, 2,    159.877, -127.2,   0.72872, 3,    159.877,  112.8,   0.72872
"SCN_CN15_9067_CEI201_ATV_BT_FP4175", 0.38, 1,    159.842,   -7.2,   0.72856, 2,    159.841, -127.2,   0.72856, 3,    159.841,  112.8,   0.72856
"SCN_CN15_9068_CEI068_BT_FZ2494", 0.38, 1,     172.84,   -5.6,   0.78781, 2,     172.84, -125.6,   0.78781, 3,     172.84,  114.4,   0.78781
"SCN_CN15_9068_CEI230_ATV_BT_FT1941", 0.38, 1,    163.122,   -6.4,   0.74351, 2,    163.122, -126.4,   0.74351, 3,    163.122,  113.6,   0.74351
"SCN_CN15_9069_CEI148_ATV_BT_FX0646", 0.38, 1,     165.02,   -6.3,   0.75216, 2,    165.019, -126.3,   0.75216, 3,    165.019,  113.7,   0.75216
"SCN_CN15_9069_CEI230_ATV_BT_FP0935", 0.38, 1,    163.118,   -6.4,    0.7435, 2,    163.118, -126.4,    0.7435, 3,    163.118,  113.6,    0.7435
"SCN_CN15_9180_CEI230_ATV_BT_FT6092", 0.38, 1,    162.355,   -6.5,   0.74002, 2,    162.355, -126.5,   0.74002, 3,    162.355,  113.5,   0.74002
"SCN_CN15_9180_CEI77A_ATV_BT_FZ3625", 0.38, 1,    201.904,   -3.7,   0.92029, 2,    201.904, -123.7,   0.92028, 3,    201.904,  116.3,   0.92028
"SCN_CN15_9181_CEI69A_BT_FP4717", 0.38, 1,    165.507,   -6.3,   0.75438, 2,    165.507, -126.3,   0.75438, 3,    165.507,  113.7,   0.75438
"SCN_CN15_9181_CEI77A_ATV_BT_FT4526", 0.38, 1,    201.922,   -3.7,   0.92037, 2,    201.922, -123.7,   0.92037, 3,    201.922,  116.3,   0.92037
"SCN_CN15_9182_CEI230_ATV_BT_FX0938", 0.38, 1,    162.368,   -6.5,   0.74008, 2,    162.368, -126.5,   0.74008, 3,    162.368,  113.5,   0.74008
"SCN_CN15_9182_CEI77A_ATV_BT_FM1323", 0.38, 1,    202.725,   -3.6,   0.92403, 2,    202.725, -123.6,   0.92403, 3,    202.725,  116.4,   0.92403
"SCN_CN15_9183_CEI068_BT_FZ9202", 0.38, 1,    172.045,   -5.7,   0.78418, 2,    172.044, -125.7,   0.78418, 3,    172.044,  114.3,   0.78418
"SCN_CN15_9183_CEI109_BT_FZ7001", 0.38, 1,    160.534,   -7.1,   0.73172, 2,    160.534, -127.1,   0.73172, 3,    160.534,  112.9,   0.73172
"SCN_CN15_9183_CEI230_ATV_BT_FX3541", 0.38, 1,     162.41,   -6.5,   0.74027, 2,     162.41, -126.5,   0.74027, 3,     162.41,  113.5,   0.74027
"SCN_CN15_9185_CEI69A_BT_FIC1329", 0.38, 1,    165.502,   -6.3,   0.75436, 2,    165.502, -126.3,   0.75436, 3,    165.502,  113.7,   0.75436
"SCN_CN15_9195_CEI230_ATV_BT_FIC1335", 0.38, 1,    159.433,   -7.2,    0.7267, 2,    159.432, -127.2,    0.7267, 3,    159.432,  112.8,    0.7267
"SCN_CN15_9390_CEI109_BT_FZ6420", 0.38, 1,    159.933,   -7.1,   0.72898, 2,    159.932, -127.1,   0.72898, 3,    159.932,  112.9,   0.72898
"SCN_CN15_9025_CEI130_ATV_BT_FZ2056", 0.38, 1,     167.75,   -6.1,   0.76461, 2,     167.75, -126.1,   0.76461, 3,     167.75,  113.9,   0.76461
"SCN_CN15_9039_CEI160_ATV_BT_FX4255", 0.38, 1,    190.719,   -4.4,    0.8693, 2,    190.719, -124.4,    0.8693, 3,    190.719,  115.6,    0.8693
"SCN_CN15_9042_CEI160_ATV_BT_FX3836", 0.38, 1,    189.413,   -4.5,   0.86335, 2,    189.413, -124.5,   0.86335, 3,    189.413,  115.5,   0.86335
"SCN_CN15_9004_CEI109_BT_FIC1207", 0.38, 1,    162.457,   -6.8,   0.74049, 2,    162.457, -126.8,   0.74048, 3,    162.457,  113.2,   0.74048
"SCN_CN15_9004_CEI148A_ATV_BT_FX0738", 0.38, 1,    159.307,   -7.2,   0.72613, 2,    159.307, -127.2,   0.72613, 3,    159.307,  112.8,   0.72613
"SCN_CN15_9004_CEI201_ATV_BT_FIC1210", 0.38, 1,    159.686,   -7.2,   0.72785, 2,    159.686, -127.2,   0.72785, 3,    159.686,  112.8,   0.72785
"SCN_CN15_9004_CEI230_ATV_BT_FX4746", 0.38, 1,    190.891,   -4.4,   0.87009, 2,    190.891, -124.4,   0.87009, 3,    190.891,  115.6,   0.87009
"SCN_CN15_9004_CEIRJ012_ATV_BT_FT4308", 0.38, 1,    189.428,   -4.5,   0.86342, 2,    189.428, -124.5,   0.86342, 3,    189.428,  115.5,   0.86342
"SCN_CN15_9098_CEI131_ATV_BT_FIC1304", 0.38, 1,    162.651,   -6.7,   0.74137, 2,    162.651, -126.7,   0.74137, 3,    162.651,  113.3,   0.74137
"SCN_CN15_9099_CEI77A_ATV_BT_FP7441", 0.38, 1,    191.147,   -4.4,   0.87125, 2,    191.147, -124.4,   0.87125, 3,    191.147,  115.6,   0.87125
"SCN_CN15_9100_CEI201_ATV_BT_FP0948", 0.38, 1,    165.004,   -6.3,   0.75209, 2,    165.004, -126.3,   0.75209, 3,    165.004,  113.7,   0.75209
"SCN_CN15_9101_CEI068_BT_FZ2492", 0.38, 1,    173.659,   -5.6,   0.79154, 2,    173.659, -125.6,   0.79154, 3,    173.659,  114.4,   0.79154
"SCN_CN15_9101_CEI109_BT_FX3717", 0.38, 1,    162.002,   -6.8,   0.73841, 2,    162.002, -126.8,   0.73841, 3,    162.002,  113.2,   0.73841
"SCN_CN15_9101_CEI77A_ATV_BT_FX2951", 0.38, 1,    191.309,   -4.4,   0.87199, 2,    191.309, -124.4,   0.87199, 3,    191.309,  115.6,   0.87199
"SCN_CN15_9102_CEI220_ATV_BT_FIC1309", 0.38, 1,    163.215,   -6.7,   0.74394, 2,    163.215, -126.7,   0.74394, 3,    163.215,  113.3,   0.74394
"SCN_CN15_9103_CEI77A_ATV_BT_FP1062", 0.38, 1,     191.35,   -4.4,   0.87218, 2,     191.35, -124.4,   0.87218, 3,     191.35,  115.6,   0.87218
"SCN_CN15_9104_CEI201_ATV_BT_FX2135", 0.38, 1,    165.007,   -6.3,   0.75211, 2,    165.006, -126.3,    0.7521, 3,    165.006,  113.7,    0.7521
"SCN_CN15_9001_CEI134_ATV_BT_FX9367F", 0.38, 1,    161.933,   -6.8,    0.7381, 2,    161.933, -126.8,    0.7381, 3,    161.933,  113.2,    0.7381
"SCN_CN15_9001_CEI148A_ATV_BT_FF0682", 0.38, 1,    159.304,   -7.2,   0.72611, 2,    159.304, -127.2,   0.72611, 3,    159.304,  112.8,   0.72611
"SCN_CN15_9001_CEI160_ATV_BT_FF0642", 0.38, 1,    165.093,   -6.4,    0.7525, 2,    165.093, -126.4,    0.7525, 3,    165.093,  113.6,    0.7525
"SCN_CN15_9001_CEI230B_ATV_BT_FP4290", 0.38, 1,    162.355,   -6.5,   0.74002, 2,    162.354, -126.5,   0.74002, 3,    162.354,  113.5,   0.74002
"SCN_CN15_9002_CEI077_BT_FZ9396", 0.38, 1,     191.88,   -4.3,    0.8746, 2,     191.88, -124.3,   0.87459, 3,     191.88,  115.7,   0.87459
"SCN_CN15_9002_CEI148_ATV_BT_FX0651", 0.38, 1,    165.295,   -6.3,   0.75342, 2,    165.295, -126.3,   0.75342, 3,    165.295,  113.7,   0.75342
"SCN_CN15_9011_CEI109_BT_FP4697", 0.38, 1,    162.457,   -6.8,   0.74048, 2,    162.457, -126.8,   0.74048, 3,    162.457,  113.2,   0.74048
"SCN_CN15_9011_CEI134B_ATV_BT_FZ0374", 0.38, 1,    161.403,   -6.9,   0.73568, 2,    161.402, -126.9,   0.73568, 3,    161.402,  113.1,   0.73568
"SCN_CN15_9013_CEI201_ATV_BT_FIC1226", 0.38, 1,    159.697,   -7.2,    0.7279, 2,    159.697, -127.2,    0.7279, 3,    159.697,  112.8,    0.7279
"SCN_CN15_9013_CEI69B_BT_FM0148", 0.38, 1,    168.284,   -6.0,   0.76704, 2,    168.283, -126.0,   0.76704, 3,    168.283,  114.0,   0.76704
"SCN_CN15_9014_CEI134_ATV_BT_FP1769", 0.38, 1,     161.92,   -6.8,   0.73804, 2,     161.92, -126.8,   0.73804, 3,     161.92,  113.2,   0.73804
"SCN_CN15_9014_CEI134C_ATV_BT_FP0961", 0.38, 1,     161.38,   -6.9,   0.73557, 2,    161.379, -126.9,   0.73557, 3,    161.379,  113.1,   0.73557
"SCN_CN15_9019_CEI148A_ATV_BT_FZ1308", 0.38, 1,    159.367,   -7.2,    0.7264, 2,    159.367, -127.2,    0.7264, 3,    159.367,  112.8,    0.7264
"SCN_CN15_9019_CEI201_ATV_BT_FIC1237", 0.38, 1,    159.715,   -7.2,   0.72799, 2,    159.715, -127.2,   0.72798, 3,    159.715,  112.8,   0.72799
"SCN_CN15_9019_CEIRJ006_ATV_BT_FX5299", 0.38, 1,    180.624,   -5.2,   0.82329, 2,    180.624, -125.2,   0.82329, 3,    180.624,  114.8,   0.82329
"SCN_CN15_9028_CEI077_ATV_BT_FP3435", 0.38, 1,     190.73,   -4.4,   0.86935, 2,    190.729, -124.4,   0.86935, 3,     190.73,  115.6,   0.86935
"SCN_CN15_9020_CEI070_BT_FZ0706", 0.38, 1,     177.58,   -5.3,   0.80941, 2,     177.58, -125.3,   0.80941, 3,     177.58,  114.7,   0.80941
"SCN_CN15_9014_CEI148_ATV_BT_FIC1228", 0.38, 1,    165.206,   -6.3,   0.75302, 2,    165.206, -126.3,   0.75301, 3,    165.206,  113.7,   0.75301
"SCN_CN15_9014_CEI230_ATV_BT_FP0908", 0.38, 1,    190.899,   -4.4,   0.87013, 2,    190.899, -124.4,   0.87012, 3,    190.899,  115.6,   0.87012
"SCN_CN15_9014_CEI69A_BT_FP3539", 0.38, 1,    159.341,   -7.2,   0.72628, 2,     159.34, -127.2,   0.72628, 3,     159.34,  112.8,   0.72628
"SCN_CN15_9014_CEI77A_ATV_BT_FX2657", 0.38, 1,    190.671,   -4.4,   0.86908, 2,    190.671, -124.4,   0.86908, 3,    190.671,  115.6,   0.86908
"SCN_CN15_9015_CEI074_BT_FX3665", 0.38, 1,    162.337,   -6.5,   0.73994, 2,    162.337, -126.5,   0.73994, 3,    162.337,  113.5,   0.73994
"SCN_CN15_9016_CEI076_BT_FX0674", 0.38, 1,    173.002,   -5.6,   0.78855, 2,    173.002, -125.6,   0.78855, 3,    173.002,  114.4,   0.78855
"SCN_CN15_9016_CEI120_BT_FP7641", 0.38, 1,    163.238,   -6.7,   0.74404, 2,    163.238, -126.7,   0.74404, 3,    163.238,  113.3,   0.74404
"SCN_CN15_9107_CEI201_ATV_BT_FP3835", 0.38, 1,     165.01,   -6.3,   0.75212, 2,     165.01, -126.3,   0.75212, 3,     165.01,  113.7,   0.75212
"SCN_CN15_9107_CEI220_ATV_BT_FZ5767", 0.38, 1,    163.218,   -6.7,   0.74395, 2,    163.217, -126.7,   0.74395, 3,    163.217,  113.3,   0.74395
"SCN_CN15_9107_CEI77A_ATV_BT_FP5672F", 0.38, 1,     191.27,   -4.3,   0.87181, 2,     191.27, -124.3,   0.87181, 3,     191.27,  115.7,   0.87181
"SCN_CN15_9126_CEI230_ATV_BT_FP1048", 0.38, 1,    163.129,   -6.4,   0.74355, 2,    163.129, -126.4,   0.74355, 3,    163.129,  113.6,   0.74355
"SCN_CN15_9108_CEI77A_ATV_BT_FZ5107", 0.38, 1,    191.264,   -4.3,   0.87179, 2,    191.264, -124.3,   0.87179, 3,    191.264,  115.7,   0.87179
"SCN_CN15_9110_CEI77A_ATV_BT_FZ2046", 0.38, 1,    191.221,   -4.3,   0.87159, 2,    191.221, -124.3,   0.87159, 3,    191.221,  115.7,   0.87159
"SCN_CN15_9111_CEI77A_ATV_BT_FX2727", 0.38, 1,    191.175,   -4.4,   0.87138, 2,    191.175, -124.4,   0.87138, 3,    191.175,  115.6,   0.87138
"SCN_CN15_9342_CEI109_BT_FIC1360", 0.38, 1,    159.841,   -7.2,   0.72856, 2,     159.84, -127.2,   0.72856, 3,     159.84,  112.8,   0.72856
"SCN_CN15_9441_CEI109_BT_FX1604", 0.38, 1,    161.143,   -7.0,   0.73449, 2,    161.143, -127.0,   0.73449, 3,    161.143,  113.0,   0.73449
"SCN_CN15_9449_CEI109_BT_FX1603", 0.38, 1,    161.148,   -7.0,   0.73452, 2,    161.147, -127.0,   0.73451, 3,    161.147,  113.0,   0.73451
"SCN_CN15_9047_CEI076_BT_FT7531", 0.38, 1,    172.899,   -5.7,   0.78808, 2,    172.898, -125.7,   0.78808, 3,    172.898,  114.3,   0.78808
"SCN_CN15_9047_CEI148A_ATV_BT_FT4516", 0.38, 1,    159.713,   -7.2,   0.72798, 2,    159.713, -127.2,   0.72798, 3,    159.713,  112.8,   0.72798
"SCN_CN15_9047_CEI220_ATV_BT_FT6088", 0.38, 1,    161.992,   -6.8,   0.73836, 2,    161.992, -126.8,   0.73836, 3,    161.992,  113.2,   0.73836
"SCN_CN15_9048_CEI148A_ATV_BT_FIC1269", 0.38, 1,    159.697,   -7.2,    0.7279, 2,    159.696, -127.2,    0.7279, 3,    159.696,  112.8,    0.7279
"SCN_CN15_9049_CEI160_ATV_BT_FP4339", 0.38, 1,    189.418,   -4.5,   0.86337, 2,    189.418, -124.5,   0.86337, 3,    189.418,  115.5,   0.86337
"SCN_CN15_9049_CEI201_ATV_BT_FT4307", 0.38, 1,    159.917,   -7.2,    0.7289, 2,    159.916, -127.2,    0.7289, 3,    159.916,  112.8,    0.7289
"SCN_CN15_9049_CEI250_ATV_BT_FP4729", 0.38, 1,    173.328,   -5.6,   0.79004, 2,    173.328, -125.6,   0.79004, 3,    173.328,  114.4,   0.79004
"SCN_CN15_9050_CEI201_ATV_BT_FX4123", 0.38, 1,    159.917,   -7.2,    0.7289, 2,    159.916, -127.2,    0.7289, 3,    159.916,  112.8,    0.7289
"SCN_CN15_9051_CEI070_BT_FX4729", 0.38, 1,    175.562,   -5.5,   0.80022, 2,    175.562, -125.5,   0.80021, 3,    175.562,  114.5,   0.80022
"SCN_CN15_9051_CEI201_ATV_BT_FP5949", 0.38, 1,    159.905,   -7.2,   0.72885, 2,    159.905, -127.2,   0.72885, 3,    159.905,  112.8,   0.72885
"SCN_CN15_9051_CEI69B_BT_FZ2488", 0.38, 1,    165.802,   -6.2,   0.75573, 2,    165.802, -126.2,   0.75573, 3,    165.802,  113.8,   0.75573
"SCN_CN15_9051_CEI77A_ATV_BT_FIC1272", 0.38, 1,    190.735,   -4.4,   0.86938, 2,    190.735, -124.4,   0.86938, 3,    190.735,  115.6,   0.86938
"SCN_CN15_9002_CEI160_ATV_BT_FX0209", 0.38, 1,    165.093,   -6.4,    0.7525, 2,    165.093, -126.4,    0.7525, 3,    165.093,  113.6,    0.7525
"SCN_CN15_9003_CEI121_BT_FZ1960", 0.38, 1,      161.9,   -6.8,   0.73795, 2,      161.9, -126.8,   0.73795, 3,      161.9,  113.2,   0.73795
"SCN_CN15_9016_CEI134_ATV_BT_FP0957", 0.38, 1,    161.546,   -6.9,   0.73633, 2,    161.546, -126.9,   0.73633, 3,    161.546,  113.1,   0.73633
"SCN_CN15_9112_CEI201_ATV_BT_FP0949", 0.38, 1,    165.013,   -6.3,   0.75213, 2,    165.013, -126.3,   0.75213, 3,    165.013,  113.7,   0.75213
"SCN_CN15_9113_CEI076_BT_FX5486", 0.38, 1,    190.819,   -4.4,   0.86976, 2,    190.819, -124.4,   0.86976, 3,    190.819,  115.6,   0.86976
"SCN_CN15_9114_CEI072_BT_FX8501", 0.38, 1,    186.717,   -4.7,   0.85106, 2,    186.716, -124.7,   0.85106, 3,    186.717,  115.3,   0.85106
"SCN_CN15_9115_CEI230_ATV_BT_FP1063", 0.38, 1,    164.449,   -6.3,   0.74956, 2,    164.449, -126.3,   0.74956, 3,    164.449,  113.7,   0.74956
"SCN_CN15_9116_CEI109_BT_FIC1312", 0.38, 1,    161.992,   -6.8,   0.73836, 2,    161.991, -126.8,   0.73836, 3,    161.991,  113.2,   0.73836
"SCN_CN15_9125_CEI77A_ATV_BT_FP5542", 0.38, 1,    190.868,   -4.4,   0.86998, 2,    190.868, -124.4,   0.86998, 3,    190.868,  115.6,   0.86998
"SCN_CN15_9124_CEI109_BT_FT4565", 0.38, 1,    160.517,   -7.1,   0.73164, 2,    160.517, -127.1,   0.73164, 3,    160.517,  112.9,   0.73164
"SCN_CN15_9128_CEI230_ATV_BT_FX2215", 0.38, 1,    163.076,   -6.4,    0.7433, 2,    163.075, -126.4,    0.7433, 3,    163.075,  113.6,    0.7433
"SCN_CN15_9128_CEI77A_ATV_BT_FP1390", 0.38, 1,    190.828,   -4.4,    0.8698, 2,    190.828, -124.4,    0.8698, 3,    190.828,  115.6,    0.8698
"SCN_CN15_9131_CEI230_ATV_BT_FX2289", 0.38, 1,     162.88,   -6.4,   0.74241, 2,     162.88, -126.4,   0.74241, 3,     162.88,  113.6,   0.74241
"SCN_CN15_9414_CEI109_BT_FIC1373", 0.38, 1,    160.329,   -7.1,   0.73079, 2,    160.329, -127.1,   0.73078, 3,    160.329,  112.9,   0.73079
"SCN_CN15_9022_CEIRJ006_ATV_BT_FIC1147", 0.38, 1,    186.995,   -4.7,   0.85233, 2,    186.995, -124.7,   0.85233, 3,    186.995,  115.3,   0.85233
"SCN_CN15_9428_CEI109_BT_FX2287", 0.38, 1,    161.168,   -7.0,   0.73461, 2,    161.167, -127.0,    0.7346, 3,    161.167,  113.0,   0.73461
"SCN_CN15_9187_CEI77A_ATV_BT_FZ0752", 0.38, 1,    205.564,   -3.3,   0.93697, 2,    205.564, -123.3,   0.93697, 3,    205.564,  116.7,   0.93697
"SCN_CN15_9189_CEI068_BT_FZ1784", 0.38, 1,    172.473,   -5.7,   0.78614, 2,    172.473, -125.7,   0.78614, 3,    172.473,  114.3,   0.78614
"SCN_CN15_9189_CEI69B_BT_FIC1331", 0.38, 1,    165.556,   -6.3,   0.75461, 2,    165.556, -126.3,   0.75461, 3,    165.556,  113.7,   0.75461
"SCN_CN15_9190_CEI77A_ATV_BT_FZ0516", 0.38, 1,    207.287,   -3.1,   0.94482, 2,    207.287, -123.1,   0.94482, 3,    207.287,  116.9,   0.94482
"SCN_CN15_9020_CEI120_BT_FX9765", 0.38, 1,     163.25,   -6.7,    0.7441, 2,    163.249, -126.7,    0.7441, 3,    163.249,  113.3,    0.7441
"SCN_CN15_9020_CEI130_ATV_BT_FP5556", 0.38, 1,    167.801,   -6.1,   0.76484, 2,    167.801, -126.1,   0.76484, 3,    167.801,  113.9,   0.76484
"SCN_CN15_9020_CEI134C_ATV_BT_FIC1238", 0.38, 1,    161.366,   -6.9,   0.73551, 2,    161.366, -126.9,   0.73551, 3,    161.366,  113.1,   0.73551
"SCN_CN15_9016_CEI160_ATV_BT_FX2219", 0.38, 1,    159.877,   -7.2,   0.72872, 2,    159.877, -127.2,   0.72872, 3,    159.877,  112.8,   0.72872
"SCN_CN15_9017_CEI077_ATV_BT_FIC1230", 0.38, 1,     190.21,   -4.4,   0.86698, 2,     190.21, -124.4,   0.86698, 3,     190.21,  115.6,   0.86698
"SCN_CN15_9021_CEI148_ATV_BT_FX2133", 0.38, 1,    165.177,   -6.3,   0.75288, 2,    165.177, -126.3,   0.75288, 3,    165.177,  113.7,   0.75288
"SCN_CN15_9003_CEI160A_ATV_BT_FF0689", 0.38, 1,    161.905,   -6.8,   0.73797, 2,    161.905, -126.8,   0.73797, 3,    161.905,  113.2,   0.73797
"SCN_CN15_9003_CEI230B_ATV_BT_FX2293", 0.38, 1,    162.356,   -6.5,   0.74002, 2,    162.355, -126.5,   0.74002, 3,    162.355,  113.5,   0.74002
"SCN_CN15_9008_CEI201_ATV_BT_FIC1217", 0.38, 1,    159.687,   -7.2,   0.72786, 2,    159.686, -127.2,   0.72786, 3,    159.686,  112.8,   0.72786
"SCN_CN15_9008_CEIRJ006_ATV_BT_FT5509", 0.38, 1,    176.931,   -5.4,   0.80645, 2,     176.93, -125.4,   0.80645, 3,     176.93,  114.6,   0.80645
"SCN_CN15_9009_CEI077_ATV_BT_FT4559", 0.38, 1,    188.844,   -4.5,   0.86075, 2,    188.843, -124.5,   0.86075, 3,    188.843,  115.5,   0.86075
"SCN_CN15_9009_CEI134_ATV_BT_FT4551", 0.38, 1,     161.92,   -6.8,   0.73804, 2,     161.92, -126.8,   0.73804, 3,     161.92,  113.2,   0.73804
"SCN_CN15_9132_CEI201_ATV_BT_FX4280", 0.38, 1,    165.061,   -6.3,   0.75235, 2,    165.061, -126.3,   0.75235, 3,    165.061,  113.7,   0.75235
"SCN_CN15_9133_CEI77A_ATV_BT_FP4677", 0.38, 1,    192.442,   -4.3,   0.87715, 2,    192.441, -124.3,   0.87715, 3,    192.442,  115.7,   0.87715
"SCN_CN15_9143_CEI109_BT_FP3273", 0.38, 1,    161.989,   -6.8,   0.73835, 2,    161.989, -126.8,   0.73835, 3,    161.989,  113.2,   0.73835
"SCN_CN15_9143_CEI201_ATV_BT_FX4536", 0.38, 1,    165.978,   -6.2,   0.75653, 2,    165.978, -126.2,   0.75653, 3,    165.978,  113.8,   0.75653
"SCN_CN15_9143_CEI230_ATV_BT_FP0939", 0.38, 1,    162.829,   -6.4,   0.74218, 2,    162.828, -126.4,   0.74218, 3,    162.828,  113.6,   0.74218
"SCN_CN15_9145_CEI230_ATV_BT_FP0938", 0.38, 1,    162.833,   -6.4,    0.7422, 2,    162.833, -126.4,    0.7422, 3,    162.833,  113.6,    0.7422
"SCN_CN15_9145_CEI69B_BT_FF0345", 0.38, 1,    165.521,   -6.3,   0.75445, 2,     165.52, -126.3,   0.75445, 3,     165.52,  113.7,   0.75445
"SCN_CN15_9146_CEI230_ATV_BT_FP0940", 0.38, 1,    162.828,   -6.4,   0.74217, 2,    162.828, -126.4,   0.74217, 3,    162.828,  113.6,   0.74217
"SCN_CN15_9147_CEI220_ATV_BT_FIC1319", 0.38, 1,    163.211,   -6.7,   0.74392, 2,    163.211, -126.7,   0.74392, 3,    163.211,  113.3,   0.74392
"SCN_CN15_9149_CEI77A_ATV_BT_FP0900", 0.38, 1,     193.88,   -4.2,   0.88371, 2,     193.88, -124.2,   0.88371, 3,     193.88,  115.8,   0.88371
"SCN_CN15_9151_CEI230_ATV_BT_FZ1012", 0.38, 1,    162.718,   -6.4,   0.74168, 2,    162.718, -126.4,   0.74167, 3,    162.718,  113.6,   0.74167
"SCN_CN15_9153_CEI109_BT_FZ3480", 0.38, 1,    160.521,   -7.1,   0.73166, 2,    160.521, -127.1,   0.73166, 3,    160.521,  112.9,   0.73166
"SCN_CN15_9153_CEI77A_ATV_BT_FP0898", 0.38, 1,    193.888,   -4.2,   0.88375, 2,    193.888, -124.2,   0.88375, 3,    193.888,  115.8,   0.88375
"SCN_CN15_9157_CEI230_ATV_BT_FZ1013", 0.38, 1,    162.717,   -6.4,   0.74167, 2,    162.716, -126.4,   0.74167, 3,    162.716,  113.6,   0.74167
"SCN_CN15_9157_CEI77A_ATV_BT_FZ1687", 0.38, 1,      195.2,   -4.1,   0.88973, 2,      195.2, -124.1,   0.88973, 3,      195.2,  115.9,   0.88973
"SCN_CN15_9158_CEI109_BT_FT4756", 0.38, 1,    160.523,   -7.1,   0.73167, 2,    160.523, -127.1,   0.73167, 3,    160.523,  112.9,   0.73167
"SCN_CN15_9158_CEI230_ATV_BT_FP0943", 0.38, 1,    162.592,   -6.5,    0.7411, 2,    162.592, -126.5,    0.7411, 3,    162.592,  113.5,    0.7411
"SCN_CN15_9021_CEI077_ATV_BT_FX5490", 0.38, 1,    190.777,   -4.4,   0.86957, 2,    190.777, -124.4,   0.86957, 3,    190.777,  115.6,   0.86957
"SCN_CN15_9021_CEI134C_ATV_BT_FP1609", 0.38, 1,     161.36,   -6.9,   0.73548, 2,     161.36, -126.9,   0.73548, 3,     161.36,  113.1,   0.73548
"SCN_CN15_9021_CEIRJ006_ATV_BT_FX2548", 0.38, 1,    186.768,   -4.7,   0.85129, 2,    186.768, -124.7,   0.85129, 3,    186.768,  115.3,   0.85129
"SCN_CN15_9020_CEI134A_ATV_BT_FT1997", 0.38, 1,    161.726,   -6.8,   0.73715, 2,    161.726, -126.8,   0.73715, 3,    161.726,  113.2,   0.73715
"SCN_CN15_9018_CEI220_ATV_BT_FF0652", 0.38, 1,    161.159,   -7.0,   0.73457, 2,    161.159, -127.0,   0.73457, 3,    161.159,  113.0,   0.73457
"SCN_CN15_9018_CEI77A_ATV_BT_FIC1236", 0.38, 1,    190.691,   -4.4,   0.86918, 2,    190.691, -124.4,   0.86918, 3,    190.691,  115.6,   0.86918
"SCN_CN15_9017_CEI148A_ATV_BT_FZ7337", 0.38, 1,    159.339,   -7.2,   0.72627, 2,    159.338, -127.2,   0.72627, 3,    159.339,  112.8,   0.72627
"SCN_CN15_9017_CEI69A_BT_FZ2481", 0.38, 1,    159.343,   -7.2,   0.72629, 2,    159.342, -127.2,   0.72629, 3,    159.342,  112.8,   0.72629
