Bus, BasekV, Node1, Magnitude1, Angle1, pu1, Node2, Magnitude2, Angle2, pu2, Node3, Magnitude3, Angle3, pu3
"SCN_CN15_9199_CEI77A_ATV", 13.8, 1,    7947.62,   -0.2,   0.99751, 2,    7947.62, -120.2,   0.99751, 3,    7947.62,  119.8,   0.99751
"SCN_CN15_9153_CEI109", 13.8, 1,    6878.31,   -2.7,    0.8633, 2,     6878.3, -122.7,    0.8633, 3,     6878.3,  117.3,    0.8633
"SCN_CN15_9154_CEI109", 13.8, 1,    6878.33,   -2.7,   0.86331, 2,    6878.32, -122.7,    0.8633, 3,    6878.31,  117.3,    0.8633
"SCN_CN15_9098_CEI131_ATV", 13.8, 1,    6925.69,   -2.5,   0.86925, 2,    6925.68, -122.5,   0.86925, 3,    6925.68,  117.5,   0.86925
"SCN_CN15_9097_CEI131_ATV", 13.8, 1,     6925.7,   -2.5,   0.86925, 2,    6925.69, -122.5,   0.86925, 3,    6925.68,  117.5,   0.86925
"SCN_CN15_9079_CEI201_ATV", 13.8, 1,    6978.77,   -2.3,   0.87591, 2,    6978.76, -122.3,   0.87591, 3,    6978.76,  117.7,   0.87591
"SCN_CN15_9080_CEI201_ATV", 13.8, 1,    6978.77,   -2.3,   0.87591, 2,    6978.75, -122.3,   0.87591, 3,    6978.75,  117.7,   0.87591
"SCN_CN15_9356_CEI109", 13.8, 1,     6862.7,   -2.8,   0.86134, 2,    6862.69, -122.8,   0.86134, 3,    6862.69,  117.2,   0.86134
"SCN_CN15_9349_CEI109", 13.8, 1,    6862.97,   -2.8,   0.86138, 2,    6862.96, -122.8,   0.86138, 3,    6862.96,  117.2,   0.86138
"SCN_CN15_9039_CEI201_ATV", 13.8, 1,     6863.1,   -2.8,   0.86139, 2,    6863.09, -122.8,   0.86139, 3,    6863.09,  117.2,   0.86139
"SCN_CN15_9021_CEI201_ATV", 13.8, 1,    6860.65,   -2.8,   0.86109, 2,    6860.63, -122.8,   0.86108, 3,    6860.63,  117.2,   0.86108
"SCN_CN15_9022_CEI201_ATV", 13.8, 1,    6860.76,   -2.8,    0.8611, 2,    6860.74, -122.8,    0.8611, 3,    6860.74,  117.2,    0.8611
"SCN_CN15_9274_CEI109", 13.8, 1,    6901.26,   -2.6,   0.86618, 2,    6901.25, -122.6,   0.86618, 3,    6901.24,  117.4,   0.86618
"SCN_CN15_9275_CEI109", 13.8, 1,     6900.5,   -2.7,   0.86609, 2,    6900.49, -122.7,   0.86609, 3,    6900.49,  117.3,   0.86609
"SCN_CN15_9269_CEI109", 13.8, 1,    6902.01,   -2.6,   0.86628, 2,    6901.99, -122.6,   0.86628, 3,    6901.99,  117.4,   0.86628
"SCN_CN15_9053_CEI201_ATV", 13.8, 1,     6864.3,   -2.8,   0.86155, 2,    6864.29, -122.8,   0.86154, 3,    6864.29,  117.2,   0.86154
"SCN_CN15_9485_CEI109", 13.8, 1,    6864.32,   -2.8,   0.86155, 2,     6864.3, -122.8,   0.86154, 3,     6864.3,  117.2,   0.86154
"SCN_CN15_421165_CEI", 13.8, 1,    6985.72,   -2.3,   0.87678, 2,     6985.7, -122.3,   0.87678, 3,     6985.7,  117.7,   0.87678
"SCN_CN15_421166_CEI", 13.8, 1,     6986.1,   -2.3,   0.87683, 2,    6986.09, -122.3,   0.87683, 3,    6986.09,  117.7,   0.87683
"SCN_CN15_9143_CEI69B", 13.8, 1,    6986.44,   -2.3,   0.87687, 2,    6986.43, -122.3,   0.87687, 3,    6986.43,  117.7,   0.87687
"SCN_CN15_9141_CEI201_ATV", 13.8, 1,    6985.72,   -2.3,   0.87678, 2,     6985.7, -122.3,   0.87678, 3,     6985.7,  117.7,   0.87678
"SCN_CN15_9129_CEI201_ATV", 13.8, 1,    6989.22,   -2.3,   0.87722, 2,    6989.21, -122.3,   0.87722, 3,    6989.21,  117.7,   0.87722
"SCN_CN15_9008_CEI220_ATV", 13.8, 1,    6989.22,   -2.3,   0.87722, 2,    6989.21, -122.3,   0.87722, 3,    6989.21,  117.7,   0.87722
"SCN_CN15_421168_CEI", 13.8, 1,     6921.6,   -2.6,   0.86874, 2,    6921.59, -122.6,   0.86874, 3,    6921.59,  117.4,   0.86874
"SCN_CN15_9015_CEI109", 13.8, 1,     6921.6,   -2.6,   0.86874, 2,    6921.59, -122.6,   0.86874, 3,    6921.59,  117.4,   0.86874
"SCN_CN15_421185_CEI", 13.8, 1,    6940.78,   -2.5,   0.87114, 2,    6940.77, -122.5,   0.87114, 3,    6940.77,  117.5,   0.87114
"SCN_CN15_9162_CEI220_ATV_S", 13.8, 1,    6939.79,   -2.5,   0.87102, 2,    6939.78, -122.5,   0.87102, 3,    6939.78,  117.5,   0.87102
"SCN_CN15_421186_CEI", 13.8, 1,    6941.52,   -2.5,   0.87124, 2,    6941.51, -122.5,   0.87124, 3,    6941.51,  117.5,   0.87124
"SCN_CN15_421187_CEI", 13.8, 1,    6942.39,   -2.5,   0.87135, 2,    6942.38, -122.5,   0.87134, 3,    6942.38,  117.5,   0.87134
"SCN_CN15_421169_CEI", 13.8, 1,    6943.63,   -2.5,    0.8715, 2,    6943.62, -122.5,    0.8715, 3,    6943.62,  117.5,    0.8715
"SCN_CN15_9012_CEI120", 13.8, 1,     6942.9,   -2.5,   0.87141, 2,    6942.89, -122.5,   0.87141, 3,    6942.89,  117.5,   0.87141
"SCN_CN15_421170_CEI", 13.8, 1,    6949.41,   -2.5,   0.87223, 2,     6949.4, -122.5,   0.87223, 3,     6949.4,  117.5,   0.87223
"SCN_CN15_421171_CEI", 13.8, 1,    6949.41,   -2.5,   0.87223, 2,     6949.4, -122.5,   0.87223, 3,     6949.4,  117.5,   0.87223
"SCN_CN15_421172_CEI", 13.8, 1,    6949.41,   -2.5,   0.87223, 2,     6949.4, -122.5,   0.87223, 3,     6949.4,  117.5,   0.87223
"SCN_CN15_421173_CEI", 13.8, 1,    6949.41,   -2.5,   0.87223, 2,     6949.4, -122.5,   0.87223, 3,     6949.4,  117.5,   0.87223
"SCN_CN15_421174_CEI", 13.8, 1,    6949.41,   -2.5,   0.87223, 2,     6949.4, -122.5,   0.87223, 3,     6949.4,  117.5,   0.87223
"SCN_CN15_421175_CEI", 13.8, 1,    6954.45,   -2.5,   0.87286, 2,    6954.44, -122.5,   0.87286, 3,    6954.43,  117.5,   0.87286
"SCN_CN15_421176_CEI", 13.8, 1,    6954.45,   -2.5,   0.87286, 2,    6954.44, -122.5,   0.87286, 3,    6954.43,  117.5,   0.87286
"SCN_CN15_421177_CEI", 13.8, 1,    6954.45,   -2.5,   0.87286, 2,    6954.44, -122.5,   0.87286, 3,    6954.43,  117.5,   0.87286
"SCN_CN15_421178_CEI", 13.8, 1,    6954.45,   -2.5,   0.87286, 2,    6954.44, -122.5,   0.87286, 3,    6954.43,  117.5,   0.87286
"SCN_CN15_421179_CEI", 13.8, 1,    6965.12,   -2.4,    0.8742, 2,    6965.11, -122.4,    0.8742, 3,     6965.1,  117.6,    0.8742
"SCN_CN15_9047_CEI130_ATV", 13.8, 1,       6980,   -2.4,   0.87607, 2,    6979.99, -122.4,   0.87606, 3,    6979.99,  117.6,   0.87606
"SCN_CN15_421180_CEI", 13.8, 1,       6980,   -2.4,   0.87607, 2,    6979.99, -122.4,   0.87606, 3,    6979.99,  117.6,   0.87606
"SCN_CN15_9037_CEI130_ATV", 13.8, 1,    7005.59,   -2.3,   0.87928, 2,    7005.58, -122.3,   0.87928, 3,    7005.58,  117.7,   0.87928
"SCN_CN15_9047_CEI130_ATV_S", 13.8, 1,       6980,   -2.4,   0.87607, 2,    6979.99, -122.4,   0.87606, 3,    6979.99,  117.6,   0.87606
"SCN_CN15_421181_CEI", 13.8, 1,    7011.02,   -2.3,   0.87996, 2,    7011.01, -122.3,   0.87996, 3,    7011.01,  117.7,   0.87996
"SCN_CN15_9040_CEI130_ATV", 13.8, 1,    7011.02,   -2.3,   0.87996, 2,    7011.01, -122.3,   0.87996, 3,    7011.01,  117.7,   0.87996
"SCN_CN15_421182_CEI", 13.8, 1,    7011.02,   -2.3,   0.87996, 2,    7011.01, -122.3,   0.87996, 3,    7011.01,  117.7,   0.87996
"SCN_CN15_421183_CEI", 13.8, 1,    7011.02,   -2.3,   0.87996, 2,    7011.01, -122.3,   0.87996, 3,    7011.01,  117.7,   0.87996
"SCN_CN15_421184_CEI", 13.8, 1,    7011.02,   -2.3,   0.87996, 2,    7011.01, -122.3,   0.87996, 3,    7011.01,  117.7,   0.87996
"SCN_CN15_421195_CEI", 13.8, 1,    7035.83,   -2.2,   0.88307, 2,    7035.82, -122.2,   0.88307, 3,    7035.81,  117.8,   0.88307
"SCN_CN15_9022_CEI250_ATV", 13.8, 1,    7034.76,   -2.2,   0.88294, 2,    7034.75, -122.2,   0.88294, 3,    7034.75,  117.8,   0.88294
"SCN_CN15_421196_CEI", 13.8, 1,    7037.33,   -2.2,   0.88326, 2,    7037.32, -122.2,   0.88326, 3,    7037.32,  117.8,   0.88326
"SCN_CN15_9025_CEI130_ATV", 13.8, 1,    7038.56,   -2.2,   0.88342, 2,    7038.55, -122.2,   0.88341, 3,    7038.55,  117.8,   0.88341
"SCN_CN15_421197_CEI", 13.8, 1,    6979.82,   -2.4,   0.87604, 2,    6979.81, -122.4,   0.87604, 3,    6979.81,  117.6,   0.87604
"SCN_CN15_9004_CEI160_ATV", 13.8, 1,    6979.82,   -2.4,   0.87604, 2,    6979.81, -122.4,   0.87604, 3,    6979.81,  117.6,   0.87604
"SCN_CN15_9005_CEI160_ATV", 13.8, 1,    6979.82,   -2.4,   0.87604, 2,    6979.81, -122.4,   0.87604, 3,    6979.81,  117.6,   0.87604
"SCN_CN15_9017_CEI130A_ATV", 13.8, 1,    7142.81,   -1.9,    0.8965, 2,     7142.8, -121.9,    0.8965, 3,     7142.8,  118.1,    0.8965
"SCN_CN15_421206_CEI", 13.8, 1,    7142.81,   -1.9,    0.8965, 2,     7142.8, -121.9,    0.8965, 3,     7142.8,  118.1,    0.8965
"SCN_CN15_9034_CEI130A_ATV", 13.8, 1,    7142.14,   -1.9,   0.89642, 2,    7142.13, -121.9,   0.89642, 3,    7142.13,  118.1,   0.89642
"SCN_CN15_421207_CEI", 13.8, 1,    7142.14,   -1.9,   0.89642, 2,    7142.13, -121.9,   0.89642, 3,    7142.13,  118.1,   0.89642
"SCN_CN15_421208_CEI", 13.8, 1,    7142.14,   -1.9,   0.89642, 2,    7142.13, -121.9,   0.89642, 3,    7142.13,  118.1,   0.89642
"SCN_CN15_421209_CEI", 13.8, 1,    7142.14,   -1.9,   0.89642, 2,    7142.13, -121.9,   0.89642, 3,    7142.13,  118.1,   0.89642
"SCN_CN15_421210_CEI", 13.8, 1,    7142.14,   -1.9,   0.89642, 2,    7142.13, -121.9,   0.89642, 3,    7142.13,  118.1,   0.89642
"SCN_CN15_421211_CEI", 13.8, 1,    7142.14,   -1.9,   0.89642, 2,    7142.13, -121.9,   0.89642, 3,    7142.13,  118.1,   0.89642
"SCN_CN15_421212_CEI", 13.8, 1,    7142.14,   -1.9,   0.89642, 2,    7142.13, -121.9,   0.89642, 3,    7142.13,  118.1,   0.89642
"SCN_CN15_9040_CEI130A_ATV", 13.8, 1,    7142.09,   -1.9,   0.89641, 2,    7142.08, -121.9,   0.89641, 3,    7142.08,  118.1,   0.89641
"SCN_CN15_421213_CEI", 13.8, 1,    7142.09,   -1.9,   0.89641, 2,    7142.08, -121.9,   0.89641, 3,    7142.08,  118.1,   0.89641
"SCN_CN15_421218_CEI", 13.8, 1,    7145.93,   -1.9,   0.89689, 2,    7145.92, -121.9,   0.89689, 3,    7145.92,  118.1,   0.89689
"SCN_CN15_9353_CEI065", 13.8, 1,    7145.93,   -1.9,   0.89689, 2,    7145.92, -121.9,   0.89689, 3,    7145.92,  118.1,   0.89689
"SCN_CN15_421219_CEI", 13.8, 1,    7145.93,   -1.9,   0.89689, 2,    7145.92, -121.9,   0.89689, 3,    7145.92,  118.1,   0.89689
"CN_ALCN15", 13.8, 1,    7145.93,   -1.9,   0.89689, 2,    7145.92, -121.9,   0.89689, 3,    7145.92,  118.1,   0.89689
"SCN_CN15_421227_CEI", 13.8, 1,    6919.34,   -2.4,   0.86845, 2,    6919.33, -122.4,   0.86845, 3,    6919.32,  117.6,   0.86845
"SCN_CN15_9006_CEIRJ013_ATV", 13.8, 1,    6919.34,   -2.4,   0.86845, 2,    6919.33, -122.4,   0.86845, 3,    6919.32,  117.6,   0.86845
"SCN_CN15_9067_CEIRJ006_ATV", 13.8, 1,    6921.11,   -2.4,   0.86867, 2,     6921.1, -122.4,   0.86867, 3,    6921.09,  117.6,   0.86867
"SCN_CN15_9064_CEIRJ006_ATV", 13.8, 1,    6921.11,   -2.4,   0.86867, 2,     6921.1, -122.4,   0.86867, 3,    6921.09,  117.6,   0.86867
"SCN_CN15_421241_CEI", 13.8, 1,    6921.11,   -2.4,   0.86867, 2,     6921.1, -122.4,   0.86867, 3,    6921.09,  117.6,   0.86867
"SCN_CN15_9068_CEIRJ006_ATV", 13.8, 1,    6921.11,   -2.4,   0.86867, 2,     6921.1, -122.4,   0.86867, 3,    6921.09,  117.6,   0.86867
"SCN_CN15_9050_CEI160_ATV", 13.8, 1,    7515.99,   -1.2,   0.94334, 2,    7515.98, -121.2,   0.94334, 3,    7515.98,  118.8,   0.94334
"SCN_CN15_9014_CEI077_ATV", 13.8, 1,    7516.37,   -1.2,   0.94339, 2,    7516.37, -121.2,   0.94339, 3,    7516.37,  118.8,   0.94339
"SCN_CN15_9052_CEI160_ATV", 13.8, 1,    7515.99,   -1.2,   0.94334, 2,    7515.98, -121.2,   0.94334, 3,    7515.98,  118.8,   0.94334
"SCN_CN15_421244_CEI", 13.8, 1,    7515.62,   -1.2,   0.94329, 2,    7515.62, -121.2,   0.94329, 3,    7515.62,  118.8,   0.94329
"SCN_CN15_421245_CEI", 13.8, 1,    7515.24,   -1.2,   0.94325, 2,    7515.24, -121.2,   0.94324, 3,    7515.24,  118.8,   0.94324
"SCN_CN15_9005_CEIRJ012_ATV_S", 13.8, 1,    7514.88,   -1.2,    0.9432, 2,    7514.87, -121.2,    0.9432, 3,    7514.88,  118.8,    0.9432
"SCN_CN15_9024_CEI167_ATV", 13.8, 1,    7536.17,   -1.1,   0.94587, 2,    7536.16, -121.1,   0.94587, 3,    7536.16,  118.9,   0.94587
"SCN_CN15_9025_CEI167_ATV", 13.8, 1,    7536.17,   -1.1,   0.94587, 2,    7536.16, -121.1,   0.94587, 3,    7536.16,  118.9,   0.94587
"SCN_CN15_9002_CEIRJ013_ATV", 13.8, 1,    7536.17,   -1.1,   0.94587, 2,    7536.16, -121.1,   0.94587, 3,    7536.16,  118.9,   0.94587
"SCN_CN15_9037_CEI77A_ATV", 13.8, 1,       7544,   -1.1,   0.94685, 2,    7543.99, -121.1,   0.94685, 3,       7544,  118.9,   0.94685
"SCN_CN15_9035_CEIRJ006_ATV", 13.8, 1,       7544,   -1.1,   0.94685, 2,    7543.99, -121.1,   0.94685, 3,       7544,  118.9,   0.94685
"SCN_CN15_9036_CEIRJ006_ATV", 13.8, 1,       7544,   -1.1,   0.94685, 2,    7543.99, -121.1,   0.94685, 3,       7544,  118.9,   0.94685
"SCN_CN15_9105_CEI201_ATV", 13.8, 1,    6978.26,   -2.3,   0.87585, 2,    6978.25, -122.3,   0.87585, 3,    6978.25,  117.7,   0.87585
"SCN_CN15_9102_CEI201_ATV_S", 13.8, 1,    6978.21,   -2.3,   0.87584, 2,     6978.2, -122.3,   0.87584, 3,     6978.2,  117.7,   0.87584
"SCN_CN15_9017_CEI201_ATV", 13.8, 1,    6860.29,   -2.8,   0.86104, 2,    6860.27, -122.8,   0.86104, 3,    6860.27,  117.2,   0.86104
"SCN_CN15_9019_CEI201_ATV", 13.8, 1,    6860.36,   -2.8,   0.86105, 2,    6860.35, -122.8,   0.86105, 3,    6860.35,  117.2,   0.86105
"SCN_CN15_9019_CEI134C_ATV", 13.8, 1,    6897.25,   -2.6,   0.86568, 2,    6897.24, -122.6,   0.86568, 3,    6897.24,  117.4,   0.86568
"SCN_CN15_9020_CEI134C_ATV", 13.8, 1,    6897.24,   -2.6,   0.86568, 2,    6897.23, -122.6,   0.86568, 3,    6897.23,  117.4,   0.86568
"SCN_CN15_9022_CEI134C_ATV", 13.8, 1,    6897.13,   -2.6,   0.86567, 2,    6897.12, -122.6,   0.86566, 3,    6897.12,  117.4,   0.86566
"SCN_CN15_9021_CEI134C_ATV", 13.8, 1,     6897.1,   -2.6,   0.86566, 2,    6897.09, -122.6,   0.86566, 3,    6897.09,  117.4,   0.86566
"SCN_CN15_9023_CEI134C_ATV", 13.8, 1,    6897.09,   -2.6,   0.86566, 2,    6897.07, -122.6,   0.86566, 3,    6897.07,  117.4,   0.86566
"SCN_CN15_9034_CEI134C_ATV", 13.8, 1,    6897.05,   -2.6,   0.86566, 2,    6897.04, -122.6,   0.86565, 3,    6897.04,  117.4,   0.86565
"SCN_CN15_9035_CEI134C_ATV", 13.8, 1,    6897.03,   -2.6,   0.86565, 2,    6897.01, -122.6,   0.86565, 3,    6897.01,  117.4,   0.86565
"SCN_CN15_9036_CEI134C_ATV", 13.8, 1,       6897,   -2.6,   0.86565, 2,    6896.99, -122.6,   0.86565, 3,    6896.99,  117.4,   0.86565
"SCN_CN15_9024_CEI134B_ATV", 13.8, 1,    6899.17,   -2.6,   0.86592, 2,    6899.16, -122.6,   0.86592, 3,    6899.15,  117.4,   0.86592
"SCN_CN15_9027_CEI134B_ATV", 13.8, 1,    6899.15,   -2.6,   0.86592, 2,    6899.14, -122.6,   0.86592, 3,    6899.14,  117.4,   0.86592
"SCN_CN15_9026_CEI134B_ATV", 13.8, 1,    6899.14,   -2.6,   0.86592, 2,    6899.13, -122.6,   0.86592, 3,    6899.13,  117.4,   0.86592
"SCN_CN15_9028_CEI134B_ATV", 13.8, 1,    6899.14,   -2.6,   0.86592, 2,    6899.12, -122.6,   0.86592, 3,    6899.12,  117.4,   0.86592
"SCN_CN15_9011_CEI134_ATV", 13.8, 1,    6908.76,   -2.6,   0.86712, 2,    6908.74, -122.6,   0.86712, 3,    6908.74,  117.4,   0.86712
"SCN_CN15_9009_CEI134A_ATV", 13.8, 1,    6908.33,   -2.6,   0.86707, 2,    6908.31, -122.6,   0.86707, 3,    6908.31,  117.4,   0.86707
"SCN_CN15_9002_CEI134_ATV", 13.8, 1,    6909.81,   -2.6,   0.86726, 2,     6909.8, -122.6,   0.86725, 3,    6909.79,  117.4,   0.86725
"SCN_CN15_9003_CEI134_ATV", 13.8, 1,    6909.82,   -2.6,   0.86726, 2,    6909.81, -122.6,   0.86726, 3,    6909.81,  117.4,   0.86726
"SCN_CN15_9101_CEI109", 13.8, 1,    6911.33,   -2.6,   0.86745, 2,    6911.31, -122.6,   0.86745, 3,    6911.31,  117.4,   0.86745
"SCN_CN15_9102_CEI109", 13.8, 1,     6911.3,   -2.6,   0.86744, 2,    6911.29, -122.6,   0.86744, 3,    6911.29,  117.4,   0.86744
"SCN_CN15_9103_CEI109", 13.8, 1,    6911.29,   -2.6,   0.86744, 2,    6911.27, -122.6,   0.86744, 3,    6911.27,  117.4,   0.86744
"SCN_CN15_9104_CEI109", 13.8, 1,    6911.27,   -2.6,   0.86744, 2,    6911.26, -122.6,   0.86744, 3,    6911.26,  117.4,   0.86744
"SCN_CN15_9105_CEI109", 13.8, 1,    6911.25,   -2.6,   0.86744, 2,    6911.24, -122.6,   0.86744, 3,    6911.24,  117.4,   0.86744
"SCN_CN15_9106_CEI109", 13.8, 1,    6911.24,   -2.6,   0.86744, 2,    6911.23, -122.6,   0.86743, 3,    6911.23,  117.4,   0.86743
"SCN_CN15_9108_CEI109", 13.8, 1,    6911.22,   -2.6,   0.86743, 2,    6911.21, -122.6,   0.86743, 3,    6911.21,  117.4,   0.86743
"SCN_CN15_9109_CEI109", 13.8, 1,     6911.2,   -2.6,   0.86743, 2,    6911.19, -122.6,   0.86743, 3,    6911.19,  117.4,   0.86743
"SCN_CN15_9110_CEI109", 13.8, 1,    6911.19,   -2.6,   0.86743, 2,    6911.17, -122.6,   0.86743, 3,    6911.17,  117.4,   0.86743
"SCN_CN15_9111_CEI109", 13.8, 1,    6911.17,   -2.6,   0.86743, 2,    6911.16, -122.6,   0.86743, 3,    6911.16,  117.4,   0.86743
"SCN_CN15_9112_CEI109", 13.8, 1,    6911.16,   -2.6,   0.86743, 2,    6911.15, -122.6,   0.86742, 3,    6911.15,  117.4,   0.86742
"SCN_CN15_9113_CEI109", 13.8, 1,    6911.15,   -2.6,   0.86742, 2,    6911.14, -122.6,   0.86742, 3,    6911.13,  117.4,   0.86742
"SCN_CN15_9114_CEI109", 13.8, 1,    6911.13,   -2.6,   0.86742, 2,    6911.12, -122.6,   0.86742, 3,    6911.12,  117.4,   0.86742
"SCN_CN15_9115_CEI109", 13.8, 1,     6911.1,   -2.6,   0.86742, 2,    6911.09, -122.6,   0.86742, 3,    6911.09,  117.4,   0.86742
"SCN_CN15_9116_CEI109", 13.8, 1,    6911.09,   -2.6,   0.86742, 2,    6911.08, -122.6,   0.86742, 3,    6911.08,  117.4,   0.86742
"SCN_CN15_9010_CEI120", 13.8, 1,     6941.6,   -2.5,   0.87125, 2,    6941.59, -122.5,   0.87124, 3,    6941.58,  117.5,   0.87124
"SCN_CN15_9011_CEI120", 13.8, 1,    6942.64,   -2.5,   0.87138, 2,    6942.63, -122.5,   0.87138, 3,    6942.63,  117.5,   0.87138
"SCN_CN15_9045_CEI130_ATV", 13.8, 1,    6979.95,   -2.4,   0.87606, 2,    6979.94, -122.4,   0.87606, 3,    6979.94,  117.6,   0.87606
"SCN_CN15_9044_CEI130_ATV", 13.8, 1,    6979.94,   -2.4,   0.87606, 2,    6979.93, -122.4,   0.87606, 3,    6979.93,  117.6,   0.87606
"SCN_CN15_9043_CEI130_ATV", 13.8, 1,    6979.91,   -2.4,   0.87605, 2,    6979.89, -122.4,   0.87605, 3,    6979.89,  117.6,   0.87605
"SCN_CN15_9014_CEI69B", 13.8, 1,    7046.52,   -2.1,   0.88442, 2,    7046.51, -122.1,   0.88441, 3,    7046.51,  117.9,   0.88441
"SCN_CN15_9015_CEI69B", 13.8, 1,    7046.91,   -2.1,   0.88446, 2,     7046.9, -122.1,   0.88446, 3,     7046.9,  117.9,   0.88446
"SCN_CN15_9559_CEI109", 13.8, 1,    6906.18,   -2.6,    0.8668, 2,    6906.16, -122.6,    0.8668, 3,    6906.16,  117.4,    0.8668
"SCN_CN15_9570_CEI109", 13.8, 1,    6906.17,   -2.6,    0.8668, 2,    6906.16, -122.6,    0.8668, 3,    6906.16,  117.4,    0.8668
"SCN_CN15_9558_CEI109", 13.8, 1,    6909.04,   -2.6,   0.86716, 2,    6909.03, -122.6,   0.86716, 3,    6909.03,  117.4,   0.86716
"SCN_CN15_9560_CEI109", 13.8, 1,    6904.06,   -2.6,   0.86654, 2,    6904.05, -122.6,   0.86653, 3,    6904.05,  117.4,   0.86653
"SCN_CN15_9555_CEI109", 13.8, 1,    6912.34,   -2.6,   0.86757, 2,    6912.32, -122.6,   0.86757, 3,    6912.32,  117.4,   0.86757
"SCN_CN15_9552_CEI109", 13.8, 1,    6914.77,   -2.6,   0.86788, 2,    6914.75, -122.6,   0.86788, 3,    6914.75,  117.4,   0.86788
"SCN_CN15_9550_CEI109", 13.8, 1,    6916.89,   -2.6,   0.86815, 2,    6916.88, -122.6,   0.86814, 3,    6916.88,  117.4,   0.86814
"SCN_CN15_9548_CEI109", 13.8, 1,    6918.92,   -2.6,    0.8684, 2,    6918.91, -122.6,    0.8684, 3,    6918.91,  117.4,    0.8684
"SCN_CN15_9017_CEI109", 13.8, 1,    6921.69,   -2.6,   0.86875, 2,    6921.68, -122.6,   0.86875, 3,    6921.68,  117.4,   0.86875
"SCN_CN15_9548_CEI109_S", 13.8, 1,    6918.92,   -2.6,    0.8684, 2,    6918.91, -122.6,    0.8684, 3,    6918.91,  117.4,    0.8684
"SCN_CN15_9016_CEI109", 13.8, 1,    6921.64,   -2.6,   0.86874, 2,    6921.62, -122.6,   0.86874, 3,    6921.62,  117.4,   0.86874
"SCN_CN15_9014_CEI109", 13.8, 1,    6921.55,   -2.6,   0.86873, 2,    6921.54, -122.6,   0.86873, 3,    6921.54,  117.4,   0.86873
"SCN_CN15_9013_CEI109", 13.8, 1,    6921.51,   -2.6,   0.86873, 2,     6921.5, -122.6,   0.86872, 3,     6921.5,  117.4,   0.86872
"SCN_CN15_9012_CEI109", 13.8, 1,    6921.46,   -2.6,   0.86872, 2,    6921.44, -122.6,   0.86872, 3,    6921.44,  117.4,   0.86872
"SCN_CN15_9008_CEI109", 13.8, 1,    6921.41,   -2.6,   0.86871, 2,     6921.4, -122.6,   0.86871, 3,     6921.4,  117.4,   0.86871
"SCN_CN15_9009_CEI109", 13.8, 1,    6921.39,   -2.6,   0.86871, 2,    6921.37, -122.6,   0.86871, 3,    6921.37,  117.4,   0.86871
"SCN_CN15_9010_CEI109", 13.8, 1,    6921.37,   -2.6,   0.86871, 2,    6921.36, -122.6,   0.86871, 3,    6921.36,  117.4,   0.86871
"SCN_CN15_9011_CEI109", 13.8, 1,    6921.35,   -2.6,    0.8687, 2,    6921.33, -122.6,    0.8687, 3,    6921.33,  117.4,    0.8687
"SCN_CN15_9547_CEI109", 13.8, 1,    6918.88,   -2.6,    0.8684, 2,    6918.87, -122.6,   0.86839, 3,    6918.87,  117.4,   0.86839
"SCN_CN15_9007_CEI109", 13.8, 1,    6921.39,   -2.6,   0.86871, 2,    6921.38, -122.6,   0.86871, 3,    6921.38,  117.4,   0.86871
"SCN_CN15_9006_CEI109", 13.8, 1,    6921.38,   -2.6,   0.86871, 2,    6921.37, -122.6,   0.86871, 3,    6921.37,  117.4,   0.86871
"SCN_CN15_9005_CEI109", 13.8, 1,    6921.37,   -2.6,   0.86871, 2,    6921.35, -122.6,   0.86871, 3,    6921.35,  117.4,   0.86871
"SCN_CN15_9004_CEI109", 13.8, 1,    6921.36,   -2.6,   0.86871, 2,    6921.34, -122.6,    0.8687, 3,    6921.34,  117.4,    0.8687
"SCN_CN15_9002_CEI109", 13.8, 1,    6989.46,   -2.3,   0.87725, 2,    6989.45, -122.3,   0.87725, 3,    6989.45,  117.7,   0.87725
"SCN_CN15_9003_CEI109", 13.8, 1,    6989.46,   -2.3,   0.87725, 2,    6989.45, -122.3,   0.87725, 3,    6989.45,  117.7,   0.87725
"SCN_CN15_9001_CEI109", 13.8, 1,    6989.46,   -2.3,   0.87725, 2,    6989.45, -122.3,   0.87725, 3,    6989.45,  117.7,   0.87725
"SCN_CN15_9122_CEI201_ATV", 13.8, 1,    6989.46,   -2.3,   0.87725, 2,    6989.45, -122.3,   0.87725, 3,    6989.45,  117.7,   0.87725
"SCN_CN15_9241_CEI109", 13.8, 1,    6879.25,   -2.7,   0.86342, 2,    6879.24, -122.7,   0.86342, 3,    6879.24,  117.3,   0.86342
"SCN_CN15_9204_CEI109", 13.8, 1,    6879.25,   -2.7,   0.86342, 2,    6879.24, -122.7,   0.86342, 3,    6879.24,  117.3,   0.86342
"SCN_CN15_9242_CEI109", 13.8, 1,    6879.24,   -2.7,   0.86342, 2,    6879.23, -122.7,   0.86342, 3,    6879.23,  117.3,   0.86342
"SCN_CN15_9243_CEI109", 13.8, 1,    6879.24,   -2.7,   0.86342, 2,    6879.23, -122.7,   0.86342, 3,    6879.22,  117.3,   0.86342
"SCN_CN15_9244_CEI109", 13.8, 1,    6879.23,   -2.7,   0.86342, 2,    6879.22, -122.7,   0.86342, 3,    6879.22,  117.3,   0.86342
"SCN_CN15_9245_CEI109", 13.8, 1,    6879.22,   -2.7,   0.86342, 2,    6879.21, -122.7,   0.86342, 3,    6879.21,  117.3,   0.86342
"SCN_CN15_9190_CEI109", 13.8, 1,    6878.64,   -2.7,   0.86335, 2,    6878.63, -122.7,   0.86334, 3,    6878.63,  117.3,   0.86334
"SCN_CN15_9191_CEI109", 13.8, 1,    6878.63,   -2.7,   0.86334, 2,    6878.62, -122.7,   0.86334, 3,    6878.62,  117.3,   0.86334
"SCN_CN15_9166_CEI109", 13.8, 1,    6878.62,   -2.7,   0.86334, 2,     6878.6, -122.7,   0.86334, 3,     6878.6,  117.3,   0.86334
"SCN_CN15_9167_CEI109", 13.8, 1,    6878.61,   -2.7,   0.86334, 2,     6878.6, -122.7,   0.86334, 3,     6878.6,  117.3,   0.86334
"SCN_CN15_9168_CEI109", 13.8, 1,    6878.61,   -2.7,   0.86334, 2,     6878.6, -122.7,   0.86334, 3,     6878.6,  117.3,   0.86334
"SCN_CN15_9169_CEI109", 13.8, 1,     6878.6,   -2.7,   0.86334, 2,    6878.59, -122.7,   0.86334, 3,    6878.59,  117.3,   0.86334
"SCN_CN15_9183_CEI109", 13.8, 1,     6878.6,   -2.7,   0.86334, 2,    6878.58, -122.7,   0.86334, 3,    6878.58,  117.3,   0.86334
"SCN_CN15_9330_CEI109", 13.8, 1,    6864.11,   -2.8,   0.86152, 2,    6864.09, -122.8,   0.86152, 3,    6864.09,  117.2,   0.86152
"SCN_CN15_9329_CEI109", 13.8, 1,    6864.39,   -2.8,   0.86156, 2,    6864.37, -122.8,   0.86155, 3,    6864.37,  117.2,   0.86155
"SCN_CN15_9328_CEI109", 13.8, 1,    6864.58,   -2.8,   0.86158, 2,    6864.56, -122.8,   0.86158, 3,    6864.56,  117.2,   0.86158
"SCN_CN15_9165_CEI068", 13.8, 1,       7084,   -2.1,   0.88912, 2,    7083.99, -122.1,   0.88912, 3,    7083.99,  117.9,   0.88912
"SCN_CN15_9166_CEI068", 13.8, 1,    7083.97,   -2.1,   0.88912, 2,    7083.96, -122.1,   0.88911, 3,    7083.96,  117.9,   0.88911
"SCN_CN15_9327_CEI109", 13.8, 1,    6864.91,   -2.8,   0.86162, 2,     6864.9, -122.8,   0.86162, 3,     6864.9,  117.2,   0.86162
"SCN_CN15_9399_CEI109", 13.8, 1,    6865.23,   -2.8,   0.86166, 2,    6865.22, -122.8,   0.86166, 3,    6865.22,  117.2,   0.86166
"SCN_CN15_9029_CEI160_ATV", 13.8, 1,    6865.21,   -2.8,   0.86166, 2,     6865.2, -122.8,   0.86166, 3,     6865.2,  117.2,   0.86166
"SCN_CN15_9057_CEI075", 13.8, 1,    6936.27,   -2.4,   0.87058, 2,    6936.26, -122.4,   0.87058, 3,    6936.26,  117.6,   0.87058
"SCN_CN15_9054_CEIRJ006_ATV", 13.8, 1,    6936.27,   -2.4,   0.87058, 2,    6936.25, -122.4,   0.87058, 3,    6936.25,  117.6,   0.87058
"SCN_CN15_9040_CEI77A_ATV", 13.8, 1,    7543.91,   -1.1,   0.94684, 2,     7543.9, -121.1,   0.94684, 3,    7543.91,  118.9,   0.94684
"SCN_CN15_9042_CEI77A_ATV", 13.8, 1,    7543.89,   -1.1,   0.94684, 2,    7543.89, -121.1,   0.94684, 3,    7543.89,  118.9,   0.94684
"SCN_CN15_9043_CEI77A_ATV", 13.8, 1,    7543.88,   -1.1,   0.94684, 2,    7543.87, -121.1,   0.94684, 3,    7543.87,  118.9,   0.94684
"SCN_CN15_9190_CEI77A_ATV", 13.8, 1,     7897.7,   -0.3,   0.99125, 2,     7897.7, -120.3,   0.99125, 3,     7897.7,  119.7,   0.99125
"SCN_CN15_9194_CEI77A_ATV", 13.8, 1,    7904.58,   -0.3,   0.99211, 2,    7904.58, -120.3,   0.99211, 3,    7904.58,  119.7,   0.99211
"SCN_CN15_9195_CEI77A_ATV", 13.8, 1,    7916.26,   -0.3,   0.99358, 2,    7916.26, -120.3,   0.99358, 3,    7916.26,  119.7,   0.99358
"SCN_CN15_9196_CEI77A_ATV", 13.8, 1,    7927.87,   -0.2,   0.99503, 2,    7927.87, -120.2,   0.99503, 3,    7927.87,  119.8,   0.99503
"SCN_CN15_9197_CEI77A_ATV", 13.8, 1,    7940.46,   -0.2,   0.99661, 2,    7940.46, -120.2,   0.99661, 3,    7940.46,  119.8,   0.99661
"SCN_CN15_9198_CEI77A_ATV", 13.8, 1,    7944.35,   -0.2,    0.9971, 2,    7944.34, -120.2,    0.9971, 3,    7944.34,  119.8,    0.9971
"SCN_CN15_9200_CEI77A_ATV", 13.8, 1,    7783.99,   -0.6,   0.97698, 2,    7783.98, -120.6,   0.97698, 3,    7783.98,  119.4,   0.97698
"SCN_CN15_9201_CEI77A_ATV", 13.8, 1,       7784,   -0.6,   0.97698, 2,       7784, -120.6,   0.97698, 3,       7784,  119.4,   0.97698
"SCN_CN15_9039_CEI076", 13.8, 1,     7152.7,   -1.9,   0.89774, 2,    7152.69, -121.9,   0.89774, 3,    7152.69,  118.1,   0.89774
"SCN_CN15_9041_CEI076", 13.8, 1,     7152.7,   -1.9,   0.89774, 2,    7152.69, -121.9,   0.89774, 3,    7152.69,  118.1,   0.89774
"SCN_CN15_9042_CEI076", 13.8, 1,     7152.7,   -1.9,   0.89774, 2,    7152.69, -121.9,   0.89774, 3,    7152.69,  118.1,   0.89774
"SCN_CN15_9044_CEI076", 13.8, 1,     7152.7,   -1.9,   0.89774, 2,    7152.69, -121.9,   0.89774, 3,    7152.69,  118.1,   0.89774
"SCN_CN15_9045_CEI076", 13.8, 1,     7152.7,   -1.9,   0.89774, 2,    7152.69, -121.9,   0.89774, 3,    7152.69,  118.1,   0.89774
"SCN_CN15_9057_CEI068", 13.8, 1,     7149.4,   -1.9,   0.89733, 2,    7149.39, -121.9,   0.89733, 3,    7149.39,  118.1,   0.89733
"SCN_CN15_9058_CEI068", 13.8, 1,     7149.4,   -1.9,   0.89733, 2,    7149.39, -121.9,   0.89733, 3,    7149.39,  118.1,   0.89733
"SCN_CN15_9236_CEI068", 13.8, 1,    7149.39,   -1.9,   0.89733, 2,    7149.39, -121.9,   0.89733, 3,    7149.39,  118.1,   0.89733
"SCN_CN15_9240_CEI068", 13.8, 1,    7149.39,   -1.9,   0.89733, 2,    7149.38, -121.9,   0.89733, 3,    7149.38,  118.1,   0.89733
"SCN_CN15_9063_CEI072", 13.8, 1,    7432.42,   -1.4,   0.93285, 2,    7432.41, -121.4,   0.93285, 3,    7432.41,  118.6,   0.93285
"SCN_CN15_CEI_FL_MT_37442", 13.8, 1,    7432.48,   -1.4,   0.93286, 2,    7432.48, -121.4,   0.93286, 3,    7432.48,  118.6,   0.93286
"SCN_CN15_9088_CEI072", 13.8, 1,    7432.48,   -1.4,   0.93286, 2,    7432.48, -121.4,   0.93286, 3,    7432.48,  118.6,   0.93286
"SCN_CN15_9089_CEI072", 13.8, 1,    7434.75,   -1.3,   0.93314, 2,    7434.74, -121.3,   0.93314, 3,    7434.74,  118.7,   0.93314
"SCN_CN15_9062_CEI072", 13.8, 1,    7429.62,   -1.4,    0.9325, 2,    7429.61, -121.4,    0.9325, 3,    7429.61,  118.6,    0.9325
"SCN_CN15_9061_CEI071", 13.8, 1,    7322.43,   -1.6,   0.91905, 2,    7322.42, -121.6,   0.91904, 3,    7322.43,  118.4,   0.91904
"SCN_CN15_9072_CEI071", 13.8, 1,    7322.41,   -1.6,   0.91904, 2,     7322.4, -121.6,   0.91904, 3,     7322.4,  118.4,   0.91904
"SCN_CN15_9073_CEI071", 13.8, 1,    7322.39,   -1.6,   0.91904, 2,    7322.38, -121.6,   0.91904, 3,    7322.38,  118.4,   0.91904
"SCN_CN15_9075_CEI071", 13.8, 1,    7322.37,   -1.6,   0.91904, 2,    7322.36, -121.6,   0.91904, 3,    7322.36,  118.4,   0.91904
"SCN_CN15_9078_CEI071", 13.8, 1,    7322.35,   -1.6,   0.91904, 2,    7322.35, -121.6,   0.91903, 3,    7322.35,  118.4,   0.91903
"SCN_CN15_9079_CEI071", 13.8, 1,    7322.33,   -1.6,   0.91903, 2,    7322.32, -121.6,   0.91903, 3,    7322.32,  118.4,   0.91903
"SCN_CN15_9080_CEI071", 13.8, 1,    7322.32,   -1.6,   0.91903, 2,    7322.31, -121.6,   0.91903, 3,    7322.31,  118.4,   0.91903
"SCN_CN15_9081_CEI071", 13.8, 1,     7322.3,   -1.6,   0.91903, 2,    7322.29, -121.6,   0.91903, 3,    7322.29,  118.4,   0.91903
"SCN_CN15_9082_CEI071", 13.8, 1,    7322.28,   -1.6,   0.91903, 2,    7322.27, -121.6,   0.91902, 3,    7322.27,  118.4,   0.91902
"SCN_CN15_9083_CEI071", 13.8, 1,    7322.26,   -1.6,   0.91902, 2,    7322.25, -121.6,   0.91902, 3,    7322.25,  118.4,   0.91902
"SCN_CN15_9084_CEI071", 13.8, 1,    7322.24,   -1.6,   0.91902, 2,    7322.23, -121.6,   0.91902, 3,    7322.23,  118.4,   0.91902
"SCN_CN15_9145_CEI220_ATV", 13.8, 1,     6938.2,   -2.5,   0.87082, 2,    6938.18, -122.5,   0.87082, 3,    6938.18,  117.5,   0.87082
"SCN_CN15_9146_CEI220_ATV", 13.8, 1,    6938.15,   -2.5,   0.87081, 2,    6938.13, -122.5,   0.87081, 3,    6938.13,  117.5,   0.87081
"SCN_CN15_9004_CEI220_ATV", 13.8, 1,    6989.36,   -2.3,   0.87724, 2,    6989.35, -122.3,   0.87724, 3,    6989.35,  117.7,   0.87724
"SCN_CN15_9005_CEI220_ATV", 13.8, 1,    6989.36,   -2.3,   0.87724, 2,    6989.35, -122.3,   0.87724, 3,    6989.35,  117.7,   0.87724
"SCN_CN15_9088_CEI201_ATV", 13.8, 1,    6984.96,   -2.3,   0.87669, 2,    6984.94, -122.3,   0.87669, 3,    6984.94,  117.7,   0.87669
"SCN_CN15_9089_CEI201_ATV", 13.8, 1,    6984.96,   -2.3,   0.87669, 2,    6984.95, -122.3,   0.87669, 3,    6984.95,  117.7,   0.87669
"SCN_CN15_9016_CEIRJ003", 13.8, 1,     6985.3,   -2.3,   0.87673, 2,    6985.29, -122.3,   0.87673, 3,    6985.29,  117.7,   0.87673
"SCN_CN15_9089_CEI201_ATV_S", 13.8, 1,    6984.96,   -2.3,   0.87669, 2,    6984.95, -122.3,   0.87669, 3,    6984.95,  117.7,   0.87669
"SCN_CN15_9123_CEI69B", 13.8, 1,    6984.45,   -2.3,   0.87662, 2,    6984.44, -122.3,   0.87662, 3,    6984.43,  117.7,   0.87662
"SCN_CN15_9121_CEI69B", 13.8, 1,    6983.33,   -2.3,   0.87648, 2,    6983.32, -122.3,   0.87648, 3,    6983.32,  117.7,   0.87648
"SCN_CN15_9119_CEI69B", 13.8, 1,    6981.97,   -2.3,   0.87631, 2,    6981.96, -122.3,   0.87631, 3,    6981.96,  117.7,   0.87631
"SCN_CN15_9276_CEI109", 13.8, 1,    6899.57,   -2.7,   0.86597, 2,    6899.56, -122.7,   0.86597, 3,    6899.56,  117.3,   0.86597
"SCN_CN15_9277_CEI109", 13.8, 1,    6898.46,   -2.7,   0.86583, 2,    6898.45, -122.7,   0.86583, 3,    6898.45,  117.3,   0.86583
"SCN_CN15_9118_CEI69B", 13.8, 1,    6980.69,   -2.3,   0.87615, 2,    6980.68, -122.3,   0.87615, 3,    6980.68,  117.7,   0.87615
"SCN_CN15_9114_CEI230_ATV", 13.8, 1,    6977.49,   -2.3,   0.87575, 2,    6977.47, -122.3,   0.87575, 3,    6977.47,  117.7,   0.87575
"SCN_CN15_9113_CEI230_ATV", 13.8, 1,    6975.15,   -2.3,   0.87546, 2,    6975.14, -122.3,   0.87546, 3,    6975.14,  117.7,   0.87546
"SCN_CN15_9112_CEI230_ATV", 13.8, 1,    6970.75,   -2.3,   0.87491, 2,    6970.74, -122.3,    0.8749, 3,    6970.74,  117.7,    0.8749
"SCN_CN15_9111_CEI230_ATV_S", 13.8, 1,    6970.39,   -2.3,   0.87486, 2,    6970.38, -122.3,   0.87486, 3,    6970.38,  117.7,   0.87486
"SCN_CN15_9110_CEI230_ATV", 13.8, 1,    6970.38,   -2.3,   0.87486, 2,    6970.36, -122.3,   0.87486, 3,    6970.36,  117.7,   0.87486
"SCN_CN15_9111_CEI230_ATV", 13.8, 1,    6970.39,   -2.3,   0.87486, 2,    6970.38, -122.3,   0.87486, 3,    6970.38,  117.7,   0.87486
"SCN_CN15_9109_CEI230_ATV", 13.8, 1,    6970.36,   -2.3,   0.87486, 2,    6970.35, -122.3,   0.87486, 3,    6970.35,  117.7,   0.87486
"SCN_CN15_9108_CEI230_ATV", 13.8, 1,    6970.35,   -2.3,   0.87486, 2,    6970.34, -122.3,   0.87485, 3,    6970.34,  117.7,   0.87485
"SCN_CN15_9107_CEI230_ATV", 13.8, 1,    6970.34,   -2.3,   0.87485, 2,    6970.33, -122.3,   0.87485, 3,    6970.33,  117.7,   0.87485
"SCN_CN15_9106_CEI230_ATV", 13.8, 1,    6970.34,   -2.3,   0.87485, 2,    6970.32, -122.3,   0.87485, 3,    6970.32,  117.7,   0.87485
"SCN_CN15_9278_CEI109", 13.8, 1,    6897.48,   -2.7,   0.86571, 2,    6897.47, -122.7,   0.86571, 3,    6897.47,  117.3,   0.86571
"SCN_CN15_9104_CEI230_ATV", 13.8, 1,    6970.33,   -2.3,   0.87485, 2,    6970.32, -122.3,   0.87485, 3,    6970.32,  117.7,   0.87485
"SCN_CN15_9105_CEI230_ATV", 13.8, 1,    6970.32,   -2.3,   0.87485, 2,    6970.31, -122.3,   0.87485, 3,    6970.31,  117.7,   0.87485
"SCN_CN15_9103_CEI230_ATV", 13.8, 1,    6970.31,   -2.3,   0.87485, 2,     6970.3, -122.3,   0.87485, 3,     6970.3,  117.7,   0.87485
"SCN_CN15_9102_CEI230_ATV", 13.8, 1,    6970.31,   -2.3,   0.87485, 2,     6970.3, -122.3,   0.87485, 3,    6970.29,  117.7,   0.87485
"SCN_CN15_9100_CEI230_ATV", 13.8, 1,     6970.3,   -2.3,   0.87485, 2,    6970.29, -122.3,   0.87485, 3,    6970.29,  117.7,   0.87485
"SCN_CN15_9099_CEI230_ATV", 13.8, 1,    6970.29,   -2.3,   0.87485, 2,    6970.28, -122.3,   0.87485, 3,    6970.28,  117.7,   0.87485
"SCN_CN15_9098_CEI230_ATV", 13.8, 1,    6970.29,   -2.3,   0.87485, 2,    6970.28, -122.3,   0.87485, 3,    6970.27,  117.7,   0.87485
"SCN_CN15_9097_CEI230_ATV", 13.8, 1,    6970.28,   -2.3,   0.87485, 2,    6970.27, -122.3,   0.87484, 3,    6970.27,  117.7,   0.87484
"SCN_CN15_9096_CEI230_ATV", 13.8, 1,    6970.27,   -2.3,   0.87485, 2,    6970.26, -122.3,   0.87484, 3,    6970.26,  117.7,   0.87484
"SCN_CN15_9094_CEI230_ATV", 13.8, 1,    6970.27,   -2.3,   0.87485, 2,    6970.26, -122.3,   0.87484, 3,    6970.26,  117.7,   0.87484
"SCN_CN15_9281_CEI109", 13.8, 1,    6896.75,   -2.7,   0.86562, 2,    6896.74, -122.7,   0.86562, 3,    6896.74,  117.3,   0.86562
"SCN_CN15_9095_CEI230_ATV", 13.8, 1,    6970.27,   -2.3,   0.87484, 2,    6970.26, -122.3,   0.87484, 3,    6970.26,  117.7,   0.87484
"SCN_CN15_9120_CEI230_ATV", 13.8, 1,    6965.85,   -2.3,   0.87429, 2,    6965.84, -122.3,   0.87429, 3,    6965.84,  117.7,   0.87429
"SCN_CN15_9115_CEI230_ATV", 13.8, 1,    6965.78,   -2.3,   0.87428, 2,    6965.77, -122.3,   0.87428, 3,    6965.76,  117.7,   0.87428
"SCN_CN15_9119_CEI230_ATV", 13.8, 1,    6961.43,   -2.3,   0.87374, 2,    6961.42, -122.3,   0.87373, 3,    6961.42,  117.7,   0.87373
"SCN_CN15_9331_CEI109", 13.8, 1,    6863.79,   -2.8,   0.86148, 2,    6863.77, -122.8,   0.86148, 3,    6863.77,  117.2,   0.86148
"SCN_CN15_9332_CEI109", 13.8, 1,     6863.6,   -2.8,   0.86146, 2,    6863.59, -122.8,   0.86146, 3,    6863.59,  117.2,   0.86146
"SCN_CN15_9118_CEI230_ATV", 13.8, 1,    6957.08,   -2.3,   0.87319, 2,    6957.07, -122.3,   0.87319, 3,    6957.07,  117.7,   0.87319
"SCN_CN15_9117_CEI230_ATV", 13.8, 1,    6952.57,   -2.3,   0.87262, 2,    6952.55, -122.3,   0.87262, 3,    6952.55,  117.7,   0.87262
"SCN_CN15_9116_CEI230_ATV", 13.8, 1,    6948.28,   -2.3,   0.87209, 2,    6948.27, -122.3,   0.87208, 3,    6948.27,  117.7,   0.87208
"SCN_CN15_9014_CEIRJ003", 13.8, 1,    6944.17,   -2.3,   0.87157, 2,    6944.16, -122.3,   0.87157, 3,    6944.16,  117.7,   0.87157
"SCN_CN15_9002_CEI075", 13.8, 1,    6943.66,   -2.3,    0.8715, 2,    6943.65, -122.3,    0.8715, 3,    6943.64,  117.7,    0.8715
"SCN_CN15_9003_CEI075", 13.8, 1,    6943.11,   -2.3,   0.87144, 2,     6943.1, -122.3,   0.87144, 3,     6943.1,  117.7,   0.87143
"SCN_CN15_9282_CEI109", 13.8, 1,    6896.06,   -2.7,   0.86553, 2,    6896.05, -122.7,   0.86553, 3,    6896.05,  117.3,   0.86553
"SCN_CN15_9004_CEI075", 13.8, 1,    6942.51,   -2.3,   0.87136, 2,     6942.5, -122.3,   0.87136, 3,     6942.5,  117.7,   0.87136
"SCN_CN15_9052_CEIRJ006_ATV", 13.8, 1,     6943.1,   -2.3,   0.87144, 2,    6943.09, -122.3,   0.87143, 3,    6943.09,  117.7,   0.87143
"SCN_CN15_9005_CEI075", 13.8, 1,    6941.88,   -2.3,   0.87128, 2,    6941.87, -122.3,   0.87128, 3,    6941.86,  117.7,   0.87128
"SCN_CN15_9006_CEI075", 13.8, 1,    6941.12,   -2.3,   0.87119, 2,    6941.11, -122.3,   0.87119, 3,    6941.11,  117.7,   0.87119
"SCN_CN15_9007_CEI075", 13.8, 1,    6940.55,   -2.3,   0.87111, 2,    6940.54, -122.3,   0.87111, 3,    6940.53,  117.7,   0.87111
"SCN_CN15_9008_CEI075", 13.8, 1,    6939.83,   -2.3,   0.87102, 2,    6939.82, -122.3,   0.87102, 3,    6939.81,  117.7,   0.87102
"SCN_CN15_9009_CEI075", 13.8, 1,    6939.12,   -2.3,   0.87094, 2,    6939.11, -122.3,   0.87093, 3,     6939.1,  117.7,   0.87093
"SCN_CN15_9169_CEI230_ATV", 13.8, 1,    6939.11,   -2.3,   0.87093, 2,     6939.1, -122.3,   0.87093, 3,     6939.1,  117.7,   0.87093
"SCN_CN15_9010_CEI075", 13.8, 1,    6939.01,   -2.3,   0.87092, 2,       6939, -122.3,   0.87092, 3,       6939,  117.7,   0.87092
"SCN_CN15_9011_CEI075", 13.8, 1,     6938.9,   -2.3,   0.87091, 2,    6938.89, -122.3,   0.87091, 3,    6938.88,  117.7,   0.87091
"SCN_CN15_9012_CEI075", 13.8, 1,    6938.79,   -2.3,   0.87089, 2,    6938.78, -122.3,   0.87089, 3,    6938.77,  117.7,   0.87089
"SCN_CN15_9283_CEI109", 13.8, 1,    6895.02,   -2.7,    0.8654, 2,    6895.01, -122.7,    0.8654, 3,    6895.01,  117.3,    0.8654
"SCN_CN15_9013_CEI075", 13.8, 1,    6938.63,   -2.3,   0.87087, 2,    6938.62, -122.3,   0.87087, 3,    6938.62,  117.7,   0.87087
"SCN_CN15_9014_CEI075", 13.8, 1,    6938.48,   -2.4,   0.87086, 2,    6938.47, -122.4,   0.87085, 3,    6938.47,  117.6,   0.87085
"SCN_CN15_9015_CEI075", 13.8, 1,    6938.34,   -2.4,   0.87084, 2,    6938.33, -122.4,   0.87084, 3,    6938.32,  117.6,   0.87084
"SCN_CN15_9016_CEI075", 13.8, 1,    6938.19,   -2.4,   0.87082, 2,    6938.18, -122.4,   0.87082, 3,    6938.17,  117.6,   0.87082
"SCN_CN15_9017_CEI075", 13.8, 1,    6938.05,   -2.4,    0.8708, 2,    6938.03, -122.4,    0.8708, 3,    6938.03,  117.6,    0.8708
"SCN_CN15_9018_CEI075", 13.8, 1,     6937.9,   -2.4,   0.87078, 2,    6937.88, -122.4,   0.87078, 3,    6937.88,  117.6,   0.87078
"SCN_CN15_9019_CEI075", 13.8, 1,    6937.82,   -2.4,   0.87077, 2,    6937.81, -122.4,   0.87077, 3,     6937.8,  117.6,   0.87077
"SCN_CN15_9020_CEI075", 13.8, 1,    6937.74,   -2.4,   0.87076, 2,    6937.73, -122.4,   0.87076, 3,    6937.73,  117.6,   0.87076
"SCN_CN15_9022_CEI075", 13.8, 1,    6937.61,   -2.4,   0.87075, 2,     6937.6, -122.4,   0.87074, 3,    6937.59,  117.6,   0.87074
"SCN_CN15_9023_CEI075", 13.8, 1,    6937.49,   -2.4,   0.87073, 2,    6937.48, -122.4,   0.87073, 3,    6937.48,  117.6,   0.87073
"SCN_CN15_9284_CEI109", 13.8, 1,    6894.21,   -2.7,    0.8653, 2,    6894.19, -122.7,    0.8653, 3,    6894.19,  117.3,    0.8653
"SCN_CN15_9024_CEI075", 13.8, 1,    6937.34,   -2.4,   0.87071, 2,    6937.33, -122.4,   0.87071, 3,    6937.33,  117.6,   0.87071
"SCN_CN15_9025_CEI075", 13.8, 1,    6937.21,   -2.4,    0.8707, 2,     6937.2, -122.4,   0.87069, 3,     6937.2,  117.6,   0.87069
"SCN_CN15_9072_CEI230_ATV", 13.8, 1,     6937.2,   -2.4,   0.87069, 2,    6937.19, -122.4,   0.87069, 3,    6937.19,  117.6,   0.87069
"SCN_CN15_9028_CEI075", 13.8, 1,    6936.91,   -2.4,   0.87066, 2,     6936.9, -122.4,   0.87066, 3,    6936.89,  117.6,   0.87066
"SCN_CN15_9029_CEI075", 13.8, 1,    6936.84,   -2.4,   0.87065, 2,    6936.83, -122.4,   0.87065, 3,    6936.82,  117.6,   0.87065
"SCN_CN15_9027_CEI075", 13.8, 1,    6936.98,   -2.4,   0.87067, 2,    6936.96, -122.4,   0.87066, 3,    6936.96,  117.6,   0.87066
"SCN_CN15_9026_CEI075", 13.8, 1,    6937.09,   -2.4,   0.87068, 2,    6937.08, -122.4,   0.87068, 3,    6937.08,  117.6,   0.87068
"SCN_CN15_9030_CEI075", 13.8, 1,    6936.81,   -2.4,   0.87065, 2,     6936.8, -122.4,   0.87064, 3,     6936.8,  117.6,   0.87064
"SCN_CN15_9074_CEI230_ATV", 13.8, 1,    6936.72,   -2.4,   0.87063, 2,    6936.71, -122.4,   0.87063, 3,    6936.71,  117.6,   0.87063
"SCN_CN15_9075_CEI230_ATV", 13.8, 1,    6936.67,   -2.4,   0.87063, 2,    6936.66, -122.4,   0.87063, 3,    6936.65,  117.6,   0.87063
"SCN_CN15_9292_CEI109_S", 13.8, 1,    6892.99,   -2.7,   0.86515, 2,    6892.98, -122.7,   0.86514, 3,    6892.98,  117.3,   0.86514
"SCN_CN15_9076_CEI230_ATV_S", 13.8, 1,    6936.63,   -2.4,   0.87062, 2,    6936.62, -122.4,   0.87062, 3,    6936.62,  117.6,   0.87062
"SCN_CN15_9076_CEI230_ATV", 13.8, 1,    6936.63,   -2.4,   0.87062, 2,    6936.62, -122.4,   0.87062, 3,    6936.62,  117.6,   0.87062
"SCN_CN15_9079_CEI230_ATV", 13.8, 1,    6936.59,   -2.4,   0.87062, 2,    6936.58, -122.4,   0.87062, 3,    6936.58,  117.6,   0.87062
"SCN_CN15_9078_CEI230_ATV", 13.8, 1,    6936.55,   -2.4,   0.87061, 2,    6936.54, -122.4,   0.87061, 3,    6936.53,  117.6,   0.87061
"SCN_CN15_9077_CEI230_ATV", 13.8, 1,    6936.58,   -2.4,   0.87062, 2,    6936.57, -122.4,   0.87062, 3,    6936.57,  117.6,   0.87061
"SCN_CN15_9080_CEI230_ATV", 13.8, 1,    6936.52,   -2.4,   0.87061, 2,    6936.51, -122.4,   0.87061, 3,    6936.51,  117.6,   0.87061
"SCN_CN15_9081_CEI230_ATV", 13.8, 1,    6936.48,   -2.4,    0.8706, 2,    6936.46, -122.4,    0.8706, 3,    6936.46,  117.6,    0.8706
"SCN_CN15_9082_CEI230_ATV", 13.8, 1,    6936.47,   -2.4,    0.8706, 2,    6936.46, -122.4,    0.8706, 3,    6936.46,  117.6,    0.8706
"SCN_CN15_9084_CEI230_ATV", 13.8, 1,    6936.45,   -2.4,    0.8706, 2,    6936.44, -122.4,    0.8706, 3,    6936.44,  117.6,    0.8706
"SCN_CN15_9085_CEI230_ATV", 13.8, 1,    6936.43,   -2.4,    0.8706, 2,    6936.42, -122.4,    0.8706, 3,    6936.42,  117.6,    0.8706
"SCN_CN15_9086_CEI230_ATV", 13.8, 1,    6936.41,   -2.4,    0.8706, 2,     6936.4, -122.4,   0.87059, 3,     6936.4,  117.6,   0.87059
"SCN_CN15_9292_CEI109", 13.8, 1,    6892.99,   -2.7,   0.86515, 2,    6892.98, -122.7,   0.86514, 3,    6892.98,  117.3,   0.86514
"SCN_CN15_9423_CEI109", 13.8, 1,    6892.95,   -2.7,   0.86514, 2,    6892.94, -122.7,   0.86514, 3,    6892.94,  117.3,   0.86514
"SCN_CN15_9087_CEI230_ATV", 13.8, 1,     6936.4,   -2.4,   0.87059, 2,    6936.39, -122.4,   0.87059, 3,    6936.38,  117.6,   0.87059
"SCN_CN15_9083_CEI230_ATV", 13.8, 1,    6936.46,   -2.4,    0.8706, 2,    6936.45, -122.4,    0.8706, 3,    6936.44,  117.6,    0.8706
"SCN_CN15_9088_CEI230_ATV", 13.8, 1,    6936.44,   -2.4,    0.8706, 2,    6936.43, -122.4,    0.8706, 3,    6936.43,  117.6,    0.8706
"SCN_CN15_9090_CEI230_ATV", 13.8, 1,    6936.42,   -2.4,    0.8706, 2,    6936.41, -122.4,    0.8706, 3,    6936.41,  117.6,    0.8706
"SCN_CN15_9084_CEI148_ATV", 13.8, 1,    6855.27,   -2.8,   0.86041, 2,    6855.25, -122.8,   0.86041, 3,    6855.25,  117.2,   0.86041
"SCN_CN15_9083_CEI148_ATV", 13.8, 1,    6855.56,   -2.8,   0.86045, 2,    6855.54, -122.8,   0.86045, 3,    6855.54,  117.2,   0.86045
"SCN_CN15_9086_CEI148_ATV", 13.8, 1,    6855.04,   -2.8,   0.86038, 2,    6855.02, -122.8,   0.86038, 3,    6855.02,  117.2,   0.86038
"SCN_CN15_9100_CEI201_ATV", 13.8, 1,    6978.19,   -2.3,   0.87584, 2,    6978.17, -122.3,   0.87584, 3,    6978.17,  117.7,   0.87584
"SCN_CN15_9102_CEI201_ATV", 13.8, 1,    6978.21,   -2.3,   0.87584, 2,     6978.2, -122.3,   0.87584, 3,     6978.2,  117.7,   0.87584
"SCN_CN15_9087_CEI148_ATV", 13.8, 1,    6854.56,   -2.8,   0.86032, 2,    6854.55, -122.8,   0.86032, 3,    6854.55,  117.2,   0.86032
"SCN_CN15_9088_CEI148_ATV", 13.8, 1,    6854.55,   -2.8,   0.86032, 2,    6854.53, -122.8,   0.86032, 3,    6854.53,  117.2,   0.86032
"SCN_CN15_9090_CEI148_ATV", 13.8, 1,     6854.5,   -2.8,   0.86031, 2,    6854.49, -122.8,   0.86031, 3,    6854.49,  117.2,   0.86031
"SCN_CN15_9424_CEI109", 13.8, 1,     6892.9,   -2.7,   0.86513, 2,    6892.88, -122.7,   0.86513, 3,    6892.88,  117.3,   0.86513
"SCN_CN15_9034_CEI148A_ATV", 13.8, 1,    6854.26,   -2.8,   0.86028, 2,    6854.24, -122.8,   0.86028, 3,    6854.24,  117.2,   0.86028
"SCN_CN15_9033_CEI148A_ATV", 13.8, 1,    6853.98,   -2.8,   0.86025, 2,    6853.97, -122.8,   0.86025, 3,    6853.97,  117.2,   0.86025
"SCN_CN15_9035_CEI148A_ATV", 13.8, 1,    6853.97,   -2.8,   0.86025, 2,    6853.96, -122.8,   0.86025, 3,    6853.96,  117.2,   0.86025
"SCN_CN15_9031_CEI148A_ATV", 13.8, 1,    6853.69,   -2.8,   0.86021, 2,    6853.67, -122.8,   0.86021, 3,    6853.67,  117.2,   0.86021
"SCN_CN15_9030_CEI148A_ATV", 13.8, 1,    6853.42,   -2.8,   0.86018, 2,    6853.41, -122.8,   0.86018, 3,    6853.41,  117.2,   0.86018
"SCN_CN15_9029_CEI148A_ATV_S", 13.8, 1,     6853.4,   -2.8,   0.86018, 2,    6853.38, -122.8,   0.86017, 3,    6853.38,  117.2,   0.86017
"SCN_CN15_9028_CEI148A_ATV", 13.8, 1,    6853.39,   -2.8,   0.86017, 2,    6853.37, -122.8,   0.86017, 3,    6853.37,  117.2,   0.86017
"SCN_CN15_9029_CEI148A_ATV", 13.8, 1,     6853.4,   -2.8,   0.86018, 2,    6853.38, -122.8,   0.86017, 3,    6853.38,  117.2,   0.86017
"SCN_CN15_9032_CEI148A_ATV", 13.8, 1,    6853.38,   -2.8,   0.86017, 2,    6853.37, -122.8,   0.86017, 3,    6853.37,  117.2,   0.86017
"SCN_CN15_9078_CEI201_ATV", 13.8, 1,    6853.37,   -2.8,   0.86017, 2,    6853.35, -122.8,   0.86017, 3,    6853.35,  117.2,   0.86017
"SCN_CN15_9075_CEI201_ATV", 13.8, 1,    6853.35,   -2.8,   0.86017, 2,    6853.34, -122.8,   0.86017, 3,    6853.34,  117.2,   0.86017
"SCN_CN15_9425_CEI109", 13.8, 1,    6892.84,   -2.7,   0.86513, 2,    6892.83, -122.7,   0.86513, 3,    6892.83,  117.3,   0.86513
"SCN_CN15_9025_CEI148A_ATV", 13.8, 1,    6853.16,   -2.8,   0.86015, 2,    6853.15, -122.8,   0.86015, 3,    6853.15,  117.2,   0.86015
"SCN_CN15_9023_CEI148A_ATV_S", 13.8, 1,    6852.66,   -2.8,   0.86008, 2,    6852.65, -122.8,   0.86008, 3,    6852.65,  117.2,   0.86008
"SCN_CN15_9028_CEI69A", 13.8, 1,    6852.65,   -2.8,   0.86008, 2,    6852.64, -122.8,   0.86008, 3,    6852.64,  117.2,   0.86008
"SCN_CN15_9023_CEI148A_ATV", 13.8, 1,    6852.66,   -2.8,   0.86008, 2,    6852.65, -122.8,   0.86008, 3,    6852.65,  117.2,   0.86008
"SCN_CN15_9022_CEI148A_ATV", 13.8, 1,    6852.64,   -2.8,   0.86008, 2,    6852.63, -122.8,   0.86008, 3,    6852.62,  117.2,   0.86008
"SCN_CN15_9021_CEI148A_ATV", 13.8, 1,    6852.61,   -2.8,   0.86008, 2,     6852.6, -122.8,   0.86008, 3,     6852.6,  117.2,   0.86008
"SCN_CN15_9020_CEI148A_ATV_S", 13.8, 1,     6852.6,   -2.8,   0.86008, 2,    6852.58, -122.8,   0.86007, 3,    6852.58,  117.2,   0.86007
"SCN_CN15_9020_CEI148A_ATV", 13.8, 1,     6852.6,   -2.8,   0.86008, 2,    6852.58, -122.8,   0.86007, 3,    6852.58,  117.2,   0.86007
"SCN_CN15_9019_CEI148A_ATV", 13.8, 1,    6852.59,   -2.8,   0.86008, 2,    6852.58, -122.8,   0.86007, 3,    6852.58,  117.2,   0.86007
"SCN_CN15_9001_CEI148A_ATV", 13.8, 1,    6851.19,   -2.8,    0.8599, 2,    6851.17, -122.8,    0.8599, 3,    6851.17,  117.2,    0.8599
"SCN_CN15_9002_CEI148A_ATV", 13.8, 1,    6851.21,   -2.8,    0.8599, 2,     6851.2, -122.8,    0.8599, 3,     6851.2,  117.2,    0.8599
"SCN_CN15_9003_CEI148A_ATV", 13.8, 1,    6851.22,   -2.8,    0.8599, 2,    6851.21, -122.8,    0.8599, 3,    6851.21,  117.2,    0.8599
"SCN_CN15_9005_CEI148A_ATV", 13.8, 1,    6851.24,   -2.8,    0.8599, 2,    6851.22, -122.8,    0.8599, 3,    6851.22,  117.2,    0.8599
"SCN_CN15_9426_CEI109", 13.8, 1,     6892.8,   -2.7,   0.86512, 2,    6892.79, -122.7,   0.86512, 3,    6892.78,  117.3,   0.86512
"SCN_CN15_9004_CEI148A_ATV", 13.8, 1,    6851.25,   -2.8,   0.85991, 2,    6851.24, -122.8,    0.8599, 3,    6851.24,  117.2,    0.8599
"SCN_CN15_9143_CEI220_ATV", 13.8, 1,    6938.26,   -2.5,   0.87083, 2,    6938.25, -122.5,   0.87083, 3,    6938.25,  117.5,   0.87083
"SCN_CN15_9144_CEI220_ATV", 13.8, 1,    6938.23,   -2.5,   0.87082, 2,    6938.22, -122.5,   0.87082, 3,    6938.22,  117.5,   0.87082
"SCN_CN15_9006_CEI148A_ATV", 13.8, 1,    6851.28,   -2.8,   0.85991, 2,    6851.26, -122.8,   0.85991, 3,    6851.26,  117.2,   0.85991
"SCN_CN15_9007_CEI148A_ATV", 13.8, 1,     6851.3,   -2.8,   0.85991, 2,    6851.29, -122.8,   0.85991, 3,    6851.29,  117.2,   0.85991
"SCN_CN15_9008_CEI148A_ATV", 13.8, 1,    6851.35,   -2.8,   0.85992, 2,    6851.34, -122.8,   0.85992, 3,    6851.34,  117.2,   0.85992
"SCN_CN15_9010_CEI148A_ATV", 13.8, 1,    6851.43,   -2.8,   0.85993, 2,    6851.42, -122.8,   0.85993, 3,    6851.42,  117.2,   0.85993
"SCN_CN15_9009_CEI148A_ATV", 13.8, 1,    6851.35,   -2.8,   0.85992, 2,    6851.34, -122.8,   0.85992, 3,    6851.34,  117.2,   0.85992
"SCN_CN15_9011_CEI148A_ATV", 13.8, 1,    6851.48,   -2.8,   0.85994, 2,    6851.47, -122.8,   0.85993, 3,    6851.47,  117.2,   0.85993
"SCN_CN15_9012_CEI148A_ATV", 13.8, 1,    6851.53,   -2.8,   0.85994, 2,    6851.51, -122.8,   0.85994, 3,    6851.51,  117.2,   0.85994
"SCN_CN15_9013_CEI148A_ATV", 13.8, 1,     6851.6,   -2.8,   0.85995, 2,    6851.59, -122.8,   0.85995, 3,    6851.59,  117.2,   0.85995
"SCN_CN15_9014_CEI148A_ATV", 13.8, 1,     6851.7,   -2.8,   0.85996, 2,    6851.69, -122.8,   0.85996, 3,    6851.69,  117.2,   0.85996
"SCN_CN15_9015_CEI148A_ATV", 13.8, 1,    6851.81,   -2.8,   0.85998, 2,    6851.79, -122.8,   0.85997, 3,    6851.79,  117.2,   0.85997
"SCN_CN15_9427_CEI109", 13.8, 1,    6892.74,   -2.7,   0.86511, 2,    6892.73, -122.7,   0.86511, 3,    6892.73,  117.3,   0.86511
"SCN_CN15_9016_CEI148A_ATV", 13.8, 1,    6851.91,   -2.8,   0.85999, 2,     6851.9, -122.8,   0.85999, 3,    6851.89,  117.2,   0.85999
"SCN_CN15_9017_CEI148A_ATV", 13.8, 1,    6851.95,   -2.8,      0.86, 2,    6851.94, -122.8,   0.85999, 3,    6851.94,  117.2,   0.85999
"SCN_CN15_9018_CEI148A_ATV", 13.8, 1,    6852.01,   -2.8,      0.86, 2,       6852, -122.8,      0.86, 3,       6852,  117.2,      0.86
"SCN_CN15_9020_CEI69A", 13.8, 1,    6852.17,   -2.8,   0.86002, 2,    6852.15, -122.8,   0.86002, 3,    6852.15,  117.2,   0.86002
"SCN_CN15_9018_CEI148A_ATV_S", 13.8, 1,    6852.01,   -2.8,      0.86, 2,       6852, -122.8,      0.86, 3,       6852,  117.2,      0.86
"SCN_CN15_9019_CEI69A", 13.8, 1,    6852.11,   -2.8,   0.86002, 2,     6852.1, -122.8,   0.86001, 3,     6852.1,  117.2,   0.86001
"SCN_CN15_9018_CEI69A", 13.8, 1,    6852.07,   -2.8,   0.86001, 2,    6852.06, -122.8,   0.86001, 3,    6852.06,  117.2,   0.86001
"SCN_CN15_9017_CEI69A", 13.8, 1,    6852.04,   -2.8,   0.86001, 2,    6852.02, -122.8,      0.86, 3,    6852.02,  117.2,      0.86
"SCN_CN15_9016_CEI69A", 13.8, 1,    6852.03,   -2.8,      0.86, 2,    6852.02, -122.8,      0.86, 3,    6852.02,  117.2,      0.86
"SCN_CN15_9015_CEI69A", 13.8, 1,    6852.03,   -2.8,      0.86, 2,    6852.02, -122.8,      0.86, 3,    6852.02,  117.2,      0.86
"SCN_CN15_9428_CEI109", 13.8, 1,    6892.69,   -2.7,   0.86511, 2,    6892.67, -122.7,   0.86511, 3,    6892.67,  117.3,   0.86511
"SCN_CN15_9012_CEI69A_S", 13.8, 1,    6852.01,   -2.8,      0.86, 2,       6852, -122.8,      0.86, 3,       6852,  117.2,      0.86
"SCN_CN15_9012_CEI69A", 13.8, 1,    6852.01,   -2.8,      0.86, 2,       6852, -122.8,      0.86, 3,       6852,  117.2,      0.86
"SCN_CN15_9013_CEI69A", 13.8, 1,       6852,   -2.8,      0.86, 2,    6851.99, -122.8,      0.86, 3,    6851.99,  117.2,      0.86
"SCN_CN15_9014_CEI69A", 13.8, 1,       6852,   -2.8,      0.86, 2,    6851.98, -122.8,      0.86, 3,    6851.98,  117.2,      0.86
"SCN_CN15_9011_CEI69A", 13.8, 1,    6852.01,   -2.8,      0.86, 2,       6852, -122.8,      0.86, 3,       6852,  117.2,      0.86
"SCN_CN15_9073_CEIRJ006_ATV", 13.8, 1,    6854.48,   -2.8,   0.86031, 2,    6854.46, -122.8,   0.86031, 3,    6854.46,  117.2,   0.86031
"SCN_CN15_9091_CEI148_ATV", 13.8, 1,    6854.47,   -2.8,   0.86031, 2,    6854.46, -122.8,   0.86031, 3,    6854.46,  117.2,   0.86031
"SCN_CN15_9092_CEI148_ATV", 13.8, 1,    6854.47,   -2.8,   0.86031, 2,    6854.45, -122.8,   0.86031, 3,    6854.45,  117.2,   0.86031
"SCN_CN15_9089_CEI148_ATV", 13.8, 1,    6854.46,   -2.8,   0.86031, 2,    6854.45, -122.8,   0.86031, 3,    6854.45,  117.2,   0.86031
"SCN_CN15_9042_CEI69A", 13.8, 1,    6854.52,   -2.8,   0.86032, 2,     6854.5, -122.8,   0.86032, 3,     6854.5,  117.2,   0.86031
"SCN_CN15_9100_CEI072", 13.8, 1,    7456.16,   -1.3,   0.93583, 2,    7456.15, -121.3,   0.93583, 3,    7456.15,  118.7,   0.93583
"SCN_CN15_9101_CEI072", 13.8, 1,    7456.11,   -1.3,   0.93582, 2,    7456.11, -121.3,   0.93582, 3,    7456.11,  118.7,   0.93582
"SCN_CN15_9102_CEI072", 13.8, 1,    7456.07,   -1.3,   0.93582, 2,    7456.07, -121.3,   0.93582, 3,    7456.07,  118.7,   0.93582
"SCN_CN15_9103_CEI072", 13.8, 1,    7456.03,   -1.3,   0.93581, 2,    7456.02, -121.3,   0.93581, 3,    7456.02,  118.7,   0.93581
"SCN_CN15_9104_CEI072", 13.8, 1,    7455.99,   -1.3,   0.93581, 2,    7455.98, -121.3,   0.93581, 3,    7455.98,  118.7,   0.93581
"SCN_CN15_9105_CEI072", 13.8, 1,    7455.94,   -1.3,    0.9358, 2,    7455.94, -121.3,    0.9358, 3,    7455.94,  118.7,    0.9358
"SCN_CN15_9491_CEI109", 13.8, 1,    6864.19,   -2.8,   0.86153, 2,    6864.18, -122.8,   0.86153, 3,    6864.18,  117.2,   0.86153
"SCN_CN15_9492_CEI109", 13.8, 1,    6864.13,   -2.8,   0.86152, 2,    6864.12, -122.8,   0.86152, 3,    6864.12,  117.2,   0.86152
"SCN_CN15_9106_CEI072", 13.8, 1,     7455.9,   -1.3,    0.9358, 2,     7455.9, -121.3,    0.9358, 3,     7455.9,  118.7,    0.9358
"SCN_CN15_9107_CEI072", 13.8, 1,    7455.82,   -1.3,   0.93579, 2,    7455.81, -121.3,   0.93579, 3,    7455.81,  118.7,   0.93579
"SCN_CN15_9108_CEI072", 13.8, 1,    7455.75,   -1.3,   0.93578, 2,    7455.75, -121.3,   0.93578, 3,    7455.75,  118.7,   0.93578
"SCN_CN15_9109_CEI072", 13.8, 1,    7455.72,   -1.3,   0.93577, 2,    7455.71, -121.3,   0.93577, 3,    7455.71,  118.7,   0.93577
"SCN_CN15_9110_CEI072", 13.8, 1,    7455.68,   -1.3,   0.93577, 2,    7455.68, -121.3,   0.93577, 3,    7455.68,  118.7,   0.93577
"SCN_CN15_9111_CEI072", 13.8, 1,    7455.64,   -1.3,   0.93576, 2,    7455.63, -121.3,   0.93576, 3,    7455.63,  118.7,   0.93576
"SCN_CN15_9112_CEI072", 13.8, 1,     7455.6,   -1.3,   0.93576, 2,    7455.59, -121.3,   0.93576, 3,    7455.59,  118.7,   0.93576
"SCN_CN15_9113_CEI072", 13.8, 1,    7455.55,   -1.3,   0.93575, 2,    7455.54, -121.3,   0.93575, 3,    7455.54,  118.7,   0.93575
"SCN_CN15_9114_CEI072", 13.8, 1,     7455.5,   -1.3,   0.93575, 2,     7455.5, -121.3,   0.93575, 3,     7455.5,  118.7,   0.93575
"SCN_CN15_9005_CEI077_ATV", 13.8, 1,    7502.41,   -1.2,   0.94163, 2,    7502.41, -121.2,   0.94163, 3,    7502.41,  118.8,   0.94163
"SCN_CN15_9008_CEI077_ATV", 13.8, 1,     7502.2,   -1.2,   0.94161, 2,    7502.19, -121.2,   0.94161, 3,    7502.19,  118.8,   0.94161
"SCN_CN15_9493_CEI109", 13.8, 1,    6864.09,   -2.8,   0.86152, 2,    6864.07, -122.8,   0.86152, 3,    6864.07,  117.2,   0.86152
"SCN_CN15_9009_CEI077_ATV", 13.8, 1,    7501.94,   -1.2,   0.94158, 2,    7501.93, -121.2,   0.94157, 3,    7501.94,  118.8,   0.94157
"SCN_CN15_9037_CEI230_ATV_S", 13.8, 1,    7549.63,   -1.1,   0.94756, 2,    7549.63, -121.1,   0.94756, 3,    7549.63,  118.9,   0.94756
"SCN_CN15_9092_CEI77A_ATV", 13.8, 1,    7551.16,   -1.1,   0.94775, 2,    7551.16, -121.1,   0.94775, 3,    7551.16,  118.9,   0.94775
"SCN_CN15_9093_CEI77A_ATV", 13.8, 1,    7551.68,   -1.1,   0.94782, 2,    7551.68, -121.1,   0.94782, 3,    7551.68,  118.9,   0.94782
"SCN_CN15_9093_CEI77A_ATV_S", 13.8, 1,    7551.68,   -1.1,   0.94782, 2,    7551.68, -121.1,   0.94782, 3,    7551.68,  118.9,   0.94782
"SCN_CN15_9094_CEI77A_ATV", 13.8, 1,    7553.25,   -1.1,   0.94802, 2,    7553.25, -121.1,   0.94801, 3,    7553.25,  118.9,   0.94802
"SCN_CN15_9100_CEI77A_ATV", 13.8, 1,       7555,   -1.1,   0.94823, 2,    7554.99, -121.1,   0.94823, 3,    7554.99,  118.9,   0.94823
"SCN_CN15_9094_CEI77A_ATV_S", 13.8, 1,    7553.25,   -1.1,   0.94802, 2,    7553.25, -121.1,   0.94801, 3,    7553.25,  118.9,   0.94802
"SCN_CN15_9101_CEI77A_ATV", 13.8, 1,    7555.86,   -1.1,   0.94834, 2,    7555.85, -121.1,   0.94834, 3,    7555.86,  118.9,   0.94834
"SCN_CN15_9101_CEI77A_ATV_S", 13.8, 1,    7555.86,   -1.1,   0.94834, 2,    7555.85, -121.1,   0.94834, 3,    7555.86,  118.9,   0.94834
"SCN_CN15_9102_CEI77A_ATV", 13.8, 1,    7556.72,   -1.1,   0.94845, 2,    7556.72, -121.1,   0.94845, 3,    7556.72,  118.9,   0.94845
"SCN_CN15_9104_CEI77A_ATV", 13.8, 1,    7558.37,   -1.1,   0.94866, 2,    7558.36, -121.1,   0.94866, 3,    7558.36,  118.9,   0.94866
"SCN_CN15_9103_CEI77A_ATV", 13.8, 1,    7556.71,   -1.1,   0.94845, 2,     7556.7, -121.1,   0.94845, 3,     7556.7,  118.9,   0.94845
"SCN_CN15_9095_CEI77A_ATV", 13.8, 1,    7553.02,   -1.1,   0.94799, 2,    7553.01, -121.1,   0.94799, 3,    7553.01,  118.9,   0.94799
"SCN_CN15_9494_CEI109", 13.8, 1,    6864.05,   -2.8,   0.86151, 2,    6864.03, -122.8,   0.86151, 3,    6864.03,  117.2,   0.86151
"SCN_CN15_9096_CEI77A_ATV", 13.8, 1,    7552.99,   -1.1,   0.94798, 2,    7552.99, -121.1,   0.94798, 3,    7552.99,  118.9,   0.94798
"SCN_CN15_9097_CEI77A_ATV", 13.8, 1,    7552.86,   -1.1,   0.94797, 2,    7552.86, -121.1,   0.94797, 3,    7552.86,  118.9,   0.94797
"SCN_CN15_9098_CEI77A_ATV", 13.8, 1,    7552.71,   -1.1,   0.94795, 2,     7552.7, -121.1,   0.94795, 3,     7552.7,  118.9,   0.94795
"SCN_CN15_9099_CEI77A_ATV", 13.8, 1,    7552.58,   -1.1,   0.94793, 2,    7552.57, -121.1,   0.94793, 3,    7552.57,  118.9,   0.94793
"SCN_CN15_9042_CEI160_ATV", 13.8, 1,    7514.46,   -1.2,   0.94315, 2,    7514.45, -121.2,   0.94315, 3,    7514.45,  118.8,   0.94315
"SCN_CN15_9048_CEI160_ATV", 13.8, 1,    7514.53,   -1.2,   0.94316, 2,    7514.52, -121.2,   0.94315, 3,    7514.52,  118.8,   0.94315
"SCN_CN15_9049_CEI160_ATV", 13.8, 1,    7514.57,   -1.2,   0.94316, 2,    7514.57, -121.2,   0.94316, 3,    7514.57,  118.8,   0.94316
"SCN_CN15_9005_CEIRJ012_ATV", 13.8, 1,    7514.88,   -1.2,    0.9432, 2,    7514.87, -121.2,    0.9432, 3,    7514.88,  118.8,    0.9432
"SCN_CN15_9004_CEIRJ012_ATV", 13.8, 1,    7514.78,   -1.2,   0.94319, 2,    7514.77, -121.2,   0.94319, 3,    7514.77,  118.8,   0.94319
"SCN_CN15_9496_CEI109", 13.8, 1,    6864.03,   -2.8,   0.86151, 2,    6864.01, -122.8,   0.86151, 3,    6864.01,  117.2,   0.86151
"SCN_CN15_9015_CEI077_ATV", 13.8, 1,    7516.28,   -1.2,   0.94338, 2,    7516.28, -121.2,   0.94337, 3,    7516.28,  118.8,   0.94338
"SCN_CN15_9013_CEI077_ATV", 13.8, 1,    7516.92,   -1.2,   0.94346, 2,    7516.91, -121.2,   0.94345, 3,    7516.91,  118.8,   0.94345
"SCN_CN15_9014_CEI077_ATV_S", 13.8, 1,    7516.37,   -1.2,   0.94339, 2,    7516.37, -121.2,   0.94339, 3,    7516.37,  118.8,   0.94339
"SCN_CN15_9011_CEI077_ATV", 13.8, 1,    7517.31,   -1.2,   0.94351, 2,    7517.31, -121.2,    0.9435, 3,    7517.31,  118.8,    0.9435
"SCN_CN15_9010_CEI077_ATV", 13.8, 1,    7517.77,   -1.2,   0.94356, 2,    7517.76, -121.2,   0.94356, 3,    7517.76,  118.8,   0.94356
"SCN_CN15_9016_CEI077_ATV", 13.8, 1,    7531.63,   -1.1,    0.9453, 2,    7531.62, -121.1,    0.9453, 3,    7531.62,  118.9,    0.9453
"SCN_CN15_9018_CEI077_ATV", 13.8, 1,    7545.82,   -1.1,   0.94708, 2,    7545.81, -121.1,   0.94708, 3,    7545.81,  118.9,   0.94708
"SCN_CN15_9017_CEI077_ATV", 13.8, 1,     7531.6,   -1.1,    0.9453, 2,    7531.59, -121.1,    0.9453, 3,    7531.59,  118.9,    0.9453
"SCN_CN15_9129_CEI77A_ATV_S", 13.8, 1,    7560.99,   -1.1,   0.94899, 2,    7560.98, -121.1,   0.94899, 3,    7560.98,  118.9,   0.94899
"SCN_CN15_9019_CEI077_ATV", 13.8, 1,    7545.33,   -1.1,   0.94702, 2,    7545.32, -121.1,   0.94702, 3,    7545.32,  118.9,   0.94702
"SCN_CN15_9497_CEI109", 13.8, 1,    6864.01,   -2.8,   0.86151, 2,    6863.99, -122.8,   0.86151, 3,    6863.99,  117.2,   0.86151
"SCN_CN15_9020_CEI077_ATV", 13.8, 1,    7544.73,   -1.1,   0.94695, 2,    7544.72, -121.1,   0.94695, 3,    7544.73,  118.9,   0.94695
"SCN_CN15_9022_CEI077_ATV", 13.8, 1,     7544.2,   -1.1,   0.94688, 2,     7544.2, -121.1,   0.94688, 3,     7544.2,  118.9,   0.94688
"SCN_CN15_9023_CEI077_ATV", 13.8, 1,    7543.82,   -1.1,   0.94683, 2,    7543.81, -121.1,   0.94683, 3,    7543.81,  118.9,   0.94683
"SCN_CN15_9024_CEI077_ATV", 13.8, 1,    7543.78,   -1.1,   0.94683, 2,    7543.77, -121.1,   0.94683, 3,    7543.77,  118.9,   0.94683
"SCN_CN15_9021_CEI077_ATV", 13.8, 1,    7544.06,   -1.1,   0.94686, 2,    7544.05, -121.1,   0.94686, 3,    7544.05,  118.9,   0.94686
"SCN_CN15_9025_CEI077_ATV", 13.8, 1,    7543.51,   -1.1,   0.94679, 2,     7543.5, -121.1,   0.94679, 3,     7543.5,  118.9,   0.94679
"SCN_CN15_9027_CEI077_ATV", 13.8, 1,    7543.13,   -1.1,   0.94674, 2,    7543.12, -121.1,   0.94674, 3,    7543.12,  118.9,   0.94674
"SCN_CN15_9028_CEI077_ATV", 13.8, 1,    7543.09,   -1.1,   0.94674, 2,    7543.09, -121.1,   0.94674, 3,    7543.09,  118.9,   0.94674
"SCN_CN15_9026_CEI077_ATV", 13.8, 1,    7543.12,   -1.1,   0.94674, 2,    7543.12, -121.1,   0.94674, 3,    7543.12,  118.9,   0.94674
"SCN_CN15_9498_CEI109", 13.8, 1,    6863.99,   -2.8,   0.86151, 2,    6863.97, -122.8,    0.8615, 3,    6863.97,  117.2,    0.8615
"SCN_CN15_9040_CEI160_ATV", 13.8, 1,    7542.91,   -1.1,   0.94672, 2,     7542.9, -121.1,   0.94672, 3,    7542.91,  118.9,   0.94672
"SCN_CN15_9041_CEI160_ATV", 13.8, 1,    7542.96,   -1.1,   0.94672, 2,    7542.95, -121.1,   0.94672, 3,    7542.95,  118.9,   0.94672
"SCN_CN15_9039_CEI160_ATV", 13.8, 1,    7542.88,   -1.1,   0.94671, 2,    7542.88, -121.1,   0.94671, 3,    7542.88,  118.9,   0.94671
"SCN_CN15_9030_CEI077_ATV", 13.8, 1,    7543.04,   -1.1,   0.94673, 2,    7543.03, -121.1,   0.94673, 3,    7543.03,  118.9,   0.94673
"SCN_CN15_9029_CEI077_ATV", 13.8, 1,    7542.95,   -1.1,   0.94672, 2,    7542.94, -121.1,   0.94672, 3,    7542.94,  118.9,   0.94672
"SCN_CN15_9129_CEI77A_ATV", 13.8, 1,    7560.99,   -1.1,   0.94899, 2,    7560.98, -121.1,   0.94899, 3,    7560.98,  118.9,   0.94899
"SCN_CN15_9130_CEI77A_ATV", 13.8, 1,    7563.87,   -1.1,   0.94935, 2,    7563.86, -121.1,   0.94935, 3,    7563.86,  118.9,   0.94935
"SCN_CN15_9002_CEI077", 13.8, 1,    7567.84,   -1.1,   0.94985, 2,    7567.83, -121.1,   0.94985, 3,    7567.84,  118.9,   0.94985
"SCN_CN15_9132_CEI77A_ATV_S", 13.8, 1,    7579.92,   -1.0,   0.95136, 2,    7579.91, -121.0,   0.95136, 3,    7579.91,  119.0,   0.95136
"SCN_CN15_9132_CEI77A_ATV", 13.8, 1,    7579.92,   -1.0,   0.95136, 2,    7579.91, -121.0,   0.95136, 3,    7579.91,  119.0,   0.95136
"SCN_CN15_9133_CEI77A_ATV", 13.8, 1,    7579.91,   -1.0,   0.95136, 2,     7579.9, -121.0,   0.95136, 3,    7579.91,  119.0,   0.95136
"SCN_CN15_9134_CEI77A_ATV", 13.8, 1,    7595.78,   -1.0,   0.95335, 2,    7595.78, -121.0,   0.95335, 3,    7595.78,  119.0,   0.95335
"SCN_CN15_9135_CEI77A_ATV", 13.8, 1,    7611.79,   -1.0,   0.95536, 2,    7611.79, -121.0,   0.95536, 3,    7611.79,  119.0,   0.95536
"SCN_CN15_9499_CEI109", 13.8, 1,    6863.95,   -2.8,    0.8615, 2,    6863.94, -122.8,    0.8615, 3,    6863.94,  117.2,    0.8615
"SCN_CN15_9136_CEI77A_ATV", 13.8, 1,    7611.75,   -1.0,   0.95536, 2,    7611.75, -121.0,   0.95536, 3,    7611.75,  119.0,   0.95536
"SCN_CN15_9204_CEI230_ATV", 13.8, 1,    6854.46,   -2.8,   0.86031, 2,    6854.44, -122.8,   0.86031, 3,    6854.44,  117.2,   0.86031
"SCN_CN15_9429_CEI109", 13.8, 1,    6892.65,   -2.7,    0.8651, 2,    6892.64, -122.7,    0.8651, 3,    6892.64,  117.3,    0.8651
"SCN_CN15_9203_CEI230_ATV", 13.8, 1,    6854.46,   -2.8,   0.86031, 2,    6854.44, -122.8,   0.86031, 3,    6854.44,  117.2,   0.86031
"SCN_CN15_9202_CEI230_ATV", 13.8, 1,    6854.46,   -2.8,   0.86031, 2,    6854.44, -122.8,   0.86031, 3,    6854.44,  117.2,   0.86031
"SCN_CN15_9205_CEI230_ATV", 13.8, 1,    6854.45,   -2.8,   0.86031, 2,    6854.44, -122.8,   0.86031, 3,    6854.44,  117.2,   0.86031
"SCN_CN15_9189_CEI230_ATV", 13.8, 1,    6854.29,   -2.8,   0.86029, 2,    6854.27, -122.8,   0.86029, 3,    6854.27,  117.2,   0.86029
"SCN_CN15_9188_CEI230_ATV", 13.8, 1,    6854.29,   -2.8,   0.86029, 2,    6854.27, -122.8,   0.86029, 3,    6854.27,  117.2,   0.86029
"SCN_CN15_9191_CEI230_ATV", 13.8, 1,    6854.15,   -2.8,   0.86027, 2,    6854.13, -122.8,   0.86027, 3,    6854.13,  117.2,   0.86027
"SCN_CN15_9192_CEI230_ATV", 13.8, 1,    6854.13,   -2.8,   0.86027, 2,    6854.11, -122.8,   0.86027, 3,    6854.11,  117.2,   0.86027
"SCN_CN15_9193_CEI230_ATV", 13.8, 1,    6854.12,   -2.8,   0.86027, 2,    6854.11, -122.8,   0.86027, 3,    6854.11,  117.2,   0.86027
"SCN_CN15_9190_CEI230_ATV", 13.8, 1,    6854.14,   -2.8,   0.86027, 2,    6854.12, -122.8,   0.86027, 3,    6854.12,  117.2,   0.86027
"SCN_CN15_9194_CEI230_ATV", 13.8, 1,    6854.08,   -2.8,   0.86026, 2,    6854.07, -122.8,   0.86026, 3,    6854.07,  117.2,   0.86026
"SCN_CN15_9017_CEI220_ATV", 13.8, 1,    6892.62,   -2.7,    0.8651, 2,    6892.61, -122.7,    0.8651, 3,    6892.61,  117.3,    0.8651
"SCN_CN15_9195_CEI230_ATV", 13.8, 1,    6854.06,   -2.8,   0.86026, 2,    6854.04, -122.8,   0.86026, 3,    6854.04,  117.2,   0.86026
"SCN_CN15_9071_CEIRJ006_ATV", 13.8, 1,    6854.12,   -2.8,   0.86027, 2,    6854.11, -122.8,   0.86027, 3,    6854.11,  117.2,   0.86027
"SCN_CN15_9070_CEIRJ006_ATV", 13.8, 1,    6854.05,   -2.8,   0.86026, 2,    6854.04, -122.8,   0.86026, 3,    6854.04,  117.2,   0.86026
"SCN_CN15_9020_CEIRJ013_ATV", 13.8, 1,    6987.34,   -2.3,   0.87699, 2,    6987.33, -122.3,   0.87699, 3,    6987.32,  117.7,   0.87699
"SCN_CN15_9143_CEI69B_S", 13.8, 1,    6986.44,   -2.3,   0.87687, 2,    6986.43, -122.3,   0.87687, 3,    6986.43,  117.7,   0.87687
"SCN_CN15_9036_CEI160_ATV", 13.8, 1,    6987.33,   -2.3,   0.87699, 2,    6987.32, -122.3,   0.87698, 3,    6987.32,  117.7,   0.87698
"SCN_CN15_9037_CEI160_ATV", 13.8, 1,    6987.32,   -2.3,   0.87698, 2,    6987.31, -122.3,   0.87698, 3,     6987.3,  117.7,   0.87698
"SCN_CN15_9141_CEI69B", 13.8, 1,    6988.26,   -2.3,    0.8771, 2,    6988.25, -122.3,    0.8771, 3,    6988.25,  117.7,    0.8771
"SCN_CN15_9144_CEI69B", 13.8, 1,    6989.53,   -2.3,   0.87726, 2,    6989.52, -122.3,   0.87726, 3,    6989.52,  117.7,   0.87726
"SCN_CN15_9146_CEI69B", 13.8, 1,    6989.53,   -2.3,   0.87726, 2,    6989.52, -122.3,   0.87726, 3,    6989.51,  117.7,   0.87726
"SCN_CN15_9433_CEI109", 13.8, 1,    6892.57,   -2.7,   0.86509, 2,    6892.56, -122.7,   0.86509, 3,    6892.55,  117.3,   0.86509
"SCN_CN15_9145_CEI69B", 13.8, 1,    6989.52,   -2.3,   0.87726, 2,    6989.51, -122.3,   0.87726, 3,    6989.51,  117.7,   0.87726
"SCN_CN15_9151_CEI69B", 13.8, 1,    6990.37,   -2.3,   0.87737, 2,    6990.36, -122.3,   0.87737, 3,    6990.35,  117.7,   0.87737
"SCN_CN15_9153_CEI69B", 13.8, 1,    6991.89,   -2.3,   0.87756, 2,    6991.88, -122.3,   0.87756, 3,    6991.88,  117.7,   0.87756
"SCN_CN15_9187_CEI69B", 13.8, 1,    6991.66,   -2.3,   0.87753, 2,    6991.65, -122.3,   0.87753, 3,    6991.65,  117.7,   0.87753
"SCN_CN15_9186_CEI69B", 13.8, 1,    6991.52,   -2.3,   0.87751, 2,    6991.51, -122.3,   0.87751, 3,    6991.51,  117.7,   0.87751
"SCN_CN15_9185_CEI69B", 13.8, 1,    6991.39,   -2.3,    0.8775, 2,    6991.38, -122.3,   0.87749, 3,    6991.37,  117.7,   0.87749
"SCN_CN15_9184_CEI69B", 13.8, 1,    6991.21,   -2.3,   0.87747, 2,     6991.2, -122.3,   0.87747, 3,    6991.19,  117.7,   0.87747
"SCN_CN15_9183_CEI69B", 13.8, 1,    6991.03,   -2.3,   0.87745, 2,    6991.02, -122.3,   0.87745, 3,    6991.02,  117.7,   0.87745
"SCN_CN15_9182_CEI69B", 13.8, 1,    6990.85,   -2.3,   0.87743, 2,    6990.84, -122.3,   0.87743, 3,    6990.84,  117.7,   0.87743
"SCN_CN15_9018_CEI220_ATV", 13.8, 1,    6892.51,   -2.7,   0.86509, 2,     6892.5, -122.7,   0.86508, 3,     6892.5,  117.3,   0.86508
"SCN_CN15_9181_CEI69B", 13.8, 1,    6990.68,   -2.3,   0.87741, 2,    6990.67, -122.3,   0.87741, 3,    6990.67,  117.7,   0.87741
"SCN_CN15_9180_CEI69B", 13.8, 1,     6990.5,   -2.3,   0.87738, 2,    6990.49, -122.3,   0.87738, 3,    6990.49,  117.7,   0.87738
"SCN_CN15_9179_CEI69B_S", 13.8, 1,    6990.33,   -2.3,   0.87736, 2,    6990.32, -122.3,   0.87736, 3,    6990.32,  117.7,   0.87736
"SCN_CN15_9098_CEI201_ATV", 13.8, 1,    6990.32,   -2.3,   0.87736, 2,    6990.31, -122.3,   0.87736, 3,    6990.31,  117.7,   0.87736
"SCN_CN15_9179_CEI69B", 13.8, 1,    6990.33,   -2.3,   0.87736, 2,    6990.32, -122.3,   0.87736, 3,    6990.32,  117.7,   0.87736
"SCN_CN15_9189_CEI69B", 13.8, 1,    6990.31,   -2.3,   0.87736, 2,     6990.3, -122.3,   0.87736, 3,     6990.3,  117.7,   0.87736
"SCN_CN15_9178_CEI69B", 13.8, 1,    6990.17,   -2.3,   0.87734, 2,    6990.16, -122.3,   0.87734, 3,    6990.16,  117.7,   0.87734
"SCN_CN15_9177_CEI69B", 13.8, 1,    6990.01,   -2.3,   0.87732, 2,       6990, -122.3,   0.87732, 3,       6990,  117.7,   0.87732
"SCN_CN15_9176_CEI69B", 13.8, 1,    6989.86,   -2.3,    0.8773, 2,    6989.85, -122.3,    0.8773, 3,    6989.85,  117.7,    0.8773
"SCN_CN15_9175_CEI69B", 13.8, 1,    6989.68,   -2.3,   0.87728, 2,    6989.67, -122.3,   0.87728, 3,    6989.67,  117.7,   0.87728
"SCN_CN15_9171_CEI69B", 13.8, 1,    6989.53,   -2.3,   0.87726, 2,    6989.52, -122.3,   0.87726, 3,    6989.52,  117.7,   0.87726
"SCN_CN15_9436_CEI109", 13.8, 1,    6892.47,   -2.7,   0.86508, 2,    6892.45, -122.7,   0.86508, 3,    6892.45,  117.3,   0.86508
"SCN_CN15_9170_CEI69B", 13.8, 1,    6989.53,   -2.3,   0.87726, 2,    6989.52, -122.3,   0.87726, 3,    6989.52,  117.7,   0.87726
"SCN_CN15_9172_CEI69B", 13.8, 1,    6989.36,   -2.3,   0.87724, 2,    6989.35, -122.3,   0.87724, 3,    6989.35,  117.7,   0.87724
"SCN_CN15_9174_CEI69B", 13.8, 1,    6989.65,   -2.3,   0.87728, 2,    6989.63, -122.3,   0.87728, 3,    6989.63,  117.7,   0.87728
"SCN_CN15_9126_CEI201_ATV", 13.8, 1,    6989.25,   -2.3,   0.87723, 2,    6989.24, -122.3,   0.87723, 3,    6989.24,  117.7,   0.87723
"SCN_CN15_9008_CEI220_ATV_S", 13.8, 1,    6989.22,   -2.3,   0.87722, 2,    6989.21, -122.3,   0.87722, 3,    6989.21,  117.7,   0.87722
"SCN_CN15_9173_CEI69B", 13.8, 1,     6989.6,   -2.3,   0.87727, 2,    6989.59, -122.3,   0.87727, 3,    6989.59,  117.7,   0.87727
"SCN_CN15_9120_CEI201_ATV", 13.8, 1,    6989.55,   -2.3,   0.87727, 2,    6989.54, -122.3,   0.87726, 3,    6989.54,  117.7,   0.87726
"SCN_CN15_9002_CEI220_ATV", 13.8, 1,    6989.51,   -2.3,   0.87726, 2,     6989.5, -122.3,   0.87726, 3,     6989.5,  117.7,   0.87726
"SCN_CN15_9181_CEI69A", 13.8, 1,    6989.25,   -2.3,   0.87723, 2,    6989.23, -122.3,   0.87723, 3,    6989.23,  117.7,   0.87723
"SCN_CN15_9125_CEI201_ATV", 13.8, 1,    6989.29,   -2.3,   0.87723, 2,    6989.28, -122.3,   0.87723, 3,    6989.28,  117.7,   0.87723
"SCN_CN15_9437_CEI109", 13.8, 1,    6892.45,   -2.7,   0.86508, 2,    6892.43, -122.7,   0.86508, 3,    6892.43,  117.3,   0.86508
"SCN_CN15_9128_CEI201_ATV", 13.8, 1,    6989.18,   -2.3,   0.87722, 2,    6989.17, -122.3,   0.87722, 3,    6989.17,  117.7,   0.87722
"SCN_CN15_9185_CEI69A", 13.8, 1,    6989.14,   -2.3,   0.87721, 2,    6989.13, -122.3,   0.87721, 3,    6989.13,  117.7,   0.87721
"SCN_CN15_9195_CEI69A", 13.8, 1,    6989.13,   -2.3,   0.87721, 2,    6989.12, -122.3,   0.87721, 3,    6989.12,  117.7,   0.87721
"SCN_CN15_9196_CEI69A", 13.8, 1,    6989.11,   -2.3,   0.87721, 2,     6989.1, -122.3,   0.87721, 3,     6989.1,  117.7,   0.87721
"SCN_CN15_9197_CEI69A", 13.8, 1,     6989.1,   -2.3,   0.87721, 2,    6989.09, -122.3,   0.87721, 3,    6989.09,  117.7,   0.87721
"SCN_CN15_9198_CEI69A", 13.8, 1,    6989.08,   -2.3,   0.87721, 2,    6989.07, -122.3,    0.8772, 3,    6989.07,  117.7,    0.8772
"SCN_CN15_9035_CEI160_ATV", 13.8, 1,    6989.27,   -2.3,   0.87723, 2,    6989.26, -122.3,   0.87723, 3,    6989.26,  117.7,   0.87723
"SCN_CN15_9050_CEI69B", 13.8, 1,    6995.73,   -2.3,   0.87804, 2,    6995.72, -122.3,   0.87804, 3,    6995.72,  117.7,   0.87804
"SCN_CN15_9153_CEI69B_S", 13.8, 1,    6991.89,   -2.3,   0.87756, 2,    6991.88, -122.3,   0.87756, 3,    6991.88,  117.7,   0.87756
"SCN_CN15_9458_CEI109", 13.8, 1,    6892.42,   -2.7,   0.86507, 2,    6892.41, -122.7,   0.86507, 3,    6892.41,  117.3,   0.86507
"SCN_CN15_9051_CEI69B", 13.8, 1,    6995.73,   -2.3,   0.87804, 2,    6995.72, -122.3,   0.87804, 3,    6995.71,  117.7,   0.87804
"SCN_CN15_9049_CEI69B", 13.8, 1,    6997.24,   -2.3,   0.87823, 2,    6997.23, -122.3,   0.87823, 3,    6997.23,  117.7,   0.87823
"SCN_CN15_9048_CEI69B", 13.8, 1,    6998.48,   -2.3,   0.87839, 2,    6998.47, -122.3,   0.87838, 3,    6998.46,  117.7,   0.87838
"SCN_CN15_9047_CEI69B", 13.8, 1,    6999.62,   -2.3,   0.87853, 2,    6999.61, -122.3,   0.87853, 3,    6999.61,  117.7,   0.87853
"SCN_CN15_9145_CEI201_ATV", 13.8, 1,    6999.61,   -2.3,   0.87853, 2,     6999.6, -122.3,   0.87853, 3,     6999.6,  117.7,   0.87853
"SCN_CN15_9144_CEI201_ATV", 13.8, 1,     6999.6,   -2.3,   0.87853, 2,    6999.59, -122.3,   0.87853, 3,    6999.59,  117.7,   0.87853
"SCN_CN15_9143_CEI201_ATV", 13.8, 1,    6999.59,   -2.3,   0.87853, 2,    6999.58, -122.3,   0.87852, 3,    6999.58,  117.7,   0.87852
"SCN_CN15_9046_CEI69B", 13.8, 1,    7000.85,   -2.3,   0.87868, 2,    7000.84, -122.3,   0.87868, 3,    7000.84,  117.7,   0.87868
"SCN_CN15_9047_CEI69B_S", 13.8, 1,    6999.62,   -2.3,   0.87853, 2,    6999.61, -122.3,   0.87853, 3,    6999.61,  117.7,   0.87853
"SCN_CN15_9045_CEI69B", 13.8, 1,    7002.14,   -2.3,   0.87885, 2,    7002.13, -122.3,   0.87884, 3,    7002.13,  117.7,   0.87884
"SCN_CN15_9044_CEI69B", 13.8, 1,    7003.74,   -2.3,   0.87905, 2,    7003.73, -122.3,   0.87904, 3,    7003.72,  117.7,   0.87904
"SCN_CN15_9457_CEI109", 13.8, 1,     6892.4,   -2.7,   0.86507, 2,    6892.38, -122.7,   0.86507, 3,    6892.38,  117.3,   0.86507
"SCN_CN15_9043_CEI69B", 13.8, 1,    7004.85,   -2.2,   0.87919, 2,    7004.84, -122.2,   0.87918, 3,    7004.84,  117.8,   0.87918
"SCN_CN15_9041_CEI69B", 13.8, 1,     7005.3,   -2.2,   0.87924, 2,    7005.29, -122.2,   0.87924, 3,    7005.28,  117.8,   0.87924
"SCN_CN15_9147_CEI201_ATV", 13.8, 1,    7005.29,   -2.2,   0.87924, 2,    7005.28, -122.2,   0.87924, 3,    7005.28,  117.8,   0.87924
"SCN_CN15_9090_CEI201_ATV", 13.8, 1,    7005.48,   -2.2,   0.87926, 2,    7005.47, -122.2,   0.87926, 3,    7005.47,  117.8,   0.87926
"SCN_CN15_9040_CEI69B", 13.8, 1,    7006.82,   -2.2,   0.87943, 2,    7006.81, -122.2,   0.87943, 3,    7006.81,  117.8,   0.87943
"SCN_CN15_9094_CEI201_ATV", 13.8, 1,    7008.49,   -2.2,   0.87964, 2,    7008.48, -122.2,   0.87964, 3,    7008.48,  117.8,   0.87964
"SCN_CN15_9039_CEI69B", 13.8, 1,    7008.48,   -2.2,   0.87964, 2,    7008.47, -122.2,   0.87964, 3,    7008.47,  117.8,   0.87964
"SCN_CN15_9036_CEI69B", 13.8, 1,     7010.1,   -2.2,   0.87984, 2,    7010.09, -122.2,   0.87984, 3,    7010.09,  117.8,   0.87984
"SCN_CN15_9094_CEI201_ATV_S", 13.8, 1,    7008.49,   -2.2,   0.87964, 2,    7008.48, -122.2,   0.87964, 3,    7008.48,  117.8,   0.87964
"SCN_CN15_9035_CEI69B", 13.8, 1,    7011.71,   -2.2,   0.88005, 2,     7011.7, -122.2,   0.88005, 3,     7011.7,  117.8,   0.88004
"SCN_CN15_9034_CEI69B", 13.8, 1,    7013.28,   -2.2,   0.88024, 2,    7013.27, -122.2,   0.88024, 3,    7013.27,  117.8,   0.88024
"SCN_CN15_9456_CEI109", 13.8, 1,    6892.37,   -2.7,   0.86507, 2,    6892.36, -122.7,   0.86507, 3,    6892.36,  117.3,   0.86507
"SCN_CN15_9033_CEI69B", 13.8, 1,    7014.89,   -2.2,   0.88045, 2,    7014.88, -122.2,   0.88044, 3,    7014.88,  117.8,   0.88044
"SCN_CN15_9032_CEI69B_S", 13.8, 1,    7016.44,   -2.2,   0.88064, 2,    7016.43, -122.2,   0.88064, 3,    7016.43,  117.8,   0.88064
"SCN_CN15_9031_CEI69B", 13.8, 1,    7018.13,   -2.2,   0.88085, 2,    7018.12, -122.2,   0.88085, 3,    7018.12,  117.8,   0.88085
"SCN_CN15_9030_CEI69B", 13.8, 1,     7019.7,   -2.2,   0.88105, 2,    7019.69, -122.2,   0.88105, 3,    7019.69,  117.8,   0.88105
"SCN_CN15_9029_CEI69B", 13.8, 1,    7021.33,   -2.2,   0.88125, 2,    7021.32, -122.2,   0.88125, 3,    7021.32,  117.8,   0.88125
"SCN_CN15_9028_CEI69B", 13.8, 1,    7024.59,   -2.2,   0.88166, 2,    7024.58, -122.2,   0.88166, 3,    7024.58,  117.8,   0.88166
"SCN_CN15_9027_CEI69B", 13.8, 1,    7026.17,   -2.2,   0.88186, 2,    7026.16, -122.2,   0.88186, 3,    7026.16,  117.8,   0.88186
"SCN_CN15_9026_CEI69B", 13.8, 1,    7027.83,   -2.2,   0.88207, 2,    7027.82, -122.2,   0.88207, 3,    7027.82,  117.8,   0.88207
"SCN_CN15_9025_CEI69B", 13.8, 1,    7029.51,   -2.2,   0.88228, 2,     7029.5, -122.2,   0.88228, 3,     7029.5,  117.8,   0.88228
"SCN_CN15_9024_CEI69B", 13.8, 1,    7031.08,   -2.2,   0.88248, 2,    7031.07, -122.2,   0.88248, 3,    7031.07,  117.8,   0.88248
"SCN_CN15_9455_CEI109", 13.8, 1,    6892.36,   -2.7,   0.86507, 2,    6892.35, -122.7,   0.86506, 3,    6892.34,  117.3,   0.86506
"SCN_CN15_9023_CEI69B", 13.8, 1,    7032.67,   -2.2,   0.88268, 2,    7032.66, -122.2,   0.88268, 3,    7032.65,  117.8,   0.88268
"SCN_CN15_9022_CEI69B", 13.8, 1,    7034.26,   -2.2,   0.88288, 2,    7034.25, -122.2,   0.88288, 3,    7034.25,  117.8,   0.88288
"SCN_CN15_9021_CEI69B", 13.8, 1,     7035.9,   -2.2,   0.88308, 2,    7035.89, -122.2,   0.88308, 3,    7035.89,  117.8,   0.88308
"SCN_CN15_9020_CEI69B", 13.8, 1,    7037.53,   -2.2,   0.88329, 2,    7037.52, -122.2,   0.88329, 3,    7037.52,  117.8,   0.88329
"SCN_CN15_9106_CEI220_ATV", 13.8, 1,    6938.24,   -2.5,   0.87083, 2,    6938.23, -122.5,   0.87082, 3,    6938.23,  117.5,   0.87082
"SCN_CN15_9112_CEI220_ATV", 13.8, 1,    6938.23,   -2.5,   0.87082, 2,    6938.22, -122.5,   0.87082, 3,    6938.22,  117.5,   0.87082
"SCN_CN15_9104_CEI220_ATV", 13.8, 1,    6938.21,   -2.5,   0.87082, 2,     6938.2, -122.5,   0.87082, 3,     6938.2,  117.5,   0.87082
"SCN_CN15_9105_CEI220_ATV", 13.8, 1,    6938.23,   -2.5,   0.87082, 2,    6938.21, -122.5,   0.87082, 3,    6938.21,  117.5,   0.87082
"SCN_CN15_9197_CEI69B", 13.8, 1,    6978.33,   -2.3,   0.87586, 2,    6978.32, -122.3,   0.87585, 3,    6978.31,  117.7,   0.87585
"SCN_CN15_9107_CEI201_ATV", 13.8, 1,    6978.32,   -2.3,   0.87586, 2,    6978.31, -122.3,   0.87585, 3,     6978.3,  117.7,   0.87585
"SCN_CN15_9023_CEI201_ATV", 13.8, 1,    6860.84,   -2.8,   0.86111, 2,    6860.83, -122.8,   0.86111, 3,    6860.83,  117.2,   0.86111
"SCN_CN15_9359_CEI109", 13.8, 1,    6860.27,   -2.8,   0.86104, 2,    6860.26, -122.8,   0.86104, 3,    6860.25,  117.2,   0.86104
"SCN_CN15_9360_CEI109", 13.8, 1,    6860.24,   -2.8,   0.86104, 2,    6860.23, -122.8,   0.86103, 3,    6860.23,  117.2,   0.86103
"SCN_CN15_9137_CEI77A_ATV", 13.8, 1,    7611.67,   -1.0,   0.95535, 2,    7611.66, -121.0,   0.95535, 3,    7611.66,  119.0,   0.95535
"SCN_CN15_9138_CEI77A_ATV", 13.8, 1,    7611.58,   -1.0,   0.95534, 2,    7611.58, -121.0,   0.95534, 3,    7611.58,  119.0,   0.95534
"SCN_CN15_9139_CEI77A_ATV", 13.8, 1,    7611.48,   -1.0,   0.95532, 2,    7611.47, -121.0,   0.95532, 3,    7611.47,  119.0,   0.95532
"SCN_CN15_9140_CEI77A_ATV", 13.8, 1,    7611.39,   -1.0,   0.95531, 2,    7611.38, -121.0,   0.95531, 3,    7611.39,  119.0,   0.95531
"SCN_CN15_9141_CEI77A_ATV", 13.8, 1,     7611.3,   -1.0,    0.9553, 2,     7611.3, -121.0,    0.9553, 3,     7611.3,  119.0,    0.9553
"SCN_CN15_9142_CEI77A_ATV", 13.8, 1,     7611.2,   -1.0,   0.95529, 2,    7611.19, -121.0,   0.95529, 3,    7611.19,  119.0,   0.95529
"SCN_CN15_9143_CEI77A_ATV", 13.8, 1,    7611.15,   -1.0,   0.95528, 2,    7611.15, -121.0,   0.95528, 3,    7611.15,  119.0,   0.95528
"SCN_CN15_9144_CEI77A_ATV", 13.8, 1,    7611.11,   -1.0,   0.95528, 2,     7611.1, -121.0,   0.95528, 3,     7611.1,  119.0,   0.95528
"SCN_CN15_9145_CEI77A_ATV", 13.8, 1,    7611.06,   -1.0,   0.95527, 2,    7611.06, -121.0,   0.95527, 3,    7611.06,  119.0,   0.95527
"SCN_CN15_9500_CEI109", 13.8, 1,    6863.92,   -2.8,    0.8615, 2,    6863.91, -122.8,    0.8615, 3,    6863.91,  117.2,    0.8615
"SCN_CN15_9146_CEI77A_ATV", 13.8, 1,    7611.01,   -1.0,   0.95526, 2,       7611, -121.0,   0.95526, 3,    7611.01,  119.0,   0.95526
"SCN_CN15_9150_CEI77A_ATV", 13.8, 1,    7611.01,   -1.0,   0.95526, 2,       7611, -121.0,   0.95526, 3,    7611.01,  119.0,   0.95526
"SCN_CN15_9147_CEI77A_ATV", 13.8, 1,    7610.97,   -1.0,   0.95526, 2,    7610.96, -121.0,   0.95526, 3,    7610.97,  119.0,   0.95526
"SCN_CN15_9148_CEI77A_ATV", 13.8, 1,    7610.93,   -1.0,   0.95525, 2,    7610.92, -121.0,   0.95525, 3,    7610.92,  119.0,   0.95525
"SCN_CN15_9149_CEI77A_ATV", 13.8, 1,    7610.88,   -1.0,   0.95525, 2,    7610.88, -121.0,   0.95525, 3,    7610.88,  119.0,   0.95525
"SCN_CN15_9151_CEI77A_ATV", 13.8, 1,    7611.14,   -1.0,   0.95528, 2,    7611.14, -121.0,   0.95528, 3,    7611.14,  119.0,   0.95528
"SCN_CN15_9152_CEI77A_ATV", 13.8, 1,    7611.09,   -1.0,   0.95528, 2,    7611.09, -121.0,   0.95527, 3,    7611.09,  119.0,   0.95527
"SCN_CN15_9153_CEI77A_ATV", 13.8, 1,    7611.05,   -1.0,   0.95527, 2,    7611.04, -121.0,   0.95527, 3,    7611.04,  119.0,   0.95527
"SCN_CN15_9192_CEI77A_ATV", 13.8, 1,    7897.65,   -0.3,   0.99124, 2,    7897.65, -120.3,   0.99124, 3,    7897.65,  119.7,   0.99124
"SCN_CN15_9193_CEI77A_ATV", 13.8, 1,     7897.6,   -0.3,   0.99123, 2,     7897.6, -120.3,   0.99123, 3,     7897.6,  119.7,   0.99123
"SCN_CN15_9501_CEI109", 13.8, 1,    6863.89,   -2.8,   0.86149, 2,    6863.88, -122.8,   0.86149, 3,    6863.88,  117.2,   0.86149
"SCN_CN15_9189_CEI77A_ATV", 13.8, 1,     7885.6,   -0.3,   0.98973, 2,     7885.6, -120.3,   0.98973, 3,     7885.6,  119.7,   0.98973
"SCN_CN15_9188_CEI77A_ATV", 13.8, 1,     7874.3,   -0.4,   0.98831, 2,     7874.3, -120.4,   0.98831, 3,     7874.3,  119.6,   0.98831
"SCN_CN15_9186_CEI77A_ATV", 13.8, 1,    7861.13,   -0.4,   0.98666, 2,    7861.13, -120.4,   0.98666, 3,    7861.13,  119.6,   0.98666
"SCN_CN15_9187_CEI77A_ATV", 13.8, 1,    7861.12,   -0.4,   0.98666, 2,    7861.11, -120.4,   0.98666, 3,    7861.11,  119.6,   0.98666
"SCN_CN15_9185_CEI77A_ATV", 13.8, 1,    7846.35,   -0.5,    0.9848, 2,    7846.35, -120.5,    0.9848, 3,    7846.35,  119.5,    0.9848
"SCN_CN15_9186_CEI77A_ATV_S", 13.8, 1,    7861.13,   -0.4,   0.98666, 2,    7861.13, -120.4,   0.98666, 3,    7861.13,  119.6,   0.98666
"SCN_CN15_9184_CEI77A_ATV", 13.8, 1,     7831.3,   -0.5,   0.98291, 2,     7831.3, -120.5,   0.98291, 3,     7831.3,  119.5,   0.98291
"SCN_CN15_9183_CEI77A_ATV", 13.8, 1,    7816.47,   -0.5,   0.98105, 2,    7816.47, -120.5,   0.98105, 3,    7816.47,  119.5,   0.98105
"SCN_CN15_9184_CEI77A_ATV_S", 13.8, 1,     7831.3,   -0.5,   0.98291, 2,     7831.3, -120.5,   0.98291, 3,     7831.3,  119.5,   0.98291
"SCN_CN15_9182_CEI77A_ATV", 13.8, 1,    7800.73,   -0.6,   0.97908, 2,    7800.73, -120.6,   0.97908, 3,    7800.73,  119.4,   0.97908
"SCN_CN15_9167_CEI77A_ATV", 13.8, 1,    7785.09,   -0.6,   0.97711, 2,    7785.08, -120.6,   0.97711, 3,    7785.08,  119.4,   0.97711
"SCN_CN15_9005_CEI077", 13.8, 1,    7772.36,   -0.7,   0.97552, 2,    7772.36, -120.7,   0.97552, 3,    7772.36,  119.3,   0.97552
"SCN_CN15_9502_CEI109", 13.8, 1,    6863.86,   -2.8,   0.86149, 2,    6863.85, -122.8,   0.86149, 3,    6863.85,  117.2,   0.86149
"SCN_CN15_9004_CEI077", 13.8, 1,    7769.54,   -0.7,   0.97516, 2,    7769.54, -120.7,   0.97516, 3,    7769.54,  119.3,   0.97516
"SCN_CN15_9003_CEI077", 13.8, 1,    7764.81,   -0.7,   0.97457, 2,     7764.8, -120.7,   0.97457, 3,     7764.8,  119.3,   0.97457
"SCN_CN15_9165_CEI77A_ATV", 13.8, 1,    7746.13,   -0.7,   0.97222, 2,    7746.12, -120.7,   0.97222, 3,    7746.12,  119.3,   0.97222
"SCN_CN15_9164_CEI77A_ATV", 13.8, 1,    7726.53,   -0.8,   0.96976, 2,    7726.52, -120.8,   0.96976, 3,    7726.52,  119.2,   0.96976
"SCN_CN15_9163_CEI77A_ATV", 13.8, 1,    7718.35,   -0.8,   0.96874, 2,    7718.35, -120.8,   0.96874, 3,    7718.35,  119.2,   0.96874
"SCN_CN15_9161_CEI77A_ATV", 13.8, 1,    7698.17,   -0.8,    0.9662, 2,    7698.17, -120.8,    0.9662, 3,    7698.17,  119.2,    0.9662
"SCN_CN15_9162_CEI77A_ATV", 13.8, 1,    7698.13,   -0.8,    0.9662, 2,    7698.13, -120.8,    0.9662, 3,    7698.13,  119.2,    0.9662
"SCN_CN15_9155_CEI77A_ATV", 13.8, 1,     7639.5,   -0.9,   0.95884, 2,    7639.49, -120.9,   0.95884, 3,     7639.5,  119.1,   0.95884
"SCN_CN15_9158_CEI77A_ATV", 13.8, 1,    7657.26,   -0.9,   0.96107, 2,    7657.25, -120.9,   0.96107, 3,    7657.25,  119.1,   0.96107
"SCN_CN15_9159_CEI77A_ATV", 13.8, 1,    7669.91,   -0.9,   0.96266, 2,    7669.91, -120.9,   0.96266, 3,    7669.91,  119.1,   0.96266
"SCN_CN15_9160_CEI77A_ATV", 13.8, 1,    7680.75,   -0.9,   0.96402, 2,    7680.74, -120.9,   0.96402, 3,    7680.74,  119.1,   0.96402
"SCN_CN15_9503_CEI109", 13.8, 1,    6863.83,   -2.8,   0.86149, 2,    6863.82, -122.8,   0.86148, 3,    6863.82,  117.2,   0.86148
"SCN_CN15_9161_CEI77A_ATV_S", 13.8, 1,    7698.17,   -0.8,    0.9662, 2,    7698.17, -120.8,    0.9662, 3,    7698.17,  119.2,    0.9662
"SCN_CN15_9156_CEI77A_ATV", 13.8, 1,    7639.36,   -0.9,   0.95882, 2,    7639.35, -120.9,   0.95882, 3,    7639.35,  119.1,   0.95882
"SCN_CN15_9157_CEI77A_ATV", 13.8, 1,    7639.21,   -0.9,    0.9588, 2,    7639.21, -120.9,    0.9588, 3,    7639.21,  119.1,    0.9588
"SCN_CN15_9155_CEI77A_ATV_S", 13.8, 1,     7639.5,   -0.9,   0.95884, 2,    7639.49, -120.9,   0.95884, 3,     7639.5,  119.1,   0.95884
"SCN_CN15_9154_CEI77A_ATV", 13.8, 1,     7627.7,   -0.9,   0.95736, 2,    7627.69, -120.9,   0.95736, 3,    7627.69,  119.1,   0.95736
"SCN_CN15_9168_CEI77A_ATV", 13.8, 1,    7784.74,   -0.6,   0.97707, 2,    7784.74, -120.6,   0.97707, 3,    7784.74,  119.4,   0.97707
"SCN_CN15_9169_CEI77A_ATV", 13.8, 1,    7784.43,   -0.6,   0.97703, 2,    7784.42, -120.6,   0.97703, 3,    7784.43,  119.4,   0.97703
"SCN_CN15_9202_CEI77A_ATV", 13.8, 1,    7784.33,   -0.6,   0.97702, 2,    7784.33, -120.6,   0.97702, 3,    7784.33,  119.4,   0.97702
"SCN_CN15_9203_CEI77A_ATV", 13.8, 1,    7784.24,   -0.6,   0.97701, 2,    7784.24, -120.6,   0.97701, 3,    7784.24,  119.4,   0.97701
"SCN_CN15_9204_CEI77A_ATV", 13.8, 1,    7784.15,   -0.6,     0.977, 2,    7784.14, -120.6,     0.977, 3,    7784.14,  119.4,     0.977
"SCN_CN15_9504_CEI109", 13.8, 1,     6863.8,   -2.8,   0.86148, 2,    6863.79, -122.8,   0.86148, 3,    6863.79,  117.2,   0.86148
"SCN_CN15_9213_CEI77A_ATV", 13.8, 1,    7784.12,   -0.6,   0.97699, 2,    7784.12, -120.6,   0.97699, 3,    7784.12,  119.4,   0.97699
"SCN_CN15_9214_CEI77A_ATV", 13.8, 1,     7784.1,   -0.6,   0.97699, 2,    7784.09, -120.6,   0.97699, 3,    7784.09,  119.4,   0.97699
"SCN_CN15_9215_CEI77A_ATV", 13.8, 1,    7784.08,   -0.6,   0.97699, 2,    7784.08, -120.6,   0.97699, 3,    7784.08,  119.4,   0.97699
"SCN_CN15_9216_CEI77A_ATV", 13.8, 1,    7784.07,   -0.6,   0.97699, 2,    7784.07, -120.6,   0.97699, 3,    7784.07,  119.4,   0.97699
"SCN_CN15_9205_CEI77A_ATV", 13.8, 1,    7784.08,   -0.6,   0.97699, 2,    7784.08, -120.6,   0.97699, 3,    7784.08,  119.4,   0.97699
"SCN_CN15_9206_CEI77A_ATV", 13.8, 1,    7784.01,   -0.6,   0.97698, 2,    7784.01, -120.6,   0.97698, 3,    7784.01,  119.4,   0.97698
"SCN_CN15_9207_CEI77A_ATV", 13.8, 1,    7783.98,   -0.6,   0.97698, 2,    7783.98, -120.6,   0.97697, 3,    7783.98,  119.4,   0.97697
"SCN_CN15_9208_CEI77A_ATV", 13.8, 1,    7783.97,   -0.6,   0.97697, 2,    7783.97, -120.6,   0.97697, 3,    7783.97,  119.4,   0.97697
"SCN_CN15_9210_CEI77A_ATV", 13.8, 1,    7783.95,   -0.6,   0.97697, 2,    7783.94, -120.6,   0.97697, 3,    7783.94,  119.4,   0.97697
"SCN_CN15_9211_CEI77A_ATV", 13.8, 1,    7783.93,   -0.6,   0.97697, 2,    7783.92, -120.6,   0.97697, 3,    7783.92,  119.4,   0.97697
"SCN_CN15_9008_CEI160_ATV", 13.8, 1,    6864.01,   -2.8,   0.86151, 2,       6864, -122.8,   0.86151, 3,       6864,  117.2,   0.86151
"SCN_CN15_9212_CEI77A_ATV", 13.8, 1,    7783.91,   -0.6,   0.97697, 2,    7783.91, -120.6,   0.97697, 3,    7783.91,  119.4,   0.97697
"SCN_CN15_9209_CEI77A_ATV", 13.8, 1,    7783.97,   -0.6,   0.97697, 2,    7783.97, -120.6,   0.97697, 3,    7783.97,  119.4,   0.97697
"SCN_CN15_9170_CEI77A_ATV", 13.8, 1,    7784.01,   -0.6,   0.97698, 2,    7784.01, -120.6,   0.97698, 3,    7784.01,  119.4,   0.97698
"SCN_CN15_9171_CEI77A_ATV", 13.8, 1,    7783.84,   -0.6,   0.97696, 2,    7783.84, -120.6,   0.97696, 3,    7783.84,  119.4,   0.97696
"SCN_CN15_9181_CEI77A_ATV", 13.8, 1,    7783.78,   -0.6,   0.97695, 2,    7783.78, -120.6,   0.97695, 3,    7783.78,  119.4,   0.97695
"SCN_CN15_9172_CEI77A_ATV", 13.8, 1,    7783.71,   -0.6,   0.97694, 2,    7783.71, -120.6,   0.97694, 3,    7783.71,  119.4,   0.97694
"SCN_CN15_9173_CEI77A_ATV", 13.8, 1,    7783.67,   -0.6,   0.97694, 2,    7783.66, -120.6,   0.97694, 3,    7783.67,  119.4,   0.97694
"SCN_CN15_9174_CEI77A_ATV", 13.8, 1,    7783.65,   -0.6,   0.97693, 2,    7783.65, -120.6,   0.97693, 3,    7783.65,  119.4,   0.97693
"SCN_CN15_9175_CEI77A_ATV", 13.8, 1,    7783.63,   -0.6,   0.97693, 2,    7783.63, -120.6,   0.97693, 3,    7783.63,  119.4,   0.97693
"SCN_CN15_9015_CEI160_ATV", 13.8, 1,    6863.97,   -2.8,    0.8615, 2,    6863.96, -122.8,    0.8615, 3,    6863.96,  117.2,    0.8615
"SCN_CN15_9176_CEI77A_ATV", 13.8, 1,    7783.56,   -0.6,   0.97692, 2,    7783.56, -120.6,   0.97692, 3,    7783.56,  119.4,   0.97692
"SCN_CN15_9177_CEI77A_ATV", 13.8, 1,    7783.56,   -0.6,   0.97692, 2,    7783.56, -120.6,   0.97692, 3,    7783.56,  119.4,   0.97692
"SCN_CN15_9178_CEI77A_ATV", 13.8, 1,     7783.5,   -0.6,   0.97691, 2,     7783.5, -120.6,   0.97691, 3,     7783.5,  119.4,   0.97691
"SCN_CN15_9179_CEI77A_ATV", 13.8, 1,    7783.46,   -0.6,   0.97691, 2,    7783.46, -120.6,   0.97691, 3,    7783.46,  119.4,   0.97691
"SCN_CN15_9180_CEI77A_ATV", 13.8, 1,    7783.43,   -0.6,   0.97691, 2,    7783.43, -120.6,   0.97691, 3,    7783.43,  119.4,   0.97691
"SCN_CN15_9024_CEIRJ006_ATV", 13.8, 1,    7783.46,   -0.6,   0.97691, 2,    7783.46, -120.6,   0.97691, 3,    7783.46,  119.4,   0.97691
"SCN_CN15_9026_CEIRJ006_ATV", 13.8, 1,    7783.46,   -0.6,   0.97691, 2,    7783.46, -120.6,   0.97691, 3,    7783.46,  119.4,   0.97691
"SCN_CN15_9002_CEI077_ATV", 13.8, 1,    7503.51,   -1.2,   0.94177, 2,     7503.5, -121.2,   0.94177, 3,     7503.5,  118.8,   0.94177
"SCN_CN15_9010_CEI077_ATV_S", 13.8, 1,    7517.77,   -1.2,   0.94356, 2,    7517.76, -121.2,   0.94356, 3,    7517.76,  118.8,   0.94356
"SCN_CN15_9023_CEIRJ006_ATV", 13.8, 1,    7475.35,   -1.3,   0.93824, 2,    7475.34, -121.3,   0.93824, 3,    7475.34,  118.7,   0.93824
"SCN_CN15_9094_CEI072", 13.8, 1,    7475.39,   -1.3,   0.93824, 2,    7475.39, -121.3,   0.93824, 3,    7475.39,  118.7,   0.93824
"SCN_CN15_9016_CEI160_ATV", 13.8, 1,    6863.97,   -2.8,    0.8615, 2,    6863.96, -122.8,    0.8615, 3,    6863.96,  117.2,    0.8615
"SCN_CN15_9093_CEI072", 13.8, 1,    7461.57,   -1.3,   0.93651, 2,    7461.56, -121.3,   0.93651, 3,    7461.56,  118.7,   0.93651
"SCN_CN15_9022_CEIRJ006_ATV", 13.8, 1,    7461.52,   -1.3,    0.9365, 2,    7461.52, -121.3,    0.9365, 3,    7461.52,  118.7,    0.9365
"SCN_CN15_9021_CEIRJ006_ATV", 13.8, 1,    7456.56,   -1.3,   0.93588, 2,    7456.55, -121.3,   0.93588, 3,    7456.55,  118.7,   0.93588
"SCN_CN15_9092_CEI072", 13.8, 1,    7456.56,   -1.3,   0.93588, 2,    7456.56, -121.3,   0.93588, 3,    7456.56,  118.7,   0.93588
"SCN_CN15_9091_CEI072", 13.8, 1,    7448.16,   -1.3,   0.93482, 2,    7448.15, -121.3,   0.93482, 3,    7448.15,  118.7,   0.93482
"SCN_CN15_9092_CEI072_S", 13.8, 1,    7456.56,   -1.3,   0.93588, 2,    7456.56, -121.3,   0.93588, 3,    7456.56,  118.7,   0.93588
"SCN_CN15_9090_CEI072", 13.8, 1,    7443.13,   -1.3,   0.93419, 2,    7443.12, -121.3,   0.93419, 3,    7443.12,  118.7,   0.93419
"SCN_CN15_9064_CEI072", 13.8, 1,    7432.29,   -1.4,   0.93283, 2,    7432.28, -121.4,   0.93283, 3,    7432.28,  118.6,   0.93283
"SCN_CN15_9065_CEI072", 13.8, 1,    7432.16,   -1.4,   0.93282, 2,    7432.15, -121.4,   0.93282, 3,    7432.15,  118.6,   0.93282
"SCN_CN15_9066_CEI072", 13.8, 1,    7432.03,   -1.4,    0.9328, 2,    7432.02, -121.4,    0.9328, 3,    7432.02,  118.6,    0.9328
"SCN_CN15_9067_CEI072", 13.8, 1,    7431.89,   -1.4,   0.93278, 2,    7431.89, -121.4,   0.93278, 3,    7431.89,  118.6,   0.93278
"SCN_CN15_9068_CEI072", 13.8, 1,    7431.77,   -1.4,   0.93277, 2,    7431.76, -121.4,   0.93277, 3,    7431.76,  118.6,   0.93277
"SCN_CN15_9011_CEIRJ013_ATV", 13.8, 1,    6863.97,   -2.8,    0.8615, 2,    6863.96, -122.8,    0.8615, 3,    6863.95,  117.2,    0.8615
"SCN_CN15_9069_CEI072", 13.8, 1,    7431.64,   -1.4,   0.93275, 2,    7431.63, -121.4,   0.93275, 3,    7431.63,  118.6,   0.93275
"SCN_CN15_9061_CEI072", 13.8, 1,    7425.35,   -1.4,   0.93196, 2,    7425.35, -121.4,   0.93196, 3,    7425.35,  118.6,   0.93196
"SCN_CN15_9060_CEI072", 13.8, 1,    7420.93,   -1.4,   0.93141, 2,    7420.92, -121.4,   0.93141, 3,    7420.93,  118.6,   0.93141
"SCN_CN15_9059_CEI072", 13.8, 1,    7414.76,   -1.4,   0.93063, 2,    7414.75, -121.4,   0.93063, 3,    7414.75,  118.6,   0.93063
"SCN_CN15_9058_CEI072", 13.8, 1,    7407.56,   -1.4,   0.92973, 2,    7407.55, -121.4,   0.92973, 3,    7407.56,  118.6,   0.92973
"SCN_CN15_9019_CEI69B", 13.8, 1,    7039.15,   -2.2,   0.88349, 2,    7039.14, -122.2,   0.88349, 3,    7039.14,  117.8,   0.88349
"SCN_CN15_9017_CEI69B", 13.8, 1,    7040.76,   -2.2,   0.88369, 2,    7040.75, -122.2,   0.88369, 3,    7040.75,  117.8,   0.88369
"SCN_CN15_9018_CEI69B", 13.8, 1,     7040.5,   -2.2,   0.88366, 2,    7040.49, -122.2,   0.88366, 3,    7040.49,  117.8,   0.88366
"SCN_CN15_9018_CEI69B_S", 13.8, 1,     7040.5,   -2.2,   0.88366, 2,    7040.49, -122.2,   0.88366, 3,    7040.49,  117.8,   0.88366
"SCN_CN15_9027_CEI250_ATV", 13.8, 1,    7039.27,   -2.2,    0.8835, 2,    7039.26, -122.2,    0.8835, 3,    7039.26,  117.8,    0.8835
"SCN_CN15_9454_CEI109", 13.8, 1,    6892.34,   -2.7,   0.86506, 2,    6892.32, -122.7,   0.86506, 3,    6892.32,  117.3,   0.86506
"SCN_CN15_9028_CEI250_ATV", 13.8, 1,    7038.03,   -2.2,   0.88335, 2,    7038.02, -122.2,   0.88335, 3,    7038.01,  117.8,   0.88335
"SCN_CN15_9032_CEI130_ATV", 13.8, 1,    7033.63,   -2.2,    0.8828, 2,    7033.62, -122.2,    0.8828, 3,    7033.61,  117.8,    0.8828
"SCN_CN15_9022_CEI250_ATV_S", 13.8, 1,    7034.76,   -2.2,   0.88294, 2,    7034.75, -122.2,   0.88294, 3,    7034.75,  117.8,   0.88294
"SCN_CN15_9033_CEI130_ATV", 13.8, 1,     7028.2,   -2.2,   0.88212, 2,    7028.19, -122.2,   0.88211, 3,    7028.19,  117.8,   0.88211
"SCN_CN15_9035_CEI130_ATV", 13.8, 1,    7017.29,   -2.2,   0.88075, 2,    7017.28, -122.2,   0.88075, 3,    7017.28,  117.8,   0.88075
"SCN_CN15_9036_CEI130_ATV", 13.8, 1,    7011.06,   -2.3,   0.87996, 2,    7011.05, -122.3,   0.87996, 3,    7011.05,  117.7,   0.87996
"SCN_CN15_9038_CEI130_ATV_S", 13.8, 1,    7011.02,   -2.3,   0.87996, 2,    7011.01, -122.3,   0.87996, 3,    7011.01,  117.7,   0.87996
"SCN_CN15_9038_CEI130_ATV", 13.8, 1,    7011.02,   -2.3,   0.87996, 2,    7011.01, -122.3,   0.87996, 3,    7011.01,  117.7,   0.87996
"SCN_CN15_9039_CEI130_ATV", 13.8, 1,    7010.99,   -2.3,   0.87996, 2,    7010.98, -122.3,   0.87995, 3,    7010.98,  117.7,   0.87995
"SCN_CN15_9453_CEI109", 13.8, 1,    6892.32,   -2.7,   0.86506, 2,    6892.31, -122.7,   0.86506, 3,    6892.31,  117.3,   0.86506
"SCN_CN15_9020_CEI130_ATV", 13.8, 1,    7039.69,   -2.2,   0.88356, 2,    7039.68, -122.2,   0.88356, 3,    7039.68,  117.8,   0.88356
"SCN_CN15_9021_CEI130_ATV", 13.8, 1,    7039.73,   -2.2,   0.88356, 2,    7039.72, -122.2,   0.88356, 3,    7039.72,  117.8,   0.88356
"SCN_CN15_9021_CEI130_ATV_S", 13.8, 1,    7039.73,   -2.2,   0.88356, 2,    7039.72, -122.2,   0.88356, 3,    7039.72,  117.8,   0.88356
"SCN_CN15_9022_CEI130_ATV", 13.8, 1,    7039.79,   -2.2,   0.88357, 2,    7039.78, -122.2,   0.88357, 3,    7039.78,  117.8,   0.88357
"SCN_CN15_9023_CEI130_ATV", 13.8, 1,    7039.87,   -2.2,   0.88358, 2,    7039.86, -122.2,   0.88358, 3,    7039.85,  117.8,   0.88358
"SCN_CN15_9026_CEI130_ATV", 13.8, 1,    7040.97,   -2.2,   0.88372, 2,    7040.96, -122.2,   0.88372, 3,    7040.96,  117.8,   0.88372
"SCN_CN15_9027_CEI130_ATV", 13.8, 1,    7042.15,   -2.2,   0.88387, 2,    7042.14, -122.2,   0.88387, 3,    7042.14,  117.8,   0.88387
"SCN_CN15_9028_CEI130_ATV", 13.8, 1,    7043.35,   -2.2,   0.88402, 2,    7043.34, -122.2,   0.88402, 3,    7043.34,  117.8,   0.88402
"SCN_CN15_9029_CEI130_ATV", 13.8, 1,    7044.48,   -2.2,   0.88416, 2,    7044.47, -122.2,   0.88416, 3,    7044.47,  117.8,   0.88416
"SCN_CN15_9452_CEI109", 13.8, 1,    6892.31,   -2.7,   0.86506, 2,    6892.29, -122.7,   0.86506, 3,    6892.29,  117.3,   0.86506
"SCN_CN15_9030_CEI130_ATV", 13.8, 1,    7045.63,   -2.2,    0.8843, 2,    7045.62, -122.2,    0.8843, 3,    7045.62,  117.8,    0.8843
"SCN_CN15_9016_CEI69B", 13.8, 1,    7043.76,   -2.2,   0.88407, 2,    7043.75, -122.2,   0.88407, 3,    7043.75,  117.8,   0.88407
"SCN_CN15_592-0899-22", 13.8, 1,    7042.16,   -2.2,   0.88387, 2,    7042.16, -122.2,   0.88387, 3,    7042.15,  117.8,   0.88387
"SCN_CN15_592-0899-22_S", 13.8, 1,    7042.16,   -2.2,   0.88387, 2,    7042.16, -122.2,   0.88387, 3,    7042.15,  117.8,   0.88387
"SCN_CN15_9013_CEI69B", 13.8, 1,    7050.35,   -2.1,    0.8849, 2,    7050.34, -122.1,   0.88489, 3,    7050.34,  117.9,   0.88489
"SCN_CN15_9015_CEI69B_S", 13.8, 1,    7046.91,   -2.1,   0.88446, 2,     7046.9, -122.1,   0.88446, 3,     7046.9,  117.9,   0.88446
"SCN_CN15_9012_CEI69B", 13.8, 1,    7054.48,   -2.1,   0.88541, 2,    7054.47, -122.1,   0.88541, 3,    7054.47,  117.9,   0.88541
"SCN_CN15_9011_CEI69B", 13.8, 1,    7058.54,   -2.1,   0.88592, 2,    7058.53, -122.1,   0.88592, 3,    7058.53,  117.9,   0.88592
"SCN_CN15_9162_CEI068", 13.8, 1,    7063.64,   -2.1,   0.88656, 2,    7063.63, -122.1,   0.88656, 3,    7063.62,  117.9,   0.88656
"SCN_CN15_9163_CEI068", 13.8, 1,    7068.98,   -2.1,   0.88723, 2,    7068.97, -122.1,   0.88723, 3,    7068.97,  117.9,   0.88723
"SCN_CN15_9164_CEI068", 13.8, 1,    7078.37,   -2.1,   0.88841, 2,    7078.37, -122.1,   0.88841, 3,    7078.36,  117.9,   0.88841
"SCN_CN15_9451_CEI109", 13.8, 1,    6892.28,   -2.7,   0.86506, 2,    6892.27, -122.7,   0.86506, 3,    6892.27,  117.3,   0.86506
"SCN_CN15_9169_CEI068", 13.8, 1,    7087.41,   -2.1,   0.88955, 2,     7087.4, -122.1,   0.88955, 3,     7087.4,  117.9,   0.88955
"SCN_CN15_9170_CEI068", 13.8, 1,    7087.49,   -2.1,   0.88956, 2,    7087.48, -122.1,   0.88956, 3,    7087.48,  117.9,   0.88956
"SCN_CN15_9170_CEI068_S", 13.8, 1,    7087.49,   -2.1,   0.88956, 2,    7087.48, -122.1,   0.88956, 3,    7087.48,  117.9,   0.88956
"SCN_CN15_9171_CEI068", 13.8, 1,    7097.18,   -2.0,   0.89077, 2,    7097.18, -122.0,   0.89077, 3,    7097.17,  118.0,   0.89077
"SCN_CN15_9172_CEI068", 13.8, 1,    7107.92,   -2.0,   0.89212, 2,    7107.91, -122.0,   0.89212, 3,    7107.91,  118.0,   0.89212
"SCN_CN15_9182_CEI068", 13.8, 1,    7120.39,   -2.0,   0.89369, 2,    7120.38, -122.0,   0.89369, 3,    7120.38,  118.0,   0.89369
"SCN_CN15_9181_CEI068", 13.8, 1,    7120.37,   -2.0,   0.89368, 2,    7120.36, -122.0,   0.89368, 3,    7120.36,  118.0,   0.89368
"SCN_CN15_9182_CEI068_S", 13.8, 1,    7120.39,   -2.0,   0.89369, 2,    7120.38, -122.0,   0.89369, 3,    7120.38,  118.0,   0.89369
"SCN_CN15_9183_CEI068", 13.8, 1,    7133.41,   -1.9,   0.89532, 2,     7133.4, -121.9,   0.89532, 3,     7133.4,  118.1,   0.89532
"SCN_CN15_9183_CEI068_S", 13.8, 1,    7133.41,   -1.9,   0.89532, 2,     7133.4, -121.9,   0.89532, 3,     7133.4,  118.1,   0.89532
"SCN_CN15_9186_CEI068", 13.8, 1,    7143.07,   -1.9,   0.89653, 2,    7143.06, -121.9,   0.89653, 3,    7143.06,  118.1,   0.89653
"SCN_CN15_9107_CEI068", 13.8, 1,    7149.05,   -1.9,   0.89728, 2,    7149.04, -121.9,   0.89728, 3,    7149.04,  118.1,   0.89728
"SCN_CN15_9450_CEI109", 13.8, 1,    6892.26,   -2.7,   0.86505, 2,    6892.25, -122.7,   0.86505, 3,    6892.25,  117.3,   0.86505
"SCN_CN15_9103_CEI068", 13.8, 1,    7155.63,   -1.9,   0.89811, 2,    7155.63, -121.9,   0.89811, 3,    7155.63,  118.1,   0.89811
"SCN_CN15_9092_CEI068", 13.8, 1,    7155.53,   -1.9,    0.8981, 2,    7155.52, -121.9,    0.8981, 3,    7155.52,  118.1,    0.8981
"SCN_CN15_9091_CEI068", 13.8, 1,    7155.41,   -1.9,   0.89808, 2,    7155.41, -121.9,   0.89808, 3,    7155.41,  118.1,   0.89808
"SCN_CN15_9090_CEI068", 13.8, 1,     7155.2,   -1.9,   0.89806, 2,    7155.19, -121.9,   0.89805, 3,    7155.19,  118.1,   0.89805
"SCN_CN15_9089_CEI068_S", 13.8, 1,    7155.07,   -1.9,   0.89804, 2,    7155.06, -121.9,   0.89804, 3,    7155.06,  118.1,   0.89804
"SCN_CN15_9086_CEI068", 13.8, 1,     7154.9,   -1.9,   0.89802, 2,    7154.89, -121.9,   0.89802, 3,    7154.89,  118.1,   0.89802
"SCN_CN15_9085_CEI068", 13.8, 1,    7154.67,   -1.9,   0.89799, 2,    7154.66, -121.9,   0.89799, 3,    7154.66,  118.1,   0.89799
"SCN_CN15_9086_CEI068_S", 13.8, 1,     7154.9,   -1.9,   0.89802, 2,    7154.89, -121.9,   0.89802, 3,    7154.89,  118.1,   0.89802
"SCN_CN15_9082_CEI068", 13.8, 1,    7154.41,   -1.9,   0.89796, 2,     7154.4, -121.9,   0.89796, 3,     7154.4,  118.1,   0.89796
"SCN_CN15_9081_CEI068", 13.8, 1,    7154.14,   -1.9,   0.89792, 2,    7154.13, -121.9,   0.89792, 3,    7154.13,  118.1,   0.89792
"SCN_CN15_9080_CEI068", 13.8, 1,    7153.88,   -1.9,   0.89789, 2,    7153.87, -121.9,   0.89789, 3,    7153.87,  118.1,   0.89789
"SCN_CN15_9026_CEI201_ATV", 13.8, 1,    6861.22,   -2.8,   0.86116, 2,    6861.21, -122.8,   0.86116, 3,    6861.21,  117.2,   0.86116
"SCN_CN15_9027_CEI201_ATV", 13.8, 1,    6861.34,   -2.8,   0.86117, 2,    6861.32, -122.8,   0.86117, 3,    6861.32,  117.2,   0.86117
"SCN_CN15_9449_CEI109", 13.8, 1,    6892.25,   -2.7,   0.86505, 2,    6892.23, -122.7,   0.86505, 3,    6892.23,  117.3,   0.86505
"SCN_CN15_9079_CEI068", 13.8, 1,    7153.62,   -1.9,   0.89786, 2,    7153.61, -121.9,   0.89786, 3,    7153.61,  118.1,   0.89786
"SCN_CN15_9078_CEI068", 13.8, 1,    7153.36,   -1.9,   0.89783, 2,    7153.35, -121.9,   0.89782, 3,    7153.35,  118.1,   0.89782
"SCN_CN15_9077_CEI068", 13.8, 1,     7153.1,   -1.9,   0.89779, 2,    7153.09, -121.9,   0.89779, 3,    7153.09,  118.1,   0.89779
"SCN_CN15_9076_CEI068", 13.8, 1,    7152.86,   -1.9,   0.89776, 2,    7152.85, -121.9,   0.89776, 3,    7152.85,  118.1,   0.89776
"SCN_CN15_9075_CEI068", 13.8, 1,    7152.61,   -1.9,   0.89773, 2,     7152.6, -121.9,   0.89773, 3,     7152.6,  118.1,   0.89773
"SCN_CN15_9074_CEI068", 13.8, 1,    7152.36,   -1.9,    0.8977, 2,    7152.36, -121.9,    0.8977, 3,    7152.35,  118.1,    0.8977
"SCN_CN15_9073_CEI068", 13.8, 1,    7152.11,   -1.9,   0.89767, 2,     7152.1, -121.9,   0.89767, 3,     7152.1,  118.1,   0.89767
"SCN_CN15_9072_CEI068", 13.8, 1,    7151.86,   -1.9,   0.89764, 2,    7151.85, -121.9,   0.89764, 3,    7151.85,  118.1,   0.89764
"SCN_CN15_9071_CEI068", 13.8, 1,    7151.63,   -1.9,   0.89761, 2,    7151.62, -121.9,   0.89761, 3,    7151.62,  118.1,   0.89761
"SCN_CN15_9070_CEI068", 13.8, 1,    7151.45,   -1.9,   0.89759, 2,    7151.44, -121.9,   0.89758, 3,    7151.44,  118.1,   0.89758
"SCN_CN15_9448_CEI109", 13.8, 1,    6892.23,   -2.7,   0.86505, 2,    6892.22, -122.7,   0.86505, 3,    6892.22,  117.3,   0.86505
"SCN_CN15_9069_CEI068", 13.8, 1,    7151.26,   -1.9,   0.89756, 2,    7151.26, -121.9,   0.89756, 3,    7151.26,  118.1,   0.89756
"SCN_CN15_9447_CEI109", 13.8, 1,    6892.22,   -2.7,   0.86505, 2,    6892.21, -122.7,   0.86505, 3,    6892.21,  117.3,   0.86505
"SCN_CN15_9062_CEIRJ006_ATV", 13.8, 1,    6919.85,   -2.4,   0.86852, 2,    6919.84, -122.4,   0.86852, 3,    6919.84,  117.6,   0.86852
"SCN_CN15_9069_CEI074", 13.8, 1,    6919.88,   -2.4,   0.86852, 2,    6919.87, -122.4,   0.86852, 3,    6919.87,  117.6,   0.86852
"SCN_CN15_9083_CEI201_ATV", 13.8, 1,    6978.81,   -2.3,   0.87592, 2,    6978.79, -122.3,   0.87591, 3,    6978.79,  117.7,   0.87591
"SCN_CN15_9085_CEI201_ATV", 13.8, 1,     6978.8,   -2.3,   0.87592, 2,    6978.79, -122.3,   0.87591, 3,    6978.79,  117.7,   0.87591
"SCN_CN15_9031_CEI201_ATV", 13.8, 1,    6861.89,   -2.8,   0.86124, 2,    6861.87, -122.8,   0.86124, 3,    6861.87,  117.2,   0.86124
"SCN_CN15_9033_CEI201_ATV", 13.8, 1,    6862.09,   -2.8,   0.86127, 2,    6862.08, -122.8,   0.86127, 3,    6862.08,  117.2,   0.86127
"SCN_CN15_9028_CEI201_ATV", 13.8, 1,    6861.48,   -2.8,   0.86119, 2,    6861.46, -122.8,   0.86119, 3,    6861.46,  117.2,   0.86119
"SCN_CN15_9074_CEI131_ATV", 13.8, 1,    6912.63,   -2.6,   0.86761, 2,    6912.62, -122.6,   0.86761, 3,    6912.62,  117.4,   0.86761
"SCN_CN15_9075_CEI131_ATV", 13.8, 1,    6912.62,   -2.6,   0.86761, 2,    6912.61, -122.6,   0.86761, 3,    6912.61,  117.4,   0.86761
"SCN_CN15_9072_CEI131_ATV_S", 13.8, 1,    6912.64,   -2.6,   0.86761, 2,    6912.63, -122.6,   0.86761, 3,    6912.63,  117.4,   0.86761
"SCN_CN15_9076_CEI131_ATV", 13.8, 1,    6912.66,   -2.6,   0.86761, 2,    6912.64, -122.6,   0.86761, 3,    6912.64,  117.4,   0.86761
"SCN_CN15_9081_CEI131_ATV", 13.8, 1,     6913.4,   -2.6,   0.86771, 2,    6913.39, -122.6,   0.86771, 3,    6913.39,  117.4,   0.86771
"SCN_CN15_9082_CEI131_ATV", 13.8, 1,    6914.31,   -2.6,   0.86782, 2,    6914.29, -122.6,   0.86782, 3,    6914.29,  117.4,   0.86782
"SCN_CN15_9086_CEI131_ATV", 13.8, 1,    6915.68,   -2.6,   0.86799, 2,    6915.66, -122.6,   0.86799, 3,    6915.66,  117.4,   0.86799
"SCN_CN15_9088_CEI131_ATV", 13.8, 1,     6918.4,   -2.6,   0.86833, 2,    6918.38, -122.6,   0.86833, 3,    6918.38,  117.4,   0.86833
"SCN_CN15_9342_CEI109", 13.8, 1,    6863.16,   -2.8,    0.8614, 2,    6863.14, -122.8,    0.8614, 3,    6863.14,  117.2,    0.8614
"SCN_CN15_9336_CEI109", 13.8, 1,    6863.41,   -2.8,   0.86143, 2,     6863.4, -122.8,   0.86143, 3,     6863.4,  117.2,   0.86143
"SCN_CN15_9057_CEI072", 13.8, 1,    7400.93,   -1.4,    0.9289, 2,    7400.92, -121.4,    0.9289, 3,    7400.92,  118.6,    0.9289
"SCN_CN15_9056_CEI072", 13.8, 1,    7394.52,   -1.4,   0.92809, 2,    7394.52, -121.4,   0.92809, 3,    7394.52,  118.6,   0.92809
"SCN_CN15_9052_CEI072", 13.8, 1,    7380.92,   -1.5,   0.92639, 2,    7380.91, -121.5,   0.92638, 3,    7380.91,  118.5,   0.92638
"SCN_CN15_9056_CEI072_S", 13.8, 1,    7394.52,   -1.4,   0.92809, 2,    7394.52, -121.4,   0.92809, 3,    7394.52,  118.6,   0.92809
"SCN_CN15_9005_CEI072", 13.8, 1,    7376.56,   -1.5,   0.92584, 2,    7376.56, -121.5,   0.92584, 3,    7376.56,  118.5,   0.92584
"SCN_CN15_9004_CEI072", 13.8, 1,    7367.92,   -1.5,   0.92475, 2,    7367.91, -121.5,   0.92475, 3,    7367.91,  118.5,   0.92475
"SCN_CN15_9005_CEI072_S", 13.8, 1,    7376.56,   -1.5,   0.92584, 2,    7376.56, -121.5,   0.92584, 3,    7376.56,  118.5,   0.92584
"SCN_CN15_9486_CEI109", 13.8, 1,    6864.29,   -2.8,   0.86154, 2,    6864.27, -122.8,   0.86154, 3,    6864.27,  117.2,   0.86154
"SCN_CN15_9003_CEI072", 13.8, 1,    7354.93,   -1.5,   0.92312, 2,    7354.92, -121.5,   0.92312, 3,    7354.92,  118.5,   0.92312
"SCN_CN15_9004_CEI072_S", 13.8, 1,    7367.92,   -1.5,   0.92475, 2,    7367.91, -121.5,   0.92475, 3,    7367.91,  118.5,   0.92475
"SCN_CN15_9002_CEI072", 13.8, 1,    7353.31,   -1.5,   0.92292, 2,     7353.3, -121.5,   0.92292, 3,     7353.3,  118.5,   0.92292
"SCN_CN15_9003_CEI072_S", 13.8, 1,    7354.93,   -1.5,   0.92312, 2,    7354.92, -121.5,   0.92312, 3,    7354.92,  118.5,   0.92312
"SCN_CN15_9002_CEI072_S", 13.8, 1,    7353.31,   -1.5,   0.92292, 2,     7353.3, -121.5,   0.92292, 3,     7353.3,  118.5,   0.92292
"SCN_CN15_9297_CEI250_ATV", 13.8, 1,    7341.99,   -1.6,    0.9215, 2,    7341.99, -121.6,    0.9215, 3,    7341.99,  118.4,    0.9215
"SCN_CN15_9296_CEI250_ATV_S", 13.8, 1,    7336.33,   -1.6,   0.92079, 2,    7336.33, -121.6,   0.92079, 3,    7336.33,  118.4,   0.92079
"SCN_CN15_9297_CEI250_ATV_S", 13.8, 1,    7341.99,   -1.6,    0.9215, 2,    7341.99, -121.6,    0.9215, 3,    7341.99,  118.4,    0.9215
"SCN_CN15_9293_CEI250_ATV_S", 13.8, 1,    7325.97,   -1.6,   0.91949, 2,    7325.97, -121.6,   0.91949, 3,    7325.97,  118.4,   0.91949
"SCN_CN15_9292_CEI250_ATV", 13.8, 1,    7321.07,   -1.6,   0.91887, 2,    7321.07, -121.6,   0.91887, 3,    7321.07,  118.4,   0.91887
"SCN_CN15_9296_CEI250_ATV", 13.8, 1,    7336.33,   -1.6,   0.92079, 2,    7336.33, -121.6,   0.92079, 3,    7336.33,  118.4,   0.92079
"SCN_CN15_9295_CEI250_ATV", 13.8, 1,    7329.53,   -1.6,   0.91994, 2,    7329.52, -121.6,   0.91993, 3,    7329.52,  118.4,   0.91993
"SCN_CN15_9300_CEI250_ATV", 13.8, 1,    7341.94,   -1.6,   0.92149, 2,    7341.93, -121.6,   0.92149, 3,    7341.93,  118.4,   0.92149
"SCN_CN15_9003_CEIRJ012_ATV", 13.8, 1,    7341.99,   -1.6,    0.9215, 2,    7341.99, -121.6,    0.9215, 3,    7341.99,  118.4,    0.9215
"SCN_CN15_9006_CEI072", 13.8, 1,    7376.31,   -1.5,   0.92581, 2,     7376.3, -121.5,   0.92581, 3,     7376.3,  118.5,   0.92581
"SCN_CN15_9007_CEI072", 13.8, 1,    7376.02,   -1.5,   0.92577, 2,    7376.02, -121.5,   0.92577, 3,    7376.02,  118.5,   0.92577
"SCN_CN15_9487_CEI109", 13.8, 1,    6864.25,   -2.8,   0.86154, 2,    6864.24, -122.8,   0.86154, 3,    6864.24,  117.2,   0.86154
"SCN_CN15_9008_CEI072", 13.8, 1,     7375.9,   -1.5,   0.92576, 2,    7375.89, -121.5,   0.92576, 3,    7375.89,  118.5,   0.92576
"SCN_CN15_9009_CEI072", 13.8, 1,    7375.76,   -1.5,   0.92574, 2,    7375.76, -121.5,   0.92574, 3,    7375.76,  118.5,   0.92574
"SCN_CN15_9010_CEI072_S", 13.8, 1,    7375.64,   -1.5,   0.92572, 2,    7375.63, -121.5,   0.92572, 3,    7375.63,  118.5,   0.92572
"SCN_CN15_9010_CEI072", 13.8, 1,    7375.64,   -1.5,   0.92572, 2,    7375.63, -121.5,   0.92572, 3,    7375.63,  118.5,   0.92572
"SCN_CN15_9011_CEI072", 13.8, 1,     7375.5,   -1.5,   0.92571, 2,    7375.49, -121.5,    0.9257, 3,    7375.49,  118.5,    0.9257
"SCN_CN15_9012_CEI072", 13.8, 1,    7375.48,   -1.5,    0.9257, 2,    7375.48, -121.5,    0.9257, 3,    7375.48,  118.5,    0.9257
"SCN_CN15_9024_CEI072", 13.8, 1,    7375.28,   -1.5,   0.92568, 2,    7375.27, -121.5,   0.92568, 3,    7375.27,  118.5,   0.92568
"SCN_CN15_9025_CEI072", 13.8, 1,    7375.18,   -1.5,   0.92567, 2,    7375.18, -121.5,   0.92567, 3,    7375.18,  118.5,   0.92567
"SCN_CN15_9027_CEI072", 13.8, 1,    7375.07,   -1.5,   0.92565, 2,    7375.06, -121.5,   0.92565, 3,    7375.06,  118.5,   0.92565
"SCN_CN15_9032_CEI072", 13.8, 1,    7374.93,   -1.5,   0.92563, 2,    7374.93, -121.5,   0.92563, 3,    7374.93,  118.5,   0.92563
"SCN_CN15_9033_CEI072", 13.8, 1,     7374.8,   -1.5,   0.92562, 2,     7374.8, -121.5,   0.92562, 3,     7374.8,  118.5,   0.92562
"SCN_CN15_9301_CEI250_ATV", 13.8, 1,    7325.68,   -1.6,   0.91945, 2,    7325.67, -121.6,   0.91945, 3,    7325.67,  118.4,   0.91945
"SCN_CN15_9293_CEI250_ATV", 13.8, 1,    7325.97,   -1.6,   0.91949, 2,    7325.97, -121.6,   0.91949, 3,    7325.97,  118.4,   0.91949
"SCN_CN15_9489_CEI109", 13.8, 1,    6864.24,   -2.8,   0.86154, 2,    6864.22, -122.8,   0.86154, 3,    6864.22,  117.2,   0.86154
"SCN_CN15_9303_CEI250_ATV", 13.8, 1,    7325.17,   -1.6,   0.91939, 2,    7325.16, -121.6,   0.91939, 3,    7325.16,  118.4,   0.91939
"SCN_CN15_9304_CEI250_ATV", 13.8, 1,    7324.92,   -1.6,   0.91936, 2,    7324.91, -121.6,   0.91936, 3,    7324.91,  118.4,   0.91936
"SCN_CN15_9305_CEI250_ATV", 13.8, 1,    7324.67,   -1.6,   0.91933, 2,    7324.66, -121.6,   0.91933, 3,    7324.66,  118.4,   0.91933
"SCN_CN15_9306_CEI250_ATV", 13.8, 1,    7324.37,   -1.6,   0.91929, 2,    7324.36, -121.6,   0.91929, 3,    7324.36,  118.4,   0.91929
"SCN_CN15_9307_CEI250_ATV", 13.8, 1,     7324.2,   -1.6,   0.91927, 2,     7324.2, -121.6,   0.91927, 3,     7324.2,  118.4,   0.91927
"SCN_CN15_9308_CEI250_ATV", 13.8, 1,    7324.12,   -1.6,   0.91926, 2,    7324.11, -121.6,   0.91926, 3,    7324.11,  118.4,   0.91926
"SCN_CN15_9053_CEI160_ATV", 13.8, 1,    7324.12,   -1.6,   0.91926, 2,    7324.11, -121.6,   0.91926, 3,    7324.11,  118.4,   0.91926
"SCN_CN15_9054_CEI160_ATV", 13.8, 1,    7324.12,   -1.6,   0.91926, 2,    7324.11, -121.6,   0.91926, 3,    7324.11,  118.4,   0.91926
"SCN_CN15_9311_CEI250_ATV", 13.8, 1,    7323.82,   -1.6,   0.91922, 2,    7323.81, -121.6,   0.91922, 3,    7323.81,  118.4,   0.91922
"SCN_CN15_9488_CEI109", 13.8, 1,    6864.24,   -2.8,   0.86154, 2,    6864.23, -122.8,   0.86154, 3,    6864.23,  117.2,   0.86154
"SCN_CN15_9312_CEI250_ATV", 13.8, 1,     7323.6,   -1.6,   0.91919, 2,     7323.6, -121.6,   0.91919, 3,     7323.6,  118.4,   0.91919
"SCN_CN15_9313_CEI250_ATV", 13.8, 1,     7323.6,   -1.6,   0.91919, 2,    7323.59, -121.6,   0.91919, 3,    7323.59,  118.4,   0.91919
"SCN_CN15_9314_CEI250_ATV_S", 13.8, 1,    7323.45,   -1.6,   0.91917, 2,    7323.44, -121.6,   0.91917, 3,    7323.44,  118.4,   0.91917
"SCN_CN15_9314_CEI250_ATV", 13.8, 1,    7323.45,   -1.6,   0.91917, 2,    7323.44, -121.6,   0.91917, 3,    7323.44,  118.4,   0.91917
"SCN_CN15_9052_CEI071", 13.8, 1,    7323.32,   -1.6,   0.91916, 2,    7323.31, -121.6,   0.91916, 3,    7323.31,  118.4,   0.91916
"SCN_CN15_9053_CEI071", 13.8, 1,    7323.22,   -1.6,   0.91914, 2,    7323.21, -121.6,   0.91914, 3,    7323.21,  118.4,   0.91914
"SCN_CN15_9054_CEI071", 13.8, 1,    7323.13,   -1.6,   0.91913, 2,    7323.12, -121.6,   0.91913, 3,    7323.12,  118.4,   0.91913
"SCN_CN15_9055_CEI071", 13.8, 1,    7323.04,   -1.6,   0.91912, 2,    7323.03, -121.6,   0.91912, 3,    7323.03,  118.4,   0.91912
"SCN_CN15_9056_CEI071", 13.8, 1,    7322.95,   -1.6,   0.91911, 2,    7322.94, -121.6,   0.91911, 3,    7322.94,  118.4,   0.91911
"SCN_CN15_9057_CEI071", 13.8, 1,    7322.86,   -1.6,    0.9191, 2,    7322.85, -121.6,    0.9191, 3,    7322.85,  118.4,    0.9191
"SCN_CN15_9058_CEI071", 13.8, 1,    7322.73,   -1.6,   0.91908, 2,    7322.72, -121.6,   0.91908, 3,    7322.72,  118.4,   0.91908
"SCN_CN15_9495_CEI109", 13.8, 1,    6864.11,   -2.8,   0.86152, 2,     6864.1, -122.8,   0.86152, 3,     6864.1,  117.2,   0.86152
"SCN_CN15_9319_CEI250_ATV", 13.8, 1,    7322.61,   -1.6,   0.91907, 2,    7322.61, -121.6,   0.91907, 3,    7322.61,  118.4,   0.91907
"SCN_CN15_9320_CEI250_ATV", 13.8, 1,    7322.58,   -1.6,   0.91906, 2,    7322.57, -121.6,   0.91906, 3,    7322.57,  118.4,   0.91906
"SCN_CN15_9321_CEI250_ATV", 13.8, 1,    7322.58,   -1.6,   0.91906, 2,    7322.57, -121.6,   0.91906, 3,    7322.57,  118.4,   0.91906
"SCN_CN15_9062_CEI071", 13.8, 1,    7322.42,   -1.6,   0.91904, 2,    7322.42, -121.6,   0.91904, 3,    7322.42,  118.4,   0.91904
"SCN_CN15_9060_CEI071", 13.8, 1,    7322.49,   -1.6,   0.91905, 2,    7322.49, -121.6,   0.91905, 3,    7322.49,  118.4,   0.91905
"SCN_CN15_9059_CEI071", 13.8, 1,    7322.54,   -1.6,   0.91906, 2,    7322.53, -121.6,   0.91906, 3,    7322.53,  118.4,   0.91906
"SCN_CN15_9322_CEI250_ATV", 13.8, 1,    7322.52,   -1.6,   0.91906, 2,    7322.51, -121.6,   0.91906, 3,    7322.51,  118.4,   0.91906
"SCN_CN15_9323_CEI250_ATV", 13.8, 1,    7322.43,   -1.6,   0.91905, 2,    7322.43, -121.6,   0.91904, 3,    7322.43,  118.4,   0.91904
"SCN_CN15_9325_CEI250_ATV", 13.8, 1,     7322.4,   -1.6,   0.91904, 2,     7322.4, -121.6,   0.91904, 3,     7322.4,  118.4,   0.91904
"SCN_CN15_9019_CEIRJ006_ATV", 13.8, 1,    7322.43,   -1.6,   0.91904, 2,    7322.42, -121.6,   0.91904, 3,    7322.42,  118.4,   0.91904
"SCN_CN15_9010_CEIRJ006_ATV", 13.8, 1,    7323.56,   -1.6,   0.91919, 2,    7323.55, -121.6,   0.91919, 3,    7323.56,  118.4,   0.91919
"SCN_CN15_9051_CEI071", 13.8, 1,    7323.45,   -1.6,   0.91917, 2,    7323.44, -121.6,   0.91917, 3,    7323.44,  118.4,   0.91917
"SCN_CN15_9101_CEI201_ATV", 13.8, 1,     6978.2,   -2.3,   0.87584, 2,    6978.19, -122.3,   0.87584, 3,    6978.19,  117.7,   0.87584
"SCN_CN15_9446_CEI109", 13.8, 1,    6892.21,   -2.7,   0.86505, 2,     6892.2, -122.7,   0.86505, 3,     6892.2,  117.3,   0.86505
"SCN_CN15_9445_CEI109", 13.8, 1,     6892.2,   -2.7,   0.86505, 2,    6892.19, -122.7,   0.86504, 3,    6892.19,  117.3,   0.86504
"SCN_CN15_9444_CEI109", 13.8, 1,    6892.19,   -2.7,   0.86505, 2,    6892.18, -122.7,   0.86504, 3,    6892.18,  117.3,   0.86504
"SCN_CN15_9443_CEI109", 13.8, 1,    6892.18,   -2.7,   0.86504, 2,    6892.16, -122.7,   0.86504, 3,    6892.16,  117.3,   0.86504
"SCN_CN15_9442_CEI109", 13.8, 1,    6892.16,   -2.7,   0.86504, 2,    6892.15, -122.7,   0.86504, 3,    6892.15,  117.3,   0.86504
"SCN_CN15_9441_CEI109", 13.8, 1,    6892.15,   -2.7,   0.86504, 2,    6892.13, -122.7,   0.86504, 3,    6892.13,  117.3,   0.86504
"SCN_CN15_9459_CEI109", 13.8, 1,    6892.44,   -2.7,   0.86508, 2,    6892.43, -122.7,   0.86507, 3,    6892.43,  117.3,   0.86507
"SCN_CN15_9081_CEI201_ATV", 13.8, 1,    6978.78,   -2.3,   0.87591, 2,    6978.77, -122.3,   0.87591, 3,    6978.77,  117.7,   0.87591
"SCN_CN15_9049_CEI201_ATV", 13.8, 1,    6864.85,   -2.8,   0.86161, 2,    6864.84, -122.8,   0.86161, 3,    6864.83,  117.2,   0.86161
"SCN_CN15_9477_CEI109", 13.8, 1,    6864.86,   -2.8,   0.86161, 2,    6864.84, -122.8,   0.86161, 3,    6864.84,  117.2,   0.86161
"SCN_CN15_9105_CEI201_ATV_S", 13.8, 1,    6978.26,   -2.3,   0.87585, 2,    6978.25, -122.3,   0.87585, 3,    6978.25,  117.7,   0.87585
"SCN_CN15_9089_CEI131_ATV", 13.8, 1,    6919.84,   -2.6,   0.86851, 2,    6919.82, -122.6,   0.86851, 3,    6919.82,  117.4,   0.86851
"SCN_CN15_9090_CEI131_ATV", 13.8, 1,    6921.37,   -2.6,   0.86871, 2,    6921.35, -122.6,   0.86871, 3,    6921.35,  117.4,   0.86871
"SCN_CN15_9091_CEI131_ATV", 13.8, 1,     6922.7,   -2.6,   0.86887, 2,    6922.69, -122.6,   0.86887, 3,    6922.68,  117.4,   0.86887
"SCN_CN15_9092_CEI131_ATV", 13.8, 1,    6922.65,   -2.6,   0.86887, 2,    6922.64, -122.6,   0.86887, 3,    6922.64,  117.4,   0.86887
"SCN_CN15_9093_CEI131_ATV", 13.8, 1,     6922.6,   -2.6,   0.86886, 2,    6922.59, -122.6,   0.86886, 3,    6922.59,  117.4,   0.86886
"SCN_CN15_9094_CEI131_ATV", 13.8, 1,    6922.56,   -2.6,   0.86886, 2,    6922.55, -122.6,   0.86886, 3,    6922.55,  117.4,   0.86886
"SCN_CN15_9095_CEI131_ATV", 13.8, 1,    6922.52,   -2.6,   0.86885, 2,    6922.51, -122.6,   0.86885, 3,    6922.51,  117.4,   0.86885
"SCN_CN15_9091_CEI131_ATV_S", 13.8, 1,     6922.7,   -2.6,   0.86887, 2,    6922.69, -122.6,   0.86887, 3,    6922.68,  117.4,   0.86887
"SCN_CN15_9096_CEI131_ATV", 13.8, 1,    6924.14,   -2.5,   0.86905, 2,    6924.13, -122.5,   0.86905, 3,    6924.12,  117.5,   0.86905
"SCN_CN15_9054_CEI201_ATV", 13.8, 1,    6865.17,   -2.8,   0.86165, 2,    6865.15, -122.8,   0.86165, 3,    6865.15,  117.2,   0.86165
"SCN_CN15_9474_CEI109", 13.8, 1,    6865.18,   -2.8,   0.86166, 2,    6865.17, -122.8,   0.86165, 3,    6865.17,  117.2,   0.86165
"SCN_CN15_9082_CEI201_ATV", 13.8, 1,    6978.77,   -2.3,   0.87591, 2,    6978.76, -122.3,   0.87591, 3,    6978.76,  117.7,   0.87591
"SCN_CN15_CEI_FL_MT_1162", 13.8, 1,    6978.85,   -2.3,   0.87592, 2,    6978.84, -122.3,   0.87592, 3,    6978.83,  117.7,   0.87592
"SCN_CN15_9083_CEI201_ATV_S", 13.8, 1,    6978.81,   -2.3,   0.87592, 2,    6978.79, -122.3,   0.87591, 3,    6978.79,  117.7,   0.87591
"SCN_CN15_9107_CEI220_ATV", 13.8, 1,    6938.25,   -2.5,   0.87083, 2,    6938.24, -122.5,   0.87083, 3,    6938.24,  117.5,   0.87083
"SCN_CN15_9460_CEI109", 13.8, 1,    6892.43,   -2.7,   0.86508, 2,    6892.42, -122.7,   0.86507, 3,    6892.42,  117.3,   0.86507
"SCN_CN15_9461_CEI109", 13.8, 1,    6892.43,   -2.7,   0.86507, 2,    6892.41, -122.7,   0.86507, 3,    6892.41,  117.3,   0.86507
"SCN_CN15_9187_CEI068", 13.8, 1,    7143.03,   -1.9,   0.89653, 2,    7143.02, -121.9,   0.89653, 3,    7143.02,  118.1,   0.89653
"SCN_CN15_9188_CEI068", 13.8, 1,    7142.95,   -1.9,   0.89652, 2,    7142.95, -121.9,   0.89652, 3,    7142.95,  118.1,   0.89652
"SCN_CN15_9190_CEI068", 13.8, 1,    7142.88,   -1.9,   0.89651, 2,    7142.87, -121.9,   0.89651, 3,    7142.87,  118.1,   0.89651
"SCN_CN15_9189_CEI068", 13.8, 1,    7142.88,   -1.9,   0.89651, 2,    7142.87, -121.9,   0.89651, 3,    7142.87,  118.1,   0.89651
"SCN_CN15_9018_CEI130A_ATV", 13.8, 1,    7142.73,   -1.9,   0.89649, 2,    7142.72, -121.9,   0.89649, 3,    7142.72,  118.1,   0.89649
"SCN_CN15_9019_CEI130A_ATV", 13.8, 1,    7142.66,   -1.9,   0.89648, 2,    7142.65, -121.9,   0.89648, 3,    7142.65,  118.1,   0.89648
"SCN_CN15_9462_CEI109", 13.8, 1,    6892.42,   -2.7,   0.86507, 2,    6892.41, -122.7,   0.86507, 3,    6892.41,  117.3,   0.86507
"SCN_CN15_9020_CEI130A_ATV", 13.8, 1,    7142.58,   -1.9,   0.89647, 2,    7142.58, -121.9,   0.89647, 3,    7142.58,  118.1,   0.89647
"SCN_CN15_9021_CEI130A_ATV", 13.8, 1,    7142.51,   -1.9,   0.89646, 2,     7142.5, -121.9,   0.89646, 3,     7142.5,  118.1,   0.89646
"SCN_CN15_9022_CEI130A_ATV", 13.8, 1,    7142.44,   -1.9,   0.89645, 2,    7142.43, -121.9,   0.89645, 3,    7142.43,  118.1,   0.89645
"SCN_CN15_9023_CEI130A_ATV", 13.8, 1,    7142.37,   -1.9,   0.89644, 2,    7142.36, -121.9,   0.89644, 3,    7142.36,  118.1,   0.89644
"SCN_CN15_9024_CEI130A_ATV", 13.8, 1,    7142.29,   -1.9,   0.89644, 2,    7142.28, -121.9,   0.89643, 3,    7142.28,  118.1,   0.89643
"SCN_CN15_9025_CEI130A_ATV_S", 13.8, 1,    7142.22,   -1.9,   0.89643, 2,    7142.21, -121.9,   0.89643, 3,    7142.21,  118.1,   0.89643
"SCN_CN15_9025_CEI130A_ATV", 13.8, 1,    7142.22,   -1.9,   0.89643, 2,    7142.21, -121.9,   0.89643, 3,    7142.21,  118.1,   0.89643
"SCN_CN15_9026_CEI130A_ATV", 13.8, 1,    7142.22,   -1.9,   0.89643, 2,    7142.21, -121.9,   0.89643, 3,    7142.21,  118.1,   0.89643
"SCN_CN15_9027_CEI130A_ATV", 13.8, 1,    7142.14,   -1.9,   0.89642, 2,    7142.13, -121.9,   0.89642, 3,    7142.13,  118.1,   0.89642
"SCN_CN15_9028_CEI130A_ATV", 13.8, 1,    7142.14,   -1.9,   0.89642, 2,    7142.13, -121.9,   0.89642, 3,    7142.13,  118.1,   0.89642
"SCN_CN15_9029_CEI130A_ATV", 13.8, 1,    7142.14,   -1.9,   0.89642, 2,    7142.13, -121.9,   0.89642, 3,    7142.13,  118.1,   0.89642
"SCN_CN15_9463_CEI109", 13.8, 1,     6892.4,   -2.7,   0.86507, 2,    6892.39, -122.7,   0.86507, 3,    6892.39,  117.3,   0.86507
"SCN_CN15_9030_CEI130A_ATV", 13.8, 1,    7142.14,   -1.9,   0.89642, 2,    7142.13, -121.9,   0.89642, 3,    7142.13,  118.1,   0.89642
"SCN_CN15_9031_CEI130A_ATV", 13.8, 1,    7142.14,   -1.9,   0.89642, 2,    7142.13, -121.9,   0.89642, 3,    7142.13,  118.1,   0.89642
"SCN_CN15_9032_CEI130A_ATV", 13.8, 1,    7142.14,   -1.9,   0.89642, 2,    7142.13, -121.9,   0.89642, 3,    7142.13,  118.1,   0.89642
"SCN_CN15_9033_CEI130A_ATV", 13.8, 1,    7142.14,   -1.9,   0.89642, 2,    7142.13, -121.9,   0.89642, 3,    7142.13,  118.1,   0.89642
"SCN_CN15_9035_CEI130A_ATV", 13.8, 1,    7142.14,   -1.9,   0.89642, 2,    7142.13, -121.9,   0.89642, 3,    7142.13,  118.1,   0.89642
"SCN_CN15_9037_CEI130A_ATV", 13.8, 1,    7142.09,   -1.9,   0.89641, 2,    7142.08, -121.9,   0.89641, 3,    7142.08,  118.1,   0.89641
"SCN_CN15_9045_CEI130A_ATV", 13.8, 1,    7141.98,   -1.9,    0.8964, 2,    7141.97, -121.9,    0.8964, 3,    7141.97,  118.1,    0.8964
"SCN_CN15_9038_CEI130A_ATV", 13.8, 1,    7142.09,   -1.9,   0.89641, 2,    7142.08, -121.9,   0.89641, 3,    7142.08,  118.1,   0.89641
"SCN_CN15_9464_CEI109", 13.8, 1,    6892.39,   -2.7,   0.86507, 2,    6892.38, -122.7,   0.86507, 3,    6892.37,  117.3,   0.86507
"SCN_CN15_9041_CEI130A_ATV", 13.8, 1,    7142.09,   -1.9,   0.89641, 2,    7142.08, -121.9,   0.89641, 3,    7142.08,  118.1,   0.89641
"SCN_CN15_9039_CEI130A_ATV", 13.8, 1,    7142.09,   -1.9,   0.89641, 2,    7142.08, -121.9,   0.89641, 3,    7142.08,  118.1,   0.89641
"SCN_CN15_9044_CEI130A_ATV", 13.8, 1,    7142.09,   -1.9,   0.89641, 2,    7142.08, -121.9,   0.89641, 3,    7142.08,  118.1,   0.89641
"SCN_CN15_9043_CEI130A_ATV", 13.8, 1,    7142.09,   -1.9,   0.89641, 2,    7142.08, -121.9,   0.89641, 3,    7142.08,  118.1,   0.89641
"SCN_CN15_9042_CEI130A_ATV", 13.8, 1,    7142.09,   -1.9,   0.89641, 2,    7142.08, -121.9,   0.89641, 3,    7142.08,  118.1,   0.89641
"SCN_CN15_9465_CEI109", 13.8, 1,    6892.36,   -2.7,   0.86507, 2,    6892.35, -122.7,   0.86507, 3,    6892.35,  117.3,   0.86507
"SCN_CN15_9040_CEI076", 13.8, 1,    7152.67,   -1.9,   0.89774, 2,    7152.66, -121.9,   0.89774, 3,    7152.66,  118.1,   0.89774
"SCN_CN15_9047_CEI076", 13.8, 1,    7152.61,   -1.9,   0.89773, 2,     7152.6, -121.9,   0.89773, 3,     7152.6,  118.1,   0.89773
"SCN_CN15_9039_CEI076_S", 13.8, 1,     7152.7,   -1.9,   0.89774, 2,    7152.69, -121.9,   0.89774, 3,    7152.69,  118.1,   0.89774
"SCN_CN15_9038_CEI076", 13.8, 1,    7152.74,   -1.9,   0.89775, 2,    7152.73, -121.9,   0.89775, 3,    7152.73,  118.1,   0.89775
"SCN_CN15_9037_CEI076", 13.8, 1,    7152.72,   -1.9,   0.89774, 2,    7152.71, -121.9,   0.89774, 3,    7152.71,  118.1,   0.89774
"SCN_CN15_9036_CEI076", 13.8, 1,    7152.81,   -1.9,   0.89776, 2,     7152.8, -121.9,   0.89775, 3,     7152.8,  118.1,   0.89775
"SCN_CN15_9038_CEI076_S", 13.8, 1,    7152.74,   -1.9,   0.89775, 2,    7152.73, -121.9,   0.89775, 3,    7152.73,  118.1,   0.89775
"SCN_CN15_9466_CEI109", 13.8, 1,    6892.34,   -2.7,   0.86506, 2,    6892.33, -122.7,   0.86506, 3,    6892.33,  117.3,   0.86506
"SCN_CN15_9034_CEI076", 13.8, 1,    7152.88,   -1.9,   0.89776, 2,    7152.87, -121.9,   0.89776, 3,    7152.87,  118.1,   0.89776
"SCN_CN15_9033_CEI076", 13.8, 1,    7152.96,   -1.9,   0.89777, 2,    7152.95, -121.9,   0.89777, 3,    7152.95,  118.1,   0.89777
"SCN_CN15_9032_CEI076", 13.8, 1,    7153.08,   -1.9,   0.89779, 2,    7153.07, -121.9,   0.89779, 3,    7153.07,  118.1,   0.89779
"SCN_CN15_9031_CEI076", 13.8, 1,     7153.2,   -1.9,   0.89781, 2,     7153.2, -121.9,    0.8978, 3,     7153.2,  118.1,    0.8978
"SCN_CN15_9030_CEI076", 13.8, 1,    7153.32,   -1.9,   0.89782, 2,    7153.31, -121.9,   0.89782, 3,    7153.31,  118.1,   0.89782
"SCN_CN15_9046_CEIRJ006_ATV", 13.8, 1,    7153.44,   -1.9,   0.89783, 2,    7153.43, -121.9,   0.89783, 3,    7153.43,  118.1,   0.89783
"SCN_CN15_9047_CEIRJ006_ATV", 13.8, 1,    7153.67,   -1.9,   0.89786, 2,    7153.66, -121.9,   0.89786, 3,    7153.66,  118.1,   0.89786
"SCN_CN15_9025_CEI076", 13.8, 1,    7153.86,   -1.9,   0.89789, 2,    7153.85, -121.9,   0.89789, 3,    7153.85,  118.1,   0.89789
"SCN_CN15_9024_CEI076", 13.8, 1,    7153.96,   -1.9,    0.8979, 2,    7153.95, -121.9,    0.8979, 3,    7153.95,  118.1,    0.8979
"SCN_CN15_9023_CEI076", 13.8, 1,     7154.1,   -1.9,   0.89792, 2,    7154.09, -121.9,   0.89792, 3,    7154.09,  118.1,   0.89792
"SCN_CN15_9293_CEI109", 13.8, 1,    6892.09,   -2.7,   0.86503, 2,    6892.08, -122.7,   0.86503, 3,    6892.08,  117.3,   0.86503
"SCN_CN15_9049_CEIRJ006_ATV", 13.8, 1,    7154.25,   -1.9,   0.89794, 2,    7154.24, -121.9,   0.89794, 3,    7154.24,  118.1,   0.89794
"SCN_CN15_9023_CEI076_S", 13.8, 1,     7154.1,   -1.9,   0.89792, 2,    7154.09, -121.9,   0.89792, 3,    7154.09,  118.1,   0.89792
"SCN_CN15_9019_CEI076", 13.8, 1,    7154.46,   -1.9,   0.89796, 2,    7154.45, -121.9,   0.89796, 3,    7154.45,  118.1,   0.89796
"SCN_CN15_9018_CEI076", 13.8, 1,    7154.58,   -1.9,   0.89798, 2,    7154.57, -121.9,   0.89798, 3,    7154.57,  118.1,   0.89798
"SCN_CN15_9017_CEI076", 13.8, 1,    7154.71,   -1.9,   0.89799, 2,     7154.7, -121.9,   0.89799, 3,     7154.7,  118.1,   0.89799
"SCN_CN15_9016_CEI076", 13.8, 1,    7154.82,   -1.9,   0.89801, 2,    7154.81, -121.9,   0.89801, 3,    7154.81,  118.1,   0.89801
"SCN_CN15_9015_CEI076", 13.8, 1,    7154.96,   -1.9,   0.89803, 2,    7154.96, -121.9,   0.89803, 3,    7154.96,  118.1,   0.89803
"SCN_CN15_9014_CEI076", 13.8, 1,    7155.12,   -1.9,   0.89805, 2,    7155.11, -121.9,   0.89804, 3,    7155.11,  118.1,   0.89804
"SCN_CN15_9013_CEI076", 13.8, 1,    7155.35,   -1.9,   0.89808, 2,    7155.34, -121.9,   0.89807, 3,    7155.34,  118.1,   0.89807
"SCN_CN15_9012_CEI076", 13.8, 1,     7155.6,   -1.9,   0.89811, 2,    7155.59, -121.9,    0.8981, 3,    7155.59,  118.1,    0.8981
"SCN_CN15_9011_CEI076", 13.8, 1,    7155.84,   -1.9,   0.89814, 2,    7155.83, -121.9,   0.89814, 3,    7155.83,  118.1,   0.89814
"SCN_CN15_9294_CEI109", 13.8, 1,    6891.33,   -2.7,   0.86494, 2,    6891.32, -122.7,   0.86494, 3,    6891.32,  117.3,   0.86494
"SCN_CN15_9010_CEI076", 13.8, 1,    7156.07,   -1.9,   0.89817, 2,    7156.06, -121.9,   0.89816, 3,    7156.06,  118.1,   0.89816
"SCN_CN15_9009_CEI076", 13.8, 1,    7156.28,   -1.9,   0.89819, 2,    7156.27, -121.9,   0.89819, 3,    7156.27,  118.1,   0.89819
"SCN_CN15_9008_CEI076", 13.8, 1,    7156.45,   -1.9,   0.89821, 2,    7156.44, -121.9,   0.89821, 3,    7156.44,  118.1,   0.89821
"SCN_CN15_9007_CEI076", 13.8, 1,    7156.61,   -1.9,   0.89823, 2,     7156.6, -121.9,   0.89823, 3,     7156.6,  118.1,   0.89823
"SCN_CN15_9006_CEI076", 13.8, 1,    7156.78,   -1.9,   0.89825, 2,    7156.77, -121.9,   0.89825, 3,    7156.77,  118.1,   0.89825
"SCN_CN15_9005_CEI076", 13.8, 1,    7156.95,   -1.9,   0.89828, 2,    7156.94, -121.9,   0.89827, 3,    7156.94,  118.1,   0.89827
"SCN_CN15_9004_CEI076", 13.8, 1,    7157.11,   -1.9,    0.8983, 2,    7157.11, -121.9,    0.8983, 3,    7157.11,  118.1,   0.89829
"SCN_CN15_9003_CEI076", 13.8, 1,    7157.26,   -1.9,   0.89831, 2,    7157.25, -121.9,   0.89831, 3,    7157.25,  118.1,   0.89831
"SCN_CN15_9002_CEI076", 13.8, 1,    7157.44,   -1.9,   0.89834, 2,    7157.44, -121.9,   0.89834, 3,    7157.43,  118.1,   0.89834
"SCN_CN15_9117_CEI076", 13.8, 1,    7157.61,   -1.9,   0.89836, 2,    7157.61, -121.9,   0.89836, 3,    7157.61,  118.1,   0.89836
"SCN_CN15_9295_CEI109", 13.8, 1,    6890.56,   -2.7,   0.86484, 2,    6890.55, -122.7,   0.86484, 3,    6890.55,  117.3,   0.86484
"SCN_CN15_9149_CEI068", 13.8, 1,    7157.78,   -1.9,   0.89838, 2,    7157.77, -121.9,   0.89838, 3,    7157.77,  118.1,   0.89838
"SCN_CN15_9312_CEI068", 13.8, 1,    7157.75,   -1.9,   0.89838, 2,    7157.74, -121.9,   0.89838, 3,    7157.74,  118.1,   0.89838
"SCN_CN15_9313_CEI068", 13.8, 1,    7157.68,   -1.9,   0.89837, 2,    7157.67, -121.9,   0.89837, 3,    7157.67,  118.1,   0.89837
"SCN_CN15_9314_CEI068", 13.8, 1,     7157.6,   -1.9,   0.89836, 2,    7157.59, -121.9,   0.89836, 3,    7157.59,  118.1,   0.89836
"SCN_CN15_9315_CEI068", 13.8, 1,    7157.53,   -1.9,   0.89835, 2,    7157.52, -121.9,   0.89835, 3,    7157.52,  118.1,   0.89835
"SCN_CN15_9316_CEI068", 13.8, 1,    7157.45,   -1.9,   0.89834, 2,    7157.44, -121.9,   0.89834, 3,    7157.44,  118.1,   0.89834
"SCN_CN15_9317_CEI068", 13.8, 1,    7157.37,   -1.9,   0.89833, 2,    7157.37, -121.9,   0.89833, 3,    7157.37,  118.1,   0.89833
"SCN_CN15_9319_CEI068", 13.8, 1,    7157.36,   -1.9,   0.89833, 2,    7157.35, -121.9,   0.89833, 3,    7157.35,  118.1,   0.89833
"SCN_CN15_9150_CEI068", 13.8, 1,    7157.97,   -1.9,    0.8984, 2,    7157.97, -121.9,    0.8984, 3,    7157.97,  118.1,    0.8984
"SCN_CN15_9149_CEI068_S", 13.8, 1,    7157.78,   -1.9,   0.89838, 2,    7157.77, -121.9,   0.89838, 3,    7157.77,  118.1,   0.89838
"SCN_CN15_9064_CEI201_ATV", 13.8, 1,    6870.36,   -2.8,   0.86231, 2,    6870.35, -122.8,    0.8623, 3,    6870.35,  117.2,    0.8623
"SCN_CN15_9408_CEI109", 13.8, 1,    6870.39,   -2.8,   0.86231, 2,    6870.38, -122.8,   0.86231, 3,    6870.38,  117.2,   0.86231
"SCN_CN15_9024_CEI130_ATV", 13.8, 1,    7039.16,   -2.2,   0.88349, 2,    7039.15, -122.2,   0.88349, 3,    7039.15,  117.8,   0.88349
"SCN_CN15_9099_CEI131_ATV", 13.8, 1,    6927.21,   -2.5,   0.86944, 2,     6927.2, -122.5,   0.86944, 3,     6927.2,  117.5,   0.86944
"SCN_CN15_9197_CEI69B_S", 13.8, 1,    6978.33,   -2.3,   0.87586, 2,    6978.32, -122.3,   0.87585, 3,    6978.31,  117.7,   0.87585
"SCN_CN15_9111_CEI201_ATV", 13.8, 1,    6978.41,   -2.3,   0.87587, 2,    6978.39, -122.3,   0.87586, 3,    6978.39,  117.7,   0.87586
"SCN_CN15_9050_CEI201_ATV", 13.8, 1,    6864.85,   -2.8,   0.86161, 2,    6864.83, -122.8,   0.86161, 3,    6864.83,  117.2,   0.86161
"SCN_CN15_9100_CEI131_ATV", 13.8, 1,    6928.67,   -2.5,   0.86962, 2,    6928.66, -122.5,   0.86962, 3,    6928.66,  117.5,   0.86962
"SCN_CN15_9101_CEI131_ATV", 13.8, 1,    6930.18,   -2.5,   0.86981, 2,    6930.17, -122.5,   0.86981, 3,    6930.17,  117.5,   0.86981
"SCN_CN15_9064_CEI220_ATV", 13.8, 1,     6931.7,   -2.5,      0.87, 2,    6931.69, -122.5,      0.87, 3,    6931.69,  117.5,      0.87
"SCN_CN15_9065_CEI220_ATV", 13.8, 1,     6931.7,   -2.5,      0.87, 2,    6931.69, -122.5,      0.87, 3,    6931.69,  117.5,      0.87
"SCN_CN15_9063_CEI220_ATV", 13.8, 1,    6933.12,   -2.5,   0.87018, 2,    6933.11, -122.5,   0.87018, 3,    6933.11,  117.5,   0.87018
"SCN_CN15_9062_CEI220_ATV", 13.8, 1,    6933.08,   -2.5,   0.87018, 2,    6933.07, -122.5,   0.87018, 3,    6933.07,  117.5,   0.87018
"SCN_CN15_9061_CEI220_ATV", 13.8, 1,    6933.04,   -2.5,   0.87017, 2,    6933.02, -122.5,   0.87017, 3,    6933.02,  117.5,   0.87017
"SCN_CN15_9060_CEI220_ATV", 13.8, 1,    6932.99,   -2.5,   0.87017, 2,    6932.98, -122.5,   0.87016, 3,    6932.98,  117.5,   0.87016
"SCN_CN15_9051_CEI201_ATV", 13.8, 1,    6864.59,   -2.8,   0.86158, 2,    6864.57, -122.8,   0.86158, 3,    6864.57,  117.2,   0.86158
"SCN_CN15_9481_CEI109", 13.8, 1,    6864.59,   -2.8,   0.86158, 2,    6864.58, -122.8,   0.86158, 3,    6864.58,  117.2,   0.86158
"SCN_CN15_9155_CEI109", 13.8, 1,    6878.35,   -2.7,   0.86331, 2,    6878.34, -122.7,   0.86331, 3,    6878.34,  117.3,   0.86331
"SCN_CN15_9025_CEI201_ATV", 13.8, 1,    6861.08,   -2.8,   0.86114, 2,    6861.07, -122.8,   0.86114, 3,    6861.07,  117.2,   0.86114
"SCN_CN15_9151_CEI068", 13.8, 1,    7158.16,   -1.9,   0.89843, 2,    7158.16, -121.9,   0.89843, 3,    7158.16,  118.1,   0.89843
"SCN_CN15_9296_CEI109", 13.8, 1,    6889.44,   -2.7,    0.8647, 2,    6889.43, -122.7,    0.8647, 3,    6889.43,  117.3,    0.8647
"SCN_CN15_9152_CEI068", 13.8, 1,    7158.59,   -1.9,   0.89848, 2,    7158.58, -121.9,   0.89848, 3,    7158.58,  118.1,   0.89848
"SCN_CN15_9153_CEI068", 13.8, 1,    7159.05,   -1.9,   0.89854, 2,    7159.04, -121.9,   0.89854, 3,    7159.04,  118.1,   0.89854
"SCN_CN15_9158_CEI068", 13.8, 1,    7159.49,   -1.9,   0.89859, 2,    7159.49, -121.9,   0.89859, 3,    7159.49,  118.1,   0.89859
"SCN_CN15_9159_CEI068", 13.8, 1,    7159.45,   -1.9,   0.89859, 2,    7159.44, -121.9,   0.89859, 3,    7159.44,  118.1,   0.89859
"SCN_CN15_9158_CEI068_S", 13.8, 1,    7159.49,   -1.9,   0.89859, 2,    7159.49, -121.9,   0.89859, 3,    7159.49,  118.1,   0.89859
"SCN_CN15_9029_CEI250_ATV", 13.8, 1,    7159.94,   -1.9,   0.89865, 2,    7159.93, -121.9,   0.89865, 3,    7159.93,  118.1,   0.89865
"SCN_CN15_9030_CEI250_ATV", 13.8, 1,    7160.49,   -1.9,   0.89872, 2,    7160.48, -121.9,   0.89872, 3,    7160.48,  118.1,   0.89872
"SCN_CN15_9031_CEI250_ATV", 13.8, 1,    7160.48,   -1.9,   0.89872, 2,    7160.47, -121.9,   0.89872, 3,    7160.47,  118.1,   0.89872
"SCN_CN15_9030_CEI250_ATV_S", 13.8, 1,    7160.49,   -1.9,   0.89872, 2,    7160.48, -121.9,   0.89872, 3,    7160.48,  118.1,   0.89872
"SCN_CN15_9032_CEI250_ATV", 13.8, 1,    7161.03,   -1.9,   0.89879, 2,    7161.02, -121.9,   0.89879, 3,    7161.02,  118.1,   0.89879
"SCN_CN15_9033_CEI250_ATV", 13.8, 1,    7161.58,   -1.9,   0.89886, 2,    7161.57, -121.9,   0.89886, 3,    7161.57,  118.1,   0.89886
"SCN_CN15_9102_CEI068", 13.8, 1,    7162.14,   -1.9,   0.89893, 2,    7162.13, -121.9,   0.89893, 3,    7162.13,  118.1,   0.89893
"SCN_CN15_9297_CEI109", 13.8, 1,    6888.42,   -2.7,   0.86457, 2,    6888.41, -122.7,   0.86457, 3,     6888.4,  117.3,   0.86457
"SCN_CN15_9101_CEI068", 13.8, 1,    7169.03,   -1.9,   0.89979, 2,    7169.03, -121.9,   0.89979, 3,    7169.03,  118.1,   0.89979
"SCN_CN15_9100_CEI068_S", 13.8, 1,    7174.67,   -1.9,    0.9005, 2,    7174.66, -121.9,    0.9005, 3,    7174.66,  118.1,    0.9005
"SCN_CN15_9100_CEI068", 13.8, 1,    7174.67,   -1.9,    0.9005, 2,    7174.66, -121.9,    0.9005, 3,    7174.66,  118.1,    0.9005
"SCN_CN15_9050_CEI070_S", 13.8, 1,    7181.86,   -1.8,    0.9014, 2,    7181.85, -121.8,    0.9014, 3,    7181.85,  118.2,    0.9014
"SCN_CN15_9098_CEI068_S", 13.8, 1,    7174.67,   -1.9,    0.9005, 2,    7174.66, -121.9,    0.9005, 3,    7174.66,  118.1,    0.9005
"SCN_CN15_9049_CEI070", 13.8, 1,    7187.91,   -1.8,   0.90216, 2,    7187.91, -121.8,   0.90216, 3,    7187.91,  118.2,   0.90216
"SCN_CN15_9048_CEI070", 13.8, 1,    7192.83,   -1.8,   0.90278, 2,    7192.82, -121.8,   0.90278, 3,    7192.82,  118.2,   0.90278
"SCN_CN15_9047_CEI070", 13.8, 1,    7197.65,   -1.8,   0.90338, 2,    7197.64, -121.8,   0.90338, 3,    7197.64,  118.2,   0.90338
"SCN_CN15_9046_CEI070", 13.8, 1,    7204.18,   -1.8,    0.9042, 2,    7204.17, -121.8,    0.9042, 3,    7204.17,  118.2,    0.9042
"SCN_CN15_9045_CEI070_S", 13.8, 1,    7210.94,   -1.8,   0.90505, 2,    7210.94, -121.8,   0.90505, 3,    7210.94,  118.2,   0.90505
"SCN_CN15_9298_CEI109", 13.8, 1,    6887.02,   -2.7,    0.8644, 2,    6887.01, -122.7,    0.8644, 3,    6887.01,  117.3,    0.8644
"SCN_CN15_9051_CEI070", 13.8, 1,    7210.93,   -1.8,   0.90505, 2,    7210.93, -121.8,   0.90505, 3,    7210.93,  118.2,   0.90505
"SCN_CN15_9045_CEI070", 13.8, 1,    7210.94,   -1.8,   0.90505, 2,    7210.94, -121.8,   0.90505, 3,    7210.94,  118.2,   0.90505
"SCN_CN15_9043_CEI070_S", 13.8, 1,    7214.54,   -1.8,    0.9055, 2,    7214.53, -121.8,    0.9055, 3,    7214.53,  118.2,    0.9055
"SCN_CN15_9043_CEI070", 13.8, 1,    7214.54,   -1.8,    0.9055, 2,    7214.53, -121.8,    0.9055, 3,    7214.53,  118.2,    0.9055
"SCN_CN15_9044_CEI070", 13.8, 1,    7214.53,   -1.8,    0.9055, 2,    7214.52, -121.8,    0.9055, 3,    7214.52,  118.2,    0.9055
"SCN_CN15_9042_CEI070_S", 13.8, 1,    7220.94,   -1.8,   0.90631, 2,    7220.93, -121.8,   0.90631, 3,    7220.93,  118.2,   0.90631
"SCN_CN15_9042_CEI070", 13.8, 1,    7220.94,   -1.8,   0.90631, 2,    7220.93, -121.8,   0.90631, 3,    7220.93,  118.2,   0.90631
"SCN_CN15_9052_CEI070", 13.8, 1,    7220.93,   -1.8,   0.90631, 2,    7220.92, -121.8,    0.9063, 3,    7220.92,  118.2,    0.9063
"SCN_CN15_9040_CEI070", 13.8, 1,    7228.04,   -1.8,    0.9072, 2,    7228.03, -121.8,    0.9072, 3,    7228.03,  118.2,    0.9072
"SCN_CN15_9041_CEI070", 13.8, 1,    7228.01,   -1.8,   0.90719, 2,       7228, -121.8,   0.90719, 3,       7228,  118.2,   0.90719
"SCN_CN15_9039_CEI070", 13.8, 1,    7233.34,   -1.8,   0.90786, 2,    7233.33, -121.8,   0.90786, 3,    7233.33,  118.2,   0.90786
"SCN_CN15_9038_CEI070_S", 13.8, 1,    7241.26,   -1.7,   0.90886, 2,    7241.26, -121.7,   0.90886, 3,    7241.26,  118.3,   0.90886
"SCN_CN15_9038_CEI070", 13.8, 1,    7241.26,   -1.7,   0.90886, 2,    7241.26, -121.7,   0.90886, 3,    7241.26,  118.3,   0.90886
"SCN_CN15_9053_CEI070", 13.8, 1,    7241.22,   -1.7,   0.90885, 2,    7241.21, -121.7,   0.90885, 3,    7241.21,  118.3,   0.90885
"SCN_CN15_9026_CEI220_ATV", 13.8, 1,     6886.1,   -2.7,   0.86428, 2,    6886.09, -122.7,   0.86428, 3,    6886.09,  117.3,   0.86428
"SCN_CN15_9054_CEI070", 13.8, 1,    7241.15,   -1.7,   0.90884, 2,    7241.14, -121.7,   0.90884, 3,    7241.14,  118.3,   0.90884
"SCN_CN15_9055_CEI070_S", 13.8, 1,    7241.08,   -1.7,   0.90883, 2,    7241.07, -121.7,   0.90883, 3,    7241.07,  118.3,   0.90883
"SCN_CN15_9055_CEI070", 13.8, 1,    7241.08,   -1.7,   0.90883, 2,    7241.07, -121.7,   0.90883, 3,    7241.07,  118.3,   0.90883
"SCN_CN15_9057_CEI070", 13.8, 1,    7241.02,   -1.7,   0.90883, 2,    7241.01, -121.7,   0.90883, 3,    7241.01,  118.3,   0.90883
"SCN_CN15_9058_CEI070_S", 13.8, 1,    7240.96,   -1.7,   0.90882, 2,    7240.96, -121.7,   0.90882, 3,    7240.96,  118.3,   0.90882
"SCN_CN15_9058_CEI070", 13.8, 1,    7240.96,   -1.7,   0.90882, 2,    7240.96, -121.7,   0.90882, 3,    7240.96,  118.3,   0.90882
"SCN_CN15_9059_CEI070", 13.8, 1,    7240.96,   -1.7,   0.90882, 2,    7240.95, -121.7,   0.90882, 3,    7240.95,  118.3,   0.90882
"SCN_CN15_9060_CEI070", 13.8, 1,    7240.93,   -1.7,   0.90882, 2,    7240.92, -121.7,   0.90881, 3,    7240.92,  118.3,   0.90881
"SCN_CN15_9061_CEI070", 13.8, 1,    7240.89,   -1.7,   0.90881, 2,    7240.89, -121.7,   0.90881, 3,    7240.89,  118.3,   0.90881
"SCN_CN15_9062_CEI070", 13.8, 1,    7240.86,   -1.7,   0.90881, 2,    7240.86, -121.7,   0.90881, 3,    7240.86,  118.3,   0.90881
"SCN_CN15_9063_CEI070", 13.8, 1,    7240.83,   -1.7,    0.9088, 2,    7240.83, -121.7,    0.9088, 3,    7240.83,  118.3,    0.9088
"SCN_CN15_9064_CEI070", 13.8, 1,     7240.8,   -1.7,    0.9088, 2,    7240.79, -121.7,    0.9088, 3,    7240.79,  118.3,    0.9088
"SCN_CN15_9299_CEI109", 13.8, 1,    6885.68,   -2.7,   0.86423, 2,    6885.67, -122.7,   0.86423, 3,    6885.67,  117.3,   0.86423
"SCN_CN15_9065_CEI070", 13.8, 1,    7240.76,   -1.7,   0.90879, 2,    7240.75, -121.7,   0.90879, 3,    7240.75,  118.3,   0.90879
"SCN_CN15_9066_CEI070", 13.8, 1,    7240.72,   -1.7,   0.90879, 2,    7240.71, -121.7,   0.90879, 3,    7240.71,  118.3,   0.90879
"SCN_CN15_9037_CEI070_S", 13.8, 1,    7246.74,   -1.7,   0.90954, 2,    7246.73, -121.7,   0.90954, 3,    7246.73,  118.3,   0.90954
"SCN_CN15_9036_CEI070", 13.8, 1,     7250.9,   -1.7,   0.91007, 2,    7250.89, -121.7,   0.91007, 3,    7250.89,  118.3,   0.91007
"SCN_CN15_9037_CEI070", 13.8, 1,    7246.74,   -1.7,   0.90954, 2,    7246.73, -121.7,   0.90954, 3,    7246.73,  118.3,   0.90954
"SCN_CN15_9035_CEI070_S", 13.8, 1,    7255.35,   -1.7,   0.91063, 2,    7255.34, -121.7,   0.91062, 3,    7255.34,  118.3,   0.91062
"SCN_CN15_9019_CEI070", 13.8, 1,    7255.34,   -1.7,   0.91062, 2,    7255.33, -121.7,   0.91062, 3,    7255.33,  118.3,   0.91062
"SCN_CN15_9035_CEI070", 13.8, 1,    7255.35,   -1.7,   0.91063, 2,    7255.34, -121.7,   0.91062, 3,    7255.34,  118.3,   0.91062
"SCN_CN15_9020_CEI070", 13.8, 1,    7255.34,   -1.7,   0.91062, 2,    7255.33, -121.7,   0.91062, 3,    7255.33,  118.3,   0.91062
"SCN_CN15_9276_CEI250_ATV", 13.8, 1,    7246.66,   -1.7,   0.90953, 2,    7246.65, -121.7,   0.90953, 3,    7246.65,  118.3,   0.90953
"SCN_CN15_9275_CEI250_ATV", 13.8, 1,    7246.57,   -1.7,   0.90952, 2,    7246.56, -121.7,   0.90952, 3,    7246.56,  118.3,   0.90952
"SCN_CN15_9274_CEI250_ATV", 13.8, 1,    7246.49,   -1.7,   0.90951, 2,    7246.49, -121.7,   0.90951, 3,    7246.49,  118.3,   0.90951
"SCN_CN15_9300_CEI109", 13.8, 1,    6884.57,   -2.7,   0.86409, 2,    6884.56, -122.7,   0.86409, 3,    6884.56,  117.3,   0.86409
"SCN_CN15_9277_CEI250_ATV", 13.8, 1,     7246.4,   -1.7,    0.9095, 2,     7246.4, -121.7,    0.9095, 3,     7246.4,  118.3,    0.9095
"SCN_CN15_9278_CEI250_ATV", 13.8, 1,    7246.32,   -1.7,   0.90949, 2,    7246.31, -121.7,   0.90949, 3,    7246.31,  118.3,   0.90949
"SCN_CN15_9071_CEI070", 13.8, 1,    7246.24,   -1.7,   0.90948, 2,    7246.23, -121.7,   0.90948, 3,    7246.23,  118.3,   0.90948
"SCN_CN15_9034_CEI070", 13.8, 1,    7263.11,   -1.7,    0.9116, 2,    7263.11, -121.7,    0.9116, 3,    7263.11,  118.3,    0.9116
"SCN_CN15_9033_CEI070_S", 13.8, 1,    7270.82,   -1.7,   0.91257, 2,    7270.81, -121.7,   0.91257, 3,    7270.81,  118.3,   0.91257
"SCN_CN15_9033_CEI070", 13.8, 1,    7270.82,   -1.7,   0.91257, 2,    7270.81, -121.7,   0.91257, 3,    7270.81,  118.3,   0.91257
"SCN_CN15_9099_CEI070", 13.8, 1,    7270.78,   -1.7,   0.91256, 2,    7270.77, -121.7,   0.91256, 3,    7270.77,  118.3,   0.91256
"SCN_CN15_9098_CEI070", 13.8, 1,    7270.76,   -1.7,   0.91256, 2,    7270.75, -121.7,   0.91256, 3,    7270.75,  118.3,   0.91256
"SCN_CN15_9097_CEI070", 13.8, 1,    7270.74,   -1.7,   0.91256, 2,    7270.73, -121.7,   0.91256, 3,    7270.73,  118.3,   0.91256
"SCN_CN15_9096_CEI070", 13.8, 1,    7270.72,   -1.7,   0.91256, 2,    7270.71, -121.7,   0.91255, 3,    7270.71,  118.3,   0.91255
"SCN_CN15_9095_CEI070", 13.8, 1,     7270.7,   -1.7,   0.91255, 2,     7270.7, -121.7,   0.91255, 3,     7270.7,  118.3,   0.91255
"SCN_CN15_9249_CEI109", 13.8, 1,    6883.68,   -2.7,   0.86398, 2,    6883.66, -122.7,   0.86397, 3,    6883.66,  117.3,   0.86397
"SCN_CN15_9094_CEI070", 13.8, 1,    7270.69,   -1.7,   0.91255, 2,    7270.68, -121.7,   0.91255, 3,    7270.68,  118.3,   0.91255
"SCN_CN15_9032_CEI070", 13.8, 1,    7278.95,   -1.7,   0.91359, 2,    7278.94, -121.7,   0.91359, 3,    7278.94,  118.3,   0.91359
"SCN_CN15_9031_CEI070_S", 13.8, 1,    7286.79,   -1.7,   0.91457, 2,    7286.78, -121.7,   0.91457, 3,    7286.78,  118.3,   0.91457
"SCN_CN15_9031_CEI070", 13.8, 1,    7286.79,   -1.7,   0.91457, 2,    7286.78, -121.7,   0.91457, 3,    7286.78,  118.3,   0.91457
"SCN_CN15_9030_CEI070", 13.8, 1,    7292.57,   -1.7,    0.9153, 2,    7292.56, -121.7,    0.9153, 3,    7292.56,  118.3,    0.9153
"SCN_CN15_9291_CEI250_ATV", 13.8, 1,    7298.55,   -1.6,   0.91605, 2,    7298.54, -121.6,   0.91605, 3,    7298.54,  118.4,   0.91605
"SCN_CN15_9281_CEI250_ATV", 13.8, 1,    7304.24,   -1.6,   0.91676, 2,    7304.23, -121.6,   0.91676, 3,    7304.23,  118.4,   0.91676
"SCN_CN15_9282_CEI250_ATV", 13.8, 1,    7308.98,   -1.6,   0.91736, 2,    7308.98, -121.6,   0.91736, 3,    7308.98,  118.4,   0.91736
"SCN_CN15_9280_CEI250_ATV", 13.8, 1,    7308.97,   -1.6,   0.91735, 2,    7308.96, -121.6,   0.91735, 3,    7308.96,  118.4,   0.91735
"SCN_CN15_9283_CEI250_ATV", 13.8, 1,    7313.97,   -1.6,   0.91798, 2,    7313.96, -121.6,   0.91798, 3,    7313.96,  118.4,   0.91798
"SCN_CN15_9284_CEI250_ATV", 13.8, 1,    7313.95,   -1.6,   0.91798, 2,    7313.94, -121.6,   0.91798, 3,    7313.94,  118.4,   0.91798
"SCN_CN15_9302_CEI109", 13.8, 1,    6883.32,   -2.7,   0.86393, 2,    6883.31, -122.7,   0.86393, 3,    6883.31,  117.3,   0.86393
"SCN_CN15_9056_CEI160_ATV", 13.8, 1,    7325.76,   -1.6,   0.91946, 2,    7325.76, -121.6,   0.91946, 3,    7325.76,  118.4,   0.91946
"SCN_CN15_9057_CEI160_ATV", 13.8, 1,    7325.54,   -1.6,   0.91944, 2,    7325.53, -121.6,   0.91943, 3,    7325.53,  118.4,   0.91943
"SCN_CN15_9058_CEI160_ATV", 13.8, 1,    7325.29,   -1.6,    0.9194, 2,    7325.29, -121.6,    0.9194, 3,    7325.29,  118.4,    0.9194
"SCN_CN15_9059_CEI160_ATV", 13.8, 1,    7325.28,   -1.6,    0.9194, 2,    7325.27, -121.6,    0.9194, 3,    7325.27,  118.4,    0.9194
"SCN_CN15_9066_CEI160_ATV", 13.8, 1,    7325.24,   -1.6,    0.9194, 2,    7325.23, -121.6,    0.9194, 3,    7325.23,  118.4,    0.9194
"SCN_CN15_9065_CEI160_ATV", 13.8, 1,    7325.19,   -1.6,   0.91939, 2,    7325.18, -121.6,   0.91939, 3,    7325.18,  118.4,   0.91939
"SCN_CN15_9064_CEI160_ATV", 13.8, 1,    7325.14,   -1.6,   0.91938, 2,    7325.13, -121.6,   0.91938, 3,    7325.13,  118.4,   0.91938
"SCN_CN15_9063_CEI160_ATV", 13.8, 1,     7325.1,   -1.6,   0.91938, 2,    7325.09, -121.6,   0.91938, 3,    7325.09,  118.4,   0.91938
"SCN_CN15_9303_CEI109", 13.8, 1,    6882.14,   -2.7,   0.86378, 2,    6882.12, -122.7,   0.86378, 3,    6882.12,  117.3,   0.86378
"SCN_CN15_9062_CEI160_ATV", 13.8, 1,    7324.98,   -1.6,   0.91937, 2,    7324.97, -121.6,   0.91936, 3,    7324.97,  118.4,   0.91936
"SCN_CN15_9061_CEI160_ATV", 13.8, 1,     7324.9,   -1.6,   0.91935, 2,    7324.89, -121.6,   0.91935, 3,    7324.89,  118.4,   0.91935
"SCN_CN15_9060_CEI160_ATV", 13.8, 1,    7324.75,   -1.6,   0.91934, 2,    7324.74, -121.6,   0.91934, 3,    7324.74,  118.4,   0.91934
"SCN_CN15_9001_CEIRJ012_ATV", 13.8, 1,    7286.79,   -1.7,   0.91457, 2,    7286.78, -121.7,   0.91457, 3,    7286.78,  118.3,   0.91457
"SCN_CN15_9002_CEIRJ012_ATV", 13.8, 1,    7286.79,   -1.7,   0.91457, 2,    7286.78, -121.7,   0.91457, 3,    7286.78,  118.3,   0.91457
"SCN_CN15_9008_CEIRJ006_ATV", 13.8, 1,    7241.07,   -1.7,   0.90883, 2,    7241.06, -121.7,   0.90883, 3,    7241.06,  118.3,   0.90883
"SCN_CN15_9035_CEI250_ATV", 13.8, 1,    7162.12,   -1.9,   0.89892, 2,    7162.11, -121.9,   0.89892, 3,    7162.11,  118.1,   0.89892
"SCN_CN15_9036_CEI250_ATV", 13.8, 1,     7162.1,   -1.9,   0.89892, 2,    7162.09, -121.9,   0.89892, 3,    7162.09,  118.1,   0.89892
"SCN_CN15_9037_CEI250_ATV", 13.8, 1,    7162.05,   -1.9,   0.89892, 2,    7162.04, -121.9,   0.89891, 3,    7162.04,  118.1,   0.89891
"SCN_CN15_9039_CEI250_ATV", 13.8, 1,       7162,   -1.9,   0.89891, 2,       7162, -121.9,   0.89891, 3,       7162,  118.1,   0.89891
"SCN_CN15_9304_CEI109", 13.8, 1,    6881.31,   -2.7,   0.86368, 2,     6881.3, -122.7,   0.86368, 3,     6881.3,  117.3,   0.86368
"SCN_CN15_9042_CEI250_ATV", 13.8, 1,    7161.96,   -1.9,    0.8989, 2,    7161.95, -121.9,    0.8989, 3,    7161.95,  118.1,    0.8989
"SCN_CN15_9041_CEI250_ATV", 13.8, 1,    7161.91,   -1.9,    0.8989, 2,     7161.9, -121.9,    0.8989, 3,     7161.9,  118.1,    0.8989
"SCN_CN15_9040_CEI250_ATV", 13.8, 1,    7161.86,   -1.9,   0.89889, 2,    7161.85, -121.9,   0.89889, 3,    7161.85,  118.1,   0.89889
"SCN_CN15_9059_CEI220_ATV", 13.8, 1,    6932.96,   -2.5,   0.87016, 2,    6932.95, -122.5,   0.87016, 3,    6932.95,  117.5,   0.87016
"SCN_CN15_9058_CEI220_ATV", 13.8, 1,    6932.93,   -2.5,   0.87016, 2,    6932.92, -122.5,   0.87016, 3,    6932.92,  117.5,   0.87016
"SCN_CN15_9063_CEI220_ATV_S", 13.8, 1,    6933.12,   -2.5,   0.87018, 2,    6933.11, -122.5,   0.87018, 3,    6933.11,  117.5,   0.87018
"SCN_CN15_9066_CEI220_ATV", 13.8, 1,    6934.74,   -2.5,   0.87039, 2,    6934.72, -122.5,   0.87038, 3,    6934.72,  117.5,   0.87038
"SCN_CN15_9071_CEI220_ATV", 13.8, 1,    6934.71,   -2.5,   0.87038, 2,     6934.7, -122.5,   0.87038, 3,     6934.7,  117.5,   0.87038
"SCN_CN15_9072_CEI220_ATV", 13.8, 1,    6934.69,   -2.5,   0.87038, 2,    6934.68, -122.5,   0.87038, 3,    6934.68,  117.5,   0.87038
"SCN_CN15_9073_CEI220_ATV", 13.8, 1,    6934.66,   -2.5,   0.87038, 2,    6934.65, -122.5,   0.87037, 3,    6934.65,  117.5,   0.87037
"SCN_CN15_9074_CEI220_ATV", 13.8, 1,    6934.64,   -2.5,   0.87037, 2,    6934.63, -122.5,   0.87037, 3,    6934.63,  117.5,   0.87037
"SCN_CN15_9075_CEI220_ATV", 13.8, 1,    6934.62,   -2.5,   0.87037, 2,     6934.6, -122.5,   0.87037, 3,     6934.6,  117.5,   0.87037
"SCN_CN15_9034_CEI201_ATV", 13.8, 1,    6862.31,   -2.8,   0.86129, 2,    6862.29, -122.8,   0.86129, 3,    6862.29,  117.2,   0.86129
"SCN_CN15_9036_CEI201_ATV", 13.8, 1,     6862.5,   -2.8,   0.86132, 2,    6862.49, -122.8,   0.86132, 3,    6862.48,  117.2,   0.86132
"SCN_CN15_9066_CEI220_ATV_S", 13.8, 1,    6934.74,   -2.5,   0.87039, 2,    6934.72, -122.5,   0.87038, 3,    6934.72,  117.5,   0.87038
"SCN_CN15_9067_CEI220_ATV", 13.8, 1,    6936.34,   -2.5,   0.87059, 2,    6936.33, -122.5,   0.87058, 3,    6936.33,  117.5,   0.87058
"SCN_CN15_9068_CEI220_ATV", 13.8, 1,    6937.39,   -2.5,   0.87072, 2,    6937.38, -122.5,   0.87072, 3,    6937.38,  117.5,   0.87072
"SCN_CN15_9142_CEI220_ATV", 13.8, 1,    6938.27,   -2.5,   0.87083, 2,    6938.26, -122.5,   0.87083, 3,    6938.26,  117.5,   0.87083
"SCN_CN15_9030_CEI201_ATV", 13.8, 1,    6861.67,   -2.8,   0.86121, 2,    6861.66, -122.8,   0.86121, 3,    6861.66,  117.2,   0.86121
"SCN_CN15_9037_CEI148_ATV", 13.8, 1,     6979.7,   -2.3,   0.87603, 2,    6979.69, -122.3,   0.87603, 3,    6979.69,  117.7,   0.87603
"SCN_CN15_9013_CEIRJ013_ATV", 13.8, 1,     6979.7,   -2.3,   0.87603, 2,    6979.69, -122.3,   0.87603, 3,    6979.69,  117.7,   0.87603
"SCN_CN15_9141_CEI220_ATV", 13.8, 1,    6938.38,   -2.5,   0.87084, 2,    6938.37, -122.5,   0.87084, 3,    6938.37,  117.5,   0.87084
"SCN_CN15_9142_CEI220_ATV_S", 13.8, 1,    6938.27,   -2.5,   0.87083, 2,    6938.26, -122.5,   0.87083, 3,    6938.26,  117.5,   0.87083
"SCN_CN15_9043_CEI250_ATV", 13.8, 1,    7161.84,   -1.9,   0.89889, 2,    7161.83, -121.9,   0.89889, 3,    7161.83,  118.1,   0.89889
"SCN_CN15_9047_CEI250_ATV", 13.8, 1,    7161.83,   -1.9,   0.89889, 2,    7161.82, -121.9,   0.89889, 3,    7161.82,  118.1,   0.89889
"SCN_CN15_9048_CEI250_ATV", 13.8, 1,     7161.8,   -1.9,   0.89888, 2,    7161.79, -121.9,   0.89888, 3,    7161.79,  118.1,   0.89888
"SCN_CN15_9049_CEI250_ATV", 13.8, 1,    7161.77,   -1.9,   0.89888, 2,    7161.76, -121.9,   0.89888, 3,    7161.76,  118.1,   0.89888
"SCN_CN15_9044_CEI250_ATV", 13.8, 1,    7161.83,   -1.9,   0.89889, 2,    7161.82, -121.9,   0.89889, 3,    7161.82,  118.1,   0.89889
"SCN_CN15_9045_CEI250_ATV", 13.8, 1,    7161.82,   -1.9,   0.89889, 2,    7161.81, -121.9,   0.89889, 3,    7161.81,  118.1,   0.89889
"SCN_CN15_9046_CEI250_ATV", 13.8, 1,    7161.81,   -1.9,   0.89889, 2,     7161.8, -121.9,   0.89888, 3,     7161.8,  118.1,   0.89888
"SCN_CN15_9305_CEI109", 13.8, 1,    6880.87,   -2.7,   0.86362, 2,    6880.86, -122.7,   0.86362, 3,    6880.86,  117.3,   0.86362
"SCN_CN15_9059_CEI075", 13.8, 1,    6938.69,   -2.3,   0.87088, 2,    6938.68, -122.3,   0.87088, 3,    6938.68,  117.7,   0.87088
"SCN_CN15_9060_CEI075", 13.8, 1,    6938.24,   -2.4,   0.87082, 2,    6938.23, -122.4,   0.87082, 3,    6938.22,  117.6,   0.87082
"SCN_CN15_9061_CEI075", 13.8, 1,    6937.81,   -2.4,   0.87077, 2,     6937.8, -122.4,   0.87077, 3,    6937.79,  117.6,   0.87077
"SCN_CN15_9062_CEI075", 13.8, 1,    6937.39,   -2.4,   0.87072, 2,    6937.38, -122.4,   0.87072, 3,    6937.38,  117.6,   0.87072
"SCN_CN15_9063_CEI075", 13.8, 1,    6937.01,   -2.4,   0.87067, 2,       6937, -122.4,   0.87067, 3,    6936.99,  117.6,   0.87067
"SCN_CN15_9064_CEI075", 13.8, 1,    6936.59,   -2.4,   0.87062, 2,    6936.58, -122.4,   0.87062, 3,    6936.58,  117.6,   0.87062
"SCN_CN15_9127_CEI230_ATV", 13.8, 1,    6936.56,   -2.4,   0.87061, 2,    6936.55, -122.4,   0.87061, 3,    6936.55,  117.6,   0.87061
"SCN_CN15_9126_CEI230_ATV", 13.8, 1,    6936.54,   -2.4,   0.87061, 2,    6936.53, -122.4,   0.87061, 3,    6936.53,  117.6,   0.87061
"SCN_CN15_9174_CEI230_ATV", 13.8, 1,    6936.55,   -2.4,   0.87061, 2,    6936.54, -122.4,   0.87061, 3,    6936.54,  117.6,   0.87061
"SCN_CN15_9175_CEI230_ATV", 13.8, 1,    6936.55,   -2.4,   0.87061, 2,    6936.54, -122.4,   0.87061, 3,    6936.54,  117.6,   0.87061
"SCN_CN15_9422_CEI109", 13.8, 1,    6879.99,   -2.7,   0.86351, 2,    6879.98, -122.7,   0.86351, 3,    6879.98,  117.3,   0.86351
"SCN_CN15_9173_CEI230_ATV", 13.8, 1,    6936.55,   -2.4,   0.87061, 2,    6936.54, -122.4,   0.87061, 3,    6936.54,  117.6,   0.87061
"SCN_CN15_9016_CEI201_ATV", 13.8, 1,     6860.2,   -2.8,   0.86103, 2,    6860.18, -122.8,   0.86103, 3,    6860.18,  117.2,   0.86103
"SCN_CN15_9172_CEI230_ATV", 13.8, 1,    6936.52,   -2.4,   0.87061, 2,    6936.51, -122.4,   0.87061, 3,    6936.51,  117.6,   0.87061
"SCN_CN15_9171_CEI230_ATV", 13.8, 1,    6936.49,   -2.4,   0.87061, 2,    6936.48, -122.4,    0.8706, 3,    6936.48,  117.6,    0.8706
"SCN_CN15_9170_CEI230_ATV", 13.8, 1,    6936.47,   -2.4,    0.8706, 2,    6936.45, -122.4,    0.8706, 3,    6936.45,  117.6,    0.8706
"SCN_CN15_9065_CEI075", 13.8, 1,     6936.2,   -2.4,   0.87057, 2,    6936.19, -122.4,   0.87057, 3,    6936.19,  117.6,   0.87057
"SCN_CN15_9106_CEI075", 13.8, 1,    6935.79,   -2.4,   0.87052, 2,    6935.77, -122.4,   0.87052, 3,    6935.77,  117.6,   0.87052
"SCN_CN15_9105_CEI075", 13.8, 1,    6935.41,   -2.4,   0.87047, 2,    6935.39, -122.4,   0.87047, 3,    6935.39,  117.6,   0.87047
"SCN_CN15_9130_CEI230_ATV", 13.8, 1,    6935.39,   -2.4,   0.87047, 2,    6935.38, -122.4,   0.87047, 3,    6935.37,  117.6,   0.87047
"SCN_CN15_9129_CEI230_ATV", 13.8, 1,    6935.37,   -2.4,   0.87047, 2,    6935.36, -122.4,   0.87046, 3,    6935.36,  117.6,   0.87046
"SCN_CN15_9128_CEI230_ATV", 13.8, 1,    6935.35,   -2.4,   0.87046, 2,    6935.34, -122.4,   0.87046, 3,    6935.34,  117.6,   0.87046
"SCN_CN15_9421_CEI109", 13.8, 1,    6879.33,   -2.7,   0.86343, 2,    6879.32, -122.7,   0.86343, 3,    6879.32,  117.3,   0.86343
"SCN_CN15_9104_CEI075", 13.8, 1,    6935.02,   -2.4,   0.87042, 2,       6935, -122.4,   0.87042, 3,       6935,  117.6,   0.87042
"SCN_CN15_9103_CEI075", 13.8, 1,    6934.61,   -2.4,   0.87037, 2,     6934.6, -122.4,   0.87037, 3,     6934.6,  117.6,   0.87037
"SCN_CN15_9102_CEI075", 13.8, 1,    6934.26,   -2.4,   0.87032, 2,    6934.24, -122.4,   0.87032, 3,    6934.24,  117.6,   0.87032
"SCN_CN15_9168_CEI230_ATV", 13.8, 1,    6934.25,   -2.4,   0.87032, 2,    6934.23, -122.4,   0.87032, 3,    6934.23,  117.6,   0.87032
"SCN_CN15_9100_CEI075", 13.8, 1,    6933.87,   -2.4,   0.87028, 2,    6933.86, -122.4,   0.87028, 3,    6933.86,  117.6,   0.87028
"SCN_CN15_9099_CEI075", 13.8, 1,    6933.49,   -2.4,   0.87023, 2,    6933.48, -122.4,   0.87023, 3,    6933.48,  117.6,   0.87023
"SCN_CN15_9097_CEI075", 13.8, 1,    6933.11,   -2.4,   0.87018, 2,     6933.1, -122.4,   0.87018, 3,     6933.1,  117.6,   0.87018
"SCN_CN15_9167_CEI230_ATV", 13.8, 1,    6933.09,   -2.4,   0.87018, 2,    6933.08, -122.4,   0.87018, 3,    6933.08,  117.6,   0.87018
"SCN_CN15_9096_CEI075", 13.8, 1,    6932.73,   -2.4,   0.87013, 2,    6932.72, -122.4,   0.87013, 3,    6932.71,  117.6,   0.87013
"SCN_CN15_9095_CEI075", 13.8, 1,    6932.34,   -2.4,   0.87008, 2,    6932.33, -122.4,   0.87008, 3,    6932.33,  117.6,   0.87008
"SCN_CN15_9420_CEI109", 13.8, 1,    6878.78,   -2.7,   0.86336, 2,    6878.77, -122.7,   0.86336, 3,    6878.77,  117.3,   0.86336
"SCN_CN15_9093_CEI075", 13.8, 1,    6931.97,   -2.4,   0.87004, 2,    6931.96, -122.4,   0.87004, 3,    6931.96,  117.6,   0.87004
"SCN_CN15_9092_CEI075", 13.8, 1,    6931.52,   -2.4,   0.86998, 2,    6931.51, -122.4,   0.86998, 3,    6931.51,  117.6,   0.86998
"SCN_CN15_9091_CEI075", 13.8, 1,    6931.06,   -2.4,   0.86992, 2,    6931.04, -122.4,   0.86992, 3,    6931.04,  117.6,   0.86992
"SCN_CN15_9090_CEI075", 13.8, 1,    6930.75,   -2.4,   0.86988, 2,    6930.74, -122.4,   0.86988, 3,    6930.73,  117.6,   0.86988
"SCN_CN15_9166_CEI230_ATV", 13.8, 1,    6930.74,   -2.4,   0.86988, 2,    6930.73, -122.4,   0.86988, 3,    6930.73,  117.6,   0.86988
"SCN_CN15_9131_CEI230_ATV", 13.8, 1,    6931.04,   -2.4,   0.86992, 2,    6931.03, -122.4,   0.86992, 3,    6931.03,  117.6,   0.86992
"SCN_CN15_9089_CEI075", 13.8, 1,    6930.43,   -2.4,   0.86985, 2,    6930.42, -122.4,   0.86984, 3,    6930.42,  117.6,   0.86984
"SCN_CN15_9088_CEI075", 13.8, 1,    6930.16,   -2.4,   0.86981, 2,    6930.15, -122.4,   0.86981, 3,    6930.15,  117.6,   0.86981
"SCN_CN15_9132_CEI230_ATV", 13.8, 1,    6930.13,   -2.4,   0.86981, 2,    6930.12, -122.4,   0.86981, 3,    6930.12,  117.6,   0.86981
"SCN_CN15_9133_CEI230_ATV", 13.8, 1,    6930.09,   -2.4,    0.8698, 2,    6930.08, -122.4,    0.8698, 3,    6930.08,  117.6,    0.8698
"SCN_CN15_9419_CEI109", 13.8, 1,    6878.22,   -2.7,   0.86329, 2,    6878.21, -122.7,   0.86329, 3,    6878.21,  117.3,   0.86329
"SCN_CN15_9134_CEI230_ATV", 13.8, 1,    6930.06,   -2.4,    0.8698, 2,    6930.05, -122.4,    0.8698, 3,    6930.05,  117.6,    0.8698
"SCN_CN15_9135_CEI230_ATV", 13.8, 1,    6930.03,   -2.4,   0.86979, 2,    6930.02, -122.4,   0.86979, 3,    6930.01,  117.6,   0.86979
"SCN_CN15_9145_CEI230_ATV", 13.8, 1,    6930.01,   -2.4,   0.86979, 2,       6930, -122.4,   0.86979, 3,       6930,  117.6,   0.86979
"SCN_CN15_9137_CEI230_ATV", 13.8, 1,    6930.01,   -2.4,   0.86979, 2,    6929.99, -122.4,   0.86979, 3,    6929.99,  117.6,   0.86979
"SCN_CN15_9138_CEI230_ATV", 13.8, 1,    6929.98,   -2.4,   0.86979, 2,    6929.97, -122.4,   0.86979, 3,    6929.97,  117.6,   0.86979
"SCN_CN15_9139_CEI230_ATV", 13.8, 1,    6929.96,   -2.4,   0.86979, 2,    6929.95, -122.4,   0.86978, 3,    6929.95,  117.6,   0.86978
"SCN_CN15_9140_CEI230_ATV", 13.8, 1,    6929.94,   -2.4,   0.86978, 2,    6929.93, -122.4,   0.86978, 3,    6929.93,  117.6,   0.86978
"SCN_CN15_9141_CEI230_ATV", 13.8, 1,    6929.93,   -2.4,   0.86978, 2,    6929.91, -122.4,   0.86978, 3,    6929.91,  117.6,   0.86978
"SCN_CN15_9142_CEI230_ATV", 13.8, 1,    6929.92,   -2.4,   0.86978, 2,    6929.91, -122.4,   0.86978, 3,     6929.9,  117.6,   0.86978
"SCN_CN15_9143_CEI230_ATV", 13.8, 1,    6929.91,   -2.4,   0.86978, 2,     6929.9, -122.4,   0.86978, 3,     6929.9,  117.6,   0.86978
"SCN_CN15_9418_CEI109", 13.8, 1,    6877.68,   -2.7,   0.86322, 2,    6877.67, -122.7,   0.86322, 3,    6877.67,  117.3,   0.86322
"SCN_CN15_9144_CEI230_ATV", 13.8, 1,    6929.92,   -2.4,   0.86978, 2,    6929.91, -122.4,   0.86978, 3,     6929.9,  117.6,   0.86978
"SCN_CN15_9146_CEI230_ATV", 13.8, 1,    6929.89,   -2.4,   0.86978, 2,    6929.88, -122.4,   0.86978, 3,    6929.88,  117.6,   0.86978
"SCN_CN15_9087_CEI075", 13.8, 1,    6929.71,   -2.4,   0.86975, 2,     6929.7, -122.4,   0.86975, 3,    6929.69,  117.6,   0.86975
"SCN_CN15_9086_CEI075", 13.8, 1,    6929.32,   -2.4,   0.86971, 2,    6929.31, -122.4,    0.8697, 3,    6929.31,  117.6,    0.8697
"SCN_CN15_9165_CEI230_ATV", 13.8, 1,    6929.32,   -2.4,   0.86971, 2,    6929.31, -122.4,    0.8697, 3,    6929.31,  117.6,    0.8697
"SCN_CN15_9085_CEI075", 13.8, 1,    6928.88,   -2.4,   0.86965, 2,    6928.87, -122.4,   0.86965, 3,    6928.87,  117.6,   0.86965
"SCN_CN15_9084_CEI075", 13.8, 1,    6928.46,   -2.4,    0.8696, 2,    6928.45, -122.4,    0.8696, 3,    6928.45,  117.6,    0.8696
"SCN_CN15_9083_CEI075", 13.8, 1,    6928.05,   -2.4,   0.86955, 2,    6928.04, -122.4,   0.86954, 3,    6928.04,  117.6,   0.86954
"SCN_CN15_9082_CEI075", 13.8, 1,    6927.58,   -2.4,   0.86949, 2,    6927.57, -122.4,   0.86949, 3,    6927.57,  117.6,   0.86949
"SCN_CN15_9147_CEI230_ATV", 13.8, 1,    6927.56,   -2.4,   0.86948, 2,    6927.54, -122.4,   0.86948, 3,    6927.54,  117.6,   0.86948
"SCN_CN15_9417_CEI109", 13.8, 1,    6876.71,   -2.7,    0.8631, 2,     6876.7, -122.7,    0.8631, 3,     6876.7,  117.3,    0.8631
"SCN_CN15_9148_CEI230_ATV", 13.8, 1,    6927.53,   -2.4,   0.86948, 2,    6927.52, -122.4,   0.86948, 3,    6927.52,  117.6,   0.86948
"SCN_CN15_9149_CEI230_ATV", 13.8, 1,     6927.5,   -2.4,   0.86948, 2,    6927.49, -122.4,   0.86948, 3,    6927.49,  117.6,   0.86948
"SCN_CN15_9150_CEI230_ATV", 13.8, 1,     6927.5,   -2.4,   0.86948, 2,    6927.49, -122.4,   0.86948, 3,    6927.49,  117.6,   0.86948
"SCN_CN15_9151_CEI230_ATV", 13.8, 1,    6927.48,   -2.4,   0.86947, 2,    6927.47, -122.4,   0.86947, 3,    6927.46,  117.6,   0.86947
"SCN_CN15_9152_CEI230_ATV", 13.8, 1,     6927.5,   -2.4,   0.86948, 2,    6927.48, -122.4,   0.86947, 3,    6927.48,  117.6,   0.86947
"SCN_CN15_9153_CEI230_ATV", 13.8, 1,    6927.49,   -2.4,   0.86948, 2,    6927.48, -122.4,   0.86947, 3,    6927.47,  117.6,   0.86947
"SCN_CN15_9154_CEI230_ATV", 13.8, 1,    6927.48,   -2.4,   0.86947, 2,    6927.47, -122.4,   0.86947, 3,    6927.46,  117.6,   0.86947
"SCN_CN15_9155_CEI230_ATV", 13.8, 1,    6927.47,   -2.4,   0.86947, 2,    6927.46, -122.4,   0.86947, 3,    6927.46,  117.6,   0.86947
"SCN_CN15_9156_CEI230_ATV", 13.8, 1,    6927.45,   -2.4,   0.86947, 2,    6927.44, -122.4,   0.86947, 3,    6927.44,  117.6,   0.86947
"SCN_CN15_9157_CEI230_ATV", 13.8, 1,    6927.44,   -2.4,   0.86947, 2,    6927.43, -122.4,   0.86947, 3,    6927.42,  117.6,   0.86947
"SCN_CN15_9416_CEI109", 13.8, 1,     6875.8,   -2.7,   0.86299, 2,    6875.79, -122.7,   0.86299, 3,    6875.79,  117.3,   0.86299
"SCN_CN15_9164_CEI230_ATV", 13.8, 1,    6928.46,   -2.4,    0.8696, 2,    6928.45, -122.4,    0.8696, 3,    6928.45,  117.6,    0.8696
"SCN_CN15_9080_CEI075", 13.8, 1,    6927.18,   -2.4,   0.86944, 2,    6927.17, -122.4,   0.86944, 3,    6927.17,  117.6,   0.86944
"SCN_CN15_9163_CEI230_ATV", 13.8, 1,    6927.17,   -2.4,   0.86944, 2,    6927.16, -122.4,   0.86943, 3,    6927.16,  117.6,   0.86943
"SCN_CN15_9079_CEI075", 13.8, 1,    6926.87,   -2.4,    0.8694, 2,    6926.86, -122.4,    0.8694, 3,    6926.86,  117.6,    0.8694
"SCN_CN15_9077_CEI075", 13.8, 1,    6926.61,   -2.4,   0.86937, 2,     6926.6, -122.4,   0.86936, 3,     6926.6,  117.6,   0.86936
"SCN_CN15_9162_CEI230_ATV", 13.8, 1,    6926.59,   -2.4,   0.86936, 2,    6926.58, -122.4,   0.86936, 3,    6926.57,  117.6,   0.86936
"SCN_CN15_9076_CEI075", 13.8, 1,    6926.16,   -2.4,   0.86931, 2,    6926.15, -122.4,   0.86931, 3,    6926.15,  117.6,   0.86931
"SCN_CN15_9075_CEI075", 13.8, 1,    6925.89,   -2.4,   0.86927, 2,    6925.87, -122.4,   0.86927, 3,    6925.87,  117.6,   0.86927
"SCN_CN15_9074_CEI075", 13.8, 1,    6925.62,   -2.4,   0.86924, 2,    6925.61, -122.4,   0.86924, 3,     6925.6,  117.6,   0.86924
"SCN_CN15_9011_CEI201_ATV", 13.8, 1,    6859.85,   -2.8,   0.86099, 2,    6859.84, -122.8,   0.86098, 3,    6859.84,  117.2,   0.86098
"SCN_CN15_9012_CEI201_ATV", 13.8, 1,     6859.9,   -2.8,   0.86099, 2,    6859.89, -122.8,   0.86099, 3,    6859.89,  117.2,   0.86099
"SCN_CN15_9073_CEI075", 13.8, 1,     6925.2,   -2.4,   0.86919, 2,    6925.19, -122.4,   0.86919, 3,    6925.19,  117.6,   0.86919
"SCN_CN15_9415_CEI109", 13.8, 1,    6874.85,   -2.7,   0.86287, 2,    6874.84, -122.7,   0.86287, 3,    6874.84,  117.3,   0.86287
"SCN_CN15_9072_CEI075", 13.8, 1,       6925,   -2.4,   0.86916, 2,    6924.98, -122.4,   0.86916, 3,    6924.98,  117.6,   0.86916
"SCN_CN15_9066_CEI075", 13.8, 1,    6924.78,   -2.4,   0.86914, 2,    6924.77, -122.4,   0.86913, 3,    6924.77,  117.6,   0.86913
"SCN_CN15_9067_CEI075", 13.8, 1,     6924.5,   -2.4,    0.8691, 2,    6924.49, -122.4,    0.8691, 3,    6924.49,  117.6,    0.8691
"SCN_CN15_9014_CEI201_ATV", 13.8, 1,    6860.05,   -2.8,   0.86101, 2,    6860.04, -122.8,   0.86101, 3,    6860.04,  117.2,   0.86101
"SCN_CN15_9015_CEI201_ATV", 13.8, 1,     6860.1,   -2.8,   0.86102, 2,    6860.09, -122.8,   0.86102, 3,    6860.09,  117.2,   0.86102
"SCN_CN15_9113_CEI77A_ATV", 13.8, 1,    7552.13,   -1.1,   0.94788, 2,    7552.13, -121.1,   0.94787, 3,    7552.13,  118.9,   0.94787
"SCN_CN15_9112_CEI77A_ATV", 13.8, 1,    7552.21,   -1.1,   0.94788, 2,     7552.2, -121.1,   0.94788, 3,     7552.2,  118.9,   0.94788
"SCN_CN15_9068_CEI220_ATV_S", 13.8, 1,    6937.39,   -2.5,   0.87072, 2,    6937.38, -122.5,   0.87072, 3,    6937.38,  117.5,   0.87072
"SCN_CN15_9069_CEI220_ATV", 13.8, 1,    6937.89,   -2.5,   0.87078, 2,    6937.88, -122.5,   0.87078, 3,    6937.88,  117.5,   0.87078
"SCN_CN15_9070_CEI220_ATV", 13.8, 1,     6937.3,   -2.5,   0.87071, 2,    6937.29, -122.5,   0.87071, 3,    6937.29,  117.5,   0.87071
"SCN_CN15_9096_CEI220_ATV", 13.8, 1,    6937.27,   -2.5,    0.8707, 2,    6937.26, -122.5,    0.8707, 3,    6937.25,  117.5,    0.8707
"SCN_CN15_9095_CEI220_ATV", 13.8, 1,    6937.25,   -2.5,    0.8707, 2,    6937.24, -122.5,    0.8707, 3,    6937.24,  117.5,    0.8707
"SCN_CN15_9091_CEI220_ATV", 13.8, 1,    6937.22,   -2.5,    0.8707, 2,     6937.2, -122.5,   0.87069, 3,     6937.2,  117.5,   0.87069
"SCN_CN15_9090_CEI220_ATV", 13.8, 1,    6937.18,   -2.5,   0.87069, 2,    6937.17, -122.5,   0.87069, 3,    6937.17,  117.5,   0.87069
"SCN_CN15_9089_CEI220_ATV", 13.8, 1,    6937.16,   -2.5,   0.87069, 2,    6937.15, -122.5,   0.87069, 3,    6937.15,  117.5,   0.87069
"SCN_CN15_9051_CEI120", 13.8, 1,    6937.15,   -2.5,   0.87069, 2,    6937.14, -122.5,   0.87069, 3,    6937.14,  117.5,   0.87069
"SCN_CN15_9077_CEI220_ATV", 13.8, 1,    6937.13,   -2.5,   0.87069, 2,    6937.12, -122.5,   0.87068, 3,    6937.12,  117.5,   0.87068
"SCN_CN15_9079_CEI220_ATV", 13.8, 1,    6937.09,   -2.5,   0.87068, 2,    6937.08, -122.5,   0.87068, 3,    6937.08,  117.5,   0.87068
"SCN_CN15_9080_CEI220_ATV", 13.8, 1,    6937.05,   -2.5,   0.87068, 2,    6937.04, -122.5,   0.87067, 3,    6937.04,  117.5,   0.87067
"SCN_CN15_9022_CEI068", 13.8, 1,    7145.93,   -1.9,   0.89689, 2,    7145.92, -121.9,   0.89689, 3,    7145.92,  118.1,   0.89689
"SCN_CN15_9023_CEI068", 13.8, 1,    7145.93,   -1.9,   0.89689, 2,    7145.92, -121.9,   0.89689, 3,    7145.92,  118.1,   0.89689
"SCN_CN15_9047_CEI068", 13.8, 1,    7147.75,   -1.9,   0.89712, 2,    7147.74, -121.9,   0.89712, 3,    7147.74,  118.1,   0.89712
"SCN_CN15_9048_CEI068", 13.8, 1,    7147.92,   -1.9,   0.89714, 2,    7147.91, -121.9,   0.89714, 3,    7147.91,  118.1,   0.89714
"SCN_CN15_9049_CEI068", 13.8, 1,     7148.1,   -1.9,   0.89716, 2,    7148.09, -121.9,   0.89716, 3,    7148.09,  118.1,   0.89716
"SCN_CN15_9050_CEI068", 13.8, 1,    7148.27,   -1.9,   0.89719, 2,    7148.26, -121.9,   0.89718, 3,    7148.26,  118.1,   0.89718
"SCN_CN15_9051_CEI068", 13.8, 1,    7148.44,   -1.9,   0.89721, 2,    7148.43, -121.9,   0.89721, 3,    7148.43,  118.1,   0.89721
"SCN_CN15_9052_CEI068", 13.8, 1,    7148.62,   -1.9,   0.89723, 2,    7148.61, -121.9,   0.89723, 3,    7148.61,  118.1,   0.89723
"SCN_CN15_9053_CEI068", 13.8, 1,    7148.79,   -1.9,   0.89725, 2,    7148.79, -121.9,   0.89725, 3,    7148.79,  118.1,   0.89725
"SCN_CN15_9054_CEI068", 13.8, 1,    7148.97,   -1.9,   0.89727, 2,    7148.96, -121.9,   0.89727, 3,    7148.96,  118.1,   0.89727
"SCN_CN15_9055_CEI068", 13.8, 1,    7149.15,   -1.9,    0.8973, 2,    7149.14, -121.9,    0.8973, 3,    7149.14,  118.1,    0.8973
"SCN_CN15_9056_CEI068", 13.8, 1,    7149.32,   -1.9,   0.89732, 2,    7149.31, -121.9,   0.89732, 3,    7149.31,  118.1,   0.89732
"SCN_CN15_9059_CEI068", 13.8, 1,    7149.41,   -1.9,   0.89733, 2,     7149.4, -121.9,   0.89733, 3,     7149.4,  118.1,   0.89733
"SCN_CN15_9060_CEI068", 13.8, 1,    7149.53,   -1.9,   0.89734, 2,    7149.52, -121.9,   0.89734, 3,    7149.52,  118.1,   0.89734
"SCN_CN15_9061_CEI068", 13.8, 1,    7149.75,   -1.9,   0.89737, 2,    7149.74, -121.9,   0.89737, 3,    7149.74,  118.1,   0.89737
"SCN_CN15_9077_CEI131_ATV", 13.8, 1,    6912.06,   -2.6,   0.86754, 2,    6912.05, -122.6,   0.86754, 3,    6912.05,  117.4,   0.86754
"SCN_CN15_9062_CEI068", 13.8, 1,    7149.98,   -1.9,    0.8974, 2,    7149.97, -121.9,    0.8974, 3,    7149.97,  118.1,    0.8974
"SCN_CN15_9063_CEI068", 13.8, 1,    7150.21,   -1.9,   0.89743, 2,     7150.2, -121.9,   0.89743, 3,     7150.2,  118.1,   0.89743
"SCN_CN15_9064_CEI068", 13.8, 1,    7150.44,   -1.9,   0.89746, 2,    7150.43, -121.9,   0.89746, 3,    7150.43,  118.1,   0.89746
"SCN_CN15_9065_CEI068", 13.8, 1,    7150.66,   -1.9,   0.89749, 2,    7150.66, -121.9,   0.89749, 3,    7150.66,  118.1,   0.89749
"SCN_CN15_9066_CEI068", 13.8, 1,     7150.9,   -1.9,   0.89752, 2,    7150.89, -121.9,   0.89752, 3,    7150.89,  118.1,   0.89751
"SCN_CN15_9068_CEI068", 13.8, 1,    7151.12,   -1.9,   0.89754, 2,    7151.11, -121.9,   0.89754, 3,    7151.11,  118.1,   0.89754
"SCN_CN15_9046_CEI068", 13.8, 1,    7147.57,   -1.9,    0.8971, 2,    7147.57, -121.9,    0.8971, 3,    7147.56,  118.1,    0.8971
"SCN_CN15_9045_CEI068", 13.8, 1,     7147.4,   -1.9,   0.89708, 2,    7147.39, -121.9,   0.89708, 3,    7147.39,  118.1,   0.89708
"SCN_CN15_9044_CEI068", 13.8, 1,    7147.22,   -1.9,   0.89705, 2,    7147.22, -121.9,   0.89705, 3,    7147.22,  118.1,   0.89705
"SCN_CN15_9078_CEI131_ATV", 13.8, 1,    6911.41,   -2.6,   0.86746, 2,     6911.4, -122.6,   0.86746, 3,     6911.4,  117.4,   0.86746
"SCN_CN15_9043_CEI068", 13.8, 1,    7147.05,   -1.9,   0.89703, 2,    7147.04, -121.9,   0.89703, 3,    7147.04,  118.1,   0.89703
"SCN_CN15_9042_CEI068", 13.8, 1,    7146.87,   -1.9,   0.89701, 2,    7146.87, -121.9,   0.89701, 3,    7146.86,  118.1,   0.89701
"SCN_CN15_9041_CEI068", 13.8, 1,    7146.71,   -1.9,   0.89699, 2,     7146.7, -121.9,   0.89699, 3,     7146.7,  118.1,   0.89699
"SCN_CN15_9040_CEI068", 13.8, 1,    7146.62,   -1.9,   0.89698, 2,    7146.61, -121.9,   0.89698, 3,    7146.61,  118.1,   0.89698
"SCN_CN15_9041_CEI068_S", 13.8, 1,    7146.71,   -1.9,   0.89699, 2,     7146.7, -121.9,   0.89699, 3,     7146.7,  118.1,   0.89699
"SCN_CN15_9266_CEI250_ATV", 13.8, 1,    7146.53,   -1.9,   0.89697, 2,    7146.52, -121.9,   0.89697, 3,    7146.52,  118.1,   0.89697
"SCN_CN15_9024_CEI201_ATV", 13.8, 1,    6860.96,   -2.8,   0.86113, 2,    6860.95, -122.8,   0.86112, 3,    6860.95,  117.2,   0.86112
"SCN_CN15_9147_CEI220_ATV", 13.8, 1,    6938.12,   -2.5,   0.87081, 2,    6938.11, -122.5,   0.87081, 3,    6938.11,  117.5,   0.87081
"SCN_CN15_9068_CEI075", 13.8, 1,    6924.15,   -2.4,   0.86906, 2,    6924.14, -122.4,   0.86905, 3,    6924.14,  117.6,   0.86905
"SCN_CN15_9069_CEI075", 13.8, 1,     6923.8,   -2.4,   0.86901, 2,    6923.79, -122.4,   0.86901, 3,    6923.79,  117.6,   0.86901
"SCN_CN15_9051_CEI074", 13.8, 1,    6923.41,   -2.4,   0.86896, 2,    6923.39, -122.4,   0.86896, 3,    6923.39,  117.6,   0.86896
"SCN_CN15_9107_CEI77A_ATV", 13.8, 1,    7555.06,   -1.1,   0.94824, 2,    7555.06, -121.1,   0.94824, 3,    7555.06,  118.9,   0.94824
"SCN_CN15_9106_CEI77A_ATV", 13.8, 1,    7555.15,   -1.1,   0.94825, 2,    7555.15, -121.1,   0.94825, 3,    7555.15,  118.9,   0.94825
"SCN_CN15_9050_CEI074", 13.8, 1,    6923.18,   -2.4,   0.86894, 2,    6923.17, -122.4,   0.86893, 3,    6923.17,  117.6,   0.86893
"SCN_CN15_9049_CEI074", 13.8, 1,    6922.98,   -2.4,   0.86891, 2,    6922.97, -122.4,   0.86891, 3,    6922.97,  117.6,   0.86891
"SCN_CN15_9048_CEI074", 13.8, 1,    6922.75,   -2.4,   0.86888, 2,    6922.74, -122.4,   0.86888, 3,    6922.74,  117.6,   0.86888
"SCN_CN15_9031_CEI230B_ATV", 13.8, 1,    6922.73,   -2.4,   0.86888, 2,    6922.72, -122.4,   0.86888, 3,    6922.72,  117.6,   0.86888
"SCN_CN15_9414_CEI109", 13.8, 1,    6874.04,   -2.7,   0.86277, 2,    6874.03, -122.7,   0.86277, 3,    6874.03,  117.3,   0.86277
"SCN_CN15_9047_CEI074", 13.8, 1,    6922.45,   -2.4,   0.86884, 2,    6922.44, -122.4,   0.86884, 3,    6922.44,  117.6,   0.86884
"SCN_CN15_9046_CEI074", 13.8, 1,    6922.28,   -2.4,   0.86882, 2,    6922.26, -122.4,   0.86882, 3,    6922.26,  117.6,   0.86882
"SCN_CN15_9045_CEI074", 13.8, 1,    6921.99,   -2.4,   0.86879, 2,    6921.98, -122.4,   0.86878, 3,    6921.98,  117.6,   0.86878
"SCN_CN15_9028_CEI230B_ATV", 13.8, 1,    6921.96,   -2.4,   0.86878, 2,    6921.95, -122.4,   0.86878, 3,    6921.95,  117.6,   0.86878
"SCN_CN15_9029_CEI230B_ATV", 13.8, 1,    6921.93,   -2.4,   0.86878, 2,    6921.92, -122.4,   0.86878, 3,    6921.91,  117.6,   0.86878
"SCN_CN15_9030_CEI230B_ATV", 13.8, 1,    6921.89,   -2.4,   0.86877, 2,    6921.88, -122.4,   0.86877, 3,    6921.88,  117.6,   0.86877
"SCN_CN15_9043_CEI074", 13.8, 1,    6921.73,   -2.4,   0.86875, 2,    6921.71, -122.4,   0.86875, 3,    6921.71,  117.6,   0.86875
"SCN_CN15_9042_CEI074", 13.8, 1,    6921.49,   -2.4,   0.86872, 2,    6921.48, -122.4,   0.86872, 3,    6921.48,  117.6,   0.86872
"SCN_CN15_9041_CEI074", 13.8, 1,    6921.31,   -2.4,    0.8687, 2,     6921.3, -122.4,    0.8687, 3,    6921.29,  117.6,    0.8687
"SCN_CN15_9040_CEI074", 13.8, 1,    6921.13,   -2.4,   0.86868, 2,    6921.12, -122.4,   0.86868, 3,    6921.12,  117.6,   0.86868
"SCN_CN15_9413_CEI109", 13.8, 1,    6873.46,   -2.7,   0.86269, 2,    6873.44, -122.7,   0.86269, 3,    6873.44,  117.3,   0.86269
"SCN_CN15_9039_CEI074_S", 13.8, 1,    6920.97,   -2.4,   0.86866, 2,    6920.96, -122.4,   0.86866, 3,    6920.95,  117.6,   0.86866
"SCN_CN15_9032_CEI230B_ATV", 13.8, 1,    6920.93,   -2.4,   0.86865, 2,    6920.92, -122.4,   0.86865, 3,    6920.92,  117.6,   0.86865
"SCN_CN15_9039_CEI074", 13.8, 1,    6920.97,   -2.4,   0.86866, 2,    6920.96, -122.4,   0.86866, 3,    6920.95,  117.6,   0.86866
"SCN_CN15_9033_CEI230B_ATV", 13.8, 1,    6920.89,   -2.4,   0.86865, 2,    6920.88, -122.4,   0.86865, 3,    6920.88,  117.6,   0.86865
"SCN_CN15_9038_CEI074", 13.8, 1,    6920.82,   -2.4,   0.86864, 2,    6920.81, -122.4,   0.86864, 3,    6920.81,  117.6,   0.86864
"SCN_CN15_9037_CEI074", 13.8, 1,    6920.68,   -2.4,   0.86862, 2,    6920.67, -122.4,   0.86862, 3,    6920.67,  117.6,   0.86862
"SCN_CN15_9183_CEI230_ATV", 13.8, 1,    6920.67,   -2.4,   0.86862, 2,    6920.66, -122.4,   0.86862, 3,    6920.66,  117.6,   0.86862
"SCN_CN15_9036_CEI074_S", 13.8, 1,    6920.54,   -2.4,    0.8686, 2,    6920.53, -122.4,    0.8686, 3,    6920.53,  117.6,    0.8686
"SCN_CN15_9035_CEI074", 13.8, 1,    6920.41,   -2.4,   0.86859, 2,     6920.4, -122.4,   0.86859, 3,     6920.4,  117.6,   0.86859
"SCN_CN15_9036_CEI074", 13.8, 1,    6920.54,   -2.4,    0.8686, 2,    6920.53, -122.4,    0.8686, 3,    6920.53,  117.6,    0.8686
"SCN_CN15_9034_CEI074", 13.8, 1,    6920.28,   -2.4,   0.86857, 2,    6920.27, -122.4,   0.86857, 3,    6920.27,  117.6,   0.86857
"SCN_CN15_9033_CEI074", 13.8, 1,    6920.16,   -2.4,   0.86856, 2,    6920.14, -122.4,   0.86855, 3,    6920.14,  117.6,   0.86855
"SCN_CN15_9412_CEI109", 13.8, 1,    6872.89,   -2.8,   0.86262, 2,    6872.88, -122.8,   0.86262, 3,    6872.87,  117.2,   0.86262
"SCN_CN15_9032_CEI074", 13.8, 1,    6920.06,   -2.4,   0.86854, 2,    6920.04, -122.4,   0.86854, 3,    6920.04,  117.6,   0.86854
"SCN_CN15_9031_CEI074", 13.8, 1,    6919.95,   -2.4,   0.86853, 2,    6919.94, -122.4,   0.86853, 3,    6919.94,  117.6,   0.86853
"SCN_CN15_9030_CEI074", 13.8, 1,    6919.86,   -2.4,   0.86852, 2,    6919.85, -122.4,   0.86852, 3,    6919.84,  117.6,   0.86852
"SCN_CN15_9029_CEI074", 13.8, 1,    6919.75,   -2.4,    0.8685, 2,    6919.74, -122.4,    0.8685, 3,    6919.73,  117.6,    0.8685
"SCN_CN15_9182_CEI230_ATV", 13.8, 1,    6919.75,   -2.4,    0.8685, 2,    6919.73, -122.4,    0.8685, 3,    6919.73,  117.6,    0.8685
"SCN_CN15_9028_CEI074", 13.8, 1,    6919.66,   -2.4,   0.86849, 2,    6919.64, -122.4,   0.86849, 3,    6919.64,  117.6,   0.86849
"SCN_CN15_9027_CEI074", 13.8, 1,    6919.56,   -2.4,   0.86848, 2,    6919.55, -122.4,   0.86848, 3,    6919.55,  117.6,   0.86848
"SCN_CN15_9026_CEI074", 13.8, 1,    6919.51,   -2.4,   0.86847, 2,     6919.5, -122.4,   0.86847, 3,     6919.5,  117.6,   0.86847
"SCN_CN15_9025_CEI074", 13.8, 1,    6919.47,   -2.4,   0.86847, 2,    6919.45, -122.4,   0.86847, 3,    6919.45,  117.6,   0.86847
"SCN_CN15_9024_CEI074", 13.8, 1,     6919.4,   -2.4,   0.86846, 2,    6919.39, -122.4,   0.86846, 3,    6919.39,  117.6,   0.86846
"SCN_CN15_9411_CEI109", 13.8, 1,     6872.2,   -2.8,   0.86254, 2,    6872.19, -122.8,   0.86254, 3,    6872.19,  117.2,   0.86253
"SCN_CN15_9023_CEI074", 13.8, 1,    6919.34,   -2.4,   0.86845, 2,    6919.33, -122.4,   0.86845, 3,    6919.32,  117.6,   0.86845
"SCN_CN15_9022_CEI074", 13.8, 1,    6919.29,   -2.4,   0.86845, 2,    6919.28, -122.4,   0.86845, 3,    6919.28,  117.6,   0.86844
"SCN_CN15_9021_CEI074", 13.8, 1,    6919.24,   -2.4,   0.86844, 2,    6919.23, -122.4,   0.86844, 3,    6919.23,  117.6,   0.86844
"SCN_CN15_9020_CEI074", 13.8, 1,    6919.19,   -2.4,   0.86843, 2,    6919.18, -122.4,   0.86843, 3,    6919.18,  117.6,   0.86843
"SCN_CN15_9019_CEI074_S", 13.8, 1,    6919.15,   -2.4,   0.86843, 2,    6919.13, -122.4,   0.86843, 3,    6919.13,  117.6,   0.86843
"SCN_CN15_9187_CEI230_ATV", 13.8, 1,    6919.14,   -2.4,   0.86843, 2,    6919.12, -122.4,   0.86843, 3,    6919.12,  117.6,   0.86843
"SCN_CN15_9019_CEI074", 13.8, 1,    6919.15,   -2.4,   0.86843, 2,    6919.13, -122.4,   0.86843, 3,    6919.13,  117.6,   0.86843
"SCN_CN15_9004_CEI230B_ATV", 13.8, 1,    6919.51,   -2.4,   0.86847, 2,     6919.5, -122.4,   0.86847, 3,     6919.5,  117.6,   0.86847
"SCN_CN15_9005_CEI230B_ATV", 13.8, 1,    6919.51,   -2.4,   0.86847, 2,     6919.5, -122.4,   0.86847, 3,     6919.5,  117.6,   0.86847
"SCN_CN15_9003_CEI230B_ATV", 13.8, 1,    6919.47,   -2.4,   0.86847, 2,    6919.46, -122.4,   0.86847, 3,    6919.46,  117.6,   0.86847
"SCN_CN15_9002_CEI230B_ATV", 13.8, 1,    6919.46,   -2.4,   0.86847, 2,    6919.45, -122.4,   0.86847, 3,    6919.44,  117.6,   0.86847
"SCN_CN15_9410_CEI109", 13.8, 1,    6871.69,   -2.8,   0.86247, 2,    6871.67, -122.8,   0.86247, 3,    6871.67,  117.2,   0.86247
"SCN_CN15_9001_CEI230B_ATV", 13.8, 1,    6919.45,   -2.4,   0.86847, 2,    6919.44, -122.4,   0.86847, 3,    6919.44,  117.6,   0.86847
"SCN_CN15_9180_CEI230_ATV", 13.8, 1,    6919.46,   -2.4,   0.86847, 2,    6919.45, -122.4,   0.86847, 3,    6919.45,  117.6,   0.86847
"SCN_CN15_9018_CEI074", 13.8, 1,    6919.13,   -2.4,   0.86843, 2,    6919.12, -122.4,   0.86842, 3,    6919.11,  117.6,   0.86842
"SCN_CN15_9017_CEI074", 13.8, 1,    6919.11,   -2.4,   0.86842, 2,     6919.1, -122.4,   0.86842, 3,    6919.09,  117.6,   0.86842
"SCN_CN15_9016_CEI074", 13.8, 1,    6919.09,   -2.4,   0.86842, 2,    6919.08, -122.4,   0.86842, 3,    6919.07,  117.6,   0.86842
"SCN_CN15_9015_CEI074", 13.8, 1,    6919.07,   -2.4,   0.86842, 2,    6919.06, -122.4,   0.86842, 3,    6919.05,  117.6,   0.86842
"SCN_CN15_9014_CEI074", 13.8, 1,    6919.06,   -2.4,   0.86842, 2,    6919.05, -122.4,   0.86842, 3,    6919.04,  117.6,   0.86842
"SCN_CN15_9013_CEI074", 13.8, 1,    6919.05,   -2.4,   0.86842, 2,    6919.04, -122.4,   0.86841, 3,    6919.03,  117.6,   0.86841
"SCN_CN15_9059_CEIRJ006_ATV", 13.8, 1,    6919.33,   -2.4,   0.86845, 2,    6919.32, -122.4,   0.86845, 3,    6919.32,  117.6,   0.86845
"SCN_CN15_9409_CEI109", 13.8, 1,    6871.06,   -2.8,   0.86239, 2,    6871.04, -122.8,   0.86239, 3,    6871.04,  117.2,   0.86239
"SCN_CN15_9060_CEIRJ006_ATV", 13.8, 1,    6919.13,   -2.4,   0.86843, 2,    6919.11, -122.4,   0.86842, 3,    6919.11,  117.6,   0.86842
"SCN_CN15_9005_CEIRJ013_ATV", 13.8, 1,    6919.11,   -2.4,   0.86842, 2,     6919.1, -122.4,   0.86842, 3,    6919.09,  117.6,   0.86842
"SCN_CN15_9009_CEI074", 13.8, 1,    6919.05,   -2.4,   0.86842, 2,    6919.04, -122.4,   0.86841, 3,    6919.03,  117.6,   0.86841
"SCN_CN15_9010_CEI074", 13.8, 1,    6919.05,   -2.4,   0.86842, 2,    6919.04, -122.4,   0.86841, 3,    6919.03,  117.6,   0.86841
"SCN_CN15_9011_CEI074", 13.8, 1,    6919.05,   -2.4,   0.86842, 2,    6919.04, -122.4,   0.86841, 3,    6919.03,  117.6,   0.86841
"SCN_CN15_9012_CEI074", 13.8, 1,    6919.05,   -2.4,   0.86842, 2,    6919.04, -122.4,   0.86841, 3,    6919.03,  117.6,   0.86841
"SCN_CN15_9061_CEIRJ006_ATV", 13.8, 1,    6919.04,   -2.4,   0.86841, 2,    6919.02, -122.4,   0.86841, 3,    6919.02,  117.6,   0.86841
"SCN_CN15_9197_CEI230_ATV", 13.8, 1,    6919.99,   -2.4,   0.86853, 2,    6919.98, -122.4,   0.86853, 3,    6919.98,  117.6,   0.86853
"SCN_CN15_9198_CEI230_ATV", 13.8, 1,       6920,   -2.4,   0.86854, 2,    6919.99, -122.4,   0.86853, 3,    6919.99,  117.6,   0.86853
"SCN_CN15_9199_CEI230_ATV", 13.8, 1,    6920.03,   -2.4,   0.86854, 2,    6920.02, -122.4,   0.86854, 3,    6920.02,  117.6,   0.86854
"SCN_CN15_9200_CEI230_ATV", 13.8, 1,    6920.06,   -2.4,   0.86854, 2,    6920.05, -122.4,   0.86854, 3,    6920.05,  117.6,   0.86854
"SCN_CN15_9201_CEI230_ATV", 13.8, 1,    6920.07,   -2.4,   0.86855, 2,    6920.06, -122.4,   0.86854, 3,    6920.06,  117.6,   0.86854
"SCN_CN15_9201_CEI230_ATV_S", 13.8, 1,    6920.07,   -2.4,   0.86855, 2,    6920.06, -122.4,   0.86854, 3,    6920.06,  117.6,   0.86854
"SCN_CN15_9209_CEI230_ATV", 13.8, 1,     6920.1,   -2.4,   0.86855, 2,    6920.09, -122.4,   0.86855, 3,    6920.09,  117.6,   0.86855
"SCN_CN15_9210_CEI230_ATV", 13.8, 1,    6920.12,   -2.4,   0.86855, 2,    6920.11, -122.4,   0.86855, 3,    6920.11,  117.6,   0.86855
"SCN_CN15_9211_CEI230_ATV", 13.8, 1,    6920.14,   -2.4,   0.86855, 2,    6920.13, -122.4,   0.86855, 3,    6920.13,  117.6,   0.86855
"SCN_CN15_9213_CEI230_ATV", 13.8, 1,    6920.14,   -2.4,   0.86855, 2,    6920.13, -122.4,   0.86855, 3,    6920.12,  117.6,   0.86855
"SCN_CN15_9076_CEI074", 13.8, 1,    6920.07,   -2.4,   0.86854, 2,    6920.06, -122.4,   0.86854, 3,    6920.05,  117.6,   0.86854
"SCN_CN15_9075_CEI074", 13.8, 1,    6920.01,   -2.4,   0.86854, 2,       6920, -122.4,   0.86854, 3,       6920,  117.6,   0.86854
"SCN_CN15_9074_CEI074", 13.8, 1,    6919.96,   -2.4,   0.86853, 2,    6919.95, -122.4,   0.86853, 3,    6919.95,  117.6,   0.86853
"SCN_CN15_9208_CEI230_ATV", 13.8, 1,    6919.99,   -2.4,   0.86853, 2,    6919.98, -122.4,   0.86853, 3,    6919.98,  117.6,   0.86853
"SCN_CN15_9073_CEI074", 13.8, 1,    6919.95,   -2.4,   0.86853, 2,    6919.94, -122.4,   0.86853, 3,    6919.93,  117.6,   0.86853
"SCN_CN15_9072_CEI074", 13.8, 1,    6919.93,   -2.4,   0.86853, 2,    6919.92, -122.4,   0.86853, 3,    6919.92,  117.6,   0.86853
"SCN_CN15_9071_CEI074", 13.8, 1,    6919.91,   -2.4,   0.86852, 2,     6919.9, -122.4,   0.86852, 3,    6919.89,  117.6,   0.86852
"SCN_CN15_9070_CEI074", 13.8, 1,    6919.89,   -2.4,   0.86852, 2,    6919.88, -122.4,   0.86852, 3,    6919.88,  117.6,   0.86852
"SCN_CN15_9069_CEIRJ006_ATV", 13.8, 1,    6920.19,   -2.4,   0.86856, 2,    6920.18, -122.4,   0.86856, 3,    6920.17,  117.6,   0.86856
"SCN_CN15_9211_CEI230_ATV_S", 13.8, 1,    6920.14,   -2.4,   0.86855, 2,    6920.13, -122.4,   0.86855, 3,    6920.13,  117.6,   0.86855
"SCN_CN15_9069_CEIRJ006_ATV_S", 13.8, 1,    6920.19,   -2.4,   0.86856, 2,    6920.18, -122.4,   0.86856, 3,    6920.17,  117.6,   0.86856
"SCN_CN15_9077_CEI074", 13.8, 1,    6920.25,   -2.4,   0.86857, 2,    6920.23, -122.4,   0.86857, 3,    6920.23,  117.6,   0.86856
"SCN_CN15_9078_CEI074", 13.8, 1,    6920.29,   -2.4,   0.86857, 2,    6920.28, -122.4,   0.86857, 3,    6920.28,  117.6,   0.86857
"SCN_CN15_9078_CEI074_S", 13.8, 1,    6920.29,   -2.4,   0.86857, 2,    6920.28, -122.4,   0.86857, 3,    6920.28,  117.6,   0.86857
"SCN_CN15_9079_CEI074", 13.8, 1,    6920.33,   -2.4,   0.86858, 2,    6920.32, -122.4,   0.86858, 3,    6920.32,  117.6,   0.86858
"SCN_CN15_9080_CEI074", 13.8, 1,    6920.42,   -2.4,   0.86859, 2,    6920.41, -122.4,   0.86859, 3,     6920.4,  117.6,   0.86859
"SCN_CN15_9081_CEI074", 13.8, 1,    6920.48,   -2.4,    0.8686, 2,    6920.47, -122.4,   0.86859, 3,    6920.46,  117.6,   0.86859
"SCN_CN15_9065_CEIRJ006_ATV", 13.8, 1,    6920.48,   -2.4,    0.8686, 2,    6920.47, -122.4,   0.86859, 3,    6920.46,  117.6,   0.86859
"SCN_CN15_9066_CEIRJ006_ATV", 13.8, 1,    6920.48,   -2.4,    0.8686, 2,    6920.47, -122.4,   0.86859, 3,    6920.46,  117.6,   0.86859
"SCN_CN15_9012_CEI230B_ATV", 13.8, 1,    6920.48,   -2.4,    0.8686, 2,    6920.47, -122.4,   0.86859, 3,    6920.46,  117.6,   0.86859
"SCN_CN15_9081_CEI074_S", 13.8, 1,    6920.48,   -2.4,    0.8686, 2,    6920.47, -122.4,   0.86859, 3,    6920.46,  117.6,   0.86859
"SCN_CN15_9082_CEI074", 13.8, 1,    6920.56,   -2.4,   0.86861, 2,    6920.55, -122.4,    0.8686, 3,    6920.54,  117.6,    0.8686
"SCN_CN15_9083_CEI074", 13.8, 1,     6920.6,   -2.4,   0.86861, 2,    6920.59, -122.4,   0.86861, 3,    6920.59,  117.6,   0.86861
"SCN_CN15_9015_CEI230B_ATV", 13.8, 1,    6920.65,   -2.4,   0.86862, 2,    6920.64, -122.4,   0.86862, 3,    6920.64,  117.6,   0.86862
"SCN_CN15_9003_CEI160_ATV_S", 13.8, 1,    6979.79,   -2.4,   0.87604, 2,    6979.78, -122.4,   0.87604, 3,    6979.78,  117.6,   0.87604
"SCN_CN15_9081_CEI220_ATV", 13.8, 1,       6937,   -2.5,   0.87067, 2,    6936.99, -122.5,   0.87067, 3,    6936.99,  117.5,   0.87067
"SCN_CN15_9082_CEI220_ATV", 13.8, 1,    6936.96,   -2.5,   0.87066, 2,    6936.95, -122.5,   0.87066, 3,    6936.95,  117.5,   0.87066
"SCN_CN15_9140_CEI220_ATV", 13.8, 1,    6938.51,   -2.5,   0.87086, 2,     6938.5, -122.5,   0.87086, 3,     6938.5,  117.5,   0.87086
"SCN_CN15_9139_CEI220_ATV", 13.8, 1,    6938.64,   -2.5,   0.87087, 2,    6938.63, -122.5,   0.87087, 3,    6938.63,  117.5,   0.87087
"SCN_CN15_9138_CEI220_ATV", 13.8, 1,    6938.76,   -2.5,   0.87089, 2,    6938.75, -122.5,   0.87089, 3,    6938.75,  117.5,   0.87089
"SCN_CN15_9137_CEI220_ATV", 13.8, 1,    6938.89,   -2.5,   0.87091, 2,    6938.88, -122.5,   0.87091, 3,    6938.88,  117.5,   0.87091
"SCN_CN15_9136_CEI220_ATV", 13.8, 1,    6939.02,   -2.5,   0.87092, 2,    6939.01, -122.5,   0.87092, 3,    6939.01,  117.5,   0.87092
"SCN_CN15_9135_CEI220_ATV", 13.8, 1,    6939.14,   -2.5,   0.87094, 2,    6939.13, -122.5,   0.87094, 3,    6939.13,  117.5,   0.87094
"SCN_CN15_9136_CEI220_ATV_S", 13.8, 1,    6939.02,   -2.5,   0.87092, 2,    6939.01, -122.5,   0.87092, 3,    6939.01,  117.5,   0.87092
"SCN_CN15_9266_CEI250_ATV_S", 13.8, 1,    7146.53,   -1.9,   0.89697, 2,    7146.52, -121.9,   0.89697, 3,    7146.52,  118.1,   0.89697
"SCN_CN15_9038_CEI068", 13.8, 1,    7146.44,   -1.9,   0.89696, 2,    7146.43, -121.9,   0.89696, 3,    7146.43,  118.1,   0.89696
"SCN_CN15_9037_CEI068", 13.8, 1,    7146.35,   -1.9,   0.89694, 2,    7146.34, -121.9,   0.89694, 3,    7146.34,  118.1,   0.89694
"SCN_CN15_9036_CEI068", 13.8, 1,    7146.25,   -1.9,   0.89693, 2,    7146.24, -121.9,   0.89693, 3,    7146.24,  118.1,   0.89693
"SCN_CN15_9079_CEI131_ATV_S", 13.8, 1,     6910.7,   -2.6,   0.86737, 2,    6910.69, -122.6,   0.86737, 3,    6910.69,  117.4,   0.86737
"SCN_CN15_9079_CEI131_ATV", 13.8, 1,     6910.7,   -2.6,   0.86737, 2,    6910.69, -122.6,   0.86737, 3,    6910.69,  117.4,   0.86737
"SCN_CN15_9080_CEI131_ATV", 13.8, 1,    6910.69,   -2.6,   0.86737, 2,    6910.67, -122.6,   0.86736, 3,    6910.67,  117.4,   0.86736
"SCN_CN15_9004_CEI134_ATV_S", 13.8, 1,    6910.08,   -2.6,   0.86729, 2,    6910.07, -122.6,   0.86729, 3,    6910.07,  117.4,   0.86729
"SCN_CN15_9004_CEI134_ATV", 13.8, 1,    6910.08,   -2.6,   0.86729, 2,    6910.07, -122.6,   0.86729, 3,    6910.07,  117.4,   0.86729
"SCN_CN15_9005_CEI134_ATV", 13.8, 1,    6909.97,   -2.6,   0.86728, 2,    6909.95, -122.6,   0.86727, 3,    6909.95,  117.4,   0.86727
"SCN_CN15_9006_CEI134_ATV", 13.8, 1,    6909.84,   -2.6,   0.86726, 2,    6909.83, -122.6,   0.86726, 3,    6909.82,  117.4,   0.86726
"SCN_CN15_9001_CEI134_ATV", 13.8, 1,    6909.79,   -2.6,   0.86725, 2,    6909.78, -122.6,   0.86725, 3,    6909.78,  117.4,   0.86725
"SCN_CN15_9004_CEI134A_ATV", 13.8, 1,    6909.61,   -2.6,   0.86723, 2,     6909.6, -122.6,   0.86723, 3,     6909.6,  117.4,   0.86723
"SCN_CN15_9009_CEI134_ATV", 13.8, 1,    6909.51,   -2.6,   0.86722, 2,    6909.49, -122.6,   0.86722, 3,    6909.49,  117.4,   0.86722
"SCN_CN15_9328_CEI109_S", 13.8, 1,    6864.58,   -2.8,   0.86158, 2,    6864.56, -122.8,   0.86158, 3,    6864.56,  117.2,   0.86158
"SCN_CN15_9031_CEI077_ATV", 13.8, 1,       7543,   -1.1,   0.94673, 2,    7542.99, -121.1,   0.94673, 3,    7542.99,  118.9,   0.94673
"SCN_CN15_9016_CEI230B_ATV", 13.8, 1,    6920.81,   -2.4,   0.86864, 2,     6920.8, -122.4,   0.86864, 3,     6920.8,  117.6,   0.86864
"SCN_CN15_9019_CEI230B_ATV", 13.8, 1,    6921.01,   -2.4,   0.86866, 2,       6921, -122.4,   0.86866, 3,       6921,  117.6,   0.86866
"SCN_CN15_9024_CEI230B_ATV", 13.8, 1,     6921.2,   -2.4,   0.86869, 2,    6921.19, -122.4,   0.86868, 3,    6921.18,  117.6,   0.86868
"SCN_CN15_9407_CEI109", 13.8, 1,    6869.59,   -2.8,   0.86221, 2,    6869.58, -122.8,   0.86221, 3,    6869.58,  117.2,   0.86221
"SCN_CN15_9026_CEI230B_ATV", 13.8, 1,    6921.35,   -2.4,    0.8687, 2,    6921.34, -122.4,    0.8687, 3,    6921.33,  117.6,    0.8687
"SCN_CN15_9025_CEI230B_ATV", 13.8, 1,    6921.19,   -2.4,   0.86868, 2,    6921.17, -122.4,   0.86868, 3,    6921.17,  117.6,   0.86868
"SCN_CN15_9027_CEI230B_ATV", 13.8, 1,    6921.41,   -2.4,   0.86871, 2,     6921.4, -122.4,   0.86871, 3,    6921.39,  117.6,   0.86871
"SCN_CN15_9017_CEI230B_ATV", 13.8, 1,     6920.8,   -2.4,   0.86864, 2,    6920.78, -122.4,   0.86863, 3,    6920.78,  117.6,   0.86863
"SCN_CN15_9063_CEIRJ006_ATV", 13.8, 1,    6920.78,   -2.4,   0.86863, 2,    6920.77, -122.4,   0.86863, 3,    6920.77,  117.6,   0.86863
"SCN_CN15_9058_CEIRJ006_ATV", 13.8, 1,    6920.96,   -2.4,   0.86866, 2,    6920.95, -122.4,   0.86866, 3,    6920.95,  117.6,   0.86865
"SCN_CN15_9034_CEI230B_ATV", 13.8, 1,    6920.52,   -2.4,    0.8686, 2,    6920.51, -122.4,    0.8686, 3,     6920.5,  117.6,    0.8686
"SCN_CN15_9035_CEI230B_ATV", 13.8, 1,    6920.49,   -2.4,    0.8686, 2,    6920.48, -122.4,    0.8686, 3,    6920.48,  117.6,    0.8686
"SCN_CN15_9406_CEI109", 13.8, 1,    6869.18,   -2.8,   0.86216, 2,    6869.17, -122.8,   0.86216, 3,    6869.17,  117.2,   0.86216
"SCN_CN15_9036_CEI230B_ATV", 13.8, 1,    6920.48,   -2.4,    0.8686, 2,    6920.46, -122.4,   0.86859, 3,    6920.46,  117.6,   0.86859
"SCN_CN15_9007_CEI230B_ATV", 13.8, 1,    6920.46,   -2.4,   0.86859, 2,    6920.45, -122.4,   0.86859, 3,    6920.45,  117.6,   0.86859
"SCN_CN15_9006_CEI230B_ATV", 13.8, 1,    6920.45,   -2.4,   0.86859, 2,    6920.44, -122.4,   0.86859, 3,    6920.44,  117.6,   0.86859
"SCN_CN15_9070_CEI075", 13.8, 1,    6924.74,   -2.4,   0.86913, 2,    6924.73, -122.4,   0.86913, 3,    6924.72,  117.6,   0.86913
"SCN_CN15_9071_CEI075", 13.8, 1,     6924.7,   -2.4,   0.86913, 2,    6924.69, -122.4,   0.86912, 3,    6924.69,  117.6,   0.86912
"SCN_CN15_9159_CEI230_ATV", 13.8, 1,    6924.68,   -2.4,   0.86912, 2,    6924.67, -122.4,   0.86912, 3,    6924.67,  117.6,   0.86912
"SCN_CN15_9160_CEI230_ATV", 13.8, 1,    6924.67,   -2.4,   0.86912, 2,    6924.66, -122.4,   0.86912, 3,    6924.66,  117.6,   0.86912
"SCN_CN15_9158_CEI230_ATV", 13.8, 1,    6924.69,   -2.4,   0.86912, 2,    6924.68, -122.4,   0.86912, 3,    6924.68,  117.6,   0.86912
"SCN_CN15_9055_CEIRJ006_ATV", 13.8, 1,    6924.66,   -2.4,   0.86912, 2,    6924.65, -122.4,   0.86912, 3,    6924.65,  117.6,   0.86912
"SCN_CN15_9056_CEIRJ006_ATV", 13.8, 1,    6924.66,   -2.4,   0.86912, 2,    6924.65, -122.4,   0.86912, 3,    6924.65,  117.6,   0.86912
"SCN_CN15_9405_CEI109", 13.8, 1,    6868.62,   -2.8,   0.86209, 2,    6868.61, -122.8,   0.86209, 3,    6868.61,  117.2,   0.86209
"SCN_CN15_9057_CEIRJ006_ATV", 13.8, 1,    6924.61,   -2.4,   0.86911, 2,     6924.6, -122.4,   0.86911, 3,     6924.6,  117.6,   0.86911
"SCN_CN15_9056_CEI075", 13.8, 1,    6936.28,   -2.4,   0.87058, 2,    6936.27, -122.4,   0.87058, 3,    6936.26,  117.6,   0.87058
"SCN_CN15_9055_CEI075", 13.8, 1,    6936.29,   -2.4,   0.87058, 2,    6936.28, -122.4,   0.87058, 3,    6936.27,  117.6,   0.87058
"SCN_CN15_9070_CEI230_ATV", 13.8, 1,    6936.27,   -2.4,   0.87058, 2,    6936.26, -122.4,   0.87058, 3,    6936.26,  117.6,   0.87058
"SCN_CN15_9071_CEI230_ATV", 13.8, 1,    6936.26,   -2.4,   0.87058, 2,    6936.25, -122.4,   0.87058, 3,    6936.25,  117.6,   0.87057
"SCN_CN15_9054_CEI075", 13.8, 1,    6936.31,   -2.4,   0.87058, 2,     6936.3, -122.4,   0.87058, 3,    6936.29,  117.6,   0.87058
"SCN_CN15_9055_CEI075_S", 13.8, 1,    6936.29,   -2.4,   0.87058, 2,    6936.28, -122.4,   0.87058, 3,    6936.27,  117.6,   0.87058
"SCN_CN15_9052_CEI075", 13.8, 1,    6936.33,   -2.4,   0.87058, 2,    6936.32, -122.4,   0.87058, 3,    6936.31,  117.6,   0.87058
"SCN_CN15_9069_CEI230_ATV", 13.8, 1,     6936.3,   -2.4,   0.87058, 2,    6936.29, -122.4,   0.87058, 3,    6936.29,  117.6,   0.87058
"SCN_CN15_9051_CEI075", 13.8, 1,    6936.37,   -2.4,   0.87059, 2,    6936.35, -122.4,   0.87059, 3,    6936.35,  117.6,   0.87059
"SCN_CN15_9052_CEI075_S", 13.8, 1,    6936.33,   -2.4,   0.87058, 2,    6936.32, -122.4,   0.87058, 3,    6936.31,  117.6,   0.87058
"SCN_CN15_9404_CEI109", 13.8, 1,     6868.1,   -2.8,   0.86202, 2,    6868.09, -122.8,   0.86202, 3,    6868.09,  117.2,   0.86202
"SCN_CN15_9049_CEI075", 13.8, 1,     6936.4,   -2.4,   0.87059, 2,    6936.39, -122.4,   0.87059, 3,    6936.39,  117.6,   0.87059
"SCN_CN15_9068_CEI230_ATV", 13.8, 1,    6936.38,   -2.4,   0.87059, 2,    6936.37, -122.4,   0.87059, 3,    6936.37,  117.6,   0.87059
"SCN_CN15_9048_CEI075", 13.8, 1,    6936.45,   -2.4,    0.8706, 2,    6936.44, -122.4,    0.8706, 3,    6936.44,  117.6,    0.8706
"SCN_CN15_9049_CEI075_S", 13.8, 1,     6936.4,   -2.4,   0.87059, 2,    6936.39, -122.4,   0.87059, 3,    6936.39,  117.6,   0.87059
"SCN_CN15_9047_CEI075", 13.8, 1,     6936.5,   -2.4,   0.87061, 2,    6936.49, -122.4,   0.87061, 3,    6936.49,  117.6,   0.87061
"SCN_CN15_9046_CEI075", 13.8, 1,    6936.55,   -2.4,   0.87061, 2,    6936.54, -122.4,   0.87061, 3,    6936.54,  117.6,   0.87061
"SCN_CN15_9045_CEI075", 13.8, 1,    6936.61,   -2.4,   0.87062, 2,     6936.6, -122.4,   0.87062, 3,    6936.59,  117.6,   0.87062
"SCN_CN15_9044_CEI075", 13.8, 1,    6936.67,   -2.4,   0.87063, 2,    6936.65, -122.4,   0.87063, 3,    6936.65,  117.6,   0.87063
"SCN_CN15_9043_CEI075", 13.8, 1,    6936.72,   -2.4,   0.87063, 2,    6936.71, -122.4,   0.87063, 3,    6936.71,  117.6,   0.87063
"SCN_CN15_9042_CEI075", 13.8, 1,    6936.78,   -2.4,   0.87064, 2,    6936.77, -122.4,   0.87064, 3,    6936.77,  117.6,   0.87064
"SCN_CN15_9403_CEI109", 13.8, 1,    6867.48,   -2.8,   0.86194, 2,    6867.47, -122.8,   0.86194, 3,    6867.47,  117.2,   0.86194
"SCN_CN15_9053_CEIRJ006_ATV", 13.8, 1,    6937.19,   -2.4,   0.87069, 2,    6937.18, -122.4,   0.87069, 3,    6937.17,  117.6,   0.87069
"SCN_CN15_9062_CEI201_ATV", 13.8, 1,    6870.36,   -2.8,   0.86231, 2,    6870.35, -122.8,    0.8623, 3,    6870.35,  117.2,    0.8623
"SCN_CN15_9402_CEI109", 13.8, 1,    6866.94,   -2.8,   0.86188, 2,    6866.93, -122.8,   0.86187, 3,    6866.93,  117.2,   0.86187
"SCN_CN15_9401_CEI109", 13.8, 1,    6866.39,   -2.8,   0.86181, 2,    6866.38, -122.8,   0.86181, 3,    6866.38,  117.2,   0.86181
"SCN_CN15_9400_CEI109", 13.8, 1,    6865.73,   -2.8,   0.86172, 2,    6865.71, -122.8,   0.86172, 3,    6865.71,  117.2,   0.86172
"SCN_CN15_9111_CEI201_ATV_S", 13.8, 1,    6978.41,   -2.3,   0.87587, 2,    6978.39, -122.3,   0.87586, 3,    6978.39,  117.7,   0.87586
"SCN_CN15_9016_CEIRJ013_ATV", 13.8, 1,    6978.57,   -2.3,   0.87589, 2,    6978.56, -122.3,   0.87589, 3,    6978.56,  117.7,   0.87589
"SCN_CN15_9104_CEI201_ATV", 13.8, 1,    6978.25,   -2.3,   0.87585, 2,    6978.24, -122.3,   0.87585, 3,    6978.24,  117.7,   0.87584
"SCN_CN15_9112_CEI201_ATV", 13.8, 1,    6978.39,   -2.3,   0.87586, 2,    6978.38, -122.3,   0.87586, 3,    6978.38,  117.7,   0.87586
"SCN_CN15_9119_CEI201_ATV", 13.8, 1,    6978.39,   -2.3,   0.87586, 2,    6978.38, -122.3,   0.87586, 3,    6978.38,  117.7,   0.87586
"SCN_CN15_9474_CEI109_S", 13.8, 1,    6865.18,   -2.8,   0.86166, 2,    6865.17, -122.8,   0.86165, 3,    6865.17,  117.2,   0.86165
"SCN_CN15_9010_CEI201_ATV", 13.8, 1,    6859.82,   -2.8,   0.86098, 2,     6859.8, -122.8,   0.86098, 3,     6859.8,  117.2,   0.86098
"SCN_CN15_9004_CEI201_ATV", 13.8, 1,    6859.71,   -2.8,   0.86097, 2,     6859.7, -122.8,   0.86097, 3,    6859.69,  117.2,   0.86097
"SCN_CN15_9008_CEI201_ATV", 13.8, 1,    6859.73,   -2.8,   0.86097, 2,    6859.71, -122.8,   0.86097, 3,    6859.71,  117.2,   0.86097
"SCN_CN15_9002_CEI160_ATV", 13.8, 1,    6979.78,   -2.4,   0.87604, 2,    6979.77, -122.4,   0.87604, 3,    6979.77,  117.6,   0.87604
"SCN_CN15_9003_CEI160_ATV", 13.8, 1,    6979.79,   -2.4,   0.87604, 2,    6979.78, -122.4,   0.87604, 3,    6979.78,  117.6,   0.87604
"SCN_CN15_9475_CEI109", 13.8, 1,    6865.08,   -2.8,   0.86164, 2,    6865.06, -122.8,   0.86164, 3,    6865.06,  117.2,   0.86164
"SCN_CN15_9046_CEI130_ATV", 13.8, 1,    6979.99,   -2.4,   0.87606, 2,    6979.98, -122.4,   0.87606, 3,    6979.97,  117.6,   0.87606
"SCN_CN15_9042_CEI130_ATV", 13.8, 1,    6979.89,   -2.4,   0.87605, 2,    6979.88, -122.4,   0.87605, 3,    6979.88,  117.6,   0.87605
"SCN_CN15_9017_CEIRJ013_ATV", 13.8, 1,    6978.57,   -2.3,   0.87589, 2,    6978.56, -122.3,   0.87589, 3,    6978.56,  117.7,   0.87589
"SCN_CN15_9031_CEIRJ006_ATV", 13.8, 1,    7543.01,   -1.1,   0.94673, 2,       7543, -121.1,   0.94673, 3,    7543.01,  118.9,   0.94673
"SCN_CN15_9033_CEIRJ006_ATV", 13.8, 1,    7542.99,   -1.1,   0.94673, 2,    7542.98, -121.1,   0.94673, 3,    7542.98,  118.9,   0.94673
"SCN_CN15_9032_CEIRJ006_ATV", 13.8, 1,    7543.01,   -1.1,   0.94673, 2,       7543, -121.1,   0.94673, 3,       7543,  118.9,   0.94673
"SCN_CN15_9030_CEIRJ006_ATV", 13.8, 1,    7543.05,   -1.1,   0.94674, 2,    7543.04, -121.1,   0.94673, 3,    7543.05,  118.9,   0.94673
"SCN_CN15_9031_CEIRJ006_ATV_S", 13.8, 1,    7543.01,   -1.1,   0.94673, 2,       7543, -121.1,   0.94673, 3,    7543.01,  118.9,   0.94673
"SCN_CN15_9007_CEI77A_ATV", 13.8, 1,    7542.97,   -1.1,   0.94673, 2,    7542.97, -121.1,   0.94672, 3,    7542.97,  118.9,   0.94672
"SCN_CN15_9036_CEI230_ATV", 13.8, 1,    7549.18,   -1.1,    0.9475, 2,    7549.17, -121.1,    0.9475, 3,    7549.17,  118.9,    0.9475
"SCN_CN15_9037_CEI230_ATV", 13.8, 1,    7549.63,   -1.1,   0.94756, 2,    7549.63, -121.1,   0.94756, 3,    7549.63,  118.9,   0.94756
"SCN_CN15_9086_CEI77A_ATV_S", 13.8, 1,    7548.49,   -1.1,   0.94742, 2,    7548.48, -121.1,   0.94742, 3,    7548.49,  118.9,   0.94742
"SCN_CN15_9476_CEI109", 13.8, 1,    6864.97,   -2.8,   0.86163, 2,    6864.96, -122.8,   0.86163, 3,    6864.96,  117.2,   0.86163
"SCN_CN15_9086_CEI77A_ATV", 13.8, 1,    7548.49,   -1.1,   0.94742, 2,    7548.48, -121.1,   0.94742, 3,    7548.49,  118.9,   0.94742
"SCN_CN15_9057_CEI77A_ATV", 13.8, 1,    7547.05,   -1.1,   0.94724, 2,    7547.05, -121.1,   0.94724, 3,    7547.05,  118.9,   0.94724
"SCN_CN15_9058_CEI77A_ATV", 13.8, 1,    7545.35,   -1.1,   0.94702, 2,    7545.34, -121.1,   0.94702, 3,    7545.35,  118.9,   0.94702
"SCN_CN15_9059_CEI77A_ATV", 13.8, 1,    7543.45,   -1.1,   0.94679, 2,    7543.45, -121.1,   0.94679, 3,    7543.45,  118.9,   0.94679
"SCN_CN15_9060_CEI77A_ATV", 13.8, 1,    7543.43,   -1.1,   0.94678, 2,    7543.43, -121.1,   0.94678, 3,    7543.43,  118.9,   0.94678
"SCN_CN15_9062_CEI77A_ATV", 13.8, 1,    7541.56,   -1.1,   0.94655, 2,    7541.55, -121.1,   0.94655, 3,    7541.55,  118.9,   0.94655
"SCN_CN15_9061_CEI77A_ATV", 13.8, 1,    7541.51,   -1.1,   0.94654, 2,     7541.5, -121.1,   0.94654, 3,     7541.5,  118.9,   0.94654
"SCN_CN15_9063_CEI77A_ATV", 13.8, 1,    7540.06,   -1.1,   0.94636, 2,    7540.05, -121.1,   0.94636, 3,    7540.05,  118.9,   0.94636
"SCN_CN15_9064_CEI77A_ATV", 13.8, 1,    7539.86,   -1.1,   0.94633, 2,    7539.85, -121.1,   0.94633, 3,    7539.85,  118.9,   0.94633
"SCN_CN15_9065_CEI77A_ATV", 13.8, 1,    7539.54,   -1.1,   0.94629, 2,    7539.53, -121.1,   0.94629, 3,    7539.53,  118.9,   0.94629
"SCN_CN15_9080_CEI77A_ATV", 13.8, 1,    7539.31,   -1.1,   0.94627, 2,     7539.3, -121.1,   0.94626, 3,     7539.3,  118.9,   0.94626
"SCN_CN15_9081_CEI77A_ATV", 13.8, 1,    7539.15,   -1.1,   0.94625, 2,    7539.14, -121.1,   0.94624, 3,    7539.14,  118.9,   0.94624
"SCN_CN15_9082_CEI77A_ATV", 13.8, 1,    7538.98,   -1.1,   0.94622, 2,    7538.98, -121.1,   0.94622, 3,    7538.98,  118.9,   0.94622
"SCN_CN15_9083_CEI77A_ATV", 13.8, 1,    7539.11,   -1.1,   0.94624, 2,     7539.1, -121.1,   0.94624, 3,     7539.1,  118.9,   0.94624
"SCN_CN15_9084_CEI77A_ATV", 13.8, 1,    7539.05,   -1.1,   0.94623, 2,    7539.05, -121.1,   0.94623, 3,    7539.05,  118.9,   0.94623
"SCN_CN15_9085_CEI77A_ATV", 13.8, 1,    7539.02,   -1.1,   0.94623, 2,    7539.01, -121.1,   0.94623, 3,    7539.02,  118.9,   0.94623
"SCN_CN15_9066_CEI77A_ATV", 13.8, 1,    7539.25,   -1.1,   0.94626, 2,    7539.24, -121.1,   0.94626, 3,    7539.25,  118.9,   0.94626
"SCN_CN15_9068_CEI77A_ATV_S", 13.8, 1,    7537.47,   -1.1,   0.94603, 2,    7537.46, -121.1,   0.94603, 3,    7537.46,  118.9,   0.94603
"SCN_CN15_9070_CEI77A_ATV", 13.8, 1,    7537.31,   -1.1,   0.94601, 2,     7537.3, -121.1,   0.94601, 3,     7537.3,  118.9,   0.94601
"SCN_CN15_9071_CEI77A_ATV", 13.8, 1,    7537.06,   -1.1,   0.94598, 2,    7537.05, -121.1,   0.94598, 3,    7537.06,  118.9,   0.94598
"SCN_CN15_9068_CEI77A_ATV", 13.8, 1,    7537.47,   -1.1,   0.94603, 2,    7537.46, -121.1,   0.94603, 3,    7537.46,  118.9,   0.94603
"SCN_CN15_9069_CEI77A_ATV", 13.8, 1,    7537.38,   -1.1,   0.94602, 2,    7537.37, -121.1,   0.94602, 3,    7537.37,  118.9,   0.94602
"SCN_CN15_9023_CEI167_ATV", 13.8, 1,    7536.81,   -1.1,   0.94595, 2,     7536.8, -121.1,   0.94595, 3,     7536.8,  118.9,   0.94595
"SCN_CN15_9024_CEI167_ATV_S", 13.8, 1,    7536.17,   -1.1,   0.94587, 2,    7536.16, -121.1,   0.94587, 3,    7536.16,  118.9,   0.94587
"SCN_CN15_9074_CEI77A_ATV_S", 13.8, 1,     7535.5,   -1.1,   0.94579, 2,    7535.49, -121.1,   0.94579, 3,    7535.49,  118.9,   0.94579
"SCN_CN15_9074_CEI77A_ATV", 13.8, 1,     7535.5,   -1.1,   0.94579, 2,    7535.49, -121.1,   0.94579, 3,    7535.49,  118.9,   0.94579
"SCN_CN15_9075_CEI77A_ATV", 13.8, 1,    7535.39,   -1.1,   0.94577, 2,    7535.38, -121.1,   0.94577, 3,    7535.38,  118.9,   0.94577
"SCN_CN15_9133_CEI201_ATV", 13.8, 1,    6979.07,   -2.3,   0.87595, 2,    6979.06, -122.3,   0.87595, 3,    6979.06,  117.7,   0.87595
"SCN_CN15_9390_CEI109", 13.8, 1,     6865.2,   -2.8,   0.86166, 2,    6865.19, -122.8,   0.86166, 3,    6865.19,  117.2,   0.86166
"SCN_CN15_9114_CEI77A_ATV", 13.8, 1,    7552.12,   -1.1,   0.94787, 2,    7552.12, -121.1,   0.94787, 3,    7552.12,  118.9,   0.94787
"SCN_CN15_9134_CEI220_ATV", 13.8, 1,    6939.26,   -2.5,   0.87095, 2,    6939.25, -122.5,   0.87095, 3,    6939.25,  117.5,   0.87095
"SCN_CN15_9014_CEI120", 13.8, 1,     6939.4,   -2.5,   0.87097, 2,    6939.39, -122.5,   0.87097, 3,    6939.39,  117.5,   0.87097
"SCN_CN15_9041_CEI77A_ATV", 13.8, 1,    7543.91,   -1.1,   0.94684, 2,     7543.9, -121.1,   0.94684, 3,    7543.91,  118.9,   0.94684
"SCN_CN15_9015_CEI120", 13.8, 1,    6939.24,   -2.5,   0.87095, 2,    6939.23, -122.5,   0.87095, 3,    6939.23,  117.5,   0.87095
"SCN_CN15_9021_CEI120", 13.8, 1,     6939.1,   -2.5,   0.87093, 2,    6939.09, -122.5,   0.87093, 3,    6939.09,  117.5,   0.87093
"SCN_CN15_9020_CEI120", 13.8, 1,    6938.96,   -2.5,   0.87092, 2,    6938.95, -122.5,   0.87091, 3,    6938.95,  117.5,   0.87091
"SCN_CN15_9019_CEI120", 13.8, 1,    6938.89,   -2.5,   0.87091, 2,    6938.88, -122.5,   0.87091, 3,    6938.88,  117.5,   0.87091
"SCN_CN15_9018_CEI120", 13.8, 1,    6938.83,   -2.5,    0.8709, 2,    6938.82, -122.5,    0.8709, 3,    6938.82,  117.5,    0.8709
"SCN_CN15_9017_CEI120", 13.8, 1,    6938.78,   -2.5,   0.87089, 2,    6938.77, -122.5,   0.87089, 3,    6938.76,  117.5,   0.87089
"SCN_CN15_9016_CEI120", 13.8, 1,    6938.71,   -2.5,   0.87088, 2,     6938.7, -122.5,   0.87088, 3,     6938.7,  117.5,   0.87088
"SCN_CN15_9156_CEI220_ATV", 13.8, 1,    6939.02,   -2.5,   0.87092, 2,    6939.01, -122.5,   0.87092, 3,    6939.01,  117.5,   0.87092
"SCN_CN15_9157_CEI109", 13.8, 1,    6878.38,   -2.7,   0.86331, 2,    6878.36, -122.7,   0.86331, 3,    6878.36,  117.3,   0.86331
"SCN_CN15_9015_CEIRJ013_ATV", 13.8, 1,    6978.72,   -2.3,   0.87591, 2,    6978.71, -122.3,    0.8759, 3,     6978.7,  117.7,    0.8759
"SCN_CN15_9028_CEI167_ATV", 13.8, 1,     7535.1,   -1.1,   0.94574, 2,     7535.1, -121.1,   0.94574, 3,     7535.1,  118.9,   0.94574
"SCN_CN15_9076_CEI77A_ATV", 13.8, 1,    7535.01,   -1.1,   0.94573, 2,    7535.01, -121.1,   0.94573, 3,    7535.01,  118.9,   0.94573
"SCN_CN15_9078_CEI77A_ATV", 13.8, 1,    7534.69,   -1.1,   0.94569, 2,    7534.69, -121.1,   0.94569, 3,    7534.69,  118.9,   0.94569
"SCN_CN15_9079_CEI77A_ATV", 13.8, 1,    7534.46,   -1.1,   0.94566, 2,    7534.45, -121.1,   0.94566, 3,    7534.45,  118.9,   0.94566
"SCN_CN15_9008_CEI77A_ATV", 13.8, 1,    7543.14,   -1.1,   0.94675, 2,    7543.14, -121.1,   0.94675, 3,    7543.14,  118.9,   0.94675
"SCN_CN15_9009_CEI77A_ATV", 13.8, 1,    7543.25,   -1.1,   0.94676, 2,    7543.24, -121.1,   0.94676, 3,    7543.25,  118.9,   0.94676
"SCN_CN15_9009_CEI77A_ATV_S", 13.8, 1,    7543.25,   -1.1,   0.94676, 2,    7543.24, -121.1,   0.94676, 3,    7543.25,  118.9,   0.94676
"SCN_CN15_9015_CEI77A_ATV", 13.8, 1,     7543.4,   -1.1,   0.94678, 2,    7543.39, -121.1,   0.94678, 3,    7543.39,  118.9,   0.94678
"SCN_CN15_9478_CEI109", 13.8, 1,    6864.79,   -2.8,   0.86161, 2,    6864.78, -122.8,    0.8616, 3,    6864.78,  117.2,    0.8616
"SCN_CN15_9010_CEI77A_ATV_S", 13.8, 1,    7543.17,   -1.1,   0.94675, 2,    7543.17, -121.1,   0.94675, 3,    7543.17,  118.9,   0.94675
"SCN_CN15_9010_CEI77A_ATV", 13.8, 1,    7543.17,   -1.1,   0.94675, 2,    7543.17, -121.1,   0.94675, 3,    7543.17,  118.9,   0.94675
"SCN_CN15_9011_CEI77A_ATV", 13.8, 1,    7543.16,   -1.1,   0.94675, 2,    7543.15, -121.1,   0.94675, 3,    7543.15,  118.9,   0.94675
"SCN_CN15_9012_CEI77A_ATV", 13.8, 1,    7543.09,   -1.1,   0.94674, 2,    7543.08, -121.1,   0.94674, 3,    7543.08,  118.9,   0.94674
"SCN_CN15_9013_CEI77A_ATV", 13.8, 1,       7543,   -1.1,   0.94673, 2,    7542.99, -121.1,   0.94673, 3,    7542.99,  118.9,   0.94673
"SCN_CN15_9014_CEI77A_ATV", 13.8, 1,    7542.91,   -1.1,   0.94672, 2,    7542.91, -121.1,   0.94672, 3,    7542.91,  118.9,   0.94672
"SCN_CN15_9016_CEI77A_ATV", 13.8, 1,    7543.38,   -1.1,   0.94678, 2,    7543.37, -121.1,   0.94678, 3,    7543.37,  118.9,   0.94678
"SCN_CN15_9017_CEI77A_ATV", 13.8, 1,    7543.35,   -1.1,   0.94677, 2,    7543.34, -121.1,   0.94677, 3,    7543.35,  118.9,   0.94677
"SCN_CN15_9018_CEI77A_ATV", 13.8, 1,    7543.33,   -1.1,   0.94677, 2,    7543.32, -121.1,   0.94677, 3,    7543.32,  118.9,   0.94677
"SCN_CN15_9015_CEI77A_ATV_S", 13.8, 1,     7543.4,   -1.1,   0.94678, 2,    7543.39, -121.1,   0.94678, 3,    7543.39,  118.9,   0.94678
"SCN_CN15_9019_CEI77A_ATV", 13.8, 1,    7543.57,   -1.1,    0.9468, 2,    7543.56, -121.1,    0.9468, 3,    7543.56,  118.9,    0.9468
"SCN_CN15_9020_CEI77A_ATV", 13.8, 1,    7543.77,   -1.1,   0.94683, 2,    7543.77, -121.1,   0.94683, 3,    7543.77,  118.9,   0.94683
"SCN_CN15_9479_CEI109", 13.8, 1,    6864.74,   -2.8,    0.8616, 2,    6864.73, -122.8,    0.8616, 3,    6864.73,  117.2,    0.8616
"SCN_CN15_9021_CEI77A_ATV", 13.8, 1,    7543.98,   -1.1,   0.94685, 2,    7543.98, -121.1,   0.94685, 3,    7543.98,  118.9,   0.94685
"SCN_CN15_9022_CEI77A_ATV", 13.8, 1,    7543.97,   -1.1,   0.94685, 2,    7543.96, -121.1,   0.94685, 3,    7543.96,  118.9,   0.94685
"SCN_CN15_9023_CEI77A_ATV", 13.8, 1,    7543.94,   -1.1,   0.94685, 2,    7543.94, -121.1,   0.94685, 3,    7543.94,  118.9,   0.94685
"SCN_CN15_9021_CEI77A_ATV_S", 13.8, 1,    7543.98,   -1.1,   0.94685, 2,    7543.98, -121.1,   0.94685, 3,    7543.98,  118.9,   0.94685
"SCN_CN15_9024_CEI77A_ATV", 13.8, 1,    7544.22,   -1.1,   0.94688, 2,    7544.21, -121.1,   0.94688, 3,    7544.21,  118.9,   0.94688
"SCN_CN15_9025_CEI77A_ATV", 13.8, 1,    7544.41,   -1.1,   0.94691, 2,    7544.41, -121.1,   0.94691, 3,    7544.41,  118.9,   0.94691
"SCN_CN15_9026_CEI77A_ATV", 13.8, 1,    7544.62,   -1.1,   0.94693, 2,    7544.61, -121.1,   0.94693, 3,    7544.61,  118.9,   0.94693
"SCN_CN15_9027_CEI77A_ATV", 13.8, 1,    7544.54,   -1.1,   0.94692, 2,    7544.53, -121.1,   0.94692, 3,    7544.53,  118.9,   0.94692
"SCN_CN15_9028_CEI77A_ATV", 13.8, 1,    7544.52,   -1.1,   0.94692, 2,    7544.51, -121.1,   0.94692, 3,    7544.51,  118.9,   0.94692
"SCN_CN15_9029_CEI77A_ATV", 13.8, 1,    7544.43,   -1.1,   0.94691, 2,    7544.43, -121.1,   0.94691, 3,    7544.43,  118.9,   0.94691
"SCN_CN15_9030_CEI77A_ATV", 13.8, 1,    7544.37,   -1.1,    0.9469, 2,    7544.36, -121.1,    0.9469, 3,    7544.37,  118.9,    0.9469
"SCN_CN15_9480_CEI109", 13.8, 1,    6864.66,   -2.8,   0.86159, 2,    6864.65, -122.8,   0.86159, 3,    6864.65,  117.2,   0.86159
"SCN_CN15_9031_CEI77A_ATV", 13.8, 1,    7544.33,   -1.1,    0.9469, 2,    7544.32, -121.1,   0.94689, 3,    7544.32,  118.9,    0.9469
"SCN_CN15_9032_CEI77A_ATV", 13.8, 1,    7544.31,   -1.1,   0.94689, 2,     7544.3, -121.1,   0.94689, 3,    7544.31,  118.9,   0.94689
"SCN_CN15_9033_CEI77A_ATV", 13.8, 1,    7544.26,   -1.1,   0.94689, 2,    7544.25, -121.1,   0.94689, 3,    7544.25,  118.9,   0.94689
"SCN_CN15_9034_CEI77A_ATV", 13.8, 1,    7544.19,   -1.1,   0.94688, 2,    7544.19, -121.1,   0.94688, 3,    7544.19,  118.9,   0.94688
"SCN_CN15_9035_CEI77A_ATV", 13.8, 1,    7544.13,   -1.1,   0.94687, 2,    7544.12, -121.1,   0.94687, 3,    7544.12,  118.9,   0.94687
"SCN_CN15_9036_CEI77A_ATV_S", 13.8, 1,    7544.07,   -1.1,   0.94686, 2,    7544.06, -121.1,   0.94686, 3,    7544.06,  118.9,   0.94686
"SCN_CN15_9036_CEI77A_ATV", 13.8, 1,    7544.07,   -1.1,   0.94686, 2,    7544.06, -121.1,   0.94686, 3,    7544.06,  118.9,   0.94686
"SCN_CN15_9037_CEI77A_ATV_S", 13.8, 1,       7544,   -1.1,   0.94685, 2,    7543.99, -121.1,   0.94685, 3,       7544,  118.9,   0.94685
"SCN_CN15_9038_CEI77A_ATV", 13.8, 1,    7543.94,   -1.1,   0.94685, 2,    7543.93, -121.1,   0.94685, 3,    7543.93,  118.9,   0.94685
"SCN_CN15_9039_CEI77A_ATV", 13.8, 1,    7543.92,   -1.1,   0.94684, 2,    7543.91, -121.1,   0.94684, 3,    7543.92,  118.9,   0.94684
"SCN_CN15_9034_CEIRJ006_ATV", 13.8, 1,    7544.07,   -1.1,   0.94686, 2,    7544.06, -121.1,   0.94686, 3,    7544.06,  118.9,   0.94686
"SCN_CN15_9045_CEI77A_ATV", 13.8, 1,    7544.79,   -1.1,   0.94695, 2,    7544.78, -121.1,   0.94695, 3,    7544.79,  118.9,   0.94695
"SCN_CN15_9045_CEI77A_ATV_S", 13.8, 1,    7544.79,   -1.1,   0.94695, 2,    7544.78, -121.1,   0.94695, 3,    7544.79,  118.9,   0.94695
"SCN_CN15_9053_CEI77A_ATV", 13.8, 1,    7545.12,   -1.1,   0.94699, 2,    7545.11, -121.1,   0.94699, 3,    7545.11,  118.9,   0.94699
"SCN_CN15_9053_CEI77A_ATV_S", 13.8, 1,    7545.12,   -1.1,   0.94699, 2,    7545.11, -121.1,   0.94699, 3,    7545.11,  118.9,   0.94699
"SCN_CN15_9054_CEI77A_ATV", 13.8, 1,    7545.58,   -1.1,   0.94705, 2,    7545.58, -121.1,   0.94705, 3,    7545.58,  118.9,   0.94705
"SCN_CN15_9055_CEI77A_ATV", 13.8, 1,    7546.27,   -1.1,   0.94714, 2,    7546.27, -121.1,   0.94714, 3,    7546.27,  118.9,   0.94714
"SCN_CN15_9056_CEI77A_ATV", 13.8, 1,    7546.43,   -1.1,   0.94716, 2,    7546.43, -121.1,   0.94716, 3,    7546.43,  118.9,   0.94716
"SCN_CN15_9032_CEI230_ATV", 13.8, 1,     7548.4,   -1.1,   0.94741, 2,    7548.39, -121.1,   0.94741, 3,    7548.39,  118.9,   0.94741
"SCN_CN15_9087_CEI77A_ATV", 13.8, 1,    7548.29,   -1.1,   0.94739, 2,    7548.28, -121.1,   0.94739, 3,    7548.28,  118.9,   0.94739
"SCN_CN15_9026_CEI230_ATV", 13.8, 1,     7548.1,   -1.1,   0.94737, 2,    7548.09, -121.1,   0.94737, 3,    7548.09,  118.9,   0.94737
"SCN_CN15_9089_CEI77A_ATV", 13.8, 1,    7547.91,   -1.1,   0.94734, 2,     7547.9, -121.1,   0.94734, 3,     7547.9,  118.9,   0.94734
"SCN_CN15_9090_CEI77A_ATV", 13.8, 1,     7547.9,   -1.1,   0.94734, 2,    7547.89, -121.1,   0.94734, 3,     7547.9,  118.9,   0.94734
"SCN_CN15_9019_CEI230_ATV", 13.8, 1,    7547.74,   -1.1,   0.94732, 2,    7547.73, -121.1,   0.94732, 3,    7547.74,  118.9,   0.94732
"SCN_CN15_9017_CEI230_ATV", 13.8, 1,    7547.61,   -1.1,   0.94731, 2,     7547.6, -121.1,   0.94731, 3,     7547.6,  118.9,   0.94731
"SCN_CN15_9014_CEI230_ATV", 13.8, 1,    7547.55,   -1.1,    0.9473, 2,    7547.55, -121.1,    0.9473, 3,    7547.55,  118.9,    0.9473
"SCN_CN15_9013_CEI230_ATV", 13.8, 1,    7547.48,   -1.1,   0.94729, 2,    7547.47, -121.1,   0.94729, 3,    7547.47,  118.9,   0.94729
"SCN_CN15_9002_CEI230_ATV", 13.8, 1,     7547.4,   -1.1,   0.94728, 2,    7547.39, -121.1,   0.94728, 3,    7547.39,  118.9,   0.94728
"SCN_CN15_9003_CEI230_ATV", 13.8, 1,    7547.39,   -1.1,   0.94728, 2,    7547.39, -121.1,   0.94728, 3,    7547.39,  118.9,   0.94728
"SCN_CN15_9004_CEI230_ATV", 13.8, 1,    7547.38,   -1.1,   0.94728, 2,    7547.38, -121.1,   0.94728, 3,    7547.38,  118.9,   0.94728
"SCN_CN15_9482_CEI109", 13.8, 1,    6864.53,   -2.8,   0.86157, 2,    6864.51, -122.8,   0.86157, 3,    6864.51,  117.2,   0.86157
"SCN_CN15_9005_CEI230_ATV", 13.8, 1,    7547.35,   -1.1,   0.94727, 2,    7547.34, -121.1,   0.94727, 3,    7547.34,  118.9,   0.94727
"SCN_CN15_9006_CEI230_ATV", 13.8, 1,    7547.28,   -1.1,   0.94727, 2,    7547.27, -121.1,   0.94726, 3,    7547.27,  118.9,   0.94727
"SCN_CN15_9007_CEI230_ATV", 13.8, 1,    7547.22,   -1.1,   0.94726, 2,    7547.21, -121.1,   0.94726, 3,    7547.21,  118.9,   0.94726
"SCN_CN15_9008_CEI230_ATV", 13.8, 1,    7547.18,   -1.1,   0.94725, 2,    7547.17, -121.1,   0.94725, 3,    7547.17,  118.9,   0.94725
"SCN_CN15_9009_CEI230_ATV", 13.8, 1,    7547.15,   -1.1,   0.94725, 2,    7547.14, -121.1,   0.94725, 3,    7547.14,  118.9,   0.94725
"SCN_CN15_9050_CEI77A_ATV", 13.8, 1,    7544.22,   -1.1,   0.94688, 2,    7544.22, -121.1,   0.94688, 3,    7544.22,  118.9,   0.94688
"SCN_CN15_9052_CEI77A_ATV", 13.8, 1,    7544.13,   -1.1,   0.94687, 2,    7544.13, -121.1,   0.94687, 3,    7544.13,  118.9,   0.94687
"SCN_CN15_9049_CEI77A_ATV", 13.8, 1,    7544.34,   -1.1,    0.9469, 2,    7544.33, -121.1,    0.9469, 3,    7544.33,  118.9,    0.9469
"SCN_CN15_9050_CEI77A_ATV_S", 13.8, 1,    7544.22,   -1.1,   0.94688, 2,    7544.22, -121.1,   0.94688, 3,    7544.22,  118.9,   0.94688
"SCN_CN15_9051_CEI77A_ATV", 13.8, 1,    7544.22,   -1.1,   0.94688, 2,    7544.21, -121.1,   0.94688, 3,    7544.22,  118.9,   0.94688
"SCN_CN15_9047_CEI77A_ATV", 13.8, 1,    7544.45,   -1.1,   0.94691, 2,    7544.44, -121.1,   0.94691, 3,    7544.44,  118.9,   0.94691
"SCN_CN15_9046_CEI77A_ATV", 13.8, 1,    7544.62,   -1.1,   0.94693, 2,    7544.61, -121.1,   0.94693, 3,    7544.61,  118.9,   0.94693
"SCN_CN15_9483_CEI109", 13.8, 1,    6864.47,   -2.8,   0.86157, 2,    6864.45, -122.8,   0.86156, 3,    6864.45,  117.2,   0.86156
"SCN_CN15_9045_CEIRJ006_ATV", 13.8, 1,    7545.87,   -1.1,   0.94709, 2,    7545.86, -121.1,   0.94709, 3,    7545.86,  118.9,   0.94709
"SCN_CN15_9112_CEI076", 13.8, 1,    7545.89,   -1.1,   0.94709, 2,    7545.88, -121.1,   0.94709, 3,    7545.88,  118.9,   0.94709
"SCN_CN15_9113_CEI076", 13.8, 1,    7545.88,   -1.1,   0.94709, 2,    7545.87, -121.1,   0.94709, 3,    7545.87,  118.9,   0.94709
"SCN_CN15_9111_CEI076", 13.8, 1,    7545.91,   -1.1,   0.94709, 2,     7545.9, -121.1,   0.94709, 3,     7545.9,  118.9,   0.94709
"SCN_CN15_9112_CEI076_S", 13.8, 1,    7545.89,   -1.1,   0.94709, 2,    7545.88, -121.1,   0.94709, 3,    7545.88,  118.9,   0.94709
"SCN_CN15_9092_CEI076", 13.8, 1,    7545.96,   -1.1,    0.9471, 2,    7545.95, -121.1,    0.9471, 3,    7545.95,  118.9,    0.9471
"SCN_CN15_9093_CEI076", 13.8, 1,    7545.94,   -1.1,    0.9471, 2,    7545.94, -121.1,    0.9471, 3,    7545.94,  118.9,    0.9471
"SCN_CN15_9092_CEI076_S", 13.8, 1,    7545.96,   -1.1,    0.9471, 2,    7545.95, -121.1,    0.9471, 3,    7545.95,  118.9,    0.9471
"SCN_CN15_9127_CEI77A_ATV", 13.8, 1,    7546.09,   -1.1,   0.94712, 2,    7546.08, -121.1,   0.94712, 3,    7546.08,  118.9,   0.94712
"SCN_CN15_9128_CEI77A_ATV", 13.8, 1,    7546.06,   -1.1,   0.94711, 2,    7546.06, -121.1,   0.94711, 3,    7546.06,  118.9,   0.94711
"SCN_CN15_9041_CEIRJ006_ATV", 13.8, 1,    7545.96,   -1.1,    0.9471, 2,    7545.96, -121.1,    0.9471, 3,    7545.96,  118.9,    0.9471
"SCN_CN15_9126_CEI77A_ATV", 13.8, 1,    7546.65,   -1.1,   0.94719, 2,    7546.64, -121.1,   0.94719, 3,    7546.64,  118.9,   0.94719
"SCN_CN15_9127_CEI77A_ATV_S", 13.8, 1,    7546.09,   -1.1,   0.94712, 2,    7546.08, -121.1,   0.94712, 3,    7546.08,  118.9,   0.94712
"SCN_CN15_9060_CEI230_ATV", 13.8, 1,    7546.65,   -1.1,   0.94719, 2,    7546.64, -121.1,   0.94719, 3,    7546.64,  118.9,   0.94719
"SCN_CN15_9484_CEI109", 13.8, 1,     6864.4,   -2.8,   0.86156, 2,    6864.39, -122.8,   0.86156, 3,    6864.39,  117.2,   0.86156
"SCN_CN15_9124_CEI77A_ATV", 13.8, 1,    7546.96,   -1.1,   0.94723, 2,    7546.95, -121.1,   0.94722, 3,    7546.95,  118.9,   0.94722
"SCN_CN15_9123_CEI77A_ATV", 13.8, 1,       7547,   -1.1,   0.94723, 2,       7547, -121.1,   0.94723, 3,       7547,  118.9,   0.94723
"SCN_CN15_9124_CEI77A_ATV_S", 13.8, 1,    7546.96,   -1.1,   0.94723, 2,    7546.95, -121.1,   0.94722, 3,    7546.95,  118.9,   0.94722
"SCN_CN15_9059_CEI230_ATV", 13.8, 1,    7546.71,   -1.1,   0.94719, 2,     7546.7, -121.1,   0.94719, 3,     7546.7,  118.9,   0.94719
"SCN_CN15_9125_CEI77A_ATV", 13.8, 1,    7546.88,   -1.1,   0.94722, 2,    7546.87, -121.1,   0.94721, 3,    7546.87,  118.9,   0.94722
"SCN_CN15_9122_CEI77A_ATV", 13.8, 1,    7547.68,   -1.1,   0.94732, 2,    7547.67, -121.1,   0.94732, 3,    7547.68,  118.9,   0.94732
"SCN_CN15_9121_CEI77A_ATV", 13.8, 1,    7548.38,   -1.1,    0.9474, 2,    7548.38, -121.1,    0.9474, 3,    7548.38,  118.9,    0.9474
"SCN_CN15_9120_CEI77A_ATV", 13.8, 1,    7549.09,   -1.1,   0.94749, 2,    7549.08, -121.1,   0.94749, 3,    7549.08,  118.9,   0.94749
"SCN_CN15_9119_CEI77A_ATV", 13.8, 1,     7549.8,   -1.1,   0.94758, 2,    7549.79, -121.1,   0.94758, 3,     7549.8,  118.9,   0.94758
"SCN_CN15_9118_CEI77A_ATV", 13.8, 1,    7550.34,   -1.1,   0.94765, 2,    7550.34, -121.1,   0.94765, 3,    7550.34,  118.9,   0.94765
"SCN_CN15_9116_CEI77A_ATV", 13.8, 1,    7551.05,   -1.1,   0.94774, 2,    7551.05, -121.1,   0.94774, 3,    7551.05,  118.9,   0.94774
"SCN_CN15_9117_CEI77A_ATV", 13.8, 1,    7551.05,   -1.1,   0.94774, 2,    7551.05, -121.1,   0.94774, 3,    7551.05,  118.9,   0.94774
"SCN_CN15_9116_CEI77A_ATV_S", 13.8, 1,    7551.05,   -1.1,   0.94774, 2,    7551.05, -121.1,   0.94774, 3,    7551.05,  118.9,   0.94774
"SCN_CN15_9111_CEI77A_ATV", 13.8, 1,    7553.12,   -1.1,     0.948, 2,    7553.11, -121.1,     0.948, 3,    7553.11,  118.9,     0.948
"SCN_CN15_9109_CEI77A_ATV", 13.8, 1,    7554.08,   -1.1,   0.94812, 2,    7554.07, -121.1,   0.94812, 3,    7554.07,  118.9,   0.94812
"SCN_CN15_9110_CEI77A_ATV", 13.8, 1,    7554.06,   -1.1,   0.94812, 2,    7554.06, -121.1,   0.94812, 3,    7554.06,  118.9,   0.94812
"SCN_CN15_9108_CEI77A_ATV", 13.8, 1,    7554.94,   -1.1,   0.94823, 2,    7554.94, -121.1,   0.94823, 3,    7554.94,  118.9,   0.94823
"SCN_CN15_9109_CEI77A_ATV_S", 13.8, 1,    7554.08,   -1.1,   0.94812, 2,    7554.07, -121.1,   0.94812, 3,    7554.07,  118.9,   0.94812
"SCN_CN15_9356_CEI065", 13.8, 1,    7145.93,   -1.9,   0.89689, 2,    7145.92, -121.9,   0.89689, 3,    7145.92,  118.1,   0.89689
"SCN_CN15_9357_CEI065", 13.8, 1,    7145.93,   -1.9,   0.89689, 2,    7145.92, -121.9,   0.89689, 3,    7145.92,  118.1,   0.89689
"SCN_CN15_9355_CEI065", 13.8, 1,    7145.93,   -1.9,   0.89689, 2,    7145.92, -121.9,   0.89689, 3,    7145.92,  118.1,   0.89689
"SCN_CN15_9354_CEI065", 13.8, 1,    7145.93,   -1.9,   0.89689, 2,    7145.92, -121.9,   0.89689, 3,    7145.92,  118.1,   0.89689
"SCN_CN15_9362_CEI065", 13.8, 1,    7145.93,   -1.9,   0.89689, 2,    7145.92, -121.9,   0.89689, 3,    7145.92,  118.1,   0.89689
"SCN_CN15_9365_CEI065", 13.8, 1,    7145.93,   -1.9,   0.89689, 2,    7145.92, -121.9,   0.89689, 3,    7145.92,  118.1,   0.89689
"SCN_CN15_9367_CEI065", 13.8, 1,    7145.93,   -1.9,   0.89689, 2,    7145.92, -121.9,   0.89689, 3,    7145.92,  118.1,   0.89689
"SCN_CN15_9368_CEI065", 13.8, 1,    7145.93,   -1.9,   0.89689, 2,    7145.92, -121.9,   0.89689, 3,    7145.92,  118.1,   0.89689
"SCN_CN15_9369_CEI065", 13.8, 1,    7145.93,   -1.9,   0.89689, 2,    7145.92, -121.9,   0.89689, 3,    7145.92,  118.1,   0.89689
"SCN_CN15_9370_CEI065", 13.8, 1,    7145.93,   -1.9,   0.89689, 2,    7145.92, -121.9,   0.89689, 3,    7145.92,  118.1,   0.89689
"SCN_CN15_9371_CEI065", 13.8, 1,    7145.93,   -1.9,   0.89689, 2,    7145.92, -121.9,   0.89689, 3,    7145.92,  118.1,   0.89689
"SCN_CN15_9372_CEI065", 13.8, 1,    7145.93,   -1.9,   0.89689, 2,    7145.92, -121.9,   0.89689, 3,    7145.92,  118.1,   0.89689
"SCN_CN15_9373_CEI065", 13.8, 1,    7145.93,   -1.9,   0.89689, 2,    7145.92, -121.9,   0.89689, 3,    7145.92,  118.1,   0.89689
"SCN_CN15_9374_CEI065", 13.8, 1,    7145.93,   -1.9,   0.89689, 2,    7145.92, -121.9,   0.89689, 3,    7145.92,  118.1,   0.89689
"SCN_CN15_9375_CEI065", 13.8, 1,    7145.93,   -1.9,   0.89689, 2,    7145.92, -121.9,   0.89689, 3,    7145.92,  118.1,   0.89689
"SCN_CN15_9376_CEI065", 13.8, 1,    7145.93,   -1.9,   0.89689, 2,    7145.92, -121.9,   0.89689, 3,    7145.92,  118.1,   0.89689
"SCN_CN15_9377_CEI065", 13.8, 1,    7145.93,   -1.9,   0.89689, 2,    7145.92, -121.9,   0.89689, 3,    7145.92,  118.1,   0.89689
"SCN_CN15_9011_CEI068", 13.8, 1,    7145.93,   -1.9,   0.89689, 2,    7145.92, -121.9,   0.89689, 3,    7145.92,  118.1,   0.89689
"SCN_CN15_9010_CEI068", 13.8, 1,    7145.93,   -1.9,   0.89689, 2,    7145.92, -121.9,   0.89689, 3,    7145.92,  118.1,   0.89689
"SCN_CN15_9021_CEI068", 13.8, 1,    7145.93,   -1.9,   0.89689, 2,    7145.92, -121.9,   0.89689, 3,    7145.92,  118.1,   0.89689
"SCN_CN15_9020_CEI068", 13.8, 1,    7145.93,   -1.9,   0.89689, 2,    7145.92, -121.9,   0.89689, 3,    7145.92,  118.1,   0.89689
"SCN_CN15_9021_CEI068_S", 13.8, 1,    7145.93,   -1.9,   0.89689, 2,    7145.92, -121.9,   0.89689, 3,    7145.92,  118.1,   0.89689
"SCN_CN15_9019_CEI068", 13.8, 1,    7145.93,   -1.9,   0.89689, 2,    7145.92, -121.9,   0.89689, 3,    7145.92,  118.1,   0.89689
"SCN_CN15_9018_CEI068", 13.8, 1,    7145.93,   -1.9,   0.89689, 2,    7145.92, -121.9,   0.89689, 3,    7145.92,  118.1,   0.89689
"SCN_CN15_9017_CEI068", 13.8, 1,    7145.93,   -1.9,   0.89689, 2,    7145.92, -121.9,   0.89689, 3,    7145.92,  118.1,   0.89689
"SCN_CN15_9007_CEI068", 13.8, 1,    7145.93,   -1.9,   0.89689, 2,    7145.92, -121.9,   0.89689, 3,    7145.92,  118.1,   0.89689
"SCN_CN15_9008_CEI068", 13.8, 1,    7145.93,   -1.9,   0.89689, 2,    7145.92, -121.9,   0.89689, 3,    7145.92,  118.1,   0.89689
"SCN_CN15_9035_CEI068", 13.8, 1,    7146.16,   -1.9,   0.89692, 2,    7146.15, -121.9,   0.89692, 3,    7146.15,  118.1,   0.89692
"SCN_CN15_9034_CEI068", 13.8, 1,    7146.13,   -1.9,   0.89692, 2,    7146.12, -121.9,   0.89692, 3,    7146.12,  118.1,   0.89692
"SCN_CN15_9033_CEI068", 13.8, 1,    7146.11,   -1.9,   0.89691, 2,     7146.1, -121.9,   0.89691, 3,     7146.1,  118.1,   0.89691
"SCN_CN15_9032_CEI068", 13.8, 1,    7146.08,   -1.9,   0.89691, 2,    7146.07, -121.9,   0.89691, 3,    7146.07,  118.1,   0.89691
"SCN_CN15_9031_CEI068", 13.8, 1,    7146.05,   -1.9,   0.89691, 2,    7146.05, -121.9,   0.89691, 3,    7146.05,  118.1,   0.89691
"SCN_CN15_9030_CEI068", 13.8, 1,    7146.03,   -1.9,    0.8969, 2,    7146.02, -121.9,    0.8969, 3,    7146.02,  118.1,    0.8969
"SCN_CN15_9029_CEI068", 13.8, 1,       7146,   -1.9,    0.8969, 2,       7146, -121.9,    0.8969, 3,    7145.99,  118.1,    0.8969
"SCN_CN15_9028_CEI068", 13.8, 1,    7145.98,   -1.9,    0.8969, 2,    7145.97, -121.9,    0.8969, 3,    7145.97,  118.1,    0.8969
"SCN_CN15_9027_CEI068", 13.8, 1,    7145.95,   -1.9,    0.8969, 2,    7145.95, -121.9,   0.89689, 3,    7145.94,  118.1,   0.89689
"SCN_CN15_9026_CEI068", 13.8, 1,    7145.93,   -1.9,   0.89689, 2,    7145.92, -121.9,   0.89689, 3,    7145.92,  118.1,   0.89689
"SCN_CN15_9025_CEI068", 13.8, 1,    7145.93,   -1.9,   0.89689, 2,    7145.92, -121.9,   0.89689, 3,    7145.92,  118.1,   0.89689
"SCN_CN15_9024_CEI068", 13.8, 1,    7145.93,   -1.9,   0.89689, 2,    7145.92, -121.9,   0.89689, 3,    7145.92,  118.1,   0.89689
"SCN_CN15_9013_CEI120", 13.8, 1,    6939.57,   -2.5,   0.87099, 2,    6939.56, -122.5,   0.87099, 3,    6939.56,  117.5,   0.87099
"SCN_CN15_9014_CEI120_S", 13.8, 1,     6939.4,   -2.5,   0.87097, 2,    6939.39, -122.5,   0.87097, 3,    6939.39,  117.5,   0.87097
"SCN_CN15_9009_CEI120", 13.8, 1,    6940.74,   -2.5,   0.87114, 2,    6940.72, -122.5,   0.87114, 3,    6940.72,  117.5,   0.87114
"SCN_CN15_9013_CEI120_S", 13.8, 1,    6939.57,   -2.5,   0.87099, 2,    6939.56, -122.5,   0.87099, 3,    6939.56,  117.5,   0.87099
"SCN_CN15_9009_CEI120_S", 13.8, 1,    6940.74,   -2.5,   0.87114, 2,    6940.72, -122.5,   0.87114, 3,    6940.72,  117.5,   0.87114
"SCN_CN15_9162_CEI220_ATV", 13.8, 1,    6939.79,   -2.5,   0.87102, 2,    6939.78, -122.5,   0.87102, 3,    6939.78,  117.5,   0.87102
"SCN_CN15_9008_CEI120", 13.8, 1,    6938.32,   -2.5,   0.87084, 2,    6938.31, -122.5,   0.87083, 3,    6938.31,  117.5,   0.87083
"SCN_CN15_9003_CEI134A_ATV", 13.8, 1,    6909.47,   -2.6,   0.86721, 2,    6909.46, -122.6,   0.86721, 3,    6909.45,  117.4,   0.86721
"SCN_CN15_9001_CEI134A_ATV", 13.8, 1,    6909.39,   -2.6,    0.8672, 2,    6909.38, -122.6,    0.8672, 3,    6909.38,  117.4,    0.8672
"SCN_CN15_9007_CEI134_ATV", 13.8, 1,    6909.35,   -2.6,    0.8672, 2,    6909.34, -122.6,    0.8672, 3,    6909.34,  117.4,    0.8672
"SCN_CN15_9002_CEI134A_ATV", 13.8, 1,    6909.23,   -2.6,   0.86718, 2,    6909.22, -122.6,   0.86718, 3,    6909.22,  117.4,   0.86718
"SCN_CN15_9003_CEI160A_ATV", 13.8, 1,    6909.17,   -2.6,   0.86718, 2,    6909.16, -122.6,   0.86717, 3,    6909.16,  117.4,   0.86717
"SCN_CN15_9002_CEI160A_ATV", 13.8, 1,    6909.15,   -2.6,   0.86717, 2,    6909.14, -122.6,   0.86717, 3,    6909.13,  117.4,   0.86717
"SCN_CN15_9001_CEI160A_ATV", 13.8, 1,    6909.13,   -2.6,   0.86717, 2,    6909.12, -122.6,   0.86717, 3,    6909.12,  117.4,   0.86717
"SCN_CN15_9008_CEI121", 13.8, 1,    6909.11,   -2.6,   0.86717, 2,     6909.1, -122.6,   0.86717, 3,     6909.1,  117.4,   0.86717
"SCN_CN15_9009_CEI121", 13.8, 1,    6909.11,   -2.6,   0.86717, 2,    6909.09, -122.6,   0.86717, 3,    6909.09,  117.4,   0.86717
"SCN_CN15_9010_CEI121", 13.8, 1,     6909.1,   -2.6,   0.86717, 2,    6909.09, -122.6,   0.86717, 3,    6909.09,  117.4,   0.86717
"SCN_CN15_9007_CEI120", 13.8, 1,    6936.77,   -2.5,   0.87064, 2,    6936.76, -122.5,   0.87064, 3,    6936.76,  117.5,   0.87064
"SCN_CN15_9007_CEI121", 13.8, 1,     6909.1,   -2.6,   0.86717, 2,    6909.08, -122.6,   0.86717, 3,    6909.08,  117.4,   0.86717
"SCN_CN15_9006_CEI121", 13.8, 1,    6909.09,   -2.6,   0.86717, 2,    6909.07, -122.6,   0.86716, 3,    6909.07,  117.4,   0.86716
"SCN_CN15_9005_CEI121", 13.8, 1,    6909.08,   -2.6,   0.86716, 2,    6909.06, -122.6,   0.86716, 3,    6909.06,  117.4,   0.86716
"SCN_CN15_9004_CEI121", 13.8, 1,    6909.07,   -2.6,   0.86716, 2,    6909.06, -122.6,   0.86716, 3,    6909.06,  117.4,   0.86716
"SCN_CN15_9003_CEI121", 13.8, 1,    6909.07,   -2.6,   0.86716, 2,    6909.05, -122.6,   0.86716, 3,    6909.05,  117.4,   0.86716
"SCN_CN15_9006_CEI120", 13.8, 1,    6935.13,   -2.5,   0.87043, 2,    6935.12, -122.5,   0.87043, 3,    6935.12,  117.5,   0.87043
"SCN_CN15_9004_CEI120", 13.8, 1,    6933.47,   -2.5,   0.87023, 2,    6933.46, -122.5,   0.87023, 3,    6933.46,  117.5,   0.87023
"SCN_CN15_9003_CEI120", 13.8, 1,    6931.75,   -2.5,   0.87001, 2,    6931.74, -122.5,   0.87001, 3,    6931.74,  117.5,   0.87001
"SCN_CN15_9110_CEI201_ATV", 13.8, 1,     6978.4,   -2.3,   0.87587, 2,    6978.39, -122.3,   0.87586, 3,    6978.39,  117.7,   0.87586
"SCN_CN15_9002_CEI120", 13.8, 1,    6930.36,   -2.5,   0.86984, 2,    6930.34, -122.5,   0.86983, 3,    6930.34,  117.5,   0.86983
"SCN_CN15_9004_CEI160A_ATV", 13.8, 1,    6897.99,   -2.6,   0.86577, 2,    6897.98, -122.6,   0.86577, 3,    6897.98,  117.4,   0.86577
"SCN_CN15_9005_CEI160A_ATV", 13.8, 1,       6898,   -2.6,   0.86577, 2,    6897.98, -122.6,   0.86577, 3,    6897.98,  117.4,   0.86577
"SCN_CN15_9006_CEI160A_ATV", 13.8, 1,       6898,   -2.6,   0.86577, 2,    6897.99, -122.6,   0.86577, 3,    6897.99,  117.4,   0.86577
"SCN_CN15_9007_CEI160A_ATV", 13.8, 1,    6898.01,   -2.6,   0.86578, 2,       6898, -122.6,   0.86577, 3,       6898,  117.4,   0.86577
"SCN_CN15_9008_CEI160A_ATV", 13.8, 1,    6898.02,   -2.6,   0.86578, 2,       6898, -122.6,   0.86577, 3,       6898,  117.4,   0.86577
"SCN_CN15_9004_CEI134B_ATV", 13.8, 1,    6898.04,   -2.6,   0.86578, 2,    6898.02, -122.6,   0.86578, 3,    6898.02,  117.4,   0.86578
"SCN_CN15_9001_CEI120", 13.8, 1,    6928.63,   -2.6,   0.86962, 2,    6928.61, -122.6,   0.86962, 3,    6928.61,  117.4,   0.86962
"SCN_CN15_9005_CEI134B_ATV", 13.8, 1,    6898.05,   -2.6,   0.86578, 2,    6898.03, -122.6,   0.86578, 3,    6898.03,  117.4,   0.86578
"SCN_CN15_9008_CEI134B_ATV", 13.8, 1,    6898.06,   -2.6,   0.86578, 2,    6898.05, -122.6,   0.86578, 3,    6898.05,  117.4,   0.86578
"SCN_CN15_9007_CEI134B_ATV", 13.8, 1,    6898.06,   -2.6,   0.86578, 2,    6898.05, -122.6,   0.86578, 3,    6898.05,  117.4,   0.86578
"SCN_CN15_9006_CEI134B_ATV", 13.8, 1,    6898.06,   -2.6,   0.86578, 2,    6898.05, -122.6,   0.86578, 3,    6898.05,  117.4,   0.86578
"SCN_CN15_9008_CEI134B_ATV_S", 13.8, 1,    6898.06,   -2.6,   0.86578, 2,    6898.05, -122.6,   0.86578, 3,    6898.05,  117.4,   0.86578
"SCN_CN15_9009_CEI134B_ATV", 13.8, 1,    6898.08,   -2.6,   0.86578, 2,    6898.06, -122.6,   0.86578, 3,    6898.06,  117.4,   0.86578
"SCN_CN15_9038_CEIRJ006_ATV", 13.8, 1,    7555.05,   -1.1,   0.94824, 2,    7555.05, -121.1,   0.94824, 3,    7555.05,  118.9,   0.94824
"SCN_CN15_9013_CEI201_ATV", 13.8, 1,    6859.96,   -2.8,     0.861, 2,    6859.95, -122.8,     0.861, 3,    6859.95,  117.2,     0.861
"SCN_CN15_9105_CEI77A_ATV", 13.8, 1,    7556.76,   -1.1,   0.94846, 2,    7556.76, -121.1,   0.94846, 3,    7556.76,  118.9,   0.94846
"SCN_CN15_9106_CEI77A_ATV_S", 13.8, 1,    7555.15,   -1.1,   0.94825, 2,    7555.15, -121.1,   0.94825, 3,    7555.15,  118.9,   0.94825
"SCN_CN15_9490_CEI109", 13.8, 1,    6864.24,   -2.8,   0.86154, 2,    6864.23, -122.8,   0.86154, 3,    6864.23,  117.2,   0.86154
"SCN_CN15_9104_CEI77A_ATV_S", 13.8, 1,    7558.37,   -1.1,   0.94866, 2,    7558.36, -121.1,   0.94866, 3,    7558.36,  118.9,   0.94866
"SCN_CN15_9006_CEI077_ATV", 13.8, 1,    7502.26,   -1.2,   0.94162, 2,    7502.25, -121.2,   0.94161, 3,    7502.25,  118.8,   0.94161
"SCN_CN15_9007_CEI077_ATV", 13.8, 1,     7502.1,   -1.2,    0.9416, 2,    7502.09, -121.2,   0.94159, 3,    7502.09,  118.8,   0.94159
"SCN_CN15_9004_CEI077_ATV", 13.8, 1,    7502.75,   -1.2,   0.94168, 2,    7502.75, -121.2,   0.94168, 3,    7502.75,  118.8,   0.94168
"SCN_CN15_9005_CEI077_ATV_S", 13.8, 1,    7502.41,   -1.2,   0.94163, 2,    7502.41, -121.2,   0.94163, 3,    7502.41,  118.8,   0.94163
"SCN_CN15_9003_CEI077_ATV", 13.8, 1,    7503.16,   -1.2,   0.94173, 2,    7503.16, -121.2,   0.94173, 3,    7503.16,  118.8,   0.94173
"SCN_CN15_9002_CEI077_ATV_S", 13.8, 1,    7503.51,   -1.2,   0.94177, 2,     7503.5, -121.2,   0.94177, 3,     7503.5,  118.8,   0.94177
"SCN_CN15_9094_CEI072_S", 13.8, 1,    7475.39,   -1.3,   0.93824, 2,    7475.39, -121.3,   0.93824, 3,    7475.39,  118.7,   0.93824
"SCN_CN15_9093_CEI072_S", 13.8, 1,    7461.57,   -1.3,   0.93651, 2,    7461.56, -121.3,   0.93651, 3,    7461.56,  118.7,   0.93651
"SCN_CN15_9095_CEI072", 13.8, 1,    7456.49,   -1.3,   0.93587, 2,    7456.49, -121.3,   0.93587, 3,    7456.49,  118.7,   0.93587
"SCN_CN15_9096_CEI072", 13.8, 1,    7456.41,   -1.3,   0.93586, 2,     7456.4, -121.3,   0.93586, 3,     7456.4,  118.7,   0.93586
"SCN_CN15_9097_CEI072", 13.8, 1,    7456.33,   -1.3,   0.93585, 2,    7456.32, -121.3,   0.93585, 3,    7456.32,  118.7,   0.93585
"SCN_CN15_9098_CEI072", 13.8, 1,    7456.24,   -1.3,   0.93584, 2,    7456.23, -121.3,   0.93584, 3,    7456.24,  118.7,   0.93584
"SCN_CN15_9099_CEI072", 13.8, 1,    7456.19,   -1.3,   0.93583, 2,    7456.19, -121.3,   0.93583, 3,    7456.19,  118.7,   0.93583
"SCN_CN15_9102_CEI220_ATV", 13.8, 1,     6938.2,   -2.5,   0.87082, 2,    6938.19, -122.5,   0.87082, 3,    6938.19,  117.5,   0.87082
"SCN_CN15_9038_CEI148_ATV", 13.8, 1,    6979.67,   -2.3,   0.87602, 2,    6979.66, -122.3,   0.87602, 3,    6979.65,  117.7,   0.87602
"SCN_CN15_9012_CEIRJ013_ATV", 13.8, 1,    6979.67,   -2.3,   0.87602, 2,    6979.66, -122.3,   0.87602, 3,    6979.65,  117.7,   0.87602
"SCN_CN15_9361_CEI109", 13.8, 1,    6860.22,   -2.8,   0.86103, 2,    6860.21, -122.8,   0.86103, 3,    6860.21,  117.2,   0.86103
"SCN_CN15_9010_CEI134B_ATV", 13.8, 1,    6898.07,   -2.6,   0.86578, 2,    6898.05, -122.6,   0.86578, 3,    6898.05,  117.4,   0.86578
"SCN_CN15_9011_CEI134B_ATV", 13.8, 1,    6898.04,   -2.6,   0.86578, 2,    6898.03, -122.6,   0.86578, 3,    6898.03,  117.4,   0.86578
"SCN_CN15_9009_CEI134B_ATV_S", 13.8, 1,    6898.08,   -2.6,   0.86578, 2,    6898.06, -122.6,   0.86578, 3,    6898.06,  117.4,   0.86578
"SCN_CN15_9012_CEI134B_ATV", 13.8, 1,    6898.11,   -2.6,   0.86579, 2,     6898.1, -122.6,   0.86579, 3,     6898.1,  117.4,   0.86579
"SCN_CN15_9013_CEI134B_ATV", 13.8, 1,    6898.14,   -2.6,   0.86579, 2,    6898.13, -122.6,   0.86579, 3,    6898.13,  117.4,   0.86579
"SCN_CN15_9008_CEI134C_ATV", 13.8, 1,    6898.13,   -2.6,   0.86579, 2,    6898.11, -122.6,   0.86579, 3,    6898.11,  117.4,   0.86579
"SCN_CN15_9021_CEI109", 13.8, 1,    6926.44,   -2.6,   0.86934, 2,    6926.43, -122.6,   0.86934, 3,    6926.43,  117.4,   0.86934
"SCN_CN15_9009_CEI134C_ATV", 13.8, 1,    6898.11,   -2.6,   0.86579, 2,     6898.1, -122.6,   0.86579, 3,     6898.1,  117.4,   0.86579
"SCN_CN15_9010_CEI134C_ATV", 13.8, 1,     6898.1,   -2.6,   0.86579, 2,    6898.09, -122.6,   0.86579, 3,    6898.09,  117.4,   0.86579
"SCN_CN15_9013_CEI134B_ATV_S", 13.8, 1,    6898.14,   -2.6,   0.86579, 2,    6898.13, -122.6,   0.86579, 3,    6898.13,  117.4,   0.86579
"SCN_CN15_9006_CEI134C_ATV", 13.8, 1,    6898.17,   -2.6,    0.8658, 2,    6898.16, -122.6,   0.86579, 3,    6898.16,  117.4,   0.86579
"SCN_CN15_9005_CEI134C_ATV", 13.8, 1,    6898.19,   -2.6,    0.8658, 2,    6898.18, -122.6,    0.8658, 3,    6898.18,  117.4,    0.8658
"SCN_CN15_9004_CEI134C_ATV", 13.8, 1,    6898.25,   -2.6,   0.86581, 2,    6898.24, -122.6,    0.8658, 3,    6898.24,  117.4,    0.8658
"SCN_CN15_9003_CEI134C_ATV", 13.8, 1,    6898.31,   -2.6,   0.86581, 2,     6898.3, -122.6,   0.86581, 3,    6898.29,  117.4,   0.86581
"SCN_CN15_9001_CEI134C_ATV", 13.8, 1,    6898.36,   -2.6,   0.86582, 2,    6898.34, -122.6,   0.86582, 3,    6898.34,  117.4,   0.86582
"SCN_CN15_9001_CEI134C_ATV_S", 13.8, 1,    6898.36,   -2.6,   0.86582, 2,    6898.34, -122.6,   0.86582, 3,    6898.34,  117.4,   0.86582
"SCN_CN15_9002_CEI134C_ATV", 13.8, 1,     6898.4,   -2.6,   0.86582, 2,    6898.39, -122.6,   0.86582, 3,    6898.39,  117.4,   0.86582
"SCN_CN15_9038_CEI134B_ATV", 13.8, 1,    6898.45,   -2.6,   0.86583, 2,    6898.44, -122.6,   0.86583, 3,    6898.44,  117.4,   0.86583
"SCN_CN15_9027_CEI134C_ATV", 13.8, 1,     6897.1,   -2.6,   0.86566, 2,    6897.09, -122.6,   0.86566, 3,    6897.09,  117.4,   0.86566
"SCN_CN15_9028_CEI134C_ATV", 13.8, 1,    6897.05,   -2.6,   0.86566, 2,    6897.04, -122.6,   0.86565, 3,    6897.03,  117.4,   0.86565
"SCN_CN15_9020_CEI109", 13.8, 1,     6925.2,   -2.6,   0.86919, 2,    6925.18, -122.6,   0.86919, 3,    6925.18,  117.4,   0.86919
"SCN_CN15_9026_CEI134C_ATV", 13.8, 1,    6897.17,   -2.6,   0.86567, 2,    6897.15, -122.6,   0.86567, 3,    6897.15,  117.4,   0.86567
"SCN_CN15_9025_CEI134C_ATV", 13.8, 1,    6897.22,   -2.6,   0.86568, 2,    6897.21, -122.6,   0.86568, 3,    6897.21,  117.4,   0.86567
"SCN_CN15_9029_CEI134C_ATV", 13.8, 1,    6897.17,   -2.6,   0.86567, 2,    6897.16, -122.6,   0.86567, 3,    6897.16,  117.4,   0.86567
"SCN_CN15_9030_CEI134C_ATV", 13.8, 1,    6897.13,   -2.6,   0.86567, 2,    6897.12, -122.6,   0.86566, 3,    6897.12,  117.4,   0.86566
"SCN_CN15_9017_CEI134C_ATV", 13.8, 1,    6897.44,   -2.6,    0.8657, 2,    6897.43, -122.6,    0.8657, 3,    6897.42,  117.4,    0.8657
"SCN_CN15_9025_CEI134C_ATV_S", 13.8, 1,    6897.22,   -2.6,   0.86568, 2,    6897.21, -122.6,   0.86568, 3,    6897.21,  117.4,   0.86567
"SCN_CN15_9018_CEI134C_ATV", 13.8, 1,    6897.34,   -2.6,   0.86569, 2,    6897.32, -122.6,   0.86569, 3,    6897.32,  117.4,   0.86569
"SCN_CN15_9019_CEI134C_ATV_S", 13.8, 1,    6897.25,   -2.6,   0.86568, 2,    6897.24, -122.6,   0.86568, 3,    6897.24,  117.4,   0.86568
"SCN_CN15_9017_CEI134C_ATV_S", 13.8, 1,    6897.44,   -2.6,    0.8657, 2,    6897.43, -122.6,    0.8657, 3,    6897.42,  117.4,    0.8657
"SCN_CN15_9031_CEI134C_ATV", 13.8, 1,    6897.62,   -2.6,   0.86573, 2,    6897.61, -122.6,   0.86572, 3,     6897.6,  117.4,   0.86572
"SCN_CN15_9031_CEI134C_ATV_S", 13.8, 1,    6897.62,   -2.6,   0.86573, 2,    6897.61, -122.6,   0.86572, 3,     6897.6,  117.4,   0.86572
"SCN_CN15_9032_CEI134C_ATV", 13.8, 1,    6897.77,   -2.6,   0.86575, 2,    6897.76, -122.6,   0.86574, 3,    6897.75,  117.4,   0.86574
"SCN_CN15_9033_CEI134C_ATV", 13.8, 1,    6898.25,   -2.6,   0.86581, 2,    6898.24, -122.6,    0.8658, 3,    6898.23,  117.4,    0.8658
"SCN_CN15_9019_CEI109", 13.8, 1,    6924.02,   -2.6,   0.86904, 2,    6924.01, -122.6,   0.86904, 3,    6924.01,  117.4,   0.86904
"SCN_CN15_9037_CEI134B_ATV", 13.8, 1,    6898.43,   -2.6,   0.86583, 2,    6898.42, -122.6,   0.86583, 3,    6898.42,  117.4,   0.86583
"SCN_CN15_9032_CEI134B_ATV", 13.8, 1,    6898.72,   -2.6,   0.86586, 2,     6898.7, -122.6,   0.86586, 3,     6898.7,  117.4,   0.86586
"SCN_CN15_9038_CEI134B_ATV_S", 13.8, 1,    6898.45,   -2.6,   0.86583, 2,    6898.44, -122.6,   0.86583, 3,    6898.44,  117.4,   0.86583
"SCN_CN15_9033_CEI134B_ATV", 13.8, 1,     6898.7,   -2.6,   0.86586, 2,    6898.69, -122.6,   0.86586, 3,    6898.68,  117.4,   0.86586
"SCN_CN15_9034_CEI134B_ATV", 13.8, 1,    6898.68,   -2.6,   0.86586, 2,    6898.67, -122.6,   0.86586, 3,    6898.67,  117.4,   0.86586
"SCN_CN15_9035_CEI134B_ATV", 13.8, 1,    6898.67,   -2.6,   0.86586, 2,    6898.66, -122.6,   0.86586, 3,    6898.65,  117.4,   0.86586
"SCN_CN15_9036_CEI134B_ATV", 13.8, 1,    6898.65,   -2.6,   0.86586, 2,    6898.64, -122.6,   0.86585, 3,    6898.64,  117.4,   0.86585
"SCN_CN15_9016_CEI134C_ATV", 13.8, 1,     6897.6,   -2.6,   0.86572, 2,    6897.59, -122.6,   0.86572, 3,    6897.59,  117.4,   0.86572
"SCN_CN15_9011_CEI134C_ATV", 13.8, 1,    6897.59,   -2.6,   0.86572, 2,    6897.58, -122.6,   0.86572, 3,    6897.57,  117.4,   0.86572
"SCN_CN15_9018_CEI109", 13.8, 1,    6922.81,   -2.6,   0.86889, 2,     6922.8, -122.6,   0.86889, 3,     6922.8,  117.4,   0.86889
"SCN_CN15_9012_CEI134C_ATV", 13.8, 1,    6897.58,   -2.6,   0.86572, 2,    6897.56, -122.6,   0.86572, 3,    6897.56,  117.4,   0.86572
"SCN_CN15_9013_CEI134C_ATV", 13.8, 1,    6897.57,   -2.6,   0.86572, 2,    6897.55, -122.6,   0.86572, 3,    6897.55,  117.4,   0.86572
"SCN_CN15_9014_CEI134C_ATV", 13.8, 1,    6897.54,   -2.6,   0.86572, 2,    6897.52, -122.6,   0.86571, 3,    6897.52,  117.4,   0.86571
"SCN_CN15_9031_CEI134B_ATV", 13.8, 1,    6899.13,   -2.6,   0.86592, 2,    6899.12, -122.6,   0.86591, 3,    6899.12,  117.4,   0.86591
"SCN_CN15_9032_CEI134B_ATV_S", 13.8, 1,    6898.72,   -2.6,   0.86586, 2,     6898.7, -122.6,   0.86586, 3,     6898.7,  117.4,   0.86586
"SCN_CN15_9019_CEI134B_ATV", 13.8, 1,    6899.29,   -2.6,   0.86594, 2,    6899.27, -122.6,   0.86593, 3,    6899.27,  117.4,   0.86593
"SCN_CN15_9020_CEI134B_ATV", 13.8, 1,    6899.27,   -2.6,   0.86593, 2,    6899.25, -122.6,   0.86593, 3,    6899.25,  117.4,   0.86593
"SCN_CN15_9021_CEI134B_ATV", 13.8, 1,    6899.24,   -2.6,   0.86593, 2,    6899.23, -122.6,   0.86593, 3,    6899.23,  117.4,   0.86593
"SCN_CN15_9022_CEI134B_ATV", 13.8, 1,    6899.22,   -2.6,   0.86593, 2,     6899.2, -122.6,   0.86593, 3,     6899.2,  117.4,   0.86593
"SCN_CN15_9023_CEI134B_ATV", 13.8, 1,    6899.19,   -2.6,   0.86592, 2,    6899.18, -122.6,   0.86592, 3,    6899.18,  117.4,   0.86592
"SCN_CN15_9017_CEI109_S", 13.8, 1,    6921.69,   -2.6,   0.86875, 2,    6921.68, -122.6,   0.86875, 3,    6921.68,  117.4,   0.86875
"SCN_CN15_9025_CEI134B_ATV", 13.8, 1,    6899.16,   -2.6,   0.86592, 2,    6899.14, -122.6,   0.86592, 3,    6899.14,  117.4,   0.86592
"SCN_CN15_9018_CEI134B_ATV", 13.8, 1,    6899.47,   -2.6,   0.86596, 2,    6899.46, -122.6,   0.86596, 3,    6899.45,  117.4,   0.86596
"SCN_CN15_9019_CEI134B_ATV_S", 13.8, 1,    6899.29,   -2.6,   0.86594, 2,    6899.27, -122.6,   0.86593, 3,    6899.27,  117.4,   0.86593
"SCN_CN15_9017_CEI134B_ATV", 13.8, 1,    6899.78,   -2.6,     0.866, 2,    6899.77, -122.6,     0.866, 3,    6899.77,  117.4,     0.866
"SCN_CN15_9030_CEI134B_ATV", 13.8, 1,    6899.76,   -2.6,     0.866, 2,    6899.75, -122.6,   0.86599, 3,    6899.75,  117.4,   0.86599
"SCN_CN15_9029_CEI134B_ATV", 13.8, 1,    6899.75,   -2.6,   0.86599, 2,    6899.73, -122.6,   0.86599, 3,    6899.73,  117.4,   0.86599
"SCN_CN15_9016_CEI134B_ATV", 13.8, 1,    6899.97,   -2.6,   0.86602, 2,    6899.96, -122.6,   0.86602, 3,    6899.96,  117.4,   0.86602
"SCN_CN15_9017_CEI134B_ATV_S", 13.8, 1,    6899.78,   -2.6,     0.866, 2,    6899.77, -122.6,     0.866, 3,    6899.77,  117.4,     0.866
"SCN_CN15_9015_CEI134B_ATV", 13.8, 1,    6900.23,   -2.6,   0.86605, 2,    6900.22, -122.6,   0.86605, 3,    6900.22,  117.4,   0.86605
"SCN_CN15_9015_CEI134_ATV", 13.8, 1,    6900.95,   -2.6,   0.86614, 2,    6900.93, -122.6,   0.86614, 3,    6900.93,  117.4,   0.86614
"SCN_CN15_9016_CEI134_ATV", 13.8, 1,    6901.22,   -2.6,   0.86618, 2,    6901.21, -122.6,   0.86618, 3,    6901.21,  117.4,   0.86618
"SCN_CN15_9022_CEI109", 13.8, 1,     6921.6,   -2.6,   0.86874, 2,    6921.59, -122.6,   0.86874, 3,    6921.59,  117.4,   0.86874
"SCN_CN15_9016_CEI134_ATV_S", 13.8, 1,    6901.22,   -2.6,   0.86618, 2,    6901.21, -122.6,   0.86618, 3,    6901.21,  117.4,   0.86618
"SCN_CN15_9018_CEI134_ATV", 13.8, 1,    6901.89,   -2.6,   0.86626, 2,    6901.88, -122.6,   0.86626, 3,    6901.87,  117.4,   0.86626
"SCN_CN15_9019_CEI134_ATV", 13.8, 1,    6902.32,   -2.6,   0.86632, 2,     6902.3, -122.6,   0.86631, 3,     6902.3,  117.4,   0.86631
"SCN_CN15_9020_CEI134_ATV", 13.8, 1,    6902.58,   -2.6,   0.86635, 2,    6902.57, -122.6,   0.86635, 3,    6902.57,  117.4,   0.86635
"SCN_CN15_9021_CEI134_ATV", 13.8, 1,    6903.09,   -2.6,   0.86641, 2,    6903.08, -122.6,   0.86641, 3,    6903.08,  117.4,   0.86641
"SCN_CN15_9022_CEI134_ATV", 13.8, 1,    6903.34,   -2.6,   0.86644, 2,    6903.33, -122.6,   0.86644, 3,    6903.33,  117.4,   0.86644
"SCN_CN15_9024_CEI134_ATV", 13.8, 1,    6903.62,   -2.6,   0.86648, 2,    6903.61, -122.6,   0.86648, 3,    6903.61,  117.4,   0.86648
"SCN_CN15_9024_CEI134_ATV_S", 13.8, 1,    6903.62,   -2.6,   0.86648, 2,    6903.61, -122.6,   0.86648, 3,    6903.61,  117.4,   0.86648
"SCN_CN15_9023_CEI134A_ATV", 13.8, 1,    6904.06,   -2.6,   0.86654, 2,    6904.05, -122.6,   0.86653, 3,    6904.05,  117.4,   0.86653
"SCN_CN15_9021_CEI134A_ATV", 13.8, 1,     6904.9,   -2.6,   0.86664, 2,    6904.89, -122.6,   0.86664, 3,    6904.88,  117.4,   0.86664
"SCN_CN15_9016_CEI134A_ATV", 13.8, 1,    6905.26,   -2.6,   0.86669, 2,    6905.25, -122.6,   0.86668, 3,    6905.25,  117.4,   0.86668
"SCN_CN15_9015_CEI134A_ATV", 13.8, 1,    6905.75,   -2.6,   0.86675, 2,    6905.74, -122.6,   0.86675, 3,    6905.74,  117.4,   0.86675
"SCN_CN15_9016_CEI134A_ATV_S", 13.8, 1,    6905.26,   -2.6,   0.86669, 2,    6905.25, -122.6,   0.86668, 3,    6905.25,  117.4,   0.86668
"SCN_CN15_9023_CEI109_S", 13.8, 1,    6921.51,   -2.6,   0.86873, 2,     6921.5, -122.6,   0.86872, 3,     6921.5,  117.4,   0.86872
"SCN_CN15_9014_CEI134A_ATV", 13.8, 1,     6906.2,   -2.6,    0.8668, 2,    6906.19, -122.6,    0.8668, 3,    6906.19,  117.4,    0.8668
"SCN_CN15_9013_CEI134A_ATV", 13.8, 1,    6906.77,   -2.6,   0.86687, 2,    6906.75, -122.6,   0.86687, 3,    6906.75,  117.4,   0.86687
"SCN_CN15_9012_CEI134A_ATV", 13.8, 1,    6907.13,   -2.6,   0.86692, 2,    6907.11, -122.6,   0.86692, 3,    6907.11,  117.4,   0.86692
"SCN_CN15_9024_CEI109", 13.8, 1,     6921.5,   -2.6,   0.86872, 2,    6921.49, -122.6,   0.86872, 3,    6921.49,  117.4,   0.86872
"SCN_CN15_9023_CEI109", 13.8, 1,    6921.51,   -2.6,   0.86873, 2,     6921.5, -122.6,   0.86872, 3,     6921.5,  117.4,   0.86872
"SCN_CN15_9011_CEI134A_ATV", 13.8, 1,     6907.5,   -2.6,   0.86697, 2,    6907.49, -122.6,   0.86697, 3,    6907.49,  117.4,   0.86697
"SCN_CN15_9010_CEI134A_ATV", 13.8, 1,    6907.98,   -2.6,   0.86703, 2,    6907.96, -122.6,   0.86702, 3,    6907.96,  117.4,   0.86702
"SCN_CN15_9010_CEI134_ATV", 13.8, 1,    6908.75,   -2.6,   0.86712, 2,    6908.74, -122.6,   0.86712, 3,    6908.74,  117.4,   0.86712
"SCN_CN15_9012_CEI134_ATV", 13.8, 1,    6909.06,   -2.6,   0.86716, 2,    6909.04, -122.6,   0.86716, 3,    6909.04,  117.4,   0.86716
"SCN_CN15_9007_CEI134A_ATV", 13.8, 1,    6909.23,   -2.6,   0.86718, 2,    6909.22, -122.6,   0.86718, 3,    6909.22,  117.4,   0.86718
"SCN_CN15_9008_CEI134A_ATV", 13.8, 1,    6909.23,   -2.6,   0.86718, 2,    6909.21, -122.6,   0.86718, 3,    6909.21,  117.4,   0.86718
"SCN_CN15_9025_CEI109", 13.8, 1,    6921.51,   -2.6,   0.86873, 2,     6921.5, -122.6,   0.86872, 3,     6921.5,  117.4,   0.86872
"SCN_CN15_9005_CEI134A_ATV", 13.8, 1,    6909.51,   -2.6,   0.86722, 2,     6909.5, -122.6,   0.86722, 3,     6909.5,  117.4,   0.86722
"SCN_CN15_9007_CEI134A_ATV_S", 13.8, 1,    6909.23,   -2.6,   0.86718, 2,    6909.22, -122.6,   0.86718, 3,    6909.22,  117.4,   0.86718
"SCN_CN15_9014_CEI134_ATV", 13.8, 1,     6909.5,   -2.6,   0.86722, 2,    6909.48, -122.6,   0.86722, 3,    6909.48,  117.4,   0.86722
"SCN_CN15_9006_CEI134A_ATV", 13.8, 1,    6909.51,   -2.6,   0.86722, 2,     6909.5, -122.6,   0.86722, 3,    6909.49,  117.4,   0.86722
"SCN_CN15_9005_CEI134A_ATV_S", 13.8, 1,    6909.51,   -2.6,   0.86722, 2,     6909.5, -122.6,   0.86722, 3,     6909.5,  117.4,   0.86722
"SCN_CN15_9017_CEI134A_ATV", 13.8, 1,    6905.24,   -2.6,   0.86668, 2,    6905.23, -122.6,   0.86668, 3,    6905.23,  117.4,   0.86668
"SCN_CN15_9018_CEI134A_ATV", 13.8, 1,    6905.22,   -2.6,   0.86668, 2,     6905.2, -122.6,   0.86668, 3,     6905.2,  117.4,   0.86668
"SCN_CN15_9020_CEI134A_ATV", 13.8, 1,     6905.2,   -2.6,   0.86668, 2,    6905.19, -122.6,   0.86668, 3,    6905.18,  117.4,   0.86668
"SCN_CN15_9083_CEI131_ATV", 13.8, 1,    6914.09,   -2.6,   0.86779, 2,    6914.07, -122.6,   0.86779, 3,    6914.07,  117.4,   0.86779
"SCN_CN15_9084_CEI131_ATV", 13.8, 1,    6913.82,   -2.6,   0.86776, 2,    6913.81, -122.6,   0.86776, 3,     6913.8,  117.4,   0.86776
"SCN_CN15_9085_CEI131_ATV", 13.8, 1,    6913.34,   -2.6,    0.8677, 2,    6913.33, -122.6,    0.8677, 3,    6913.32,  117.4,    0.8677
"SCN_CN15_9026_CEI109", 13.8, 1,    6921.51,   -2.6,   0.86873, 2,     6921.5, -122.6,   0.86872, 3,     6921.5,  117.4,   0.86872
"SCN_CN15_9057_CEI220_ATV", 13.8, 1,    6912.95,   -2.6,   0.86765, 2,    6912.93, -122.6,   0.86765, 3,    6912.93,  117.4,   0.86765
"SCN_CN15_9056_CEI109", 13.8, 1,    6912.75,   -2.6,   0.86763, 2,    6912.74, -122.6,   0.86762, 3,    6912.74,  117.4,   0.86762
"SCN_CN15_9056_CEI220_ATV", 13.8, 1,    6912.58,   -2.6,    0.8676, 2,    6912.57, -122.6,    0.8676, 3,    6912.57,  117.4,    0.8676
"SCN_CN15_9052_CEI109", 13.8, 1,    6912.43,   -2.6,   0.86759, 2,    6912.42, -122.6,   0.86758, 3,    6912.42,  117.4,   0.86758
"SCN_CN15_9049_CEI109", 13.8, 1,     6912.3,   -2.6,   0.86757, 2,    6912.29, -122.6,   0.86757, 3,    6912.29,  117.4,   0.86757
"SCN_CN15_9048_CEI109", 13.8, 1,    6912.17,   -2.6,   0.86755, 2,    6912.16, -122.6,   0.86755, 3,    6912.16,  117.4,   0.86755
"SCN_CN15_9047_CEI109", 13.8, 1,    6912.04,   -2.6,   0.86754, 2,    6912.03, -122.6,   0.86754, 3,    6912.03,  117.4,   0.86754
"SCN_CN15_9046_CEI109", 13.8, 1,    6911.95,   -2.6,   0.86753, 2,    6911.94, -122.6,   0.86752, 3,    6911.94,  117.4,   0.86752
"SCN_CN15_9045_CEI109", 13.8, 1,    6911.86,   -2.6,   0.86751, 2,    6911.84, -122.6,   0.86751, 3,    6911.84,  117.4,   0.86751
"SCN_CN15_9071_CEI131_ATV", 13.8, 1,    6912.64,   -2.6,   0.86761, 2,    6912.63, -122.6,   0.86761, 3,    6912.63,  117.4,   0.86761
"SCN_CN15_9072_CEI131_ATV", 13.8, 1,    6912.64,   -2.6,   0.86761, 2,    6912.63, -122.6,   0.86761, 3,    6912.63,  117.4,   0.86761
"SCN_CN15_9006_CEI201_ATV", 13.8, 1,    6859.77,   -2.8,   0.86098, 2,    6859.76, -122.8,   0.86097, 3,    6859.76,  117.2,   0.86097
"SCN_CN15_9008_CEI201_ATV_S", 13.8, 1,    6859.73,   -2.8,   0.86097, 2,    6859.71, -122.8,   0.86097, 3,    6859.71,  117.2,   0.86097
"SCN_CN15_9044_CEI109", 13.8, 1,    6911.77,   -2.6,    0.8675, 2,    6911.76, -122.6,    0.8675, 3,    6911.76,  117.4,    0.8675
"SCN_CN15_9027_CEI109", 13.8, 1,    6921.51,   -2.6,   0.86873, 2,     6921.5, -122.6,   0.86872, 3,     6921.5,  117.4,   0.86872
"SCN_CN15_9039_CEI109", 13.8, 1,    6911.66,   -2.6,   0.86749, 2,    6911.65, -122.6,   0.86749, 3,    6911.65,  117.4,   0.86749
"SCN_CN15_9038_CEI109", 13.8, 1,     6911.5,   -2.6,   0.86747, 2,    6911.48, -122.6,   0.86747, 3,    6911.48,  117.4,   0.86747
"SCN_CN15_9037_CEI109", 13.8, 1,    6911.46,   -2.6,   0.86746, 2,    6911.45, -122.6,   0.86746, 3,    6911.45,  117.4,   0.86746
"SCN_CN15_9051_CEI220_ATV", 13.8, 1,    6911.41,   -2.6,   0.86746, 2,     6911.4, -122.6,   0.86746, 3,     6911.4,  117.4,   0.86746
"SCN_CN15_9093_CEI109", 13.8, 1,    6911.46,   -2.6,   0.86746, 2,    6911.45, -122.6,   0.86746, 3,    6911.45,  117.4,   0.86746
"SCN_CN15_9092_CEI109", 13.8, 1,    6911.43,   -2.6,   0.86746, 2,    6911.42, -122.6,   0.86746, 3,    6911.42,  117.4,   0.86746
"SCN_CN15_9001_CEI160_ATV", 13.8, 1,    6979.78,   -2.4,   0.87604, 2,    6979.77, -122.4,   0.87604, 3,    6979.76,  117.6,   0.87604
"SCN_CN15_9091_CEI109", 13.8, 1,    6911.41,   -2.6,   0.86746, 2,     6911.4, -122.6,   0.86746, 3,     6911.4,  117.4,   0.86746
"SCN_CN15_9090_CEI109", 13.8, 1,    6911.38,   -2.6,   0.86745, 2,    6911.37, -122.6,   0.86745, 3,    6911.37,  117.4,   0.86745
"SCN_CN15_9089_CEI109", 13.8, 1,    6911.36,   -2.6,   0.86745, 2,    6911.35, -122.6,   0.86745, 3,    6911.35,  117.4,   0.86745
"SCN_CN15_9088_CEI109", 13.8, 1,    6911.32,   -2.6,   0.86745, 2,    6911.31, -122.6,   0.86744, 3,     6911.3,  117.4,   0.86744
"SCN_CN15_9028_CEI109", 13.8, 1,    6921.51,   -2.6,   0.86873, 2,     6921.5, -122.6,   0.86872, 3,     6921.5,  117.4,   0.86872
"SCN_CN15_9087_CEI109", 13.8, 1,    6911.29,   -2.6,   0.86744, 2,    6911.28, -122.6,   0.86744, 3,    6911.28,  117.4,   0.86744
"SCN_CN15_9094_CEI109", 13.8, 1,    6911.43,   -2.6,   0.86746, 2,    6911.42, -122.6,   0.86746, 3,    6911.42,  117.4,   0.86746
"SCN_CN15_9095_CEI109", 13.8, 1,    6911.43,   -2.6,   0.86746, 2,    6911.41, -122.6,   0.86746, 3,    6911.41,  117.4,   0.86746
"SCN_CN15_9096_CEI109", 13.8, 1,    6911.42,   -2.6,   0.86746, 2,     6911.4, -122.6,   0.86746, 3,     6911.4,  117.4,   0.86746
"SCN_CN15_9098_CEI109", 13.8, 1,    6911.38,   -2.6,   0.86745, 2,    6911.37, -122.6,   0.86745, 3,    6911.37,  117.4,   0.86745
"SCN_CN15_9099_CEI109", 13.8, 1,    6911.37,   -2.6,   0.86745, 2,    6911.36, -122.6,   0.86745, 3,    6911.36,  117.4,   0.86745
"SCN_CN15_9100_CEI109", 13.8, 1,    6911.35,   -2.6,   0.86745, 2,    6911.34, -122.6,   0.86745, 3,    6911.34,  117.4,   0.86745
"SCN_CN15_9050_CEI220_ATV", 13.8, 1,    6911.29,   -2.6,   0.86744, 2,    6911.28, -122.6,   0.86744, 3,    6911.28,  117.4,   0.86744
"SCN_CN15_9042_CEI220_ATV", 13.8, 1,    6911.17,   -2.6,   0.86743, 2,    6911.16, -122.6,   0.86743, 3,    6911.16,  117.4,   0.86743
"SCN_CN15_9029_CEI109", 13.8, 1,    6921.51,   -2.6,   0.86873, 2,     6921.5, -122.6,   0.86872, 3,     6921.5,  117.4,   0.86872
"SCN_CN15_9043_CEI220_ATV", 13.8, 1,    6911.14,   -2.6,   0.86742, 2,    6911.13, -122.6,   0.86742, 3,    6911.13,  117.4,   0.86742
"SCN_CN15_9045_CEI220_ATV", 13.8, 1,    6911.12,   -2.6,   0.86742, 2,    6911.11, -122.6,   0.86742, 3,     6911.1,  117.4,   0.86742
"SCN_CN15_9047_CEI220_ATV", 13.8, 1,     6911.1,   -2.6,   0.86742, 2,    6911.08, -122.6,   0.86742, 3,    6911.08,  117.4,   0.86742
"SCN_CN15_9038_CEI220_ATV", 13.8, 1,    6911.13,   -2.6,   0.86742, 2,    6911.12, -122.6,   0.86742, 3,    6911.12,  117.4,   0.86742
"SCN_CN15_9037_CEI220_ATV", 13.8, 1,     6911.1,   -2.6,   0.86742, 2,    6911.09, -122.6,   0.86742, 3,    6911.08,  117.4,   0.86742
"SCN_CN15_9039_CEI220_ATV", 13.8, 1,    6911.08,   -2.6,   0.86742, 2,    6911.06, -122.6,   0.86741, 3,    6911.06,  117.4,   0.86741
"SCN_CN15_9040_CEI220_ATV", 13.8, 1,    6911.05,   -2.6,   0.86741, 2,    6911.04, -122.6,   0.86741, 3,    6911.04,  117.4,   0.86741
"SCN_CN15_9036_CEI220_ATV", 13.8, 1,    6911.08,   -2.6,   0.86742, 2,    6911.07, -122.6,   0.86741, 3,    6911.07,  117.4,   0.86741
"SCN_CN15_9035_CEI220_ATV", 13.8, 1,    6911.07,   -2.6,   0.86741, 2,    6911.05, -122.6,   0.86741, 3,    6911.05,  117.4,   0.86741
"SCN_CN15_9032_CEI220_ATV", 13.8, 1,    6911.05,   -2.6,   0.86741, 2,    6911.04, -122.6,   0.86741, 3,    6911.03,  117.4,   0.86741
"SCN_CN15_9030_CEI109", 13.8, 1,    6921.51,   -2.6,   0.86873, 2,     6921.5, -122.6,   0.86872, 3,     6921.5,  117.4,   0.86872
"SCN_CN15_9033_CEI220_ATV", 13.8, 1,    6911.04,   -2.6,   0.86741, 2,    6911.03, -122.6,   0.86741, 3,    6911.03,  117.4,   0.86741
"SCN_CN15_9143_CEI109", 13.8, 1,    6911.03,   -2.6,   0.86741, 2,    6911.02, -122.6,   0.86741, 3,    6911.02,  117.4,   0.86741
"SCN_CN15_9030_CEI220_ATV_S", 13.8, 1,    6911.03,   -2.6,   0.86741, 2,    6911.02, -122.6,   0.86741, 3,    6911.01,  117.4,   0.86741
"SCN_CN15_9030_CEI220_ATV", 13.8, 1,    6911.03,   -2.6,   0.86741, 2,    6911.02, -122.6,   0.86741, 3,    6911.01,  117.4,   0.86741
"SCN_CN15_9031_CEI220_ATV", 13.8, 1,    6911.01,   -2.6,   0.86741, 2,       6911, -122.6,   0.86741, 3,       6911,  117.4,   0.86741
"SCN_CN15_9029_CEI220_ATV", 13.8, 1,    6911.03,   -2.6,   0.86741, 2,    6911.02, -122.6,   0.86741, 3,    6911.01,  117.4,   0.86741
"SCN_CN15_9029_CEI220_ATV_S", 13.8, 1,       6879,   -2.7,   0.86339, 2,    6878.98, -122.7,   0.86339, 3,    6878.98,  117.3,   0.86339
"SCN_CN15_9202_CEI109", 13.8, 1,       6879,   -2.7,   0.86339, 2,    6878.98, -122.7,   0.86339, 3,    6878.98,  117.3,   0.86339
"SCN_CN15_9201_CEI109", 13.8, 1,    6878.88,   -2.7,   0.86337, 2,    6878.87, -122.7,   0.86337, 3,    6878.87,  117.3,   0.86337
"SCN_CN15_9200_CEI109", 13.8, 1,    6878.86,   -2.7,   0.86337, 2,    6878.85, -122.7,   0.86337, 3,    6878.85,  117.3,   0.86337
"SCN_CN15_9199_CEI109", 13.8, 1,    6878.75,   -2.7,   0.86336, 2,    6878.74, -122.7,   0.86336, 3,    6878.74,  117.3,   0.86336
"SCN_CN15_9198_CEI109", 13.8, 1,    6878.69,   -2.7,   0.86335, 2,    6878.68, -122.7,   0.86335, 3,    6878.68,  117.3,   0.86335
"SCN_CN15_9165_CEI109", 13.8, 1,    6878.58,   -2.7,   0.86334, 2,    6878.57, -122.7,   0.86334, 3,    6878.57,  117.3,   0.86334
"SCN_CN15_9203_CEI109", 13.8, 1,    6879.13,   -2.7,   0.86341, 2,    6879.12, -122.7,    0.8634, 3,    6879.12,  117.3,    0.8634
"SCN_CN15_9204_CEI109_S", 13.8, 1,    6879.25,   -2.7,   0.86342, 2,    6879.24, -122.7,   0.86342, 3,    6879.24,  117.3,   0.86342
"SCN_CN15_9205_CEI109", 13.8, 1,    6879.31,   -2.7,   0.86343, 2,     6879.3, -122.7,   0.86343, 3,     6879.3,  117.3,   0.86343
"SCN_CN15_9206_CEI109", 13.8, 1,    6879.46,   -2.7,   0.86345, 2,    6879.45, -122.7,   0.86345, 3,    6879.45,  117.3,   0.86345
"SCN_CN15_9208_CEI109", 13.8, 1,     6879.6,   -2.7,   0.86347, 2,    6879.59, -122.7,   0.86346, 3,    6879.59,  117.3,   0.86346
"SCN_CN15_9207_CEI109", 13.8, 1,    6879.59,   -2.7,   0.86346, 2,    6879.58, -122.7,   0.86346, 3,    6879.58,  117.3,   0.86346
"SCN_CN15_9209_CEI109", 13.8, 1,    6879.52,   -2.7,   0.86345, 2,     6879.5, -122.7,   0.86345, 3,     6879.5,  117.3,   0.86345
"SCN_CN15_9210_CEI109", 13.8, 1,    6879.44,   -2.7,   0.86345, 2,    6879.43, -122.7,   0.86344, 3,    6879.43,  117.3,   0.86344
"SCN_CN15_9211_CEI109", 13.8, 1,    6879.43,   -2.7,   0.86344, 2,    6879.41, -122.7,   0.86344, 3,    6879.41,  117.3,   0.86344
"SCN_CN15_9212_CEI109", 13.8, 1,    6879.41,   -2.7,   0.86344, 2,     6879.4, -122.7,   0.86344, 3,     6879.4,  117.3,   0.86344
"SCN_CN15_9215_CEI109", 13.8, 1,    6879.36,   -2.7,   0.86344, 2,    6879.35, -122.7,   0.86343, 3,    6879.35,  117.3,   0.86343
"SCN_CN15_9216_CEI109", 13.8, 1,    6879.35,   -2.7,   0.86343, 2,    6879.34, -122.7,   0.86343, 3,    6879.34,  117.3,   0.86343
"SCN_CN15_9213_CEI109", 13.8, 1,    6879.39,   -2.7,   0.86344, 2,    6879.38, -122.7,   0.86344, 3,    6879.38,  117.3,   0.86344
"SCN_CN15_9214_CEI109", 13.8, 1,    6879.37,   -2.7,   0.86344, 2,    6879.36, -122.7,   0.86343, 3,    6879.36,  117.3,   0.86343
"SCN_CN15_9224_CEI109", 13.8, 1,    6879.82,   -2.7,   0.86349, 2,     6879.8, -122.7,   0.86349, 3,     6879.8,  117.3,   0.86349
"SCN_CN15_9226_CEI109", 13.8, 1,    6879.93,   -2.7,   0.86351, 2,    6879.92, -122.7,   0.86351, 3,    6879.92,  117.3,   0.86351
"SCN_CN15_9229_CEI109", 13.8, 1,    6880.09,   -2.7,   0.86353, 2,    6880.07, -122.7,   0.86352, 3,    6880.07,  117.3,   0.86352
"SCN_CN15_9231_CEI109", 13.8, 1,    6880.25,   -2.7,   0.86355, 2,    6880.23, -122.7,   0.86354, 3,    6880.23,  117.3,   0.86354
"SCN_CN15_9232_CEI109", 13.8, 1,     6880.4,   -2.7,   0.86356, 2,    6880.38, -122.7,   0.86356, 3,    6880.38,  117.3,   0.86356
"SCN_CN15_9240_CEI109", 13.8, 1,    6880.53,   -2.7,   0.86358, 2,    6880.52, -122.7,   0.86358, 3,    6880.52,  117.3,   0.86358
"SCN_CN15_9239_CEI109", 13.8, 1,    6880.69,   -2.7,    0.8636, 2,    6880.68, -122.7,    0.8636, 3,    6880.68,  117.3,    0.8636
"SCN_CN15_9238_CEI109", 13.8, 1,    6880.84,   -2.7,   0.86362, 2,    6880.83, -122.7,   0.86362, 3,    6880.83,  117.3,   0.86362
"SCN_CN15_9237_CEI109", 13.8, 1,    6880.99,   -2.7,   0.86364, 2,    6880.98, -122.7,   0.86364, 3,    6880.98,  117.3,   0.86364
"SCN_CN15_9235_CEI109", 13.8, 1,    6881.19,   -2.7,   0.86366, 2,    6881.18, -122.7,   0.86366, 3,    6881.18,  117.3,   0.86366
"SCN_CN15_9306_CEI109", 13.8, 1,    6880.86,   -2.7,   0.86362, 2,    6880.85, -122.7,   0.86362, 3,    6880.85,  117.3,   0.86362
"SCN_CN15_9307_CEI109", 13.8, 1,    6880.85,   -2.7,   0.86362, 2,    6880.83, -122.7,   0.86362, 3,    6880.83,  117.3,   0.86362
"SCN_CN15_9308_CEI109", 13.8, 1,    6880.83,   -2.7,   0.86362, 2,    6880.82, -122.7,   0.86362, 3,    6880.82,  117.3,   0.86362
"SCN_CN15_9309_CEI109", 13.8, 1,    6880.82,   -2.7,   0.86362, 2,     6880.8, -122.7,   0.86362, 3,     6880.8,  117.3,   0.86362
"SCN_CN15_9312_CEI109", 13.8, 1,    6880.81,   -2.7,   0.86362, 2,    6880.79, -122.7,   0.86361, 3,    6880.79,  117.3,   0.86361
"SCN_CN15_9313_CEI109", 13.8, 1,     6880.8,   -2.7,   0.86362, 2,    6880.78, -122.7,   0.86361, 3,    6880.78,  117.3,   0.86361
"SCN_CN15_9314_CEI109", 13.8, 1,    6880.78,   -2.7,   0.86361, 2,    6880.77, -122.7,   0.86361, 3,    6880.77,  117.3,   0.86361
"SCN_CN15_9315_CEI109", 13.8, 1,    6880.78,   -2.7,   0.86361, 2,    6880.76, -122.7,   0.86361, 3,    6880.76,  117.3,   0.86361
"SCN_CN15_9316_CEI109", 13.8, 1,    6880.77,   -2.7,   0.86361, 2,    6880.75, -122.7,   0.86361, 3,    6880.75,  117.3,   0.86361
"SCN_CN15_9318_CEI109", 13.8, 1,    6880.76,   -2.7,   0.86361, 2,    6880.75, -122.7,   0.86361, 3,    6880.75,  117.3,   0.86361
"SCN_CN15_9317_CEI109", 13.8, 1,    6880.75,   -2.7,   0.86361, 2,    6880.74, -122.7,   0.86361, 3,    6880.74,  117.3,   0.86361
"SCN_CN15_9320_CEI109", 13.8, 1,    6880.74,   -2.7,   0.86361, 2,    6880.73, -122.7,   0.86361, 3,    6880.73,  117.3,   0.86361
"SCN_CN15_9310_CEI109", 13.8, 1,    6880.81,   -2.7,   0.86362, 2,     6880.8, -122.7,   0.86362, 3,     6880.8,  117.3,   0.86362
"SCN_CN15_9265_CEI109", 13.8, 1,    6878.88,   -2.7,   0.86337, 2,    6878.86, -122.7,   0.86337, 3,    6878.86,  117.3,   0.86337
"SCN_CN15_9264_CEI109", 13.8, 1,    6878.87,   -2.7,   0.86337, 2,    6878.86, -122.7,   0.86337, 3,    6878.86,  117.3,   0.86337
"SCN_CN15_9263_CEI109", 13.8, 1,    6878.87,   -2.7,   0.86337, 2,    6878.85, -122.7,   0.86337, 3,    6878.85,  117.3,   0.86337
"SCN_CN15_9164_CEI109", 13.8, 1,    6878.52,   -2.7,   0.86333, 2,    6878.51, -122.7,   0.86333, 3,    6878.51,  117.3,   0.86333
"SCN_CN15_9162_CEI109_S", 13.8, 1,    6878.46,   -2.7,   0.86332, 2,    6878.45, -122.7,   0.86332, 3,    6878.45,  117.3,   0.86332
"SCN_CN15_9162_CEI109", 13.8, 1,    6878.46,   -2.7,   0.86332, 2,    6878.45, -122.7,   0.86332, 3,    6878.45,  117.3,   0.86332
"SCN_CN15_9163_CEI109", 13.8, 1,    6878.45,   -2.7,   0.86332, 2,    6878.44, -122.7,   0.86332, 3,    6878.44,  117.3,   0.86332
"SCN_CN15_9027_CEI220_ATV", 13.8, 1,    6878.45,   -2.7,   0.86332, 2,    6878.44, -122.7,   0.86332, 3,    6878.44,  117.3,   0.86332
"SCN_CN15_9161_CEI109", 13.8, 1,    6878.43,   -2.7,   0.86332, 2,    6878.42, -122.7,   0.86332, 3,    6878.42,  117.3,   0.86332
"SCN_CN15_9159_CEI109_S", 13.8, 1,     6878.4,   -2.7,   0.86331, 2,    6878.39, -122.7,   0.86331, 3,    6878.39,  117.3,   0.86331
"SCN_CN15_9028_CEI220_ATV", 13.8, 1,    6878.39,   -2.7,   0.86331, 2,    6878.38, -122.7,   0.86331, 3,    6878.38,  117.3,   0.86331
"SCN_CN15_9159_CEI109", 13.8, 1,     6878.4,   -2.7,   0.86331, 2,    6878.39, -122.7,   0.86331, 3,    6878.39,  117.3,   0.86331
"SCN_CN15_9157_CEI109_S", 13.8, 1,    6878.38,   -2.7,   0.86331, 2,    6878.36, -122.7,   0.86331, 3,    6878.36,  117.3,   0.86331
"SCN_CN15_9158_CEI109", 13.8, 1,    6878.36,   -2.7,   0.86331, 2,    6878.35, -122.7,   0.86331, 3,    6878.35,  117.3,   0.86331
"SCN_CN15_9073_CEI131_ATV", 13.8, 1,    6912.64,   -2.6,   0.86761, 2,    6912.62, -122.6,   0.86761, 3,    6912.62,  117.4,   0.86761
"SCN_CN15_9014_CEIRJ013_ATV", 13.8, 1,    6978.85,   -2.3,   0.87592, 2,    6978.84, -122.3,   0.87592, 3,    6978.83,  117.7,   0.87592
"SCN_CN15_421164_CEI", 13.8, 1,    6878.33,   -2.7,   0.86331, 2,    6878.32, -122.7,    0.8633, 3,    6878.31,  117.3,    0.8633
"SCN_CN15_9152_CEI109", 13.8, 1,     6878.3,   -2.7,    0.8633, 2,    6878.28, -122.7,    0.8633, 3,    6878.28,  117.3,    0.8633
"SCN_CN15_9151_CEI109", 13.8, 1,    6878.29,   -2.7,    0.8633, 2,    6878.28, -122.7,    0.8633, 3,    6878.27,  117.3,    0.8633
"SCN_CN15_9150_CEI109", 13.8, 1,    6878.28,   -2.7,    0.8633, 2,    6878.26, -122.7,    0.8633, 3,    6878.26,  117.3,    0.8633
"SCN_CN15_9122_CEI109", 13.8, 1,    6878.26,   -2.7,    0.8633, 2,    6878.25, -122.7,   0.86329, 3,    6878.24,  117.3,   0.86329
"SCN_CN15_9123_CEI109", 13.8, 1,    6878.24,   -2.7,   0.86329, 2,    6878.23, -122.7,   0.86329, 3,    6878.23,  117.3,   0.86329
"SCN_CN15_9124_CEI109", 13.8, 1,    6878.22,   -2.7,   0.86329, 2,    6878.21, -122.7,   0.86329, 3,    6878.21,  117.3,   0.86329
"SCN_CN15_9065_CEI201_ATV", 13.8, 1,    6864.51,   -2.8,   0.86157, 2,     6864.5, -122.8,   0.86157, 3,     6864.5,  117.2,   0.86157
"SCN_CN15_9069_CEI201_ATV_S", 13.8, 1,    6863.86,   -2.8,   0.86149, 2,    6863.85, -122.8,   0.86149, 3,    6863.85,  117.2,   0.86149
"SCN_CN15_9069_CEI201_ATV", 13.8, 1,    6863.86,   -2.8,   0.86149, 2,    6863.85, -122.8,   0.86149, 3,    6863.85,  117.2,   0.86149
"SCN_CN15_9070_CEI201_ATV", 13.8, 1,    6863.86,   -2.8,   0.86149, 2,    6863.84, -122.8,   0.86149, 3,    6863.84,  117.2,   0.86149
"SCN_CN15_9068_CEI201_ATV", 13.8, 1,     6863.2,   -2.8,   0.86141, 2,    6863.18, -122.8,    0.8614, 3,    6863.18,  117.2,    0.8614
"SCN_CN15_9067_CEI201_ATV", 13.8, 1,    6863.18,   -2.8,    0.8614, 2,    6863.16, -122.8,    0.8614, 3,    6863.16,  117.2,    0.8614
"SCN_CN15_9072_CEI201_ATV", 13.8, 1,    6862.59,   -2.8,   0.86133, 2,    6862.58, -122.8,   0.86133, 3,    6862.58,  117.2,   0.86133
"SCN_CN15_9071_CEI201_ATV", 13.8, 1,    6862.58,   -2.8,   0.86133, 2,    6862.57, -122.8,   0.86133, 3,    6862.57,  117.2,   0.86133
"SCN_CN15_9044_CEI148A_ATV", 13.8, 1,    6862.01,   -2.8,   0.86126, 2,       6862, -122.8,   0.86126, 3,       6862,  117.2,   0.86126
"SCN_CN15_9043_CEI148A_ATV_S", 13.8, 1,    6861.41,   -2.8,   0.86118, 2,     6861.4, -122.8,   0.86118, 3,     6861.4,  117.2,   0.86118
"SCN_CN15_9093_CEI148_ATV", 13.8, 1,    6861.35,   -2.8,   0.86117, 2,    6861.34, -122.8,   0.86117, 3,    6861.34,  117.2,   0.86117
"SCN_CN15_9043_CEI148A_ATV", 13.8, 1,    6861.41,   -2.8,   0.86118, 2,     6861.4, -122.8,   0.86118, 3,     6861.4,  117.2,   0.86118
"SCN_CN15_9094_CEI148_ATV", 13.8, 1,    6861.31,   -2.8,   0.86117, 2,     6861.3, -122.8,   0.86117, 3,     6861.3,  117.2,   0.86117
"SCN_CN15_9095_CEI148_ATV", 13.8, 1,     6861.3,   -2.8,   0.86117, 2,    6861.28, -122.8,   0.86117, 3,    6861.28,  117.2,   0.86117
"SCN_CN15_9097_CEI148_ATV", 13.8, 1,    6861.29,   -2.8,   0.86117, 2,    6861.28, -122.8,   0.86117, 3,    6861.28,  117.2,   0.86117
"SCN_CN15_9096_CEI148_ATV", 13.8, 1,    6861.28,   -2.8,   0.86117, 2,    6861.27, -122.8,   0.86116, 3,    6861.27,  117.2,   0.86116
"SCN_CN15_9046_CEI148A_ATV", 13.8, 1,    6860.89,   -2.8,   0.86112, 2,    6860.88, -122.8,   0.86112, 3,    6860.88,  117.2,   0.86112
"SCN_CN15_9042_CEI148A_ATV_S", 13.8, 1,    6860.33,   -2.8,   0.86105, 2,    6860.32, -122.8,   0.86104, 3,    6860.32,  117.2,   0.86104
"SCN_CN15_9042_CEI148A_ATV", 13.8, 1,    6860.33,   -2.8,   0.86105, 2,    6860.32, -122.8,   0.86104, 3,    6860.32,  117.2,   0.86104
"SCN_CN15_9047_CEI148A_ATV", 13.8, 1,    6860.31,   -2.8,   0.86104, 2,     6860.3, -122.8,   0.86104, 3,     6860.3,  117.2,   0.86104
"SCN_CN15_9041_CEI148A_ATV", 13.8, 1,    6859.96,   -2.8,     0.861, 2,    6859.94, -122.8,     0.861, 3,    6859.94,  117.2,     0.861
"SCN_CN15_9048_CEI148A_ATV", 13.8, 1,    6859.95,   -2.8,     0.861, 2,    6859.93, -122.8,     0.861, 3,    6859.93,  117.2,     0.861
"SCN_CN15_9038_CEI148A_ATV", 13.8, 1,    6859.43,   -2.8,   0.86093, 2,    6859.42, -122.8,   0.86093, 3,    6859.42,  117.2,   0.86093
"SCN_CN15_9037_CEI148A_ATV", 13.8, 1,    6859.42,   -2.8,   0.86093, 2,    6859.41, -122.8,   0.86093, 3,    6859.41,  117.2,   0.86093
"SCN_CN15_9036_CEI148A_ATV", 13.8, 1,    6859.41,   -2.8,   0.86093, 2,     6859.4, -122.8,   0.86093, 3,     6859.4,  117.2,   0.86093
"SCN_CN15_9039_CEI148A_ATV", 13.8, 1,    6859.14,   -2.8,    0.8609, 2,    6859.13, -122.8,    0.8609, 3,    6859.13,  117.2,    0.8609
"SCN_CN15_9040_CEI148A_ATV", 13.8, 1,    6858.64,   -2.8,   0.86083, 2,    6858.63, -122.8,   0.86083, 3,    6858.63,  117.2,   0.86083
"SCN_CN15_9078_CEI148_ATV_S", 13.8, 1,    6858.26,   -2.8,   0.86079, 2,    6858.25, -122.8,   0.86079, 3,    6858.25,  117.2,   0.86079
"SCN_CN15_9076_CEI148_ATV", 13.8, 1,    6857.32,   -2.8,   0.86067, 2,    6857.31, -122.8,   0.86067, 3,    6857.31,  117.2,   0.86067
"SCN_CN15_9077_CEI148_ATV", 13.8, 1,    6857.68,   -2.8,   0.86071, 2,    6857.66, -122.8,   0.86071, 3,    6857.66,  117.2,   0.86071
"SCN_CN15_9078_CEI148_ATV", 13.8, 1,    6858.26,   -2.8,   0.86079, 2,    6858.25, -122.8,   0.86079, 3,    6858.25,  117.2,   0.86079
"SCN_CN15_9267_CEI109", 13.8, 1,    6903.25,   -2.6,   0.86643, 2,    6903.24, -122.6,   0.86643, 3,    6903.24,  117.4,   0.86643
"SCN_CN15_9079_CEI148_ATV", 13.8, 1,    6858.26,   -2.8,   0.86079, 2,    6858.25, -122.8,   0.86079, 3,    6858.25,  117.2,   0.86079
"SCN_CN15_9075_CEI148_ATV", 13.8, 1,    6978.48,   -2.3,   0.87588, 2,    6978.47, -122.3,   0.87587, 3,    6978.47,  117.7,   0.87587
"SCN_CN15_9076_CEI148_ATV_S", 13.8, 1,    6978.48,   -2.3,   0.87588, 2,    6978.47, -122.3,   0.87587, 3,    6978.47,  117.7,   0.87587
"SCN_CN15_9073_CEI148_ATV", 13.8, 1,    6978.48,   -2.3,   0.87588, 2,    6978.47, -122.3,   0.87587, 3,    6978.47,  117.7,   0.87587
"SCN_CN15_9074_CEI148_ATV", 13.8, 1,    6978.48,   -2.3,   0.87587, 2,    6978.46, -122.3,   0.87587, 3,    6978.46,  117.7,   0.87587
"SCN_CN15_9080_CEI148_ATV", 13.8, 1,    6856.92,   -2.8,   0.86062, 2,     6856.9, -122.8,   0.86062, 3,     6856.9,  117.2,   0.86062
"SCN_CN15_9081_CEI148_ATV", 13.8, 1,    6856.22,   -2.8,   0.86053, 2,    6856.21, -122.8,   0.86053, 3,    6856.21,  117.2,   0.86053
"SCN_CN15_9082_CEI148_ATV", 13.8, 1,    6855.79,   -2.8,   0.86048, 2,    6855.78, -122.8,   0.86048, 3,    6855.78,  117.2,   0.86047
"SCN_CN15_9171_CEI69A", 13.8, 1,     6856.2,   -2.8,   0.86053, 2,    6856.19, -122.8,   0.86053, 3,    6856.19,  117.2,   0.86053
"SCN_CN15_9070_CEI148_ATV", 13.8, 1,    6978.49,   -2.3,   0.87588, 2,    6978.48, -122.3,   0.87588, 3,    6978.48,  117.7,   0.87588
"SCN_CN15_9073_CEI148_ATV_S", 13.8, 1,    6978.48,   -2.3,   0.87588, 2,    6978.47, -122.3,   0.87587, 3,    6978.47,  117.7,   0.87587
"SCN_CN15_9268_CEI109", 13.8, 1,     6902.7,   -2.6,   0.86636, 2,    6902.69, -122.6,   0.86636, 3,    6902.69,  117.4,   0.86636
"SCN_CN15_9068_CEI148_ATV", 13.8, 1,    6978.54,   -2.3,   0.87588, 2,    6978.53, -122.3,   0.87588, 3,    6978.53,  117.7,   0.87588
"SCN_CN15_9070_CEI148_ATV_S", 13.8, 1,    6978.49,   -2.3,   0.87588, 2,    6978.48, -122.3,   0.87588, 3,    6978.48,  117.7,   0.87588
"SCN_CN15_9069_CEI148_ATV", 13.8, 1,    6978.53,   -2.3,   0.87588, 2,    6978.52, -122.3,   0.87588, 3,    6978.52,  117.7,   0.87588
"SCN_CN15_9071_CEI148_ATV", 13.8, 1,    6978.47,   -2.3,   0.87587, 2,    6978.46, -122.3,   0.87587, 3,    6978.46,  117.7,   0.87587
"SCN_CN15_9072_CEI148_ATV", 13.8, 1,    6978.46,   -2.3,   0.87587, 2,    6978.45, -122.3,   0.87587, 3,    6978.45,  117.7,   0.87587
"SCN_CN15_9065_CEI148_ATV", 13.8, 1,    6978.59,   -2.3,   0.87589, 2,    6978.58, -122.3,   0.87589, 3,    6978.58,  117.7,   0.87589
"SCN_CN15_9066_CEI148_ATV", 13.8, 1,    6978.58,   -2.3,   0.87589, 2,    6978.57, -122.3,   0.87589, 3,    6978.56,  117.7,   0.87589
"SCN_CN15_9033_CEI160_ATV", 13.8, 1,    6978.49,   -2.3,   0.87588, 2,    6978.48, -122.3,   0.87588, 3,    6978.48,  117.7,   0.87588
"SCN_CN15_9055_CEI201_ATV", 13.8, 1,    6978.43,   -2.3,   0.87587, 2,    6978.42, -122.3,   0.87587, 3,    6978.42,  117.7,   0.87587
"SCN_CN15_9056_CEI201_ATV", 13.8, 1,    6978.45,   -2.3,   0.87587, 2,    6978.44, -122.3,   0.87587, 3,    6978.44,  117.7,   0.87587
"SCN_CN15_9034_CEI160_ATV_S", 13.8, 1,    6978.46,   -2.3,   0.87587, 2,    6978.45, -122.3,   0.87587, 3,    6978.45,  117.7,   0.87587
"SCN_CN15_9032_CEI160_ATV", 13.8, 1,    6978.46,   -2.3,   0.87587, 2,    6978.45, -122.3,   0.87587, 3,    6978.45,  117.7,   0.87587
"SCN_CN15_9034_CEI160_ATV", 13.8, 1,    6978.46,   -2.3,   0.87587, 2,    6978.45, -122.3,   0.87587, 3,    6978.45,  117.7,   0.87587
"SCN_CN15_9169_CEI69A", 13.8, 1,    6978.78,   -2.3,   0.87591, 2,    6978.77, -122.3,   0.87591, 3,    6978.77,  117.7,   0.87591
"SCN_CN15_9065_CEI148_ATV_S", 13.8, 1,    6978.59,   -2.3,   0.87589, 2,    6978.58, -122.3,   0.87589, 3,    6978.58,  117.7,   0.87589
"SCN_CN15_9064_CEI148_ATV", 13.8, 1,    6978.81,   -2.3,   0.87592, 2,     6978.8, -122.3,   0.87592, 3,     6978.8,  117.7,   0.87592
"SCN_CN15_9168_CEI69A", 13.8, 1,    6978.85,   -2.3,   0.87592, 2,    6978.84, -122.3,   0.87592, 3,    6978.84,  117.7,   0.87592
"SCN_CN15_9167_CEI69A", 13.8, 1,    6978.92,   -2.3,   0.87593, 2,    6978.91, -122.3,   0.87593, 3,    6978.91,  117.7,   0.87593
"SCN_CN15_9063_CEI148_ATV", 13.8, 1,    6979.07,   -2.3,   0.87595, 2,    6979.06, -122.3,   0.87595, 3,    6979.05,  117.7,   0.87595
"SCN_CN15_9062_CEI148_ATV", 13.8, 1,    6979.31,   -2.3,   0.87598, 2,     6979.3, -122.3,   0.87598, 3,     6979.3,  117.7,   0.87598
"SCN_CN15_9063_CEI148_ATV_S", 13.8, 1,    6979.07,   -2.3,   0.87595, 2,    6979.06, -122.3,   0.87595, 3,    6979.05,  117.7,   0.87595
"SCN_CN15_9061_CEI148_ATV", 13.8, 1,    6979.61,   -2.3,   0.87602, 2,     6979.6, -122.3,   0.87602, 3,    6979.59,  117.7,   0.87602
"SCN_CN15_9055_CEI148_ATV", 13.8, 1,    6979.78,   -2.3,   0.87604, 2,    6979.77, -122.3,   0.87604, 3,    6979.77,  117.7,   0.87604
"SCN_CN15_9056_CEI148_ATV", 13.8, 1,    6979.75,   -2.3,   0.87604, 2,    6979.74, -122.3,   0.87603, 3,    6979.74,  117.7,   0.87603
"SCN_CN15_9057_CEI148_ATV", 13.8, 1,    6979.72,   -2.3,   0.87603, 2,    6979.71, -122.3,   0.87603, 3,    6979.71,  117.7,   0.87603
"SCN_CN15_9058_CEI148_ATV", 13.8, 1,    6979.67,   -2.3,   0.87603, 2,    6979.66, -122.3,   0.87602, 3,    6979.66,  117.7,   0.87602
"SCN_CN15_9059_CEI148_ATV", 13.8, 1,    6979.65,   -2.3,   0.87602, 2,    6979.64, -122.3,   0.87602, 3,    6979.64,  117.7,   0.87602
"SCN_CN15_9060_CEI148_ATV", 13.8, 1,    6979.63,   -2.3,   0.87602, 2,    6979.61, -122.3,   0.87602, 3,    6979.61,  117.7,   0.87602
"SCN_CN15_9054_CEI148_ATV", 13.8, 1,    6980.08,   -2.3,   0.87608, 2,    6980.06, -122.3,   0.87607, 3,    6980.06,  117.7,   0.87607
"SCN_CN15_9055_CEI148_ATV_S", 13.8, 1,    6979.78,   -2.3,   0.87604, 2,    6979.77, -122.3,   0.87604, 3,    6979.77,  117.7,   0.87604
"SCN_CN15_9052_CEI148_ATV", 13.8, 1,    6980.25,   -2.3,    0.8761, 2,    6980.24, -122.3,    0.8761, 3,    6980.23,  117.7,    0.8761
"SCN_CN15_9053_CEI148_ATV", 13.8, 1,    6980.24,   -2.3,    0.8761, 2,    6980.23, -122.3,   0.87609, 3,    6980.23,  117.7,   0.87609
"SCN_CN15_9027_CEI148_ATV", 13.8, 1,    6980.38,   -2.3,   0.87611, 2,    6980.37, -122.3,   0.87611, 3,    6980.37,  117.7,   0.87611
"SCN_CN15_9028_CEI148_ATV", 13.8, 1,    6980.15,   -2.3,   0.87608, 2,    6980.14, -122.3,   0.87608, 3,    6980.13,  117.7,   0.87608
"SCN_CN15_9029_CEI148_ATV", 13.8, 1,    6980.03,   -2.3,   0.87607, 2,    6980.02, -122.3,   0.87607, 3,    6980.02,  117.7,   0.87607
"SCN_CN15_9030_CEI148_ATV_S", 13.8, 1,     6979.9,   -2.3,   0.87605, 2,    6979.89, -122.3,   0.87605, 3,    6979.89,  117.7,   0.87605
"SCN_CN15_9036_CEI148_ATV", 13.8, 1,     6979.8,   -2.3,   0.87604, 2,    6979.79, -122.3,   0.87604, 3,    6979.79,  117.7,   0.87604
"SCN_CN15_9030_CEI148_ATV", 13.8, 1,     6979.9,   -2.3,   0.87605, 2,    6979.89, -122.3,   0.87605, 3,    6979.89,  117.7,   0.87605
"SCN_CN15_9040_CEI148_ATV", 13.8, 1,    6979.44,   -2.3,     0.876, 2,    6979.43, -122.3,   0.87599, 3,    6979.42,  117.7,   0.87599
"SCN_CN15_9132_CEI201_ATV", 13.8, 1,    6979.43,   -2.3,     0.876, 2,    6979.42, -122.3,   0.87599, 3,    6979.42,  117.7,   0.87599
"SCN_CN15_9043_CEI148_ATV", 13.8, 1,     6979.2,   -2.3,   0.87597, 2,    6979.19, -122.3,   0.87596, 3,    6979.19,  117.7,   0.87596
"SCN_CN15_9044_CEI148_ATV", 13.8, 1,    6979.19,   -2.3,   0.87597, 2,    6979.18, -122.3,   0.87596, 3,    6979.18,  117.7,   0.87596
"SCN_CN15_9031_CEI148_ATV", 13.8, 1,    6979.88,   -2.3,   0.87605, 2,    6979.87, -122.3,   0.87605, 3,    6979.87,  117.7,   0.87605
"SCN_CN15_9033_CEI148_ATV", 13.8, 1,    6979.87,   -2.3,   0.87605, 2,    6979.86, -122.3,   0.87605, 3,    6979.86,  117.7,   0.87605
"SCN_CN15_9034_CEI148_ATV", 13.8, 1,    6979.87,   -2.3,   0.87605, 2,    6979.85, -122.3,   0.87605, 3,    6979.85,  117.7,   0.87605
"SCN_CN15_9035_CEI148_ATV", 13.8, 1,    6979.86,   -2.3,   0.87605, 2,    6979.85, -122.3,   0.87605, 3,    6979.85,  117.7,   0.87605
"SCN_CN15_9032_CEI148_ATV", 13.8, 1,    6979.88,   -2.3,   0.87605, 2,    6979.87, -122.3,   0.87605, 3,    6979.87,  117.7,   0.87605
"SCN_CN15_9026_CEI148_ATV", 13.8, 1,    6980.65,   -2.3,   0.87615, 2,    6980.63, -122.3,   0.87615, 3,    6980.63,  117.7,   0.87615
"SCN_CN15_9027_CEI148_ATV_S", 13.8, 1,    6980.38,   -2.3,   0.87611, 2,    6980.37, -122.3,   0.87611, 3,    6980.37,  117.7,   0.87611
"SCN_CN15_9025_CEI148_ATV", 13.8, 1,     6980.9,   -2.3,   0.87618, 2,    6980.89, -122.3,   0.87618, 3,    6980.88,  117.7,   0.87618
"SCN_CN15_9024_CEI148_ATV", 13.8, 1,    6981.15,   -2.3,   0.87621, 2,    6981.14, -122.3,   0.87621, 3,    6981.14,  117.7,   0.87621
"SCN_CN15_9023_CEI148_ATV", 13.8, 1,    6981.41,   -2.3,   0.87624, 2,     6981.4, -122.3,   0.87624, 3,     6981.4,  117.7,   0.87624
"SCN_CN15_9022_CEI148_ATV", 13.8, 1,    6981.71,   -2.3,   0.87628, 2,     6981.7, -122.3,   0.87628, 3,     6981.7,  117.7,   0.87628
"SCN_CN15_9020_CEI148_ATV", 13.8, 1,    6981.99,   -2.3,   0.87632, 2,    6981.98, -122.3,   0.87631, 3,    6981.98,  117.7,   0.87631
"SCN_CN15_9021_CEI148_ATV", 13.8, 1,    6981.98,   -2.3,   0.87631, 2,    6981.97, -122.3,   0.87631, 3,    6981.96,  117.7,   0.87631
"SCN_CN15_9019_CEI148_ATV", 13.8, 1,    6982.35,   -2.3,   0.87636, 2,    6982.34, -122.3,   0.87636, 3,    6982.34,  117.7,   0.87636
"SCN_CN15_9020_CEI148_ATV_S", 13.8, 1,    6981.99,   -2.3,   0.87632, 2,    6981.98, -122.3,   0.87631, 3,    6981.98,  117.7,   0.87631
"SCN_CN15_9013_CEI148_ATV", 13.8, 1,    6982.63,   -2.3,    0.8764, 2,    6982.61, -122.3,   0.87639, 3,    6982.61,  117.7,   0.87639
"SCN_CN15_9012_CEI148_ATV", 13.8, 1,    6982.95,   -2.3,   0.87644, 2,    6982.94, -122.3,   0.87644, 3,    6982.94,  117.7,   0.87644
"SCN_CN15_9014_CEI148_ATV", 13.8, 1,    6982.62,   -2.3,    0.8764, 2,    6982.61, -122.3,   0.87639, 3,    6982.61,  117.7,   0.87639
"SCN_CN15_9011_CEI148_ATV", 13.8, 1,    6983.28,   -2.3,   0.87648, 2,    6983.27, -122.3,   0.87648, 3,    6983.26,  117.7,   0.87648
"SCN_CN15_9010_CEI148_ATV", 13.8, 1,    6983.59,   -2.3,   0.87652, 2,    6983.58, -122.3,   0.87652, 3,    6983.58,  117.7,   0.87652
"SCN_CN15_9006_CEI148_ATV", 13.8, 1,    6983.92,   -2.3,   0.87656, 2,     6983.9, -122.3,   0.87656, 3,     6983.9,  117.7,   0.87656
"SCN_CN15_9007_CEI148_ATV", 13.8, 1,     6983.9,   -2.3,   0.87656, 2,    6983.89, -122.3,   0.87655, 3,    6983.89,  117.7,   0.87655
"SCN_CN15_9008_CEI148_ATV", 13.8, 1,    6983.89,   -2.3,   0.87655, 2,    6983.88, -122.3,   0.87655, 3,    6983.88,  117.7,   0.87655
"SCN_CN15_9009_CEI148_ATV", 13.8, 1,    6983.88,   -2.3,   0.87655, 2,    6983.87, -122.3,   0.87655, 3,    6983.87,  117.7,   0.87655
"SCN_CN15_9005_CEI148_ATV", 13.8, 1,    6984.25,   -2.3,    0.8766, 2,    6984.24, -122.3,    0.8766, 3,    6984.24,  117.7,    0.8766
"SCN_CN15_9001_CEI148_ATV", 13.8, 1,    6984.59,   -2.3,   0.87664, 2,    6984.58, -122.3,   0.87664, 3,    6984.57,  117.7,   0.87664
"SCN_CN15_9002_CEI148_ATV", 13.8, 1,    6984.57,   -2.3,   0.87664, 2,    6984.56, -122.3,   0.87664, 3,    6984.55,  117.7,   0.87664
"SCN_CN15_9001_CEI148_ATV_S", 13.8, 1,    6984.59,   -2.3,   0.87664, 2,    6984.58, -122.3,   0.87664, 3,    6984.57,  117.7,   0.87664
"SCN_CN15_9037_CEI220_ATV_S", 13.8, 1,     6911.1,   -2.6,   0.86742, 2,    6911.09, -122.6,   0.86742, 3,    6911.08,  117.4,   0.86742
"SCN_CN15_9001_CEI109_S", 13.8, 1,    6989.46,   -2.3,   0.87725, 2,    6989.45, -122.3,   0.87725, 3,    6989.45,  117.7,   0.87725
"SCN_CN15_9149_CEI230_ATV_S", 13.8, 1,     6927.5,   -2.4,   0.86948, 2,    6927.49, -122.4,   0.86948, 3,    6927.49,  117.6,   0.86948
"SCN_CN15_9201_CEI109_S", 13.8, 1,    6878.88,   -2.7,   0.86337, 2,    6878.87, -122.7,   0.86337, 3,    6878.87,  117.3,   0.86337
"CN_BPS1-13", 13.8, 2,    7145.92, -121.9,   0.89689, 3,    7145.92,  118.1,   0.89689, 8,    7145.93,   -1.9,   0.89689
"CN_CH2175_DJCN-15", 13.8, 1,    7145.93,   -1.9,   0.89689, 2,    7145.92, -121.9,   0.89689, 3,    7145.92,  118.1,   0.89689
"SCN_CN15_9003_CEI075_S", 13.8, 1,    6943.11,   -2.3,   0.87144, 2,     6943.1, -122.3,   0.87144, 3,     6943.1,  117.7,   0.87143
"SCN_CN15_9025_CEI074_S", 13.8, 1,    6919.47,   -2.4,   0.86847, 2,    6919.45, -122.4,   0.86847, 3,    6919.45,  117.6,   0.86847
"SCN_CN15_9029_CEI109_S", 13.8, 1,    6921.51,   -2.6,   0.86873, 2,     6921.5, -122.6,   0.86872, 3,     6921.5,  117.4,   0.86872
"SCN_CN15_9039_CEI130A_ATV_S", 13.8, 1,    7142.09,   -1.9,   0.89641, 2,    7142.08, -121.9,   0.89641, 3,    7142.08,  118.1,   0.89641
"SCN_CN15_9088_CEI075_S", 13.8, 1,    6930.16,   -2.4,   0.86981, 2,    6930.15, -122.4,   0.86981, 3,    6930.15,  117.6,   0.86981
"SCN_CN15_9038_CEI130A_ATV_S", 13.8, 1,    7142.09,   -1.9,   0.89641, 2,    7142.08, -121.9,   0.89641, 3,    7142.08,  118.1,   0.89641
"SCN_CN15_9185_CEI69A_S", 13.8, 1,    6989.14,   -2.3,   0.87721, 2,    6989.13, -122.3,   0.87721, 3,    6989.13,  117.7,   0.87721
"SCN_CN15_9020_CEI075_S", 13.8, 1,    6937.74,   -2.4,   0.87076, 2,    6937.73, -122.4,   0.87076, 3,    6937.73,  117.6,   0.87076
"SCN_CN15_9170_CEI77A_ATV_S", 13.8, 1,    7784.01,   -0.6,   0.97698, 2,    7784.01, -120.6,   0.97698, 3,    7784.01,  119.4,   0.97698
"SCN_CN15_9101_CEI109_S", 13.8, 1,    6911.33,   -2.6,   0.86745, 2,    6911.31, -122.6,   0.86745, 3,    6911.31,  117.4,   0.86745
"SCN_CN15_9068_CEI201_ATV_S", 13.8, 1,     6863.2,   -2.8,   0.86141, 2,    6863.18, -122.8,    0.8614, 3,    6863.18,  117.2,    0.8614
"SCN_CN15_9008_CEI121_S", 13.8, 1,    6909.11,   -2.6,   0.86717, 2,     6909.1, -122.6,   0.86717, 3,     6909.1,  117.4,   0.86717
"SCN_CN15_9081_CEI148_ATV_S", 13.8, 1,    6856.22,   -2.8,   0.86053, 2,    6856.21, -122.8,   0.86053, 3,    6856.21,  117.2,   0.86053
"SCN_CN15_9001_CEI134A_ATV_S", 13.8, 1,    6909.39,   -2.6,    0.8672, 2,    6909.38, -122.6,    0.8672, 3,    6909.38,  117.4,    0.8672
"SCN_CN15_9208_CEI77A_ATV_S", 13.8, 1,    7783.97,   -0.6,   0.97697, 2,    7783.97, -120.6,   0.97697, 3,    7783.97,  119.4,   0.97697
"SCN_CN15_9031_CEI074_S", 13.8, 1,    6919.95,   -2.4,   0.86853, 2,    6919.94, -122.4,   0.86853, 3,    6919.94,  117.6,   0.86853
"SCN_CN15_9027_CEI074_S", 13.8, 1,    6919.56,   -2.4,   0.86848, 2,    6919.55, -122.4,   0.86848, 3,    6919.55,  117.6,   0.86848
"SCN_CN15_9080_CEI075_S", 13.8, 1,    6927.18,   -2.4,   0.86944, 2,    6927.17, -122.4,   0.86944, 3,    6927.17,  117.6,   0.86944
"SCN_CN15_9062_CEI77A_ATV_S", 13.8, 1,    7541.56,   -1.1,   0.94655, 2,    7541.55, -121.1,   0.94655, 3,    7541.55,  118.9,   0.94655
"SCN_CN15_9057_CEI075_S", 13.8, 1,    6936.27,   -2.4,   0.87058, 2,    6936.26, -122.4,   0.87058, 3,    6936.26,  117.6,   0.87058
"SCN_CN15_9082_CEI075_S", 13.8, 1,    6927.58,   -2.4,   0.86949, 2,    6927.57, -122.4,   0.86949, 3,    6927.57,  117.6,   0.86949
"SCN_CN15_9175_CEI230_ATV_S", 13.8, 1,    6936.55,   -2.4,   0.87061, 2,    6936.54, -122.4,   0.87061, 3,    6936.54,  117.6,   0.87061
"SCN_CN15_9072_CEI201_ATV_S", 13.8, 1,    6862.59,   -2.8,   0.86133, 2,    6862.58, -122.8,   0.86133, 3,    6862.58,  117.2,   0.86133
"SCN_CN15_9042_CEI074_S", 13.8, 1,    6921.49,   -2.4,   0.86872, 2,    6921.48, -122.4,   0.86872, 3,    6921.48,  117.6,   0.86872
"SCN_CN15_9282_CEI250_ATV_S", 13.8, 1,    7308.98,   -1.6,   0.91736, 2,    7308.98, -121.6,   0.91736, 3,    7308.98,  118.4,   0.91736
"SCN_CN15_9095_CEI148_ATV_S", 13.8, 1,     6861.3,   -2.8,   0.86117, 2,    6861.28, -122.8,   0.86117, 3,    6861.28,  117.2,   0.86117
"SCN_CN15_9211_CEI77A_ATV_S", 13.8, 1,    7783.93,   -0.6,   0.97697, 2,    7783.92, -120.6,   0.97697, 3,    7783.92,  119.4,   0.97697
"SCN_CN15_9087_CEI148_ATV_S", 13.8, 1,    6854.56,   -2.8,   0.86032, 2,    6854.55, -122.8,   0.86032, 3,    6854.55,  117.2,   0.86032
"SCN_CN15_9207_CEI109_S", 13.8, 1,    6879.59,   -2.7,   0.86346, 2,    6879.58, -122.7,   0.86346, 3,    6879.58,  117.3,   0.86346
"SCN_CN15_9058_CEI160_ATV_S", 13.8, 1,    7325.29,   -1.6,    0.9194, 2,    7325.29, -121.6,    0.9194, 3,    7325.29,  118.4,    0.9194
"SCN_CN15_9081_CEI77A_ATV_S", 13.8, 1,    7539.15,   -1.1,   0.94625, 2,    7539.14, -121.1,   0.94624, 3,    7539.14,  118.9,   0.94624
"SCN_CN15_9492_CEI109_S", 13.8, 1,    6864.13,   -2.8,   0.86152, 2,    6864.12, -122.8,   0.86152, 3,    6864.12,  117.2,   0.86152
"SCN_CN15_9042_CEI220_ATV_S", 13.8, 1,    6911.17,   -2.6,   0.86743, 2,    6911.16, -122.6,   0.86743, 3,    6911.16,  117.4,   0.86743
"SCN_CN15_9166_CEI109_S", 13.8, 1,    6878.62,   -2.7,   0.86334, 2,     6878.6, -122.7,   0.86334, 3,     6878.6,  117.3,   0.86334
"SCN_CN15_9091_CEI075_S", 13.8, 1,    6931.06,   -2.4,   0.86992, 2,    6931.04, -122.4,   0.86992, 3,    6931.04,  117.6,   0.86992
"SCN_CN15_9038_CEI148A_ATV_S", 13.8, 1,    6859.43,   -2.8,   0.86093, 2,    6859.42, -122.8,   0.86093, 3,    6859.42,  117.2,   0.86093
"SCN_CN15_9102_CEI77A_ATV_S", 13.8, 1,    7556.72,   -1.1,   0.94845, 2,    7556.72, -121.1,   0.94845, 3,    7556.72,  118.9,   0.94845
"SCN_CN15_9007_CEI075_S", 13.8, 1,    6940.55,   -2.3,   0.87111, 2,    6940.54, -122.3,   0.87111, 3,    6940.53,  117.7,   0.87111
"SCN_CN15_9150_CEI230_ATV_S", 13.8, 1,     6927.5,   -2.4,   0.86948, 2,    6927.49, -122.4,   0.86948, 3,    6927.49,  117.6,   0.86948
"SCN_CN15_9203_CEI230_ATV_S", 13.8, 1,    6854.46,   -2.8,   0.86031, 2,    6854.44, -122.8,   0.86031, 3,    6854.44,  117.2,   0.86031
"SCN_CN15_9313_CEI250_ATV_S", 13.8, 1,     7323.6,   -1.6,   0.91919, 2,    7323.59, -121.6,   0.91919, 3,    7323.59,  118.4,   0.91919
"SCN_CN15_9122_CEI201_ATV_S", 13.8, 1,    6989.46,   -2.3,   0.87725, 2,    6989.45, -122.3,   0.87725, 3,    6989.45,  117.7,   0.87725
"SCN_CN15_9144_CEI230_ATV_S", 13.8, 1,    6929.92,   -2.4,   0.86978, 2,    6929.91, -122.4,   0.86978, 3,     6929.9,  117.6,   0.86978
"SCN_CN15_9141_CEI230_ATV_S", 13.8, 1,    6929.93,   -2.4,   0.86978, 2,    6929.91, -122.4,   0.86978, 3,    6929.91,  117.6,   0.86978
"SCN_CN15_9428_CEI109_S", 13.8, 1,    6892.69,   -2.7,   0.86511, 2,    6892.67, -122.7,   0.86511, 3,    6892.67,  117.3,   0.86511
"SCN_CN15_9007_CEI134B_ATV_S", 13.8, 1,    6898.06,   -2.6,   0.86578, 2,    6898.05, -122.6,   0.86578, 3,    6898.05,  117.4,   0.86578
"SCN_CN15_9038_CEI148_ATV_S", 13.8, 1,    6979.67,   -2.3,   0.87602, 2,    6979.66, -122.3,   0.87602, 3,    6979.65,  117.7,   0.87602
"SCN_CN15_9323_CEI250_ATV_S", 13.8, 1,    7322.43,   -1.6,   0.91905, 2,    7322.43, -121.6,   0.91904, 3,    7322.43,  118.4,   0.91904
"SCN_CN15_9485_CEI109_S", 13.8, 1,    6864.32,   -2.8,   0.86155, 2,     6864.3, -122.8,   0.86154, 3,     6864.3,  117.2,   0.86154
"SCN_CN15_9017_CEI130A_ATV_S", 13.8, 1,    7142.81,   -1.9,    0.8965, 2,     7142.8, -121.9,    0.8965, 3,     7142.8,  118.1,    0.8965
"SCN_CN15_9081_CEI230_ATV_S", 13.8, 1,    6936.48,   -2.4,    0.8706, 2,    6936.46, -122.4,    0.8706, 3,    6936.46,  117.6,    0.8706
"SCN_CN15_9018_CEI220_ATV_S", 13.8, 1,    6892.51,   -2.7,   0.86509, 2,     6892.5, -122.7,   0.86508, 3,     6892.5,  117.3,   0.86508
"SCN_CN15_9007_CEI230_ATV_S", 13.8, 1,    7547.22,   -1.1,   0.94726, 2,    7547.21, -121.1,   0.94726, 3,    7547.21,  118.9,   0.94726
"SCN_CN15_9063_CEI77A_ATV_S", 13.8, 1,    7540.06,   -1.1,   0.94636, 2,    7540.05, -121.1,   0.94636, 3,    7540.05,  118.9,   0.94636
"SCN_CN15_9487_CEI109_S", 13.8, 1,    6864.25,   -2.8,   0.86154, 2,    6864.24, -122.8,   0.86154, 3,    6864.24,  117.2,   0.86154
"SCN_CN15_9016_CEI69A_S", 13.8, 1,    6852.03,   -2.8,      0.86, 2,    6852.02, -122.8,      0.86, 3,    6852.02,  117.2,      0.86
"SCN_CN15_9017_CEI074_S", 13.8, 1,    6919.11,   -2.4,   0.86842, 2,     6919.1, -122.4,   0.86842, 3,    6919.09,  117.6,   0.86842
"SCN_CN15_9307_CEI250_ATV_S", 13.8, 1,     7324.2,   -1.6,   0.91927, 2,     7324.2, -121.6,   0.91927, 3,     7324.2,  118.4,   0.91927
"SCN_CN15_9089_CEI77A_ATV_S", 13.8, 1,    7547.91,   -1.1,   0.94734, 2,     7547.9, -121.1,   0.94734, 3,     7547.9,  118.9,   0.94734
"SCN_CN15_9150_CEI109_S", 13.8, 1,    6878.28,   -2.7,    0.8633, 2,    6878.26, -122.7,    0.8633, 3,    6878.26,  117.3,    0.8633
"SCN_CN15_9036_CEI130_ATV_S", 13.8, 1,    7011.06,   -2.3,   0.87996, 2,    7011.05, -122.3,   0.87996, 3,    7011.05,  117.7,   0.87996
"SCN_CN15_9214_CEI77A_ATV_S", 13.8, 1,     7784.1,   -0.6,   0.97699, 2,    7784.09, -120.6,   0.97699, 3,    7784.09,  119.4,   0.97699
"SCN_CN15_9033_CEI148A_ATV_S", 13.8, 1,    6853.98,   -2.8,   0.86025, 2,    6853.97, -122.8,   0.86025, 3,    6853.97,  117.2,   0.86025
"SCN_CN15_9075_CEI230_ATV_S", 13.8, 1,    6936.67,   -2.4,   0.87063, 2,    6936.66, -122.4,   0.87063, 3,    6936.65,  117.6,   0.87063
"SCN_CN15_9498_CEI109_S", 13.8, 1,    6863.99,   -2.8,   0.86151, 2,    6863.97, -122.8,    0.8615, 3,    6863.97,  117.2,    0.8615
"SCN_CN15_9064_CEI075_S", 13.8, 1,    6936.59,   -2.4,   0.87062, 2,    6936.58, -122.4,   0.87062, 3,    6936.58,  117.6,   0.87062
"SCN_CN15_9171_CEI77A_ATV_S", 13.8, 1,    7783.84,   -0.6,   0.97696, 2,    7783.84, -120.6,   0.97696, 3,    7783.84,  119.4,   0.97696
"SCN_CN15_9032_CEI220_ATV_S", 13.8, 1,    6911.05,   -2.6,   0.86741, 2,    6911.04, -122.6,   0.86741, 3,    6911.03,  117.4,   0.86741
"SCN_CN15_9194_CEI230_ATV_S", 13.8, 1,    6854.08,   -2.8,   0.86026, 2,    6854.07, -122.8,   0.86026, 3,    6854.07,  117.2,   0.86026
"SCN_CN15_9030_CEI148A_ATV_S", 13.8, 1,    6853.42,   -2.8,   0.86018, 2,    6853.41, -122.8,   0.86018, 3,    6853.41,  117.2,   0.86018
"SCN_CN15_9494_CEI109_S", 13.8, 1,    6864.05,   -2.8,   0.86151, 2,    6864.03, -122.8,   0.86151, 3,    6864.03,  117.2,   0.86151
"SCN_CN15_9187_CEI068_S", 13.8, 1,    7143.03,   -1.9,   0.89653, 2,    7143.02, -121.9,   0.89653, 3,    7143.02,  118.1,   0.89653
"SCN_CN15_9306_CEI109_S", 13.8, 1,    6880.86,   -2.7,   0.86362, 2,    6880.85, -122.7,   0.86362, 3,    6880.85,  117.3,   0.86362
"CN_BTS1-13", 13.8, 2,    7145.92, -121.9,   0.89689, 3,    7145.92,  118.1,   0.89689, 8,    7145.93,   -1.9,   0.89689
"CN_DJCN15_CH2353", 13.8, 1,    7145.93,   -1.9,   0.89689, 2,    7145.92, -121.9,   0.89689, 3,    7145.92,  118.1,   0.89689
"SCN_CN15_9033_CEI77A_ATV_S", 13.8, 1,    7544.26,   -1.1,   0.94689, 2,    7544.25, -121.1,   0.94689, 3,    7544.25,  118.9,   0.94689
"SCN_CN15_9013_CEI69B_S", 13.8, 1,    7050.35,   -2.1,    0.8849, 2,    7050.34, -122.1,   0.88489, 3,    7050.34,  117.9,   0.88489
"SCN_CN15_9191_CEI230_ATV_S", 13.8, 1,    6854.15,   -2.8,   0.86027, 2,    6854.13, -122.8,   0.86027, 3,    6854.13,  117.2,   0.86027
"SCN_CN15_9040_CEI070_S", 13.8, 1,    7228.04,   -1.8,    0.9072, 2,    7228.03, -121.8,    0.9072, 3,    7228.03,  118.2,    0.9072
"SCN_CN15_9018_CEI077_ATV_S", 13.8, 1,    7545.82,   -1.1,   0.94708, 2,    7545.81, -121.1,   0.94708, 3,    7545.81,  118.9,   0.94708
"SCN_CN15_9477_CEI109_S", 13.8, 1,    6864.86,   -2.8,   0.86161, 2,    6864.84, -122.8,   0.86161, 3,    6864.84,  117.2,   0.86161
"SCN_CN15_9087_CEI075_S", 13.8, 1,    6929.71,   -2.4,   0.86975, 2,     6929.7, -122.4,   0.86975, 3,    6929.69,  117.6,   0.86975
"SCN_CN15_9156_CEI220_ATV_S", 13.8, 1,    6939.02,   -2.5,   0.87092, 2,    6939.01, -122.5,   0.87092, 3,    6939.01,  117.5,   0.87092
"SCN_CN15_9083_CEI131_ATV_S", 13.8, 1,    6914.09,   -2.6,   0.86779, 2,    6914.07, -122.6,   0.86779, 3,    6914.07,  117.4,   0.86779
"SCN_CN15_9197_CEI77A_ATV_S", 13.8, 1,    7940.46,   -0.2,   0.99661, 2,    7940.46, -120.2,   0.99661, 3,    7940.46,  119.8,   0.99661
"SCN_CN15_9154_CEI109_S", 13.8, 1,    6878.33,   -2.7,   0.86331, 2,    6878.32, -122.7,    0.8633, 3,    6878.31,  117.3,    0.8633
"SCN_CN15_9037_CEI109_S", 13.8, 1,    6911.46,   -2.6,   0.86746, 2,    6911.45, -122.6,   0.86746, 3,    6911.45,  117.4,   0.86746
"SCN_CN15_9003_CEI230_ATV_S", 13.8, 1,    7547.39,   -1.1,   0.94728, 2,    7547.39, -121.1,   0.94728, 3,    7547.39,  118.9,   0.94728
"SCN_CN15_9204_CEI77A_ATV_S", 13.8, 1,    7784.15,   -0.6,     0.977, 2,    7784.14, -120.6,     0.977, 3,    7784.14,  119.4,     0.977
"SCN_CN15_9027_CEI77A_ATV_S", 13.8, 1,    7544.54,   -1.1,   0.94692, 2,    7544.53, -121.1,   0.94692, 3,    7544.53,  118.9,   0.94692
"SCN_CN15_9071_CEI075_S", 13.8, 1,     6924.7,   -2.4,   0.86913, 2,    6924.69, -122.4,   0.86912, 3,    6924.69,  117.6,   0.86912
"SCN_CN15_9068_CEI068_S", 13.8, 1,    7151.12,   -1.9,   0.89754, 2,    7151.11, -121.9,   0.89754, 3,    7151.11,  118.1,   0.89754
"SCN_CN15_9299_CEI109_S", 13.8, 1,    6885.68,   -2.7,   0.86423, 2,    6885.67, -122.7,   0.86423, 3,    6885.67,  117.3,   0.86423
"SCN_CN15_9206_CEI77A_ATV_S", 13.8, 1,    7784.01,   -0.6,   0.97698, 2,    7784.01, -120.6,   0.97698, 3,    7784.01,  119.4,   0.97698
"SCN_CN15_9066_CEI075_S", 13.8, 1,    6924.78,   -2.4,   0.86914, 2,    6924.77, -122.4,   0.86913, 3,    6924.77,  117.6,   0.86913
"SCN_CN15_9090_CEI075_S", 13.8, 1,    6930.75,   -2.4,   0.86988, 2,    6930.74, -122.4,   0.86988, 3,    6930.73,  117.6,   0.86988
"SCN_CN15_9037_CEI130A_ATV_S", 13.8, 1,    7142.09,   -1.9,   0.89641, 2,    7142.08, -121.9,   0.89641, 3,    7142.08,  118.1,   0.89641
"SCN_CN15_9027_CEI077_ATV_S", 13.8, 1,    7543.13,   -1.1,   0.94674, 2,    7543.12, -121.1,   0.94674, 3,    7543.12,  118.9,   0.94674
"SCN_CN15_9003_CEI109_S", 13.8, 1,    6989.46,   -2.3,   0.87725, 2,    6989.45, -122.3,   0.87725, 3,    6989.45,  117.7,   0.87725
"SCN_CN15_9027_CEI130A_ATV_S", 13.8, 1,    7142.14,   -1.9,   0.89642, 2,    7142.13, -121.9,   0.89642, 3,    7142.13,  118.1,   0.89642
"SCN_CN15_9034_CEIRJ006_ATV_S", 13.8, 1,    7544.07,   -1.1,   0.94686, 2,    7544.06, -121.1,   0.94686, 3,    7544.06,  118.9,   0.94686
"SCN_CN15_9044_CEI148A_ATV_S", 13.8, 1,    6862.01,   -2.8,   0.86126, 2,       6862, -122.8,   0.86126, 3,       6862,  117.2,   0.86126
"SCN_CN15_9082_CEI230_ATV_S", 13.8, 1,    6936.47,   -2.4,    0.8706, 2,    6936.46, -122.4,    0.8706, 3,    6936.46,  117.6,    0.8706
"SCN_CN15_9012_CEI072_S", 13.8, 1,    7375.48,   -1.5,    0.9257, 2,    7375.48, -121.5,    0.9257, 3,    7375.48,  118.5,    0.9257
"SCN_CN15_9035_CEI250_ATV_S", 13.8, 1,    7162.12,   -1.9,   0.89892, 2,    7162.11, -121.9,   0.89892, 3,    7162.11,  118.1,   0.89892
"SCN_CN15_9002_CEI230_ATV_S", 13.8, 1,     7547.4,   -1.1,   0.94728, 2,    7547.39, -121.1,   0.94728, 3,    7547.39,  118.9,   0.94728
"SCN_CN15_9010_CEI109_S", 13.8, 1,    6921.37,   -2.6,   0.86871, 2,    6921.36, -122.6,   0.86871, 3,    6921.36,  117.4,   0.86871
"SCN_CN15_9126_CEI201_ATV_S", 13.8, 1,    6989.25,   -2.3,   0.87723, 2,    6989.24, -122.3,   0.87723, 3,    6989.24,  117.7,   0.87723
"SCN_CN15_9174_CEI230_ATV_S", 13.8, 1,    6936.55,   -2.4,   0.87061, 2,    6936.54, -122.4,   0.87061, 3,    6936.54,  117.6,   0.87061
"SCN_CN15_9006_CEI148_ATV_S", 13.8, 1,    6983.92,   -2.3,   0.87656, 2,     6983.9, -122.3,   0.87656, 3,     6983.9,  117.7,   0.87656
"SCN_CN15_9283_CEI109_S", 13.8, 1,    6895.02,   -2.7,    0.8654, 2,    6895.01, -122.7,    0.8654, 3,    6895.01,  117.3,    0.8654
"SCN_CN15_9025_CEI075_S", 13.8, 1,    6937.21,   -2.4,    0.8707, 2,     6937.2, -122.4,   0.87069, 3,     6937.2,  117.6,   0.87069
"SCN_CN15_9022_CEI077_ATV_S", 13.8, 1,     7544.2,   -1.1,   0.94688, 2,     7544.2, -121.1,   0.94688, 3,     7544.2,  118.9,   0.94688
"SCN_CN15_9100_CEI230_ATV_S", 13.8, 1,     6970.3,   -2.3,   0.87485, 2,    6970.29, -122.3,   0.87485, 3,    6970.29,  117.7,   0.87485
"SCN_CN15_9190_CEI230_ATV_S", 13.8, 1,    6854.14,   -2.8,   0.86027, 2,    6854.12, -122.8,   0.86027, 3,    6854.12,  117.2,   0.86027
"SCN_CN15_9425_CEI109_S", 13.8, 1,    6892.84,   -2.7,   0.86513, 2,    6892.83, -122.7,   0.86513, 3,    6892.83,  117.3,   0.86513
"SCN_CN15_9437_CEI109_S", 13.8, 1,    6892.45,   -2.7,   0.86508, 2,    6892.43, -122.7,   0.86508, 3,    6892.43,  117.3,   0.86508
"SCN_CN15_9408_CEI109_S", 13.8, 1,    6870.39,   -2.8,   0.86231, 2,    6870.38, -122.8,   0.86231, 3,    6870.38,  117.2,   0.86231
"SCN_CN15_9045_CEI074_S", 13.8, 1,    6921.99,   -2.4,   0.86879, 2,    6921.98, -122.4,   0.86878, 3,    6921.98,  117.6,   0.86878
"SCN_CN15_9188_CEI230_ATV_S", 13.8, 1,    6854.29,   -2.8,   0.86029, 2,    6854.27, -122.8,   0.86029, 3,    6854.27,  117.2,   0.86029
"SCN_CN15_9050_CEI69B_S", 13.8, 1,    6995.73,   -2.3,   0.87804, 2,    6995.72, -122.3,   0.87804, 3,    6995.72,  117.7,   0.87804
"SCN_CN15_9037_CEI148_ATV_S", 13.8, 1,     6979.7,   -2.3,   0.87603, 2,    6979.69, -122.3,   0.87603, 3,    6979.69,  117.7,   0.87603
"SCN_CN15_9493_CEI109_S", 13.8, 1,    6864.09,   -2.8,   0.86152, 2,    6864.07, -122.8,   0.86152, 3,    6864.07,  117.2,   0.86152
"SCN_CN15_9058_CEI071_S", 13.8, 1,    7322.73,   -1.6,   0.91908, 2,    7322.72, -121.6,   0.91908, 3,    7322.72,  118.4,   0.91908
"SCN_CN15_9048_CEI074_S", 13.8, 1,    6922.75,   -2.4,   0.86888, 2,    6922.74, -122.4,   0.86888, 3,    6922.74,  117.6,   0.86888
"SCN_CN15_9210_CEI109_S", 13.8, 1,    6879.44,   -2.7,   0.86345, 2,    6879.43, -122.7,   0.86344, 3,    6879.43,  117.3,   0.86344
"SCN_CN15_9086_CEI148_ATV_S", 13.8, 1,    6855.04,   -2.8,   0.86038, 2,    6855.02, -122.8,   0.86038, 3,    6855.02,  117.2,   0.86038
"SCN_CN15_9068_CEI148_ATV_S", 13.8, 1,    6978.54,   -2.3,   0.87588, 2,    6978.53, -122.3,   0.87588, 3,    6978.53,  117.7,   0.87588
"SCN_CN15_9038_CEI77A_ATV_S", 13.8, 1,    7543.94,   -1.1,   0.94685, 2,    7543.93, -121.1,   0.94685, 3,    7543.93,  118.9,   0.94685
"SCN_CN15_9165_CEI068_S", 13.8, 1,       7084,   -2.1,   0.88912, 2,    7083.99, -122.1,   0.88912, 3,    7083.99,  117.9,   0.88912
"SCN_CN15_9172_CEI068_S", 13.8, 1,    7107.92,   -2.0,   0.89212, 2,    7107.91, -122.0,   0.89212, 3,    7107.91,  118.0,   0.89212
"SCN_CN15_9088_CEI148_ATV_S", 13.8, 1,    6854.55,   -2.8,   0.86032, 2,    6854.53, -122.8,   0.86032, 3,    6854.53,  117.2,   0.86032
"SCN_CN15_9041_CEI148A_ATV_S", 13.8, 1,    6859.96,   -2.8,     0.861, 2,    6859.94, -122.8,     0.861, 3,    6859.94,  117.2,     0.861
"SCN_CN15_9171_CEI69B_S", 13.8, 1,    6989.53,   -2.3,   0.87726, 2,    6989.52, -122.3,   0.87726, 3,    6989.52,  117.7,   0.87726
"SCN_CN15_9041_CEI130A_ATV_S", 13.8, 1,    7142.09,   -1.9,   0.89641, 2,    7142.08, -121.9,   0.89641, 3,    7142.08,  118.1,   0.89641
"SCN_CN15_9177_CEI77A_ATV_S", 13.8, 1,    7783.56,   -0.6,   0.97692, 2,    7783.56, -120.6,   0.97692, 3,    7783.56,  119.4,   0.97692
"SCN_CN15_9135_CEI230_ATV_S", 13.8, 1,    6930.03,   -2.4,   0.86979, 2,    6930.02, -122.4,   0.86979, 3,    6930.01,  117.6,   0.86979
"SCN_CN15_9077_CEI131_ATV_S", 13.8, 1,    6912.06,   -2.6,   0.86754, 2,    6912.05, -122.6,   0.86754, 3,    6912.05,  117.4,   0.86754
"SCN_CN15_9126_CEI77A_ATV_S", 13.8, 1,    7546.65,   -1.1,   0.94719, 2,    7546.64, -121.1,   0.94719, 3,    7546.64,  118.9,   0.94719
"SCN_CN15_9059_CEI77A_ATV_S", 13.8, 1,    7543.45,   -1.1,   0.94679, 2,    7543.45, -121.1,   0.94679, 3,    7543.45,  118.9,   0.94679
"SCN_CN15_9030_CEI77A_ATV_S", 13.8, 1,    7544.37,   -1.1,    0.9469, 2,    7544.36, -121.1,    0.9469, 3,    7544.37,  118.9,    0.9469
"SCN_CN15_9349_CEI109_S", 13.8, 1,    6862.97,   -2.8,   0.86138, 2,    6862.96, -122.8,   0.86138, 3,    6862.96,  117.2,   0.86138
"SCN_CN15_9202_CEI230_ATV_S", 13.8, 1,    6854.46,   -2.8,   0.86031, 2,    6854.44, -122.8,   0.86031, 3,    6854.44,  117.2,   0.86031
"SCN_CN15_9309_CEI109_S", 13.8, 1,    6880.82,   -2.7,   0.86362, 2,     6880.8, -122.7,   0.86362, 3,     6880.8,  117.3,   0.86362
"SCN_CN15_9016_CEI077_ATV_S", 13.8, 1,    7531.63,   -1.1,    0.9453, 2,    7531.62, -121.1,    0.9453, 3,    7531.62,  118.9,    0.9453
"SCN_CN15_9082_CEI148_ATV_S", 13.8, 1,    6855.79,   -2.8,   0.86048, 2,    6855.78, -122.8,   0.86048, 3,    6855.78,  117.2,   0.86047
"SCN_CN15_9105_CEI075_S", 13.8, 1,    6935.41,   -2.4,   0.87047, 2,    6935.39, -122.4,   0.87047, 3,    6935.39,  117.6,   0.87047
"SCN_CN15_9179_CEI77A_ATV_S", 13.8, 1,    7783.46,   -0.6,   0.97691, 2,    7783.46, -120.6,   0.97691, 3,    7783.46,  119.4,   0.97691
"SCN_CN15_9055_CEIRJ006_ATV_S", 13.8, 1,    6924.66,   -2.4,   0.86912, 2,    6924.65, -122.4,   0.86912, 3,    6924.65,  117.6,   0.86912
"SCN_CN15_9076_CEI77A_ATV_S", 13.8, 1,    7535.01,   -1.1,   0.94573, 2,    7535.01, -121.1,   0.94573, 3,    7535.01,  118.9,   0.94573
"SCN_CN15_9097_CEI075_S", 13.8, 1,    6933.11,   -2.4,   0.87018, 2,     6933.1, -122.4,   0.87018, 3,     6933.1,  117.6,   0.87018
"SCN_CN15_9086_CEI075_S", 13.8, 1,    6929.32,   -2.4,   0.86971, 2,    6929.31, -122.4,    0.8697, 3,    6929.31,  117.6,    0.8697
"SCN_CN15_9144_CEI69B_S", 13.8, 1,    6989.53,   -2.3,   0.87726, 2,    6989.52, -122.3,   0.87726, 3,    6989.52,  117.7,   0.87726
"SCN_CN15_9015_CEI109_S", 13.8, 1,     6921.6,   -2.6,   0.86874, 2,    6921.59, -122.6,   0.86874, 3,    6921.59,  117.4,   0.86874
"SCN_CN15_9399_CEI109_S", 13.8, 1,    6865.23,   -2.8,   0.86166, 2,    6865.22, -122.8,   0.86166, 3,    6865.22,  117.2,   0.86166
"SCN_CN15_9094_CEI230_ATV_S", 13.8, 1,    6970.27,   -2.3,   0.87485, 2,    6970.26, -122.3,   0.87484, 3,    6970.26,  117.7,   0.87484
"SCN_CN15_9200_CEI109_S", 13.8, 1,    6878.86,   -2.7,   0.86337, 2,    6878.85, -122.7,   0.86337, 3,    6878.85,  117.3,   0.86337
"SCN_CN15_9480_CEI109_S", 13.8, 1,    6864.66,   -2.8,   0.86159, 2,    6864.65, -122.8,   0.86159, 3,    6864.65,  117.2,   0.86159
"SCN_CN15_9006_CEI134_ATV_S", 13.8, 1,    6909.84,   -2.6,   0.86726, 2,    6909.83, -122.6,   0.86726, 3,    6909.82,  117.4,   0.86726
"SCN_CN15_9098_CEI072_S", 13.8, 1,    7456.24,   -1.3,   0.93584, 2,    7456.23, -121.3,   0.93584, 3,    7456.24,  118.7,   0.93584
"SCN_CN15_9098_CEI068", 13.8, 1,    7174.67,   -1.9,    0.9005, 2,    7174.66, -121.9,    0.9005, 3,    7174.66,  118.1,    0.9005
"SCN_CN15_9089_CEI068", 13.8, 1,    7155.07,   -1.9,   0.89804, 2,    7155.06, -121.9,   0.89804, 3,    7155.06,  118.1,   0.89804
"SCN_CN15_9031_CEI148_ATV_S", 13.8, 1,    6979.88,   -2.3,   0.87605, 2,    6979.87, -122.3,   0.87605, 3,    6979.87,  117.7,   0.87605
"SCN_CN15_9040_CEI77A_ATV_S", 13.8, 1,    7543.91,   -1.1,   0.94684, 2,     7543.9, -121.1,   0.94684, 3,    7543.91,  118.9,   0.94684
"SCN_CN15_9135_CEI77A_ATV_S", 13.8, 1,    7611.79,   -1.0,   0.95536, 2,    7611.79, -121.0,   0.95536, 3,    7611.79,  119.0,   0.95536
"SCN_CN15_9004_CEI160_ATV_S", 13.8, 1,    6979.82,   -2.4,   0.87604, 2,    6979.81, -122.4,   0.87604, 3,    6979.81,  117.6,   0.87604
"SCN_CN15_9029_CEI074_S", 13.8, 1,    6919.75,   -2.4,    0.8685, 2,    6919.74, -122.4,    0.8685, 3,    6919.73,  117.6,    0.8685
"SCN_CN15_9043_CEI148_ATV_S", 13.8, 1,     6979.2,   -2.3,   0.87597, 2,    6979.19, -122.3,   0.87596, 3,    6979.19,  117.7,   0.87596
"SCN_CN15_9023_CEI074_S", 13.8, 1,    6919.34,   -2.4,   0.86845, 2,    6919.33, -122.4,   0.86845, 3,    6919.32,  117.6,   0.86845
"SCN_CN15_9003_CEI076_S", 13.8, 1,    7157.26,   -1.9,   0.89831, 2,    7157.25, -121.9,   0.89831, 3,    7157.25,  118.1,   0.89831
"SCN_CN15_9043_CEI250_ATV_S", 13.8, 1,    7161.84,   -1.9,   0.89889, 2,    7161.83, -121.9,   0.89889, 3,    7161.83,  118.1,   0.89889
"SCN_CN15_9032_CEI69B", 13.8, 1,    7016.44,   -2.2,   0.88064, 2,    7016.43, -122.2,   0.88064, 3,    7016.43,  117.8,   0.88064
"SCN_CN15_9050_CEI070", 13.8, 1,    7181.86,   -1.8,    0.9014, 2,    7181.85, -121.8,    0.9014, 3,    7181.85,  118.2,    0.9014
"SCN_CN15_9023_CEI077_ATV_S", 13.8, 1,    7543.82,   -1.1,   0.94683, 2,    7543.81, -121.1,   0.94683, 3,    7543.81,  118.9,   0.94683
"SCN_CN15_9302_CEI109_S", 13.8, 1,    6883.32,   -2.7,   0.86393, 2,    6883.31, -122.7,   0.86393, 3,    6883.31,  117.3,   0.86393
"SCN_CN15_9030_CEIRJ006_ATV_S", 13.8, 1,    7543.05,   -1.1,   0.94674, 2,    7543.04, -121.1,   0.94673, 3,    7543.05,  118.9,   0.94673
"SCN_CN15_9102_CEI075_S", 13.8, 1,    6934.26,   -2.4,   0.87032, 2,    6934.24, -122.4,   0.87032, 3,    6934.24,  117.6,   0.87032
"SCN_CN15_9175_CEI69B_S", 13.8, 1,    6989.68,   -2.3,   0.87728, 2,    6989.67, -122.3,   0.87728, 3,    6989.67,  117.7,   0.87728
"SCN_CN15_9077_CEI075_S", 13.8, 1,    6926.61,   -2.4,   0.86937, 2,     6926.6, -122.4,   0.86936, 3,     6926.6,  117.6,   0.86936
"SCN_CN15_9023_CEI130_ATV_S", 13.8, 1,    7039.87,   -2.2,   0.88358, 2,    7039.86, -122.2,   0.88358, 3,    7039.85,  117.8,   0.88358
"SCN_CN15_9031_CEI77A_ATV_S", 13.8, 1,    7544.33,   -1.1,    0.9469, 2,    7544.32, -121.1,   0.94689, 3,    7544.32,  118.9,    0.9469
"SCN_CN15_9095_CEI77A_ATV_S", 13.8, 1,    7553.02,   -1.1,   0.94799, 2,    7553.01, -121.1,   0.94799, 3,    7553.01,  118.9,   0.94799
"SCN_CN15_9102_CEI068_S", 13.8, 1,    7162.14,   -1.9,   0.89893, 2,    7162.13, -121.9,   0.89893, 3,    7162.13,  118.1,   0.89893
"SCN_CN15_9040_CEI148_ATV_S", 13.8, 1,    6979.44,   -2.3,     0.876, 2,    6979.43, -122.3,   0.87599, 3,    6979.42,  117.7,   0.87599
"SCN_CN15_9308_CEI250_ATV_S", 13.8, 1,    7324.12,   -1.6,   0.91926, 2,    7324.11, -121.6,   0.91926, 3,    7324.11,  118.4,   0.91926
"SCN_CN15_9009_CEI134C_ATV_S", 13.8, 1,    6898.11,   -2.6,   0.86579, 2,     6898.1, -122.6,   0.86579, 3,     6898.1,  117.4,   0.86579
"SCN_CN15_9172_CEI77A_ATV_S", 13.8, 1,    7783.71,   -0.6,   0.97694, 2,    7783.71, -120.6,   0.97694, 3,    7783.71,  119.4,   0.97694
"SCN_CN15_9481_CEI109_S", 13.8, 1,    6864.59,   -2.8,   0.86158, 2,    6864.58, -122.8,   0.86158, 3,    6864.58,  117.2,   0.86158
"SCN_CN15_9009_CEI075_S", 13.8, 1,    6939.12,   -2.3,   0.87094, 2,    6939.11, -122.3,   0.87093, 3,     6939.1,  117.7,   0.87093
"SCN_CN15_9283_CEI250_ATV_S", 13.8, 1,    7313.97,   -1.6,   0.91798, 2,    7313.96, -121.6,   0.91798, 3,    7313.96,  118.4,   0.91798
"SCN_CN15_9169_CEI77A_ATV_S", 13.8, 1,    7784.43,   -0.6,   0.97703, 2,    7784.42, -120.6,   0.97703, 3,    7784.43,  119.4,   0.97703
"SCN_CN15_9197_CEI230_ATV_BT_FP1074", 0.38, 1,    186.758,   -3.7,   0.85125, 2,    186.758, -123.7,   0.85125, 3,    186.758,  116.3,   0.85125
"SCN_CN15_9198_CEI109_BT_FX8231", 0.38, 1,    185.646,   -4.1,   0.84618, 2,    185.646, -124.1,   0.84618, 3,    185.646,  115.9,   0.84618
"SCN_CN15_9031_CEI250_ATV_BT_FT4575", 0.38, 1,    193.233,   -3.2,   0.88076, 2,    193.232, -123.2,   0.88076, 3,    193.232,  116.8,   0.88076
"SCN_CN15_9031_CEI69B_BT_FZ2489", 0.38, 1,      189.4,   -3.5,   0.86329, 2,      189.4, -123.5,   0.86329, 3,      189.4,  116.5,   0.86329
"SCN_CN15_9032_CEI148_ATV_BT_FZ1030", 0.38, 1,    188.371,   -3.6,    0.8586, 2,     188.37, -123.6,    0.8586, 3,     188.37,  116.4,    0.8586
"SCN_CN15_9032_CEI160_ATV_BT_FX4690", 0.38, 1,    188.332,   -3.6,   0.85842, 2,    188.332, -123.6,   0.85842, 3,    188.332,  116.4,   0.85842
"SCN_CN15_9023_CEI201_ATV_BT_FIC1244", 0.38, 1,    185.166,   -4.1,   0.84399, 2,    185.166, -124.1,   0.84399, 3,    185.165,  115.9,   0.84399
"SCN_CN15_9023_CEI77A_ATV_BT_FM0468", 0.38, 1,    203.556,   -2.5,   0.92781, 2,    203.556, -122.5,   0.92781, 3,    203.556,  117.5,   0.92781
"SCN_CN15_9023_CEIRJ006_ATV_BT_FP1075", 0.38, 1,    201.709,   -2.6,    0.9194, 2,    201.709, -122.6,    0.9194, 3,    201.709,  117.4,    0.9194
"SCN_CN15_9024_CEI077_ATV_BT_FX9171", 0.38, 1,    203.552,   -2.4,   0.92779, 2,    203.552, -122.4,   0.92779, 3,    203.552,  117.6,   0.92779
"SCN_CN15_9031_CEI230B_ATV_BT_FP0945", 0.38, 1,    186.832,   -3.7,   0.85159, 2,    186.832, -123.7,   0.85158, 3,    186.832,  116.3,   0.85158
"SCN_CN15_9191_CEI109_BT_FIC1332", 0.38, 1,    185.645,   -4.1,   0.84617, 2,    185.645, -124.1,   0.84617, 3,    185.645,  115.9,   0.84617
"SCN_CN15_9193_CEI230_ATV_BT_FT0380", 0.38, 1,    184.985,   -4.1,   0.84317, 2,    184.985, -124.1,   0.84317, 3,    184.985,  115.9,   0.84317
"SCN_CN15_9193_CEI77A_ATV_BT_FF6328", 0.38, 1,    213.284,   -1.6,   0.97215, 2,    213.284, -121.6,   0.97215, 3,    213.284,  118.4,   0.97215
"SCN_CN15_9025_CEI134B_ATV_BT_FP0958", 0.38, 1,    186.197,   -3.9,   0.84869, 2,    186.197, -124.0,   0.84869, 3,    186.197,  116.0,   0.84869
"SCN_CN15_9025_CEI230B_ATV_BT_FIC1248", 0.38, 1,     186.79,   -3.7,    0.8514, 2,     186.79, -123.7,   0.85139, 3,     186.79,  116.3,   0.85139
"SCN_CN15_9026_CEI068_BT_FM1100", 0.38, 1,    192.841,   -3.2,   0.87897, 2,    192.841, -123.2,   0.87897, 3,    192.841,  116.8,   0.87897
"SCN_CN15_9026_CEI077_ATV_BT_FZ2813", 0.38, 1,    203.534,   -2.4,   0.92771, 2,    203.534, -122.4,   0.92771, 3,    203.534,  117.6,   0.92771
"SCN_CN15_9036_CEI201_ATV_BT_FIC1260", 0.38, 1,     185.21,   -4.1,   0.84419, 2,     185.21, -124.1,   0.84419, 3,     185.21,  115.9,   0.84419
"SCN_CN15_9037_CEI076_BT_FIC1261", 0.38, 1,    193.024,   -3.2,   0.87981, 2,    193.024, -123.2,   0.87981, 3,    193.024,  116.8,   0.87981
"SCN_CN15_9037_CEI134B_ATV_BT_FP0959", 0.38, 1,    186.178,   -4.0,    0.8486, 2,    186.178, -124.0,    0.8486, 3,    186.177,  116.0,    0.8486
"SCN_CN15_9037_CEI160_ATV_BT_FT4513", 0.38, 1,    188.571,   -3.6,   0.85951, 2,    188.571, -123.6,   0.85951, 3,     188.57,  116.4,   0.85951
"SCN_CN15_9038_CEIRJ006_ATV_BT_FP5672", 0.38, 1,    203.855,   -2.4,   0.92918, 2,    203.855, -122.4,   0.92918, 3,    203.855,  117.6,   0.92918
"SCN_CN15_9039_CEI130_ATV_BT_FF0639", 0.38, 1,    189.208,   -3.6,   0.86242, 2,    189.208, -123.6,   0.86241, 3,    189.208,  116.4,   0.86241
"SCN_CN15_9192_CEI230_ATV_BT_FP3255", 0.38, 1,    184.985,   -4.1,   0.84317, 2,    184.985, -124.1,   0.84317, 3,    184.985,  115.9,   0.84317
"SCN_CN15_9317_CEI068_BT_FIC1358", 0.38, 1,    193.149,   -3.2,   0.88038, 2,    193.149, -123.2,   0.88038, 3,    193.149,  116.8,   0.88038
"SCN_CN15_9035_CEI068_BT_FIC1341", 0.38, 1,    192.847,   -3.2,     0.879, 2,    192.847, -123.2,     0.879, 3,    192.847,  116.8,     0.879
"SCN_CN15_9454_CEI109_BT_FX4223", 0.38, 1,    186.014,   -4.0,   0.84786, 2,    186.013, -124.0,   0.84785, 3,    186.013,  116.0,   0.84785
"SCN_CN15_9032_CEI77A_ATV_BT_FT4299", 0.38, 1,    203.566,   -2.5,   0.92786, 2,    203.566, -122.5,   0.92786, 3,    203.566,  117.5,   0.92786
"SCN_CN15_9032_CEIRJ006_ATV_BT_FX2587", 0.38, 1,    203.531,   -2.5,    0.9277, 2,    203.531, -122.5,    0.9277, 3,    203.531,  117.5,    0.9277
"SCN_CN15_9036_CEI148A_ATV_BT_FX0776", 0.38, 1,    185.127,   -4.1,   0.84382, 2,    185.127, -124.1,   0.84381, 3,    185.127,  115.9,   0.84381
"SCN_CN15_9216_CEI109_BT_FX4012", 0.38, 1,    185.664,   -4.1,   0.84626, 2,    185.664, -124.1,   0.84626, 3,    185.664,  115.9,   0.84626
"SCN_CN15_9216_CEI77A_ATV_BT_FT5352", 0.38, 1,    210.092,   -2.0,   0.95761, 2,    210.092, -122.0,   0.95761, 3,    210.092,  118.0,   0.95761
"SCN_CN15_9495_CEI109_BT_FT0758", 0.38, 1,    185.254,   -4.1,   0.84439, 2,    185.254, -124.1,   0.84439, 3,    185.254,  115.9,   0.84439
"SCN_CN15_9493_CEI109_BT_FX4148", 0.38, 1,    185.253,   -4.1,   0.84439, 2,    185.253, -124.1,   0.84439, 3,    185.253,  115.9,   0.84439
"SCN_CN15_9181_CEI068_BT_FP0930", 0.38, 1,    192.153,   -3.3,   0.87584, 2,    192.153, -123.3,   0.87584, 3,    192.153,  116.7,   0.87584
"SCN_CN15_9075_CEI77A_ATV_BT_FX2534", 0.38, 1,    203.326,   -2.5,   0.92677, 2,    203.326, -122.5,   0.92676, 3,    203.326,  117.5,   0.92676
"SCN_CN15_9114_CEI77A_ATV_BT_FP8843", 0.38, 1,    203.776,   -2.4,   0.92882, 2,    203.776, -122.4,   0.92882, 3,    203.776,  117.6,   0.92882
"SCN_CN15_9041_CEI070_BT_FT4529", 0.38, 1,    195.051,   -3.1,   0.88905, 2,     195.05, -123.1,   0.88905, 3,     195.05,  116.9,   0.88905
"SCN_CN15_9044_CEI070_BT_FT4701", 0.38, 1,    194.688,   -3.1,   0.88739, 2,    194.687, -123.1,   0.88739, 3,    194.687,  116.9,   0.88739
"SCN_CN15_9069_CEI072_BT_FT8576", 0.38, 1,    200.533,   -2.7,   0.91403, 2,    200.533, -122.7,   0.91403, 3,    200.533,  117.3,   0.91403
"SCN_CN15_9198_CEI69A_BT_FX8688", 0.38, 1,    188.618,   -3.6,   0.85973, 2,    188.618, -123.6,   0.85973, 3,    188.618,  116.4,   0.85973
"SCN_CN15_421166_CEI_BT_FT6400", 0.38, 1,    188.538,   -3.6,   0.85936, 2,    188.538, -123.6,   0.85936, 3,    188.538,  116.4,   0.85936
"SCN_CN15_9069_CEI075_BT_FZ2703", 0.38, 1,    186.861,   -3.7,   0.85172, 2,    186.861, -123.7,   0.85172, 3,     186.86,  116.3,   0.85172
"SCN_CN15_9052_CEI070_BT_FZ1968", 0.38, 1,     194.86,   -3.1,   0.88818, 2,     194.86, -123.1,   0.88818, 3,     194.86,  116.9,   0.88818
"SCN_CN15_9052_CEI77A_ATV_BT_FP0911", 0.38, 1,    203.561,   -2.5,   0.92784, 2,    203.561, -122.5,   0.92784, 3,    203.561,  117.5,   0.92784
"SCN_CN15_9052_CEIRJ006_ATV_BT_FX2678", 0.38, 1,     187.38,   -3.7,   0.85409, 2,     187.38, -123.7,   0.85408, 3,     187.38,  116.3,   0.85408
"SCN_CN15_9054_CEI201_ATV_BT_FX2395", 0.38, 1,    185.282,   -4.1,   0.84452, 2,    185.282, -124.1,   0.84452, 3,    185.282,  115.9,   0.84452
"SCN_CN15_9201_CEI230_ATV_BT_FP4528", 0.38, 1,    186.761,   -3.7,   0.85126, 2,     186.76, -123.7,   0.85126, 3,     186.76,  116.3,   0.85126
"SCN_CN15_9205_CEI230_ATV_BT_FX3973", 0.38, 1,    184.994,   -4.1,   0.84321, 2,    184.994, -124.1,   0.84321, 3,    184.994,  115.9,   0.84321
"SCN_CN15_9207_CEI77A_ATV_BT_FX5103", 0.38, 1,     210.09,   -2.0,    0.9576, 2,     210.09, -122.0,   0.95759, 3,     210.09,  118.0,    0.9576
"SCN_CN15_9208_CEI230_ATV_BT_FIC1339", 0.38, 1,    186.758,   -3.7,   0.85125, 2,    186.758, -123.7,   0.85125, 3,    186.758,  116.3,   0.85125
"SCN_CN15_9208_CEI77A_ATV_BT_FX2297", 0.38, 1,    210.089,   -2.0,   0.95759, 2,    210.089, -122.0,   0.95759, 3,    210.089,  118.0,   0.95759
"SCN_CN15_9210_CEI109_BT_FT8348", 0.38, 1,    185.667,   -4.1,   0.84627, 2,    185.666, -124.1,   0.84627, 3,    185.666,  115.9,   0.84627
"SCN_CN15_9071_CEI070_BT_FT3791", 0.38, 1,    195.541,   -3.1,   0.89128, 2,    195.541, -123.1,   0.89128, 3,    195.541,  116.9,   0.89128
"SCN_CN15_9074_CEI074_BT_FT4303", 0.38, 1,    186.758,   -3.7,   0.85125, 2,    186.757, -123.7,   0.85124, 3,    186.757,  116.3,   0.85124
"SCN_CN15_9053_CEI148_ATV_BT_FZ2486", 0.38, 1,     188.38,   -3.6,   0.85864, 2,     188.38, -123.6,   0.85864, 3,     188.38,  116.4,   0.85864
"SCN_CN15_9053_CEI201_ATV_BT_FT5469", 0.38, 1,    185.259,   -4.1,   0.84442, 2,    185.259, -124.1,   0.84441, 3,    185.259,  115.9,   0.84441
"SCN_CN15_9053_CEI77A_ATV_BT_FZ7732", 0.38, 1,    203.588,   -2.5,   0.92796, 2,    203.588, -122.5,   0.92796, 3,    203.588,  117.5,   0.92796
"SCN_CN15_9053_CEIRJ006_ATV_BT_FP1050", 0.38, 1,    187.221,   -3.7,   0.85336, 2,    187.221, -123.7,   0.85336, 3,    187.221,  116.3,   0.85336
"SCN_CN15_9056_CEI77A_ATV_BT_FX4048", 0.38, 1,    203.623,   -2.4,   0.92812, 2,    203.623, -122.4,   0.92812, 3,    203.623,  117.6,   0.92812
"SCN_CN15_9057_CEIRJ006_ATV_BT_FX2280", 0.38, 1,    186.883,   -3.7,   0.85182, 2,    186.882, -123.7,   0.85182, 3,    186.882,  116.3,   0.85182
"SCN_CN15_9058_CEI220_ATV_BT_FP0953", 0.38, 1,    187.107,   -3.9,   0.85284, 2,    187.106, -123.9,   0.85284, 3,    187.106,  116.1,   0.85284
"SCN_CN15_9058_CEIRJ006_ATV_BT_FX2132", 0.38, 1,    186.784,   -3.7,   0.85137, 2,    186.784, -123.7,   0.85137, 3,    186.784,  116.3,   0.85137
"SCN_CN15_9059_CEI068_BT_FZ2495", 0.38, 1,    192.935,   -3.2,    0.8794, 2,    192.934, -123.2,    0.8794, 3,    192.934,  116.8,    0.8794
"SCN_CN15_9059_CEI070_BT_FX5487", 0.38, 1,    195.399,   -3.1,   0.89064, 2,    195.399, -123.1,   0.89063, 3,    195.399,  116.9,   0.89063
"SCN_CN15_9059_CEI160_ATV_BT_FP0841", 0.38, 1,    197.669,   -2.9,   0.90098, 2,    197.669, -122.9,   0.90098, 3,    197.669,  117.1,   0.90098
"SCN_CN15_9059_CEI230_ATV_BT_FF0584", 0.38, 1,    203.631,   -2.4,   0.92815, 2,     203.63, -122.4,   0.92815, 3,    203.631,  117.6,   0.92815
"SCN_CN15_9059_CEIRJ006_ATV_BT_FX4540", 0.38, 1,     186.74,   -3.7,   0.85117, 2,     186.74, -123.7,   0.85117, 3,     186.74,  116.3,   0.85117
"SCN_CN15_9060_CEI072_BT_FZ0201", 0.38, 1,    200.244,   -2.7,   0.91272, 2,    200.244, -122.7,   0.91272, 3,    200.244,  117.3,   0.91272
"SCN_CN15_9060_CEI148_ATV_BT_FX2155", 0.38, 1,    188.364,   -3.6,   0.85857, 2,    188.363, -123.6,   0.85857, 3,    188.363,  116.4,   0.85857
"SCN_CN15_9060_CEI160_ATV_BT_FP0842", 0.38, 1,    197.655,   -2.9,   0.90092, 2,    197.655, -122.9,   0.90092, 3,    197.655,  117.1,   0.90092
"SCN_CN15_9060_CEI77A_ATV_BT_FP1082", 0.38, 1,    203.542,   -2.4,   0.92775, 2,    203.542, -122.4,   0.92775, 3,    203.542,  117.6,   0.92775
"SCN_CN15_9060_CEIRJ006_ATV_BT_FT6095", 0.38, 1,    186.735,   -3.7,   0.85114, 2,    186.735, -123.7,   0.85114, 3,    186.735,  116.3,   0.85114
"SCN_CN15_9024_CEI109_BT_FP8543", 0.38, 1,    186.799,   -3.9,   0.85143, 2,    186.799, -123.9,   0.85143, 3,    186.799,  116.1,   0.85143
"SCN_CN15_9027_CEI220_ATV_BT_FT4755", 0.38, 1,     185.64,   -4.1,   0.84615, 2,     185.64, -124.1,   0.84615, 3,     185.64,  115.9,   0.84615
"SCN_CN15_9028_CEI134B_ATV_BT_FIC1249", 0.38, 1,    186.197,   -4.0,   0.84869, 2,    186.196, -124.0,   0.84869, 3,    186.196,  116.0,   0.84869
"SCN_CN15_9028_CEI134C_ATV_BT_FP0962", 0.38, 1,    186.141,   -4.0,   0.84843, 2,     186.14, -124.0,   0.84843, 3,     186.14,  116.0,   0.84843
"SCN_CN15_9054_CEIRJ006_ATV_BT_FP0937", 0.38, 1,    187.196,   -3.7,   0.85325, 2,    187.196, -123.7,   0.85325, 3,    187.196,  116.3,   0.85324
"SCN_CN15_9049_CEI109_BT_FX0200", 0.38, 1,    186.551,   -3.9,   0.85031, 2,    186.551, -123.9,    0.8503, 3,    186.551,  116.1,    0.8503
"SCN_CN15_9240_CEI068_BT_FZ9166", 0.38, 1,    192.934,   -3.2,    0.8794, 2,    192.934, -123.2,    0.8794, 3,    192.934,  116.8,    0.8794
"SCN_CN15_9240_CEI109_BT_FZ7004", 0.38, 1,    185.696,   -4.0,   0.84641, 2,    185.696, -124.0,   0.84641, 3,    185.696,  116.0,   0.84641
"SCN_CN15_9245_CEI109_BT_FZ7003", 0.38, 1,    185.661,   -4.1,   0.84625, 2,     185.66, -124.1,   0.84625, 3,     185.66,  115.9,   0.84625
"SCN_CN15_9547_CEI109_BT_FX2538", 0.38, 1,    186.728,   -3.9,   0.85111, 2,    186.728, -123.9,   0.85111, 3,    186.728,  116.1,   0.85111
"SCN_CN15_9570_CEI109_BT_FX2453", 0.38, 1,    186.386,   -4.0,   0.84955, 2,    186.386, -124.0,   0.84955, 3,    186.386,  116.0,   0.84955
"SCN_CN15_9003_CEI076_BT_FX0673", 0.38, 1,    193.146,   -3.2,   0.88037, 2,    193.146, -123.2,   0.88036, 3,    193.146,  116.8,   0.88036
"SCN_CN15_9020_CEI075_BT_FZ0734", 0.38, 1,    187.236,   -3.7,   0.85343, 2,    187.236, -123.7,   0.85343, 3,    187.236,  116.3,   0.85343
"SCN_CN15_9199_CEI77A_ATV_BT_FIC1336", 0.38, 1,    214.689,   -1.4,   0.97856, 2,    214.689, -121.4,   0.97856, 3,    214.689,  118.6,   0.97856
"SCN_CN15_9200_CEI77A_ATV_BT_FP7913", 0.38, 1,     210.09,   -2.0,    0.9576, 2,     210.09, -122.0,    0.9576, 3,     210.09,  118.0,    0.9576
"SCN_CN15_9092_CEI77A_ATV_BT_FM0378", 0.38, 1,    203.751,   -2.4,    0.9287, 2,     203.75, -122.4,    0.9287, 3,     203.75,  117.6,    0.9287
"SCN_CN15_9058_CEI071_BT_FX4285", 0.38, 1,    197.601,   -2.9,   0.90067, 2,      197.6, -122.9,   0.90067, 3,      197.6,  117.1,   0.90067
"SCN_CN15_9070_CEIRJ006_ATV_BT_FP3432", 0.38, 1,    184.983,   -4.1,   0.84316, 2,    184.983, -124.1,   0.84316, 3,    184.983,  115.9,   0.84316
"SCN_CN15_9071_CEI201_ATV_BT_FX8727", 0.38, 1,    185.213,   -4.1,   0.84421, 2,    185.212, -124.1,    0.8442, 3,    185.212,  115.9,    0.8442
"SCN_CN15_9071_CEI230_ATV_BT_FT4309", 0.38, 1,    187.196,   -3.7,   0.85325, 2,    187.196, -123.7,   0.85324, 3,    187.196,  116.3,   0.85324
"SCN_CN15_9071_CEI77A_ATV_BT_FP1055", 0.38, 1,    203.371,   -2.5,   0.92697, 2,    203.371, -122.5,   0.92697, 3,    203.371,  117.5,   0.92697
"SCN_CN15_9071_CEIRJ006_ATV_BT_FX4147", 0.38, 1,    184.985,   -4.1,   0.84317, 2,    184.985, -124.1,   0.84317, 3,    184.985,  115.9,   0.84317
"SCN_CN15_9072_CEI148_ATV_BT_FT4531", 0.38, 1,    188.332,   -3.6,   0.85842, 2,    188.332, -123.6,   0.85842, 3,    188.332,  116.4,   0.85842
"SCN_CN15_9074_CEI148_ATV_BT_FT4703", 0.38, 1,    188.333,   -3.6,   0.85843, 2,    188.333, -123.6,   0.85842, 3,    188.332,  116.4,   0.85842
"SCN_CN15_9075_CEI131_ATV_BT_FP0963", 0.38, 1,     186.56,   -3.9,   0.85035, 2,     186.56, -123.9,   0.85034, 3,     186.56,  116.1,   0.85034
"SCN_CN15_9075_CEI201_ATV_BT_FX4479", 0.38, 1,    184.964,   -4.1,   0.84307, 2,    184.964, -124.1,   0.84307, 3,    184.964,  115.9,   0.84307
"SCN_CN15_9075_CEI220_ATV_BT_FP0952", 0.38, 1,    187.152,   -3.8,   0.85304, 2,    187.152, -123.8,   0.85304, 3,    187.152,  116.2,   0.85304
"SCN_CN15_9076_CEI77A_ATV_BT_FIC1291", 0.38, 1,    203.316,   -2.5,   0.92672, 2,    203.316, -122.5,   0.92672, 3,    203.316,  117.5,   0.92672
"SCN_CN15_9040_CEI068_BT_FZ0145", 0.38, 1,     192.86,   -3.2,   0.87906, 2,    192.859, -123.2,   0.87906, 3,    192.859,  116.8,   0.87906
"SCN_CN15_9077_CEI068_BT_FZ2493", 0.38, 1,    193.034,   -3.2,   0.87985, 2,    193.034, -123.2,   0.87985, 3,    193.034,  116.8,   0.87985
"SCN_CN15_9078_CEI074_BT_FZ3293", 0.38, 1,    186.766,   -3.7,   0.85129, 2,    186.766, -123.7,   0.85129, 3,    186.766,  116.3,   0.85128
"SCN_CN15_9078_CEI230_ATV_BT_FP0931", 0.38, 1,    187.204,   -3.7,   0.85328, 2,    187.204, -123.7,   0.85328, 3,    187.204,  116.3,   0.85328
"SCN_CN15_9082_CEI201_ATV_BT_FIC1296", 0.38, 1,    188.341,   -3.6,   0.85846, 2,     188.34, -123.6,   0.85846, 3,     188.34,  116.4,   0.85846
"SCN_CN15_9079_CEI77A_ATV_BT_FX2426", 0.38, 1,    203.301,   -2.5,   0.92665, 2,    203.301, -122.5,   0.92665, 3,    203.301,  117.5,   0.92665
"SCN_CN15_9080_CEI131_ATV_BT_FT1998", 0.38, 1,    186.508,   -3.9,   0.85011, 2,    186.507, -123.9,   0.85011, 3,    186.507,  116.1,   0.85011
"SCN_CN15_9080_CEI201_ATV_BT_FP5721", 0.38, 1,    188.341,   -3.6,   0.85846, 2,     188.34, -123.6,   0.85846, 3,     188.34,  116.4,   0.85846
"SCN_CN15_9082_CEI220_ATV_BT_FT4747", 0.38, 1,    187.215,   -3.8,   0.85333, 2,    187.215, -123.8,   0.85333, 3,    187.215,  116.2,   0.85333
"SCN_CN15_9082_CEI77A_ATV_BT_FF0601", 0.38, 1,    203.423,   -2.5,   0.92721, 2,    203.422, -122.5,   0.92721, 3,    203.422,  117.5,   0.92721
"SCN_CN15_9084_CEI071_BT_FIC1297", 0.38, 1,    197.588,   -2.9,   0.90061, 2,    197.587, -122.9,   0.90061, 3,    197.587,  117.1,   0.90061
"SCN_CN15_9038_CEI77A_ATV_BT_FP0916", 0.38, 1,    203.556,   -2.5,   0.92781, 2,    203.556, -122.5,   0.92781, 3,    203.556,  117.5,   0.92781
"SCN_CN15_9416_CEI109_BT_FT4129", 0.38, 1,    185.569,   -4.1,   0.84583, 2,    185.568, -124.1,   0.84583, 3,    185.568,  115.9,   0.84583
"SCN_CN15_9028_CEI148A_ATV_BT_FU0372", 0.38, 1,    184.965,   -4.1,   0.84308, 2,    184.965, -124.1,   0.84307, 3,    184.965,  115.9,   0.84307
"SCN_CN15_9028_CEI167_ATV_BT_FF1964", 0.38, 1,    203.318,   -2.5,   0.92673, 2,    203.318, -122.5,   0.92673, 3,    203.318,  117.5,   0.92673
"SCN_CN15_9028_CEI201_ATV_BT_FW2876", 0.38, 1,    185.183,   -4.1,   0.84407, 2,    185.183, -124.1,   0.84407, 3,    185.183,  115.9,   0.84407
"SCN_CN15_9028_CEI220_ATV_BT_FT4797", 0.38, 1,    185.638,   -4.1,   0.84614, 2,    185.638, -124.1,   0.84614, 3,    185.638,  115.9,   0.84614
"SCN_CN15_9028_CEI69A_BT_FZ2483", 0.38, 1,    184.945,   -4.1,   0.84299, 2,    184.945, -124.1,   0.84298, 3,    184.945,  115.9,   0.84298
"SCN_CN15_9029_CEI077_ATV_BT_FP0897", 0.38, 1,    203.529,   -2.4,   0.92769, 2,    203.529, -122.4,   0.92769, 3,    203.529,  117.6,   0.92769
"SCN_CN15_9029_CEI134B_ATV_BT_FT2705", 0.38, 1,    186.213,   -3.9,   0.84877, 2,    186.213, -123.9,   0.84876, 3,    186.213,  116.1,   0.84876
"SCN_CN15_9466_CEI109_BT_FX0201", 0.38, 1,    186.014,   -4.0,   0.84786, 2,    186.014, -124.0,   0.84786, 3,    186.014,  116.0,   0.84786
"SCN_CN15_9480_CEI109_BT_FZ3481", 0.38, 1,    185.269,   -4.1,   0.84446, 2,    185.268, -124.1,   0.84446, 3,    185.268,  115.9,   0.84446
"SCN_CN15_9488_CEI109_BT_FX2217", 0.38, 1,    185.257,   -4.1,   0.84441, 2,    185.257, -124.1,   0.84441, 3,    185.257,  115.9,   0.84441
"SCN_CN15_9489_CEI109_BT_FX2216", 0.38, 1,    185.257,   -4.1,   0.84441, 2,    185.257, -124.1,   0.84441, 3,    185.257,  115.9,   0.84441
"SCN_CN15_9026_CEI074_BT_FZ1688", 0.38, 1,    186.745,   -3.7,   0.85119, 2,    186.745, -123.7,   0.85119, 3,    186.745,  116.3,   0.85119
"SCN_CN15_9098_CEI072_BT_FX8503", 0.38, 1,    201.195,   -2.6,   0.91705, 2,    201.195, -122.6,   0.91705, 3,    201.195,  117.4,   0.91705
"SCN_CN15_9062_CEI071_BT_FZ5926", 0.38, 1,    197.592,   -2.9,   0.90063, 2,    197.592, -122.9,   0.90063, 3,    197.592,  117.1,   0.90063
"SCN_CN15_9263_CEI109_BT_FZ7002", 0.38, 1,    185.651,   -4.1,    0.8462, 2,    185.651, -124.1,    0.8462, 3,    185.651,  115.9,    0.8462
"SCN_CN15_9085_CEI201_ATV_BT_FX0258", 0.38, 1,    188.342,   -3.6,   0.85847, 2,    188.341, -123.6,   0.85847, 3,    188.341,  116.4,   0.85846
"SCN_CN15_9085_CEI77A_ATV_BT_FIC1299", 0.38, 1,    203.424,   -2.5,   0.92721, 2,    203.423, -122.5,   0.92721, 3,    203.424,  117.5,   0.92721
"SCN_CN15_9087_CEI109_BT_FX0206", 0.38, 1,    186.524,   -3.9,   0.85018, 2,    186.524, -123.9,   0.85018, 3,    186.524,  116.1,   0.85018
"SCN_CN15_9069_CEI77A_ATV_BT_FP0909", 0.38, 1,    203.379,   -2.5,   0.92701, 2,    203.379, -122.5,   0.92701, 3,    203.379,  117.5,   0.92701
"SCN_CN15_9070_CEI201_ATV_BT_FP1476", 0.38, 1,    185.247,   -4.1,   0.84436, 2,    185.247, -124.1,   0.84436, 3,    185.247,  115.9,   0.84436
"SCN_CN15_9083_CEI148_ATV_BT_FM0409", 0.38, 1,    185.024,   -4.1,   0.84334, 2,    185.023, -124.1,   0.84334, 3,    185.023,  115.9,   0.84334
"SCN_CN15_9504_CEI109_BT_FZ1042", 0.38, 1,    185.246,   -4.1,   0.84435, 2,    185.245, -124.1,   0.84435, 3,    185.245,  115.9,   0.84435
"SCN_CN15_9055_CEI201_ATV_BT_FZ6977", 0.38, 1,    188.332,   -3.6,   0.85842, 2,    188.331, -123.6,   0.85842, 3,    188.331,  116.4,   0.85842
"SCN_CN15_9212_CEI77A_ATV_BT_FP5957", 0.38, 1,    210.088,   -2.0,   0.95759, 2,    210.088, -122.0,   0.95759, 3,    210.088,  118.0,   0.95759
"SCN_CN15_9031_CEI077_ATV_BT_FIC1252", 0.38, 1,    203.531,   -2.4,    0.9277, 2,    203.531, -122.4,    0.9277, 3,    203.531,  117.6,    0.9277
"SCN_CN15_9030_CEI134C_ATV_BT_FT4720", 0.38, 1,    186.143,   -4.0,   0.84844, 2,    186.143, -124.0,   0.84844, 3,    186.143,  116.0,   0.84844
"SCN_CN15_9033_CEI072_BT_FX3800", 0.38, 1,    199.003,   -2.8,   0.90706, 2,    199.002, -122.8,   0.90706, 3,    199.002,  117.2,   0.90706
"SCN_CN15_9033_CEI074_BT_FT4540", 0.38, 1,    186.763,   -3.7,   0.85127, 2,    186.762, -123.7,   0.85127, 3,    186.762,  116.3,   0.85127
"SCN_CN15_9033_CEI076_BT_FM1167", 0.38, 1,     193.03,   -3.2,   0.87984, 2,     193.03, -123.2,   0.87984, 3,     193.03,  116.8,   0.87984
"SCN_CN15_9062_CEIRJ006_ATV_BT_FT4337", 0.38, 1,    186.755,   -3.7,   0.85123, 2,    186.754, -123.7,   0.85123, 3,    186.754,  116.3,   0.85123
"SCN_CN15_9004_CEI160A_ATV_BT_FZ1178", 0.38, 1,    186.166,   -4.0,   0.84855, 2,    186.166, -124.0,   0.84855, 3,    186.166,  116.0,   0.84855
"SCN_CN15_9088_CEI201_ATV_BT_FM0467", 0.38, 1,    188.507,   -3.6,   0.85922, 2,    188.507, -123.6,   0.85922, 3,    188.507,  116.4,   0.85922
"SCN_CN15_9089_CEI148_ATV_BT_FZ0352", 0.38, 1,    184.994,   -4.1,   0.84321, 2,    184.994, -124.1,   0.84321, 3,    184.994,  115.9,   0.84321
"SCN_CN15_9090_CEI072_BT_FX8571", 0.38, 1,    200.842,   -2.7,   0.91544, 2,    200.842, -122.7,   0.91544, 3,    200.842,  117.3,   0.91544
"SCN_CN15_9269_CEI109_BT_FX2235", 0.38, 1,    186.274,   -4.0,   0.84904, 2,    186.274, -124.0,   0.84904, 3,    186.274,  116.0,   0.84904
"SCN_CN15_9300_CEI250_ATV_BT_FT4707", 0.38, 1,    198.118,   -2.9,   0.90303, 2,    198.118, -122.9,   0.90303, 3,    198.118,  117.1,   0.90303
"SCN_CN15_9280_CEI250_ATV_BT_FP8842", 0.38, 1,     197.23,   -3.0,   0.89898, 2,     197.23, -123.0,   0.89898, 3,     197.23,  117.0,   0.89898
"SCN_CN15_9284_CEI250_ATV_BT_FIC1354", 0.38, 1,    197.364,   -2.9,   0.89959, 2,    197.364, -122.9,   0.89959, 3,    197.364,  117.1,   0.89959
"SCN_CN15_9090_CEI230_ATV_BT_FP0932", 0.38, 1,    187.201,   -3.7,   0.85327, 2,      187.2, -123.7,   0.85326, 3,      187.2,  116.3,   0.85326
"SCN_CN15_9090_CEI77A_ATV_BT_FT4553", 0.38, 1,    203.663,   -2.4,    0.9283, 2,    203.663, -122.4,    0.9283, 3,    203.663,  117.6,    0.9283
"SCN_CN15_9113_CEI77A_ATV_BT_FIC1311", 0.38, 1,    203.777,   -2.4,   0.92882, 2,    203.776, -122.4,   0.92882, 3,    203.777,  117.6,   0.92882
"SCN_CN15_9092_CEI148_ATV_BT_FZ3218", 0.38, 1,    184.994,   -4.1,   0.84321, 2,    184.994, -124.1,   0.84321, 3,    184.994,  115.9,   0.84321
"SCN_CN15_9291_CEI250_ATV_BT_FZ7535", 0.38, 1,     196.95,   -3.0,    0.8977, 2,    196.949, -123.0,    0.8977, 3,    196.949,  117.0,    0.8977
"SCN_CN15_9320_CEI109_BT_FT4514", 0.38, 1,    185.702,   -4.0,   0.84643, 2,    185.701, -124.0,   0.84643, 3,    185.701,  116.0,   0.84643
"SCN_CN15_9090_CEI220_ATV_BT_FT4746", 0.38, 1,    187.221,   -3.8,   0.85336, 2,    187.221, -123.8,   0.85336, 3,    187.221,  116.2,   0.85336
"SCN_CN15_9075_CEI230_ATV_BT_FF0617", 0.38, 1,    187.207,   -3.7,    0.8533, 2,    187.207, -123.7,   0.85329, 3,    187.207,  116.3,   0.85329
"SCN_CN15_9041_CEIRJ006_ATV_BT_FX0253", 0.38, 1,    203.611,   -2.4,   0.92806, 2,     203.61, -122.4,   0.92806, 3,     203.61,  117.6,   0.92806
"SCN_CN15_9057_CEI072_BT_FX4665", 0.38, 1,    199.706,   -2.8,   0.91027, 2,    199.706, -122.8,   0.91026, 3,    199.706,  117.2,   0.91026
"SCN_CN15_9147_CEI201_ATV_BT_FX2167", 0.38, 1,    189.055,   -3.6,   0.86172, 2,    189.054, -123.6,   0.86172, 3,    189.054,  116.4,   0.86172
"SCN_CN15_9043_CEI130_ATV_BT_FIC1266", 0.38, 1,    188.371,   -3.7,    0.8586, 2,    188.371, -123.7,    0.8586, 3,    188.371,  116.3,    0.8586
"SCN_CN15_9043_CEI77A_ATV_BT_FP0917", 0.38, 1,    203.554,   -2.5,   0.92781, 2,    203.554, -122.5,   0.92781, 3,    203.554,  117.5,   0.92781
"SCN_CN15_9044_CEI148_ATV_BT_FU4754", 0.38, 1,    188.352,   -3.6,   0.85851, 2,    188.352, -123.6,   0.85851, 3,    188.352,  116.4,   0.85851
"SCN_CN15_9046_CEI250_ATV_BT_FZ4924", 0.38, 1,    193.268,   -3.2,   0.88092, 2,    193.268, -123.2,   0.88092, 3,    193.268,  116.8,   0.88092
"SCN_CN15_9045_CEI130A_ATV_BT_FP0925", 0.38, 1,    192.735,   -3.3,   0.87849, 2,    192.734, -123.3,   0.87849, 3,    192.734,  116.7,   0.87849
"SCN_CN15_9045_CEIRJ006_ATV_BT_FP4393", 0.38, 1,    203.608,   -2.4,   0.92805, 2,    203.608, -122.4,   0.92805, 3,    203.608,  117.6,   0.92805
"SCN_CN15_9046_CEI075_BT_FZ2701", 0.38, 1,    187.204,   -3.7,   0.85328, 2,    187.204, -123.7,   0.85328, 3,    187.204,  116.3,   0.85328
"SCN_CN15_9046_CEI148A_ATV_BT_FX4501", 0.38, 1,    185.167,   -4.1,     0.844, 2,    185.167, -124.1,     0.844, 3,    185.167,  115.9,     0.844
"SCN_CN15_9030_CEI230B_ATV_BT_FX0998", 0.38, 1,    186.809,   -3.7,   0.85148, 2,    186.809, -123.7,   0.85148, 3,    186.809,  116.3,   0.85148
"SCN_CN15_9030_CEI77A_ATV_BT_FF0609", 0.38, 1,    203.568,   -2.5,   0.92787, 2,    203.567, -122.5,   0.92787, 3,    203.568,  117.5,   0.92787
"SCN_CN15_9031_CEI220_ATV_BT_FX2329", 0.38, 1,    186.517,   -3.9,   0.85015, 2,    186.516, -123.9,   0.85015, 3,    186.516,  116.1,   0.85015
"SCN_CN15_9033_CEI230B_ATV_BT_FX2129", 0.38, 1,    186.783,   -3.7,   0.85136, 2,    186.782, -123.7,   0.85136, 3,    186.782,  116.3,   0.85136
"SCN_CN15_9033_CEI77A_ATV_BT_FP0913", 0.38, 1,    203.565,   -2.5,   0.92785, 2,    203.564, -122.5,   0.92785, 3,    203.564,  117.5,   0.92785
"SCN_CN15_9033_CEIRJ006_ATV_BT_FX2578", 0.38, 1,     203.53,   -2.5,    0.9277, 2,     203.53, -122.5,    0.9277, 3,     203.53,  117.5,    0.9277
"SCN_CN15_9061_CEIRJ006_ATV_BT_FT6096", 0.38, 1,    186.733,   -3.7,   0.85113, 2,    186.732, -123.7,   0.85113, 3,    186.732,  116.3,   0.85113
"SCN_CN15_9010_CEI121_BT_FZ0575", 0.38, 1,    186.465,   -3.9,   0.84991, 2,    186.465, -123.9,   0.84991, 3,    186.465,  116.1,   0.84991
"SCN_CN15_9011_CEI072_BT_FX3393", 0.38, 1,    199.021,   -2.8,   0.90714, 2,    199.021, -122.8,   0.90714, 3,    199.021,  117.2,   0.90714
"SCN_CN15_9094_CEI070_BT_FX8595", 0.38, 1,      196.2,   -3.0,   0.89428, 2,    196.199, -123.0,   0.89428, 3,    196.199,  117.0,   0.89428
"SCN_CN15_9094_CEI148_ATV_BT_FX0252", 0.38, 1,    185.179,   -4.1,   0.84405, 2,    185.178, -124.1,   0.84405, 3,    185.178,  115.9,   0.84405
"SCN_CN15_9095_CEI131_ATV_BT_FP0954", 0.38, 1,    186.826,   -3.9,   0.85156, 2,    186.826, -123.9,   0.85156, 3,    186.826,  116.1,   0.85156
"SCN_CN15_9095_CEI230_ATV_BT_FF0616", 0.38, 1,    188.112,   -3.6,   0.85742, 2,    188.112, -123.6,   0.85742, 3,    188.111,  116.4,   0.85742
"SCN_CN15_9096_CEI148_ATV_BT_FP4396", 0.38, 1,    185.178,   -4.1,   0.84405, 2,    185.177, -124.1,   0.84404, 3,    185.177,  115.9,   0.84404
"SCN_CN15_9096_CEI77A_ATV_BT_FM0378F", 0.38, 1,      203.8,   -2.4,   0.92893, 2,      203.8, -122.4,   0.92892, 3,      203.8,  117.6,   0.92892
"SCN_CN15_9302_CEI109_BT_FT4704", 0.38, 1,    185.771,   -4.0,   0.84675, 2,    185.771, -124.0,   0.84675, 3,    185.771,  116.0,   0.84675
"SCN_CN15_9093_CEI076_BT_FX5102", 0.38, 1,     203.61,   -2.4,   0.92806, 2,     203.61, -122.4,   0.92806, 3,     203.61,  117.6,   0.92806
"SCN_CN15_9093_CEI109_BT_FX0204", 0.38, 1,    186.529,   -3.9,    0.8502, 2,    186.528, -123.9,    0.8502, 3,    186.528,  116.1,    0.8502
"SCN_CN15_9101_CEI201_ATV_BT_FT4530", 0.38, 1,    188.325,   -3.6,   0.85839, 2,    188.325, -123.6,   0.85839, 3,    188.325,  116.4,   0.85839
"SCN_CN15_9110_CEI201_ATV_BT_FX2148", 0.38, 1,    188.331,   -3.6,   0.85842, 2,    188.331, -123.6,   0.85842, 3,    188.331,  116.4,   0.85842
"SCN_CN15_9093_CEI148_ATV_BT_FX2946", 0.38, 1,     185.18,   -4.1,   0.84405, 2,    185.179, -124.1,   0.84405, 3,    185.179,  115.9,   0.84405
"SCN_CN15_9061_CEI77A_ATV_BT_FX5275", 0.38, 1,    203.491,   -2.5,   0.92752, 2,     203.49, -122.5,   0.92751, 3,     203.49,  117.5,   0.92752
"SCN_CN15_9159_CEI068_BT_FP1477", 0.38, 1,    193.205,   -3.2,   0.88063, 2,    193.205, -123.2,   0.88063, 3,    193.205,  116.8,   0.88063
"SCN_CN15_9159_CEI230_ATV_BT_FF0624", 0.38, 1,    186.885,   -3.7,   0.85183, 2,    186.884, -123.7,   0.85182, 3,    186.884,  116.3,   0.85182
"SCN_CN15_9162_CEI230_ATV_BT_FX4159", 0.38, 1,    186.936,   -3.7,   0.85206, 2,    186.936, -123.7,   0.85206, 3,    186.935,  116.3,   0.85206
"SCN_CN15_9162_CEI77A_ATV_BT_FT4732", 0.38, 1,    207.707,   -2.2,   0.94674, 2,    207.707, -122.2,   0.94674, 3,    207.707,  117.8,   0.94674
"SCN_CN15_9163_CEI109_BT_FF0655", 0.38, 1,     185.64,   -4.1,   0.84615, 2,     185.64, -124.1,   0.84615, 3,     185.64,  115.9,   0.84615
"SCN_CN15_9163_CEI230_ATV_BT_FP5989", 0.38, 1,    186.952,   -3.7,   0.85213, 2,    186.951, -123.7,   0.85213, 3,    186.951,  116.3,   0.85213
"SCN_CN15_9003_CEI077_BT_FIC1325", 0.38, 1,     209.55,   -2.0,   0.95514, 2,     209.55, -122.0,   0.95514, 3,     209.55,  118.0,   0.95514
"SCN_CN15_9168_CEI230_ATV_BT_FX2120", 0.38, 1,    187.142,   -3.7,     0.853, 2,    187.142, -123.7,     0.853, 3,    187.142,  116.3,     0.853
"SCN_CN15_9166_CEI068_BT_FIC1324", 0.38, 1,    191.173,   -3.4,   0.87137, 2,    191.173, -123.4,   0.87137, 3,    191.173,  116.6,   0.87137
"SCN_CN15_9166_CEI230_ATV_BT_FX2356", 0.38, 1,    187.048,   -3.7,   0.85257, 2,    187.047, -123.7,   0.85257, 3,    187.047,  116.3,   0.85257
"SCN_CN15_9167_CEI230_ATV_BT_FX2116", 0.38, 1,    187.111,   -3.7,   0.85286, 2,    187.111, -123.7,   0.85286, 3,    187.111,  116.3,   0.85286
"SCN_CN15_9169_CEI068_BT_FP6305", 0.38, 1,    191.266,   -3.4,   0.87179, 2,    191.265, -123.4,   0.87179, 3,    191.265,  116.6,   0.87179
"SCN_CN15_9169_CEI230_ATV_BT_FX4158", 0.38, 1,    187.273,   -3.7,    0.8536, 2,    187.273, -123.7,   0.85359, 3,    187.273,  116.3,   0.85359
"SCN_CN15_9170_CEI230_ATV_BT_FF1210", 0.38, 1,    187.202,   -3.7,   0.85327, 2,    187.202, -123.7,   0.85327, 3,    187.201,  116.3,   0.85327
"SCN_CN15_9170_CEI69B_BT_FX8344", 0.38, 1,     188.63,   -3.6,   0.85978, 2,     188.63, -123.6,   0.85978, 3,     188.63,  116.4,   0.85978
"SCN_CN15_9171_CEI69A_BT_FX4290", 0.38, 1,    185.041,   -4.1,   0.84342, 2,    185.041, -124.1,   0.84342, 3,    185.041,  115.9,   0.84342
"SCN_CN15_9172_CEI068_BT_FZ2491", 0.38, 1,    191.818,   -3.3,   0.87431, 2,    191.817, -123.3,   0.87431, 3,    191.817,  116.7,   0.87431
"SCN_CN15_9172_CEI69B_BT_FZ0594", 0.38, 1,    188.626,   -3.6,   0.85976, 2,    188.625, -123.6,   0.85976, 3,    188.625,  116.4,   0.85976
"SCN_CN15_9310_CEI109_BT_FX4152", 0.38, 1,    185.704,   -4.0,   0.84644, 2,    185.703, -124.0,   0.84644, 3,    185.703,  116.0,   0.84644
"SCN_CN15_9319_CEI068_BT_FIC1359", 0.38, 1,    193.149,   -3.2,   0.88038, 2,    193.148, -123.2,   0.88038, 3,    193.148,  116.8,   0.88038
"SCN_CN15_9325_CEI250_ATV_BT_FZ7008", 0.38, 1,    197.592,   -2.9,   0.90063, 2,    197.592, -122.9,   0.90063, 3,    197.592,  117.1,   0.90063
"SCN_CN15_9034_CEI160_ATV_BT_FT4708", 0.38, 1,    188.332,   -3.6,   0.85842, 2,    188.332, -123.6,   0.85842, 3,    188.332,  116.4,   0.85842
"SCN_CN15_9035_CEI148_ATV_BT_FX5452", 0.38, 1,     188.37,   -3.6,    0.8586, 2,     188.37, -123.6,   0.85859, 3,     188.37,  116.4,   0.85859
"SCN_CN15_9035_CEI148A_ATV_BT_FX2929", 0.38, 1,    184.981,   -4.1,   0.84315, 2,    184.981, -124.1,   0.84315, 3,    184.981,  115.9,   0.84315
"SCN_CN15_9035_CEI160_ATV_BT_FT4574", 0.38, 1,    188.623,   -3.6,   0.85975, 2,    188.623, -123.6,   0.85975, 3,    188.623,  116.4,   0.85975
"SCN_CN15_9035_CEI230B_ATV_BT_FF0619", 0.38, 1,    186.772,   -3.7,   0.85131, 2,    186.771, -123.7,   0.85131, 3,    186.771,  116.3,   0.85131
"SCN_CN15_9036_CEI134B_ATV_BT_FP0960", 0.38, 1,    186.184,   -4.0,   0.84863, 2,    186.183, -124.0,   0.84863, 3,    186.183,  116.0,   0.84863
"SCN_CN15_9036_CEI134C_ATV_BT_FIC1259", 0.38, 1,    186.139,   -4.0,   0.84843, 2,    186.139, -124.0,   0.84843, 3,    186.139,  116.0,   0.84843
"SCN_CN15_9173_CEI230_ATV_BT_FX2214", 0.38, 1,    187.204,   -3.7,   0.85328, 2,    187.204, -123.7,   0.85328, 3,    187.204,  116.3,   0.85328
"SCN_CN15_9173_CEI77A_ATV_BT_FIC1327", 0.38, 1,    210.081,   -2.0,   0.95755, 2,    210.081, -122.0,   0.95755, 3,    210.081,  118.0,   0.95755
"SCN_CN15_9187_CEI230_ATV_BT_FT6094", 0.38, 1,    186.735,   -3.7,   0.85114, 2,    186.735, -123.7,   0.85114, 3,    186.735,  116.3,   0.85114
"SCN_CN15_9175_CEI77A_ATV_BT_FX1136", 0.38, 1,     210.08,   -2.0,   0.95755, 2,     210.08, -122.0,   0.95755, 3,     210.08,  118.0,   0.95755
"SCN_CN15_9176_CEI69B_BT_FX2145", 0.38, 1,    188.639,   -3.6,   0.85982, 2,    188.639, -123.6,   0.85982, 3,    188.639,  116.4,   0.85982
"SCN_CN15_9176_CEI77A_ATV_BT_FP0903", 0.38, 1,    210.078,   -2.0,   0.95754, 2,    210.078, -122.0,   0.95754, 3,    210.078,  118.0,   0.95754
"SCN_CN15_9361_CEI109_BT_FIC1365", 0.38, 1,    185.149,   -4.1,   0.84391, 2,    185.149, -124.1,   0.84391, 3,    185.149,  115.9,   0.84391
"SCN_CN15_9005_CEI220_ATV_BT_FIC1213", 0.38, 1,    188.626,   -3.6,   0.85976, 2,    188.626, -123.6,   0.85976, 3,    188.626,  116.4,   0.85976
"SCN_CN15_9005_CEI230B_ATV_BT_FX4161", 0.38, 1,    186.745,   -3.7,   0.85119, 2,    186.745, -123.7,   0.85119, 3,    186.745,  116.3,   0.85119
"SCN_CN15_9006_CEI120_BT_FT4752", 0.38, 1,    187.166,   -3.9,   0.85311, 2,    187.166, -123.9,   0.85311, 3,    187.166,  116.1,   0.85311
"SCN_CN15_9006_CEI134A_ATV_BT_FP6171", 0.38, 1,    186.476,   -3.9,   0.84996, 2,    186.476, -123.9,   0.84996, 3,    186.476,  116.1,   0.84996
"SCN_CN15_9006_CEI230B_ATV_BT_FX9011", 0.38, 1,    186.771,   -3.7,   0.85131, 2,     186.77, -123.7,    0.8513, 3,     186.77,  116.3,    0.8513
"SCN_CN15_9062_CEI201_ATV_BT_FX2278", 0.38, 1,    185.422,   -4.1,   0.84516, 2,    185.422, -124.1,   0.84516, 3,    185.422,  115.9,   0.84516
"SCN_CN15_9063_CEIRJ006_ATV_BT_FF0628", 0.38, 1,     186.78,   -3.7,   0.85135, 2,    186.779, -123.7,   0.85135, 3,    186.779,  116.3,   0.85134
"SCN_CN15_9064_CEI201_ATV_BT_FT4512", 0.38, 1,    185.422,   -4.1,   0.84516, 2,    185.422, -124.1,   0.84516, 3,    185.422,  115.9,   0.84516
"SCN_CN15_9039_CEI201_ATV_BT_FIC1264", 0.38, 1,    185.227,   -4.1,   0.84427, 2,    185.226, -124.1,   0.84427, 3,    185.226,  115.9,   0.84427
"SCN_CN15_9039_CEI69B_BT_FX4761", 0.38, 1,    189.141,   -3.6,   0.86211, 2,     189.14, -123.6,   0.86211, 3,     189.14,  116.4,   0.86211
"SCN_CN15_9047_CEI77A_ATV_BT_FP4289", 0.38, 1,     203.57,   -2.5,   0.92788, 2,     203.57, -122.5,   0.92788, 3,     203.57,  117.5,   0.92788
"SCN_CN15_9040_CEI220_ATV_BT_FT3432", 0.38, 1,    186.518,   -3.9,   0.85015, 2,    186.517, -123.9,   0.85015, 3,    186.517,  116.1,   0.85015
"SCN_CN15_9084_CEI148_ATV_BT_FP8447", 0.38, 1,    185.016,   -4.1,   0.84331, 2,    185.015, -124.1,   0.84331, 3,    185.015,  115.9,   0.84331
"SCN_CN15_9087_CEI230_ATV_BT_FP3973", 0.38, 1,      187.2,   -3.7,   0.85326, 2,      187.2, -123.7,   0.85326, 3,      187.2,  116.3,   0.85326
"SCN_CN15_9066_CEI070_BT_FX2661", 0.38, 1,    195.393,   -3.1,   0.89061, 2,    195.393, -123.1,   0.89061, 3,    195.393,  116.9,   0.89061
"SCN_CN15_9066_CEI148_ATV_BT_FZ2485", 0.38, 1,    188.336,   -3.6,   0.85844, 2,    188.335, -123.6,   0.85844, 3,    188.335,  116.4,   0.85844
"SCN_CN15_9066_CEI77A_ATV_BT_FP1047", 0.38, 1,     203.43,   -2.5,   0.92724, 2,     203.43, -122.5,   0.92724, 3,     203.43,  117.5,   0.92724
"SCN_CN15_9007_CEI075_BT_FZ2700", 0.38, 1,    187.312,   -3.7,   0.85377, 2,    187.311, -123.7,   0.85377, 3,    187.311,  116.3,   0.85377
"SCN_CN15_9007_CEI077_ATV_BT_FT1871", 0.38, 1,     202.43,   -2.5,   0.92268, 2,    202.429, -122.5,   0.92268, 3,    202.429,  117.5,   0.92268
"SCN_CN15_9007_CEI134_ATV_BT_FX9367", 0.38, 1,    186.472,   -3.9,   0.84994, 2,    186.472, -123.9,   0.84994, 3,    186.472,  116.1,   0.84994
"SCN_CN15_9009_CEI148_ATV_BT_FP3985", 0.38, 1,    188.478,   -3.6,   0.85909, 2,    188.478, -123.6,   0.85909, 3,    188.478,  116.4,   0.85909
"SCN_CN15_9009_CEI148A_ATV_BT_FIC1220", 0.38, 1,     184.91,   -4.1,   0.84283, 2,     184.91, -124.1,   0.84283, 3,     184.91,  115.9,   0.84283
"SCN_CN15_9009_CEI230_ATV_BT_FX4746F", 0.38, 1,    203.642,   -2.4,   0.92821, 2,    203.642, -122.4,   0.92821, 3,    203.642,  117.6,   0.92821
"SCN_CN15_9010_CEI134_ATV_BT_FX4289", 0.38, 1,    186.456,   -3.9,   0.84987, 2,    186.455, -123.9,   0.84987, 3,    186.455,  116.1,   0.84987
"SCN_CN15_9010_CEI134C_ATV_BT_FP5934", 0.38, 1,    186.169,   -4.0,   0.84856, 2,    186.169, -124.0,   0.84856, 3,    186.169,  116.0,   0.84856
"SCN_CN15_9007_CEI148A_ATV_BT_FIC1215", 0.38, 1,    184.909,   -4.1,   0.84282, 2,    184.909, -124.1,   0.84282, 3,    184.909,  115.9,   0.84282
"SCN_CN15_9007_CEI77A_ATV_BT_FX0796", 0.38, 1,     203.53,   -2.5,    0.9277, 2,     203.53, -122.5,   0.92769, 3,     203.53,  117.5,    0.9277
"SCN_CN15_9008_CEI134A_ATV_BT_FX4153", 0.38, 1,    186.468,   -3.9,   0.84993, 2,    186.468, -123.9,   0.84993, 3,    186.468,  116.1,   0.84993
"SCN_CN15_9010_CEIRJ006_ATV_BT_FZ3668", 0.38, 1,    197.623,   -2.9,   0.90077, 2,    197.623, -122.9,   0.90077, 3,    197.623,  117.1,   0.90077
"SCN_CN15_9011_CEI77A_ATV_BT_FP4599", 0.38, 1,    203.535,   -2.5,   0.92772, 2,    203.535, -122.5,   0.92772, 3,    203.535,  117.5,   0.92772
"SCN_CN15_9015_CEI077_ATV_BT_FF0574", 0.38, 1,    202.812,   -2.5,   0.92442, 2,    202.811, -122.5,   0.92442, 3,    202.811,  117.5,   0.92442
"SCN_CN15_9011_CEIRJ013_ATV_BT_FX2218", 0.38, 1,     185.25,   -4.1,   0.84437, 2,     185.25, -124.1,   0.84437, 3,     185.25,  115.9,   0.84437
"SCN_CN15_9067_CEI201_ATV_BT_FP4175", 0.38, 1,    185.229,   -4.1,   0.84428, 2,    185.228, -124.1,   0.84428, 3,    185.228,  115.9,   0.84428
"SCN_CN15_9068_CEI068_BT_FZ2494", 0.38, 1,    192.981,   -3.2,   0.87961, 2,     192.98, -123.2,   0.87961, 3,     192.98,  116.8,   0.87961
"SCN_CN15_9068_CEI230_ATV_BT_FT1941", 0.38, 1,      187.2,   -3.7,   0.85326, 2,    187.199, -123.7,   0.85326, 3,    187.199,  116.3,   0.85326
"SCN_CN15_9069_CEI148_ATV_BT_FX0646", 0.38, 1,    188.334,   -3.6,   0.85843, 2,    188.334, -123.6,   0.85843, 3,    188.334,  116.4,   0.85843
"SCN_CN15_9069_CEI230_ATV_BT_FP0935", 0.38, 1,    187.197,   -3.7,   0.85325, 2,    187.197, -123.7,   0.85325, 3,    187.197,  116.3,   0.85325
"SCN_CN15_9180_CEI230_ATV_BT_FT6092", 0.38, 1,    186.744,   -3.7,   0.85118, 2,    186.744, -123.7,   0.85118, 3,    186.744,  116.3,   0.85118
"SCN_CN15_9180_CEI77A_ATV_BT_FZ3625", 0.38, 1,    210.074,   -2.0,   0.95752, 2,    210.074, -122.0,   0.95752, 3,    210.074,  118.0,   0.95752
"SCN_CN15_9181_CEI69A_BT_FP4717", 0.38, 1,    188.623,   -3.6,   0.85975, 2,    188.622, -123.6,   0.85975, 3,    188.622,  116.4,   0.85975
"SCN_CN15_9181_CEI77A_ATV_BT_FT4526", 0.38, 1,    210.084,   -2.0,   0.95757, 2,    210.084, -122.0,   0.95757, 3,    210.084,  118.0,   0.95757
"SCN_CN15_9182_CEI230_ATV_BT_FX0938", 0.38, 1,    186.752,   -3.7,   0.85122, 2,    186.751, -123.7,   0.85122, 3,    186.751,  116.3,   0.85122
"SCN_CN15_9182_CEI77A_ATV_BT_FM1323", 0.38, 1,    210.561,   -1.9,   0.95974, 2,    210.561, -121.9,   0.95974, 3,    210.561,  118.1,   0.95974
"SCN_CN15_9183_CEI068_BT_FZ9202", 0.38, 1,    192.504,   -3.3,   0.87744, 2,    192.504, -123.3,   0.87744, 3,    192.504,  116.7,   0.87744
"SCN_CN15_9183_CEI109_BT_FZ7001", 0.38, 1,    185.644,   -4.1,   0.84617, 2,    185.644, -124.1,   0.84617, 3,    185.644,  115.9,   0.84617
"SCN_CN15_9183_CEI230_ATV_BT_FX3541", 0.38, 1,    186.777,   -3.7,   0.85133, 2,    186.776, -123.7,   0.85133, 3,    186.776,  116.3,   0.85133
"SCN_CN15_9185_CEI69A_BT_FIC1329", 0.38, 1,     188.62,   -3.6,   0.85974, 2,     188.62, -123.6,   0.85973, 3,     188.62,  116.4,   0.85973
"SCN_CN15_9195_CEI230_ATV_BT_FIC1335", 0.38, 1,    184.983,   -4.1,   0.84316, 2,    184.983, -124.1,   0.84316, 3,    184.983,  115.9,   0.84316
"SCN_CN15_9390_CEI109_BT_FZ6420", 0.38, 1,    185.283,   -4.1,   0.84453, 2,    185.283, -124.1,   0.84453, 3,    185.283,  115.9,   0.84452
"SCN_CN15_9025_CEI130_ATV_BT_FZ2056", 0.38, 1,     189.95,   -3.5,    0.8658, 2,     189.95, -123.5,    0.8658, 3,     189.95,  116.5,    0.8658
"SCN_CN15_9039_CEI160_ATV_BT_FX4255", 0.38, 1,    203.528,   -2.4,   0.92768, 2,    203.527, -122.4,   0.92768, 3,    203.527,  117.6,   0.92768
"SCN_CN15_9042_CEI160_ATV_BT_FX3836", 0.38, 1,    202.762,   -2.5,    0.9242, 2,    202.762, -122.5,    0.9242, 3,    202.762,  117.5,    0.9242
"SCN_CN15_9004_CEI109_BT_FIC1207", 0.38, 1,    186.795,   -3.9,   0.85142, 2,    186.795, -123.9,   0.85142, 3,    186.795,  116.1,   0.85142
"SCN_CN15_9004_CEI148A_ATV_BT_FX0738", 0.38, 1,    184.908,   -4.1,   0.84281, 2,    184.907, -124.1,   0.84281, 3,    184.907,  115.9,   0.84281
"SCN_CN15_9004_CEI201_ATV_BT_FIC1210", 0.38, 1,    185.135,   -4.1,   0.84385, 2,    185.135, -124.1,   0.84385, 3,    185.135,  115.9,   0.84385
"SCN_CN15_9004_CEI230_ATV_BT_FX4746", 0.38, 1,    203.649,   -2.4,   0.92824, 2,    203.649, -122.4,   0.92824, 3,    203.649,  117.6,   0.92824
"SCN_CN15_9004_CEIRJ012_ATV_BT_FT4308", 0.38, 1,    202.771,   -2.5,   0.92424, 2,    202.771, -122.5,   0.92424, 3,    202.771,  117.5,   0.92424
"SCN_CN15_9098_CEI131_ATV_BT_FIC1304", 0.38, 1,    186.912,   -3.9,   0.85195, 2,    186.911, -123.9,   0.85195, 3,    186.911,  116.1,   0.85195
"SCN_CN15_9099_CEI77A_ATV_BT_FP7441", 0.38, 1,    203.789,   -2.4,   0.92887, 2,    203.788, -122.4,   0.92887, 3,    203.789,  117.6,   0.92887
"SCN_CN15_9100_CEI201_ATV_BT_FP0948", 0.38, 1,    188.325,   -3.6,   0.85839, 2,    188.325, -123.6,   0.85839, 3,    188.325,  116.4,   0.85839
"SCN_CN15_9101_CEI068_BT_FZ2492", 0.38, 1,    193.463,   -3.2,   0.88181, 2,    193.463, -123.2,   0.88181, 3,    193.463,  116.8,   0.88181
"SCN_CN15_9101_CEI109_BT_FX3717", 0.38, 1,    186.525,   -3.9,   0.85019, 2,    186.525, -123.9,   0.85018, 3,    186.525,  116.1,   0.85018
"SCN_CN15_9101_CEI77A_ATV_BT_FX2951", 0.38, 1,    203.877,   -2.4,   0.92928, 2,    203.877, -122.4,   0.92928, 3,    203.877,  117.6,   0.92928
"SCN_CN15_9102_CEI220_ATV_BT_FIC1309", 0.38, 1,    187.249,   -3.8,   0.85348, 2,    187.248, -123.8,   0.85348, 3,    187.248,  116.2,   0.85348
"SCN_CN15_9103_CEI77A_ATV_BT_FP1062", 0.38, 1,      203.9,   -2.4,   0.92938, 2,      203.9, -122.4,   0.92938, 3,      203.9,  117.6,   0.92938
"SCN_CN15_9104_CEI201_ATV_BT_FX2135", 0.38, 1,    188.327,   -3.6,    0.8584, 2,    188.326, -123.6,    0.8584, 3,    188.326,  116.4,    0.8584
"SCN_CN15_9001_CEI134_ATV_BT_FX9367F", 0.38, 1,    186.484,   -3.9,      0.85, 2,    186.483, -123.9,      0.85, 3,    186.483,  116.1,      0.85
"SCN_CN15_9001_CEI148A_ATV_BT_FF0682", 0.38, 1,    184.906,   -4.1,   0.84281, 2,    184.906, -124.1,    0.8428, 3,    184.906,  115.9,    0.8428
"SCN_CN15_9001_CEI160_ATV_BT_FF0642", 0.38, 1,    188.368,   -3.7,   0.85859, 2,    188.368, -123.7,   0.85858, 3,    188.368,  116.3,   0.85858
"SCN_CN15_9001_CEI230B_ATV_BT_FP4290", 0.38, 1,    186.744,   -3.7,   0.85118, 2,    186.744, -123.7,   0.85118, 3,    186.743,  116.3,   0.85118
"SCN_CN15_9002_CEI077_BT_FZ9396", 0.38, 1,      204.2,   -2.4,   0.93075, 2,    204.199, -122.4,   0.93075, 3,    204.199,  117.6,   0.93075
"SCN_CN15_9002_CEI148_ATV_BT_FX0651", 0.38, 1,    188.497,   -3.6,   0.85917, 2,    188.497, -123.6,   0.85917, 3,    188.496,  116.4,   0.85917
"SCN_CN15_9011_CEI109_BT_FP4697", 0.38, 1,    186.795,   -3.9,   0.85142, 2,    186.794, -123.9,   0.85141, 3,    186.794,  116.1,   0.85141
"SCN_CN15_9011_CEI134B_ATV_BT_FZ0374", 0.38, 1,    186.167,   -4.0,   0.84856, 2,    186.167, -124.0,   0.84855, 3,    186.167,  116.0,   0.84855
"SCN_CN15_9013_CEI201_ATV_BT_FIC1226", 0.38, 1,    185.142,   -4.1,   0.84388, 2,    185.142, -124.1,   0.84388, 3,    185.142,  115.9,   0.84388
"SCN_CN15_9013_CEI69B_BT_FM0148", 0.38, 1,    190.268,   -3.5,   0.86725, 2,    190.268, -123.5,   0.86724, 3,    190.268,  116.5,   0.86724
"SCN_CN15_9014_CEI134_ATV_BT_FP1769", 0.38, 1,    186.476,   -3.9,   0.84996, 2,    186.475, -123.9,   0.84996, 3,    186.475,  116.1,   0.84996
"SCN_CN15_9014_CEI134C_ATV_BT_FP0961", 0.38, 1,    186.154,   -4.0,   0.84849, 2,    186.153, -124.0,   0.84849, 3,    186.153,  116.0,   0.84849
"SCN_CN15_9019_CEI148A_ATV_BT_FZ1308", 0.38, 1,    184.944,   -4.1,   0.84298, 2,    184.943, -124.1,   0.84298, 3,    184.943,  115.9,   0.84298
"SCN_CN15_9019_CEI201_ATV_BT_FIC1237", 0.38, 1,    185.153,   -4.1,   0.84393, 2,    185.153, -124.1,   0.84393, 3,    185.153,  115.9,   0.84393
"SCN_CN15_9019_CEIRJ006_ATV_BT_FX5299", 0.38, 1,    197.593,   -2.9,   0.90063, 2,    197.592, -122.9,   0.90063, 3,    197.592,  117.1,   0.90063
"SCN_CN15_9028_CEI077_ATV_BT_FP3435", 0.38, 1,    203.533,   -2.4,   0.92771, 2,    203.533, -122.4,   0.92771, 3,    203.533,  117.6,   0.92771
"SCN_CN15_9020_CEI070_BT_FZ0706", 0.38, 1,    195.786,   -3.0,    0.8924, 2,    195.786, -123.0,    0.8924, 3,    195.786,  117.0,    0.8924
"SCN_CN15_9014_CEI148_ATV_BT_FIC1228", 0.38, 1,    188.444,   -3.6,   0.85894, 2,    188.444, -123.6,   0.85893, 3,    188.444,  116.4,   0.85893
"SCN_CN15_9014_CEI230_ATV_BT_FP0908", 0.38, 1,    203.653,   -2.4,   0.92826, 2,    203.653, -122.4,   0.92826, 3,    203.653,  117.6,   0.92826
"SCN_CN15_9014_CEI69A_BT_FP3539", 0.38, 1,    184.928,   -4.1,   0.84291, 2,    184.927, -124.1,    0.8429, 3,    184.927,  115.9,    0.8429
"SCN_CN15_9014_CEI77A_ATV_BT_FX2657", 0.38, 1,    203.528,   -2.5,   0.92769, 2,    203.528, -122.5,   0.92769, 3,    203.528,  117.5,   0.92769
"SCN_CN15_9015_CEI074_BT_FX3665", 0.38, 1,    186.733,   -3.7,   0.85114, 2,    186.733, -123.7,   0.85114, 3,    186.733,  116.3,   0.85113
"SCN_CN15_9016_CEI076_BT_FX0674", 0.38, 1,     193.08,   -3.2,   0.88007, 2,     193.08, -123.2,   0.88006, 3,     193.08,  116.8,   0.88006
"SCN_CN15_9016_CEI120_BT_FP7641", 0.38, 1,    187.262,   -3.8,   0.85355, 2,    187.262, -123.8,   0.85355, 3,    187.262,  116.2,   0.85355
"SCN_CN15_9107_CEI201_ATV_BT_FP3835", 0.38, 1,    188.329,   -3.6,   0.85841, 2,    188.328, -123.6,   0.85841, 3,    188.328,  116.4,   0.85841
"SCN_CN15_9107_CEI220_ATV_BT_FZ5767", 0.38, 1,     187.25,   -3.8,   0.85349, 2,     187.25, -123.8,   0.85349, 3,     187.25,  116.2,   0.85349
"SCN_CN15_9107_CEI77A_ATV_BT_FP5672F", 0.38, 1,    203.856,   -2.4,   0.92918, 2,    203.855, -122.4,   0.92918, 3,    203.855,  117.6,   0.92918
"SCN_CN15_9126_CEI230_ATV_BT_FP1048", 0.38, 1,    187.204,   -3.7,   0.85328, 2,    187.203, -123.7,   0.85328, 3,    187.203,  116.3,   0.85328
"SCN_CN15_9108_CEI77A_ATV_BT_FZ5107", 0.38, 1,    203.852,   -2.4,   0.92916, 2,    203.852, -122.4,   0.92916, 3,    203.852,  117.6,   0.92916
"SCN_CN15_9110_CEI77A_ATV_BT_FZ2046", 0.38, 1,    203.829,   -2.4,   0.92906, 2,    203.828, -122.4,   0.92906, 3,    203.829,  117.6,   0.92906
"SCN_CN15_9111_CEI77A_ATV_BT_FX2727", 0.38, 1,    203.803,   -2.4,   0.92894, 2,    203.803, -122.4,   0.92894, 3,    203.803,  117.6,   0.92894
"SCN_CN15_9342_CEI109_BT_FIC1360", 0.38, 1,    185.228,   -4.1,   0.84428, 2,    185.228, -124.1,   0.84427, 3,    185.228,  115.9,   0.84427
"SCN_CN15_9441_CEI109_BT_FX1604", 0.38, 1,    186.009,   -4.0,   0.84783, 2,    186.008, -124.0,   0.84783, 3,    186.008,  116.0,   0.84783
"SCN_CN15_9449_CEI109_BT_FX1603", 0.38, 1,    186.011,   -4.0,   0.84785, 2,    186.011, -124.0,   0.84784, 3,    186.011,  116.0,   0.84784
"SCN_CN15_9047_CEI076_BT_FT7531", 0.38, 1,    193.021,   -3.2,   0.87979, 2,    193.021, -123.2,   0.87979, 3,    193.021,  116.8,   0.87979
"SCN_CN15_9047_CEI148A_ATV_BT_FT4516", 0.38, 1,    185.152,   -4.1,   0.84393, 2,    185.151, -124.1,   0.84393, 3,    185.151,  115.9,   0.84393
"SCN_CN15_9047_CEI220_ATV_BT_FT6088", 0.38, 1,    186.519,   -3.9,   0.85016, 2,    186.518, -123.9,   0.85016, 3,    186.518,  116.1,   0.85016
"SCN_CN15_9048_CEI148A_ATV_BT_FIC1269", 0.38, 1,    185.142,   -4.1,   0.84388, 2,    185.141, -124.1,   0.84388, 3,    185.141,  115.9,   0.84388
"SCN_CN15_9049_CEI160_ATV_BT_FP4339", 0.38, 1,    202.766,   -2.5,   0.92421, 2,    202.765, -122.5,   0.92421, 3,    202.765,  117.5,   0.92421
"SCN_CN15_9049_CEI201_ATV_BT_FT4307", 0.38, 1,    185.274,   -4.1,   0.84448, 2,    185.273, -124.1,   0.84448, 3,    185.273,  115.9,   0.84448
"SCN_CN15_9049_CEI250_ATV_BT_FP4729", 0.38, 1,    193.267,   -3.2,   0.88092, 2,    193.267, -123.2,   0.88092, 3,    193.267,  116.8,   0.88092
"SCN_CN15_9050_CEI201_ATV_BT_FX4123", 0.38, 1,    185.274,   -4.1,   0.84448, 2,    185.273, -124.1,   0.84448, 3,    185.273,  115.9,   0.84448
"SCN_CN15_9051_CEI070_BT_FX4729", 0.38, 1,    194.591,   -3.1,   0.88695, 2,    194.591, -123.1,   0.88695, 3,    194.591,  116.9,   0.88695
"SCN_CN15_9051_CEI201_ATV_BT_FP5949", 0.38, 1,    185.267,   -4.1,   0.84445, 2,    185.266, -124.1,   0.84445, 3,    185.266,  115.9,   0.84445
"SCN_CN15_9051_CEI69B_BT_FZ2488", 0.38, 1,    188.797,   -3.6,   0.86054, 2,    188.797, -123.6,   0.86054, 3,    188.797,  116.4,   0.86054
"SCN_CN15_9051_CEI77A_ATV_BT_FIC1272", 0.38, 1,    203.564,   -2.5,   0.92785, 2,    203.563, -122.5,   0.92785, 3,    203.564,  117.5,   0.92785
"SCN_CN15_9002_CEI160_ATV_BT_FX0209", 0.38, 1,    188.368,   -3.7,   0.85859, 2,    188.368, -123.7,   0.85859, 3,    188.368,  116.3,   0.85859
"SCN_CN15_9003_CEI121_BT_FZ1960", 0.38, 1,    186.464,   -3.9,   0.84991, 2,    186.464, -123.9,   0.84991, 3,    186.464,  116.1,   0.84991
"SCN_CN15_9016_CEI134_ATV_BT_FP0957", 0.38, 1,    186.253,   -3.9,   0.84895, 2,    186.253, -123.9,   0.84895, 3,    186.253,  116.1,   0.84894
"SCN_CN15_9112_CEI201_ATV_BT_FP0949", 0.38, 1,    188.331,   -3.6,   0.85842, 2,     188.33, -123.6,   0.85841, 3,     188.33,  116.4,   0.85841
"SCN_CN15_9113_CEI076_BT_FX5486", 0.38, 1,    203.608,   -2.4,   0.92805, 2,    203.608, -122.4,   0.92805, 3,    203.608,  117.6,   0.92805
"SCN_CN15_9114_CEI072_BT_FX8501", 0.38, 1,    201.175,   -2.6,   0.91696, 2,    201.175, -122.6,   0.91696, 3,    201.175,  117.4,   0.91696
"SCN_CN15_9115_CEI230_ATV_BT_FP1063", 0.38, 1,    187.991,   -3.6,   0.85687, 2,    187.991, -123.6,   0.85687, 3,    187.991,  116.4,   0.85687
"SCN_CN15_9116_CEI109_BT_FIC1312", 0.38, 1,    186.519,   -3.9,   0.85016, 2,    186.518, -123.9,   0.85016, 3,    186.518,  116.1,   0.85016
"SCN_CN15_9125_CEI77A_ATV_BT_FP5542", 0.38, 1,    203.635,   -2.4,   0.92817, 2,    203.635, -122.4,   0.92817, 3,    203.635,  117.6,   0.92817
"SCN_CN15_9124_CEI109_BT_FT4565", 0.38, 1,    185.634,   -4.1,   0.84612, 2,    185.633, -124.1,   0.84612, 3,    185.633,  115.9,   0.84612
"SCN_CN15_9128_CEI230_ATV_BT_FX2215", 0.38, 1,    187.172,   -3.7,   0.85313, 2,    187.172, -123.7,   0.85313, 3,    187.172,  116.3,   0.85313
"SCN_CN15_9128_CEI77A_ATV_BT_FP1390", 0.38, 1,    203.613,   -2.4,   0.92807, 2,    203.613, -122.4,   0.92807, 3,    203.613,  117.6,   0.92807
"SCN_CN15_9131_CEI230_ATV_BT_FX2289", 0.38, 1,    187.056,   -3.7,   0.85261, 2,    187.056, -123.7,    0.8526, 3,    187.055,  116.3,    0.8526
"SCN_CN15_9414_CEI109_BT_FIC1373", 0.38, 1,    185.521,   -4.1,   0.84561, 2,    185.521, -124.1,   0.84561, 3,    185.521,  115.9,   0.84561
"SCN_CN15_9022_CEIRJ006_ATV_BT_FIC1147", 0.38, 1,    201.337,   -2.6,    0.9177, 2,    201.337, -122.6,    0.9177, 3,    201.337,  117.4,    0.9177
"SCN_CN15_9428_CEI109_BT_FX2287", 0.38, 1,    186.023,   -4.0,    0.8479, 2,    186.023, -124.0,    0.8479, 3,    186.023,  116.0,    0.8479
"SCN_CN15_9187_CEI77A_ATV_BT_FZ0752", 0.38, 1,    212.258,   -1.7,   0.96748, 2,    212.258, -121.7,   0.96748, 3,    212.258,  118.3,   0.96748
"SCN_CN15_9189_CEI068_BT_FZ1784", 0.38, 1,    192.759,   -3.2,    0.8786, 2,    192.758, -123.2,    0.8786, 3,    192.758,  116.8,    0.8786
"SCN_CN15_9189_CEI69B_BT_FIC1331", 0.38, 1,    188.652,   -3.6,   0.85988, 2,    188.651, -123.6,   0.85988, 3,    188.651,  116.4,   0.85988
"SCN_CN15_9190_CEI77A_ATV_BT_FZ0516", 0.38, 1,    213.287,   -1.6,   0.97217, 2,    213.287, -121.6,   0.97217, 3,    213.287,  118.4,   0.97217
"SCN_CN15_9020_CEI120_BT_FX9765", 0.38, 1,    187.269,   -3.8,   0.85358, 2,    187.269, -123.8,   0.85358, 3,    187.269,  116.2,   0.85358
"SCN_CN15_9020_CEI130_ATV_BT_FP5556", 0.38, 1,    189.981,   -3.5,   0.86594, 2,     189.98, -123.5,   0.86594, 3,     189.98,  116.5,   0.86594
"SCN_CN15_9020_CEI134C_ATV_BT_FIC1238", 0.38, 1,    186.146,   -4.0,   0.84846, 2,    186.145, -124.0,   0.84846, 3,    186.145,  116.0,   0.84846
"SCN_CN15_9016_CEI160_ATV_BT_FX2219", 0.38, 1,     185.25,   -4.1,   0.84438, 2,     185.25, -124.1,   0.84437, 3,     185.25,  115.9,   0.84437
"SCN_CN15_9017_CEI077_ATV_BT_FIC1230", 0.38, 1,    203.224,   -2.5,    0.9263, 2,    203.224, -122.5,    0.9263, 3,    203.224,  117.5,    0.9263
"SCN_CN15_9021_CEI148_ATV_BT_FX2133", 0.38, 1,    188.427,   -3.6,   0.85886, 2,    188.427, -123.6,   0.85885, 3,    188.427,  116.4,   0.85885
"SCN_CN15_9003_CEI160A_ATV_BT_FF0689", 0.38, 1,    186.467,   -3.9,   0.84992, 2,    186.467, -123.9,   0.84992, 3,    186.467,  116.1,   0.84992
"SCN_CN15_9003_CEI230B_ATV_BT_FX2293", 0.38, 1,    186.744,   -3.7,   0.85119, 2,    186.744, -123.7,   0.85118, 3,    186.744,  116.3,   0.85118
"SCN_CN15_9008_CEI201_ATV_BT_FIC1217", 0.38, 1,    185.136,   -4.1,   0.84385, 2,    185.136, -124.1,   0.84385, 3,    185.136,  115.9,   0.84385
"SCN_CN15_9008_CEIRJ006_ATV_BT_FT5509", 0.38, 1,    195.402,   -3.1,   0.89065, 2,    195.402, -123.1,   0.89065, 3,    195.402,  116.9,   0.89065
"SCN_CN15_9009_CEI077_ATV_BT_FT4559", 0.38, 1,    202.425,   -2.5,   0.92266, 2,    202.425, -122.5,   0.92266, 3,    202.425,  117.5,   0.92266
"SCN_CN15_9009_CEI134_ATV_BT_FT4551", 0.38, 1,    186.476,   -3.9,   0.84996, 2,    186.476, -123.9,   0.84996, 3,    186.476,  116.1,   0.84996
"SCN_CN15_9132_CEI201_ATV_BT_FX4280", 0.38, 1,    188.359,   -3.6,   0.85854, 2,    188.358, -123.6,   0.85854, 3,    188.358,  116.4,   0.85854
"SCN_CN15_9133_CEI77A_ATV_BT_FP4677", 0.38, 1,    204.524,   -2.4,   0.93223, 2,    204.524, -122.4,   0.93223, 3,    204.524,  117.6,   0.93223
"SCN_CN15_9143_CEI109_BT_FP3273", 0.38, 1,    186.517,   -3.9,   0.85015, 2,    186.517, -123.9,   0.85015, 3,    186.517,  116.1,   0.85015
"SCN_CN15_9143_CEI201_ATV_BT_FX4536", 0.38, 1,    188.901,   -3.6,   0.86102, 2,    188.901, -123.6,   0.86102, 3,    188.901,  116.4,   0.86102
"SCN_CN15_9143_CEI230_ATV_BT_FP0939", 0.38, 1,    187.025,   -3.7,   0.85247, 2,    187.025, -123.7,   0.85247, 3,    187.025,  116.3,   0.85247
"SCN_CN15_9145_CEI230_ATV_BT_FP0938", 0.38, 1,    187.028,   -3.7,   0.85248, 2,    187.028, -123.7,   0.85248, 3,    187.028,  116.3,   0.85248
"SCN_CN15_9145_CEI69B_BT_FF0345", 0.38, 1,     188.63,   -3.6,   0.85978, 2,     188.63, -123.6,   0.85978, 3,     188.63,  116.4,   0.85978
"SCN_CN15_9146_CEI230_ATV_BT_FP0940", 0.38, 1,    187.025,   -3.7,   0.85246, 2,    187.024, -123.7,   0.85246, 3,    187.024,  116.3,   0.85246
"SCN_CN15_9147_CEI220_ATV_BT_FIC1319", 0.38, 1,    187.246,   -3.8,   0.85347, 2,    187.246, -123.8,   0.85347, 3,    187.246,  116.2,   0.85347
"SCN_CN15_9149_CEI77A_ATV_BT_FP0900", 0.38, 1,    205.358,   -2.3,   0.93603, 2,    205.358, -122.3,   0.93603, 3,    205.358,  117.7,   0.93603
"SCN_CN15_9151_CEI230_ATV_BT_FZ1012", 0.38, 1,     186.96,   -3.7,   0.85217, 2,     186.96, -123.7,   0.85217, 3,    186.959,  116.3,   0.85217
"SCN_CN15_9153_CEI109_BT_FZ3480", 0.38, 1,    185.636,   -4.1,   0.84614, 2,    185.636, -124.1,   0.84613, 3,    185.636,  115.9,   0.84613
"SCN_CN15_9153_CEI77A_ATV_BT_FP0898", 0.38, 1,    205.363,   -2.3,   0.93605, 2,    205.363, -122.3,   0.93605, 3,    205.363,  117.7,   0.93605
"SCN_CN15_9157_CEI230_ATV_BT_FZ1013", 0.38, 1,    186.959,   -3.7,   0.85216, 2,    186.958, -123.7,   0.85216, 3,    186.958,  116.3,   0.85216
"SCN_CN15_9157_CEI77A_ATV_BT_FZ1687", 0.38, 1,    206.121,   -2.3,   0.93951, 2,    206.121, -122.3,    0.9395, 3,    206.121,  117.7,   0.93951
"SCN_CN15_9158_CEI109_BT_FT4756", 0.38, 1,    185.638,   -4.1,   0.84614, 2,    185.637, -124.1,   0.84614, 3,    185.637,  115.9,   0.84614
"SCN_CN15_9158_CEI230_ATV_BT_FP0943", 0.38, 1,    186.885,   -3.7,   0.85183, 2,    186.885, -123.7,   0.85183, 3,    186.885,  116.3,   0.85182
"SCN_CN15_9021_CEI077_ATV_BT_FX5490", 0.38, 1,    203.559,   -2.4,   0.92783, 2,    203.559, -122.4,   0.92783, 3,    203.559,  117.6,   0.92783
"SCN_CN15_9021_CEI134C_ATV_BT_FP1609", 0.38, 1,    186.142,   -4.0,   0.84844, 2,    186.142, -124.0,   0.84844, 3,    186.142,  116.0,   0.84844
"SCN_CN15_9021_CEIRJ006_ATV_BT_FX2548", 0.38, 1,    201.204,   -2.6,   0.91709, 2,    201.203, -122.6,   0.91709, 3,    201.204,  117.4,   0.91709
"SCN_CN15_9020_CEI134A_ATV_BT_FT1997", 0.38, 1,     186.36,   -3.9,   0.84943, 2,     186.36, -123.9,   0.84943, 3,     186.36,  116.1,   0.84943
"SCN_CN15_9018_CEI220_ATV_BT_FF0652", 0.38, 1,    186.018,   -4.0,   0.84788, 2,    186.018, -124.0,   0.84788, 3,    186.018,  116.0,   0.84788
"SCN_CN15_9018_CEI77A_ATV_BT_FIC1236", 0.38, 1,     203.54,   -2.5,   0.92774, 2,    203.539, -122.5,   0.92774, 3,    203.539,  117.5,   0.92774
"SCN_CN15_9017_CEI148A_ATV_BT_FZ7337", 0.38, 1,    184.927,   -4.1,    0.8429, 2,    184.926, -124.1,    0.8429, 3,    184.926,  115.9,    0.8429
"SCN_CN15_9017_CEI69A_BT_FZ2481", 0.38, 1,    184.929,   -4.1,   0.84291, 2,    184.928, -124.1,   0.84291, 3,    184.928,  115.9,   0.84291
