Element, Terminal, P(kW), Q(kvar),  P_Normal, Q_Normal, P_Emergency, Q_Emergency
"Line.L_BSB_MT_2356"    ,   1,       -40.4,       -18.3,         0.0,         0.0,         0.0,         0.0
"Line.L_BSB_MT_2356"    ,   2,        40.4,        18.3
"Line.L_BSB_MT_2357"    ,   1,       871.6,       395.7,         0.0,         0.0,         0.0,         0.0
"Line.L_BSB_MT_2357"    ,   2,      -871.5,      -395.7
"Line.L_BSB_MT_2360"    ,   1,       -86.4,       -39.2,         0.0,         0.0,         0.0,         0.0
"Line.L_BSB_MT_2360"    ,   2,        86.4,        39.2
"Line.L_BSB_MT_2361"    ,   1,        41.2,        18.4,         0.0,         0.0,         0.0,         0.0
"Line.L_BSB_MT_2361"    ,   2,       -41.2,       -18.4
"Line.L_BSB_MT_8919"    ,   1,     -1271.9,      -578.6,         0.0,         0.0,         0.0,         0.0
"Line.L_BSB_MT_8919"    ,   2,      1272.1,       578.7
"Line.L_BSB_MT_8957"    ,   1,         0.0,         0.0,         0.0,         0.0,         0.0,         0.0
"Line.L_BSB_MT_8957"    ,   2,        -0.0,        -0.0
"Line.L_BSB_MT_8959"    ,   1,         1.0,         0.2,         0.0,         0.0,         0.0,         0.0
"Line.L_BSB_MT_8959"    ,   2,        -1.0,        -0.2
"Line.L_BSB_MT_8960"    ,   1,        16.0,         7.2,         0.0,         0.0,         0.0,         0.0
"Line.L_BSB_MT_8960"    ,   2,       -16.0,        -7.2
"Line.L_BSB_MT_8962"    ,   1,       655.0,       320.7,         0.0,         0.0,         0.0,         0.0
"Line.L_BSB_MT_8962"    ,   2,      -654.9,      -320.7
"Line.L_BSB_MT_8963"    ,   1,       -11.2,        -5.1,         0.0,         0.0,         0.0,         0.0
"Line.L_BSB_MT_8963"    ,   2,        11.2,         5.1
"Line.L_BSB_MT_8964"    ,   1,       -11.2,        -5.1,         0.0,         0.0,         0.0,         0.0
"Line.L_BSB_MT_8964"    ,   2,        11.2,         5.1
"Line.L_BSB_MT_8965"    ,   1,       175.5,        79.7,         0.0,         0.0,         0.0,         0.0
"Line.L_BSB_MT_8965"    ,   2,      -175.5,       -79.7
"Line.L_BSB_MT_8966"    ,   1,      -291.4,      -109.1,         0.0,         0.0,         0.0,         0.0
"Line.L_BSB_MT_8966"    ,   2,       291.4,       109.1
"Line.L_BSB_MT_7473"    ,   1,      -336.5,      -153.0,         0.0,         0.0,         0.0,         0.0
"Line.L_BSB_MT_7473"    ,   2,       336.5,       153.0
"Line.L_BSB_MT_7577"    ,   1,       -40.4,       -18.3,         0.0,         0.0,         0.0,         0.0
"Line.L_BSB_MT_7577"    ,   2,        40.4,        18.3
"Line.L_BSB_MT_7578"    ,   1,       551.4,       250.3,         0.0,         0.0,         0.0,         0.0
"Line.L_BSB_MT_7578"    ,   2,      -551.3,      -250.3
"Line.L_BSB_MT_6345"    ,   1,     -5862.1,     -2737.1,         0.0,         0.0,         0.0,         0.0
"Line.L_BSB_MT_6345"    ,   2,      5871.2,      2743.8
"Line.L_BSB_MT_3678"    ,   1,       112.8,        51.2,         0.0,         0.0,         0.0,         0.0
"Line.L_BSB_MT_3678"    ,   2,      -112.8,       -51.2
"Line.L_BSB_MT_3679"    ,   1,       175.5,        79.7,         0.0,         0.0,         0.0,         0.0
"Line.L_BSB_MT_3679"    ,   2,      -175.5,       -79.7
"Line.L_BSB_MT_3680"    ,   1,      -175.5,       -79.7,         0.0,         0.0,         0.0,         0.0
"Line.L_BSB_MT_3680"    ,   2,       175.5,        79.7
"Line.L_BSB_MT_3681"    ,   1,      -175.5,       -79.7,         0.0,         0.0,         0.0,         0.0
"Line.L_BSB_MT_3681"    ,   2,       175.5,        79.7
"Line.L_BSB_MT_3682"    ,   1,      -175.5,       -79.7,         0.0,         0.0,         0.0,         0.0
"Line.L_BSB_MT_3682"    ,   2,       175.5,        79.7
"Line.L_BSB_MT_3683"    ,   1,      -175.5,       -79.7,         0.0,         0.0,         0.0,         0.0
"Line.L_BSB_MT_3683"    ,   2,       175.5,        79.7
"Line.L_BSB_MT_3684"    ,   1,       175.5,        79.7,         0.0,         0.0,         0.0,         0.0
"Line.L_BSB_MT_3684"    ,   2,      -175.5,       -79.7
"Line.L_BSB_MT_3685"    ,   1,       119.9,        54.4,         0.0,         0.0,         0.0,         0.0
"Line.L_BSB_MT_3685"    ,   2,      -119.9,       -54.4
"Line.L_BSB_MT_3686"    ,   1,        78.1,        35.4,         0.0,         0.0,         0.0,         0.0
"Line.L_BSB_MT_3686"    ,   2,       -78.1,       -35.4
"Line.L_BSB_MT_3687"    ,   1,        25.1,        11.4,         0.0,         0.0,         0.0,         0.0
"Line.L_BSB_MT_3687"    ,   2,       -25.1,       -11.4
"Line.L_BSB_MT_3688"    ,   1,       -41.8,       -19.0,         0.0,         0.0,         0.0,         0.0
"Line.L_BSB_MT_3688"    ,   2,        41.8,        19.0
"Line.L_BSB_MT_3689"    ,   1,       -41.8,       -19.0,         0.0,         0.0,         0.0,         0.0
"Line.L_BSB_MT_3689"    ,   2,        41.8,        19.0
"Line.L_BSB_MT_3690"    ,   1,        -0.0,        -0.0,         0.0,         0.0,         0.0,         0.0
"Line.L_BSB_MT_3690"    ,   2,         0.0,         0.0
"Line.L_BSB_MT_3691"    ,   1,         0.0,         0.0,         0.0,         0.0,         0.0,         0.0
"Line.L_BSB_MT_3691"    ,   2,        -0.0,         0.0
"Line.L_BSB_MT_3692"    ,   1,      -175.5,       -79.7,         0.0,         0.0,         0.0,         0.0
"Line.L_BSB_MT_3692"    ,   2,       175.5,        79.7
"Line.L_BSB_MT_3729"    ,   1,       -79.4,       -36.0,         0.0,         0.0,         0.0,         0.0
"Line.L_BSB_MT_3729"    ,   2,        79.4,        36.0
"Line.L_BSB_MT_3747"    ,   1,      1254.5,       570.5,         0.0,         0.0,         0.0,         0.0
"Line.L_BSB_MT_3747"    ,   2,     -1254.2,      -570.3
"Line.L_BSB_MT_3749"    ,   1,      1254.2,       570.3,         0.0,         0.0,         0.0,         0.0
"Line.L_BSB_MT_3749"    ,   2,     -1253.9,      -570.0
"Line.L_BSB_MT_3750"    ,   1,      1253.9,       570.0,         0.0,         0.0,         0.0,         0.0
"Line.L_BSB_MT_3750"    ,   2,     -1253.6,      -569.8
"Line.L_BSB_MT_3751"    ,   1,      1253.6,       569.8,         0.0,         0.0,         0.0,         0.0
"Line.L_BSB_MT_3751"    ,   2,     -1253.3,      -569.6
"Line.L_BSB_MT_3754"    ,   1,      1227.6,       557.8,         0.0,         0.0,         0.0,         0.0
"Line.L_BSB_MT_3754"    ,   2,     -1227.4,      -557.6
"Line.L_BSB_MT_3755"    ,   1,       509.4,       208.2,         0.0,         0.0,         0.0,         0.0
"Line.L_BSB_MT_3755"    ,   2,      -509.3,      -208.2
"Line.L_BSB_MT_3756"    ,   1,       717.9,       349.3,         0.0,         0.0,         0.0,         0.0
"Line.L_BSB_MT_3756"    ,   2,      -717.8,      -349.3
"Line.L_BSB_MT_3757"    ,   1,       717.8,       349.2,         0.0,         0.0,         0.0,         0.0
"Line.L_BSB_MT_3757"    ,   2,      -717.7,      -349.2
"Line.L_BSB_MT_3758"    ,   1,       182.6,        82.9,         0.0,         0.0,         0.0,         0.0
"Line.L_BSB_MT_3758"    ,   2,      -182.6,       -82.9
"Line.L_BSB_MT_3759"    ,   1,       119.9,        54.4,         0.0,         0.0,         0.0,         0.0
"Line.L_BSB_MT_3759"    ,   2,      -119.9,       -54.4
"Line.L_BSB_MT_3760"    ,   1,       385.8,       198.5,         0.0,         0.0,         0.0,         0.0
"Line.L_BSB_MT_3760"    ,   2,      -385.8,      -198.5
"Line.L_BSB_MT_3761"    ,   1,       385.8,       198.5,         0.0,         0.0,         0.0,         0.0
"Line.L_BSB_MT_3761"    ,   2,      -385.8,      -198.5
"Line.L_BSB_MT_3762"    ,   1,        -0.0,         0.0,         0.0,         0.0,         0.0,         0.0
"Line.L_BSB_MT_3762"    ,   2,         0.0,        -0.0
"Line.L_BSB_MT_3763"    ,   1,       -16.7,        -7.6,         0.0,         0.0,         0.0,         0.0
"Line.L_BSB_MT_3763"    ,   2,        16.7,         7.6
"Line.L_BSB_MT_3764"    ,   1,       -16.7,        -7.6,         0.0,         0.0,         0.0,         0.0
"Line.L_BSB_MT_3764"    ,   2,        16.7,         7.6
"Line.L_BSB_MT_3765"    ,   1,       -16.7,        -7.6,         0.0,         0.0,         0.0,         0.0
"Line.L_BSB_MT_3765"    ,   2,        16.7,         7.6
"Line.L_BSB_MT_3770"    ,   1,       -16.7,        -7.6,         0.0,         0.0,         0.0,         0.0
"Line.L_BSB_MT_3770"    ,   2,        16.7,         7.6
"Line.L_BSB_MT_3771"    ,   1,       -16.7,        -7.6,         0.0,         0.0,         0.0,         0.0
"Line.L_BSB_MT_3771"    ,   2,        16.7,         7.6
"Line.L_BSB_MT_3772"    ,   1,       -16.7,        -7.6,         0.0,         0.0,         0.0,         0.0
"Line.L_BSB_MT_3772"    ,   2,        16.7,         7.6
"Line.L_BSB_MT_3773"    ,   1,       -79.4,       -36.0,         0.0,         0.0,         0.0,         0.0
"Line.L_BSB_MT_3773"    ,   2,        79.4,        36.0
"Line.L_BSB_MT_3774"    ,   1,       -79.4,       -36.0,         0.0,         0.0,         0.0,         0.0
"Line.L_BSB_MT_3774"    ,   2,        79.4,        36.0
"Line.L_BSB_MT_3437"    ,   1,       391.5,       177.7,         0.0,         0.0,         0.0,         0.0
"Line.L_BSB_MT_3437"    ,   2,      -391.5,      -177.7
"Line.L_BSB_MT_3450"    ,   1,       -50.2,       -22.8,         0.0,         0.0,         0.0,         0.0
"Line.L_BSB_MT_3450"    ,   2,        50.2,        22.8
"Line.L_BSB_MT_3451"    ,   1,       -11.2,        -5.1,         0.0,         0.0,         0.0,         0.0
"Line.L_BSB_MT_3451"    ,   2,        11.2,         5.1
"Line.L_BSB_MT_3452"    ,   1,       -11.2,        -5.1,         0.0,         0.0,         0.0,         0.0
"Line.L_BSB_MT_3452"    ,   2,        11.2,         5.1
"Line.L_BSB_MT_3453"    ,   1,       -36.2,       -16.4,         0.0,         0.0,         0.0,         0.0
"Line.L_BSB_MT_3453"    ,   2,        36.2,        16.4
"Line.L_BSB_MT_3454"    ,   1,        -0.0,         0.0,         0.0,         0.0,         0.0,         0.0
"Line.L_BSB_MT_3454"    ,   2,         0.0,        -0.0
"Line.L_BSB_MT_3455"    ,   1,        -0.0,        -0.0,         0.0,         0.0,         0.0,         0.0
"Line.L_BSB_MT_3455"    ,   2,         0.0,         0.0
"Line.L_BSB_MT_3456"    ,   1,        -0.0,        -0.0,         0.0,         0.0,         0.0,         0.0
"Line.L_BSB_MT_3456"    ,   2,         0.0,         0.0
"Line.L_BSB_MT_3457"    ,   1,         0.0,         0.0,         0.0,         0.0,         0.0,         0.0
"Line.L_BSB_MT_3457"    ,   2,        -0.0,        -0.0
"Line.L_BSB_MT_3458"    ,   1,       -11.1,        -5.1,         0.0,         0.0,         0.0,         0.0
"Line.L_BSB_MT_3458"    ,   2,        11.1,         5.1
"Line.L_BSB_MT_3460"    ,   1,       -11.1,        -5.1,         0.0,         0.0,         0.0,         0.0
"Line.L_BSB_MT_3460"    ,   2,        11.1,         5.1
"Line.L_BSB_MT_3461"    ,   1,        39.0,        17.7,         0.0,         0.0,         0.0,         0.0
"Line.L_BSB_MT_3461"    ,   2,       -39.0,       -17.7
"Line.L_BSB_MT_3462"    ,   1,        39.0,        17.7,         0.0,         0.0,         0.0,         0.0
"Line.L_BSB_MT_3462"    ,   2,       -39.0,       -17.7
"Line.L_BSB_MT_3488"    ,   1,       -22.3,       -10.1,         0.0,         0.0,         0.0,         0.0
"Line.L_BSB_MT_3488"    ,   2,        22.3,        10.1
"Line.L_BSB_MT_3489"    ,   1,       -22.3,       -10.1,         0.0,         0.0,         0.0,         0.0
"Line.L_BSB_MT_3489"    ,   2,        22.3,        10.1
"Line.L_BSB_MT_3490"    ,   1,       -11.1,        -5.1,         0.0,         0.0,         0.0,         0.0
"Line.L_BSB_MT_3490"    ,   2,        11.1,         5.1
"Line.L_BSB_MT_3495"    ,   1,      -355.0,      -161.2,         0.0,         0.0,         0.0,         0.0
"Line.L_BSB_MT_3495"    ,   2,       355.0,       161.2
"Line.L_BSB_MT_3500"    ,   1,        25.1,        11.4,         0.0,         0.0,         0.0,         0.0
"Line.L_BSB_MT_3500"    ,   2,       -25.1,       -11.4
"Line.L_BSB_MT_3504"    ,   1,        50.2,        22.8,         0.0,         0.0,         0.0,         0.0
"Line.L_BSB_MT_3504"    ,   2,       -50.2,       -22.8
"Line.L_BSB_MT_3507"    ,   1,      -355.0,      -161.2,         0.0,         0.0,         0.0,         0.0
"Line.L_BSB_MT_3507"    ,   2,       355.0,       161.2
"Line.L_BSB_MT_5202"    ,   1,       -50.1,       -22.8,         0.0,         0.0,         0.0,         0.0
"Line.L_BSB_MT_5202"    ,   2,        50.1,        22.8
"Line.L_BSB_MT_5203"    ,   1,       509.3,       208.2,         0.0,         0.0,         0.0,         0.0
"Line.L_BSB_MT_5203"    ,   2,      -509.3,      -208.2
"Line.L_BSB_MT_5204"    ,   1,       492.1,       200.2,         0.0,         0.0,         0.0,         0.0
"Line.L_BSB_MT_5204"    ,   2,      -492.1,      -200.2
"Line.L_BSB_MT_5205"    ,   1,        -8.4,        -3.8,         0.0,         0.0,         0.0,         0.0
"Line.L_BSB_MT_5205"    ,   2,         8.4,         3.8
"Line.L_BSB_MT_5216"    ,   1,        -0.0,        -0.0,         0.0,         0.0,         0.0,         0.0
"Line.L_BSB_MT_5216"    ,   2,         0.0,         0.0
"Line.L_BSB_MT_5222"    ,   1,        -0.0,         0.0,         0.0,         0.0,         0.0,         0.0
"Line.L_BSB_MT_5222"    ,   2,         0.0,        -0.0
"Line.L_BSB_MT_5232"    ,   1,      -175.5,       -79.7,         0.0,         0.0,         0.0,         0.0
"Line.L_BSB_MT_5232"    ,   2,       175.5,        79.7
"Line.L_BSB_MT_5233"    ,   1,       175.5,        79.7,         0.0,         0.0,         0.0,         0.0
"Line.L_BSB_MT_5233"    ,   2,      -175.5,       -79.7
"Line.L_BSB_MT_5234"    ,   1,       -25.1,       -11.4,         0.0,         0.0,         0.0,         0.0
"Line.L_BSB_MT_5234"    ,   2,        25.1,        11.4
"Line.L_BSB_MT_5235"    ,   1,        53.0,        24.0,         0.0,         0.0,         0.0,         0.0
"Line.L_BSB_MT_5235"    ,   2,       -53.0,       -24.0
"Line.L_BSB_MT_5236"    ,   1,       -50.2,       -22.8,         0.0,         0.0,         0.0,         0.0
"Line.L_BSB_MT_5236"    ,   2,        50.2,        22.8
"Line.L_BSB_MT_5249"    ,   1,      1271.9,       578.6,         0.0,         0.0,         0.0,         0.0
"Line.L_BSB_MT_5249"    ,   2,     -1271.6,      -578.3
"Line.L_BSB_MT_5250"    ,   1,      1253.3,       569.6,         0.0,         0.0,         0.0,         0.0
"Line.L_BSB_MT_5250"    ,   2,     -1252.9,      -569.3
"Line.L_BSB_MT_5251"    ,   1,      1252.9,       569.3,         0.0,         0.0,         0.0,         0.0
"Line.L_BSB_MT_5251"    ,   2,     -1252.7,      -569.1
"Line.L_BSB_MT_5252"    ,   1,       717.8,       349.3,         0.0,         0.0,         0.0,         0.0
"Line.L_BSB_MT_5252"    ,   2,      -717.8,      -349.2
"Line.L_BSB_MT_5253"    ,   1,      -269.0,      -122.1,         0.0,         0.0,         0.0,         0.0
"Line.L_BSB_MT_5253"    ,   2,       269.1,       122.1
"Line.L_BSB_MT_5254"    ,   1,       119.9,        54.4,         0.0,         0.0,         0.0,         0.0
"Line.L_BSB_MT_5254"    ,   2,      -119.9,       -54.4
"Line.L_BSB_MT_5255"    ,   1,        -0.0,        -0.0,         0.0,         0.0,         0.0,         0.0
"Line.L_BSB_MT_5255"    ,   2,         0.0,         0.0
"Line.L_BSB_MT_5256"    ,   1,       -16.7,        -7.6,         0.0,         0.0,         0.0,         0.0
"Line.L_BSB_MT_5256"    ,   2,        16.7,         7.6
"Line.L_BSB_MT_5259"    ,   1,      -142.1,       -64.5,         0.0,         0.0,         0.0,         0.0
"Line.L_BSB_MT_5259"    ,   2,       142.1,        64.5
"Line.L_BSB_MT_5260"    ,   1,        63.7,        52.2,         0.0,         0.0,         0.0,         0.0
"Line.L_BSB_MT_5260"    ,   2,       -63.7,       -52.2
"Line.L_BSB_MT_5261"    ,   1,      -385.8,      -198.5,         0.0,         0.0,         0.0,         0.0
"Line.L_BSB_MT_5261"    ,   2,       385.8,       198.5
"Line.L_BSB_MT_5262"    ,   1,         0.0,         0.0,         0.0,         0.0,         0.0,         0.0
"Line.L_BSB_MT_5262"    ,   2,        -0.0,        -0.0
"Line.L_BSB_MT_5263"    ,   1,       -83.5,       -37.9,         0.0,         0.0,         0.0,         0.0
"Line.L_BSB_MT_5263"    ,   2,        83.5,        37.9
"Line.L_BSB_MT_5264"    ,   1,      -167.1,       -75.8,         0.0,         0.0,         0.0,         0.0
"Line.L_BSB_MT_5264"    ,   2,       167.1,        75.8
"Line.L_BSB_MT_5265"    ,   1,      -355.0,      -161.2,         0.0,         0.0,         0.0,         0.0
"Line.L_BSB_MT_5265"    ,   2,       355.1,       161.2
"Line.L_BSB_MT_5266"    ,   1,      -355.1,      -161.3,         0.0,         0.0,         0.0,         0.0
"Line.L_BSB_MT_5266"    ,   2,       355.1,       161.3
"Line.L_BSB_MT_5268"    ,   1,      -355.1,      -161.3,         0.0,         0.0,         0.0,         0.0
"Line.L_BSB_MT_5268"    ,   2,       355.1,       161.3
"Line.L_BSB_MT_5269"    ,   1,       -53.0,       -24.0,         0.0,         0.0,         0.0,         0.0
"Line.L_BSB_MT_5269"    ,   2,        53.0,        24.0
"Line.L_BSB_MT_5287"    ,   1,       -11.2,        -5.1,         0.0,         0.0,         0.0,         0.0
"Line.L_BSB_MT_5287"    ,   2,        11.2,         5.1
"Line.L_BSB_MT_5288"    ,   1,        50.2,        22.8,         0.0,         0.0,         0.0,         0.0
"Line.L_BSB_MT_5288"    ,   2,       -50.2,       -22.8
"Line.L_BSB_MT_5289"    ,   1,      -385.7,      -198.4,         0.0,         0.0,         0.0,         0.0
"Line.L_BSB_MT_5289"    ,   2,       385.7,       198.5
"Line.L_BSB_MT_5290"    ,   1,      -289.5,      -154.7,         0.0,         0.0,         0.0,         0.0
"Line.L_BSB_MT_5290"    ,   2,       289.5,       154.7
"Line.L_BSB_MT_5291"    ,   1,      -205.8,      -116.7,         0.0,         0.0,         0.0,         0.0
"Line.L_BSB_MT_5291"    ,   2,       205.8,       116.7
"Line.L_BSB_MT_5293"    ,   1,     -4510.3,     -2087.6,         0.0,         0.0,         0.0,         0.0
"Line.L_BSB_MT_5293"    ,   2,      4514.9,      2091.8
"Line.L_BSB_MT_5294"    ,   1,     -4527.0,     -2102.8,         0.0,         0.0,         0.0,         0.0
"Line.L_BSB_MT_5294"    ,   2,      4531.0,      2106.4
"Line.L_BSB_MT_5295"    ,   1,      5822.3,      2702.6,         0.0,         0.0,         0.0,         0.0
"Line.L_BSB_MT_5295"    ,   2,     -5816.3,     -2697.1
"Line.L_BSB_MT_5308"    ,   1,       187.9,        85.3,         0.0,         0.0,         0.0,         0.0
"Line.L_BSB_MT_5308"    ,   2,      -187.9,       -85.3
"Line.L_BSB_MT_5309"    ,   1,        62.6,        28.4,         0.0,         0.0,         0.0,         0.0
"Line.L_BSB_MT_5309"    ,   2,       -62.6,       -28.4
"Line.L_BSB_MT_7582"    ,   1,      -443.2,      -200.9,         0.0,         0.0,         0.0,         0.0
"Line.L_BSB_MT_7582"    ,   2,       443.2,       200.9
"Line.L_BSB_MT_7602"    ,   1,        80.4,        36.5,         0.0,         0.0,         0.0,         0.0
"Line.L_BSB_MT_7602"    ,   2,       -80.4,       -36.5
"Line.L_BSB_MT_7640"    ,   1,        22.3,        10.1,         0.0,         0.0,         0.0,         0.0
"Line.L_BSB_MT_7640"    ,   2,       -22.3,       -10.1
"Line.L_BSB_MT_7647"    ,   1,      -718.0,      -349.4,         0.0,         0.0,         0.0,         0.0
"Line.L_BSB_MT_7647"    ,   2,       718.0,       349.4
"Line.L_BSB_MT_7648"    ,   1,       -11.2,        -5.1,         0.0,         0.0,         0.0,         0.0
"Line.L_BSB_MT_7648"    ,   2,        11.2,         5.1
"Line.L_BSB_MT_3614"    ,   1,       500.7,       204.2,         0.0,         0.0,         0.0,         0.0
"Line.L_BSB_MT_3614"    ,   2,      -500.7,      -204.2
"Line.L_BSB_MT_3615"    ,   1,       500.7,       204.2,         0.0,         0.0,         0.0,         0.0
"Line.L_BSB_MT_3615"    ,   2,      -500.6,      -204.2
"Line.L_BSB_MT_3616"    ,   1,       500.6,       204.2,         0.0,         0.0,         0.0,         0.0
"Line.L_BSB_MT_3616"    ,   2,      -500.6,      -204.1
"Line.L_BSB_MT_3617"    ,   1,       492.2,       200.3,         0.0,         0.0,         0.0,         0.0
"Line.L_BSB_MT_3617"    ,   2,      -492.2,      -200.3
"Line.L_BSB_MT_3618"    ,   1,       492.1,       200.3,         0.0,         0.0,         0.0,         0.0
"Line.L_BSB_MT_3618"    ,   2,      -492.1,      -200.2
"Line.L_BSB_MT_3619"    ,   1,       492.1,       200.2,         0.0,         0.0,         0.0,         0.0
"Line.L_BSB_MT_3619"    ,   2,      -492.0,      -200.2
"Line.L_BSB_MT_3620"    ,   1,        25.1,        11.4,         0.0,         0.0,         0.0,         0.0
"Line.L_BSB_MT_3620"    ,   2,       -25.1,       -11.4
"Line.L_BSB_MT_3637"    ,   1,        -0.0,        -0.0,         0.0,         0.0,         0.0,         0.0
"Line.L_BSB_MT_3637"    ,   2,         0.0,         0.0
"Line.L_BSB_MT_3638"    ,   1,        -0.0,        -0.0,         0.0,         0.0,         0.0,         0.0
"Line.L_BSB_MT_3638"    ,   2,         0.0,         0.0
"Line.L_BSB_MT_3639"    ,   1,       112.8,        51.2,         0.0,         0.0,         0.0,         0.0
"Line.L_BSB_MT_3639"    ,   2,      -112.8,       -51.2
"Line.L_BSB_MT_3644"    ,   1,      1272.3,       578.9,         0.0,         0.0,         0.0,         0.0
"Line.L_BSB_MT_3644"    ,   2,     -1272.1,      -578.7
"Line.L_BSB_MT_3775"    ,   1,      -142.1,       -64.5,         0.0,         0.0,         0.0,         0.0
"Line.L_BSB_MT_3775"    ,   2,       142.1,        64.5
"Line.L_BSB_MT_3776"    ,   1,      -142.1,       -64.5,         0.0,         0.0,         0.0,         0.0
"Line.L_BSB_MT_3776"    ,   2,       142.1,        64.5
"Line.L_BSB_MT_3828"    ,   1,       -50.1,       -22.8,         0.0,         0.0,         0.0,         0.0
"Line.L_BSB_MT_3828"    ,   2,        50.1,        22.8
"Line.L_BSB_MT_3847"    ,   1,        -0.0,        -0.0,         0.0,         0.0,         0.0,         0.0
"Line.L_BSB_MT_3847"    ,   2,         0.0,         0.0
"Line.L_BSB_MT_3848"    ,   1,        -0.0,        -0.0,         0.0,         0.0,         0.0,         0.0
"Line.L_BSB_MT_3848"    ,   2,         0.0,         0.0
"Line.L_BSB_MT_3849"    ,   1,        25.1,        11.4,         0.0,         0.0,         0.0,         0.0
"Line.L_BSB_MT_3849"    ,   2,       -25.1,       -11.4
"Line.L_BSB_MT_3853"    ,   1,      -323.0,      -169.9,         0.0,         0.0,         0.0,         0.0
"Line.L_BSB_MT_3853"    ,   2,       323.0,       169.9
"Line.L_BSB_MT_3854"    ,   1,      -323.0,      -169.9,         0.0,         0.0,         0.0,         0.0
"Line.L_BSB_MT_3854"    ,   2,       323.0,       169.9
"Line.L_BSB_MT_3855"    ,   1,      -306.2,      -162.3,         0.0,         0.0,         0.0,         0.0
"Line.L_BSB_MT_3855"    ,   2,       306.2,       162.3
"Line.L_BSB_MT_3856"    ,   1,      -306.2,      -162.3,         0.0,         0.0,         0.0,         0.0
"Line.L_BSB_MT_3856"    ,   2,       306.2,       162.3
"Line.L_BSB_MT_3857"    ,   1,      -306.2,      -162.3,         0.0,         0.0,         0.0,         0.0
"Line.L_BSB_MT_3857"    ,   2,       306.2,       162.3
"Line.L_BSB_MT_3858"    ,   1,      -289.5,      -154.7,         0.0,         0.0,         0.0,         0.0
"Line.L_BSB_MT_3858"    ,   2,       289.5,       154.7
"Line.L_BSB_MT_3859"    ,   1,      -289.4,      -154.7,         0.0,         0.0,         0.0,         0.0
"Line.L_BSB_MT_3859"    ,   2,       289.4,       154.7
"Line.L_BSB_MT_3860"    ,   1,      -205.8,      -116.7,         0.0,         0.0,         0.0,         0.0
"Line.L_BSB_MT_3860"    ,   2,       205.8,       116.7
"Line.L_BSB_MT_3861"    ,   1,      -205.8,      -116.7,         0.0,         0.0,         0.0,         0.0
"Line.L_BSB_MT_3861"    ,   2,       205.8,       116.7
"Line.L_BSB_MT_3862"    ,   1,      -205.8,      -116.7,         0.0,         0.0,         0.0,         0.0
"Line.L_BSB_MT_3862"    ,   2,       205.8,       116.7
"Line.L_BSB_MT_3865"    ,   1,     -4502.9,     -2080.8,         0.0,         0.0,         0.0,         0.0
"Line.L_BSB_MT_3865"    ,   2,      4506.8,      2084.4
"Line.L_BSB_MT_3866"    ,   1,     -4498.8,     -2077.1,         0.0,         0.0,         0.0,         0.0
"Line.L_BSB_MT_3866"    ,   2,      4502.9,      2080.8
"Line.L_BSB_MT_3867"    ,   1,     -4514.9,     -2091.8,         0.0,         0.0,         0.0,         0.0
"Line.L_BSB_MT_3867"    ,   2,      4518.9,      2095.4
"Line.L_BSB_MT_3868"    ,   1,     -4518.9,     -2095.4,         0.0,         0.0,         0.0,         0.0
"Line.L_BSB_MT_3868"    ,   2,      4523.0,      2099.1
"Line.L_BSB_MT_3869"    ,   1,     -4531.0,     -2106.4,         0.0,         0.0,         0.0,         0.0
"Line.L_BSB_MT_3869"    ,   2,      4534.0,      2109.2
"Line.L_BSB_MT_3870"    ,   1,      5828.7,      2708.3,         0.0,         0.0,         0.0,         0.0
"Line.L_BSB_MT_3870"    ,   2,     -5822.3,     -2702.6
"Line.L_BSB_MT_3871"    ,   1,      5833.4,      2712.6,         0.0,         0.0,         0.0,         0.0
"Line.L_BSB_MT_3871"    ,   2,     -5828.7,     -2708.3
"Line.L_BSB_MT_3872"    ,   1,      5838.3,      2717.1,         0.0,         0.0,         0.0,         0.0
"Line.L_BSB_MT_3872"    ,   2,     -5833.4,     -2712.6
"Line.L_BSB_MT_3873"    ,   1,      5853.0,      2730.5,         0.0,         0.0,         0.0,         0.0
"Line.L_BSB_MT_3873"    ,   2,     -5845.2,     -2723.3
"Line.L_BSB_MT_3889"    ,   1,        25.1,        11.4,         0.0,         0.0,         0.0,         0.0
"Line.L_BSB_MT_3889"    ,   2,       -25.1,       -11.4
"Line.L_BSB_MT_5310"    ,   1,        25.1,        11.4,         0.0,         0.0,         0.0,         0.0
"Line.L_BSB_MT_5310"    ,   2,       -25.1,       -11.4
"Line.L_BSB_MT_5330"    ,   1,        -0.0,        -0.0,         0.0,         0.0,         0.0,         0.0
"Line.L_BSB_MT_5330"    ,   2,         0.0,         0.0
"Line.L_BSB_MT_5337"    ,   1,        16.0,         7.2,         0.0,         0.0,         0.0,         0.0
"Line.L_BSB_MT_5337"    ,   2,       -16.0,        -7.2
"Line.L_BSB_MT_7811"    ,   1,        79.4,        36.0,         0.0,         0.0,         0.0,         0.0
"Line.L_BSB_MT_7811"    ,   2,       -79.4,       -36.0
"Line.L_BSB_MT_7813"    ,   1,      -306.2,      -162.3,         0.0,         0.0,         0.0,         0.0
"Line.L_BSB_MT_7813"    ,   2,       306.2,       162.3
"Line.L_BSB_MT_2783"    ,   1,        -0.0,         0.0,         0.0,         0.0,         0.0,         0.0
"Line.L_BSB_MT_2783"    ,   2,         0.0,         0.0
"Line.L_BSB_MT_9079"    ,   1,        40.4,        18.3,         0.0,         0.0,         0.0,         0.0
"Line.L_BSB_MT_9079"    ,   2,       -40.4,       -18.3
"Line.L_BSB_MT_9080"    ,   1,      1450.4,       658.8,         0.0,         0.0,         0.0,         0.0
"Line.L_BSB_MT_9080"    ,   2,     -1450.1,      -658.6
"Line.L_BSB_MT_9081"    ,   1,      -323.0,      -170.0,         0.0,         0.0,         0.0,         0.0
"Line.L_BSB_MT_9081"    ,   2,       323.0,       170.0
"Line.L_BSB_MT_9082"    ,   1,       -79.4,       -36.0,         0.0,         0.0,         0.0,         0.0
"Line.L_BSB_MT_9082"    ,   2,        79.4,        36.0
"Line.L_BSB_MT_9083"    ,   1,       -16.7,        -7.6,         0.0,         0.0,         0.0,         0.0
"Line.L_BSB_MT_9083"    ,   2,        16.7,         7.6
"Line.L_BSB_MT_3925"    ,   1,       187.9,        85.3,         0.0,         0.0,         0.0,         0.0
"Line.L_BSB_MT_3925"    ,   2,      -187.9,       -85.3
"Line.L_BSB_MT_3926"    ,   1,       187.9,        85.3,         0.0,         0.0,         0.0,         0.0
"Line.L_BSB_MT_3926"    ,   2,      -187.9,       -85.3
"Line.L_BSB_MT_3927"    ,   1,       187.9,        85.3,         0.0,         0.0,         0.0,         0.0
"Line.L_BSB_MT_3927"    ,   2,      -187.9,       -85.3
"Line.L_BSB_MT_3928"    ,   1,       125.3,        56.9,         0.0,         0.0,         0.0,         0.0
"Line.L_BSB_MT_3928"    ,   2,      -125.3,       -56.9
"Line.L_BSB_MT_3929"    ,   1,        62.6,        28.4,         0.0,         0.0,         0.0,         0.0
"Line.L_BSB_MT_3929"    ,   2,       -62.6,       -28.4
"Line.L_BSB_MT_3930"    ,   1,       -62.6,       -28.4,         0.0,         0.0,         0.0,         0.0
"Line.L_BSB_MT_3930"    ,   2,        62.6,        28.4
"Line.L_BSB_MT_3932"    ,   1,        -0.0,        -0.0,         0.0,         0.0,         0.0,         0.0
"Line.L_BSB_MT_3932"    ,   2,        -0.0,        -0.0
"Line.L_BSB_MT_3933"    ,   1,       -86.4,       -39.2,         0.0,         0.0,         0.0,         0.0
"Line.L_BSB_MT_3933"    ,   2,        86.4,        39.2
"Line.L_BSB_MT_3940"    ,   1,      -355.0,      -161.2,         0.0,         0.0,         0.0,         0.0
"Line.L_BSB_MT_3940"    ,   2,       355.0,       161.2
"Line.L_BSB_MT_7868"    ,   1,        60.3,        27.4,         0.0,         0.0,         0.0,         0.0
"Line.L_BSB_MT_7868"    ,   2,       -60.3,       -27.4
"Line.L_BSB_MT_5539"    ,   1,      -917.4,      -417.0,         0.0,         0.0,         0.0,         0.0
"Line.L_BSB_MT_5539"    ,   2,       917.5,       417.1
"Line.L_BSB_MT_5540"    ,   1,        55.9,        25.4,         0.0,         0.0,         0.0,         0.0
"Line.L_BSB_MT_5540"    ,   2,       -55.9,       -25.4
"Line.L_BSB_MT_5541"    ,   1,        40.4,        18.3,         0.0,         0.0,         0.0,         0.0
"Line.L_BSB_MT_5541"    ,   2,       -40.4,       -18.3
"Line.L_BSB_MT_5542"    ,   1,      -634.3,      -288.2,         0.0,         0.0,         0.0,         0.0
"Line.L_BSB_MT_5542"    ,   2,       634.3,       288.2
"Line.L_BSB_MT_5543"    ,   1,      -336.5,      -153.0,         0.0,         0.0,         0.0,         0.0
"Line.L_BSB_MT_5543"    ,   2,       336.5,       153.0
"Line.L_BSB_MT_5544"    ,   1,       391.4,       177.7,         0.0,         0.0,         0.0,         0.0
"Line.L_BSB_MT_5544"    ,   2,      -391.4,      -177.7
"Line.L_BSB_MT_5547"    ,   1,     -4473.9,     -2054.4,         0.0,         0.0,         0.0,         0.0
"Line.L_BSB_MT_5547"    ,   2,      4476.9,      2057.2
"Line.L_BSB_MT_5560"    ,   1,       120.7,        54.8,         0.0,         0.0,         0.0,         0.0
"Line.L_BSB_MT_5560"    ,   2,      -120.7,       -54.8
"Line.L_BSB_MT_2017"    ,   1,       -40.4,       -18.3,         0.0,         0.0,         0.0,         0.0
"Line.L_BSB_MT_2017"    ,   2,        40.4,        18.3
"Line.L_BSB_MT_2892"    ,   1,        -0.0,         0.0,         0.0,         0.0,         0.0,         0.0
"Line.L_BSB_MT_2892"    ,   2,        -0.0,        -0.0
"Line.L_BSB_MT_2893"    ,   1,         0.0,         0.0,         0.0,         0.0,         0.0,         0.0
"Line.L_BSB_MT_2893"    ,   2,        -0.0,        -0.0
"Line.L_BSB_MT_2894"    ,   1,         0.0,         0.0,         0.0,         0.0,         0.0,         0.0
"Line.L_BSB_MT_2894"    ,   2,        -0.0,        -0.0
"Line.L_BSB_MT_2895"    ,   1,         0.0,         0.0,         0.0,         0.0,         0.0,         0.0
"Line.L_BSB_MT_2895"    ,   2,        -0.0,        -0.0
"Line.L_BSB_MT_2896"    ,   1,         0.0,         0.0,         0.0,         0.0,         0.0,         0.0
"Line.L_BSB_MT_2896"    ,   2,        -0.0,        -0.0
"Line.L_BSB_MT_6637"    ,   1,      5862.1,      2737.1,         0.0,         0.0,         0.0,         0.0
"Line.L_BSB_MT_6637"    ,   2,     -5853.0,     -2730.5
"Line.L_BSB_MT_6639"    ,   1,        -0.0,        -0.0,         0.0,         0.0,         0.0,         0.0
"Line.L_BSB_MT_6639"    ,   2,        -0.0,         0.0
"Line.L_BSB_MT_2112"    ,   1,         1.0,         0.2,         0.0,         0.0,         0.0,         0.0
"Line.L_BSB_MT_2112"    ,   2,        -1.0,        -0.2
"Line.L_BSB_MT_2113"    ,   1,         1.0,         0.2,         0.0,         0.0,         0.0,         0.0
"Line.L_BSB_MT_2113"    ,   2,        -1.0,        -0.2
"Line.L_BSB_MT_2114"    ,   1,        41.2,        18.4,         0.0,         0.0,         0.0,         0.0
"Line.L_BSB_MT_2114"    ,   2,       -41.2,       -18.4
"Line.L_BSB_MT_2115"    ,   1,        41.2,        18.4,         0.0,         0.0,         0.0,         0.0
"Line.L_BSB_MT_2115"    ,   2,       -41.2,       -18.4
"Line.L_BSB_MT_2116"    ,   1,        41.2,        18.4,         0.0,         0.0,         0.0,         0.0
"Line.L_BSB_MT_2116"    ,   2,       -41.2,       -18.4
"Line.L_BSB_MT_2117"    ,   1,        41.2,        18.4,         0.0,         0.0,         0.0,         0.0
"Line.L_BSB_MT_2117"    ,   2,       -41.2,       -18.4
"Line.L_BSB_MT_2118"    ,   1,       121.1,        55.0,         0.0,         0.0,         0.0,         0.0
"Line.L_BSB_MT_2118"    ,   2,      -121.1,       -54.9
"Line.L_BSB_MT_2119"    ,   1,        80.7,        36.6,         0.0,         0.0,         0.0,         0.0
"Line.L_BSB_MT_2119"    ,   2,       -80.7,       -36.6
"Line.L_BSB_MT_2120"    ,   1,        80.7,        36.6,         0.0,         0.0,         0.0,         0.0
"Line.L_BSB_MT_2120"    ,   2,       -80.7,       -36.6
"Line.L_BSB_MT_2121"    ,   1,        40.4,        18.3,         0.0,         0.0,         0.0,         0.0
"Line.L_BSB_MT_2121"    ,   2,       -40.4,       -18.3
"Line.L_BSB_MT_2122"    ,   1,      -161.4,       -73.3,         0.0,         0.0,         0.0,         0.0
"Line.L_BSB_MT_2122"    ,   2,       161.4,        73.3
"Line.L_BSB_MT_2123"    ,   1,        80.7,        36.6,         0.0,         0.0,         0.0,         0.0
"Line.L_BSB_MT_2123"    ,   2,       -80.7,       -36.6
"Line.L_BSB_MT_5602"    ,   1,        41.2,        18.4,         0.0,         0.0,         0.0,         0.0
"Line.L_BSB_MT_5602"    ,   2,       -41.2,       -18.4
"Line.L_BSB_MT_2897"    ,   1,         0.0,         0.0,         0.0,         0.0,         0.0,         0.0
"Line.L_BSB_MT_2897"    ,   2,        -0.0,        -0.0
"Line.L_BSB_MT_3607"    ,   1,      -112.8,       -51.2,         0.0,         0.0,         0.0,         0.0
"Line.L_BSB_MT_3607"    ,   2,       112.8,        51.2
"Line.L_BSB_MT_3608"    ,   1,      -112.8,       -51.2,         0.0,         0.0,         0.0,         0.0
"Line.L_BSB_MT_3608"    ,   2,       112.8,        51.2
"Line.L_BSB_MT_3609"    ,   1,       509.3,       208.2,         0.0,         0.0,         0.0,         0.0
"Line.L_BSB_MT_3609"    ,   2,      -509.3,      -208.2
"Line.L_BSB_MT_3610"    ,   1,       509.3,       208.2,         0.0,         0.0,         0.0,         0.0
"Line.L_BSB_MT_3610"    ,   2,      -509.2,      -208.1
"Line.L_BSB_MT_3611"    ,   1,       509.2,       208.1,         0.0,         0.0,         0.0,         0.0
"Line.L_BSB_MT_3611"    ,   2,      -509.2,      -208.1
"Line.L_BSB_MT_3612"    ,   1,       509.2,       208.1,         0.0,         0.0,         0.0,         0.0
"Line.L_BSB_MT_3612"    ,   2,      -509.2,      -208.1
"Line.L_BSB_MT_3613"    ,   1,       500.8,       204.3,         0.0,         0.0,         0.0,         0.0
"Line.L_BSB_MT_3613"    ,   2,      -500.8,      -204.3
"Line.L_BSB_MT_7952"    ,   1,      -336.5,      -153.0,         0.0,         0.0,         0.0,         0.0
"Line.L_BSB_MT_7952"    ,   2,       336.5,       153.0
"Line.L_BSB_MT_7985"    ,   1,     -1353.6,      -630.5,         0.0,         0.0,         0.0,         0.0
"Line.L_BSB_MT_7985"    ,   2,      1353.9,       630.8
"Line.L_BSB_MT_8004"    ,   1,       711.4,       323.0,         0.0,         0.0,         0.0,         0.0
"Line.L_BSB_MT_8004"    ,   2,      -711.4,      -322.9
"Line.L_BSB_MT_8008"    ,   1,       161.0,        73.1,         0.0,         0.0,         0.0,         0.0
"Line.L_BSB_MT_8008"    ,   2,      -161.0,       -73.1
"Line.L_BSB_MT_4204"    ,   1,        40.4,        18.3,         0.0,         0.0,         0.0,         0.0
"Line.L_BSB_MT_4204"    ,   2,       -40.4,       -18.3
"Line.L_BSB_MT_4205"    ,   1,       -40.4,       -18.3,         0.0,         0.0,         0.0,         0.0
"Line.L_BSB_MT_4205"    ,   2,        40.4,        18.3
"Line.L_BSB_MT_4206"    ,   1,      1794.5,       815.5,         0.0,         0.0,         0.0,         0.0
"Line.L_BSB_MT_4206"    ,   2,     -1794.1,      -815.2
"Line.L_BSB_MT_4207"    ,   1,      -836.0,      -379.9,         0.0,         0.0,         0.0,         0.0
"Line.L_BSB_MT_4207"    ,   2,       836.1,       379.9
"Line.L_BSB_MT_4208"    ,   1,        80.4,        36.5,         0.0,         0.0,         0.0,         0.0
"Line.L_BSB_MT_4208"    ,   2,       -80.4,       -36.5
"Line.L_BSB_MT_4209"    ,   1,      1369.6,       622.0,         0.0,         0.0,         0.0,         0.0
"Line.L_BSB_MT_4209"    ,   2,     -1369.6,      -622.0
"Line.L_BSB_MT_4210"    ,   1,       391.5,       177.7,         0.0,         0.0,         0.0,         0.0
"Line.L_BSB_MT_4210"    ,   2,      -391.5,      -177.7
"Line.L_BSB_MT_4229"    ,   1,     -4490.5,     -2069.5,         0.0,         0.0,         0.0,         0.0
"Line.L_BSB_MT_4229"    ,   2,      4493.4,      2072.2
"Line.L_BSB_MT_4234"    ,   1,       -41.2,       -18.4,         0.0,         0.0,         0.0,         0.0
"Line.L_BSB_MT_4234"    ,   2,        41.2,        18.4
"Line.L_BSB_MT_4246"    ,   1,     -4472.2,     -2053.0,         0.0,         0.0,         0.0,         0.0
"Line.L_BSB_MT_4246"    ,   2,      4473.9,      2054.4
"Line.L_BSB_MT_5650"    ,   1,         0.0,         0.0,         0.0,         0.0,         0.0,         0.0
"Line.L_BSB_MT_5650"    ,   2,        -0.0,        -0.0
"Line.L_BSB_MT_5651"    ,   1,         0.0,         0.0,         0.0,         0.0,         0.0,         0.0
"Line.L_BSB_MT_5651"    ,   2,        -0.0,        -0.0
"Line.L_BSB_MT_5659"    ,   1,       -50.1,       -22.8,         0.0,         0.0,         0.0,         0.0
"Line.L_BSB_MT_5659"    ,   2,        50.1,        22.8
"Line.L_BSB_MT_5687"    ,   1,     -4534.0,     -2109.2,         0.0,         0.0,         0.0,         0.0
"Line.L_BSB_MT_5687"    ,   2,      4537.0,      2111.9
"Line.L_BSB_MT_5695"    ,   1,       -86.4,       -39.2,         0.0,         0.0,         0.0,         0.0
"Line.L_BSB_MT_5695"    ,   2,        86.4,        39.2
"Line.L_BSB_MT_8096"    ,   1,         0.0,        -0.0,         0.0,         0.0,         0.0,         0.0
"Line.L_BSB_MT_8096"    ,   2,        -0.0,        -0.0
"Line.L_BSB_MT_8127"    ,   1,         0.0,         0.0,         0.0,         0.0,         0.0,         0.0
"Line.L_BSB_MT_8127"    ,   2,         0.0,        -0.0
"Line.L_BSB_MT_8132"    ,   1,      1072.2,       486.8,         0.0,         0.0,         0.0,         0.0
"Line.L_BSB_MT_8132"    ,   2,     -1072.1,      -486.8
"Line.L_BSB_MT_8141"    ,   1,        80.0,        36.3,         0.0,         0.0,         0.0,         0.0
"Line.L_BSB_MT_8141"    ,   2,       -80.0,       -36.3
"Line.L_BSB_MT_8189"    ,   1,        41.2,        18.4,         0.0,         0.0,         0.0,         0.0
"Line.L_BSB_MT_8189"    ,   2,       -41.2,       -18.4
"Line.L_BSB_MT_6866"    ,   1,       121.1,        55.0,         0.0,         0.0,         0.0,         0.0
"Line.L_BSB_MT_6866"    ,   2,      -121.1,       -55.0
"Line.L_BSB_MT_6867"    ,   1,        -0.0,        -0.0,         0.0,         0.0,         0.0,         0.0
"Line.L_BSB_MT_6867"    ,   2,         0.0,         0.0
"Line.L_BSB_MT_6868"    ,   1,         0.0,         0.0,         0.0,         0.0,         0.0,         0.0
"Line.L_BSB_MT_6868"    ,   2,        -0.0,         0.0
"Line.L_BSB_MT_6869"    ,   1,      1632.2,       741.6,         0.0,         0.0,         0.0,         0.0
"Line.L_BSB_MT_6869"    ,   2,     -1632.0,      -741.4
"Line.L_BSB_MT_6870"    ,   1,        80.2,        36.4,         0.0,         0.0,         0.0,         0.0
"Line.L_BSB_MT_6870"    ,   2,       -80.2,       -36.4
"Line.L_BSB_MT_6871"    ,   1,     -4481.5,     -2061.4,         0.0,         0.0,         0.0,         0.0
"Line.L_BSB_MT_6871"    ,   2,      4483.6,      2063.3
"Line.L_BSB_MT_6874"    ,   1,      -282.3,      -127.9,         0.0,         0.0,         0.0,         0.0
"Line.L_BSB_MT_6874"    ,   2,       282.4,       127.9
"Line.L_BSB_MT_6875"    ,   1,       -41.2,       -18.4,         0.0,         0.0,         0.0,         0.0
"Line.L_BSB_MT_6875"    ,   2,        41.2,        18.4
"Line.L_BSB_MT_6877"    ,   1,         0.0,         0.0,         0.0,         0.0,         0.0,         0.0
"Line.L_BSB_MT_6877"    ,   2,        -0.0,        -0.0
"Line.L_BSB_MT_6878"    ,   1,         1.0,         0.2,         0.0,         0.0,         0.0,         0.0
"Line.L_BSB_MT_6878"    ,   2,        -1.0,        -0.2
"Line.L_BSB_MT_2022"    ,   1,      -121.6,       -54.9,         0.0,         0.0,         0.0,         0.0
"Line.L_BSB_MT_2022"    ,   2,       121.6,        54.9
"Line.L_BSB_MT_2154"    ,   1,      -755.3,      -343.2,         0.0,         0.0,         0.0,         0.0
"Line.L_BSB_MT_2154"    ,   2,       755.4,       343.2
"Line.L_BSB_MT_2155"    ,   1,      -674.7,      -306.6,         0.0,         0.0,         0.0,         0.0
"Line.L_BSB_MT_2155"    ,   2,       674.8,       306.6
"Line.L_BSB_MT_2156"    ,   1,      -634.4,      -288.3,         0.0,         0.0,         0.0,         0.0
"Line.L_BSB_MT_2156"    ,   2,       634.5,       288.3
"Line.L_BSB_MT_2157"    ,   1,      -634.3,      -288.2,         0.0,         0.0,         0.0,         0.0
"Line.L_BSB_MT_2157"    ,   2,       634.3,       288.2
"Line.L_BSB_MT_2158"    ,   1,        80.4,        36.5,         0.0,         0.0,         0.0,         0.0
"Line.L_BSB_MT_2158"    ,   2,       -80.4,       -36.5
"Line.L_BSB_MT_2159"    ,   1,       140.8,        63.9,         0.0,         0.0,         0.0,         0.0
"Line.L_BSB_MT_2159"    ,   2,      -140.8,       -63.9
"Line.L_BSB_MT_2160"    ,   1,       140.8,        63.9,         0.0,         0.0,         0.0,         0.0
"Line.L_BSB_MT_2160"    ,   2,      -140.8,       -63.9
"Line.L_BSB_MT_2161"    ,   1,        -0.0,        -0.0,         0.0,         0.0,         0.0,         0.0
"Line.L_BSB_MT_2161"    ,   2,        -0.0,        -0.0
"Line.L_BSB_MT_2162"    ,   1,      -413.0,      -187.7,         0.0,         0.0,         0.0,         0.0
"Line.L_BSB_MT_2162"    ,   2,       413.0,       187.7
"Line.L_BSB_MT_2163"    ,   1,      -352.6,      -160.3,         0.0,         0.0,         0.0,         0.0
"Line.L_BSB_MT_2163"    ,   2,       352.6,       160.3
"Line.L_BSB_MT_21630"   ,   1,        16.1,         7.3,         0.0,         0.0,         0.0,         0.0
"Line.L_BSB_MT_21630"   ,   2,       -16.1,        -7.3
"Line.L_BSB_MT_2164"    ,   1,      -336.5,      -153.0,         0.0,         0.0,         0.0,         0.0
"Line.L_BSB_MT_2164"    ,   2,       336.5,       153.0
"Line.L_BSB_MT_2165"    ,   1,      -336.5,      -153.0,         0.0,         0.0,         0.0,         0.0
"Line.L_BSB_MT_2165"    ,   2,       336.5,       153.0
"Line.L_BSB_MT_2166"    ,   1,      -336.4,      -153.0,         0.0,         0.0,         0.0,         0.0
"Line.L_BSB_MT_2166"    ,   2,       336.5,       153.0
"Line.L_BSB_MT_2167"    ,   1,       -79.3,       -36.3,         0.0,         0.0,         0.0,         0.0
"Line.L_BSB_MT_2167"    ,   2,        79.3,        36.3
"Line.L_BSB_MT_2168"    ,   1,         1.0,         0.2,         0.0,         0.0,         0.0,         0.0
"Line.L_BSB_MT_2168"    ,   2,        -1.0,        -0.2
"Line.L_BSB_MT_2169"    ,   1,      -175.7,       -80.0,         0.0,         0.0,         0.0,         0.0
"Line.L_BSB_MT_2169"    ,   2,       175.7,        80.0
"Line.L_BSB_MT_2220"    ,   1,     -4496.7,     -2075.2,         0.0,         0.0,         0.0,         0.0
"Line.L_BSB_MT_2220"    ,   2,      4498.8,      2077.1
"Line.L_BSB_MT_2301"    ,   1,        24.3,        11.0,         0.0,         0.0,         0.0,         0.0
"Line.L_BSB_MT_2301"    ,   2,       -24.3,       -11.0
"Line.L_BSB_MT_4318"    ,   1,       -11.2,        -5.1,         0.0,         0.0,         0.0,         0.0
"Line.L_BSB_MT_4318"    ,   2,        11.2,         5.1
"Line.L_BSB_MT_4319"    ,   1,     -4506.8,     -2084.4,         0.0,         0.0,         0.0,         0.0
"Line.L_BSB_MT_4319"    ,   2,      4510.3,      2087.6
"Line.L_BSB_MT_4326"    ,   1,         0.0,        -0.0,         0.0,         0.0,         0.0,         0.0
"Line.L_BSB_MT_4326"    ,   2,        -0.0,         0.0
"Line.L_BSB_MT_4502"    ,   1,        41.2,        18.4,         0.0,         0.0,         0.0,         0.0
"Line.L_BSB_MT_4502"    ,   2,       -41.2,       -18.4
"Line.L_BSB_MT_4503"    ,   1,        41.2,        18.4,         0.0,         0.0,         0.0,         0.0
"Line.L_BSB_MT_4503"    ,   2,       -41.2,       -18.4
"Line.L_BSB_MT_4504"    ,   1,       121.1,        55.0,         0.0,         0.0,         0.0,         0.0
"Line.L_BSB_MT_4504"    ,   2,      -121.1,       -55.0
"Line.L_BSB_MT_4505"    ,   1,        80.7,        36.6,         0.0,         0.0,         0.0,         0.0
"Line.L_BSB_MT_4505"    ,   2,       -80.7,       -36.6
"Line.L_BSB_MT_4506"    ,   1,        -0.0,        -0.0,         0.0,         0.0,         0.0,         0.0
"Line.L_BSB_MT_4506"    ,   2,         0.0,         0.0
"Line.L_BSB_MT_4507"    ,   1,       161.4,        73.3,         0.0,         0.0,         0.0,         0.0
"Line.L_BSB_MT_4507"    ,   2,      -161.4,       -73.3
"Line.L_BSB_MT_4508"    ,   1,       -80.7,       -36.6,         0.0,         0.0,         0.0,         0.0
"Line.L_BSB_MT_4508"    ,   2,        80.7,        36.6
"Line.L_BSB_MT_4509"    ,   1,       -40.4,       -18.3,         0.0,         0.0,         0.0,         0.0
"Line.L_BSB_MT_4509"    ,   2,        40.4,        18.3
"Line.L_BSB_MT_4510"    ,   1,      3083.1,      1401.9,         0.0,         0.0,         0.0,         0.0
"Line.L_BSB_MT_4510"    ,   2,     -3081.7,     -1400.9
"Line.L_BSB_MT_4513"    ,   1,      1224.3,       556.3,         0.0,         0.0,         0.0,         0.0
"Line.L_BSB_MT_4513"    ,   2,     -1224.3,      -556.3
"Line.L_BSB_MT_4514"    ,   1,      1856.5,       844.0,         0.0,         0.0,         0.0,         0.0
"Line.L_BSB_MT_4514"    ,   2,     -1856.0,      -843.6
"Line.L_BSB_MT_4515"    ,   1,      1490.9,       677.2,         0.0,         0.0,         0.0,         0.0
"Line.L_BSB_MT_4515"    ,   2,     -1490.5,      -677.0
"Line.L_BSB_MT_4516"    ,   1,       131.8,        59.8,         0.0,         0.0,         0.0,         0.0
"Line.L_BSB_MT_4516"    ,   2,      -131.8,       -59.8
"Line.L_BSB_MT_4517"    ,   1,       311.5,       141.4,         0.0,         0.0,         0.0,         0.0
"Line.L_BSB_MT_4517"    ,   2,      -311.5,      -141.4
"Line.L_BSB_MT_4518"    ,   1,        55.9,        25.4,         0.0,         0.0,         0.0,         0.0
"Line.L_BSB_MT_4518"    ,   2,       -55.9,       -25.4
"Line.L_BSB_MT_4519"    ,   1,        -0.0,         0.0,         0.0,         0.0,         0.0,         0.0
"Line.L_BSB_MT_4519"    ,   2,         0.0,        -0.0
"Line.L_BSB_MT_4520"    ,   1,      -876.8,      -398.5,         0.0,         0.0,         0.0,         0.0
"Line.L_BSB_MT_4520"    ,   2,       876.9,       398.5
"Line.L_BSB_MT_4521"    ,   1,      -755.4,      -343.2,         0.0,         0.0,         0.0,         0.0
"Line.L_BSB_MT_4521"    ,   2,       755.5,       343.3
"Line.L_BSB_MT_4522"    ,   1,      -634.3,      -288.2,         0.0,         0.0,         0.0,         0.0
"Line.L_BSB_MT_4522"    ,   2,       634.4,       288.3
"Line.L_BSB_MT_4523"    ,   1,      -493.4,      -224.2,         0.0,         0.0,         0.0,         0.0
"Line.L_BSB_MT_4523"    ,   2,       493.4,       224.3
"Line.L_BSB_MT_4524"    ,   1,      -352.6,      -160.3,         0.0,         0.0,         0.0,         0.0
"Line.L_BSB_MT_4524"    ,   2,       352.7,       160.4
"Line.L_BSB_MT_4525"    ,   1,      -336.5,      -153.0,         0.0,         0.0,         0.0,         0.0
"Line.L_BSB_MT_4525"    ,   2,       336.5,       153.0
"Line.L_BSB_MT_4526"    ,   1,      -336.5,      -153.0,         0.0,         0.0,         0.0,         0.0
"Line.L_BSB_MT_4526"    ,   2,       336.5,       153.0
"Line.L_BSB_MT_4527"    ,   1,      -336.4,      -153.0,         0.0,         0.0,         0.0,         0.0
"Line.L_BSB_MT_4527"    ,   2,       336.4,       153.0
"Line.L_BSB_MT_4528"    ,   1,      1632.9,       742.0,         0.0,         0.0,         0.0,         0.0
"Line.L_BSB_MT_4528"    ,   2,     -1632.6,      -741.9
"Line.L_BSB_MT_4530"    ,   1,      1353.5,       614.7,         0.0,         0.0,         0.0,         0.0
"Line.L_BSB_MT_4530"    ,   2,     -1353.3,      -614.6
"Line.L_BSB_MT_4531"    ,   1,       871.9,       395.9,         0.0,         0.0,         0.0,         0.0
"Line.L_BSB_MT_4531"    ,   2,      -871.7,      -395.8
"Line.L_BSB_MT_4532"    ,   1,       711.4,       322.9,         0.0,         0.0,         0.0,         0.0
"Line.L_BSB_MT_4532"    ,   2,      -711.3,      -322.9
"Line.L_BSB_MT_4533"    ,   1,       391.5,       177.7,         0.0,         0.0,         0.0,         0.0
"Line.L_BSB_MT_4533"    ,   2,      -391.4,      -177.7
"Line.L_BSB_MT_4534"    ,   1,         0.0,         0.0,         0.0,         0.0,         0.0,         0.0
"Line.L_BSB_MT_4534"    ,   2,        -0.0,        -0.0
"Line.L_BSB_MT_4545"    ,   1,        41.2,        18.4,         0.0,         0.0,         0.0,         0.0
"Line.L_BSB_MT_4545"    ,   2,       -41.2,       -18.4
"Line.L_BSB_MT_4546"    ,   1,     -4486.9,     -2066.3,         0.0,         0.0,         0.0,         0.0
"Line.L_BSB_MT_4546"    ,   2,      4490.5,      2069.5
"Line.L_BSB_MT_5755"    ,   1,       -11.1,        -5.1,         0.0,         0.0,         0.0,         0.0
"Line.L_BSB_MT_5755"    ,   2,        11.1,         5.1
"Line.L_BSB_MT_5757"    ,   1,       500.6,       204.1,         0.0,         0.0,         0.0,         0.0
"Line.L_BSB_MT_5757"    ,   2,      -500.6,      -204.1
"Line.L_BSB_MT_5758"    ,   1,      -289.4,      -154.7,         0.0,         0.0,         0.0,         0.0
"Line.L_BSB_MT_5758"    ,   2,       289.5,       154.7
"Line.L_BSB_MT_2124"    ,   1,       -80.7,       -36.6,         0.0,         0.0,         0.0,         0.0
"Line.L_BSB_MT_2124"    ,   2,        80.7,        36.6
"Line.L_BSB_MT_2125"    ,   1,       -80.7,       -36.6,         0.0,         0.0,         0.0,         0.0
"Line.L_BSB_MT_2125"    ,   2,        80.7,        36.6
"Line.L_BSB_MT_2126"    ,   1,         0.0,         0.0,         0.0,         0.0,         0.0,         0.0
"Line.L_BSB_MT_2126"    ,   2,        -0.0,        -0.0
"Line.L_BSB_MT_2126A"   ,   1,        -0.0,        -0.0,         0.0,         0.0,         0.0,         0.0
"Line.L_BSB_MT_2126A"   ,   2,        -0.0,         0.0
"Line.L_BSB_MT_2130"    ,   1,      1857.2,       844.5,         0.0,         0.0,         0.0,         0.0
"Line.L_BSB_MT_2130"    ,   2,     -1856.5,      -844.0
"Line.L_BSB_MT_2131"    ,   1,      1224.5,       556.5,         0.0,         0.0,         0.0,         0.0
"Line.L_BSB_MT_2131"    ,   2,     -1224.3,      -556.3
"Line.L_BSB_MT_2132"    ,   1,       306.8,       139.2,         0.0,         0.0,         0.0,         0.0
"Line.L_BSB_MT_2132"    ,   2,      -306.8,      -139.2
"Line.L_BSB_MT_2133"    ,   1,       282.5,       128.2,         0.0,         0.0,         0.0,         0.0
"Line.L_BSB_MT_2133"    ,   2,      -282.5,      -128.2
"Line.L_BSB_MT_2134"    ,   1,       282.5,       128.2,         0.0,         0.0,         0.0,         0.0
"Line.L_BSB_MT_2134"    ,   2,      -282.5,      -128.2
"Line.L_BSB_MT_2135"    ,   1,      1856.0,       843.6,         0.0,         0.0,         0.0,         0.0
"Line.L_BSB_MT_2135"    ,   2,     -1855.5,      -843.3
"Line.L_BSB_MT_2136"    ,   1,      1855.5,       843.3,         0.0,         0.0,         0.0,         0.0
"Line.L_BSB_MT_2136"    ,   2,     -1854.9,      -842.9
"Line.L_BSB_MT_2137"    ,   1,      1551.3,       704.7,         0.0,         0.0,         0.0,         0.0
"Line.L_BSB_MT_2137"    ,   2,     -1551.1,      -704.6
"Line.L_BSB_MT_2138"    ,   1,      1192.9,       541.8,         0.0,         0.0,         0.0,         0.0
"Line.L_BSB_MT_2138"    ,   2,     -1192.8,      -541.7
"Line.L_BSB_MT_2139"    ,   1,      1112.5,       505.2,         0.0,         0.0,         0.0,         0.0
"Line.L_BSB_MT_2139"    ,   2,     -1112.3,      -505.0
"Line.L_BSB_MT_2140"    ,   1,       115.8,        52.6,         0.0,         0.0,         0.0,         0.0
"Line.L_BSB_MT_2140"    ,   2,      -115.8,       -52.6
"Line.L_BSB_MT_2141"    ,   1,        79.9,        36.3,         0.0,         0.0,         0.0,         0.0
"Line.L_BSB_MT_2141"    ,   2,       -79.9,       -36.3
"Line.L_BSB_MT_2142"    ,   1,       191.7,        87.0,         0.0,         0.0,         0.0,         0.0
"Line.L_BSB_MT_2142"    ,   2,      -191.7,       -87.0
"Line.L_BSB_MT_2143"    ,   1,       131.8,        59.8,         0.0,         0.0,         0.0,         0.0
"Line.L_BSB_MT_2143"    ,   2,      -131.8,       -59.8
"Line.L_BSB_MT_2144"    ,   1,       119.8,        54.4,         0.0,         0.0,         0.0,         0.0
"Line.L_BSB_MT_2144"    ,   2,      -119.8,       -54.4
"Line.L_BSB_MT_2145"    ,   1,        55.9,        25.4,         0.0,         0.0,         0.0,         0.0
"Line.L_BSB_MT_2145"    ,   2,       -55.9,       -25.4
"Line.L_BSB_MT_2146"    ,   1,        16.0,         7.3,         0.0,         0.0,         0.0,         0.0
"Line.L_BSB_MT_2146"    ,   2,       -16.0,        -7.3
"Line.L_BSB_MT_2147"    ,   1,        59.9,        27.2,         0.0,         0.0,         0.0,         0.0
"Line.L_BSB_MT_2147"    ,   2,       -59.9,       -27.2
"Line.L_BSB_MT_2148"    ,   1,        -0.0,        -0.0,         0.0,         0.0,         0.0,         0.0
"Line.L_BSB_MT_2148"    ,   2,         0.0,         0.0
"Line.L_BSB_MT_2149"    ,   1,      -877.0,      -398.6,         0.0,         0.0,         0.0,         0.0
"Line.L_BSB_MT_2149"    ,   2,       877.0,       398.6
"Line.L_BSB_MT_7003"    ,   1,       -11.1,        -5.1,         0.0,         0.0,         0.0,         0.0
"Line.L_BSB_MT_7003"    ,   2,        11.1,         5.1
"Line.L_BSB_MT_7007"    ,   1,       200.6,        91.1,         0.0,         0.0,         0.0,         0.0
"Line.L_BSB_MT_7007"    ,   2,      -200.6,       -91.1
"Line.L_BSB_MT_7014"    ,   1,      -291.4,      -109.1,         0.0,         0.0,         0.0,         0.0
"Line.L_BSB_MT_7014"    ,   2,       291.4,       109.1
"Line.L_BSB_MT_7015"    ,   1,       -83.5,       -37.9,         0.0,         0.0,         0.0,         0.0
"Line.L_BSB_MT_7015"    ,   2,        83.5,        37.9
"Line.L_BSB_MT_7016"    ,   1,        -0.0,        -0.0,         0.0,         0.0,         0.0,         0.0
"Line.L_BSB_MT_7016"    ,   2,         0.0,         0.0
"Line.L_BSB_MT_8234"    ,   1,      -493.4,      -224.3,         0.0,         0.0,         0.0,         0.0
"Line.L_BSB_MT_8234"    ,   2,       493.5,       224.3
"Line.L_BSB_MT_8235"    ,   1,        96.4,        43.8,         0.0,         0.0,         0.0,         0.0
"Line.L_BSB_MT_8235"    ,   2,       -96.4,       -43.8
"Line.L_BSB_MT_8235A"   ,   1,       -16.1,        -7.3,         0.0,         0.0,         0.0,         0.0
"Line.L_BSB_MT_8235A"   ,   2,        16.1,         7.3
"Line.L_BSB_MT_8247"    ,   1,        -0.0,        -0.0,         0.0,         0.0,         0.0,         0.0
"Line.L_BSB_MT_8247"    ,   2,         0.0,         0.0
"Line.L_BSB_MT_8290"    ,   1,        -0.0,        -0.0,         0.0,         0.0,         0.0,         0.0
"Line.L_BSB_MT_8290"    ,   2,        -0.0,         0.0
"Line.L_BSB_MT_8291"    ,   1,        -8.4,        -3.8,         0.0,         0.0,         0.0,         0.0
"Line.L_BSB_MT_8291"    ,   2,         8.4,         3.8
"Line.L_BSB_MT_8298"    ,   1,       119.9,        54.4,         0.0,         0.0,         0.0,         0.0
"Line.L_BSB_MT_8298"    ,   2,      -119.9,       -54.4
"Line.L_BSB_MT_8300"    ,   1,      -167.1,       -75.8,         0.0,         0.0,         0.0,         0.0
"Line.L_BSB_MT_8300"    ,   2,       167.1,        75.8
"Line.L_BSB_MT_8303"    ,   1,      -323.0,      -169.9,         0.0,         0.0,         0.0,         0.0
"Line.L_BSB_MT_8303"    ,   2,       323.0,       170.0
"Line.L_BSB_MT_8304"    ,   1,      5816.3,      2697.1,         0.0,         0.0,         0.0,         0.0
"Line.L_BSB_MT_8304"    ,   2,     -5809.3,     -2690.7
"Line.L_BSB_MT_8349"    ,   1,       500.6,       204.1,         0.0,         0.0,         0.0,         0.0
"Line.L_BSB_MT_8349"    ,   2,      -500.5,      -204.1
"Line.L_BSB_MT_8352"    ,   1,      5876.9,      2749.0,         0.0,         0.0,         0.0,         0.0
"Line.L_BSB_MT_8352"    ,   2,     -5871.2,     -2743.8
"Line.L_BSB_MT_8354"    ,   1,        80.7,        36.6,         0.0,         0.0,         0.0,         0.0
"Line.L_BSB_MT_8354"    ,   2,       -80.7,       -36.6
"Line.L_BSB_MT_9511"    ,   1,       160.7,        72.9,         0.0,         0.0,         0.0,         0.0
"Line.L_BSB_MT_9511"    ,   2,      -160.7,       -72.9
"Line.L_BSB_MT_9512"    ,   1,       120.7,        54.8,         0.0,         0.0,         0.0,         0.0
"Line.L_BSB_MT_9512"    ,   2,      -120.7,       -54.8
"Line.L_BSB_MT_9513"    ,   1,      -684.8,      -310.6,         0.0,         0.0,         0.0,         0.0
"Line.L_BSB_MT_9513"    ,   2,       684.8,       310.7
"Line.L_BSB_MT_9514"    ,   1,         0.0,        -0.0,         0.0,         0.0,         0.0,         0.0
"Line.L_BSB_MT_9514"    ,   2,        -0.0,        -0.0
"Line.L_BSB_MT_9515"    ,   1,       383.1,       189.4,         0.0,         0.0,         0.0,         0.0
"Line.L_BSB_MT_9515"    ,   2,      -383.1,      -189.4
"Line.L_BSB_MT_9516"    ,   1,       120.8,        54.8,         0.0,         0.0,         0.0,         0.0
"Line.L_BSB_MT_9516"    ,   2,      -120.8,       -54.8
"Line.L_BSB_MT_4608"    ,   1,      3084.5,      1402.8,         0.0,         0.0,         0.0,         0.0
"Line.L_BSB_MT_4608"    ,   2,     -3084.2,     -1402.6
"Line.L_BSB_MT_8475"    ,   1,         0.0,        -0.0,         0.0,         0.0,         0.0,         0.0
"Line.L_BSB_MT_8475"    ,   2,        -0.0,         0.0
"Line.L_BSB_MT_8476"    ,   1,        80.4,        36.5,         0.0,         0.0,         0.0,         0.0
"Line.L_BSB_MT_8476"    ,   2,       -80.4,       -36.5
"Line.L_BSB_MT_5774"    ,   1,      -443.2,      -200.9,         0.0,         0.0,         0.0,         0.0
"Line.L_BSB_MT_5774"    ,   2,       443.3,       201.0
"Line.L_BSB_MT_5775"    ,   1,       -81.4,       -36.7,         0.0,         0.0,         0.0,         0.0
"Line.L_BSB_MT_5775"    ,   2,        81.4,        36.7
"Line.L_BSB_MT_5787"    ,   1,        55.9,        25.4,         0.0,         0.0,         0.0,         0.0
"Line.L_BSB_MT_5787"    ,   2,       -55.9,       -25.4
"Line.L_BSB_MT_5823"    ,   1,       -50.1,       -22.8,         0.0,         0.0,         0.0,         0.0
"Line.L_BSB_MT_5823"    ,   2,        50.1,        22.8
"Line.L_BSB_MT_5844"    ,   1,        -0.0,        -0.0,         0.0,         0.0,         0.0,         0.0
"Line.L_BSB_MT_5844"    ,   2,         0.0,         0.0
"Line.L_BSB_MT_5849"    ,   1,      -291.4,      -109.1,         0.0,         0.0,         0.0,         0.0
"Line.L_BSB_MT_5849"    ,   2,       291.4,       109.1
"Line.L_BSB_MT_5850"    ,   1,         0.0,         0.0,         0.0,         0.0,         0.0,         0.0
"Line.L_BSB_MT_5850"    ,   2,        -0.0,        -0.0
"Line.L_BSB_MT_5851"    ,   1,      -355.1,      -161.2,         0.0,         0.0,         0.0,         0.0
"Line.L_BSB_MT_5851"    ,   2,       355.1,       161.2
"Line.L_BSB_MT_5856"    ,   1,        25.1,        11.4,         0.0,         0.0,         0.0,         0.0
"Line.L_BSB_MT_5856"    ,   2,       -25.1,       -11.4
"Line.L_BSB_MT_5860"    ,   1,       125.3,        56.9,         0.0,         0.0,         0.0,         0.0
"Line.L_BSB_MT_5860"    ,   2,      -125.3,       -56.9
"Line.L_BSB_MT_5861"    ,   1,       -86.4,       -39.2,         0.0,         0.0,         0.0,         0.0
"Line.L_BSB_MT_5861"    ,   2,        86.4,        39.2
"Line.L_BSB_MT_5874"    ,   1,      3084.2,      1402.6,         0.0,         0.0,         0.0,         0.0
"Line.L_BSB_MT_5874"    ,   2,     -3083.1,     -1401.9
"Line.L_BSB_MT_2150"    ,   1,      -876.7,      -398.4,         0.0,         0.0,         0.0,         0.0
"Line.L_BSB_MT_2150"    ,   2,       876.8,       398.5
"Line.L_BSB_MT_2151"    ,   1,      -876.6,      -398.3,         0.0,         0.0,         0.0,         0.0
"Line.L_BSB_MT_2151"    ,   2,       876.7,       398.4
"Line.L_BSB_MT_2152"    ,   1,      -836.1,      -379.9,         0.0,         0.0,         0.0,         0.0
"Line.L_BSB_MT_2152"    ,   2,       836.3,       380.0
"Line.L_BSB_MT_2153"    ,   1,        80.6,        36.6,         0.0,         0.0,         0.0,         0.0
"Line.L_BSB_MT_2153"    ,   2,       -80.6,       -36.6
"Line.L_BSB_MT_2170"    ,   1,      1632.6,       741.9,         0.0,         0.0,         0.0,         0.0
"Line.L_BSB_MT_2170"    ,   2,     -1632.2,      -741.6
"Line.L_BSB_MT_2171"    ,   1,      1632.0,       741.4,         0.0,         0.0,         0.0,         0.0
"Line.L_BSB_MT_2171"    ,   2,     -1631.9,      -741.3
"Line.L_BSB_MT_2172"    ,   1,        80.4,        36.5,         0.0,         0.0,         0.0,         0.0
"Line.L_BSB_MT_2172"    ,   2,       -80.4,       -36.5
"Line.L_BSB_MT_2173"    ,   1,        60.2,        27.3,         0.0,         0.0,         0.0,         0.0
"Line.L_BSB_MT_2173"    ,   2,       -60.2,       -27.3
"Line.L_BSB_MT_2174"    ,   1,      1450.1,       658.6,         0.0,         0.0,         0.0,         0.0
"Line.L_BSB_MT_2174"    ,   2,     -1449.9,      -658.4
"Line.L_BSB_MT_2175"    ,   1,      1353.6,       614.7,         0.0,         0.0,         0.0,         0.0
"Line.L_BSB_MT_2175"    ,   2,     -1353.5,      -614.7
"Line.L_BSB_MT_2175A"   ,   1,        16.0,         7.3,         0.0,         0.0,         0.0,         0.0
"Line.L_BSB_MT_2175A"   ,   2,       -16.0,        -7.3
"Line.L_BSB_MT_2176"    ,   1,       952.0,       432.2,         0.0,         0.0,         0.0,         0.0
"Line.L_BSB_MT_2176"    ,   2,      -951.9,      -432.2
"Line.L_BSB_MT_2177"    ,   1,       791.5,       359.3,         0.0,         0.0,         0.0,         0.0
"Line.L_BSB_MT_2177"    ,   2,      -791.5,      -359.3
"Line.L_BSB_MT_2178"    ,   1,       551.4,       250.3,         0.0,         0.0,         0.0,         0.0
"Line.L_BSB_MT_2178"    ,   2,      -551.4,      -250.3
"Line.L_BSB_MT_2179"    ,   1,        80.1,        36.3,         0.0,         0.0,         0.0,         0.0
"Line.L_BSB_MT_2179"    ,   2,       -80.1,       -36.3
"Line.L_BSB_MT_2180"    ,   1,       160.4,        72.8,         0.0,         0.0,         0.0,         0.0
"Line.L_BSB_MT_2180"    ,   2,      -160.4,       -72.8
"Line.L_BSB_MT_2211"    ,   1,        41.2,        18.4,         0.0,         0.0,         0.0,         0.0
"Line.L_BSB_MT_2211"    ,   2,       -41.2,       -18.4
"Line.L_BSB_MT_2212"    ,   1,         0.0,         0.0,         0.0,         0.0,         0.0,         0.0
"Line.L_BSB_MT_2212"    ,   2,        -0.0,        -0.0
"Line.L_BSB_MT_2214"    ,   1,     -4476.9,     -2057.2,         0.0,         0.0,         0.0,         0.0
"Line.L_BSB_MT_2214"    ,   2,      4480.0,      2060.0
"Line.L_BSB_MT_2258"    ,   1,       -41.2,       -18.4,         0.0,         0.0,         0.0,         0.0
"Line.L_BSB_MT_2258"    ,   2,        41.2,        18.4
"Line.L_BSB_MT_2259"    ,   1,        41.2,        18.4,         0.0,         0.0,         0.0,         0.0
"Line.L_BSB_MT_2259"    ,   2,       -41.2,       -18.4
"Line.L_BSB_MT_7074"    ,   1,      4465.0,      2046.3,         0.0,         0.0,         0.0,         0.0
"Line.L_BSB_MT_7074"    ,   2,     -4464.3,     -2045.7
"Line.L_BSB_MT_7075"    ,   1,     -4480.0,     -2060.0,         0.0,         0.0,         0.0,         0.0
"Line.L_BSB_MT_7075"    ,   2,      4481.5,      2061.4
"Line.L_BSB_MT_9519"    ,   1,        62.6,        28.4,         0.0,         0.0,         0.0,         0.0
"Line.L_BSB_MT_9519"    ,   2,       -62.6,       -28.4
"Line.L_BSB_MT_9520"    ,   1,        16.7,         7.6,         0.0,         0.0,         0.0,         0.0
"Line.L_BSB_MT_9520"    ,   2,       -16.7,        -7.6
"Line.L_BSB_MT_8625"    ,   1,       -16.7,        -7.6,         0.0,         0.0,         0.0,         0.0
"Line.L_BSB_MT_8625"    ,   2,        16.7,         7.6
"Line.L_BSB_MT_8626"    ,   1,       492.2,       200.3,         0.0,         0.0,         0.0,         0.0
"Line.L_BSB_MT_8626"    ,   2,      -492.1,      -200.3
"Line.L_BSB_MT_8627"    ,   1,       -41.8,       -19.0,         0.0,         0.0,         0.0,         0.0
"Line.L_BSB_MT_8627"    ,   2,        41.8,        19.0
"Line.L_BSB_MT_8628"    ,   1,       -53.0,       -24.0,         0.0,         0.0,         0.0,         0.0
"Line.L_BSB_MT_8628"    ,   2,        53.0,        24.0
"Line.L_BSB_MT_8629"    ,   1,         0.0,         0.0,         0.0,         0.0,         0.0,         0.0
"Line.L_BSB_MT_8629"    ,   2,         0.0,        -0.0
"Line.L_BSB_MT_5910"    ,   1,       121.1,        55.0,         0.0,         0.0,         0.0,         0.0
"Line.L_BSB_MT_5910"    ,   2,      -121.1,       -55.0
"Line.L_BSB_MT_5911"    ,   1,         0.0,         0.0,         0.0,         0.0,         0.0,         0.0
"Line.L_BSB_MT_5911"    ,   2,        -0.0,        -0.0
"Line.L_BSB_MT_5912"    ,   1,      1631.9,       741.3,         0.0,         0.0,         0.0,         0.0
"Line.L_BSB_MT_5912"    ,   2,     -1631.7,      -741.2
"Line.L_BSB_MT_5913"    ,   1,       871.7,       395.8,         0.0,         0.0,         0.0,         0.0
"Line.L_BSB_MT_5913"    ,   2,      -871.6,      -395.7
"Line.L_BSB_MT_5930"    ,   1,        40.2,        18.2,         0.0,         0.0,         0.0,         0.0
"Line.L_BSB_MT_5930"    ,   2,       -40.2,       -18.2
"Line.L_BSB_MT_5931"    ,   1,       500.8,       204.3,         0.0,         0.0,         0.0,         0.0
"Line.L_BSB_MT_5931"    ,   2,      -500.7,      -204.2
"Line.L_BSB_MT_5980"    ,   1,       -40.4,       -18.3,         0.0,         0.0,         0.0,         0.0
"Line.L_BSB_MT_5980"    ,   2,        40.4,        18.3
"Line.L_BSB_MT_5981"    ,   1,       791.5,       359.3,         0.0,         0.0,         0.0,         0.0
"Line.L_BSB_MT_5981"    ,   2,      -791.4,      -359.2
"Line.L_BSB_MT_2300"    ,   1,      3110.4,      1415.0,         0.0,         0.0,         0.0,         0.0
"Line.L_BSB_MT_2300"    ,   2,     -3108.8,     -1413.9
"Line.L_BSB_MT_2325"    ,   1,     -1353.3,      -630.3,         0.0,         0.0,         0.0,         0.0
"Line.L_BSB_MT_2325"    ,   2,      1353.6,       630.5
"Line.L_BSB_MT_2326"    ,   1,     -1353.1,      -630.1,         0.0,         0.0,         0.0,         0.0
"Line.L_BSB_MT_2326"    ,   2,      1353.3,       630.3
"Line.L_BSB_MT_2327"    ,   1,     -1271.0,      -592.6,         0.0,         0.0,         0.0,         0.0
"Line.L_BSB_MT_2327"    ,   2,      1271.2,       592.7
"Line.L_BSB_MT_2328"    ,   1,     -4467.3,     -2048.4,         0.0,         0.0,         0.0,         0.0
"Line.L_BSB_MT_2328"    ,   2,      4469.7,      2050.6
"Line.L_BSB_MT_2329"    ,   1,     -4465.0,     -2046.3,         0.0,         0.0,         0.0,         0.0
"Line.L_BSB_MT_2329"    ,   2,      4467.3,      2048.4
"Line.L_BSB_MT_2330"    ,   1,     -1352.8,      -629.9,         0.0,         0.0,         0.0,         0.0
"Line.L_BSB_MT_2330"    ,   2,      1353.1,       630.1
"Line.L_BSB_MT_2331"    ,   1,     -1271.2,      -592.7,         0.0,         0.0,         0.0,         0.0
"Line.L_BSB_MT_2331"    ,   2,      1271.4,       592.9
"Line.L_BSB_MT_2332"    ,   1,     -1270.7,      -592.4,         0.0,         0.0,         0.0,         0.0
"Line.L_BSB_MT_2332"    ,   2,      1271.0,       592.6
"Line.L_BSB_MT_2333"    ,   1,     -1270.5,      -592.3,         0.0,         0.0,         0.0,         0.0
"Line.L_BSB_MT_2333"    ,   2,      1270.7,       592.4
"Line.L_BSB_MT_2334"    ,   1,     -1229.7,      -573.6,         0.0,         0.0,         0.0,         0.0
"Line.L_BSB_MT_2334"    ,   2,      1229.9,       573.8
"Line.L_BSB_MT_2335"    ,   1,     -1229.5,      -573.5,         0.0,         0.0,         0.0,         0.0
"Line.L_BSB_MT_2335"    ,   2,      1229.7,       573.6
"Line.L_BSB_MT_2336"    ,   1,     -1229.3,      -573.4,         0.0,         0.0,         0.0,         0.0
"Line.L_BSB_MT_2336"    ,   2,      1229.5,       573.5
"Line.L_BSB_MT_2337"    ,   1,      -684.8,      -310.6,         0.0,         0.0,         0.0,         0.0
"Line.L_BSB_MT_2337"    ,   2,       684.8,       310.6
"Line.L_BSB_MT_2338"    ,   1,     -1108.2,      -518.3,         0.0,         0.0,         0.0,         0.0
"Line.L_BSB_MT_2338"    ,   2,      1108.3,       518.4
"Line.L_BSB_MT_2339"    ,   1,      -684.7,      -310.6,         0.0,         0.0,         0.0,         0.0
"Line.L_BSB_MT_2339"    ,   2,       684.8,       310.6
"Line.L_BSB_MT_2340"    ,   1,      -563.9,      -255.7,         0.0,         0.0,         0.0,         0.0
"Line.L_BSB_MT_2340"    ,   2,       564.0,       255.7
"Line.L_BSB_MT_2341"    ,   1,      -443.2,      -200.9,         0.0,         0.0,         0.0,         0.0
"Line.L_BSB_MT_2341"    ,   2,       443.2,       200.9
"Line.L_BSB_MT_2342"    ,   1,      -402.9,      -182.6,         0.0,         0.0,         0.0,         0.0
"Line.L_BSB_MT_2342"    ,   2,       403.0,       182.7
"Line.L_BSB_MT_2343"    ,   1,      -242.1,      -109.6,         0.0,         0.0,         0.0,         0.0
"Line.L_BSB_MT_2343"    ,   2,       242.1,       109.7
"Line.L_BSB_MT_2344"    ,   1,      -121.6,       -54.9,         0.0,         0.0,         0.0,         0.0
"Line.L_BSB_MT_2344"    ,   2,       121.6,        54.9
"Line.L_BSB_MT_2345"    ,   1,       -81.4,       -36.7,         0.0,         0.0,         0.0,         0.0
"Line.L_BSB_MT_2345"    ,   2,        81.4,        36.7
"Line.L_BSB_MT_2346"    ,   1,       -81.4,       -36.7,         0.0,         0.0,         0.0,         0.0
"Line.L_BSB_MT_2346"    ,   2,        81.4,        36.7
"Line.L_BSB_MT_2347"    ,   1,       -81.4,       -36.7,         0.0,         0.0,         0.0,         0.0
"Line.L_BSB_MT_2347"    ,   2,        81.4,        36.7
"Line.L_BSB_MT_2348"    ,   1,       -41.2,       -18.4,         0.0,         0.0,         0.0,         0.0
"Line.L_BSB_MT_2348"    ,   2,        41.2,        18.4
"Line.L_BSB_MT_7158"    ,   1,        -0.0,        -0.0,         0.0,         0.0,         0.0,         0.0
"Line.L_BSB_MT_7158"    ,   2,         0.0,         0.0
"Line.L_BSB_MT_7193"    ,   1,        41.2,        18.4,         0.0,         0.0,         0.0,         0.0
"Line.L_BSB_MT_7193"    ,   2,       -41.2,       -18.4
"Line.L_BSB_MT_7194"    ,   1,       -80.7,       -36.6,         0.0,         0.0,         0.0,         0.0
"Line.L_BSB_MT_7194"    ,   2,        80.7,        36.6
"Line.L_BSB_MT_7195"    ,   1,      1192.8,       541.7,         0.0,         0.0,         0.0,         0.0
"Line.L_BSB_MT_7195"    ,   2,     -1192.6,      -541.5
"Line.L_BSB_MT_7196"    ,   1,        80.4,        36.5,         0.0,         0.0,         0.0,         0.0
"Line.L_BSB_MT_7196"    ,   2,       -80.4,       -36.5
"Line.L_BSB_MT_7197"    ,   1,       120.1,        54.5,         0.0,         0.0,         0.0,         0.0
"Line.L_BSB_MT_7197"    ,   2,      -120.1,       -54.5
"Line.L_BSB_MT_7211"    ,   1,      -725.1,      -328.9,         0.0,         0.0,         0.0,         0.0
"Line.L_BSB_MT_7211"    ,   2,       725.1,       328.9
"Line.L_BSB_MT_7229"    ,   1,      -355.0,      -161.2,         0.0,         0.0,         0.0,         0.0
"Line.L_BSB_MT_7229"    ,   2,       355.0,       161.2
"Line.L_BSB_MT_7245"    ,   1,       655.0,       320.7,         0.0,         0.0,         0.0,         0.0
"Line.L_BSB_MT_7245"    ,   2,      -655.0,      -320.7
"Line.L_BSB_MT_7246"    ,   1,      -142.1,       -64.5,         0.0,         0.0,         0.0,         0.0
"Line.L_BSB_MT_7246"    ,   2,       142.1,        64.5
"Line.L_BSB_MT_7261"    ,   1,       112.8,        51.2,         0.0,         0.0,         0.0,         0.0
"Line.L_BSB_MT_7261"    ,   2,      -112.8,       -51.2
"Line.L_BSB_MT_6012"    ,   1,       -83.5,       -37.9,         0.0,         0.0,         0.0,         0.0
"Line.L_BSB_MT_6012"    ,   2,        83.5,        37.9
"Line.L_BSB_MT_6014"    ,   1,       -11.2,        -5.1,         0.0,         0.0,         0.0,         0.0
"Line.L_BSB_MT_6014"    ,   2,        11.2,         5.1
"Line.L_BSB_MT_6016"    ,   1,       125.3,        56.9,         0.0,         0.0,         0.0,         0.0
"Line.L_BSB_MT_6016"    ,   2,      -125.3,       -56.9
"Line.L_BSB_MT_6054"    ,   1,     -4494.8,     -2073.5,         0.0,         0.0,         0.0,         0.0
"Line.L_BSB_MT_6054"    ,   2,      4496.7,      2075.2
"Line.L_1431047023"     ,   1,         0.0,         0.0,         0.0,         0.0,         0.0,         0.0
"Line.L_1431047023"     ,   2,        -0.0,        -0.0
"Line.L_BSB_MT_3777"    ,   1,      -291.4,      -109.1,         0.0,         0.0,         0.0,         0.0
"Line.L_BSB_MT_3777"    ,   2,       291.4,       109.1
"Line.L_BSB_MT_3778"    ,   1,      -385.8,      -198.5,         0.0,         0.0,         0.0,         0.0
"Line.L_BSB_MT_3778"    ,   2,       385.8,       198.5
"Line.L_BSB_MT_3779"    ,   1,       385.8,       198.5,         0.0,         0.0,         0.0,         0.0
"Line.L_BSB_MT_3779"    ,   2,      -385.8,      -198.5
"Line.L_BSB_MT_3780"    ,   1,         0.0,        -0.0,         0.0,         0.0,         0.0,         0.0
"Line.L_BSB_MT_3780"    ,   2,        -0.0,        -0.0
"Line.L_BSB_MT_3781"    ,   1,         0.0,         0.0,         0.0,         0.0,         0.0,         0.0
"Line.L_BSB_MT_3781"    ,   2,        -0.0,        -0.0
"Line.L_BSB_MT_3782"    ,   1,      -355.1,      -161.2,         0.0,         0.0,         0.0,         0.0
"Line.L_BSB_MT_3782"    ,   2,       355.1,       161.2
"Line.L_BSB_MT_3783"    ,   1,      -355.1,      -161.2,         0.0,         0.0,         0.0,         0.0
"Line.L_BSB_MT_3783"    ,   2,       355.1,       161.2
"Line.L_BSB_MT_3786"    ,   1,      -385.7,      -198.5,         0.0,         0.0,         0.0,         0.0
"Line.L_BSB_MT_3786"    ,   2,       385.8,       198.5
"Line.L_BSB_MT_3787"    ,   1,      -385.7,      -198.5,         0.0,         0.0,         0.0,         0.0
"Line.L_BSB_MT_3787"    ,   2,       385.7,       198.5
"Line.L_BSB_MT_3788"    ,   1,       -53.0,       -24.0,         0.0,         0.0,         0.0,         0.0
"Line.L_BSB_MT_3788"    ,   2,        53.0,        24.0
"Line.L_BSB_MT_3789"    ,   1,       -11.2,        -5.1,         0.0,         0.0,         0.0,         0.0
"Line.L_BSB_MT_3789"    ,   2,        11.2,         5.1
"Line.L_BSB_MT_3790"    ,   1,       -11.2,        -5.1,         0.0,         0.0,         0.0,         0.0
"Line.L_BSB_MT_3790"    ,   2,        11.2,         5.1
"Line.L_BSB_MT_7287"    ,   1,      1633.0,       742.1,         0.0,         0.0,         0.0,         0.0
"Line.L_BSB_MT_7287"    ,   2,     -1632.9,      -742.0
"Line.L_BSB_MT_5075"    ,   1,        -0.0,         0.0,         0.0,         0.0,         0.0,         0.0
"Line.L_BSB_MT_5075"    ,   2,        -0.0,        -0.0
"Line.L_BSB_MT_5076"    ,   1,         0.0,         0.0,         0.0,         0.0,         0.0,         0.0
"Line.L_BSB_MT_5076"    ,   2,        -0.0,        -0.0
"Line.L_BSB_MT_5077"    ,   1,        -0.0,         0.0,         0.0,         0.0,         0.0,         0.0
"Line.L_BSB_MT_5077"    ,   2,         0.0,        -0.0
"Line.L_BSB_MT_8807"    ,   1,       -83.5,       -37.9,         0.0,         0.0,         0.0,         0.0
"Line.L_BSB_MT_8807"    ,   2,        83.5,        37.9
"Line.L_BSB_MT_8808"    ,   1,      -355.1,      -161.3,         0.0,         0.0,         0.0,         0.0
"Line.L_BSB_MT_8808"    ,   2,       355.1,       161.3
"Line.L_BSB_MT_8809"    ,   1,       119.9,        54.4,         0.0,         0.0,         0.0,         0.0
"Line.L_BSB_MT_8809"    ,   2,      -119.9,       -54.4
"Line.L_BSB_MT_6117"    ,   1,         0.0,         0.0,         0.0,         0.0,         0.0,         0.0
"Line.L_BSB_MT_6117"    ,   2,        -0.0,        -0.0
"Line.L_BSB_MT_6119"    ,   1,      -323.0,      -169.9,         0.0,         0.0,         0.0,         0.0
"Line.L_BSB_MT_6119"    ,   2,       323.0,       169.9
"Line.L_BSB_MT_6121"    ,   1,        25.1,        11.4,         0.0,         0.0,         0.0,         0.0
"Line.L_BSB_MT_6121"    ,   2,       -25.1,       -11.4
"Line.L_BSB_MT_170699"  ,   1,        41.2,        18.4,         0.0,         0.0,         0.0,         0.0
"Line.L_BSB_MT_170699"  ,   2,       -41.2,       -18.4
"Line.L_BSB_MT_170700"  ,   1,         0.0,         0.0,         0.0,         0.0,         0.0,         0.0
"Line.L_BSB_MT_170700"  ,   2,         0.0,        -0.0
"Line.L_BSB_MT_170701"  ,   1,         0.0,        -0.0,         0.0,         0.0,         0.0,         0.0
"Line.L_BSB_MT_170701"  ,   2,        -0.0,         0.0
"Line.L_BSB_MT_5108"    ,   1,      5845.2,      2723.3,         0.0,         0.0,         0.0,         0.0
"Line.L_BSB_MT_5108"    ,   2,     -5838.3,     -2717.1
"Line.L_BSB_MT_5110"    ,   1,       187.9,        85.3,         0.0,         0.0,         0.0,         0.0
"Line.L_BSB_MT_5110"    ,   2,      -187.9,       -85.3
"Line.L_BSB_MT_5111"    ,   1,       -11.2,        -5.1,         0.0,         0.0,         0.0,         0.0
"Line.L_BSB_MT_5111"    ,   2,        11.2,         5.1
"Line.L_BSB_MT_5120"    ,   1,     -4523.0,     -2099.1,         0.0,         0.0,         0.0,         0.0
"Line.L_BSB_MT_5120"    ,   2,      4527.0,      2102.8
"Line.L_BSB_MT_5122"    ,   1,     -4483.6,     -2063.3,         0.0,         0.0,         0.0,         0.0
"Line.L_BSB_MT_5122"    ,   2,      4486.9,      2066.3
"Line.L_BSB_MT_5123"    ,   1,     -1271.7,      -593.1,         0.0,         0.0,         0.0,         0.0
"Line.L_BSB_MT_5123"    ,   2,      1271.9,       593.2
"Line.L_BSB_MT_5124"    ,   1,       120.6,        54.7,         0.0,         0.0,         0.0,         0.0
"Line.L_BSB_MT_5124"    ,   2,      -120.6,       -54.7
"Line.L_BSB_MT_6222"    ,   1,      -876.9,      -398.5,         0.0,         0.0,         0.0,         0.0
"Line.L_BSB_MT_6222"    ,   2,       877.0,       398.6
"Line.L_BSB_MT_3748_1"  ,   1,      1271.6,       578.3,         0.0,         0.0,         0.0,         0.0
"Line.L_BSB_MT_3748_1"  ,   2,     -1271.4,      -578.2
"Line.L_65485804"       ,   1,        -0.0,        -0.0,         0.0,         0.0,         0.0,         0.0
"Line.L_65485804"       ,   2,         0.0,         0.0
"Line.L_65485806"       ,   1,        -0.0,        -0.0,         0.0,         0.0,         0.0,         0.0
"Line.L_65485806"       ,   2,        -0.0,         0.0
"Line.L_65590863"       ,   1,      5942.5,      2787.2,         0.0,         0.0,         0.0,         0.0
"Line.L_65590863"       ,   2,     -5927.7,     -2778.6
"Line.L_65590866"       ,   1,      5927.7,      2778.6,         0.0,         0.0,         0.0,         0.0
"Line.L_65590866"       ,   2,     -5911.6,     -2769.2
"Line.L_65590869"       ,   1,      5911.6,      2769.2,         0.0,         0.0,         0.0,         0.0
"Line.L_65590869"       ,   2,     -5895.4,     -2759.7
"Line.L_65590871"       ,   1,      5895.4,      2759.7,         0.0,         0.0,         0.0,         0.0
"Line.L_65590871"       ,   2,     -5883.4,     -2752.7
"Line.L_65490848"       ,   1,     -5876.9,     -2749.0,         0.0,         0.0,         0.0,         0.0
"Line.L_65490848"       ,   2,      5877.7,      2749.4
"Line.L_BSB_MT_3748_2"  ,   1,      1254.7,       570.6,         0.0,         0.0,         0.0,         0.0
"Line.L_BSB_MT_3748_2"  ,   2,     -1254.5,      -570.5
"Line.L_TR_MT_ALIM11"   ,   1,      4494.8,      2073.5,         0.0,         0.0,         0.0,         0.0
"Line.L_TR_MT_ALIM11"   ,   2,     -4493.4,     -2072.2
"Line.L_SUB_TR_MT_18"   ,   1,      5883.4,      2752.7,         0.0,         0.0,         0.0,         0.0
"Line.L_SUB_TR_MT_18"   ,   2,     -5877.7,     -2749.4
"Line.L_BSB_MT_4328"    ,   1,       -11.1,        -5.1,         0.0,         0.0,         0.0,         0.0
"Line.L_BSB_MT_4328"    ,   2,        11.1,         5.1
"Line.L_BSB_MT_4332"    ,   1,       -22.3,       -10.1,         0.0,         0.0,         0.0,         0.0
"Line.L_BSB_MT_4332"    ,   2,        22.3,        10.1
"Line.L_BSB_MT_4339"    ,   1,       500.7,       204.2,         0.0,         0.0,         0.0,         0.0
"Line.L_BSB_MT_4339"    ,   2,      -500.7,      -204.2
"Line.L_BSB_MT_4341"    ,   1,         0.0,        -0.0,         0.0,         0.0,         0.0,         0.0
"Line.L_BSB_MT_4341"    ,   2,        -0.0,         0.0
"Line.L_BSB_MT_4344"    ,   1,        78.1,        35.4,         0.0,         0.0,         0.0,         0.0
"Line.L_BSB_MT_4344"    ,   2,       -78.1,       -35.4
"Line.L_BSB_MT_4349"    ,   1,       718.0,       349.4,         0.0,         0.0,         0.0,         0.0
"Line.L_BSB_MT_4349"    ,   2,      -717.9,      -349.3
"Line.L_BSB_MT_4350"    ,   1,       385.8,       198.5,         0.0,         0.0,         0.0,         0.0
"Line.L_BSB_MT_4350"    ,   2,      -385.8,      -198.5
"Line.L_BSB_MT_4351"    ,   1,      -142.1,       -64.5,         0.0,         0.0,         0.0,         0.0
"Line.L_BSB_MT_4351"    ,   2,       142.1,        64.5
"Line.L_BSB_MT_4352"    ,   1,       -83.5,       -37.9,         0.0,         0.0,         0.0,         0.0
"Line.L_BSB_MT_4352"    ,   2,        83.5,        37.9
"Line.L_BSB_MT_4353"    ,   1,      -355.1,      -161.2,         0.0,         0.0,         0.0,         0.0
"Line.L_BSB_MT_4353"    ,   2,       355.1,       161.3
"Line.L_BSB_MT_4617"    ,   1,     -4469.7,     -2050.6,         0.0,         0.0,         0.0,         0.0
"Line.L_BSB_MT_4617"    ,   2,      4472.2,      2053.0
"Line.L_BSB_MT_4618"    ,   1,     -1271.4,      -592.9,         0.0,         0.0,         0.0,         0.0
"Line.L_BSB_MT_4618"    ,   2,      1271.7,       593.1
"Line.L_BSB_MT_4619"    ,   1,     -1229.9,      -573.8,         0.0,         0.0,         0.0,         0.0
"Line.L_BSB_MT_4619"    ,   2,      1230.1,       573.9
"Line.L_BSB_MT_4620"    ,   1,     -1108.3,      -518.4,         0.0,         0.0,         0.0,         0.0
"Line.L_BSB_MT_4620"    ,   2,      1108.5,       518.6
"Line.L_BSB_MT_4621"    ,   1,      -564.0,      -255.7,         0.0,         0.0,         0.0,         0.0
"Line.L_BSB_MT_4621"    ,   2,       564.0,       255.8
"Line.L_BSB_MT_4622"    ,   1,      -121.6,       -54.9,         0.0,         0.0,         0.0,         0.0
"Line.L_BSB_MT_4622"    ,   2,       121.6,        54.9
"Line.L_BSB_MT_4623"    ,   1,       -81.4,       -36.7,         0.0,         0.0,         0.0,         0.0
"Line.L_BSB_MT_4623"    ,   2,        81.4,        36.7
"Line.L_BSB_MT_4624"    ,   1,       -81.4,       -36.7,         0.0,         0.0,         0.0,         0.0
"Line.L_BSB_MT_4624"    ,   2,        81.4,        36.7
"Line.L_BSB_MT_5311"    ,   1,        -0.0,        -0.0,         0.0,         0.0,         0.0,         0.0
"Line.L_BSB_MT_5311"    ,   2,         0.0,         0.0
"Line.L_BSB_MT_5312"    ,   1,       -86.4,       -39.2,         0.0,         0.0,         0.0,         0.0
"Line.L_BSB_MT_5312"    ,   2,        86.4,        39.2
"Line.L_BSB_MT_5315"    ,   1,       -36.2,       -16.4,         0.0,         0.0,         0.0,         0.0
"Line.L_BSB_MT_5315"    ,   2,        36.2,        16.4
"Line.L_BSB_MT_5316"    ,   1,       -11.2,        -5.1,         0.0,         0.0,         0.0,         0.0
"Line.L_BSB_MT_5316"    ,   2,        11.2,         5.1
"Line.L_BSB_MT_5317"    ,   1,        -0.0,         0.0,         0.0,         0.0,         0.0,         0.0
"Line.L_BSB_MT_5317"    ,   2,         0.0,        -0.0
"Line.L_BSB_MT_5318"    ,   1,        39.0,        17.7,         0.0,         0.0,         0.0,         0.0
"Line.L_BSB_MT_5318"    ,   2,       -39.0,       -17.7
"Line.L_BSB_MT_5329"    ,   1,       -11.1,        -5.1,         0.0,         0.0,         0.0,         0.0
"Line.L_BSB_MT_5329"    ,   2,        11.1,         5.1
"Line.SW_FP3380"        ,   1,         0.0,         0.0,         0.0,         0.0,         0.0,         0.0
"Line.SW_FP3380"        ,   2,        -0.0,        -0.0
"Line.SW_FW7665"        ,   1,         0.0,         0.0,         0.0,         0.0,         0.0,         0.0
"Line.SW_FW7665"        ,   2,        -0.0,        -0.0
"Line.SW_FA0609"        ,   1,        -0.0,        -0.0,         0.0,         0.0,         0.0,         0.0
"Line.SW_FA0609"        ,   2,         0.0,         0.0
"Line.SW_FIC3594"       ,   1,      -336.4,      -153.0,         0.0,         0.0,         0.0,         0.0
"Line.SW_FIC3594"       ,   2,       336.4,       153.0
"Line.SW_FP7752"        ,   1,         0.0,        -0.0,         0.0,         0.0,         0.0,         0.0
"Line.SW_FP7752"        ,   2,        -0.0,         0.0
"Line.SW_FW0291"        ,   1,       -16.0,        -7.2,         0.0,         0.0,         0.0,         0.0
"Line.SW_FW0291"        ,   2,        16.0,         7.2
"Line.SW_FW1551"        ,   1,       205.8,       116.7,         0.0,         0.0,         0.0,         0.0
"Line.SW_FW1551"        ,   2,      -205.8,      -116.7
"Line.SW_FM1251"        ,   1,       -83.5,       -37.9,         0.0,         0.0,         0.0,         0.0
"Line.SW_FM1251"        ,   2,        83.5,        37.9
"Line.SW_FW9646"        ,   1,        -0.0,        -0.0,         0.0,         0.0,         0.0,         0.0
"Line.SW_FW9646"        ,   2,         0.0,         0.0
"Line.SW_FT6410"        ,   1,        -0.0,         0.0,         0.0,         0.0,         0.0,         0.0
"Line.SW_FT6410"        ,   2,         0.0,        -0.0
"Line.SW_FW9373"        ,   1,        -0.0,         0.0,         0.0,         0.0,         0.0,         0.0
"Line.SW_FW9373"        ,   2,         0.0,        -0.0
"Line.SW_FW9056"        ,   1,         0.0,         0.0,         0.0,         0.0,         0.0,         0.0
"Line.SW_FW9056"        ,   2,        -0.0,        -0.0
"Line.SW_FW0338"        ,   1,        -0.0,        -0.0,         0.0,         0.0,         0.0,         0.0
"Line.SW_FW0338"        ,   2,         0.0,         0.0
"Line.SW_FX8555"        ,   1,       -62.6,       -28.4,         0.0,         0.0,         0.0,         0.0
"Line.SW_FX8555"        ,   2,        62.6,        28.4
"Line.SW_FA9677"        ,   1,         0.0,         0.0,         0.0,         0.0,         0.0,         0.0
"Line.SW_FA9677"        ,   2,        -0.0,        -0.0
"Line.SW_FK0009"        ,   1,         0.0,         0.0,         0.0,         0.0,         0.0,         0.0
"Line.SW_FK0009"        ,   2,        -0.0,        -0.0
"Line.SW_FX9329N"       ,   1,        -0.0,         0.0,         0.0,         0.0,         0.0,         0.0
"Line.SW_FX9329N"       ,   2,         0.0,        -0.0
"Line.SW_FT9925"        ,   1,       -40.4,       -18.3,         0.0,         0.0,         0.0,         0.0
"Line.SW_FT9925"        ,   2,        40.4,        18.3
"Line.SW_FT9926"        ,   1,         0.0,        -0.0,         0.0,         0.0,         0.0,         0.0
"Line.SW_FT9926"        ,   2,        -0.0,         0.0
"Line.SW_FT9927"        ,   1,        -0.0,        -0.0,         0.0,         0.0,         0.0,         0.0
"Line.SW_FT9927"        ,   2,         0.0,         0.0
"Line.SW_FA0611"        ,   1,      -871.6,      -395.7,         0.0,         0.0,         0.0,         0.0
"Line.SW_FA0611"        ,   2,       871.6,       395.7
"Line.SW_FA8035"        ,   1,         0.0,        -0.0,         0.0,         0.0,         0.0,         0.0
"Line.SW_FA8035"        ,   2,        -0.0,         0.0
"Line.SW_FA8046"        ,   1,      -142.1,       -64.5,         0.0,         0.0,         0.0,         0.0
"Line.SW_FA8046"        ,   2,       142.1,        64.5
"Line.SW_FK0332"        ,   1,        -0.0,         0.0,         0.0,         0.0,         0.0,         0.0
"Line.SW_FK0332"        ,   2,         0.0,        -0.0
"Line.SW_FW9492"        ,   1,      -311.5,      -141.4,         0.0,         0.0,         0.0,         0.0
"Line.SW_FW9492"        ,   2,       311.5,       141.4
"Line.SW_FA1408"        ,   1,     -5876.9,     -2749.0,         0.0,         0.0,         0.0,         0.0
"Line.SW_FA1408"        ,   2,      5876.9,      2749.0
"Line.SW_FT9935"        ,   1,        -0.0,        -0.0,         0.0,         0.0,         0.0,         0.0
"Line.SW_FT9935"        ,   2,         0.0,         0.0
"Line.SW_FP3999"        ,   1,         0.0,         0.0,         0.0,         0.0,         0.0,         0.0
"Line.SW_FP3999"        ,   2,        -0.0,        -0.0
"Line.SW_FW0162"        ,   1,         0.0,        -0.0,         0.0,         0.0,         0.0,         0.0
"Line.SW_FW0162"        ,   2,        -0.0,         0.0
"Line.SW_FU1223"        ,   1,      -509.3,      -208.2,         0.0,         0.0,         0.0,         0.0
"Line.SW_FU1223"        ,   2,       509.3,       208.2
"Line.SW_FW0011"        ,   1,        -0.0,         0.0,         0.0,         0.0,         0.0,         0.0
"Line.SW_FW0011"        ,   2,         0.0,        -0.0
"Line.SW_FP7706_DP_8583",   1,         0.0,        -0.0,         0.0,         0.0,         0.0,         0.0
"Line.SW_FP7706_DP_8583",   2,        -0.0,         0.0
"Line.SW_FA0617"        ,   1,        -0.0,        -0.0,         0.0,         0.0,         0.0,         0.0
"Line.SW_FA0617"        ,   2,         0.0,         0.0
"Line.SW_FA0612"        ,   1,        -0.0,        -0.0,         0.0,         0.0,         0.0,         0.0
"Line.SW_FA0612"        ,   2,         0.0,         0.0
"Line.SW_FW2377"        ,   1,      -282.3,      -127.9,         0.0,         0.0,         0.0,         0.0
"Line.SW_FW2377"        ,   2,       282.3,       127.9
"Line.SW_FW8530"        ,   1,         0.0,         0.0,         0.0,         0.0,         0.0,         0.0
"Line.SW_FW8530"        ,   2,        -0.0,        -0.0
"Line.SW_FW1068"        ,   1,      -119.9,       -54.4,         0.0,         0.0,         0.0,         0.0
"Line.SW_FW1068"        ,   2,       119.9,        54.4
"Line.SW_FW2455"        ,   1,      -493.4,      -224.2,         0.0,         0.0,         0.0,         0.0
"Line.SW_FW2455"        ,   2,       493.4,       224.2
"Line.SW_FW1553"        ,   1,      -355.0,      -161.2,         0.0,         0.0,         0.0,         0.0
"Line.SW_FW1553"        ,   2,       355.0,       161.2
"Line.SW_FA2084"        ,   1,        -0.0,        -0.0,         0.0,         0.0,         0.0,         0.0
"Line.SW_FA2084"        ,   2,         0.0,         0.0
"Line.SW_FT9936"        ,   1,         0.0,        -0.0,         0.0,         0.0,         0.0,         0.0
"Line.SW_FT9936"        ,   2,        -0.0,         0.0
"Line.SW_FT9934"        ,   1,         1.0,         0.2,         0.0,         0.0,         0.0,         0.0
"Line.SW_FT9934"        ,   2,        -1.0,        -0.2
"Line.SW_FW0015"        ,   1,         0.0,         0.0,         0.0,         0.0,         0.0,         0.0
"Line.SW_FW0015"        ,   2,        -0.0,        -0.0
"Line.SW_FU0053"        ,   1,       -50.2,       -22.8,         0.0,         0.0,         0.0,         0.0
"Line.SW_FU0053"        ,   2,        50.2,        22.8
"Line.SW_FW0160"        ,   1,         0.0,        -0.0,         0.0,         0.0,         0.0,         0.0
"Line.SW_FW0160"        ,   2,        -0.0,         0.0
"Line.SW_FX4185"        ,   1,        -0.0,        -0.0,         0.0,         0.0,         0.0,         0.0
"Line.SW_FX4185"        ,   2,         0.0,         0.0
"Line.SW_FW8914"        ,   1,       -22.3,       -10.1,         0.0,         0.0,         0.0,         0.0
"Line.SW_FW8914"        ,   2,        22.3,        10.1
"Line.SW_FP7916"        ,   1,       -79.4,       -36.0,         0.0,         0.0,         0.0,         0.0
"Line.SW_FP7916"        ,   2,        79.4,        36.0
"Line.SW_FW7116"        ,   1,      -355.1,      -161.3,         0.0,         0.0,         0.0,         0.0
"Line.SW_FW7116"        ,   2,       355.1,       161.3
"Line.SW_FA7893"        ,   1,     -1353.6,      -630.5,         0.0,         0.0,         0.0,         0.0
"Line.SW_FA7893"        ,   2,      1353.6,       630.5
"Line.SW_FX2533"        ,   1,        -0.0,        -0.0,         0.0,         0.0,         0.0,         0.0
"Line.SW_FX2533"        ,   2,         0.0,         0.0
"Line.SW_FW0295"        ,   1,         0.0,         0.0,         0.0,         0.0,         0.0,         0.0
"Line.SW_FW0295"        ,   2,        -0.0,        -0.0
"Line.SW_FP8048"        ,   1,         0.0,        -0.0,         0.0,         0.0,         0.0,         0.0
"Line.SW_FP8048"        ,   2,        -0.0,         0.0
"Line.SW_FW8041"        ,   1,         0.0,        -0.0,         0.0,         0.0,         0.0,         0.0
"Line.SW_FW8041"        ,   2,        -0.0,         0.0
"Line.SW_FW7802"        ,   1,      -836.0,      -379.9,         0.0,         0.0,         0.0,         0.0
"Line.SW_FW7802"        ,   2,       836.0,       379.9
"Line.SW_FA0608"        ,   1,      -564.0,      -255.7,         0.0,         0.0,         0.0,         0.0
"Line.SW_FA0608"        ,   2,       564.0,       255.7
"Line.SW_FK0010"        ,   1,         0.0,        -0.0,         0.0,         0.0,         0.0,         0.0
"Line.SW_FK0010"        ,   2,        -0.0,         0.0
"Line.SW_FT6411"        ,   1,       -36.2,       -16.4,         0.0,         0.0,         0.0,         0.0
"Line.SW_FT6411"        ,   2,        36.2,        16.4
"Line.SW_FP3384"        ,   1,         0.0,        -0.0,         0.0,         0.0,         0.0,         0.0
"Line.SW_FP3384"        ,   2,        -0.0,         0.0
"Line.SW_FX4806"        ,   1,        -0.0,        -0.0,         0.0,         0.0,         0.0,         0.0
"Line.SW_FX4806"        ,   2,         0.0,         0.0
"Line.SW_FX4879"        ,   1,         0.0,        -0.0,         0.0,         0.0,         0.0,         0.0
"Line.SW_FX4879"        ,   2,        -0.0,         0.0
"Line.SW_FX2541"        ,   1,      -142.1,       -64.5,         0.0,         0.0,         0.0,         0.0
"Line.SW_FX2541"        ,   2,       142.1,        64.5
"Line.SW_FT6407"        ,   1,       -53.0,       -24.0,         0.0,         0.0,         0.0,         0.0
"Line.SW_FT6407"        ,   2,        53.0,        24.0
"Line.SW_FP3378"        ,   1,        -0.0,         0.0,         0.0,         0.0,         0.0,         0.0
"Line.SW_FP3378"        ,   2,         0.0,        -0.0
"Line.SW_FP4681"        ,   1,      -876.8,      -398.5,         0.0,         0.0,         0.0,         0.0
"Line.SW_FP4681"        ,   2,       876.8,       398.5
"Line.SW_FT6412"        ,   1,       -11.2,        -5.1,         0.0,         0.0,         0.0,         0.0
"Line.SW_FT6412"        ,   2,        11.2,         5.1
"Line.SW_FU0662"        ,   1,      -200.6,       -91.1,         0.0,         0.0,         0.0,         0.0
"Line.SW_FU0662"        ,   2,       200.6,        91.1
"Line.SW_FA0621"        ,   1,        -0.0,        -0.0,         0.0,         0.0,         0.0,         0.0
"Line.SW_FA0621"        ,   2,         0.0,         0.0
"Line.SW_FA2081"        ,   1,         0.0,        -0.0,         0.0,         0.0,         0.0,         0.0
"Line.SW_FA2081"        ,   2,        -0.0,         0.0
"Line.SW_FW0075"        ,   1,       -39.0,       -17.7,         0.0,         0.0,         0.0,         0.0
"Line.SW_FW0075"        ,   2,        39.0,        17.7
"Line.SW_FU0653"        ,   1,         0.0,        -0.0,         0.0,         0.0,         0.0,         0.0
"Line.SW_FU0653"        ,   2,        -0.0,         0.0
"Line.SW_FA0614"        ,   1,        -0.0,        -0.0,         0.0,         0.0,         0.0,         0.0
"Line.SW_FA0614"        ,   2,         0.0,         0.0
"Line.SW_FA0613"        ,   1,         0.0,        -0.0,         0.0,         0.0,         0.0,         0.0
"Line.SW_FA0613"        ,   2,        -0.0,         0.0
"Line.SW_FX2557"        ,   1,        -0.0,        -0.0,         0.0,         0.0,         0.0,         0.0
"Line.SW_FX2557"        ,   2,         0.0,         0.0
"Line.SW_FU1886"        ,   1,       -53.0,       -24.0,         0.0,         0.0,         0.0,         0.0
"Line.SW_FU1886"        ,   2,        53.0,        24.0
"Line.SW_NW08_SNW"      ,   1,         0.0,         0.0,         0.0,         0.0,         0.0,         0.0
"Line.SW_NW08_SNW"      ,   2,        -0.0,        -0.0
"Line.SW_FT9940"        ,   1,         0.0,         0.0,         0.0,         0.0,         0.0,         0.0
"Line.SW_FT9940"        ,   2,        -0.0,        -0.0
"Line.SW_FT9941"        ,   1,        -0.0,        -0.0,         0.0,         0.0,         0.0,         0.0
"Line.SW_FT9941"        ,   2,         0.0,         0.0
"Line.SW_FT6404"        ,   1,         0.0,         0.0,         0.0,         0.0,         0.0,         0.0
"Line.SW_FT6404"        ,   2,        -0.0,        -0.0
"Line.SW_FP8489"        ,   1,     -1632.9,      -742.0,         0.0,         0.0,         0.0,         0.0
"Line.SW_FP8489"        ,   2,      1632.9,       742.0
"Line.SW_FP8564"        ,   1,        -0.0,        -0.0,         0.0,         0.0,         0.0,         0.0
"Line.SW_FP8564"        ,   2,         0.0,         0.0
"Line.SW_FP8572"        ,   1,         0.0,         0.0,         0.0,         0.0,         0.0,         0.0
"Line.SW_FP8572"        ,   2,        -0.0,        -0.0
"Line.SW_FP7956"        ,   1,        -0.0,        -0.0,         0.0,         0.0,         0.0,         0.0
"Line.SW_FP7956"        ,   2,         0.0,         0.0
"Line.SW_FP3374"        ,   1,        -0.0,         0.0,         0.0,         0.0,         0.0,         0.0
"Line.SW_FP3374"        ,   2,         0.0,        -0.0
"Line.SW_FT9947"        ,   1,        -0.0,        -0.0,         0.0,         0.0,         0.0,         0.0
"Line.SW_FT9947"        ,   2,         0.0,         0.0
"Line.SW_FT9937"        ,   1,        -0.0,        -0.0,         0.0,         0.0,         0.0,         0.0
"Line.SW_FT9937"        ,   2,         0.0,         0.0
"Line.SW_FW0292"        ,   1,        -0.0,        -0.0,         0.0,         0.0,         0.0,         0.0
"Line.SW_FW0292"        ,   2,         0.0,         0.0
"Line.SW_FT1741"        ,   1,      -175.7,       -80.0,         0.0,         0.0,         0.0,         0.0
"Line.SW_FT1741"        ,   2,       175.7,        80.0
"Line.SW_FP8647"        ,   1,        -0.0,         0.0,         0.0,         0.0,         0.0,         0.0
"Line.SW_FP8647"        ,   2,         0.0,        -0.0
"Line.SW_FP7811"        ,   1,     -1271.4,      -592.9,         0.0,         0.0,         0.0,         0.0
"Line.SW_FP7811"        ,   2,      1271.4,       592.9
"Line.SW_FP8223"        ,   1,         0.0,         0.0,         0.0,         0.0,         0.0,         0.0
"Line.SW_FP8223"        ,   2,        -0.0,        -0.0
"Line.SW_FT0923"        ,   1,         0.0,        -0.0,         0.0,         0.0,         0.0,         0.0
"Line.SW_FT0923"        ,   2,        -0.0,         0.0
"Line.SW_FC0409"        ,   1,         0.0,         0.0,         0.0,         0.0,         0.0,         0.0
"Line.SW_FC0409"        ,   2,        -0.0,        -0.0
"Line.SW_FT6408"        ,   1,       -11.2,        -5.1,         0.0,         0.0,         0.0,         0.0
"Line.SW_FT6408"        ,   2,        11.2,         5.1
"Line.SW_FP2156"        ,   1,      -684.8,      -310.6,         0.0,         0.0,         0.0,         0.0
"Line.SW_FP2156"        ,   2,       684.8,       310.6
"Line.SW_FP8434"        ,   1,         0.0,         0.0,         0.0,         0.0,         0.0,         0.0
"Line.SW_FP8434"        ,   2,        -0.0,        -0.0
"Transformer.T_FT6411"  ,   1,        25.1,        11.4,         0.0,         0.0,         0.0,         0.0
"Transformer.T_FT6411"  ,   2,       -24.8,       -10.6
"Transformer.T_FT9931"  ,   1,        60.3,        27.4,         0.0,         0.0,         0.0,         0.0
"Transformer.T_FT9931"  ,   2,       -59.7,       -25.4
"Transformer.T_FP4020"  ,   1,        80.4,        36.5,         0.0,         0.0,         0.0,         0.0
"Transformer.T_FP4020"  ,   2,       -79.6,       -33.9
"Transformer.T_FP8229"  ,   1,        60.3,        27.4,         0.0,         0.0,         0.0,         0.0
"Transformer.T_FP8229"  ,   2,       -59.7,       -25.4
"Transformer.T_FT6288"  ,   1,        80.4,        36.5,         0.0,         0.0,         0.0,         0.0
"Transformer.T_FT6288"  ,   2,       -79.6,       -33.9
"Transformer.T_FT9930"  ,   1,        40.3,        18.3,         0.0,         0.0,         0.0,         0.0
"Transformer.T_FT9930"  ,   2,       -39.9,       -17.0
"Transformer.T_FP7161"  ,   1,        80.5,        36.5,         0.0,         0.0,         0.0,         0.0
"Transformer.T_FP7161"  ,   2,       -79.7,       -34.0
"Transformer.T_FP6522"  ,   1,        80.6,        36.6,         0.0,         0.0,         0.0,         0.0
"Transformer.T_FP6522"  ,   2,       -79.8,       -34.0
"Transformer.T_FT9929"  ,   1,        40.3,        18.3,         0.0,         0.0,         0.0,         0.0
"Transformer.T_FT9929"  ,   2,       -39.9,       -17.0
"Transformer.T_FP3381"  ,   1,        40.4,        18.3,         0.0,         0.0,         0.0,         0.0
"Transformer.T_FP3381"  ,   2,       -40.0,       -17.0
"Transformer.T_FT0923"  ,   1,        24.2,        11.0,         0.0,         0.0,         0.0,         0.0
"Transformer.T_FT0923"  ,   2,       -24.0,       -10.2
"Transformer.T_FT9926"  ,   1,        40.4,        18.3,         0.0,         0.0,         0.0,         0.0
"Transformer.T_FT9926"  ,   2,       -40.0,       -17.0
"Transformer.T_FP6587"  ,   1,        40.4,        18.3,         0.0,         0.0,         0.0,         0.0
"Transformer.T_FP6587"  ,   2,       -39.9,       -17.0
"Transformer.T_FT9927"  ,   1,        40.4,        18.3,         0.0,         0.0,         0.0,         0.0
"Transformer.T_FT9927"  ,   2,       -39.9,       -17.0
"Transformer.T_FT9925"  ,   1,        40.4,        18.3,         0.0,         0.0,         0.0,         0.0
"Transformer.T_FT9925"  ,   2,       -39.9,       -17.0
"Transformer.T_FT9924"  ,   1,        40.4,        18.3,         0.0,         0.0,         0.0,         0.0
"Transformer.T_FT9924"  ,   2,       -40.0,       -17.0
"Transformer.T_FP6372"  ,   1,        80.7,        36.6,         0.0,         0.0,         0.0,         0.0
"Transformer.T_FP6372"  ,   2,       -79.9,       -34.0
"Transformer.T_FP1266"  ,   1,       120.6,        54.7,         0.0,         0.0,         0.0,         0.0
"Transformer.T_FP1266"  ,   2,      -119.4,       -50.9
"Transformer.T_FT6407"  ,   1,        41.8,        19.0,         0.0,         0.0,         0.0,         0.0
"Transformer.T_FT6407"  ,   2,       -41.4,       -17.6
"Transformer.T_FT6402"  ,   1,        41.8,        19.0,         0.0,         0.0,         0.0,         0.0
"Transformer.T_FT6402"  ,   2,       -41.4,       -17.6
"Transformer.T_FT6409"  ,   1,        25.1,        11.4,         0.0,         0.0,         0.0,         0.0
"Transformer.T_FT6409"  ,   2,       -24.8,       -10.6
"Transformer.T_FT6403"  ,   1,        25.1,        11.4,         0.0,         0.0,         0.0,         0.0
"Transformer.T_FT6403"  ,   2,       -24.8,       -10.6
"Transformer.T_FF0484"  ,   1,        80.4,        36.5,         0.0,         0.0,         0.0,         0.0
"Transformer.T_FF0484"  ,   2,       -79.6,       -33.9
"Transformer.T_FX4806"  ,   1,        60.2,        27.3,         0.0,         0.0,         0.0,         0.0
"Transformer.T_FX4806"  ,   2,       -59.6,       -25.4
"Transformer.T_FF3539"  ,   1,        80.1,        36.4,         0.0,         0.0,         0.0,         0.0
"Transformer.T_FF3539"  ,   2,       -79.3,       -33.8
"Transformer.T_FT9937"  ,   1,        40.1,        18.2,         0.0,         0.0,         0.0,         0.0
"Transformer.T_FT9937"  ,   2,       -39.7,       -16.9
"Transformer.T_FP1243"  ,   1,       120.1,        54.5,         0.0,         0.0,         0.0,         0.0
"Transformer.T_FP1243"  ,   2,      -118.9,       -50.7
"Transformer.T_FP7398"  ,   1,        80.1,        36.3,         0.0,         0.0,         0.0,         0.0
"Transformer.T_FP7398"  ,   2,       -79.3,       -33.8
"Transformer.T_FX2529"  ,   1,        16.7,         7.6,         0.0,         0.0,         0.0,         0.0
"Transformer.T_FX2529"  ,   2,       -16.6,        -7.1
"Transformer.T_FT6404"  ,   1,        11.1,         5.1,         0.0,         0.0,         0.0,         0.0
"Transformer.T_FT6404"  ,   2,       -11.0,        -4.7
"Transformer.T_FM1277"  ,   1,        25.1,        11.4,         0.0,         0.0,         0.0,         0.0
"Transformer.T_FM1277"  ,   2,       -24.8,       -10.6
"Transformer.T_FX2553"  ,   1,        62.7,        28.5,         0.0,         0.0,         0.0,         0.0
"Transformer.T_FX2553"  ,   2,       -62.1,       -26.4
"Transformer.T_FT9946"  ,   1,        40.3,        18.3,         0.0,         0.0,         0.0,         0.0
"Transformer.T_FT9946"  ,   2,       -39.9,       -17.0
"Transformer.T_FP8401"  ,   1,       383.1,       189.4,       101.4,        50.1,         0.0,         0.0
"Transformer.T_FP8401"  ,   2,      -373.7,      -159.2
"Transformer.T_FIC0066" ,   1,        16.1,         7.3,         0.0,         0.0,         0.0,         0.0
"Transformer.T_FIC0066" ,   2,       -15.9,        -6.8
"Transformer.T_FX4879"  ,   1,        62.6,        28.4,         0.0,         0.0,         0.0,         0.0
"Transformer.T_FX4879"  ,   2,       -62.0,       -26.4
"Transformer.T_FZ2554"  ,   1,        62.6,        28.4,         0.0,         0.0,         0.0,         0.0
"Transformer.T_FZ2554"  ,   2,       -62.0,       -26.4
"Transformer.T_FT9942"  ,   1,        80.9,        36.7,         0.0,         0.0,         0.0,         0.0
"Transformer.T_FT9942"  ,   2,       -80.1,       -34.1
"Transformer.T_FX2530"  ,   1,        62.7,        28.5,         0.0,         0.0,         0.0,         0.0
"Transformer.T_FX2530"  ,   2,       -62.1,       -26.5
"Transformer.T_FX2557"  ,   1,        62.7,        28.5,         0.0,         0.0,         0.0,         0.0
"Transformer.T_FX2557"  ,   2,       -62.1,       -26.5
"Transformer.T_FZ6734"  ,   1,       159.8,        72.5,         0.0,         0.0,         0.0,         0.0
"Transformer.T_FZ6734"  ,   2,      -158.2,       -67.4
"Transformer.T_FP3374"  ,   1,        24.3,        11.0,         0.0,         0.0,         0.0,         0.0
"Transformer.T_FP3374"  ,   2,       -24.0,       -10.2
"Transformer.T_FT6405"  ,   1,        11.1,         5.1,         0.0,         0.0,         0.0,         0.0
"Transformer.T_FT6405"  ,   2,       -11.0,        -4.7
"Transformer.T_FP0323"  ,   1,        16.7,         7.6,         0.0,         0.0,         0.0,         0.0
"Transformer.T_FP0323"  ,   2,       -16.5,        -7.0
"Transformer.T_FT9934"  ,   1,        40.2,        18.2,         0.0,         0.0,         0.0,         0.0
"Transformer.T_FT9934"  ,   2,       -39.8,       -16.9
"Transformer.T_FT1741"  ,   1,        80.3,        36.5,         0.0,         0.0,         0.0,         0.0
"Transformer.T_FT1741"  ,   2,       -79.5,       -33.9
"Transformer.T_FT6408"  ,   1,        11.2,         5.1,         0.0,         0.0,         0.0,         0.0
"Transformer.T_FT6408"  ,   2,       -11.0,        -4.7
"Transformer.T_FT6410"  ,   1,        25.1,        11.4,         0.0,         0.0,         0.0,         0.0
"Transformer.T_FT6410"  ,   2,       -24.8,       -10.6
"Transformer.T_FX2554"  ,   1,        62.7,        28.4,         0.0,         0.0,         0.0,         0.0
"Transformer.T_FX2554"  ,   2,       -62.0,       -26.4
"Transformer.T_FT6412"  ,   1,        11.2,         5.1,         0.0,         0.0,         0.0,         0.0
"Transformer.T_FT6412"  ,   2,       -11.0,        -4.7
"Transformer.T_FX2537"  ,   1,        16.7,         7.6,         0.0,         0.0,         0.0,         0.0
"Transformer.T_FX2537"  ,   2,       -16.5,        -7.0
"Transformer.T_FX2533"  ,   1,        62.7,        28.5,         0.0,         0.0,         0.0,         0.0
"Transformer.T_FX2533"  ,   2,       -62.1,       -26.5
"Transformer.T_FX2540"  ,   1,        62.7,        28.5,         0.0,         0.0,         0.0,         0.0
"Transformer.T_FX2540"  ,   2,       -62.0,       -26.4
"Transformer.T_FX2541"  ,   1,        62.7,        28.5,         0.0,         0.0,         0.0,         0.0
"Transformer.T_FX2541"  ,   2,       -62.1,       -26.4
"Transformer.T_FX2527"  ,   1,        83.6,        38.0,         0.0,         0.0,         0.0,         0.0
"Transformer.T_FX2527"  ,   2,       -82.8,       -35.3
"Transformer.T_FT6401"  ,   1,        16.7,         7.6,         0.0,         0.0,         0.0,         0.0
"Transformer.T_FT6401"  ,   2,       -16.6,        -7.1
"Transformer.T_FM1251"  ,   1,        83.5,        37.9,         0.0,         0.0,         0.0,         0.0
"Transformer.T_FM1251"  ,   2,       -82.7,       -35.2
"Transformer.T_FT9950"  ,   1,        40.2,        18.2,         0.0,         0.0,         0.0,         0.0
"Transformer.T_FT9950"  ,   2,       -39.8,       -16.9
"Transformer.T_FT9949"  ,   1,        40.2,        18.2,         0.0,         0.0,         0.0,         0.0
"Transformer.T_FT9949"  ,   2,       -39.8,       -16.9
"Transformer.T_FX2523"  ,   1,        83.5,        37.9,         0.0,         0.0,         0.0,         0.0
"Transformer.T_FX2523"  ,   2,       -82.7,       -35.2
"Transformer.T_FZ0763"  ,   1,       120.6,        54.7,         0.0,         0.0,         0.0,         0.0
"Transformer.T_FZ0763"  ,   2,      -119.4,       -50.9
"Transformer.T_FP5516"  ,   1,        40.2,        18.2,         0.0,         0.0,         0.0,         0.0
"Transformer.T_FP5516"  ,   2,       -39.8,       -17.0
"Transformer.T_FT9947"  ,   1,        40.2,        18.2,         0.0,         0.0,         0.0,         0.0
"Transformer.T_FT9947"  ,   2,       -39.8,       -17.0
"Transformer.T_FIC1578" ,   1,       120.7,        54.8,         0.0,         0.0,         0.0,         0.0
"Transformer.T_FIC1578" ,   2,      -119.5,       -50.9
"Transformer.T_FP7665"  ,   1,       120.7,        54.8,         0.0,         0.0,         0.0,         0.0
"Transformer.T_FP7665"  ,   2,      -119.5,       -50.9
"Transformer.T_FF2997"  ,   1,       120.8,        54.8,         0.0,         0.0,         0.0,         0.0
"Transformer.T_FF2997"  ,   2,      -119.6,       -51.0
"Transformer.T_FT9943"  ,   1,        40.3,        18.3,         0.0,         0.0,         0.0,         0.0
"Transformer.T_FT9943"  ,   2,       -39.9,       -17.0
"Transformer.T_FX4185"  ,   1,        25.1,        11.4,         0.0,         0.0,         0.0,         0.0
"Transformer.T_FX4185"  ,   2,       -24.8,       -10.6
"Transformer.T_FP5683"  ,   1,        62.6,        28.4,         0.0,         0.0,         0.0,         0.0
"Transformer.T_FP5683"  ,   2,       -62.0,       -26.4
"Transformer.T_FT6406"  ,   1,        11.1,         5.1,         0.0,         0.0,         0.0,         0.0
"Transformer.T_FT6406"  ,   2,       -11.0,        -4.7
"Transformer.T_FP7406"  ,   1,       161.0,        73.1,         0.0,         0.0,         0.0,         0.0
"Transformer.T_FP7406"  ,   2,      -159.4,       -67.9
"Transformer.T_FIC0007" ,   1,        16.0,         7.3,         0.0,         0.0,         0.0,         0.0
"Transformer.T_FIC0007" ,   2,       -15.9,        -6.8
"Transformer.T_FP0018"  ,   1,        16.0,         7.3,         0.0,         0.0,         0.0,         0.0
"Transformer.T_FP0018"  ,   2,       -15.8,        -6.7
"Transformer.T_FX2521"  ,   1,         8.4,         3.8,         0.0,         0.0,         0.0,         0.0
"Transformer.T_FX2521"  ,   2,        -8.3,        -3.5
"Transformer.T_FZ4654"  ,   1,         8.4,         3.8,         0.0,         0.0,         0.0,         0.0
"Transformer.T_FZ4654"  ,   2,        -8.3,        -3.5
"Transformer.T_FT9935"  ,   1,        60.4,        27.4,         0.0,         0.0,         0.0,         0.0
"Transformer.T_FT9935"  ,   2,       -59.8,       -25.5
"Transformer.T_FT9936"  ,   1,        40.1,        18.2,         0.0,         0.0,         0.0,         0.0
"Transformer.T_FT9936"  ,   2,       -39.7,       -16.9
"Transformer.T_FP0016"  ,   1,        80.2,        36.4,         0.0,         0.0,         0.0,         0.0
"Transformer.T_FP0016"  ,   2,       -79.4,       -33.8
"Transformer.T_FP4454"  ,   1,       160.4,        72.8,         0.0,         0.0,         0.0,         0.0
"Transformer.T_FP4454"  ,   2,      -158.8,       -67.6
"Transformer.T_FT0088"  ,   1,        80.0,        36.3,         0.0,         0.0,         0.0,         0.0
"Transformer.T_FT0088"  ,   2,       -79.2,       -33.7
"Transformer.T_FP7317"  ,   1,        80.0,        36.3,         0.0,         0.0,         0.0,         0.0
"Transformer.T_FP7317"  ,   2,       -79.2,       -33.7
"Transformer.T_FT9939"  ,   1,       159.9,        72.6,         0.0,         0.0,         0.0,         0.0
"Transformer.T_FT9939"  ,   2,      -158.3,       -67.4
"Transformer.T_FP7706"  ,   1,        79.9,        36.3,         0.0,         0.0,         0.0,         0.0
"Transformer.T_FP7706"  ,   2,       -79.1,       -33.7
"Transformer.T_FP8470"  ,   1,       119.8,        54.4,         0.0,         0.0,         0.0,         0.0
"Transformer.T_FP8470"  ,   2,      -118.6,       -50.5
"Transformer.T_FT9940"  ,   1,        59.9,        27.2,         0.0,         0.0,         0.0,         0.0
"Transformer.T_FT9940"  ,   2,       -59.3,       -25.3
"Transformer.T_FP3441"  ,   1,        59.9,        27.2,         0.0,         0.0,         0.0,         0.0
"Transformer.T_FP3441"  ,   2,       -59.3,       -25.3
"Transformer.T_FT9941"  ,   1,        39.9,        18.1,         0.0,         0.0,         0.0,         0.0
"Transformer.T_FT9941"  ,   2,       -39.5,       -16.8
"Transformer.T_FP3442"  ,   1,        16.0,         7.2,         0.0,         0.0,         0.0,         0.0
"Transformer.T_FP3442"  ,   2,       -15.8,        -6.7
"Transformer.T_FIC0046" ,   1,        16.1,         7.3,         0.0,         0.0,         0.0,         0.0
"Transformer.T_FIC0046" ,   2,       -15.9,        -6.8
"Transformer.T_FT0090"  ,   1,        80.3,        36.5,         0.0,         0.0,         0.0,         0.0
"Transformer.T_FT0090"  ,   2,       -79.5,       -33.9
"Transformer.T_FIC0051" ,   1,       160.7,        72.9,         0.0,         0.0,         0.0,         0.0
"Transformer.T_FIC0051" ,   2,      -159.1,       -67.8
"Transformer.T_FM0697"  ,   1,        16.7,         7.6,         0.0,         0.0,         0.0,         0.0
"Transformer.T_FM0697"  ,   2,       -16.6,        -7.1
"Load.L_FT6411"         ,   1,        24.8,        10.6
"Load.L_FT9931"         ,   1,        59.7,        25.4
"Load.L_FP4020"         ,   1,        79.6,        33.9
"Load.L_FP8229"         ,   1,        59.7,        25.4
"Load.L_FT6288"         ,   1,        79.6,        33.9
"Load.L_FT9930"         ,   1,        39.9,        17.0
"Load.L_FP7161"         ,   1,        79.7,        34.0
"Load.L_FP6522"         ,   1,        79.8,        34.0
"Load.L_FT9929"         ,   1,        39.9,        17.0
"Load.L_FP3381"         ,   1,        40.0,        17.0
"Load.L_FT0923"         ,   1,        24.0,        10.2
"Load.L_FT9926"         ,   1,        40.0,        17.0
"Load.L_FP6587"         ,   1,        39.9,        17.0
"Load.L_FT9927"         ,   1,        39.9,        17.0
"Load.L_FT9925"         ,   1,        39.9,        17.0
"Load.L_FT9924"         ,   1,        40.0,        17.0
"Load.L_FP6372"         ,   1,        79.9,        34.0
"Load.L_FP1266"         ,   1,       119.4,        50.9
"Load.L_FT6407"         ,   1,        41.4,        17.6
"Load.L_FT6402"         ,   1,        41.4,        17.6
"Load.L_FT6409"         ,   1,        24.8,        10.6
"Load.L_FT6403"         ,   1,        24.8,        10.6
"Load.L_FF0484"         ,   1,        79.6,        33.9
"Load.L_FX4806"         ,   1,        59.6,        25.4
"Load.L_FF3539"         ,   1,        79.3,        33.8
"Load.L_FT9937"         ,   1,        39.7,        16.9
"Load.L_FP1243"         ,   1,       118.9,        50.7
"Load.L_FP7398"         ,   1,        79.3,        33.8
"Load.L_FX2529"         ,   1,        16.6,         7.1
"Load.L_FT6404"         ,   1,        11.0,         4.7
"Load.L_FM1277"         ,   1,        24.8,        10.6
"Load.L_FX2553"         ,   1,        62.1,        26.4
"Load.L_FT9946"         ,   1,        39.9,        17.0
"Load.L_FP8401"         ,   1,       373.7,       159.2
"Load.L_FIC0066"        ,   1,        15.9,         6.8
"Load.L_FX4879"         ,   1,        62.0,        26.4
"Load.L_FZ2554"         ,   1,        62.0,        26.4
"Load.L_FT9942"         ,   1,        80.1,        34.1
"Load.L_FX2530"         ,   1,        62.1,        26.5
"Load.L_FX2557"         ,   1,        62.1,        26.5
"Load.L_FZ6734"         ,   1,       158.2,        67.4
"Load.L_FP3374"         ,   1,        24.0,        10.2
"Load.L_FT6405"         ,   1,        11.0,         4.7
"Load.L_FP0323"         ,   1,        16.5,         7.0
"Load.L_FT9934"         ,   1,        39.8,        16.9
"Load.L_FT1741"         ,   1,        79.5,        33.9
"Load.L_FT6408"         ,   1,        11.0,         4.7
"Load.L_FT6410"         ,   1,        24.8,        10.6
"Load.L_FX2554"         ,   1,        62.0,        26.4
"Load.L_FT6412"         ,   1,        11.0,         4.7
"Load.L_FX2537"         ,   1,        16.5,         7.0
"Load.L_FX2533"         ,   1,        62.1,        26.5
"Load.L_FX2540"         ,   1,        62.0,        26.4
"Load.L_FX2541"         ,   1,        62.1,        26.4
"Load.L_FX2527"         ,   1,        82.8,        35.3
"Load.L_FT6401"         ,   1,        16.6,         7.1
"Load.L_FM1251"         ,   1,        82.7,        35.2
"Load.L_FT9950"         ,   1,        39.8,        16.9
"Load.L_FT9949"         ,   1,        39.8,        16.9
"Load.L_FX2523"         ,   1,        82.7,        35.2
"Load.L_FZ0763"         ,   1,       119.4,        50.9
"Load.L_FP5516"         ,   1,        39.8,        17.0
"Load.L_FT9947"         ,   1,        39.8,        17.0
"Load.L_FIC1578"        ,   1,       119.5,        50.9
"Load.L_FP7665"         ,   1,       119.5,        50.9
"Load.L_FF2997"         ,   1,       119.6,        51.0
"Load.L_FT9943"         ,   1,        39.9,        17.0
"Load.L_FX4185"         ,   1,        24.8,        10.6
"Load.L_FP5683"         ,   1,        62.0,        26.4
"Load.L_FT6406"         ,   1,        11.0,         4.7
"Load.L_FP7406"         ,   1,       159.4,        67.9
"Load.L_FIC0007"        ,   1,        15.9,         6.8
"Load.L_FP0018"         ,   1,        15.8,         6.7
"Load.L_FX2521"         ,   1,         8.3,         3.5
"Load.L_FZ4654"         ,   1,         8.3,         3.5
"Load.L_FT9935"         ,   1,        59.8,        25.5
"Load.L_FT9936"         ,   1,        39.7,        16.9
"Load.L_FP0016"         ,   1,        79.4,        33.8
"Load.L_FP4454"         ,   1,       158.8,        67.6
"Load.L_FT0088"         ,   1,        79.2,        33.7
"Load.L_FP7317"         ,   1,        79.2,        33.7
"Load.L_FT9939"         ,   1,       158.3,        67.4
"Load.L_FP7706"         ,   1,        79.1,        33.7
"Load.L_FP8470"         ,   1,       118.6,        50.5
"Load.L_FT9940"         ,   1,        59.3,        25.3
"Load.L_FP3441"         ,   1,        59.3,        25.3
"Load.L_FT9941"         ,   1,        39.5,        16.8
"Load.L_FP3442"         ,   1,        15.8,         6.7
"Load.L_FIC0046"        ,   1,        15.9,         6.8
"Load.L_FT0090"         ,   1,        79.5,        33.9
"Load.L_FIC0051"        ,   1,       159.1,        67.8
"Load.L_FM0697"         ,   1,        16.6,         7.1
