Bus, BasekV, Node1, Magnitude1, Angle1, pu1, Node2, Magnitude2, Angle2, pu2, Node3, Magnitude3, Angle3, pu3
"CN_ALCN15", 13.8, 1,    7964.63,    0.0,   0.99965, 2,    7964.63, -120.0,   0.99965, 3,    7964.63,  120.0,   0.99965
"SCN_CN15_9153_CEI109", 13.8, 1,    7793.41,   -0.4,   0.97816, 2,    7793.39, -120.4,   0.97816, 3,    7793.39,  119.6,   0.97816
"SCN_CN15_9154_CEI109", 13.8, 1,    7793.41,   -0.4,   0.97816, 2,    7793.39, -120.4,   0.97816, 3,    7793.39,  119.6,   0.97816
"SCN_CN15_9098_CEI131_ATV", 13.8, 1,    7800.77,   -0.4,   0.97908, 2,    7800.75, -120.4,   0.97908, 3,    7800.75,  119.6,   0.97908
"SCN_CN15_9097_CEI131_ATV", 13.8, 1,    7800.77,   -0.4,   0.97908, 2,    7800.75, -120.4,   0.97908, 3,    7800.75,  119.6,   0.97908
"SCN_CN15_9079_CEI201_ATV", 13.8, 1,    7809.04,   -0.3,   0.98012, 2,    7809.02, -120.3,   0.98012, 3,    7809.02,  119.7,   0.98012
"SCN_CN15_9080_CEI201_ATV", 13.8, 1,    7809.04,   -0.3,   0.98012, 2,    7809.02, -120.3,   0.98012, 3,    7809.02,  119.7,   0.98012
"SCN_CN15_9356_CEI109", 13.8, 1,    7790.98,   -0.4,   0.97785, 2,    7790.96, -120.4,   0.97785, 3,    7790.96,  119.6,   0.97785
"SCN_CN15_9349_CEI109", 13.8, 1,    7791.02,   -0.4,   0.97786, 2,       7791, -120.4,   0.97786, 3,       7791,  119.6,   0.97786
"SCN_CN15_9039_CEI201_ATV", 13.8, 1,    7791.05,   -0.4,   0.97786, 2,    7791.02, -120.4,   0.97786, 3,    7791.02,  119.6,   0.97786
"SCN_CN15_9021_CEI201_ATV", 13.8, 1,    7790.66,   -0.4,   0.97781, 2,    7790.64, -120.4,   0.97781, 3,    7790.64,  119.6,   0.97781
"SCN_CN15_9022_CEI201_ATV", 13.8, 1,    7790.68,   -0.4,   0.97782, 2,    7790.66, -120.4,   0.97781, 3,    7790.66,  119.6,   0.97781
"SCN_CN15_9274_CEI109", 13.8, 1,    7796.97,   -0.4,   0.97861, 2,    7796.95, -120.4,    0.9786, 3,    7796.95,  119.6,    0.9786
"SCN_CN15_9275_CEI109", 13.8, 1,    7796.85,   -0.4,   0.97859, 2,    7796.83, -120.4,   0.97859, 3,    7796.83,  119.6,   0.97859
"SCN_CN15_9269_CEI109", 13.8, 1,    7797.09,   -0.4,   0.97862, 2,    7797.07, -120.4,   0.97862, 3,    7797.07,  119.6,   0.97862
"SCN_CN15_9053_CEI201_ATV", 13.8, 1,    7791.23,   -0.4,   0.97788, 2,    7791.21, -120.4,   0.97788, 3,    7791.21,  119.6,   0.97788
"SCN_CN15_9485_CEI109", 13.8, 1,    7791.23,   -0.4,   0.97789, 2,    7791.21, -120.4,   0.97788, 3,    7791.21,  119.6,   0.97788
"SCN_CN15_421165_CEI", 13.8, 1,     7810.1,   -0.3,   0.98025, 2,    7810.08, -120.3,   0.98025, 3,    7810.08,  119.7,   0.98025
"SCN_CN15_421166_CEI", 13.8, 1,    7810.16,   -0.3,   0.98026, 2,    7810.14, -120.3,   0.98026, 3,    7810.14,  119.7,   0.98026
"SCN_CN15_9143_CEI69B", 13.8, 1,    7810.21,   -0.3,   0.98027, 2,    7810.19, -120.3,   0.98026, 3,    7810.19,  119.7,   0.98026
"SCN_CN15_9141_CEI201_ATV", 13.8, 1,     7810.1,   -0.3,   0.98025, 2,    7810.08, -120.3,   0.98025, 3,    7810.08,  119.7,   0.98025
"SCN_CN15_9129_CEI201_ATV", 13.8, 1,    7810.64,   -0.3,   0.98032, 2,    7810.62, -120.3,   0.98032, 3,    7810.62,  119.7,   0.98032
"SCN_CN15_9008_CEI220_ATV", 13.8, 1,    7810.64,   -0.3,   0.98032, 2,    7810.62, -120.3,   0.98032, 3,    7810.62,  119.7,   0.98032
"SCN_CN15_421168_CEI", 13.8, 1,    7800.13,   -0.4,     0.979, 2,    7800.11, -120.4,     0.979, 3,    7800.11,  119.6,     0.979
"SCN_CN15_9015_CEI109", 13.8, 1,    7800.13,   -0.4,     0.979, 2,    7800.11, -120.4,     0.979, 3,    7800.11,  119.6,     0.979
"SCN_CN15_421185_CEI", 13.8, 1,     7803.1,   -0.4,   0.97937, 2,    7803.08, -120.4,   0.97937, 3,    7803.08,  119.6,   0.97937
"SCN_CN15_9162_CEI220_ATV_S", 13.8, 1,    7802.94,   -0.4,   0.97935, 2,    7802.92, -120.4,   0.97935, 3,    7802.92,  119.6,   0.97935
"SCN_CN15_421186_CEI", 13.8, 1,    7803.21,   -0.4,   0.97939, 2,    7803.19, -120.4,   0.97939, 3,    7803.19,  119.6,   0.97939
"SCN_CN15_421187_CEI", 13.8, 1,    7803.35,   -0.4,   0.97941, 2,    7803.33, -120.4,    0.9794, 3,    7803.33,  119.6,    0.9794
"SCN_CN15_421169_CEI", 13.8, 1,    7803.54,   -0.4,   0.97943, 2,    7803.52, -120.4,   0.97943, 3,    7803.52,  119.6,   0.97943
"SCN_CN15_9012_CEI120", 13.8, 1,    7803.43,   -0.4,   0.97942, 2,    7803.41, -120.4,   0.97941, 3,    7803.41,  119.6,   0.97941
"SCN_CN15_421170_CEI", 13.8, 1,    7804.43,   -0.4,   0.97954, 2,    7804.41, -120.4,   0.97954, 3,    7804.41,  119.6,   0.97954
"SCN_CN15_421171_CEI", 13.8, 1,    7804.43,   -0.4,   0.97954, 2,    7804.41, -120.4,   0.97954, 3,    7804.41,  119.6,   0.97954
"SCN_CN15_421172_CEI", 13.8, 1,    7804.43,   -0.4,   0.97954, 2,    7804.41, -120.4,   0.97954, 3,    7804.41,  119.6,   0.97954
"SCN_CN15_421173_CEI", 13.8, 1,    7804.43,   -0.4,   0.97954, 2,    7804.41, -120.4,   0.97954, 3,    7804.41,  119.6,   0.97954
"SCN_CN15_421174_CEI", 13.8, 1,    7804.43,   -0.4,   0.97954, 2,    7804.41, -120.4,   0.97954, 3,    7804.41,  119.6,   0.97954
"SCN_CN15_421175_CEI", 13.8, 1,    7805.21,   -0.4,   0.97964, 2,    7805.19, -120.4,   0.97964, 3,    7805.19,  119.6,   0.97964
"SCN_CN15_421176_CEI", 13.8, 1,    7805.21,   -0.4,   0.97964, 2,    7805.19, -120.4,   0.97964, 3,    7805.19,  119.6,   0.97964
"SCN_CN15_421177_CEI", 13.8, 1,    7805.21,   -0.4,   0.97964, 2,    7805.19, -120.4,   0.97964, 3,    7805.19,  119.6,   0.97964
"SCN_CN15_421178_CEI", 13.8, 1,    7805.21,   -0.4,   0.97964, 2,    7805.19, -120.4,   0.97964, 3,    7805.19,  119.6,   0.97964
"SCN_CN15_421179_CEI", 13.8, 1,    7806.86,   -0.3,   0.97985, 2,    7806.84, -120.3,   0.97984, 3,    7806.84,  119.7,   0.97984
"SCN_CN15_9047_CEI130_ATV", 13.8, 1,    7809.16,   -0.3,   0.98013, 2,    7809.14, -120.3,   0.98013, 3,    7809.14,  119.7,   0.98013
"SCN_CN15_421180_CEI", 13.8, 1,    7809.16,   -0.3,   0.98013, 2,    7809.14, -120.3,   0.98013, 3,    7809.14,  119.7,   0.98013
"SCN_CN15_9037_CEI130_ATV", 13.8, 1,    7813.11,   -0.3,   0.98063, 2,    7813.08, -120.3,   0.98063, 3,    7813.09,  119.7,   0.98063
"SCN_CN15_9047_CEI130_ATV_S", 13.8, 1,    7809.16,   -0.3,   0.98013, 2,    7809.14, -120.3,   0.98013, 3,    7809.14,  119.7,   0.98013
"SCN_CN15_421181_CEI", 13.8, 1,    7813.94,   -0.3,   0.98074, 2,    7813.92, -120.3,   0.98073, 3,    7813.93,  119.7,   0.98073
"SCN_CN15_9040_CEI130_ATV", 13.8, 1,    7813.94,   -0.3,   0.98074, 2,    7813.92, -120.3,   0.98073, 3,    7813.93,  119.7,   0.98073
"SCN_CN15_421182_CEI", 13.8, 1,    7813.94,   -0.3,   0.98074, 2,    7813.92, -120.3,   0.98073, 3,    7813.93,  119.7,   0.98073
"SCN_CN15_421183_CEI", 13.8, 1,    7813.94,   -0.3,   0.98074, 2,    7813.92, -120.3,   0.98073, 3,    7813.93,  119.7,   0.98073
"SCN_CN15_421184_CEI", 13.8, 1,    7813.94,   -0.3,   0.98074, 2,    7813.92, -120.3,   0.98073, 3,    7813.93,  119.7,   0.98073
"SCN_CN15_421195_CEI", 13.8, 1,    7817.77,   -0.3,   0.98122, 2,    7817.75, -120.3,   0.98121, 3,    7817.75,  119.7,   0.98121
"SCN_CN15_9022_CEI250_ATV", 13.8, 1,    7817.61,   -0.3,   0.98119, 2,    7817.59, -120.3,   0.98119, 3,    7817.59,  119.7,   0.98119
"SCN_CN15_421196_CEI", 13.8, 1,       7818,   -0.3,   0.98124, 2,    7817.98, -120.3,   0.98124, 3,    7817.98,  119.7,   0.98124
"SCN_CN15_9025_CEI130_ATV", 13.8, 1,    7818.19,   -0.3,   0.98127, 2,    7818.17, -120.3,   0.98127, 3,    7818.17,  119.7,   0.98127
"SCN_CN15_421197_CEI", 13.8, 1,    7809.13,   -0.3,   0.98013, 2,    7809.11, -120.3,   0.98013, 3,    7809.11,  119.7,   0.98013
"SCN_CN15_9004_CEI160_ATV", 13.8, 1,    7809.13,   -0.3,   0.98013, 2,    7809.11, -120.3,   0.98013, 3,    7809.11,  119.7,   0.98013
"SCN_CN15_9005_CEI160_ATV", 13.8, 1,    7809.13,   -0.3,   0.98013, 2,    7809.11, -120.3,   0.98013, 3,    7809.11,  119.7,   0.98013
"SCN_CN15_9017_CEI130A_ATV", 13.8, 1,    7834.23,   -0.3,   0.98328, 2,    7834.21, -120.3,   0.98328, 3,    7834.21,  119.7,   0.98328
"SCN_CN15_421206_CEI", 13.8, 1,    7834.23,   -0.3,   0.98328, 2,    7834.21, -120.3,   0.98328, 3,    7834.21,  119.7,   0.98328
"SCN_CN15_9034_CEI130A_ATV", 13.8, 1,    7834.13,   -0.3,   0.98327, 2,    7834.11, -120.3,   0.98327, 3,    7834.11,  119.7,   0.98327
"SCN_CN15_421207_CEI", 13.8, 1,    7834.13,   -0.3,   0.98327, 2,    7834.11, -120.3,   0.98327, 3,    7834.11,  119.7,   0.98327
"SCN_CN15_421208_CEI", 13.8, 1,    7834.13,   -0.3,   0.98327, 2,    7834.11, -120.3,   0.98327, 3,    7834.11,  119.7,   0.98327
"SCN_CN15_421209_CEI", 13.8, 1,    7834.13,   -0.3,   0.98327, 2,    7834.11, -120.3,   0.98327, 3,    7834.11,  119.7,   0.98327
"SCN_CN15_421210_CEI", 13.8, 1,    7834.13,   -0.3,   0.98327, 2,    7834.11, -120.3,   0.98327, 3,    7834.11,  119.7,   0.98327
"SCN_CN15_421211_CEI", 13.8, 1,    7834.13,   -0.3,   0.98327, 2,    7834.11, -120.3,   0.98327, 3,    7834.11,  119.7,   0.98327
"SCN_CN15_421212_CEI", 13.8, 1,    7834.13,   -0.3,   0.98327, 2,    7834.11, -120.3,   0.98327, 3,    7834.11,  119.7,   0.98327
"SCN_CN15_9040_CEI130A_ATV", 13.8, 1,    7834.12,   -0.3,   0.98327, 2,     7834.1, -120.3,   0.98327, 3,    7834.11,  119.7,   0.98327
"SCN_CN15_421213_CEI", 13.8, 1,    7834.12,   -0.3,   0.98327, 2,     7834.1, -120.3,   0.98327, 3,    7834.11,  119.7,   0.98327
"SCN_CN15_421218_CEI", 13.8, 1,    7962.74,    0.0,   0.99941, 2,    7962.74, -120.0,   0.99941, 3,    7962.74,  120.0,   0.99941
"SCN_CN15_9353_CEI065", 13.8, 1,    7962.02,    0.0,   0.99932, 2,    7962.02, -120.0,   0.99932, 3,    7962.02,  120.0,   0.99932
"SCN_CN15_421219_CEI", 13.8, 1,    7963.49,    0.0,    0.9995, 2,    7963.49, -120.0,    0.9995, 3,    7963.49,  120.0,    0.9995
"SCN_CN15_421227_CEI", 13.8, 1,    7799.87,   -0.3,   0.97897, 2,    7799.84, -120.3,   0.97897, 3,    7799.84,  119.7,   0.97897
"SCN_CN15_9006_CEIRJ013_ATV", 13.8, 1,    7799.87,   -0.3,   0.97897, 2,    7799.84, -120.3,   0.97897, 3,    7799.84,  119.7,   0.97897
"SCN_CN15_9067_CEIRJ006_ATV", 13.8, 1,    7800.14,   -0.3,     0.979, 2,    7800.11, -120.3,     0.979, 3,    7800.11,  119.7,     0.979
"SCN_CN15_9064_CEIRJ006_ATV", 13.8, 1,    7800.14,   -0.3,     0.979, 2,    7800.11, -120.3,     0.979, 3,    7800.11,  119.7,     0.979
"SCN_CN15_421241_CEI", 13.8, 1,    7800.14,   -0.3,     0.979, 2,    7800.11, -120.3,     0.979, 3,    7800.11,  119.7,     0.979
"SCN_CN15_9068_CEIRJ006_ATV", 13.8, 1,    7800.14,   -0.3,     0.979, 2,    7800.11, -120.3,     0.979, 3,    7800.11,  119.7,     0.979
"SCN_CN15_9050_CEI160_ATV", 13.8, 1,    7814.42,   -0.3,    0.9808, 2,     7814.4, -120.3,   0.98079, 3,     7814.4,  119.7,   0.98079
"SCN_CN15_9014_CEI077_ATV", 13.8, 1,    7814.48,   -0.3,    0.9808, 2,    7814.45, -120.3,    0.9808, 3,    7814.46,  119.7,    0.9808
"SCN_CN15_9052_CEI160_ATV", 13.8, 1,    7814.42,   -0.3,    0.9808, 2,     7814.4, -120.3,   0.98079, 3,     7814.4,  119.7,   0.98079
"SCN_CN15_421244_CEI", 13.8, 1,    7814.37,   -0.3,   0.98079, 2,    7814.35, -120.3,   0.98079, 3,    7814.35,  119.7,   0.98079
"SCN_CN15_421245_CEI", 13.8, 1,    7814.32,   -0.3,   0.98078, 2,     7814.3, -120.3,   0.98078, 3,     7814.3,  119.7,   0.98078
"SCN_CN15_9005_CEIRJ012_ATV_S", 13.8, 1,    7814.27,   -0.3,   0.98078, 2,    7814.24, -120.3,   0.98077, 3,    7814.25,  119.7,   0.98077
"SCN_CN15_9024_CEI167_ATV", 13.8, 1,    7809.46,   -0.3,   0.98017, 2,    7809.44, -120.3,   0.98017, 3,    7809.44,  119.7,   0.98017
"SCN_CN15_9025_CEI167_ATV", 13.8, 1,    7809.46,   -0.3,   0.98017, 2,    7809.44, -120.3,   0.98017, 3,    7809.44,  119.7,   0.98017
"SCN_CN15_9002_CEIRJ013_ATV", 13.8, 1,    7809.46,   -0.3,   0.98017, 2,    7809.44, -120.3,   0.98017, 3,    7809.44,  119.7,   0.98017
"SCN_CN15_9037_CEI77A_ATV", 13.8, 1,    7810.57,   -0.3,   0.98031, 2,    7810.54, -120.3,   0.98031, 3,    7810.55,  119.7,   0.98031
"SCN_CN15_9035_CEIRJ006_ATV", 13.8, 1,    7810.57,   -0.3,   0.98031, 2,    7810.54, -120.3,   0.98031, 3,    7810.55,  119.7,   0.98031
"SCN_CN15_9036_CEIRJ006_ATV", 13.8, 1,    7810.57,   -0.3,   0.98031, 2,    7810.54, -120.3,   0.98031, 3,    7810.55,  119.7,   0.98031
"SCN_CN15_9105_CEI201_ATV", 13.8, 1,    7808.97,   -0.3,   0.98011, 2,    7808.94, -120.3,   0.98011, 3,    7808.94,  119.7,   0.98011
"SCN_CN15_9102_CEI201_ATV_S", 13.8, 1,    7808.96,   -0.3,   0.98011, 2,    7808.94, -120.3,   0.98011, 3,    7808.94,  119.7,   0.98011
"SCN_CN15_9017_CEI201_ATV", 13.8, 1,    7790.61,   -0.4,   0.97781, 2,    7790.58, -120.4,    0.9778, 3,    7790.59,  119.6,    0.9778
"SCN_CN15_9019_CEI201_ATV", 13.8, 1,    7790.62,   -0.4,   0.97781, 2,     7790.6, -120.4,   0.97781, 3,     7790.6,  119.6,   0.97781
"SCN_CN15_9019_CEI134C_ATV", 13.8, 1,    7796.38,   -0.4,   0.97853, 2,    7796.36, -120.4,   0.97853, 3,    7796.35,  119.6,   0.97853
"SCN_CN15_9020_CEI134C_ATV", 13.8, 1,    7796.38,   -0.4,   0.97853, 2,    7796.35, -120.4,   0.97853, 3,    7796.35,  119.6,   0.97853
"SCN_CN15_9022_CEI134C_ATV", 13.8, 1,    7796.36,   -0.4,   0.97853, 2,    7796.34, -120.4,   0.97853, 3,    7796.34,  119.6,   0.97853
"SCN_CN15_9021_CEI134C_ATV", 13.8, 1,    7796.35,   -0.4,   0.97853, 2,    7796.33, -120.4,   0.97852, 3,    7796.33,  119.6,   0.97852
"SCN_CN15_9023_CEI134C_ATV", 13.8, 1,    7796.35,   -0.4,   0.97853, 2,    7796.33, -120.4,   0.97852, 3,    7796.33,  119.6,   0.97852
"SCN_CN15_9034_CEI134C_ATV", 13.8, 1,    7796.35,   -0.4,   0.97853, 2,    7796.32, -120.4,   0.97852, 3,    7796.32,  119.6,   0.97852
"SCN_CN15_9035_CEI134C_ATV", 13.8, 1,    7796.34,   -0.4,   0.97853, 2,    7796.32, -120.4,   0.97852, 3,    7796.32,  119.6,   0.97852
"SCN_CN15_9036_CEI134C_ATV", 13.8, 1,    7796.34,   -0.4,   0.97853, 2,    7796.32, -120.4,   0.97852, 3,    7796.32,  119.6,   0.97852
"SCN_CN15_9024_CEI134B_ATV", 13.8, 1,    7796.67,   -0.4,   0.97857, 2,    7796.65, -120.4,   0.97856, 3,    7796.65,  119.6,   0.97856
"SCN_CN15_9027_CEI134B_ATV", 13.8, 1,    7796.67,   -0.4,   0.97857, 2,    7796.65, -120.4,   0.97856, 3,    7796.65,  119.6,   0.97856
"SCN_CN15_9026_CEI134B_ATV", 13.8, 1,    7796.67,   -0.4,   0.97857, 2,    7796.65, -120.4,   0.97856, 3,    7796.65,  119.6,   0.97856
"SCN_CN15_9028_CEI134B_ATV", 13.8, 1,    7796.67,   -0.4,   0.97857, 2,    7796.65, -120.4,   0.97856, 3,    7796.65,  119.6,   0.97856
"SCN_CN15_9011_CEI134_ATV", 13.8, 1,    7798.15,   -0.4,   0.97875, 2,    7798.13, -120.4,   0.97875, 3,    7798.13,  119.6,   0.97875
"SCN_CN15_9009_CEI134A_ATV", 13.8, 1,    7798.09,   -0.4,   0.97875, 2,    7798.06, -120.4,   0.97874, 3,    7798.06,  119.6,   0.97874
"SCN_CN15_9002_CEI134_ATV", 13.8, 1,    7798.32,   -0.4,   0.97877, 2,    7798.29, -120.4,   0.97877, 3,    7798.29,  119.6,   0.97877
"SCN_CN15_9003_CEI134_ATV", 13.8, 1,    7798.32,   -0.4,   0.97877, 2,     7798.3, -120.4,   0.97877, 3,     7798.3,  119.6,   0.97877
"SCN_CN15_9101_CEI109", 13.8, 1,    7798.55,   -0.4,    0.9788, 2,    7798.53, -120.4,    0.9788, 3,    7798.53,  119.6,    0.9788
"SCN_CN15_9102_CEI109", 13.8, 1,    7798.55,   -0.4,    0.9788, 2,    7798.53, -120.4,    0.9788, 3,    7798.53,  119.6,    0.9788
"SCN_CN15_9103_CEI109", 13.8, 1,    7798.55,   -0.4,    0.9788, 2,    7798.52, -120.4,    0.9788, 3,    7798.52,  119.6,    0.9788
"SCN_CN15_9104_CEI109", 13.8, 1,    7798.54,   -0.4,    0.9788, 2,    7798.52, -120.4,    0.9788, 3,    7798.52,  119.6,    0.9788
"SCN_CN15_9105_CEI109", 13.8, 1,    7798.54,   -0.4,    0.9788, 2,    7798.52, -120.4,    0.9788, 3,    7798.52,  119.6,    0.9788
"SCN_CN15_9106_CEI109", 13.8, 1,    7798.54,   -0.4,    0.9788, 2,    7798.52, -120.4,    0.9788, 3,    7798.52,  119.6,    0.9788
"SCN_CN15_9108_CEI109", 13.8, 1,    7798.54,   -0.4,    0.9788, 2,    7798.51, -120.4,    0.9788, 3,    7798.51,  119.6,    0.9788
"SCN_CN15_9109_CEI109", 13.8, 1,    7798.53,   -0.4,    0.9788, 2,    7798.51, -120.4,    0.9788, 3,    7798.51,  119.6,    0.9788
"SCN_CN15_9110_CEI109", 13.8, 1,    7798.53,   -0.4,    0.9788, 2,    7798.51, -120.4,    0.9788, 3,    7798.51,  119.6,    0.9788
"SCN_CN15_9111_CEI109", 13.8, 1,    7798.53,   -0.4,    0.9788, 2,     7798.5, -120.4,    0.9788, 3,    7798.51,  119.6,    0.9788
"SCN_CN15_9112_CEI109", 13.8, 1,    7798.53,   -0.4,    0.9788, 2,     7798.5, -120.4,    0.9788, 3,     7798.5,  119.6,    0.9788
"SCN_CN15_9113_CEI109", 13.8, 1,    7798.52,   -0.4,    0.9788, 2,     7798.5, -120.4,    0.9788, 3,     7798.5,  119.6,    0.9788
"SCN_CN15_9114_CEI109", 13.8, 1,    7798.52,   -0.4,    0.9788, 2,     7798.5, -120.4,    0.9788, 3,     7798.5,  119.6,    0.9788
"SCN_CN15_9115_CEI109", 13.8, 1,    7798.52,   -0.4,    0.9788, 2,    7798.49, -120.4,    0.9788, 3,     7798.5,  119.6,    0.9788
"SCN_CN15_9116_CEI109", 13.8, 1,    7798.51,   -0.4,    0.9788, 2,    7798.49, -120.4,    0.9788, 3,    7798.49,  119.6,    0.9788
"SCN_CN15_9010_CEI120", 13.8, 1,    7803.23,   -0.4,   0.97939, 2,     7803.2, -120.4,   0.97939, 3,     7803.2,  119.6,   0.97939
"SCN_CN15_9011_CEI120", 13.8, 1,    7803.39,   -0.4,   0.97941, 2,    7803.37, -120.4,   0.97941, 3,    7803.37,  119.6,   0.97941
"SCN_CN15_9045_CEI130_ATV", 13.8, 1,    7809.15,   -0.3,   0.98013, 2,    7809.13, -120.3,   0.98013, 3,    7809.13,  119.7,   0.98013
"SCN_CN15_9044_CEI130_ATV", 13.8, 1,    7809.15,   -0.3,   0.98013, 2,    7809.13, -120.3,   0.98013, 3,    7809.13,  119.7,   0.98013
"SCN_CN15_9043_CEI130_ATV", 13.8, 1,    7809.14,   -0.3,   0.98013, 2,    7809.12, -120.3,   0.98013, 3,    7809.12,  119.7,   0.98013
"SCN_CN15_9014_CEI69B", 13.8, 1,    7819.42,   -0.3,   0.98142, 2,     7819.4, -120.3,   0.98142, 3,     7819.4,  119.7,   0.98142
"SCN_CN15_9015_CEI69B", 13.8, 1,    7819.48,   -0.3,   0.98143, 2,    7819.46, -120.3,   0.98143, 3,    7819.46,  119.7,   0.98143
"SCN_CN15_9559_CEI109", 13.8, 1,    7797.73,   -0.4,    0.9787, 2,    7797.71, -120.4,    0.9787, 3,    7797.71,  119.6,    0.9787
"SCN_CN15_9570_CEI109", 13.8, 1,    7797.73,   -0.4,    0.9787, 2,    7797.71, -120.4,    0.9787, 3,    7797.71,  119.6,    0.9787
"SCN_CN15_9558_CEI109", 13.8, 1,    7798.18,   -0.4,   0.97876, 2,    7798.16, -120.4,   0.97875, 3,    7798.16,  119.6,   0.97875
"SCN_CN15_9560_CEI109", 13.8, 1,    7797.41,   -0.4,   0.97866, 2,    7797.38, -120.4,   0.97866, 3,    7797.39,  119.6,   0.97866
"SCN_CN15_9555_CEI109", 13.8, 1,    7798.69,   -0.4,   0.97882, 2,    7798.67, -120.4,   0.97882, 3,    7798.67,  119.6,   0.97882
"SCN_CN15_9552_CEI109", 13.8, 1,    7799.07,   -0.4,   0.97887, 2,    7799.04, -120.4,   0.97887, 3,    7799.05,  119.6,   0.97887
"SCN_CN15_9550_CEI109", 13.8, 1,     7799.4,   -0.4,   0.97891, 2,    7799.37, -120.4,   0.97891, 3,    7799.37,  119.6,   0.97891
"SCN_CN15_9548_CEI109", 13.8, 1,    7799.71,   -0.4,   0.97895, 2,    7799.69, -120.4,   0.97895, 3,    7799.69,  119.6,   0.97895
"SCN_CN15_9017_CEI109", 13.8, 1,    7800.14,   -0.4,     0.979, 2,    7800.12, -120.4,     0.979, 3,    7800.12,  119.6,     0.979
"SCN_CN15_9548_CEI109_S", 13.8, 1,    7799.71,   -0.4,   0.97895, 2,    7799.69, -120.4,   0.97895, 3,    7799.69,  119.6,   0.97895
"SCN_CN15_9016_CEI109", 13.8, 1,    7800.13,   -0.4,     0.979, 2,    7800.11, -120.4,     0.979, 3,    7800.11,  119.6,     0.979
"SCN_CN15_9014_CEI109", 13.8, 1,    7800.12,   -0.4,     0.979, 2,     7800.1, -120.4,     0.979, 3,     7800.1,  119.6,     0.979
"SCN_CN15_9013_CEI109", 13.8, 1,    7800.11,   -0.4,     0.979, 2,    7800.09, -120.4,     0.979, 3,    7800.09,  119.6,     0.979
"SCN_CN15_9012_CEI109", 13.8, 1,     7800.1,   -0.4,     0.979, 2,    7800.08, -120.4,     0.979, 3,    7800.08,  119.6,     0.979
"SCN_CN15_9008_CEI109", 13.8, 1,     7800.1,   -0.4,     0.979, 2,    7800.08, -120.4,   0.97899, 3,    7800.08,  119.6,   0.97899
"SCN_CN15_9009_CEI109", 13.8, 1,    7800.09,   -0.4,     0.979, 2,    7800.07, -120.4,   0.97899, 3,    7800.07,  119.6,   0.97899
"SCN_CN15_9010_CEI109", 13.8, 1,    7800.09,   -0.4,     0.979, 2,    7800.07, -120.4,   0.97899, 3,    7800.07,  119.6,   0.97899
"SCN_CN15_9011_CEI109", 13.8, 1,    7800.09,   -0.4,     0.979, 2,    7800.07, -120.4,   0.97899, 3,    7800.07,  119.6,   0.97899
"SCN_CN15_9547_CEI109", 13.8, 1,    7799.71,   -0.4,   0.97895, 2,    7799.68, -120.4,   0.97895, 3,    7799.68,  119.6,   0.97895
"SCN_CN15_9007_CEI109", 13.8, 1,    7800.09,   -0.4,     0.979, 2,    7800.07, -120.4,   0.97899, 3,    7800.07,  119.6,   0.97899
"SCN_CN15_9006_CEI109", 13.8, 1,    7800.09,   -0.4,     0.979, 2,    7800.07, -120.4,   0.97899, 3,    7800.07,  119.6,   0.97899
"SCN_CN15_9005_CEI109", 13.8, 1,    7800.09,   -0.4,     0.979, 2,    7800.07, -120.4,   0.97899, 3,    7800.07,  119.6,   0.97899
"SCN_CN15_9004_CEI109", 13.8, 1,    7800.09,   -0.4,     0.979, 2,    7800.07, -120.4,   0.97899, 3,    7800.07,  119.6,   0.97899
"SCN_CN15_9002_CEI109", 13.8, 1,    7810.68,   -0.3,   0.98033, 2,    7810.66, -120.3,   0.98032, 3,    7810.66,  119.7,   0.98032
"SCN_CN15_9003_CEI109", 13.8, 1,    7810.68,   -0.3,   0.98033, 2,    7810.66, -120.3,   0.98032, 3,    7810.66,  119.7,   0.98032
"SCN_CN15_9001_CEI109", 13.8, 1,    7810.68,   -0.3,   0.98033, 2,    7810.66, -120.3,   0.98032, 3,    7810.66,  119.7,   0.98032
"SCN_CN15_9122_CEI201_ATV", 13.8, 1,    7810.68,   -0.3,   0.98033, 2,    7810.66, -120.3,   0.98032, 3,    7810.66,  119.7,   0.98032
"SCN_CN15_9241_CEI109", 13.8, 1,    7793.56,   -0.4,   0.97818, 2,    7793.53, -120.4,   0.97817, 3,    7793.53,  119.6,   0.97817
"SCN_CN15_9204_CEI109", 13.8, 1,    7793.56,   -0.4,   0.97818, 2,    7793.53, -120.4,   0.97817, 3,    7793.53,  119.6,   0.97817
"SCN_CN15_9242_CEI109", 13.8, 1,    7793.56,   -0.4,   0.97818, 2,    7793.53, -120.4,   0.97817, 3,    7793.53,  119.6,   0.97817
"SCN_CN15_9243_CEI109", 13.8, 1,    7793.55,   -0.4,   0.97818, 2,    7793.53, -120.4,   0.97817, 3,    7793.53,  119.6,   0.97817
"SCN_CN15_9244_CEI109", 13.8, 1,    7793.55,   -0.4,   0.97818, 2,    7793.53, -120.4,   0.97817, 3,    7793.53,  119.6,   0.97817
"SCN_CN15_9245_CEI109", 13.8, 1,    7793.55,   -0.4,   0.97818, 2,    7793.53, -120.4,   0.97817, 3,    7793.53,  119.6,   0.97817
"SCN_CN15_9190_CEI109", 13.8, 1,    7793.46,   -0.4,   0.97816, 2,    7793.44, -120.4,   0.97816, 3,    7793.44,  119.6,   0.97816
"SCN_CN15_9191_CEI109", 13.8, 1,    7793.46,   -0.4,   0.97816, 2,    7793.44, -120.4,   0.97816, 3,    7793.44,  119.6,   0.97816
"SCN_CN15_9166_CEI109", 13.8, 1,    7793.46,   -0.4,   0.97816, 2,    7793.44, -120.4,   0.97816, 3,    7793.44,  119.6,   0.97816
"SCN_CN15_9167_CEI109", 13.8, 1,    7793.46,   -0.4,   0.97816, 2,    7793.44, -120.4,   0.97816, 3,    7793.44,  119.6,   0.97816
"SCN_CN15_9168_CEI109", 13.8, 1,    7793.46,   -0.4,   0.97816, 2,    7793.43, -120.4,   0.97816, 3,    7793.43,  119.6,   0.97816
"SCN_CN15_9169_CEI109", 13.8, 1,    7793.46,   -0.4,   0.97816, 2,    7793.43, -120.4,   0.97816, 3,    7793.43,  119.6,   0.97816
"SCN_CN15_9183_CEI109", 13.8, 1,    7793.46,   -0.4,   0.97816, 2,    7793.43, -120.4,   0.97816, 3,    7793.43,  119.6,   0.97816
"SCN_CN15_9330_CEI109", 13.8, 1,     7791.2,   -0.4,   0.97788, 2,    7791.18, -120.4,   0.97788, 3,    7791.18,  119.6,   0.97788
"SCN_CN15_9329_CEI109", 13.8, 1,    7791.24,   -0.4,   0.97789, 2,    7791.22, -120.4,   0.97788, 3,    7791.22,  119.6,   0.97788
"SCN_CN15_9328_CEI109", 13.8, 1,    7791.27,   -0.4,   0.97789, 2,    7791.25, -120.4,   0.97789, 3,    7791.25,  119.6,   0.97789
"SCN_CN15_9165_CEI068", 13.8, 1,    7825.19,   -0.3,   0.98215, 2,    7825.17, -120.3,   0.98214, 3,    7825.17,  119.7,   0.98214
"SCN_CN15_9166_CEI068", 13.8, 1,    7825.18,   -0.3,   0.98215, 2,    7825.17, -120.3,   0.98214, 3,    7825.17,  119.7,   0.98214
"SCN_CN15_9327_CEI109", 13.8, 1,    7791.33,   -0.4,    0.9779, 2,     7791.3, -120.4,   0.97789, 3,     7791.3,  119.6,   0.97789
"SCN_CN15_9399_CEI109", 13.8, 1,    7791.38,   -0.4,    0.9779, 2,    7791.35, -120.4,    0.9779, 3,    7791.35,  119.6,    0.9779
"SCN_CN15_9029_CEI160_ATV", 13.8, 1,    7791.37,   -0.4,    0.9779, 2,    7791.35, -120.4,    0.9779, 3,    7791.35,  119.6,    0.9779
"SCN_CN15_9057_CEI075", 13.8, 1,    7802.47,   -0.3,    0.9793, 2,    7802.44, -120.3,   0.97929, 3,    7802.44,  119.7,   0.97929
"SCN_CN15_9054_CEIRJ006_ATV", 13.8, 1,    7802.47,   -0.3,    0.9793, 2,    7802.44, -120.3,   0.97929, 3,    7802.44,  119.7,   0.97929
"SCN_CN15_9040_CEI77A_ATV", 13.8, 1,    7810.55,   -0.3,   0.98031, 2,    7810.53, -120.3,   0.98031, 3,    7810.54,  119.7,   0.98031
"SCN_CN15_9042_CEI77A_ATV", 13.8, 1,    7810.55,   -0.3,   0.98031, 2,    7810.53, -120.3,   0.98031, 3,    7810.53,  119.7,   0.98031
"SCN_CN15_9043_CEI77A_ATV", 13.8, 1,    7810.55,   -0.3,   0.98031, 2,    7810.53, -120.3,   0.98031, 3,    7810.53,  119.7,   0.98031
"SCN_CN15_9190_CEI77A_ATV", 13.8, 1,    7810.51,   -0.3,    0.9803, 2,    7810.49, -120.3,    0.9803, 3,    7810.49,  119.7,    0.9803
"SCN_CN15_9194_CEI77A_ATV", 13.8, 1,     7810.5,   -0.3,    0.9803, 2,    7810.48, -120.3,    0.9803, 3,    7810.49,  119.7,    0.9803
"SCN_CN15_9195_CEI77A_ATV", 13.8, 1,    7810.49,   -0.3,    0.9803, 2,    7810.47, -120.3,    0.9803, 3,    7810.48,  119.7,    0.9803
"SCN_CN15_9196_CEI77A_ATV", 13.8, 1,    7810.48,   -0.3,    0.9803, 2,    7810.46, -120.3,    0.9803, 3,    7810.47,  119.7,    0.9803
"SCN_CN15_9197_CEI77A_ATV", 13.8, 1,    7810.47,   -0.3,    0.9803, 2,    7810.45, -120.3,    0.9803, 3,    7810.46,  119.7,    0.9803
"SCN_CN15_9198_CEI77A_ATV", 13.8, 1,    7810.47,   -0.3,    0.9803, 2,    7810.45, -120.3,    0.9803, 3,    7810.45,  119.7,    0.9803
"SCN_CN15_9199_CEI77A_ATV", 13.8, 1,    7810.47,   -0.3,    0.9803, 2,    7810.45, -120.3,    0.9803, 3,    7810.45,  119.7,    0.9803
"SCN_CN15_9200_CEI77A_ATV", 13.8, 1,    7810.68,   -0.3,   0.98033, 2,    7810.66, -120.3,   0.98032, 3,    7810.66,  119.7,   0.98032
"SCN_CN15_9201_CEI77A_ATV", 13.8, 1,    7810.68,   -0.3,   0.98033, 2,    7810.66, -120.3,   0.98032, 3,    7810.66,  119.7,   0.98032
"SCN_CN15_9039_CEI076", 13.8, 1,    7834.23,   -0.3,   0.98328, 2,    7834.21, -120.3,   0.98328, 3,    7834.21,  119.7,   0.98328
"SCN_CN15_9041_CEI076", 13.8, 1,    7834.23,   -0.3,   0.98328, 2,    7834.21, -120.3,   0.98328, 3,    7834.21,  119.7,   0.98328
"SCN_CN15_9042_CEI076", 13.8, 1,    7834.23,   -0.3,   0.98328, 2,    7834.21, -120.3,   0.98328, 3,    7834.21,  119.7,   0.98328
"SCN_CN15_9044_CEI076", 13.8, 1,    7834.23,   -0.3,   0.98328, 2,    7834.21, -120.3,   0.98328, 3,    7834.21,  119.7,   0.98328
"SCN_CN15_9045_CEI076", 13.8, 1,    7834.23,   -0.3,   0.98328, 2,    7834.21, -120.3,   0.98328, 3,    7834.21,  119.7,   0.98328
"SCN_CN15_9057_CEI068", 13.8, 1,    7885.92,   -0.2,   0.98977, 2,    7885.91, -120.2,   0.98977, 3,    7885.91,  119.8,   0.98977
"SCN_CN15_9058_CEI068", 13.8, 1,    7885.92,   -0.2,   0.98977, 2,    7885.91, -120.2,   0.98977, 3,    7885.91,  119.8,   0.98977
"SCN_CN15_9236_CEI068", 13.8, 1,    7885.92,   -0.2,   0.98977, 2,    7885.91, -120.2,   0.98977, 3,    7885.91,  119.8,   0.98977
"SCN_CN15_9240_CEI068", 13.8, 1,    7885.92,   -0.2,   0.98977, 2,    7885.91, -120.2,   0.98977, 3,    7885.91,  119.8,   0.98977
"SCN_CN15_9063_CEI072", 13.8, 1,    7818.69,   -0.3,   0.98133, 2,    7818.67, -120.3,   0.98133, 3,    7818.67,  119.7,   0.98133
"SCN_CN15_CEI_FL_MT_37442", 13.8, 1,     7818.7,   -0.3,   0.98133, 2,    7818.68, -120.3,   0.98133, 3,    7818.68,  119.7,   0.98133
"SCN_CN15_9088_CEI072", 13.8, 1,     7818.7,   -0.3,   0.98133, 2,    7818.68, -120.3,   0.98133, 3,    7818.68,  119.7,   0.98133
"SCN_CN15_9089_CEI072", 13.8, 1,    7818.58,   -0.3,   0.98132, 2,    7818.56, -120.3,   0.98132, 3,    7818.57,  119.7,   0.98132
"SCN_CN15_9062_CEI072", 13.8, 1,    7818.84,   -0.3,   0.98135, 2,    7818.82, -120.3,   0.98135, 3,    7818.83,  119.7,   0.98135
"SCN_CN15_9061_CEI071", 13.8, 1,    7823.82,   -0.3,   0.98197, 2,     7823.8, -120.3,   0.98197, 3,     7823.8,  119.7,   0.98197
"SCN_CN15_9072_CEI071", 13.8, 1,    7823.82,   -0.3,   0.98197, 2,     7823.8, -120.3,   0.98197, 3,     7823.8,  119.7,   0.98197
"SCN_CN15_9073_CEI071", 13.8, 1,    7823.81,   -0.3,   0.98197, 2,    7823.79, -120.3,   0.98197, 3,     7823.8,  119.7,   0.98197
"SCN_CN15_9075_CEI071", 13.8, 1,    7823.81,   -0.3,   0.98197, 2,    7823.79, -120.3,   0.98197, 3,    7823.79,  119.7,   0.98197
"SCN_CN15_9078_CEI071", 13.8, 1,    7823.81,   -0.3,   0.98197, 2,    7823.79, -120.3,   0.98197, 3,    7823.79,  119.7,   0.98197
"SCN_CN15_9079_CEI071", 13.8, 1,     7823.8,   -0.3,   0.98197, 2,    7823.79, -120.3,   0.98197, 3,    7823.79,  119.7,   0.98197
"SCN_CN15_9080_CEI071", 13.8, 1,     7823.8,   -0.3,   0.98197, 2,    7823.78, -120.3,   0.98197, 3,    7823.79,  119.7,   0.98197
"SCN_CN15_9081_CEI071", 13.8, 1,     7823.8,   -0.3,   0.98197, 2,    7823.78, -120.3,   0.98197, 3,    7823.78,  119.7,   0.98197
"SCN_CN15_9082_CEI071", 13.8, 1,     7823.8,   -0.3,   0.98197, 2,    7823.78, -120.3,   0.98197, 3,    7823.78,  119.7,   0.98197
"SCN_CN15_9083_CEI071", 13.8, 1,    7823.79,   -0.3,   0.98197, 2,    7823.78, -120.3,   0.98197, 3,    7823.78,  119.7,   0.98197
"SCN_CN15_9084_CEI071", 13.8, 1,    7823.79,   -0.3,   0.98197, 2,    7823.77, -120.3,   0.98197, 3,    7823.78,  119.7,   0.98197
"SCN_CN15_9145_CEI220_ATV", 13.8, 1,     7802.7,   -0.4,   0.97932, 2,    7802.68, -120.4,   0.97932, 3,    7802.68,  119.6,   0.97932
"SCN_CN15_9146_CEI220_ATV", 13.8, 1,    7802.69,   -0.4,   0.97932, 2,    7802.67, -120.4,   0.97932, 3,    7802.67,  119.6,   0.97932
"SCN_CN15_9004_CEI220_ATV", 13.8, 1,    7810.67,   -0.3,   0.98032, 2,    7810.64, -120.3,   0.98032, 3,    7810.64,  119.7,   0.98032
"SCN_CN15_9005_CEI220_ATV", 13.8, 1,    7810.66,   -0.3,   0.98032, 2,    7810.64, -120.3,   0.98032, 3,    7810.64,  119.7,   0.98032
"SCN_CN15_9088_CEI201_ATV", 13.8, 1,    7809.99,   -0.3,   0.98024, 2,    7809.96, -120.3,   0.98024, 3,    7809.96,  119.7,   0.98024
"SCN_CN15_9089_CEI201_ATV", 13.8, 1,    7809.99,   -0.3,   0.98024, 2,    7809.96, -120.3,   0.98024, 3,    7809.97,  119.7,   0.98024
"SCN_CN15_9016_CEIRJ003", 13.8, 1,    7810.04,   -0.3,   0.98025, 2,    7810.02, -120.3,   0.98024, 3,    7810.02,  119.7,   0.98024
"SCN_CN15_9089_CEI201_ATV_S", 13.8, 1,    7809.99,   -0.3,   0.98024, 2,    7809.96, -120.3,   0.98024, 3,    7809.97,  119.7,   0.98024
"SCN_CN15_9123_CEI69B", 13.8, 1,    7809.91,   -0.3,   0.98023, 2,    7809.88, -120.3,   0.98023, 3,    7809.88,  119.7,   0.98023
"SCN_CN15_9121_CEI69B", 13.8, 1,    7809.73,   -0.3,   0.98021, 2,    7809.71, -120.3,    0.9802, 3,    7809.71,  119.7,    0.9802
"SCN_CN15_9119_CEI69B", 13.8, 1,    7809.52,   -0.3,   0.98018, 2,     7809.5, -120.3,   0.98018, 3,     7809.5,  119.7,   0.98018
"SCN_CN15_9276_CEI109", 13.8, 1,    7796.71,   -0.4,   0.97857, 2,    7796.69, -120.4,   0.97857, 3,    7796.69,  119.6,   0.97857
"SCN_CN15_9277_CEI109", 13.8, 1,    7796.54,   -0.4,   0.97855, 2,    7796.52, -120.4,   0.97855, 3,    7796.52,  119.6,   0.97855
"SCN_CN15_9118_CEI69B", 13.8, 1,    7809.33,   -0.3,   0.98016, 2,     7809.3, -120.3,   0.98015, 3,     7809.3,  119.7,   0.98015
"SCN_CN15_9114_CEI230_ATV", 13.8, 1,    7808.83,   -0.3,   0.98009, 2,    7808.81, -120.3,   0.98009, 3,    7808.81,  119.7,   0.98009
"SCN_CN15_9113_CEI230_ATV", 13.8, 1,    7808.47,   -0.3,   0.98005, 2,    7808.45, -120.3,   0.98005, 3,    7808.45,  119.7,   0.98005
"SCN_CN15_9112_CEI230_ATV", 13.8, 1,    7807.79,   -0.3,   0.97996, 2,    7807.77, -120.3,   0.97996, 3,    7807.77,  119.7,   0.97996
"SCN_CN15_9111_CEI230_ATV_S", 13.8, 1,    7807.73,   -0.3,   0.97996, 2,    7807.71, -120.3,   0.97995, 3,    7807.71,  119.7,   0.97995
"SCN_CN15_9110_CEI230_ATV", 13.8, 1,    7807.73,   -0.3,   0.97996, 2,    7807.71, -120.3,   0.97995, 3,    7807.71,  119.7,   0.97995
"SCN_CN15_9111_CEI230_ATV", 13.8, 1,    7807.73,   -0.3,   0.97996, 2,    7807.71, -120.3,   0.97995, 3,    7807.71,  119.7,   0.97995
"SCN_CN15_9109_CEI230_ATV", 13.8, 1,    7807.73,   -0.3,   0.97996, 2,    7807.71, -120.3,   0.97995, 3,    7807.71,  119.7,   0.97995
"SCN_CN15_9108_CEI230_ATV", 13.8, 1,    7807.73,   -0.3,   0.97996, 2,     7807.7, -120.3,   0.97995, 3,     7807.7,  119.7,   0.97995
"SCN_CN15_9107_CEI230_ATV", 13.8, 1,    7807.73,   -0.3,   0.97995, 2,     7807.7, -120.3,   0.97995, 3,     7807.7,  119.7,   0.97995
"SCN_CN15_9106_CEI230_ATV", 13.8, 1,    7807.72,   -0.3,   0.97995, 2,     7807.7, -120.3,   0.97995, 3,     7807.7,  119.7,   0.97995
"SCN_CN15_9278_CEI109", 13.8, 1,    7796.39,   -0.4,   0.97853, 2,    7796.36, -120.4,   0.97853, 3,    7796.36,  119.6,   0.97853
"SCN_CN15_9104_CEI230_ATV", 13.8, 1,    7807.72,   -0.3,   0.97995, 2,     7807.7, -120.3,   0.97995, 3,     7807.7,  119.7,   0.97995
"SCN_CN15_9105_CEI230_ATV", 13.8, 1,    7807.72,   -0.3,   0.97995, 2,     7807.7, -120.3,   0.97995, 3,     7807.7,  119.7,   0.97995
"SCN_CN15_9103_CEI230_ATV", 13.8, 1,    7807.72,   -0.3,   0.97995, 2,     7807.7, -120.3,   0.97995, 3,     7807.7,  119.7,   0.97995
"SCN_CN15_9102_CEI230_ATV", 13.8, 1,    7807.72,   -0.3,   0.97995, 2,     7807.7, -120.3,   0.97995, 3,     7807.7,  119.7,   0.97995
"SCN_CN15_9100_CEI230_ATV", 13.8, 1,    7807.72,   -0.3,   0.97995, 2,     7807.7, -120.3,   0.97995, 3,     7807.7,  119.7,   0.97995
"SCN_CN15_9099_CEI230_ATV", 13.8, 1,    7807.72,   -0.3,   0.97995, 2,    7807.69, -120.3,   0.97995, 3,     7807.7,  119.7,   0.97995
"SCN_CN15_9098_CEI230_ATV", 13.8, 1,    7807.72,   -0.3,   0.97995, 2,    7807.69, -120.3,   0.97995, 3,    7807.69,  119.7,   0.97995
"SCN_CN15_9097_CEI230_ATV", 13.8, 1,    7807.72,   -0.3,   0.97995, 2,    7807.69, -120.3,   0.97995, 3,    7807.69,  119.7,   0.97995
"SCN_CN15_9096_CEI230_ATV", 13.8, 1,    7807.72,   -0.3,   0.97995, 2,    7807.69, -120.3,   0.97995, 3,    7807.69,  119.7,   0.97995
"SCN_CN15_9094_CEI230_ATV", 13.8, 1,    7807.71,   -0.3,   0.97995, 2,    7807.69, -120.3,   0.97995, 3,    7807.69,  119.7,   0.97995
"SCN_CN15_9281_CEI109", 13.8, 1,    7796.27,   -0.4,   0.97852, 2,    7796.25, -120.4,   0.97851, 3,    7796.25,  119.6,   0.97851
"SCN_CN15_9095_CEI230_ATV", 13.8, 1,    7807.71,   -0.3,   0.97995, 2,    7807.69, -120.3,   0.97995, 3,    7807.69,  119.7,   0.97995
"SCN_CN15_9120_CEI230_ATV", 13.8, 1,    7807.03,   -0.3,   0.97987, 2,    7807.01, -120.3,   0.97986, 3,    7807.01,  119.7,   0.97986
"SCN_CN15_9115_CEI230_ATV", 13.8, 1,    7807.02,   -0.3,   0.97987, 2,       7807, -120.3,   0.97986, 3,       7807,  119.7,   0.97986
"SCN_CN15_9119_CEI230_ATV", 13.8, 1,    7806.35,   -0.3,   0.97978, 2,    7806.33, -120.3,   0.97978, 3,    7806.33,  119.7,   0.97978
"SCN_CN15_9331_CEI109", 13.8, 1,    7791.15,   -0.4,   0.97787, 2,    7791.13, -120.4,   0.97787, 3,    7791.13,  119.6,   0.97787
"SCN_CN15_9332_CEI109", 13.8, 1,    7791.12,   -0.4,   0.97787, 2,     7791.1, -120.4,   0.97787, 3,     7791.1,  119.6,   0.97787
"SCN_CN15_9118_CEI230_ATV", 13.8, 1,    7805.68,   -0.3,    0.9797, 2,    7805.65, -120.3,   0.97969, 3,    7805.65,  119.7,   0.97969
"SCN_CN15_9117_CEI230_ATV", 13.8, 1,    7804.98,   -0.3,   0.97961, 2,    7804.95, -120.3,   0.97961, 3,    7804.96,  119.7,   0.97961
"SCN_CN15_9116_CEI230_ATV", 13.8, 1,    7804.32,   -0.3,   0.97953, 2,    7804.29, -120.3,   0.97952, 3,    7804.29,  119.7,   0.97952
"SCN_CN15_9014_CEIRJ003", 13.8, 1,    7803.68,   -0.3,   0.97945, 2,    7803.66, -120.3,   0.97944, 3,    7803.66,  119.7,   0.97944
"SCN_CN15_9002_CEI075", 13.8, 1,     7803.6,   -0.3,   0.97944, 2,    7803.58, -120.3,   0.97943, 3,    7803.58,  119.7,   0.97943
"SCN_CN15_9003_CEI075", 13.8, 1,    7803.52,   -0.3,   0.97943, 2,    7803.49, -120.3,   0.97942, 3,     7803.5,  119.7,   0.97942
"SCN_CN15_9282_CEI109", 13.8, 1,    7796.17,   -0.4,    0.9785, 2,    7796.14, -120.4,    0.9785, 3,    7796.14,  119.6,    0.9785
"SCN_CN15_9004_CEI075", 13.8, 1,    7803.43,   -0.3,   0.97942, 2,     7803.4, -120.3,   0.97941, 3,     7803.4,  119.7,   0.97941
"SCN_CN15_9052_CEIRJ006_ATV", 13.8, 1,    7803.52,   -0.3,   0.97943, 2,    7803.49, -120.3,   0.97942, 3,    7803.49,  119.7,   0.97942
"SCN_CN15_9005_CEI075", 13.8, 1,    7803.33,   -0.3,    0.9794, 2,    7803.31, -120.3,    0.9794, 3,    7803.31,  119.7,    0.9794
"SCN_CN15_9006_CEI075", 13.8, 1,    7803.21,   -0.3,   0.97939, 2,    7803.19, -120.3,   0.97939, 3,    7803.19,  119.7,   0.97939
"SCN_CN15_9007_CEI075", 13.8, 1,    7803.13,   -0.3,   0.97938, 2,     7803.1, -120.3,   0.97937, 3,     7803.1,  119.7,   0.97937
"SCN_CN15_9008_CEI075", 13.8, 1,    7803.01,   -0.3,   0.97936, 2,    7802.99, -120.3,   0.97936, 3,    7802.99,  119.7,   0.97936
"SCN_CN15_9009_CEI075", 13.8, 1,    7802.91,   -0.3,   0.97935, 2,    7802.88, -120.3,   0.97935, 3,    7802.88,  119.7,   0.97935
"SCN_CN15_9169_CEI230_ATV", 13.8, 1,     7802.9,   -0.3,   0.97935, 2,    7802.88, -120.3,   0.97935, 3,    7802.88,  119.7,   0.97935
"SCN_CN15_9010_CEI075", 13.8, 1,    7802.89,   -0.3,   0.97935, 2,    7802.87, -120.3,   0.97934, 3,    7802.87,  119.7,   0.97934
"SCN_CN15_9011_CEI075", 13.8, 1,    7802.87,   -0.3,   0.97935, 2,    7802.85, -120.3,   0.97934, 3,    7802.85,  119.7,   0.97934
"SCN_CN15_9012_CEI075", 13.8, 1,    7802.86,   -0.3,   0.97934, 2,    7802.83, -120.3,   0.97934, 3,    7802.83,  119.7,   0.97934
"SCN_CN15_9283_CEI109", 13.8, 1,       7796,   -0.4,   0.97848, 2,    7795.98, -120.4,   0.97848, 3,    7795.98,  119.6,   0.97848
"SCN_CN15_9013_CEI075", 13.8, 1,    7802.83,   -0.3,   0.97934, 2,    7802.81, -120.3,   0.97934, 3,    7802.81,  119.7,   0.97934
"SCN_CN15_9014_CEI075", 13.8, 1,    7802.81,   -0.3,   0.97934, 2,    7802.78, -120.3,   0.97933, 3,    7802.78,  119.7,   0.97933
"SCN_CN15_9015_CEI075", 13.8, 1,    7802.79,   -0.3,   0.97933, 2,    7802.76, -120.3,   0.97933, 3,    7802.76,  119.7,   0.97933
"SCN_CN15_9016_CEI075", 13.8, 1,    7802.76,   -0.3,   0.97933, 2,    7802.74, -120.3,   0.97933, 3,    7802.74,  119.7,   0.97933
"SCN_CN15_9017_CEI075", 13.8, 1,    7802.74,   -0.3,   0.97933, 2,    7802.72, -120.3,   0.97933, 3,    7802.72,  119.7,   0.97933
"SCN_CN15_9018_CEI075", 13.8, 1,    7802.72,   -0.3,   0.97933, 2,    7802.69, -120.3,   0.97932, 3,    7802.69,  119.7,   0.97932
"SCN_CN15_9019_CEI075", 13.8, 1,    7802.71,   -0.3,   0.97932, 2,    7802.68, -120.3,   0.97932, 3,    7802.68,  119.7,   0.97932
"SCN_CN15_9020_CEI075", 13.8, 1,    7802.69,   -0.3,   0.97932, 2,    7802.67, -120.3,   0.97932, 3,    7802.67,  119.7,   0.97932
"SCN_CN15_9022_CEI075", 13.8, 1,    7802.67,   -0.3,   0.97932, 2,    7802.65, -120.3,   0.97932, 3,    7802.65,  119.7,   0.97932
"SCN_CN15_9023_CEI075", 13.8, 1,    7802.66,   -0.3,   0.97932, 2,    7802.63, -120.3,   0.97932, 3,    7802.63,  119.7,   0.97932
"SCN_CN15_9284_CEI109", 13.8, 1,    7795.88,   -0.4,   0.97847, 2,    7795.86, -120.4,   0.97847, 3,    7795.86,  119.6,   0.97847
"SCN_CN15_9024_CEI075", 13.8, 1,    7802.63,   -0.3,   0.97932, 2,    7802.61, -120.3,   0.97931, 3,    7802.61,  119.7,   0.97931
"SCN_CN15_9025_CEI075", 13.8, 1,    7802.61,   -0.3,   0.97931, 2,    7802.59, -120.3,   0.97931, 3,    7802.59,  119.7,   0.97931
"SCN_CN15_9072_CEI230_ATV", 13.8, 1,    7802.61,   -0.3,   0.97931, 2,    7802.59, -120.3,   0.97931, 3,    7802.59,  119.7,   0.97931
"SCN_CN15_9028_CEI075", 13.8, 1,    7802.57,   -0.3,   0.97931, 2,    7802.54, -120.3,    0.9793, 3,    7802.54,  119.7,    0.9793
"SCN_CN15_9029_CEI075", 13.8, 1,    7802.56,   -0.3,   0.97931, 2,    7802.53, -120.3,    0.9793, 3,    7802.53,  119.7,    0.9793
"SCN_CN15_9027_CEI075", 13.8, 1,    7802.58,   -0.3,   0.97931, 2,    7802.55, -120.3,   0.97931, 3,    7802.55,  119.7,   0.97931
"SCN_CN15_9026_CEI075", 13.8, 1,     7802.6,   -0.3,   0.97931, 2,    7802.57, -120.3,   0.97931, 3,    7802.57,  119.7,   0.97931
"SCN_CN15_9030_CEI075", 13.8, 1,    7802.55,   -0.3,   0.97931, 2,    7802.53, -120.3,    0.9793, 3,    7802.53,  119.7,    0.9793
"SCN_CN15_9074_CEI230_ATV", 13.8, 1,    7802.54,   -0.3,    0.9793, 2,    7802.51, -120.3,    0.9793, 3,    7802.51,  119.7,    0.9793
"SCN_CN15_9075_CEI230_ATV", 13.8, 1,    7802.53,   -0.3,    0.9793, 2,    7802.51, -120.3,    0.9793, 3,    7802.51,  119.7,    0.9793
"SCN_CN15_9292_CEI109_S", 13.8, 1,    7795.69,   -0.4,   0.97844, 2,    7795.67, -120.4,   0.97844, 3,    7795.67,  119.6,   0.97844
"SCN_CN15_9076_CEI230_ATV_S", 13.8, 1,    7802.52,   -0.3,    0.9793, 2,     7802.5, -120.3,    0.9793, 3,     7802.5,  119.7,    0.9793
"SCN_CN15_9076_CEI230_ATV", 13.8, 1,    7802.52,   -0.3,    0.9793, 2,     7802.5, -120.3,    0.9793, 3,     7802.5,  119.7,    0.9793
"SCN_CN15_9079_CEI230_ATV", 13.8, 1,    7802.52,   -0.3,    0.9793, 2,    7802.49, -120.3,    0.9793, 3,    7802.49,  119.7,    0.9793
"SCN_CN15_9078_CEI230_ATV", 13.8, 1,    7802.51,   -0.3,    0.9793, 2,    7802.49, -120.3,    0.9793, 3,    7802.49,  119.7,    0.9793
"SCN_CN15_9077_CEI230_ATV", 13.8, 1,    7802.52,   -0.3,    0.9793, 2,    7802.49, -120.3,    0.9793, 3,    7802.49,  119.7,    0.9793
"SCN_CN15_9080_CEI230_ATV", 13.8, 1,    7802.51,   -0.3,    0.9793, 2,    7802.48, -120.3,    0.9793, 3,    7802.48,  119.7,    0.9793
"SCN_CN15_9081_CEI230_ATV", 13.8, 1,     7802.5,   -0.3,    0.9793, 2,    7802.48, -120.3,    0.9793, 3,    7802.48,  119.7,    0.9793
"SCN_CN15_9082_CEI230_ATV", 13.8, 1,     7802.5,   -0.3,    0.9793, 2,    7802.48, -120.3,    0.9793, 3,    7802.48,  119.7,    0.9793
"SCN_CN15_9084_CEI230_ATV", 13.8, 1,     7802.5,   -0.3,    0.9793, 2,    7802.47, -120.3,    0.9793, 3,    7802.47,  119.7,    0.9793
"SCN_CN15_9085_CEI230_ATV", 13.8, 1,    7802.49,   -0.3,    0.9793, 2,    7802.47, -120.3,    0.9793, 3,    7802.47,  119.7,    0.9793
"SCN_CN15_9086_CEI230_ATV", 13.8, 1,    7802.49,   -0.3,    0.9793, 2,    7802.47, -120.3,   0.97929, 3,    7802.47,  119.7,   0.97929
"SCN_CN15_9292_CEI109", 13.8, 1,    7795.69,   -0.4,   0.97844, 2,    7795.67, -120.4,   0.97844, 3,    7795.67,  119.6,   0.97844
"SCN_CN15_9423_CEI109", 13.8, 1,    7795.68,   -0.4,   0.97844, 2,    7795.66, -120.4,   0.97844, 3,    7795.66,  119.6,   0.97844
"SCN_CN15_9087_CEI230_ATV", 13.8, 1,    7802.49,   -0.3,    0.9793, 2,    7802.46, -120.3,   0.97929, 3,    7802.46,  119.7,   0.97929
"SCN_CN15_9083_CEI230_ATV", 13.8, 1,     7802.5,   -0.3,    0.9793, 2,    7802.47, -120.3,    0.9793, 3,    7802.47,  119.7,    0.9793
"SCN_CN15_9088_CEI230_ATV", 13.8, 1,     7802.5,   -0.3,    0.9793, 2,    7802.47, -120.3,    0.9793, 3,    7802.47,  119.7,    0.9793
"SCN_CN15_9090_CEI230_ATV", 13.8, 1,    7802.49,   -0.3,    0.9793, 2,    7802.47, -120.3,    0.9793, 3,    7802.47,  119.7,    0.9793
"SCN_CN15_9084_CEI148_ATV", 13.8, 1,    7789.82,   -0.4,   0.97771, 2,     7789.8, -120.4,   0.97771, 3,     7789.8,  119.6,   0.97771
"SCN_CN15_9083_CEI148_ATV", 13.8, 1,    7789.87,   -0.4,   0.97771, 2,    7789.85, -120.4,   0.97771, 3,    7789.85,  119.6,   0.97771
"SCN_CN15_9086_CEI148_ATV", 13.8, 1,    7789.79,   -0.4,    0.9777, 2,    7789.77, -120.4,    0.9777, 3,    7789.77,  119.6,    0.9777
"SCN_CN15_9100_CEI201_ATV", 13.8, 1,    7808.96,   -0.3,   0.98011, 2,    7808.93, -120.3,   0.98011, 3,    7808.93,  119.7,   0.98011
"SCN_CN15_9102_CEI201_ATV", 13.8, 1,    7808.96,   -0.3,   0.98011, 2,    7808.94, -120.3,   0.98011, 3,    7808.94,  119.7,   0.98011
"SCN_CN15_9087_CEI148_ATV", 13.8, 1,    7789.72,   -0.4,   0.97769, 2,    7789.69, -120.4,   0.97769, 3,    7789.69,  119.6,   0.97769
"SCN_CN15_9088_CEI148_ATV", 13.8, 1,    7789.71,   -0.4,   0.97769, 2,    7789.69, -120.4,   0.97769, 3,    7789.69,  119.6,   0.97769
"SCN_CN15_9090_CEI148_ATV", 13.8, 1,    7789.71,   -0.4,   0.97769, 2,    7789.68, -120.4,   0.97769, 3,    7789.68,  119.6,   0.97769
"SCN_CN15_9424_CEI109", 13.8, 1,    7795.67,   -0.4,   0.97844, 2,    7795.65, -120.4,   0.97844, 3,    7795.65,  119.6,   0.97844
"SCN_CN15_9034_CEI148A_ATV", 13.8, 1,    7789.67,   -0.4,   0.97769, 2,    7789.64, -120.4,   0.97769, 3,    7789.64,  119.6,   0.97769
"SCN_CN15_9033_CEI148A_ATV", 13.8, 1,    7789.62,   -0.4,   0.97768, 2,     7789.6, -120.4,   0.97768, 3,     7789.6,  119.6,   0.97768
"SCN_CN15_9035_CEI148A_ATV", 13.8, 1,    7789.62,   -0.4,   0.97768, 2,     7789.6, -120.4,   0.97768, 3,     7789.6,  119.6,   0.97768
"SCN_CN15_9031_CEI148A_ATV", 13.8, 1,    7789.58,   -0.4,   0.97768, 2,    7789.56, -120.4,   0.97767, 3,    7789.56,  119.6,   0.97767
"SCN_CN15_9030_CEI148A_ATV", 13.8, 1,    7789.54,   -0.4,   0.97767, 2,    7789.51, -120.4,   0.97767, 3,    7789.51,  119.6,   0.97767
"SCN_CN15_9029_CEI148A_ATV_S", 13.8, 1,    7789.53,   -0.4,   0.97767, 2,    7789.51, -120.4,   0.97767, 3,    7789.51,  119.6,   0.97767
"SCN_CN15_9028_CEI148A_ATV", 13.8, 1,    7789.53,   -0.4,   0.97767, 2,    7789.51, -120.4,   0.97767, 3,    7789.51,  119.6,   0.97767
"SCN_CN15_9029_CEI148A_ATV", 13.8, 1,    7789.53,   -0.4,   0.97767, 2,    7789.51, -120.4,   0.97767, 3,    7789.51,  119.6,   0.97767
"SCN_CN15_9032_CEI148A_ATV", 13.8, 1,    7789.53,   -0.4,   0.97767, 2,    7789.51, -120.4,   0.97767, 3,    7789.51,  119.6,   0.97767
"SCN_CN15_9078_CEI201_ATV", 13.8, 1,    7789.53,   -0.4,   0.97767, 2,    7789.51, -120.4,   0.97767, 3,    7789.51,  119.6,   0.97767
"SCN_CN15_9075_CEI201_ATV", 13.8, 1,    7789.53,   -0.4,   0.97767, 2,     7789.5, -120.4,   0.97767, 3,     7789.5,  119.6,   0.97767
"SCN_CN15_9425_CEI109", 13.8, 1,    7795.67,   -0.4,   0.97844, 2,    7795.64, -120.4,   0.97844, 3,    7795.64,  119.6,   0.97844
"SCN_CN15_9025_CEI148A_ATV", 13.8, 1,     7789.5,   -0.4,   0.97767, 2,    7789.47, -120.4,   0.97766, 3,    7789.47,  119.6,   0.97766
"SCN_CN15_9023_CEI148A_ATV_S", 13.8, 1,    7789.42,   -0.4,   0.97766, 2,     7789.4, -120.4,   0.97765, 3,     7789.4,  119.6,   0.97765
"SCN_CN15_9028_CEI69A", 13.8, 1,    7789.42,   -0.4,   0.97766, 2,    7789.39, -120.4,   0.97765, 3,    7789.39,  119.6,   0.97765
"SCN_CN15_9023_CEI148A_ATV", 13.8, 1,    7789.42,   -0.4,   0.97766, 2,     7789.4, -120.4,   0.97765, 3,     7789.4,  119.6,   0.97765
"SCN_CN15_9022_CEI148A_ATV", 13.8, 1,    7789.41,   -0.4,   0.97766, 2,    7789.39, -120.4,   0.97765, 3,    7789.39,  119.6,   0.97765
"SCN_CN15_9021_CEI148A_ATV", 13.8, 1,    7789.41,   -0.4,   0.97766, 2,    7789.39, -120.4,   0.97765, 3,    7789.39,  119.6,   0.97765
"SCN_CN15_9020_CEI148A_ATV_S", 13.8, 1,    7789.41,   -0.4,   0.97766, 2,    7789.39, -120.4,   0.97765, 3,    7789.39,  119.6,   0.97765
"SCN_CN15_9020_CEI148A_ATV", 13.8, 1,    7789.41,   -0.4,   0.97766, 2,    7789.39, -120.4,   0.97765, 3,    7789.39,  119.6,   0.97765
"SCN_CN15_9019_CEI148A_ATV", 13.8, 1,    7789.41,   -0.4,   0.97766, 2,    7789.38, -120.4,   0.97765, 3,    7789.38,  119.6,   0.97765
"SCN_CN15_9001_CEI148A_ATV", 13.8, 1,    7789.19,   -0.4,   0.97763, 2,    7789.17, -120.4,   0.97763, 3,    7789.17,  119.6,   0.97763
"SCN_CN15_9002_CEI148A_ATV", 13.8, 1,    7789.19,   -0.4,   0.97763, 2,    7789.17, -120.4,   0.97763, 3,    7789.17,  119.6,   0.97763
"SCN_CN15_9003_CEI148A_ATV", 13.8, 1,    7789.19,   -0.4,   0.97763, 2,    7789.17, -120.4,   0.97763, 3,    7789.17,  119.6,   0.97763
"SCN_CN15_9005_CEI148A_ATV", 13.8, 1,     7789.2,   -0.4,   0.97763, 2,    7789.17, -120.4,   0.97763, 3,    7789.17,  119.6,   0.97763
"SCN_CN15_9426_CEI109", 13.8, 1,    7795.66,   -0.4,   0.97844, 2,    7795.64, -120.4,   0.97844, 3,    7795.64,  119.6,   0.97844
"SCN_CN15_9004_CEI148A_ATV", 13.8, 1,     7789.2,   -0.4,   0.97763, 2,    7789.17, -120.4,   0.97763, 3,    7789.18,  119.6,   0.97763
"SCN_CN15_9143_CEI220_ATV", 13.8, 1,    7802.71,   -0.4,   0.97933, 2,    7802.69, -120.4,   0.97932, 3,    7802.69,  119.6,   0.97932
"SCN_CN15_9144_CEI220_ATV", 13.8, 1,    7802.71,   -0.4,   0.97933, 2,    7802.69, -120.4,   0.97932, 3,    7802.69,  119.6,   0.97932
"SCN_CN15_9006_CEI148A_ATV", 13.8, 1,     7789.2,   -0.4,   0.97763, 2,    7789.18, -120.4,   0.97763, 3,    7789.18,  119.6,   0.97763
"SCN_CN15_9007_CEI148A_ATV", 13.8, 1,    7789.21,   -0.4,   0.97763, 2,    7789.18, -120.4,   0.97763, 3,    7789.18,  119.6,   0.97763
"SCN_CN15_9008_CEI148A_ATV", 13.8, 1,    7789.21,   -0.4,   0.97763, 2,    7789.19, -120.4,   0.97763, 3,    7789.19,  119.6,   0.97763
"SCN_CN15_9010_CEI148A_ATV", 13.8, 1,    7789.23,   -0.4,   0.97763, 2,     7789.2, -120.4,   0.97763, 3,     7789.2,  119.6,   0.97763
"SCN_CN15_9009_CEI148A_ATV", 13.8, 1,    7789.21,   -0.4,   0.97763, 2,    7789.19, -120.4,   0.97763, 3,    7789.19,  119.6,   0.97763
"SCN_CN15_9011_CEI148A_ATV", 13.8, 1,    7789.23,   -0.4,   0.97763, 2,    7789.21, -120.4,   0.97763, 3,    7789.21,  119.6,   0.97763
"SCN_CN15_9012_CEI148A_ATV", 13.8, 1,    7789.24,   -0.4,   0.97763, 2,    7789.22, -120.4,   0.97763, 3,    7789.22,  119.6,   0.97763
"SCN_CN15_9013_CEI148A_ATV", 13.8, 1,    7789.25,   -0.4,   0.97764, 2,    7789.23, -120.4,   0.97763, 3,    7789.23,  119.6,   0.97763
"SCN_CN15_9014_CEI148A_ATV", 13.8, 1,    7789.27,   -0.4,   0.97764, 2,    7789.25, -120.4,   0.97764, 3,    7789.25,  119.6,   0.97764
"SCN_CN15_9015_CEI148A_ATV", 13.8, 1,    7789.28,   -0.4,   0.97764, 2,    7789.26, -120.4,   0.97764, 3,    7789.26,  119.6,   0.97764
"SCN_CN15_9427_CEI109", 13.8, 1,    7795.65,   -0.4,   0.97844, 2,    7795.63, -120.4,   0.97844, 3,    7795.63,  119.6,   0.97844
"SCN_CN15_9016_CEI148A_ATV", 13.8, 1,     7789.3,   -0.4,   0.97764, 2,    7789.28, -120.4,   0.97764, 3,    7789.28,  119.6,   0.97764
"SCN_CN15_9017_CEI148A_ATV", 13.8, 1,    7789.31,   -0.4,   0.97764, 2,    7789.28, -120.4,   0.97764, 3,    7789.29,  119.6,   0.97764
"SCN_CN15_9018_CEI148A_ATV", 13.8, 1,    7789.32,   -0.4,   0.97764, 2,    7789.29, -120.4,   0.97764, 3,    7789.29,  119.6,   0.97764
"SCN_CN15_9020_CEI69A", 13.8, 1,    7789.34,   -0.4,   0.97765, 2,    7789.32, -120.4,   0.97764, 3,    7789.32,  119.6,   0.97764
"SCN_CN15_9018_CEI148A_ATV_S", 13.8, 1,    7789.32,   -0.4,   0.97764, 2,    7789.29, -120.4,   0.97764, 3,    7789.29,  119.6,   0.97764
"SCN_CN15_9019_CEI69A", 13.8, 1,    7789.33,   -0.4,   0.97765, 2,    7789.31, -120.4,   0.97764, 3,    7789.31,  119.6,   0.97764
"SCN_CN15_9018_CEI69A", 13.8, 1,    7789.33,   -0.4,   0.97765, 2,     7789.3, -120.4,   0.97764, 3,     7789.3,  119.6,   0.97764
"SCN_CN15_9017_CEI69A", 13.8, 1,    7789.32,   -0.4,   0.97764, 2,     7789.3, -120.4,   0.97764, 3,     7789.3,  119.6,   0.97764
"SCN_CN15_9016_CEI69A", 13.8, 1,    7789.32,   -0.4,   0.97764, 2,     7789.3, -120.4,   0.97764, 3,     7789.3,  119.6,   0.97764
"SCN_CN15_9015_CEI69A", 13.8, 1,    7789.32,   -0.4,   0.97764, 2,     7789.3, -120.4,   0.97764, 3,     7789.3,  119.6,   0.97764
"SCN_CN15_9428_CEI109", 13.8, 1,    7795.64,   -0.4,   0.97844, 2,    7795.62, -120.4,   0.97844, 3,    7795.62,  119.6,   0.97844
"SCN_CN15_9012_CEI69A_S", 13.8, 1,    7789.32,   -0.4,   0.97764, 2,    7789.29, -120.4,   0.97764, 3,    7789.29,  119.6,   0.97764
"SCN_CN15_9012_CEI69A", 13.8, 1,    7789.32,   -0.4,   0.97764, 2,    7789.29, -120.4,   0.97764, 3,    7789.29,  119.6,   0.97764
"SCN_CN15_9013_CEI69A", 13.8, 1,    7789.32,   -0.4,   0.97764, 2,    7789.29, -120.4,   0.97764, 3,    7789.29,  119.6,   0.97764
"SCN_CN15_9014_CEI69A", 13.8, 1,    7789.31,   -0.4,   0.97764, 2,    7789.29, -120.4,   0.97764, 3,    7789.29,  119.6,   0.97764
"SCN_CN15_9011_CEI69A", 13.8, 1,    7789.32,   -0.4,   0.97764, 2,    7789.29, -120.4,   0.97764, 3,    7789.29,  119.6,   0.97764
"SCN_CN15_9073_CEIRJ006_ATV", 13.8, 1,     7789.7,   -0.4,   0.97769, 2,    7789.68, -120.4,   0.97769, 3,    7789.68,  119.6,   0.97769
"SCN_CN15_9091_CEI148_ATV", 13.8, 1,     7789.7,   -0.4,   0.97769, 2,    7789.68, -120.4,   0.97769, 3,    7789.68,  119.6,   0.97769
"SCN_CN15_9092_CEI148_ATV", 13.8, 1,     7789.7,   -0.4,   0.97769, 2,    7789.68, -120.4,   0.97769, 3,    7789.68,  119.6,   0.97769
"SCN_CN15_9089_CEI148_ATV", 13.8, 1,     7789.7,   -0.4,   0.97769, 2,    7789.68, -120.4,   0.97769, 3,    7789.68,  119.6,   0.97769
"SCN_CN15_9042_CEI69A", 13.8, 1,    7789.71,   -0.4,   0.97769, 2,    7789.68, -120.4,   0.97769, 3,    7789.69,  119.6,   0.97769
"SCN_CN15_9100_CEI072", 13.8, 1,    7817.45,   -0.3,   0.98118, 2,    7817.43, -120.3,   0.98117, 3,    7817.43,  119.7,   0.98117
"SCN_CN15_9101_CEI072", 13.8, 1,    7817.44,   -0.3,   0.98117, 2,    7817.42, -120.3,   0.98117, 3,    7817.43,  119.7,   0.98117
"SCN_CN15_9102_CEI072", 13.8, 1,    7817.44,   -0.3,   0.98117, 2,    7817.42, -120.3,   0.98117, 3,    7817.42,  119.7,   0.98117
"SCN_CN15_9103_CEI072", 13.8, 1,    7817.43,   -0.3,   0.98117, 2,    7817.41, -120.3,   0.98117, 3,    7817.42,  119.7,   0.98117
"SCN_CN15_9104_CEI072", 13.8, 1,    7817.43,   -0.3,   0.98117, 2,    7817.41, -120.3,   0.98117, 3,    7817.41,  119.7,   0.98117
"SCN_CN15_9105_CEI072", 13.8, 1,    7817.42,   -0.3,   0.98117, 2,     7817.4, -120.3,   0.98117, 3,     7817.4,  119.7,   0.98117
"SCN_CN15_9491_CEI109", 13.8, 1,    7791.21,   -0.4,   0.97788, 2,    7791.19, -120.4,   0.97788, 3,    7791.19,  119.6,   0.97788
"SCN_CN15_9492_CEI109", 13.8, 1,    7791.21,   -0.4,   0.97788, 2,    7791.18, -120.4,   0.97788, 3,    7791.18,  119.6,   0.97788
"SCN_CN15_9106_CEI072", 13.8, 1,    7817.41,   -0.3,   0.98117, 2,    7817.39, -120.3,   0.98117, 3,     7817.4,  119.7,   0.98117
"SCN_CN15_9107_CEI072", 13.8, 1,     7817.4,   -0.3,   0.98117, 2,    7817.38, -120.3,   0.98117, 3,    7817.39,  119.7,   0.98117
"SCN_CN15_9108_CEI072", 13.8, 1,    7817.39,   -0.3,   0.98117, 2,    7817.37, -120.3,   0.98117, 3,    7817.38,  119.7,   0.98117
"SCN_CN15_9109_CEI072", 13.8, 1,    7817.39,   -0.3,   0.98117, 2,    7817.37, -120.3,   0.98117, 3,    7817.37,  119.7,   0.98117
"SCN_CN15_9110_CEI072", 13.8, 1,    7817.38,   -0.3,   0.98117, 2,    7817.36, -120.3,   0.98116, 3,    7817.37,  119.7,   0.98116
"SCN_CN15_9111_CEI072", 13.8, 1,    7817.38,   -0.3,   0.98117, 2,    7817.36, -120.3,   0.98116, 3,    7817.36,  119.7,   0.98116
"SCN_CN15_9112_CEI072", 13.8, 1,    7817.37,   -0.3,   0.98117, 2,    7817.35, -120.3,   0.98116, 3,    7817.35,  119.7,   0.98116
"SCN_CN15_9113_CEI072", 13.8, 1,    7817.36,   -0.3,   0.98116, 2,    7817.34, -120.3,   0.98116, 3,    7817.35,  119.7,   0.98116
"SCN_CN15_9114_CEI072", 13.8, 1,    7817.36,   -0.3,   0.98116, 2,    7817.34, -120.3,   0.98116, 3,    7817.34,  119.7,   0.98116
"SCN_CN15_9005_CEI077_ATV", 13.8, 1,    7815.15,   -0.3,   0.98089, 2,    7815.13, -120.3,   0.98088, 3,    7815.13,  119.7,   0.98088
"SCN_CN15_9008_CEI077_ATV", 13.8, 1,    7815.12,   -0.3,   0.98088, 2,     7815.1, -120.3,   0.98088, 3,     7815.1,  119.7,   0.98088
"SCN_CN15_9493_CEI109", 13.8, 1,     7791.2,   -0.4,   0.97788, 2,    7791.18, -120.4,   0.97788, 3,    7791.18,  119.6,   0.97788
"SCN_CN15_9009_CEI077_ATV", 13.8, 1,    7815.08,   -0.3,   0.98088, 2,    7815.06, -120.3,   0.98088, 3,    7815.07,  119.7,   0.98088
"SCN_CN15_9037_CEI230_ATV_S", 13.8, 1,    7811.35,   -0.3,   0.98041, 2,    7811.33, -120.3,   0.98041, 3,    7811.34,  119.7,   0.98041
"SCN_CN15_9092_CEI77A_ATV", 13.8, 1,    7811.57,   -0.3,   0.98044, 2,    7811.55, -120.3,   0.98043, 3,    7811.55,  119.7,   0.98043
"SCN_CN15_9093_CEI77A_ATV", 13.8, 1,    7811.64,   -0.3,   0.98045, 2,    7811.62, -120.3,   0.98044, 3,    7811.62,  119.7,   0.98044
"SCN_CN15_9093_CEI77A_ATV_S", 13.8, 1,    7811.64,   -0.3,   0.98045, 2,    7811.62, -120.3,   0.98044, 3,    7811.62,  119.7,   0.98044
"SCN_CN15_9094_CEI77A_ATV", 13.8, 1,    7811.86,   -0.3,   0.98047, 2,    7811.84, -120.3,   0.98047, 3,    7811.84,  119.7,   0.98047
"SCN_CN15_9100_CEI77A_ATV", 13.8, 1,     7812.1,   -0.3,    0.9805, 2,    7812.08, -120.3,    0.9805, 3,    7812.09,  119.7,    0.9805
"SCN_CN15_9094_CEI77A_ATV_S", 13.8, 1,    7811.86,   -0.3,   0.98047, 2,    7811.84, -120.3,   0.98047, 3,    7811.84,  119.7,   0.98047
"SCN_CN15_9101_CEI77A_ATV", 13.8, 1,    7812.22,   -0.3,   0.98052, 2,     7812.2, -120.3,   0.98052, 3,    7812.21,  119.7,   0.98052
"SCN_CN15_9101_CEI77A_ATV_S", 13.8, 1,    7812.22,   -0.3,   0.98052, 2,     7812.2, -120.3,   0.98052, 3,    7812.21,  119.7,   0.98052
"SCN_CN15_9102_CEI77A_ATV", 13.8, 1,    7812.34,   -0.3,   0.98053, 2,    7812.32, -120.3,   0.98053, 3,    7812.33,  119.7,   0.98053
"SCN_CN15_9104_CEI77A_ATV", 13.8, 1,    7812.57,   -0.3,   0.98056, 2,    7812.55, -120.3,   0.98056, 3,    7812.56,  119.7,   0.98056
"SCN_CN15_9103_CEI77A_ATV", 13.8, 1,    7812.34,   -0.3,   0.98053, 2,    7812.32, -120.3,   0.98053, 3,    7812.32,  119.7,   0.98053
"SCN_CN15_9095_CEI77A_ATV", 13.8, 1,    7811.83,   -0.3,   0.98047, 2,     7811.8, -120.3,   0.98047, 3,    7811.81,  119.7,   0.98047
"SCN_CN15_9494_CEI109", 13.8, 1,    7791.19,   -0.4,   0.97788, 2,    7791.17, -120.4,   0.97788, 3,    7791.17,  119.6,   0.97788
"SCN_CN15_9096_CEI77A_ATV", 13.8, 1,    7811.82,   -0.3,   0.98047, 2,     7811.8, -120.3,   0.98047, 3,    7811.81,  119.7,   0.98047
"SCN_CN15_9097_CEI77A_ATV", 13.8, 1,     7811.8,   -0.3,   0.98047, 2,    7811.78, -120.3,   0.98046, 3,    7811.79,  119.7,   0.98046
"SCN_CN15_9098_CEI77A_ATV", 13.8, 1,    7811.78,   -0.3,   0.98046, 2,    7811.76, -120.3,   0.98046, 3,    7811.77,  119.7,   0.98046
"SCN_CN15_9099_CEI77A_ATV", 13.8, 1,    7811.76,   -0.3,   0.98046, 2,    7811.74, -120.3,   0.98046, 3,    7811.75,  119.7,   0.98046
"SCN_CN15_9042_CEI160_ATV", 13.8, 1,    7814.21,   -0.3,   0.98077, 2,    7814.19, -120.3,   0.98077, 3,    7814.19,  119.7,   0.98077
"SCN_CN15_9048_CEI160_ATV", 13.8, 1,    7814.22,   -0.3,   0.98077, 2,    7814.19, -120.3,   0.98077, 3,     7814.2,  119.7,   0.98077
"SCN_CN15_9049_CEI160_ATV", 13.8, 1,    7814.22,   -0.3,   0.98077, 2,     7814.2, -120.3,   0.98077, 3,     7814.2,  119.7,   0.98077
"SCN_CN15_9005_CEIRJ012_ATV", 13.8, 1,    7814.27,   -0.3,   0.98078, 2,    7814.24, -120.3,   0.98077, 3,    7814.25,  119.7,   0.98077
"SCN_CN15_9004_CEIRJ012_ATV", 13.8, 1,    7814.25,   -0.3,   0.98077, 2,    7814.23, -120.3,   0.98077, 3,    7814.23,  119.7,   0.98077
"SCN_CN15_9496_CEI109", 13.8, 1,    7791.19,   -0.4,   0.97788, 2,    7791.17, -120.4,   0.97788, 3,    7791.17,  119.6,   0.97788
"SCN_CN15_9015_CEI077_ATV", 13.8, 1,    7814.46,   -0.3,    0.9808, 2,    7814.44, -120.3,    0.9808, 3,    7814.45,  119.7,    0.9808
"SCN_CN15_9013_CEI077_ATV", 13.8, 1,    7814.55,   -0.3,   0.98081, 2,    7814.53, -120.3,   0.98081, 3,    7814.54,  119.7,   0.98081
"SCN_CN15_9014_CEI077_ATV_S", 13.8, 1,    7814.48,   -0.3,    0.9808, 2,    7814.45, -120.3,    0.9808, 3,    7814.46,  119.7,    0.9808
"SCN_CN15_9011_CEI077_ATV", 13.8, 1,    7814.61,   -0.3,   0.98082, 2,    7814.59, -120.3,   0.98082, 3,    7814.59,  119.7,   0.98082
"SCN_CN15_9010_CEI077_ATV", 13.8, 1,    7814.67,   -0.3,   0.98083, 2,    7814.65, -120.3,   0.98082, 3,    7814.65,  119.7,   0.98082
"SCN_CN15_9016_CEI077_ATV", 13.8, 1,    7814.09,   -0.3,   0.98075, 2,    7814.07, -120.3,   0.98075, 3,    7814.08,  119.7,   0.98075
"SCN_CN15_9018_CEI077_ATV", 13.8, 1,    7813.51,   -0.3,   0.98068, 2,    7813.49, -120.3,   0.98068, 3,     7813.5,  119.7,   0.98068
"SCN_CN15_9017_CEI077_ATV", 13.8, 1,    7814.09,   -0.3,   0.98075, 2,    7814.07, -120.3,   0.98075, 3,    7814.07,  119.7,   0.98075
"SCN_CN15_9129_CEI77A_ATV_S", 13.8, 1,    7812.94,   -0.3,   0.98061, 2,    7812.92, -120.3,   0.98061, 3,    7812.92,  119.7,   0.98061
"SCN_CN15_9019_CEI077_ATV", 13.8, 1,    7813.44,   -0.3,   0.98067, 2,    7813.42, -120.3,   0.98067, 3,    7813.43,  119.7,   0.98067
"SCN_CN15_9497_CEI109", 13.8, 1,    7791.19,   -0.4,   0.97788, 2,    7791.16, -120.4,   0.97788, 3,    7791.16,  119.6,   0.97788
"SCN_CN15_9020_CEI077_ATV", 13.8, 1,    7813.36,   -0.3,   0.98066, 2,    7813.34, -120.3,   0.98066, 3,    7813.34,  119.7,   0.98066
"SCN_CN15_9022_CEI077_ATV", 13.8, 1,    7813.29,   -0.3,   0.98065, 2,    7813.27, -120.3,   0.98065, 3,    7813.27,  119.7,   0.98065
"SCN_CN15_9023_CEI077_ATV", 13.8, 1,    7813.23,   -0.3,   0.98065, 2,    7813.21, -120.3,   0.98064, 3,    7813.22,  119.7,   0.98064
"SCN_CN15_9024_CEI077_ATV", 13.8, 1,    7813.23,   -0.3,   0.98065, 2,    7813.21, -120.3,   0.98064, 3,    7813.21,  119.7,   0.98064
"SCN_CN15_9021_CEI077_ATV", 13.8, 1,    7813.27,   -0.3,   0.98065, 2,    7813.25, -120.3,   0.98065, 3,    7813.25,  119.7,   0.98065
"SCN_CN15_9025_CEI077_ATV", 13.8, 1,    7813.19,   -0.3,   0.98064, 2,    7813.17, -120.3,   0.98064, 3,    7813.17,  119.7,   0.98064
"SCN_CN15_9027_CEI077_ATV", 13.8, 1,    7813.14,   -0.3,   0.98063, 2,    7813.11, -120.3,   0.98063, 3,    7813.12,  119.7,   0.98063
"SCN_CN15_9028_CEI077_ATV", 13.8, 1,    7813.13,   -0.3,   0.98063, 2,    7813.11, -120.3,   0.98063, 3,    7813.11,  119.7,   0.98063
"SCN_CN15_9026_CEI077_ATV", 13.8, 1,    7813.14,   -0.3,   0.98063, 2,    7813.11, -120.3,   0.98063, 3,    7813.12,  119.7,   0.98063
"SCN_CN15_9498_CEI109", 13.8, 1,    7791.18,   -0.4,   0.97788, 2,    7791.16, -120.4,   0.97788, 3,    7791.16,  119.6,   0.97788
"SCN_CN15_9040_CEI160_ATV", 13.8, 1,    7813.11,   -0.3,   0.98063, 2,    7813.08, -120.3,   0.98063, 3,    7813.09,  119.7,   0.98063
"SCN_CN15_9041_CEI160_ATV", 13.8, 1,    7813.11,   -0.3,   0.98063, 2,    7813.09, -120.3,   0.98063, 3,    7813.09,  119.7,   0.98063
"SCN_CN15_9039_CEI160_ATV", 13.8, 1,     7813.1,   -0.3,   0.98063, 2,    7813.08, -120.3,   0.98063, 3,    7813.08,  119.7,   0.98063
"SCN_CN15_9030_CEI077_ATV", 13.8, 1,    7813.12,   -0.3,   0.98063, 2,     7813.1, -120.3,   0.98063, 3,    7813.11,  119.7,   0.98063
"SCN_CN15_9029_CEI077_ATV", 13.8, 1,    7813.11,   -0.3,   0.98063, 2,    7813.09, -120.3,   0.98063, 3,    7813.09,  119.7,   0.98063
"SCN_CN15_9129_CEI77A_ATV", 13.8, 1,    7812.94,   -0.3,   0.98061, 2,    7812.92, -120.3,   0.98061, 3,    7812.92,  119.7,   0.98061
"SCN_CN15_9130_CEI77A_ATV", 13.8, 1,    7812.91,   -0.3,   0.98061, 2,    7812.89, -120.3,    0.9806, 3,    7812.89,  119.7,    0.9806
"SCN_CN15_9002_CEI077", 13.8, 1,    7812.87,   -0.3,    0.9806, 2,    7812.85, -120.3,    0.9806, 3,    7812.85,  119.7,    0.9806
"SCN_CN15_9132_CEI77A_ATV_S", 13.8, 1,    7812.74,   -0.3,   0.98058, 2,    7812.72, -120.3,   0.98058, 3,    7812.72,  119.7,   0.98058
"SCN_CN15_9132_CEI77A_ATV", 13.8, 1,    7812.74,   -0.3,   0.98058, 2,    7812.72, -120.3,   0.98058, 3,    7812.72,  119.7,   0.98058
"SCN_CN15_9133_CEI77A_ATV", 13.8, 1,    7812.74,   -0.3,   0.98058, 2,    7812.72, -120.3,   0.98058, 3,    7812.72,  119.7,   0.98058
"SCN_CN15_9134_CEI77A_ATV", 13.8, 1,    7812.58,   -0.3,   0.98056, 2,    7812.56, -120.3,   0.98056, 3,    7812.56,  119.7,   0.98056
"SCN_CN15_9135_CEI77A_ATV", 13.8, 1,    7812.41,   -0.3,   0.98054, 2,    7812.39, -120.3,   0.98054, 3,    7812.39,  119.7,   0.98054
"SCN_CN15_9499_CEI109", 13.8, 1,    7791.18,   -0.4,   0.97788, 2,    7791.16, -120.4,   0.97788, 3,    7791.16,  119.6,   0.97788
"SCN_CN15_9136_CEI77A_ATV", 13.8, 1,    7812.41,   -0.3,   0.98054, 2,    7812.39, -120.3,   0.98054, 3,    7812.39,  119.7,   0.98054
"SCN_CN15_9204_CEI230_ATV", 13.8, 1,     7789.7,   -0.4,   0.97769, 2,    7789.68, -120.4,   0.97769, 3,    7789.68,  119.6,   0.97769
"SCN_CN15_9429_CEI109", 13.8, 1,    7795.64,   -0.4,   0.97844, 2,    7795.61, -120.4,   0.97843, 3,    7795.61,  119.6,   0.97843
"SCN_CN15_9203_CEI230_ATV", 13.8, 1,     7789.7,   -0.4,   0.97769, 2,    7789.68, -120.4,   0.97769, 3,    7789.68,  119.6,   0.97769
"SCN_CN15_9202_CEI230_ATV", 13.8, 1,     7789.7,   -0.4,   0.97769, 2,    7789.68, -120.4,   0.97769, 3,    7789.68,  119.6,   0.97769
"SCN_CN15_9205_CEI230_ATV", 13.8, 1,     7789.7,   -0.4,   0.97769, 2,    7789.67, -120.4,   0.97769, 3,    7789.68,  119.6,   0.97769
"SCN_CN15_9189_CEI230_ATV", 13.8, 1,    7789.67,   -0.4,   0.97769, 2,    7789.65, -120.4,   0.97769, 3,    7789.65,  119.6,   0.97769
"SCN_CN15_9188_CEI230_ATV", 13.8, 1,    7789.67,   -0.4,   0.97769, 2,    7789.65, -120.4,   0.97769, 3,    7789.65,  119.6,   0.97769
"SCN_CN15_9191_CEI230_ATV", 13.8, 1,    7789.65,   -0.4,   0.97769, 2,    7789.63, -120.4,   0.97768, 3,    7789.63,  119.6,   0.97768
"SCN_CN15_9192_CEI230_ATV", 13.8, 1,    7789.65,   -0.4,   0.97769, 2,    7789.62, -120.4,   0.97768, 3,    7789.62,  119.6,   0.97768
"SCN_CN15_9193_CEI230_ATV", 13.8, 1,    7789.65,   -0.4,   0.97769, 2,    7789.62, -120.4,   0.97768, 3,    7789.62,  119.6,   0.97768
"SCN_CN15_9190_CEI230_ATV", 13.8, 1,    7789.65,   -0.4,   0.97769, 2,    7789.63, -120.4,   0.97768, 3,    7789.63,  119.6,   0.97768
"SCN_CN15_9194_CEI230_ATV", 13.8, 1,    7789.64,   -0.4,   0.97768, 2,    7789.62, -120.4,   0.97768, 3,    7789.62,  119.6,   0.97768
"SCN_CN15_9017_CEI220_ATV", 13.8, 1,    7795.63,   -0.4,   0.97844, 2,    7795.61, -120.4,   0.97843, 3,    7795.61,  119.6,   0.97843
"SCN_CN15_9195_CEI230_ATV", 13.8, 1,    7789.64,   -0.4,   0.97768, 2,    7789.61, -120.4,   0.97768, 3,    7789.61,  119.6,   0.97768
"SCN_CN15_9071_CEIRJ006_ATV", 13.8, 1,    7789.65,   -0.4,   0.97769, 2,    7789.62, -120.4,   0.97768, 3,    7789.62,  119.6,   0.97768
"SCN_CN15_9070_CEIRJ006_ATV", 13.8, 1,    7789.64,   -0.4,   0.97768, 2,    7789.61, -120.4,   0.97768, 3,    7789.61,  119.6,   0.97768
"SCN_CN15_9020_CEIRJ013_ATV", 13.8, 1,    7810.35,   -0.3,   0.98028, 2,    7810.33, -120.3,   0.98028, 3,    7810.33,  119.7,   0.98028
"SCN_CN15_9143_CEI69B_S", 13.8, 1,    7810.21,   -0.3,   0.98027, 2,    7810.19, -120.3,   0.98026, 3,    7810.19,  119.7,   0.98026
"SCN_CN15_9036_CEI160_ATV", 13.8, 1,    7810.35,   -0.3,   0.98028, 2,    7810.33, -120.3,   0.98028, 3,    7810.33,  119.7,   0.98028
"SCN_CN15_9037_CEI160_ATV", 13.8, 1,    7810.35,   -0.3,   0.98028, 2,    7810.32, -120.3,   0.98028, 3,    7810.33,  119.7,   0.98028
"SCN_CN15_9141_CEI69B", 13.8, 1,    7810.49,   -0.3,    0.9803, 2,    7810.47, -120.3,    0.9803, 3,    7810.47,  119.7,    0.9803
"SCN_CN15_9144_CEI69B", 13.8, 1,    7810.69,   -0.3,   0.98033, 2,    7810.66, -120.3,   0.98032, 3,    7810.67,  119.7,   0.98032
"SCN_CN15_9146_CEI69B", 13.8, 1,    7810.69,   -0.3,   0.98033, 2,    7810.66, -120.3,   0.98032, 3,    7810.66,  119.7,   0.98032
"SCN_CN15_9433_CEI109", 13.8, 1,    7795.62,   -0.4,   0.97844, 2,     7795.6, -120.4,   0.97843, 3,     7795.6,  119.6,   0.97843
"SCN_CN15_9145_CEI69B", 13.8, 1,    7810.69,   -0.3,   0.98033, 2,    7810.66, -120.3,   0.98032, 3,    7810.66,  119.7,   0.98032
"SCN_CN15_9151_CEI69B", 13.8, 1,    7810.82,   -0.3,   0.98034, 2,    7810.79, -120.3,   0.98034, 3,    7810.79,  119.7,   0.98034
"SCN_CN15_9153_CEI69B", 13.8, 1,    7811.05,   -0.3,   0.98037, 2,    7811.03, -120.3,   0.98037, 3,    7811.03,  119.7,   0.98037
"SCN_CN15_9187_CEI69B", 13.8, 1,    7811.01,   -0.3,   0.98037, 2,    7810.99, -120.3,   0.98036, 3,    7810.99,  119.7,   0.98036
"SCN_CN15_9186_CEI69B", 13.8, 1,    7810.99,   -0.3,   0.98036, 2,    7810.97, -120.3,   0.98036, 3,    7810.97,  119.7,   0.98036
"SCN_CN15_9185_CEI69B", 13.8, 1,    7810.97,   -0.3,   0.98036, 2,    7810.95, -120.3,   0.98036, 3,    7810.95,  119.7,   0.98036
"SCN_CN15_9184_CEI69B", 13.8, 1,    7810.95,   -0.3,   0.98036, 2,    7810.92, -120.3,   0.98036, 3,    7810.92,  119.7,   0.98036
"SCN_CN15_9183_CEI69B", 13.8, 1,    7810.92,   -0.3,   0.98036, 2,     7810.9, -120.3,   0.98035, 3,     7810.9,  119.7,   0.98035
"SCN_CN15_9182_CEI69B", 13.8, 1,    7810.89,   -0.3,   0.98035, 2,    7810.87, -120.3,   0.98035, 3,    7810.87,  119.7,   0.98035
"SCN_CN15_9018_CEI220_ATV", 13.8, 1,    7795.61,   -0.4,   0.97843, 2,    7795.59, -120.4,   0.97843, 3,    7795.59,  119.6,   0.97843
"SCN_CN15_9181_CEI69B", 13.8, 1,    7810.87,   -0.3,   0.98035, 2,    7810.84, -120.3,   0.98035, 3,    7810.84,  119.7,   0.98035
"SCN_CN15_9180_CEI69B", 13.8, 1,    7810.84,   -0.3,   0.98035, 2,    7810.82, -120.3,   0.98034, 3,    7810.82,  119.7,   0.98034
"SCN_CN15_9179_CEI69B_S", 13.8, 1,    7810.81,   -0.3,   0.98034, 2,    7810.79, -120.3,   0.98034, 3,    7810.79,  119.7,   0.98034
"SCN_CN15_9098_CEI201_ATV", 13.8, 1,    7810.81,   -0.3,   0.98034, 2,    7810.79, -120.3,   0.98034, 3,    7810.79,  119.7,   0.98034
"SCN_CN15_9179_CEI69B", 13.8, 1,    7810.81,   -0.3,   0.98034, 2,    7810.79, -120.3,   0.98034, 3,    7810.79,  119.7,   0.98034
"SCN_CN15_9189_CEI69B", 13.8, 1,    7810.81,   -0.3,   0.98034, 2,    7810.79, -120.3,   0.98034, 3,    7810.79,  119.7,   0.98034
"SCN_CN15_9178_CEI69B", 13.8, 1,    7810.79,   -0.3,   0.98034, 2,    7810.76, -120.3,   0.98034, 3,    7810.77,  119.7,   0.98034
"SCN_CN15_9177_CEI69B", 13.8, 1,    7810.76,   -0.3,   0.98034, 2,    7810.74, -120.3,   0.98033, 3,    7810.74,  119.7,   0.98033
"SCN_CN15_9176_CEI69B", 13.8, 1,    7810.74,   -0.3,   0.98033, 2,    7810.72, -120.3,   0.98033, 3,    7810.72,  119.7,   0.98033
"SCN_CN15_9175_CEI69B", 13.8, 1,    7810.71,   -0.3,   0.98033, 2,    7810.69, -120.3,   0.98033, 3,    7810.69,  119.7,   0.98033
"SCN_CN15_9171_CEI69B", 13.8, 1,    7810.69,   -0.3,   0.98033, 2,    7810.67, -120.3,   0.98032, 3,    7810.67,  119.7,   0.98032
"SCN_CN15_9436_CEI109", 13.8, 1,    7795.61,   -0.4,   0.97843, 2,    7795.59, -120.4,   0.97843, 3,    7795.59,  119.6,   0.97843
"SCN_CN15_9170_CEI69B", 13.8, 1,    7810.69,   -0.3,   0.98033, 2,    7810.67, -120.3,   0.98032, 3,    7810.67,  119.7,   0.98032
"SCN_CN15_9172_CEI69B", 13.8, 1,    7810.66,   -0.3,   0.98032, 2,    7810.64, -120.3,   0.98032, 3,    7810.64,  119.7,   0.98032
"SCN_CN15_9174_CEI69B", 13.8, 1,    7810.71,   -0.3,   0.98033, 2,    7810.69, -120.3,   0.98033, 3,    7810.69,  119.7,   0.98033
"SCN_CN15_9126_CEI201_ATV", 13.8, 1,    7810.65,   -0.3,   0.98032, 2,    7810.63, -120.3,   0.98032, 3,    7810.63,  119.7,   0.98032
"SCN_CN15_9008_CEI220_ATV_S", 13.8, 1,    7810.64,   -0.3,   0.98032, 2,    7810.62, -120.3,   0.98032, 3,    7810.62,  119.7,   0.98032
"SCN_CN15_9173_CEI69B", 13.8, 1,     7810.7,   -0.3,   0.98033, 2,    7810.68, -120.3,   0.98033, 3,    7810.68,  119.7,   0.98033
"SCN_CN15_9120_CEI201_ATV", 13.8, 1,    7810.69,   -0.3,   0.98033, 2,    7810.67, -120.3,   0.98032, 3,    7810.67,  119.7,   0.98032
"SCN_CN15_9002_CEI220_ATV", 13.8, 1,    7810.69,   -0.3,   0.98033, 2,    7810.66, -120.3,   0.98032, 3,    7810.67,  119.7,   0.98032
"SCN_CN15_9181_CEI69A", 13.8, 1,    7810.65,   -0.3,   0.98032, 2,    7810.62, -120.3,   0.98032, 3,    7810.63,  119.7,   0.98032
"SCN_CN15_9125_CEI201_ATV", 13.8, 1,    7810.65,   -0.3,   0.98032, 2,    7810.63, -120.3,   0.98032, 3,    7810.63,  119.7,   0.98032
"SCN_CN15_9437_CEI109", 13.8, 1,     7795.6,   -0.4,   0.97843, 2,    7795.58, -120.4,   0.97843, 3,    7795.58,  119.6,   0.97843
"SCN_CN15_9128_CEI201_ATV", 13.8, 1,    7810.64,   -0.3,   0.98032, 2,    7810.62, -120.3,   0.98032, 3,    7810.62,  119.7,   0.98032
"SCN_CN15_9185_CEI69A", 13.8, 1,    7810.63,   -0.3,   0.98032, 2,    7810.61, -120.3,   0.98032, 3,    7810.61,  119.7,   0.98032
"SCN_CN15_9195_CEI69A", 13.8, 1,    7810.63,   -0.3,   0.98032, 2,    7810.61, -120.3,   0.98032, 3,    7810.61,  119.7,   0.98032
"SCN_CN15_9196_CEI69A", 13.8, 1,    7810.63,   -0.3,   0.98032, 2,     7810.6, -120.3,   0.98032, 3,    7810.61,  119.7,   0.98032
"SCN_CN15_9197_CEI69A", 13.8, 1,    7810.62,   -0.3,   0.98032, 2,     7810.6, -120.3,   0.98032, 3,     7810.6,  119.7,   0.98032
"SCN_CN15_9198_CEI69A", 13.8, 1,    7810.62,   -0.3,   0.98032, 2,     7810.6, -120.3,   0.98032, 3,     7810.6,  119.7,   0.98032
"SCN_CN15_9035_CEI160_ATV", 13.8, 1,    7810.65,   -0.3,   0.98032, 2,    7810.63, -120.3,   0.98032, 3,    7810.63,  119.7,   0.98032
"SCN_CN15_9050_CEI69B", 13.8, 1,    7811.64,   -0.3,   0.98045, 2,    7811.62, -120.3,   0.98044, 3,    7811.62,  119.7,   0.98044
"SCN_CN15_9153_CEI69B_S", 13.8, 1,    7811.05,   -0.3,   0.98037, 2,    7811.03, -120.3,   0.98037, 3,    7811.03,  119.7,   0.98037
"SCN_CN15_9458_CEI109", 13.8, 1,     7795.6,   -0.4,   0.97843, 2,    7795.58, -120.4,   0.97843, 3,    7795.58,  119.6,   0.97843
"SCN_CN15_9051_CEI69B", 13.8, 1,    7811.64,   -0.3,   0.98045, 2,    7811.61, -120.3,   0.98044, 3,    7811.62,  119.7,   0.98044
"SCN_CN15_9049_CEI69B", 13.8, 1,    7811.87,   -0.3,   0.98047, 2,    7811.85, -120.3,   0.98047, 3,    7811.85,  119.7,   0.98047
"SCN_CN15_9048_CEI69B", 13.8, 1,    7812.06,   -0.3,    0.9805, 2,    7812.04, -120.3,    0.9805, 3,    7812.04,  119.7,    0.9805
"SCN_CN15_9047_CEI69B", 13.8, 1,    7812.23,   -0.3,   0.98052, 2,    7812.21, -120.3,   0.98052, 3,    7812.21,  119.7,   0.98052
"SCN_CN15_9145_CEI201_ATV", 13.8, 1,    7812.23,   -0.3,   0.98052, 2,    7812.21, -120.3,   0.98052, 3,    7812.21,  119.7,   0.98052
"SCN_CN15_9144_CEI201_ATV", 13.8, 1,    7812.23,   -0.3,   0.98052, 2,    7812.21, -120.3,   0.98052, 3,    7812.21,  119.7,   0.98052
"SCN_CN15_9143_CEI201_ATV", 13.8, 1,    7812.23,   -0.3,   0.98052, 2,    7812.21, -120.3,   0.98052, 3,    7812.21,  119.7,   0.98052
"SCN_CN15_9046_CEI69B", 13.8, 1,    7812.42,   -0.3,   0.98054, 2,     7812.4, -120.3,   0.98054, 3,     7812.4,  119.7,   0.98054
"SCN_CN15_9047_CEI69B_S", 13.8, 1,    7812.23,   -0.3,   0.98052, 2,    7812.21, -120.3,   0.98052, 3,    7812.21,  119.7,   0.98052
"SCN_CN15_9045_CEI69B", 13.8, 1,    7812.62,   -0.3,   0.98057, 2,     7812.6, -120.3,   0.98057, 3,     7812.6,  119.7,   0.98057
"SCN_CN15_9044_CEI69B", 13.8, 1,    7812.86,   -0.3,    0.9806, 2,    7812.84, -120.3,    0.9806, 3,    7812.84,  119.7,    0.9806
"SCN_CN15_9457_CEI109", 13.8, 1,     7795.6,   -0.4,   0.97843, 2,    7795.57, -120.4,   0.97843, 3,    7795.58,  119.6,   0.97843
"SCN_CN15_9043_CEI69B", 13.8, 1,    7813.03,   -0.3,   0.98062, 2,    7813.01, -120.3,   0.98062, 3,    7813.01,  119.7,   0.98062
"SCN_CN15_9041_CEI69B", 13.8, 1,     7813.1,   -0.3,   0.98063, 2,    7813.08, -120.3,   0.98063, 3,    7813.08,  119.7,   0.98063
"SCN_CN15_9147_CEI201_ATV", 13.8, 1,     7813.1,   -0.3,   0.98063, 2,    7813.08, -120.3,   0.98063, 3,    7813.08,  119.7,   0.98063
"SCN_CN15_9090_CEI201_ATV", 13.8, 1,    7813.13,   -0.3,   0.98063, 2,    7813.11, -120.3,   0.98063, 3,    7813.11,  119.7,   0.98063
"SCN_CN15_9040_CEI69B", 13.8, 1,    7813.34,   -0.3,   0.98066, 2,    7813.31, -120.3,   0.98066, 3,    7813.31,  119.7,   0.98066
"SCN_CN15_9094_CEI201_ATV", 13.8, 1,    7813.59,   -0.3,   0.98069, 2,    7813.57, -120.3,   0.98069, 3,    7813.57,  119.7,   0.98069
"SCN_CN15_9039_CEI69B", 13.8, 1,    7813.59,   -0.3,   0.98069, 2,    7813.57, -120.3,   0.98069, 3,    7813.57,  119.7,   0.98069
"SCN_CN15_9036_CEI69B", 13.8, 1,    7813.84,   -0.3,   0.98072, 2,    7813.82, -120.3,   0.98072, 3,    7813.82,  119.7,   0.98072
"SCN_CN15_9094_CEI201_ATV_S", 13.8, 1,    7813.59,   -0.3,   0.98069, 2,    7813.57, -120.3,   0.98069, 3,    7813.57,  119.7,   0.98069
"SCN_CN15_9035_CEI69B", 13.8, 1,    7814.08,   -0.3,   0.98075, 2,    7814.06, -120.3,   0.98075, 3,    7814.06,  119.7,   0.98075
"SCN_CN15_9034_CEI69B", 13.8, 1,    7814.32,   -0.3,   0.98078, 2,     7814.3, -120.3,   0.98078, 3,     7814.3,  119.7,   0.98078
"SCN_CN15_9456_CEI109", 13.8, 1,    7795.59,   -0.4,   0.97843, 2,    7795.57, -120.4,   0.97843, 3,    7795.57,  119.6,   0.97843
"SCN_CN15_9033_CEI69B", 13.8, 1,    7814.57,   -0.3,   0.98081, 2,    7814.55, -120.3,   0.98081, 3,    7814.55,  119.7,   0.98081
"SCN_CN15_9032_CEI69B_S", 13.8, 1,    7814.81,   -0.3,   0.98084, 2,    7814.79, -120.3,   0.98084, 3,    7814.79,  119.7,   0.98084
"SCN_CN15_9031_CEI69B", 13.8, 1,    7815.07,   -0.3,   0.98088, 2,    7815.05, -120.3,   0.98087, 3,    7815.05,  119.7,   0.98087
"SCN_CN15_9030_CEI69B", 13.8, 1,    7815.31,   -0.3,   0.98091, 2,    7815.29, -120.3,    0.9809, 3,    7815.29,  119.7,    0.9809
"SCN_CN15_9029_CEI69B", 13.8, 1,    7815.56,   -0.3,   0.98094, 2,    7815.54, -120.3,   0.98094, 3,    7815.54,  119.7,   0.98094
"SCN_CN15_9028_CEI69B", 13.8, 1,    7816.06,   -0.3,     0.981, 2,    7816.03, -120.3,     0.981, 3,    7816.04,  119.7,     0.981
"SCN_CN15_9027_CEI69B", 13.8, 1,     7816.3,   -0.3,   0.98103, 2,    7816.28, -120.3,   0.98103, 3,    7816.28,  119.7,   0.98103
"SCN_CN15_9026_CEI69B", 13.8, 1,    7816.55,   -0.3,   0.98106, 2,    7816.53, -120.3,   0.98106, 3,    7816.53,  119.7,   0.98106
"SCN_CN15_9025_CEI69B", 13.8, 1,    7816.81,   -0.3,   0.98109, 2,    7816.79, -120.3,   0.98109, 3,    7816.79,  119.7,   0.98109
"SCN_CN15_9024_CEI69B", 13.8, 1,    7817.05,   -0.3,   0.98113, 2,    7817.03, -120.3,   0.98112, 3,    7817.03,  119.7,   0.98112
"SCN_CN15_9455_CEI109", 13.8, 1,    7795.59,   -0.4,   0.97843, 2,    7795.57, -120.4,   0.97843, 3,    7795.57,  119.6,   0.97843
"SCN_CN15_9023_CEI69B", 13.8, 1,    7817.29,   -0.3,   0.98116, 2,    7817.27, -120.3,   0.98115, 3,    7817.27,  119.7,   0.98115
"SCN_CN15_9022_CEI69B", 13.8, 1,    7817.54,   -0.3,   0.98119, 2,    7817.52, -120.3,   0.98118, 3,    7817.52,  119.7,   0.98118
"SCN_CN15_9021_CEI69B", 13.8, 1,    7817.79,   -0.3,   0.98122, 2,    7817.77, -120.3,   0.98122, 3,    7817.77,  119.7,   0.98122
"SCN_CN15_9020_CEI69B", 13.8, 1,    7818.04,   -0.3,   0.98125, 2,    7818.02, -120.3,   0.98125, 3,    7818.02,  119.7,   0.98125
"SCN_CN15_9106_CEI220_ATV", 13.8, 1,    7802.71,   -0.4,   0.97933, 2,    7802.69, -120.4,   0.97932, 3,    7802.69,  119.6,   0.97932
"SCN_CN15_9112_CEI220_ATV", 13.8, 1,    7802.71,   -0.4,   0.97933, 2,    7802.69, -120.4,   0.97932, 3,    7802.69,  119.6,   0.97932
"SCN_CN15_9104_CEI220_ATV", 13.8, 1,    7802.71,   -0.4,   0.97932, 2,    7802.68, -120.4,   0.97932, 3,    7802.68,  119.6,   0.97932
"SCN_CN15_9105_CEI220_ATV", 13.8, 1,    7802.71,   -0.4,   0.97933, 2,    7802.69, -120.4,   0.97932, 3,    7802.69,  119.6,   0.97932
"SCN_CN15_9197_CEI69B", 13.8, 1,    7808.98,   -0.3,   0.98011, 2,    7808.95, -120.3,   0.98011, 3,    7808.95,  119.7,   0.98011
"SCN_CN15_9107_CEI201_ATV", 13.8, 1,    7808.98,   -0.3,   0.98011, 2,    7808.95, -120.3,   0.98011, 3,    7808.95,  119.7,   0.98011
"SCN_CN15_9023_CEI201_ATV", 13.8, 1,    7790.69,   -0.4,   0.97782, 2,    7790.67, -120.4,   0.97781, 3,    7790.67,  119.6,   0.97781
"SCN_CN15_9359_CEI109", 13.8, 1,     7790.6,   -0.4,   0.97781, 2,    7790.58, -120.4,    0.9778, 3,    7790.58,  119.6,    0.9778
"SCN_CN15_9360_CEI109", 13.8, 1,     7790.6,   -0.4,   0.97781, 2,    7790.58, -120.4,    0.9778, 3,    7790.58,  119.6,    0.9778
"SCN_CN15_9137_CEI77A_ATV", 13.8, 1,     7812.4,   -0.3,   0.98054, 2,    7812.37, -120.3,   0.98054, 3,    7812.38,  119.7,   0.98054
"SCN_CN15_9138_CEI77A_ATV", 13.8, 1,    7812.38,   -0.3,   0.98054, 2,    7812.36, -120.3,   0.98054, 3,    7812.37,  119.7,   0.98054
"SCN_CN15_9139_CEI77A_ATV", 13.8, 1,    7812.37,   -0.3,   0.98054, 2,    7812.35, -120.3,   0.98053, 3,    7812.35,  119.7,   0.98054
"SCN_CN15_9140_CEI77A_ATV", 13.8, 1,    7812.36,   -0.3,   0.98054, 2,    7812.34, -120.3,   0.98053, 3,    7812.34,  119.7,   0.98053
"SCN_CN15_9141_CEI77A_ATV", 13.8, 1,    7812.34,   -0.3,   0.98053, 2,    7812.32, -120.3,   0.98053, 3,    7812.33,  119.7,   0.98053
"SCN_CN15_9142_CEI77A_ATV", 13.8, 1,    7812.33,   -0.3,   0.98053, 2,    7812.31, -120.3,   0.98053, 3,    7812.31,  119.7,   0.98053
"SCN_CN15_9143_CEI77A_ATV", 13.8, 1,    7812.32,   -0.3,   0.98053, 2,     7812.3, -120.3,   0.98053, 3,    7812.31,  119.7,   0.98053
"SCN_CN15_9144_CEI77A_ATV", 13.8, 1,    7812.32,   -0.3,   0.98053, 2,     7812.3, -120.3,   0.98053, 3,     7812.3,  119.7,   0.98053
"SCN_CN15_9145_CEI77A_ATV", 13.8, 1,    7812.31,   -0.3,   0.98053, 2,    7812.29, -120.3,   0.98053, 3,    7812.29,  119.7,   0.98053
"SCN_CN15_9500_CEI109", 13.8, 1,    7791.17,   -0.4,   0.97788, 2,    7791.15, -120.4,   0.97787, 3,    7791.15,  119.6,   0.97787
"SCN_CN15_9146_CEI77A_ATV", 13.8, 1,     7812.3,   -0.3,   0.98053, 2,    7812.28, -120.3,   0.98053, 3,    7812.29,  119.7,   0.98053
"SCN_CN15_9150_CEI77A_ATV", 13.8, 1,     7812.3,   -0.3,   0.98053, 2,    7812.28, -120.3,   0.98053, 3,    7812.29,  119.7,   0.98053
"SCN_CN15_9147_CEI77A_ATV", 13.8, 1,     7812.3,   -0.3,   0.98053, 2,    7812.28, -120.3,   0.98053, 3,    7812.28,  119.7,   0.98053
"SCN_CN15_9148_CEI77A_ATV", 13.8, 1,    7812.29,   -0.3,   0.98053, 2,    7812.27, -120.3,   0.98053, 3,    7812.27,  119.7,   0.98053
"SCN_CN15_9149_CEI77A_ATV", 13.8, 1,    7812.29,   -0.3,   0.98053, 2,    7812.26, -120.3,   0.98052, 3,    7812.27,  119.7,   0.98053
"SCN_CN15_9151_CEI77A_ATV", 13.8, 1,    7812.32,   -0.3,   0.98053, 2,     7812.3, -120.3,   0.98053, 3,     7812.3,  119.7,   0.98053
"SCN_CN15_9152_CEI77A_ATV", 13.8, 1,    7812.31,   -0.3,   0.98053, 2,    7812.29, -120.3,   0.98053, 3,     7812.3,  119.7,   0.98053
"SCN_CN15_9153_CEI77A_ATV", 13.8, 1,    7812.31,   -0.3,   0.98053, 2,    7812.29, -120.3,   0.98053, 3,    7812.29,  119.7,   0.98053
"SCN_CN15_9192_CEI77A_ATV", 13.8, 1,     7810.5,   -0.3,    0.9803, 2,    7810.48, -120.3,    0.9803, 3,    7810.48,  119.7,    0.9803
"SCN_CN15_9193_CEI77A_ATV", 13.8, 1,     7810.5,   -0.3,    0.9803, 2,    7810.47, -120.3,    0.9803, 3,    7810.48,  119.7,    0.9803
"SCN_CN15_9501_CEI109", 13.8, 1,    7791.17,   -0.4,   0.97788, 2,    7791.15, -120.4,   0.97787, 3,    7791.15,  119.6,   0.97787
"SCN_CN15_9189_CEI77A_ATV", 13.8, 1,    7810.54,   -0.3,   0.98031, 2,    7810.51, -120.3,    0.9803, 3,    7810.52,  119.7,   0.98031
"SCN_CN15_9188_CEI77A_ATV", 13.8, 1,    7810.56,   -0.3,   0.98031, 2,    7810.54, -120.3,   0.98031, 3,    7810.54,  119.7,   0.98031
"SCN_CN15_9186_CEI77A_ATV", 13.8, 1,    7810.59,   -0.3,   0.98031, 2,    7810.57, -120.3,   0.98031, 3,    7810.57,  119.7,   0.98031
"SCN_CN15_9187_CEI77A_ATV", 13.8, 1,    7810.59,   -0.3,   0.98031, 2,    7810.57, -120.3,   0.98031, 3,    7810.57,  119.7,   0.98031
"SCN_CN15_9185_CEI77A_ATV", 13.8, 1,    7810.63,   -0.3,   0.98032, 2,    7810.61, -120.3,   0.98032, 3,    7810.62,  119.7,   0.98032
"SCN_CN15_9186_CEI77A_ATV_S", 13.8, 1,    7810.59,   -0.3,   0.98031, 2,    7810.57, -120.3,   0.98031, 3,    7810.57,  119.7,   0.98031
"SCN_CN15_9184_CEI77A_ATV", 13.8, 1,    7810.68,   -0.3,   0.98033, 2,    7810.66, -120.3,   0.98032, 3,    7810.66,  119.7,   0.98032
"SCN_CN15_9183_CEI77A_ATV", 13.8, 1,    7810.73,   -0.3,   0.98033, 2,     7810.7, -120.3,   0.98033, 3,    7810.71,  119.7,   0.98033
"SCN_CN15_9184_CEI77A_ATV_S", 13.8, 1,    7810.68,   -0.3,   0.98033, 2,    7810.66, -120.3,   0.98032, 3,    7810.66,  119.7,   0.98032
"SCN_CN15_9182_CEI77A_ATV", 13.8, 1,    7810.77,   -0.3,   0.98034, 2,    7810.75, -120.3,   0.98033, 3,    7810.76,  119.7,   0.98034
"SCN_CN15_9167_CEI77A_ATV", 13.8, 1,    7810.83,   -0.3,   0.98034, 2,    7810.81, -120.3,   0.98034, 3,    7810.81,  119.7,   0.98034
"SCN_CN15_9005_CEI077", 13.8, 1,    7810.94,   -0.3,   0.98036, 2,    7810.92, -120.3,   0.98036, 3,    7810.92,  119.7,   0.98036
"SCN_CN15_9502_CEI109", 13.8, 1,    7791.16,   -0.4,   0.97788, 2,    7791.14, -120.4,   0.97787, 3,    7791.14,  119.6,   0.97787
"SCN_CN15_9004_CEI077", 13.8, 1,    7810.96,   -0.3,   0.98036, 2,    7810.94, -120.3,   0.98036, 3,    7810.94,  119.7,   0.98036
"SCN_CN15_9003_CEI077", 13.8, 1,       7811,   -0.3,   0.98037, 2,    7810.98, -120.3,   0.98036, 3,    7810.98,  119.7,   0.98036
"SCN_CN15_9165_CEI77A_ATV", 13.8, 1,    7811.16,   -0.3,   0.98039, 2,    7811.14, -120.3,   0.98038, 3,    7811.15,  119.7,   0.98038
"SCN_CN15_9164_CEI77A_ATV", 13.8, 1,    7811.34,   -0.3,   0.98041, 2,    7811.32, -120.3,   0.98041, 3,    7811.32,  119.7,   0.98041
"SCN_CN15_9163_CEI77A_ATV", 13.8, 1,    7811.41,   -0.3,   0.98042, 2,    7811.39, -120.3,   0.98041, 3,    7811.39,  119.7,   0.98041
"SCN_CN15_9161_CEI77A_ATV", 13.8, 1,    7811.59,   -0.3,   0.98044, 2,    7811.56, -120.3,   0.98044, 3,    7811.57,  119.7,   0.98044
"SCN_CN15_9162_CEI77A_ATV", 13.8, 1,    7811.58,   -0.3,   0.98044, 2,    7811.56, -120.3,   0.98044, 3,    7811.56,  119.7,   0.98044
"SCN_CN15_9155_CEI77A_ATV", 13.8, 1,    7812.14,   -0.3,   0.98051, 2,    7812.12, -120.3,   0.98051, 3,    7812.12,  119.7,   0.98051
"SCN_CN15_9158_CEI77A_ATV", 13.8, 1,    7811.97,   -0.3,   0.98049, 2,    7811.95, -120.3,   0.98048, 3,    7811.95,  119.7,   0.98049
"SCN_CN15_9159_CEI77A_ATV", 13.8, 1,    7811.85,   -0.3,   0.98047, 2,    7811.83, -120.3,   0.98047, 3,    7811.83,  119.7,   0.98047
"SCN_CN15_9160_CEI77A_ATV", 13.8, 1,    7811.75,   -0.3,   0.98046, 2,    7811.73, -120.3,   0.98046, 3,    7811.73,  119.7,   0.98046
"SCN_CN15_9503_CEI109", 13.8, 1,    7791.16,   -0.4,   0.97788, 2,    7791.14, -120.4,   0.97787, 3,    7791.14,  119.6,   0.97787
"SCN_CN15_9161_CEI77A_ATV_S", 13.8, 1,    7811.59,   -0.3,   0.98044, 2,    7811.56, -120.3,   0.98044, 3,    7811.57,  119.7,   0.98044
"SCN_CN15_9156_CEI77A_ATV", 13.8, 1,    7812.12,   -0.3,   0.98051, 2,     7812.1, -120.3,    0.9805, 3,     7812.1,  119.7,    0.9805
"SCN_CN15_9157_CEI77A_ATV", 13.8, 1,     7812.1,   -0.3,    0.9805, 2,    7812.08, -120.3,    0.9805, 3,    7812.08,  119.7,    0.9805
"SCN_CN15_9155_CEI77A_ATV_S", 13.8, 1,    7812.14,   -0.3,   0.98051, 2,    7812.12, -120.3,   0.98051, 3,    7812.12,  119.7,   0.98051
"SCN_CN15_9154_CEI77A_ATV", 13.8, 1,    7812.25,   -0.3,   0.98052, 2,    7812.23, -120.3,   0.98052, 3,    7812.24,  119.7,   0.98052
"SCN_CN15_9168_CEI77A_ATV", 13.8, 1,    7810.78,   -0.3,   0.98034, 2,    7810.76, -120.3,   0.98034, 3,    7810.77,  119.7,   0.98034
"SCN_CN15_9169_CEI77A_ATV", 13.8, 1,    7810.74,   -0.3,   0.98033, 2,    7810.72, -120.3,   0.98033, 3,    7810.72,  119.7,   0.98033
"SCN_CN15_9202_CEI77A_ATV", 13.8, 1,    7810.73,   -0.3,   0.98033, 2,     7810.7, -120.3,   0.98033, 3,    7810.71,  119.7,   0.98033
"SCN_CN15_9203_CEI77A_ATV", 13.8, 1,    7810.71,   -0.3,   0.98033, 2,    7810.69, -120.3,   0.98033, 3,     7810.7,  119.7,   0.98033
"SCN_CN15_9204_CEI77A_ATV", 13.8, 1,     7810.7,   -0.3,   0.98033, 2,    7810.68, -120.3,   0.98033, 3,    7810.68,  119.7,   0.98033
"SCN_CN15_9504_CEI109", 13.8, 1,    7791.15,   -0.4,   0.97787, 2,    7791.13, -120.4,   0.97787, 3,    7791.13,  119.6,   0.97787
"SCN_CN15_9213_CEI77A_ATV", 13.8, 1,     7810.7,   -0.3,   0.98033, 2,    7810.68, -120.3,   0.98033, 3,    7810.68,  119.7,   0.98033
"SCN_CN15_9214_CEI77A_ATV", 13.8, 1,    7810.69,   -0.3,   0.98033, 2,    7810.67, -120.3,   0.98032, 3,    7810.68,  119.7,   0.98033
"SCN_CN15_9215_CEI77A_ATV", 13.8, 1,    7810.69,   -0.3,   0.98033, 2,    7810.67, -120.3,   0.98032, 3,    7810.68,  119.7,   0.98033
"SCN_CN15_9216_CEI77A_ATV", 13.8, 1,    7810.69,   -0.3,   0.98033, 2,    7810.67, -120.3,   0.98032, 3,    7810.67,  119.7,   0.98032
"SCN_CN15_9205_CEI77A_ATV", 13.8, 1,    7810.69,   -0.3,   0.98033, 2,    7810.67, -120.3,   0.98032, 3,    7810.67,  119.7,   0.98032
"SCN_CN15_9206_CEI77A_ATV", 13.8, 1,    7810.68,   -0.3,   0.98033, 2,    7810.66, -120.3,   0.98032, 3,    7810.66,  119.7,   0.98032
"SCN_CN15_9207_CEI77A_ATV", 13.8, 1,    7810.68,   -0.3,   0.98033, 2,    7810.66, -120.3,   0.98032, 3,    7810.66,  119.7,   0.98032
"SCN_CN15_9208_CEI77A_ATV", 13.8, 1,    7810.68,   -0.3,   0.98033, 2,    7810.66, -120.3,   0.98032, 3,    7810.66,  119.7,   0.98032
"SCN_CN15_9210_CEI77A_ATV", 13.8, 1,    7810.67,   -0.3,   0.98032, 2,    7810.65, -120.3,   0.98032, 3,    7810.66,  119.7,   0.98032
"SCN_CN15_9211_CEI77A_ATV", 13.8, 1,    7810.67,   -0.3,   0.98032, 2,    7810.65, -120.3,   0.98032, 3,    7810.65,  119.7,   0.98032
"SCN_CN15_9008_CEI160_ATV", 13.8, 1,    7791.19,   -0.4,   0.97788, 2,    7791.16, -120.4,   0.97788, 3,    7791.16,  119.6,   0.97788
"SCN_CN15_9212_CEI77A_ATV", 13.8, 1,    7810.67,   -0.3,   0.98032, 2,    7810.65, -120.3,   0.98032, 3,    7810.65,  119.7,   0.98032
"SCN_CN15_9209_CEI77A_ATV", 13.8, 1,    7810.68,   -0.3,   0.98033, 2,    7810.66, -120.3,   0.98032, 3,    7810.66,  119.7,   0.98032
"SCN_CN15_9170_CEI77A_ATV", 13.8, 1,    7810.68,   -0.3,   0.98033, 2,    7810.66, -120.3,   0.98032, 3,    7810.67,  119.7,   0.98032
"SCN_CN15_9171_CEI77A_ATV", 13.8, 1,    7810.66,   -0.3,   0.98032, 2,    7810.64, -120.3,   0.98032, 3,    7810.64,  119.7,   0.98032
"SCN_CN15_9181_CEI77A_ATV", 13.8, 1,    7810.65,   -0.3,   0.98032, 2,    7810.63, -120.3,   0.98032, 3,    7810.63,  119.7,   0.98032
"SCN_CN15_9172_CEI77A_ATV", 13.8, 1,    7810.64,   -0.3,   0.98032, 2,    7810.62, -120.3,   0.98032, 3,    7810.62,  119.7,   0.98032
"SCN_CN15_9173_CEI77A_ATV", 13.8, 1,    7810.64,   -0.3,   0.98032, 2,    7810.61, -120.3,   0.98032, 3,    7810.62,  119.7,   0.98032
"SCN_CN15_9174_CEI77A_ATV", 13.8, 1,    7810.63,   -0.3,   0.98032, 2,    7810.61, -120.3,   0.98032, 3,    7810.62,  119.7,   0.98032
"SCN_CN15_9175_CEI77A_ATV", 13.8, 1,    7810.63,   -0.3,   0.98032, 2,    7810.61, -120.3,   0.98032, 3,    7810.61,  119.7,   0.98032
"SCN_CN15_9015_CEI160_ATV", 13.8, 1,    7791.18,   -0.4,   0.97788, 2,    7791.16, -120.4,   0.97788, 3,    7791.16,  119.6,   0.97788
"SCN_CN15_9176_CEI77A_ATV", 13.8, 1,    7810.62,   -0.3,   0.98032, 2,     7810.6, -120.3,   0.98032, 3,     7810.6,  119.7,   0.98032
"SCN_CN15_9177_CEI77A_ATV", 13.8, 1,    7810.62,   -0.3,   0.98032, 2,     7810.6, -120.3,   0.98032, 3,     7810.6,  119.7,   0.98032
"SCN_CN15_9178_CEI77A_ATV", 13.8, 1,    7810.61,   -0.3,   0.98032, 2,    7810.59, -120.3,   0.98031, 3,     7810.6,  119.7,   0.98032
"SCN_CN15_9179_CEI77A_ATV", 13.8, 1,    7810.61,   -0.3,   0.98032, 2,    7810.59, -120.3,   0.98031, 3,    7810.59,  119.7,   0.98031
"SCN_CN15_9180_CEI77A_ATV", 13.8, 1,     7810.6,   -0.3,   0.98032, 2,    7810.58, -120.3,   0.98031, 3,    7810.59,  119.7,   0.98031
"SCN_CN15_9024_CEIRJ006_ATV", 13.8, 1,    7810.61,   -0.3,   0.98032, 2,    7810.59, -120.3,   0.98031, 3,    7810.59,  119.7,   0.98031
"SCN_CN15_9026_CEIRJ006_ATV", 13.8, 1,    7810.61,   -0.3,   0.98032, 2,    7810.59, -120.3,   0.98031, 3,    7810.59,  119.7,   0.98031
"SCN_CN15_9002_CEI077_ATV", 13.8, 1,     7815.3,   -0.3,   0.98091, 2,    7815.28, -120.3,    0.9809, 3,    7815.29,  119.7,    0.9809
"SCN_CN15_9010_CEI077_ATV_S", 13.8, 1,    7814.67,   -0.3,   0.98083, 2,    7814.65, -120.3,   0.98082, 3,    7814.65,  119.7,   0.98082
"SCN_CN15_9023_CEIRJ006_ATV", 13.8, 1,    7816.61,   -0.3,   0.98107, 2,    7816.59, -120.3,   0.98107, 3,     7816.6,  119.7,   0.98107
"SCN_CN15_9094_CEI072", 13.8, 1,    7816.62,   -0.3,   0.98107, 2,     7816.6, -120.3,   0.98107, 3,     7816.6,  119.7,   0.98107
"SCN_CN15_9016_CEI160_ATV", 13.8, 1,    7791.18,   -0.4,   0.97788, 2,    7791.16, -120.4,   0.97788, 3,    7791.16,  119.6,   0.97788
"SCN_CN15_9093_CEI072", 13.8, 1,    7817.27,   -0.3,   0.98115, 2,    7817.25, -120.3,   0.98115, 3,    7817.25,  119.7,   0.98115
"SCN_CN15_9022_CEIRJ006_ATV", 13.8, 1,    7817.26,   -0.3,   0.98115, 2,    7817.24, -120.3,   0.98115, 3,    7817.25,  119.7,   0.98115
"SCN_CN15_9021_CEIRJ006_ATV", 13.8, 1,    7817.51,   -0.3,   0.98118, 2,    7817.49, -120.3,   0.98118, 3,    7817.49,  119.7,   0.98118
"SCN_CN15_9092_CEI072", 13.8, 1,    7817.51,   -0.3,   0.98118, 2,    7817.49, -120.3,   0.98118, 3,    7817.49,  119.7,   0.98118
"SCN_CN15_9091_CEI072", 13.8, 1,    7817.92,   -0.3,   0.98123, 2,     7817.9, -120.3,   0.98123, 3,    7817.91,  119.7,   0.98123
"SCN_CN15_9092_CEI072_S", 13.8, 1,    7817.51,   -0.3,   0.98118, 2,    7817.49, -120.3,   0.98118, 3,    7817.49,  119.7,   0.98118
"SCN_CN15_9090_CEI072", 13.8, 1,    7818.17,   -0.3,   0.98127, 2,    7818.15, -120.3,   0.98126, 3,    7818.15,  119.7,   0.98126
"SCN_CN15_9064_CEI072", 13.8, 1,    7818.67,   -0.3,   0.98133, 2,    7818.65, -120.3,   0.98133, 3,    7818.65,  119.7,   0.98133
"SCN_CN15_9065_CEI072", 13.8, 1,    7818.65,   -0.3,   0.98133, 2,    7818.63, -120.3,   0.98132, 3,    7818.63,  119.7,   0.98132
"SCN_CN15_9066_CEI072", 13.8, 1,    7818.63,   -0.3,   0.98132, 2,    7818.61, -120.3,   0.98132, 3,    7818.61,  119.7,   0.98132
"SCN_CN15_9067_CEI072", 13.8, 1,    7818.61,   -0.3,   0.98132, 2,    7818.59, -120.3,   0.98132, 3,     7818.6,  119.7,   0.98132
"SCN_CN15_9068_CEI072", 13.8, 1,    7818.59,   -0.3,   0.98132, 2,    7818.57, -120.3,   0.98132, 3,    7818.58,  119.7,   0.98132
"SCN_CN15_9011_CEIRJ013_ATV", 13.8, 1,    7791.18,   -0.4,   0.97788, 2,    7791.16, -120.4,   0.97788, 3,    7791.16,  119.6,   0.97788
"SCN_CN15_9069_CEI072", 13.8, 1,    7818.58,   -0.3,   0.98132, 2,    7818.56, -120.3,   0.98131, 3,    7818.56,  119.7,   0.98131
"SCN_CN15_9061_CEI072", 13.8, 1,    7819.06,   -0.3,   0.98138, 2,    7819.04, -120.3,   0.98137, 3,    7819.04,  119.7,   0.98138
"SCN_CN15_9060_CEI072", 13.8, 1,    7819.29,   -0.3,   0.98141, 2,    7819.27, -120.3,    0.9814, 3,    7819.27,  119.7,    0.9814
"SCN_CN15_9059_CEI072", 13.8, 1,     7819.6,   -0.3,   0.98145, 2,    7819.58, -120.3,   0.98144, 3,    7819.59,  119.7,   0.98144
"SCN_CN15_9058_CEI072", 13.8, 1,    7819.97,   -0.3,   0.98149, 2,    7819.95, -120.3,   0.98149, 3,    7819.96,  119.7,   0.98149
"SCN_CN15_9019_CEI69B", 13.8, 1,    7818.28,   -0.3,   0.98128, 2,    7818.26, -120.3,   0.98128, 3,    7818.26,  119.7,   0.98128
"SCN_CN15_9017_CEI69B", 13.8, 1,    7818.53,   -0.3,   0.98131, 2,    7818.51, -120.3,   0.98131, 3,    7818.51,  119.7,   0.98131
"SCN_CN15_9018_CEI69B", 13.8, 1,    7818.49,   -0.3,   0.98131, 2,    7818.47, -120.3,    0.9813, 3,    7818.47,  119.7,    0.9813
"SCN_CN15_9018_CEI69B_S", 13.8, 1,    7818.49,   -0.3,   0.98131, 2,    7818.47, -120.3,    0.9813, 3,    7818.47,  119.7,    0.9813
"SCN_CN15_9027_CEI250_ATV", 13.8, 1,     7818.3,   -0.3,   0.98128, 2,    7818.28, -120.3,   0.98128, 3,    7818.28,  119.7,   0.98128
"SCN_CN15_9454_CEI109", 13.8, 1,    7795.59,   -0.4,   0.97843, 2,    7795.57, -120.4,   0.97843, 3,    7795.57,  119.6,   0.97843
"SCN_CN15_9028_CEI250_ATV", 13.8, 1,    7818.11,   -0.3,   0.98126, 2,    7818.09, -120.3,   0.98126, 3,    7818.09,  119.7,   0.98126
"SCN_CN15_9032_CEI130_ATV", 13.8, 1,    7817.43,   -0.3,   0.98117, 2,    7817.41, -120.3,   0.98117, 3,    7817.41,  119.7,   0.98117
"SCN_CN15_9022_CEI250_ATV_S", 13.8, 1,    7817.61,   -0.3,   0.98119, 2,    7817.59, -120.3,   0.98119, 3,    7817.59,  119.7,   0.98119
"SCN_CN15_9033_CEI130_ATV", 13.8, 1,    7816.59,   -0.3,   0.98107, 2,    7816.57, -120.3,   0.98107, 3,    7816.57,  119.7,   0.98107
"SCN_CN15_9035_CEI130_ATV", 13.8, 1,    7814.91,   -0.3,   0.98086, 2,    7814.89, -120.3,   0.98085, 3,    7814.89,  119.7,   0.98085
"SCN_CN15_9036_CEI130_ATV", 13.8, 1,    7813.95,   -0.3,   0.98074, 2,    7813.93, -120.3,   0.98073, 3,    7813.93,  119.7,   0.98073
"SCN_CN15_9038_CEI130_ATV_S", 13.8, 1,    7813.94,   -0.3,   0.98074, 2,    7813.92, -120.3,   0.98073, 3,    7813.93,  119.7,   0.98073
"SCN_CN15_9038_CEI130_ATV", 13.8, 1,    7813.94,   -0.3,   0.98074, 2,    7813.92, -120.3,   0.98073, 3,    7813.93,  119.7,   0.98073
"SCN_CN15_9039_CEI130_ATV", 13.8, 1,    7813.94,   -0.3,   0.98073, 2,    7813.92, -120.3,   0.98073, 3,    7813.92,  119.7,   0.98073
"SCN_CN15_9453_CEI109", 13.8, 1,    7795.59,   -0.4,   0.97843, 2,    7795.56, -120.4,   0.97843, 3,    7795.56,  119.6,   0.97843
"SCN_CN15_9020_CEI130_ATV", 13.8, 1,    7818.37,   -0.3,   0.98129, 2,    7818.35, -120.3,   0.98129, 3,    7818.35,  119.7,   0.98129
"SCN_CN15_9021_CEI130_ATV", 13.8, 1,    7818.37,   -0.3,   0.98129, 2,    7818.35, -120.3,   0.98129, 3,    7818.35,  119.7,   0.98129
"SCN_CN15_9021_CEI130_ATV_S", 13.8, 1,    7818.37,   -0.3,   0.98129, 2,    7818.35, -120.3,   0.98129, 3,    7818.35,  119.7,   0.98129
"SCN_CN15_9022_CEI130_ATV", 13.8, 1,    7818.38,   -0.3,   0.98129, 2,    7818.36, -120.3,   0.98129, 3,    7818.36,  119.7,   0.98129
"SCN_CN15_9023_CEI130_ATV", 13.8, 1,    7818.39,   -0.3,   0.98129, 2,    7818.37, -120.3,   0.98129, 3,    7818.37,  119.7,   0.98129
"SCN_CN15_9026_CEI130_ATV", 13.8, 1,    7818.56,   -0.3,   0.98132, 2,    7818.54, -120.3,   0.98131, 3,    7818.54,  119.7,   0.98131
"SCN_CN15_9027_CEI130_ATV", 13.8, 1,    7818.74,   -0.3,   0.98134, 2,    7818.72, -120.3,   0.98134, 3,    7818.73,  119.7,   0.98134
"SCN_CN15_9028_CEI130_ATV", 13.8, 1,    7818.93,   -0.3,   0.98136, 2,    7818.91, -120.3,   0.98136, 3,    7818.91,  119.7,   0.98136
"SCN_CN15_9029_CEI130_ATV", 13.8, 1,     7819.1,   -0.3,   0.98138, 2,    7819.08, -120.3,   0.98138, 3,    7819.08,  119.7,   0.98138
"SCN_CN15_9452_CEI109", 13.8, 1,    7795.58,   -0.4,   0.97843, 2,    7795.56, -120.4,   0.97843, 3,    7795.56,  119.6,   0.97843
"SCN_CN15_9030_CEI130_ATV", 13.8, 1,    7819.28,   -0.3,   0.98141, 2,    7819.26, -120.3,    0.9814, 3,    7819.26,  119.7,    0.9814
"SCN_CN15_9016_CEI69B", 13.8, 1,    7818.99,   -0.3,   0.98137, 2,    7818.97, -120.3,   0.98137, 3,    7818.97,  119.7,   0.98137
"SCN_CN15_592-0899-22", 13.8, 1,    7818.75,   -0.3,   0.98134, 2,    7818.73, -120.3,   0.98134, 3,    7818.73,  119.7,   0.98134
"SCN_CN15_592-0899-22_S", 13.8, 1,    7818.75,   -0.3,   0.98134, 2,    7818.73, -120.3,   0.98134, 3,    7818.73,  119.7,   0.98134
"SCN_CN15_9013_CEI69B", 13.8, 1,    7820.01,   -0.3,    0.9815, 2,    7819.99, -120.3,   0.98149, 3,    7819.99,  119.7,   0.98149
"SCN_CN15_9015_CEI69B_S", 13.8, 1,    7819.48,   -0.3,   0.98143, 2,    7819.46, -120.3,   0.98143, 3,    7819.46,  119.7,   0.98143
"SCN_CN15_9012_CEI69B", 13.8, 1,    7820.64,   -0.3,   0.98158, 2,    7820.62, -120.3,   0.98157, 3,    7820.63,  119.7,   0.98157
"SCN_CN15_9011_CEI69B", 13.8, 1,    7821.27,   -0.3,   0.98165, 2,    7821.25, -120.3,   0.98165, 3,    7821.25,  119.7,   0.98165
"SCN_CN15_9162_CEI068", 13.8, 1,    7822.05,   -0.3,   0.98175, 2,    7822.03, -120.3,   0.98175, 3,    7822.04,  119.7,   0.98175
"SCN_CN15_9163_CEI068", 13.8, 1,    7822.88,   -0.3,   0.98186, 2,    7822.86, -120.3,   0.98185, 3,    7822.86,  119.7,   0.98185
"SCN_CN15_9164_CEI068", 13.8, 1,    7824.32,   -0.3,   0.98204, 2,     7824.3, -120.3,   0.98204, 3,    7824.31,  119.7,   0.98204
"SCN_CN15_9451_CEI109", 13.8, 1,    7795.58,   -0.4,   0.97843, 2,    7795.56, -120.4,   0.97843, 3,    7795.56,  119.6,   0.97843
"SCN_CN15_9169_CEI068", 13.8, 1,    7825.71,   -0.3,   0.98221, 2,     7825.7, -120.3,   0.98221, 3,     7825.7,  119.7,   0.98221
"SCN_CN15_9170_CEI068", 13.8, 1,    7825.73,   -0.3,   0.98221, 2,    7825.71, -120.3,   0.98221, 3,    7825.71,  119.7,   0.98221
"SCN_CN15_9170_CEI068_S", 13.8, 1,    7825.73,   -0.3,   0.98221, 2,    7825.71, -120.3,   0.98221, 3,    7825.71,  119.7,   0.98221
"SCN_CN15_9171_CEI068", 13.8, 1,    7827.22,   -0.3,    0.9824, 2,     7827.2, -120.3,    0.9824, 3,     7827.2,  119.7,    0.9824
"SCN_CN15_9172_CEI068", 13.8, 1,    7828.87,   -0.3,   0.98261, 2,    7828.85, -120.3,   0.98261, 3,    7828.85,  119.7,   0.98261
"SCN_CN15_9182_CEI068", 13.8, 1,    7830.78,   -0.3,   0.98285, 2,    7830.76, -120.3,   0.98285, 3,    7830.77,  119.7,   0.98285
"SCN_CN15_9181_CEI068", 13.8, 1,    7830.78,   -0.3,   0.98285, 2,    7830.76, -120.3,   0.98285, 3,    7830.76,  119.7,   0.98285
"SCN_CN15_9182_CEI068_S", 13.8, 1,    7830.78,   -0.3,   0.98285, 2,    7830.76, -120.3,   0.98285, 3,    7830.77,  119.7,   0.98285
"SCN_CN15_9183_CEI068", 13.8, 1,    7832.78,   -0.3,    0.9831, 2,    7832.77, -120.3,    0.9831, 3,    7832.77,  119.7,    0.9831
"SCN_CN15_9183_CEI068_S", 13.8, 1,    7832.78,   -0.3,    0.9831, 2,    7832.77, -120.3,    0.9831, 3,    7832.77,  119.7,    0.9831
"SCN_CN15_9186_CEI068", 13.8, 1,    7834.27,   -0.3,   0.98329, 2,    7834.25, -120.3,   0.98328, 3,    7834.25,  119.7,   0.98328
"SCN_CN15_9107_CEI068", 13.8, 1,    7835.19,   -0.3,    0.9834, 2,    7835.17, -120.3,    0.9834, 3,    7835.17,  119.7,    0.9834
"SCN_CN15_9450_CEI109", 13.8, 1,    7795.58,   -0.4,   0.97843, 2,    7795.55, -120.4,   0.97843, 3,    7795.55,  119.6,   0.97843
"SCN_CN15_9103_CEI068", 13.8, 1,     7836.2,   -0.3,   0.98353, 2,    7836.18, -120.3,   0.98353, 3,    7836.18,  119.7,   0.98353
"SCN_CN15_9092_CEI068", 13.8, 1,       7837,   -0.3,   0.98363, 2,    7836.98, -120.3,   0.98363, 3,    7836.98,  119.7,   0.98363
"SCN_CN15_9091_CEI068", 13.8, 1,    7837.86,   -0.3,   0.98374, 2,    7837.84, -120.3,   0.98373, 3,    7837.84,  119.7,   0.98374
"SCN_CN15_9090_CEI068", 13.8, 1,    7839.46,   -0.3,   0.98394, 2,    7839.44, -120.3,   0.98394, 3,    7839.44,  119.7,   0.98394
"SCN_CN15_9089_CEI068_S", 13.8, 1,    7840.45,   -0.3,   0.98406, 2,    7840.43, -120.3,   0.98406, 3,    7840.43,  119.7,   0.98406
"SCN_CN15_9086_CEI068", 13.8, 1,    7841.77,   -0.3,   0.98423, 2,    7841.75, -120.3,   0.98423, 3,    7841.75,  119.7,   0.98423
"SCN_CN15_9085_CEI068", 13.8, 1,    7843.45,   -0.3,   0.98444, 2,    7843.44, -120.3,   0.98444, 3,    7843.44,  119.7,   0.98444
"SCN_CN15_9086_CEI068_S", 13.8, 1,    7841.77,   -0.3,   0.98423, 2,    7841.75, -120.3,   0.98423, 3,    7841.75,  119.7,   0.98423
"SCN_CN15_9082_CEI068", 13.8, 1,    7845.41,   -0.2,   0.98468, 2,    7845.39, -120.2,   0.98468, 3,    7845.39,  119.8,   0.98468
"SCN_CN15_9081_CEI068", 13.8, 1,    7847.44,   -0.2,   0.98494, 2,    7847.43, -120.2,   0.98494, 3,    7847.43,  119.8,   0.98494
"SCN_CN15_9080_CEI068", 13.8, 1,    7849.41,   -0.2,   0.98519, 2,     7849.4, -120.2,   0.98519, 3,     7849.4,  119.8,   0.98519
"SCN_CN15_9026_CEI201_ATV", 13.8, 1,    7790.75,   -0.4,   0.97782, 2,    7790.73, -120.4,   0.97782, 3,    7790.73,  119.6,   0.97782
"SCN_CN15_9027_CEI201_ATV", 13.8, 1,    7790.77,   -0.4,   0.97783, 2,    7790.75, -120.4,   0.97782, 3,    7790.75,  119.6,   0.97782
"SCN_CN15_9449_CEI109", 13.8, 1,    7795.57,   -0.4,   0.97843, 2,    7795.55, -120.4,   0.97843, 3,    7795.55,  119.6,   0.97843
"SCN_CN15_9079_CEI068", 13.8, 1,    7851.37,   -0.2,   0.98543, 2,    7851.35, -120.2,   0.98543, 3,    7851.35,  119.8,   0.98543
"SCN_CN15_9078_CEI068", 13.8, 1,    7853.32,   -0.2,   0.98568, 2,     7853.3, -120.2,   0.98568, 3,    7853.31,  119.8,   0.98568
"SCN_CN15_9077_CEI068", 13.8, 1,    7855.31,   -0.2,   0.98593, 2,     7855.3, -120.2,   0.98593, 3,     7855.3,  119.8,   0.98593
"SCN_CN15_9076_CEI068", 13.8, 1,    7857.26,   -0.2,   0.98617, 2,    7857.24, -120.2,   0.98617, 3,    7857.25,  119.8,   0.98617
"SCN_CN15_9075_CEI068", 13.8, 1,     7859.2,   -0.2,   0.98642, 2,    7859.19, -120.2,   0.98641, 3,    7859.19,  119.8,   0.98641
"SCN_CN15_9074_CEI068", 13.8, 1,     7861.2,   -0.2,   0.98667, 2,    7861.18, -120.2,   0.98666, 3,    7861.18,  119.8,   0.98666
"SCN_CN15_9073_CEI068", 13.8, 1,    7863.24,   -0.2,   0.98692, 2,    7863.23, -120.2,   0.98692, 3,    7863.23,  119.8,   0.98692
"SCN_CN15_9072_CEI068", 13.8, 1,    7865.21,   -0.2,   0.98717, 2,    7865.19, -120.2,   0.98717, 3,    7865.19,  119.8,   0.98717
"SCN_CN15_9071_CEI068", 13.8, 1,    7867.12,   -0.2,   0.98741, 2,     7867.1, -120.2,   0.98741, 3,     7867.1,  119.8,   0.98741
"SCN_CN15_9070_CEI068", 13.8, 1,    7868.51,   -0.2,   0.98758, 2,     7868.5, -120.2,   0.98758, 3,     7868.5,  119.8,   0.98758
"SCN_CN15_9448_CEI109", 13.8, 1,    7795.57,   -0.4,   0.97843, 2,    7795.55, -120.4,   0.97843, 3,    7795.55,  119.6,   0.97843
"SCN_CN15_9069_CEI068", 13.8, 1,       7870,   -0.2,   0.98777, 2,    7869.99, -120.2,   0.98777, 3,    7869.99,  119.8,   0.98777
"SCN_CN15_9447_CEI109", 13.8, 1,    7795.57,   -0.4,   0.97843, 2,    7795.55, -120.4,   0.97843, 3,    7795.55,  119.6,   0.97843
"SCN_CN15_9062_CEIRJ006_ATV", 13.8, 1,    7799.95,   -0.3,   0.97898, 2,    7799.92, -120.3,   0.97898, 3,    7799.92,  119.7,   0.97898
"SCN_CN15_9069_CEI074", 13.8, 1,    7799.95,   -0.3,   0.97898, 2,    7799.92, -120.3,   0.97898, 3,    7799.92,  119.7,   0.97898
"SCN_CN15_9083_CEI201_ATV", 13.8, 1,    7809.05,   -0.3,   0.98012, 2,    7809.03, -120.3,   0.98012, 3,    7809.03,  119.7,   0.98012
"SCN_CN15_9085_CEI201_ATV", 13.8, 1,    7809.05,   -0.3,   0.98012, 2,    7809.03, -120.3,   0.98012, 3,    7809.03,  119.7,   0.98012
"SCN_CN15_9031_CEI201_ATV", 13.8, 1,    7790.86,   -0.4,   0.97784, 2,    7790.83, -120.4,   0.97783, 3,    7790.83,  119.6,   0.97783
"SCN_CN15_9033_CEI201_ATV", 13.8, 1,    7790.89,   -0.4,   0.97784, 2,    7790.87, -120.4,   0.97784, 3,    7790.87,  119.6,   0.97784
"SCN_CN15_9028_CEI201_ATV", 13.8, 1,    7790.79,   -0.4,   0.97783, 2,    7790.77, -120.4,   0.97783, 3,    7790.77,  119.6,   0.97783
"SCN_CN15_9074_CEI131_ATV", 13.8, 1,    7798.75,   -0.4,   0.97883, 2,    7798.73, -120.4,   0.97883, 3,    7798.73,  119.6,   0.97883
"SCN_CN15_9075_CEI131_ATV", 13.8, 1,    7798.75,   -0.4,   0.97883, 2,    7798.73, -120.4,   0.97883, 3,    7798.73,  119.6,   0.97883
"SCN_CN15_9072_CEI131_ATV_S", 13.8, 1,    7798.75,   -0.4,   0.97883, 2,    7798.73, -120.4,   0.97883, 3,    7798.73,  119.6,   0.97883
"SCN_CN15_9076_CEI131_ATV", 13.8, 1,    7798.75,   -0.4,   0.97883, 2,    7798.73, -120.4,   0.97883, 3,    7798.73,  119.6,   0.97883
"SCN_CN15_9081_CEI131_ATV", 13.8, 1,    7798.87,   -0.4,   0.97884, 2,    7798.85, -120.4,   0.97884, 3,    7798.85,  119.6,   0.97884
"SCN_CN15_9082_CEI131_ATV", 13.8, 1,    7799.01,   -0.4,   0.97886, 2,    7798.99, -120.4,   0.97886, 3,    7798.99,  119.6,   0.97886
"SCN_CN15_9086_CEI131_ATV", 13.8, 1,    7799.22,   -0.4,   0.97889, 2,     7799.2, -120.4,   0.97888, 3,     7799.2,  119.6,   0.97888
"SCN_CN15_9088_CEI131_ATV", 13.8, 1,    7799.64,   -0.4,   0.97894, 2,    7799.62, -120.4,   0.97894, 3,    7799.62,  119.6,   0.97894
"SCN_CN15_9342_CEI109", 13.8, 1,    7791.05,   -0.4,   0.97786, 2,    7791.03, -120.4,   0.97786, 3,    7791.03,  119.6,   0.97786
"SCN_CN15_9336_CEI109", 13.8, 1,    7791.09,   -0.4,   0.97787, 2,    7791.07, -120.4,   0.97786, 3,    7791.07,  119.6,   0.97786
"SCN_CN15_9057_CEI072", 13.8, 1,    7820.32,   -0.3,   0.98154, 2,     7820.3, -120.3,   0.98153, 3,     7820.3,  119.7,   0.98153
"SCN_CN15_9056_CEI072", 13.8, 1,    7820.65,   -0.3,   0.98158, 2,    7820.63, -120.3,   0.98157, 3,    7820.63,  119.7,   0.98157
"SCN_CN15_9052_CEI072", 13.8, 1,    7821.36,   -0.3,   0.98167, 2,    7821.34, -120.3,   0.98166, 3,    7821.34,  119.7,   0.98166
"SCN_CN15_9056_CEI072_S", 13.8, 1,    7820.65,   -0.3,   0.98158, 2,    7820.63, -120.3,   0.98157, 3,    7820.63,  119.7,   0.98157
"SCN_CN15_9005_CEI072", 13.8, 1,    7821.58,   -0.3,   0.98169, 2,    7821.57, -120.3,   0.98169, 3,    7821.57,  119.7,   0.98169
"SCN_CN15_9004_CEI072", 13.8, 1,    7822.05,   -0.3,   0.98175, 2,    7822.03, -120.3,   0.98175, 3,    7822.04,  119.7,   0.98175
"SCN_CN15_9005_CEI072_S", 13.8, 1,    7821.58,   -0.3,   0.98169, 2,    7821.57, -120.3,   0.98169, 3,    7821.57,  119.7,   0.98169
"SCN_CN15_9486_CEI109", 13.8, 1,    7791.23,   -0.4,   0.97788, 2,    7791.21, -120.4,   0.97788, 3,    7791.21,  119.6,   0.97788
"SCN_CN15_9003_CEI072", 13.8, 1,    7822.76,   -0.3,   0.98184, 2,    7822.74, -120.3,   0.98184, 3,    7822.74,  119.7,   0.98184
"SCN_CN15_9004_CEI072_S", 13.8, 1,    7822.05,   -0.3,   0.98175, 2,    7822.03, -120.3,   0.98175, 3,    7822.04,  119.7,   0.98175
"SCN_CN15_9002_CEI072", 13.8, 1,    7822.84,   -0.3,   0.98185, 2,    7822.82, -120.3,   0.98185, 3,    7822.83,  119.7,   0.98185
"SCN_CN15_9003_CEI072_S", 13.8, 1,    7822.76,   -0.3,   0.98184, 2,    7822.74, -120.3,   0.98184, 3,    7822.74,  119.7,   0.98184
"SCN_CN15_9002_CEI072_S", 13.8, 1,    7822.84,   -0.3,   0.98185, 2,    7822.82, -120.3,   0.98185, 3,    7822.83,  119.7,   0.98185
"SCN_CN15_9297_CEI250_ATV", 13.8, 1,    7823.46,   -0.3,   0.98193, 2,    7823.44, -120.3,   0.98193, 3,    7823.44,  119.7,   0.98193
"SCN_CN15_9296_CEI250_ATV_S", 13.8, 1,    7823.76,   -0.3,   0.98197, 2,    7823.75, -120.3,   0.98197, 3,    7823.75,  119.7,   0.98197
"SCN_CN15_9297_CEI250_ATV_S", 13.8, 1,    7823.46,   -0.3,   0.98193, 2,    7823.44, -120.3,   0.98193, 3,    7823.44,  119.7,   0.98193
"SCN_CN15_9293_CEI250_ATV_S", 13.8, 1,    7824.33,   -0.3,   0.98204, 2,    7824.31, -120.3,   0.98204, 3,    7824.31,  119.7,   0.98204
"SCN_CN15_9292_CEI250_ATV", 13.8, 1,    7824.64,   -0.3,   0.98208, 2,    7824.62, -120.3,   0.98208, 3,    7824.63,  119.7,   0.98208
"SCN_CN15_9296_CEI250_ATV", 13.8, 1,    7823.76,   -0.3,   0.98197, 2,    7823.75, -120.3,   0.98197, 3,    7823.75,  119.7,   0.98197
"SCN_CN15_9295_CEI250_ATV", 13.8, 1,    7824.14,   -0.3,   0.98201, 2,    7824.12, -120.3,   0.98201, 3,    7824.12,  119.7,   0.98201
"SCN_CN15_9300_CEI250_ATV", 13.8, 1,    7823.45,   -0.3,   0.98193, 2,    7823.43, -120.3,   0.98193, 3,    7823.43,  119.7,   0.98193
"SCN_CN15_9003_CEIRJ012_ATV", 13.8, 1,    7823.46,   -0.3,   0.98193, 2,    7823.44, -120.3,   0.98193, 3,    7823.44,  119.7,   0.98193
"SCN_CN15_9006_CEI072", 13.8, 1,    7821.55,   -0.3,   0.98169, 2,    7821.53, -120.3,   0.98169, 3,    7821.53,  119.7,   0.98169
"SCN_CN15_9007_CEI072", 13.8, 1,    7821.51,   -0.3,   0.98168, 2,    7821.49, -120.3,   0.98168, 3,    7821.49,  119.7,   0.98168
"SCN_CN15_9487_CEI109", 13.8, 1,    7791.22,   -0.4,   0.97788, 2,     7791.2, -120.4,   0.97788, 3,     7791.2,  119.6,   0.97788
"SCN_CN15_9008_CEI072", 13.8, 1,    7821.49,   -0.3,   0.98168, 2,    7821.47, -120.3,   0.98168, 3,    7821.47,  119.7,   0.98168
"SCN_CN15_9009_CEI072", 13.8, 1,    7821.47,   -0.3,   0.98168, 2,    7821.45, -120.3,   0.98168, 3,    7821.45,  119.7,   0.98168
"SCN_CN15_9010_CEI072_S", 13.8, 1,    7821.45,   -0.3,   0.98168, 2,    7821.43, -120.3,   0.98168, 3,    7821.44,  119.7,   0.98168
"SCN_CN15_9010_CEI072", 13.8, 1,    7821.45,   -0.3,   0.98168, 2,    7821.43, -120.3,   0.98168, 3,    7821.44,  119.7,   0.98168
"SCN_CN15_9011_CEI072", 13.8, 1,    7821.43,   -0.3,   0.98168, 2,    7821.41, -120.3,   0.98167, 3,    7821.41,  119.7,   0.98167
"SCN_CN15_9012_CEI072", 13.8, 1,    7821.43,   -0.3,   0.98167, 2,    7821.41, -120.3,   0.98167, 3,    7821.41,  119.7,   0.98167
"SCN_CN15_9024_CEI072", 13.8, 1,     7821.4,   -0.3,   0.98167, 2,    7821.38, -120.3,   0.98167, 3,    7821.38,  119.7,   0.98167
"SCN_CN15_9025_CEI072", 13.8, 1,    7821.39,   -0.3,   0.98167, 2,    7821.37, -120.3,   0.98167, 3,    7821.37,  119.7,   0.98167
"SCN_CN15_9027_CEI072", 13.8, 1,    7821.37,   -0.3,   0.98167, 2,    7821.35, -120.3,   0.98166, 3,    7821.35,  119.7,   0.98167
"SCN_CN15_9032_CEI072", 13.8, 1,    7821.35,   -0.3,   0.98166, 2,    7821.33, -120.3,   0.98166, 3,    7821.33,  119.7,   0.98166
"SCN_CN15_9033_CEI072", 13.8, 1,    7821.33,   -0.3,   0.98166, 2,    7821.31, -120.3,   0.98166, 3,    7821.32,  119.7,   0.98166
"SCN_CN15_9301_CEI250_ATV", 13.8, 1,    7824.29,   -0.3,   0.98203, 2,    7824.27, -120.3,   0.98203, 3,    7824.27,  119.7,   0.98203
"SCN_CN15_9293_CEI250_ATV", 13.8, 1,    7824.33,   -0.3,   0.98204, 2,    7824.31, -120.3,   0.98204, 3,    7824.31,  119.7,   0.98204
"SCN_CN15_9489_CEI109", 13.8, 1,    7791.22,   -0.4,   0.97788, 2,     7791.2, -120.4,   0.97788, 3,     7791.2,  119.6,   0.97788
"SCN_CN15_9303_CEI250_ATV", 13.8, 1,    7824.21,   -0.3,   0.98202, 2,    7824.19, -120.3,   0.98202, 3,     7824.2,  119.7,   0.98202
"SCN_CN15_9304_CEI250_ATV", 13.8, 1,    7824.18,   -0.3,   0.98202, 2,    7824.16, -120.3,   0.98202, 3,    7824.16,  119.7,   0.98202
"SCN_CN15_9305_CEI250_ATV", 13.8, 1,    7824.14,   -0.3,   0.98202, 2,    7824.12, -120.3,   0.98201, 3,    7824.13,  119.7,   0.98201
"SCN_CN15_9306_CEI250_ATV", 13.8, 1,     7824.1,   -0.3,   0.98201, 2,    7824.08, -120.3,   0.98201, 3,    7824.08,  119.7,   0.98201
"SCN_CN15_9307_CEI250_ATV", 13.8, 1,    7824.07,   -0.3,   0.98201, 2,    7824.06, -120.3,     0.982, 3,    7824.06,  119.7,     0.982
"SCN_CN15_9308_CEI250_ATV", 13.8, 1,    7824.06,   -0.3,   0.98201, 2,    7824.04, -120.3,     0.982, 3,    7824.05,  119.7,     0.982
"SCN_CN15_9053_CEI160_ATV", 13.8, 1,    7824.06,   -0.3,   0.98201, 2,    7824.04, -120.3,     0.982, 3,    7824.05,  119.7,     0.982
"SCN_CN15_9054_CEI160_ATV", 13.8, 1,    7824.06,   -0.3,   0.98201, 2,    7824.04, -120.3,     0.982, 3,    7824.05,  119.7,     0.982
"SCN_CN15_9311_CEI250_ATV", 13.8, 1,    7824.02,   -0.3,     0.982, 2,       7824, -120.3,     0.982, 3,       7824,  119.7,     0.982
"SCN_CN15_9488_CEI109", 13.8, 1,    7791.22,   -0.4,   0.97788, 2,     7791.2, -120.4,   0.97788, 3,     7791.2,  119.6,   0.97788
"SCN_CN15_9312_CEI250_ATV", 13.8, 1,    7823.99,   -0.3,     0.982, 2,    7823.97, -120.3,   0.98199, 3,    7823.97,  119.7,   0.98199
"SCN_CN15_9313_CEI250_ATV", 13.8, 1,    7823.99,   -0.3,     0.982, 2,    7823.97, -120.3,   0.98199, 3,    7823.97,  119.7,   0.98199
"SCN_CN15_9314_CEI250_ATV_S", 13.8, 1,    7823.97,   -0.3,   0.98199, 2,    7823.95, -120.3,   0.98199, 3,    7823.95,  119.7,   0.98199
"SCN_CN15_9314_CEI250_ATV", 13.8, 1,    7823.97,   -0.3,   0.98199, 2,    7823.95, -120.3,   0.98199, 3,    7823.95,  119.7,   0.98199
"SCN_CN15_9052_CEI071", 13.8, 1,    7823.95,   -0.3,   0.98199, 2,    7823.93, -120.3,   0.98199, 3,    7823.93,  119.7,   0.98199
"SCN_CN15_9053_CEI071", 13.8, 1,    7823.93,   -0.3,   0.98199, 2,    7823.91, -120.3,   0.98199, 3,    7823.92,  119.7,   0.98199
"SCN_CN15_9054_CEI071", 13.8, 1,    7823.92,   -0.3,   0.98199, 2,     7823.9, -120.3,   0.98199, 3,     7823.9,  119.7,   0.98199
"SCN_CN15_9055_CEI071", 13.8, 1,    7823.91,   -0.3,   0.98199, 2,    7823.89, -120.3,   0.98198, 3,    7823.89,  119.7,   0.98198
"SCN_CN15_9056_CEI071", 13.8, 1,    7823.89,   -0.3,   0.98198, 2,    7823.87, -120.3,   0.98198, 3,    7823.88,  119.7,   0.98198
"SCN_CN15_9057_CEI071", 13.8, 1,    7823.88,   -0.3,   0.98198, 2,    7823.86, -120.3,   0.98198, 3,    7823.87,  119.7,   0.98198
"SCN_CN15_9058_CEI071", 13.8, 1,    7823.86,   -0.3,   0.98198, 2,    7823.84, -120.3,   0.98198, 3,    7823.85,  119.7,   0.98198
"SCN_CN15_9495_CEI109", 13.8, 1,     7791.2,   -0.4,   0.97788, 2,    7791.18, -120.4,   0.97788, 3,    7791.18,  119.6,   0.97788
"SCN_CN15_9319_CEI250_ATV", 13.8, 1,    7823.85,   -0.3,   0.98198, 2,    7823.83, -120.3,   0.98198, 3,    7823.83,  119.7,   0.98198
"SCN_CN15_9320_CEI250_ATV", 13.8, 1,    7823.84,   -0.3,   0.98198, 2,    7823.82, -120.3,   0.98198, 3,    7823.82,  119.7,   0.98198
"SCN_CN15_9321_CEI250_ATV", 13.8, 1,    7823.84,   -0.3,   0.98198, 2,    7823.82, -120.3,   0.98198, 3,    7823.82,  119.7,   0.98198
"SCN_CN15_9062_CEI071", 13.8, 1,    7823.82,   -0.3,   0.98197, 2,     7823.8, -120.3,   0.98197, 3,     7823.8,  119.7,   0.98197
"SCN_CN15_9060_CEI071", 13.8, 1,    7823.83,   -0.3,   0.98198, 2,    7823.81, -120.3,   0.98197, 3,    7823.81,  119.7,   0.98197
"SCN_CN15_9059_CEI071", 13.8, 1,    7823.83,   -0.3,   0.98198, 2,    7823.82, -120.3,   0.98197, 3,    7823.82,  119.7,   0.98197
"SCN_CN15_9322_CEI250_ATV", 13.8, 1,    7823.83,   -0.3,   0.98198, 2,    7823.81, -120.3,   0.98197, 3,    7823.82,  119.7,   0.98197
"SCN_CN15_9323_CEI250_ATV", 13.8, 1,    7823.82,   -0.3,   0.98197, 2,     7823.8, -120.3,   0.98197, 3,     7823.8,  119.7,   0.98197
"SCN_CN15_9325_CEI250_ATV", 13.8, 1,    7823.82,   -0.3,   0.98197, 2,     7823.8, -120.3,   0.98197, 3,     7823.8,  119.7,   0.98197
"SCN_CN15_9019_CEIRJ006_ATV", 13.8, 1,    7823.82,   -0.3,   0.98197, 2,     7823.8, -120.3,   0.98197, 3,     7823.8,  119.7,   0.98197
"SCN_CN15_9010_CEIRJ006_ATV", 13.8, 1,    7823.98,   -0.3,     0.982, 2,    7823.96, -120.3,   0.98199, 3,    7823.97,  119.7,   0.98199
"SCN_CN15_9051_CEI071", 13.8, 1,    7823.97,   -0.3,   0.98199, 2,    7823.95, -120.3,   0.98199, 3,    7823.95,  119.7,   0.98199
"SCN_CN15_9101_CEI201_ATV", 13.8, 1,    7808.96,   -0.3,   0.98011, 2,    7808.93, -120.3,   0.98011, 3,    7808.93,  119.7,   0.98011
"SCN_CN15_9446_CEI109", 13.8, 1,    7795.57,   -0.4,   0.97843, 2,    7795.55, -120.4,   0.97843, 3,    7795.55,  119.6,   0.97843
"SCN_CN15_9445_CEI109", 13.8, 1,    7795.57,   -0.4,   0.97843, 2,    7795.54, -120.4,   0.97843, 3,    7795.55,  119.6,   0.97843
"SCN_CN15_9444_CEI109", 13.8, 1,    7795.57,   -0.4,   0.97843, 2,    7795.54, -120.4,   0.97843, 3,    7795.54,  119.6,   0.97843
"SCN_CN15_9443_CEI109", 13.8, 1,    7795.56,   -0.4,   0.97843, 2,    7795.54, -120.4,   0.97843, 3,    7795.54,  119.6,   0.97843
"SCN_CN15_9442_CEI109", 13.8, 1,    7795.56,   -0.4,   0.97843, 2,    7795.54, -120.4,   0.97843, 3,    7795.54,  119.6,   0.97843
"SCN_CN15_9441_CEI109", 13.8, 1,    7795.56,   -0.4,   0.97843, 2,    7795.54, -120.4,   0.97842, 3,    7795.54,  119.6,   0.97843
"SCN_CN15_9459_CEI109", 13.8, 1,     7795.6,   -0.4,   0.97843, 2,    7795.58, -120.4,   0.97843, 3,    7795.58,  119.6,   0.97843
"SCN_CN15_9081_CEI201_ATV", 13.8, 1,    7809.05,   -0.3,   0.98012, 2,    7809.02, -120.3,   0.98012, 3,    7809.02,  119.7,   0.98012
"SCN_CN15_9049_CEI201_ATV", 13.8, 1,    7791.32,   -0.4,    0.9779, 2,    7791.29, -120.4,   0.97789, 3,    7791.29,  119.6,   0.97789
"SCN_CN15_9477_CEI109", 13.8, 1,    7791.32,   -0.4,    0.9779, 2,     7791.3, -120.4,   0.97789, 3,     7791.3,  119.6,   0.97789
"SCN_CN15_9105_CEI201_ATV_S", 13.8, 1,    7808.97,   -0.3,   0.98011, 2,    7808.94, -120.3,   0.98011, 3,    7808.94,  119.7,   0.98011
"SCN_CN15_9089_CEI131_ATV", 13.8, 1,    7799.86,   -0.4,   0.97897, 2,    7799.84, -120.4,   0.97897, 3,    7799.84,  119.6,   0.97897
"SCN_CN15_9090_CEI131_ATV", 13.8, 1,     7800.1,   -0.4,     0.979, 2,    7800.08, -120.4,     0.979, 3,    7800.08,  119.6,     0.979
"SCN_CN15_9091_CEI131_ATV", 13.8, 1,    7800.31,   -0.4,   0.97902, 2,    7800.28, -120.4,   0.97902, 3,    7800.29,  119.6,   0.97902
"SCN_CN15_9092_CEI131_ATV", 13.8, 1,     7800.3,   -0.4,   0.97902, 2,    7800.28, -120.4,   0.97902, 3,    7800.28,  119.6,   0.97902
"SCN_CN15_9093_CEI131_ATV", 13.8, 1,    7800.29,   -0.4,   0.97902, 2,    7800.27, -120.4,   0.97902, 3,    7800.27,  119.6,   0.97902
"SCN_CN15_9094_CEI131_ATV", 13.8, 1,    7800.29,   -0.4,   0.97902, 2,    7800.26, -120.4,   0.97902, 3,    7800.26,  119.6,   0.97902
"SCN_CN15_9095_CEI131_ATV", 13.8, 1,    7800.28,   -0.4,   0.97902, 2,    7800.26, -120.4,   0.97902, 3,    7800.26,  119.6,   0.97902
"SCN_CN15_9091_CEI131_ATV_S", 13.8, 1,    7800.31,   -0.4,   0.97902, 2,    7800.28, -120.4,   0.97902, 3,    7800.29,  119.6,   0.97902
"SCN_CN15_9096_CEI131_ATV", 13.8, 1,    7800.53,   -0.4,   0.97905, 2,    7800.51, -120.4,   0.97905, 3,    7800.51,  119.6,   0.97905
"SCN_CN15_9054_CEI201_ATV", 13.8, 1,    7791.37,   -0.4,    0.9779, 2,    7791.34, -120.4,    0.9779, 3,    7791.34,  119.6,    0.9779
"SCN_CN15_9474_CEI109", 13.8, 1,    7791.37,   -0.4,    0.9779, 2,    7791.35, -120.4,    0.9779, 3,    7791.35,  119.6,    0.9779
"SCN_CN15_9082_CEI201_ATV", 13.8, 1,    7809.04,   -0.3,   0.98012, 2,    7809.02, -120.3,   0.98012, 3,    7809.02,  119.7,   0.98012
"SCN_CN15_CEI_FL_MT_1162", 13.8, 1,    7809.06,   -0.3,   0.98012, 2,    7809.03, -120.3,   0.98012, 3,    7809.03,  119.7,   0.98012
"SCN_CN15_9083_CEI201_ATV_S", 13.8, 1,    7809.05,   -0.3,   0.98012, 2,    7809.03, -120.3,   0.98012, 3,    7809.03,  119.7,   0.98012
"SCN_CN15_9107_CEI220_ATV", 13.8, 1,    7802.71,   -0.4,   0.97933, 2,    7802.69, -120.4,   0.97932, 3,    7802.69,  119.6,   0.97932
"SCN_CN15_9460_CEI109", 13.8, 1,     7795.6,   -0.4,   0.97843, 2,    7795.58, -120.4,   0.97843, 3,    7795.58,  119.6,   0.97843
"SCN_CN15_9461_CEI109", 13.8, 1,     7795.6,   -0.4,   0.97843, 2,    7795.58, -120.4,   0.97843, 3,    7795.58,  119.6,   0.97843
"SCN_CN15_9187_CEI068", 13.8, 1,    7834.26,   -0.3,   0.98329, 2,    7834.24, -120.3,   0.98328, 3,    7834.24,  119.7,   0.98328
"SCN_CN15_9188_CEI068", 13.8, 1,    7834.25,   -0.3,   0.98328, 2,    7834.23, -120.3,   0.98328, 3,    7834.23,  119.7,   0.98328
"SCN_CN15_9190_CEI068", 13.8, 1,    7834.24,   -0.3,   0.98328, 2,    7834.22, -120.3,   0.98328, 3,    7834.22,  119.7,   0.98328
"SCN_CN15_9189_CEI068", 13.8, 1,    7834.24,   -0.3,   0.98328, 2,    7834.22, -120.3,   0.98328, 3,    7834.22,  119.7,   0.98328
"SCN_CN15_9018_CEI130A_ATV", 13.8, 1,    7834.22,   -0.3,   0.98328, 2,     7834.2, -120.3,   0.98328, 3,     7834.2,  119.7,   0.98328
"SCN_CN15_9019_CEI130A_ATV", 13.8, 1,    7834.21,   -0.3,   0.98328, 2,    7834.19, -120.3,   0.98328, 3,    7834.19,  119.7,   0.98328
"SCN_CN15_9462_CEI109", 13.8, 1,     7795.6,   -0.4,   0.97843, 2,    7795.58, -120.4,   0.97843, 3,    7795.58,  119.6,   0.97843
"SCN_CN15_9020_CEI130A_ATV", 13.8, 1,     7834.2,   -0.3,   0.98328, 2,    7834.18, -120.3,   0.98327, 3,    7834.18,  119.7,   0.98328
"SCN_CN15_9021_CEI130A_ATV", 13.8, 1,    7834.18,   -0.3,   0.98328, 2,    7834.17, -120.3,   0.98327, 3,    7834.17,  119.7,   0.98327
"SCN_CN15_9022_CEI130A_ATV", 13.8, 1,    7834.17,   -0.3,   0.98327, 2,    7834.16, -120.3,   0.98327, 3,    7834.16,  119.7,   0.98327
"SCN_CN15_9023_CEI130A_ATV", 13.8, 1,    7834.16,   -0.3,   0.98327, 2,    7834.14, -120.3,   0.98327, 3,    7834.15,  119.7,   0.98327
"SCN_CN15_9024_CEI130A_ATV", 13.8, 1,    7834.15,   -0.3,   0.98327, 2,    7834.13, -120.3,   0.98327, 3,    7834.14,  119.7,   0.98327
"SCN_CN15_9025_CEI130A_ATV_S", 13.8, 1,    7834.14,   -0.3,   0.98327, 2,    7834.12, -120.3,   0.98327, 3,    7834.12,  119.7,   0.98327
"SCN_CN15_9025_CEI130A_ATV", 13.8, 1,    7834.14,   -0.3,   0.98327, 2,    7834.12, -120.3,   0.98327, 3,    7834.12,  119.7,   0.98327
"SCN_CN15_9026_CEI130A_ATV", 13.8, 1,    7834.14,   -0.3,   0.98327, 2,    7834.12, -120.3,   0.98327, 3,    7834.12,  119.7,   0.98327
"SCN_CN15_9027_CEI130A_ATV", 13.8, 1,    7834.13,   -0.3,   0.98327, 2,    7834.11, -120.3,   0.98327, 3,    7834.11,  119.7,   0.98327
"SCN_CN15_9028_CEI130A_ATV", 13.8, 1,    7834.13,   -0.3,   0.98327, 2,    7834.11, -120.3,   0.98327, 3,    7834.11,  119.7,   0.98327
"SCN_CN15_9029_CEI130A_ATV", 13.8, 1,    7834.13,   -0.3,   0.98327, 2,    7834.11, -120.3,   0.98327, 3,    7834.11,  119.7,   0.98327
"SCN_CN15_9463_CEI109", 13.8, 1,     7795.6,   -0.4,   0.97843, 2,    7795.58, -120.4,   0.97843, 3,    7795.58,  119.6,   0.97843
"SCN_CN15_9030_CEI130A_ATV", 13.8, 1,    7834.13,   -0.3,   0.98327, 2,    7834.11, -120.3,   0.98327, 3,    7834.11,  119.7,   0.98327
"SCN_CN15_9031_CEI130A_ATV", 13.8, 1,    7834.13,   -0.3,   0.98327, 2,    7834.11, -120.3,   0.98327, 3,    7834.11,  119.7,   0.98327
"SCN_CN15_9032_CEI130A_ATV", 13.8, 1,    7834.13,   -0.3,   0.98327, 2,    7834.11, -120.3,   0.98327, 3,    7834.11,  119.7,   0.98327
"SCN_CN15_9033_CEI130A_ATV", 13.8, 1,    7834.13,   -0.3,   0.98327, 2,    7834.11, -120.3,   0.98327, 3,    7834.11,  119.7,   0.98327
"SCN_CN15_9035_CEI130A_ATV", 13.8, 1,    7834.13,   -0.3,   0.98327, 2,    7834.11, -120.3,   0.98327, 3,    7834.11,  119.7,   0.98327
"SCN_CN15_9037_CEI130A_ATV", 13.8, 1,    7834.12,   -0.3,   0.98327, 2,     7834.1, -120.3,   0.98327, 3,    7834.11,  119.7,   0.98327
"SCN_CN15_9045_CEI130A_ATV", 13.8, 1,    7834.11,   -0.3,   0.98327, 2,    7834.09, -120.3,   0.98326, 3,    7834.09,  119.7,   0.98326
"SCN_CN15_9038_CEI130A_ATV", 13.8, 1,    7834.12,   -0.3,   0.98327, 2,     7834.1, -120.3,   0.98327, 3,    7834.11,  119.7,   0.98327
"SCN_CN15_9464_CEI109", 13.8, 1,     7795.6,   -0.4,   0.97843, 2,    7795.57, -120.4,   0.97843, 3,    7795.57,  119.6,   0.97843
"SCN_CN15_9041_CEI130A_ATV", 13.8, 1,    7834.12,   -0.3,   0.98327, 2,     7834.1, -120.3,   0.98327, 3,    7834.11,  119.7,   0.98327
"SCN_CN15_9039_CEI130A_ATV", 13.8, 1,    7834.12,   -0.3,   0.98327, 2,     7834.1, -120.3,   0.98327, 3,    7834.11,  119.7,   0.98327
"SCN_CN15_9044_CEI130A_ATV", 13.8, 1,    7834.12,   -0.3,   0.98327, 2,     7834.1, -120.3,   0.98327, 3,    7834.11,  119.7,   0.98327
"SCN_CN15_9043_CEI130A_ATV", 13.8, 1,    7834.12,   -0.3,   0.98327, 2,     7834.1, -120.3,   0.98327, 3,    7834.11,  119.7,   0.98327
"SCN_CN15_9042_CEI130A_ATV", 13.8, 1,    7834.12,   -0.3,   0.98327, 2,     7834.1, -120.3,   0.98327, 3,    7834.11,  119.7,   0.98327
"SCN_CN15_9465_CEI109", 13.8, 1,    7795.59,   -0.4,   0.97843, 2,    7795.57, -120.4,   0.97843, 3,    7795.57,  119.6,   0.97843
"SCN_CN15_9040_CEI076", 13.8, 1,    7834.22,   -0.3,   0.98328, 2,     7834.2, -120.3,   0.98328, 3,    7834.21,  119.7,   0.98328
"SCN_CN15_9047_CEI076", 13.8, 1,    7834.21,   -0.3,   0.98328, 2,     7834.2, -120.3,   0.98328, 3,     7834.2,  119.7,   0.98328
"SCN_CN15_9039_CEI076_S", 13.8, 1,    7834.23,   -0.3,   0.98328, 2,    7834.21, -120.3,   0.98328, 3,    7834.21,  119.7,   0.98328
"SCN_CN15_9038_CEI076", 13.8, 1,    7834.23,   -0.3,   0.98328, 2,    7834.22, -120.3,   0.98328, 3,    7834.22,  119.7,   0.98328
"SCN_CN15_9037_CEI076", 13.8, 1,    7834.23,   -0.3,   0.98328, 2,    7834.21, -120.3,   0.98328, 3,    7834.21,  119.7,   0.98328
"SCN_CN15_9036_CEI076", 13.8, 1,    7834.24,   -0.3,   0.98328, 2,    7834.23, -120.3,   0.98328, 3,    7834.23,  119.7,   0.98328
"SCN_CN15_9038_CEI076_S", 13.8, 1,    7834.23,   -0.3,   0.98328, 2,    7834.22, -120.3,   0.98328, 3,    7834.22,  119.7,   0.98328
"SCN_CN15_9466_CEI109", 13.8, 1,    7795.59,   -0.4,   0.97843, 2,    7795.57, -120.4,   0.97843, 3,    7795.57,  119.6,   0.97843
"SCN_CN15_9034_CEI076", 13.8, 1,    7834.25,   -0.3,   0.98328, 2,    7834.24, -120.3,   0.98328, 3,    7834.24,  119.7,   0.98328
"SCN_CN15_9033_CEI076", 13.8, 1,    7834.26,   -0.3,   0.98329, 2,    7834.25, -120.3,   0.98328, 3,    7834.25,  119.7,   0.98328
"SCN_CN15_9032_CEI076", 13.8, 1,    7834.28,   -0.3,   0.98329, 2,    7834.27, -120.3,   0.98329, 3,    7834.27,  119.7,   0.98329
"SCN_CN15_9031_CEI076", 13.8, 1,     7834.3,   -0.3,   0.98329, 2,    7834.28, -120.3,   0.98329, 3,    7834.29,  119.7,   0.98329
"SCN_CN15_9030_CEI076", 13.8, 1,    7834.32,   -0.3,   0.98329, 2,     7834.3, -120.3,   0.98329, 3,     7834.3,  119.7,   0.98329
"SCN_CN15_9046_CEIRJ006_ATV", 13.8, 1,    7834.34,   -0.3,   0.98329, 2,    7834.32, -120.3,   0.98329, 3,    7834.32,  119.7,   0.98329
"SCN_CN15_9047_CEIRJ006_ATV", 13.8, 1,    7834.37,   -0.3,    0.9833, 2,    7834.35, -120.3,    0.9833, 3,    7834.35,  119.7,    0.9833
"SCN_CN15_9025_CEI076", 13.8, 1,     7834.4,   -0.3,    0.9833, 2,    7834.38, -120.3,    0.9833, 3,    7834.38,  119.7,    0.9833
"SCN_CN15_9024_CEI076", 13.8, 1,    7834.41,   -0.3,    0.9833, 2,    7834.39, -120.3,    0.9833, 3,     7834.4,  119.7,    0.9833
"SCN_CN15_9023_CEI076", 13.8, 1,    7834.43,   -0.3,   0.98331, 2,    7834.42, -120.3,    0.9833, 3,    7834.42,  119.7,   0.98331
"SCN_CN15_9293_CEI109", 13.8, 1,    7795.55,   -0.4,   0.97843, 2,    7795.53, -120.4,   0.97842, 3,    7795.53,  119.6,   0.97842
"SCN_CN15_9049_CEIRJ006_ATV", 13.8, 1,    7834.46,   -0.3,   0.98331, 2,    7834.44, -120.3,   0.98331, 3,    7834.44,  119.7,   0.98331
"SCN_CN15_9023_CEI076_S", 13.8, 1,    7834.43,   -0.3,   0.98331, 2,    7834.42, -120.3,    0.9833, 3,    7834.42,  119.7,   0.98331
"SCN_CN15_9019_CEI076", 13.8, 1,    7834.49,   -0.3,   0.98331, 2,    7834.47, -120.3,   0.98331, 3,    7834.47,  119.7,   0.98331
"SCN_CN15_9018_CEI076", 13.8, 1,     7834.5,   -0.3,   0.98332, 2,    7834.49, -120.3,   0.98331, 3,    7834.49,  119.7,   0.98331
"SCN_CN15_9017_CEI076", 13.8, 1,    7834.52,   -0.3,   0.98332, 2,    7834.51, -120.3,   0.98332, 3,    7834.51,  119.7,   0.98332
"SCN_CN15_9016_CEI076", 13.8, 1,    7834.54,   -0.3,   0.98332, 2,    7834.52, -120.3,   0.98332, 3,    7834.52,  119.7,   0.98332
"SCN_CN15_9015_CEI076", 13.8, 1,    7834.56,   -0.3,   0.98332, 2,    7834.54, -120.3,   0.98332, 3,    7834.55,  119.7,   0.98332
"SCN_CN15_9014_CEI076", 13.8, 1,    7834.58,   -0.3,   0.98333, 2,    7834.57, -120.3,   0.98332, 3,    7834.57,  119.7,   0.98332
"SCN_CN15_9013_CEI076", 13.8, 1,    7834.62,   -0.3,   0.98333, 2,     7834.6, -120.3,   0.98333, 3,     7834.6,  119.7,   0.98333
"SCN_CN15_9012_CEI076", 13.8, 1,    7834.65,   -0.3,   0.98333, 2,    7834.64, -120.3,   0.98333, 3,    7834.64,  119.7,   0.98333
"SCN_CN15_9011_CEI076", 13.8, 1,    7834.69,   -0.3,   0.98334, 2,    7834.67, -120.3,   0.98334, 3,    7834.67,  119.7,   0.98334
"SCN_CN15_9294_CEI109", 13.8, 1,    7795.43,   -0.4,   0.97841, 2,    7795.41, -120.4,   0.97841, 3,    7795.41,  119.6,   0.97841
"SCN_CN15_9010_CEI076", 13.8, 1,    7834.72,   -0.3,   0.98334, 2,    7834.71, -120.3,   0.98334, 3,    7834.71,  119.7,   0.98334
"SCN_CN15_9009_CEI076", 13.8, 1,    7834.76,   -0.3,   0.98335, 2,    7834.74, -120.3,   0.98335, 3,    7834.74,  119.7,   0.98335
"SCN_CN15_9008_CEI076", 13.8, 1,    7834.78,   -0.3,   0.98335, 2,    7834.76, -120.3,   0.98335, 3,    7834.76,  119.7,   0.98335
"SCN_CN15_9007_CEI076", 13.8, 1,     7834.8,   -0.3,   0.98335, 2,    7834.79, -120.3,   0.98335, 3,    7834.79,  119.7,   0.98335
"SCN_CN15_9006_CEI076", 13.8, 1,    7834.83,   -0.3,   0.98336, 2,    7834.81, -120.3,   0.98335, 3,    7834.81,  119.7,   0.98335
"SCN_CN15_9005_CEI076", 13.8, 1,    7834.85,   -0.3,   0.98336, 2,    7834.84, -120.3,   0.98336, 3,    7834.84,  119.7,   0.98336
"SCN_CN15_9004_CEI076", 13.8, 1,    7834.88,   -0.3,   0.98336, 2,    7834.86, -120.3,   0.98336, 3,    7834.86,  119.7,   0.98336
"SCN_CN15_9003_CEI076", 13.8, 1,     7834.9,   -0.3,   0.98337, 2,    7834.88, -120.3,   0.98336, 3,    7834.88,  119.7,   0.98336
"SCN_CN15_9002_CEI076", 13.8, 1,    7834.93,   -0.3,   0.98337, 2,    7834.91, -120.3,   0.98337, 3,    7834.91,  119.7,   0.98337
"SCN_CN15_9117_CEI076", 13.8, 1,    7834.95,   -0.3,   0.98337, 2,    7834.93, -120.3,   0.98337, 3,    7834.94,  119.7,   0.98337
"SCN_CN15_9295_CEI109", 13.8, 1,    7795.31,   -0.4,    0.9784, 2,    7795.29, -120.4,   0.97839, 3,    7795.29,  119.6,   0.97839
"SCN_CN15_9149_CEI068", 13.8, 1,    7834.98,   -0.3,   0.98338, 2,    7834.96, -120.3,   0.98337, 3,    7834.96,  119.7,   0.98337
"SCN_CN15_9312_CEI068", 13.8, 1,    7834.97,   -0.3,   0.98337, 2,    7834.95, -120.3,   0.98337, 3,    7834.96,  119.7,   0.98337
"SCN_CN15_9313_CEI068", 13.8, 1,    7834.96,   -0.3,   0.98337, 2,    7834.94, -120.3,   0.98337, 3,    7834.95,  119.7,   0.98337
"SCN_CN15_9314_CEI068", 13.8, 1,    7834.95,   -0.3,   0.98337, 2,    7834.93, -120.3,   0.98337, 3,    7834.93,  119.7,   0.98337
"SCN_CN15_9315_CEI068", 13.8, 1,    7834.94,   -0.3,   0.98337, 2,    7834.92, -120.3,   0.98337, 3,    7834.92,  119.7,   0.98337
"SCN_CN15_9316_CEI068", 13.8, 1,    7834.93,   -0.3,   0.98337, 2,    7834.91, -120.3,   0.98337, 3,    7834.91,  119.7,   0.98337
"SCN_CN15_9317_CEI068", 13.8, 1,    7834.92,   -0.3,   0.98337, 2,     7834.9, -120.3,   0.98337, 3,     7834.9,  119.7,   0.98337
"SCN_CN15_9319_CEI068", 13.8, 1,    7834.91,   -0.3,   0.98337, 2,     7834.9, -120.3,   0.98337, 3,     7834.9,  119.7,   0.98337
"SCN_CN15_9150_CEI068", 13.8, 1,    7835.01,   -0.3,   0.98338, 2,    7834.99, -120.3,   0.98338, 3,    7834.99,  119.7,   0.98338
"SCN_CN15_9149_CEI068_S", 13.8, 1,    7834.98,   -0.3,   0.98338, 2,    7834.96, -120.3,   0.98337, 3,    7834.96,  119.7,   0.98337
"SCN_CN15_9064_CEI201_ATV", 13.8, 1,    7792.17,   -0.4,     0.978, 2,    7792.15, -120.4,     0.978, 3,    7792.15,  119.6,     0.978
"SCN_CN15_9408_CEI109", 13.8, 1,    7792.18,   -0.4,     0.978, 2,    7792.16, -120.4,     0.978, 3,    7792.16,  119.6,     0.978
"SCN_CN15_9024_CEI130_ATV", 13.8, 1,    7818.28,   -0.3,   0.98128, 2,    7818.26, -120.3,   0.98128, 3,    7818.27,  119.7,   0.98128
"SCN_CN15_9099_CEI131_ATV", 13.8, 1,       7801,   -0.4,   0.97911, 2,    7800.98, -120.4,   0.97911, 3,    7800.98,  119.6,   0.97911
"SCN_CN15_9197_CEI69B_S", 13.8, 1,    7808.98,   -0.3,   0.98011, 2,    7808.95, -120.3,   0.98011, 3,    7808.95,  119.7,   0.98011
"SCN_CN15_9111_CEI201_ATV", 13.8, 1,    7808.99,   -0.3,   0.98011, 2,    7808.97, -120.3,   0.98011, 3,    7808.97,  119.7,   0.98011
"SCN_CN15_9050_CEI201_ATV", 13.8, 1,    7791.32,   -0.4,    0.9779, 2,    7791.29, -120.4,   0.97789, 3,    7791.29,  119.6,   0.97789
"SCN_CN15_9100_CEI131_ATV", 13.8, 1,    7801.23,   -0.4,   0.97914, 2,    7801.21, -120.4,   0.97914, 3,    7801.21,  119.6,   0.97914
"SCN_CN15_9101_CEI131_ATV", 13.8, 1,    7801.46,   -0.4,   0.97917, 2,    7801.44, -120.4,   0.97917, 3,    7801.44,  119.6,   0.97917
"SCN_CN15_9064_CEI220_ATV", 13.8, 1,     7801.7,   -0.4,    0.9792, 2,    7801.68, -120.4,    0.9792, 3,    7801.68,  119.6,    0.9792
"SCN_CN15_9065_CEI220_ATV", 13.8, 1,     7801.7,   -0.4,    0.9792, 2,    7801.68, -120.4,    0.9792, 3,    7801.68,  119.6,    0.9792
"SCN_CN15_9063_CEI220_ATV", 13.8, 1,    7801.92,   -0.4,   0.97923, 2,     7801.9, -120.4,   0.97922, 3,     7801.9,  119.6,   0.97922
"SCN_CN15_9062_CEI220_ATV", 13.8, 1,    7801.91,   -0.4,   0.97923, 2,    7801.89, -120.4,   0.97922, 3,    7801.89,  119.6,   0.97922
"SCN_CN15_9061_CEI220_ATV", 13.8, 1,     7801.9,   -0.4,   0.97922, 2,    7801.88, -120.4,   0.97922, 3,    7801.88,  119.6,   0.97922
"SCN_CN15_9060_CEI220_ATV", 13.8, 1,     7801.9,   -0.4,   0.97922, 2,    7801.88, -120.4,   0.97922, 3,    7801.88,  119.6,   0.97922
"SCN_CN15_9051_CEI201_ATV", 13.8, 1,    7791.28,   -0.4,   0.97789, 2,    7791.25, -120.4,   0.97789, 3,    7791.25,  119.6,   0.97789
"SCN_CN15_9481_CEI109", 13.8, 1,    7791.28,   -0.4,   0.97789, 2,    7791.25, -120.4,   0.97789, 3,    7791.25,  119.6,   0.97789
"SCN_CN15_9155_CEI109", 13.8, 1,    7793.42,   -0.4,   0.97816, 2,    7793.39, -120.4,   0.97816, 3,    7793.39,  119.6,   0.97816
"SCN_CN15_9025_CEI201_ATV", 13.8, 1,    7790.73,   -0.4,   0.97782, 2,    7790.71, -120.4,   0.97782, 3,    7790.71,  119.6,   0.97782
"SCN_CN15_9151_CEI068", 13.8, 1,    7835.03,   -0.3,   0.98338, 2,    7835.02, -120.3,   0.98338, 3,    7835.02,  119.7,   0.98338
"SCN_CN15_9296_CEI109", 13.8, 1,    7795.14,   -0.4,   0.97838, 2,    7795.12, -120.4,   0.97837, 3,    7795.12,  119.6,   0.97837
"SCN_CN15_9152_CEI068", 13.8, 1,     7835.1,   -0.3,   0.98339, 2,    7835.08, -120.3,   0.98339, 3,    7835.08,  119.7,   0.98339
"SCN_CN15_9153_CEI068", 13.8, 1,    7835.16,   -0.3,    0.9834, 2,    7835.15, -120.3,    0.9834, 3,    7835.15,  119.7,    0.9834
"SCN_CN15_9158_CEI068", 13.8, 1,    7835.23,   -0.3,   0.98341, 2,    7835.21, -120.3,    0.9834, 3,    7835.21,  119.7,    0.9834
"SCN_CN15_9159_CEI068", 13.8, 1,    7835.22,   -0.3,   0.98341, 2,     7835.2, -120.3,    0.9834, 3,    7835.21,  119.7,    0.9834
"SCN_CN15_9158_CEI068_S", 13.8, 1,    7835.23,   -0.3,   0.98341, 2,    7835.21, -120.3,    0.9834, 3,    7835.21,  119.7,    0.9834
"SCN_CN15_9029_CEI250_ATV", 13.8, 1,    7835.29,   -0.3,   0.98342, 2,    7835.28, -120.3,   0.98341, 3,    7835.28,  119.7,   0.98341
"SCN_CN15_9030_CEI250_ATV", 13.8, 1,    7835.38,   -0.3,   0.98343, 2,    7835.36, -120.3,   0.98342, 3,    7835.36,  119.7,   0.98342
"SCN_CN15_9031_CEI250_ATV", 13.8, 1,    7835.37,   -0.3,   0.98343, 2,    7835.36, -120.3,   0.98342, 3,    7835.36,  119.7,   0.98342
"SCN_CN15_9030_CEI250_ATV_S", 13.8, 1,    7835.38,   -0.3,   0.98343, 2,    7835.36, -120.3,   0.98342, 3,    7835.36,  119.7,   0.98342
"SCN_CN15_9032_CEI250_ATV", 13.8, 1,    7835.46,   -0.3,   0.98344, 2,    7835.44, -120.3,   0.98343, 3,    7835.44,  119.7,   0.98343
"SCN_CN15_9033_CEI250_ATV", 13.8, 1,    7835.54,   -0.3,   0.98345, 2,    7835.52, -120.3,   0.98344, 3,    7835.52,  119.7,   0.98344
"SCN_CN15_9102_CEI068", 13.8, 1,    7835.62,   -0.3,   0.98346, 2,     7835.6, -120.3,   0.98345, 3,     7835.6,  119.7,   0.98345
"SCN_CN15_9297_CEI109", 13.8, 1,    7794.98,   -0.4,   0.97836, 2,    7794.96, -120.4,   0.97835, 3,    7794.96,  119.6,   0.97835
"SCN_CN15_9101_CEI068", 13.8, 1,    7835.11,   -0.3,   0.98339, 2,    7835.09, -120.3,   0.98339, 3,     7835.1,  119.7,   0.98339
"SCN_CN15_9100_CEI068_S", 13.8, 1,     7834.7,   -0.3,   0.98334, 2,    7834.68, -120.3,   0.98334, 3,    7834.68,  119.7,   0.98334
"SCN_CN15_9100_CEI068", 13.8, 1,     7834.7,   -0.3,   0.98334, 2,    7834.68, -120.3,   0.98334, 3,    7834.68,  119.7,   0.98334
"SCN_CN15_9050_CEI070_S", 13.8, 1,    7834.17,   -0.3,   0.98327, 2,    7834.15, -120.3,   0.98327, 3,    7834.16,  119.7,   0.98327
"SCN_CN15_9098_CEI068_S", 13.8, 1,     7834.7,   -0.3,   0.98334, 2,    7834.68, -120.3,   0.98334, 3,    7834.68,  119.7,   0.98334
"SCN_CN15_9049_CEI070", 13.8, 1,    7833.73,   -0.3,   0.98322, 2,    7833.71, -120.3,   0.98322, 3,    7833.71,  119.7,   0.98322
"SCN_CN15_9048_CEI070", 13.8, 1,    7833.37,   -0.3,   0.98317, 2,    7833.35, -120.3,   0.98317, 3,    7833.35,  119.7,   0.98317
"SCN_CN15_9047_CEI070", 13.8, 1,    7833.01,   -0.3,   0.98313, 2,       7833, -120.3,   0.98313, 3,       7833,  119.7,   0.98313
"SCN_CN15_9046_CEI070", 13.8, 1,    7832.54,   -0.3,   0.98307, 2,    7832.52, -120.3,   0.98307, 3,    7832.52,  119.7,   0.98307
"SCN_CN15_9045_CEI070_S", 13.8, 1,    7832.04,   -0.3,   0.98301, 2,    7832.02, -120.3,     0.983, 3,    7832.02,  119.7,     0.983
"SCN_CN15_9298_CEI109", 13.8, 1,    7794.76,   -0.4,   0.97833, 2,    7794.74, -120.4,   0.97833, 3,    7794.74,  119.6,   0.97833
"SCN_CN15_9051_CEI070", 13.8, 1,    7832.04,   -0.3,   0.98301, 2,    7832.02, -120.3,     0.983, 3,    7832.02,  119.7,     0.983
"SCN_CN15_9045_CEI070", 13.8, 1,    7832.04,   -0.3,   0.98301, 2,    7832.02, -120.3,     0.983, 3,    7832.02,  119.7,     0.983
"SCN_CN15_9043_CEI070_S", 13.8, 1,    7831.78,   -0.3,   0.98297, 2,    7831.76, -120.3,   0.98297, 3,    7831.76,  119.7,   0.98297
"SCN_CN15_9043_CEI070", 13.8, 1,    7831.78,   -0.3,   0.98297, 2,    7831.76, -120.3,   0.98297, 3,    7831.76,  119.7,   0.98297
"SCN_CN15_9044_CEI070", 13.8, 1,    7831.78,   -0.3,   0.98297, 2,    7831.76, -120.3,   0.98297, 3,    7831.76,  119.7,   0.98297
"SCN_CN15_9042_CEI070_S", 13.8, 1,    7831.32,   -0.3,   0.98292, 2,     7831.3, -120.3,   0.98291, 3,     7831.3,  119.7,   0.98291
"SCN_CN15_9042_CEI070", 13.8, 1,    7831.32,   -0.3,   0.98292, 2,     7831.3, -120.3,   0.98291, 3,     7831.3,  119.7,   0.98291
"SCN_CN15_9052_CEI070", 13.8, 1,    7831.32,   -0.3,   0.98292, 2,     7831.3, -120.3,   0.98291, 3,     7831.3,  119.7,   0.98291
"SCN_CN15_9040_CEI070", 13.8, 1,    7830.81,   -0.3,   0.98285, 2,    7830.79, -120.3,   0.98285, 3,    7830.79,  119.7,   0.98285
"SCN_CN15_9041_CEI070", 13.8, 1,     7830.8,   -0.3,   0.98285, 2,    7830.79, -120.3,   0.98285, 3,    7830.79,  119.7,   0.98285
"SCN_CN15_9039_CEI070", 13.8, 1,    7830.43,   -0.3,    0.9828, 2,    7830.42, -120.3,    0.9828, 3,    7830.42,  119.7,    0.9828
"SCN_CN15_9038_CEI070_S", 13.8, 1,    7829.87,   -0.3,   0.98273, 2,    7829.85, -120.3,   0.98273, 3,    7829.86,  119.7,   0.98273
"SCN_CN15_9038_CEI070", 13.8, 1,    7829.87,   -0.3,   0.98273, 2,    7829.85, -120.3,   0.98273, 3,    7829.86,  119.7,   0.98273
"SCN_CN15_9053_CEI070", 13.8, 1,    7829.87,   -0.3,   0.98273, 2,    7829.85, -120.3,   0.98273, 3,    7829.85,  119.7,   0.98273
"SCN_CN15_9026_CEI220_ATV", 13.8, 1,    7794.62,   -0.4,   0.97831, 2,     7794.6, -120.4,   0.97831, 3,     7794.6,  119.6,   0.97831
"SCN_CN15_9054_CEI070", 13.8, 1,    7829.86,   -0.3,   0.98273, 2,    7829.84, -120.3,   0.98273, 3,    7829.84,  119.7,   0.98273
"SCN_CN15_9055_CEI070_S", 13.8, 1,    7829.84,   -0.3,   0.98273, 2,    7829.83, -120.3,   0.98273, 3,    7829.83,  119.7,   0.98273
"SCN_CN15_9055_CEI070", 13.8, 1,    7829.84,   -0.3,   0.98273, 2,    7829.83, -120.3,   0.98273, 3,    7829.83,  119.7,   0.98273
"SCN_CN15_9057_CEI070", 13.8, 1,    7829.84,   -0.3,   0.98273, 2,    7829.82, -120.3,   0.98273, 3,    7829.82,  119.7,   0.98273
"SCN_CN15_9058_CEI070_S", 13.8, 1,    7829.83,   -0.3,   0.98273, 2,    7829.81, -120.3,   0.98273, 3,    7829.81,  119.7,   0.98273
"SCN_CN15_9058_CEI070", 13.8, 1,    7829.83,   -0.3,   0.98273, 2,    7829.81, -120.3,   0.98273, 3,    7829.81,  119.7,   0.98273
"SCN_CN15_9059_CEI070", 13.8, 1,    7829.83,   -0.3,   0.98273, 2,    7829.81, -120.3,   0.98273, 3,    7829.81,  119.7,   0.98273
"SCN_CN15_9060_CEI070", 13.8, 1,    7829.82,   -0.3,   0.98273, 2,     7829.8, -120.3,   0.98273, 3,    7829.81,  119.7,   0.98273
"SCN_CN15_9061_CEI070", 13.8, 1,    7829.82,   -0.3,   0.98273, 2,     7829.8, -120.3,   0.98273, 3,     7829.8,  119.7,   0.98273
"SCN_CN15_9062_CEI070", 13.8, 1,    7829.81,   -0.3,   0.98273, 2,     7829.8, -120.3,   0.98272, 3,     7829.8,  119.7,   0.98273
"SCN_CN15_9063_CEI070", 13.8, 1,    7829.81,   -0.3,   0.98273, 2,    7829.79, -120.3,   0.98272, 3,    7829.79,  119.7,   0.98272
"SCN_CN15_9064_CEI070", 13.8, 1,     7829.8,   -0.3,   0.98273, 2,    7829.79, -120.3,   0.98272, 3,    7829.79,  119.7,   0.98272
"SCN_CN15_9299_CEI109", 13.8, 1,    7794.55,   -0.4,    0.9783, 2,    7794.53, -120.4,    0.9783, 3,    7794.53,  119.6,    0.9783
"SCN_CN15_9065_CEI070", 13.8, 1,     7829.8,   -0.3,   0.98273, 2,    7829.78, -120.3,   0.98272, 3,    7829.78,  119.7,   0.98272
"SCN_CN15_9066_CEI070", 13.8, 1,    7829.79,   -0.3,   0.98272, 2,    7829.77, -120.3,   0.98272, 3,    7829.78,  119.7,   0.98272
"SCN_CN15_9037_CEI070_S", 13.8, 1,     7829.5,   -0.3,   0.98269, 2,    7829.48, -120.3,   0.98269, 3,    7829.48,  119.7,   0.98269
"SCN_CN15_9036_CEI070", 13.8, 1,    7829.22,   -0.3,   0.98265, 2,     7829.2, -120.3,   0.98265, 3,     7829.2,  119.7,   0.98265
"SCN_CN15_9037_CEI070", 13.8, 1,     7829.5,   -0.3,   0.98269, 2,    7829.48, -120.3,   0.98269, 3,    7829.48,  119.7,   0.98269
"SCN_CN15_9035_CEI070_S", 13.8, 1,    7828.92,   -0.3,   0.98262, 2,    7828.91, -120.3,   0.98261, 3,    7828.91,  119.7,   0.98261
"SCN_CN15_9019_CEI070", 13.8, 1,    7828.92,   -0.3,   0.98262, 2,     7828.9, -120.3,   0.98261, 3,    7828.91,  119.7,   0.98261
"SCN_CN15_9035_CEI070", 13.8, 1,    7828.92,   -0.3,   0.98262, 2,    7828.91, -120.3,   0.98261, 3,    7828.91,  119.7,   0.98261
"SCN_CN15_9020_CEI070", 13.8, 1,    7828.92,   -0.3,   0.98262, 2,     7828.9, -120.3,   0.98261, 3,    7828.91,  119.7,   0.98261
"SCN_CN15_9276_CEI250_ATV", 13.8, 1,    7829.49,   -0.3,   0.98269, 2,    7829.47, -120.3,   0.98268, 3,    7829.47,  119.7,   0.98268
"SCN_CN15_9275_CEI250_ATV", 13.8, 1,    7829.47,   -0.3,   0.98268, 2,    7829.45, -120.3,   0.98268, 3,    7829.46,  119.7,   0.98268
"SCN_CN15_9274_CEI250_ATV", 13.8, 1,    7829.46,   -0.3,   0.98268, 2,    7829.44, -120.3,   0.98268, 3,    7829.45,  119.7,   0.98268
"SCN_CN15_9300_CEI109", 13.8, 1,    7794.38,   -0.4,   0.97828, 2,    7794.36, -120.4,   0.97828, 3,    7794.36,  119.6,   0.97828
"SCN_CN15_9277_CEI250_ATV", 13.8, 1,    7829.45,   -0.3,   0.98268, 2,    7829.43, -120.3,   0.98268, 3,    7829.43,  119.7,   0.98268
"SCN_CN15_9278_CEI250_ATV", 13.8, 1,    7829.44,   -0.3,   0.98268, 2,    7829.42, -120.3,   0.98268, 3,    7829.42,  119.7,   0.98268
"SCN_CN15_9071_CEI070", 13.8, 1,    7829.42,   -0.3,   0.98268, 2,    7829.41, -120.3,   0.98268, 3,    7829.41,  119.7,   0.98268
"SCN_CN15_9034_CEI070", 13.8, 1,    7828.41,   -0.3,   0.98255, 2,    7828.39, -120.3,   0.98255, 3,    7828.39,  119.7,   0.98255
"SCN_CN15_9033_CEI070_S", 13.8, 1,     7827.9,   -0.3,   0.98249, 2,    7827.88, -120.3,   0.98248, 3,    7827.88,  119.7,   0.98249
"SCN_CN15_9033_CEI070", 13.8, 1,     7827.9,   -0.3,   0.98249, 2,    7827.88, -120.3,   0.98248, 3,    7827.88,  119.7,   0.98249
"SCN_CN15_9099_CEI070", 13.8, 1,    7827.89,   -0.3,   0.98249, 2,    7827.88, -120.3,   0.98248, 3,    7827.88,  119.7,   0.98248
"SCN_CN15_9098_CEI070", 13.8, 1,    7827.89,   -0.3,   0.98249, 2,    7827.87, -120.3,   0.98248, 3,    7827.88,  119.7,   0.98248
"SCN_CN15_9097_CEI070", 13.8, 1,    7827.89,   -0.3,   0.98249, 2,    7827.87, -120.3,   0.98248, 3,    7827.87,  119.7,   0.98248
"SCN_CN15_9096_CEI070", 13.8, 1,    7827.89,   -0.3,   0.98249, 2,    7827.87, -120.3,   0.98248, 3,    7827.87,  119.7,   0.98248
"SCN_CN15_9095_CEI070", 13.8, 1,    7827.88,   -0.3,   0.98248, 2,    7827.86, -120.3,   0.98248, 3,    7827.87,  119.7,   0.98248
"SCN_CN15_9249_CEI109", 13.8, 1,    7794.24,   -0.4,   0.97826, 2,    7794.22, -120.4,   0.97826, 3,    7794.22,  119.6,   0.97826
"SCN_CN15_9094_CEI070", 13.8, 1,    7827.88,   -0.3,   0.98248, 2,    7827.86, -120.3,   0.98248, 3,    7827.87,  119.7,   0.98248
"SCN_CN15_9032_CEI070", 13.8, 1,    7827.37,   -0.3,   0.98242, 2,    7827.35, -120.3,   0.98242, 3,    7827.35,  119.7,   0.98242
"SCN_CN15_9031_CEI070_S", 13.8, 1,    7826.86,   -0.3,   0.98236, 2,    7826.84, -120.3,   0.98235, 3,    7826.84,  119.7,   0.98235
"SCN_CN15_9031_CEI070", 13.8, 1,    7826.86,   -0.3,   0.98236, 2,    7826.84, -120.3,   0.98235, 3,    7826.84,  119.7,   0.98235
"SCN_CN15_9030_CEI070", 13.8, 1,    7826.48,   -0.3,   0.98231, 2,    7826.46, -120.3,   0.98231, 3,    7826.47,  119.7,   0.98231
"SCN_CN15_9291_CEI250_ATV", 13.8, 1,    7826.09,   -0.3,   0.98226, 2,    7826.08, -120.3,   0.98226, 3,    7826.08,  119.7,   0.98226
"SCN_CN15_9281_CEI250_ATV", 13.8, 1,    7825.73,   -0.3,   0.98221, 2,    7825.71, -120.3,   0.98221, 3,    7825.71,  119.7,   0.98221
"SCN_CN15_9282_CEI250_ATV", 13.8, 1,    7825.42,   -0.3,   0.98218, 2,     7825.4, -120.3,   0.98217, 3,     7825.4,  119.7,   0.98217
"SCN_CN15_9280_CEI250_ATV", 13.8, 1,    7825.42,   -0.3,   0.98218, 2,     7825.4, -120.3,   0.98217, 3,     7825.4,  119.7,   0.98217
"SCN_CN15_9283_CEI250_ATV", 13.8, 1,     7825.1,   -0.3,   0.98214, 2,    7825.08, -120.3,   0.98213, 3,    7825.08,  119.7,   0.98213
"SCN_CN15_9284_CEI250_ATV", 13.8, 1,    7825.09,   -0.3,   0.98213, 2,    7825.08, -120.3,   0.98213, 3,    7825.08,  119.7,   0.98213
"SCN_CN15_9302_CEI109", 13.8, 1,    7794.19,   -0.4,   0.97826, 2,    7794.16, -120.4,   0.97825, 3,    7794.17,  119.6,   0.97825
"SCN_CN15_9056_CEI160_ATV", 13.8, 1,     7824.3,   -0.3,   0.98204, 2,    7824.28, -120.3,   0.98203, 3,    7824.28,  119.7,   0.98203
"SCN_CN15_9057_CEI160_ATV", 13.8, 1,    7824.27,   -0.3,   0.98203, 2,    7824.25, -120.3,   0.98203, 3,    7824.25,  119.7,   0.98203
"SCN_CN15_9058_CEI160_ATV", 13.8, 1,    7824.23,   -0.3,   0.98203, 2,    7824.21, -120.3,   0.98202, 3,    7824.22,  119.7,   0.98202
"SCN_CN15_9059_CEI160_ATV", 13.8, 1,    7824.23,   -0.3,   0.98203, 2,    7824.21, -120.3,   0.98202, 3,    7824.21,  119.7,   0.98202
"SCN_CN15_9066_CEI160_ATV", 13.8, 1,    7824.22,   -0.3,   0.98203, 2,     7824.2, -120.3,   0.98202, 3,    7824.21,  119.7,   0.98202
"SCN_CN15_9065_CEI160_ATV", 13.8, 1,    7824.22,   -0.3,   0.98202, 2,     7824.2, -120.3,   0.98202, 3,     7824.2,  119.7,   0.98202
"SCN_CN15_9064_CEI160_ATV", 13.8, 1,    7824.21,   -0.3,   0.98202, 2,    7824.19, -120.3,   0.98202, 3,    7824.19,  119.7,   0.98202
"SCN_CN15_9063_CEI160_ATV", 13.8, 1,     7824.2,   -0.3,   0.98202, 2,    7824.18, -120.3,   0.98202, 3,    7824.19,  119.7,   0.98202
"SCN_CN15_9303_CEI109", 13.8, 1,       7794,   -0.4,   0.97823, 2,    7793.98, -120.4,   0.97823, 3,    7793.98,  119.6,   0.97823
"SCN_CN15_9062_CEI160_ATV", 13.8, 1,    7824.19,   -0.3,   0.98202, 2,    7824.17, -120.3,   0.98202, 3,    7824.17,  119.7,   0.98202
"SCN_CN15_9061_CEI160_ATV", 13.8, 1,    7824.17,   -0.3,   0.98202, 2,    7824.16, -120.3,   0.98202, 3,    7824.16,  119.7,   0.98202
"SCN_CN15_9060_CEI160_ATV", 13.8, 1,    7824.15,   -0.3,   0.98202, 2,    7824.13, -120.3,   0.98201, 3,    7824.14,  119.7,   0.98201
"SCN_CN15_9001_CEIRJ012_ATV", 13.8, 1,    7826.86,   -0.3,   0.98236, 2,    7826.84, -120.3,   0.98235, 3,    7826.84,  119.7,   0.98235
"SCN_CN15_9002_CEIRJ012_ATV", 13.8, 1,    7826.86,   -0.3,   0.98236, 2,    7826.84, -120.3,   0.98235, 3,    7826.84,  119.7,   0.98235
"SCN_CN15_9008_CEIRJ006_ATV", 13.8, 1,    7829.84,   -0.3,   0.98273, 2,    7829.83, -120.3,   0.98273, 3,    7829.83,  119.7,   0.98273
"SCN_CN15_9035_CEI250_ATV", 13.8, 1,    7835.62,   -0.3,   0.98346, 2,     7835.6, -120.3,   0.98345, 3,     7835.6,  119.7,   0.98345
"SCN_CN15_9036_CEI250_ATV", 13.8, 1,    7835.61,   -0.3,   0.98346, 2,     7835.6, -120.3,   0.98345, 3,     7835.6,  119.7,   0.98345
"SCN_CN15_9037_CEI250_ATV", 13.8, 1,    7835.61,   -0.3,   0.98345, 2,    7835.59, -120.3,   0.98345, 3,    7835.59,  119.7,   0.98345
"SCN_CN15_9039_CEI250_ATV", 13.8, 1,     7835.6,   -0.3,   0.98345, 2,    7835.58, -120.3,   0.98345, 3,    7835.58,  119.7,   0.98345
"SCN_CN15_9304_CEI109", 13.8, 1,    7793.88,   -0.4,   0.97822, 2,    7793.85, -120.4,   0.97821, 3,    7793.85,  119.6,   0.97821
"SCN_CN15_9042_CEI250_ATV", 13.8, 1,    7835.59,   -0.3,   0.98345, 2,    7835.57, -120.3,   0.98345, 3,    7835.58,  119.7,   0.98345
"SCN_CN15_9041_CEI250_ATV", 13.8, 1,    7835.59,   -0.3,   0.98345, 2,    7835.57, -120.3,   0.98345, 3,    7835.57,  119.7,   0.98345
"SCN_CN15_9040_CEI250_ATV", 13.8, 1,    7835.58,   -0.3,   0.98345, 2,    7835.56, -120.3,   0.98345, 3,    7835.56,  119.7,   0.98345
"SCN_CN15_9059_CEI220_ATV", 13.8, 1,    7801.89,   -0.4,   0.97922, 2,    7801.87, -120.4,   0.97922, 3,    7801.87,  119.6,   0.97922
"SCN_CN15_9058_CEI220_ATV", 13.8, 1,    7801.89,   -0.4,   0.97922, 2,    7801.87, -120.4,   0.97922, 3,    7801.87,  119.6,   0.97922
"SCN_CN15_9063_CEI220_ATV_S", 13.8, 1,    7801.92,   -0.4,   0.97923, 2,     7801.9, -120.4,   0.97922, 3,     7801.9,  119.6,   0.97922
"SCN_CN15_9066_CEI220_ATV", 13.8, 1,    7802.17,   -0.4,   0.97926, 2,    7802.14, -120.4,   0.97925, 3,    7802.15,  119.6,   0.97925
"SCN_CN15_9071_CEI220_ATV", 13.8, 1,    7802.16,   -0.4,   0.97926, 2,    7802.14, -120.4,   0.97925, 3,    7802.14,  119.6,   0.97925
"SCN_CN15_9072_CEI220_ATV", 13.8, 1,    7802.16,   -0.4,   0.97926, 2,    7802.14, -120.4,   0.97925, 3,    7802.14,  119.6,   0.97925
"SCN_CN15_9073_CEI220_ATV", 13.8, 1,    7802.16,   -0.4,   0.97926, 2,    7802.13, -120.4,   0.97925, 3,    7802.13,  119.6,   0.97925
"SCN_CN15_9074_CEI220_ATV", 13.8, 1,    7802.15,   -0.4,   0.97926, 2,    7802.13, -120.4,   0.97925, 3,    7802.13,  119.6,   0.97925
"SCN_CN15_9075_CEI220_ATV", 13.8, 1,    7802.15,   -0.4,   0.97925, 2,    7802.13, -120.4,   0.97925, 3,    7802.13,  119.6,   0.97925
"SCN_CN15_9034_CEI201_ATV", 13.8, 1,    7790.92,   -0.4,   0.97785, 2,     7790.9, -120.4,   0.97784, 3,     7790.9,  119.6,   0.97784
"SCN_CN15_9036_CEI201_ATV", 13.8, 1,    7790.95,   -0.4,   0.97785, 2,    7790.93, -120.4,   0.97785, 3,    7790.93,  119.6,   0.97785
"SCN_CN15_9066_CEI220_ATV_S", 13.8, 1,    7802.17,   -0.4,   0.97926, 2,    7802.14, -120.4,   0.97925, 3,    7802.15,  119.6,   0.97925
"SCN_CN15_9067_CEI220_ATV", 13.8, 1,    7802.41,   -0.4,   0.97929, 2,    7802.39, -120.4,   0.97929, 3,    7802.39,  119.6,   0.97929
"SCN_CN15_9068_CEI220_ATV", 13.8, 1,    7802.58,   -0.4,   0.97931, 2,    7802.55, -120.4,   0.97931, 3,    7802.56,  119.6,   0.97931
"SCN_CN15_9142_CEI220_ATV", 13.8, 1,    7802.71,   -0.4,   0.97933, 2,    7802.69, -120.4,   0.97932, 3,    7802.69,  119.6,   0.97932
"SCN_CN15_9030_CEI201_ATV", 13.8, 1,    7790.82,   -0.4,   0.97783, 2,     7790.8, -120.4,   0.97783, 3,     7790.8,  119.6,   0.97783
"SCN_CN15_9037_CEI148_ATV", 13.8, 1,    7809.19,   -0.3,   0.98014, 2,    7809.16, -120.3,   0.98014, 3,    7809.16,  119.7,   0.98014
"SCN_CN15_9013_CEIRJ013_ATV", 13.8, 1,    7809.19,   -0.3,   0.98014, 2,    7809.16, -120.3,   0.98014, 3,    7809.16,  119.7,   0.98014
"SCN_CN15_9141_CEI220_ATV", 13.8, 1,    7802.73,   -0.4,   0.97933, 2,    7802.71, -120.4,   0.97933, 3,    7802.71,  119.6,   0.97933
"SCN_CN15_9142_CEI220_ATV_S", 13.8, 1,    7802.71,   -0.4,   0.97933, 2,    7802.69, -120.4,   0.97932, 3,    7802.69,  119.6,   0.97932
"SCN_CN15_9043_CEI250_ATV", 13.8, 1,    7835.57,   -0.3,   0.98345, 2,    7835.56, -120.3,   0.98345, 3,    7835.56,  119.7,   0.98345
"SCN_CN15_9047_CEI250_ATV", 13.8, 1,    7835.57,   -0.3,   0.98345, 2,    7835.56, -120.3,   0.98345, 3,    7835.56,  119.7,   0.98345
"SCN_CN15_9048_CEI250_ATV", 13.8, 1,    7835.57,   -0.3,   0.98345, 2,    7835.55, -120.3,   0.98345, 3,    7835.55,  119.7,   0.98345
"SCN_CN15_9049_CEI250_ATV", 13.8, 1,    7835.56,   -0.3,   0.98345, 2,    7835.55, -120.3,   0.98345, 3,    7835.55,  119.7,   0.98345
"SCN_CN15_9044_CEI250_ATV", 13.8, 1,    7835.57,   -0.3,   0.98345, 2,    7835.56, -120.3,   0.98345, 3,    7835.56,  119.7,   0.98345
"SCN_CN15_9045_CEI250_ATV", 13.8, 1,    7835.57,   -0.3,   0.98345, 2,    7835.55, -120.3,   0.98345, 3,    7835.56,  119.7,   0.98345
"SCN_CN15_9046_CEI250_ATV", 13.8, 1,    7835.57,   -0.3,   0.98345, 2,    7835.55, -120.3,   0.98345, 3,    7835.55,  119.7,   0.98345
"SCN_CN15_9305_CEI109", 13.8, 1,    7793.81,   -0.4,   0.97821, 2,    7793.78, -120.4,   0.97821, 3,    7793.78,  119.6,   0.97821
"SCN_CN15_9059_CEI075", 13.8, 1,    7802.84,   -0.3,   0.97934, 2,    7802.82, -120.3,   0.97934, 3,    7802.82,  119.7,   0.97934
"SCN_CN15_9060_CEI075", 13.8, 1,    7802.77,   -0.3,   0.97933, 2,    7802.75, -120.3,   0.97933, 3,    7802.75,  119.7,   0.97933
"SCN_CN15_9061_CEI075", 13.8, 1,     7802.7,   -0.3,   0.97932, 2,    7802.68, -120.3,   0.97932, 3,    7802.68,  119.7,   0.97932
"SCN_CN15_9062_CEI075", 13.8, 1,    7802.64,   -0.3,   0.97932, 2,    7802.62, -120.3,   0.97931, 3,    7802.62,  119.7,   0.97931
"SCN_CN15_9063_CEI075", 13.8, 1,    7802.58,   -0.3,   0.97931, 2,    7802.56, -120.3,   0.97931, 3,    7802.56,  119.7,   0.97931
"SCN_CN15_9064_CEI075", 13.8, 1,    7802.52,   -0.3,    0.9793, 2,    7802.49, -120.3,    0.9793, 3,    7802.49,  119.7,    0.9793
"SCN_CN15_9127_CEI230_ATV", 13.8, 1,    7802.51,   -0.3,    0.9793, 2,    7802.49, -120.3,    0.9793, 3,    7802.49,  119.7,    0.9793
"SCN_CN15_9126_CEI230_ATV", 13.8, 1,    7802.51,   -0.3,    0.9793, 2,    7802.49, -120.3,    0.9793, 3,    7802.49,  119.7,    0.9793
"SCN_CN15_9174_CEI230_ATV", 13.8, 1,    7802.51,   -0.3,    0.9793, 2,    7802.49, -120.3,    0.9793, 3,    7802.49,  119.7,    0.9793
"SCN_CN15_9175_CEI230_ATV", 13.8, 1,    7802.51,   -0.3,    0.9793, 2,    7802.49, -120.3,    0.9793, 3,    7802.49,  119.7,    0.9793
"SCN_CN15_9422_CEI109", 13.8, 1,    7793.67,   -0.4,   0.97819, 2,    7793.65, -120.4,   0.97819, 3,    7793.65,  119.6,   0.97819
"SCN_CN15_9173_CEI230_ATV", 13.8, 1,    7802.51,   -0.3,    0.9793, 2,    7802.49, -120.3,    0.9793, 3,    7802.49,  119.7,    0.9793
"SCN_CN15_9016_CEI201_ATV", 13.8, 1,    7790.59,   -0.4,    0.9778, 2,    7790.57, -120.4,    0.9778, 3,    7790.57,  119.6,    0.9778
"SCN_CN15_9172_CEI230_ATV", 13.8, 1,    7802.51,   -0.3,    0.9793, 2,    7802.48, -120.3,    0.9793, 3,    7802.48,  119.7,    0.9793
"SCN_CN15_9171_CEI230_ATV", 13.8, 1,     7802.5,   -0.3,    0.9793, 2,    7802.48, -120.3,    0.9793, 3,    7802.48,  119.7,    0.9793
"SCN_CN15_9170_CEI230_ATV", 13.8, 1,     7802.5,   -0.3,    0.9793, 2,    7802.47, -120.3,    0.9793, 3,    7802.47,  119.7,    0.9793
"SCN_CN15_9065_CEI075", 13.8, 1,    7802.46,   -0.3,   0.97929, 2,    7802.43, -120.3,   0.97929, 3,    7802.43,  119.7,   0.97929
"SCN_CN15_9106_CEI075", 13.8, 1,    7802.39,   -0.3,   0.97929, 2,    7802.37, -120.3,   0.97928, 3,    7802.37,  119.7,   0.97928
"SCN_CN15_9105_CEI075", 13.8, 1,    7802.34,   -0.3,   0.97928, 2,    7802.31, -120.3,   0.97928, 3,    7802.31,  119.7,   0.97928
"SCN_CN15_9130_CEI230_ATV", 13.8, 1,    7802.33,   -0.3,   0.97928, 2,    7802.31, -120.3,   0.97927, 3,    7802.31,  119.7,   0.97927
"SCN_CN15_9129_CEI230_ATV", 13.8, 1,    7802.33,   -0.3,   0.97928, 2,    7802.31, -120.3,   0.97927, 3,    7802.31,  119.7,   0.97927
"SCN_CN15_9128_CEI230_ATV", 13.8, 1,    7802.33,   -0.3,   0.97928, 2,     7802.3, -120.3,   0.97927, 3,     7802.3,  119.7,   0.97927
"SCN_CN15_9421_CEI109", 13.8, 1,    7793.57,   -0.4,   0.97818, 2,    7793.55, -120.4,   0.97818, 3,    7793.55,  119.6,   0.97818
"SCN_CN15_9104_CEI075", 13.8, 1,    7802.28,   -0.3,   0.97927, 2,    7802.25, -120.3,   0.97927, 3,    7802.25,  119.7,   0.97927
"SCN_CN15_9103_CEI075", 13.8, 1,    7802.21,   -0.3,   0.97926, 2,    7802.19, -120.3,   0.97926, 3,    7802.19,  119.7,   0.97926
"SCN_CN15_9102_CEI075", 13.8, 1,    7802.16,   -0.3,   0.97926, 2,    7802.13, -120.3,   0.97925, 3,    7802.13,  119.7,   0.97925
"SCN_CN15_9168_CEI230_ATV", 13.8, 1,    7802.16,   -0.3,   0.97926, 2,    7802.13, -120.3,   0.97925, 3,    7802.13,  119.7,   0.97925
"SCN_CN15_9100_CEI075", 13.8, 1,     7802.1,   -0.3,   0.97925, 2,    7802.08, -120.3,   0.97925, 3,    7802.08,  119.7,   0.97925
"SCN_CN15_9099_CEI075", 13.8, 1,    7802.04,   -0.3,   0.97924, 2,    7802.02, -120.3,   0.97924, 3,    7802.02,  119.7,   0.97924
"SCN_CN15_9097_CEI075", 13.8, 1,    7801.98,   -0.3,   0.97923, 2,    7801.96, -120.3,   0.97923, 3,    7801.96,  119.7,   0.97923
"SCN_CN15_9167_CEI230_ATV", 13.8, 1,    7801.98,   -0.3,   0.97923, 2,    7801.96, -120.3,   0.97923, 3,    7801.96,  119.7,   0.97923
"SCN_CN15_9096_CEI075", 13.8, 1,    7801.92,   -0.3,   0.97923, 2,     7801.9, -120.3,   0.97922, 3,     7801.9,  119.7,   0.97922
"SCN_CN15_9095_CEI075", 13.8, 1,    7801.87,   -0.3,   0.97922, 2,    7801.84, -120.3,   0.97922, 3,    7801.84,  119.7,   0.97922
"SCN_CN15_9420_CEI109", 13.8, 1,    7793.48,   -0.4,   0.97817, 2,    7793.46, -120.4,   0.97816, 3,    7793.46,  119.6,   0.97816
"SCN_CN15_9093_CEI075", 13.8, 1,    7801.81,   -0.3,   0.97921, 2,    7801.78, -120.3,   0.97921, 3,    7801.78,  119.7,   0.97921
"SCN_CN15_9092_CEI075", 13.8, 1,    7801.74,   -0.3,    0.9792, 2,    7801.71, -120.3,    0.9792, 3,    7801.71,  119.7,    0.9792
"SCN_CN15_9091_CEI075", 13.8, 1,    7801.67,   -0.3,   0.97919, 2,    7801.64, -120.3,   0.97919, 3,    7801.64,  119.7,   0.97919
"SCN_CN15_9090_CEI075", 13.8, 1,    7801.62,   -0.3,   0.97919, 2,     7801.6, -120.3,   0.97919, 3,     7801.6,  119.7,   0.97919
"SCN_CN15_9166_CEI230_ATV", 13.8, 1,    7801.62,   -0.3,   0.97919, 2,    7801.59, -120.3,   0.97919, 3,    7801.59,  119.7,   0.97919
"SCN_CN15_9131_CEI230_ATV", 13.8, 1,    7801.67,   -0.3,   0.97919, 2,    7801.64, -120.3,   0.97919, 3,    7801.64,  119.7,   0.97919
"SCN_CN15_9089_CEI075", 13.8, 1,    7801.57,   -0.3,   0.97918, 2,    7801.55, -120.3,   0.97918, 3,    7801.55,  119.7,   0.97918
"SCN_CN15_9088_CEI075", 13.8, 1,    7801.53,   -0.3,   0.97918, 2,    7801.51, -120.3,   0.97917, 3,    7801.51,  119.7,   0.97917
"SCN_CN15_9132_CEI230_ATV", 13.8, 1,    7801.53,   -0.3,   0.97918, 2,     7801.5, -120.3,   0.97917, 3,     7801.5,  119.7,   0.97917
"SCN_CN15_9133_CEI230_ATV", 13.8, 1,    7801.52,   -0.3,   0.97918, 2,    7801.49, -120.3,   0.97917, 3,    7801.49,  119.7,   0.97917
"SCN_CN15_9419_CEI109", 13.8, 1,     7793.4,   -0.4,   0.97816, 2,    7793.37, -120.4,   0.97815, 3,    7793.37,  119.6,   0.97815
"SCN_CN15_9134_CEI230_ATV", 13.8, 1,    7801.51,   -0.3,   0.97918, 2,    7801.49, -120.3,   0.97917, 3,    7801.49,  119.7,   0.97917
"SCN_CN15_9135_CEI230_ATV", 13.8, 1,    7801.51,   -0.3,   0.97917, 2,    7801.48, -120.3,   0.97917, 3,    7801.48,  119.7,   0.97917
"SCN_CN15_9145_CEI230_ATV", 13.8, 1,    7801.51,   -0.3,   0.97917, 2,    7801.48, -120.3,   0.97917, 3,    7801.48,  119.7,   0.97917
"SCN_CN15_9137_CEI230_ATV", 13.8, 1,    7801.51,   -0.3,   0.97917, 2,    7801.48, -120.3,   0.97917, 3,    7801.48,  119.7,   0.97917
"SCN_CN15_9138_CEI230_ATV", 13.8, 1,     7801.5,   -0.3,   0.97917, 2,    7801.48, -120.3,   0.97917, 3,    7801.48,  119.7,   0.97917
"SCN_CN15_9139_CEI230_ATV", 13.8, 1,     7801.5,   -0.3,   0.97917, 2,    7801.47, -120.3,   0.97917, 3,    7801.47,  119.7,   0.97917
"SCN_CN15_9140_CEI230_ATV", 13.8, 1,     7801.5,   -0.3,   0.97917, 2,    7801.47, -120.3,   0.97917, 3,    7801.47,  119.7,   0.97917
"SCN_CN15_9141_CEI230_ATV", 13.8, 1,    7801.49,   -0.3,   0.97917, 2,    7801.47, -120.3,   0.97917, 3,    7801.47,  119.7,   0.97917
"SCN_CN15_9142_CEI230_ATV", 13.8, 1,    7801.49,   -0.3,   0.97917, 2,    7801.47, -120.3,   0.97917, 3,    7801.47,  119.7,   0.97917
"SCN_CN15_9143_CEI230_ATV", 13.8, 1,    7801.49,   -0.3,   0.97917, 2,    7801.47, -120.3,   0.97917, 3,    7801.47,  119.7,   0.97917
"SCN_CN15_9418_CEI109", 13.8, 1,    7793.31,   -0.4,   0.97815, 2,    7793.29, -120.4,   0.97814, 3,    7793.29,  119.6,   0.97814
"SCN_CN15_9144_CEI230_ATV", 13.8, 1,    7801.49,   -0.3,   0.97917, 2,    7801.47, -120.3,   0.97917, 3,    7801.47,  119.7,   0.97917
"SCN_CN15_9146_CEI230_ATV", 13.8, 1,    7801.49,   -0.3,   0.97917, 2,    7801.46, -120.3,   0.97917, 3,    7801.46,  119.7,   0.97917
"SCN_CN15_9087_CEI075", 13.8, 1,    7801.46,   -0.3,   0.97917, 2,    7801.44, -120.3,   0.97917, 3,    7801.44,  119.7,   0.97917
"SCN_CN15_9086_CEI075", 13.8, 1,     7801.4,   -0.3,   0.97916, 2,    7801.38, -120.3,   0.97916, 3,    7801.38,  119.7,   0.97916
"SCN_CN15_9165_CEI230_ATV", 13.8, 1,     7801.4,   -0.3,   0.97916, 2,    7801.38, -120.3,   0.97916, 3,    7801.38,  119.7,   0.97916
"SCN_CN15_9085_CEI075", 13.8, 1,    7801.33,   -0.3,   0.97915, 2,    7801.31, -120.3,   0.97915, 3,    7801.31,  119.7,   0.97915
"SCN_CN15_9084_CEI075", 13.8, 1,    7801.27,   -0.3,   0.97914, 2,    7801.24, -120.3,   0.97914, 3,    7801.24,  119.7,   0.97914
"SCN_CN15_9083_CEI075", 13.8, 1,    7801.21,   -0.3,   0.97914, 2,    7801.18, -120.3,   0.97913, 3,    7801.18,  119.7,   0.97913
"SCN_CN15_9082_CEI075", 13.8, 1,    7801.13,   -0.3,   0.97913, 2,    7801.11, -120.3,   0.97912, 3,    7801.11,  119.7,   0.97912
"SCN_CN15_9147_CEI230_ATV", 13.8, 1,    7801.13,   -0.3,   0.97913, 2,     7801.1, -120.3,   0.97912, 3,     7801.1,  119.7,   0.97912
"SCN_CN15_9417_CEI109", 13.8, 1,    7793.16,   -0.4,   0.97813, 2,    7793.14, -120.4,   0.97812, 3,    7793.14,  119.6,   0.97812
"SCN_CN15_9148_CEI230_ATV", 13.8, 1,    7801.13,   -0.3,   0.97913, 2,     7801.1, -120.3,   0.97912, 3,     7801.1,  119.7,   0.97912
"SCN_CN15_9149_CEI230_ATV", 13.8, 1,    7801.12,   -0.3,   0.97913, 2,     7801.1, -120.3,   0.97912, 3,     7801.1,  119.7,   0.97912
"SCN_CN15_9150_CEI230_ATV", 13.8, 1,    7801.12,   -0.3,   0.97913, 2,     7801.1, -120.3,   0.97912, 3,     7801.1,  119.7,   0.97912
"SCN_CN15_9151_CEI230_ATV", 13.8, 1,    7801.12,   -0.3,   0.97913, 2,    7801.09, -120.3,   0.97912, 3,    7801.09,  119.7,   0.97912
"SCN_CN15_9152_CEI230_ATV", 13.8, 1,    7801.12,   -0.3,   0.97913, 2,     7801.1, -120.3,   0.97912, 3,     7801.1,  119.7,   0.97912
"SCN_CN15_9153_CEI230_ATV", 13.8, 1,    7801.12,   -0.3,   0.97913, 2,    7801.09, -120.3,   0.97912, 3,    7801.09,  119.7,   0.97912
"SCN_CN15_9154_CEI230_ATV", 13.8, 1,    7801.12,   -0.3,   0.97913, 2,    7801.09, -120.3,   0.97912, 3,    7801.09,  119.7,   0.97912
"SCN_CN15_9155_CEI230_ATV", 13.8, 1,    7801.12,   -0.3,   0.97913, 2,    7801.09, -120.3,   0.97912, 3,    7801.09,  119.7,   0.97912
"SCN_CN15_9156_CEI230_ATV", 13.8, 1,    7801.11,   -0.3,   0.97913, 2,    7801.09, -120.3,   0.97912, 3,    7801.09,  119.7,   0.97912
"SCN_CN15_9157_CEI230_ATV", 13.8, 1,    7801.11,   -0.3,   0.97912, 2,    7801.09, -120.3,   0.97912, 3,    7801.09,  119.7,   0.97912
"SCN_CN15_9416_CEI109", 13.8, 1,    7793.02,   -0.4,   0.97811, 2,       7793, -120.4,   0.97811, 3,       7793,  119.6,   0.97811
"SCN_CN15_9164_CEI230_ATV", 13.8, 1,    7801.27,   -0.3,   0.97914, 2,    7801.24, -120.3,   0.97914, 3,    7801.24,  119.7,   0.97914
"SCN_CN15_9080_CEI075", 13.8, 1,    7801.07,   -0.3,   0.97912, 2,    7801.05, -120.3,   0.97912, 3,    7801.05,  119.7,   0.97912
"SCN_CN15_9163_CEI230_ATV", 13.8, 1,    7801.07,   -0.3,   0.97912, 2,    7801.05, -120.3,   0.97912, 3,    7801.05,  119.7,   0.97912
"SCN_CN15_9079_CEI075", 13.8, 1,    7801.02,   -0.3,   0.97911, 2,       7801, -120.3,   0.97911, 3,       7801,  119.7,   0.97911
"SCN_CN15_9077_CEI075", 13.8, 1,    7800.98,   -0.3,   0.97911, 2,    7800.96, -120.3,   0.97911, 3,    7800.96,  119.7,   0.97911
"SCN_CN15_9162_CEI230_ATV", 13.8, 1,    7800.98,   -0.3,   0.97911, 2,    7800.96, -120.3,   0.97911, 3,    7800.96,  119.7,   0.97911
"SCN_CN15_9076_CEI075", 13.8, 1,    7800.91,   -0.3,    0.9791, 2,    7800.89, -120.3,    0.9791, 3,    7800.89,  119.7,    0.9791
"SCN_CN15_9075_CEI075", 13.8, 1,    7800.87,   -0.3,   0.97909, 2,    7800.85, -120.3,   0.97909, 3,    7800.85,  119.7,   0.97909
"SCN_CN15_9074_CEI075", 13.8, 1,    7800.83,   -0.3,   0.97909, 2,    7800.81, -120.3,   0.97909, 3,    7800.81,  119.7,   0.97909
"SCN_CN15_9011_CEI201_ATV", 13.8, 1,    7790.54,   -0.4,    0.9778, 2,    7790.52, -120.4,    0.9778, 3,    7790.52,  119.6,    0.9778
"SCN_CN15_9012_CEI201_ATV", 13.8, 1,    7790.55,   -0.4,    0.9778, 2,    7790.52, -120.4,    0.9778, 3,    7790.53,  119.6,    0.9778
"SCN_CN15_9073_CEI075", 13.8, 1,    7800.77,   -0.3,   0.97908, 2,    7800.74, -120.3,   0.97908, 3,    7800.74,  119.7,   0.97908
"SCN_CN15_9415_CEI109", 13.8, 1,    7792.87,   -0.4,   0.97809, 2,    7792.85, -120.4,   0.97809, 3,    7792.85,  119.6,   0.97809
"SCN_CN15_9072_CEI075", 13.8, 1,    7800.74,   -0.3,   0.97908, 2,    7800.71, -120.3,   0.97907, 3,    7800.71,  119.7,   0.97907
"SCN_CN15_9066_CEI075", 13.8, 1,     7800.7,   -0.3,   0.97907, 2,    7800.68, -120.3,   0.97907, 3,    7800.68,  119.7,   0.97907
"SCN_CN15_9067_CEI075", 13.8, 1,    7800.66,   -0.3,   0.97907, 2,    7800.64, -120.3,   0.97906, 3,    7800.64,  119.7,   0.97906
"SCN_CN15_9014_CEI201_ATV", 13.8, 1,    7790.57,   -0.4,    0.9778, 2,    7790.55, -120.4,    0.9778, 3,    7790.55,  119.6,    0.9778
"SCN_CN15_9015_CEI201_ATV", 13.8, 1,    7790.58,   -0.4,    0.9778, 2,    7790.56, -120.4,    0.9778, 3,    7790.56,  119.6,    0.9778
"SCN_CN15_9113_CEI77A_ATV", 13.8, 1,     7811.7,   -0.3,   0.98045, 2,    7811.68, -120.3,   0.98045, 3,    7811.68,  119.7,   0.98045
"SCN_CN15_9112_CEI77A_ATV", 13.8, 1,    7811.71,   -0.3,   0.98046, 2,    7811.69, -120.3,   0.98045, 3,    7811.69,  119.7,   0.98045
"SCN_CN15_9068_CEI220_ATV_S", 13.8, 1,    7802.58,   -0.4,   0.97931, 2,    7802.55, -120.4,   0.97931, 3,    7802.56,  119.6,   0.97931
"SCN_CN15_9069_CEI220_ATV", 13.8, 1,    7802.65,   -0.4,   0.97932, 2,    7802.63, -120.4,   0.97932, 3,    7802.63,  119.6,   0.97932
"SCN_CN15_9070_CEI220_ATV", 13.8, 1,    7802.56,   -0.4,   0.97931, 2,    7802.54, -120.4,    0.9793, 3,    7802.54,  119.6,    0.9793
"SCN_CN15_9096_CEI220_ATV", 13.8, 1,    7802.56,   -0.4,   0.97931, 2,    7802.54, -120.4,    0.9793, 3,    7802.54,  119.6,    0.9793
"SCN_CN15_9095_CEI220_ATV", 13.8, 1,    7802.56,   -0.4,   0.97931, 2,    7802.53, -120.4,    0.9793, 3,    7802.53,  119.6,    0.9793
"SCN_CN15_9091_CEI220_ATV", 13.8, 1,    7802.55,   -0.4,   0.97931, 2,    7802.53, -120.4,    0.9793, 3,    7802.53,  119.6,    0.9793
"SCN_CN15_9090_CEI220_ATV", 13.8, 1,    7802.54,   -0.4,    0.9793, 2,    7802.52, -120.4,    0.9793, 3,    7802.52,  119.6,    0.9793
"SCN_CN15_9089_CEI220_ATV", 13.8, 1,    7802.54,   -0.4,    0.9793, 2,    7802.52, -120.4,    0.9793, 3,    7802.52,  119.6,    0.9793
"SCN_CN15_9051_CEI120", 13.8, 1,    7802.54,   -0.4,    0.9793, 2,    7802.52, -120.4,    0.9793, 3,    7802.52,  119.6,    0.9793
"SCN_CN15_9077_CEI220_ATV", 13.8, 1,    7802.54,   -0.4,    0.9793, 2,    7802.52, -120.4,    0.9793, 3,    7802.52,  119.6,    0.9793
"SCN_CN15_9079_CEI220_ATV", 13.8, 1,    7802.53,   -0.4,    0.9793, 2,    7802.51, -120.4,    0.9793, 3,    7802.51,  119.6,    0.9793
"SCN_CN15_9080_CEI220_ATV", 13.8, 1,    7802.52,   -0.4,    0.9793, 2,     7802.5, -120.4,    0.9793, 3,     7802.5,  119.6,    0.9793
"SCN_CN15_9022_CEI068", 13.8, 1,    7937.75,   -0.1,   0.99627, 2,    7937.75, -120.1,   0.99627, 3,    7937.75,  119.9,   0.99627
"SCN_CN15_9023_CEI068", 13.8, 1,    7936.74,   -0.1,   0.99615, 2,    7936.73, -120.1,   0.99615, 3,    7936.73,  119.9,   0.99615
"SCN_CN15_9047_CEI068", 13.8, 1,    7904.61,   -0.1,   0.99211, 2,     7904.6, -120.1,   0.99211, 3,     7904.6,  119.9,   0.99211
"SCN_CN15_9048_CEI068", 13.8, 1,    7902.63,   -0.1,   0.99187, 2,    7902.62, -120.1,   0.99187, 3,    7902.62,  119.9,   0.99187
"SCN_CN15_9049_CEI068", 13.8, 1,    7900.65,   -0.1,   0.99162, 2,    7900.64, -120.1,   0.99162, 3,    7900.64,  119.9,   0.99162
"SCN_CN15_9050_CEI068", 13.8, 1,    7898.69,   -0.1,   0.99137, 2,    7898.68, -120.1,   0.99137, 3,    7898.68,  119.9,   0.99137
"SCN_CN15_9051_CEI068", 13.8, 1,    7896.73,   -0.2,   0.99113, 2,    7896.72, -120.2,   0.99113, 3,    7896.72,  119.8,   0.99113
"SCN_CN15_9052_CEI068", 13.8, 1,    7894.72,   -0.2,   0.99087, 2,    7894.71, -120.2,   0.99087, 3,    7894.71,  119.8,   0.99087
"SCN_CN15_9053_CEI068", 13.8, 1,    7892.75,   -0.2,   0.99063, 2,    7892.74, -120.2,   0.99063, 3,    7892.75,  119.8,   0.99063
"SCN_CN15_9054_CEI068", 13.8, 1,     7890.8,   -0.2,   0.99038, 2,    7890.79, -120.2,   0.99038, 3,    7890.79,  119.8,   0.99038
"SCN_CN15_9055_CEI068", 13.8, 1,    7888.74,   -0.2,   0.99012, 2,    7888.73, -120.2,   0.99012, 3,    7888.73,  119.8,   0.99012
"SCN_CN15_9056_CEI068", 13.8, 1,    7886.81,   -0.2,   0.98988, 2,     7886.8, -120.2,   0.98988, 3,     7886.8,  119.8,   0.98988
"SCN_CN15_9059_CEI068", 13.8, 1,    7885.79,   -0.2,   0.98975, 2,    7885.78, -120.2,   0.98975, 3,    7885.78,  119.8,   0.98975
"SCN_CN15_9060_CEI068", 13.8, 1,    7884.79,   -0.2,   0.98963, 2,    7884.78, -120.2,   0.98963, 3,    7884.78,  119.8,   0.98963
"SCN_CN15_9061_CEI068", 13.8, 1,     7882.9,   -0.2,   0.98939, 2,    7882.89, -120.2,   0.98939, 3,    7882.89,  119.8,   0.98939
"SCN_CN15_9077_CEI131_ATV", 13.8, 1,    7798.66,   -0.4,   0.97882, 2,    7798.64, -120.4,   0.97881, 3,    7798.64,  119.6,   0.97881
"SCN_CN15_9062_CEI068", 13.8, 1,    7880.91,   -0.2,   0.98914, 2,     7880.9, -120.2,   0.98914, 3,     7880.9,  119.8,   0.98914
"SCN_CN15_9063_CEI068", 13.8, 1,    7878.94,   -0.2,   0.98889, 2,    7878.92, -120.2,   0.98889, 3,    7878.93,  119.8,   0.98889
"SCN_CN15_9064_CEI068", 13.8, 1,    7877.01,   -0.2,   0.98865, 2,       7877, -120.2,   0.98865, 3,       7877,  119.8,   0.98865
"SCN_CN15_9065_CEI068", 13.8, 1,    7875.06,   -0.2,   0.98841, 2,    7875.05, -120.2,    0.9884, 3,    7875.05,  119.8,    0.9884
"SCN_CN15_9066_CEI068", 13.8, 1,    7873.05,   -0.2,   0.98815, 2,    7873.03, -120.2,   0.98815, 3,    7873.03,  119.8,   0.98815
"SCN_CN15_9068_CEI068", 13.8, 1,    7871.16,   -0.2,   0.98792, 2,    7871.14, -120.2,   0.98791, 3,    7871.15,  119.8,   0.98791
"SCN_CN15_9046_CEI068", 13.8, 1,    7906.58,   -0.1,   0.99236, 2,    7906.58, -120.1,   0.99236, 3,    7906.58,  119.9,   0.99236
"SCN_CN15_9045_CEI068", 13.8, 1,    7908.59,   -0.1,   0.99261, 2,    7908.58, -120.1,   0.99261, 3,    7908.58,  119.9,   0.99261
"SCN_CN15_9044_CEI068", 13.8, 1,    7910.54,   -0.1,   0.99286, 2,    7910.53, -120.1,   0.99286, 3,    7910.53,  119.9,   0.99286
"SCN_CN15_9078_CEI131_ATV", 13.8, 1,    7798.56,   -0.4,    0.9788, 2,    7798.54, -120.4,    0.9788, 3,    7798.54,  119.6,    0.9788
"SCN_CN15_9043_CEI068", 13.8, 1,    7912.56,   -0.1,   0.99311, 2,    7912.56, -120.1,   0.99311, 3,    7912.56,  119.9,   0.99311
"SCN_CN15_9042_CEI068", 13.8, 1,    7914.51,   -0.1,   0.99336, 2,    7914.51, -120.1,   0.99336, 3,    7914.51,  119.9,   0.99336
"SCN_CN15_9041_CEI068", 13.8, 1,    7916.41,   -0.1,    0.9936, 2,     7916.4, -120.1,   0.99359, 3,     7916.4,  119.9,   0.99359
"SCN_CN15_9040_CEI068", 13.8, 1,    7917.35,   -0.1,   0.99371, 2,    7917.35, -120.1,   0.99371, 3,    7917.35,  119.9,   0.99371
"SCN_CN15_9041_CEI068_S", 13.8, 1,    7916.41,   -0.1,    0.9936, 2,     7916.4, -120.1,   0.99359, 3,     7916.4,  119.9,   0.99359
"SCN_CN15_9266_CEI250_ATV", 13.8, 1,    7918.52,   -0.1,   0.99386, 2,    7918.51, -120.1,   0.99386, 3,    7918.51,  119.9,   0.99386
"SCN_CN15_9024_CEI201_ATV", 13.8, 1,    7790.71,   -0.4,   0.97782, 2,    7790.69, -120.4,   0.97782, 3,    7790.69,  119.6,   0.97782
"SCN_CN15_9147_CEI220_ATV", 13.8, 1,    7802.69,   -0.4,   0.97932, 2,    7802.67, -120.4,   0.97932, 3,    7802.67,  119.6,   0.97932
"SCN_CN15_9068_CEI075", 13.8, 1,    7800.61,   -0.3,   0.97906, 2,    7800.58, -120.3,   0.97906, 3,    7800.58,  119.7,   0.97906
"SCN_CN15_9069_CEI075", 13.8, 1,    7800.55,   -0.3,   0.97905, 2,    7800.53, -120.3,   0.97905, 3,    7800.53,  119.7,   0.97905
"SCN_CN15_9051_CEI074", 13.8, 1,    7800.49,   -0.3,   0.97905, 2,    7800.47, -120.3,   0.97904, 3,    7800.47,  119.7,   0.97904
"SCN_CN15_9107_CEI77A_ATV", 13.8, 1,    7812.11,   -0.3,   0.98051, 2,    7812.09, -120.3,    0.9805, 3,    7812.09,  119.7,    0.9805
"SCN_CN15_9106_CEI77A_ATV", 13.8, 1,    7812.12,   -0.3,   0.98051, 2,     7812.1, -120.3,    0.9805, 3,    7812.11,  119.7,    0.9805
"SCN_CN15_9050_CEI074", 13.8, 1,    7800.46,   -0.3,   0.97904, 2,    7800.43, -120.3,   0.97904, 3,    7800.43,  119.7,   0.97904
"SCN_CN15_9049_CEI074", 13.8, 1,    7800.43,   -0.3,   0.97904, 2,     7800.4, -120.3,   0.97904, 3,     7800.4,  119.7,   0.97904
"SCN_CN15_9048_CEI074", 13.8, 1,    7800.39,   -0.3,   0.97903, 2,    7800.37, -120.3,   0.97903, 3,    7800.37,  119.7,   0.97903
"SCN_CN15_9031_CEI230B_ATV", 13.8, 1,    7800.39,   -0.3,   0.97903, 2,    7800.36, -120.3,   0.97903, 3,    7800.36,  119.7,   0.97903
"SCN_CN15_9414_CEI109", 13.8, 1,    7792.75,   -0.4,   0.97807, 2,    7792.72, -120.4,   0.97807, 3,    7792.72,  119.6,   0.97807
"SCN_CN15_9047_CEI074", 13.8, 1,    7800.34,   -0.3,   0.97903, 2,    7800.32, -120.3,   0.97903, 3,    7800.32,  119.7,   0.97903
"SCN_CN15_9046_CEI074", 13.8, 1,    7800.32,   -0.3,   0.97903, 2,    7800.29, -120.3,   0.97902, 3,    7800.29,  119.7,   0.97902
"SCN_CN15_9045_CEI074", 13.8, 1,    7800.27,   -0.3,   0.97902, 2,    7800.25, -120.3,   0.97902, 3,    7800.25,  119.7,   0.97902
"SCN_CN15_9028_CEI230B_ATV", 13.8, 1,    7800.27,   -0.3,   0.97902, 2,    7800.24, -120.3,   0.97902, 3,    7800.24,  119.7,   0.97902
"SCN_CN15_9029_CEI230B_ATV", 13.8, 1,    7800.26,   -0.3,   0.97902, 2,    7800.24, -120.3,   0.97902, 3,    7800.24,  119.7,   0.97902
"SCN_CN15_9030_CEI230B_ATV", 13.8, 1,    7800.26,   -0.3,   0.97902, 2,    7800.23, -120.3,   0.97901, 3,    7800.23,  119.7,   0.97901
"SCN_CN15_9043_CEI074", 13.8, 1,    7800.23,   -0.3,   0.97901, 2,    7800.21, -120.3,   0.97901, 3,    7800.21,  119.7,   0.97901
"SCN_CN15_9042_CEI074", 13.8, 1,     7800.2,   -0.3,   0.97901, 2,    7800.17, -120.3,   0.97901, 3,    7800.17,  119.7,   0.97901
"SCN_CN15_9041_CEI074", 13.8, 1,    7800.17,   -0.3,   0.97901, 2,    7800.14, -120.3,     0.979, 3,    7800.14,  119.7,     0.979
"SCN_CN15_9040_CEI074", 13.8, 1,    7800.14,   -0.3,     0.979, 2,    7800.12, -120.3,     0.979, 3,    7800.12,  119.7,     0.979
"SCN_CN15_9413_CEI109", 13.8, 1,    7792.65,   -0.4,   0.97806, 2,    7792.63, -120.4,   0.97806, 3,    7792.63,  119.6,   0.97806
"SCN_CN15_9039_CEI074_S", 13.8, 1,    7800.12,   -0.3,     0.979, 2,    7800.09, -120.3,     0.979, 3,    7800.09,  119.7,     0.979
"SCN_CN15_9032_CEI230B_ATV", 13.8, 1,    7800.11,   -0.3,     0.979, 2,    7800.09, -120.3,     0.979, 3,    7800.09,  119.7,     0.979
"SCN_CN15_9039_CEI074", 13.8, 1,    7800.12,   -0.3,     0.979, 2,    7800.09, -120.3,     0.979, 3,    7800.09,  119.7,     0.979
"SCN_CN15_9033_CEI230B_ATV", 13.8, 1,    7800.11,   -0.3,     0.979, 2,    7800.08, -120.3,     0.979, 3,    7800.08,  119.7,     0.979
"SCN_CN15_9038_CEI074", 13.8, 1,    7800.09,   -0.3,     0.979, 2,    7800.07, -120.3,   0.97899, 3,    7800.07,  119.7,   0.97899
"SCN_CN15_9037_CEI074", 13.8, 1,    7800.07,   -0.3,   0.97899, 2,    7800.05, -120.3,   0.97899, 3,    7800.05,  119.7,   0.97899
"SCN_CN15_9183_CEI230_ATV", 13.8, 1,    7800.07,   -0.3,   0.97899, 2,    7800.05, -120.3,   0.97899, 3,    7800.05,  119.7,   0.97899
"SCN_CN15_9036_CEI074_S", 13.8, 1,    7800.05,   -0.3,   0.97899, 2,    7800.03, -120.3,   0.97899, 3,    7800.03,  119.7,   0.97899
"SCN_CN15_9035_CEI074", 13.8, 1,    7800.03,   -0.3,   0.97899, 2,    7800.01, -120.3,   0.97899, 3,    7800.01,  119.7,   0.97899
"SCN_CN15_9036_CEI074", 13.8, 1,    7800.05,   -0.3,   0.97899, 2,    7800.03, -120.3,   0.97899, 3,    7800.03,  119.7,   0.97899
"SCN_CN15_9034_CEI074", 13.8, 1,    7800.01,   -0.3,   0.97899, 2,    7799.99, -120.3,   0.97898, 3,    7799.99,  119.7,   0.97898
"SCN_CN15_9033_CEI074", 13.8, 1,    7799.99,   -0.3,   0.97898, 2,    7799.97, -120.3,   0.97898, 3,    7799.97,  119.7,   0.97898
"SCN_CN15_9412_CEI109", 13.8, 1,    7792.57,   -0.4,   0.97805, 2,    7792.54, -120.4,   0.97805, 3,    7792.54,  119.6,   0.97805
"SCN_CN15_9032_CEI074", 13.8, 1,    7799.98,   -0.3,   0.97898, 2,    7799.95, -120.3,   0.97898, 3,    7799.95,  119.7,   0.97898
"SCN_CN15_9031_CEI074", 13.8, 1,    7799.96,   -0.3,   0.97898, 2,    7799.94, -120.3,   0.97898, 3,    7799.94,  119.7,   0.97898
"SCN_CN15_9030_CEI074", 13.8, 1,    7799.95,   -0.3,   0.97898, 2,    7799.92, -120.3,   0.97898, 3,    7799.92,  119.7,   0.97898
"SCN_CN15_9029_CEI074", 13.8, 1,    7799.93,   -0.3,   0.97898, 2,     7799.9, -120.3,   0.97897, 3,     7799.9,  119.7,   0.97897
"SCN_CN15_9182_CEI230_ATV", 13.8, 1,    7799.93,   -0.3,   0.97898, 2,     7799.9, -120.3,   0.97897, 3,     7799.9,  119.7,   0.97897
"SCN_CN15_9028_CEI074", 13.8, 1,    7799.92,   -0.3,   0.97897, 2,    7799.89, -120.3,   0.97897, 3,    7799.89,  119.7,   0.97897
"SCN_CN15_9027_CEI074", 13.8, 1,     7799.9,   -0.3,   0.97897, 2,    7799.88, -120.3,   0.97897, 3,    7799.88,  119.7,   0.97897
"SCN_CN15_9026_CEI074", 13.8, 1,    7799.89,   -0.3,   0.97897, 2,    7799.87, -120.3,   0.97897, 3,    7799.87,  119.7,   0.97897
"SCN_CN15_9025_CEI074", 13.8, 1,    7799.89,   -0.3,   0.97897, 2,    7799.86, -120.3,   0.97897, 3,    7799.86,  119.7,   0.97897
"SCN_CN15_9024_CEI074", 13.8, 1,    7799.88,   -0.3,   0.97897, 2,    7799.85, -120.3,   0.97897, 3,    7799.85,  119.7,   0.97897
"SCN_CN15_9411_CEI109", 13.8, 1,    7792.46,   -0.4,   0.97804, 2,    7792.44, -120.4,   0.97804, 3,    7792.44,  119.6,   0.97804
"SCN_CN15_9023_CEI074", 13.8, 1,    7799.87,   -0.3,   0.97897, 2,    7799.84, -120.3,   0.97897, 3,    7799.84,  119.7,   0.97897
"SCN_CN15_9022_CEI074", 13.8, 1,    7799.86,   -0.3,   0.97897, 2,    7799.83, -120.3,   0.97896, 3,    7799.83,  119.7,   0.97896
"SCN_CN15_9021_CEI074", 13.8, 1,    7799.85,   -0.3,   0.97897, 2,    7799.83, -120.3,   0.97896, 3,    7799.83,  119.7,   0.97896
"SCN_CN15_9020_CEI074", 13.8, 1,    7799.84,   -0.3,   0.97897, 2,    7799.82, -120.3,   0.97896, 3,    7799.82,  119.7,   0.97896
"SCN_CN15_9019_CEI074_S", 13.8, 1,    7799.84,   -0.3,   0.97896, 2,    7799.81, -120.3,   0.97896, 3,    7799.81,  119.7,   0.97896
"SCN_CN15_9187_CEI230_ATV", 13.8, 1,    7799.84,   -0.3,   0.97896, 2,    7799.81, -120.3,   0.97896, 3,    7799.81,  119.7,   0.97896
"SCN_CN15_9019_CEI074", 13.8, 1,    7799.84,   -0.3,   0.97896, 2,    7799.81, -120.3,   0.97896, 3,    7799.81,  119.7,   0.97896
"SCN_CN15_9004_CEI230B_ATV", 13.8, 1,    7799.89,   -0.3,   0.97897, 2,    7799.87, -120.3,   0.97897, 3,    7799.87,  119.7,   0.97897
"SCN_CN15_9005_CEI230B_ATV", 13.8, 1,    7799.89,   -0.3,   0.97897, 2,    7799.87, -120.3,   0.97897, 3,    7799.87,  119.7,   0.97897
"SCN_CN15_9003_CEI230B_ATV", 13.8, 1,    7799.89,   -0.3,   0.97897, 2,    7799.86, -120.3,   0.97897, 3,    7799.86,  119.7,   0.97897
"SCN_CN15_9002_CEI230B_ATV", 13.8, 1,    7799.88,   -0.3,   0.97897, 2,    7799.86, -120.3,   0.97897, 3,    7799.86,  119.7,   0.97897
"SCN_CN15_9410_CEI109", 13.8, 1,    7792.38,   -0.4,   0.97803, 2,    7792.36, -120.4,   0.97803, 3,    7792.36,  119.6,   0.97803
"SCN_CN15_9001_CEI230B_ATV", 13.8, 1,    7799.88,   -0.3,   0.97897, 2,    7799.86, -120.3,   0.97897, 3,    7799.86,  119.7,   0.97897
"SCN_CN15_9180_CEI230_ATV", 13.8, 1,    7799.88,   -0.3,   0.97897, 2,    7799.86, -120.3,   0.97897, 3,    7799.86,  119.7,   0.97897
"SCN_CN15_9018_CEI074", 13.8, 1,    7799.83,   -0.3,   0.97896, 2,    7799.81, -120.3,   0.97896, 3,    7799.81,  119.7,   0.97896
"SCN_CN15_9017_CEI074", 13.8, 1,    7799.83,   -0.3,   0.97896, 2,    7799.81, -120.3,   0.97896, 3,    7799.81,  119.7,   0.97896
"SCN_CN15_9016_CEI074", 13.8, 1,    7799.83,   -0.3,   0.97896, 2,     7799.8, -120.3,   0.97896, 3,     7799.8,  119.7,   0.97896
"SCN_CN15_9015_CEI074", 13.8, 1,    7799.82,   -0.3,   0.97896, 2,     7799.8, -120.3,   0.97896, 3,     7799.8,  119.7,   0.97896
"SCN_CN15_9014_CEI074", 13.8, 1,    7799.82,   -0.3,   0.97896, 2,     7799.8, -120.3,   0.97896, 3,     7799.8,  119.7,   0.97896
"SCN_CN15_9013_CEI074", 13.8, 1,    7799.82,   -0.3,   0.97896, 2,     7799.8, -120.3,   0.97896, 3,     7799.8,  119.7,   0.97896
"SCN_CN15_9059_CEIRJ006_ATV", 13.8, 1,    7799.86,   -0.3,   0.97897, 2,    7799.84, -120.3,   0.97897, 3,    7799.84,  119.7,   0.97897
"SCN_CN15_9409_CEI109", 13.8, 1,    7792.28,   -0.4,   0.97802, 2,    7792.26, -120.4,   0.97801, 3,    7792.26,  119.6,   0.97801
"SCN_CN15_9060_CEIRJ006_ATV", 13.8, 1,    7799.83,   -0.3,   0.97896, 2,    7799.81, -120.3,   0.97896, 3,    7799.81,  119.7,   0.97896
"SCN_CN15_9005_CEIRJ013_ATV", 13.8, 1,    7799.83,   -0.3,   0.97896, 2,    7799.81, -120.3,   0.97896, 3,    7799.81,  119.7,   0.97896
"SCN_CN15_9009_CEI074", 13.8, 1,    7799.82,   -0.3,   0.97896, 2,     7799.8, -120.3,   0.97896, 3,     7799.8,  119.7,   0.97896
"SCN_CN15_9010_CEI074", 13.8, 1,    7799.82,   -0.3,   0.97896, 2,     7799.8, -120.3,   0.97896, 3,     7799.8,  119.7,   0.97896
"SCN_CN15_9011_CEI074", 13.8, 1,    7799.82,   -0.3,   0.97896, 2,     7799.8, -120.3,   0.97896, 3,     7799.8,  119.7,   0.97896
"SCN_CN15_9012_CEI074", 13.8, 1,    7799.82,   -0.3,   0.97896, 2,     7799.8, -120.3,   0.97896, 3,     7799.8,  119.7,   0.97896
"SCN_CN15_9061_CEIRJ006_ATV", 13.8, 1,    7799.82,   -0.3,   0.97896, 2,    7799.79, -120.3,   0.97896, 3,    7799.79,  119.7,   0.97896
"SCN_CN15_9197_CEI230_ATV", 13.8, 1,    7799.97,   -0.3,   0.97898, 2,    7799.94, -120.3,   0.97898, 3,    7799.94,  119.7,   0.97898
"SCN_CN15_9198_CEI230_ATV", 13.8, 1,    7799.97,   -0.3,   0.97898, 2,    7799.94, -120.3,   0.97898, 3,    7799.94,  119.7,   0.97898
"SCN_CN15_9199_CEI230_ATV", 13.8, 1,    7799.97,   -0.3,   0.97898, 2,    7799.95, -120.3,   0.97898, 3,    7799.95,  119.7,   0.97898
"SCN_CN15_9200_CEI230_ATV", 13.8, 1,    7799.98,   -0.3,   0.97898, 2,    7799.95, -120.3,   0.97898, 3,    7799.95,  119.7,   0.97898
"SCN_CN15_9201_CEI230_ATV", 13.8, 1,    7799.98,   -0.3,   0.97898, 2,    7799.95, -120.3,   0.97898, 3,    7799.95,  119.7,   0.97898
"SCN_CN15_9201_CEI230_ATV_S", 13.8, 1,    7799.98,   -0.3,   0.97898, 2,    7799.95, -120.3,   0.97898, 3,    7799.95,  119.7,   0.97898
"SCN_CN15_9209_CEI230_ATV", 13.8, 1,    7799.98,   -0.3,   0.97898, 2,    7799.96, -120.3,   0.97898, 3,    7799.96,  119.7,   0.97898
"SCN_CN15_9210_CEI230_ATV", 13.8, 1,    7799.99,   -0.3,   0.97898, 2,    7799.96, -120.3,   0.97898, 3,    7799.96,  119.7,   0.97898
"SCN_CN15_9211_CEI230_ATV", 13.8, 1,    7799.99,   -0.3,   0.97898, 2,    7799.96, -120.3,   0.97898, 3,    7799.96,  119.7,   0.97898
"SCN_CN15_9213_CEI230_ATV", 13.8, 1,    7799.99,   -0.3,   0.97898, 2,    7799.96, -120.3,   0.97898, 3,    7799.96,  119.7,   0.97898
"SCN_CN15_9076_CEI074", 13.8, 1,    7799.98,   -0.3,   0.97898, 2,    7799.95, -120.3,   0.97898, 3,    7799.95,  119.7,   0.97898
"SCN_CN15_9075_CEI074", 13.8, 1,    7799.97,   -0.3,   0.97898, 2,    7799.94, -120.3,   0.97898, 3,    7799.94,  119.7,   0.97898
"SCN_CN15_9074_CEI074", 13.8, 1,    7799.96,   -0.3,   0.97898, 2,    7799.94, -120.3,   0.97898, 3,    7799.94,  119.7,   0.97898
"SCN_CN15_9208_CEI230_ATV", 13.8, 1,    7799.97,   -0.3,   0.97898, 2,    7799.94, -120.3,   0.97898, 3,    7799.94,  119.7,   0.97898
"SCN_CN15_9073_CEI074", 13.8, 1,    7799.96,   -0.3,   0.97898, 2,    7799.94, -120.3,   0.97898, 3,    7799.94,  119.7,   0.97898
"SCN_CN15_9072_CEI074", 13.8, 1,    7799.96,   -0.3,   0.97898, 2,    7799.93, -120.3,   0.97898, 3,    7799.93,  119.7,   0.97898
"SCN_CN15_9071_CEI074", 13.8, 1,    7799.95,   -0.3,   0.97898, 2,    7799.93, -120.3,   0.97898, 3,    7799.93,  119.7,   0.97898
"SCN_CN15_9070_CEI074", 13.8, 1,    7799.95,   -0.3,   0.97898, 2,    7799.93, -120.3,   0.97898, 3,    7799.93,  119.7,   0.97898
"SCN_CN15_9069_CEIRJ006_ATV", 13.8, 1,       7800,   -0.3,   0.97898, 2,    7799.97, -120.3,   0.97898, 3,    7799.97,  119.7,   0.97898
"SCN_CN15_9211_CEI230_ATV_S", 13.8, 1,    7799.99,   -0.3,   0.97898, 2,    7799.96, -120.3,   0.97898, 3,    7799.96,  119.7,   0.97898
"SCN_CN15_9069_CEIRJ006_ATV_S", 13.8, 1,       7800,   -0.3,   0.97898, 2,    7799.97, -120.3,   0.97898, 3,    7799.97,  119.7,   0.97898
"SCN_CN15_9077_CEI074", 13.8, 1,    7800.01,   -0.3,   0.97899, 2,    7799.98, -120.3,   0.97898, 3,    7799.98,  119.7,   0.97898
"SCN_CN15_9078_CEI074", 13.8, 1,    7800.01,   -0.3,   0.97899, 2,    7799.99, -120.3,   0.97898, 3,    7799.99,  119.7,   0.97898
"SCN_CN15_9078_CEI074_S", 13.8, 1,    7800.01,   -0.3,   0.97899, 2,    7799.99, -120.3,   0.97898, 3,    7799.99,  119.7,   0.97898
"SCN_CN15_9079_CEI074", 13.8, 1,    7800.02,   -0.3,   0.97899, 2,    7799.99, -120.3,   0.97898, 3,    7799.99,  119.7,   0.97898
"SCN_CN15_9080_CEI074", 13.8, 1,    7800.03,   -0.3,   0.97899, 2,    7800.01, -120.3,   0.97899, 3,    7800.01,  119.7,   0.97899
"SCN_CN15_9081_CEI074", 13.8, 1,    7800.04,   -0.3,   0.97899, 2,    7800.02, -120.3,   0.97899, 3,    7800.02,  119.7,   0.97899
"SCN_CN15_9065_CEIRJ006_ATV", 13.8, 1,    7800.04,   -0.3,   0.97899, 2,    7800.02, -120.3,   0.97899, 3,    7800.02,  119.7,   0.97899
"SCN_CN15_9066_CEIRJ006_ATV", 13.8, 1,    7800.04,   -0.3,   0.97899, 2,    7800.02, -120.3,   0.97899, 3,    7800.02,  119.7,   0.97899
"SCN_CN15_9012_CEI230B_ATV", 13.8, 1,    7800.04,   -0.3,   0.97899, 2,    7800.02, -120.3,   0.97899, 3,    7800.02,  119.7,   0.97899
"SCN_CN15_9081_CEI074_S", 13.8, 1,    7800.04,   -0.3,   0.97899, 2,    7800.02, -120.3,   0.97899, 3,    7800.02,  119.7,   0.97899
"SCN_CN15_9082_CEI074", 13.8, 1,    7800.05,   -0.3,   0.97899, 2,    7800.03, -120.3,   0.97899, 3,    7800.03,  119.7,   0.97899
"SCN_CN15_9083_CEI074", 13.8, 1,    7800.06,   -0.3,   0.97899, 2,    7800.04, -120.3,   0.97899, 3,    7800.04,  119.7,   0.97899
"SCN_CN15_9015_CEI230B_ATV", 13.8, 1,    7800.07,   -0.3,   0.97899, 2,    7800.04, -120.3,   0.97899, 3,    7800.04,  119.7,   0.97899
"SCN_CN15_9003_CEI160_ATV_S", 13.8, 1,    7809.13,   -0.3,   0.98013, 2,     7809.1, -120.3,   0.98013, 3,     7809.1,  119.7,   0.98013
"SCN_CN15_9081_CEI220_ATV", 13.8, 1,    7802.52,   -0.4,    0.9793, 2,     7802.5, -120.4,    0.9793, 3,     7802.5,  119.6,    0.9793
"SCN_CN15_9082_CEI220_ATV", 13.8, 1,    7802.51,   -0.4,    0.9793, 2,    7802.49, -120.4,    0.9793, 3,    7802.49,  119.6,    0.9793
"SCN_CN15_9140_CEI220_ATV", 13.8, 1,    7802.75,   -0.4,   0.97933, 2,    7802.73, -120.4,   0.97933, 3,    7802.73,  119.6,   0.97933
"SCN_CN15_9139_CEI220_ATV", 13.8, 1,    7802.77,   -0.4,   0.97933, 2,    7802.75, -120.4,   0.97933, 3,    7802.75,  119.6,   0.97933
"SCN_CN15_9138_CEI220_ATV", 13.8, 1,    7802.79,   -0.4,   0.97934, 2,    7802.77, -120.4,   0.97933, 3,    7802.77,  119.6,   0.97933
"SCN_CN15_9137_CEI220_ATV", 13.8, 1,    7802.81,   -0.4,   0.97934, 2,    7802.79, -120.4,   0.97934, 3,    7802.79,  119.6,   0.97934
"SCN_CN15_9136_CEI220_ATV", 13.8, 1,    7802.83,   -0.4,   0.97934, 2,    7802.81, -120.4,   0.97934, 3,    7802.81,  119.6,   0.97934
"SCN_CN15_9135_CEI220_ATV", 13.8, 1,    7802.85,   -0.4,   0.97934, 2,    7802.83, -120.4,   0.97934, 3,    7802.83,  119.6,   0.97934
"SCN_CN15_9136_CEI220_ATV_S", 13.8, 1,    7802.83,   -0.4,   0.97934, 2,    7802.81, -120.4,   0.97934, 3,    7802.81,  119.6,   0.97934
"SCN_CN15_9266_CEI250_ATV_S", 13.8, 1,    7918.52,   -0.1,   0.99386, 2,    7918.51, -120.1,   0.99386, 3,    7918.51,  119.9,   0.99386
"SCN_CN15_9038_CEI068", 13.8, 1,    7919.65,   -0.1,     0.994, 2,    7919.64, -120.1,     0.994, 3,    7919.64,  119.9,     0.994
"SCN_CN15_9037_CEI068", 13.8, 1,    7920.79,   -0.1,   0.99415, 2,    7920.79, -120.1,   0.99415, 3,    7920.79,  119.9,   0.99415
"SCN_CN15_9036_CEI068", 13.8, 1,    7921.97,   -0.1,   0.99429, 2,    7921.97, -120.1,   0.99429, 3,    7921.97,  119.9,   0.99429
"SCN_CN15_9079_CEI131_ATV_S", 13.8, 1,    7798.45,   -0.4,   0.97879, 2,    7798.43, -120.4,   0.97879, 3,    7798.43,  119.6,   0.97879
"SCN_CN15_9079_CEI131_ATV", 13.8, 1,    7798.45,   -0.4,   0.97879, 2,    7798.43, -120.4,   0.97879, 3,    7798.43,  119.6,   0.97879
"SCN_CN15_9080_CEI131_ATV", 13.8, 1,    7798.45,   -0.4,   0.97879, 2,    7798.43, -120.4,   0.97879, 3,    7798.43,  119.6,   0.97879
"SCN_CN15_9004_CEI134_ATV_S", 13.8, 1,    7798.36,   -0.4,   0.97878, 2,    7798.34, -120.4,   0.97878, 3,    7798.34,  119.6,   0.97878
"SCN_CN15_9004_CEI134_ATV", 13.8, 1,    7798.36,   -0.4,   0.97878, 2,    7798.34, -120.4,   0.97878, 3,    7798.34,  119.6,   0.97878
"SCN_CN15_9005_CEI134_ATV", 13.8, 1,    7798.34,   -0.4,   0.97878, 2,    7798.32, -120.4,   0.97877, 3,    7798.32,  119.6,   0.97877
"SCN_CN15_9006_CEI134_ATV", 13.8, 1,    7798.32,   -0.4,   0.97877, 2,     7798.3, -120.4,   0.97877, 3,     7798.3,  119.6,   0.97877
"SCN_CN15_9001_CEI134_ATV", 13.8, 1,    7798.31,   -0.4,   0.97877, 2,    7798.29, -120.4,   0.97877, 3,    7798.29,  119.6,   0.97877
"SCN_CN15_9004_CEI134A_ATV", 13.8, 1,    7798.29,   -0.4,   0.97877, 2,    7798.26, -120.4,   0.97877, 3,    7798.26,  119.6,   0.97877
"SCN_CN15_9009_CEI134_ATV", 13.8, 1,    7798.27,   -0.4,   0.97877, 2,    7798.25, -120.4,   0.97877, 3,    7798.25,  119.6,   0.97877
"SCN_CN15_9328_CEI109_S", 13.8, 1,    7791.27,   -0.4,   0.97789, 2,    7791.25, -120.4,   0.97789, 3,    7791.25,  119.6,   0.97789
"SCN_CN15_9031_CEI077_ATV", 13.8, 1,    7813.12,   -0.3,   0.98063, 2,     7813.1, -120.3,   0.98063, 3,     7813.1,  119.7,   0.98063
"SCN_CN15_9016_CEI230B_ATV", 13.8, 1,    7800.09,   -0.3,     0.979, 2,    7800.07, -120.3,   0.97899, 3,    7800.07,  119.7,   0.97899
"SCN_CN15_9019_CEI230B_ATV", 13.8, 1,    7800.12,   -0.3,     0.979, 2,     7800.1, -120.3,     0.979, 3,     7800.1,  119.7,     0.979
"SCN_CN15_9024_CEI230B_ATV", 13.8, 1,    7800.15,   -0.3,     0.979, 2,    7800.13, -120.3,     0.979, 3,    7800.13,  119.7,     0.979
"SCN_CN15_9407_CEI109", 13.8, 1,    7792.05,   -0.4,   0.97799, 2,    7792.03, -120.4,   0.97799, 3,    7792.03,  119.6,   0.97799
"SCN_CN15_9026_CEI230B_ATV", 13.8, 1,    7800.18,   -0.3,   0.97901, 2,    7800.15, -120.3,     0.979, 3,    7800.15,  119.7,     0.979
"SCN_CN15_9025_CEI230B_ATV", 13.8, 1,    7800.15,   -0.3,     0.979, 2,    7800.13, -120.3,     0.979, 3,    7800.13,  119.7,     0.979
"SCN_CN15_9027_CEI230B_ATV", 13.8, 1,    7800.18,   -0.3,   0.97901, 2,    7800.16, -120.3,   0.97901, 3,    7800.16,  119.7,   0.97901
"SCN_CN15_9017_CEI230B_ATV", 13.8, 1,    7800.09,   -0.3,     0.979, 2,    7800.07, -120.3,   0.97899, 3,    7800.07,  119.7,   0.97899
"SCN_CN15_9063_CEIRJ006_ATV", 13.8, 1,    7800.09,   -0.3,     0.979, 2,    7800.06, -120.3,   0.97899, 3,    7800.06,  119.7,   0.97899
"SCN_CN15_9058_CEIRJ006_ATV", 13.8, 1,    7800.12,   -0.3,     0.979, 2,    7800.09, -120.3,     0.979, 3,    7800.09,  119.7,     0.979
"SCN_CN15_9034_CEI230B_ATV", 13.8, 1,    7800.05,   -0.3,   0.97899, 2,    7800.02, -120.3,   0.97899, 3,    7800.02,  119.7,   0.97899
"SCN_CN15_9035_CEI230B_ATV", 13.8, 1,    7800.04,   -0.3,   0.97899, 2,    7800.02, -120.3,   0.97899, 3,    7800.02,  119.7,   0.97899
"SCN_CN15_9406_CEI109", 13.8, 1,    7791.99,   -0.4,   0.97798, 2,    7791.97, -120.4,   0.97798, 3,    7791.97,  119.6,   0.97798
"SCN_CN15_9036_CEI230B_ATV", 13.8, 1,    7800.04,   -0.3,   0.97899, 2,    7800.02, -120.3,   0.97899, 3,    7800.02,  119.7,   0.97899
"SCN_CN15_9007_CEI230B_ATV", 13.8, 1,    7800.04,   -0.3,   0.97899, 2,    7800.01, -120.3,   0.97899, 3,    7800.01,  119.7,   0.97899
"SCN_CN15_9006_CEI230B_ATV", 13.8, 1,    7800.04,   -0.3,   0.97899, 2,    7800.01, -120.3,   0.97899, 3,    7800.01,  119.7,   0.97899
"SCN_CN15_9070_CEI075", 13.8, 1,     7800.7,   -0.3,   0.97907, 2,    7800.67, -120.3,   0.97907, 3,    7800.67,  119.7,   0.97907
"SCN_CN15_9071_CEI075", 13.8, 1,    7800.69,   -0.3,   0.97907, 2,    7800.67, -120.3,   0.97907, 3,    7800.67,  119.7,   0.97907
"SCN_CN15_9159_CEI230_ATV", 13.8, 1,    7800.69,   -0.3,   0.97907, 2,    7800.66, -120.3,   0.97907, 3,    7800.66,  119.7,   0.97907
"SCN_CN15_9160_CEI230_ATV", 13.8, 1,    7800.69,   -0.3,   0.97907, 2,    7800.66, -120.3,   0.97907, 3,    7800.66,  119.7,   0.97907
"SCN_CN15_9158_CEI230_ATV", 13.8, 1,    7800.69,   -0.3,   0.97907, 2,    7800.66, -120.3,   0.97907, 3,    7800.66,  119.7,   0.97907
"SCN_CN15_9055_CEIRJ006_ATV", 13.8, 1,    7800.68,   -0.3,   0.97907, 2,    7800.66, -120.3,   0.97907, 3,    7800.66,  119.7,   0.97907
"SCN_CN15_9056_CEIRJ006_ATV", 13.8, 1,    7800.68,   -0.3,   0.97907, 2,    7800.66, -120.3,   0.97907, 3,    7800.66,  119.7,   0.97907
"SCN_CN15_9405_CEI109", 13.8, 1,     7791.9,   -0.4,   0.97797, 2,    7791.88, -120.4,   0.97797, 3,    7791.88,  119.6,   0.97797
"SCN_CN15_9057_CEIRJ006_ATV", 13.8, 1,    7800.68,   -0.3,   0.97907, 2,    7800.65, -120.3,   0.97907, 3,    7800.65,  119.7,   0.97907
"SCN_CN15_9056_CEI075", 13.8, 1,    7802.47,   -0.3,    0.9793, 2,    7802.45, -120.3,   0.97929, 3,    7802.45,  119.7,   0.97929
"SCN_CN15_9055_CEI075", 13.8, 1,    7802.47,   -0.3,    0.9793, 2,    7802.45, -120.3,   0.97929, 3,    7802.45,  119.7,   0.97929
"SCN_CN15_9070_CEI230_ATV", 13.8, 1,    7802.47,   -0.3,    0.9793, 2,    7802.45, -120.3,   0.97929, 3,    7802.45,  119.7,   0.97929
"SCN_CN15_9071_CEI230_ATV", 13.8, 1,    7802.47,   -0.3,    0.9793, 2,    7802.44, -120.3,   0.97929, 3,    7802.44,  119.7,   0.97929
"SCN_CN15_9054_CEI075", 13.8, 1,    7802.47,   -0.3,    0.9793, 2,    7802.45, -120.3,   0.97929, 3,    7802.45,  119.7,   0.97929
"SCN_CN15_9055_CEI075_S", 13.8, 1,    7802.47,   -0.3,    0.9793, 2,    7802.45, -120.3,   0.97929, 3,    7802.45,  119.7,   0.97929
"SCN_CN15_9052_CEI075", 13.8, 1,    7802.48,   -0.3,    0.9793, 2,    7802.45, -120.3,   0.97929, 3,    7802.45,  119.7,   0.97929
"SCN_CN15_9069_CEI230_ATV", 13.8, 1,    7802.47,   -0.3,    0.9793, 2,    7802.45, -120.3,   0.97929, 3,    7802.45,  119.7,   0.97929
"SCN_CN15_9051_CEI075", 13.8, 1,    7802.48,   -0.3,    0.9793, 2,    7802.46, -120.3,   0.97929, 3,    7802.46,  119.7,   0.97929
"SCN_CN15_9052_CEI075_S", 13.8, 1,    7802.48,   -0.3,    0.9793, 2,    7802.45, -120.3,   0.97929, 3,    7802.45,  119.7,   0.97929
"SCN_CN15_9404_CEI109", 13.8, 1,    7791.82,   -0.4,   0.97796, 2,     7791.8, -120.4,   0.97796, 3,     7791.8,  119.6,   0.97796
"SCN_CN15_9049_CEI075", 13.8, 1,    7802.49,   -0.3,    0.9793, 2,    7802.47, -120.3,   0.97929, 3,    7802.47,  119.7,   0.97929
"SCN_CN15_9068_CEI230_ATV", 13.8, 1,    7802.49,   -0.3,    0.9793, 2,    7802.46, -120.3,   0.97929, 3,    7802.46,  119.7,   0.97929
"SCN_CN15_9048_CEI075", 13.8, 1,     7802.5,   -0.3,    0.9793, 2,    7802.47, -120.3,    0.9793, 3,    7802.47,  119.7,    0.9793
"SCN_CN15_9049_CEI075_S", 13.8, 1,    7802.49,   -0.3,    0.9793, 2,    7802.47, -120.3,   0.97929, 3,    7802.47,  119.7,   0.97929
"SCN_CN15_9047_CEI075", 13.8, 1,     7802.5,   -0.3,    0.9793, 2,    7802.48, -120.3,    0.9793, 3,    7802.48,  119.7,    0.9793
"SCN_CN15_9046_CEI075", 13.8, 1,    7802.51,   -0.3,    0.9793, 2,    7802.49, -120.3,    0.9793, 3,    7802.49,  119.7,    0.9793
"SCN_CN15_9045_CEI075", 13.8, 1,    7802.52,   -0.3,    0.9793, 2,     7802.5, -120.3,    0.9793, 3,     7802.5,  119.7,    0.9793
"SCN_CN15_9044_CEI075", 13.8, 1,    7802.53,   -0.3,    0.9793, 2,    7802.51, -120.3,    0.9793, 3,    7802.51,  119.7,    0.9793
"SCN_CN15_9043_CEI075", 13.8, 1,    7802.54,   -0.3,    0.9793, 2,    7802.51, -120.3,    0.9793, 3,    7802.51,  119.7,    0.9793
"SCN_CN15_9042_CEI075", 13.8, 1,    7802.55,   -0.3,    0.9793, 2,    7802.52, -120.3,    0.9793, 3,    7802.52,  119.7,    0.9793
"SCN_CN15_9403_CEI109", 13.8, 1,    7791.73,   -0.4,   0.97795, 2,     7791.7, -120.4,   0.97794, 3,     7791.7,  119.6,   0.97794
"SCN_CN15_9053_CEIRJ006_ATV", 13.8, 1,    7802.61,   -0.3,   0.97931, 2,    7802.59, -120.3,   0.97931, 3,    7802.59,  119.7,   0.97931
"SCN_CN15_9062_CEI201_ATV", 13.8, 1,    7792.17,   -0.4,     0.978, 2,    7792.15, -120.4,     0.978, 3,    7792.15,  119.6,     0.978
"SCN_CN15_9402_CEI109", 13.8, 1,    7791.64,   -0.4,   0.97794, 2,    7791.62, -120.4,   0.97793, 3,    7791.62,  119.6,   0.97793
"SCN_CN15_9401_CEI109", 13.8, 1,    7791.56,   -0.4,   0.97793, 2,    7791.53, -120.4,   0.97792, 3,    7791.53,  119.6,   0.97792
"SCN_CN15_9400_CEI109", 13.8, 1,    7791.45,   -0.4,   0.97791, 2,    7791.43, -120.4,   0.97791, 3,    7791.43,  119.6,   0.97791
"SCN_CN15_9111_CEI201_ATV_S", 13.8, 1,    7808.99,   -0.3,   0.98011, 2,    7808.97, -120.3,   0.98011, 3,    7808.97,  119.7,   0.98011
"SCN_CN15_9016_CEIRJ013_ATV", 13.8, 1,    7809.01,   -0.3,   0.98012, 2,    7808.99, -120.3,   0.98011, 3,    7808.99,  119.7,   0.98011
"SCN_CN15_9104_CEI201_ATV", 13.8, 1,    7808.96,   -0.3,   0.98011, 2,    7808.94, -120.3,   0.98011, 3,    7808.94,  119.7,   0.98011
"SCN_CN15_9112_CEI201_ATV", 13.8, 1,    7808.99,   -0.3,   0.98011, 2,    7808.96, -120.3,   0.98011, 3,    7808.96,  119.7,   0.98011
"SCN_CN15_9119_CEI201_ATV", 13.8, 1,    7808.99,   -0.3,   0.98011, 2,    7808.96, -120.3,   0.98011, 3,    7808.96,  119.7,   0.98011
"SCN_CN15_9474_CEI109_S", 13.8, 1,    7791.37,   -0.4,    0.9779, 2,    7791.35, -120.4,    0.9779, 3,    7791.35,  119.6,    0.9779
"SCN_CN15_9010_CEI201_ATV", 13.8, 1,    7790.53,   -0.4,    0.9778, 2,    7790.51, -120.4,   0.97779, 3,    7790.51,  119.6,   0.97779
"SCN_CN15_9004_CEI201_ATV", 13.8, 1,    7790.52,   -0.4,    0.9778, 2,    7790.49, -120.4,   0.97779, 3,     7790.5,  119.6,   0.97779
"SCN_CN15_9008_CEI201_ATV", 13.8, 1,    7790.52,   -0.4,    0.9778, 2,     7790.5, -120.4,   0.97779, 3,     7790.5,  119.6,   0.97779
"SCN_CN15_9002_CEI160_ATV", 13.8, 1,    7809.12,   -0.3,   0.98013, 2,     7809.1, -120.3,   0.98013, 3,     7809.1,  119.7,   0.98013
"SCN_CN15_9003_CEI160_ATV", 13.8, 1,    7809.13,   -0.3,   0.98013, 2,     7809.1, -120.3,   0.98013, 3,     7809.1,  119.7,   0.98013
"SCN_CN15_9475_CEI109", 13.8, 1,    7791.35,   -0.4,    0.9779, 2,    7791.33, -120.4,    0.9779, 3,    7791.33,  119.6,    0.9779
"SCN_CN15_9046_CEI130_ATV", 13.8, 1,    7809.15,   -0.3,   0.98013, 2,    7809.13, -120.3,   0.98013, 3,    7809.13,  119.7,   0.98013
"SCN_CN15_9042_CEI130_ATV", 13.8, 1,    7809.14,   -0.3,   0.98013, 2,    7809.12, -120.3,   0.98013, 3,    7809.12,  119.7,   0.98013
"SCN_CN15_9017_CEIRJ013_ATV", 13.8, 1,    7809.01,   -0.3,   0.98012, 2,    7808.99, -120.3,   0.98011, 3,    7808.99,  119.7,   0.98011
"SCN_CN15_9031_CEIRJ006_ATV", 13.8, 1,    7810.43,   -0.3,   0.98029, 2,    7810.41, -120.3,   0.98029, 3,    7810.41,  119.7,   0.98029
"SCN_CN15_9033_CEIRJ006_ATV", 13.8, 1,    7810.42,   -0.3,   0.98029, 2,     7810.4, -120.3,   0.98029, 3,    7810.41,  119.7,   0.98029
"SCN_CN15_9032_CEIRJ006_ATV", 13.8, 1,    7810.43,   -0.3,   0.98029, 2,    7810.41, -120.3,   0.98029, 3,    7810.41,  119.7,   0.98029
"SCN_CN15_9030_CEIRJ006_ATV", 13.8, 1,    7810.43,   -0.3,   0.98029, 2,    7810.41, -120.3,   0.98029, 3,    7810.42,  119.7,   0.98029
"SCN_CN15_9031_CEIRJ006_ATV_S", 13.8, 1,    7810.43,   -0.3,   0.98029, 2,    7810.41, -120.3,   0.98029, 3,    7810.41,  119.7,   0.98029
"SCN_CN15_9007_CEI77A_ATV", 13.8, 1,    7810.42,   -0.3,   0.98029, 2,     7810.4, -120.3,   0.98029, 3,     7810.4,  119.7,   0.98029
"SCN_CN15_9036_CEI230_ATV", 13.8, 1,    7811.29,   -0.3,    0.9804, 2,    7811.27, -120.3,    0.9804, 3,    7811.27,  119.7,    0.9804
"SCN_CN15_9037_CEI230_ATV", 13.8, 1,    7811.35,   -0.3,   0.98041, 2,    7811.33, -120.3,   0.98041, 3,    7811.34,  119.7,   0.98041
"SCN_CN15_9086_CEI77A_ATV_S", 13.8, 1,    7811.19,   -0.3,   0.98039, 2,    7811.17, -120.3,   0.98039, 3,    7811.18,  119.7,   0.98039
"SCN_CN15_9476_CEI109", 13.8, 1,    7791.34,   -0.4,    0.9779, 2,    7791.31, -120.4,    0.9779, 3,    7791.31,  119.6,    0.9779
"SCN_CN15_9086_CEI77A_ATV", 13.8, 1,    7811.19,   -0.3,   0.98039, 2,    7811.17, -120.3,   0.98039, 3,    7811.18,  119.7,   0.98039
"SCN_CN15_9057_CEI77A_ATV", 13.8, 1,    7810.99,   -0.3,   0.98036, 2,    7810.97, -120.3,   0.98036, 3,    7810.97,  119.7,   0.98036
"SCN_CN15_9058_CEI77A_ATV", 13.8, 1,    7810.75,   -0.3,   0.98033, 2,    7810.73, -120.3,   0.98033, 3,    7810.74,  119.7,   0.98033
"SCN_CN15_9059_CEI77A_ATV", 13.8, 1,    7810.49,   -0.3,    0.9803, 2,    7810.46, -120.3,    0.9803, 3,    7810.47,  119.7,    0.9803
"SCN_CN15_9060_CEI77A_ATV", 13.8, 1,    7810.48,   -0.3,    0.9803, 2,    7810.46, -120.3,    0.9803, 3,    7810.47,  119.7,    0.9803
"SCN_CN15_9062_CEI77A_ATV", 13.8, 1,    7810.22,   -0.3,   0.98027, 2,     7810.2, -120.3,   0.98027, 3,     7810.2,  119.7,   0.98027
"SCN_CN15_9061_CEI77A_ATV", 13.8, 1,    7810.21,   -0.3,   0.98027, 2,    7810.19, -120.3,   0.98026, 3,    7810.19,  119.7,   0.98026
"SCN_CN15_9063_CEI77A_ATV", 13.8, 1,    7810.01,   -0.3,   0.98024, 2,    7809.99, -120.3,   0.98024, 3,    7809.99,  119.7,   0.98024
"SCN_CN15_9064_CEI77A_ATV", 13.8, 1,    7809.98,   -0.3,   0.98024, 2,    7809.96, -120.3,   0.98024, 3,    7809.96,  119.7,   0.98024
"SCN_CN15_9065_CEI77A_ATV", 13.8, 1,    7809.94,   -0.3,   0.98023, 2,    7809.91, -120.3,   0.98023, 3,    7809.92,  119.7,   0.98023
"SCN_CN15_9080_CEI77A_ATV", 13.8, 1,     7809.9,   -0.3,   0.98023, 2,    7809.88, -120.3,   0.98023, 3,    7809.89,  119.7,   0.98023
"SCN_CN15_9081_CEI77A_ATV", 13.8, 1,    7809.88,   -0.3,   0.98023, 2,    7809.86, -120.3,   0.98022, 3,    7809.86,  119.7,   0.98022
"SCN_CN15_9082_CEI77A_ATV", 13.8, 1,    7809.86,   -0.3,   0.98022, 2,    7809.84, -120.3,   0.98022, 3,    7809.84,  119.7,   0.98022
"SCN_CN15_9083_CEI77A_ATV", 13.8, 1,    7809.88,   -0.3,   0.98022, 2,    7809.85, -120.3,   0.98022, 3,    7809.86,  119.7,   0.98022
"SCN_CN15_9084_CEI77A_ATV", 13.8, 1,    7809.87,   -0.3,   0.98022, 2,    7809.85, -120.3,   0.98022, 3,    7809.85,  119.7,   0.98022
"SCN_CN15_9085_CEI77A_ATV", 13.8, 1,    7809.86,   -0.3,   0.98022, 2,    7809.84, -120.3,   0.98022, 3,    7809.85,  119.7,   0.98022
"SCN_CN15_9066_CEI77A_ATV", 13.8, 1,     7809.9,   -0.3,   0.98023, 2,    7809.87, -120.3,   0.98022, 3,    7809.88,  119.7,   0.98023
"SCN_CN15_9068_CEI77A_ATV_S", 13.8, 1,    7809.64,   -0.3,    0.9802, 2,    7809.62, -120.3,   0.98019, 3,    7809.63,  119.7,   0.98019
"SCN_CN15_9070_CEI77A_ATV", 13.8, 1,    7809.62,   -0.3,   0.98019, 2,     7809.6, -120.3,   0.98019, 3,     7809.6,  119.7,   0.98019
"SCN_CN15_9071_CEI77A_ATV", 13.8, 1,    7809.59,   -0.3,   0.98019, 2,    7809.57, -120.3,   0.98019, 3,    7809.57,  119.7,   0.98019
"SCN_CN15_9068_CEI77A_ATV", 13.8, 1,    7809.64,   -0.3,    0.9802, 2,    7809.62, -120.3,   0.98019, 3,    7809.63,  119.7,   0.98019
"SCN_CN15_9069_CEI77A_ATV", 13.8, 1,    7809.63,   -0.3,   0.98019, 2,    7809.61, -120.3,   0.98019, 3,    7809.61,  119.7,   0.98019
"SCN_CN15_9023_CEI167_ATV", 13.8, 1,    7809.55,   -0.3,   0.98018, 2,    7809.53, -120.3,   0.98018, 3,    7809.53,  119.7,   0.98018
"SCN_CN15_9024_CEI167_ATV_S", 13.8, 1,    7809.46,   -0.3,   0.98017, 2,    7809.44, -120.3,   0.98017, 3,    7809.44,  119.7,   0.98017
"SCN_CN15_9074_CEI77A_ATV_S", 13.8, 1,    7809.37,   -0.3,   0.98016, 2,    7809.35, -120.3,   0.98016, 3,    7809.35,  119.7,   0.98016
"SCN_CN15_9074_CEI77A_ATV", 13.8, 1,    7809.37,   -0.3,   0.98016, 2,    7809.35, -120.3,   0.98016, 3,    7809.35,  119.7,   0.98016
"SCN_CN15_9075_CEI77A_ATV", 13.8, 1,    7809.35,   -0.3,   0.98016, 2,    7809.33, -120.3,   0.98016, 3,    7809.33,  119.7,   0.98016
"SCN_CN15_9133_CEI201_ATV", 13.8, 1,    7809.09,   -0.3,   0.98013, 2,    7809.07, -120.3,   0.98012, 3,    7809.07,  119.7,   0.98012
"SCN_CN15_9390_CEI109", 13.8, 1,    7791.37,   -0.4,    0.9779, 2,    7791.35, -120.4,    0.9779, 3,    7791.35,  119.6,    0.9779
"SCN_CN15_9114_CEI77A_ATV", 13.8, 1,     7811.7,   -0.3,   0.98045, 2,    7811.68, -120.3,   0.98045, 3,    7811.68,  119.7,   0.98045
"SCN_CN15_9134_CEI220_ATV", 13.8, 1,    7802.87,   -0.4,   0.97934, 2,    7802.84, -120.4,   0.97934, 3,    7802.85,  119.6,   0.97934
"SCN_CN15_9014_CEI120", 13.8, 1,    7802.89,   -0.4,   0.97935, 2,    7802.87, -120.4,   0.97934, 3,    7802.87,  119.6,   0.97934
"SCN_CN15_9041_CEI77A_ATV", 13.8, 1,    7810.55,   -0.3,   0.98031, 2,    7810.53, -120.3,   0.98031, 3,    7810.54,  119.7,   0.98031
"SCN_CN15_9015_CEI120", 13.8, 1,    7802.86,   -0.4,   0.97934, 2,    7802.84, -120.4,   0.97934, 3,    7802.84,  119.6,   0.97934
"SCN_CN15_9021_CEI120", 13.8, 1,    7802.84,   -0.4,   0.97934, 2,    7802.82, -120.4,   0.97934, 3,    7802.82,  119.6,   0.97934
"SCN_CN15_9020_CEI120", 13.8, 1,    7802.82,   -0.4,   0.97934, 2,     7802.8, -120.4,   0.97934, 3,     7802.8,  119.6,   0.97934
"SCN_CN15_9019_CEI120", 13.8, 1,    7802.81,   -0.4,   0.97934, 2,    7802.79, -120.4,   0.97934, 3,    7802.79,  119.6,   0.97934
"SCN_CN15_9018_CEI120", 13.8, 1,     7802.8,   -0.4,   0.97934, 2,    7802.78, -120.4,   0.97933, 3,    7802.78,  119.6,   0.97933
"SCN_CN15_9017_CEI120", 13.8, 1,    7802.79,   -0.4,   0.97934, 2,    7802.77, -120.4,   0.97933, 3,    7802.77,  119.6,   0.97933
"SCN_CN15_9016_CEI120", 13.8, 1,    7802.78,   -0.4,   0.97933, 2,    7802.76, -120.4,   0.97933, 3,    7802.76,  119.6,   0.97933
"SCN_CN15_9156_CEI220_ATV", 13.8, 1,    7802.83,   -0.4,   0.97934, 2,    7802.81, -120.4,   0.97934, 3,    7802.81,  119.6,   0.97934
"SCN_CN15_9157_CEI109", 13.8, 1,    7793.42,   -0.4,   0.97816, 2,     7793.4, -120.4,   0.97816, 3,     7793.4,  119.6,   0.97816
"SCN_CN15_9015_CEIRJ013_ATV", 13.8, 1,    7809.04,   -0.3,   0.98012, 2,    7809.01, -120.3,   0.98012, 3,    7809.01,  119.7,   0.98012
"SCN_CN15_9028_CEI167_ATV", 13.8, 1,    7809.31,   -0.3,   0.98015, 2,    7809.29, -120.3,   0.98015, 3,    7809.29,  119.7,   0.98015
"SCN_CN15_9076_CEI77A_ATV", 13.8, 1,     7809.3,   -0.3,   0.98015, 2,    7809.28, -120.3,   0.98015, 3,    7809.28,  119.7,   0.98015
"SCN_CN15_9078_CEI77A_ATV", 13.8, 1,    7809.25,   -0.3,   0.98015, 2,    7809.23, -120.3,   0.98014, 3,    7809.24,  119.7,   0.98014
"SCN_CN15_9079_CEI77A_ATV", 13.8, 1,    7809.22,   -0.3,   0.98014, 2,     7809.2, -120.3,   0.98014, 3,     7809.2,  119.7,   0.98014
"SCN_CN15_9008_CEI77A_ATV", 13.8, 1,    7810.45,   -0.3,    0.9803, 2,    7810.42, -120.3,   0.98029, 3,    7810.43,  119.7,   0.98029
"SCN_CN15_9009_CEI77A_ATV", 13.8, 1,    7810.46,   -0.3,    0.9803, 2,    7810.44, -120.3,    0.9803, 3,    7810.44,  119.7,    0.9803
"SCN_CN15_9009_CEI77A_ATV_S", 13.8, 1,    7810.46,   -0.3,    0.9803, 2,    7810.44, -120.3,    0.9803, 3,    7810.44,  119.7,    0.9803
"SCN_CN15_9015_CEI77A_ATV", 13.8, 1,    7810.48,   -0.3,    0.9803, 2,    7810.46, -120.3,    0.9803, 3,    7810.46,  119.7,    0.9803
"SCN_CN15_9478_CEI109", 13.8, 1,    7791.31,   -0.4,   0.97789, 2,    7791.29, -120.4,   0.97789, 3,    7791.29,  119.6,   0.97789
"SCN_CN15_9010_CEI77A_ATV_S", 13.8, 1,    7810.45,   -0.3,    0.9803, 2,    7810.43, -120.3,   0.98029, 3,    7810.43,  119.7,   0.98029
"SCN_CN15_9010_CEI77A_ATV", 13.8, 1,    7810.45,   -0.3,    0.9803, 2,    7810.43, -120.3,   0.98029, 3,    7810.43,  119.7,   0.98029
"SCN_CN15_9011_CEI77A_ATV", 13.8, 1,    7810.45,   -0.3,    0.9803, 2,    7810.43, -120.3,   0.98029, 3,    7810.43,  119.7,   0.98029
"SCN_CN15_9012_CEI77A_ATV", 13.8, 1,    7810.44,   -0.3,    0.9803, 2,    7810.42, -120.3,   0.98029, 3,    7810.42,  119.7,   0.98029
"SCN_CN15_9013_CEI77A_ATV", 13.8, 1,    7810.43,   -0.3,   0.98029, 2,     7810.4, -120.3,   0.98029, 3,    7810.41,  119.7,   0.98029
"SCN_CN15_9014_CEI77A_ATV", 13.8, 1,    7810.41,   -0.3,   0.98029, 2,    7810.39, -120.3,   0.98029, 3,     7810.4,  119.7,   0.98029
"SCN_CN15_9016_CEI77A_ATV", 13.8, 1,    7810.48,   -0.3,    0.9803, 2,    7810.46, -120.3,    0.9803, 3,    7810.46,  119.7,    0.9803
"SCN_CN15_9017_CEI77A_ATV", 13.8, 1,    7810.48,   -0.3,    0.9803, 2,    7810.45, -120.3,    0.9803, 3,    7810.46,  119.7,    0.9803
"SCN_CN15_9018_CEI77A_ATV", 13.8, 1,    7810.47,   -0.3,    0.9803, 2,    7810.45, -120.3,    0.9803, 3,    7810.45,  119.7,    0.9803
"SCN_CN15_9015_CEI77A_ATV_S", 13.8, 1,    7810.48,   -0.3,    0.9803, 2,    7810.46, -120.3,    0.9803, 3,    7810.46,  119.7,    0.9803
"SCN_CN15_9019_CEI77A_ATV", 13.8, 1,    7810.51,   -0.3,    0.9803, 2,    7810.48, -120.3,    0.9803, 3,    7810.49,  119.7,    0.9803
"SCN_CN15_9020_CEI77A_ATV", 13.8, 1,    7810.53,   -0.3,   0.98031, 2,    7810.51, -120.3,    0.9803, 3,    7810.52,  119.7,   0.98031
"SCN_CN15_9479_CEI109", 13.8, 1,     7791.3,   -0.4,   0.97789, 2,    7791.28, -120.4,   0.97789, 3,    7791.28,  119.6,   0.97789
"SCN_CN15_9021_CEI77A_ATV", 13.8, 1,    7810.56,   -0.3,   0.98031, 2,    7810.54, -120.3,   0.98031, 3,    7810.55,  119.7,   0.98031
"SCN_CN15_9022_CEI77A_ATV", 13.8, 1,    7810.56,   -0.3,   0.98031, 2,    7810.54, -120.3,   0.98031, 3,    7810.54,  119.7,   0.98031
"SCN_CN15_9023_CEI77A_ATV", 13.8, 1,    7810.56,   -0.3,   0.98031, 2,    7810.54, -120.3,   0.98031, 3,    7810.54,  119.7,   0.98031
"SCN_CN15_9021_CEI77A_ATV_S", 13.8, 1,    7810.56,   -0.3,   0.98031, 2,    7810.54, -120.3,   0.98031, 3,    7810.55,  119.7,   0.98031
"SCN_CN15_9024_CEI77A_ATV", 13.8, 1,     7810.6,   -0.3,   0.98032, 2,    7810.57, -120.3,   0.98031, 3,    7810.58,  119.7,   0.98031
"SCN_CN15_9025_CEI77A_ATV", 13.8, 1,    7810.62,   -0.3,   0.98032, 2,     7810.6, -120.3,   0.98032, 3,    7810.61,  119.7,   0.98032
"SCN_CN15_9026_CEI77A_ATV", 13.8, 1,    7810.65,   -0.3,   0.98032, 2,    7810.63, -120.3,   0.98032, 3,    7810.63,  119.7,   0.98032
"SCN_CN15_9027_CEI77A_ATV", 13.8, 1,    7810.64,   -0.3,   0.98032, 2,    7810.62, -120.3,   0.98032, 3,    7810.62,  119.7,   0.98032
"SCN_CN15_9028_CEI77A_ATV", 13.8, 1,    7810.64,   -0.3,   0.98032, 2,    7810.62, -120.3,   0.98032, 3,    7810.62,  119.7,   0.98032
"SCN_CN15_9029_CEI77A_ATV", 13.8, 1,    7810.63,   -0.3,   0.98032, 2,     7810.6, -120.3,   0.98032, 3,    7810.61,  119.7,   0.98032
"SCN_CN15_9030_CEI77A_ATV", 13.8, 1,    7810.62,   -0.3,   0.98032, 2,     7810.6, -120.3,   0.98032, 3,     7810.6,  119.7,   0.98032
"SCN_CN15_9480_CEI109", 13.8, 1,    7791.29,   -0.4,   0.97789, 2,    7791.26, -120.4,   0.97789, 3,    7791.27,  119.6,   0.97789
"SCN_CN15_9031_CEI77A_ATV", 13.8, 1,    7810.61,   -0.3,   0.98032, 2,    7810.59, -120.3,   0.98031, 3,    7810.59,  119.7,   0.98031
"SCN_CN15_9032_CEI77A_ATV", 13.8, 1,    7810.61,   -0.3,   0.98032, 2,    7810.59, -120.3,   0.98031, 3,    7810.59,  119.7,   0.98031
"SCN_CN15_9033_CEI77A_ATV", 13.8, 1,     7810.6,   -0.3,   0.98032, 2,    7810.58, -120.3,   0.98031, 3,    7810.58,  119.7,   0.98031
"SCN_CN15_9034_CEI77A_ATV", 13.8, 1,    7810.59,   -0.3,   0.98031, 2,    7810.57, -120.3,   0.98031, 3,    7810.57,  119.7,   0.98031
"SCN_CN15_9035_CEI77A_ATV", 13.8, 1,    7810.58,   -0.3,   0.98031, 2,    7810.56, -120.3,   0.98031, 3,    7810.57,  119.7,   0.98031
"SCN_CN15_9036_CEI77A_ATV_S", 13.8, 1,    7810.58,   -0.3,   0.98031, 2,    7810.55, -120.3,   0.98031, 3,    7810.56,  119.7,   0.98031
"SCN_CN15_9036_CEI77A_ATV", 13.8, 1,    7810.58,   -0.3,   0.98031, 2,    7810.55, -120.3,   0.98031, 3,    7810.56,  119.7,   0.98031
"SCN_CN15_9037_CEI77A_ATV_S", 13.8, 1,    7810.57,   -0.3,   0.98031, 2,    7810.54, -120.3,   0.98031, 3,    7810.55,  119.7,   0.98031
"SCN_CN15_9038_CEI77A_ATV", 13.8, 1,    7810.56,   -0.3,   0.98031, 2,    7810.54, -120.3,   0.98031, 3,    7810.54,  119.7,   0.98031
"SCN_CN15_9039_CEI77A_ATV", 13.8, 1,    7810.55,   -0.3,   0.98031, 2,    7810.53, -120.3,   0.98031, 3,    7810.54,  119.7,   0.98031
"SCN_CN15_9034_CEIRJ006_ATV", 13.8, 1,    7810.58,   -0.3,   0.98031, 2,    7810.55, -120.3,   0.98031, 3,    7810.56,  119.7,   0.98031
"SCN_CN15_9045_CEI77A_ATV", 13.8, 1,    7810.68,   -0.3,   0.98033, 2,    7810.65, -120.3,   0.98032, 3,    7810.66,  119.7,   0.98032
"SCN_CN15_9045_CEI77A_ATV_S", 13.8, 1,    7810.68,   -0.3,   0.98033, 2,    7810.65, -120.3,   0.98032, 3,    7810.66,  119.7,   0.98032
"SCN_CN15_9053_CEI77A_ATV", 13.8, 1,    7810.72,   -0.3,   0.98033, 2,     7810.7, -120.3,   0.98033, 3,     7810.7,  119.7,   0.98033
"SCN_CN15_9053_CEI77A_ATV_S", 13.8, 1,    7810.72,   -0.3,   0.98033, 2,     7810.7, -120.3,   0.98033, 3,     7810.7,  119.7,   0.98033
"SCN_CN15_9054_CEI77A_ATV", 13.8, 1,    7810.79,   -0.3,   0.98034, 2,    7810.77, -120.3,   0.98034, 3,    7810.77,  119.7,   0.98034
"SCN_CN15_9055_CEI77A_ATV", 13.8, 1,    7810.88,   -0.3,   0.98035, 2,    7810.86, -120.3,   0.98035, 3,    7810.87,  119.7,   0.98035
"SCN_CN15_9056_CEI77A_ATV", 13.8, 1,    7810.91,   -0.3,   0.98035, 2,    7810.88, -120.3,   0.98035, 3,    7810.89,  119.7,   0.98035
"SCN_CN15_9032_CEI230_ATV", 13.8, 1,    7811.18,   -0.3,   0.98039, 2,    7811.16, -120.3,   0.98039, 3,    7811.16,  119.7,   0.98039
"SCN_CN15_9087_CEI77A_ATV", 13.8, 1,    7811.17,   -0.3,   0.98039, 2,    7811.14, -120.3,   0.98038, 3,    7811.15,  119.7,   0.98038
"SCN_CN15_9026_CEI230_ATV", 13.8, 1,    7811.14,   -0.3,   0.98038, 2,    7811.12, -120.3,   0.98038, 3,    7811.12,  119.7,   0.98038
"SCN_CN15_9089_CEI77A_ATV", 13.8, 1,    7811.11,   -0.3,   0.98038, 2,    7811.09, -120.3,   0.98038, 3,    7811.09,  119.7,   0.98038
"SCN_CN15_9090_CEI77A_ATV", 13.8, 1,    7811.11,   -0.3,   0.98038, 2,    7811.09, -120.3,   0.98038, 3,    7811.09,  119.7,   0.98038
"SCN_CN15_9019_CEI230_ATV", 13.8, 1,    7811.09,   -0.3,   0.98038, 2,    7811.07, -120.3,   0.98037, 3,    7811.07,  119.7,   0.98037
"SCN_CN15_9017_CEI230_ATV", 13.8, 1,    7811.07,   -0.3,   0.98037, 2,    7811.05, -120.3,   0.98037, 3,    7811.05,  119.7,   0.98037
"SCN_CN15_9014_CEI230_ATV", 13.8, 1,    7811.06,   -0.3,   0.98037, 2,    7811.04, -120.3,   0.98037, 3,    7811.05,  119.7,   0.98037
"SCN_CN15_9013_CEI230_ATV", 13.8, 1,    7811.05,   -0.3,   0.98037, 2,    7811.03, -120.3,   0.98037, 3,    7811.03,  119.7,   0.98037
"SCN_CN15_9002_CEI230_ATV", 13.8, 1,    7811.04,   -0.3,   0.98037, 2,    7811.02, -120.3,   0.98037, 3,    7811.02,  119.7,   0.98037
"SCN_CN15_9003_CEI230_ATV", 13.8, 1,    7811.04,   -0.3,   0.98037, 2,    7811.02, -120.3,   0.98037, 3,    7811.02,  119.7,   0.98037
"SCN_CN15_9004_CEI230_ATV", 13.8, 1,    7811.04,   -0.3,   0.98037, 2,    7811.02, -120.3,   0.98037, 3,    7811.02,  119.7,   0.98037
"SCN_CN15_9482_CEI109", 13.8, 1,    7791.27,   -0.4,   0.97789, 2,    7791.24, -120.4,   0.97789, 3,    7791.24,  119.6,   0.97789
"SCN_CN15_9005_CEI230_ATV", 13.8, 1,    7811.03,   -0.3,   0.98037, 2,    7811.01, -120.3,   0.98037, 3,    7811.02,  119.7,   0.98037
"SCN_CN15_9006_CEI230_ATV", 13.8, 1,    7811.02,   -0.3,   0.98037, 2,       7811, -120.3,   0.98037, 3,    7811.01,  119.7,   0.98037
"SCN_CN15_9007_CEI230_ATV", 13.8, 1,    7811.02,   -0.3,   0.98037, 2,    7810.99, -120.3,   0.98037, 3,       7811,  119.7,   0.98037
"SCN_CN15_9008_CEI230_ATV", 13.8, 1,    7811.01,   -0.3,   0.98037, 2,    7810.99, -120.3,   0.98036, 3,    7810.99,  119.7,   0.98036
"SCN_CN15_9009_CEI230_ATV", 13.8, 1,    7811.01,   -0.3,   0.98037, 2,    7810.98, -120.3,   0.98036, 3,    7810.99,  119.7,   0.98036
"SCN_CN15_9050_CEI77A_ATV", 13.8, 1,     7810.6,   -0.3,   0.98032, 2,    7810.58, -120.3,   0.98031, 3,    7810.58,  119.7,   0.98031
"SCN_CN15_9052_CEI77A_ATV", 13.8, 1,    7810.58,   -0.3,   0.98031, 2,    7810.56, -120.3,   0.98031, 3,    7810.57,  119.7,   0.98031
"SCN_CN15_9049_CEI77A_ATV", 13.8, 1,    7810.61,   -0.3,   0.98032, 2,    7810.59, -120.3,   0.98031, 3,     7810.6,  119.7,   0.98032
"SCN_CN15_9050_CEI77A_ATV_S", 13.8, 1,     7810.6,   -0.3,   0.98032, 2,    7810.58, -120.3,   0.98031, 3,    7810.58,  119.7,   0.98031
"SCN_CN15_9051_CEI77A_ATV", 13.8, 1,     7810.6,   -0.3,   0.98032, 2,    7810.57, -120.3,   0.98031, 3,    7810.58,  119.7,   0.98031
"SCN_CN15_9047_CEI77A_ATV", 13.8, 1,    7810.63,   -0.3,   0.98032, 2,    7810.61, -120.3,   0.98032, 3,    7810.61,  119.7,   0.98032
"SCN_CN15_9046_CEI77A_ATV", 13.8, 1,    7810.65,   -0.3,   0.98032, 2,    7810.63, -120.3,   0.98032, 3,    7810.63,  119.7,   0.98032
"SCN_CN15_9483_CEI109", 13.8, 1,    7791.26,   -0.4,   0.97789, 2,    7791.23, -120.4,   0.97789, 3,    7791.24,  119.6,   0.97789
"SCN_CN15_9045_CEIRJ006_ATV", 13.8, 1,    7810.82,   -0.3,   0.98034, 2,     7810.8, -120.3,   0.98034, 3,     7810.8,  119.7,   0.98034
"SCN_CN15_9112_CEI076", 13.8, 1,    7810.82,   -0.3,   0.98034, 2,     7810.8, -120.3,   0.98034, 3,    7810.81,  119.7,   0.98034
"SCN_CN15_9113_CEI076", 13.8, 1,    7810.82,   -0.3,   0.98034, 2,     7810.8, -120.3,   0.98034, 3,    7810.81,  119.7,   0.98034
"SCN_CN15_9111_CEI076", 13.8, 1,    7810.83,   -0.3,   0.98034, 2,    7810.81, -120.3,   0.98034, 3,    7810.81,  119.7,   0.98034
"SCN_CN15_9112_CEI076_S", 13.8, 1,    7810.82,   -0.3,   0.98034, 2,     7810.8, -120.3,   0.98034, 3,    7810.81,  119.7,   0.98034
"SCN_CN15_9092_CEI076", 13.8, 1,    7810.83,   -0.3,   0.98035, 2,    7810.81, -120.3,   0.98034, 3,    7810.82,  119.7,   0.98034
"SCN_CN15_9093_CEI076", 13.8, 1,    7810.83,   -0.3,   0.98034, 2,    7810.81, -120.3,   0.98034, 3,    7810.81,  119.7,   0.98034
"SCN_CN15_9092_CEI076_S", 13.8, 1,    7810.83,   -0.3,   0.98035, 2,    7810.81, -120.3,   0.98034, 3,    7810.82,  119.7,   0.98034
"SCN_CN15_9127_CEI77A_ATV", 13.8, 1,    7810.85,   -0.3,   0.98035, 2,    7810.83, -120.3,   0.98034, 3,    7810.83,  119.7,   0.98035
"SCN_CN15_9128_CEI77A_ATV", 13.8, 1,    7810.85,   -0.3,   0.98035, 2,    7810.83, -120.3,   0.98034, 3,    7810.83,  119.7,   0.98034
"SCN_CN15_9041_CEIRJ006_ATV", 13.8, 1,    7810.83,   -0.3,   0.98035, 2,    7810.81, -120.3,   0.98034, 3,    7810.82,  119.7,   0.98034
"SCN_CN15_9126_CEI77A_ATV", 13.8, 1,    7810.93,   -0.3,   0.98036, 2,    7810.91, -120.3,   0.98035, 3,    7810.91,  119.7,   0.98035
"SCN_CN15_9127_CEI77A_ATV_S", 13.8, 1,    7810.85,   -0.3,   0.98035, 2,    7810.83, -120.3,   0.98034, 3,    7810.83,  119.7,   0.98035
"SCN_CN15_9060_CEI230_ATV", 13.8, 1,    7810.93,   -0.3,   0.98036, 2,    7810.91, -120.3,   0.98035, 3,    7810.91,  119.7,   0.98035
"SCN_CN15_9484_CEI109", 13.8, 1,    7791.25,   -0.4,   0.97789, 2,    7791.22, -120.4,   0.97788, 3,    7791.23,  119.6,   0.97788
"SCN_CN15_9124_CEI77A_ATV", 13.8, 1,    7810.97,   -0.3,   0.98036, 2,    7810.95, -120.3,   0.98036, 3,    7810.96,  119.7,   0.98036
"SCN_CN15_9123_CEI77A_ATV", 13.8, 1,    7810.98,   -0.3,   0.98036, 2,    7810.96, -120.3,   0.98036, 3,    7810.96,  119.7,   0.98036
"SCN_CN15_9124_CEI77A_ATV_S", 13.8, 1,    7810.97,   -0.3,   0.98036, 2,    7810.95, -120.3,   0.98036, 3,    7810.96,  119.7,   0.98036
"SCN_CN15_9059_CEI230_ATV", 13.8, 1,    7810.94,   -0.3,   0.98036, 2,    7810.92, -120.3,   0.98036, 3,    7810.92,  119.7,   0.98036
"SCN_CN15_9125_CEI77A_ATV", 13.8, 1,    7810.96,   -0.3,   0.98036, 2,    7810.94, -120.3,   0.98036, 3,    7810.95,  119.7,   0.98036
"SCN_CN15_9122_CEI77A_ATV", 13.8, 1,    7811.08,   -0.3,   0.98038, 2,    7811.05, -120.3,   0.98037, 3,    7811.06,  119.7,   0.98037
"SCN_CN15_9121_CEI77A_ATV", 13.8, 1,    7811.17,   -0.3,   0.98039, 2,    7811.15, -120.3,   0.98039, 3,    7811.16,  119.7,   0.98039
"SCN_CN15_9120_CEI77A_ATV", 13.8, 1,    7811.27,   -0.3,    0.9804, 2,    7811.25, -120.3,    0.9804, 3,    7811.26,  119.7,    0.9804
"SCN_CN15_9119_CEI77A_ATV", 13.8, 1,    7811.37,   -0.3,   0.98041, 2,    7811.35, -120.3,   0.98041, 3,    7811.36,  119.7,   0.98041
"SCN_CN15_9118_CEI77A_ATV", 13.8, 1,    7811.45,   -0.3,   0.98042, 2,    7811.43, -120.3,   0.98042, 3,    7811.43,  119.7,   0.98042
"SCN_CN15_9116_CEI77A_ATV", 13.8, 1,    7811.55,   -0.3,   0.98043, 2,    7811.53, -120.3,   0.98043, 3,    7811.53,  119.7,   0.98043
"SCN_CN15_9117_CEI77A_ATV", 13.8, 1,    7811.55,   -0.3,   0.98043, 2,    7811.53, -120.3,   0.98043, 3,    7811.53,  119.7,   0.98043
"SCN_CN15_9116_CEI77A_ATV_S", 13.8, 1,    7811.55,   -0.3,   0.98043, 2,    7811.53, -120.3,   0.98043, 3,    7811.53,  119.7,   0.98043
"SCN_CN15_9111_CEI77A_ATV", 13.8, 1,    7811.84,   -0.3,   0.98047, 2,    7811.82, -120.3,   0.98047, 3,    7811.82,  119.7,   0.98047
"SCN_CN15_9109_CEI77A_ATV", 13.8, 1,    7811.97,   -0.3,   0.98049, 2,    7811.95, -120.3,   0.98049, 3,    7811.96,  119.7,   0.98049
"SCN_CN15_9110_CEI77A_ATV", 13.8, 1,    7811.97,   -0.3,   0.98049, 2,    7811.95, -120.3,   0.98049, 3,    7811.95,  119.7,   0.98049
"SCN_CN15_9108_CEI77A_ATV", 13.8, 1,    7812.09,   -0.3,    0.9805, 2,    7812.07, -120.3,    0.9805, 3,    7812.08,  119.7,    0.9805
"SCN_CN15_9109_CEI77A_ATV_S", 13.8, 1,    7811.97,   -0.3,   0.98049, 2,    7811.95, -120.3,   0.98049, 3,    7811.96,  119.7,   0.98049
"SCN_CN15_9356_CEI065", 13.8, 1,    7962.02,    0.0,   0.99932, 2,    7962.02, -120.0,   0.99932, 3,    7962.02,  120.0,   0.99932
"SCN_CN15_9357_CEI065", 13.8, 1,    7962.02,    0.0,   0.99932, 2,    7962.02, -120.0,   0.99932, 3,    7962.02,  120.0,   0.99932
"SCN_CN15_9355_CEI065", 13.8, 1,    7962.02,    0.0,   0.99932, 2,    7962.02, -120.0,   0.99932, 3,    7962.02,  120.0,   0.99932
"SCN_CN15_9354_CEI065", 13.8, 1,    7962.02,    0.0,   0.99932, 2,    7962.02, -120.0,   0.99932, 3,    7962.02,  120.0,   0.99932
"SCN_CN15_9362_CEI065", 13.8, 1,    7962.02,    0.0,   0.99932, 2,    7962.02, -120.0,   0.99932, 3,    7962.02,  120.0,   0.99932
"SCN_CN15_9365_CEI065", 13.8, 1,    7960.87,    0.0,   0.99918, 2,    7960.87, -120.0,   0.99918, 3,    7960.87,  120.0,   0.99918
"SCN_CN15_9367_CEI065", 13.8, 1,    7959.72,    0.0,   0.99903, 2,    7959.72, -120.0,   0.99903, 3,    7959.72,  120.0,   0.99903
"SCN_CN15_9368_CEI065", 13.8, 1,    7958.88,    0.0,   0.99893, 2,    7958.88, -120.0,   0.99893, 3,    7958.88,  120.0,   0.99893
"SCN_CN15_9369_CEI065", 13.8, 1,    7957.81,    0.0,   0.99879, 2,    7957.81, -120.0,   0.99879, 3,    7957.81,  120.0,   0.99879
"SCN_CN15_9370_CEI065", 13.8, 1,    7956.75,    0.0,   0.99866, 2,    7956.75, -120.0,   0.99866, 3,    7956.75,  120.0,   0.99866
"SCN_CN15_9371_CEI065", 13.8, 1,    7955.59,    0.0,   0.99851, 2,    7955.58, -120.0,   0.99851, 3,    7955.58,  120.0,   0.99851
"SCN_CN15_9372_CEI065", 13.8, 1,    7954.55,    0.0,   0.99838, 2,    7954.55, -120.0,   0.99838, 3,    7954.55,  120.0,   0.99838
"SCN_CN15_9373_CEI065", 13.8, 1,    7953.44,    0.0,   0.99824, 2,    7953.44, -120.0,   0.99824, 3,    7953.44,  120.0,   0.99824
"SCN_CN15_9374_CEI065", 13.8, 1,    7952.31,    0.0,    0.9981, 2,    7952.31, -120.0,    0.9981, 3,    7952.31,  120.0,    0.9981
"SCN_CN15_9375_CEI065", 13.8, 1,    7951.18,   -0.1,   0.99796, 2,    7951.18, -120.1,   0.99796, 3,    7951.18,  119.9,   0.99796
"SCN_CN15_9376_CEI065", 13.8, 1,    7950.09,   -0.1,   0.99782, 2,    7950.09, -120.1,   0.99782, 3,    7950.09,  119.9,   0.99782
"SCN_CN15_9377_CEI065", 13.8, 1,    7948.78,   -0.1,   0.99766, 2,    7948.78, -120.1,   0.99766, 3,    7948.78,  119.9,   0.99766
"SCN_CN15_9011_CEI068", 13.8, 1,    7947.56,   -0.1,   0.99751, 2,    7947.56, -120.1,   0.99751, 3,    7947.56,  119.9,   0.99751
"SCN_CN15_9010_CEI068", 13.8, 1,    7946.55,   -0.1,   0.99738, 2,    7946.55, -120.1,   0.99738, 3,    7946.55,  119.9,   0.99738
"SCN_CN15_9021_CEI068", 13.8, 1,    7938.79,   -0.1,    0.9964, 2,    7938.79, -120.1,    0.9964, 3,    7938.79,  119.9,    0.9964
"SCN_CN15_9020_CEI068", 13.8, 1,    7939.93,   -0.1,   0.99655, 2,    7939.92, -120.1,   0.99655, 3,    7939.93,  119.9,   0.99655
"SCN_CN15_9021_CEI068_S", 13.8, 1,    7938.79,   -0.1,    0.9964, 2,    7938.79, -120.1,    0.9964, 3,    7938.79,  119.9,    0.9964
"SCN_CN15_9019_CEI068", 13.8, 1,    7941.08,   -0.1,   0.99669, 2,    7941.07, -120.1,   0.99669, 3,    7941.07,  119.9,   0.99669
"SCN_CN15_9018_CEI068", 13.8, 1,    7942.16,   -0.1,   0.99683, 2,    7942.16, -120.1,   0.99683, 3,    7942.16,  119.9,   0.99683
"SCN_CN15_9017_CEI068", 13.8, 1,    7943.28,   -0.1,   0.99697, 2,    7943.27, -120.1,   0.99697, 3,    7943.27,  119.9,   0.99697
"SCN_CN15_9007_CEI068", 13.8, 1,    7944.56,   -0.1,   0.99713, 2,    7944.56, -120.1,   0.99713, 3,    7944.56,  119.9,   0.99713
"SCN_CN15_9008_CEI068", 13.8, 1,    7945.67,   -0.1,   0.99727, 2,    7945.66, -120.1,   0.99727, 3,    7945.66,  119.9,   0.99727
"SCN_CN15_9035_CEI068", 13.8, 1,    7923.15,   -0.1,   0.99444, 2,    7923.15, -120.1,   0.99444, 3,    7923.15,  119.9,   0.99444
"SCN_CN15_9034_CEI068", 13.8, 1,    7924.29,   -0.1,   0.99459, 2,    7924.29, -120.1,   0.99458, 3,    7924.29,  119.9,   0.99458
"SCN_CN15_9033_CEI068", 13.8, 1,    7925.34,   -0.1,   0.99472, 2,    7925.33, -120.1,   0.99472, 3,    7925.33,  119.9,   0.99472
"SCN_CN15_9032_CEI068", 13.8, 1,    7926.49,   -0.1,   0.99486, 2,    7926.49, -120.1,   0.99486, 3,    7926.49,  119.9,   0.99486
"SCN_CN15_9031_CEI068", 13.8, 1,    7927.62,   -0.1,     0.995, 2,    7927.61, -120.1,     0.995, 3,    7927.61,  119.9,     0.995
"SCN_CN15_9030_CEI068", 13.8, 1,    7928.75,   -0.1,   0.99514, 2,    7928.75, -120.1,   0.99514, 3,    7928.75,  119.9,   0.99514
"SCN_CN15_9029_CEI068", 13.8, 1,    7929.84,   -0.1,   0.99528, 2,    7929.84, -120.1,   0.99528, 3,    7929.84,  119.9,   0.99528
"SCN_CN15_9028_CEI068", 13.8, 1,    7930.98,   -0.1,   0.99542, 2,    7930.97, -120.1,   0.99542, 3,    7930.97,  119.9,   0.99542
"SCN_CN15_9027_CEI068", 13.8, 1,    7932.04,   -0.1,   0.99556, 2,    7932.03, -120.1,   0.99556, 3,    7932.03,  119.9,   0.99556
"SCN_CN15_9026_CEI068", 13.8, 1,    7933.09,   -0.1,   0.99569, 2,    7933.09, -120.1,   0.99569, 3,    7933.09,  119.9,   0.99569
"SCN_CN15_9025_CEI068", 13.8, 1,    7934.26,   -0.1,   0.99584, 2,    7934.26, -120.1,   0.99584, 3,    7934.26,  119.9,   0.99584
"SCN_CN15_9024_CEI068", 13.8, 1,    7935.31,   -0.1,   0.99597, 2,    7935.31, -120.1,   0.99597, 3,    7935.31,  119.9,   0.99597
"SCN_CN15_9013_CEI120", 13.8, 1,    7802.91,   -0.4,   0.97935, 2,    7802.89, -120.4,   0.97935, 3,    7802.89,  119.6,   0.97935
"SCN_CN15_9014_CEI120_S", 13.8, 1,    7802.89,   -0.4,   0.97935, 2,    7802.87, -120.4,   0.97934, 3,    7802.87,  119.6,   0.97934
"SCN_CN15_9009_CEI120", 13.8, 1,    7803.09,   -0.4,   0.97937, 2,    7803.07, -120.4,   0.97937, 3,    7803.07,  119.6,   0.97937
"SCN_CN15_9013_CEI120_S", 13.8, 1,    7802.91,   -0.4,   0.97935, 2,    7802.89, -120.4,   0.97935, 3,    7802.89,  119.6,   0.97935
"SCN_CN15_9009_CEI120_S", 13.8, 1,    7803.09,   -0.4,   0.97937, 2,    7803.07, -120.4,   0.97937, 3,    7803.07,  119.6,   0.97937
"SCN_CN15_9162_CEI220_ATV", 13.8, 1,    7802.94,   -0.4,   0.97935, 2,    7802.92, -120.4,   0.97935, 3,    7802.92,  119.6,   0.97935
"SCN_CN15_9008_CEI120", 13.8, 1,    7802.72,   -0.4,   0.97933, 2,     7802.7, -120.4,   0.97932, 3,     7802.7,  119.6,   0.97932
"SCN_CN15_9003_CEI134A_ATV", 13.8, 1,    7798.26,   -0.4,   0.97877, 2,    7798.24, -120.4,   0.97876, 3,    7798.24,  119.6,   0.97876
"SCN_CN15_9001_CEI134A_ATV", 13.8, 1,    7798.25,   -0.4,   0.97877, 2,    7798.23, -120.4,   0.97876, 3,    7798.23,  119.6,   0.97876
"SCN_CN15_9007_CEI134_ATV", 13.8, 1,    7798.25,   -0.4,   0.97877, 2,    7798.22, -120.4,   0.97876, 3,    7798.22,  119.6,   0.97876
"SCN_CN15_9002_CEI134A_ATV", 13.8, 1,    7798.23,   -0.4,   0.97876, 2,     7798.2, -120.4,   0.97876, 3,    7798.21,  119.6,   0.97876
"SCN_CN15_9003_CEI160A_ATV", 13.8, 1,    7798.22,   -0.4,   0.97876, 2,     7798.2, -120.4,   0.97876, 3,     7798.2,  119.6,   0.97876
"SCN_CN15_9002_CEI160A_ATV", 13.8, 1,    7798.21,   -0.4,   0.97876, 2,    7798.19, -120.4,   0.97876, 3,    7798.19,  119.6,   0.97876
"SCN_CN15_9001_CEI160A_ATV", 13.8, 1,    7798.21,   -0.4,   0.97876, 2,    7798.19, -120.4,   0.97876, 3,    7798.19,  119.6,   0.97876
"SCN_CN15_9008_CEI121", 13.8, 1,    7798.21,   -0.4,   0.97876, 2,    7798.19, -120.4,   0.97876, 3,    7798.19,  119.6,   0.97876
"SCN_CN15_9009_CEI121", 13.8, 1,    7798.21,   -0.4,   0.97876, 2,    7798.19, -120.4,   0.97876, 3,    7798.19,  119.6,   0.97876
"SCN_CN15_9010_CEI121", 13.8, 1,    7798.21,   -0.4,   0.97876, 2,    7798.18, -120.4,   0.97876, 3,    7798.18,  119.6,   0.97876
"SCN_CN15_9007_CEI120", 13.8, 1,    7802.48,   -0.4,    0.9793, 2,    7802.46, -120.4,   0.97929, 3,    7802.46,  119.6,   0.97929
"SCN_CN15_9007_CEI121", 13.8, 1,    7798.21,   -0.4,   0.97876, 2,    7798.18, -120.4,   0.97876, 3,    7798.18,  119.6,   0.97876
"SCN_CN15_9006_CEI121", 13.8, 1,     7798.2,   -0.4,   0.97876, 2,    7798.18, -120.4,   0.97876, 3,    7798.18,  119.6,   0.97876
"SCN_CN15_9005_CEI121", 13.8, 1,     7798.2,   -0.4,   0.97876, 2,    7798.18, -120.4,   0.97876, 3,    7798.18,  119.6,   0.97876
"SCN_CN15_9004_CEI121", 13.8, 1,     7798.2,   -0.4,   0.97876, 2,    7798.18, -120.4,   0.97876, 3,    7798.18,  119.6,   0.97876
"SCN_CN15_9003_CEI121", 13.8, 1,     7798.2,   -0.4,   0.97876, 2,    7798.18, -120.4,   0.97876, 3,    7798.18,  119.6,   0.97876
"SCN_CN15_9006_CEI120", 13.8, 1,    7802.22,   -0.4,   0.97926, 2,     7802.2, -120.4,   0.97926, 3,     7802.2,  119.6,   0.97926
"SCN_CN15_9004_CEI120", 13.8, 1,    7801.97,   -0.4,   0.97923, 2,    7801.94, -120.4,   0.97923, 3,    7801.95,  119.6,   0.97923
"SCN_CN15_9003_CEI120", 13.8, 1,     7801.7,   -0.4,    0.9792, 2,    7801.68, -120.4,    0.9792, 3,    7801.68,  119.6,    0.9792
"SCN_CN15_9110_CEI201_ATV", 13.8, 1,    7808.99,   -0.3,   0.98011, 2,    7808.97, -120.3,   0.98011, 3,    7808.97,  119.7,   0.98011
"SCN_CN15_9002_CEI120", 13.8, 1,    7801.48,   -0.4,   0.97917, 2,    7801.46, -120.4,   0.97917, 3,    7801.46,  119.6,   0.97917
"SCN_CN15_9004_CEI160A_ATV", 13.8, 1,    7796.49,   -0.4,   0.97854, 2,    7796.47, -120.4,   0.97854, 3,    7796.47,  119.6,   0.97854
"SCN_CN15_9005_CEI160A_ATV", 13.8, 1,    7796.49,   -0.4,   0.97854, 2,    7796.47, -120.4,   0.97854, 3,    7796.47,  119.6,   0.97854
"SCN_CN15_9006_CEI160A_ATV", 13.8, 1,    7796.49,   -0.4,   0.97855, 2,    7796.47, -120.4,   0.97854, 3,    7796.47,  119.6,   0.97854
"SCN_CN15_9007_CEI160A_ATV", 13.8, 1,    7796.49,   -0.4,   0.97855, 2,    7796.47, -120.4,   0.97854, 3,    7796.47,  119.6,   0.97854
"SCN_CN15_9008_CEI160A_ATV", 13.8, 1,     7796.5,   -0.4,   0.97855, 2,    7796.47, -120.4,   0.97854, 3,    7796.47,  119.6,   0.97854
"SCN_CN15_9004_CEI134B_ATV", 13.8, 1,     7796.5,   -0.4,   0.97855, 2,    7796.48, -120.4,   0.97854, 3,    7796.48,  119.6,   0.97854
"SCN_CN15_9001_CEI120", 13.8, 1,    7801.22,   -0.4,   0.97914, 2,    7801.19, -120.4,   0.97914, 3,    7801.19,  119.6,   0.97914
"SCN_CN15_9005_CEI134B_ATV", 13.8, 1,     7796.5,   -0.4,   0.97855, 2,    7796.48, -120.4,   0.97854, 3,    7796.48,  119.6,   0.97854
"SCN_CN15_9008_CEI134B_ATV", 13.8, 1,     7796.5,   -0.4,   0.97855, 2,    7796.48, -120.4,   0.97854, 3,    7796.48,  119.6,   0.97854
"SCN_CN15_9007_CEI134B_ATV", 13.8, 1,     7796.5,   -0.4,   0.97855, 2,    7796.48, -120.4,   0.97854, 3,    7796.48,  119.6,   0.97854
"SCN_CN15_9006_CEI134B_ATV", 13.8, 1,     7796.5,   -0.4,   0.97855, 2,    7796.48, -120.4,   0.97854, 3,    7796.48,  119.6,   0.97854
"SCN_CN15_9008_CEI134B_ATV_S", 13.8, 1,     7796.5,   -0.4,   0.97855, 2,    7796.48, -120.4,   0.97854, 3,    7796.48,  119.6,   0.97854
"SCN_CN15_9009_CEI134B_ATV", 13.8, 1,     7796.5,   -0.4,   0.97855, 2,    7796.48, -120.4,   0.97854, 3,    7796.48,  119.6,   0.97854
"SCN_CN15_9038_CEIRJ006_ATV", 13.8, 1,    7812.11,   -0.3,   0.98051, 2,    7812.09, -120.3,    0.9805, 3,    7812.09,  119.7,    0.9805
"SCN_CN15_9013_CEI201_ATV", 13.8, 1,    7790.56,   -0.4,    0.9778, 2,    7790.53, -120.4,    0.9778, 3,    7790.53,  119.6,    0.9778
"SCN_CN15_9105_CEI77A_ATV", 13.8, 1,    7812.35,   -0.3,   0.98054, 2,    7812.33, -120.3,   0.98053, 3,    7812.33,  119.7,   0.98053
"SCN_CN15_9106_CEI77A_ATV_S", 13.8, 1,    7812.12,   -0.3,   0.98051, 2,     7812.1, -120.3,    0.9805, 3,    7812.11,  119.7,    0.9805
"SCN_CN15_9490_CEI109", 13.8, 1,    7791.22,   -0.4,   0.97788, 2,     7791.2, -120.4,   0.97788, 3,     7791.2,  119.6,   0.97788
"SCN_CN15_9104_CEI77A_ATV_S", 13.8, 1,    7812.57,   -0.3,   0.98056, 2,    7812.55, -120.3,   0.98056, 3,    7812.56,  119.7,   0.98056
"SCN_CN15_9006_CEI077_ATV", 13.8, 1,    7815.13,   -0.3,   0.98088, 2,    7815.11, -120.3,   0.98088, 3,    7815.11,  119.7,   0.98088
"SCN_CN15_9007_CEI077_ATV", 13.8, 1,    7815.11,   -0.3,   0.98088, 2,    7815.09, -120.3,   0.98088, 3,    7815.09,  119.7,   0.98088
"SCN_CN15_9004_CEI077_ATV", 13.8, 1,     7815.2,   -0.3,   0.98089, 2,    7815.18, -120.3,   0.98089, 3,    7815.18,  119.7,   0.98089
"SCN_CN15_9005_CEI077_ATV_S", 13.8, 1,    7815.15,   -0.3,   0.98089, 2,    7815.13, -120.3,   0.98088, 3,    7815.13,  119.7,   0.98088
"SCN_CN15_9003_CEI077_ATV", 13.8, 1,    7815.26,   -0.3,    0.9809, 2,    7815.24, -120.3,    0.9809, 3,    7815.24,  119.7,    0.9809
"SCN_CN15_9002_CEI077_ATV_S", 13.8, 1,     7815.3,   -0.3,   0.98091, 2,    7815.28, -120.3,    0.9809, 3,    7815.29,  119.7,    0.9809
"SCN_CN15_9094_CEI072_S", 13.8, 1,    7816.62,   -0.3,   0.98107, 2,     7816.6, -120.3,   0.98107, 3,     7816.6,  119.7,   0.98107
"SCN_CN15_9093_CEI072_S", 13.8, 1,    7817.27,   -0.3,   0.98115, 2,    7817.25, -120.3,   0.98115, 3,    7817.25,  119.7,   0.98115
"SCN_CN15_9095_CEI072", 13.8, 1,     7817.5,   -0.3,   0.98118, 2,    7817.48, -120.3,   0.98118, 3,    7817.48,  119.7,   0.98118
"SCN_CN15_9096_CEI072", 13.8, 1,    7817.49,   -0.3,   0.98118, 2,    7817.47, -120.3,   0.98118, 3,    7817.47,  119.7,   0.98118
"SCN_CN15_9097_CEI072", 13.8, 1,    7817.47,   -0.3,   0.98118, 2,    7817.45, -120.3,   0.98118, 3,    7817.46,  119.7,   0.98118
"SCN_CN15_9098_CEI072", 13.8, 1,    7817.46,   -0.3,   0.98118, 2,    7817.44, -120.3,   0.98117, 3,    7817.45,  119.7,   0.98117
"SCN_CN15_9099_CEI072", 13.8, 1,    7817.46,   -0.3,   0.98118, 2,    7817.44, -120.3,   0.98117, 3,    7817.44,  119.7,   0.98117
"SCN_CN15_9102_CEI220_ATV", 13.8, 1,     7802.7,   -0.4,   0.97932, 2,    7802.68, -120.4,   0.97932, 3,    7802.68,  119.6,   0.97932
"SCN_CN15_9038_CEI148_ATV", 13.8, 1,    7809.18,   -0.3,   0.98014, 2,    7809.16, -120.3,   0.98013, 3,    7809.16,  119.7,   0.98013
"SCN_CN15_9012_CEIRJ013_ATV", 13.8, 1,    7809.18,   -0.3,   0.98014, 2,    7809.16, -120.3,   0.98013, 3,    7809.16,  119.7,   0.98013
"SCN_CN15_9361_CEI109", 13.8, 1,     7790.6,   -0.4,   0.97781, 2,    7790.57, -120.4,    0.9778, 3,    7790.57,  119.6,    0.9778
"SCN_CN15_9010_CEI134B_ATV", 13.8, 1,     7796.5,   -0.4,   0.97855, 2,    7796.48, -120.4,   0.97854, 3,    7796.48,  119.6,   0.97854
"SCN_CN15_9011_CEI134B_ATV", 13.8, 1,     7796.5,   -0.4,   0.97855, 2,    7796.48, -120.4,   0.97854, 3,    7796.48,  119.6,   0.97854
"SCN_CN15_9009_CEI134B_ATV_S", 13.8, 1,     7796.5,   -0.4,   0.97855, 2,    7796.48, -120.4,   0.97854, 3,    7796.48,  119.6,   0.97854
"SCN_CN15_9012_CEI134B_ATV", 13.8, 1,    7796.51,   -0.4,   0.97855, 2,    7796.49, -120.4,   0.97854, 3,    7796.49,  119.6,   0.97854
"SCN_CN15_9013_CEI134B_ATV", 13.8, 1,    7796.51,   -0.4,   0.97855, 2,    7796.49, -120.4,   0.97854, 3,    7796.49,  119.6,   0.97854
"SCN_CN15_9008_CEI134C_ATV", 13.8, 1,    7796.51,   -0.4,   0.97855, 2,    7796.49, -120.4,   0.97854, 3,    7796.49,  119.6,   0.97854
"SCN_CN15_9021_CEI109", 13.8, 1,    7800.88,   -0.4,    0.9791, 2,    7800.86, -120.4,   0.97909, 3,    7800.86,  119.6,   0.97909
"SCN_CN15_9009_CEI134C_ATV", 13.8, 1,    7796.51,   -0.4,   0.97855, 2,    7796.49, -120.4,   0.97854, 3,    7796.49,  119.6,   0.97854
"SCN_CN15_9010_CEI134C_ATV", 13.8, 1,    7796.51,   -0.4,   0.97855, 2,    7796.49, -120.4,   0.97854, 3,    7796.49,  119.6,   0.97854
"SCN_CN15_9013_CEI134B_ATV_S", 13.8, 1,    7796.51,   -0.4,   0.97855, 2,    7796.49, -120.4,   0.97854, 3,    7796.49,  119.6,   0.97854
"SCN_CN15_9006_CEI134C_ATV", 13.8, 1,    7796.52,   -0.4,   0.97855, 2,     7796.5, -120.4,   0.97855, 3,     7796.5,  119.6,   0.97855
"SCN_CN15_9005_CEI134C_ATV", 13.8, 1,    7796.52,   -0.4,   0.97855, 2,     7796.5, -120.4,   0.97855, 3,     7796.5,  119.6,   0.97855
"SCN_CN15_9004_CEI134C_ATV", 13.8, 1,    7796.53,   -0.4,   0.97855, 2,    7796.51, -120.4,   0.97855, 3,    7796.51,  119.6,   0.97855
"SCN_CN15_9003_CEI134C_ATV", 13.8, 1,    7796.54,   -0.4,   0.97855, 2,    7796.52, -120.4,   0.97855, 3,    7796.52,  119.6,   0.97855
"SCN_CN15_9001_CEI134C_ATV", 13.8, 1,    7796.55,   -0.4,   0.97855, 2,    7796.53, -120.4,   0.97855, 3,    7796.53,  119.6,   0.97855
"SCN_CN15_9001_CEI134C_ATV_S", 13.8, 1,    7796.55,   -0.4,   0.97855, 2,    7796.53, -120.4,   0.97855, 3,    7796.53,  119.6,   0.97855
"SCN_CN15_9002_CEI134C_ATV", 13.8, 1,    7796.55,   -0.4,   0.97855, 2,    7796.53, -120.4,   0.97855, 3,    7796.53,  119.6,   0.97855
"SCN_CN15_9038_CEI134B_ATV", 13.8, 1,    7796.56,   -0.4,   0.97855, 2,    7796.54, -120.4,   0.97855, 3,    7796.54,  119.6,   0.97855
"SCN_CN15_9027_CEI134C_ATV", 13.8, 1,    7796.35,   -0.4,   0.97853, 2,    7796.33, -120.4,   0.97852, 3,    7796.33,  119.6,   0.97852
"SCN_CN15_9028_CEI134C_ATV", 13.8, 1,    7796.35,   -0.4,   0.97853, 2,    7796.32, -120.4,   0.97852, 3,    7796.32,  119.6,   0.97852
"SCN_CN15_9020_CEI109", 13.8, 1,    7800.68,   -0.4,   0.97907, 2,    7800.66, -120.4,   0.97907, 3,    7800.66,  119.6,   0.97907
"SCN_CN15_9026_CEI134C_ATV", 13.8, 1,    7796.36,   -0.4,   0.97853, 2,    7796.34, -120.4,   0.97853, 3,    7796.34,  119.6,   0.97853
"SCN_CN15_9025_CEI134C_ATV", 13.8, 1,    7796.37,   -0.4,   0.97853, 2,    7796.35, -120.4,   0.97853, 3,    7796.35,  119.6,   0.97853
"SCN_CN15_9029_CEI134C_ATV", 13.8, 1,    7796.36,   -0.4,   0.97853, 2,    7796.34, -120.4,   0.97853, 3,    7796.34,  119.6,   0.97853
"SCN_CN15_9030_CEI134C_ATV", 13.8, 1,    7796.36,   -0.4,   0.97853, 2,    7796.34, -120.4,   0.97853, 3,    7796.34,  119.6,   0.97853
"SCN_CN15_9017_CEI134C_ATV", 13.8, 1,    7796.41,   -0.4,   0.97853, 2,    7796.38, -120.4,   0.97853, 3,    7796.38,  119.6,   0.97853
"SCN_CN15_9025_CEI134C_ATV_S", 13.8, 1,    7796.37,   -0.4,   0.97853, 2,    7796.35, -120.4,   0.97853, 3,    7796.35,  119.6,   0.97853
"SCN_CN15_9018_CEI134C_ATV", 13.8, 1,    7796.39,   -0.4,   0.97853, 2,    7796.37, -120.4,   0.97853, 3,    7796.37,  119.6,   0.97853
"SCN_CN15_9019_CEI134C_ATV_S", 13.8, 1,    7796.38,   -0.4,   0.97853, 2,    7796.36, -120.4,   0.97853, 3,    7796.35,  119.6,   0.97853
"SCN_CN15_9017_CEI134C_ATV_S", 13.8, 1,    7796.41,   -0.4,   0.97853, 2,    7796.38, -120.4,   0.97853, 3,    7796.38,  119.6,   0.97853
"SCN_CN15_9031_CEI134C_ATV", 13.8, 1,    7796.43,   -0.4,   0.97854, 2,    7796.41, -120.4,   0.97853, 3,    7796.41,  119.6,   0.97853
"SCN_CN15_9031_CEI134C_ATV_S", 13.8, 1,    7796.43,   -0.4,   0.97854, 2,    7796.41, -120.4,   0.97853, 3,    7796.41,  119.6,   0.97853
"SCN_CN15_9032_CEI134C_ATV", 13.8, 1,    7796.46,   -0.4,   0.97854, 2,    7796.43, -120.4,   0.97854, 3,    7796.43,  119.6,   0.97854
"SCN_CN15_9033_CEI134C_ATV", 13.8, 1,    7796.53,   -0.4,   0.97855, 2,    7796.51, -120.4,   0.97855, 3,    7796.51,  119.6,   0.97855
"SCN_CN15_9019_CEI109", 13.8, 1,     7800.5,   -0.4,   0.97905, 2,    7800.48, -120.4,   0.97905, 3,    7800.48,  119.6,   0.97905
"SCN_CN15_9037_CEI134B_ATV", 13.8, 1,    7796.56,   -0.4,   0.97855, 2,    7796.54, -120.4,   0.97855, 3,    7796.54,  119.6,   0.97855
"SCN_CN15_9032_CEI134B_ATV", 13.8, 1,     7796.6,   -0.4,   0.97856, 2,    7796.58, -120.4,   0.97856, 3,    7796.58,  119.6,   0.97856
"SCN_CN15_9038_CEI134B_ATV_S", 13.8, 1,    7796.56,   -0.4,   0.97855, 2,    7796.54, -120.4,   0.97855, 3,    7796.54,  119.6,   0.97855
"SCN_CN15_9033_CEI134B_ATV", 13.8, 1,     7796.6,   -0.4,   0.97856, 2,    7796.58, -120.4,   0.97856, 3,    7796.58,  119.6,   0.97856
"SCN_CN15_9034_CEI134B_ATV", 13.8, 1,     7796.6,   -0.4,   0.97856, 2,    7796.58, -120.4,   0.97856, 3,    7796.58,  119.6,   0.97856
"SCN_CN15_9035_CEI134B_ATV", 13.8, 1,     7796.6,   -0.4,   0.97856, 2,    7796.57, -120.4,   0.97856, 3,    7796.57,  119.6,   0.97856
"SCN_CN15_9036_CEI134B_ATV", 13.8, 1,    7796.59,   -0.4,   0.97856, 2,    7796.57, -120.4,   0.97855, 3,    7796.57,  119.6,   0.97855
"SCN_CN15_9016_CEI134C_ATV", 13.8, 1,    7796.43,   -0.4,   0.97854, 2,    7796.41, -120.4,   0.97853, 3,    7796.41,  119.6,   0.97853
"SCN_CN15_9011_CEI134C_ATV", 13.8, 1,    7796.43,   -0.4,   0.97854, 2,    7796.41, -120.4,   0.97853, 3,    7796.41,  119.6,   0.97853
"SCN_CN15_9018_CEI109", 13.8, 1,    7800.31,   -0.4,   0.97902, 2,    7800.29, -120.4,   0.97902, 3,    7800.29,  119.6,   0.97902
"SCN_CN15_9012_CEI134C_ATV", 13.8, 1,    7796.43,   -0.4,   0.97854, 2,     7796.4, -120.4,   0.97853, 3,     7796.4,  119.6,   0.97853
"SCN_CN15_9013_CEI134C_ATV", 13.8, 1,    7796.43,   -0.4,   0.97854, 2,     7796.4, -120.4,   0.97853, 3,     7796.4,  119.6,   0.97853
"SCN_CN15_9014_CEI134C_ATV", 13.8, 1,    7796.42,   -0.4,   0.97854, 2,     7796.4, -120.4,   0.97853, 3,     7796.4,  119.6,   0.97853
"SCN_CN15_9031_CEI134B_ATV", 13.8, 1,    7796.67,   -0.4,   0.97857, 2,    7796.65, -120.4,   0.97856, 3,    7796.64,  119.6,   0.97856
"SCN_CN15_9032_CEI134B_ATV_S", 13.8, 1,     7796.6,   -0.4,   0.97856, 2,    7796.58, -120.4,   0.97856, 3,    7796.58,  119.6,   0.97856
"SCN_CN15_9019_CEI134B_ATV", 13.8, 1,    7796.69,   -0.4,   0.97857, 2,    7796.67, -120.4,   0.97857, 3,    7796.67,  119.6,   0.97857
"SCN_CN15_9020_CEI134B_ATV", 13.8, 1,    7796.69,   -0.4,   0.97857, 2,    7796.67, -120.4,   0.97857, 3,    7796.67,  119.6,   0.97857
"SCN_CN15_9021_CEI134B_ATV", 13.8, 1,    7796.68,   -0.4,   0.97857, 2,    7796.66, -120.4,   0.97857, 3,    7796.66,  119.6,   0.97857
"SCN_CN15_9022_CEI134B_ATV", 13.8, 1,    7796.68,   -0.4,   0.97857, 2,    7796.66, -120.4,   0.97857, 3,    7796.66,  119.6,   0.97857
"SCN_CN15_9023_CEI134B_ATV", 13.8, 1,    7796.68,   -0.4,   0.97857, 2,    7796.65, -120.4,   0.97857, 3,    7796.65,  119.6,   0.97857
"SCN_CN15_9017_CEI109_S", 13.8, 1,    7800.14,   -0.4,     0.979, 2,    7800.12, -120.4,     0.979, 3,    7800.12,  119.6,     0.979
"SCN_CN15_9025_CEI134B_ATV", 13.8, 1,    7796.67,   -0.4,   0.97857, 2,    7796.65, -120.4,   0.97856, 3,    7796.65,  119.6,   0.97856
"SCN_CN15_9018_CEI134B_ATV", 13.8, 1,    7796.72,   -0.4,   0.97857, 2,     7796.7, -120.4,   0.97857, 3,     7796.7,  119.6,   0.97857
"SCN_CN15_9019_CEI134B_ATV_S", 13.8, 1,    7796.69,   -0.4,   0.97857, 2,    7796.67, -120.4,   0.97857, 3,    7796.67,  119.6,   0.97857
"SCN_CN15_9017_CEI134B_ATV", 13.8, 1,    7796.77,   -0.4,   0.97858, 2,    7796.75, -120.4,   0.97858, 3,    7796.75,  119.6,   0.97858
"SCN_CN15_9030_CEI134B_ATV", 13.8, 1,    7796.77,   -0.4,   0.97858, 2,    7796.74, -120.4,   0.97858, 3,    7796.74,  119.6,   0.97858
"SCN_CN15_9029_CEI134B_ATV", 13.8, 1,    7796.76,   -0.4,   0.97858, 2,    7796.74, -120.4,   0.97858, 3,    7796.74,  119.6,   0.97858
"SCN_CN15_9016_CEI134B_ATV", 13.8, 1,     7796.8,   -0.4,   0.97858, 2,    7796.77, -120.4,   0.97858, 3,    7796.77,  119.6,   0.97858
"SCN_CN15_9017_CEI134B_ATV_S", 13.8, 1,    7796.77,   -0.4,   0.97858, 2,    7796.75, -120.4,   0.97858, 3,    7796.75,  119.6,   0.97858
"SCN_CN15_9015_CEI134B_ATV", 13.8, 1,    7796.84,   -0.4,   0.97859, 2,    7796.82, -120.4,   0.97859, 3,    7796.82,  119.6,   0.97859
"SCN_CN15_9015_CEI134_ATV", 13.8, 1,    7796.95,   -0.4,    0.9786, 2,    7796.93, -120.4,    0.9786, 3,    7796.93,  119.6,    0.9786
"SCN_CN15_9016_CEI134_ATV", 13.8, 1,    7796.99,   -0.4,   0.97861, 2,    7796.97, -120.4,    0.9786, 3,    7796.97,  119.6,    0.9786
"SCN_CN15_9022_CEI109", 13.8, 1,    7800.13,   -0.4,     0.979, 2,    7800.11, -120.4,     0.979, 3,    7800.11,  119.6,     0.979
"SCN_CN15_9016_CEI134_ATV_S", 13.8, 1,    7796.99,   -0.4,   0.97861, 2,    7796.97, -120.4,    0.9786, 3,    7796.97,  119.6,    0.9786
"SCN_CN15_9018_CEI134_ATV", 13.8, 1,    7797.09,   -0.4,   0.97862, 2,    7797.07, -120.4,   0.97862, 3,    7797.07,  119.6,   0.97862
"SCN_CN15_9019_CEI134_ATV", 13.8, 1,    7797.16,   -0.4,   0.97863, 2,    7797.14, -120.4,   0.97863, 3,    7797.14,  119.6,   0.97863
"SCN_CN15_9020_CEI134_ATV", 13.8, 1,     7797.2,   -0.4,   0.97863, 2,    7797.18, -120.4,   0.97863, 3,    7797.18,  119.6,   0.97863
"SCN_CN15_9021_CEI134_ATV", 13.8, 1,    7797.28,   -0.4,   0.97864, 2,    7797.26, -120.4,   0.97864, 3,    7797.26,  119.6,   0.97864
"SCN_CN15_9022_CEI134_ATV", 13.8, 1,    7797.32,   -0.4,   0.97865, 2,    7797.29, -120.4,   0.97865, 3,     7797.3,  119.6,   0.97865
"SCN_CN15_9024_CEI134_ATV", 13.8, 1,    7797.36,   -0.4,   0.97865, 2,    7797.34, -120.4,   0.97865, 3,    7797.34,  119.6,   0.97865
"SCN_CN15_9024_CEI134_ATV_S", 13.8, 1,    7797.36,   -0.4,   0.97865, 2,    7797.34, -120.4,   0.97865, 3,    7797.34,  119.6,   0.97865
"SCN_CN15_9023_CEI134A_ATV", 13.8, 1,    7797.43,   -0.4,   0.97866, 2,    7797.41, -120.4,   0.97866, 3,    7797.41,  119.6,   0.97866
"SCN_CN15_9021_CEI134A_ATV", 13.8, 1,    7797.56,   -0.4,   0.97868, 2,    7797.54, -120.4,   0.97868, 3,    7797.54,  119.6,   0.97868
"SCN_CN15_9016_CEI134A_ATV", 13.8, 1,    7797.61,   -0.4,   0.97869, 2,    7797.59, -120.4,   0.97868, 3,    7797.59,  119.6,   0.97868
"SCN_CN15_9015_CEI134A_ATV", 13.8, 1,    7797.69,   -0.4,    0.9787, 2,    7797.67, -120.4,   0.97869, 3,    7797.67,  119.6,   0.97869
"SCN_CN15_9016_CEI134A_ATV_S", 13.8, 1,    7797.61,   -0.4,   0.97869, 2,    7797.59, -120.4,   0.97868, 3,    7797.59,  119.6,   0.97868
"SCN_CN15_9023_CEI109_S", 13.8, 1,    7800.11,   -0.4,     0.979, 2,    7800.09, -120.4,     0.979, 3,    7800.09,  119.6,     0.979
"SCN_CN15_9014_CEI134A_ATV", 13.8, 1,    7797.76,   -0.4,    0.9787, 2,    7797.74, -120.4,    0.9787, 3,    7797.74,  119.6,    0.9787
"SCN_CN15_9013_CEI134A_ATV", 13.8, 1,    7797.85,   -0.4,   0.97871, 2,    7797.82, -120.4,   0.97871, 3,    7797.82,  119.6,   0.97871
"SCN_CN15_9012_CEI134A_ATV", 13.8, 1,     7797.9,   -0.4,   0.97872, 2,    7797.88, -120.4,   0.97872, 3,    7797.88,  119.6,   0.97872
"SCN_CN15_9024_CEI109", 13.8, 1,    7800.11,   -0.4,     0.979, 2,    7800.09, -120.4,     0.979, 3,    7800.09,  119.6,     0.979
"SCN_CN15_9023_CEI109", 13.8, 1,    7800.11,   -0.4,     0.979, 2,    7800.09, -120.4,     0.979, 3,    7800.09,  119.6,     0.979
"SCN_CN15_9011_CEI134A_ATV", 13.8, 1,    7797.96,   -0.4,   0.97873, 2,    7797.94, -120.4,   0.97873, 3,    7797.94,  119.6,   0.97873
"SCN_CN15_9010_CEI134A_ATV", 13.8, 1,    7798.03,   -0.4,   0.97874, 2,    7798.01, -120.4,   0.97874, 3,    7798.01,  119.6,   0.97874
"SCN_CN15_9010_CEI134_ATV", 13.8, 1,    7798.15,   -0.4,   0.97875, 2,    7798.13, -120.4,   0.97875, 3,    7798.13,  119.6,   0.97875
"SCN_CN15_9012_CEI134_ATV", 13.8, 1,     7798.2,   -0.4,   0.97876, 2,    7798.18, -120.4,   0.97876, 3,    7798.18,  119.6,   0.97876
"SCN_CN15_9007_CEI134A_ATV", 13.8, 1,    7798.23,   -0.4,   0.97876, 2,     7798.2, -120.4,   0.97876, 3,     7798.2,  119.6,   0.97876
"SCN_CN15_9008_CEI134A_ATV", 13.8, 1,    7798.23,   -0.4,   0.97876, 2,     7798.2, -120.4,   0.97876, 3,     7798.2,  119.6,   0.97876
"SCN_CN15_9025_CEI109", 13.8, 1,    7800.11,   -0.4,     0.979, 2,    7800.09, -120.4,     0.979, 3,    7800.09,  119.6,     0.979
"SCN_CN15_9005_CEI134A_ATV", 13.8, 1,    7798.27,   -0.4,   0.97877, 2,    7798.25, -120.4,   0.97877, 3,    7798.25,  119.6,   0.97877
"SCN_CN15_9007_CEI134A_ATV_S", 13.8, 1,    7798.23,   -0.4,   0.97876, 2,     7798.2, -120.4,   0.97876, 3,     7798.2,  119.6,   0.97876
"SCN_CN15_9014_CEI134_ATV", 13.8, 1,    7798.27,   -0.4,   0.97877, 2,    7798.25, -120.4,   0.97876, 3,    7798.25,  119.6,   0.97877
"SCN_CN15_9006_CEI134A_ATV", 13.8, 1,    7798.27,   -0.4,   0.97877, 2,    7798.25, -120.4,   0.97877, 3,    7798.25,  119.6,   0.97877
"SCN_CN15_9005_CEI134A_ATV_S", 13.8, 1,    7798.27,   -0.4,   0.97877, 2,    7798.25, -120.4,   0.97877, 3,    7798.25,  119.6,   0.97877
"SCN_CN15_9017_CEI134A_ATV", 13.8, 1,    7797.61,   -0.4,   0.97869, 2,    7797.59, -120.4,   0.97868, 3,    7797.59,  119.6,   0.97868
"SCN_CN15_9018_CEI134A_ATV", 13.8, 1,    7797.61,   -0.4,   0.97868, 2,    7797.58, -120.4,   0.97868, 3,    7797.58,  119.6,   0.97868
"SCN_CN15_9020_CEI134A_ATV", 13.8, 1,     7797.6,   -0.4,   0.97868, 2,    7797.58, -120.4,   0.97868, 3,    7797.58,  119.6,   0.97868
"SCN_CN15_9083_CEI131_ATV", 13.8, 1,    7798.98,   -0.4,   0.97886, 2,    7798.95, -120.4,   0.97885, 3,    7798.95,  119.6,   0.97885
"SCN_CN15_9084_CEI131_ATV", 13.8, 1,    7798.93,   -0.4,   0.97885, 2,    7798.91, -120.4,   0.97885, 3,    7798.91,  119.6,   0.97885
"SCN_CN15_9085_CEI131_ATV", 13.8, 1,    7798.86,   -0.4,   0.97884, 2,    7798.84, -120.4,   0.97884, 3,    7798.84,  119.6,   0.97884
"SCN_CN15_9026_CEI109", 13.8, 1,    7800.11,   -0.4,     0.979, 2,    7800.09, -120.4,     0.979, 3,    7800.09,  119.6,     0.979
"SCN_CN15_9057_CEI220_ATV", 13.8, 1,     7798.8,   -0.4,   0.97883, 2,    7798.78, -120.4,   0.97883, 3,    7798.78,  119.6,   0.97883
"SCN_CN15_9056_CEI109", 13.8, 1,    7798.77,   -0.4,   0.97883, 2,    7798.75, -120.4,   0.97883, 3,    7798.75,  119.6,   0.97883
"SCN_CN15_9056_CEI220_ATV", 13.8, 1,    7798.74,   -0.4,   0.97883, 2,    7798.72, -120.4,   0.97882, 3,    7798.72,  119.6,   0.97882
"SCN_CN15_9052_CEI109", 13.8, 1,    7798.72,   -0.4,   0.97882, 2,     7798.7, -120.4,   0.97882, 3,     7798.7,  119.6,   0.97882
"SCN_CN15_9049_CEI109", 13.8, 1,     7798.7,   -0.4,   0.97882, 2,    7798.68, -120.4,   0.97882, 3,    7798.68,  119.6,   0.97882
"SCN_CN15_9048_CEI109", 13.8, 1,    7798.68,   -0.4,   0.97882, 2,    7798.66, -120.4,   0.97882, 3,    7798.66,  119.6,   0.97882
"SCN_CN15_9047_CEI109", 13.8, 1,    7798.66,   -0.4,   0.97882, 2,    7798.64, -120.4,   0.97881, 3,    7798.64,  119.6,   0.97881
"SCN_CN15_9046_CEI109", 13.8, 1,    7798.65,   -0.4,   0.97882, 2,    7798.62, -120.4,   0.97881, 3,    7798.63,  119.6,   0.97881
"SCN_CN15_9045_CEI109", 13.8, 1,    7798.63,   -0.4,   0.97881, 2,    7798.61, -120.4,   0.97881, 3,    7798.61,  119.6,   0.97881
"SCN_CN15_9071_CEI131_ATV", 13.8, 1,    7798.75,   -0.4,   0.97883, 2,    7798.73, -120.4,   0.97883, 3,    7798.73,  119.6,   0.97883
"SCN_CN15_9072_CEI131_ATV", 13.8, 1,    7798.75,   -0.4,   0.97883, 2,    7798.73, -120.4,   0.97883, 3,    7798.73,  119.6,   0.97883
"SCN_CN15_9006_CEI201_ATV", 13.8, 1,    7790.53,   -0.4,    0.9778, 2,    7790.51, -120.4,   0.97779, 3,    7790.51,  119.6,   0.97779
"SCN_CN15_9008_CEI201_ATV_S", 13.8, 1,    7790.52,   -0.4,    0.9778, 2,     7790.5, -120.4,   0.97779, 3,     7790.5,  119.6,   0.97779
"SCN_CN15_9044_CEI109", 13.8, 1,    7798.62,   -0.4,   0.97881, 2,     7798.6, -120.4,   0.97881, 3,     7798.6,  119.6,   0.97881
"SCN_CN15_9027_CEI109", 13.8, 1,    7800.11,   -0.4,     0.979, 2,    7800.09, -120.4,     0.979, 3,    7800.09,  119.6,     0.979
"SCN_CN15_9039_CEI109", 13.8, 1,     7798.6,   -0.4,   0.97881, 2,    7798.58, -120.4,   0.97881, 3,    7798.58,  119.6,   0.97881
"SCN_CN15_9038_CEI109", 13.8, 1,    7798.58,   -0.4,   0.97881, 2,    7798.56, -120.4,    0.9788, 3,    7798.56,  119.6,    0.9788
"SCN_CN15_9037_CEI109", 13.8, 1,    7798.57,   -0.4,   0.97881, 2,    7798.55, -120.4,    0.9788, 3,    7798.55,  119.6,    0.9788
"SCN_CN15_9051_CEI220_ATV", 13.8, 1,    7798.56,   -0.4,   0.97881, 2,    7798.54, -120.4,    0.9788, 3,    7798.54,  119.6,    0.9788
"SCN_CN15_9093_CEI109", 13.8, 1,    7798.57,   -0.4,   0.97881, 2,    7798.55, -120.4,    0.9788, 3,    7798.55,  119.6,    0.9788
"SCN_CN15_9092_CEI109", 13.8, 1,    7798.57,   -0.4,   0.97881, 2,    7798.55, -120.4,    0.9788, 3,    7798.55,  119.6,    0.9788
"SCN_CN15_9001_CEI160_ATV", 13.8, 1,    7809.12,   -0.3,   0.98013, 2,     7809.1, -120.3,   0.98013, 3,     7809.1,  119.7,   0.98013
"SCN_CN15_9091_CEI109", 13.8, 1,    7798.56,   -0.4,   0.97881, 2,    7798.54, -120.4,    0.9788, 3,    7798.54,  119.6,    0.9788
"SCN_CN15_9090_CEI109", 13.8, 1,    7798.56,   -0.4,    0.9788, 2,    7798.54, -120.4,    0.9788, 3,    7798.54,  119.6,    0.9788
"SCN_CN15_9089_CEI109", 13.8, 1,    7798.56,   -0.4,    0.9788, 2,    7798.53, -120.4,    0.9788, 3,    7798.53,  119.6,    0.9788
"SCN_CN15_9088_CEI109", 13.8, 1,    7798.55,   -0.4,    0.9788, 2,    7798.53, -120.4,    0.9788, 3,    7798.53,  119.6,    0.9788
"SCN_CN15_9028_CEI109", 13.8, 1,    7800.11,   -0.4,     0.979, 2,    7800.09, -120.4,     0.979, 3,    7800.09,  119.6,     0.979
"SCN_CN15_9087_CEI109", 13.8, 1,    7798.55,   -0.4,    0.9788, 2,    7798.52, -120.4,    0.9788, 3,    7798.52,  119.6,    0.9788
"SCN_CN15_9094_CEI109", 13.8, 1,    7798.57,   -0.4,   0.97881, 2,    7798.55, -120.4,    0.9788, 3,    7798.55,  119.6,    0.9788
"SCN_CN15_9095_CEI109", 13.8, 1,    7798.57,   -0.4,   0.97881, 2,    7798.54, -120.4,    0.9788, 3,    7798.54,  119.6,    0.9788
"SCN_CN15_9096_CEI109", 13.8, 1,    7798.56,   -0.4,   0.97881, 2,    7798.54, -120.4,    0.9788, 3,    7798.54,  119.6,    0.9788
"SCN_CN15_9098_CEI109", 13.8, 1,    7798.56,   -0.4,    0.9788, 2,    7798.54, -120.4,    0.9788, 3,    7798.54,  119.6,    0.9788
"SCN_CN15_9099_CEI109", 13.8, 1,    7798.56,   -0.4,    0.9788, 2,    7798.54, -120.4,    0.9788, 3,    7798.54,  119.6,    0.9788
"SCN_CN15_9100_CEI109", 13.8, 1,    7798.55,   -0.4,    0.9788, 2,    7798.53, -120.4,    0.9788, 3,    7798.53,  119.6,    0.9788
"SCN_CN15_9050_CEI220_ATV", 13.8, 1,    7798.55,   -0.4,    0.9788, 2,    7798.52, -120.4,    0.9788, 3,    7798.52,  119.6,    0.9788
"SCN_CN15_9042_CEI220_ATV", 13.8, 1,    7798.53,   -0.4,    0.9788, 2,    7798.51, -120.4,    0.9788, 3,    7798.51,  119.6,    0.9788
"SCN_CN15_9029_CEI109", 13.8, 1,    7800.11,   -0.4,     0.979, 2,    7800.09, -120.4,     0.979, 3,    7800.09,  119.6,     0.979
"SCN_CN15_9043_CEI220_ATV", 13.8, 1,    7798.52,   -0.4,    0.9788, 2,     7798.5, -120.4,    0.9788, 3,     7798.5,  119.6,    0.9788
"SCN_CN15_9045_CEI220_ATV", 13.8, 1,    7798.52,   -0.4,    0.9788, 2,     7798.5, -120.4,    0.9788, 3,     7798.5,  119.6,    0.9788
"SCN_CN15_9047_CEI220_ATV", 13.8, 1,    7798.52,   -0.4,    0.9788, 2,    7798.49, -120.4,    0.9788, 3,    7798.49,  119.6,    0.9788
"SCN_CN15_9038_CEI220_ATV", 13.8, 1,    7798.52,   -0.4,    0.9788, 2,     7798.5, -120.4,    0.9788, 3,     7798.5,  119.6,    0.9788
"SCN_CN15_9037_CEI220_ATV", 13.8, 1,    7798.52,   -0.4,    0.9788, 2,    7798.49, -120.4,    0.9788, 3,    7798.49,  119.6,    0.9788
"SCN_CN15_9039_CEI220_ATV", 13.8, 1,    7798.51,   -0.4,    0.9788, 2,    7798.49, -120.4,    0.9788, 3,    7798.49,  119.6,    0.9788
"SCN_CN15_9040_CEI220_ATV", 13.8, 1,    7798.51,   -0.4,    0.9788, 2,    7798.49, -120.4,    0.9788, 3,    7798.49,  119.6,    0.9788
"SCN_CN15_9036_CEI220_ATV", 13.8, 1,    7798.51,   -0.4,    0.9788, 2,    7798.49, -120.4,    0.9788, 3,    7798.49,  119.6,    0.9788
"SCN_CN15_9035_CEI220_ATV", 13.8, 1,    7798.51,   -0.4,    0.9788, 2,    7798.49, -120.4,    0.9788, 3,    7798.49,  119.6,    0.9788
"SCN_CN15_9032_CEI220_ATV", 13.8, 1,    7798.51,   -0.4,    0.9788, 2,    7798.49, -120.4,    0.9788, 3,    7798.49,  119.6,    0.9788
"SCN_CN15_9030_CEI109", 13.8, 1,    7800.11,   -0.4,     0.979, 2,    7800.09, -120.4,     0.979, 3,    7800.09,  119.6,     0.979
"SCN_CN15_9033_CEI220_ATV", 13.8, 1,    7798.51,   -0.4,    0.9788, 2,    7798.48, -120.4,    0.9788, 3,    7798.49,  119.6,    0.9788
"SCN_CN15_9143_CEI109", 13.8, 1,    7798.51,   -0.4,    0.9788, 2,    7798.48, -120.4,   0.97879, 3,    7798.48,  119.6,   0.97879
"SCN_CN15_9030_CEI220_ATV_S", 13.8, 1,    7798.51,   -0.4,    0.9788, 2,    7798.48, -120.4,   0.97879, 3,    7798.48,  119.6,   0.97879
"SCN_CN15_9030_CEI220_ATV", 13.8, 1,    7798.51,   -0.4,    0.9788, 2,    7798.48, -120.4,   0.97879, 3,    7798.48,  119.6,   0.97879
"SCN_CN15_9031_CEI220_ATV", 13.8, 1,     7798.5,   -0.4,    0.9788, 2,    7798.48, -120.4,   0.97879, 3,    7798.48,  119.6,   0.97879
"SCN_CN15_9029_CEI220_ATV", 13.8, 1,    7798.51,   -0.4,    0.9788, 2,    7798.48, -120.4,   0.97879, 3,    7798.48,  119.6,   0.97879
"SCN_CN15_9029_CEI220_ATV_S", 13.8, 1,    7793.52,   -0.4,   0.97817, 2,    7793.49, -120.4,   0.97817, 3,     7793.5,  119.6,   0.97817
"SCN_CN15_9202_CEI109", 13.8, 1,    7793.52,   -0.4,   0.97817, 2,    7793.49, -120.4,   0.97817, 3,     7793.5,  119.6,   0.97817
"SCN_CN15_9201_CEI109", 13.8, 1,     7793.5,   -0.4,   0.97817, 2,    7793.48, -120.4,   0.97817, 3,    7793.48,  119.6,   0.97817
"SCN_CN15_9200_CEI109", 13.8, 1,     7793.5,   -0.4,   0.97817, 2,    7793.47, -120.4,   0.97817, 3,    7793.47,  119.6,   0.97817
"SCN_CN15_9199_CEI109", 13.8, 1,    7793.48,   -0.4,   0.97817, 2,    7793.46, -120.4,   0.97816, 3,    7793.46,  119.6,   0.97816
"SCN_CN15_9198_CEI109", 13.8, 1,    7793.47,   -0.4,   0.97817, 2,    7793.45, -120.4,   0.97816, 3,    7793.45,  119.6,   0.97816
"SCN_CN15_9165_CEI109", 13.8, 1,    7793.45,   -0.4,   0.97816, 2,    7793.43, -120.4,   0.97816, 3,    7793.43,  119.6,   0.97816
"SCN_CN15_9203_CEI109", 13.8, 1,    7793.54,   -0.4,   0.97817, 2,    7793.51, -120.4,   0.97817, 3,    7793.52,  119.6,   0.97817
"SCN_CN15_9204_CEI109_S", 13.8, 1,    7793.56,   -0.4,   0.97818, 2,    7793.53, -120.4,   0.97817, 3,    7793.53,  119.6,   0.97817
"SCN_CN15_9205_CEI109", 13.8, 1,    7793.57,   -0.4,   0.97818, 2,    7793.54, -120.4,   0.97817, 3,    7793.54,  119.6,   0.97817
"SCN_CN15_9206_CEI109", 13.8, 1,    7793.59,   -0.4,   0.97818, 2,    7793.57, -120.4,   0.97818, 3,    7793.57,  119.6,   0.97818
"SCN_CN15_9208_CEI109", 13.8, 1,    7793.61,   -0.4,   0.97818, 2,    7793.59, -120.4,   0.97818, 3,    7793.59,  119.6,   0.97818
"SCN_CN15_9207_CEI109", 13.8, 1,    7793.61,   -0.4,   0.97818, 2,    7793.59, -120.4,   0.97818, 3,    7793.59,  119.6,   0.97818
"SCN_CN15_9209_CEI109", 13.8, 1,     7793.6,   -0.4,   0.97818, 2,    7793.58, -120.4,   0.97818, 3,    7793.58,  119.6,   0.97818
"SCN_CN15_9210_CEI109", 13.8, 1,    7793.59,   -0.4,   0.97818, 2,    7793.56, -120.4,   0.97818, 3,    7793.56,  119.6,   0.97818
"SCN_CN15_9211_CEI109", 13.8, 1,    7793.58,   -0.4,   0.97818, 2,    7793.56, -120.4,   0.97818, 3,    7793.56,  119.6,   0.97818
"SCN_CN15_9212_CEI109", 13.8, 1,    7793.58,   -0.4,   0.97818, 2,    7793.56, -120.4,   0.97818, 3,    7793.56,  119.6,   0.97818
"SCN_CN15_9215_CEI109", 13.8, 1,    7793.57,   -0.4,   0.97818, 2,    7793.55, -120.4,   0.97818, 3,    7793.55,  119.6,   0.97818
"SCN_CN15_9216_CEI109", 13.8, 1,    7793.57,   -0.4,   0.97818, 2,    7793.55, -120.4,   0.97818, 3,    7793.55,  119.6,   0.97818
"SCN_CN15_9213_CEI109", 13.8, 1,    7793.58,   -0.4,   0.97818, 2,    7793.56, -120.4,   0.97818, 3,    7793.56,  119.6,   0.97818
"SCN_CN15_9214_CEI109", 13.8, 1,    7793.58,   -0.4,   0.97818, 2,    7793.55, -120.4,   0.97818, 3,    7793.55,  119.6,   0.97818
"SCN_CN15_9224_CEI109", 13.8, 1,    7793.64,   -0.4,   0.97819, 2,    7793.62, -120.4,   0.97818, 3,    7793.62,  119.6,   0.97818
"SCN_CN15_9226_CEI109", 13.8, 1,    7793.66,   -0.4,   0.97819, 2,    7793.64, -120.4,   0.97819, 3,    7793.64,  119.6,   0.97819
"SCN_CN15_9229_CEI109", 13.8, 1,    7793.69,   -0.4,   0.97819, 2,    7793.66, -120.4,   0.97819, 3,    7793.66,  119.6,   0.97819
"SCN_CN15_9231_CEI109", 13.8, 1,    7793.71,   -0.4,    0.9782, 2,    7793.69, -120.4,   0.97819, 3,    7793.69,  119.6,   0.97819
"SCN_CN15_9232_CEI109", 13.8, 1,    7793.73,   -0.4,    0.9782, 2,    7793.71, -120.4,    0.9782, 3,    7793.71,  119.6,    0.9782
"SCN_CN15_9240_CEI109", 13.8, 1,    7793.75,   -0.4,    0.9782, 2,    7793.73, -120.4,    0.9782, 3,    7793.73,  119.6,    0.9782
"SCN_CN15_9239_CEI109", 13.8, 1,    7793.78,   -0.4,    0.9782, 2,    7793.76, -120.4,    0.9782, 3,    7793.76,  119.6,    0.9782
"SCN_CN15_9238_CEI109", 13.8, 1,     7793.8,   -0.4,   0.97821, 2,    7793.78, -120.4,    0.9782, 3,    7793.78,  119.6,    0.9782
"SCN_CN15_9237_CEI109", 13.8, 1,    7793.83,   -0.4,   0.97821, 2,     7793.8, -120.4,   0.97821, 3,     7793.8,  119.6,   0.97821
"SCN_CN15_9235_CEI109", 13.8, 1,    7793.86,   -0.4,   0.97821, 2,    7793.83, -120.4,   0.97821, 3,    7793.84,  119.6,   0.97821
"SCN_CN15_9306_CEI109", 13.8, 1,    7793.81,   -0.4,   0.97821, 2,    7793.78, -120.4,    0.9782, 3,    7793.78,  119.6,    0.9782
"SCN_CN15_9307_CEI109", 13.8, 1,     7793.8,   -0.4,   0.97821, 2,    7793.78, -120.4,    0.9782, 3,    7793.78,  119.6,    0.9782
"SCN_CN15_9308_CEI109", 13.8, 1,     7793.8,   -0.4,   0.97821, 2,    7793.78, -120.4,    0.9782, 3,    7793.78,  119.6,    0.9782
"SCN_CN15_9309_CEI109", 13.8, 1,     7793.8,   -0.4,   0.97821, 2,    7793.78, -120.4,    0.9782, 3,    7793.78,  119.6,    0.9782
"SCN_CN15_9312_CEI109", 13.8, 1,     7793.8,   -0.4,   0.97821, 2,    7793.77, -120.4,    0.9782, 3,    7793.78,  119.6,    0.9782
"SCN_CN15_9313_CEI109", 13.8, 1,     7793.8,   -0.4,   0.97821, 2,    7793.77, -120.4,    0.9782, 3,    7793.77,  119.6,    0.9782
"SCN_CN15_9314_CEI109", 13.8, 1,    7793.79,   -0.4,   0.97821, 2,    7793.77, -120.4,    0.9782, 3,    7793.77,  119.6,    0.9782
"SCN_CN15_9315_CEI109", 13.8, 1,    7793.79,   -0.4,   0.97821, 2,    7793.77, -120.4,    0.9782, 3,    7793.77,  119.6,    0.9782
"SCN_CN15_9316_CEI109", 13.8, 1,    7793.79,   -0.4,   0.97821, 2,    7793.77, -120.4,    0.9782, 3,    7793.77,  119.6,    0.9782
"SCN_CN15_9318_CEI109", 13.8, 1,    7793.79,   -0.4,   0.97821, 2,    7793.77, -120.4,    0.9782, 3,    7793.77,  119.6,    0.9782
"SCN_CN15_9317_CEI109", 13.8, 1,    7793.79,   -0.4,   0.97821, 2,    7793.77, -120.4,    0.9782, 3,    7793.77,  119.6,    0.9782
"SCN_CN15_9320_CEI109", 13.8, 1,    7793.79,   -0.4,   0.97821, 2,    7793.76, -120.4,    0.9782, 3,    7793.77,  119.6,    0.9782
"SCN_CN15_9310_CEI109", 13.8, 1,     7793.8,   -0.4,   0.97821, 2,    7793.78, -120.4,    0.9782, 3,    7793.78,  119.6,    0.9782
"SCN_CN15_9265_CEI109", 13.8, 1,     7793.5,   -0.4,   0.97817, 2,    7793.48, -120.4,   0.97817, 3,    7793.48,  119.6,   0.97817
"SCN_CN15_9264_CEI109", 13.8, 1,     7793.5,   -0.4,   0.97817, 2,    7793.48, -120.4,   0.97817, 3,    7793.48,  119.6,   0.97817
"SCN_CN15_9263_CEI109", 13.8, 1,     7793.5,   -0.4,   0.97817, 2,    7793.47, -120.4,   0.97817, 3,    7793.47,  119.6,   0.97817
"SCN_CN15_9164_CEI109", 13.8, 1,    7793.44,   -0.4,   0.97816, 2,    7793.42, -120.4,   0.97816, 3,    7793.42,  119.6,   0.97816
"SCN_CN15_9162_CEI109_S", 13.8, 1,    7793.43,   -0.4,   0.97816, 2,    7793.41, -120.4,   0.97816, 3,    7793.41,  119.6,   0.97816
"SCN_CN15_9162_CEI109", 13.8, 1,    7793.43,   -0.4,   0.97816, 2,    7793.41, -120.4,   0.97816, 3,    7793.41,  119.6,   0.97816
"SCN_CN15_9163_CEI109", 13.8, 1,    7793.43,   -0.4,   0.97816, 2,    7793.41, -120.4,   0.97816, 3,    7793.41,  119.6,   0.97816
"SCN_CN15_9027_CEI220_ATV", 13.8, 1,    7793.43,   -0.4,   0.97816, 2,    7793.41, -120.4,   0.97816, 3,    7793.41,  119.6,   0.97816
"SCN_CN15_9161_CEI109", 13.8, 1,    7793.43,   -0.4,   0.97816, 2,    7793.41, -120.4,   0.97816, 3,    7793.41,  119.6,   0.97816
"SCN_CN15_9159_CEI109_S", 13.8, 1,    7793.42,   -0.4,   0.97816, 2,     7793.4, -120.4,   0.97816, 3,     7793.4,  119.6,   0.97816
"SCN_CN15_9028_CEI220_ATV", 13.8, 1,    7793.42,   -0.4,   0.97816, 2,     7793.4, -120.4,   0.97816, 3,     7793.4,  119.6,   0.97816
"SCN_CN15_9159_CEI109", 13.8, 1,    7793.42,   -0.4,   0.97816, 2,     7793.4, -120.4,   0.97816, 3,     7793.4,  119.6,   0.97816
"SCN_CN15_9157_CEI109_S", 13.8, 1,    7793.42,   -0.4,   0.97816, 2,     7793.4, -120.4,   0.97816, 3,     7793.4,  119.6,   0.97816
"SCN_CN15_9158_CEI109", 13.8, 1,    7793.42,   -0.4,   0.97816, 2,     7793.4, -120.4,   0.97816, 3,     7793.4,  119.6,   0.97816
"SCN_CN15_9073_CEI131_ATV", 13.8, 1,    7798.75,   -0.4,   0.97883, 2,    7798.73, -120.4,   0.97883, 3,    7798.73,  119.6,   0.97883
"SCN_CN15_9014_CEIRJ013_ATV", 13.8, 1,    7809.06,   -0.3,   0.98012, 2,    7809.03, -120.3,   0.98012, 3,    7809.03,  119.7,   0.98012
"SCN_CN15_421164_CEI", 13.8, 1,    7793.41,   -0.4,   0.97816, 2,    7793.39, -120.4,   0.97816, 3,    7793.39,  119.6,   0.97816
"SCN_CN15_9152_CEI109", 13.8, 1,    7793.41,   -0.4,   0.97816, 2,    7793.39, -120.4,   0.97816, 3,    7793.39,  119.6,   0.97816
"SCN_CN15_9151_CEI109", 13.8, 1,    7793.41,   -0.4,   0.97816, 2,    7793.38, -120.4,   0.97815, 3,    7793.39,  119.6,   0.97815
"SCN_CN15_9150_CEI109", 13.8, 1,    7793.41,   -0.4,   0.97816, 2,    7793.38, -120.4,   0.97815, 3,    7793.38,  119.6,   0.97815
"SCN_CN15_9122_CEI109", 13.8, 1,     7793.4,   -0.4,   0.97816, 2,    7793.38, -120.4,   0.97815, 3,    7793.38,  119.6,   0.97815
"SCN_CN15_9123_CEI109", 13.8, 1,     7793.4,   -0.4,   0.97816, 2,    7793.38, -120.4,   0.97815, 3,    7793.38,  119.6,   0.97815
"SCN_CN15_9124_CEI109", 13.8, 1,     7793.4,   -0.4,   0.97816, 2,    7793.37, -120.4,   0.97815, 3,    7793.37,  119.6,   0.97815
"SCN_CN15_9065_CEI201_ATV", 13.8, 1,    7791.26,   -0.4,   0.97789, 2,    7791.24, -120.4,   0.97789, 3,    7791.24,  119.6,   0.97789
"SCN_CN15_9069_CEI201_ATV_S", 13.8, 1,    7791.16,   -0.4,   0.97788, 2,    7791.14, -120.4,   0.97787, 3,    7791.14,  119.6,   0.97787
"SCN_CN15_9069_CEI201_ATV", 13.8, 1,    7791.16,   -0.4,   0.97788, 2,    7791.14, -120.4,   0.97787, 3,    7791.14,  119.6,   0.97787
"SCN_CN15_9070_CEI201_ATV", 13.8, 1,    7791.16,   -0.4,   0.97788, 2,    7791.14, -120.4,   0.97787, 3,    7791.14,  119.6,   0.97787
"SCN_CN15_9068_CEI201_ATV", 13.8, 1,    7791.06,   -0.4,   0.97786, 2,    7791.04, -120.4,   0.97786, 3,    7791.04,  119.6,   0.97786
"SCN_CN15_9067_CEI201_ATV", 13.8, 1,    7791.06,   -0.4,   0.97786, 2,    7791.03, -120.4,   0.97786, 3,    7791.03,  119.6,   0.97786
"SCN_CN15_9072_CEI201_ATV", 13.8, 1,    7790.97,   -0.4,   0.97785, 2,    7790.94, -120.4,   0.97785, 3,    7790.94,  119.6,   0.97785
"SCN_CN15_9071_CEI201_ATV", 13.8, 1,    7790.96,   -0.4,   0.97785, 2,    7790.94, -120.4,   0.97785, 3,    7790.94,  119.6,   0.97785
"SCN_CN15_9044_CEI148A_ATV", 13.8, 1,    7790.88,   -0.4,   0.97784, 2,    7790.85, -120.4,   0.97784, 3,    7790.85,  119.6,   0.97784
"SCN_CN15_9043_CEI148A_ATV_S", 13.8, 1,    7790.78,   -0.4,   0.97783, 2,    7790.76, -120.4,   0.97783, 3,    7790.76,  119.6,   0.97783
"SCN_CN15_9093_CEI148_ATV", 13.8, 1,    7790.77,   -0.4,   0.97783, 2,    7790.75, -120.4,   0.97782, 3,    7790.75,  119.6,   0.97782
"SCN_CN15_9043_CEI148A_ATV", 13.8, 1,    7790.78,   -0.4,   0.97783, 2,    7790.76, -120.4,   0.97783, 3,    7790.76,  119.6,   0.97783
"SCN_CN15_9094_CEI148_ATV", 13.8, 1,    7790.77,   -0.4,   0.97783, 2,    7790.74, -120.4,   0.97782, 3,    7790.74,  119.6,   0.97782
"SCN_CN15_9095_CEI148_ATV", 13.8, 1,    7790.76,   -0.4,   0.97783, 2,    7790.74, -120.4,   0.97782, 3,    7790.74,  119.6,   0.97782
"SCN_CN15_9097_CEI148_ATV", 13.8, 1,    7790.76,   -0.4,   0.97783, 2,    7790.74, -120.4,   0.97782, 3,    7790.74,  119.6,   0.97782
"SCN_CN15_9096_CEI148_ATV", 13.8, 1,    7790.76,   -0.4,   0.97783, 2,    7790.74, -120.4,   0.97782, 3,    7790.74,  119.6,   0.97782
"SCN_CN15_9046_CEI148A_ATV", 13.8, 1,     7790.7,   -0.4,   0.97782, 2,    7790.68, -120.4,   0.97782, 3,    7790.68,  119.6,   0.97782
"SCN_CN15_9042_CEI148A_ATV_S", 13.8, 1,    7790.61,   -0.4,   0.97781, 2,    7790.59, -120.4,    0.9778, 3,    7790.59,  119.6,    0.9778
"SCN_CN15_9042_CEI148A_ATV", 13.8, 1,    7790.61,   -0.4,   0.97781, 2,    7790.59, -120.4,    0.9778, 3,    7790.59,  119.6,    0.9778
"SCN_CN15_9047_CEI148A_ATV", 13.8, 1,    7790.61,   -0.4,   0.97781, 2,    7790.59, -120.4,    0.9778, 3,    7790.59,  119.6,    0.9778
"SCN_CN15_9041_CEI148A_ATV", 13.8, 1,    7790.56,   -0.4,    0.9778, 2,    7790.53, -120.4,    0.9778, 3,    7790.53,  119.6,    0.9778
"SCN_CN15_9048_CEI148A_ATV", 13.8, 1,    7790.55,   -0.4,    0.9778, 2,    7790.53, -120.4,    0.9778, 3,    7790.53,  119.6,    0.9778
"SCN_CN15_9038_CEI148A_ATV", 13.8, 1,    7790.47,   -0.4,   0.97779, 2,    7790.45, -120.4,   0.97779, 3,    7790.45,  119.6,   0.97779
"SCN_CN15_9037_CEI148A_ATV", 13.8, 1,    7790.47,   -0.4,   0.97779, 2,    7790.45, -120.4,   0.97779, 3,    7790.45,  119.6,   0.97779
"SCN_CN15_9036_CEI148A_ATV", 13.8, 1,    7790.47,   -0.4,   0.97779, 2,    7790.45, -120.4,   0.97779, 3,    7790.45,  119.6,   0.97779
"SCN_CN15_9039_CEI148A_ATV", 13.8, 1,    7790.43,   -0.4,   0.97778, 2,    7790.41, -120.4,   0.97778, 3,    7790.41,  119.6,   0.97778
"SCN_CN15_9040_CEI148A_ATV", 13.8, 1,    7790.35,   -0.4,   0.97777, 2,    7790.33, -120.4,   0.97777, 3,    7790.33,  119.6,   0.97777
"SCN_CN15_9078_CEI148_ATV_S", 13.8, 1,    7790.29,   -0.4,   0.97777, 2,    7790.27, -120.4,   0.97776, 3,    7790.27,  119.6,   0.97776
"SCN_CN15_9076_CEI148_ATV", 13.8, 1,    7790.15,   -0.4,   0.97775, 2,    7790.12, -120.4,   0.97775, 3,    7790.12,  119.6,   0.97775
"SCN_CN15_9077_CEI148_ATV", 13.8, 1,     7790.2,   -0.4,   0.97776, 2,    7790.18, -120.4,   0.97775, 3,    7790.18,  119.6,   0.97775
"SCN_CN15_9078_CEI148_ATV", 13.8, 1,    7790.29,   -0.4,   0.97777, 2,    7790.27, -120.4,   0.97776, 3,    7790.27,  119.6,   0.97776
"SCN_CN15_9267_CEI109", 13.8, 1,    7797.28,   -0.4,   0.97864, 2,    7797.26, -120.4,   0.97864, 3,    7797.26,  119.6,   0.97864
"SCN_CN15_9079_CEI148_ATV", 13.8, 1,    7790.29,   -0.4,   0.97777, 2,    7790.27, -120.4,   0.97776, 3,    7790.27,  119.6,   0.97776
"SCN_CN15_9075_CEI148_ATV", 13.8, 1,       7809,   -0.3,   0.98011, 2,    7808.98, -120.3,   0.98011, 3,    7808.98,  119.7,   0.98011
"SCN_CN15_9076_CEI148_ATV_S", 13.8, 1,       7809,   -0.3,   0.98011, 2,    7808.98, -120.3,   0.98011, 3,    7808.98,  119.7,   0.98011
"SCN_CN15_9073_CEI148_ATV", 13.8, 1,       7809,   -0.3,   0.98011, 2,    7808.98, -120.3,   0.98011, 3,    7808.98,  119.7,   0.98011
"SCN_CN15_9074_CEI148_ATV", 13.8, 1,       7809,   -0.3,   0.98011, 2,    7808.98, -120.3,   0.98011, 3,    7808.98,  119.7,   0.98011
"SCN_CN15_9080_CEI148_ATV", 13.8, 1,    7790.08,   -0.4,   0.97774, 2,    7790.06, -120.4,   0.97774, 3,    7790.06,  119.6,   0.97774
"SCN_CN15_9081_CEI148_ATV", 13.8, 1,    7789.97,   -0.4,   0.97773, 2,    7789.95, -120.4,   0.97772, 3,    7789.95,  119.6,   0.97772
"SCN_CN15_9082_CEI148_ATV", 13.8, 1,    7789.91,   -0.4,   0.97772, 2,    7789.88, -120.4,   0.97772, 3,    7789.88,  119.6,   0.97772
"SCN_CN15_9171_CEI69A", 13.8, 1,    7789.97,   -0.4,   0.97773, 2,    7789.95, -120.4,   0.97772, 3,    7789.95,  119.6,   0.97772
"SCN_CN15_9070_CEI148_ATV", 13.8, 1,       7809,   -0.3,   0.98011, 2,    7808.98, -120.3,   0.98011, 3,    7808.98,  119.7,   0.98011
"SCN_CN15_9073_CEI148_ATV_S", 13.8, 1,       7809,   -0.3,   0.98011, 2,    7808.98, -120.3,   0.98011, 3,    7808.98,  119.7,   0.98011
"SCN_CN15_9268_CEI109", 13.8, 1,     7797.2,   -0.4,   0.97863, 2,    7797.17, -120.4,   0.97863, 3,    7797.17,  119.6,   0.97863
"SCN_CN15_9068_CEI148_ATV", 13.8, 1,    7809.01,   -0.3,   0.98012, 2,    7808.99, -120.3,   0.98011, 3,    7808.99,  119.7,   0.98011
"SCN_CN15_9070_CEI148_ATV_S", 13.8, 1,       7809,   -0.3,   0.98011, 2,    7808.98, -120.3,   0.98011, 3,    7808.98,  119.7,   0.98011
"SCN_CN15_9069_CEI148_ATV", 13.8, 1,    7809.01,   -0.3,   0.98012, 2,    7808.98, -120.3,   0.98011, 3,    7808.98,  119.7,   0.98011
"SCN_CN15_9071_CEI148_ATV", 13.8, 1,       7809,   -0.3,   0.98011, 2,    7808.98, -120.3,   0.98011, 3,    7808.98,  119.7,   0.98011
"SCN_CN15_9072_CEI148_ATV", 13.8, 1,       7809,   -0.3,   0.98011, 2,    7808.97, -120.3,   0.98011, 3,    7808.97,  119.7,   0.98011
"SCN_CN15_9065_CEI148_ATV", 13.8, 1,    7809.02,   -0.3,   0.98012, 2,    7808.99, -120.3,   0.98011, 3,    7808.99,  119.7,   0.98011
"SCN_CN15_9066_CEI148_ATV", 13.8, 1,    7809.01,   -0.3,   0.98012, 2,    7808.99, -120.3,   0.98011, 3,    7808.99,  119.7,   0.98011
"SCN_CN15_9033_CEI160_ATV", 13.8, 1,       7809,   -0.3,   0.98011, 2,    7808.98, -120.3,   0.98011, 3,    7808.98,  119.7,   0.98011
"SCN_CN15_9055_CEI201_ATV", 13.8, 1,    7808.99,   -0.3,   0.98011, 2,    7808.97, -120.3,   0.98011, 3,    7808.97,  119.7,   0.98011
"SCN_CN15_9056_CEI201_ATV", 13.8, 1,    7808.99,   -0.3,   0.98011, 2,    7808.97, -120.3,   0.98011, 3,    7808.97,  119.7,   0.98011
"SCN_CN15_9034_CEI160_ATV_S", 13.8, 1,       7809,   -0.3,   0.98011, 2,    7808.97, -120.3,   0.98011, 3,    7808.97,  119.7,   0.98011
"SCN_CN15_9032_CEI160_ATV", 13.8, 1,       7809,   -0.3,   0.98011, 2,    7808.97, -120.3,   0.98011, 3,    7808.97,  119.7,   0.98011
"SCN_CN15_9034_CEI160_ATV", 13.8, 1,       7809,   -0.3,   0.98011, 2,    7808.97, -120.3,   0.98011, 3,    7808.97,  119.7,   0.98011
"SCN_CN15_9169_CEI69A", 13.8, 1,    7809.05,   -0.3,   0.98012, 2,    7809.02, -120.3,   0.98012, 3,    7809.02,  119.7,   0.98012
"SCN_CN15_9065_CEI148_ATV_S", 13.8, 1,    7809.02,   -0.3,   0.98012, 2,    7808.99, -120.3,   0.98011, 3,    7808.99,  119.7,   0.98011
"SCN_CN15_9064_CEI148_ATV", 13.8, 1,    7809.05,   -0.3,   0.98012, 2,    7809.03, -120.3,   0.98012, 3,    7809.03,  119.7,   0.98012
"SCN_CN15_9168_CEI69A", 13.8, 1,    7809.06,   -0.3,   0.98012, 2,    7809.03, -120.3,   0.98012, 3,    7809.03,  119.7,   0.98012
"SCN_CN15_9167_CEI69A", 13.8, 1,    7809.07,   -0.3,   0.98012, 2,    7809.04, -120.3,   0.98012, 3,    7809.04,  119.7,   0.98012
"SCN_CN15_9063_CEI148_ATV", 13.8, 1,    7809.09,   -0.3,   0.98013, 2,    7809.07, -120.3,   0.98012, 3,    7809.07,  119.7,   0.98012
"SCN_CN15_9062_CEI148_ATV", 13.8, 1,    7809.13,   -0.3,   0.98013, 2,     7809.1, -120.3,   0.98013, 3,     7809.1,  119.7,   0.98013
"SCN_CN15_9063_CEI148_ATV_S", 13.8, 1,    7809.09,   -0.3,   0.98013, 2,    7809.07, -120.3,   0.98012, 3,    7809.07,  119.7,   0.98012
"SCN_CN15_9061_CEI148_ATV", 13.8, 1,    7809.17,   -0.3,   0.98014, 2,    7809.15, -120.3,   0.98013, 3,    7809.15,  119.7,   0.98013
"SCN_CN15_9055_CEI148_ATV", 13.8, 1,     7809.2,   -0.3,   0.98014, 2,    7809.17, -120.3,   0.98014, 3,    7809.18,  119.7,   0.98014
"SCN_CN15_9056_CEI148_ATV", 13.8, 1,    7809.19,   -0.3,   0.98014, 2,    7809.17, -120.3,   0.98014, 3,    7809.17,  119.7,   0.98014
"SCN_CN15_9057_CEI148_ATV", 13.8, 1,    7809.19,   -0.3,   0.98014, 2,    7809.17, -120.3,   0.98014, 3,    7809.17,  119.7,   0.98014
"SCN_CN15_9058_CEI148_ATV", 13.8, 1,    7809.18,   -0.3,   0.98014, 2,    7809.16, -120.3,   0.98013, 3,    7809.16,  119.7,   0.98013
"SCN_CN15_9059_CEI148_ATV", 13.8, 1,    7809.18,   -0.3,   0.98014, 2,    7809.15, -120.3,   0.98013, 3,    7809.16,  119.7,   0.98013
"SCN_CN15_9060_CEI148_ATV", 13.8, 1,    7809.17,   -0.3,   0.98014, 2,    7809.15, -120.3,   0.98013, 3,    7809.15,  119.7,   0.98013
"SCN_CN15_9054_CEI148_ATV", 13.8, 1,    7809.24,   -0.3,   0.98015, 2,    7809.22, -120.3,   0.98014, 3,    7809.22,  119.7,   0.98014
"SCN_CN15_9055_CEI148_ATV_S", 13.8, 1,     7809.2,   -0.3,   0.98014, 2,    7809.17, -120.3,   0.98014, 3,    7809.18,  119.7,   0.98014
"SCN_CN15_9052_CEI148_ATV", 13.8, 1,    7809.27,   -0.3,   0.98015, 2,    7809.25, -120.3,   0.98015, 3,    7809.25,  119.7,   0.98015
"SCN_CN15_9053_CEI148_ATV", 13.8, 1,    7809.27,   -0.3,   0.98015, 2,    7809.24, -120.3,   0.98015, 3,    7809.25,  119.7,   0.98015
"SCN_CN15_9027_CEI148_ATV", 13.8, 1,    7809.29,   -0.3,   0.98015, 2,    7809.27, -120.3,   0.98015, 3,    7809.27,  119.7,   0.98015
"SCN_CN15_9028_CEI148_ATV", 13.8, 1,    7809.25,   -0.3,   0.98015, 2,    7809.23, -120.3,   0.98014, 3,    7809.23,  119.7,   0.98014
"SCN_CN15_9029_CEI148_ATV", 13.8, 1,    7809.24,   -0.3,   0.98014, 2,    7809.21, -120.3,   0.98014, 3,    7809.21,  119.7,   0.98014
"SCN_CN15_9030_CEI148_ATV_S", 13.8, 1,    7809.22,   -0.3,   0.98014, 2,    7809.19, -120.3,   0.98014, 3,    7809.19,  119.7,   0.98014
"SCN_CN15_9036_CEI148_ATV", 13.8, 1,     7809.2,   -0.3,   0.98014, 2,    7809.18, -120.3,   0.98014, 3,    7809.18,  119.7,   0.98014
"SCN_CN15_9030_CEI148_ATV", 13.8, 1,    7809.22,   -0.3,   0.98014, 2,    7809.19, -120.3,   0.98014, 3,    7809.19,  119.7,   0.98014
"SCN_CN15_9040_CEI148_ATV", 13.8, 1,    7809.15,   -0.3,   0.98013, 2,    7809.12, -120.3,   0.98013, 3,    7809.12,  119.7,   0.98013
"SCN_CN15_9132_CEI201_ATV", 13.8, 1,    7809.14,   -0.3,   0.98013, 2,    7809.12, -120.3,   0.98013, 3,    7809.12,  119.7,   0.98013
"SCN_CN15_9043_CEI148_ATV", 13.8, 1,    7809.11,   -0.3,   0.98013, 2,    7809.09, -120.3,   0.98013, 3,    7809.09,  119.7,   0.98013
"SCN_CN15_9044_CEI148_ATV", 13.8, 1,    7809.11,   -0.3,   0.98013, 2,    7809.09, -120.3,   0.98013, 3,    7809.09,  119.7,   0.98013
"SCN_CN15_9031_CEI148_ATV", 13.8, 1,    7809.21,   -0.3,   0.98014, 2,    7809.19, -120.3,   0.98014, 3,    7809.19,  119.7,   0.98014
"SCN_CN15_9033_CEI148_ATV", 13.8, 1,    7809.21,   -0.3,   0.98014, 2,    7809.19, -120.3,   0.98014, 3,    7809.19,  119.7,   0.98014
"SCN_CN15_9034_CEI148_ATV", 13.8, 1,    7809.21,   -0.3,   0.98014, 2,    7809.19, -120.3,   0.98014, 3,    7809.19,  119.7,   0.98014
"SCN_CN15_9035_CEI148_ATV", 13.8, 1,    7809.21,   -0.3,   0.98014, 2,    7809.19, -120.3,   0.98014, 3,    7809.19,  119.7,   0.98014
"SCN_CN15_9032_CEI148_ATV", 13.8, 1,    7809.21,   -0.3,   0.98014, 2,    7809.19, -120.3,   0.98014, 3,    7809.19,  119.7,   0.98014
"SCN_CN15_9026_CEI148_ATV", 13.8, 1,    7809.33,   -0.3,   0.98016, 2,    7809.31, -120.3,   0.98015, 3,    7809.31,  119.7,   0.98015
"SCN_CN15_9027_CEI148_ATV_S", 13.8, 1,    7809.29,   -0.3,   0.98015, 2,    7809.27, -120.3,   0.98015, 3,    7809.27,  119.7,   0.98015
"SCN_CN15_9025_CEI148_ATV", 13.8, 1,    7809.37,   -0.3,   0.98016, 2,    7809.34, -120.3,   0.98016, 3,    7809.35,  119.7,   0.98016
"SCN_CN15_9024_CEI148_ATV", 13.8, 1,    7809.41,   -0.3,   0.98017, 2,    7809.38, -120.3,   0.98016, 3,    7809.38,  119.7,   0.98016
"SCN_CN15_9023_CEI148_ATV", 13.8, 1,    7809.45,   -0.3,   0.98017, 2,    7809.42, -120.3,   0.98017, 3,    7809.42,  119.7,   0.98017
"SCN_CN15_9022_CEI148_ATV", 13.8, 1,    7809.49,   -0.3,   0.98018, 2,    7809.47, -120.3,   0.98017, 3,    7809.47,  119.7,   0.98017
"SCN_CN15_9020_CEI148_ATV", 13.8, 1,    7809.53,   -0.3,   0.98018, 2,    7809.51, -120.3,   0.98018, 3,    7809.51,  119.7,   0.98018
"SCN_CN15_9021_CEI148_ATV", 13.8, 1,    7809.53,   -0.3,   0.98018, 2,    7809.51, -120.3,   0.98018, 3,    7809.51,  119.7,   0.98018
"SCN_CN15_9019_CEI148_ATV", 13.8, 1,    7809.59,   -0.3,   0.98019, 2,    7809.57, -120.3,   0.98019, 3,    7809.57,  119.7,   0.98019
"SCN_CN15_9020_CEI148_ATV_S", 13.8, 1,    7809.53,   -0.3,   0.98018, 2,    7809.51, -120.3,   0.98018, 3,    7809.51,  119.7,   0.98018
"SCN_CN15_9013_CEI148_ATV", 13.8, 1,    7809.63,   -0.3,   0.98019, 2,    7809.61, -120.3,   0.98019, 3,    7809.61,  119.7,   0.98019
"SCN_CN15_9012_CEI148_ATV", 13.8, 1,    7809.68,   -0.3,    0.9802, 2,    7809.66, -120.3,    0.9802, 3,    7809.66,  119.7,    0.9802
"SCN_CN15_9014_CEI148_ATV", 13.8, 1,    7809.63,   -0.3,   0.98019, 2,    7809.61, -120.3,   0.98019, 3,    7809.61,  119.7,   0.98019
"SCN_CN15_9011_CEI148_ATV", 13.8, 1,    7809.73,   -0.3,   0.98021, 2,    7809.71, -120.3,    0.9802, 3,    7809.71,  119.7,    0.9802
"SCN_CN15_9010_CEI148_ATV", 13.8, 1,    7809.78,   -0.3,   0.98021, 2,    7809.76, -120.3,   0.98021, 3,    7809.76,  119.7,   0.98021
"SCN_CN15_9006_CEI148_ATV", 13.8, 1,    7809.83,   -0.3,   0.98022, 2,    7809.81, -120.3,   0.98022, 3,    7809.81,  119.7,   0.98022
"SCN_CN15_9007_CEI148_ATV", 13.8, 1,    7809.83,   -0.3,   0.98022, 2,     7809.8, -120.3,   0.98022, 3,     7809.8,  119.7,   0.98022
"SCN_CN15_9008_CEI148_ATV", 13.8, 1,    7809.82,   -0.3,   0.98022, 2,     7809.8, -120.3,   0.98022, 3,     7809.8,  119.7,   0.98022
"SCN_CN15_9009_CEI148_ATV", 13.8, 1,    7809.82,   -0.3,   0.98022, 2,     7809.8, -120.3,   0.98022, 3,     7809.8,  119.7,   0.98022
"SCN_CN15_9005_CEI148_ATV", 13.8, 1,    7809.88,   -0.3,   0.98023, 2,    7809.86, -120.3,   0.98022, 3,    7809.86,  119.7,   0.98022
"SCN_CN15_9001_CEI148_ATV", 13.8, 1,    7809.93,   -0.3,   0.98023, 2,    7809.91, -120.3,   0.98023, 3,    7809.91,  119.7,   0.98023
"SCN_CN15_9002_CEI148_ATV", 13.8, 1,    7809.93,   -0.3,   0.98023, 2,     7809.9, -120.3,   0.98023, 3,    7809.91,  119.7,   0.98023
"SCN_CN15_9001_CEI148_ATV_S", 13.8, 1,    7809.93,   -0.3,   0.98023, 2,    7809.91, -120.3,   0.98023, 3,    7809.91,  119.7,   0.98023
"SCN_CN15_9037_CEI220_ATV_S", 13.8, 1,    7798.52,   -0.4,    0.9788, 2,    7798.49, -120.4,    0.9788, 3,    7798.49,  119.6,    0.9788
"SCN_CN15_9001_CEI109_S", 13.8, 1,    7810.68,   -0.3,   0.98033, 2,    7810.66, -120.3,   0.98032, 3,    7810.66,  119.7,   0.98032
"SCN_CN15_9149_CEI230_ATV_S", 13.8, 1,    7801.12,   -0.3,   0.97913, 2,     7801.1, -120.3,   0.97912, 3,     7801.1,  119.7,   0.97912
"SCN_CN15_9201_CEI109_S", 13.8, 1,     7793.5,   -0.4,   0.97817, 2,    7793.48, -120.4,   0.97817, 3,    7793.48,  119.6,   0.97817
"CN_BPS1-13", 13.8, 2,    7964.63, -120.0,   0.99965, 3,    7964.63,  120.0,   0.99965, 8,    7964.63,    0.0,   0.99965
"CN_CH2175_DJCN-15", 13.8, 1,    7964.63,    0.0,   0.99965, 2,    7964.63, -120.0,   0.99965, 3,    7964.63,  120.0,   0.99965
"SCN_CN15_9003_CEI075_S", 13.8, 1,    7803.52,   -0.3,   0.97943, 2,    7803.49, -120.3,   0.97942, 3,     7803.5,  119.7,   0.97942
"SCN_CN15_9025_CEI074_S", 13.8, 1,    7799.89,   -0.3,   0.97897, 2,    7799.86, -120.3,   0.97897, 3,    7799.86,  119.7,   0.97897
"SCN_CN15_9029_CEI109_S", 13.8, 1,    7800.11,   -0.4,     0.979, 2,    7800.09, -120.4,     0.979, 3,    7800.09,  119.6,     0.979
"SCN_CN15_9039_CEI130A_ATV_S", 13.8, 1,    7834.12,   -0.3,   0.98327, 2,     7834.1, -120.3,   0.98327, 3,    7834.11,  119.7,   0.98327
"SCN_CN15_9088_CEI075_S", 13.8, 1,    7801.53,   -0.3,   0.97918, 2,    7801.51, -120.3,   0.97917, 3,    7801.51,  119.7,   0.97917
"SCN_CN15_9038_CEI130A_ATV_S", 13.8, 1,    7834.12,   -0.3,   0.98327, 2,     7834.1, -120.3,   0.98327, 3,    7834.11,  119.7,   0.98327
"SCN_CN15_9185_CEI69A_S", 13.8, 1,    7810.63,   -0.3,   0.98032, 2,    7810.61, -120.3,   0.98032, 3,    7810.61,  119.7,   0.98032
"SCN_CN15_9020_CEI075_S", 13.8, 1,    7802.69,   -0.3,   0.97932, 2,    7802.67, -120.3,   0.97932, 3,    7802.67,  119.7,   0.97932
"SCN_CN15_9170_CEI77A_ATV_S", 13.8, 1,    7810.68,   -0.3,   0.98033, 2,    7810.66, -120.3,   0.98032, 3,    7810.67,  119.7,   0.98032
"SCN_CN15_9101_CEI109_S", 13.8, 1,    7798.55,   -0.4,    0.9788, 2,    7798.53, -120.4,    0.9788, 3,    7798.53,  119.6,    0.9788
"SCN_CN15_9068_CEI201_ATV_S", 13.8, 1,    7791.06,   -0.4,   0.97786, 2,    7791.04, -120.4,   0.97786, 3,    7791.04,  119.6,   0.97786
"SCN_CN15_9008_CEI121_S", 13.8, 1,    7798.21,   -0.4,   0.97876, 2,    7798.19, -120.4,   0.97876, 3,    7798.19,  119.6,   0.97876
"SCN_CN15_9081_CEI148_ATV_S", 13.8, 1,    7789.97,   -0.4,   0.97773, 2,    7789.95, -120.4,   0.97772, 3,    7789.95,  119.6,   0.97772
"SCN_CN15_9001_CEI134A_ATV_S", 13.8, 1,    7798.25,   -0.4,   0.97877, 2,    7798.23, -120.4,   0.97876, 3,    7798.23,  119.6,   0.97876
"SCN_CN15_9208_CEI77A_ATV_S", 13.8, 1,    7810.68,   -0.3,   0.98033, 2,    7810.66, -120.3,   0.98032, 3,    7810.66,  119.7,   0.98032
"SCN_CN15_9031_CEI074_S", 13.8, 1,    7799.96,   -0.3,   0.97898, 2,    7799.94, -120.3,   0.97898, 3,    7799.94,  119.7,   0.97898
"SCN_CN15_9027_CEI074_S", 13.8, 1,     7799.9,   -0.3,   0.97897, 2,    7799.88, -120.3,   0.97897, 3,    7799.88,  119.7,   0.97897
"SCN_CN15_9080_CEI075_S", 13.8, 1,    7801.07,   -0.3,   0.97912, 2,    7801.05, -120.3,   0.97912, 3,    7801.05,  119.7,   0.97912
"SCN_CN15_9062_CEI77A_ATV_S", 13.8, 1,    7810.22,   -0.3,   0.98027, 2,     7810.2, -120.3,   0.98027, 3,     7810.2,  119.7,   0.98027
"SCN_CN15_9057_CEI075_S", 13.8, 1,    7802.47,   -0.3,    0.9793, 2,    7802.44, -120.3,   0.97929, 3,    7802.44,  119.7,   0.97929
"SCN_CN15_9082_CEI075_S", 13.8, 1,    7801.13,   -0.3,   0.97913, 2,    7801.11, -120.3,   0.97912, 3,    7801.11,  119.7,   0.97912
"SCN_CN15_9175_CEI230_ATV_S", 13.8, 1,    7802.51,   -0.3,    0.9793, 2,    7802.49, -120.3,    0.9793, 3,    7802.49,  119.7,    0.9793
"SCN_CN15_9072_CEI201_ATV_S", 13.8, 1,    7790.97,   -0.4,   0.97785, 2,    7790.94, -120.4,   0.97785, 3,    7790.94,  119.6,   0.97785
"SCN_CN15_9042_CEI074_S", 13.8, 1,     7800.2,   -0.3,   0.97901, 2,    7800.17, -120.3,   0.97901, 3,    7800.17,  119.7,   0.97901
"SCN_CN15_9282_CEI250_ATV_S", 13.8, 1,    7825.42,   -0.3,   0.98218, 2,     7825.4, -120.3,   0.98217, 3,     7825.4,  119.7,   0.98217
"SCN_CN15_9095_CEI148_ATV_S", 13.8, 1,    7790.76,   -0.4,   0.97783, 2,    7790.74, -120.4,   0.97782, 3,    7790.74,  119.6,   0.97782
"SCN_CN15_9211_CEI77A_ATV_S", 13.8, 1,    7810.67,   -0.3,   0.98032, 2,    7810.65, -120.3,   0.98032, 3,    7810.65,  119.7,   0.98032
"SCN_CN15_9087_CEI148_ATV_S", 13.8, 1,    7789.72,   -0.4,   0.97769, 2,    7789.69, -120.4,   0.97769, 3,    7789.69,  119.6,   0.97769
"SCN_CN15_9207_CEI109_S", 13.8, 1,    7793.61,   -0.4,   0.97818, 2,    7793.59, -120.4,   0.97818, 3,    7793.59,  119.6,   0.97818
"SCN_CN15_9058_CEI160_ATV_S", 13.8, 1,    7824.23,   -0.3,   0.98203, 2,    7824.21, -120.3,   0.98202, 3,    7824.22,  119.7,   0.98202
"SCN_CN15_9081_CEI77A_ATV_S", 13.8, 1,    7809.88,   -0.3,   0.98023, 2,    7809.86, -120.3,   0.98022, 3,    7809.86,  119.7,   0.98022
"SCN_CN15_9492_CEI109_S", 13.8, 1,    7791.21,   -0.4,   0.97788, 2,    7791.18, -120.4,   0.97788, 3,    7791.18,  119.6,   0.97788
"SCN_CN15_9042_CEI220_ATV_S", 13.8, 1,    7798.53,   -0.4,    0.9788, 2,    7798.51, -120.4,    0.9788, 3,    7798.51,  119.6,    0.9788
"SCN_CN15_9166_CEI109_S", 13.8, 1,    7793.46,   -0.4,   0.97816, 2,    7793.44, -120.4,   0.97816, 3,    7793.44,  119.6,   0.97816
"SCN_CN15_9091_CEI075_S", 13.8, 1,    7801.67,   -0.3,   0.97919, 2,    7801.64, -120.3,   0.97919, 3,    7801.64,  119.7,   0.97919
"SCN_CN15_9038_CEI148A_ATV_S", 13.8, 1,    7790.47,   -0.4,   0.97779, 2,    7790.45, -120.4,   0.97779, 3,    7790.45,  119.6,   0.97779
"SCN_CN15_9102_CEI77A_ATV_S", 13.8, 1,    7812.34,   -0.3,   0.98053, 2,    7812.32, -120.3,   0.98053, 3,    7812.33,  119.7,   0.98053
"SCN_CN15_9007_CEI075_S", 13.8, 1,    7803.13,   -0.3,   0.97938, 2,     7803.1, -120.3,   0.97937, 3,     7803.1,  119.7,   0.97937
"SCN_CN15_9150_CEI230_ATV_S", 13.8, 1,    7801.12,   -0.3,   0.97913, 2,     7801.1, -120.3,   0.97912, 3,     7801.1,  119.7,   0.97912
"SCN_CN15_9203_CEI230_ATV_S", 13.8, 1,     7789.7,   -0.4,   0.97769, 2,    7789.68, -120.4,   0.97769, 3,    7789.68,  119.6,   0.97769
"SCN_CN15_9313_CEI250_ATV_S", 13.8, 1,    7823.99,   -0.3,     0.982, 2,    7823.97, -120.3,   0.98199, 3,    7823.97,  119.7,   0.98199
"SCN_CN15_9122_CEI201_ATV_S", 13.8, 1,    7810.68,   -0.3,   0.98033, 2,    7810.66, -120.3,   0.98032, 3,    7810.66,  119.7,   0.98032
"SCN_CN15_9144_CEI230_ATV_S", 13.8, 1,    7801.49,   -0.3,   0.97917, 2,    7801.47, -120.3,   0.97917, 3,    7801.47,  119.7,   0.97917
"SCN_CN15_9141_CEI230_ATV_S", 13.8, 1,    7801.49,   -0.3,   0.97917, 2,    7801.47, -120.3,   0.97917, 3,    7801.47,  119.7,   0.97917
"SCN_CN15_9428_CEI109_S", 13.8, 1,    7795.64,   -0.4,   0.97844, 2,    7795.62, -120.4,   0.97844, 3,    7795.62,  119.6,   0.97844
"SCN_CN15_9007_CEI134B_ATV_S", 13.8, 1,     7796.5,   -0.4,   0.97855, 2,    7796.48, -120.4,   0.97854, 3,    7796.48,  119.6,   0.97854
"SCN_CN15_9038_CEI148_ATV_S", 13.8, 1,    7809.18,   -0.3,   0.98014, 2,    7809.16, -120.3,   0.98013, 3,    7809.16,  119.7,   0.98013
"SCN_CN15_9323_CEI250_ATV_S", 13.8, 1,    7823.82,   -0.3,   0.98197, 2,     7823.8, -120.3,   0.98197, 3,     7823.8,  119.7,   0.98197
"SCN_CN15_9485_CEI109_S", 13.8, 1,    7791.23,   -0.4,   0.97789, 2,    7791.21, -120.4,   0.97788, 3,    7791.21,  119.6,   0.97788
"SCN_CN15_9017_CEI130A_ATV_S", 13.8, 1,    7834.23,   -0.3,   0.98328, 2,    7834.21, -120.3,   0.98328, 3,    7834.21,  119.7,   0.98328
"SCN_CN15_9081_CEI230_ATV_S", 13.8, 1,     7802.5,   -0.3,    0.9793, 2,    7802.48, -120.3,    0.9793, 3,    7802.48,  119.7,    0.9793
"SCN_CN15_9018_CEI220_ATV_S", 13.8, 1,    7795.61,   -0.4,   0.97843, 2,    7795.59, -120.4,   0.97843, 3,    7795.59,  119.6,   0.97843
"SCN_CN15_9007_CEI230_ATV_S", 13.8, 1,    7811.02,   -0.3,   0.98037, 2,    7810.99, -120.3,   0.98037, 3,       7811,  119.7,   0.98037
"SCN_CN15_9063_CEI77A_ATV_S", 13.8, 1,    7810.01,   -0.3,   0.98024, 2,    7809.99, -120.3,   0.98024, 3,    7809.99,  119.7,   0.98024
"SCN_CN15_9487_CEI109_S", 13.8, 1,    7791.22,   -0.4,   0.97788, 2,     7791.2, -120.4,   0.97788, 3,     7791.2,  119.6,   0.97788
"SCN_CN15_9016_CEI69A_S", 13.8, 1,    7789.32,   -0.4,   0.97764, 2,     7789.3, -120.4,   0.97764, 3,     7789.3,  119.6,   0.97764
"SCN_CN15_9017_CEI074_S", 13.8, 1,    7799.83,   -0.3,   0.97896, 2,    7799.81, -120.3,   0.97896, 3,    7799.81,  119.7,   0.97896
"SCN_CN15_9307_CEI250_ATV_S", 13.8, 1,    7824.07,   -0.3,   0.98201, 2,    7824.06, -120.3,     0.982, 3,    7824.06,  119.7,     0.982
"SCN_CN15_9089_CEI77A_ATV_S", 13.8, 1,    7811.11,   -0.3,   0.98038, 2,    7811.09, -120.3,   0.98038, 3,    7811.09,  119.7,   0.98038
"SCN_CN15_9150_CEI109_S", 13.8, 1,    7793.41,   -0.4,   0.97816, 2,    7793.38, -120.4,   0.97815, 3,    7793.38,  119.6,   0.97815
"SCN_CN15_9036_CEI130_ATV_S", 13.8, 1,    7813.95,   -0.3,   0.98074, 2,    7813.93, -120.3,   0.98073, 3,    7813.93,  119.7,   0.98073
"SCN_CN15_9214_CEI77A_ATV_S", 13.8, 1,    7810.69,   -0.3,   0.98033, 2,    7810.67, -120.3,   0.98032, 3,    7810.68,  119.7,   0.98033
"SCN_CN15_9033_CEI148A_ATV_S", 13.8, 1,    7789.62,   -0.4,   0.97768, 2,     7789.6, -120.4,   0.97768, 3,     7789.6,  119.6,   0.97768
"SCN_CN15_9075_CEI230_ATV_S", 13.8, 1,    7802.53,   -0.3,    0.9793, 2,    7802.51, -120.3,    0.9793, 3,    7802.51,  119.7,    0.9793
"SCN_CN15_9498_CEI109_S", 13.8, 1,    7791.18,   -0.4,   0.97788, 2,    7791.16, -120.4,   0.97788, 3,    7791.16,  119.6,   0.97788
"SCN_CN15_9064_CEI075_S", 13.8, 1,    7802.52,   -0.3,    0.9793, 2,    7802.49, -120.3,    0.9793, 3,    7802.49,  119.7,    0.9793
"SCN_CN15_9171_CEI77A_ATV_S", 13.8, 1,    7810.66,   -0.3,   0.98032, 2,    7810.64, -120.3,   0.98032, 3,    7810.64,  119.7,   0.98032
"SCN_CN15_9032_CEI220_ATV_S", 13.8, 1,    7798.51,   -0.4,    0.9788, 2,    7798.49, -120.4,    0.9788, 3,    7798.49,  119.6,    0.9788
"SCN_CN15_9194_CEI230_ATV_S", 13.8, 1,    7789.64,   -0.4,   0.97768, 2,    7789.62, -120.4,   0.97768, 3,    7789.62,  119.6,   0.97768
"SCN_CN15_9030_CEI148A_ATV_S", 13.8, 1,    7789.54,   -0.4,   0.97767, 2,    7789.51, -120.4,   0.97767, 3,    7789.51,  119.6,   0.97767
"SCN_CN15_9494_CEI109_S", 13.8, 1,    7791.19,   -0.4,   0.97788, 2,    7791.17, -120.4,   0.97788, 3,    7791.17,  119.6,   0.97788
"SCN_CN15_9187_CEI068_S", 13.8, 1,    7834.26,   -0.3,   0.98329, 2,    7834.24, -120.3,   0.98328, 3,    7834.24,  119.7,   0.98328
"SCN_CN15_9306_CEI109_S", 13.8, 1,    7793.81,   -0.4,   0.97821, 2,    7793.78, -120.4,    0.9782, 3,    7793.78,  119.6,    0.9782
"CN_BTS1-13", 13.8, 2,    7964.63, -120.0,   0.99965, 3,    7964.63,  120.0,   0.99965, 8,    7964.63,    0.0,   0.99965
"CN_DJCN15_CH2353", 13.8, 1,    7964.63,    0.0,   0.99965, 2,    7964.63, -120.0,   0.99965, 3,    7964.63,  120.0,   0.99965
"SCN_CN15_9033_CEI77A_ATV_S", 13.8, 1,     7810.6,   -0.3,   0.98032, 2,    7810.58, -120.3,   0.98031, 3,    7810.58,  119.7,   0.98031
"SCN_CN15_9013_CEI69B_S", 13.8, 1,    7820.01,   -0.3,    0.9815, 2,    7819.99, -120.3,   0.98149, 3,    7819.99,  119.7,   0.98149
"SCN_CN15_9191_CEI230_ATV_S", 13.8, 1,    7789.65,   -0.4,   0.97769, 2,    7789.63, -120.4,   0.97768, 3,    7789.63,  119.6,   0.97768
"SCN_CN15_9040_CEI070_S", 13.8, 1,    7830.81,   -0.3,   0.98285, 2,    7830.79, -120.3,   0.98285, 3,    7830.79,  119.7,   0.98285
"SCN_CN15_9018_CEI077_ATV_S", 13.8, 1,    7813.51,   -0.3,   0.98068, 2,    7813.49, -120.3,   0.98068, 3,     7813.5,  119.7,   0.98068
"SCN_CN15_9477_CEI109_S", 13.8, 1,    7791.32,   -0.4,    0.9779, 2,     7791.3, -120.4,   0.97789, 3,     7791.3,  119.6,   0.97789
"SCN_CN15_9087_CEI075_S", 13.8, 1,    7801.46,   -0.3,   0.97917, 2,    7801.44, -120.3,   0.97917, 3,    7801.44,  119.7,   0.97917
"SCN_CN15_9156_CEI220_ATV_S", 13.8, 1,    7802.83,   -0.4,   0.97934, 2,    7802.81, -120.4,   0.97934, 3,    7802.81,  119.6,   0.97934
"SCN_CN15_9083_CEI131_ATV_S", 13.8, 1,    7798.98,   -0.4,   0.97886, 2,    7798.95, -120.4,   0.97885, 3,    7798.95,  119.6,   0.97885
"SCN_CN15_9197_CEI77A_ATV_S", 13.8, 1,    7810.47,   -0.3,    0.9803, 2,    7810.45, -120.3,    0.9803, 3,    7810.46,  119.7,    0.9803
"SCN_CN15_9154_CEI109_S", 13.8, 1,    7793.41,   -0.4,   0.97816, 2,    7793.39, -120.4,   0.97816, 3,    7793.39,  119.6,   0.97816
"SCN_CN15_9037_CEI109_S", 13.8, 1,    7798.57,   -0.4,   0.97881, 2,    7798.55, -120.4,    0.9788, 3,    7798.55,  119.6,    0.9788
"SCN_CN15_9003_CEI230_ATV_S", 13.8, 1,    7811.04,   -0.3,   0.98037, 2,    7811.02, -120.3,   0.98037, 3,    7811.02,  119.7,   0.98037
"SCN_CN15_9204_CEI77A_ATV_S", 13.8, 1,     7810.7,   -0.3,   0.98033, 2,    7810.68, -120.3,   0.98033, 3,    7810.68,  119.7,   0.98033
"SCN_CN15_9027_CEI77A_ATV_S", 13.8, 1,    7810.64,   -0.3,   0.98032, 2,    7810.62, -120.3,   0.98032, 3,    7810.62,  119.7,   0.98032
"SCN_CN15_9071_CEI075_S", 13.8, 1,    7800.69,   -0.3,   0.97907, 2,    7800.67, -120.3,   0.97907, 3,    7800.67,  119.7,   0.97907
"SCN_CN15_9068_CEI068_S", 13.8, 1,    7871.16,   -0.2,   0.98792, 2,    7871.14, -120.2,   0.98791, 3,    7871.15,  119.8,   0.98791
"SCN_CN15_9299_CEI109_S", 13.8, 1,    7794.55,   -0.4,    0.9783, 2,    7794.53, -120.4,    0.9783, 3,    7794.53,  119.6,    0.9783
"SCN_CN15_9206_CEI77A_ATV_S", 13.8, 1,    7810.68,   -0.3,   0.98033, 2,    7810.66, -120.3,   0.98032, 3,    7810.66,  119.7,   0.98032
"SCN_CN15_9066_CEI075_S", 13.8, 1,     7800.7,   -0.3,   0.97907, 2,    7800.68, -120.3,   0.97907, 3,    7800.68,  119.7,   0.97907
"SCN_CN15_9090_CEI075_S", 13.8, 1,    7801.62,   -0.3,   0.97919, 2,     7801.6, -120.3,   0.97919, 3,     7801.6,  119.7,   0.97919
"SCN_CN15_9037_CEI130A_ATV_S", 13.8, 1,    7834.12,   -0.3,   0.98327, 2,     7834.1, -120.3,   0.98327, 3,    7834.11,  119.7,   0.98327
"SCN_CN15_9027_CEI077_ATV_S", 13.8, 1,    7813.14,   -0.3,   0.98063, 2,    7813.11, -120.3,   0.98063, 3,    7813.12,  119.7,   0.98063
"SCN_CN15_9003_CEI109_S", 13.8, 1,    7810.68,   -0.3,   0.98033, 2,    7810.66, -120.3,   0.98032, 3,    7810.66,  119.7,   0.98032
"SCN_CN15_9027_CEI130A_ATV_S", 13.8, 1,    7834.13,   -0.3,   0.98327, 2,    7834.11, -120.3,   0.98327, 3,    7834.11,  119.7,   0.98327
"SCN_CN15_9034_CEIRJ006_ATV_S", 13.8, 1,    7810.58,   -0.3,   0.98031, 2,    7810.55, -120.3,   0.98031, 3,    7810.56,  119.7,   0.98031
"SCN_CN15_9044_CEI148A_ATV_S", 13.8, 1,    7790.88,   -0.4,   0.97784, 2,    7790.85, -120.4,   0.97784, 3,    7790.85,  119.6,   0.97784
"SCN_CN15_9082_CEI230_ATV_S", 13.8, 1,     7802.5,   -0.3,    0.9793, 2,    7802.48, -120.3,    0.9793, 3,    7802.48,  119.7,    0.9793
"SCN_CN15_9012_CEI072_S", 13.8, 1,    7821.43,   -0.3,   0.98167, 2,    7821.41, -120.3,   0.98167, 3,    7821.41,  119.7,   0.98167
"SCN_CN15_9035_CEI250_ATV_S", 13.8, 1,    7835.62,   -0.3,   0.98346, 2,     7835.6, -120.3,   0.98345, 3,     7835.6,  119.7,   0.98345
"SCN_CN15_9002_CEI230_ATV_S", 13.8, 1,    7811.04,   -0.3,   0.98037, 2,    7811.02, -120.3,   0.98037, 3,    7811.02,  119.7,   0.98037
"SCN_CN15_9010_CEI109_S", 13.8, 1,    7800.09,   -0.4,     0.979, 2,    7800.07, -120.4,   0.97899, 3,    7800.07,  119.6,   0.97899
"SCN_CN15_9126_CEI201_ATV_S", 13.8, 1,    7810.65,   -0.3,   0.98032, 2,    7810.63, -120.3,   0.98032, 3,    7810.63,  119.7,   0.98032
"SCN_CN15_9174_CEI230_ATV_S", 13.8, 1,    7802.51,   -0.3,    0.9793, 2,    7802.49, -120.3,    0.9793, 3,    7802.49,  119.7,    0.9793
"SCN_CN15_9006_CEI148_ATV_S", 13.8, 1,    7809.83,   -0.3,   0.98022, 2,    7809.81, -120.3,   0.98022, 3,    7809.81,  119.7,   0.98022
"SCN_CN15_9283_CEI109_S", 13.8, 1,       7796,   -0.4,   0.97848, 2,    7795.98, -120.4,   0.97848, 3,    7795.98,  119.6,   0.97848
"SCN_CN15_9025_CEI075_S", 13.8, 1,    7802.61,   -0.3,   0.97931, 2,    7802.59, -120.3,   0.97931, 3,    7802.59,  119.7,   0.97931
"SCN_CN15_9022_CEI077_ATV_S", 13.8, 1,    7813.29,   -0.3,   0.98065, 2,    7813.27, -120.3,   0.98065, 3,    7813.27,  119.7,   0.98065
"SCN_CN15_9100_CEI230_ATV_S", 13.8, 1,    7807.72,   -0.3,   0.97995, 2,     7807.7, -120.3,   0.97995, 3,     7807.7,  119.7,   0.97995
"SCN_CN15_9190_CEI230_ATV_S", 13.8, 1,    7789.65,   -0.4,   0.97769, 2,    7789.63, -120.4,   0.97768, 3,    7789.63,  119.6,   0.97768
"SCN_CN15_9425_CEI109_S", 13.8, 1,    7795.67,   -0.4,   0.97844, 2,    7795.64, -120.4,   0.97844, 3,    7795.64,  119.6,   0.97844
"SCN_CN15_9437_CEI109_S", 13.8, 1,     7795.6,   -0.4,   0.97843, 2,    7795.58, -120.4,   0.97843, 3,    7795.58,  119.6,   0.97843
"SCN_CN15_9408_CEI109_S", 13.8, 1,    7792.18,   -0.4,     0.978, 2,    7792.16, -120.4,     0.978, 3,    7792.16,  119.6,     0.978
"SCN_CN15_9045_CEI074_S", 13.8, 1,    7800.27,   -0.3,   0.97902, 2,    7800.25, -120.3,   0.97902, 3,    7800.25,  119.7,   0.97902
"SCN_CN15_9188_CEI230_ATV_S", 13.8, 1,    7789.67,   -0.4,   0.97769, 2,    7789.65, -120.4,   0.97769, 3,    7789.65,  119.6,   0.97769
"SCN_CN15_9050_CEI69B_S", 13.8, 1,    7811.64,   -0.3,   0.98045, 2,    7811.62, -120.3,   0.98044, 3,    7811.62,  119.7,   0.98044
"SCN_CN15_9037_CEI148_ATV_S", 13.8, 1,    7809.19,   -0.3,   0.98014, 2,    7809.16, -120.3,   0.98014, 3,    7809.16,  119.7,   0.98014
"SCN_CN15_9493_CEI109_S", 13.8, 1,     7791.2,   -0.4,   0.97788, 2,    7791.18, -120.4,   0.97788, 3,    7791.18,  119.6,   0.97788
"SCN_CN15_9058_CEI071_S", 13.8, 1,    7823.86,   -0.3,   0.98198, 2,    7823.84, -120.3,   0.98198, 3,    7823.85,  119.7,   0.98198
"SCN_CN15_9048_CEI074_S", 13.8, 1,    7800.39,   -0.3,   0.97903, 2,    7800.37, -120.3,   0.97903, 3,    7800.37,  119.7,   0.97903
"SCN_CN15_9210_CEI109_S", 13.8, 1,    7793.59,   -0.4,   0.97818, 2,    7793.56, -120.4,   0.97818, 3,    7793.56,  119.6,   0.97818
"SCN_CN15_9086_CEI148_ATV_S", 13.8, 1,    7789.79,   -0.4,    0.9777, 2,    7789.77, -120.4,    0.9777, 3,    7789.77,  119.6,    0.9777
"SCN_CN15_9068_CEI148_ATV_S", 13.8, 1,    7809.01,   -0.3,   0.98012, 2,    7808.99, -120.3,   0.98011, 3,    7808.99,  119.7,   0.98011
"SCN_CN15_9038_CEI77A_ATV_S", 13.8, 1,    7810.56,   -0.3,   0.98031, 2,    7810.54, -120.3,   0.98031, 3,    7810.54,  119.7,   0.98031
"SCN_CN15_9165_CEI068_S", 13.8, 1,    7825.19,   -0.3,   0.98215, 2,    7825.17, -120.3,   0.98214, 3,    7825.17,  119.7,   0.98214
"SCN_CN15_9172_CEI068_S", 13.8, 1,    7828.87,   -0.3,   0.98261, 2,    7828.85, -120.3,   0.98261, 3,    7828.85,  119.7,   0.98261
"SCN_CN15_9088_CEI148_ATV_S", 13.8, 1,    7789.71,   -0.4,   0.97769, 2,    7789.69, -120.4,   0.97769, 3,    7789.69,  119.6,   0.97769
"SCN_CN15_9041_CEI148A_ATV_S", 13.8, 1,    7790.56,   -0.4,    0.9778, 2,    7790.53, -120.4,    0.9778, 3,    7790.53,  119.6,    0.9778
"SCN_CN15_9171_CEI69B_S", 13.8, 1,    7810.69,   -0.3,   0.98033, 2,    7810.67, -120.3,   0.98032, 3,    7810.67,  119.7,   0.98032
"SCN_CN15_9041_CEI130A_ATV_S", 13.8, 1,    7834.12,   -0.3,   0.98327, 2,     7834.1, -120.3,   0.98327, 3,    7834.11,  119.7,   0.98327
"SCN_CN15_9177_CEI77A_ATV_S", 13.8, 1,    7810.62,   -0.3,   0.98032, 2,     7810.6, -120.3,   0.98032, 3,     7810.6,  119.7,   0.98032
"SCN_CN15_9135_CEI230_ATV_S", 13.8, 1,    7801.51,   -0.3,   0.97917, 2,    7801.48, -120.3,   0.97917, 3,    7801.48,  119.7,   0.97917
"SCN_CN15_9077_CEI131_ATV_S", 13.8, 1,    7798.66,   -0.4,   0.97882, 2,    7798.64, -120.4,   0.97881, 3,    7798.64,  119.6,   0.97881
"SCN_CN15_9126_CEI77A_ATV_S", 13.8, 1,    7810.93,   -0.3,   0.98036, 2,    7810.91, -120.3,   0.98035, 3,    7810.91,  119.7,   0.98035
"SCN_CN15_9059_CEI77A_ATV_S", 13.8, 1,    7810.49,   -0.3,    0.9803, 2,    7810.46, -120.3,    0.9803, 3,    7810.47,  119.7,    0.9803
"SCN_CN15_9030_CEI77A_ATV_S", 13.8, 1,    7810.62,   -0.3,   0.98032, 2,     7810.6, -120.3,   0.98032, 3,     7810.6,  119.7,   0.98032
"SCN_CN15_9349_CEI109_S", 13.8, 1,    7791.02,   -0.4,   0.97786, 2,       7791, -120.4,   0.97786, 3,       7791,  119.6,   0.97786
"SCN_CN15_9202_CEI230_ATV_S", 13.8, 1,     7789.7,   -0.4,   0.97769, 2,    7789.68, -120.4,   0.97769, 3,    7789.68,  119.6,   0.97769
"SCN_CN15_9309_CEI109_S", 13.8, 1,     7793.8,   -0.4,   0.97821, 2,    7793.78, -120.4,    0.9782, 3,    7793.78,  119.6,    0.9782
"SCN_CN15_9016_CEI077_ATV_S", 13.8, 1,    7814.09,   -0.3,   0.98075, 2,    7814.07, -120.3,   0.98075, 3,    7814.08,  119.7,   0.98075
"SCN_CN15_9082_CEI148_ATV_S", 13.8, 1,    7789.91,   -0.4,   0.97772, 2,    7789.88, -120.4,   0.97772, 3,    7789.88,  119.6,   0.97772
"SCN_CN15_9105_CEI075_S", 13.8, 1,    7802.34,   -0.3,   0.97928, 2,    7802.31, -120.3,   0.97928, 3,    7802.31,  119.7,   0.97928
"SCN_CN15_9179_CEI77A_ATV_S", 13.8, 1,    7810.61,   -0.3,   0.98032, 2,    7810.59, -120.3,   0.98031, 3,    7810.59,  119.7,   0.98031
"SCN_CN15_9055_CEIRJ006_ATV_S", 13.8, 1,    7800.68,   -0.3,   0.97907, 2,    7800.66, -120.3,   0.97907, 3,    7800.66,  119.7,   0.97907
"SCN_CN15_9076_CEI77A_ATV_S", 13.8, 1,     7809.3,   -0.3,   0.98015, 2,    7809.28, -120.3,   0.98015, 3,    7809.28,  119.7,   0.98015
"SCN_CN15_9097_CEI075_S", 13.8, 1,    7801.98,   -0.3,   0.97923, 2,    7801.96, -120.3,   0.97923, 3,    7801.96,  119.7,   0.97923
"SCN_CN15_9086_CEI075_S", 13.8, 1,     7801.4,   -0.3,   0.97916, 2,    7801.38, -120.3,   0.97916, 3,    7801.38,  119.7,   0.97916
"SCN_CN15_9144_CEI69B_S", 13.8, 1,    7810.69,   -0.3,   0.98033, 2,    7810.66, -120.3,   0.98032, 3,    7810.67,  119.7,   0.98032
"SCN_CN15_9015_CEI109_S", 13.8, 1,    7800.13,   -0.4,     0.979, 2,    7800.11, -120.4,     0.979, 3,    7800.11,  119.6,     0.979
"SCN_CN15_9399_CEI109_S", 13.8, 1,    7791.38,   -0.4,    0.9779, 2,    7791.35, -120.4,    0.9779, 3,    7791.35,  119.6,    0.9779
"SCN_CN15_9094_CEI230_ATV_S", 13.8, 1,    7807.71,   -0.3,   0.97995, 2,    7807.69, -120.3,   0.97995, 3,    7807.69,  119.7,   0.97995
"SCN_CN15_9200_CEI109_S", 13.8, 1,     7793.5,   -0.4,   0.97817, 2,    7793.47, -120.4,   0.97817, 3,    7793.47,  119.6,   0.97817
"SCN_CN15_9480_CEI109_S", 13.8, 1,    7791.29,   -0.4,   0.97789, 2,    7791.26, -120.4,   0.97789, 3,    7791.27,  119.6,   0.97789
"SCN_CN15_9006_CEI134_ATV_S", 13.8, 1,    7798.32,   -0.4,   0.97877, 2,     7798.3, -120.4,   0.97877, 3,     7798.3,  119.6,   0.97877
"SCN_CN15_9098_CEI072_S", 13.8, 1,    7817.46,   -0.3,   0.98118, 2,    7817.44, -120.3,   0.98117, 3,    7817.45,  119.7,   0.98117
"SCN_CN15_9098_CEI068", 13.8, 1,     7834.7,   -0.3,   0.98334, 2,    7834.68, -120.3,   0.98334, 3,    7834.68,  119.7,   0.98334
"SCN_CN15_9089_CEI068", 13.8, 1,    7840.45,   -0.3,   0.98406, 2,    7840.43, -120.3,   0.98406, 3,    7840.43,  119.7,   0.98406
"SCN_CN15_9031_CEI148_ATV_S", 13.8, 1,    7809.21,   -0.3,   0.98014, 2,    7809.19, -120.3,   0.98014, 3,    7809.19,  119.7,   0.98014
"SCN_CN15_9040_CEI77A_ATV_S", 13.8, 1,    7810.55,   -0.3,   0.98031, 2,    7810.53, -120.3,   0.98031, 3,    7810.54,  119.7,   0.98031
"SCN_CN15_9135_CEI77A_ATV_S", 13.8, 1,    7812.41,   -0.3,   0.98054, 2,    7812.39, -120.3,   0.98054, 3,    7812.39,  119.7,   0.98054
"SCN_CN15_9004_CEI160_ATV_S", 13.8, 1,    7809.13,   -0.3,   0.98013, 2,    7809.11, -120.3,   0.98013, 3,    7809.11,  119.7,   0.98013
"SCN_CN15_9029_CEI074_S", 13.8, 1,    7799.93,   -0.3,   0.97898, 2,     7799.9, -120.3,   0.97897, 3,     7799.9,  119.7,   0.97897
"SCN_CN15_9043_CEI148_ATV_S", 13.8, 1,    7809.11,   -0.3,   0.98013, 2,    7809.09, -120.3,   0.98013, 3,    7809.09,  119.7,   0.98013
"SCN_CN15_9023_CEI074_S", 13.8, 1,    7799.87,   -0.3,   0.97897, 2,    7799.84, -120.3,   0.97897, 3,    7799.84,  119.7,   0.97897
"SCN_CN15_9003_CEI076_S", 13.8, 1,     7834.9,   -0.3,   0.98337, 2,    7834.88, -120.3,   0.98336, 3,    7834.88,  119.7,   0.98336
"SCN_CN15_9043_CEI250_ATV_S", 13.8, 1,    7835.57,   -0.3,   0.98345, 2,    7835.56, -120.3,   0.98345, 3,    7835.56,  119.7,   0.98345
"SCN_CN15_9032_CEI69B", 13.8, 1,    7814.81,   -0.3,   0.98084, 2,    7814.79, -120.3,   0.98084, 3,    7814.79,  119.7,   0.98084
"SCN_CN15_9050_CEI070", 13.8, 1,    7834.17,   -0.3,   0.98327, 2,    7834.15, -120.3,   0.98327, 3,    7834.16,  119.7,   0.98327
"SCN_CN15_9023_CEI077_ATV_S", 13.8, 1,    7813.23,   -0.3,   0.98065, 2,    7813.21, -120.3,   0.98064, 3,    7813.22,  119.7,   0.98064
"SCN_CN15_9302_CEI109_S", 13.8, 1,    7794.19,   -0.4,   0.97826, 2,    7794.16, -120.4,   0.97825, 3,    7794.17,  119.6,   0.97825
"SCN_CN15_9030_CEIRJ006_ATV_S", 13.8, 1,    7810.43,   -0.3,   0.98029, 2,    7810.41, -120.3,   0.98029, 3,    7810.42,  119.7,   0.98029
"SCN_CN15_9102_CEI075_S", 13.8, 1,    7802.16,   -0.3,   0.97926, 2,    7802.13, -120.3,   0.97925, 3,    7802.13,  119.7,   0.97925
"SCN_CN15_9175_CEI69B_S", 13.8, 1,    7810.71,   -0.3,   0.98033, 2,    7810.69, -120.3,   0.98033, 3,    7810.69,  119.7,   0.98033
"SCN_CN15_9077_CEI075_S", 13.8, 1,    7800.98,   -0.3,   0.97911, 2,    7800.96, -120.3,   0.97911, 3,    7800.96,  119.7,   0.97911
"SCN_CN15_9023_CEI130_ATV_S", 13.8, 1,    7818.39,   -0.3,   0.98129, 2,    7818.37, -120.3,   0.98129, 3,    7818.37,  119.7,   0.98129
"SCN_CN15_9031_CEI77A_ATV_S", 13.8, 1,    7810.61,   -0.3,   0.98032, 2,    7810.59, -120.3,   0.98031, 3,    7810.59,  119.7,   0.98031
"SCN_CN15_9095_CEI77A_ATV_S", 13.8, 1,    7811.83,   -0.3,   0.98047, 2,     7811.8, -120.3,   0.98047, 3,    7811.81,  119.7,   0.98047
"SCN_CN15_9102_CEI068_S", 13.8, 1,    7835.62,   -0.3,   0.98346, 2,     7835.6, -120.3,   0.98345, 3,     7835.6,  119.7,   0.98345
"SCN_CN15_9040_CEI148_ATV_S", 13.8, 1,    7809.15,   -0.3,   0.98013, 2,    7809.12, -120.3,   0.98013, 3,    7809.12,  119.7,   0.98013
"SCN_CN15_9308_CEI250_ATV_S", 13.8, 1,    7824.06,   -0.3,   0.98201, 2,    7824.04, -120.3,     0.982, 3,    7824.05,  119.7,     0.982
"SCN_CN15_9009_CEI134C_ATV_S", 13.8, 1,    7796.51,   -0.4,   0.97855, 2,    7796.49, -120.4,   0.97854, 3,    7796.49,  119.6,   0.97854
"SCN_CN15_9172_CEI77A_ATV_S", 13.8, 1,    7810.64,   -0.3,   0.98032, 2,    7810.62, -120.3,   0.98032, 3,    7810.62,  119.7,   0.98032
"SCN_CN15_9481_CEI109_S", 13.8, 1,    7791.28,   -0.4,   0.97789, 2,    7791.25, -120.4,   0.97789, 3,    7791.25,  119.6,   0.97789
"SCN_CN15_9009_CEI075_S", 13.8, 1,    7802.91,   -0.3,   0.97935, 2,    7802.88, -120.3,   0.97935, 3,    7802.88,  119.7,   0.97935
"SCN_CN15_9283_CEI250_ATV_S", 13.8, 1,     7825.1,   -0.3,   0.98214, 2,    7825.08, -120.3,   0.98213, 3,    7825.08,  119.7,   0.98213
"SCN_CN15_9169_CEI77A_ATV_S", 13.8, 1,    7810.74,   -0.3,   0.98033, 2,    7810.72, -120.3,   0.98033, 3,    7810.72,  119.7,   0.98033
"SCN_CN15_9197_CEI230_ATV_BT_FP1074", 0.38, 1,      214.2,   -0.5,   0.97633, 2,      214.2, -120.5,   0.97633, 3,      214.2,  119.5,   0.97633
"SCN_CN15_9198_CEI109_BT_FX8231", 0.38, 1,    214.021,   -0.6,   0.97551, 2,     214.02, -120.6,   0.97551, 3,     214.02,  119.4,   0.97551
"SCN_CN15_9031_CEI250_ATV_BT_FT4575", 0.38, 1,    215.178,   -0.4,   0.98079, 2,    215.177, -120.4,   0.98078, 3,    215.177,  119.6,   0.98078
"SCN_CN15_9031_CEI69B_BT_FZ2489", 0.38, 1,    214.617,   -0.5,   0.97823, 2,    214.617, -120.5,   0.97823, 3,    214.617,  119.5,   0.97823
"SCN_CN15_9032_CEI148_ATV_BT_FZ1030", 0.38, 1,    214.455,   -0.5,   0.97749, 2,    214.455, -120.5,   0.97749, 3,    214.455,  119.5,   0.97749
"SCN_CN15_9032_CEI160_ATV_BT_FX4690", 0.38, 1,     214.45,   -0.5,   0.97747, 2,    214.449, -120.5,   0.97746, 3,    214.449,  119.5,   0.97746
"SCN_CN15_9023_CEI201_ATV_BT_FIC1244", 0.38, 1,    213.944,   -0.6,   0.97516, 2,    213.943, -120.6,   0.97516, 3,    213.944,  119.4,   0.97516
"SCN_CN15_9023_CEI77A_ATV_BT_FM0468", 0.38, 1,    214.492,   -0.5,   0.97766, 2,    214.492, -120.5,   0.97766, 3,    214.492,  119.5,   0.97766
"SCN_CN15_9023_CEIRJ006_ATV_BT_FP1075", 0.38, 1,     214.66,   -0.5,   0.97843, 2,    214.659, -120.5,   0.97842, 3,    214.659,  119.5,   0.97842
"SCN_CN15_9024_CEI077_ATV_BT_FX9171", 0.38, 1,    214.566,   -0.5,     0.978, 2,    214.566, -120.5,     0.978, 3,    214.566,  119.5,     0.978
"SCN_CN15_9031_CEI230B_ATV_BT_FP0945", 0.38, 1,    214.212,   -0.5,   0.97638, 2,    214.211, -120.5,   0.97638, 3,    214.211,  119.5,   0.97638
"SCN_CN15_9191_CEI109_BT_FIC1332", 0.38, 1,    214.021,   -0.6,   0.97551, 2,     214.02, -120.6,   0.97551, 3,     214.02,  119.4,   0.97551
"SCN_CN15_9193_CEI230_ATV_BT_FT0380", 0.38, 1,    213.915,   -0.6,   0.97503, 2,    213.915, -120.6,   0.97503, 3,    213.915,  119.4,   0.97503
"SCN_CN15_9193_CEI77A_ATV_BT_FF6328", 0.38, 1,    214.491,   -0.5,   0.97766, 2,     214.49, -120.5,   0.97765, 3,     214.49,  119.5,   0.97765
"SCN_CN15_9025_CEI134B_ATV_BT_FP0958", 0.38, 1,    214.109,   -0.6,   0.97592, 2,    214.109, -120.6,   0.97591, 3,    214.109,  119.4,   0.97591
"SCN_CN15_9025_CEI230B_ATV_BT_FIC1248", 0.38, 1,    214.205,   -0.5,   0.97635, 2,    214.205, -120.5,   0.97635, 3,    214.205,  119.5,   0.97635
"SCN_CN15_9026_CEI068_BT_FM1100", 0.38, 1,    217.876,   -0.3,   0.99308, 2,    217.876, -120.3,   0.99308, 3,    217.876,  119.7,   0.99308
"SCN_CN15_9026_CEI077_ATV_BT_FZ2813", 0.38, 1,    214.564,   -0.5,   0.97799, 2,    214.564, -120.5,   0.97799, 3,    214.564,  119.5,   0.97799
"SCN_CN15_9036_CEI201_ATV_BT_FIC1260", 0.38, 1,    213.951,   -0.6,    0.9752, 2,    213.951, -120.6,   0.97519, 3,    213.951,  119.4,   0.97519
"SCN_CN15_9037_CEI076_BT_FIC1261", 0.38, 1,    215.146,   -0.5,   0.98064, 2,    215.146, -120.5,   0.98064, 3,    215.146,  119.5,   0.98064
"SCN_CN15_9037_CEI134B_ATV_BT_FP0959", 0.38, 1,    214.106,   -0.6,    0.9759, 2,    214.105, -120.6,    0.9759, 3,    214.105,  119.4,    0.9759
"SCN_CN15_9037_CEI160_ATV_BT_FT4513", 0.38, 1,    214.487,   -0.5,   0.97764, 2,    214.486, -120.5,   0.97763, 3,    214.486,  119.5,   0.97763
"SCN_CN15_9038_CEIRJ006_ATV_BT_FP5672", 0.38, 1,    214.535,   -0.5,   0.97786, 2,    214.535, -120.5,   0.97786, 3,    214.535,  119.5,   0.97786
"SCN_CN15_9039_CEI130_ATV_BT_FF0639", 0.38, 1,    214.586,   -0.5,   0.97809, 2,    214.585, -120.5,   0.97809, 3,    214.586,  119.5,   0.97809
"SCN_CN15_9192_CEI230_ATV_BT_FP3255", 0.38, 1,    213.915,   -0.6,   0.97503, 2,    213.914, -120.6,   0.97503, 3,    213.914,  119.4,   0.97503
"SCN_CN15_9317_CEI068_BT_FIC1358", 0.38, 1,    215.165,   -0.4,   0.98073, 2,    215.165, -120.4,   0.98073, 3,    215.165,  119.5,   0.98073
"SCN_CN15_9035_CEI068_BT_FIC1341", 0.38, 1,    217.601,   -0.3,   0.99183, 2,    217.601, -120.3,   0.99183, 3,    217.601,  119.7,   0.99183
"SCN_CN15_9454_CEI109_BT_FX4223", 0.38, 1,    214.079,   -0.6,   0.97578, 2,    214.078, -120.6,   0.97578, 3,    214.079,  119.4,   0.97578
"SCN_CN15_9032_CEI77A_ATV_BT_FT4299", 0.38, 1,    214.494,   -0.5,   0.97767, 2,    214.493, -120.5,   0.97767, 3,    214.493,  119.5,   0.97767
"SCN_CN15_9032_CEIRJ006_ATV_BT_FX2587", 0.38, 1,    214.489,   -0.5,   0.97765, 2,    214.488, -120.5,   0.97764, 3,    214.488,  119.5,   0.97764
"SCN_CN15_9036_CEI148A_ATV_BT_FX0776", 0.38, 1,    213.938,   -0.6,   0.97514, 2,    213.937, -120.6,   0.97513, 3,    213.937,  119.4,   0.97513
"SCN_CN15_9216_CEI109_BT_FX4012", 0.38, 1,    214.024,   -0.6,   0.97553, 2,    214.023, -120.6,   0.97552, 3,    214.023,  119.4,   0.97552
"SCN_CN15_9216_CEI77A_ATV_BT_FT5352", 0.38, 1,    214.496,   -0.5,   0.97768, 2,    214.496, -120.5,   0.97768, 3,    214.496,  119.5,   0.97768
"SCN_CN15_9495_CEI109_BT_FT0758", 0.38, 1,    213.958,   -0.6,   0.97523, 2,    213.958, -120.6,   0.97523, 3,    213.958,  119.4,   0.97523
"SCN_CN15_9493_CEI109_BT_FX4148", 0.38, 1,    213.958,   -0.6,   0.97523, 2,    213.958, -120.6,   0.97522, 3,    213.958,  119.4,   0.97522
"SCN_CN15_9181_CEI068_BT_FP0930", 0.38, 1,    215.051,   -0.5,   0.98021, 2,     215.05, -120.5,   0.98021, 3,     215.05,  119.5,   0.98021
"SCN_CN15_9075_CEI77A_ATV_BT_FX2534", 0.38, 1,    214.459,   -0.5,   0.97751, 2,    214.459, -120.5,   0.97751, 3,    214.459,  119.5,   0.97751
"SCN_CN15_9114_CEI77A_ATV_BT_FP8843", 0.38, 1,    214.524,   -0.5,   0.97781, 2,    214.524, -120.5,    0.9778, 3,    214.524,  119.5,   0.97781
"SCN_CN15_9041_CEI070_BT_FT4529", 0.38, 1,    215.052,   -0.5,   0.98021, 2,    215.051, -120.5,   0.98021, 3,    215.051,  119.5,   0.98021
"SCN_CN15_9044_CEI070_BT_FT4701", 0.38, 1,    215.079,   -0.5,   0.98033, 2,    215.078, -120.5,   0.98033, 3,    215.078,  119.5,   0.98033
"SCN_CN15_9069_CEI072_BT_FT8576", 0.38, 1,    214.714,   -0.5,   0.97867, 2,    214.713, -120.5,   0.97867, 3,    214.714,  119.5,   0.97867
"SCN_CN15_9198_CEI69A_BT_FX8688", 0.38, 1,    214.494,   -0.5,   0.97767, 2,    214.494, -120.5,   0.97767, 3,    214.494,  119.5,   0.97767
"SCN_CN15_421166_CEI_BT_FT6400", 0.38, 1,    214.482,   -0.5,   0.97761, 2,    214.481, -120.5,   0.97761, 3,    214.481,  119.5,   0.97761
"SCN_CN15_9069_CEI075_BT_FZ2703", 0.38, 1,    214.216,   -0.5,    0.9764, 2,    214.216, -120.5,    0.9764, 3,    214.216,  119.5,    0.9764
"SCN_CN15_9052_CEI070_BT_FZ1968", 0.38, 1,    215.066,   -0.5,   0.98028, 2,    215.065, -120.5,   0.98027, 3,    215.065,  119.5,   0.98027
"SCN_CN15_9052_CEI77A_ATV_BT_FP0911", 0.38, 1,    214.493,   -0.5,   0.97767, 2,    214.493, -120.5,   0.97766, 3,    214.493,  119.5,   0.97766
"SCN_CN15_9052_CEIRJ006_ATV_BT_FX2678", 0.38, 1,    214.298,   -0.5,   0.97678, 2,    214.298, -120.5,   0.97677, 3,    214.298,  119.5,   0.97677
"SCN_CN15_9054_CEI201_ATV_BT_FX2395", 0.38, 1,    213.963,   -0.6,   0.97525, 2,    213.962, -120.6,   0.97525, 3,    213.962,  119.4,   0.97525
"SCN_CN15_9201_CEI230_ATV_BT_FP4528", 0.38, 1,      214.2,   -0.5,   0.97633, 2,      214.2, -120.5,   0.97633, 3,      214.2,  119.5,   0.97633
"SCN_CN15_9205_CEI230_ATV_BT_FX3973", 0.38, 1,    213.916,   -0.6,   0.97504, 2,    213.916, -120.6,   0.97503, 3,    213.916,  119.4,   0.97503
"SCN_CN15_9207_CEI77A_ATV_BT_FX5103", 0.38, 1,    214.496,   -0.5,   0.97768, 2,    214.495, -120.5,   0.97768, 3,    214.495,  119.5,   0.97768
"SCN_CN15_9208_CEI230_ATV_BT_FIC1339", 0.38, 1,      214.2,   -0.5,   0.97633, 2,      214.2, -120.5,   0.97633, 3,      214.2,  119.5,   0.97633
"SCN_CN15_9208_CEI77A_ATV_BT_FX2297", 0.38, 1,    214.496,   -0.5,   0.97768, 2,    214.495, -120.5,   0.97767, 3,    214.495,  119.5,   0.97768
"SCN_CN15_9210_CEI109_BT_FT8348", 0.38, 1,    214.024,   -0.6,   0.97553, 2,    214.023, -120.6,   0.97552, 3,    214.023,  119.4,   0.97552
"SCN_CN15_9071_CEI070_BT_FT3791", 0.38, 1,    215.014,   -0.5,   0.98004, 2,    215.013, -120.5,   0.98004, 3,    215.013,  119.5,   0.98004
"SCN_CN15_9074_CEI074_BT_FT4303", 0.38, 1,      214.2,   -0.5,   0.97633, 2,    214.199, -120.5,   0.97633, 3,    214.199,  119.5,   0.97633
"SCN_CN15_9053_CEI148_ATV_BT_FZ2486", 0.38, 1,    214.457,   -0.5,    0.9775, 2,    214.456, -120.5,    0.9775, 3,    214.456,  119.5,    0.9775
"SCN_CN15_9053_CEI201_ATV_BT_FT5469", 0.38, 1,    213.959,   -0.6,   0.97523, 2,    213.958, -120.6,   0.97523, 3,    213.958,  119.4,   0.97523
"SCN_CN15_9053_CEI77A_ATV_BT_FZ7732", 0.38, 1,    214.497,   -0.5,   0.97768, 2,    214.497, -120.5,   0.97768, 3,    214.497,  119.5,   0.97768
"SCN_CN15_9053_CEIRJ006_ATV_BT_FP1050", 0.38, 1,    214.273,   -0.5,   0.97666, 2,    214.272, -120.5,   0.97666, 3,    214.272,  119.5,   0.97666
"SCN_CN15_9056_CEI77A_ATV_BT_FX4048", 0.38, 1,    214.502,   -0.5,   0.97771, 2,    214.502, -120.5,    0.9777, 3,    214.502,  119.5,   0.97771
"SCN_CN15_9057_CEIRJ006_ATV_BT_FX2280", 0.38, 1,     214.22,   -0.5,   0.97642, 2,    214.219, -120.5,   0.97642, 3,    214.219,  119.5,   0.97642
"SCN_CN15_9058_CEI220_ATV_BT_FP0953", 0.38, 1,    214.253,   -0.5,   0.97657, 2,    214.253, -120.5,   0.97657, 3,    214.253,  119.5,   0.97657
"SCN_CN15_9058_CEIRJ006_ATV_BT_FX2132", 0.38, 1,    214.204,   -0.5,   0.97635, 2,    214.204, -120.5,   0.97635, 3,    214.204,  119.5,   0.97635
"SCN_CN15_9059_CEI068_BT_FZ2495", 0.38, 1,     216.57,   -0.4,   0.98713, 2,     216.57, -120.4,   0.98713, 3,     216.57,  119.6,   0.98713
"SCN_CN15_9059_CEI070_BT_FX5487", 0.38, 1,    215.025,   -0.5,   0.98009, 2,    215.024, -120.5,   0.98009, 3,    215.024,  119.5,   0.98009
"SCN_CN15_9059_CEI160_ATV_BT_FP0841", 0.38, 1,     214.87,   -0.5,   0.97938, 2,     214.87, -120.5,   0.97938, 3,     214.87,  119.5,   0.97938
"SCN_CN15_9059_CEI230_ATV_BT_FF0584", 0.38, 1,    214.503,   -0.5,   0.97771, 2,    214.503, -120.5,   0.97771, 3,    214.503,  119.5,   0.97771
"SCN_CN15_9059_CEIRJ006_ATV_BT_FX4540", 0.38, 1,    214.197,   -0.5,   0.97632, 2,    214.197, -120.5,   0.97631, 3,    214.197,  119.5,   0.97631
"SCN_CN15_9060_CEI072_BT_FZ0201", 0.38, 1,    214.733,   -0.5,   0.97876, 2,    214.733, -120.5,   0.97876, 3,    214.733,  119.5,   0.97876
"SCN_CN15_9060_CEI148_ATV_BT_FX2155", 0.38, 1,    214.454,   -0.5,   0.97749, 2,    214.454, -120.5,   0.97749, 3,    214.454,  119.5,   0.97749
"SCN_CN15_9060_CEI160_ATV_BT_FP0842", 0.38, 1,    214.868,   -0.5,   0.97937, 2,    214.868, -120.5,   0.97937, 3,    214.868,  119.5,   0.97937
"SCN_CN15_9060_CEI77A_ATV_BT_FP1082", 0.38, 1,    214.491,   -0.5,   0.97765, 2,     214.49, -120.5,   0.97765, 3,     214.49,  119.5,   0.97765
"SCN_CN15_9060_CEIRJ006_ATV_BT_FT6095", 0.38, 1,    214.196,   -0.5,   0.97631, 2,    214.196, -120.5,   0.97631, 3,    214.196,  119.5,   0.97631
"SCN_CN15_9024_CEI109_BT_FP8543", 0.38, 1,    214.204,   -0.6,   0.97635, 2,    214.204, -120.6,   0.97635, 3,    214.204,  119.4,   0.97635
"SCN_CN15_9027_CEI220_ATV_BT_FT4755", 0.38, 1,     214.02,   -0.6,   0.97551, 2,    214.019, -120.6,    0.9755, 3,    214.019,  119.4,    0.9755
"SCN_CN15_9028_CEI134B_ATV_BT_FIC1249", 0.38, 1,    214.109,   -0.6,   0.97591, 2,    214.108, -120.6,   0.97591, 3,    214.108,  119.4,   0.97591
"SCN_CN15_9028_CEI134C_ATV_BT_FP0962", 0.38, 1,      214.1,   -0.6,   0.97587, 2,      214.1, -120.6,   0.97587, 3,      214.1,  119.4,   0.97587
"SCN_CN15_9054_CEIRJ006_ATV_BT_FP0937", 0.38, 1,    214.269,   -0.5,   0.97665, 2,    214.269, -120.5,   0.97664, 3,    214.269,  119.5,   0.97664
"SCN_CN15_9049_CEI109_BT_FX0200", 0.38, 1,    214.165,   -0.6,   0.97617, 2,    214.165, -120.6,   0.97617, 3,    214.165,  119.4,   0.97617
"SCN_CN15_9240_CEI068_BT_FZ9166", 0.38, 1,    216.573,   -0.4,   0.98715, 2,    216.573, -120.4,   0.98715, 3,    216.573,  119.6,   0.98715
"SCN_CN15_9240_CEI109_BT_FZ7004", 0.38, 1,    214.028,   -0.6,   0.97555, 2,    214.028, -120.6,   0.97555, 3,    214.028,  119.4,   0.97555
"SCN_CN15_9245_CEI109_BT_FZ7003", 0.38, 1,    214.023,   -0.6,   0.97552, 2,    214.022, -120.6,   0.97552, 3,    214.022,  119.4,   0.97552
"SCN_CN15_9547_CEI109_BT_FX2538", 0.38, 1,    214.193,   -0.6,    0.9763, 2,    214.192, -120.6,   0.97629, 3,    214.192,  119.4,   0.97629
"SCN_CN15_9570_CEI109_BT_FX2453", 0.38, 1,    214.139,   -0.6,   0.97605, 2,    214.138, -120.6,   0.97605, 3,    214.138,  119.4,   0.97605
"SCN_CN15_9003_CEI076_BT_FX0673", 0.38, 1,    215.165,   -0.5,   0.98073, 2,    215.164, -120.5,   0.98072, 3,    215.164,  119.5,   0.98072
"SCN_CN15_9020_CEI075_BT_FZ0734", 0.38, 1,    214.276,   -0.5,   0.97667, 2,    214.275, -120.5,   0.97667, 3,    214.275,  119.5,   0.97667
"SCN_CN15_9199_CEI77A_ATV_BT_FIC1336", 0.38, 1,     214.49,   -0.5,   0.97765, 2,     214.49, -120.5,   0.97765, 3,     214.49,  119.5,   0.97765
"SCN_CN15_9200_CEI77A_ATV_BT_FP7913", 0.38, 1,    214.496,   -0.5,   0.97768, 2,    214.495, -120.5,   0.97768, 3,    214.495,  119.5,   0.97768
"SCN_CN15_9092_CEI77A_ATV_BT_FM0378", 0.38, 1,    214.521,   -0.5,   0.97779, 2,     214.52, -120.5,   0.97779, 3,     214.52,  119.5,   0.97779
"SCN_CN15_9058_CEI071_BT_FX4285", 0.38, 1,     214.86,   -0.5,   0.97934, 2,    214.859, -120.5,   0.97934, 3,    214.859,  119.5,   0.97934
"SCN_CN15_9070_CEIRJ006_ATV_BT_FP3432", 0.38, 1,    213.915,   -0.6,   0.97503, 2,    213.914, -120.6,   0.97503, 3,    213.914,  119.4,   0.97503
"SCN_CN15_9071_CEI201_ATV_BT_FX8727", 0.38, 1,    213.952,   -0.6,    0.9752, 2,    213.951, -120.6,   0.97519, 3,    213.951,  119.4,   0.97519
"SCN_CN15_9071_CEI230_ATV_BT_FT4309", 0.38, 1,    214.269,   -0.5,   0.97664, 2,    214.268, -120.5,   0.97664, 3,    214.268,  119.5,   0.97664
"SCN_CN15_9071_CEI77A_ATV_BT_FP1055", 0.38, 1,    214.466,   -0.5,   0.97754, 2,    214.465, -120.5,   0.97754, 3,    214.465,  119.5,   0.97754
"SCN_CN15_9071_CEIRJ006_ATV_BT_FX4147", 0.38, 1,    213.915,   -0.6,   0.97503, 2,    213.915, -120.6,   0.97503, 3,    213.915,  119.4,   0.97503
"SCN_CN15_9072_CEI148_ATV_BT_FT4531", 0.38, 1,    214.449,   -0.5,   0.97747, 2,    214.449, -120.5,   0.97746, 3,    214.449,  119.5,   0.97746
"SCN_CN15_9074_CEI148_ATV_BT_FT4703", 0.38, 1,    214.449,   -0.5,   0.97747, 2,    214.449, -120.5,   0.97746, 3,    214.449,  119.5,   0.97746
"SCN_CN15_9075_CEI131_ATV_BT_FP0963", 0.38, 1,    214.166,   -0.6,   0.97618, 2,    214.166, -120.6,   0.97617, 3,    214.166,  119.4,   0.97617
"SCN_CN15_9075_CEI201_ATV_BT_FX4479", 0.38, 1,    213.912,   -0.6,   0.97502, 2,    213.911, -120.6,   0.97501, 3,    213.911,  119.4,   0.97501
"SCN_CN15_9075_CEI220_ATV_BT_FP0952", 0.38, 1,     214.26,   -0.5,   0.97661, 2,     214.26, -120.5,    0.9766, 3,     214.26,  119.5,    0.9766
"SCN_CN15_9076_CEI77A_ATV_BT_FIC1291", 0.38, 1,    214.458,   -0.5,   0.97751, 2,    214.457, -120.5,    0.9775, 3,    214.457,  119.5,    0.9775
"SCN_CN15_9040_CEI068_BT_FZ0145", 0.38, 1,    217.441,   -0.3,    0.9911, 2,    217.441, -120.3,    0.9911, 3,    217.441,  119.7,    0.9911
"SCN_CN15_9077_CEI068_BT_FZ2493", 0.38, 1,    215.728,   -0.4,    0.9833, 2,    215.728, -120.4,   0.98329, 3,    215.728,  119.6,   0.98329
"SCN_CN15_9078_CEI074_BT_FZ3293", 0.38, 1,    214.202,   -0.5,   0.97634, 2,    214.201, -120.5,   0.97633, 3,    214.201,  119.5,   0.97633
"SCN_CN15_9078_CEI230_ATV_BT_FP0931", 0.38, 1,    214.271,   -0.5,   0.97665, 2,     214.27, -120.5,   0.97665, 3,     214.27,  119.5,   0.97665
"SCN_CN15_9082_CEI201_ATV_BT_FIC1296", 0.38, 1,    214.451,   -0.5,   0.97747, 2,     214.45, -120.5,   0.97747, 3,     214.45,  119.5,   0.97747
"SCN_CN15_9079_CEI77A_ATV_BT_FX2426", 0.38, 1,    214.456,   -0.5,    0.9775, 2,    214.455, -120.5,   0.97749, 3,    214.455,  119.5,   0.97749
"SCN_CN15_9080_CEI131_ATV_BT_FT1998", 0.38, 1,    214.158,   -0.6,   0.97614, 2,    214.158, -120.6,   0.97614, 3,    214.158,  119.4,   0.97614
"SCN_CN15_9080_CEI201_ATV_BT_FP5721", 0.38, 1,    214.451,   -0.5,   0.97747, 2,     214.45, -120.5,   0.97747, 3,     214.45,  119.5,   0.97747
"SCN_CN15_9082_CEI220_ATV_BT_FT4747", 0.38, 1,    214.271,   -0.5,   0.97665, 2,     214.27, -120.5,   0.97665, 3,     214.27,  119.5,   0.97665
"SCN_CN15_9082_CEI77A_ATV_BT_FF0601", 0.38, 1,    214.473,   -0.5,   0.97758, 2,    214.473, -120.5,   0.97757, 3,    214.473,  119.5,   0.97757
"SCN_CN15_9084_CEI071_BT_FIC1297", 0.38, 1,    214.858,   -0.5,   0.97933, 2,    214.858, -120.5,   0.97933, 3,    214.858,  119.5,   0.97933
"SCN_CN15_9038_CEI77A_ATV_BT_FP0916", 0.38, 1,    214.493,   -0.5,   0.97766, 2,    214.492, -120.5,   0.97766, 3,    214.492,  119.5,   0.97766
"SCN_CN15_9416_CEI109_BT_FT4129", 0.38, 1,    214.008,   -0.6,   0.97546, 2,    214.008, -120.6,   0.97545, 3,    214.008,  119.4,   0.97545
"SCN_CN15_9028_CEI148A_ATV_BT_FU0372", 0.38, 1,    213.912,   -0.6,   0.97502, 2,    213.911, -120.6,   0.97501, 3,    213.912,  119.4,   0.97501
"SCN_CN15_9028_CEI167_ATV_BT_FF1964", 0.38, 1,    214.458,   -0.5,   0.97751, 2,    214.458, -120.5,    0.9775, 3,    214.458,  119.5,    0.9775
"SCN_CN15_9028_CEI201_ATV_BT_FW2876", 0.38, 1,    213.947,   -0.6,   0.97518, 2,    213.946, -120.6,   0.97517, 3,    213.946,  119.4,   0.97517
"SCN_CN15_9028_CEI220_ATV_BT_FT4797", 0.38, 1,    214.019,   -0.6,   0.97551, 2,    214.019, -120.6,    0.9755, 3,    214.019,  119.4,    0.9755
"SCN_CN15_9028_CEI69A_BT_FZ2483", 0.38, 1,    213.909,   -0.6,     0.975, 2,    213.908, -120.6,     0.975, 3,    213.908,  119.4,     0.975
"SCN_CN15_9029_CEI077_ATV_BT_FP0897", 0.38, 1,    214.563,   -0.5,   0.97799, 2,    214.563, -120.5,   0.97798, 3,    214.563,  119.5,   0.97798
"SCN_CN15_9029_CEI134B_ATV_BT_FT2705", 0.38, 1,    214.112,   -0.6,   0.97593, 2,    214.111, -120.6,   0.97592, 3,    214.111,  119.4,   0.97592
"SCN_CN15_9466_CEI109_BT_FX0201", 0.38, 1,    214.079,   -0.6,   0.97578, 2,    214.079, -120.6,   0.97578, 3,    214.079,  119.4,   0.97578
"SCN_CN15_9480_CEI109_BT_FZ3481", 0.38, 1,     213.96,   -0.6,   0.97524, 2,     213.96, -120.6,   0.97523, 3,     213.96,  119.4,   0.97523
"SCN_CN15_9488_CEI109_BT_FX2217", 0.38, 1,    213.959,   -0.6,   0.97523, 2,    213.958, -120.6,   0.97523, 3,    213.958,  119.4,   0.97523
"SCN_CN15_9489_CEI109_BT_FX2216", 0.38, 1,    213.959,   -0.6,   0.97523, 2,    213.958, -120.6,   0.97523, 3,    213.958,  119.4,   0.97523
"SCN_CN15_9026_CEI074_BT_FZ1688", 0.38, 1,    214.198,   -0.5,   0.97632, 2,    214.197, -120.5,   0.97632, 3,    214.197,  119.5,   0.97632
"SCN_CN15_9098_CEI072_BT_FX8503", 0.38, 1,    214.683,   -0.5,   0.97853, 2,    214.683, -120.5,   0.97853, 3,    214.683,  119.5,   0.97853
"SCN_CN15_9062_CEI071_BT_FZ5926", 0.38, 1,    214.859,   -0.5,   0.97933, 2,    214.858, -120.5,   0.97933, 3,    214.858,  119.5,   0.97933
"SCN_CN15_9263_CEI109_BT_FZ7002", 0.38, 1,    214.021,   -0.6,   0.97552, 2,    214.021, -120.6,   0.97551, 3,    214.021,  119.4,   0.97551
"SCN_CN15_9085_CEI201_ATV_BT_FX0258", 0.38, 1,    214.451,   -0.5,   0.97747, 2,     214.45, -120.5,   0.97747, 3,     214.45,  119.5,   0.97747
"SCN_CN15_9085_CEI77A_ATV_BT_FIC1299", 0.38, 1,    214.473,   -0.5,   0.97758, 2,    214.473, -120.5,   0.97757, 3,    214.473,  119.5,   0.97757
"SCN_CN15_9087_CEI109_BT_FX0206", 0.38, 1,    214.161,   -0.6,   0.97615, 2,     214.16, -120.6,   0.97615, 3,     214.16,  119.4,   0.97615
"SCN_CN15_9069_CEI77A_ATV_BT_FP0909", 0.38, 1,    214.467,   -0.5,   0.97755, 2,    214.467, -120.5,   0.97754, 3,    214.467,  119.5,   0.97755
"SCN_CN15_9070_CEI201_ATV_BT_FP1476", 0.38, 1,    213.957,   -0.6,   0.97522, 2,    213.956, -120.6,   0.97522, 3,    213.956,  119.4,   0.97522
"SCN_CN15_9083_CEI148_ATV_BT_FM0409", 0.38, 1,    213.921,   -0.6,   0.97506, 2,    213.921, -120.6,   0.97506, 3,    213.921,  119.4,   0.97506
"SCN_CN15_9504_CEI109_BT_FZ1042", 0.38, 1,    213.957,   -0.6,   0.97522, 2,    213.956, -120.6,   0.97522, 3,    213.956,  119.4,   0.97522
"SCN_CN15_9055_CEI201_ATV_BT_FZ6977", 0.38, 1,    214.449,   -0.5,   0.97747, 2,    214.449, -120.5,   0.97746, 3,    214.449,  119.5,   0.97746
"SCN_CN15_9212_CEI77A_ATV_BT_FP5957", 0.38, 1,    214.496,   -0.5,   0.97768, 2,    214.495, -120.5,   0.97767, 3,    214.495,  119.5,   0.97767
"SCN_CN15_9031_CEI077_ATV_BT_FIC1252", 0.38, 1,    214.563,   -0.5,   0.97799, 2,    214.563, -120.5,   0.97798, 3,    214.563,  119.5,   0.97798
"SCN_CN15_9030_CEI134C_ATV_BT_FT4720", 0.38, 1,    214.101,   -0.6,   0.97588, 2,      214.1, -120.6,   0.97587, 3,      214.1,  119.4,   0.97587
"SCN_CN15_9033_CEI072_BT_FX3800", 0.38, 1,     214.79,   -0.5,   0.97902, 2,     214.79, -120.5,   0.97902, 3,     214.79,  119.5,   0.97902
"SCN_CN15_9033_CEI074_BT_FT4540", 0.38, 1,    214.201,   -0.5,   0.97633, 2,      214.2, -120.5,   0.97633, 3,      214.2,  119.5,   0.97633
"SCN_CN15_9033_CEI076_BT_FM1167", 0.38, 1,    215.147,   -0.5,   0.98065, 2,    215.147, -120.5,   0.98064, 3,    215.147,  119.5,   0.98065
"SCN_CN15_9062_CEIRJ006_ATV_BT_FT4337", 0.38, 1,      214.2,   -0.5,   0.97633, 2,    214.199, -120.5,   0.97633, 3,    214.199,  119.5,   0.97633
"SCN_CN15_9004_CEI160A_ATV_BT_FZ1178", 0.38, 1,    214.104,   -0.6,   0.97589, 2,    214.103, -120.6,   0.97589, 3,    214.103,  119.4,   0.97589
"SCN_CN15_9088_CEI201_ATV_BT_FM0467", 0.38, 1,    214.477,   -0.5,   0.97759, 2,    214.476, -120.5,   0.97759, 3,    214.476,  119.5,   0.97759
"SCN_CN15_9089_CEI148_ATV_BT_FZ0352", 0.38, 1,    213.917,   -0.6,   0.97504, 2,    213.916, -120.6,   0.97504, 3,    213.916,  119.4,   0.97504
"SCN_CN15_9090_CEI072_BT_FX8571", 0.38, 1,    214.703,   -0.5,   0.97862, 2,    214.702, -120.5,   0.97862, 3,    214.702,  119.5,   0.97862
"SCN_CN15_9269_CEI109_BT_FX2235", 0.38, 1,    214.121,   -0.6,   0.97597, 2,     214.12, -120.6,   0.97597, 3,     214.12,  119.4,   0.97597
"SCN_CN15_9300_CEI250_ATV_BT_FT4707", 0.38, 1,    214.848,   -0.5,   0.97928, 2,    214.848, -120.5,   0.97928, 3,    214.848,  119.5,   0.97928
"SCN_CN15_9280_CEI250_ATV_BT_FP8842", 0.38, 1,    214.903,   -0.5,   0.97953, 2,    214.902, -120.5,   0.97953, 3,    214.902,  119.5,   0.97953
"SCN_CN15_9284_CEI250_ATV_BT_FIC1354", 0.38, 1,    214.894,   -0.5,   0.97949, 2,    214.893, -120.5,   0.97949, 3,    214.893,  119.5,   0.97949
"SCN_CN15_9090_CEI230_ATV_BT_FP0932", 0.38, 1,     214.27,   -0.5,   0.97665, 2,    214.269, -120.5,   0.97665, 3,    214.269,  119.5,   0.97665
"SCN_CN15_9090_CEI77A_ATV_BT_FT4553", 0.38, 1,    214.508,   -0.5,   0.97773, 2,    214.507, -120.5,   0.97773, 3,    214.507,  119.5,   0.97773
"SCN_CN15_9113_CEI77A_ATV_BT_FIC1311", 0.38, 1,    214.524,   -0.5,   0.97781, 2,    214.524, -120.5,    0.9778, 3,    214.524,  119.5,   0.97781
"SCN_CN15_9092_CEI148_ATV_BT_FZ3218", 0.38, 1,    213.917,   -0.6,   0.97504, 2,    213.916, -120.6,   0.97503, 3,    213.916,  119.4,   0.97503
"SCN_CN15_9291_CEI250_ATV_BT_FZ7535", 0.38, 1,    214.922,   -0.5,   0.97962, 2,    214.921, -120.5,   0.97962, 3,    214.921,  119.5,   0.97962
"SCN_CN15_9320_CEI109_BT_FT4514", 0.38, 1,     214.03,   -0.6,   0.97555, 2,    214.029, -120.6,   0.97555, 3,    214.029,  119.4,   0.97555
"SCN_CN15_9090_CEI220_ATV_BT_FT4746", 0.38, 1,    214.271,   -0.5,   0.97666, 2,    214.271, -120.5,   0.97665, 3,    214.271,  119.5,   0.97665
"SCN_CN15_9075_CEI230_ATV_BT_FF0617", 0.38, 1,    214.271,   -0.5,   0.97665, 2,     214.27, -120.5,   0.97665, 3,     214.27,  119.5,   0.97665
"SCN_CN15_9041_CEIRJ006_ATV_BT_FX0253", 0.38, 1,      214.5,   -0.5,    0.9777, 2,      214.5, -120.5,    0.9777, 3,      214.5,  119.5,    0.9777
"SCN_CN15_9057_CEI072_BT_FX4665", 0.38, 1,    214.762,   -0.5,   0.97889, 2,    214.762, -120.5,   0.97889, 3,    214.762,  119.5,   0.97889
"SCN_CN15_9147_CEI201_ATV_BT_FX2167", 0.38, 1,    214.563,   -0.5,   0.97798, 2,    214.562, -120.5,   0.97798, 3,    214.562,  119.5,   0.97798
"SCN_CN15_9043_CEI130_ATV_BT_FIC1266", 0.38, 1,    214.453,   -0.5,   0.97748, 2,    214.453, -120.5,   0.97748, 3,    214.453,  119.5,   0.97748
"SCN_CN15_9043_CEI77A_ATV_BT_FP0917", 0.38, 1,    214.492,   -0.5,   0.97766, 2,    214.492, -120.5,   0.97766, 3,    214.492,  119.5,   0.97766
"SCN_CN15_9044_CEI148_ATV_BT_FU4754", 0.38, 1,    214.453,   -0.5,   0.97748, 2,    214.452, -120.5,   0.97748, 3,    214.452,  119.5,   0.97748
"SCN_CN15_9046_CEI250_ATV_BT_FZ4924", 0.38, 1,    215.183,   -0.4,   0.98081, 2,    215.183, -120.4,   0.98081, 3,    215.183,  119.6,   0.98081
"SCN_CN15_9045_CEI130A_ATV_BT_FP0925", 0.38, 1,    215.143,   -0.5,   0.98063, 2,    215.142, -120.5,   0.98062, 3,    215.142,  119.5,   0.98062
"SCN_CN15_9045_CEIRJ006_ATV_BT_FP4393", 0.38, 1,      214.5,   -0.5,    0.9777, 2,    214.499, -120.5,   0.97769, 3,    214.499,  119.5,   0.97769
"SCN_CN15_9046_CEI075_BT_FZ2701", 0.38, 1,    214.271,   -0.5,   0.97665, 2,     214.27, -120.5,   0.97665, 3,     214.27,  119.5,   0.97665
"SCN_CN15_9046_CEI148A_ATV_BT_FX4501", 0.38, 1,    213.944,   -0.6,   0.97516, 2,    213.944, -120.6,   0.97516, 3,    213.944,  119.4,   0.97516
"SCN_CN15_9030_CEI230B_ATV_BT_FX0998", 0.38, 1,    214.208,   -0.5,   0.97637, 2,    214.208, -120.5,   0.97636, 3,    214.208,  119.5,   0.97636
"SCN_CN15_9030_CEI77A_ATV_BT_FF0609", 0.38, 1,    214.494,   -0.5,   0.97767, 2,    214.494, -120.5,   0.97767, 3,    214.494,  119.5,   0.97767
"SCN_CN15_9031_CEI220_ATV_BT_FX2329", 0.38, 1,     214.16,   -0.6,   0.97615, 2,    214.159, -120.6,   0.97614, 3,    214.159,  119.4,   0.97614
"SCN_CN15_9033_CEI230B_ATV_BT_FX2129", 0.38, 1,    214.204,   -0.5,   0.97635, 2,    214.203, -120.5,   0.97635, 3,    214.203,  119.5,   0.97635
"SCN_CN15_9033_CEI77A_ATV_BT_FP0913", 0.38, 1,    214.494,   -0.5,   0.97767, 2,    214.493, -120.5,   0.97767, 3,    214.493,  119.5,   0.97767
"SCN_CN15_9033_CEIRJ006_ATV_BT_FX2578", 0.38, 1,    214.489,   -0.5,   0.97765, 2,    214.488, -120.5,   0.97764, 3,    214.488,  119.5,   0.97764
"SCN_CN15_9061_CEIRJ006_ATV_BT_FT6096", 0.38, 1,    214.196,   -0.5,   0.97631, 2,    214.196, -120.5,   0.97631, 3,    214.196,  119.5,   0.97631
"SCN_CN15_9010_CEI121_BT_FZ0575", 0.38, 1,    214.152,   -0.6,   0.97611, 2,    214.151, -120.6,   0.97611, 3,    214.151,  119.4,   0.97611
"SCN_CN15_9011_CEI072_BT_FX3393", 0.38, 1,    214.793,   -0.5,   0.97903, 2,    214.792, -120.5,   0.97903, 3,    214.792,  119.5,   0.97903
"SCN_CN15_9094_CEI070_BT_FX8595", 0.38, 1,    214.971,   -0.5,   0.97984, 2,     214.97, -120.5,   0.97984, 3,    214.971,  119.5,   0.97984
"SCN_CN15_9094_CEI148_ATV_BT_FX0252", 0.38, 1,    213.946,   -0.6,   0.97517, 2,    213.945, -120.6,   0.97517, 3,    213.945,  119.4,   0.97517
"SCN_CN15_9095_CEI131_ATV_BT_FP0954", 0.38, 1,    214.209,   -0.5,   0.97637, 2,    214.208, -120.5,   0.97637, 3,    214.208,  119.5,   0.97637
"SCN_CN15_9095_CEI230_ATV_BT_FF0616", 0.38, 1,    214.414,   -0.5,   0.97731, 2,    214.414, -120.5,    0.9773, 3,    214.414,  119.5,    0.9773
"SCN_CN15_9096_CEI148_ATV_BT_FP4396", 0.38, 1,    213.946,   -0.6,   0.97517, 2,    213.945, -120.6,   0.97517, 3,    213.945,  119.4,   0.97517
"SCN_CN15_9096_CEI77A_ATV_BT_FM0378F", 0.38, 1,    214.528,   -0.5,   0.97782, 2,    214.527, -120.5,   0.97782, 3,    214.527,  119.5,   0.97782
"SCN_CN15_9302_CEI109_BT_FT4704", 0.38, 1,    214.041,   -0.6,    0.9756, 2,     214.04, -120.6,    0.9756, 3,     214.04,  119.4,    0.9756
"SCN_CN15_9093_CEI076_BT_FX5102", 0.38, 1,      214.5,   -0.5,    0.9777, 2,    214.499, -120.5,   0.97769, 3,      214.5,  119.5,   0.97769
"SCN_CN15_9093_CEI109_BT_FX0204", 0.38, 1,    214.161,   -0.6,   0.97615, 2,    214.161, -120.6,   0.97615, 3,    214.161,  119.4,   0.97615
"SCN_CN15_9101_CEI201_ATV_BT_FT4530", 0.38, 1,    214.448,   -0.5,   0.97746, 2,    214.448, -120.5,   0.97746, 3,    214.448,  119.5,   0.97746
"SCN_CN15_9110_CEI201_ATV_BT_FX2148", 0.38, 1,    214.449,   -0.5,   0.97747, 2,    214.449, -120.5,   0.97746, 3,    214.449,  119.5,   0.97746
"SCN_CN15_9093_CEI148_ATV_BT_FX2946", 0.38, 1,    213.946,   -0.6,   0.97517, 2,    213.946, -120.6,   0.97517, 3,    213.946,  119.4,   0.97517
"SCN_CN15_9061_CEI77A_ATV_BT_FX5275", 0.38, 1,    214.483,   -0.5,   0.97762, 2,    214.482, -120.5,   0.97762, 3,    214.483,  119.5,   0.97762
"SCN_CN15_9159_CEI068_BT_FP1477", 0.38, 1,    215.174,   -0.4,   0.98077, 2,    215.173, -120.4,   0.98077, 3,    215.173,  119.6,   0.98077
"SCN_CN15_9159_CEI230_ATV_BT_FF0624", 0.38, 1,     214.22,   -0.5,   0.97642, 2,    214.219, -120.5,   0.97642, 3,    214.219,  119.5,   0.97642
"SCN_CN15_9162_CEI230_ATV_BT_FX4159", 0.38, 1,    214.228,   -0.5,   0.97646, 2,    214.228, -120.5,   0.97646, 3,    214.228,  119.5,   0.97646
"SCN_CN15_9162_CEI77A_ATV_BT_FT4732", 0.38, 1,    214.521,   -0.5,   0.97779, 2,     214.52, -120.5,   0.97779, 3,     214.52,  119.5,   0.97779
"SCN_CN15_9163_CEI109_BT_FF0655", 0.38, 1,     214.02,   -0.6,   0.97551, 2,    214.019, -120.6,   0.97551, 3,    214.019,  119.4,   0.97551
"SCN_CN15_9163_CEI230_ATV_BT_FP5989", 0.38, 1,    214.231,   -0.5,   0.97647, 2,     214.23, -120.5,   0.97647, 3,     214.23,  119.5,   0.97647
"SCN_CN15_9003_CEI077_BT_FIC1325", 0.38, 1,    214.505,   -0.5,   0.97772, 2,    214.504, -120.5,   0.97772, 3,    214.504,  119.5,   0.97772
"SCN_CN15_9168_CEI230_ATV_BT_FX2120", 0.38, 1,    214.261,   -0.5,   0.97661, 2,     214.26, -120.5,    0.9766, 3,     214.26,  119.5,    0.9766
"SCN_CN15_9166_CEI068_BT_FIC1324", 0.38, 1,    214.896,   -0.5,    0.9795, 2,    214.896, -120.5,    0.9795, 3,    214.896,  119.5,    0.9795
"SCN_CN15_9166_CEI230_ATV_BT_FX2356", 0.38, 1,    214.246,   -0.5,   0.97654, 2,    214.245, -120.5,   0.97654, 3,    214.245,  119.5,   0.97654
"SCN_CN15_9167_CEI230_ATV_BT_FX2116", 0.38, 1,    214.256,   -0.5,   0.97658, 2,    214.255, -120.5,   0.97658, 3,    214.255,  119.5,   0.97658
"SCN_CN15_9169_CEI068_BT_FP6305", 0.38, 1,    214.911,   -0.5,   0.97957, 2,    214.911, -120.5,   0.97957, 3,    214.911,  119.5,   0.97957
"SCN_CN15_9169_CEI230_ATV_BT_FX4158", 0.38, 1,    214.281,   -0.5,    0.9767, 2,    214.281, -120.5,    0.9767, 3,    214.281,  119.5,    0.9767
"SCN_CN15_9170_CEI230_ATV_BT_FF1210", 0.38, 1,     214.27,   -0.5,   0.97665, 2,    214.269, -120.5,   0.97665, 3,    214.269,  119.5,   0.97665
"SCN_CN15_9170_CEI69B_BT_FX8344", 0.38, 1,    214.496,   -0.5,   0.97768, 2,    214.496, -120.5,   0.97768, 3,    214.496,  119.5,   0.97768
"SCN_CN15_9171_CEI69A_BT_FX4290", 0.38, 1,    213.924,   -0.6,   0.97507, 2,    213.924, -120.6,   0.97507, 3,    213.924,  119.4,   0.97507
"SCN_CN15_9172_CEI068_BT_FZ2491", 0.38, 1,    214.998,   -0.5,   0.97997, 2,    214.998, -120.5,   0.97997, 3,    214.998,  119.5,   0.97997
"SCN_CN15_9172_CEI69B_BT_FZ0594", 0.38, 1,    214.496,   -0.5,   0.97768, 2,    214.495, -120.5,   0.97767, 3,    214.495,  119.5,   0.97767
"SCN_CN15_9310_CEI109_BT_FX4152", 0.38, 1,     214.03,   -0.6,   0.97555, 2,    214.029, -120.6,   0.97555, 3,    214.029,  119.4,   0.97555
"SCN_CN15_9319_CEI068_BT_FIC1359", 0.38, 1,    215.165,   -0.5,   0.98073, 2,    215.164, -120.5,   0.98073, 3,    215.164,  119.5,   0.98073
"SCN_CN15_9325_CEI250_ATV_BT_FZ7008", 0.38, 1,    214.859,   -0.5,   0.97933, 2,    214.858, -120.5,   0.97933, 3,    214.858,  119.5,   0.97933
"SCN_CN15_9034_CEI160_ATV_BT_FT4708", 0.38, 1,     214.45,   -0.5,   0.97747, 2,    214.449, -120.5,   0.97746, 3,    214.449,  119.5,   0.97746
"SCN_CN15_9035_CEI148_ATV_BT_FX5452", 0.38, 1,    214.455,   -0.5,   0.97749, 2,    214.455, -120.5,   0.97749, 3,    214.455,  119.5,   0.97749
"SCN_CN15_9035_CEI148A_ATV_BT_FX2929", 0.38, 1,    213.914,   -0.6,   0.97503, 2,    213.914, -120.6,   0.97503, 3,    213.914,  119.4,   0.97503
"SCN_CN15_9035_CEI160_ATV_BT_FT4574", 0.38, 1,    214.495,   -0.5,   0.97768, 2,    214.495, -120.5,   0.97767, 3,    214.495,  119.5,   0.97767
"SCN_CN15_9035_CEI230B_ATV_BT_FF0619", 0.38, 1,    214.202,   -0.5,   0.97634, 2,    214.202, -120.5,   0.97634, 3,    214.202,  119.5,   0.97634
"SCN_CN15_9036_CEI134B_ATV_BT_FP0960", 0.38, 1,    214.107,   -0.6,   0.97591, 2,    214.106, -120.6,    0.9759, 3,    214.106,  119.4,    0.9759
"SCN_CN15_9036_CEI134C_ATV_BT_FIC1259", 0.38, 1,      214.1,   -0.6,   0.97587, 2,    214.099, -120.6,   0.97587, 3,    214.099,  119.4,   0.97587
"SCN_CN15_9173_CEI230_ATV_BT_FX2214", 0.38, 1,    214.271,   -0.5,   0.97665, 2,     214.27, -120.5,   0.97665, 3,     214.27,  119.5,   0.97665
"SCN_CN15_9173_CEI77A_ATV_BT_FIC1327", 0.38, 1,    214.495,   -0.5,   0.97767, 2,    214.494, -120.5,   0.97767, 3,    214.494,  119.5,   0.97767
"SCN_CN15_9187_CEI230_ATV_BT_FT6094", 0.38, 1,    214.197,   -0.5,   0.97631, 2,    214.196, -120.5,   0.97631, 3,    214.196,  119.5,   0.97631
"SCN_CN15_9175_CEI77A_ATV_BT_FX1136", 0.38, 1,    214.494,   -0.5,   0.97767, 2,    214.494, -120.5,   0.97767, 3,    214.494,  119.5,   0.97767
"SCN_CN15_9176_CEI69B_BT_FX2145", 0.38, 1,    214.498,   -0.5,   0.97769, 2,    214.497, -120.5,   0.97768, 3,    214.497,  119.5,   0.97768
"SCN_CN15_9176_CEI77A_ATV_BT_FP0903", 0.38, 1,    214.494,   -0.5,   0.97767, 2,    214.494, -120.5,   0.97767, 3,    214.494,  119.5,   0.97767
"SCN_CN15_9361_CEI109_BT_FIC1365", 0.38, 1,    213.941,   -0.6,   0.97515, 2,    213.941, -120.6,   0.97515, 3,    213.941,  119.4,   0.97515
"SCN_CN15_9005_CEI220_ATV_BT_FIC1213", 0.38, 1,    214.496,   -0.5,   0.97768, 2,    214.495, -120.5,   0.97767, 3,    214.495,  119.5,   0.97767
"SCN_CN15_9005_CEI230B_ATV_BT_FX4161", 0.38, 1,    214.198,   -0.5,   0.97632, 2,    214.198, -120.5,   0.97632, 3,    214.198,  119.5,   0.97632
"SCN_CN15_9006_CEI120_BT_FT4752", 0.38, 1,    214.263,   -0.5,   0.97661, 2,    214.262, -120.5,   0.97661, 3,    214.262,  119.5,   0.97661
"SCN_CN15_9006_CEI134A_ATV_BT_FP6171", 0.38, 1,    214.153,   -0.6,   0.97612, 2,    214.153, -120.6,   0.97611, 3,    214.153,  119.4,   0.97611
"SCN_CN15_9006_CEI230B_ATV_BT_FX9011", 0.38, 1,    214.202,   -0.5,   0.97634, 2,    214.202, -120.5,   0.97634, 3,    214.202,  119.5,   0.97634
"SCN_CN15_9062_CEI201_ATV_BT_FX2278", 0.38, 1,    213.985,   -0.6,   0.97535, 2,    213.984, -120.6,   0.97535, 3,    213.984,  119.4,   0.97535
"SCN_CN15_9063_CEIRJ006_ATV_BT_FF0628", 0.38, 1,    214.204,   -0.5,   0.97635, 2,    214.203, -120.5,   0.97634, 3,    214.203,  119.5,   0.97634
"SCN_CN15_9064_CEI201_ATV_BT_FT4512", 0.38, 1,    213.985,   -0.6,   0.97535, 2,    213.984, -120.6,   0.97535, 3,    213.984,  119.4,   0.97535
"SCN_CN15_9039_CEI201_ATV_BT_FIC1264", 0.38, 1,    213.954,   -0.6,   0.97521, 2,    213.953, -120.6,    0.9752, 3,    213.953,  119.4,    0.9752
"SCN_CN15_9039_CEI69B_BT_FX4761", 0.38, 1,    214.576,   -0.5,   0.97804, 2,    214.576, -120.5,   0.97804, 3,    214.576,  119.5,   0.97804
"SCN_CN15_9047_CEI77A_ATV_BT_FP4289", 0.38, 1,    214.495,   -0.5,   0.97767, 2,    214.494, -120.5,   0.97767, 3,    214.494,  119.5,   0.97767
"SCN_CN15_9040_CEI220_ATV_BT_FT3432", 0.38, 1,     214.16,   -0.6,   0.97615, 2,    214.159, -120.6,   0.97614, 3,    214.159,  119.4,   0.97614
"SCN_CN15_9084_CEI148_ATV_BT_FP8447", 0.38, 1,     213.92,   -0.6,   0.97505, 2,     213.92, -120.6,   0.97505, 3,     213.92,  119.4,   0.97505
"SCN_CN15_9087_CEI230_ATV_BT_FP3973", 0.38, 1,     214.27,   -0.5,   0.97665, 2,    214.269, -120.5,   0.97665, 3,    214.269,  119.5,   0.97665
"SCN_CN15_9066_CEI070_BT_FX2661", 0.38, 1,    215.024,   -0.5,   0.98008, 2,    215.023, -120.5,   0.98008, 3,    215.023,  119.5,   0.98008
"SCN_CN15_9066_CEI148_ATV_BT_FZ2485", 0.38, 1,     214.45,   -0.5,   0.97747, 2,    214.449, -120.5,   0.97747, 3,    214.449,  119.5,   0.97747
"SCN_CN15_9066_CEI77A_ATV_BT_FP1047", 0.38, 1,    214.474,   -0.5,   0.97758, 2,    214.474, -120.5,   0.97758, 3,    214.474,  119.5,   0.97758
"SCN_CN15_9007_CEI075_BT_FZ2700", 0.38, 1,    214.287,   -0.5,   0.97673, 2,    214.287, -120.5,   0.97673, 3,    214.287,  119.5,   0.97673
"SCN_CN15_9007_CEI077_ATV_BT_FT1871", 0.38, 1,    214.618,   -0.5,   0.97824, 2,    214.618, -120.5,   0.97823, 3,    214.618,  119.5,   0.97823
"SCN_CN15_9007_CEI134_ATV_BT_FX9367", 0.38, 1,    214.153,   -0.6,   0.97611, 2,    214.152, -120.6,   0.97611, 3,    214.152,  119.4,   0.97611
"SCN_CN15_9009_CEI148_ATV_BT_FP3985", 0.38, 1,    214.472,   -0.5,   0.97757, 2,    214.471, -120.5,   0.97757, 3,    214.472,  119.5,   0.97757
"SCN_CN15_9009_CEI148A_ATV_BT_FIC1220", 0.38, 1,    213.903,   -0.6,   0.97498, 2,    213.903, -120.6,   0.97497, 3,    213.903,  119.4,   0.97497
"SCN_CN15_9009_CEI230_ATV_BT_FX4746F", 0.38, 1,    214.505,   -0.5,   0.97772, 2,    214.504, -120.5,   0.97772, 3,    214.504,  119.5,   0.97772
"SCN_CN15_9010_CEI134_ATV_BT_FX4289", 0.38, 1,     214.15,   -0.6,    0.9761, 2,     214.15, -120.6,    0.9761, 3,     214.15,  119.4,    0.9761
"SCN_CN15_9010_CEI134C_ATV_BT_FP5934", 0.38, 1,    214.105,   -0.6,    0.9759, 2,    214.104, -120.6,   0.97589, 3,    214.104,  119.4,   0.97589
"SCN_CN15_9007_CEI148A_ATV_BT_FIC1215", 0.38, 1,    213.903,   -0.6,   0.97498, 2,    213.903, -120.6,   0.97497, 3,    213.903,  119.4,   0.97497
"SCN_CN15_9007_CEI77A_ATV_BT_FX0796", 0.38, 1,    214.489,   -0.5,   0.97765, 2,    214.488, -120.5,   0.97764, 3,    214.488,  119.5,   0.97764
"SCN_CN15_9008_CEI134A_ATV_BT_FX4153", 0.38, 1,    214.152,   -0.6,   0.97611, 2,    214.152, -120.6,   0.97611, 3,    214.152,  119.4,   0.97611
"SCN_CN15_9010_CEIRJ006_ATV_BT_FZ3668", 0.38, 1,    214.863,   -0.5,   0.97935, 2,    214.863, -120.5,   0.97935, 3,    214.863,  119.5,   0.97935
"SCN_CN15_9011_CEI77A_ATV_BT_FP4599", 0.38, 1,    214.489,   -0.5,   0.97765, 2,    214.489, -120.5,   0.97765, 3,    214.489,  119.5,   0.97765
"SCN_CN15_9015_CEI077_ATV_BT_FF0574", 0.38, 1,    214.601,   -0.5,   0.97816, 2,      214.6, -120.5,   0.97815, 3,      214.6,  119.5,   0.97815
"SCN_CN15_9011_CEIRJ013_ATV_BT_FX2218", 0.38, 1,    213.958,   -0.6,   0.97523, 2,    213.957, -120.6,   0.97522, 3,    213.957,  119.4,   0.97522
"SCN_CN15_9067_CEI201_ATV_BT_FP4175", 0.38, 1,    213.954,   -0.6,   0.97521, 2,    213.954, -120.6,   0.97521, 3,    213.954,  119.4,   0.97521
"SCN_CN15_9068_CEI068_BT_FZ2494", 0.38, 1,    216.166,   -0.4,   0.98529, 2,    216.166, -120.4,   0.98529, 3,    216.166,  119.6,   0.98529
"SCN_CN15_9068_CEI230_ATV_BT_FT1941", 0.38, 1,     214.27,   -0.5,   0.97665, 2,    214.269, -120.5,   0.97664, 3,    214.269,  119.5,   0.97664
"SCN_CN15_9069_CEI148_ATV_BT_FX0646", 0.38, 1,     214.45,   -0.5,   0.97747, 2,    214.449, -120.5,   0.97747, 3,    214.449,  119.5,   0.97747
"SCN_CN15_9069_CEI230_ATV_BT_FP0935", 0.38, 1,    214.269,   -0.5,   0.97665, 2,    214.269, -120.5,   0.97664, 3,    214.269,  119.5,   0.97664
"SCN_CN15_9180_CEI230_ATV_BT_FT6092", 0.38, 1,    214.198,   -0.5,   0.97632, 2,    214.197, -120.5,   0.97632, 3,    214.197,  119.5,   0.97632
"SCN_CN15_9180_CEI77A_ATV_BT_FZ3625", 0.38, 1,    214.494,   -0.5,   0.97767, 2,    214.493, -120.5,   0.97767, 3,    214.493,  119.5,   0.97767
"SCN_CN15_9181_CEI69A_BT_FP4717", 0.38, 1,    214.495,   -0.5,   0.97767, 2,    214.494, -120.5,   0.97767, 3,    214.494,  119.5,   0.97767
"SCN_CN15_9181_CEI77A_ATV_BT_FT4526", 0.38, 1,    214.495,   -0.5,   0.97768, 2,    214.495, -120.5,   0.97767, 3,    214.495,  119.5,   0.97767
"SCN_CN15_9182_CEI230_ATV_BT_FX0938", 0.38, 1,    214.199,   -0.5,   0.97632, 2,    214.198, -120.5,   0.97632, 3,    214.198,  119.5,   0.97632
"SCN_CN15_9182_CEI77A_ATV_BT_FM1323", 0.38, 1,    214.499,   -0.5,   0.97769, 2,    214.498, -120.5,   0.97769, 3,    214.498,  119.5,   0.97769
"SCN_CN15_9183_CEI068_BT_FZ9202", 0.38, 1,    215.106,   -0.5,   0.98046, 2,    215.106, -120.5,   0.98046, 3,    215.106,  119.5,   0.98046
"SCN_CN15_9183_CEI109_BT_FZ7001", 0.38, 1,     214.02,   -0.6,   0.97551, 2,     214.02, -120.6,   0.97551, 3,     214.02,  119.4,   0.97551
"SCN_CN15_9183_CEI230_ATV_BT_FX3541", 0.38, 1,    214.203,   -0.5,   0.97634, 2,    214.202, -120.5,   0.97634, 3,    214.202,  119.5,   0.97634
"SCN_CN15_9185_CEI69A_BT_FIC1329", 0.38, 1,    214.495,   -0.5,   0.97767, 2,    214.494, -120.5,   0.97767, 3,    214.494,  119.5,   0.97767
"SCN_CN15_9195_CEI230_ATV_BT_FIC1335", 0.38, 1,    213.915,   -0.6,   0.97503, 2,    213.914, -120.6,   0.97503, 3,    213.914,  119.4,   0.97503
"SCN_CN15_9390_CEI109_BT_FZ6420", 0.38, 1,    213.963,   -0.6,   0.97525, 2,    213.962, -120.6,   0.97525, 3,    213.962,  119.4,   0.97525
"SCN_CN15_9025_CEI130_ATV_BT_FZ2056", 0.38, 1,    214.703,   -0.5,   0.97862, 2,    214.703, -120.5,   0.97862, 3,    214.703,  119.5,   0.97862
"SCN_CN15_9039_CEI160_ATV_BT_FX4255", 0.38, 1,    214.563,   -0.5,   0.97798, 2,    214.562, -120.5,   0.97798, 3,    214.562,  119.5,   0.97798
"SCN_CN15_9042_CEI160_ATV_BT_FX3836", 0.38, 1,    214.593,   -0.5,   0.97812, 2,    214.593, -120.5,   0.97812, 3,    214.593,  119.5,   0.97812
"SCN_CN15_9004_CEI109_BT_FIC1207", 0.38, 1,    214.204,   -0.6,   0.97635, 2,    214.203, -120.6,   0.97634, 3,    214.203,  119.4,   0.97634
"SCN_CN15_9004_CEI148A_ATV_BT_FX0738", 0.38, 1,    213.903,   -0.6,   0.97498, 2,    213.902, -120.6,   0.97497, 3,    213.902,  119.4,   0.97497
"SCN_CN15_9004_CEI201_ATV_BT_FIC1210", 0.38, 1,    213.939,   -0.6,   0.97514, 2,    213.939, -120.6,   0.97514, 3,    213.939,  119.4,   0.97514
"SCN_CN15_9004_CEI230_ATV_BT_FX4746", 0.38, 1,    214.506,   -0.5,   0.97772, 2,    214.505, -120.5,   0.97772, 3,    214.505,  119.5,   0.97772
"SCN_CN15_9004_CEIRJ012_ATV_BT_FT4308", 0.38, 1,    214.595,   -0.5,   0.97813, 2,    214.594, -120.5,   0.97813, 3,    214.594,  119.5,   0.97813
"SCN_CN15_9098_CEI131_ATV_BT_FIC1304", 0.38, 1,    214.222,   -0.5,   0.97643, 2,    214.222, -120.5,   0.97643, 3,    214.222,  119.5,   0.97643
"SCN_CN15_9099_CEI77A_ATV_BT_FP7441", 0.38, 1,    214.526,   -0.5,   0.97782, 2,    214.525, -120.5,   0.97781, 3,    214.526,  119.5,   0.97781
"SCN_CN15_9100_CEI201_ATV_BT_FP0948", 0.38, 1,    214.448,   -0.5,   0.97746, 2,    214.448, -120.5,   0.97746, 3,    214.448,  119.5,   0.97746
"SCN_CN15_9101_CEI068_BT_FZ2492", 0.38, 1,    215.171,   -0.4,   0.98075, 2,     215.17, -120.4,   0.98075, 3,     215.17,  119.6,   0.98075
"SCN_CN15_9101_CEI109_BT_FX3717", 0.38, 1,    214.161,   -0.6,   0.97615, 2,     214.16, -120.6,   0.97615, 3,     214.16,  119.4,   0.97615
"SCN_CN15_9101_CEI77A_ATV_BT_FX2951", 0.38, 1,    214.538,   -0.5,   0.97787, 2,    214.538, -120.5,   0.97787, 3,    214.538,  119.5,   0.97787
"SCN_CN15_9102_CEI220_ATV_BT_FIC1309", 0.38, 1,    214.276,   -0.5,   0.97668, 2,    214.275, -120.5,   0.97667, 3,    214.275,  119.5,   0.97667
"SCN_CN15_9103_CEI77A_ATV_BT_FP1062", 0.38, 1,    214.542,   -0.5,   0.97789, 2,    214.541, -120.5,   0.97789, 3,    214.541,  119.5,   0.97789
"SCN_CN15_9104_CEI201_ATV_BT_FX2135", 0.38, 1,    214.449,   -0.5,   0.97746, 2,    214.448, -120.5,   0.97746, 3,    214.448,  119.5,   0.97746
"SCN_CN15_9001_CEI134_ATV_BT_FX9367F", 0.38, 1,    214.155,   -0.6,   0.97612, 2,    214.154, -120.6,   0.97612, 3,    214.154,  119.4,   0.97612
"SCN_CN15_9001_CEI148A_ATV_BT_FF0682", 0.38, 1,    213.903,   -0.6,   0.97497, 2,    213.902, -120.6,   0.97497, 3,    213.902,  119.4,   0.97497
"SCN_CN15_9001_CEI160_ATV_BT_FF0642", 0.38, 1,    214.453,   -0.5,   0.97748, 2,    214.452, -120.5,   0.97748, 3,    214.453,  119.5,   0.97748
"SCN_CN15_9001_CEI230B_ATV_BT_FP4290", 0.38, 1,    214.198,   -0.5,   0.97632, 2,    214.197, -120.5,   0.97632, 3,    214.197,  119.5,   0.97632
"SCN_CN15_9002_CEI077_BT_FZ9396", 0.38, 1,    214.556,   -0.5,   0.97795, 2,    214.556, -120.5,   0.97795, 3,    214.556,  119.5,   0.97795
"SCN_CN15_9002_CEI148_ATV_BT_FX0651", 0.38, 1,    214.475,   -0.5,   0.97758, 2,    214.474, -120.5,   0.97758, 3,    214.474,  119.5,   0.97758
"SCN_CN15_9011_CEI109_BT_FP4697", 0.38, 1,    214.204,   -0.6,   0.97635, 2,    214.203, -120.6,   0.97634, 3,    214.203,  119.4,   0.97634
"SCN_CN15_9011_CEI134B_ATV_BT_FZ0374", 0.38, 1,    214.105,   -0.6,   0.97589, 2,    214.104, -120.6,   0.97589, 3,    214.104,  119.4,   0.97589
"SCN_CN15_9013_CEI201_ATV_BT_FIC1226", 0.38, 1,     213.94,   -0.6,   0.97515, 2,     213.94, -120.6,   0.97514, 3,     213.94,  119.4,   0.97514
"SCN_CN15_9013_CEI69B_BT_FM0148", 0.38, 1,    214.753,   -0.5,   0.97885, 2,    214.753, -120.5,   0.97885, 3,    214.753,  119.5,   0.97885
"SCN_CN15_9014_CEI134_ATV_BT_FP1769", 0.38, 1,    214.153,   -0.6,   0.97612, 2,    214.153, -120.6,   0.97611, 3,    214.153,  119.4,   0.97611
"SCN_CN15_9014_CEI134C_ATV_BT_FP0961", 0.38, 1,    214.102,   -0.6,   0.97588, 2,    214.102, -120.6,   0.97588, 3,    214.102,  119.4,   0.97588
"SCN_CN15_9019_CEI148A_ATV_BT_FZ1308", 0.38, 1,    213.909,   -0.6,     0.975, 2,    213.908, -120.6,     0.975, 3,    213.908,  119.4,     0.975
"SCN_CN15_9019_CEI201_ATV_BT_FIC1237", 0.38, 1,    213.942,   -0.6,   0.97515, 2,    213.941, -120.6,   0.97515, 3,    213.941,  119.4,   0.97515
"SCN_CN15_9019_CEIRJ006_ATV_BT_FX5299", 0.38, 1,    214.859,   -0.5,   0.97933, 2,    214.858, -120.5,   0.97933, 3,    214.858,  119.5,   0.97933
"SCN_CN15_9028_CEI077_ATV_BT_FP3435", 0.38, 1,    214.564,   -0.5,   0.97799, 2,    214.563, -120.5,   0.97798, 3,    214.563,  119.5,   0.97799
"SCN_CN15_9020_CEI070_BT_FZ0706", 0.38, 1,        215,   -0.5,   0.97998, 2,    214.999, -120.5,   0.97997, 3,    214.999,  119.5,   0.97997
"SCN_CN15_9014_CEI148_ATV_BT_FIC1228", 0.38, 1,    214.467,   -0.5,   0.97755, 2,    214.466, -120.5,   0.97754, 3,    214.466,  119.5,   0.97754
"SCN_CN15_9014_CEI230_ATV_BT_FP0908", 0.38, 1,    214.507,   -0.5,   0.97773, 2,    214.506, -120.5,   0.97772, 3,    214.506,  119.5,   0.97773
"SCN_CN15_9014_CEI69A_BT_FP3539", 0.38, 1,    213.906,   -0.6,   0.97499, 2,    213.906, -120.6,   0.97499, 3,    213.906,  119.4,   0.97499
"SCN_CN15_9014_CEI77A_ATV_BT_FX2657", 0.38, 1,    214.489,   -0.5,   0.97765, 2,    214.488, -120.5,   0.97764, 3,    214.488,  119.5,   0.97764
"SCN_CN15_9015_CEI074_BT_FX3665", 0.38, 1,    214.196,   -0.5,   0.97631, 2,    214.196, -120.5,   0.97631, 3,    214.196,  119.5,   0.97631
"SCN_CN15_9016_CEI076_BT_FX0674", 0.38, 1,    215.155,   -0.5,   0.98068, 2,    215.154, -120.5,   0.98068, 3,    215.154,  119.5,   0.98068
"SCN_CN15_9016_CEI120_BT_FP7641", 0.38, 1,    214.278,   -0.5,   0.97668, 2,    214.277, -120.5,   0.97668, 3,    214.277,  119.5,   0.97668
"SCN_CN15_9107_CEI201_ATV_BT_FP3835", 0.38, 1,    214.449,   -0.5,   0.97746, 2,    214.448, -120.5,   0.97746, 3,    214.448,  119.5,   0.97746
"SCN_CN15_9107_CEI220_ATV_BT_FZ5767", 0.38, 1,    214.276,   -0.5,   0.97668, 2,    214.275, -120.5,   0.97667, 3,    214.275,  119.5,   0.97667
"SCN_CN15_9107_CEI77A_ATV_BT_FP5672F", 0.38, 1,    214.535,   -0.5,   0.97786, 2,    214.535, -120.5,   0.97786, 3,    214.535,  119.5,   0.97786
"SCN_CN15_9126_CEI230_ATV_BT_FP1048", 0.38, 1,     214.27,   -0.5,   0.97665, 2,     214.27, -120.5,   0.97665, 3,     214.27,  119.5,   0.97665
"SCN_CN15_9108_CEI77A_ATV_BT_FZ5107", 0.38, 1,    214.535,   -0.5,   0.97786, 2,    214.534, -120.5,   0.97785, 3,    214.535,  119.5,   0.97785
"SCN_CN15_9110_CEI77A_ATV_BT_FZ2046", 0.38, 1,    214.532,   -0.5,   0.97784, 2,    214.531, -120.5,   0.97784, 3,    214.531,  119.5,   0.97784
"SCN_CN15_9111_CEI77A_ATV_BT_FX2727", 0.38, 1,    214.528,   -0.5,   0.97782, 2,    214.527, -120.5,   0.97782, 3,    214.528,  119.5,   0.97782
"SCN_CN15_9342_CEI109_BT_FIC1360", 0.38, 1,    213.954,   -0.6,   0.97521, 2,    213.953, -120.6,   0.97521, 3,    213.953,  119.4,   0.97521
"SCN_CN15_9441_CEI109_BT_FX1604", 0.38, 1,    214.079,   -0.6,   0.97578, 2,    214.078, -120.6,   0.97577, 3,    214.078,  119.4,   0.97577
"SCN_CN15_9449_CEI109_BT_FX1603", 0.38, 1,    214.079,   -0.6,   0.97578, 2,    214.078, -120.6,   0.97578, 3,    214.078,  119.4,   0.97578
"SCN_CN15_9047_CEI076_BT_FT7531", 0.38, 1,    215.146,   -0.5,   0.98064, 2,    215.145, -120.5,   0.98064, 3,    215.145,  119.5,   0.98064
"SCN_CN15_9047_CEI148A_ATV_BT_FT4516", 0.38, 1,    213.942,   -0.6,   0.97515, 2,    213.941, -120.6,   0.97515, 3,    213.941,  119.4,   0.97515
"SCN_CN15_9047_CEI220_ATV_BT_FT6088", 0.38, 1,     214.16,   -0.6,   0.97615, 2,     214.16, -120.6,   0.97615, 3,     214.16,  119.4,   0.97615
"SCN_CN15_9048_CEI148A_ATV_BT_FIC1269", 0.38, 1,     213.94,   -0.6,   0.97515, 2,    213.939, -120.6,   0.97514, 3,    213.939,  119.4,   0.97514
"SCN_CN15_9049_CEI160_ATV_BT_FP4339", 0.38, 1,    214.594,   -0.5,   0.97812, 2,    214.593, -120.5,   0.97812, 3,    214.593,  119.5,   0.97812
"SCN_CN15_9049_CEI201_ATV_BT_FT4307", 0.38, 1,    213.961,   -0.6,   0.97524, 2,    213.961, -120.6,   0.97524, 3,    213.961,  119.4,   0.97524
"SCN_CN15_9049_CEI250_ATV_BT_FP4729", 0.38, 1,    215.183,   -0.4,   0.98081, 2,    215.182, -120.4,   0.98081, 3,    215.182,  119.6,   0.98081
"SCN_CN15_9050_CEI201_ATV_BT_FX4123", 0.38, 1,    213.961,   -0.6,   0.97524, 2,    213.961, -120.6,   0.97524, 3,    213.961,  119.4,   0.97524
"SCN_CN15_9051_CEI070_BT_FX4729", 0.38, 1,    215.086,   -0.5,   0.98037, 2,    215.085, -120.5,   0.98036, 3,    215.085,  119.5,   0.98036
"SCN_CN15_9051_CEI201_ATV_BT_FP5949", 0.38, 1,     213.96,   -0.6,   0.97524, 2,    213.959, -120.6,   0.97523, 3,    213.959,  119.4,   0.97523
"SCN_CN15_9051_CEI69B_BT_FZ2488", 0.38, 1,    214.522,   -0.5,    0.9778, 2,    214.522, -120.5,    0.9778, 3,    214.522,  119.5,    0.9778
"SCN_CN15_9051_CEI77A_ATV_BT_FIC1272", 0.38, 1,    214.494,   -0.5,   0.97767, 2,    214.493, -120.5,   0.97766, 3,    214.493,  119.5,   0.97767
"SCN_CN15_9002_CEI160_ATV_BT_FX0209", 0.38, 1,    214.453,   -0.5,   0.97748, 2,    214.453, -120.5,   0.97748, 3,    214.453,  119.5,   0.97748
"SCN_CN15_9003_CEI121_BT_FZ1960", 0.38, 1,    214.152,   -0.6,   0.97611, 2,    214.151, -120.6,   0.97611, 3,    214.151,  119.4,   0.97611
"SCN_CN15_9016_CEI134_ATV_BT_FP0957", 0.38, 1,    214.118,   -0.6,   0.97596, 2,    214.117, -120.6,   0.97595, 3,    214.117,  119.4,   0.97595
"SCN_CN15_9112_CEI201_ATV_BT_FP0949", 0.38, 1,    214.449,   -0.5,   0.97746, 2,    214.448, -120.5,   0.97746, 3,    214.448,  119.5,   0.97746
"SCN_CN15_9113_CEI076_BT_FX5486", 0.38, 1,      214.5,   -0.5,    0.9777, 2,    214.499, -120.5,   0.97769, 3,      214.5,  119.5,   0.97769
"SCN_CN15_9114_CEI072_BT_FX8501", 0.38, 1,     214.68,   -0.5,   0.97852, 2,     214.68, -120.5,   0.97852, 3,     214.68,  119.5,   0.97852
"SCN_CN15_9115_CEI230_ATV_BT_FP1063", 0.38, 1,    214.395,   -0.5,   0.97722, 2,    214.394, -120.5,   0.97722, 3,    214.394,  119.5,   0.97722
"SCN_CN15_9116_CEI109_BT_FIC1312", 0.38, 1,     214.16,   -0.6,   0.97615, 2,     214.16, -120.6,   0.97615, 3,     214.16,  119.4,   0.97615
"SCN_CN15_9125_CEI77A_ATV_BT_FP5542", 0.38, 1,    214.504,   -0.5,   0.97771, 2,    214.503, -120.5,   0.97771, 3,    214.503,  119.5,   0.97771
"SCN_CN15_9124_CEI109_BT_FT4565", 0.38, 1,    214.019,   -0.6,    0.9755, 2,    214.018, -120.6,    0.9755, 3,    214.018,  119.4,    0.9755
"SCN_CN15_9128_CEI230_ATV_BT_FX2215", 0.38, 1,    214.265,   -0.5,   0.97663, 2,    214.265, -120.5,   0.97662, 3,    214.265,  119.5,   0.97662
"SCN_CN15_9128_CEI77A_ATV_BT_FP1390", 0.38, 1,    214.501,   -0.5,    0.9777, 2,      214.5, -120.5,    0.9777, 3,      214.5,  119.5,    0.9777
"SCN_CN15_9131_CEI230_ATV_BT_FX2289", 0.38, 1,    214.247,   -0.5,   0.97654, 2,    214.246, -120.5,   0.97654, 3,    214.246,  119.5,   0.97654
"SCN_CN15_9414_CEI109_BT_FIC1373", 0.38, 1,    214.001,   -0.6,   0.97542, 2,        214, -120.6,   0.97542, 3,        214,  119.4,   0.97542
"SCN_CN15_9022_CEIRJ006_ATV_BT_FIC1147", 0.38, 1,    214.678,   -0.5,   0.97851, 2,    214.677, -120.5,   0.97851, 3,    214.677,  119.5,   0.97851
"SCN_CN15_9428_CEI109_BT_FX2287", 0.38, 1,    214.081,   -0.6,   0.97579, 2,     214.08, -120.6,   0.97578, 3,     214.08,  119.4,   0.97578
"SCN_CN15_9187_CEI77A_ATV_BT_FZ0752", 0.38, 1,    214.493,   -0.5,   0.97767, 2,    214.493, -120.5,   0.97766, 3,    214.493,  119.5,   0.97766
"SCN_CN15_9189_CEI068_BT_FZ1784", 0.38, 1,    215.147,   -0.5,   0.98064, 2,    215.146, -120.5,   0.98064, 3,    215.146,  119.5,   0.98064
"SCN_CN15_9189_CEI69B_BT_FIC1331", 0.38, 1,      214.5,   -0.5,    0.9777, 2,    214.499, -120.5,   0.97769, 3,    214.499,  119.5,   0.97769
"SCN_CN15_9190_CEI77A_ATV_BT_FZ0516", 0.38, 1,    214.491,   -0.5,   0.97766, 2,    214.491, -120.5,   0.97766, 3,    214.491,  119.5,   0.97766
"SCN_CN15_9020_CEI120_BT_FX9765", 0.38, 1,    214.279,   -0.5,   0.97669, 2,    214.278, -120.5,   0.97669, 3,    214.278,  119.5,   0.97669
"SCN_CN15_9020_CEI130_ATV_BT_FP5556", 0.38, 1,    214.708,   -0.5,   0.97865, 2,    214.708, -120.5,   0.97864, 3,    214.708,  119.5,   0.97864
"SCN_CN15_9020_CEI134C_ATV_BT_FIC1238", 0.38, 1,    214.101,   -0.6,   0.97588, 2,      214.1, -120.6,   0.97587, 3,      214.1,  119.4,   0.97587
"SCN_CN15_9016_CEI160_ATV_BT_FX2219", 0.38, 1,    213.958,   -0.6,   0.97523, 2,    213.957, -120.6,   0.97522, 3,    213.957,  119.4,   0.97522
"SCN_CN15_9017_CEI077_ATV_BT_FIC1230", 0.38, 1,     214.59,   -0.5,   0.97811, 2,     214.59, -120.5,   0.97811, 3,     214.59,  119.5,   0.97811
"SCN_CN15_9021_CEI148_ATV_BT_FX2133", 0.38, 1,    214.464,   -0.5,   0.97753, 2,    214.464, -120.5,   0.97753, 3,    214.464,  119.5,   0.97753
"SCN_CN15_9003_CEI160A_ATV_BT_FF0689", 0.38, 1,    214.152,   -0.6,   0.97611, 2,    214.151, -120.6,   0.97611, 3,    214.151,  119.4,   0.97611
"SCN_CN15_9003_CEI230B_ATV_BT_FX2293", 0.38, 1,    214.198,   -0.5,   0.97632, 2,    214.197, -120.5,   0.97632, 3,    214.197,  119.5,   0.97632
"SCN_CN15_9008_CEI201_ATV_BT_FIC1217", 0.38, 1,    213.939,   -0.6,   0.97514, 2,    213.939, -120.6,   0.97514, 3,    213.939,  119.4,   0.97514
"SCN_CN15_9008_CEIRJ006_ATV_BT_FT5509", 0.38, 1,    215.025,   -0.5,   0.98009, 2,    215.024, -120.5,   0.98009, 3,    215.025,  119.5,   0.98009
"SCN_CN15_9009_CEI077_ATV_BT_FT4559", 0.38, 1,    214.618,   -0.5,   0.97823, 2,    214.617, -120.5,   0.97823, 3,    214.617,  119.5,   0.97823
"SCN_CN15_9009_CEI134_ATV_BT_FT4551", 0.38, 1,    214.153,   -0.6,   0.97612, 2,    214.153, -120.6,   0.97611, 3,    214.153,  119.4,   0.97611
"SCN_CN15_9132_CEI201_ATV_BT_FX4280", 0.38, 1,    214.454,   -0.5,   0.97749, 2,    214.453, -120.5,   0.97748, 3,    214.453,  119.5,   0.97748
"SCN_CN15_9133_CEI77A_ATV_BT_FP4677", 0.38, 1,    214.553,   -0.5,   0.97794, 2,    214.552, -120.5,   0.97793, 3,    214.552,  119.5,   0.97794
"SCN_CN15_9143_CEI109_BT_FP3273", 0.38, 1,     214.16,   -0.6,   0.97615, 2,    214.159, -120.6,   0.97614, 3,    214.159,  119.4,   0.97614
"SCN_CN15_9143_CEI201_ATV_BT_FX4536", 0.38, 1,    214.539,   -0.5,   0.97787, 2,    214.538, -120.5,   0.97787, 3,    214.538,  119.5,   0.97787
"SCN_CN15_9143_CEI230_ATV_BT_FP0939", 0.38, 1,    214.242,   -0.5,   0.97652, 2,    214.241, -120.5,   0.97652, 3,    214.241,  119.5,   0.97652
"SCN_CN15_9145_CEI230_ATV_BT_FP0938", 0.38, 1,    214.243,   -0.5,   0.97652, 2,    214.242, -120.5,   0.97652, 3,    214.242,  119.5,   0.97652
"SCN_CN15_9145_CEI69B_BT_FF0345", 0.38, 1,    214.496,   -0.5,   0.97768, 2,    214.496, -120.5,   0.97768, 3,    214.496,  119.5,   0.97768
"SCN_CN15_9146_CEI230_ATV_BT_FP0940", 0.38, 1,    214.242,   -0.5,   0.97652, 2,    214.241, -120.5,   0.97652, 3,    214.241,  119.5,   0.97652
"SCN_CN15_9147_CEI220_ATV_BT_FIC1319", 0.38, 1,    214.275,   -0.5,   0.97667, 2,    214.275, -120.5,   0.97667, 3,    214.275,  119.5,   0.97667
"SCN_CN15_9149_CEI77A_ATV_BT_FP0900", 0.38, 1,     214.54,   -0.5,   0.97788, 2,     214.54, -120.5,   0.97788, 3,     214.54,  119.5,   0.97788
"SCN_CN15_9151_CEI230_ATV_BT_FZ1012", 0.38, 1,    214.232,   -0.5,   0.97648, 2,    214.231, -120.5,   0.97647, 3,    214.231,  119.5,   0.97647
"SCN_CN15_9153_CEI109_BT_FZ3480", 0.38, 1,    214.019,   -0.6,    0.9755, 2,    214.018, -120.6,    0.9755, 3,    214.018,  119.4,    0.9755
"SCN_CN15_9153_CEI77A_ATV_BT_FP0898", 0.38, 1,    214.541,   -0.5,   0.97788, 2,     214.54, -120.5,   0.97788, 3,    214.541,  119.5,   0.97788
"SCN_CN15_9157_CEI230_ATV_BT_FZ1013", 0.38, 1,    214.232,   -0.5,   0.97647, 2,    214.231, -120.5,   0.97647, 3,    214.231,  119.5,   0.97647
"SCN_CN15_9157_CEI77A_ATV_BT_FZ1687", 0.38, 1,    214.535,   -0.5,   0.97786, 2,    214.535, -120.5,   0.97785, 3,    214.535,  119.5,   0.97786
"SCN_CN15_9158_CEI109_BT_FT4756", 0.38, 1,    214.019,   -0.6,   0.97551, 2,    214.019, -120.6,    0.9755, 3,    214.019,  119.4,    0.9755
"SCN_CN15_9158_CEI230_ATV_BT_FP0943", 0.38, 1,     214.22,   -0.5,   0.97642, 2,     214.22, -120.5,   0.97642, 3,     214.22,  119.5,   0.97642
"SCN_CN15_9021_CEI077_ATV_BT_FX5490", 0.38, 1,    214.567,   -0.5,     0.978, 2,    214.567, -120.5,     0.978, 3,    214.567,  119.5,     0.978
"SCN_CN15_9021_CEI134C_ATV_BT_FP1609", 0.38, 1,      214.1,   -0.6,   0.97588, 2,      214.1, -120.6,   0.97587, 3,      214.1,  119.4,   0.97587
"SCN_CN15_9021_CEIRJ006_ATV_BT_FX2548", 0.38, 1,    214.685,   -0.5,   0.97854, 2,    214.684, -120.5,   0.97854, 3,    214.684,  119.5,   0.97854
"SCN_CN15_9020_CEI134A_ATV_BT_FT1997", 0.38, 1,    214.135,   -0.6,   0.97603, 2,    214.134, -120.6,   0.97603, 3,    214.134,  119.4,   0.97603
"SCN_CN15_9018_CEI220_ATV_BT_FF0652", 0.38, 1,     214.08,   -0.6,   0.97578, 2,    214.079, -120.6,   0.97578, 3,    214.079,  119.4,   0.97578
"SCN_CN15_9018_CEI77A_ATV_BT_FIC1236", 0.38, 1,     214.49,   -0.5,   0.97765, 2,    214.489, -120.5,   0.97765, 3,     214.49,  119.5,   0.97765
"SCN_CN15_9017_CEI148A_ATV_BT_FZ7337", 0.38, 1,    213.906,   -0.6,   0.97499, 2,    213.905, -120.6,   0.97499, 3,    213.905,  119.4,   0.97499
"SCN_CN15_9017_CEI69A_BT_FZ2481", 0.38, 1,    213.906,   -0.6,   0.97499, 2,    213.905, -120.6,   0.97499, 3,    213.905,  119.4,   0.97499
