Element, I1_1, Ang1_1, I1_2, Ang1_2, I1_3, Ang1_3, I1_4, Ang1_4, Iresid1, AngResid1, I2_1, Ang2_1, I2_2, Ang2_2, I2_3, Ang2_3, I2_4, Ang2_4, Iresid2, AngResid2
Vsource.SOURCE,    1937.46,   139.43,    1937.46,    19.43,    1937.46,  -100.57,          0,     0.00, 0.000519796,   160.98,    1937.46,   -40.57,    1937.46,  -160.57,    1937.46,    79.43,          0,     0.00, 0.000519796,   -19.02
Line.L_CEI_MT_5070,    1401.54,   -41.67,    1401.54,  -161.67,    1401.54,    78.33,          0,     0.00, 0.000516834,   -18.91,    1401.54,   138.33,    1401.54,    18.33,    1401.54,  -101.67,          0,     0.00, 0.000516834,   161.09
Line.L_CEI_MT_15536,    1.05904,   138.30,    1.05904,    18.30,    1.05904,  -101.70,          0,     0.00, 4.24876E-009,     9.46,    1.05904,   -41.70,    1.05904,  -161.70,    1.05904,    78.30,          0,     0.00, 5.53432E-009,  -157.75
Line.L_CEI_MT_15882A,    1.05752,   -41.68,    1.05752,  -161.68,    1.05752,    78.32,          0,     0.00, 5.75991E-009,  -165.96,    1.05752,   138.32,    1.05752,    18.32,    1.05752,  -101.68,          0,     0.00, 7.46512E-009,    -3.58
Line.L_CEI_MT_16214A,    63.5003,   138.31,    63.5003,    18.31,    63.5003,  -101.69,          0,     0.00, 1.65251E-006,    19.02,    63.5003,   -41.69,    63.5003,  -161.69,    63.5003,    78.31,          0,     0.00, 1.65456E-006,  -161.02
Line.L_CEI_MT_16214A99,    63.5003,   -41.69,    63.5003,  -161.69,    63.5003,    78.31,          0,     0.00, 1.35654E-006,  -102.19,    63.5003,   138.31,    63.5003,    18.31,    63.5003,  -101.69,          0,     0.00, 1.35934E-006,    77.92
Line.L_CEI_MT_16434A,    39.6868,   138.31,    39.6868,    18.31,    39.6868,  -101.69,          0,     0.00, 1.49581E-006,    19.82,    39.6868,   -41.69,    39.6868,  -161.69,    39.6868,    78.31,          0,     0.00, 1.49984E-006,  -160.33
Line.L_CEI_MT_171819,    285.538,   138.34,    285.538,    18.34,    285.538,  -101.66,          0,     0.00, 0.00010362,   162.07,    285.538,   -41.66,    285.538,  -161.66,    285.538,    78.34,          0,     0.00, 0.000103621,   -17.92
Line.L_CEI_MT_171820,    285.538,   138.34,    285.538,    18.34,    285.538,  -101.66,          0,     0.00, 0.000103621,   162.08,    285.538,   -41.66,    285.538,  -161.66,    285.538,    78.34,          0,     0.00, 0.000103625,   -17.93
Line.L_CEI_MT_171828,    1.58771,   138.31,    1.58771,    18.31,    1.58771,  -101.69,          0,     0.00, 6.7199E-009,   -14.04,    1.58771,   -41.69,    1.58771,  -161.69,    1.58771,    78.31,          0,     0.00, 8.41096E-009,  -175.24
Line.L_CEI_MT_171838,    172.216,   -41.65,    172.216,  -161.65,    172.216,    78.35,          0,     0.00, 6.40345E-005,   -17.04,    172.216,   138.35,    172.216,    18.35,    172.216,  -101.65,          0,     0.00, 6.40335E-005,   162.95
Line.L_CEI_MT_171839,    169.044,   -41.65,    169.044,  -161.65,    169.044,    78.35,          0,     0.00, 6.40589E-005,   -17.03,    169.044,   138.35,    169.044,    18.35,    169.044,  -101.65,          0,     0.00, 6.40619E-005,   162.96
Line.L_CEI_MT_171841, 2.0825E-009,   153.43, 1.91997E-009,   -14.04, 3.75428E-009,    97.13,          0,     0.00, 4.21674E-009,    96.34, 4.29318E-009,   -40.60, 1.39698E-009,   180.00, 2.32831E-009,     0.00,          0,     0.00, 5.0369E-009,   -33.69
Line.L_CEI_MT_171843, 3.72529E-009,   -90.00, 1.04125E-009,    63.43, 3.75428E-009,   -97.13,          0,     0.00, 6.51926E-009,   -90.00, 1.39698E-009,   -90.00, 1.67897E-009,  -146.31, 1.39698E-009,     0.00,          0,     0.00, 2.32831E-009,   -90.00
Line.L_CEI_MT_171854, 2.0825E-009,   -63.43, 2.98169E-009,   141.34, 1.86265E-009,   -90.00,          0,     0.00, 2.32831E-009,  -126.87, 2.32831E-009,   143.13, 1.91997E-009,    14.04, 2.32831E-009,     0.00,          0,     0.00, 2.98169E-009,    38.66
Line.L_CEI_MT_171863,    240.012,   138.34,    240.012,    18.34,    240.012,  -101.66,          0,     0.00, 9.36961E-005,   164.22,    240.012,   -41.66,    240.012,  -161.66,    240.012,    78.34,          0,     0.00, 9.36979E-005,   -15.78
Line.L_CEI_MT_171864,    240.012,   -41.66,    240.012,  -161.66,    240.012,    78.34,          0,     0.00, 9.36955E-005,   -15.78,    240.012,   138.34,    240.012,    18.34,    240.012,  -101.66,          0,     0.00, 9.36959E-005,   164.22
Line.L_CEI_MT_171865,    240.012,   -41.66,    240.012,  -161.66,    240.012,    78.34,          0,     0.00, 9.3698E-005,   -15.78,    240.012,   138.34,    240.012,    18.34,    240.012,  -101.66,          0,     0.00, 9.37018E-005,   164.22
Line.L_CEI_MT_171866,    240.012,   138.34,    240.012,    18.34,    240.012,  -101.66,          0,     0.00, 9.37058E-005,   164.22,    240.012,   -41.66,    240.012,  -161.66,    240.012,    78.34,          0,     0.00, 9.37042E-005,   -15.78
Line.L_CEI_MT_171867,    434.692,   -41.66,    434.692,  -161.66,    434.692,    78.34,          0,     0.00, 0.000157304,   -19.96,    434.692,   138.34,    434.692,    18.34,    434.692,  -101.66,          0,     0.00, 0.000157303,   160.04
Line.L_CEI_MT_171870,    674.704,   -41.66,    674.704,  -161.66,    674.704,    78.34,          0,     0.00, 0.000250837,   -18.40,    674.704,   138.34,    674.704,    18.34,    674.704,  -101.66,          0,     0.00, 0.000250836,   161.60
Line.L_CEI_MT_171871, 1.21005E-008,  -120.02, 8.41096E-009,  -175.24, 1.27101E-008,    61.56,          0,     0.00, 8.3819E-009,   180.00, 1.10392E-008,    62.35, 1.02868E-008,     5.19, 1.0861E-008,  -120.96,          0,     0.00, 9.87817E-009,     8.13
Line.L_CEI_MT_171872, 6.35504E-009,   -98.43, 8.13242E-009,  -156.37, 4.65661E-009,    53.13,          0,     0.00, 8.06885E-009,  -133.83, 6.51926E-009,    90.00, 8.56108E-009,    22.38, 5.8902E-009,  -108.43,          0,     0.00, 7.36275E-009,    34.70
Line.L_CEI_MT_171881, 1.56188E-009,   -26.57, 7.08127E-009,  -170.54, 3.97861E-009,    69.44,          0,     0.00, 4.58623E-009,   156.04, 1.47255E-009,   161.57, 6.66725E-009,    12.09, 3.83994E-009,  -104.04,          0,     0.00, 4.58623E-009,   -23.96
Line.L_CEI_MT_171882, 2.71525E-009,  -149.04, 3.39007E-009,   -74.05, 2.0825E-009,   116.57,          0,     0.00, 3.63693E-009,  -129.81, 2.47502E-009,    41.19, 2.91736E-009,    61.39, 2.79397E-009,     0.00,          0,     0.00, 7.36275E-009,    34.70
Line.L_CEI_MT_171885,    674.704,   -41.66,    674.704,  -161.66,    674.704,    78.34,          0,     0.00, 0.000250843,   -18.39,    674.704,   138.34,    674.704,    18.34,    674.704,  -101.66,          0,     0.00, 0.000250842,   161.61
Line.L_CEI_MT_171886, 8.26795E-009,   -80.27, 7.61253E-009,  -156.57, 4.165E-009,    63.43,          0,     0.00,  8.33E-009,  -116.57, 8.69927E-009,   105.52, 6.0536E-009,    22.62, 2.0825E-009,  -116.57,          0,     0.00, 9.14879E-009,    75.26
Line.L_CEI_MT_171887, 4.91157E-009,   -84.56, 5.55388E-009,  -146.98, 2.63418E-009,    45.00,          0,     0.00, 6.48591E-009,  -111.04, 3.39007E-009,   105.95, 7.70807E-009,    25.02, 1.39698E-009,   180.00,          0,     0.00, 8.01154E-009,    54.46
Line.L_CEI_MT_171888, 2.29312E-009,  -113.96, 1.87714E-009,  -172.87, 2.32831E-009,   126.87,          0,     0.00, 4.21674E-009,  -173.66, 2.32831E-009,   -53.13, 1.47255E-009,   108.43, 9.31323E-010,     0.00,          0,     0.00, 1.91997E-009,   -14.04
Line.L_CEI_MT_171889,    674.704,   -41.66,    674.704,  -161.66,    674.704,    78.34,          0,     0.00, 0.000250845,   -18.39,    674.704,   138.34,    674.704,    18.34,    674.704,  -101.66,          0,     0.00, 0.000250845,   161.61
Line.L_CEI_MT_171893,    674.704,   -41.66,    674.704,  -161.66,    674.704,    78.34,          0,     0.00, 0.000250844,   -18.39,    674.704,   138.34,    674.704,    18.34,    674.704,  -101.66,          0,     0.00, 0.000250839,   161.60
Line.L_CEI_MT_171895, 4.00577E-009,   -54.46, 2.50766E-009,   -68.20, 2.0825E-009,  -116.57,          0,     0.00, 7.80591E-009,   -72.65, 1.31709E-009,   135.00, 2.71525E-009,    59.04, 3.72529E-009,    90.00,          0,     0.00, 7.00042E-009,    86.19
Line.L_CEI_MT_171897,    669.415,   138.34,    669.414,    18.34,    669.414,  -101.66,          0,     0.00, 0.000244773,   161.59,    669.415,   -41.66,    669.414,  -161.66,    669.414,    78.34,          0,     0.00, 0.000244771,   -18.41
Line.L_CEI_MT_171898, 1.03394E-008,    35.84, 1.2329E-008,    10.89, 1.06289E-008,  -118.81,          0,     0.00, 1.5395E-008,    -3.47, 9.96559E-009,  -142.59, 1.40646E-008,  -173.35, 1.11078E-008,    56.98,          0,     0.00, 1.59162E-008,   174.12
Line.L_CEI_MT_171900, 6.12482E-009,   -98.75, 7.92993E-009,  -176.63, 6.0536E-009,    67.38,          0,     0.00, 6.58545E-009,  -171.87, 4.21674E-009,    83.66, 6.53587E-009,     4.09, 3.97861E-009,  -110.56,          0,     0.00, 5.66501E-009,     9.46
Line.L_CEI_MT_171901, 4.42378E-009,   -90.00, 4.68563E-009,  -153.43, 1.86265E-009,    90.00,          0,     0.00, 6.26483E-009,  -131.99, 4.19741E-009,   109.44, 5.82077E-009,    36.87, 1.86265E-009,   -90.00,          0,     0.00, 6.46917E-009,    59.74
Line.L_CEI_MT_171903, 1.47255E-009,   161.57, 4.65661E-010,   -90.00, 3.72529E-009,    90.00,          0,     0.00, 3.97861E-009,   110.56, 2.0825E-009,   -63.43, 2.98169E-009,    38.66, 9.31323E-010,   180.00,          0,     0.00, 2.32831E-009,     0.00
Line.L_CEI_MT_171909,    229.954,   138.34,    229.954,    18.34,    229.954,  -101.66,          0,     0.00, 8.04562E-005,   162.16,    229.954,   -41.66,    229.954,  -161.66,    229.954,    78.34,          0,     0.00, 8.0458E-005,   -17.84
Line.L_CEI_MT_171910,    229.954,   -41.66,    229.954,  -161.66,    229.954,    78.34,          0,     0.00, 8.04515E-005,   -17.84,    229.954,   138.34,    229.954,    18.34,    229.954,  -101.66,          0,     0.00, 8.04495E-005,   162.16
Line.L_CEI_MT_171911, 4.29318E-009,   139.40, 2.71525E-009,    59.04, 1.86265E-009,   180.00,          0,     0.00, 6.33368E-009,   126.03, 5.43549E-009,   -46.74, 2.9451E-009,  -161.57, 1.86265E-009,     0.00,          0,     0.00, 5.63142E-009,   -60.26
Line.L_CEI_MT_171919, 2.14659E-009,  -102.53, 1.25383E-009,  -111.80, 1.86265E-009,   180.00,          0,     0.00, 4.29318E-009,  -130.60, 1.39698E-009,    90.00, 4.39304E-009,   147.99, 9.31323E-010,     0.00,          0,     0.00, 4.65661E-009,   126.87
Line.L_CEI_MT_171921, 2.9451E-009,  -108.43, 2.0825E-009,   -26.57,          0,     0.00,          0,     0.00, 3.83994E-009,   -75.96, 3.46128E-009,    47.73, 2.09548E-009,    90.00, 9.31323E-010,     0.00,          0,     0.00, 5.68412E-009,    55.01
Line.L_CEI_MT_171953, 8.95717E-009,  -117.90, 1.34398E-008,  -165.96, 1.27101E-008,    61.56,          0,     0.00, 1.11759E-008,   180.00, 8.58953E-009,    57.17, 1.03079E-008,    18.43, 1.06289E-008,  -118.81,          0,     0.00, 9.3857E-009,     7.13
Line.L_CEI_MT_171954, 2.56114E-009,   -90.00, 3.25963E-009,   -90.00, 4.65661E-010,   180.00,          0,     0.00, 5.83936E-009,   -94.57, 1.67897E-009,    33.69, 2.71525E-009,   120.96, 3.83994E-009,    75.96,          0,     0.00, 7.04673E-009,    82.41
Line.L_CEI_MT_171955, 1.49665E-008,   -95.36, 8.41096E-009,  -175.24, 1.19267E-008,    51.34,          0,     0.00, 6.70374E-009,  -110.32, 1.42465E-008,    78.69, 7.00042E-009,     3.81, 1.16415E-008,  -126.87,          0,     0.00, 5.83472E-009,    61.39
Line.L_CEI_MT_171958, 2.50766E-009,   -68.20, 9.27824E-009,  -162.47, 6.2475E-009,    63.43,          0,     0.00, 5.1434E-009,   174.81, 1.87714E-009,    60.26, 9.94653E-009,    20.56, 5.75991E-009,  -104.04,          0,     0.00, 8.85981E-009,    -3.01
Line.L_CEI_MT_171959, 3.76149E-009,   -68.20, 3.33363E-009,  -167.91, 2.0825E-009,    63.43,          0,     0.00, 2.50766E-009,  -111.80, 1.86265E-009,    90.00, 9.31323E-010,     0.00, 1.91997E-009,  -104.04,          0,     0.00, 4.65661E-010,     0.00
Line.L_CEI_MT_171960, 2.0825E-009,  -116.57, 1.91997E-009,   -14.04, 2.32831E-009,    53.13,          0,     0.00, 2.37442E-009,   -11.31, 1.41625E-009,    -9.46, 3.75428E-009,   150.26, 2.32831E-009,  -126.87,          0,     0.00, 3.26793E-009,  -175.91
Line.L_CEI_MT_171961, 2.98169E-009,   128.66, 8.39483E-010,    56.31, 3.72529E-009,    90.00,          0,     0.00, 6.89509E-009,   101.69, 2.83251E-009,   -80.54, 1.31709E-009,   -45.00, 2.0825E-009,    63.43,          0,     0.00, 2.98169E-009,   -38.66
Line.L_CEI_MT_171965, 2.72644E-006,   143.44, 5.30829E-006,   161.78, 2.82601E-006,    52.09,          0,     0.00, 7.7845E-006,   134.91, 2.72723E-006,   -36.56, 5.30748E-006,   -18.21, 2.82544E-006,  -127.90,          0,     0.00, 7.78483E-006,   -45.08
Line.L_CEI_MT_171966, 2.72229E-006,   -36.44, 5.31029E-006,   -18.19, 2.82855E-006,  -128.04,          0,     0.00, 7.77412E-006,   -45.05, 2.72112E-006,   143.56, 5.31021E-006,   161.80, 2.83059E-006,    51.97,          0,     0.00, 7.77413E-006,   134.92
Line.L_CEI_MT_171967, 2.72014E-006,   -36.46, 5.31139E-006,   -18.19, 2.8326E-006,  -128.08,          0,     0.00, 7.77166E-006,   -45.09, 2.71804E-006,   143.55, 5.31175E-006,   161.80, 2.83435E-006,    51.93,          0,     0.00, 7.77133E-006,   134.89
Line.L_CEI_MT_171969, 2.37442E-009,  -101.31, 2.32831E-009,   143.13, 2.0825E-009,   -63.43,          0,     0.00, 3.12375E-009,  -116.57, 1.49084E-009,    51.34, 2.33992E-009,    -5.71, 1.86265E-009,    90.00,          0,     0.00, 4.29318E-009,    40.60
Line.L_CEI_MT_171976, 4.88944E-009,    90.00, 8.53889E-009,    11.00, 4.95005E-009,  -131.19,          0,     0.00, 5.83472E-009,    28.61, 4.97735E-009,   -79.22, 9.04151E-009,  -168.11, 5.96337E-009,    38.66,          0,     0.00, 4.44822E-009,  -137.12
Line.L_CEI_MT_171977, 2.98169E-009,  -128.66, 3.72529E-009,   180.00, 5.66501E-009,    80.54,          0,     0.00, 5.68412E-009,   145.01, 1.47255E-009,    18.43, 1.04125E-009,   -63.43, 3.72529E-009,   -90.00,          0,     0.00, 4.58623E-009,   -66.04
Line.L_CEI_MT_171978, 1.67897E-009,   -56.31, 1.86265E-009,   180.00, 2.32831E-009,   -53.13,          0,     0.00, 3.29272E-009,   -81.87, 6.58545E-010,  -135.00, 2.32831E-009,  -126.87, 9.31323E-010,   180.00,          0,     0.00, 3.63693E-009,  -140.19
Line.L_CEI_MT_171981,    11.5901,   138.36,    11.5901,    18.36,    11.5901,  -101.64,          0,     0.00, 1.51629E-006,   170.23,    11.5901,   -41.64,    11.5901,  -161.64,    11.5901,    78.36,          0,     0.00, 1.51549E-006,    -9.80
Line.L_CEI_MT_171986, 6.98492E-010,    90.00, 4.00577E-009,    54.46, 3.97861E-009,   -69.44,          0,     0.00, 3.73256E-009,     3.58, 4.65661E-010,    90.00, 3.35793E-009,  -146.31, 2.0825E-009,   116.57,          0,     0.00, 3.75428E-009,   172.87
Line.L_CEI_MT_171987,    11.5901,   138.36,    11.5901,    18.36,    11.5901,  -101.64,          0,     0.00, 1.50525E-006,   170.37,    11.5901,   -41.64,    11.5901,  -161.64,    11.5901,    78.36,          0,     0.00, 1.50805E-006,    -9.62
Line.L_CEI_MT_171988,    11.5901,   -41.64,    11.5901,  -161.64,    11.5901,    78.36,          0,     0.00, 1.51651E-006,    -9.92,    11.5901,   138.36,    11.5901,    18.36,    11.5901,  -101.64,          0,     0.00, 1.51538E-006,   170.23
Line.L_CEI_MT_171992,    11.5901,   138.36,    11.5901,    18.36,    11.5901,  -101.64,          0,     0.00, 1.51831E-006,   170.31,    11.5901,   -41.64,    11.5901,  -161.64,    11.5901,    78.36,          0,     0.00, 1.51559E-006,    -9.61
Line.L_CEI_MT_171994, 3.16684E-009,   -53.97, 1.86265E-009,   180.00, 4.39304E-009,    57.99,          0,     0.00, 2.60313E-009,    26.57, 3.0268E-009,    90.00, 1.56188E-009,    26.57, 4.165E-009,  -116.57,          0,     0.00, 4.65661E-010,   180.00
Line.L_CEI_MT_171995, 6.98492E-010,   -90.00, 2.0825E-009,    63.43, 1.91997E-009,   104.04,          0,     0.00, 3.06241E-009,    81.25, 1.62981E-009,   -90.00, 1.81847E-009,  -140.19, 3.75428E-009,   -82.87,          0,     0.00, 6.58545E-009,   -98.13
Line.L_CEI_MT_172004, 2.9451E-009,   -71.57, 4.41765E-009,  -161.57, 3.75428E-009,    97.13,          0,     0.00, 3.75428E-009,  -172.87, 3.6145E-009,   104.93, 6.58956E-009,    32.01, 9.31323E-010,     0.00,          0,     0.00, 8.94506E-009,    51.34
Line.L_CEI_MT_172005, 9.31323E-010,     0.00, 1.97563E-009,   135.00, 4.165E-009,    63.43,          0,     0.00, 5.30936E-009,    74.74, 1.49084E-009,  -128.66, 1.87714E-009,    -7.13, 9.31323E-010,   180.00,          0,     0.00, 1.39698E-009,   -90.00
Line.L_CEI_MT_13478A,    4.23005,   -41.68,    4.23005,  -161.68,    4.23005,    78.32,          0,     0.00, 1.32133E-006,   -62.03,    4.23005,   138.32,    4.23005,    18.32,    4.23005,  -101.68,          0,     0.00, 1.32206E-006,   117.77
Line.L_CEI_MT_12338A,    31.7494,   138.31,    31.7494,    18.31,    31.7494,  -101.69,          0,     0.00, 1.43609E-006,    19.84,    31.7494,   -41.69,    31.7494,  -161.69,    31.7494,    78.31,          0,     0.00, 1.43701E-006,  -160.23
Line.L_CEI_MT_14799,    2.11848,   -41.70,    2.11848,  -161.70,    2.11848,    78.30,          0,     0.00, 1.12628E-008,  -150.26,    2.11848,   138.30,    2.11848,    18.30,    2.11848,  -101.70,          0,     0.00, 1.16787E-008,    -4.57
Line.L_CEI_MT_14800,    6.88503,   -41.70,    6.88503,  -161.70,    6.88503,    78.30,          0,     0.00, 3.08226E-008,  -169.11,    6.88503,   138.30,    6.88503,    18.30,    6.88503,  -101.70,          0,     0.00, 3.46355E-008,     5.79
Line.L_CEI_MT_14801,    6.88503,   138.30,    6.88503,    18.30,    6.88503,  -101.70,          0,     0.00, 3.62536E-008,     8.49,    6.88503,   -41.70,    6.88503,  -161.70,    6.88503,    78.30,          0,     0.00, 3.28357E-008,  -173.08
Line.L_CEI_MT_14802,    4.76655,   -41.70,    4.76655,  -161.70,    4.76655,    78.30,          0,     0.00, 1.7286E-008,  -152.74,    4.76655,   138.30,    4.76655,    18.30,    4.76655,  -101.70,          0,     0.00, 1.98111E-008,    23.55
Line.L_CEI_MT_14803,    4.76655,   -41.70,    4.76655,  -161.70,    4.76655,    78.30,          0,     0.00, 2.69963E-008,  -165.00,    4.76655,   138.30,    4.76655,    18.30,    4.76655,  -101.70,          0,     0.00, 3.12236E-008,    17.35
Line.L_CEI_MT_14804,    4.76655,   -41.70,    4.76655,  -161.70,    4.76655,    78.30,          0,     0.00, 2.1891E-008,  -178.78,    4.76655,   138.30,    4.76655,    18.30,    4.76655,  -101.70,          0,     0.00, 2.37487E-008,     0.00
Line.L_CEI_MT_14805,    4.76655,   -41.70,    4.76655,  -161.70,    4.76655,    78.30,          0,     0.00, 3.09621E-008,  -167.85,    4.76655,   138.30,    4.76655,    18.30,    4.76655,  -101.70,          0,     0.00, 2.96345E-008,     8.13
Line.L_CEI_MT_14806,    1.05926,   -41.70,    1.05926,  -161.70,    1.05926,    78.30,          0,     0.00, 7.39581E-009,   151.82,    1.05926,   138.30,    1.05926,    18.30,    1.05926,  -101.70,          0,     0.00, 5.82077E-009,    16.26
Line.L_CEI_MT_14807,    1.05926,   138.30,    1.05926,    18.30,    1.05926,  -101.70,          0,     0.00, 8.76446E-009,    16.99,    1.05926,   -41.70,    1.05926,  -161.70,    1.05926,    78.30,          0,     0.00, 5.12756E-009,  -177.40
Line.L_CEI_MT_14808,    1.05926,   -41.70,    1.05926,  -161.70,    1.05926,    78.30,          0,     0.00, 2.83251E-009,   170.54,    1.05926,   138.30,    1.05926,    18.30,    1.05926,  -101.70,          0,     0.00, 5.30936E-009,    15.26
Line.L_CEI_MT_14809,     43.959,   -41.70,     43.959,  -161.70,     43.959,    78.30,          0,     0.00, 1.44011E-005,   -18.02,     43.959,   138.30,     43.959,    18.30,     43.959,  -101.70,          0,     0.00, 1.44037E-005,   161.99
Line.L_CEI_MT_14810,    1.58909,   138.30,    1.58909,    18.30,    1.58909,  -101.70,          0,     0.00, 8.89645E-009,     6.01,    1.58909,   -41.70,    1.58909,  -161.70,    1.58909,    78.30,          0,     0.00, 7.52299E-009,  -158.20
Line.L_CEI_MT_14811,    4.77218,   -41.71,    4.77218,  -161.71,    4.77218,    78.29,          0,     0.00, 4.56829E-008,   177.37,    4.77218,   138.29,    4.77218,    18.29,    4.77218,  -101.71,          0,     0.00, 4.79993E-008,     2.22
Line.L_CEI_MT_14812,    4.77218,   -41.71,    4.77218,  -161.71,    4.77218,    78.29,          0,     0.00, 3.72558E-008,  -179.28,    4.77218,   138.29,    4.77218,    18.29,    4.77218,  -101.71,          0,     0.00, 4.14445E-008,     0.32
Line.L_CEI_MT_14813,    4.77218,   -41.71,    4.77218,  -161.71,    4.77218,    78.29,          0,     0.00, 4.42899E-008,   171.23,    4.77218,   138.29,    4.77218,    18.29,    4.77218,  -101.71,          0,     0.00, 4.24161E-008,    -2.52
Line.L_CEI_MT_14814,    4.77218,   -41.71,    4.77218,  -161.71,    4.77218,    78.29,          0,     0.00, 4.33165E-008,  -178.77,    4.77218,   138.29,    4.77218,    18.29,    4.77218,  -101.71,          0,     0.00, 3.99113E-008,     7.37
Line.L_CEI_MT_14815,    4.77218,   -41.71,    4.77218,  -161.71,    4.77218,    78.29,          0,     0.00, 3.70252E-008,   173.50,    4.77218,   138.29,    4.77218,    18.29,    4.77218,  -101.71,          0,     0.00, 3.44715E-008,     1.55
Line.L_CEI_MT_14816,    4.77218,   -41.71,    4.77218,  -161.71,    4.77218,    78.29,          0,     0.00, 3.74879E-008,   173.58,    4.77218,   138.29,    4.77218,    18.29,    4.77218,  -101.71,          0,     0.00, 3.79771E-008,    -6.69
Line.L_CEI_MT_14817,    4.77218,   -41.71,    4.77218,  -161.71,    4.77218,    78.29,          0,     0.00, 3.25996E-008,  -179.18,    4.77218,   138.29,    4.77218,    18.29,    4.77218,  -101.71,          0,     0.00, 3.46855E-008,     6.55
Line.L_CEI_MT_14818,    4.77218,   -41.71,    4.77218,  -161.71,    4.77218,    78.29,          0,     0.00, 2.9933E-008,  -174.64,    4.77218,   138.29,    4.77218,    18.29,    4.77218,  -101.71,          0,     0.00, 3.1221E-008,     2.14
Line.L_CEI_MT_14819,    4.77218,   -41.71,    4.77218,  -161.71,    4.77218,    78.29,          0,     0.00, 2.98469E-008,   176.87,    4.77218,   138.29,    4.77218,    18.29,    4.77218,  -101.71,          0,     0.00, 2.8931E-008,    -3.69
Line.L_CEI_MT_14820,    4.77218,   -41.71,    4.77218,  -161.71,    4.77218,    78.29,          0,     0.00, 2.9308E-008,  -165.74,    4.77218,   138.29,    4.77218,    18.29,    4.77218,  -101.71,          0,     0.00, 2.8133E-008,    12.43
Line.L_CEI_MT_14821,    4.77218,   -41.71,    4.77218,  -161.71,    4.77218,    78.29,          0,     0.00, 2.25317E-008,  -166.25,    4.77218,   138.29,    4.77218,    18.29,    4.77218,  -101.71,          0,     0.00, 2.13647E-008,    16.46
Line.L_CEI_MT_14822,    4.77218,   -41.71,    4.77218,  -161.71,    4.77218,    78.29,          0,     0.00, 2.33249E-008,  -176.57,    4.77218,   138.29,    4.77218,    18.29,    4.77218,  -101.71,          0,     0.00, 2.47338E-008,    -3.78
Line.L_CEI_MT_14823,    4.77218,   -41.71,    4.77218,  -161.71,    4.77218,    78.29,          0,     0.00, 2.34882E-008,  -162.10,    4.77218,   138.29,    4.77218,    18.29,    4.77218,  -101.71,          0,     0.00, 2.28364E-008,    16.59
Line.L_CEI_MT_14824,    4.77218,   -41.71,    4.77218,  -161.71,    4.77218,    78.29,          0,     0.00, 3.36986E-008,  -168.85,    4.77218,   138.29,    4.77218,    18.29,    4.77218,  -101.71,          0,     0.00, 3.30915E-008,    13.84
Line.L_CEI_MT_14825,    434.692,   -41.66,    434.692,  -161.66,    434.692,    78.34,          0,     0.00, 0.000157303,   -19.96,    434.692,   138.34,    434.692,    18.34,    434.692,  -101.66,          0,     0.00, 0.000157305,   160.05
Line.L_CEI_MT_14826,    434.692,   -41.66,    434.692,  -161.66,    434.692,    78.34,          0,     0.00, 0.000157303,   -19.95,    434.692,   138.34,    434.692,    18.34,    434.692,  -101.66,          0,     0.00, 0.000157304,   160.05
Line.L_CEI_MT_14827,    2.11579,   -41.69,    2.11579,  -161.69,    2.11579,    78.31,          0,     0.00, 1.68734E-008,  -152.02,    2.11579,   138.31,    2.11579,    18.31,    2.11579,  -101.69,          0,     0.00, 1.38627E-008,    29.15
Line.L_CEI_MT_14828,    2.11579,   138.31,    2.11579,    18.31,    2.11579,  -101.69,          0,     0.00, 1.40395E-008,    -5.71,    2.11579,   -41.69,    2.11579,  -161.69,    2.11579,    78.31,          0,     0.00, 1.37449E-008,  -169.26
Line.L_CEI_MT_14829,    221.231,   -41.65,    221.231,  -161.65,    221.231,    78.35,          0,     0.00, 7.71595E-005,   -17.22,    221.231,   138.35,    221.231,    18.35,    221.231,  -101.65,          0,     0.00, 7.71599E-005,   162.78
Line.L_CEI_MT_14830,    1.58831,   -41.70,    1.58831,  -161.70,    1.58831,    78.30,          0,     0.00, 1.3892E-008,  -140.44,    1.58831,   138.30,    1.58831,    18.30,    1.58831,  -101.70,          0,     0.00, 1.2812E-008,    19.09
Line.L_CEI_MT_14831,    272.036,   138.34,    272.036,    18.34,    272.036,  -101.66,          0,     0.00, 0.000103715,   162.10,    272.036,   -41.66,    272.036,  -161.66,    272.036,    78.34,          0,     0.00, 0.000103716,   -17.90
Line.L_CEI_MT_14832,    273.625,   138.34,    273.624,    18.34,    273.624,  -101.66,          0,     0.00, 0.000103701,   162.09,    273.625,   -41.66,    273.624,  -161.66,    273.624,    78.34,          0,     0.00, 0.000103703,   -17.91
Line.L_CEI_MT_14833,    272.036,   138.34,    272.036,    18.34,    272.036,  -101.66,          0,     0.00, 0.000103717,   162.10,    272.036,   -41.66,    272.036,  -161.66,    272.036,    78.34,          0,     0.00, 0.000103715,   -17.90
Line.L_CEI_MT_14834,    272.036,   138.34,    272.036,    18.34,    272.036,  -101.66,          0,     0.00, 0.000103716,   162.10,    272.036,   -41.66,    272.036,  -161.66,    272.036,    78.34,          0,     0.00, 0.000103713,   -17.90
Line.L_CEI_MT_14835,    272.036,   138.34,    272.036,    18.34,    272.036,  -101.66,          0,     0.00, 0.000103715,   162.10,    272.036,   -41.66,    272.036,  -161.66,    272.036,    78.34,          0,     0.00, 0.000103718,   -17.90
Line.L_CEI_MT_14836,    272.036,   138.34,    272.036,    18.34,    272.036,  -101.66,          0,     0.00, 0.000103717,   162.10,    272.036,   -41.66,    272.036,  -161.66,    272.036,    78.34,          0,     0.00, 0.000103718,   -17.90
Line.L_CEI_MT_14837,    264.096,   138.34,    264.096,    18.34,    264.096,  -101.66,          0,     0.00, 0.000103464,   162.15,    264.096,   -41.66,    264.096,  -161.66,    264.096,    78.34,          0,     0.00, 0.000103461,   -17.85
Line.L_CEI_MT_14838,    7.41071,   138.30,    7.41071,    18.30,    7.41071,  -101.70,          0,     0.00, 3.74973E-006,   154.27,    7.41071,   -41.70,    7.41071,  -161.70,    7.41071,    78.30,          0,     0.00, 3.74872E-006,   -25.70
Line.L_CEI_MT_14839,    7.41071,   138.30,    7.41071,    18.30,    7.41071,  -101.70,          0,     0.00, 3.75609E-006,   154.38,    7.41071,   -41.70,    7.41071,  -161.70,    7.41071,    78.30,          0,     0.00, 3.75645E-006,   -25.58
Line.L_CEI_MT_14840,    7.41071,   138.30,    7.41071,    18.30,    7.41071,  -101.70,          0,     0.00, 1.46563E-006,   146.61,    7.41071,   -41.70,    7.41071,  -161.70,    7.41071,    78.30,          0,     0.00, 1.46731E-006,   -33.39
Line.L_CEI_MT_14841,    7.41071,   138.30,    7.41071,    18.30,    7.41071,  -101.70,          0,     0.00, 1.46384E-006,   146.72,    7.41071,   -41.70,    7.41071,  -161.70,    7.41071,    78.30,          0,     0.00, 1.46615E-006,   -33.35
Line.L_CEI_MT_14842,    7.41071,   138.30,    7.41071,    18.30,    7.41071,  -101.70,          0,     0.00, 1.46976E-006,   146.63,    7.41071,   -41.70,    7.41071,  -161.70,    7.41071,    78.30,          0,     0.00, 1.46964E-006,   -33.33
Line.L_CEI_MT_14843,    7.41071,   138.30,    7.41071,    18.30,    7.41071,  -101.70,          0,     0.00, 1.46349E-006,   146.91,    7.41071,   -41.70,    7.41071,  -161.70,    7.41071,    78.30,          0,     0.00, 1.46282E-006,   -33.19
Line.L_CEI_MT_14844,    4.76403,   -41.70,    4.76403,  -161.70,    4.76403,    78.30,          0,     0.00, 1.46213E-006,   -32.91,    4.76403,   138.30,    4.76403,    18.30,    4.76403,  -101.70,          0,     0.00, 1.46253E-006,   147.13
Line.L_CEI_MT_14845,    4.76403,   138.30,    4.76403,    18.30,    4.76403,  -101.70,          0,     0.00, 1.46443E-006,   147.02,    4.76403,   -41.70,    4.76403,  -161.70,    4.76403,    78.30,          0,     0.00, 1.46614E-006,   -32.89
Line.L_CEI_MT_14846,    4.76403,   -41.70,    4.76403,  -161.70,    4.76403,    78.30,          0,     0.00, 3.07478E-008,   178.26,    4.76403,   138.30,    4.76403,    18.30,    4.76403,  -101.70,          0,     0.00, 3.2134E-008,     0.83
Line.L_CEI_MT_14847,    7.94032,   138.30,    7.94032,    18.30,    7.94032,  -101.70,          0,     0.00, 5.18748E-008,    11.92,    7.94032,   -41.70,    7.94032,  -161.70,    7.94032,    78.30,          0,     0.00, 5.40669E-008,  -172.08
Line.L_CEI_MT_14848,    2.64668,   138.30,    2.64668,    18.30,    2.64668,  -101.70,          0,     0.00, 1.16508E-008,    -2.29,    2.64668,   -41.70,    2.64668,  -161.70,    2.64668,    78.30,          0,     0.00, 9.04151E-009,  -145.49
Line.L_CEI_MT_14849,    2.64668,   138.30,    2.64668,    18.30,    2.64668,  -101.70,          0,     0.00, 1.09604E-008,    12.26,    2.64668,   -41.70,    2.64668,  -161.70,    2.64668,    78.30,          0,     0.00, 8.85063E-009,  -153.43
Line.L_CEI_MT_14850,    2.64668,   138.30,    2.64668,    18.30,    2.64668,  -101.70,          0,     0.00, 1.51608E-008,   -10.62,    2.64668,   -41.70,    2.64668,  -161.70,    2.64668,    78.30,          0,     0.00, 1.75536E-008,   158.20
Line.L_CEI_MT_14851,    2.64668,   138.30,    2.64668,    18.30,    2.64668,  -101.70,          0,     0.00, 1.67848E-008,    23.72,    2.64668,   -41.70,    2.64668,  -161.70,    2.64668,    78.30,          0,     0.00, 1.62648E-008,  -166.76
Line.L_CEI_MT_14852, 8.77666E-007,    23.15, 1.43929E-006,   -37.23, 9.98365E-007,  -102.14,          0,     0.00, 2.3007E-006,   -40.75, 8.78525E-007,  -156.64, 1.43993E-006,   142.86, 1.00038E-006,    77.83,          0,     0.00, 2.29923E-006,   139.31
Line.L_CEI_MT_14853, 8.75532E-007,    22.98, 1.44016E-006,   -37.12, 9.98072E-007,  -102.06,          0,     0.00, 2.30388E-006,   -40.73, 8.75587E-007,  -156.86, 1.44063E-006,   142.92, 9.98463E-007,    77.83,          0,     0.00, 2.30065E-006,   139.29
Line.L_CEI_MT_14854, 1.53342E-006,  -171.76, 2.5443E-006,   144.77, 1.19197E-006,    60.87,          0,     0.00, 3.78608E-006,   142.80, 1.53362E-006,     8.17, 2.54315E-006,   -35.25, 1.19314E-006,  -119.05,          0,     0.00, 3.78833E-006,   -37.25
Line.L_CEI_MT_14855,    2.12215,   138.28,    2.12215,    18.28,    2.12215,  -101.72,          0,     0.00, 9.82314E-009,     5.44,    2.12215,   -41.72,    2.12215,  -161.72,    2.12215,    78.28,          0,     0.00, 9.59985E-009,   165.96
Line.L_CEI_MT_14856,    2.12215,   -41.72,    2.12215,  -161.72,    2.12215,    78.28,          0,     0.00, 1.29885E-008,   165.47,    2.12215,   138.28,    2.12215,    18.28,    2.12215,  -101.72,          0,     0.00, 1.27186E-008,   -23.75
Line.L_CEI_MT_14857,    2.12215,   -41.72,    2.12215,  -161.72,    2.12215,    78.28,          0,     0.00, 1.44655E-008,  -176.31,    2.12215,   138.28,    2.12215,    18.28,    2.12215,  -101.72,          0,     0.00, 9.35968E-009,    -5.71
Line.L_CEI_MT_14858,    2.12215,   -41.72,    2.12215,  -161.72,    2.12215,    78.28,          0,     0.00, 1.5168E-008,  -162.12,    2.12215,   138.28,    2.12215,    18.28,    2.12215,  -101.72,          0,     0.00, 1.16415E-008,    16.26
Line.L_CEI_MT_14859,    2.12215,   -41.72,    2.12215,  -161.72,    2.12215,    78.28,          0,     0.00, 1.31131E-008,  -163.50,    2.12215,   138.28,    2.12215,    18.28,    2.12215,  -101.72,          0,     0.00, 1.15198E-008,    14.04
Line.L_CEI_MT_14860,    7.96556,   -41.73,    7.96556,  -161.73,    7.96556,    78.27,          0,     0.00, 4.63163E-008,  -170.16,    7.96556,   138.27,    7.96556,    18.27,    7.96556,  -101.73,          0,     0.00, 4.83414E-008,    13.37
Line.L_CEI_MT_14861,    2.12448,   -41.73,    2.12448,  -161.73,    2.12448,    78.27,          0,     0.00, 1.2575E-008,   178.94,    2.12448,   138.27,    2.12448,    18.27,    2.12448,  -101.73,          0,     0.00, 1.26073E-008,     4.24
Line.L_CEI_MT_14862,    2.12448,   138.27,    2.12448,    18.27,    2.12448,  -101.73,          0,     0.00, 8.47516E-009,    52.82,    2.12448,   -41.73,    2.12448,  -161.73,    2.12448,    78.27,          0,     0.00, 1.12628E-008,  -150.26
Line.L_CEI_MT_14863,    2.12448,   138.27,    2.12448,    18.27,    2.12448,  -101.73,          0,     0.00, 7.95722E-009,   -20.56,    2.12448,   -41.73,    2.12448,  -161.73,    2.12448,    78.27,          0,     0.00, 7.67988E-009,   165.96
Line.L_CEI_MT_14864,    2.12448,   -41.73,    2.12448,  -161.73,    2.12448,    78.27,          0,     0.00, 1.00522E-008,  -166.61,    2.12448,   138.27,    2.12448,    18.27,    2.12448,  -101.73,          0,     0.00, 9.49766E-009,    11.31
Line.L_CEI_MT_14865,    79.3767,   138.31,    79.3767,    18.31,    79.3767,  -101.69,          0,     0.00, 1.38955E-006,    73.49,    79.3767,   -41.69,    79.3767,  -161.69,    79.3767,    78.31,          0,     0.00, 1.3892E-006,  -106.39
Line.L_CEI_MT_14866,    79.3767,   -41.69,    79.3767,  -161.69,    79.3767,    78.31,          0,     0.00, 1.39423E-006,  -106.21,    79.3767,   138.31,    79.3767,    18.31,    79.3767,  -101.69,          0,     0.00, 1.39751E-006,    73.67
Line.L_CEI_MT_14867,    23.7746,   -41.67,    23.7746,  -161.67,    23.7746,    78.33,          0,     0.00, 1.69727E-007,  -170.05,    23.7746,   138.33,    23.7746,    18.33,    23.7746,  -101.67,          0,     0.00, 1.69309E-007,    10.06
Line.L_CEI_MT_14868,    79.3767,   138.31,    79.3767,    18.31,    79.3767,  -101.69,          0,     0.00, 2.51754E-006,   143.59,    79.3767,   -41.69,    79.3767,  -161.69,    79.3767,    78.31,          0,     0.00, 2.51949E-006,   -36.42
Line.L_CEI_MT_14870,    1.05851,   138.31,    1.05851,    18.31,    1.05851,  -101.69,          0,     0.00, 6.87541E-009,   -28.30,    1.05851,   -41.69,    1.05851,  -161.69,    1.05851,    78.31,          0,     0.00, 9.49766E-009,   168.69
Line.L_CEI_MT_14871,    1.58501,   -41.67,    1.58501,  -161.67,    1.58501,    78.33,          0,     0.00, 9.26947E-009,  -154.72,    1.58501,   138.33,    1.58501,    18.33,    1.58501,  -101.67,          0,     0.00, 1.04774E-008,    36.87
Line.L_CEI_MT_14872,       1.58,   -41.64,       1.58,  -161.64,       1.58,    78.36,          0,     0.00, 1.35543E-008,   175.07,       1.58,   138.36,       1.58,    18.36,       1.58,  -101.64,          0,     0.00, 1.39776E-008,     1.91
Line.L_CEI_MT_14873,       1.58,   -41.64,       1.58,  -161.64,       1.58,    78.36,          0,     0.00, 8.85981E-009,   176.99,       1.58,   138.36,       1.58,    18.36,       1.58,  -101.64,          0,     0.00, 1.03079E-008,   -18.43
Line.L_CEI_MT_14874,     7.9001,   -41.64,     7.9001,  -161.64,     7.9001,    78.36,          0,     0.00, 1.43338E-006,   -34.20,     7.9001,   138.36,     7.9001,    18.36,     7.9001,  -101.64,          0,     0.00, 1.4317E-006,   145.80
Line.L_CEI_MT_14875,     7.9001,   -41.64,     7.9001,  -161.64,     7.9001,    78.36,          0,     0.00, 1.43707E-006,   -33.82,     7.9001,   138.36,     7.9001,    18.36,     7.9001,  -101.64,          0,     0.00, 1.43745E-006,   146.23
Line.L_CEI_MT_14876,     7.9001,   -41.64,     7.9001,  -161.64,     7.9001,    78.36,          0,     0.00, 1.43371E-006,   -33.75,     7.9001,   138.36,     7.9001,    18.36,     7.9001,  -101.64,          0,     0.00, 1.43603E-006,   146.35
Line.L_CEI_MT_14877,     7.9001,   138.36,     7.9001,    18.36,     7.9001,  -101.64,          0,     0.00, 1.44173E-006,   146.57,     7.9001,   -41.64,     7.9001,  -161.64,     7.9001,    78.36,          0,     0.00, 1.44146E-006,   -33.51
Line.L_CEI_MT_14878,     7.9001,   -41.64,     7.9001,  -161.64,     7.9001,    78.36,          0,     0.00, 7.18327E-008,  -166.50,     7.9001,   138.36,     7.9001,    18.36,     7.9001,  -101.64,          0,     0.00, 6.95973E-008,    10.41
Line.L_CEI_MT_14879,     7.9001,   138.36,     7.9001,    18.36,     7.9001,  -101.64,          0,     0.00, 6.3234E-008,     9.32,     7.9001,   -41.64,     7.9001,  -161.64,     7.9001,    78.36,          0,     0.00, 6.25617E-008,  -171.87
Line.L_CEI_MT_14880,    2.10672,   138.36,    2.10672,    18.36,    2.10672,  -101.64,          0,     0.00, 1.39776E-008,     1.91,    2.10672,   -41.64,    2.10672,  -161.64,    2.10672,    78.36,          0,     0.00, 1.82813E-008,  -173.42
Line.L_CEI_MT_14881, 9.58007E-009,  -115.94, 7.91967E-009,   178.32, 9.31323E-009,    53.13,          0,     0.00, 6.58545E-009,  -171.87, 9.37125E-009,    63.43, 6.12482E-009,     8.75, 9.04151E-009,  -124.51,          0,     0.00, 5.45043E-009,    19.98
Line.L_CEI_MT_14882, 6.66725E-009,   -77.91, 6.12482E-009,  -171.25, 7.27386E-009,    50.19,          0,     0.00, 1.86265E-009,   -90.00, 6.2127E-009,   102.99, 5.10637E-009,    24.23, 5.6073E-009,  -138.37,          0,     0.00, 4.52075E-009,   101.89
Line.L_CEI_MT_14883, 4.19095E-009,   -90.00, 2.83251E-009,   170.54, 4.165E-009,    63.43,          0,     0.00, 9.31323E-010,   180.00, 3.95812E-009,    90.00, 2.43082E-009,    16.70, 4.165E-009,  -116.57,          0,     0.00, 1.04125E-009,    63.43
Line.L_CEI_MT_14884, 6.58545E-010,   -45.00, 1.39698E-009,     0.00, 1.86265E-009,    90.00,          0,     0.00, 2.32831E-009,    36.87, 1.41625E-009,   170.54, 1.04125E-009,   153.43, 1.86265E-009,   -90.00,          0,     0.00, 2.60313E-009,  -153.43
Line.L_CEI_MT_14886,    1.05603,   -41.67,    1.05603,  -161.67,    1.05603,    78.33,          0,     0.00, 1.44374E-008,   179.08,    1.05603,   138.33,    1.05603,    18.33,    1.05603,  -101.67,          0,     0.00, 1.49084E-008,     1.79
Line.L_CEI_MT_14887,    1.05603,   -41.67,    1.05603,  -161.67,    1.05603,    78.33,          0,     0.00, 9.87817E-009,   171.87,    1.05603,   138.33,    1.05603,    18.33,    1.05603,  -101.67,          0,     0.00, 1.09604E-008,   -12.26
Line.L_CEI_MT_14888,    1.05603,   -41.67,    1.05603,  -161.67,    1.05603,    78.33,          0,     0.00, 1.38549E-008,  -155.16,    1.05603,   138.33,    1.05603,    18.33,    1.05603,  -101.67,          0,     0.00, 1.19358E-008,    20.56
Line.L_CEI_MT_14889,     7.9048,   138.35,     7.9048,    18.35,     7.9048,  -101.65,          0,     0.00, 7.66462E-008,     4.88,     7.9048,   -41.65,     7.9048,  -161.65,     7.9048,    78.35,          0,     0.00, 7.58513E-008,  -174.01
Line.L_CEI_MT_14890, 1.81847E-009,  -140.19, 2.51845E-009,   123.69, 1.91997E-009,    75.96,          0,     0.00, 3.63693E-009,   129.81, 1.97563E-009,   -45.00, 2.32831E-009,   -53.13, 4.65661E-010,   180.00,          0,     0.00, 4.00577E-009,   -54.46
Line.L_CEI_MT_14891,    345.002,   138.36,    345.002,    18.36,    345.002,  -101.64,          0,     0.00, 0.000103129,   168.90,    345.002,   -41.64,    345.002,  -161.64,    345.002,    78.36,          0,     0.00, 0.00010313,   -11.10
Line.L_CEI_MT_14892,    352.907,   -41.64,    352.907,  -161.64,    352.907,    78.36,          0,     0.00, 0.000103064,   -11.11,    352.907,   138.36,    352.907,    18.36,    352.907,  -101.64,          0,     0.00, 0.000103063,   168.89
Line.L_CEI_MT_14893,    4.74563,   -41.65,    4.74563,  -161.65,    4.74563,    78.35,          0,     0.00, 4.52075E-008,  -177.64,    4.74563,   138.35,    4.74563,    18.35,    4.74563,  -101.65,          0,     0.00, 4.61216E-008,     1.74
Line.L_CEI_MT_14894,    4.74563,   -41.65,    4.74563,  -161.65,    4.74563,    78.35,          0,     0.00, 3.82013E-008,  -170.88,    4.74563,   138.35,    4.74563,    18.35,    4.74563,  -101.65,          0,     0.00, 3.78592E-008,     4.94
Line.L_CEI_MT_14895,    4.74563,   -41.65,    4.74563,  -161.65,    4.74563,    78.35,          0,     0.00, 3.86611E-008,  -178.62,    4.74563,   138.35,    4.74563,    18.35,    4.74563,  -101.65,          0,     0.00, 3.72645E-008,     1.43
Line.L_CEI_MT_14896,    4.74563,   -41.65,    4.74563,  -161.65,    4.74563,    78.35,          0,     0.00, 4.2947E-008,   170.64,    4.74563,   138.35,    4.74563,    18.35,    4.74563,  -101.65,          0,     0.00, 4.11076E-008,    -4.55
Line.L_CEI_MT_14897,    4.74563,   -41.65,    4.74563,  -161.65,    4.74563,    78.35,          0,     0.00, 3.49254E-008,   179.62,    4.74563,   138.35,    4.74563,    18.35,    4.74563,  -101.65,          0,     0.00, 3.4466E-008,     1.16
Line.L_CEI_MT_14898,    4.74563,   -41.65,    4.74563,  -161.65,    4.74563,    78.35,          0,     0.00, 3.16787E-008,  -178.32,    4.74563,   138.35,    4.74563,    18.35,    4.74563,  -101.65,          0,     0.00, 3.07478E-008,    -1.74
Line.L_CEI_MT_14899,    4.74563,   -41.65,    4.74563,  -161.65,    4.74563,    78.35,          0,     0.00, 2.93634E-008,  -169.49,    4.74563,   138.35,    4.74563,    18.35,    4.74563,  -101.65,          0,     0.00, 2.7784E-008,    13.57
Line.L_CEI_MT_14900,    4.74563,   -41.65,    4.74563,  -161.65,    4.74563,    78.35,          0,     0.00, 3.40729E-008,  -176.08,    4.74563,   138.35,    4.74563,    18.35,    4.74563,  -101.65,          0,     0.00, 3.32222E-008,     5.63
Line.L_CEI_MT_14901,    4.74563,   -41.65,    4.74563,  -161.65,    4.74563,    78.35,          0,     0.00, 3.30062E-008,  -163.61,    4.74563,   138.35,    4.74563,    18.35,    4.74563,  -101.65,          0,     0.00, 3.6408E-008,    20.98
Line.L_CEI_MT_14902,    4.74563,   -41.65,    4.74563,  -161.65,    4.74563,    78.35,          0,     0.00, 3.55858E-008,  -173.99,    4.74563,   138.35,    4.74563,    18.35,    4.74563,  -101.65,          0,     0.00, 3.82098E-008,     2.10
Line.L_CEI_MT_19749A,    2.64615,   -41.69,    2.64615,  -161.69,    2.64615,    78.31,          0,     0.00, 9.31323E-009,   180.00,    2.64615,   138.31,    2.64615,    18.31,    2.64615,  -101.69,          0,     0.00, 1.2143E-008,    -4.40
Line.L_CEI_MT_19759A,    2.64263,   -41.68,    2.64263,  -161.68,    2.64263,    78.32,          0,     0.00, 1.39543E-008,  -154.29,    2.64263,   138.32,    2.64263,    18.32,    2.64263,  -101.68,          0,     0.00, 1.66925E-008,    22.99
Line.L_CEI_MT_5182,    4.75749,   138.32,    4.75749,    18.32,    4.75749,  -101.68,          0,     0.00, 3.4022E-008,    -2.35,    4.75749,   -41.68,    4.75749,  -161.68,    4.75749,    78.32,          0,     0.00, 3.54668E-008,  -176.24
Line.L_CEI_MT_5183,    172.216,   138.35,    172.216,    18.35,    172.216,  -101.65,          0,     0.00, 6.40453E-005,   162.95,    172.216,   -41.65,    172.216,  -161.65,    172.216,    78.35,          0,     0.00, 6.40458E-005,   -17.05
Line.L_CEI_MT_5187,    152.383,   138.33,    152.383,    18.33,    152.383,  -101.67,          0,     0.00, 9.55031E-005,   160.71,    152.383,   -41.67,    152.383,  -161.67,    152.383,    78.33,          0,     0.00, 9.55048E-005,   -19.29
Line.L_CEI_MT_5188,    152.383,   138.33,    152.383,    18.33,    152.383,  -101.67,          0,     0.00, 9.55079E-005,   160.71,    152.383,   -41.67,    152.383,  -161.67,    152.383,    78.33,          0,     0.00, 9.55064E-005,   -19.29
Line.L_CEI_MT_5189,    152.383,   138.33,    152.383,    18.33,    152.383,  -101.67,          0,     0.00, 9.5502E-005,   160.70,    152.383,   -41.67,    152.383,  -161.67,    152.383,    78.33,          0,     0.00, 9.55018E-005,   -19.29
Line.L_CEI_MT_519,    285.538,   138.34,    285.538,    18.34,    285.538,  -101.66,          0,     0.00, 0.000103621,   162.08,    285.538,   -41.66,    285.538,  -161.66,    285.538,    78.34,          0,     0.00, 0.000103624,   -17.92
Line.L_CEI_MT_5190,    152.383,   138.33,    152.383,    18.33,    152.383,  -101.67,          0,     0.00, 9.55034E-005,   160.71,    152.383,   -41.67,    152.383,  -161.67,    152.383,    78.33,          0,     0.00, 9.55027E-005,   -19.29
Line.L_CEI_MT_5191,    152.383,   138.33,    152.383,    18.33,    152.383,  -101.67,          0,     0.00, 9.54975E-005,   160.71,    152.383,   -41.67,    152.383,  -161.67,    152.383,    78.33,          0,     0.00, 9.54957E-005,   -19.29
Line.L_CEI_MT_5192,    152.383,   138.33,    152.383,    18.33,    152.383,  -101.67,          0,     0.00, 9.54967E-005,   160.71,    152.383,   -41.67,    152.383,  -161.67,    152.383,    78.33,          0,     0.00, 9.54961E-005,   -19.29
Line.L_CEI_MT_5193,    152.383,   138.33,    152.383,    18.33,    152.383,  -101.67,          0,     0.00, 9.54963E-005,   160.71,    152.383,   -41.67,    152.383,  -161.67,    152.383,    78.33,          0,     0.00, 9.54968E-005,   -19.29
Line.L_CEI_MT_5194,    152.383,   138.33,    152.383,    18.33,    152.383,  -101.67,          0,     0.00, 9.5497E-005,   160.71,    152.383,   -41.67,    152.383,  -161.67,    152.383,    78.33,          0,     0.00, 9.5497E-005,   -19.29
Line.L_CEI_MT_5195,    1.58549,   138.32,    1.58549,    18.32,    1.58549,  -101.68,          0,     0.00, 2.9658E-006,   147.98,    1.58549,   -41.68,    1.58549,  -161.68,    1.58549,    78.32,          0,     0.00, 2.96664E-006,   -32.06
Line.L_CEI_MT_5196,    1.58549,   138.32,    1.58549,    18.32,    1.58549,  -101.68,          0,     0.00, 2.97188E-006,   147.81,    1.58549,   -41.68,    1.58549,  -161.68,    1.58549,    78.32,          0,     0.00, 2.97509E-006,   -32.21
Line.L_CEI_MT_5197,    1.58549,   138.32,    1.58549,    18.32,    1.58549,  -101.68,          0,     0.00, 2.96735E-006,   147.90,    1.58549,   -41.68,    1.58549,  -161.68,    1.58549,    78.32,          0,     0.00, 2.96847E-006,   -32.14
Line.L_CEI_MT_5198,    1.58549,   138.32,    1.58549,    18.32,    1.58549,  -101.68,          0,     0.00, 2.96851E-006,   147.90,    1.58549,   -41.68,    1.58549,  -161.68,    1.58549,    78.32,          0,     0.00, 2.96813E-006,   -32.19
Line.L_CEI_MT_5199,    1.58549,   138.32,    1.58549,    18.32,    1.58549,  -101.68,          0,     0.00, 2.97234E-006,   147.76,    1.58549,   -41.68,    1.58549,  -161.68,    1.58549,    78.32,          0,     0.00, 2.97401E-006,   -32.24
Line.L_CEI_MT_520,    285.538,   138.34,    285.538,    18.34,    285.538,  -101.66,          0,     0.00, 0.000103626,   162.07,    285.538,   -41.66,    285.538,  -161.66,    285.538,    78.34,          0,     0.00, 0.000103627,   -17.93
Line.L_CEI_MT_5200,    1.58549,   138.32,    1.58549,    18.32,    1.58549,  -101.68,          0,     0.00, 2.973E-006,   147.77,    1.58549,   -41.68,    1.58549,  -161.68,    1.58549,    78.32,          0,     0.00, 2.97592E-006,   -32.26
Line.L_CEI_MT_5201,    1.58549,   -41.68,    1.58549,  -161.68,    1.58549,    78.32,          0,     0.00, 2.97445E-006,   -32.20,    1.58549,   138.32,    1.58549,    18.32,    1.58549,  -101.68,          0,     0.00, 2.97089E-006,   147.84
Line.L_CEI_MT_5202,    1.58549,   138.32,    1.58549,    18.32,    1.58549,  -101.68,          0,     0.00, 2.96821E-006,   147.96,    1.58549,   -41.68,    1.58549,  -161.68,    1.58549,    78.32,          0,     0.00, 2.97029E-006,   -32.04
Line.L_CEI_MT_5203,    1.58549,   138.32,    1.58549,    18.32,    1.58549,  -101.68,          0,     0.00, 2.97214E-006,   147.99,    1.58549,   -41.68,    1.58549,  -161.68,    1.58549,    78.32,          0,     0.00, 2.9714E-006,   -31.99
Line.L_CEI_MT_5204,    1.58549,   138.32,    1.58549,    18.32,    1.58549,  -101.68,          0,     0.00, 2.9708E-006,   148.20,    1.58549,   -41.68,    1.58549,  -161.68,    1.58549,    78.32,          0,     0.00, 2.97395E-006,   -31.85
Line.L_CEI_MT_5205,    1.58549,   138.32,    1.58549,    18.32,    1.58549,  -101.68,          0,     0.00, 1.48894E-006,   147.95,    1.58549,   -41.68,    1.58549,  -161.68,    1.58549,    78.32,          0,     0.00, 1.48618E-006,   -32.12
Line.L_CEI_MT_5206,    1.58549,   138.32,    1.58549,    18.32,    1.58549,  -101.68,          0,     0.00, 1.48243E-006,   148.04,    1.58549,   -41.68,    1.58549,  -161.68,    1.58549,    78.32,          0,     0.00, 1.48238E-006,   -32.02
Line.L_CEI_MT_5207,    1.58549,   138.32,    1.58549,    18.32,    1.58549,  -101.68,          0,     0.00, 1.48525E-006,   147.83,    1.58549,   -41.68,    1.58549,  -161.68,    1.58549,    78.32,          0,     0.00, 1.48896E-006,   -32.22
Line.L_CEI_MT_5208,    1.58549,   138.32,    1.58549,    18.32,    1.58549,  -101.68,          0,     0.00, 1.4833E-006,   147.82,    1.58549,   -41.68,    1.58549,  -161.68,    1.58549,    78.32,          0,     0.00, 1.4822E-006,   -32.28
Line.L_CEI_MT_5209,    1.58549,   138.32,    1.58549,    18.32,    1.58549,  -101.68,          0,     0.00, 1.47725E-006,   148.02,    1.58549,   -41.68,    1.58549,  -161.68,    1.58549,    78.32,          0,     0.00, 1.47942E-006,   -32.01
Line.L_CEI_MT_521,    285.538,   138.34,    285.538,    18.34,    285.538,  -101.66,          0,     0.00, 0.000103617,   162.07,    285.538,   -41.66,    285.538,  -161.66,    285.538,    78.34,          0,     0.00, 0.000103619,   -17.93
Line.L_CEI_MT_5210,    1.58549,   -41.68,    1.58549,  -161.68,    1.58549,    78.32,          0,     0.00, 1.099E-008,  -143.62,    1.58549,   138.32,    1.58549,    18.32,    1.58549,  -101.68,          0,     0.00, 1.19358E-008,    20.56
Line.L_CEI_MT_5211,    150.798,   -41.67,    150.797,  -161.67,    150.797,    78.33,          0,     0.00, 9.20975E-005,   -19.29,    150.798,   138.33,    150.797,    18.33,    150.797,  -101.67,          0,     0.00, 9.20952E-005,   160.70
Line.L_CEI_MT_5212,    1.58547,   138.32,    1.58547,    18.32,    1.58547,  -101.68,          0,     0.00, 1.10686E-008,    22.25,    1.58547,   -41.68,    1.58547,  -161.68,    1.58547,    78.32,          0,     0.00, 1.04644E-008,  -147.72
Line.L_CEI_MT_5213,    149.212,   138.33,    149.212,    18.33,    149.212,  -101.67,          0,     0.00, 9.21075E-005,   160.71,    149.212,   -41.67,    149.212,  -161.67,    149.212,    78.33,          0,     0.00, 9.21096E-005,   -19.29
Line.L_CEI_MT_52130A,    79.3767,   -41.69,    79.3767,  -161.69,    79.3767,    78.31,          0,     0.00, 1.39924E-006,  -106.37,    79.3767,   138.31,    79.3767,    18.31,    79.3767,  -101.69,          0,     0.00, 1.39715E-006,    73.68
Line.L_CEI_MT_5214,    149.212,   138.33,    149.212,    18.33,    149.212,  -101.67,          0,     0.00, 9.21126E-005,   160.71,    149.212,   -41.67,    149.212,  -161.67,    149.212,    78.33,          0,     0.00, 9.21129E-005,   -19.29
Line.L_CEI_MT_5215,    149.212,   138.33,    149.212,    18.33,    149.212,  -101.67,          0,     0.00, 9.21129E-005,   160.71,    149.212,   -41.67,    149.212,  -161.67,    149.212,    78.33,          0,     0.00, 9.21157E-005,   -19.29
Line.L_CEI_MT_5216,    149.212,   138.33,    149.212,    18.33,    149.212,  -101.67,          0,     0.00, 9.21107E-005,   160.71,    149.212,   -41.67,    149.212,  -161.67,    149.212,    78.33,          0,     0.00, 9.21101E-005,   -19.29
Line.L_CEI_MT_5217,    149.212,   -41.67,    149.212,  -161.67,    149.212,    78.33,          0,     0.00, 9.21197E-005,   -19.29,    149.212,   138.33,    149.212,    18.33,    149.212,  -101.67,          0,     0.00, 9.21211E-005,   160.71
Line.L_CEI_MT_5218,    149.212,   138.33,    149.212,    18.33,    149.212,  -101.67,          0,     0.00, 9.21166E-005,   160.71,    149.212,   -41.67,    149.212,  -161.67,    149.212,    78.33,          0,     0.00, 9.21182E-005,   -19.29
Line.L_CEI_MT_5219,    149.212,   -41.67,    149.212,  -161.67,    149.212,    78.33,          0,     0.00, 9.2113E-005,   -19.29,    149.212,   138.33,    149.212,    18.33,    149.212,  -101.67,          0,     0.00, 9.21121E-005,   160.71
Line.L_CEI_MT_522,    285.538,   138.34,    285.538,    18.34,    285.538,  -101.66,          0,     0.00, 0.000103623,   162.08,    285.538,   -41.66,    285.538,  -161.66,    285.538,    78.34,          0,     0.00, 0.000103623,   -17.92
Line.L_CEI_MT_5220,    147.627,   -41.67,    147.627,  -161.67,    147.627,    78.33,          0,     0.00, 8.9817E-005,   -19.26,    147.627,   138.33,    147.627,    18.33,    147.627,  -101.67,          0,     0.00, 8.98177E-005,   160.74
Line.L_CEI_MT_52204,    1.58528,   138.32,    1.58528,    18.32,    1.58528,  -101.68,          0,     0.00, 1.15598E-008,    27.60,    1.58528,   -41.68,    1.58528,  -161.68,    1.58528,    78.32,          0,     0.00, 1.2296E-008,  -161.22
Line.L_CEI_MT_5221,    147.627,   -41.67,    147.627,  -161.67,    147.627,    78.33,          0,     0.00, 8.98188E-005,   -19.26,    147.627,   138.33,    147.627,    18.33,    147.627,  -101.67,          0,     0.00, 8.98158E-005,   160.74
Line.L_CEI_MT_5222,    147.627,   -41.67,    147.627,  -161.67,    147.627,    78.33,          0,     0.00, 8.98185E-005,   -19.26,    147.627,   138.33,    147.627,    18.33,    147.627,  -101.67,          0,     0.00, 8.98166E-005,   160.74
Line.L_CEI_MT_5223,    147.627,   -41.67,    147.627,  -161.67,    147.627,    78.33,          0,     0.00, 8.98185E-005,   -19.26,    147.627,   138.33,    147.627,    18.33,    147.627,  -101.67,          0,     0.00, 8.98154E-005,   160.74
Line.L_CEI_MT_5224,    146.042,   -41.67,    146.042,  -161.67,    146.042,    78.33,          0,     0.00, 8.88808E-005,   -18.90,    146.042,   138.33,    146.042,    18.33,    146.042,  -101.67,          0,     0.00, 8.88789E-005,   161.10
Line.L_CEI_MT_5225,    146.042,   -41.67,    146.042,  -161.67,    146.042,    78.33,          0,     0.00, 8.88797E-005,   -18.90,    146.042,   138.33,    146.042,    18.33,    146.042,  -101.67,          0,     0.00, 8.88788E-005,   161.10
Line.L_CEI_MT_5226,    1.58512,   138.32,    1.58512,    18.32,    1.58512,  -101.68,          0,     0.00, 1.74001E-008,    24.51,    1.58512,   -41.68,    1.58512,  -161.68,    1.58512,    78.32,          0,     0.00, 1.38549E-008,  -155.16
Line.L_CEI_MT_5227,    28.5305,   -41.68,    28.5305,  -161.68,    28.5305,    78.32,          0,     0.00, 1.44756E-005,    -2.11,    28.5305,   138.32,    28.5305,    18.32,    28.5305,  -101.68,          0,     0.00, 1.44737E-005,   177.89
Line.L_CEI_MT_5228,    28.5305,   -41.68,    28.5305,  -161.68,    28.5305,    78.32,          0,     0.00, 1.44709E-005,    -2.11,    28.5305,   138.32,    28.5305,    18.32,    28.5305,  -101.68,          0,     0.00, 1.44691E-005,   177.88
Line.L_CEI_MT_5229,    28.5305,   -41.68,    28.5305,  -161.68,    28.5305,    78.32,          0,     0.00, 1.44762E-005,    -2.12,    28.5305,   138.32,    28.5305,    18.32,    28.5305,  -101.68,          0,     0.00, 1.44733E-005,   177.89
Line.L_CEI_MT_523,    285.538,   138.34,    285.538,    18.34,    285.538,  -101.66,          0,     0.00, 0.000103616,   162.08,    285.538,   -41.66,    285.538,  -161.66,    285.538,    78.34,          0,     0.00, 0.000103621,   -17.93
Line.L_CEI_MT_5230,    28.5305,   -41.68,    28.5305,  -161.68,    28.5305,    78.32,          0,     0.00, 1.44735E-005,    -2.13,    28.5305,   138.32,    28.5305,    18.32,    28.5305,  -101.68,          0,     0.00, 1.4473E-005,   177.87
Line.L_CEI_MT_5231,    28.5305,   -41.68,    28.5305,  -161.68,    28.5305,    78.32,          0,     0.00, 1.4474E-005,    -2.09,    28.5305,   138.32,    28.5305,    18.32,    28.5305,  -101.68,          0,     0.00, 1.4475E-005,   177.91
Line.L_CEI_MT_5232,    28.5305,   -41.68,    28.5305,  -161.68,    28.5305,    78.32,          0,     0.00, 1.44698E-005,    -2.09,    28.5305,   138.32,    28.5305,    18.32,    28.5305,  -101.68,          0,     0.00, 1.44731E-005,   177.90
Line.L_CEI_MT_5233,    28.5305,   -41.68,    28.5305,  -161.68,    28.5305,    78.32,          0,     0.00, 1.44804E-005,    -2.08,    28.5305,   138.32,    28.5305,    18.32,    28.5305,  -101.68,          0,     0.00, 1.44827E-005,   177.92
Line.L_CEI_MT_5234,    28.5305,   -41.68,    28.5305,  -161.68,    28.5305,    78.32,          0,     0.00, 1.44776E-005,    -2.07,    28.5305,   138.32,    28.5305,    18.32,    28.5305,  -101.68,          0,     0.00, 1.44798E-005,   177.94
Line.L_CEI_MT_5235,    28.5305,   -41.68,    28.5305,  -161.68,    28.5305,    78.32,          0,     0.00, 1.44735E-005,    -2.09,    28.5305,   138.32,    28.5305,    18.32,    28.5305,  -101.68,          0,     0.00, 1.44716E-005,   177.92
Line.L_CEI_MT_5236,    28.5305,   -41.68,    28.5305,  -161.68,    28.5305,    78.32,          0,     0.00, 1.44727E-005,    -2.10,    28.5305,   138.32,    28.5305,    18.32,    28.5305,  -101.68,          0,     0.00, 1.44736E-005,   177.90
Line.L_CEI_MT_5237,    28.5305,   -41.68,    28.5305,  -161.68,    28.5305,    78.32,          0,     0.00, 1.44736E-005,    -2.10,    28.5305,   138.32,    28.5305,    18.32,    28.5305,  -101.68,          0,     0.00, 1.44698E-005,   177.91
Line.L_CEI_MT_5238,    25.3604,   -41.68,    25.3603,  -161.68,    25.3603,    78.32,          0,     0.00, 1.38082E-005,    -2.57,    25.3604,   138.32,    25.3603,    18.32,    25.3603,  -101.68,          0,     0.00, 1.3809E-005,   177.44
Line.L_CEI_MT_5239,    25.3604,   -41.68,    25.3603,  -161.68,    25.3603,    78.32,          0,     0.00, 1.38075E-005,    -2.55,    25.3604,   138.32,    25.3603,    18.32,    25.3603,  -101.68,          0,     0.00, 1.38088E-005,   177.46
Line.L_CEI_MT_524,    285.538,   138.34,    285.538,    18.34,    285.538,  -101.66,          0,     0.00, 0.000105077,   161.89,    285.538,   -41.66,    285.538,  -161.66,    285.538,    78.34,          0,     0.00, 0.000105077,   -18.11
Line.L_CEI_MT_5240,    25.3604,   -41.68,    25.3603,  -161.68,    25.3603,    78.32,          0,     0.00, 1.38041E-005,    -2.53,    25.3604,   138.32,    25.3603,    18.32,    25.3603,  -101.68,          0,     0.00, 1.38073E-005,   177.47
Line.L_CEI_MT_5241,    25.3604,   -41.68,    25.3603,  -161.68,    25.3603,    78.32,          0,     0.00, 1.38103E-005,    -2.51,    25.3604,   138.32,    25.3603,    18.32,    25.3603,  -101.68,          0,     0.00, 1.38135E-005,   177.50
Line.L_CEI_MT_5242,     2.1134,   138.32,     2.1134,    18.32,     2.1134,  -101.68,          0,     0.00, 1.36022E-008,     6.88,     2.1134,   -41.68,     2.1134,  -161.68,     2.1134,    78.32,          0,     0.00, 1.58599E-008,  -176.63
Line.L_CEI_MT_5243,     23.247,   -41.68,    23.2469,  -161.68,     23.247,    78.32,          0,     0.00, 1.16553E-005,     0.97,     23.247,   138.32,    23.2469,    18.32,     23.247,  -101.68,          0,     0.00, 1.16572E-005,  -179.02
Line.L_CEI_MT_5244,     23.247,   -41.68,    23.2469,  -161.68,     23.247,    78.32,          0,     0.00, 1.16568E-005,     1.00,     23.247,   138.32,    23.2469,    18.32,     23.247,  -101.68,          0,     0.00, 1.16592E-005,  -178.99
Line.L_CEI_MT_5245,     23.247,   -41.68,    23.2469,  -161.68,     23.247,    78.32,          0,     0.00, 1.1661E-005,     1.01,     23.247,   138.32,    23.2469,    18.32,     23.247,  -101.68,          0,     0.00, 1.16578E-005,  -178.99
Line.L_CEI_MT_5246,     23.247,   -41.68,    23.2469,  -161.68,     23.247,    78.32,          0,     0.00, 1.16569E-005,     1.03,     23.247,   138.32,    23.2469,    18.32,     23.247,  -101.68,          0,     0.00, 1.16536E-005,  -178.98
Line.L_CEI_MT_5247,    12.6802,   -41.68,    12.6802,  -161.68,    12.6802,    78.32,          0,     0.00, 6.10925E-006,    -6.70,    12.6802,   138.32,    12.6802,    18.32,    12.6802,  -101.68,          0,     0.00, 6.11195E-006,   173.35
Line.L_CEI_MT_5248,    12.6802,   138.32,    12.6802,    18.32,    12.6802,  -101.68,          0,     0.00, 6.11089E-006,   173.32,    12.6802,   -41.68,    12.6802,  -161.68,    12.6802,    78.32,          0,     0.00, 6.10993E-006,    -6.71
Line.L_CEI_MT_5249,    12.6802,   -41.68,    12.6802,  -161.68,    12.6802,    78.32,          0,     0.00, 6.10561E-006,    -6.74,    12.6802,   138.32,    12.6802,    18.32,    12.6802,  -101.68,          0,     0.00, 6.10637E-006,   173.27
Line.L_CEI_MT_525,    285.538,   138.34,    285.538,    18.34,    285.538,  -101.66,          0,     0.00, 0.000105078,   161.89,    285.538,   -41.66,    285.538,  -161.66,    285.538,    78.34,          0,     0.00, 0.000105081,   -18.11
Line.L_CEI_MT_5250,    9.51013,   -41.68,    9.51012,  -161.68,    9.51012,    78.32,          0,     0.00, 5.46583E-006,    -8.36,    9.51013,   138.32,    9.51012,    18.32,    9.51012,  -101.68,          0,     0.00, 5.46549E-006,   171.66
Line.L_CEI_MT_5251,    4.75507,   -41.68,    4.75507,  -161.68,    4.75507,    78.32,          0,     0.00, 2.72043E-008,  -173.12,    4.75507,   138.32,    4.75507,    18.32,    4.75507,  -101.68,          0,     0.00, 2.60812E-008,    -1.02
Line.L_CEI_MT_5252,    4.75507,   138.32,    4.75507,    18.32,    4.75507,  -101.68,          0,     0.00, 3.28646E-008,     7.33,    4.75507,   -41.68,    4.75507,  -161.68,    4.75507,    78.32,          0,     0.00, 3.36857E-008,  -174.45
Line.L_CEI_MT_5253,    4.75506,   -41.68,    4.75506,  -161.68,    4.75506,    78.32,          0,     0.00, 3.7545E-006,   -25.55,    4.75506,   138.32,    4.75506,    18.32,    4.75506,  -101.68,          0,     0.00, 3.75518E-006,   154.49
Line.L_CEI_MT_5254,    4.75506,   -41.68,    4.75506,  -161.68,    4.75506,    78.32,          0,     0.00, 3.75227E-006,   -25.50,    4.75506,   138.32,    4.75506,    18.32,    4.75506,  -101.68,          0,     0.00, 3.75594E-006,   154.52
Line.L_CEI_MT_5255,    4.75506,   -41.68,    4.75506,  -161.68,    4.75506,    78.32,          0,     0.00, 3.75658E-006,   -25.39,    4.75506,   138.32,    4.75506,    18.32,    4.75506,  -101.68,          0,     0.00, 3.75862E-006,   154.58
Line.L_CEI_MT_5256,    1.58502,   -41.68,    1.58502,  -161.68,    1.58502,    78.32,          0,     0.00, 1.48678E-006,   -32.19,    1.58502,   138.32,    1.58502,    18.32,    1.58502,  -101.68,          0,     0.00, 1.48307E-006,   147.87
Line.L_CEI_MT_5257,    3.17004,   -41.68,    3.17004,  -161.68,    3.17004,    78.32,          0,     0.00, 3.06347E-008,  -160.46,    3.17004,   138.32,    3.17004,    18.32,    3.17004,  -101.68,          0,     0.00, 3.0386E-008,    15.10
Line.L_CEI_MT_5258,    3.17004,   -41.68,    3.17004,  -161.68,    3.17004,    78.32,          0,     0.00, 3.06099E-008,  -166.81,    3.17004,   138.32,    3.17004,    18.32,    3.17004,  -101.68,          0,     0.00, 2.96683E-008,     8.58
Line.L_CEI_MT_5259,    3.17004,   -41.68,    3.17004,  -161.68,    3.17004,    78.32,          0,     0.00, 1.93179E-008,  -164.62,    3.17004,   138.32,    3.17004,    18.32,    3.17004,  -101.68,          0,     0.00, 1.70778E-008,    11.00
Line.L_CEI_MT_526,    16.6843,   -41.70,    16.6843,  -161.70,    16.6843,    78.30,          0,     0.00, 6.06925E-006,   -29.89,    16.6843,   138.30,    16.6843,    18.30,    16.6843,  -101.70,          0,     0.00, 6.06705E-006,   150.13
Line.L_CEI_MT_5260,    3.17004,   -41.68,    3.17004,  -161.68,    3.17004,    78.32,          0,     0.00, 2.00518E-008,  -167.25,    3.17004,   138.32,    3.17004,    18.32,    3.17004,  -101.68,          0,     0.00, 2.17482E-008,    15.52
Line.L_CEI_MT_5261,    1.58502,   -41.68,    1.58502,  -161.68,    1.58502,    78.32,          0,     0.00, 1.04125E-008,  -153.43,    1.58502,   138.32,    1.58502,    18.32,    1.58502,  -101.68,          0,     0.00, 1.15879E-008,    22.44
Line.L_CEI_MT_5262,    1.58502,   -41.68,    1.58502,  -161.68,    1.58502,    78.32,          0,     0.00, 1.06187E-008,   164.74,    1.58502,   138.32,    1.58502,    18.32,    1.58502,  -101.68,          0,     0.00, 1.133E-008,    -9.46
Line.L_CEI_MT_5263,    1.58502,   -41.68,    1.58502,  -161.68,    1.58502,    78.32,          0,     0.00, 1.27866E-008,  -146.89,    1.58502,   138.32,    1.58502,    18.32,    1.58502,  -101.68,          0,     0.00, 1.29132E-008,    25.64
Line.L_CEI_MT_5264,    57.6561,   138.31,    57.6561,    18.31,    57.6561,  -101.69,          0,     0.00, 2.5434E-005,   157.00,    57.6561,   -41.69,    57.6561,  -161.69,    57.6561,    78.31,          0,     0.00, 2.543E-005,   -23.00
Line.L_CEI_MT_5266,    41.7872,   138.31,    41.7871,    18.31,    41.7871,  -101.69,          0,     0.00, 2.55252E-005,   157.12,    41.7872,   -41.69,    41.7871,  -161.69,    41.7871,    78.31,          0,     0.00, 2.55249E-005,   -22.88
Line.L_CEI_MT_52662A,    1.58627,   138.32,    1.58627,    18.32,    1.58627,  -101.68,          0,     0.00, 9.12803E-009,    52.25,    1.58627,   -41.68,    1.58627,  -161.68,    1.58627,    78.32,          0,     0.00, 9.18428E-009,  -120.47
Line.L_CEI_MT_5267,    41.7872,   -41.69,    41.7871,  -161.69,    41.7871,    78.31,          0,     0.00, 2.4059E-005,   -22.34,    41.7872,   138.31,    41.7871,    18.31,    41.7871,  -101.69,          0,     0.00, 2.40583E-005,   157.67
Line.L_CEI_MT_5268,    5.81855,   -41.69,    5.81855,  -161.69,    5.81855,    78.31,          0,     0.00, 1.46316E-006,   -32.36,    5.81855,   138.31,    5.81855,    18.31,    5.81855,  -101.69,          0,     0.00, 1.46619E-006,   147.52
Line.L_CEI_MT_5269,    5.81855,   -41.69,    5.81855,  -161.69,    5.81855,    78.31,          0,     0.00, 3.73575E-008,   175.71,    5.81855,   138.31,    5.81855,    18.31,    5.81855,  -101.69,          0,     0.00, 3.59314E-008,    -3.72
Line.L_CEI_MT_527,    16.6843,   -41.70,    16.6843,  -161.70,    16.6843,    78.30,          0,     0.00, 6.07028E-006,   -29.85,    16.6843,   138.30,    16.6843,    18.30,    16.6843,  -101.70,          0,     0.00, 6.07011E-006,   150.14
Line.L_CEI_MT_5270,    26.4474,   138.31,    26.4473,    18.31,    26.4474,  -101.69,          0,     0.00, 1.10224E-005,  -175.81,    26.4474,   -41.69,    26.4473,  -161.69,    26.4474,    78.31,          0,     0.00, 1.10234E-005,     4.20
Line.L_CEI_MT_5271,    26.4474,   138.31,    26.4473,    18.31,    26.4474,  -101.69,          0,     0.00, 1.10391E-005,  -175.81,    26.4474,   -41.69,    26.4473,  -161.69,    26.4474,    78.31,          0,     0.00, 1.10386E-005,     4.18
Line.L_CEI_MT_5272,    1.05791,   -41.69,    1.05791,  -161.69,    1.05791,    78.31,          0,     0.00, 9.99817E-009,  -152.24,    1.05791,   138.31,    1.05791,    18.31,    1.05791,  -101.69,          0,     0.00, 1.00522E-008,    13.39
Line.L_CEI_MT_5273,    25.3894,   138.31,    25.3894,    18.31,    25.3894,  -101.69,          0,     0.00, 8.99536E-006,  -169.65,    25.3894,   -41.69,    25.3894,  -161.69,    25.3894,    78.31,          0,     0.00, 8.99416E-006,    10.36
Line.L_CEI_MT_5274,    25.3894,   138.31,    25.3894,    18.31,    25.3894,  -101.69,          0,     0.00, 8.99432E-006,  -169.64,    25.3894,   -41.69,    25.3894,  -161.69,    25.3894,    78.31,          0,     0.00, 8.99162E-006,    10.37
Line.L_CEI_MT_5275,    3.17372,   138.31,    3.17372,    18.31,    3.17372,  -101.69,          0,     0.00, 2.52101E-006,  -134.49,    3.17372,   -41.69,    3.17372,  -161.69,    3.17372,    78.31,          0,     0.00, 2.52033E-006,    45.46
Line.L_CEI_MT_5276,    1.58686,   138.31,    1.58686,    18.31,    1.58686,  -101.69,          0,     0.00, 1.22938E-008,   -24.62,    1.58686,   -41.69,    1.58686,  -161.69,    1.58686,    78.31,          0,     0.00, 1.0871E-008,   170.13
Line.L_CEI_MT_5277,    1.58686,   -41.69,    1.58686,  -161.69,    1.58686,    78.31,          0,     0.00, 1.36658E-008,  -171.18,    1.58686,   138.31,    1.58686,    18.31,    1.58686,  -101.69,          0,     0.00, 1.32877E-008,   -11.11
Line.L_CEI_MT_5278,    1.58686,   138.31,    1.58686,    18.31,    1.58686,  -101.69,          0,     0.00, 9.2108E-009,    16.14,    1.58686,   -41.69,    1.58686,  -161.69,    1.58686,    78.31,          0,     0.00, 1.20196E-008,  -148.47
Line.L_CEI_MT_5279,    1.58686,   138.31,    1.58686,    18.31,    1.58686,  -101.69,          0,     0.00, 1.2143E-008,     4.40,    1.58686,   -41.69,    1.58686,  -161.69,    1.58686,    78.31,          0,     0.00, 1.12146E-008,   175.24
Line.L_CEI_MT_528,    16.6843,   -41.70,    16.6843,  -161.70,    16.6843,    78.30,          0,     0.00, 6.07152E-006,   -29.94,    16.6843,   138.30,    16.6843,    18.30,    16.6843,  -101.70,          0,     0.00, 6.06907E-006,   150.12
Line.L_CEI_MT_5280,    22.2157,   138.31,    22.2157,    18.31,    22.2157,  -101.69,          0,     0.00, 4.9564E-006,  -172.59,    22.2157,   -41.69,    22.2157,  -161.69,    22.2157,    78.31,          0,     0.00, 4.95618E-006,     7.43
Line.L_CEI_MT_5281,    22.2157,   138.31,    22.2157,    18.31,    22.2157,  -101.69,          0,     0.00, 4.95319E-006,  -172.55,    22.2157,   -41.69,    22.2157,  -161.69,    22.2157,    78.31,          0,     0.00, 4.95187E-006,     7.46
Line.L_CEI_MT_5282,    2.11581,   138.31,    2.11581,    18.31,    2.11581,  -101.69,          0,     0.00, 1.57087E-008,    11.98,    2.11581,   -41.69,    2.11581,  -161.69,    2.11581,    78.31,          0,     0.00, 1.777E-008,   174.74
Line.L_CEI_MT_5283,    2.64476,   138.31,    2.64475,    18.31,    2.64475,  -101.69,          0,     0.00, 1.52454E-006,   133.80,    2.64476,   -41.69,    2.64475,  -161.69,    2.64475,    78.31,          0,     0.00, 1.52446E-006,   -46.34
Line.L_CEI_MT_5284,    2.64476,   138.31,    2.64475,    18.31,    2.64475,  -101.69,          0,     0.00, 1.5223E-006,   133.69,    2.64476,   -41.69,    2.64475,  -161.69,    2.64475,    78.31,          0,     0.00, 1.52603E-006,   -46.23
Line.L_CEI_MT_5285,    2.64476,   138.31,    2.64475,    18.31,    2.64475,  -101.69,          0,     0.00, 1.52077E-006,   133.50,    2.64476,   -41.69,    2.64475,  -161.69,    2.64475,    78.31,          0,     0.00, 1.51976E-006,   -46.46
Line.L_CEI_MT_5286,    2.64476,   -41.69,    2.64476,  -161.69,    2.64476,    78.31,          0,     0.00, 2.09599E-008,  -178.73,    2.64476,   138.31,    2.64476,    18.31,    2.64476,  -101.69,          0,     0.00, 2.28364E-008,     2.34
Line.L_CEI_MT_5287,    1.58682,   138.31,    1.58682,    18.31,    1.58682,  -101.69,          0,     0.00, 5.20625E-009,   -26.57,    1.58682,   -41.69,    1.58682,  -161.69,    1.58682,    78.31,          0,     0.00, 8.99341E-009,   158.75
Line.L_CEI_MT_5288,    1.58682,   138.31,    1.58682,    18.31,    1.58682,  -101.69,          0,     0.00, 1.42541E-008,    51.63,    1.58682,   -41.69,    1.58682,  -161.69,    1.58682,    78.31,          0,     0.00, 1.41108E-008,  -142.37
Line.L_CEI_MT_5289,    1.58682,   138.31,    1.58682,    18.31,    1.58682,  -101.69,          0,     0.00, 1.25383E-008,    31.33,    1.58682,   -41.69,    1.58682,  -161.69,    1.58682,    78.31,          0,     0.00, 8.23839E-009,  -137.29
Line.L_CEI_MT_529,    16.6843,   138.30,    16.6843,    18.30,    16.6843,  -101.70,          0,     0.00, 4.57336E-006,   150.68,    16.6843,   -41.70,    16.6843,  -161.70,    16.6843,    78.30,          0,     0.00, 4.57265E-006,   -29.35
Line.L_CEI_MT_5290,    1.58682,   -41.69,    1.58682,  -161.69,    1.58682,    78.31,          0,     0.00, 9.04151E-009,   168.11,    1.58682,   138.31,    1.58682,    18.31,    1.58682,  -101.69,          0,     0.00, 1.21072E-008,    22.62
Line.L_CEI_MT_52908A,    2.64615,   -41.69,    2.64615,  -161.69,    2.64615,    78.31,          0,     0.00, 1.15292E-008,  -133.36,    2.64615,   138.31,    2.64615,    18.31,    2.64615,  -101.69,          0,     0.00, 9.68978E-009,    35.22
Line.L_CEI_MT_5291,     6.3473,   138.31,     6.3473,    18.31,     6.3473,  -101.69,          0,     0.00, 4.28054E-008,    14.49,     6.3473,   -41.69,     6.3473,  -161.69,     6.3473,    78.31,          0,     0.00, 4.13948E-008,  -165.34
Line.L_CEI_MT_5292,     6.3473,   -41.69,     6.3473,  -161.69,     6.3473,    78.31,          0,     0.00, 4.4201E-008,  -163.47,     6.3473,   138.31,     6.3473,    18.31,     6.3473,  -101.69,          0,     0.00, 4.10661E-008,    15.45
Line.L_CEI_MT_5293,    11.1078,   138.31,    11.1078,    18.31,    11.1078,  -101.69,          0,     0.00, 8.57639E-008,    12.23,    11.1078,   -41.69,    11.1078,  -161.69,    11.1078,    78.31,          0,     0.00, 8.78855E-008,  -167.14
Line.L_CEI_MT_5294,    12.6946,   138.31,    12.6946,    18.31,    12.6946,  -101.69,          0,     0.00, 9.14227E-008,    10.57,    12.6946,   -41.69,    12.6946,  -161.69,    12.6946,    78.31,          0,     0.00, 9.26022E-008,  -168.69
Line.L_CEI_MT_529420,    1.58683,   -41.69,    1.58683,  -161.69,    1.58683,    78.31,          0,     0.00, 1.36955E-008,  -162.18,    1.58683,   138.31,    1.58683,    18.31,    1.58683,  -101.69,          0,     0.00, 1.33345E-008,    24.78
Line.L_CEI_MT_5295,    12.6946,   138.31,    12.6946,    18.31,    12.6946,  -101.69,          0,     0.00, 9.24311E-008,    12.22,    12.6946,   -41.69,    12.6946,  -161.69,    12.6946,    78.31,          0,     0.00, 9.14879E-008,  -165.26
Line.L_CEI_MT_5296,    12.6946,   138.31,    12.6946,    18.31,    12.6946,  -101.69,          0,     0.00, 9.26327E-008,     9.84,    12.6946,   -41.69,    12.6946,  -161.69,    12.6946,    78.31,          0,     0.00, 9.25931E-008,  -170.30
Line.L_CEI_MT_5297,    12.6946,   138.31,    12.6946,    18.31,    12.6946,  -101.69,          0,     0.00, 9.8356E-008,    11.47,    12.6946,   -41.69,    12.6946,  -161.69,    12.6946,    78.31,          0,     0.00, 9.76346E-008,  -167.89
Line.L_CEI_MT_5298,    12.6946,   138.31,    12.6946,    18.31,    12.6946,  -101.69,          0,     0.00, 9.8378E-008,    10.09,    12.6946,   -41.69,    12.6946,  -161.69,    12.6946,    78.31,          0,     0.00, 9.53105E-008,  -170.72
Line.L_CEI_MT_5299,    12.6946,   138.31,    12.6946,    18.31,    12.6946,  -101.69,          0,     0.00, 9.29624E-008,     7.34,    12.6946,   -41.69,    12.6946,  -161.69,    12.6946,    78.31,          0,     0.00, 9.2933E-008,  -172.80
Line.L_CEI_MT_530,    16.6843,   -41.70,    16.6843,  -161.70,    16.6843,    78.30,          0,     0.00, 4.56955E-006,   -29.22,    16.6843,   138.30,    16.6843,    18.30,    16.6843,  -101.70,          0,     0.00, 4.57072E-006,   150.80
Line.L_CEI_MT_5300,    12.6946,   138.31,    12.6946,    18.31,    12.6946,  -101.69,          0,     0.00, 8.73025E-008,    13.89,    12.6946,   -41.69,    12.6946,  -161.69,    12.6946,    78.31,          0,     0.00, 8.51154E-008,  -168.32
Line.L_CEI_MT_5301,    12.6946,   138.31,    12.6946,    18.31,    12.6946,  -101.69,          0,     0.00, 8.57832E-008,     8.90,    12.6946,   -41.69,    12.6946,  -161.69,    12.6946,    78.31,          0,     0.00, 8.73062E-008,  -168.93
Line.L_CEI_MT_5302,    13.7525,   138.31,    13.7525,    18.31,    13.7525,  -101.69,          0,     0.00, 8.39444E-008,    12.49,    13.7525,   -41.69,    13.7525,  -161.69,    13.7525,    78.31,          0,     0.00, 8.4758E-008,  -169.55
Line.L_CEI_MT_5303,    13.7525,   -41.69,    13.7525,  -161.69,    13.7525,    78.31,          0,     0.00, 6.32291E-007,    53.54,    13.7525,   138.31,    13.7525,    18.31,    13.7525,  -101.69,          0,     0.00, 6.36109E-007,  -126.47
Line.L_CEI_MT_5304,    17.4552,   138.31,    17.4552,    18.31,    17.4552,  -101.69,          0,     0.00, 3.58275E-006,  -163.84,    17.4552,   -41.69,    17.4552,  -161.69,    17.4552,    78.31,          0,     0.00, 3.57667E-006,    16.14
Line.L_CEI_MT_5305,    3.70265,   138.31,    3.70265,    18.31,    3.70265,  -101.69,          0,     0.00, 3.0898E-006,  -170.91,    3.70265,   -41.69,    3.70265,  -161.69,    3.70265,    78.31,          0,     0.00, 3.08757E-006,     9.10
Line.L_CEI_MT_5306,    3.70265,   138.31,    3.70265,    18.31,    3.70265,  -101.69,          0,     0.00, 3.09677E-006,  -170.92,    3.70265,   -41.69,    3.70265,  -161.69,    3.70265,    78.31,          0,     0.00, 3.09693E-006,     9.04
Line.L_CEI_MT_5307,    3.70265,   138.31,    3.70265,    18.31,    3.70265,  -101.69,          0,     0.00, 3.08305E-006,  -170.87,    3.70265,   -41.69,    3.70265,  -161.69,    3.70265,    78.31,          0,     0.00, 3.08672E-006,     9.11
Line.L_CEI_MT_5308,    1.58685,   138.31,    1.58685,    18.31,    1.58685,  -101.69,          0,     0.00, 3.10453E-006,  -170.79,    1.58685,   -41.69,    1.58685,  -161.69,    1.58685,    78.31,          0,     0.00, 3.10565E-006,     9.18
Line.L_CEI_MT_5309, 6.98492E-010,   -90.00, 2.50766E-009,  -158.20, 2.63418E-009,  -135.00,          0,     0.00, 5.4554E-009,  -140.19, 1.91997E-009,   -75.96, 1.04125E-009,  -153.43, 2.79397E-009,     0.00,          0,     0.00, 3.29272E-009,   -45.00
Line.L_CEI_MT_531,    16.6843,   -41.70,    16.6843,  -161.70,    16.6843,    78.30,          0,     0.00, 4.56521E-006,   -29.23,    16.6843,   138.30,    16.6843,    18.30,    16.6843,  -101.70,          0,     0.00, 4.56317E-006,   150.81
Line.L_CEI_MT_5310,    1.58685,   -41.69,    1.58685,  -161.69,    1.58685,    78.31,          0,     0.00, 1.30361E-006,    29.52,    1.58685,   138.31,    1.58685,    18.31,    1.58685,  -101.69,          0,     0.00, 1.30459E-006,  -150.36
Line.L_CEI_MT_5311,    1.58685,   -41.69,    1.58685,  -161.69,    1.58685,    78.31,          0,     0.00, 1.10686E-008,  -165.38,    1.58685,   138.31,    1.58685,    18.31,    1.58685,  -101.69,          0,     0.00, 1.18721E-008,    25.56
Line.L_CEI_MT_5312,    1.58685,   138.31,    1.58685,    18.31,    1.58685,  -101.69,          0,     0.00, 4.29318E-009,    40.60,    1.58685,   -41.69,    1.58685,  -161.69,    1.58685,    78.31,          0,     0.00, 4.86165E-009,  -163.30
Line.L_CEI_MT_5313, 2.60313E-009,   -26.57, 6.16452E-009,   169.11, 1.91997E-009,  -104.04,          0,     0.00, 4.58623E-009,  -156.04, 3.63693E-009,   140.19, 1.86265E-009,     0.00, 3.83994E-009,    75.96,          0,     0.00, 6.0536E-009,    90.00
Line.L_CEI_MT_5314,    5.81855,   138.31,    5.81855,    18.31,    5.81855,  -101.69,          0,     0.00, 4.0459E-008,    11.96,    5.81855,   -41.69,    5.81855,  -161.69,    5.81855,    78.31,          0,     0.00, 4.11103E-008,  -170.22
Line.L_CEI_MT_5315,    1.05792,   -41.69,    1.05792,  -161.69,    1.05792,    78.31,          0,     0.00, 7.91624E-009,   151.93,    1.05792,   138.31,    1.05792,    18.31,    1.05792,  -101.69,          0,     0.00, 9.87817E-009,    -8.13
Line.L_CEI_MT_5316,    1.05792,   -41.69,    1.05792,  -161.69,    1.05792,    78.31,          0,     0.00, 1.02868E-008,  -174.81,    1.05792,   138.31,    1.05792,    18.31,    1.05792,  -101.69,          0,     0.00, 1.16508E-008,     2.29
Line.L_CEI_MT_5317,    4.76063,   -41.69,    4.76063,  -161.69,    4.76063,    78.31,          0,     0.00, 3.45375E-008,  -176.13,    4.76063,   138.31,    4.76063,    18.31,    4.76063,  -101.69,          0,     0.00, 3.47721E-008,     7.70
Line.L_CEI_MT_5318,    9.52125,   138.31,    9.52124,    18.31,    9.52124,  -101.69,          0,     0.00, 1.22601E-005,   141.12,    9.52125,   -41.69,    9.52124,  -161.69,    9.52124,    78.31,          0,     0.00, 1.22613E-005,   -38.86
Line.L_CEI_MT_104443,    172.216,   138.35,    172.216,    18.35,    172.216,  -101.65,          0,     0.00, 6.40457E-005,   162.95,    172.216,   -41.65,    172.216,  -161.65,    172.216,    78.35,          0,     0.00, 6.40482E-005,   -17.05
Line.L_CEI_MT_6195,    3.16142,   -41.65,    3.16142,  -161.65,    3.16142,    78.35,          0,     0.00, 4.03866E-008,  -159.06,    3.16142,   138.35,    3.16142,    18.35,    3.16142,  -101.65,          0,     0.00, 3.87402E-008,    22.25
Line.L_CEI_MT_6196,    3.16142,   -41.65,    3.16142,  -161.65,    3.16142,    78.35,          0,     0.00, 3.79478E-008,  -165.79,    3.16142,   138.35,    3.16142,    18.35,    3.16142,  -101.65,          0,     0.00, 3.54094E-008,    13.31
Line.L_CEI_MT_6197,    3.16142,   -41.65,    3.16142,  -161.65,    3.16142,    78.35,          0,     0.00, 3.79507E-008,  -173.66,    3.16142,   138.35,    3.16142,    18.35,    3.16142,  -101.65,          0,     0.00, 3.9276E-008,    10.24
Line.L_CEI_MT_6198,    3.16142,   -41.65,    3.16142,  -161.65,    3.16142,    78.35,          0,     0.00, 3.84361E-008,  -160.91,    3.16142,   138.35,    3.16142,    18.35,    3.16142,  -101.65,          0,     0.00, 3.79707E-008,    23.11
Line.L_CEI_MT_6199,    3.16142,   -41.65,    3.16142,  -161.65,    3.16142,    78.35,          0,     0.00, 3.6888E-008,  -161.22,    3.16142,   138.35,    3.16142,    18.35,    3.16142,  -101.65,          0,     0.00, 3.65952E-008,    14.74
Line.L_CEI_MT_620,     15.877,   -41.69,     15.877,  -161.69,     15.877,    78.31,          0,     0.00, 6.99302E-006,   -27.81,     15.877,   138.31,     15.877,    18.31,     15.877,  -101.69,          0,     0.00, 6.99157E-006,   152.19
Line.L_CEI_MT_6200,    3.16142,   -41.65,    3.16142,  -161.65,    3.16142,    78.35,          0,     0.00, 3.6408E-008,  -159.02,    3.16142,   138.35,    3.16142,    18.35,    3.16142,  -101.65,          0,     0.00, 3.71655E-008,    15.26
Line.L_CEI_MT_6201,    3.16142,   -41.65,    3.16142,  -161.65,    3.16142,    78.35,          0,     0.00, 2.72412E-008,  -157.38,    3.16142,   138.35,    3.16142,    18.35,    3.16142,  -101.65,          0,     0.00, 2.82868E-008,    20.22
Line.L_CEI_MT_6202,    3.16142,   -41.65,    3.16142,  -161.65,    3.16142,    78.35,          0,     0.00, 3.12375E-008,  -153.43,    3.16142,   138.35,    3.16142,    18.35,    3.16142,  -101.65,          0,     0.00, 3.35341E-008,    25.50
Line.L_CEI_MT_6203,    3.16142,   -41.65,    3.16142,  -161.65,    3.16142,    78.35,          0,     0.00, 2.65519E-008,  -153.43,    3.16142,   138.35,    3.16142,    18.35,    3.16142,  -101.65,          0,     0.00, 2.58306E-008,    27.95
Line.L_CEI_MT_6204,    3.16142,   -41.65,    3.16142,  -161.65,    3.16142,    78.35,          0,     0.00, 3.00234E-008,  -156.22,    3.16142,   138.35,    3.16142,    18.35,    3.16142,  -101.65,          0,     0.00, 2.7391E-008,    17.82
Line.L_CEI_MT_6205,    3.16142,   -41.65,    3.16142,  -161.65,    3.16142,    78.35,          0,     0.00, 2.86902E-008,  -166.87,    3.16142,   138.35,    3.16142,    18.35,    3.16142,  -101.65,          0,     0.00, 2.91438E-008,    12.93
Line.L_CEI_MT_6206,    3.16142,   -41.65,    3.16142,  -161.65,    3.16142,    78.35,          0,     0.00, 2.64117E-008,  -170.87,    3.16142,   138.35,    3.16142,    18.35,    3.16142,  -101.65,          0,     0.00, 2.56378E-008,     2.60
Line.L_CEI_MT_6207,    3.16142,   -41.65,    3.16142,  -161.65,    3.16142,    78.35,          0,     0.00, 2.01583E-008,  -173.37,    3.16142,   138.35,    3.16142,    18.35,    3.16142,  -101.65,          0,     0.00, 2.00234E-008,     0.00
Line.L_CEI_MT_6208,    3.16142,   -41.65,    3.16142,  -161.65,    3.16142,    78.35,          0,     0.00, 2.22837E-008,  -169.16,    3.16142,   138.35,    3.16142,    18.35,    3.16142,  -101.65,          0,     0.00, 2.29359E-008,     5.83
Line.L_CEI_MT_6209,    7.90269,   -41.64,    7.90269,  -161.64,    7.90269,    78.36,          0,     0.00, 6.42499E-008,  -168.08,    7.90269,   138.36,    7.90269,    18.36,    7.90269,  -101.64,          0,     0.00, 6.37123E-008,    15.26
Line.L_CEI_MT_621,    12.7016,   -41.69,    12.7016,  -161.69,    12.7016,    78.31,          0,     0.00, 4.71943E-006,   -31.08,    12.7016,   138.31,    12.7016,    18.31,    12.7016,  -101.69,          0,     0.00, 4.71961E-006,   148.83
Line.L_CEI_MT_6210,    7.90269,   -41.64,    7.90269,  -161.64,    7.90269,    78.36,          0,     0.00, 5.37935E-008,  -168.01,    7.90269,   138.36,    7.90269,    18.36,    7.90269,  -101.64,          0,     0.00, 5.47528E-008,    12.03
Line.L_CEI_MT_6211,    125.348,   138.36,    125.348,    18.36,    125.348,  -101.64,          0,     0.00, 3.76198E-005,   161.36,    125.348,   -41.64,    125.348,  -161.64,    125.348,    78.36,          0,     0.00, 3.76196E-005,   -18.64
Line.L_CEI_MT_6212,    128.508,   138.36,    128.508,    18.36,    128.508,  -101.64,          0,     0.00, 3.76054E-005,   161.35,    128.508,   -41.64,    128.508,  -161.64,    128.508,    78.36,          0,     0.00, 3.76018E-005,   -18.65
Line.L_CEI_MT_6213,    128.508,   138.36,    128.508,    18.36,    128.508,  -101.64,          0,     0.00, 4.02932E-005,   162.47,    128.508,   -41.64,    128.508,  -161.64,    128.508,    78.36,          0,     0.00, 4.029E-005,   -17.53
Line.L_CEI_MT_6214,    136.409,   -41.64,    136.409,  -161.64,    136.409,    78.36,          0,     0.00, 4.40083E-005,   -17.87,    136.409,   138.36,    136.409,    18.36,    136.409,  -101.64,          0,     0.00, 4.40067E-005,   162.14
Line.L_CEI_MT_6215,    136.409,   138.36,    136.409,    18.36,    136.409,  -101.64,          0,     0.00, 4.40218E-005,   162.13,    136.409,   -41.64,    136.409,  -161.64,    136.409,    78.36,          0,     0.00, 4.40223E-005,   -17.87
Line.L_CEI_MT_6216,    137.463,   138.36,    137.463,    18.36,    137.463,  -101.64,          0,     0.00, 4.50057E-005,   162.61,    137.463,   -41.64,    137.463,  -161.64,    137.463,    78.36,          0,     0.00, 4.50072E-005,   -17.39
Line.L_CEI_MT_6217,    139.043,   -41.64,    139.043,  -161.64,    139.043,    78.36,          0,     0.00, 4.72986E-005,   -17.53,    139.043,   138.36,    139.043,    18.36,    139.043,  -101.64,          0,     0.00, 4.72967E-005,   162.47
Line.L_CEI_MT_6218,    1.58028,   138.36,    1.58028,    18.36,    1.58028,  -101.64,          0,     0.00, 7.09274E-009,    23.20,    1.58028,   -41.64,    1.58028,  -161.64,    1.58028,    78.36,          0,     0.00, 6.26483E-009,  -131.99
Line.L_CEI_MT_6219,      7.901,   -41.64,    7.90099,  -161.64,      7.901,    78.36,          0,     0.00, 2.25554E-006,   -21.23,      7.901,   138.36,    7.90099,    18.36,      7.901,  -101.64,          0,     0.00, 2.25363E-006,   158.76
Line.L_CEI_MT_622,    11.1138,   -41.69,    11.1138,  -161.69,    11.1138,    78.31,          0,     0.00, 3.70683E-006,   -25.73,    11.1138,   138.31,    11.1138,    18.31,    11.1138,  -101.69,          0,     0.00, 3.70933E-006,   154.27
Line.L_CEI_MT_6220,     3.1604,   138.36,     3.1604,    18.36,     3.1604,  -101.64,          0,     0.00, 2.46273E-008,    15.35,     3.1604,   -41.64,     3.1604,  -161.64,     3.1604,    78.36,          0,     0.00, 2.41157E-008,  -169.99
Line.L_CEI_MT_6221,    4.74059,   138.36,    4.74059,    18.36,    4.74059,  -101.64,          0,     0.00, 3.14175E-008,    11.98,    4.74059,   -41.64,    4.74059,  -161.64,    4.74059,    78.36,          0,     0.00, 3.00956E-008,  -172.00
Line.L_CEI_MT_6222,    4.74059,   -41.64,    4.74059,  -161.64,    4.74059,    78.36,          0,     0.00, 3.10635E-008,  -167.01,    4.74059,   138.36,    4.74059,    18.36,    4.74059,  -101.64,          0,     0.00, 3.24296E-008,    15.83
Line.L_CEI_MT_6223,    4.74059,   -41.64,    4.74059,  -161.64,    4.74059,    78.36,          0,     0.00, 3.69754E-008,  -174.22,    4.74059,   138.36,    4.74059,    18.36,    4.74059,  -101.64,          0,     0.00, 3.84135E-008,     6.26
Line.L_CEI_MT_6225,     2.1073,   138.36,     2.1073,    18.36,     2.1073,  -101.64,          0,     0.00, 1.26781E-008,    -7.39,     2.1073,   -41.64,     2.1073,  -161.64,     2.1073,    78.36,          0,     0.00, 1.30385E-008,   180.00
Line.L_CEI_MT_6226,     2.1073,   138.36,     2.1073,    18.36,     2.1073,  -101.64,          0,     0.00, 1.10686E-008,    14.62,     2.1073,   -41.64,     2.1073,  -161.64,     2.1073,    78.36,          0,     0.00, 1.10392E-008,  -152.35
Line.L_CEI_MT_6227,    10.0097,   -41.64,    10.0097,  -161.64,    10.0097,    78.36,          0,     0.00, 7.75141E-008,  -172.41,    10.0097,   138.36,    10.0097,    18.36,    10.0097,  -101.64,          0,     0.00, 7.57598E-008,     5.29
Line.L_CEI_MT_6228,    1.58047,   138.36,    1.58047,    18.36,    1.58047,  -101.64,          0,     0.00, 9.27824E-009,    17.53,    1.58047,   -41.64,    1.58047,  -161.64,    1.58047,    78.36,          0,     0.00, 1.36955E-008,  -162.18
Line.L_CEI_MT_623,    7.93845,   -41.69,    7.93845,  -161.69,    7.93845,    78.31,          0,     0.00, 1.43772E-006,   -33.45,    7.93845,   138.31,    7.93845,    18.31,    7.93845,  -101.69,          0,     0.00, 1.44109E-006,   146.61
Line.L_CEI_MT_6232,    3.16096,   -41.64,    3.16096,  -161.64,    3.16096,    78.36,          0,     0.00, 2.48126E-008,  -174.08,    3.16096,   138.36,    3.16096,    18.36,    3.16096,  -101.64,          0,     0.00, 2.24727E-008,     5.95
Line.L_CEI_MT_6233,    14.7511,   -41.64,    14.7511,  -161.64,    14.7511,    78.36,          0,     0.00, 2.19441E-006,    -9.03,    14.7511,   138.36,    14.7511,    18.36,    14.7511,  -101.64,          0,     0.00, 2.19535E-006,   171.04
Line.L_CEI_MT_6234,    14.7511,   -41.64,    14.7511,  -161.64,    14.7511,    78.36,          0,     0.00, 2.1941E-006,    -9.06,    14.7511,   138.36,    14.7511,    18.36,    14.7511,  -101.64,          0,     0.00, 2.19301E-006,   170.89
Line.L_CEI_MT_6235,    14.7511,   -41.64,    14.7511,  -161.64,    14.7511,    78.36,          0,     0.00, 2.19272E-006,    -9.07,    14.7511,   138.36,    14.7511,    18.36,    14.7511,  -101.64,          0,     0.00, 2.19232E-006,   170.85
Line.L_CEI_MT_6236,     303.38,   -41.64,     303.38,  -161.64,     303.38,    78.36,          0,     0.00, 9.67919E-005,   -12.98,     303.38,   138.36,     303.38,    18.36,     303.38,  -101.64,          0,     0.00, 9.67896E-005,   167.02
Line.L_CEI_MT_6237,    298.639,   -41.64,    298.639,  -161.64,    298.639,    78.36,          0,     0.00, 9.45504E-005,   -12.78,    298.639,   138.36,    298.639,    18.36,    298.639,  -101.64,          0,     0.00, 9.45499E-005,   167.22
Line.L_CEI_MT_623723,    4.74131,   -41.64,    4.74131,  -161.64,    4.74131,    78.36,          0,     0.00, 3.59043E-008,  -177.03,    4.74131,   138.36,    4.74131,    18.36,    4.74131,  -101.64,          0,     0.00, 3.3664E-008,     5.16
Line.L_CEI_MT_6238,    280.728,   -41.64,    280.728,  -161.64,    280.728,    78.36,          0,     0.00, 8.71499E-005,   -11.78,    280.728,   138.36,    280.728,    18.36,    280.728,  -101.64,          0,     0.00, 8.71481E-005,   168.22
Line.L_CEI_MT_6239,    17.9108,   138.36,    17.9108,    18.36,    17.9108,  -101.64,          0,     0.00, 5.27022E-006,   153.85,    17.9108,   -41.64,    17.9108,  -161.64,    17.9108,    78.36,          0,     0.00, 5.27065E-006,   -26.13
Line.L_CEI_MT_624,    7.93845,   -41.69,    7.93845,  -161.69,    7.93845,    78.31,          0,     0.00, 1.43914E-006,   -33.54,    7.93845,   138.31,    7.93845,    18.31,    7.93845,  -101.69,          0,     0.00, 1.44275E-006,   146.48
Line.L_CEI_MT_6240,    17.9108,   -41.64,    17.9108,  -161.64,    17.9108,    78.36,          0,     0.00, 5.27326E-006,   -26.12,    17.9108,   138.36,    17.9108,    18.36,    17.9108,  -101.64,          0,     0.00, 5.27284E-006,   153.88
Line.L_CEI_MT_6241,    17.9108,   -41.64,    17.9108,  -161.64,    17.9108,    78.36,          0,     0.00, 5.27203E-006,   -26.09,    17.9108,   138.36,    17.9108,    18.36,    17.9108,  -101.64,          0,     0.00, 5.27256E-006,   153.92
Line.L_CEI_MT_6242,    13.1697,   138.36,    13.1697,    18.36,    13.1697,  -101.64,          0,     0.00, 3.0129E-006,   150.23,    13.1697,   -41.64,    13.1697,  -161.64,    13.1697,    78.36,          0,     0.00, 3.0122E-006,   -29.72
Line.L_CEI_MT_6243,    1.58037,   -41.64,    1.58037,  -161.64,    1.58037,    78.36,          0,     0.00, 1.23729E-008,  -160.20,    1.58037,   138.36,    1.58037,    18.36,    1.58037,  -101.64,          0,     0.00, 1.36955E-008,    35.31
Line.L_CEI_MT_6244,    4.74112,   138.36,    4.74112,    18.36,    4.74112,  -101.64,          0,     0.00, 3.95812E-008,     8.80,    4.74112,   -41.64,    4.74112,  -161.64,    4.74112,    78.36,          0,     0.00, 4.04677E-008,  -171.73
Line.L_CEI_MT_6245,    11.5894,   -41.64,    11.5894,  -161.64,    11.5894,    78.36,          0,     0.00, 8.37864E-007,   -55.62,    11.5894,   138.36,    11.5894,    18.36,    11.5894,  -101.64,          0,     0.00, 8.41563E-007,   124.02
Line.L_CEI_MT_6246,    11.5894,   -41.64,    11.5894,  -161.64,    11.5894,    78.36,          0,     0.00, 8.30078E-007,   -55.21,    11.5894,   138.36,    11.5894,    18.36,    11.5894,  -101.64,          0,     0.00, 8.31412E-007,   124.41
Line.L_CEI_MT_6247,    3.16073,   -41.64,    3.16073,  -161.64,    3.16073,    78.36,          0,     0.00, 2.28755E-008,  -175.91,    3.16073,   138.36,    3.16073,    18.36,    3.16073,  -101.64,          0,     0.00, 2.37487E-008,     0.00
Line.L_CEI_MT_6248,   0.526789,   138.36,   0.526789,    18.36,   0.526789,  -101.64,          0,     0.00, 2.63418E-009,    45.00,   0.526789,   -41.64,   0.526789,  -161.64,   0.526789,    78.36,          0,     0.00, 3.54637E-009,  -113.20
Line.L_CEI_MT_625,    7.93845,   -41.69,    7.93845,  -161.69,    7.93845,    78.31,          0,     0.00, 1.4421E-006,   -33.58,    7.93845,   138.31,    7.93845,    18.31,    7.93845,  -101.69,          0,     0.00, 1.44366E-006,   146.46
Line.L_CEI_MT_6250,    1.58037,   138.36,    1.58037,    18.36,    1.58037,  -101.64,          0,     0.00, 1.02551E-008,     2.60,    1.58037,   -41.64,    1.58037,  -161.64,    1.58037,    78.36,          0,     0.00, 1.27186E-008,   156.25
Line.L_CEI_MT_6251,    1.58037,   138.36,    1.58037,    18.36,    1.58037,  -101.64,          0,     0.00, 1.40781E-008,    34.22,    1.58037,   -41.64,    1.58037,  -161.64,    1.58037,    78.36,          0,     0.00, 1.25383E-008,  -164.93
Line.L_CEI_MT_6252,    3.16073,   -41.64,    3.16073,  -161.64,    3.16073,    78.36,          0,     0.00, 2.53572E-008,  -166.73,    3.16073,   138.36,    3.16073,    18.36,    3.16073,  -101.64,          0,     0.00, 2.63171E-008,    13.30
Line.L_CEI_MT_6253,    3.16073,   138.36,    3.16073,    18.36,    3.16073,  -101.64,          0,     0.00, 2.75931E-008,     5.33,    3.16073,   -41.64,    3.16073,  -161.64,    3.16073,    78.36,          0,     0.00, 2.73316E-008,  -171.18
Line.L_CEI_MT_6254,    94.0141,   -41.64,     94.014,  -161.64,    94.0141,    78.36,          0,     0.00, 2.97303E-005,   -12.80,    94.0141,   138.36,     94.014,    18.36,    94.0141,  -101.64,          0,     0.00, 2.97314E-005,   167.21
Line.L_CEI_MT_6255,    94.0141,   138.36,     94.014,    18.36,    94.0141,  -101.64,          0,     0.00, 2.9738E-005,   167.20,    94.0141,   -41.64,     94.014,  -161.64,    94.0141,    78.36,          0,     0.00, 2.97354E-005,   -12.80
Line.L_CEI_MT_6256,     91.907,   -41.64,     91.907,  -161.64,     91.907,    78.36,          0,     0.00, 2.97481E-005,   -12.78,     91.907,   138.36,     91.907,    18.36,     91.907,  -101.64,          0,     0.00, 2.97489E-005,   167.21
Line.L_CEI_MT_6257,    1.05352,   -41.64,    1.05352,  -161.64,    1.05352,    78.36,          0,     0.00, 6.16452E-009,   169.11,    1.05352,   138.36,    1.05352,    18.36,    1.05352,  -101.64,          0,     0.00, 7.43966E-009,   -20.14
Line.L_CEI_MT_6258,    90.8535,   -41.64,    90.8535,  -161.64,    90.8535,    78.36,          0,     0.00, 2.86698E-005,   -15.27,    90.8535,   138.36,    90.8535,    18.36,    90.8535,  -101.64,          0,     0.00, 2.86676E-005,   164.72
Line.L_CEI_MT_6259,    90.8535,   -41.64,    90.8535,  -161.64,    90.8535,    78.36,          0,     0.00, 2.86722E-005,   -15.28,    90.8535,   138.36,    90.8535,    18.36,    90.8535,  -101.64,          0,     0.00, 2.86693E-005,   164.72
Line.L_CEI_MT_626,    7.93845,   -41.69,    7.93845,  -161.69,    7.93845,    78.31,          0,     0.00, 6.57655E-008,  -169.80,    7.93845,   138.31,    7.93845,    18.31,    7.93845,  -101.69,          0,     0.00, 6.52674E-008,     7.38
Line.L_CEI_MT_6260,    3.16049,   -41.64,    3.16049,  -161.64,    3.16049,    78.36,          0,     0.00, 2.26132E-006,   -40.35,    3.16049,   138.36,    3.16049,    18.36,    3.16049,  -101.64,          0,     0.00, 2.26214E-006,   139.70
Line.L_CEI_MT_5319,    9.52125,   138.31,    9.52124,    18.31,    9.52124,  -101.69,          0,     0.00, 1.22609E-005,   141.13,    9.52125,   -41.69,    9.52124,  -161.69,    9.52124,    78.31,          0,     0.00, 1.22624E-005,   -38.86
Line.L_CEI_MT_532,    12.7118,   -41.70,    12.7118,  -161.70,    12.7118,    78.30,          0,     0.00, 3.6209E-006,   -28.97,    12.7118,   138.30,    12.7118,    18.30,    12.7118,  -101.70,          0,     0.00, 3.61918E-006,   150.97
Line.L_CEI_MT_5320, 2.63942E-006,  -156.75, 3.54297E-006,   169.05, 3.69994E-006,    73.34,          0,     0.00, 5.79131E-006,   146.74, 2.63975E-006,    23.24, 3.54339E-006,   -10.94, 3.69789E-006,  -106.66,          0,     0.00, 5.79184E-006,   -33.23
Line.L_CEI_MT_5321, 8.79317E-007,  -156.83, 1.44133E-006,   142.88, 9.98758E-007,    77.75,          0,     0.00, 2.3016E-006,   139.33, 8.7938E-007,    23.33, 1.44234E-006,   -37.02, 1.00038E-006,  -102.17,          0,     0.00, 2.30216E-006,   -40.60
Line.L_CEI_MT_5322,    1.05792,   -41.69,    1.05792,  -161.69,    1.05792,    78.31,          0,     0.00, 9.78166E-009,   178.64,    1.05792,   138.31,    1.05792,    18.31,    1.05792,  -101.69,          0,     0.00, 9.54606E-009,    12.68
Line.L_CEI_MT_5323,    8.46333,   138.31,    8.46332,    18.31,    8.46332,  -101.69,          0,     0.00, 6.53709E-006,   136.02,    8.46333,   -41.69,    8.46332,  -161.69,    8.46332,    78.31,          0,     0.00, 6.53779E-006,   -43.96
Line.L_CEI_MT_5324, 8.79867E-007,  -156.75, 1.44329E-006,   142.87, 1.00028E-006,    77.85,          0,     0.00, 2.30494E-006,   139.34, 8.8051E-007,    23.12, 1.44207E-006,   -37.10, 1.00181E-006,  -102.05,          0,     0.00, 2.30807E-006,   -40.66
Line.L_CEI_MT_5325,    8.46333,   -41.69,    8.46333,  -161.69,    8.46333,    78.31,          0,     0.00, 4.23844E-006,   -45.76,    8.46333,   138.31,    8.46333,    18.31,    8.46333,  -101.69,          0,     0.00, 4.2376E-006,   134.25
Line.L_CEI_MT_5326,    2.64479,   -41.69,    2.64479,  -161.69,    2.64479,    78.31,          0,     0.00, 1.77196E-008,   176.99,    2.64479,   138.31,    2.64479,    18.31,    2.64479,  -101.69,          0,     0.00, 1.49084E-008,    -1.79
Line.L_CEI_MT_5327,    1.58687,   -41.69,    1.58687,  -161.69,    1.58687,    78.31,          0,     0.00, 1.35363E-008,  -139.18,    1.58687,   138.31,    1.58687,    18.31,    1.58687,  -101.69,          0,     0.00, 1.27186E-008,    23.75
Line.L_CEI_MT_5328,    1.58688,   138.31,    1.58687,    18.31,    1.58687,  -101.69,          0,     0.00, 1.47917E-006,   148.01,    1.58688,   -41.69,    1.58687,  -161.69,    1.58687,    78.31,          0,     0.00, 1.47969E-006,   -32.16
Line.L_CEI_MT_5329,    4.23166,   -41.69,    4.23166,  -161.69,    4.23166,    78.31,          0,     0.00, 1.45858E-006,   -32.46,    4.23166,   138.31,    4.23166,    18.31,    4.23166,  -101.69,          0,     0.00, 1.46205E-006,   147.50
Line.L_CEI_MT_533,    12.7118,   -41.70,    12.7118,  -161.70,    12.7118,    78.30,          0,     0.00, 3.61973E-006,   -29.00,    12.7118,   138.30,    12.7118,    18.30,    12.7118,  -101.70,          0,     0.00, 3.62475E-006,   151.00
Line.L_CEI_MT_5330,    4.23166,   -41.69,    4.23166,  -161.69,    4.23166,    78.31,          0,     0.00, 2.9933E-008,  -174.64,    4.23166,   138.31,    4.23166,    18.31,    4.23166,  -101.69,          0,     0.00, 3.07372E-008,     0.87
Line.L_CEI_MT_5331,    1.58687,   -41.69,    1.58687,  -161.69,    1.58687,    78.31,          0,     0.00, 9.94653E-009,  -147.43,    1.58687,   138.31,    1.58687,    18.31,    1.58687,  -101.69,          0,     0.00, 8.6618E-009,    36.25
Line.L_CEI_MT_5332,    1.05792,   -41.69,    1.05792,  -161.69,    1.05792,    78.31,          0,     0.00, 8.4367E-009,  -152.02,    1.05792,   138.31,    1.05792,    18.31,    1.05792,  -101.69,          0,     0.00, 8.69927E-009,    15.52
Line.L_CEI_MT_5334,    16.6613,   138.52,    16.6613,    18.52,    16.6613,  -101.48,          0,     0.00, 3.29326E-005,   -22.35,    16.6613,   -41.48,    16.6613,  -161.48,    16.6613,    78.52,          0,     0.00, 3.2931E-005,   157.65
Line.L_CEI_MT_5335,    2.11427,   138.32,    2.11427,    18.32,    2.11427,  -101.68,          0,     0.00, 1.49302E-008,     3.58,    2.11427,   -41.68,    2.11427,  -161.68,    2.11427,    78.32,          0,     0.00, 1.50171E-008,   172.87
Line.L_CEI_MT_5336,    2.11427,   -41.68,    2.11427,  -161.68,    2.11427,    78.32,          0,     0.00, 1.03079E-008,   161.57,    2.11427,   138.32,    2.11427,    18.32,    2.11427,  -101.68,          0,     0.00, 9.87817E-009,    -8.13
Line.L_CEI_MT_5337,     14.547,   -41.45,     14.547,  -161.45,     14.547,    78.55,          0,     0.00, 3.29134E-005,   157.64,     14.547,   138.55,     14.547,    18.55,     14.547,  -101.45,          0,     0.00, 3.29174E-005,   -22.36
Line.L_CEI_MT_5338,     14.547,   -41.45,     14.547,  -161.45,     14.547,    78.55,          0,     0.00, 3.29236E-005,   157.64,     14.547,   138.55,     14.547,    18.55,     14.547,  -101.45,          0,     0.00, 3.29251E-005,   -22.36
Line.L_CEI_MT_5339,     3.1714,   -41.68,     3.1714,  -161.68,     3.1714,    78.32,          0,     0.00, 1.75351E-008,  -169.29,     3.1714,   138.32,     3.1714,    18.32,     3.1714,  -101.68,          0,     0.00, 1.77929E-008,     6.01
Line.L_CEI_MT_534,    12.7118,   138.30,    12.7118,    18.30,    12.7118,  -101.70,          0,     0.00, 3.62067E-006,   150.96,    12.7118,   -41.70,    12.7118,  -161.70,    12.7118,    78.30,          0,     0.00, 3.61859E-006,   -29.04
Line.L_CEI_MT_5341,     3.1714,   138.32,     3.1714,    18.32,     3.1714,  -101.68,          0,     0.00, 2.29359E-008,     5.83,     3.1714,   -41.68,     3.1714,  -161.68,     3.1714,    78.32,          0,     0.00, 2.81869E-008,  -172.41
Line.L_CEI_MT_5342,    11.3756,   -41.39,    11.3757,  -161.39,    11.3756,    78.61,          0,     0.00, 3.52052E-005,   157.72,    11.3756,   138.61,    11.3757,    18.61,    11.3756,  -101.39,          0,     0.00, 3.52036E-005,   -22.28
Line.L_CEI_MT_5343,    11.3756,   -41.39,    11.3757,  -161.39,    11.3756,    78.61,          0,     0.00, 3.52084E-005,   157.72,    11.3756,   138.61,    11.3757,    18.61,    11.3756,  -101.39,          0,     0.00, 3.52084E-005,   -22.29
Line.L_CEI_MT_5344,    47.0389,   -41.68,    47.0389,  -161.68,    47.0389,    78.32,          0,     0.00, 1.21689E-005,   -18.08,    47.0389,   138.32,    47.0389,    18.32,    47.0389,  -101.68,          0,     0.00, 1.2167E-005,   161.92
Line.L_CEI_MT_5345,    47.0389,   138.32,    47.0389,    18.32,    47.0389,  -101.68,          0,     0.00, 1.2167E-005,   161.92,    47.0389,   -41.68,    47.0389,  -161.68,    47.0389,    78.32,          0,     0.00, 1.21678E-005,   -18.08
Line.L_CEI_MT_5346,    47.0389,   138.32,    47.0389,    18.32,    47.0389,  -101.68,          0,     0.00, 1.21665E-005,   161.93,    47.0389,   -41.68,    47.0389,  -161.68,    47.0389,    78.32,          0,     0.00, 1.21638E-005,   -18.08
Line.L_CEI_MT_5347,    47.0389,   138.32,    47.0389,    18.32,    47.0389,  -101.68,          0,     0.00, 1.21738E-005,   161.92,    47.0389,   -41.68,    47.0389,  -161.68,    47.0389,    78.32,          0,     0.00, 1.21735E-005,   -18.08
Line.L_CEI_MT_5348,    47.0389,   138.32,    47.0389,    18.32,    47.0389,  -101.68,          0,     0.00, 1.2177E-005,   161.92,    47.0389,   -41.68,    47.0389,  -161.68,    47.0389,    78.32,          0,     0.00, 1.21754E-005,   -18.08
Line.L_CEI_MT_5349,    47.0389,   138.32,    47.0389,    18.32,    47.0389,  -101.68,          0,     0.00, 1.21802E-005,   161.88,    47.0389,   -41.68,    47.0389,  -161.68,    47.0389,    78.32,          0,     0.00, 1.21795E-005,   -18.11
Line.L_CEI_MT_535,    12.7118,   -41.70,    12.7118,  -161.70,    12.7118,    78.30,          0,     0.00, 3.61859E-006,   -29.04,    12.7118,   138.30,    12.7118,    18.30,    12.7118,  -101.70,          0,     0.00, 3.6181E-006,   150.99
Line.L_CEI_MT_5350,    47.0389,   138.32,    47.0389,    18.32,    47.0389,  -101.68,          0,     0.00, 1.21832E-005,   161.90,    47.0389,   -41.68,    47.0389,  -161.68,    47.0389,    78.32,          0,     0.00, 1.21876E-005,   -18.08
Line.L_CEI_MT_5351,    47.0389,   138.32,    47.0389,    18.32,    47.0389,  -101.68,          0,     0.00, 1.21847E-005,   161.89,    47.0389,   -41.68,    47.0389,  -161.68,    47.0389,    78.32,          0,     0.00, 1.21862E-005,   -18.10
Line.L_CEI_MT_5352,    47.0389,   -41.68,    47.0389,  -161.68,    47.0389,    78.32,          0,     0.00, 1.21795E-005,   -18.11,    47.0389,   138.32,    47.0389,    18.32,    47.0389,  -101.68,          0,     0.00, 1.2178E-005,   161.89
Line.L_CEI_MT_5353,    1.58562,   138.32,    1.58562,    18.32,    1.58562,  -101.68,          0,     0.00, 1.41625E-008,    -9.46,    1.58562,   -41.68,    1.58562,  -161.68,    1.58562,    78.32,          0,     0.00, 1.29132E-008,   154.36
Line.L_CEI_MT_5354,    1.58562,   -41.68,    1.58562,  -161.68,    1.58562,    78.32,          0,     0.00, 1.56188E-008,  -169.70,    1.58562,   138.32,    1.58562,    18.32,    1.58562,  -101.68,          0,     0.00, 1.83449E-008,    23.96
Line.L_CEI_MT_5355,    45.4533,   138.32,    45.4533,    18.32,    45.4533,  -101.68,          0,     0.00, 1.29237E-005,   157.08,    45.4533,   -41.68,    45.4533,  -161.68,    45.4533,    78.32,          0,     0.00, 1.29271E-005,   -22.93
Line.L_CEI_MT_5356,    45.4533,   138.32,    45.4533,    18.32,    45.4533,  -101.68,          0,     0.00, 1.29306E-005,   157.05,    45.4533,   -41.68,    45.4533,  -161.68,    45.4533,    78.32,          0,     0.00, 1.29318E-005,   -22.97
Line.L_CEI_MT_5357,    45.4533,   138.32,    45.4533,    18.32,    45.4533,  -101.68,          0,     0.00, 1.29322E-005,   157.09,    45.4533,   -41.68,    45.4533,  -161.68,    45.4533,    78.32,          0,     0.00, 1.29289E-005,   -22.92
Line.L_CEI_MT_5358,    40.6965,   138.32,    40.6965,    18.32,    40.6965,  -101.68,          0,     0.00, 1.29664E-005,   157.21,    40.6965,   -41.68,    40.6965,  -161.68,    40.6965,    78.32,          0,     0.00, 1.29646E-005,   -22.76
Line.L_CEI_MT_5359,    28.5405,   138.32,    28.5405,    18.32,    28.5405,  -101.68,          0,     0.00, 2.13184E-006,   156.58,    28.5405,   -41.68,    28.5405,  -161.68,    28.5405,    78.32,          0,     0.00, 2.13202E-006,   -23.33
Line.L_CEI_MT_536,    10.0635,   -41.70,    10.0635,  -161.70,    10.0635,    78.30,          0,     0.00, 2.27962E-006,   -21.37,    10.0635,   138.30,    10.0635,    18.30,    10.0635,  -101.70,          0,     0.00, 2.28136E-006,   158.68
Line.L_CEI_MT_5360,    4.75675,   138.32,    4.75675,    18.32,    4.75675,  -101.68,          0,     0.00, 3.29832E-008,    13.06,    4.75675,   -41.68,    4.75675,  -161.68,    4.75675,    78.32,          0,     0.00, 3.0386E-008,  -164.90
Line.L_CEI_MT_5361,    23.7837,   -41.68,    23.7837,  -161.68,    23.7837,    78.32,          0,     0.00, 1.70794E-007,  -170.74,    23.7837,   138.32,    23.7837,    18.32,    23.7837,  -101.68,          0,     0.00, 1.703E-007,     8.17
Line.L_CEI_MT_5362,    12.1561,   138.32,    12.1561,    18.32,    12.1561,  -101.68,          0,     0.00, 8.52129E-006,   156.81,    12.1561,   -41.68,    12.1561,  -161.68,    12.1561,    78.32,          0,     0.00, 8.52135E-006,   -23.18
Line.L_CEI_MT_53623,    5.28524,   -41.68,    5.28523,  -161.68,    5.28523,    78.32,          0,     0.00, 7.64854E-007,    47.29,    5.28524,   138.32,    5.28523,    18.32,    5.28523,  -101.68,          0,     0.00, 7.66595E-007,  -132.54
Line.L_CEI_MT_5363,    12.1561,   138.32,    12.1561,    18.32,    12.1561,  -101.68,          0,     0.00, 8.52367E-006,   156.80,    12.1561,   -41.68,    12.1561,  -161.68,    12.1561,    78.32,          0,     0.00, 8.52318E-006,   -23.19
Line.L_CEI_MT_5364,    12.1561,   -41.68,    12.1561,  -161.68,    12.1561,    78.32,          0,     0.00, 8.52248E-006,   -23.18,    12.1561,   138.32,    12.1561,    18.32,    12.1561,  -101.68,          0,     0.00, 8.52456E-006,   156.79
Line.L_CEI_MT_5365,    12.1561,   138.32,    12.1561,    18.32,    12.1561,  -101.68,          0,     0.00, 8.51551E-006,   156.83,    12.1561,   -41.68,    12.1561,  -161.68,    12.1561,    78.32,          0,     0.00, 8.51881E-006,   -23.15
Line.L_CEI_MT_5366,    12.1561,   -41.68,    12.1561,  -161.68,    12.1561,    78.32,          0,     0.00, 8.52474E-006,   -23.19,    12.1561,   138.32,    12.1561,    18.32,    12.1561,  -101.68,          0,     0.00, 8.52217E-006,   156.81
Line.L_CEI_MT_5367,    12.1561,   138.32,    12.1561,    18.32,    12.1561,  -101.68,          0,     0.00, 2.64879E-006,   174.29,    12.1561,   -41.68,    12.1561,  -161.68,    12.1561,    78.32,          0,     0.00, 2.65028E-006,    -5.83
Line.L_CEI_MT_536824,    2.64262,   138.32,    2.64262,    18.32,    2.64262,  -101.68,          0,     0.00, 1.56534E-008,    22.75,    2.64262,   -41.68,    2.64262,  -161.68,    2.64262,    78.32,          0,     0.00, 1.31131E-008,  -173.88
Line.L_CEI_MT_5369,    7.92786,   -41.68,    7.92786,  -161.68,    7.92786,    78.32,          0,     0.00, 2.68306E-006,    -5.43,    7.92786,   138.32,    7.92786,    18.32,    7.92786,  -101.68,          0,     0.00, 2.6815E-006,   174.61
Line.L_CEI_MT_537,    10.0635,   -41.70,    10.0635,  -161.70,    10.0635,    78.30,          0,     0.00, 2.27124E-006,   -21.34,    10.0635,   138.30,    10.0635,    18.30,    10.0635,  -101.70,          0,     0.00, 2.26969E-006,   158.69
Line.L_CEI_MT_5372,    5.28524,   138.32,    5.28523,    18.32,    5.28523,  -101.68,          0,     0.00, 2.13367E-006,   124.72,    5.28524,   -41.68,    5.28523,  -161.68,    5.28523,    78.32,          0,     0.00, 2.13841E-006,   -55.33
Line.L_CEI_MT_5373,    5.28524,   -41.68,    5.28523,  -161.68,    5.28523,    78.32,          0,     0.00, 2.14322E-006,   -55.50,    5.28524,   138.32,    5.28523,    18.32,    5.28523,  -101.68,          0,     0.00, 2.14423E-006,   124.45
Line.L_CEI_MT_5374,    2.64262,   -41.68,    2.64262,  -161.68,    2.64262,    78.32,          0,     0.00, 8.23839E-009,  -132.71,    2.64262,   138.32,    2.64262,    18.32,    2.64262,  -101.68,          0,     0.00, 1.26674E-008,    53.97
Line.L_CEI_MT_5375,    2.64262,   -41.68,    2.64262,  -161.68,    2.64262,    78.32,          0,     0.00, 1.09133E-008,  -168.93,    2.64262,   138.32,    2.64262,    18.32,    2.64262,  -101.68,          0,     0.00, 1.37449E-008,    10.74
Line.L_CEI_MT_5376,    2.64262,   -41.68,    2.64262,  -161.68,    2.64262,    78.32,          0,     0.00, 1.67703E-008,   178.41,    2.64262,   138.32,    2.64262,    18.32,    2.64262,  -101.68,          0,     0.00, 1.35363E-008,    -3.95
Line.L_CEI_MT_5377,    2.64262,   -41.68,    2.64262,  -161.68,    2.64262,    78.32,          0,     0.00, 2.11722E-008,  -171.78,    2.64262,   138.32,    2.64262,    18.32,    2.64262,  -101.68,          0,     0.00, 2.02777E-008,    15.31
Line.L_CEI_MT_5378,    1.58558,   -41.68,    1.58558,  -161.68,    1.58558,    78.32,          0,     0.00, 1.3253E-008,  -161.57,    1.58558,   138.32,    1.58558,    18.32,    1.58558,  -101.68,          0,     0.00, 1.22496E-008,     8.75
Line.L_CEI_MT_5379,    35.6635,   -41.77,    35.6635,  -161.77,    35.6635,    78.23,          0,     0.00, 4.85548E-005,   -20.91,    35.6635,   138.23,    35.6635,    18.23,    35.6635,  -101.77,          0,     0.00, 4.85543E-005,   159.09
Line.L_CEI_MT_538,    7.41518,   -41.70,    7.41518,  -161.70,    7.41518,    78.30,          0,     0.00, 4.91973E-008,  -162.94,    7.41518,   138.30,    7.41518,    18.30,    7.41518,  -101.70,          0,     0.00, 5.1301E-008,    23.54
Line.L_CEI_MT_5380,    2.11427,   -41.68,    2.11427,  -161.68,    2.11427,    78.32,          0,     0.00, 1.3892E-008,   166.43,    2.11427,   138.32,    2.11427,    18.32,    2.11427,  -101.68,          0,     0.00, 1.22496E-008,     8.75
Line.L_CEI_MT_5381,    37.7778,   -41.77,    37.7777,  -161.77,    37.7778,    78.23,          0,     0.00, 5.08651E-005,   -20.90,    37.7778,   138.23,    37.7777,    18.23,    37.7778,  -101.77,          0,     0.00, 5.08653E-005,   159.10
Line.L_CEI_MT_5382,    37.7778,   -41.77,    37.7777,  -161.77,    37.7778,    78.23,          0,     0.00, 5.08633E-005,   -20.90,    37.7778,   138.23,    37.7777,    18.23,    37.7778,  -101.77,          0,     0.00, 5.08646E-005,   159.10
Line.L_CEI_MT_5383,    37.7778,   -41.77,    37.7777,  -161.77,    37.7778,    78.23,          0,     0.00, 5.08634E-005,   -20.91,    37.7778,   138.23,    37.7777,    18.23,    37.7778,  -101.77,          0,     0.00, 5.08629E-005,   159.09
Line.L_CEI_MT_5384,     2.1143,   -41.68,     2.1143,  -161.68,     2.1143,    78.32,          0,     0.00, 1.21875E-008,   173.42,     2.1143,   138.32,     2.1143,    18.32,     2.1143,  -101.68,          0,     0.00, 1.22231E-008,    17.74
Line.L_CEI_MT_5385,     2.1143,   -41.68,     2.1143,  -161.68,     2.1143,    78.32,          0,     0.00, 1.82219E-008,  -153.43,     2.1143,   138.32,     2.1143,    18.32,     2.1143,  -101.68,          0,     0.00, 2.03311E-008,    29.50
Line.L_CEI_MT_5386,     2.1143,   138.32,     2.1143,    18.32,     2.1143,  -101.68,          0,     0.00, 1.21094E-008,     1.10,     2.1143,   -41.68,     2.1143,  -161.68,     2.1143,    78.32,          0,     0.00, 1.02683E-008,   176.10
Line.L_CEI_MT_5387,    39.8921,   -41.76,     39.892,  -161.76,    39.8921,    78.24,          0,     0.00, 5.10026E-005,   -19.53,    39.8921,   138.24,     39.892,    18.24,    39.8921,  -101.76,          0,     0.00, 5.09988E-005,   160.47
Line.L_CEI_MT_5388,    39.8921,   -41.76,     39.892,  -161.76,    39.8921,    78.24,          0,     0.00, 5.09909E-005,   -19.52,    39.8921,   138.24,     39.892,    18.24,    39.8921,  -101.76,          0,     0.00, 5.09898E-005,   160.48
Line.L_CEI_MT_5389,    39.8921,   -41.76,     39.892,  -161.76,    39.8921,    78.24,          0,     0.00, 5.09967E-005,   -19.52,    39.8921,   138.24,     39.892,    18.24,    39.8921,  -101.76,          0,     0.00, 5.0997E-005,   160.48
Line.L_CEI_MT_539,    7.41518,   138.30,    7.41518,    18.30,    7.41518,  -101.70,          0,     0.00, 5.1722E-008,    20.56,    7.41518,   -41.70,    7.41518,  -161.70,    7.41518,    78.30,          0,     0.00, 5.0851E-008,  -164.05
Line.L_CEI_MT_5390,    39.8921,   -41.76,     39.892,  -161.76,    39.8921,    78.24,          0,     0.00, 5.09991E-005,   -19.52,    39.8921,   138.24,     39.892,    18.24,    39.8921,  -101.76,          0,     0.00, 5.09992E-005,   160.47
Line.L_CEI_MT_5391,    39.8921,   138.24,     39.892,    18.24,    39.8921,  -101.76,          0,     0.00, 5.10026E-005,   160.47,    39.8921,   -41.76,     39.892,  -161.76,    39.8921,    78.24,          0,     0.00, 5.10005E-005,   -19.53
Line.L_CEI_MT_5392,    2.11435,   138.32,    2.11435,    18.32,    2.11435,  -101.68,          0,     0.00, 1.02127E-008,    46.85,    2.11435,   -41.68,    2.11435,  -161.68,    2.11435,    78.32,          0,     0.00, 1.18835E-008,  -145.38
Line.L_CEI_MT_5393,    42.0064,   -41.76,    42.0064,  -161.76,    42.0064,    78.24,          0,     0.00, 5.09797E-005,   -19.53,    42.0064,   138.24,    42.0064,    18.24,    42.0064,  -101.76,          0,     0.00, 5.09816E-005,   160.47
Line.L_CEI_MT_5394,    42.0064,   138.24,    42.0064,    18.24,    42.0064,  -101.76,          0,     0.00, 5.09867E-005,   160.48,    42.0064,   -41.76,    42.0064,  -161.76,    42.0064,    78.24,          0,     0.00, 5.09874E-005,   -19.52
Line.L_CEI_MT_5395,    42.0064,   -41.76,    42.0064,  -161.76,    42.0064,    78.24,          0,     0.00, 5.09841E-005,   -19.53,    42.0064,   138.24,    42.0064,    18.24,    42.0064,  -101.76,          0,     0.00, 5.09814E-005,   160.47
Line.L_CEI_MT_5396,    2.11437,   138.32,    2.11437,    18.32,    2.11437,  -101.68,          0,     0.00, 1.12146E-008,     4.76,    2.11437,   -41.68,    2.11437,  -161.68,    2.11437,    78.32,          0,     0.00, 1.45552E-008,  -172.65
Line.L_CEI_MT_5397,    44.1208,   -41.75,    44.1208,  -161.75,    44.1208,    78.25,          0,     0.00, 5.26889E-005,   -20.35,    44.1208,   138.25,    44.1208,    18.25,    44.1208,  -101.75,          0,     0.00, 5.26904E-005,   159.65
Line.L_CEI_MT_5398,    44.1208,   -41.75,    44.1208,  -161.75,    44.1208,    78.25,          0,     0.00, 5.2688E-005,   -20.36,    44.1208,   138.25,    44.1208,    18.25,    44.1208,  -101.75,          0,     0.00, 5.26916E-005,   159.65
Line.L_CEI_MT_5399,    44.1208,   -41.75,    44.1208,  -161.75,    44.1208,    78.25,          0,     0.00, 5.26945E-005,   -20.35,    44.1208,   138.25,    44.1208,    18.25,    44.1208,  -101.75,          0,     0.00, 5.26928E-005,   159.65
Line.L_CEI_MT_540,    7.41518,   138.30,    7.41518,    18.30,    7.41518,  -101.70,          0,     0.00, 5.00667E-008,    18.43,    7.41518,   -41.70,    7.41518,  -161.70,    7.41518,    78.30,          0,     0.00, 5.27699E-008,  -164.12
Line.L_CEI_MT_5400,    44.1208,   -41.75,    44.1208,  -161.75,    44.1208,    78.25,          0,     0.00, 5.26933E-005,   -20.35,    44.1208,   138.25,    44.1208,    18.25,    44.1208,  -101.75,          0,     0.00, 5.26905E-005,   159.65
Line.L_CEI_MT_5401,    44.1208,   -41.75,    44.1208,  -161.75,    44.1208,    78.25,          0,     0.00, 5.26936E-005,   -20.35,    44.1208,   138.25,    44.1208,    18.25,    44.1208,  -101.75,          0,     0.00, 5.26919E-005,   159.65
Line.L_CEI_MT_5402,    44.1208,   -41.75,    44.1208,  -161.75,    44.1208,    78.25,          0,     0.00, 5.63529E-005,   -20.85,    44.1208,   138.25,    44.1208,    18.25,    44.1208,  -101.75,          0,     0.00, 5.63522E-005,   159.14
Line.L_CEI_MT_5403,    48.8783,   -41.75,    48.8782,  -161.75,    48.8783,    78.25,          0,     0.00, 5.63274E-005,   -20.87,    48.8783,   138.25,    48.8782,    18.25,    48.8783,  -101.75,          0,     0.00, 5.63282E-005,   159.13
Line.L_CEI_MT_5404,    48.8783,   -41.75,    48.8782,  -161.75,    48.8783,    78.25,          0,     0.00, 5.63318E-005,   -20.87,    48.8783,   138.25,    48.8782,    18.25,    48.8783,  -101.75,          0,     0.00, 5.63301E-005,   159.14
Line.L_CEI_MT_5405,    48.8783,   -41.75,    48.8782,  -161.75,    48.8783,    78.25,          0,     0.00, 5.63273E-005,   -20.87,    48.8783,   138.25,    48.8782,    18.25,    48.8783,  -101.75,          0,     0.00, 5.63268E-005,   159.13
Line.L_CEI_MT_5406,    48.8783,   -41.75,    48.8782,  -161.75,    48.8783,    78.25,          0,     0.00, 5.63279E-005,   -20.86,    48.8783,   138.25,    48.8782,    18.25,    48.8783,  -101.75,          0,     0.00, 5.63268E-005,   159.13
Line.L_CEI_MT_5407,    48.8783,   -41.75,    48.8782,  -161.75,    48.8783,    78.25,          0,     0.00, 5.63248E-005,   -20.87,    48.8783,   138.25,    48.8782,    18.25,    48.8783,  -101.75,          0,     0.00, 5.63231E-005,   159.13
Line.L_CEI_MT_5408,    48.8783,   -41.75,    48.8782,  -161.75,    48.8783,    78.25,          0,     0.00, 5.63265E-005,   -20.86,    48.8783,   138.25,    48.8782,    18.25,    48.8783,  -101.75,          0,     0.00, 5.63238E-005,   159.14
Line.L_CEI_MT_5409,    48.8783,   -41.75,    48.8782,  -161.75,    48.8783,    78.25,          0,     0.00, 5.63277E-005,   -20.86,    48.8783,   138.25,    48.8782,    18.25,    48.8783,  -101.75,          0,     0.00, 5.6324E-005,   159.14
Line.L_CEI_MT_541,    7.41518,   138.30,    7.41518,    18.30,    7.41518,  -101.70,          0,     0.00, 4.78975E-008,    26.57,    7.41518,   -41.70,    7.41518,  -161.70,    7.41518,    78.30,          0,     0.00, 4.95989E-008,  -155.60
Line.L_CEI_MT_5410,    48.8783,   -41.75,    48.8782,  -161.75,    48.8783,    78.25,          0,     0.00, 5.63221E-005,   -20.87,    48.8783,   138.25,    48.8782,    18.25,    48.8783,  -101.75,          0,     0.00, 5.63213E-005,   159.14
Line.L_CEI_MT_5411,    48.8783,   138.25,    48.8782,    18.25,    48.8783,  -101.75,          0,     0.00, 5.63251E-005,   159.14,    48.8783,   -41.75,    48.8782,  -161.75,    48.8783,    78.25,          0,     0.00, 5.63252E-005,   -20.87
Line.L_CEI_MT_5412,    48.8783,   -41.75,    48.8782,  -161.75,    48.8783,    78.25,          0,     0.00, 5.63234E-005,   -20.86,    48.8783,   138.25,    48.8782,    18.25,    48.8783,  -101.75,          0,     0.00, 5.6318E-005,   159.14
Line.L_CEI_MT_5413,    48.8783,   -41.75,    48.8782,  -161.75,    48.8783,    78.25,          0,     0.00, 5.63308E-005,   -20.86,    48.8783,   138.25,    48.8782,    18.25,    48.8783,  -101.75,          0,     0.00, 5.63258E-005,   159.14
Line.L_CEI_MT_13943A,    1.58769,   -41.69,    1.58769,  -161.69,    1.58769,    78.31,          0,     0.00, 9.90009E-009,  -138.81,    1.58769,   138.31,    1.58769,    18.31,    1.58769,  -101.69,          0,     0.00, 1.31214E-008,    27.47
Line.L_CEI_MT_13968A,    1.58769,   138.31,    1.58769,    18.31,    1.58769,  -101.69,          0,     0.00, 1.58325E-008,     0.00,    1.58769,   -41.69,    1.58769,  -161.69,    1.58769,    78.31,          0,     0.00, 1.63579E-008,   175.10
Line.L_CEI_MT_21794A,    1.58627,   -41.68,    1.58627,  -161.68,    1.58627,    78.32,          0,     0.00, 1.33345E-008,  -155.22,    1.58627,   138.32,    1.58627,    18.32,    1.58627,  -101.68,          0,     0.00, 1.41855E-008,    23.20
Line.L_CEI_MT_86012A,    39.6868,   138.31,    39.6868,    18.31,    39.6868,  -101.69,          0,     0.00, 1.49573E-006,    19.91,    39.6868,   -41.69,    39.6868,  -161.69,    39.6868,    78.31,          0,     0.00,   1.5E-006,  -160.32
Line.L_CEI_MT_86048A,    7.93743,   -41.69,    7.93743,  -161.69,    7.93743,    78.31,          0,     0.00, 6.15131E-008,  -156.35,    7.93743,   138.31,    7.93743,    18.31,    7.93743,  -101.69,          0,     0.00, 5.98606E-008,    23.37
Line.L_CEI_MT_6261,    3.16049,   -41.64,    3.16049,  -161.64,    3.16049,    78.36,          0,     0.00, 2.26753E-006,   -40.37,    3.16049,   138.36,    3.16049,    18.36,    3.16049,  -101.64,          0,     0.00, 2.26784E-006,   139.68
Line.L_CEI_MT_6262,    3.16049,   -41.64,    3.16049,  -161.64,    3.16049,    78.36,          0,     0.00, 2.27216E-006,   -40.47,    3.16049,   138.36,    3.16049,    18.36,    3.16049,  -101.64,          0,     0.00, 2.26954E-006,   139.54
Line.L_CEI_MT_6263,    3.16049,   -41.64,    3.16049,  -161.64,    3.16049,    78.36,          0,     0.00, 2.27676E-006,   -40.75,    3.16049,   138.36,    3.16049,    18.36,    3.16049,  -101.64,          0,     0.00, 2.2714E-006,   139.39
Line.L_CEI_MT_6264,    3.16049,   -41.64,    3.16049,  -161.64,    3.16049,    78.36,          0,     0.00, 2.276E-006,   -40.46,    3.16049,   138.36,    3.16049,    18.36,    3.16049,  -101.64,          0,     0.00, 2.27555E-006,   139.56
Line.L_CEI_MT_6265,    3.16049,   -41.64,    3.16049,  -161.64,    3.16049,    78.36,          0,     0.00, 2.28271E-006,   -40.53,    3.16049,   138.36,    3.16049,    18.36,    3.16049,  -101.64,          0,     0.00, 2.28079E-006,   139.44
Line.L_CEI_MT_6266,    3.16049,   -41.64,    3.16049,  -161.64,    3.16049,    78.36,          0,     0.00, 2.28014E-006,   -40.61,    3.16049,   138.36,    3.16049,    18.36,    3.16049,  -101.64,          0,     0.00, 2.27958E-006,   139.47
Line.L_CEI_MT_6267,    1.58025,   138.36,    1.58024,    18.36,    1.58024,  -101.64,          0,     0.00, 2.29206E-006,   139.50,    1.58025,   -41.64,    1.58024,  -161.64,    1.58024,    78.36,          0,     0.00, 2.28903E-006,   -40.57
Line.L_CEI_MT_6268,    1.58025,   -41.64,    1.58024,  -161.64,    1.58024,    78.36,          0,     0.00, 2.29327E-006,   -40.48,    1.58025,   138.36,    1.58024,    18.36,    1.58024,  -101.64,          0,     0.00, 2.29353E-006,   139.55
Line.L_CEI_MT_6269,    1.58025,   -41.64,    1.58024,  -161.64,    1.58024,    78.36,          0,     0.00, 2.29014E-006,   -40.53,    1.58025,   138.36,    1.58024,    18.36,    1.58024,  -101.64,          0,     0.00, 2.28807E-006,   139.44
Line.L_CEI_MT_627,    7.93845,   -41.69,    7.93845,  -161.69,    7.93845,    78.31,          0,     0.00, 6.57292E-008,  -172.67,    7.93845,   138.31,    7.93845,    18.31,    7.93845,  -101.69,          0,     0.00, 6.44298E-008,     4.14
Line.L_CEI_MT_6270,    1.58025,   138.36,    1.58024,    18.36,    1.58024,  -101.64,          0,     0.00, 2.28918E-006,   139.26,    1.58025,   -41.64,    1.58024,  -161.64,    1.58024,    78.36,          0,     0.00, 2.29019E-006,   -40.73
Line.L_CEI_MT_6271, 8.76873E-007,    23.34, 1.43554E-006,   -36.97, 9.96153E-007,  -102.06,          0,     0.00, 2.29383E-006,   -40.51, 8.76296E-007,  -156.60, 1.43652E-006,   143.07, 9.94137E-007,    77.97,          0,     0.00, 2.29308E-006,   139.56
Line.L_CEI_MT_6272,    1.58025,   -41.64,    1.58025,  -161.64,    1.58025,    78.36,          0,     0.00, 1.61646E-008,  -168.37,    1.58025,   138.36,    1.58025,    18.36,    1.58025,  -101.64,          0,     0.00, 1.71237E-008,    11.77
Line.L_CEI_MT_6273,    1.58025,   -41.64,    1.58025,  -161.64,    1.58025,    78.36,          0,     0.00, 1.50171E-008,   172.87,    1.58025,   138.36,    1.58025,    18.36,    1.58025,  -101.64,          0,     0.00, 1.5544E-008,   -16.53
Line.L_CEI_MT_6274,    1.58025,   -41.64,    1.58025,  -161.64,    1.58025,    78.36,          0,     0.00, 1.20803E-008,  -152.45,    1.58025,   138.36,    1.58025,    18.36,    1.58025,  -101.64,          0,     0.00, 1.11589E-008,    23.36
Line.L_CEI_MT_6275,    1.58025,   138.36,    1.58025,    18.36,    1.58025,  -101.64,          0,     0.00, 1.38549E-008,    24.84,    1.58025,   -41.64,    1.58025,  -161.64,    1.58025,    78.36,          0,     0.00, 1.60839E-008,  -157.89
Line.L_CEI_MT_6276,    1.58025,   -41.64,    1.58025,  -161.64,    1.58025,    78.36,          0,     0.00, 1.38451E-008,  -160.35,    1.58025,   138.36,    1.58025,    18.36,    1.58025,  -101.64,          0,     0.00, 1.32058E-008,     9.13
Line.L_CEI_MT_6277,    1.58025,   -41.64,    1.58025,  -161.64,    1.58025,    78.36,          0,     0.00, 1.10686E-008,  -165.38,    1.58025,   138.36,    1.58025,    18.36,    1.58025,  -101.64,          0,     0.00, 9.35968E-009,     5.71
Line.L_CEI_MT_6278,    7.90013,   -41.64,    7.90013,  -161.64,    7.90013,    78.36,          0,     0.00, 6.12199E-008,  -166.81,    7.90013,   138.36,    7.90013,    18.36,    7.90013,  -101.64,          0,     0.00, 6.07759E-008,    11.27
Line.L_CEI_MT_6279,    7.90013,   -41.64,    7.90013,  -161.64,    7.90013,    78.36,          0,     0.00, 6.54519E-008,  -165.37,    7.90013,   138.36,    7.90013,    18.36,    7.90013,  -101.64,          0,     0.00, 6.57622E-008,    12.26
Line.L_CEI_MT_628,    7.93845,   -41.69,    7.93845,  -161.69,    7.93845,    78.31,          0,     0.00, 6.22751E-008,  -173.99,    7.93845,   138.31,    7.93845,    18.31,    7.93845,  -101.69,          0,     0.00, 6.18559E-008,     9.53
Line.L_CEI_MT_6280,    20.5403,   -41.64,    20.5403,  -161.64,    20.5403,    78.36,          0,     0.00, 1.36262E-006,   -36.90,    20.5403,   138.36,    20.5403,    18.36,    20.5403,  -101.64,          0,     0.00, 1.36341E-006,   143.28
Line.L_CEI_MT_6281,    20.5403,   -41.64,    20.5403,  -161.64,    20.5403,    78.36,          0,     0.00, 1.35853E-006,   -37.03,    20.5403,   138.36,    20.5403,    18.36,    20.5403,  -101.64,          0,     0.00, 1.36197E-006,   143.00
Line.L_CEI_MT_6282,    20.5403,   -41.64,    20.5403,  -161.64,    20.5403,    78.36,          0,     0.00, 1.36746E-006,   -36.85,    20.5403,   138.36,    20.5403,    18.36,    20.5403,  -101.64,          0,     0.00, 1.36783E-006,   143.17
Line.L_CEI_MT_6283,    7.90019,   -41.64,    7.90019,  -161.64,    7.90019,    78.36,          0,     0.00, 6.20169E-008,  -169.62,    7.90019,   138.36,    7.90019,    18.36,    7.90019,  -101.64,          0,     0.00, 6.29591E-008,     7.65
Line.L_CEI_MT_6284,    28.4405,   -41.64,    28.4405,  -161.64,    28.4405,    78.36,          0,     0.00, 1.99651E-006,    26.77,    28.4405,   138.36,    28.4405,    18.36,    28.4405,  -101.64,          0,     0.00, 1.99599E-006,  -153.17
Line.L_CEI_MT_6285,    28.4405,   -41.64,    28.4405,  -161.64,    28.4405,    78.36,          0,     0.00, 1.9942E-006,    26.61,    28.4405,   138.36,    28.4405,    18.36,    28.4405,  -101.64,          0,     0.00, 1.99285E-006,  -153.44
Line.L_CEI_MT_6286,    28.4405,   -41.64,    28.4405,  -161.64,    28.4405,    78.36,          0,     0.00, 4.1603E-006,    26.94,    28.4405,   138.36,    28.4405,    18.36,    28.4405,  -101.64,          0,     0.00, 4.16405E-006,  -153.06
Line.L_CEI_MT_6287,    28.4405,   -41.64,    28.4405,  -161.64,    28.4405,    78.36,          0,     0.00, 4.1667E-006,    27.04,    28.4405,   138.36,    28.4405,    18.36,    28.4405,  -101.64,          0,     0.00, 4.16777E-006,  -152.92
Line.L_CEI_MT_6288,    33.1807,   138.36,    33.1807,    18.36,    33.1807,  -101.64,          0,     0.00, 4.133E-006,  -152.77,    33.1807,   -41.64,    33.1807,  -161.64,    33.1807,    78.36,          0,     0.00, 4.13202E-006,    27.17
Line.L_CEI_MT_6289,    75.0516,   -41.64,    75.0516,  -161.64,    75.0516,    78.36,          0,     0.00, 2.36487E-005,   -17.66,    75.0516,   138.36,    75.0516,    18.36,    75.0516,  -101.64,          0,     0.00, 2.36492E-005,   162.35
Line.L_CEI_MT_629,    7.93845,   -41.69,    7.93845,  -161.69,    7.93845,    78.31,          0,     0.00, 5.05259E-008,  -170.45,    7.93845,   138.31,    7.93845,    18.31,    7.93845,  -101.69,          0,     0.00, 5.31507E-008,    11.11
Line.L_CEI_MT_6290,    75.0516,   -41.64,    75.0516,  -161.64,    75.0516,    78.36,          0,     0.00, 2.36464E-005,   -17.69,    75.0516,   138.36,    75.0516,    18.36,    75.0516,  -101.64,          0,     0.00, 2.36499E-005,   162.32
Line.L_CEI_MT_6291,    75.0516,   -41.64,    75.0516,  -161.64,    75.0516,    78.36,          0,     0.00, 2.36448E-005,   -17.67,    75.0516,   138.36,    75.0516,    18.36,    75.0516,  -101.64,          0,     0.00, 2.36486E-005,   162.32
Line.L_CEI_MT_6292,    78.2119,   138.36,    78.2118,    18.36,    78.2118,  -101.64,          0,     0.00, 2.36186E-005,   162.31,    78.2119,   -41.64,    78.2118,  -161.64,    78.2118,    78.36,          0,     0.00, 2.36185E-005,   -17.69
Line.L_CEI_MT_6293,    78.2119,   -41.64,    78.2118,  -161.64,    78.2118,    78.36,          0,     0.00, 2.36169E-005,   -17.69,    78.2119,   138.36,    78.2118,    18.36,    78.2118,  -101.64,          0,     0.00, 2.36175E-005,   162.30
Line.L_CEI_MT_6294,    78.2119,   -41.64,    78.2118,  -161.64,    78.2118,    78.36,          0,     0.00, 2.36178E-005,   -17.68,    78.2119,   138.36,    78.2118,    18.36,    78.2118,  -101.64,          0,     0.00, 2.36178E-005,   162.31
Line.L_CEI_MT_6295,    78.2119,   -41.64,    78.2118,  -161.64,    78.2118,    78.36,          0,     0.00, 2.36218E-005,   -17.70,    78.2119,   138.36,    78.2118,    18.36,    78.2118,  -101.64,          0,     0.00, 2.3619E-005,   162.31
Line.L_CEI_MT_6296,    4.74048,   -41.64,    4.74048,  -161.64,    4.74048,    78.36,          0,     0.00, 3.94523E-008,  -168.42,    4.74048,   138.36,    4.74048,    18.36,    4.74048,  -101.64,          0,     0.00, 4.04033E-008,     7.62
Line.L_CEI_MT_6297,    82.9523,   -41.64,    82.9523,  -161.64,    82.9523,    78.36,          0,     0.00, 2.27953E-005,   -14.89,    82.9523,   138.36,    82.9523,    18.36,    82.9523,  -101.64,          0,     0.00, 2.27951E-005,   165.10
Line.L_CEI_MT_6298,    82.9523,   -41.64,    82.9523,  -161.64,    82.9523,    78.36,          0,     0.00, 2.27991E-005,   -14.91,    82.9523,   138.36,    82.9523,    18.36,    82.9523,  -101.64,          0,     0.00, 2.27996E-005,   165.10
Line.L_CEI_MT_6299,    82.9523,   -41.64,    82.9523,  -161.64,    82.9523,    78.36,          0,     0.00, 2.27891E-005,   -14.89,    82.9523,   138.36,    82.9523,    18.36,    82.9523,  -101.64,          0,     0.00, 2.27907E-005,   165.11
Line.L_CEI_MT_630,    7.93845,   -41.69,    7.93845,  -161.69,    7.93845,    78.31,          0,     0.00, 5.4554E-008,  -166.68,    7.93845,   138.31,    7.93845,    18.31,    7.93845,  -101.69,          0,     0.00, 5.46889E-008,    15.81
Line.L_CEI_MT_6300,    82.9523,   -41.64,    82.9523,  -161.64,    82.9523,    78.36,          0,     0.00, 2.27913E-005,   -14.91,    82.9523,   138.36,    82.9523,    18.36,    82.9523,  -101.64,          0,     0.00, 2.27931E-005,   165.10
Line.L_CEI_MT_6301,    4.74065,   -41.64,    4.74065,  -161.64,    4.74065,    78.36,          0,     0.00, 3.82013E-008,  -170.88,    4.74065,   138.36,    4.74065,    18.36,    4.74065,  -101.64,          0,     0.00, 3.77301E-008,     1.41
Line.L_CEI_MT_6302,    4.74065,   -41.64,    4.74065,  -161.64,    4.74065,    78.36,          0,     0.00, 3.59646E-008,  -175.54,    4.74065,   138.36,    4.74065,    18.36,    4.74065,  -101.64,          0,     0.00, 3.72558E-008,     0.72
Line.L_CEI_MT_6303,     87.693,   138.36,     87.693,    18.36,     87.693,  -101.64,          0,     0.00, 2.43708E-005,   167.47,     87.693,   -41.64,     87.693,  -161.64,     87.693,    78.36,          0,     0.00, 2.43721E-005,   -12.53
Line.L_CEI_MT_6304,     87.693,   -41.64,     87.693,  -161.64,     87.693,    78.36,          0,     0.00, 2.43649E-005,   -12.51,     87.693,   138.36,     87.693,    18.36,     87.693,  -101.64,          0,     0.00, 2.43642E-005,   167.49
Line.L_CEI_MT_6305,     41.871,   -41.64,     41.871,  -161.64,     41.871,    78.36,          0,     0.00, 2.09284E-005,   -25.66,     41.871,   138.36,     41.871,    18.36,     41.871,  -101.64,          0,     0.00, 2.09298E-005,   154.33
Line.L_CEI_MT_6306,     41.871,   -41.64,     41.871,  -161.64,     41.871,    78.36,          0,     0.00, 2.09198E-005,   -25.63,     41.871,   138.36,     41.871,    18.36,     41.871,  -101.64,          0,     0.00, 2.09202E-005,   154.37
Line.L_CEI_MT_6307,     8.4269,   -41.64,    8.42689,  -161.64,    8.42689,    78.36,          0,     0.00, 7.45336E-006,   -27.65,     8.4269,   138.36,    8.42689,    18.36,    8.42689,  -101.64,          0,     0.00, 7.45664E-006,   152.37
Line.L_CEI_MT_6308,     8.4269,   -41.64,    8.42689,  -161.64,    8.42689,    78.36,          0,     0.00, 7.45619E-006,   -27.61,     8.4269,   138.36,    8.42689,    18.36,    8.42689,  -101.64,          0,     0.00, 7.45935E-006,   152.37
Line.L_CEI_MT_6309,     8.4269,   -41.64,    8.42689,  -161.64,    8.42689,    78.36,          0,     0.00, 7.45554E-006,   -27.61,     8.4269,   138.36,    8.42689,    18.36,    8.42689,  -101.64,          0,     0.00, 7.45326E-006,   152.39
Line.L_CEI_MT_631,    7.93845,   -41.69,    7.93845,  -161.69,    7.93845,    78.31,          0,     0.00, 5.60793E-008,  -171.16,    7.93845,   138.31,    7.93845,    18.31,    7.93845,  -101.69,          0,     0.00, 5.26836E-008,     8.13
Line.L_CEI_MT_6310,    2.10673,   -41.64,    2.10673,  -161.64,    2.10673,    78.36,          0,     0.00, 1.47389E-006,   -31.97,    2.10673,   138.36,    2.10673,    18.36,    2.10673,  -101.64,          0,     0.00, 1.47345E-006,   147.95
Line.L_CEI_MT_6311,    2.10673,   -41.64,    2.10673,  -161.64,    2.10673,    78.36,          0,     0.00, 1.48052E-006,   -32.28,    2.10673,   138.36,    2.10673,    18.36,    2.10673,  -101.64,          0,     0.00, 1.47806E-006,   147.70
Line.L_CEI_MT_6312,    2.10673,   -41.64,    2.10673,  -161.64,    2.10673,    78.36,          0,     0.00, 1.73064E-008,  -174.60,    2.10673,   138.36,    2.10673,    18.36,    2.10673,  -101.64,          0,     0.00, 1.77334E-008,     3.76
Line.L_CEI_MT_6313,    2.10673,   -41.64,    2.10673,  -161.64,    2.10673,    78.36,          0,     0.00, 1.12363E-008,  -174.05,    2.10673,   138.36,    2.10673,    18.36,    2.10673,  -101.64,          0,     0.00, 9.87817E-009,    -8.13
Line.L_CEI_MT_6314,    6.32017,   -41.64,    6.32017,  -161.64,    6.32017,    78.36,          0,     0.00, 3.70035E-006,   -30.10,    6.32017,   138.36,    6.32017,    18.36,    6.32017,  -101.64,          0,     0.00, 3.70239E-006,   149.86
Line.L_CEI_MT_6315,    6.32017,   -41.64,    6.32017,  -161.64,    6.32017,    78.36,          0,     0.00, 3.70593E-006,   -30.19,    6.32017,   138.36,    6.32017,    18.36,    6.32017,  -101.64,          0,     0.00, 3.70583E-006,   149.78
Line.L_CEI_MT_6316,    2.10672,   -41.64,    2.10672,  -161.64,    2.10672,    78.36,          0,     0.00, 1.18721E-008,   168.69,    2.10672,   138.36,    2.10672,    18.36,    2.10672,  -101.64,          0,     0.00, 1.19721E-008,   -13.50
Line.L_CEI_MT_6317,    4.21345,   -41.64,    4.21344,  -161.64,    4.21345,    78.36,          0,     0.00, 1.4913E-006,   -44.63,    4.21345,   138.36,    4.21344,    18.36,    4.21345,  -101.64,          0,     0.00, 1.48768E-006,   135.38
Line.L_CEI_MT_6318,    2.10672,   -41.64,    2.10672,  -161.64,    2.10672,    78.36,          0,     0.00, 1.47891E-006,   -31.84,    2.10672,   138.36,    2.10672,    18.36,    2.10672,  -101.64,          0,     0.00, 1.47676E-006,   148.22
Line.L_CEI_MT_6319,    2.10672,   -41.64,    2.10672,  -161.64,    2.10672,    78.36,          0,     0.00, 1.47734E-006,   -32.02,    2.10672,   138.36,    2.10672,    18.36,    2.10672,  -101.64,          0,     0.00, 1.47976E-006,   147.94
Line.L_CEI_MT_632,     3.1754,   138.31,     3.1754,    18.31,     3.1754,  -101.69,          0,     0.00, 3.01963E-008,    19.83,     3.1754,   -41.69,     3.1754,  -161.69,     3.1754,    78.31,          0,     0.00, 3.6145E-008,  -165.07
Line.L_CEI_MT_6320,    2.10672,   -41.64,    2.10672,  -161.64,    2.10672,    78.36,          0,     0.00, 1.41625E-008,  -170.54,    2.10672,   138.36,    2.10672,    18.36,    2.10672,  -101.64,          0,     0.00, 1.47034E-008,    10.95
Line.L_CEI_MT_6321, 2.32831E-009,   -90.00, 1.04125E-009,    63.43, 2.0825E-009,  -116.57,          0,     0.00, 3.29272E-009,   -98.13, 2.0825E-009,    63.43, 9.31323E-010,     0.00, 1.86265E-009,     0.00,          0,     0.00, 4.165E-009,    26.57
Line.L_CEI_MT_6322,    33.4441,   -41.64,    33.4441,  -161.64,    33.4441,    78.36,          0,     0.00, 1.11714E-005,   -25.37,    33.4441,   138.36,    33.4441,    18.36,    33.4441,  -101.64,          0,     0.00, 1.11699E-005,   154.65
Line.L_CEI_MT_6323,    2.10672,   -41.64,    2.10672,  -161.64,    2.10672,    78.36,          0,     0.00, 1.56534E-008,  -149.62,    2.10672,   138.36,    2.10672,    18.36,    2.10672,  -101.64,          0,     0.00, 1.28901E-008,    20.07
Line.L_CEI_MT_6324,    31.3373,   -41.64,    31.3373,  -161.64,    31.3373,    78.36,          0,     0.00, 8.89144E-006,   -26.56,    31.3373,   138.36,    31.3373,    18.36,    31.3373,  -101.64,          0,     0.00, 8.8902E-006,   153.46
Line.L_CEI_MT_6325,    11.8503,   -41.64,    11.8503,  -161.64,    11.8503,    78.36,          0,     0.00, 9.32451E-008,  -168.19,    11.8503,   138.36,    11.8503,    18.36,    11.8503,  -101.64,          0,     0.00, 9.15534E-008,    11.00
Line.L_CEI_MT_6326,    19.4871,   -41.64,    19.4871,  -161.64,    19.4871,    78.36,          0,     0.00, 6.68265E-006,   -28.10,    19.4871,   138.36,    19.4871,    18.36,    19.4871,  -101.64,          0,     0.00, 6.68019E-006,   151.92
Line.L_CEI_MT_6327,    6.84681,   138.36,    6.84681,    18.36,    6.84681,  -101.64,          0,     0.00, 5.78864E-008,     8.33,    6.84681,   -41.64,    6.84681,  -161.64,    6.84681,    78.36,          0,     0.00, 5.57691E-008,  -173.53
Line.L_CEI_MT_6328,    2.10671,   -41.64,    2.10671,  -161.64,    2.10671,    78.36,          0,     0.00, 1.54793E-008,  -164.29,    2.10671,   138.36,    2.10671,    18.36,    2.10671,  -101.64,          0,     0.00, 1.76414E-008,    22.50
Line.L_CEI_MT_6329,    2.10671,   -41.64,    2.10671,  -161.64,    2.10671,    78.36,          0,     0.00, 6.92255E-009,  -137.73,    2.10671,   138.36,    2.10671,    18.36,    2.10671,  -101.64,          0,     0.00, 9.18428E-009,    30.47
Line.L_CEI_MT_633,     3.1754,   -41.69,     3.1754,  -161.69,     3.1754,    78.31,          0,     0.00, 3.64118E-008,  -175.97,     3.1754,   138.31,     3.1754,    18.31,     3.1754,  -101.69,          0,     0.00, 3.00956E-008,     8.00
Line.L_CEI_MT_6330, 8.73998E-007,    23.29, 1.43145E-006,   -37.09, 9.94723E-007,  -102.19,          0,     0.00, 2.28675E-006,   -40.66, 8.75071E-007,  -156.63, 1.43345E-006,   142.96, 9.96741E-007,    77.78,          0,     0.00, 2.28847E-006,   139.36
Line.L_CEI_MT_6331,    12.6403,   -41.64,    12.6403,  -161.64,    12.6403,    78.36,          0,     0.00, 4.45731E-006,   -31.54,    12.6403,   138.36,    12.6403,    18.36,    12.6403,  -101.64,          0,     0.00, 4.4559E-006,   148.47
Line.L_CEI_MT_6332,    4.74009,   -41.64,    4.74009,  -161.64,    4.74009,    78.36,          0,     0.00, 2.27476E-006,   -21.18,    4.74009,   138.36,    4.74009,    18.36,    4.74009,  -101.64,          0,     0.00, 2.27642E-006,   158.87
Line.L_CEI_MT_6333,    4.74009,   -41.64,    4.74009,  -161.64,    4.74009,    78.36,          0,     0.00, 2.27997E-006,   -21.36,    4.74009,   138.36,    4.74009,    18.36,    4.74009,  -101.64,          0,     0.00, 2.28008E-006,   158.73
Line.L_CEI_MT_6334,    4.74009,   -41.64,    4.74009,  -161.64,    4.74009,    78.36,          0,     0.00, 3.3298E-008,  -173.17,    4.74009,   138.36,    4.74009,    18.36,    4.74009,  -101.64,          0,     0.00, 3.5759E-008,     8.24
Line.L_CEI_MT_6335, 5.83472E-009,   -61.39, 5.20625E-009,  -169.70, 1.91997E-009,   104.04,          0,     0.00, 5.0369E-009,  -123.69, 4.47253E-009,   128.66, 4.93359E-009,    19.29, 3.75428E-009,   -82.87,          0,     0.00, 2.71525E-009,    30.96
Line.L_CEI_MT_6336, 1.04125E-009,   -26.57, 4.29318E-009,   167.47, 1.39698E-009,     0.00,          0,     0.00, 1.91997E-009,   165.96, 2.32831E-010,   -90.00, 1.16415E-009,    36.87, 1.39698E-009,   180.00,          0,     0.00, 6.58545E-010,   135.00
Line.L_CEI_MT_6338,    318.131,   -41.64,    318.131,  -161.64,    318.131,    78.36,          0,     0.00, 9.84318E-005,   -11.68,    318.131,   138.36,    318.131,    18.36,    318.131,  -101.64,          0,     0.00, 9.84333E-005,   168.32
Line.L_CEI_MT_6339,    1.58061,   138.35,    1.58061,    18.35,    1.58061,  -101.65,          0,     0.00, 1.69775E-008,    25.16,    1.58061,   -41.65,    1.58061,  -161.65,    1.58061,    78.35,          0,     0.00, 1.50171E-008,  -150.26
Line.L_CEI_MT_634,     1.5877,   -41.69,     1.5877,  -161.69,     1.5877,    78.31,          0,     0.00, 1.23026E-008,  -150.52,     1.5877,   138.31,     1.5877,    18.31,     1.5877,  -101.69,          0,     0.00, 1.49828E-008,    32.95
Line.L_CEI_MT_6340,    3.16133,   -41.65,    3.16133,  -161.65,    3.16133,    78.35,          0,     0.00, 2.94482E-008,  -175.01,    3.16133,   138.35,    3.16133,    18.35,    3.16133,  -101.65,          0,     0.00, 2.85661E-008,     6.08
Line.L_CEI_MT_6341,    1.58072,   138.35,    1.58072,    18.35,    1.58072,  -101.65,          0,     0.00, 1.06289E-008,    28.81,    1.58072,   -41.65,    1.58072,  -161.65,    1.58072,    78.35,          0,     0.00, 1.14538E-008,  -153.43
Line.L_CEI_MT_6342,    343.421,   -41.64,    343.421,  -161.64,    343.421,    78.36,          0,     0.00, 0.000103146,   -11.10,    343.421,   138.36,    343.421,    18.36,    343.421,  -101.64,          0,     0.00, 0.000103145,   168.90
Line.L_CEI_MT_6343,    343.421,   -41.64,    343.421,  -161.64,    343.421,    78.36,          0,     0.00, 0.000103145,   -11.10,    343.421,   138.36,    343.421,    18.36,    343.421,  -101.64,          0,     0.00, 0.000103146,   168.90
Line.L_CEI_MT_6344,    345.002,   138.36,    345.002,    18.36,    345.002,  -101.64,          0,     0.00, 0.000103128,   168.90,    345.002,   -41.64,    345.002,  -161.64,    345.002,    78.36,          0,     0.00, 0.000103126,   -11.10
Line.L_CEI_MT_6345,     7.9048,   -41.65,     7.9048,  -161.65,     7.9048,    78.35,          0,     0.00, 7.36069E-008,  -168.69,     7.9048,   138.35,     7.9048,    18.35,     7.9048,  -101.65,          0,     0.00, 7.4612E-008,    11.52
Line.L_CEI_MT_6346,     7.9048,   -41.65,     7.9048,  -161.65,     7.9048,    78.35,          0,     0.00, 7.40669E-008,  -170.77,     7.9048,   138.35,     7.9048,    18.35,     7.9048,  -101.65,          0,     0.00, 7.29009E-008,     8.08
Line.L_CEI_MT_6347,     7.9048,   -41.65,     7.9048,  -161.65,     7.9048,    78.35,          0,     0.00, 7.39581E-008,  -171.31,     7.9048,   138.35,     7.9048,    18.35,     7.9048,  -101.65,          0,     0.00, 7.41616E-008,     7.21
Line.L_CEI_MT_6348,     7.9048,   -41.65,     7.9048,  -161.65,     7.9048,    78.35,          0,     0.00, 6.38521E-008,  -172.67,     7.9048,   138.35,     7.9048,    18.35,     7.9048,  -101.65,          0,     0.00, 6.4391E-008,    10.42
Line.L_CEI_MT_6349,     7.9048,   -41.65,     7.9048,  -161.65,     7.9048,    78.35,          0,     0.00, 5.86253E-008,  -173.16,     7.9048,   138.35,     7.9048,    18.35,     7.9048,  -101.65,          0,     0.00, 5.82691E-008,    10.59
Line.L_CEI_MT_635,     1.5877,   -41.69,     1.5877,  -161.69,     1.5877,    78.31,          0,     0.00, 1.23026E-008,  -150.52,     1.5877,   138.31,     1.5877,    18.31,     1.5877,  -101.69,          0,     0.00, 1.49828E-008,    32.95
Line.L_CEI_MT_6350,     7.9048,   -41.65,     7.9048,  -161.65,     7.9048,    78.35,          0,     0.00, 6.03746E-008,  -174.25,     7.9048,   138.35,     7.9048,    18.35,     7.9048,  -101.65,          0,     0.00, 5.90876E-008,     6.79
Line.L_CEI_MT_6351,    352.907,   -41.64,    352.907,  -161.64,    352.907,    78.36,          0,     0.00, 0.000103061,   -11.11,    352.907,   138.36,    352.907,    18.36,    352.907,  -101.64,          0,     0.00, 0.000103059,   168.89
Line.L_CEI_MT_6352,    352.907,   138.36,    352.907,    18.36,    352.907,  -101.64,          0,     0.00, 0.000103061,   168.89,    352.907,   -41.64,    352.907,  -161.64,    352.907,    78.36,          0,     0.00, 0.000103063,   -11.11
Line.L_CEI_MT_6353,    355.015,   -41.64,    355.015,  -161.64,    355.015,    78.36,          0,     0.00, 0.000103047,   -11.12,    355.015,   138.36,    355.015,    18.36,    355.015,  -101.64,          0,     0.00, 0.000103046,   168.88
Line.L_CEI_MT_6354,    355.015,   -41.64,    355.015,  -161.64,    355.015,    78.36,          0,     0.00, 0.000103048,   -11.12,    355.015,   138.36,    355.015,    18.36,    355.015,  -101.64,          0,     0.00, 0.000103047,   168.88
Line.L_CEI_MT_5414,    48.8783,   -41.75,    48.8782,  -161.75,    48.8783,    78.25,          0,     0.00, 5.63217E-005,   -20.86,    48.8783,   138.25,    48.8782,    18.25,    48.8783,  -101.75,          0,     0.00, 5.63217E-005,   159.14
Line.L_CEI_MT_5415,    48.8783,   -41.75,    48.8782,  -161.75,    48.8783,    78.25,          0,     0.00, 5.633E-005,   -20.86,    48.8783,   138.25,    48.8782,    18.25,    48.8783,  -101.75,          0,     0.00, 5.63248E-005,   159.14
Line.L_CEI_MT_5417,    437.874,   138.34,    437.874,    18.34,    437.874,  -101.66,          0,     0.00, 0.000160105,   162.08,    437.874,   -41.66,    437.874,  -161.66,    437.874,    78.34,          0,     0.00, 0.000160111,   -17.92
Line.L_CEI_MT_5418,    437.874,   138.34,    437.874,    18.34,    437.874,  -101.66,          0,     0.00, 0.000159857,   161.41,    437.874,   -41.66,    437.874,  -161.66,    437.874,    78.34,          0,     0.00, 0.000159857,   -18.59
Line.L_CEI_MT_542,    7.41518,   138.30,    7.41518,    18.30,    7.41518,  -101.70,          0,     0.00, 5.33096E-008,    17.80,    7.41518,   -41.70,    7.41518,  -161.70,    7.41518,    78.30,          0,     0.00, 5.27206E-008,  -160.92
Line.L_CEI_MT_5420,    437.874,   138.34,    437.874,    18.34,    437.874,  -101.66,          0,     0.00, 0.000159868,   161.41,    437.874,   -41.66,    437.874,  -161.66,    437.874,    78.34,          0,     0.00, 0.000159866,   -18.59
Line.L_CEI_MT_5421,    437.874,   -41.66,    437.874,  -161.66,    437.874,    78.34,          0,     0.00, 0.00015986,   -18.59,    437.874,   138.34,    437.874,    18.34,    437.874,  -101.66,          0,     0.00, 0.000159862,   161.41
Line.L_CEI_MT_5422,    229.954,   -41.66,    229.954,  -161.66,    229.954,    78.34,          0,     0.00, 8.10146E-005,   -18.99,    229.954,   138.34,    229.954,    18.34,    229.954,  -101.66,          0,     0.00, 8.10135E-005,   161.01
Line.L_CEI_MT_5423,    667.828,   138.34,    667.828,    18.34,    667.828,  -101.66,          0,     0.00, 0.000240877,   161.28,    667.828,   -41.66,    667.828,  -161.66,    667.828,    78.34,          0,     0.00, 0.000240879,   -18.72
Line.L_CEI_MT_5424,    667.828,   138.34,    667.828,    18.34,    667.828,  -101.66,          0,     0.00, 0.000240877,   161.28,    667.828,   -41.66,    667.828,  -161.66,    667.828,    78.34,          0,     0.00, 0.000240875,   -18.72
Line.L_CEI_MT_5425,    667.828,   138.34,    667.828,    18.34,    667.828,  -101.66,          0,     0.00, 0.00024088,   161.28,    667.828,   -41.66,    667.828,  -161.66,    667.828,    78.34,          0,     0.00, 0.000240879,   -18.72
Line.L_CEI_MT_5426,    669.415,   138.34,    669.414,    18.34,    669.414,  -101.66,          0,     0.00, 0.000244767,   161.59,    669.415,   -41.66,    669.414,  -161.66,    669.414,    78.34,          0,     0.00, 0.000244766,   -18.41
Line.L_CEI_MT_5427,    1.58661,   -41.69,    1.58661,  -161.69,    1.58661,    78.31,          0,     0.00, 2.1249E-006,    23.55,    1.58661,   138.31,    1.58661,    18.31,    1.58661,  -101.69,          0,     0.00, 2.1247E-006,  -156.40
Line.L_CEI_MT_5428,    1.58661,   -41.69,    1.58661,  -161.69,    1.58661,    78.31,          0,     0.00, 1.09108E-008,  -140.19,    1.58661,   138.31,    1.58661,    18.31,    1.58661,  -101.69,          0,     0.00, 7.73965E-009,    43.78
Line.L_CEI_MT_5429, 1.01702E-008,  -105.95, 1.05058E-008,   167.20, 1.11078E-008,    56.98,          0,     0.00, 7.22901E-009,   165.07, 9.42892E-009,    69.78, 8.41096E-009,    -4.76, 1.06289E-008,  -118.81,          0,     0.00, 6.62238E-009,   -10.12
Line.L_CEI_MT_543,    6.35586,   138.30,    6.35586,    18.30,    6.35586,  -101.70,          0,     0.00, 5.32409E-008,    24.55,    6.35586,   -41.70,    6.35586,  -161.70,    6.35586,    78.30,          0,     0.00, 4.905E-008,  -154.41
Line.L_CEI_MT_5431,    229.954,   -41.66,    229.954,  -161.66,    229.954,    78.34,          0,     0.00, 8.04512E-005,   -17.85,    229.954,   138.34,    229.954,    18.34,    229.954,  -101.66,          0,     0.00, 8.04491E-005,   162.15
Line.L_CEI_MT_5433,    3.96502,   138.32,    3.96502,    18.32,    3.96502,  -101.68,          0,     0.00, 2.33354E-008,    12.09,    3.96502,   -41.68,    3.96502,  -161.68,    3.96502,    78.32,          0,     0.00, 2.63099E-008,  -172.37
Line.L_CEI_MT_5434,    3.96502,   138.32,    3.96502,    18.32,    3.96502,  -101.68,          0,     0.00, 1.25014E-006,   127.25,    3.96502,   -41.68,    3.96502,  -161.68,    3.96502,    78.32,          0,     0.00, 1.2536E-006,   -52.68
Line.L_CEI_MT_5435,    3.96502,   -41.68,    3.96502,  -161.68,    3.96502,    78.32,          0,     0.00, 1.25002E-006,   -53.04,    3.96502,   138.32,    3.96502,    18.32,    3.96502,  -101.68,          0,     0.00, 1.24695E-006,   126.99
Line.L_CEI_MT_5436,    221.231,   -41.65,    221.231,  -161.65,    221.231,    78.35,          0,     0.00, 7.7151E-005,   -17.22,    221.231,   138.35,    221.231,    18.35,    221.231,  -101.65,          0,     0.00, 7.71486E-005,   162.78
Line.L_CEI_MT_5437,    221.231,   -41.65,    221.231,  -161.65,    221.231,    78.35,          0,     0.00, 7.71606E-005,   -17.22,    221.231,   138.35,    221.231,    18.35,    221.231,  -101.65,          0,     0.00, 7.71554E-005,   162.78
Line.L_CEI_MT_5438,    221.231,   -41.65,    221.231,  -161.65,    221.231,    78.35,          0,     0.00, 7.7159E-005,   -17.22,    221.231,   138.35,    221.231,    18.35,    221.231,  -101.65,          0,     0.00, 7.71567E-005,   162.78
Line.L_CEI_MT_5439,    221.231,   -41.65,    221.231,  -161.65,    221.231,    78.35,          0,     0.00, 7.71522E-005,   -17.22,    221.231,   138.35,    221.231,    18.35,    221.231,  -101.65,          0,     0.00, 7.71535E-005,   162.78
Line.L_CEI_MT_544,    6.35586,   138.30,    6.35586,    18.30,    6.35586,  -101.70,          0,     0.00, 5.31691E-008,    17.32,    6.35586,   -41.70,    6.35586,  -161.70,    6.35586,    78.30,          0,     0.00, 4.83436E-008,  -159.12
Line.L_CEI_MT_5440,    221.231,   -41.65,    221.231,  -161.65,    221.231,    78.35,          0,     0.00, 7.71559E-005,   -17.22,    221.231,   138.35,    221.231,    18.35,    221.231,  -101.65,          0,     0.00, 7.71519E-005,   162.78
Line.L_CEI_MT_5441,    221.231,   138.35,    221.231,    18.35,    221.231,  -101.65,          0,     0.00, 7.71677E-005,   162.78,    221.231,   -41.65,    221.231,  -161.65,    221.231,    78.35,          0,     0.00, 7.71661E-005,   -17.22
Line.L_CEI_MT_5442,    388.996,   138.35,    388.996,    18.35,    388.996,  -101.65,          0,     0.00, 0.000108896,   163.80,    388.996,   -41.65,    388.996,  -161.65,    388.996,    78.35,          0,     0.00, 0.000108898,   -16.20
Line.L_CEI_MT_5443_29,    388.996,   138.35,    388.996,    18.35,    388.996,  -101.65,          0,     0.00, 0.000108896,   163.80,    388.996,   -41.65,    388.996,  -161.65,    388.996,    78.35,          0,     0.00, 0.000108898,   -16.20
Line.L_CEI_MT_5443_76,    388.996,   138.35,    388.996,    18.35,    388.996,  -101.65,          0,     0.00, 0.000103898,   163.67,    388.996,   -41.65,    388.996,  -161.65,    388.996,    78.35,          0,     0.00,  0.0001039,   -16.33
Line.L_CEI_MT_5444,    610.226,   138.35,    610.226,    18.35,    610.226,  -101.65,          0,     0.00, 0.000187277,   163.04,    610.226,   -41.65,    610.226,  -161.65,    610.226,    78.35,          0,     0.00, 0.000187276,   -16.96
Line.L_CEI_MT_5445,    608.112,   138.35,    608.112,    18.35,    608.112,  -101.65,          0,     0.00, 0.000186127,   163.28,    608.112,   -41.65,    608.112,  -161.65,    608.112,    78.35,          0,     0.00, 0.000186125,   -16.72
Line.L_CEI_MT_5446,    608.112,   138.35,    608.112,    18.35,    608.112,  -101.65,          0,     0.00, 0.000186122,   163.29,    608.112,   -41.65,    608.112,  -161.65,    608.112,    78.35,          0,     0.00, 0.000186119,   -16.72
Line.L_CEI_MT_5447,    608.112,   138.35,    608.112,    18.35,    608.112,  -101.65,          0,     0.00, 0.000186126,   163.28,    608.112,   -41.65,    608.112,  -161.65,    608.112,    78.35,          0,     0.00, 0.000186128,   -16.72
Line.L_CEI_MT_5448,    608.112,   -41.65,    608.112,  -161.65,    608.112,    78.35,          0,     0.00, 0.000186126,   -16.71,    608.112,   138.35,    608.112,    18.35,    608.112,  -101.65,          0,     0.00, 0.000186119,   163.28
Line.L_CEI_MT_5449,    608.112,   -41.65,    608.112,  -161.65,    608.112,    78.35,          0,     0.00, 0.000186123,   -16.72,    608.112,   138.35,    608.112,    18.35,    608.112,  -101.65,          0,     0.00, 0.000186121,   163.28
Line.L_CEI_MT_545,    6.35586,   138.30,    6.35586,    18.30,    6.35586,  -101.70,          0,     0.00, 5.4185E-008,    24.36,    6.35586,   -41.70,    6.35586,  -161.70,    6.35586,    78.30,          0,     0.00, 5.45043E-008,  -160.02
Line.L_CEI_MT_5450,    608.112,   138.35,    608.112,    18.35,    608.112,  -101.65,          0,     0.00, 0.000186121,   163.29,    608.112,   -41.65,    608.112,  -161.65,    608.112,    78.35,          0,     0.00, 0.000186119,   -16.71
Line.L_CEI_MT_5451,     23.773,   138.33,     23.773,    18.33,     23.773,  -101.67,          0,     0.00, 1.69123E-007,     8.71,     23.773,   -41.67,     23.773,  -161.67,     23.773,    78.33,          0,     0.00, 1.70794E-007,  -170.74
Line.L_CEI_MT_5452,    584.338,   -41.65,    584.338,  -161.65,    584.338,    78.35,          0,     0.00, 0.000183977,   -16.64,    584.338,   138.35,    584.338,    18.35,    584.338,  -101.65,          0,     0.00, 0.000183978,   163.36
Line.L_CEI_MT_5453,    560.565,   -41.65,    560.565,  -161.65,    560.565,    78.35,          0,     0.00, 0.000180781,   -17.14,    560.565,   138.35,    560.565,    18.35,    560.565,  -101.65,          0,     0.00, 0.000180776,   162.86
Line.L_CEI_MT_5454,    560.565,   -41.65,    560.565,  -161.65,    560.565,    78.35,          0,     0.00, 0.000180781,   -17.14,    560.565,   138.35,    560.565,    18.35,    560.565,  -101.65,          0,     0.00, 0.000180777,   162.86
Line.L_CEI_MT_5455,    555.811,   138.35,    555.811,    18.35,    555.811,  -101.65,          0,     0.00, 0.000180073,   162.66,    555.811,   -41.65,    555.811,  -161.65,    555.811,    78.35,          0,     0.00, 0.000180074,   -17.34
Line.L_CEI_MT_5456,    2.11276,   -41.67,    2.11276,  -161.67,    2.11276,    78.33,          0,     0.00, 1.29321E-008,  -166.46,    2.11276,   138.33,    2.11276,    18.33,    2.11276,  -101.67,          0,     0.00, 1.35363E-008,     3.95
Line.L_CEI_MT_5457,    553.698,   -41.65,    553.698,  -161.65,    553.698,    78.35,          0,     0.00, 0.000180456,   -17.46,    553.698,   138.35,    553.698,    18.35,    553.698,  -101.65,          0,     0.00, 0.000180455,   162.54
Line.L_CEI_MT_5458,    552.642,   -41.65,    552.641,  -161.65,    552.642,    78.35,          0,     0.00, 0.000178977,   -17.81,    552.642,   138.35,    552.641,    18.35,    552.642,  -101.65,          0,     0.00, 0.000178977,   162.19
Line.L_CEI_MT_5459,    543.135,   138.35,    543.135,    18.35,    543.135,  -101.65,          0,     0.00, 0.000162639,   162.91,    543.135,   -41.65,    543.135,  -161.65,    543.135,    78.35,          0,     0.00, 0.00016264,   -17.09
Line.L_CEI_MT_546,    6.35586,   138.30,    6.35586,    18.30,    6.35586,  -101.70,          0,     0.00, 5.10239E-008,    18.35,    6.35586,   -41.70,    6.35586,  -161.70,    6.35586,    78.30,          0,     0.00, 4.85501E-008,  -163.56
Line.L_CEI_MT_5460,    543.135,   138.35,    543.135,    18.35,    543.135,  -101.65,          0,     0.00, 0.000162634,   162.91,    543.135,   -41.65,    543.135,  -161.65,    543.135,    78.35,          0,     0.00, 0.000162637,   -17.09
Line.L_CEI_MT_5461,    27.1921,   -41.67,    27.1921,  -161.67,    27.1921,    78.33,          0,     0.00, 1.7778E-005,   -30.21,    27.1921,   138.33,    27.1921,    18.33,    27.1921,  -101.67,          0,     0.00, 1.77763E-005,   149.80
Line.L_CEI_MT_5462,    27.1921,   138.33,    27.1921,    18.33,    27.1921,  -101.67,          0,     0.00, 1.77749E-005,   149.79,    27.1921,   -41.67,    27.1921,  -161.67,    27.1921,    78.33,          0,     0.00, 1.77769E-005,   -30.20
Line.L_CEI_MT_5463,    27.1921,   -41.67,    27.1921,  -161.67,    27.1921,    78.33,          0,     0.00, 1.77731E-005,   -30.19,    27.1921,   138.33,    27.1921,    18.33,    27.1921,  -101.67,          0,     0.00, 1.77741E-005,   149.80
Line.L_CEI_MT_5464,    27.1921,   138.33,    27.1921,    18.33,    27.1921,  -101.67,          0,     0.00, 1.77772E-005,   149.78,    27.1921,   -41.67,    27.1921,  -161.67,    27.1921,    78.33,          0,     0.00, 1.77765E-005,   -30.22
Line.L_CEI_MT_5465,    27.1921,   138.33,    27.1921,    18.33,    27.1921,  -101.67,          0,     0.00, 1.42624E-005,   149.34,    27.1921,   -41.67,    27.1921,  -161.67,    27.1921,    78.33,          0,     0.00, 1.42604E-005,   -30.66
Line.L_CEI_MT_5466,    27.1921,   138.33,    27.1921,    18.33,    27.1921,  -101.67,          0,     0.00, 1.3174E-005,   146.91,    27.1921,   -41.67,    27.1921,  -161.67,    27.1921,    78.33,          0,     0.00, 1.31736E-005,   -33.09
Line.L_CEI_MT_5467,    27.1921,   -41.67,    27.1921,  -161.67,    27.1921,    78.33,          0,     0.00, 1.31781E-005,   -33.10,    27.1921,   138.33,    27.1921,    18.33,    27.1921,  -101.67,          0,     0.00, 1.31769E-005,   146.89
Line.L_CEI_MT_5468,    27.1921,   138.33,    27.1921,    18.33,    27.1921,  -101.67,          0,     0.00, 1.31731E-005,   146.91,    27.1921,   -41.67,    27.1921,  -161.67,    27.1921,    78.33,          0,     0.00, 1.31739E-005,   -33.09
Line.L_CEI_MT_5469,    27.1921,   138.33,    27.1921,    18.33,    27.1921,  -101.67,          0,     0.00, 1.31873E-005,   146.89,    27.1921,   -41.67,    27.1921,  -161.67,    27.1921,    78.33,          0,     0.00, 1.31871E-005,   -33.11
Line.L_CEI_MT_54697A,    47.6244,   138.31,    47.6244,    18.31,    47.6244,  -101.69,          0,     0.00, 1.55033E-006,    19.47,    47.6244,   -41.69,    47.6244,  -161.69,    47.6244,    78.31,          0,     0.00, 1.5509E-006,  -160.42
Line.L_CEI_MT_547,    6.35586,   138.30,    6.35586,    18.30,    6.35586,  -101.70,          0,     0.00, 5.23222E-008,    16.02,    6.35586,   -41.70,    6.35586,  -161.70,    6.35586,    78.30,          0,     0.00, 5.06566E-008,  -161.23
Line.L_CEI_MT_5470,    27.1921,   138.33,    27.1921,    18.33,    27.1921,  -101.67,          0,     0.00, 1.31831E-005,   146.88,    27.1921,   -41.67,    27.1921,  -161.67,    27.1921,    78.33,          0,     0.00, 1.31794E-005,   -33.12
Line.L_CEI_MT_5471,    27.1921,   138.33,    27.1921,    18.33,    27.1921,  -101.67,          0,     0.00, 1.31891E-005,   146.90,    27.1921,   -41.67,    27.1921,  -161.67,    27.1921,    78.33,          0,     0.00, 1.31883E-005,   -33.11
Line.L_CEI_MT_5472,    27.1921,   138.33,    27.1921,    18.33,    27.1921,  -101.67,          0,     0.00, 1.3183E-005,   146.89,    27.1921,   -41.67,    27.1921,  -161.67,    27.1921,    78.33,          0,     0.00, 1.31826E-005,   -33.13
Line.L_CEI_MT_5473,     25.608,   138.33,     25.608,    18.33,     25.608,  -101.67,          0,     0.00, 1.31925E-005,   146.93,     25.608,   -41.67,     25.608,  -161.67,     25.608,    78.33,          0,     0.00, 1.31948E-005,   -33.08
Line.L_CEI_MT_5474,     25.608,   138.33,     25.608,    18.33,     25.608,  -101.67,          0,     0.00, 1.32017E-005,   146.92,     25.608,   -41.67,     25.608,  -161.67,     25.608,    78.33,          0,     0.00, 1.32012E-005,   -33.08
Line.L_CEI_MT_5475,     25.608,   138.33,     25.608,    18.33,     25.608,  -101.67,          0,     0.00, 1.31927E-005,   146.93,     25.608,   -41.67,     25.608,  -161.67,     25.608,    78.33,          0,     0.00, 1.31927E-005,   -33.06
Line.L_CEI_MT_5476,     25.608,   138.33,     25.608,    18.33,     25.608,  -101.67,          0,     0.00, 1.31917E-005,   146.91,     25.608,   -41.67,     25.608,  -161.67,     25.608,    78.33,          0,     0.00, 1.31921E-005,   -33.09
Line.L_CEI_MT_5477,     25.608,   138.33,     25.608,    18.33,     25.608,  -101.67,          0,     0.00, 1.31863E-005,   146.93,     25.608,   -41.67,     25.608,  -161.67,     25.608,    78.33,          0,     0.00, 1.31885E-005,   -33.07
Line.L_CEI_MT_5478,     25.608,   138.33,     25.608,    18.33,     25.608,  -101.67,          0,     0.00, 1.3195E-005,   146.92,     25.608,   -41.67,     25.608,  -161.67,     25.608,    78.33,          0,     0.00, 1.31953E-005,   -33.06
Line.L_CEI_MT_5479,     25.608,   138.33,     25.608,    18.33,     25.608,  -101.67,          0,     0.00, 1.31969E-005,   146.95,     25.608,   -41.67,     25.608,  -161.67,     25.608,    78.33,          0,     0.00, 1.31962E-005,   -33.05
Line.L_CEI_MT_548,    3.17793,   138.30,    3.17793,    18.30,    3.17793,  -101.70,          0,     0.00, 2.79552E-008,    29.98,    3.17793,   -41.70,    3.17793,  -161.70,    3.17793,    78.30,          0,     0.00, 2.83595E-008,  -150.49
Line.L_CEI_MT_5480,     25.608,   138.33,     25.608,    18.33,     25.608,  -101.67,          0,     0.00, 1.31942E-005,   146.96,     25.608,   -41.67,     25.608,  -161.67,     25.608,    78.33,          0,     0.00, 1.31915E-005,   -33.03
Line.L_CEI_MT_549,    3.17793,   138.30,    3.17793,    18.30,    3.17793,  -101.70,          0,     0.00, 2.59572E-008,    23.81,    3.17793,   -41.70,    3.17793,  -161.70,    3.17793,    78.30,          0,     0.00, 2.76128E-008,  -151.27
Line.L_CEI_MT_5492,     3.9606,   138.33,     3.9606,    18.33,     3.9606,  -101.67,          0,     0.00, 2.67421E-008,     7.00,     3.9606,   -41.67,     3.9606,  -161.67,     3.9606,    78.33,          0,     0.00, 2.65927E-008,  -176.49
Line.L_CEI_MT_22203A,    1.58628,   -41.68,    1.58628,  -161.68,    1.58628,    78.32,          0,     0.00, 1.17089E-008,  -162.65,    1.58628,   138.32,    1.58628,    18.32,    1.58628,  -101.68,          0,     0.00, 1.22872E-008,     9.82
Line.L_CEI_MT_23222A,    55.5622,   138.31,    55.5622,    18.31,    55.5622,  -101.69,          0,     0.00, 1.6043E-006,    19.08,    55.5622,   -41.69,    55.5622,  -161.69,    55.5622,    78.31,          0,     0.00, 1.60375E-006,  -161.03
Line.L_CEI_MT_41330A,    47.6244,   138.31,    47.6244,    18.31,    47.6244,  -101.69,          0,     0.00, 1.54613E-006,    19.07,    47.6244,   -41.69,    47.6244,  -161.69,    47.6244,    78.31,          0,     0.00, 1.54616E-006,  -160.82
Line.L_CEI_MT_414,    1.05943,   -41.70,    1.05943,  -161.70,    1.05943,    78.30,          0,     0.00, 3.35793E-009,   146.31,    1.05943,   138.30,    1.05943,    18.30,    1.05943,  -101.70,          0,     0.00, 3.39007E-009,   -15.95
Line.L_CEI_MT_415,    1.05942,   138.30,    1.05943,    18.30,    1.05942,  -101.70,          0,     0.00, 2.09446E-007,  -141.50,    1.05942,   -41.70,    1.05943,  -161.70,    1.05942,    78.30,          0,     0.00, 2.08945E-007,    38.12
Line.L_CEI_MT_416,    67.0007,   138.30,    67.0007,    18.30,    67.0007,  -101.70,          0,     0.00, 2.55879E-005,   160.85,    67.0007,   -41.70,    67.0007,  -161.70,    67.0007,    78.30,          0,     0.00, 2.55893E-005,   -19.15
Line.L_CEI_MT_417,    67.0007,   138.30,    67.0007,    18.30,    67.0007,  -101.70,          0,     0.00, 2.55843E-005,   160.85,    67.0007,   -41.70,    67.0007,  -161.70,    67.0007,    78.30,          0,     0.00, 2.55854E-005,   -19.14
Line.L_CEI_MT_418,    485.505,   -41.67,    485.505,  -161.67,    485.505,    78.33,          0,     0.00, 0.00017048,   -17.78,    485.505,   138.33,    485.505,    18.33,    485.505,  -101.67,          0,     0.00, 0.000170481,   162.22
Line.L_CEI_MT_419,    485.505,   -41.67,    485.505,  -161.67,    485.505,    78.33,          0,     0.00, 0.000170479,   -17.78,    485.505,   138.33,    485.505,    18.33,    485.505,  -101.67,          0,     0.00, 0.000170483,   162.22
Line.L_CEI_MT_86790A,    79.3767,   138.31,    79.3767,    18.31,    79.3767,  -101.69,          0,     0.00, 1.40142E-006,    73.59,    79.3767,   -41.69,    79.3767,  -161.69,    79.3767,    78.31,          0,     0.00, 1.40472E-006,  -106.43
Line.L_CEI_MT_6355,    355.015,   -41.64,    355.015,  -161.64,    355.015,    78.36,          0,     0.00, 0.000103052,   -11.12,    355.015,   138.36,    355.015,    18.36,    355.015,  -101.64,          0,     0.00, 0.000103051,   168.88
Line.L_CEI_MT_6356,    358.178,   -41.64,    358.177,  -161.64,    358.178,    78.36,          0,     0.00, 0.000103026,   -11.12,    358.178,   138.36,    358.177,    18.36,    358.178,  -101.64,          0,     0.00, 0.000103026,   168.87
Line.L_CEI_MT_6357,    358.178,   -41.64,    358.177,  -161.64,    358.178,    78.36,          0,     0.00, 0.000102882,   -10.83,    358.178,   138.36,    358.177,    18.36,    358.178,  -101.64,          0,     0.00, 0.000102884,   169.17
Line.L_CEI_MT_6358,    358.178,   -41.64,    358.177,  -161.64,    358.178,    78.36,          0,     0.00, 0.00010288,   -10.83,    358.178,   138.36,    358.177,    18.36,    358.178,  -101.64,          0,     0.00, 0.000102882,   169.16
Line.L_CEI_MT_6359,    368.194,   -41.64,    368.194,  -161.64,    368.194,    78.36,          0,     0.00, 0.000107216,   -12.07,    368.194,   138.36,    368.194,    18.36,    368.194,  -101.64,          0,     0.00, 0.000107217,   167.93
Line.L_CEI_MT_636,    4.76314,   -41.69,    4.76314,  -161.69,    4.76314,    78.31,          0,     0.00, 2.27895E-006,   -20.57,    4.76314,   138.31,    4.76314,    18.31,    4.76314,  -101.69,          0,     0.00, 2.27827E-006,   159.44
Line.L_CEI_MT_6360,    368.194,   -41.64,    368.194,  -161.64,    368.194,    78.36,          0,     0.00, 0.000108387,   -11.57,    368.194,   138.36,    368.194,    18.36,    368.194,  -101.64,          0,     0.00, 0.000108388,   168.43
Line.L_CEI_MT_6361,    368.194,   -41.64,    368.194,  -161.64,    368.194,    78.36,          0,     0.00, 0.00010983,   -11.52,    368.194,   138.36,    368.194,    18.36,    368.194,  -101.64,          0,     0.00, 0.000109833,   168.48
Line.L_CEI_MT_6362,    368.194,   138.36,    368.194,    18.36,    368.194,  -101.64,          0,     0.00, 0.000111066,   168.40,    368.194,   -41.64,    368.194,  -161.64,    368.194,    78.36,          0,     0.00, 0.000111067,   -11.60
Line.L_CEI_MT_6363,    370.303,   -41.64,    370.303,  -161.64,    370.303,    78.36,          0,     0.00, 0.000111497,   -11.07,    370.303,   138.36,    370.303,    18.36,    370.303,  -101.64,          0,     0.00, 0.000111495,   168.93
Line.L_CEI_MT_6364,    413.806,   138.36,    413.805,    18.36,    413.805,  -101.64,          0,     0.00, 0.000122144,   167.13,    413.806,   -41.64,    413.805,  -161.64,    413.805,    78.36,          0,     0.00, 0.00012214,   -12.87
Line.L_CEI_MT_6365,    370.303,   138.36,    370.303,    18.36,    370.303,  -101.64,          0,     0.00, 0.000107222,   167.30,    370.303,   -41.64,    370.303,  -161.64,    370.303,    78.36,          0,     0.00, 0.000107221,   -12.70
Line.L_CEI_MT_6366,    2.10907,   138.35,    2.10907,    18.35,    2.10907,  -101.65,          0,     0.00, 1.48574E-008,    32.20,    2.10907,   -41.65,    2.10907,  -161.65,    2.10907,    78.35,          0,     0.00, 1.56118E-008,  -162.65
Line.L_CEI_MT_6367, 1.16415E-009,    36.87, 2.33992E-009,  -174.29, 1.86265E-009,   -90.00,          0,     0.00, 1.97563E-009,  -135.00, 2.0825E-009,  -153.43, 2.98169E-009,    38.66, 2.32831E-009,    53.13,          0,     0.00, 3.35793E-009,    56.31
Line.L_CEI_MT_6368,    10.0163,   -41.65,    10.0163,  -161.65,    10.0163,    78.35,          0,     0.00, 2.96558E-006,   -22.64,    10.0163,   138.35,    10.0163,    18.35,    10.0163,  -101.65,          0,     0.00, 2.96628E-006,   157.36
Line.L_CEI_MT_6369,    10.0163,   -41.65,    10.0163,  -161.65,    10.0163,    78.35,          0,     0.00, 2.96555E-006,   -22.70,    10.0163,   138.35,    10.0163,    18.35,    10.0163,  -101.65,          0,     0.00, 2.96573E-006,   157.29
Line.L_CEI_MT_637,    4.76314,   -41.69,    4.76314,  -161.69,    4.76314,    78.31,          0,     0.00, 2.28927E-006,   -20.76,    4.76314,   138.31,    4.76314,    18.31,    4.76314,  -101.69,          0,     0.00, 2.28712E-006,   159.25
Line.L_CEI_MT_6370,    10.0163,   -41.65,    10.0163,  -161.65,    10.0163,    78.35,          0,     0.00, 2.96881E-006,   -22.55,    10.0163,   138.35,    10.0163,    18.35,    10.0163,  -101.65,          0,     0.00, 2.97089E-006,   157.45
Line.L_CEI_MT_6371,    10.0163,   -41.65,    10.0163,  -161.65,    10.0163,    78.35,          0,     0.00, 2.97203E-006,   -22.79,    10.0163,   138.35,    10.0163,    18.35,    10.0163,  -101.65,          0,     0.00, 2.9718E-006,   157.26
Line.L_CEI_MT_6372,    10.0163,   -41.65,    10.0163,  -161.65,    10.0163,    78.35,          0,     0.00, 2.96884E-006,   -22.60,    10.0163,   138.35,    10.0163,    18.35,    10.0163,  -101.65,          0,     0.00, 2.96827E-006,   157.36
Line.L_CEI_MT_6373,    10.0163,   -41.65,    10.0163,  -161.65,    10.0163,    78.35,          0,     0.00, 1.41992E-006,   -34.10,    10.0163,   138.35,    10.0163,    18.35,    10.0163,  -101.65,          0,     0.00, 1.41901E-006,   145.96
Line.L_CEI_MT_6373A3,     7.9076,   -41.65,     7.9076,  -161.65,     7.9076,    78.35,          0,     0.00, 1.43087E-006,   -33.61,     7.9076,   138.35,     7.9076,    18.35,     7.9076,  -101.65,          0,     0.00, 1.42896E-006,   146.67
Line.L_CEI_MT_6374,     7.9076,   -41.65,     7.9076,  -161.65,     7.9076,    78.35,          0,     0.00, 6.71409E-008,  -170.02,     7.9076,   138.35,     7.9076,    18.35,     7.9076,  -101.65,          0,     0.00, 6.52674E-008,     7.38
Line.L_CEI_MT_6375,     7.9076,   -41.65,     7.9076,  -161.65,     7.9076,    78.35,          0,     0.00, 7.02705E-008,  -173.72,     7.9076,   138.35,     7.9076,    18.35,     7.9076,  -101.65,          0,     0.00, 7.13906E-008,     7.50
Line.L_CEI_MT_6376,     7.9076,   -41.65,     7.9076,  -161.65,     7.9076,    78.35,          0,     0.00, 6.58495E-008,  -169.41,     7.9076,   138.35,     7.9076,    18.35,     7.9076,  -101.65,          0,     0.00, 6.50727E-008,     9.06
Line.L_CEI_MT_6377,     7.9076,   -41.65,     7.9076,  -161.65,     7.9076,    78.35,          0,     0.00, 5.79917E-008,  -170.99,     7.9076,   138.35,     7.9076,    18.35,     7.9076,  -101.65,          0,     0.00, 5.7673E-008,     6.72
Line.L_CEI_MT_6378,     7.9076,   -41.65,     7.9076,  -161.65,     7.9076,    78.35,          0,     0.00, 6.02739E-008,  -168.86,     7.9076,   138.35,     7.9076,    18.35,     7.9076,  -101.65,          0,     0.00, 6.20047E-008,    14.35
Line.L_CEI_MT_6379,    35.5926,   138.35,    35.5926,    18.35,    35.5926,  -101.65,          0,     0.00, 1.07928E-005,   156.01,    35.5926,   -41.65,    35.5926,  -161.65,    35.5926,    78.35,          0,     0.00, 1.07918E-005,   -23.97
Line.L_CEI_MT_638,    3.17543,   -41.69,    3.17543,  -161.69,    3.17543,    78.31,          0,     0.00, 2.24292E-008,  -175.24,    3.17543,   138.31,    3.17543,    18.31,    3.17543,  -101.69,          0,     0.00, 2.34235E-008,     6.28
Line.L_CEI_MT_6380,    35.5926,   -41.65,    35.5926,  -161.65,    35.5926,    78.35,          0,     0.00, 1.07965E-005,   -23.97,    35.5926,   138.35,    35.5926,    18.35,    35.5926,  -101.65,          0,     0.00, 1.07977E-005,   156.02
Line.L_CEI_MT_6381,    35.5926,   -41.65,    35.5926,  -161.65,    35.5926,    78.35,          0,     0.00, 1.07945E-005,   -23.99,    35.5926,   138.35,    35.5926,    18.35,    35.5926,  -101.65,          0,     0.00, 1.07931E-005,   156.01
Line.L_CEI_MT_6382,    35.5926,   -41.65,    35.5926,  -161.65,    35.5926,    78.35,          0,     0.00, 1.07997E-005,   -23.98,    35.5926,   138.35,    35.5926,    18.35,    35.5926,  -101.65,          0,     0.00, 1.07961E-005,   156.02
Line.L_CEI_MT_6383,    35.5926,   -41.65,    35.5926,  -161.65,    35.5926,    78.35,          0,     0.00, 1.08033E-005,   -23.96,    35.5926,   138.35,    35.5926,    18.35,    35.5926,  -101.65,          0,     0.00, 1.08009E-005,   156.03
Line.L_CEI_MT_6384,    35.5926,   -41.65,    35.5926,  -161.65,    35.5926,    78.35,          0,     0.00, 1.07956E-005,   -23.99,    35.5926,   138.35,    35.5926,    18.35,    35.5926,  -101.65,          0,     0.00, 1.07946E-005,   156.02
Line.L_CEI_MT_6385,    35.5926,   -41.65,    35.5926,  -161.65,    35.5926,    78.35,          0,     0.00, 9.32998E-006,   -22.76,    35.5926,   138.35,    35.5926,    18.35,    35.5926,  -101.65,          0,     0.00, 9.32926E-006,   157.25
Line.L_CEI_MT_6386, 7.95722E-009,   -69.44, 6.71586E-009,  -146.31, 9.31323E-010,   180.00,          0,     0.00, 1.17804E-008,  -108.43, 6.87541E-009,   118.30, 7.58042E-009,    42.51, 9.31323E-010,     0.00,          0,     0.00, 1.16415E-008,    73.74
Line.L_CEI_MT_6387, 5.20625E-010,   -26.57, 4.74883E-009,   -11.31, 9.31323E-010,   180.00,          0,     0.00, 4.34964E-009,   -15.52, 1.49084E-009,  -128.66, 4.86165E-009,   163.30, 1.39698E-009,     0.00,          0,     0.00, 4.19741E-009,   176.82
Line.L_CEI_MT_6389,    35.5926,   -41.65,    35.5926,  -161.65,    35.5926,    78.35,          0,     0.00, 7.02532E-006,   -23.48,    35.5926,   138.35,    35.5926,    18.35,    35.5926,  -101.65,          0,     0.00, 7.02679E-006,   156.53
Line.L_CEI_MT_639,    1.58771,   -41.69,    1.58771,  -161.69,    1.58771,    78.31,          0,     0.00, 8.89645E-009,  -173.99,    1.58771,   138.31,    1.58771,    18.31,    1.58771,  -101.69,          0,     0.00, 1.26008E-008,    16.09
Line.L_CEI_MT_6390,    35.5926,   -41.65,    35.5926,  -161.65,    35.5926,    78.35,          0,     0.00, 7.0313E-006,   -23.45,    35.5926,   138.35,    35.5926,    18.35,    35.5926,  -101.65,          0,     0.00, 7.03473E-006,   156.53
Line.L_CEI_MT_6391,    4.74582,   -41.65,    4.74582,  -161.65,    4.74582,    78.35,          0,     0.00, 1.45834E-006,   -32.68,    4.74582,   138.35,    4.74582,    18.35,    4.74582,  -101.65,          0,     0.00, 1.46316E-006,   147.09
Line.L_CEI_MT_6392,    30.8468,   -41.65,    30.8468,  -161.65,    30.8468,    78.35,          0,     0.00, 5.58842E-006,   -20.99,    30.8468,   138.35,    30.8468,    18.35,    30.8468,  -101.65,          0,     0.00, 5.59035E-006,   158.98
Line.L_CEI_MT_6393,    30.8468,   -41.65,    30.8468,  -161.65,    30.8468,    78.35,          0,     0.00, 3.58682E-006,    -7.65,    30.8468,   138.35,    30.8468,    18.35,    30.8468,  -101.65,          0,     0.00, 3.5879E-006,   172.39
Line.L_CEI_MT_6394,    30.8468,   -41.65,    30.8468,  -161.65,    30.8468,    78.35,          0,     0.00, 3.58685E-006,    -7.60,    30.8468,   138.35,    30.8468,    18.35,    30.8468,  -101.65,          0,     0.00, 3.58537E-006,   172.41
Line.L_CEI_MT_6395,    30.8468,   -41.65,    30.8468,  -161.65,    30.8468,    78.35,          0,     0.00, 3.58423E-006,    -7.57,    30.8468,   138.35,    30.8468,    18.35,    30.8468,  -101.65,          0,     0.00, 3.583E-006,   172.46
Line.L_CEI_MT_6396,    30.8468,   -41.65,    30.8468,  -161.65,    30.8468,    78.35,          0,     0.00, 3.58368E-006,    -7.50,    30.8468,   138.35,    30.8468,    18.35,    30.8468,  -101.65,          0,     0.00, 3.58276E-006,   172.49
Line.L_CEI_MT_6397,    30.8468,   -41.65,    30.8468,  -161.65,    30.8468,    78.35,          0,     0.00, 3.57609E-006,    -7.44,    30.8468,   138.35,    30.8468,    18.35,    30.8468,  -101.65,          0,     0.00, 3.57772E-006,   172.54
Line.L_CEI_MT_6398,    30.8468,   -41.65,    30.8468,  -161.65,    30.8468,    78.35,          0,     0.00, 3.57488E-006,    -7.35,    30.8468,   138.35,    30.8468,    18.35,    30.8468,  -101.65,          0,     0.00, 3.57534E-006,   172.66
Line.L_CEI_MT_6399,    30.8468,   -41.65,    30.8468,  -161.65,    30.8468,    78.35,          0,     0.00, 3.57372E-006,    -7.49,    30.8468,   138.35,    30.8468,    18.35,    30.8468,  -101.65,          0,     0.00, 3.57243E-006,   172.55
Line.L_CEI_MT_640,    3.17541,   -41.69,    3.17541,  -161.69,    3.17541,    78.31,          0,     0.00, 2.61611E-008,   163.98,    3.17541,   138.31,    3.17541,    18.31,    3.17541,  -101.69,          0,     0.00, 2.51457E-008,     0.00
Line.L_CEI_MT_6400,    22.9373,   138.35,    22.9373,    18.35,    22.9373,  -101.65,          0,     0.00, 2.14081E-006,   157.39,    22.9373,   -41.65,    22.9373,  -161.65,    22.9373,    78.35,          0,     0.00, 2.1436E-006,   -22.66
Line.L_CEI_MT_6401,    22.9373,   -41.65,    22.9373,  -161.65,    22.9373,    78.35,          0,     0.00, 2.14323E-006,   -22.77,    22.9373,   138.35,    22.9373,    18.35,    22.9373,  -101.65,          0,     0.00, 2.14368E-006,   157.21
Line.L_CEI_MT_6402, 2.80365E-009,   175.24, 1.25383E-009,    68.20, 4.65661E-010,   180.00,          0,     0.00, 3.12375E-009,   153.43, 2.37442E-009,    11.31, 3.75428E-009,  -172.87, 2.0825E-009,   -63.43,          0,     0.00, 1.91997E-009,  -104.04
Line.L_CEI_MT_6403,    4.74565,   -41.65,    4.74565,  -161.65,    4.74565,    78.35,          0,     0.00, 3.54637E-008,  -166.33,    4.74565,   138.35,    4.74565,    18.35,    4.74565,  -101.65,          0,     0.00, 3.55766E-008,    14.40
Line.L_CEI_MT_6404,    9.49128,   -41.65,    9.49128,  -161.65,    9.49128,    78.35,          0,     0.00, 7.55667E-008,  -176.64,    9.49128,   138.35,    9.49128,    18.35,    9.49128,  -101.65,          0,     0.00, 7.7485E-008,     3.96
Line.L_CEI_MT_6405,    9.49128,   -41.65,    9.49128,  -161.65,    9.49128,    78.35,          0,     0.00, 7.93935E-008,  -175.63,    9.49128,   138.35,    9.49128,    18.35,    9.49128,  -101.65,          0,     0.00, 8.19895E-008,     1.63
Line.L_CEI_MT_6406,    9.49128,   -41.65,    9.49128,  -161.65,    9.49128,    78.35,          0,     0.00, 8.30184E-008,  -176.78,    9.49128,   138.35,    9.49128,    18.35,    9.49128,  -101.65,          0,     0.00, 8.01803E-008,     2.66
Line.L_CEI_MT_6407,     13.446,   -41.65,     13.446,  -161.65,     13.446,    78.35,          0,     0.00, 2.2109E-006,   -21.68,     13.446,   138.35,     13.446,    18.35,     13.446,  -101.65,          0,     0.00, 2.2141E-006,   158.34
Line.L_CEI_MT_6408,     13.446,   138.35,     13.446,    18.35,     13.446,  -101.65,          0,     0.00, 2.2166E-006,   158.27,     13.446,   -41.65,     13.446,  -161.65,     13.446,    78.35,          0,     0.00, 2.21401E-006,   -21.69
Line.L_CEI_MT_6409,    11.8641,   -41.65,    11.8641,  -161.65,    11.8641,    78.35,          0,     0.00, 9.12744E-008,  -171.79,    11.8641,   138.35,    11.8641,    18.35,    11.8641,  -101.65,          0,     0.00, 9.17557E-008,    10.08
Line.L_CEI_MT_6410,    1.58189,   138.35,    1.58189,    18.35,    1.58189,  -101.65,          0,     0.00, 1.39776E-008,     1.91,    1.58189,   -41.65,    1.58189,  -161.65,    1.58189,    78.35,          0,     0.00, 1.48957E-008,   155.04
Line.L_CEI_MT_6411,    4.74582,   -41.65,    4.74582,  -161.65,    4.74582,    78.35,          0,     0.00, 3.90191E-008,  -172.11,    4.74582,   138.35,    4.74582,    18.35,    4.74582,  -101.65,          0,     0.00, 4.01928E-008,    10.01
Line.L_CEI_MT_6412, 8.77209E-007,    23.31, 1.43709E-006,   -37.14, 9.99991E-007,  -102.07,          0,     0.00, 2.29787E-006,   -40.70, 8.7869E-007,  -156.46, 1.43737E-006,   142.93, 9.96446E-007,    77.86,          0,     0.00, 2.29282E-006,   139.48
Line.L_CEI_MT_72175A,    2.64378,   138.32,    2.64378,    18.32,    2.64378,  -101.68,          0,     0.00, 1.68428E-008,     5.55,    2.64378,   -41.68,    2.64378,  -161.68,    2.64378,    78.32,          0,     0.00, 1.61646E-008,  -168.37
Line.L_CEI_MT_550,    3.17793,   138.30,    3.17793,    18.30,    3.17793,  -101.70,          0,     0.00, 2.25317E-008,    13.75,    3.17793,   -41.70,    3.17793,  -161.70,    3.17793,    78.30,          0,     0.00, 2.4345E-008,  -167.29
Line.L_CEI_MT_551,    3.17793,   138.30,    3.17793,    18.30,    3.17793,  -101.70,          0,     0.00, 2.78045E-008,    27.42,    3.17793,   -41.70,    3.17793,  -161.70,    3.17793,    78.30,          0,     0.00, 2.63963E-008,  -149.82
Line.L_CEI_MT_552,    3.17793,   138.30,    3.17793,    18.30,    3.17793,  -101.70,          0,     0.00, 2.10129E-008,    21.45,    3.17793,   -41.70,    3.17793,  -161.70,    3.17793,    78.30,          0,     0.00, 2.34513E-008,  -155.98
Line.L_CEI_MT_553,    3.17793,   138.30,    3.17793,    18.30,    3.17793,  -101.70,          0,     0.00, 2.19454E-008,    17.28,    3.17793,   -41.70,    3.17793,  -161.70,    3.17793,    78.30,          0,     0.00, 2.33853E-008,  -167.35
Line.L_CEI_MT_554,    3.17793,   138.30,    3.17793,    18.30,    3.17793,  -101.70,          0,     0.00, 1.65359E-008,    32.35,    3.17793,   -41.70,    3.17793,  -161.70,    3.17793,    78.30,          0,     0.00, 1.71791E-008,  -147.17
Line.L_CEI_MT_555,    3.17793,   -41.70,    3.17793,  -161.70,    3.17793,    78.30,          0,     0.00, 2.19652E-008,   175.14,    3.17793,   138.30,    3.17793,    18.30,    3.17793,  -101.70,          0,     0.00, 2.15466E-008,    -6.20
Line.L_CEI_MT_556,    2.64829,   -41.70,    2.64829,  -161.70,    2.64829,    78.30,          0,     0.00, 1.16996E-008,  -132.58,    2.64829,   138.30,    2.64829,    18.30,    2.64829,  -101.70,          0,     0.00, 1.16996E-008,    47.42
Line.L_CEI_MT_23997A,    4.23007,   138.32,    4.23007,    18.32,    4.23007,  -101.68,          0,     0.00, 3.91405E-008,    -2.05,    4.23007,   -41.68,    4.23007,  -161.68,    4.23007,    78.32,          0,     0.00, 3.72558E-008,  -179.28
Line.L_CEI_MT_97075A,    1.58775,   138.31,    1.58775,    18.31,    1.58775,  -101.69,          0,     0.00, 1.18721E-008,    11.31,    1.58775,   -41.69,    1.58775,  -161.69,    1.58775,    78.31,          0,     0.00, 1.26073E-008,   175.76
Line.L_CEI_MT_97291A,    6.87384,   -41.68,    6.87383,  -161.68,    6.87383,    78.32,          0,     0.00, 1.63372E-006,   -79.62,    6.87384,   138.32,    6.87383,    18.32,    6.87383,  -101.68,          0,     0.00, 1.63264E-006,   100.35
Line.L_CEI_MT_420,    485.505,   -41.67,    485.505,  -161.67,    485.505,    78.33,          0,     0.00, 0.000170474,   -17.78,    485.505,   138.33,    485.505,    18.33,    485.505,  -101.67,          0,     0.00, 0.000170474,   162.22
Line.L_CEI_MT_421,    485.505,   -41.67,    485.505,  -161.67,    485.505,    78.33,          0,     0.00, 0.000170475,   -17.77,    485.505,   138.33,    485.505,    18.33,    485.505,  -101.67,          0,     0.00, 0.000170476,   162.23
Line.L_CEI_MT_422,    485.505,   -41.67,    485.505,  -161.67,    485.505,    78.33,          0,     0.00, 0.000170488,   -17.78,    485.505,   138.33,    485.505,    18.33,    485.505,  -101.67,          0,     0.00, 0.000170487,   162.23
Line.L_CEI_MT_423,    4.76618,   -41.70,    4.76618,  -161.70,    4.76618,    78.30,          0,     0.00, 2.27031E-008,  -154.49,    4.76618,   138.30,    4.76618,    18.30,    4.76618,  -101.70,          0,     0.00, 2.28317E-008,    11.77
Line.L_CEI_MT_424,    4.76618,   -41.70,    4.76618,  -161.70,    4.76618,    78.30,          0,     0.00, 2.48508E-008,  -167.01,    4.76618,   138.30,    4.76618,    18.30,    4.76618,  -101.70,          0,     0.00, 2.46581E-008,    10.89
Line.L_CEI_MT_425,    4.76618,   -41.70,    4.76618,  -161.70,    4.76618,    78.30,          0,     0.00, 2.80017E-008,  -176.19,    4.76618,   138.30,    4.76618,    18.30,    4.76618,  -101.70,          0,     0.00, 2.57896E-008,     6.74
Line.L_CEI_MT_426,    4.76618,   138.30,    4.76618,    18.30,    4.76618,  -101.70,          0,     0.00, 3.14209E-008,     6.81,    4.76618,   -41.70,    4.76618,  -161.70,    4.76618,    78.30,          0,     0.00, 3.0276E-008,  -178.68
Line.L_CEI_MT_427,    480.739,   -41.66,    480.738,  -161.66,    480.738,    78.34,          0,     0.00, 0.000170087,   -17.74,    480.739,   138.34,    480.738,    18.34,    480.738,  -101.66,          0,     0.00, 0.000170083,   162.26
Line.L_CEI_MT_428,    480.739,   138.34,    480.738,    18.34,    480.738,  -101.66,          0,     0.00, 0.000170079,   162.26,    480.739,   -41.66,    480.738,  -161.66,    480.738,    78.34,          0,     0.00, 0.000170082,   -17.75
Line.L_CEI_MT_643,    1.58776,   138.31,    1.58776,    18.31,    1.58776,  -101.69,          0,     0.00, 9.30449E-009,    31.70,    1.58776,   -41.69,    1.58776,  -161.69,    1.58776,    78.31,          0,     0.00, 9.96559E-009,  -142.59
Line.L_CEI_MT_73337A,    3.17256,   -41.68,    3.17256,  -161.68,    3.17256,    78.32,          0,     0.00, 2.42323E-008,  -177.80,    3.17256,   138.32,    3.17256,    18.32,    3.17256,  -101.68,          0,     0.00, 2.38217E-008,     4.48
Line.L_CEI_MT_73815A,    5.81635,   -41.68,    5.81635,  -161.68,    5.81635,    78.32,          0,     0.00, 2.62602E-006,     0.62,    5.81635,   138.32,    5.81635,    18.32,    5.81635,  -101.68,          0,     0.00, 2.62415E-006,  -179.38
Line.L_CEI_MT_73827A,    1.58769,   138.31,    1.58769,    18.31,    1.58769,  -101.69,          0,     0.00, 1.30406E-008,     1.02,    1.58769,   -41.69,    1.58769,  -161.69,    1.58769,    78.31,          0,     0.00, 9.32486E-009,   177.14
Line.L_CEI_MT_557,    2.64829,   -41.70,    2.64829,  -161.70,    2.64829,    78.30,          0,     0.00, 1.31462E-008,  -112.93,    2.64829,   138.30,    2.64829,    18.30,    2.64829,  -101.70,          0,     0.00, 1.2495E-008,    63.43
Line.L_CEI_MT_558,    2.64829,   -41.70,    2.64829,  -161.70,    2.64829,    78.30,          0,     0.00, 7.46512E-009,   -86.42,    2.64829,   138.30,    2.64829,    18.30,    2.64829,  -101.70,          0,     0.00, 7.22901E-009,   104.93
Line.L_CEI_MT_5583,    9.50614,   -41.67,    9.50613,  -161.67,    9.50614,    78.33,          0,     0.00, 1.64845E-005,   -24.96,    9.50614,   138.33,    9.50613,    18.33,    9.50614,  -101.67,          0,     0.00, 1.64873E-005,   155.03
Line.L_CEI_MT_5584,    9.50614,   -41.67,    9.50613,  -161.67,    9.50614,    78.33,          0,     0.00, 1.50015E-005,   -24.27,    9.50614,   138.33,    9.50613,    18.33,    9.50614,  -101.67,          0,     0.00, 1.50034E-005,   155.72
Line.L_CEI_MT_5585,    9.50614,   -41.67,    9.50613,  -161.67,    9.50614,    78.33,          0,     0.00, 1.50026E-005,   -24.24,    9.50614,   138.33,    9.50613,    18.33,    9.50614,  -101.67,          0,     0.00, 1.50029E-005,   155.75
Line.L_CEI_MT_5586,    1.58437,   138.33,    1.58437,    18.33,    1.58437,  -101.67,          0,     0.00, 1.13396E-008,    19.18,    1.58437,   -41.67,    1.58437,  -161.67,    1.58437,    78.33,          0,     0.00, 9.9547E-009,  -169.22
Line.L_CEI_MT_5587,    7.92177,   -41.67,    7.92176,  -161.67,    7.92177,    78.33,          0,     0.00, 1.50151E-005,   -24.22,    7.92177,   138.33,    7.92176,    18.33,    7.92177,  -101.67,          0,     0.00, 1.50136E-005,   155.78
Line.L_CEI_MT_5588,    7.92177,   -41.67,    7.92176,  -161.67,    7.92177,    78.33,          0,     0.00, 1.2713E-005,   -24.93,    7.92177,   138.33,    7.92176,    18.33,    7.92177,  -101.67,          0,     0.00, 1.27106E-005,   155.08
Line.L_CEI_MT_5589,    7.92177,   -41.67,    7.92176,  -161.67,    7.92177,    78.33,          0,     0.00, 1.27115E-005,   -24.93,    7.92177,   138.33,    7.92176,    18.33,    7.92177,  -101.67,          0,     0.00, 1.27124E-005,   155.07
Line.L_CEI_MT_559,    2.64829,   -41.70,    2.64829,  -161.70,    2.64829,    78.30,          0,     0.00, 1.35363E-008,  -153.43,    2.64829,   138.30,    2.64829,    18.30,    2.64829,  -101.70,          0,     0.00, 1.31214E-008,    27.47
Line.L_CEI_MT_5590,    7.92177,   -41.67,    7.92176,  -161.67,    7.92177,    78.33,          0,     0.00, 1.27087E-005,   -24.94,    7.92177,   138.33,    7.92176,    18.33,    7.92177,  -101.67,          0,     0.00, 1.27069E-005,   155.08
Line.L_CEI_MT_5591,    7.92177,   -41.67,    7.92176,  -161.67,    7.92177,    78.33,          0,     0.00, 1.27139E-005,   -24.95,    7.92177,   138.33,    7.92176,    18.33,    7.92177,  -101.67,          0,     0.00, 1.27137E-005,   155.07
Line.L_CEI_MT_5592,    7.92177,   -41.67,    7.92176,  -161.67,    7.92177,    78.33,          0,     0.00, 1.27148E-005,   -24.94,    7.92177,   138.33,    7.92176,    18.33,    7.92177,  -101.67,          0,     0.00, 1.27175E-005,   155.06
Line.L_CEI_MT_5593,    7.92177,   -41.67,    7.92176,  -161.67,    7.92177,    78.33,          0,     0.00, 1.27135E-005,   -24.92,    7.92177,   138.33,    7.92176,    18.33,    7.92177,  -101.67,          0,     0.00, 1.27148E-005,   155.08
Line.L_CEI_MT_5594,    7.92177,   -41.67,    7.92176,  -161.67,    7.92177,    78.33,          0,     0.00, 1.2708E-005,   -24.94,    7.92177,   138.33,    7.92176,    18.33,    7.92177,  -101.67,          0,     0.00, 1.27066E-005,   155.05
Line.L_CEI_MT_5595,    7.92177,   -41.67,    7.92176,  -161.67,    7.92177,    78.33,          0,     0.00, 1.27125E-005,   -24.97,    7.92177,   138.33,    7.92176,    18.33,    7.92177,  -101.67,          0,     0.00, 1.27105E-005,   155.02
Line.L_CEI_MT_5596, 1.47255E-009,   -71.57, 1.04125E-009,   -26.57, 4.65661E-010,   180.00,          0,     0.00, 2.0825E-009,   -63.43, 1.25383E-009,  -111.80, 2.43082E-009,   163.30, 2.32831E-009,     0.00,          0,     0.00, 6.58545E-010,  -135.00
Line.L_CEI_MT_5597,    7.92177,   -41.67,    7.92177,  -161.67,    7.92177,    78.33,          0,     0.00, 1.13805E-005,   -24.82,    7.92177,   138.33,    7.92177,    18.33,    7.92177,  -101.67,          0,     0.00, 1.13784E-005,   155.19
Line.L_CEI_MT_5598, 2.60978E-008,  -105.52, 2.59186E-008,   162.22, 2.0825E-008,    26.57,          0,     0.00, 1.52535E-008,  -148.74, 2.60978E-008,    74.48, 2.31757E-008,   -22.44, 2.09289E-008,  -147.72,          0,     0.00, 1.18721E-008,    25.56
Line.L_CEI_MT_5599, 2.37179E-008,  -103.63, 1.63778E-008,   165.17, 2.1722E-008,    30.96,          0,     0.00, 8.17564E-009,  -109.98, 2.28317E-008,    78.23, 1.42845E-008,   -19.03, 2.12374E-008,  -142.13,          0,     0.00, 4.86165E-009,    73.30
Line.L_CEI_MT_560,    2.64829,   -41.70,    2.64829,  -161.70,    2.64829,    78.30,          0,     0.00, 5.96792E-009,   159.44,    2.64829,   138.30,    2.64829,    18.30,    2.64829,  -101.70,          0,     0.00, 4.2742E-009,   -29.36
Line.L_CEI_MT_5600, 1.95259E-008,   -98.23, 1.41625E-008,   170.54, 2.04096E-008,    27.15,          0,     0.00, 7.80938E-009,   -79.70, 2.09133E-008,    78.44, 1.29885E-008,   -14.53, 1.95855E-008,  -151.61,          0,     0.00, 7.92993E-009,    93.37
Line.L_CEI_MT_5601, 2.16933E-008,  -102.40, 1.50981E-008,   162.96, 2.198E-008,    36.38,          0,     0.00, 3.97861E-009,  -110.56, 2.11415E-008,    78.57, 1.50981E-008,   -17.04, 2.05367E-008,  -147.03,          0,     0.00, 5.30936E-009,    74.74
Line.L_CEI_MT_5602, 2.0395E-008,  -108.64, 1.05496E-008,   157.96, 1.74794E-008,    48.24,          0,     0.00, 5.20625E-009,  -153.43, 1.88693E-008,    74.25, 1.52535E-008,   -12.34, 1.58051E-008,  -135.00,          0,     0.00, 9.59985E-009,    22.83
Line.L_CEI_MT_5603, 1.96518E-008,  -103.71, 1.39776E-008,   178.09, 1.55003E-008,    57.26,          0,     0.00, 1.16694E-008,  -151.39, 1.79582E-008,    76.50, 1.27101E-008,     8.43, 1.73299E-008,  -120.70,          0,     0.00, 9.06845E-009,    29.20
Line.L_CEI_MT_5604, 1.3632E-008,   -97.85, 1.59281E-008,  -164.74, 1.11078E-008,    56.98,          0,     0.00, 1.39698E-008,  -143.13, 1.27866E-008,    79.51, 1.45849E-008,    16.70, 1.29383E-008,  -120.26,          0,     0.00, 1.12628E-008,    29.74
Line.L_CEI_MT_5605, 9.59985E-010,   165.96, 2.63418E-009,   135.00, 1.39698E-009,     0.00,          0,     0.00, 2.51845E-009,   123.69, 1.04125E-009,   -63.43, 1.91997E-009,  -104.04, 1.91997E-009,  -104.04,          0,     0.00, 4.67984E-009,   -95.71
Line.L_CEI_MT_5606,    7.92177,   -41.67,    7.92177,  -161.67,    7.92177,    78.33,          0,     0.00, 9.07733E-006,   -25.83,    7.92177,   138.33,    7.92177,    18.33,    7.92177,  -101.67,          0,     0.00, 9.07819E-006,   154.19
Line.L_CEI_MT_5608,    7.92177,   -41.67,    7.92177,  -161.67,    7.92177,    78.33,          0,     0.00, 5.71873E-008,  -170.15,    7.92177,   138.33,    7.92177,    18.33,    7.92177,  -101.67,          0,     0.00, 5.78208E-008,     7.87
Line.L_CEI_MT_5609, 9.99605E-007,    40.64, 5.45119E-006,   -20.05, 1.92658E-006,   -84.76,          0,     0.00, 6.81942E-006,   -27.38, 1.00173E-006,  -139.35, 5.45194E-006,   159.97, 1.9265E-006,    95.21,          0,     0.00, 6.81958E-006,   152.65
Line.L_CEI_MT_561,    2.64829,   -41.70,    2.64829,  -161.70,    2.64829,    78.30,          0,     0.00, 1.4852E-008,  -166.40,    2.64829,   138.30,    2.64829,    18.30,    2.64829,  -101.70,          0,     0.00, 1.22872E-008,     9.82
Line.L_CEI_MT_5610, 1.54271E-007,    98.68, 2.04461E-006,   -14.18, 5.04885E-007,   -67.27,          0,     0.00, 2.30281E-006,   -20.70, 1.54892E-007,   -81.53, 2.04681E-006,   165.84, 5.04526E-007,   112.64,          0,     0.00, 2.30422E-006,   159.34
Line.L_CEI_MT_5611, 5.3551E-009,    90.00, 1.41625E-009,     9.46, 4.65661E-010,   180.00,          0,     0.00, 5.66501E-009,    80.54, 6.2127E-009,  -102.99, 1.04125E-009,  -153.43, 3.97861E-009,    69.44,          0,     0.00, 2.9451E-009,  -108.43
Line.L_CEI_MT_5612, 8.7886E-007,    23.33, 1.43665E-006,   -37.27, 9.96938E-007,  -102.27,          0,     0.00, 2.29353E-006,   -40.72, 8.7938E-007,  -156.67, 1.43836E-006,   142.79, 1.00078E-006,    77.72,          0,     0.00, 2.29706E-006,   139.25
Line.L_CEI_MT_5613, 9.32486E-009,   -87.14, 1.08009E-008,  -172.57, 6.98492E-009,    53.13,          0,     0.00, 7.92993E-009,  -139.76, 9.35968E-009,    95.71, 7.67988E-009,    14.04, 6.46917E-009,  -120.26,          0,     0.00, 6.46917E-009,    59.74
Line.L_CEI_MT_5614, 1.91997E-009,   104.04, 4.41765E-009,    18.43, 5.6073E-009,   -85.24,          0,     0.00, 4.79428E-009,   -29.05, 1.86265E-009,   -90.00, 4.74883E-009,  -168.69, 5.6073E-009,    85.24,          0,     0.00, 5.0369E-009,   146.31
Line.L_CEI_MT_5615, 2.43082E-009,   -16.70, 9.59985E-010,   -14.04, 1.39698E-009,     0.00,          0,     0.00, 4.74883E-009,   -11.31, 2.9451E-009,  -161.57, 6.58545E-010,   -45.00, 4.65661E-010,   180.00,          0,     0.00, 3.12375E-009,  -153.43
Line.L_CEI_MT_562,    2.64829,   -41.70,    2.64829,  -161.70,    2.64829,    78.30,          0,     0.00, 1.26502E-008,   173.66,    2.64829,   138.30,    2.64829,    18.30,    2.64829,  -101.70,          0,     0.00, 8.85981E-009,     3.01
Line.L_CEI_MT_5626,    7.91912,   -41.67,    7.91912,  -161.67,    7.91912,    78.33,          0,     0.00, 5.7727E-008,  -169.78,    7.91912,   138.33,    7.91912,    18.33,    7.91912,  -101.67,          0,     0.00, 5.82821E-008,     7.81
Line.L_CEI_MT_5627,    7.91912,   -41.67,    7.91912,  -161.67,    7.91912,    78.33,          0,     0.00, 6.05306E-008,  -162.54,    7.91912,   138.33,    7.91912,    18.33,    7.91912,  -101.67,          0,     0.00, 5.87859E-008,    16.57
Line.L_CEI_MT_5628,    7.91912,   138.33,    7.91912,    18.33,    7.91912,  -101.67,          0,     0.00, 9.25382E-007,  -100.17,    7.91912,   -41.67,    7.91912,  -161.67,    7.91912,    78.33,          0,     0.00, 9.28346E-007,    79.95
Line.L_CEI_MT_562820,    7.91913,   138.33,    7.91913,    18.33,    7.91913,  -101.67,          0,     0.00, 5.91958E-008,    12.72,    7.91913,   -41.67,    7.91913,  -161.67,    7.91913,    78.33,          0,     0.00, 5.88762E-008,  -171.36
Line.L_CEI_MT_5629,    15.8382,   -41.67,    15.8382,  -161.67,    15.8382,    78.33,          0,     0.00, 1.74463E-006,    32.86,    15.8382,   138.33,    15.8382,    18.33,    15.8382,  -101.67,          0,     0.00, 1.74185E-006,  -147.28
Line.L_CEI_MT_563,    2.64829,   -41.70,    2.64829,  -161.70,    2.64829,    78.30,          0,     0.00, 1.79521E-008,  -170.29,    2.64829,   138.30,    2.64829,    18.30,    2.64829,  -101.70,          0,     0.00, 2.04056E-008,    16.57
Line.L_CEI_MT_5630,    15.8382,   -41.67,    15.8382,  -161.67,    15.8382,    78.33,          0,     0.00, 1.7366E-006,    32.91,    15.8382,   138.33,    15.8382,    18.33,    15.8382,  -101.67,          0,     0.00, 1.738E-006,  -147.05
Line.L_CEI_MT_5631,    15.8382,   -41.67,    15.8382,  -161.67,    15.8382,    78.33,          0,     0.00, 1.73612E-006,    32.82,    15.8382,   138.33,    15.8382,    18.33,    15.8382,  -101.67,          0,     0.00, 1.73622E-006,  -147.11
Line.L_CEI_MT_5632,     27.717,   -41.67,     27.717,  -161.67,     27.717,    78.33,          0,     0.00, 1.66069E-006,    34.19,     27.717,   138.33,     27.717,    18.33,     27.717,  -101.67,          0,     0.00, 1.66221E-006,  -145.96
Line.L_CEI_MT_5633,     27.717,   -41.67,     27.717,  -161.67,     27.717,    78.33,          0,     0.00, 1.6529E-006,    34.02,     27.717,   138.33,     27.717,    18.33,     27.717,  -101.67,          0,     0.00, 1.6524E-006,  -145.92
Line.L_CEI_MT_5634,     27.717,   -41.67,     27.717,  -161.67,     27.717,    78.33,          0,     0.00, 1.6563E-006,    34.19,     27.717,   138.33,     27.717,    18.33,     27.717,  -101.67,          0,     0.00, 1.65696E-006,  -145.74
Line.L_CEI_MT_5635,     27.717,   -41.67,     27.717,  -161.67,     27.717,    78.33,          0,     0.00, 1.65273E-006,    34.36,     27.717,   138.33,     27.717,    18.33,     27.717,  -101.67,          0,     0.00, 1.6503E-006,  -145.57
Line.L_CEI_MT_5636,     27.717,   138.33,     27.717,    18.33,     27.717,  -101.67,          0,     0.00, 1.65228E-006,  -145.47,     27.717,   -41.67,     27.717,  -161.67,     27.717,    78.33,          0,     0.00, 1.65407E-006,    34.48
Line.L_CEI_MT_5637,     27.717,   138.33,     27.717,    18.33,     27.717,  -101.67,          0,     0.00, 1.6553E-006,  -145.68,     27.717,   -41.67,     27.717,  -161.67,     27.717,    78.33,          0,     0.00, 1.65775E-006,    34.30
Line.L_CEI_MT_5638,     27.717,   -41.67,     27.717,  -161.67,     27.717,    78.33,          0,     0.00, 1.65894E-006,    34.39,     27.717,   138.33,     27.717,    18.33,     27.717,  -101.67,          0,     0.00, 1.65875E-006,  -145.45
Line.L_CEI_MT_5639,     27.717,   -41.67,     27.717,  -161.67,     27.717,    78.33,          0,     0.00, 1.65351E-006,    34.68,     27.717,   138.33,     27.717,    18.33,     27.717,  -101.67,          0,     0.00, 1.65354E-006,  -145.26
Line.L_CEI_MT_564,    302.223,   138.34,    302.222,    18.34,    302.222,  -101.66,          0,     0.00, 0.000112275,   160.82,    302.223,   -41.66,    302.222,  -161.66,    302.222,    78.34,          0,     0.00, 0.000112278,   -19.19
Line.L_CEI_MT_5640,     27.717,   -41.67,     27.717,  -161.67,     27.717,    78.33,          0,     0.00, 2.52643E-006,    13.75,     27.717,   138.33,     27.717,    18.33,     27.717,  -101.67,          0,     0.00, 2.52873E-006,  -166.17
Line.L_CEI_MT_5641,     27.717,   138.33,     27.717,    18.33,     27.717,  -101.67,          0,     0.00, 2.53081E-006,  -166.07,     27.717,   -41.67,     27.717,  -161.67,     27.717,    78.33,          0,     0.00, 2.5303E-006,    14.02
Line.L_CEI_MT_5642,     27.717,   -41.67,     27.717,  -161.67,     27.717,    78.33,          0,     0.00, 2.51782E-006,    13.88,     27.717,   138.33,     27.717,    18.33,     27.717,  -101.67,          0,     0.00, 2.51993E-006,  -166.23
Line.L_CEI_MT_5643,     27.717,   -41.67,     27.717,  -161.67,     27.717,    78.33,          0,     0.00, 2.52782E-006,    13.92,     27.717,   138.33,     27.717,    18.33,     27.717,  -101.67,          0,     0.00, 2.53082E-006,  -166.16
Line.L_CEI_MT_5644,     27.717,   -41.67,     27.717,  -161.67,     27.717,    78.33,          0,     0.00, 2.52715E-006,    13.86,     27.717,   138.33,     27.717,    18.33,     27.717,  -101.67,          0,     0.00, 2.52602E-006,  -166.16
Line.L_CEI_MT_5645,    32.4687,   -41.67,    32.4687,  -161.67,    32.4687,    78.33,          0,     0.00, 2.49088E-006,    13.97,    32.4687,   138.33,    32.4687,    18.33,    32.4687,  -101.67,          0,     0.00, 2.49099E-006,  -166.02
Line.L_CEI_MT_5646,    32.4687,   -41.67,    32.4687,  -161.67,    32.4687,    78.33,          0,     0.00, 2.49297E-006,    14.03,    32.4687,   138.33,    32.4687,    18.33,    32.4687,  -101.67,          0,     0.00, 2.49201E-006,  -165.97
Line.L_CEI_MT_5647,    32.4687,   -41.67,    32.4687,  -161.67,    32.4687,    78.33,          0,     0.00, 2.48448E-006,    13.73,    32.4687,   138.33,    32.4687,    18.33,    32.4687,  -101.67,          0,     0.00, 2.48086E-006,  -166.25
Line.L_CEI_MT_5648,    32.4687,   -41.67,    32.4687,  -161.67,    32.4687,    78.33,          0,     0.00, 2.49035E-006,    13.74,    32.4687,   138.33,    32.4687,    18.33,    32.4687,  -101.67,          0,     0.00, 2.4883E-006,  -166.18
Line.L_CEI_MT_5649,    32.4687,   -41.67,    32.4687,  -161.67,    32.4687,    78.33,          0,     0.00, 2.48981E-006,    13.64,    32.4687,   138.33,    32.4687,    18.33,    32.4687,  -101.67,          0,     0.00, 2.4881E-006,  -166.29
Line.L_CEI_MT_565,    302.223,   138.34,    302.222,    18.34,    302.222,  -101.66,          0,     0.00, 0.000112282,   160.82,    302.223,   -41.66,    302.222,  -161.66,    302.222,    78.34,          0,     0.00, 0.000112287,   -19.19
Line.L_CEI_MT_5650,    32.4687,   -41.67,    32.4687,  -161.67,    32.4687,    78.33,          0,     0.00, 2.48719E-006,    13.71,    32.4687,   138.33,    32.4687,    18.33,    32.4687,  -101.67,          0,     0.00, 2.48312E-006,  -166.27
Line.L_CEI_MT_5651,    32.4687,   -41.67,    32.4687,  -161.67,    32.4687,    78.33,          0,     0.00, 2.48287E-006,    13.89,    32.4687,   138.33,    32.4687,    18.33,    32.4687,  -101.67,          0,     0.00, 2.48298E-006,  -166.10
Line.L_CEI_MT_5652,    32.4687,   -41.67,    32.4687,  -161.67,    32.4687,    78.33,          0,     0.00, 2.47784E-006,    13.91,    32.4687,   138.33,    32.4687,    18.33,    32.4687,  -101.67,          0,     0.00, 2.47665E-006,  -166.06
Line.L_CEI_MT_5653,    32.4687,   -41.67,    32.4687,  -161.67,    32.4687,    78.33,          0,     0.00, 2.48496E-006,    13.91,    32.4687,   138.33,    32.4687,    18.33,    32.4687,  -101.67,          0,     0.00, 2.48828E-006,  -166.05
Line.L_CEI_MT_5654,    32.4687,   -41.67,    32.4687,  -161.67,    32.4687,    78.33,          0,     0.00, 2.49184E-006,    13.92,    32.4687,   138.33,    32.4687,    18.33,    32.4687,  -101.67,          0,     0.00, 2.49078E-006,  -166.13
Line.L_CEI_MT_5655,    32.4687,   -41.67,    32.4687,  -161.67,    32.4687,    78.33,          0,     0.00, 2.48447E-006,    13.77,    32.4687,   138.33,    32.4687,    18.33,    32.4687,  -101.67,          0,     0.00, 2.48199E-006,  -166.24
Line.L_CEI_MT_5656,    32.4687,   -41.67,    32.4687,  -161.67,    32.4687,    78.33,          0,     0.00, 2.48878E-006,    13.68,    32.4687,   138.33,    32.4687,    18.33,    32.4687,  -101.67,          0,     0.00, 2.48933E-006,  -166.27
Line.L_CEI_MT_5657,    32.4687,   -41.67,    32.4687,  -161.67,    32.4687,    78.33,          0,     0.00, 2.48847E-006,    13.60,    32.4687,   138.33,    32.4687,    18.33,    32.4687,  -101.67,          0,     0.00, 2.49154E-006,  -166.47
Line.L_CEI_MT_5658,    40.3886,   -41.67,    40.3886,  -161.67,    40.3886,    78.33,          0,     0.00, 4.10787E-006,    13.55,    40.3886,   138.33,    40.3886,    18.33,    40.3886,  -101.67,          0,     0.00, 4.11149E-006,  -166.46
Line.L_CEI_MT_5659,    40.3886,   138.33,    40.3886,    18.33,    40.3886,  -101.67,          0,     0.00, 4.10214E-006,  -166.50,    40.3886,   -41.67,    40.3886,  -161.67,    40.3886,    78.33,          0,     0.00, 4.10042E-006,    13.54
Line.L_CEI_MT_566,    302.223,   138.34,    302.222,    18.34,    302.222,  -101.66,          0,     0.00, 0.000112285,   160.81,    302.223,   -41.66,    302.222,  -161.66,    302.222,    78.34,          0,     0.00, 0.000112284,   -19.19
Line.L_CEI_MT_5660,    40.3886,   -41.67,    40.3886,  -161.67,    40.3886,    78.33,          0,     0.00, 4.10977E-006,    13.58,    40.3886,   138.33,    40.3886,    18.33,    40.3886,  -101.67,          0,     0.00, 4.10966E-006,  -166.43
Line.L_CEI_MT_5661,    10.0319,   -41.67,    10.0319,  -161.67,    10.0319,    78.33,          0,     0.00, 6.58232E-008,  -175.94,    10.0319,   138.33,    10.0319,    18.33,    10.0319,  -101.67,          0,     0.00, 6.4834E-008,     3.29
Line.L_CEI_MT_5662,    10.0319,   -41.67,    10.0319,  -161.67,    10.0319,    78.33,          0,     0.00, 7.37074E-008,  -176.56,    10.0319,   138.33,    10.0319,    18.33,    10.0319,  -101.67,          0,     0.00, 6.89949E-008,     2.71
Line.L_CEI_MT_5663,    10.0319,   -41.67,    10.0319,  -161.67,    10.0319,    78.33,          0,     0.00, 6.86436E-008,  -175.72,    10.0319,   138.33,    10.0319,    18.33,    10.0319,  -101.67,          0,     0.00, 6.68642E-008,     5.19
Line.L_CEI_MT_5664,    10.0319,   -41.67,    10.0319,  -161.67,    10.0319,    78.33,          0,     0.00, 7.38231E-008,  -175.30,    10.0319,   138.33,    10.0319,    18.33,    10.0319,  -101.67,          0,     0.00, 6.99252E-008,     2.67
Line.L_CEI_MT_5665,    10.0319,   -41.67,    10.0319,  -161.67,    10.0319,    78.33,          0,     0.00, 6.73086E-008,  -169.23,    10.0319,   138.33,    10.0319,    18.33,    10.0319,  -101.67,          0,     0.00, 6.60735E-008,    11.59
Line.L_CEI_MT_5666,    10.0319,   -41.67,    10.0319,  -161.67,    10.0319,    78.33,          0,     0.00, 6.60735E-008,  -168.41,    10.0319,   138.33,    10.0319,    18.33,    10.0319,  -101.67,          0,     0.00, 6.62238E-008,    10.12
Line.L_CEI_MT_5667,    2.11198,   -41.67,    2.11198,  -161.67,    2.11198,    78.33,          0,     0.00, 1.59706E-008,  -172.46,    2.11198,   138.33,    2.11198,    18.33,    2.11198,  -101.67,          0,     0.00, 1.40086E-008,    15.42
Line.L_CEI_MT_5668,    50.4205,   -41.67,    50.4205,  -161.67,    50.4205,    78.33,          0,     0.00, 3.44102E-006,    15.11,    50.4205,   138.33,    50.4205,    18.33,    50.4205,  -101.67,          0,     0.00, 3.44178E-006,  -164.87
Line.L_CEI_MT_97701A,    1.58845,   138.30,    1.58845,    18.30,    1.58845,  -101.70,          0,     0.00, 1.47989E-008,    24.15,    1.58845,   -41.70,    1.58845,  -161.70,    1.58845,    78.30,          0,     0.00, 1.64636E-008,  -151.26
Line.L_CEI_MT_9833A,    225.196,   138.35,    225.196,    18.35,    225.196,  -101.65,          0,     0.00, 8.04777E-005,   162.17,    225.196,   -41.65,    225.196,  -161.65,    225.196,    78.35,          0,     0.00, 8.04782E-005,   -17.83
Line.L_CEI_MT_429,    479.679,   -41.66,    479.679,  -161.66,    479.679,    78.34,          0,     0.00, 0.000170095,   -17.74,    479.679,   138.34,    479.679,    18.34,    479.679,  -101.66,          0,     0.00, 0.000170091,   162.26
Line.L_CEI_MT_42968A,    8.46011,   138.32,     8.4601,    18.32,    8.46011,  -101.68,          0,     0.00, 1.32032E-006,   139.84,    8.46011,   -41.68,     8.4601,  -161.68,    8.46011,    78.32,          0,     0.00, 1.32017E-006,   -40.15
Line.L_CEI_MT_42990A,    1.58775,   138.31,    1.58775,    18.31,    1.58775,  -101.69,          0,     0.00, 1.18721E-008,    11.31,    1.58775,   -41.69,    1.58775,  -161.69,    1.58775,    78.31,          0,     0.00, 1.26073E-008,   175.76
Line.L_CEI_MT_430,    479.679,   -41.66,    479.679,  -161.66,    479.679,    78.34,          0,     0.00, 0.000170091,   -17.75,    479.679,   138.34,    479.679,    18.34,    479.679,  -101.66,          0,     0.00, 0.000170088,   162.25
Line.L_CEI_MT_431,    479.679,   -41.66,    479.679,  -161.66,    479.679,    78.34,          0,     0.00, 0.000170092,   -17.75,    479.679,   138.34,    479.679,    18.34,    479.679,  -101.66,          0,     0.00, 0.000170092,   162.25
Line.L_CEI_MT_432,    479.679,   138.34,    479.679,    18.34,    479.679,  -101.66,          0,     0.00, 0.000170089,   162.25,    479.679,   -41.66,    479.679,  -161.66,    479.679,    78.34,          0,     0.00, 0.000170088,   -17.75
Line.L_CEI_MT_433, 1.31709E-009,  -135.00, 9.31323E-010,   -90.00, 3.72529E-009,    90.00,          0,     0.00, 2.0825E-009,   116.57, 1.67897E-009,   -33.69, 1.91997E-009,   165.96, 3.83994E-009,   -75.96,          0,     0.00, 4.21674E-009,   -83.66
Line.L_CEI_MT_434,    479.679,   138.34,    479.679,    18.34,    479.679,  -101.66,          0,     0.00, 0.000170078,   162.25,    479.679,   -41.66,    479.679,  -161.66,    479.679,    78.34,          0,     0.00, 0.000170078,   -17.75
Line.L_CEI_MT_435,    4.76439,   138.30,    4.76439,    18.30,    4.76439,  -101.70,          0,     0.00, 2.74898E-008,    10.74,    4.76439,   -41.70,    4.76439,  -161.70,    4.76439,    78.30,          0,     0.00, 2.8133E-008,  -167.57
Line.L_CEI_MT_43512A,    2.64615,   -41.69,    2.64615,  -161.69,    2.64615,    78.31,          0,     0.00, 1.09604E-008,  -167.74,    2.64615,   138.31,    2.64615,    18.31,    2.64615,  -101.69,          0,     0.00, 1.31131E-008,     6.12
Line.L_CEI_MT_436,    4.76439,   138.30,    4.76439,    18.30,    4.76439,  -101.70,          0,     0.00, 2.34501E-008,     6.84,    4.76439,   -41.70,    4.76439,  -161.70,    4.76439,    78.30,          0,     0.00, 2.27079E-008,  -164.54
Line.L_CEI_MT_437,    4.76439,   138.30,    4.76439,    18.30,    4.76439,  -101.70,          0,     0.00, 2.95475E-008,    12.28,    4.76439,   -41.70,    4.76439,  -161.70,    4.76439,    78.30,          0,     0.00, 2.72968E-008,  -171.66
Line.L_CEI_MT_35106A,    1.05849,   138.31,    1.05849,    18.31,    1.05849,  -101.69,          0,     0.00, 7.80591E-009,   -17.35,    1.05849,   -41.69,    1.05849,  -161.69,    1.05849,    78.31,          0,     0.00, 4.70871E-009,   171.47
Line.L_CEI_MT_5069,    1401.54,   -41.67,    1401.54,  -161.67,    1401.54,    78.33,          0,     0.00, 0.00051451,   -18.90,    1401.54,   138.33,    1401.54,    18.33,    1401.54,  -101.67,          0,     0.00, 0.00051451,   161.09
Line.L_CEI_MT_65112A,    1.58769,   138.31,    1.58769,    18.31,    1.58769,  -101.69,          0,     0.00, 9.49766E-009,    11.31,    1.58769,   -41.69,    1.58769,  -161.69,    1.58769,    78.31,          0,     0.00, 4.95005E-009,  -138.81
Line.L_CEI_MT_65722A,    47.6244,   138.31,    47.6244,    18.31,    47.6244,  -101.69,          0,     0.00, 1.54515E-006,    19.23,    47.6244,   -41.69,    47.6244,  -161.69,    47.6244,    78.31,          0,     0.00, 1.54634E-006,  -160.75
Line.L_CEI_MT_5669,    50.4205,   138.33,    50.4205,    18.33,    50.4205,  -101.67,          0,     0.00, 3.43963E-006,  -164.97,    50.4205,   -41.67,    50.4205,  -161.67,    50.4205,    78.33,          0,     0.00, 3.44257E-006,    15.03
Line.L_CEI_MT_567,    302.223,   138.34,    302.222,    18.34,    302.222,  -101.66,          0,     0.00, 0.000112286,   160.81,    302.223,   -41.66,    302.222,  -161.66,    302.222,    78.34,          0,     0.00, 0.000112285,   -19.19
Line.L_CEI_MT_5670,    50.4205,   138.33,    50.4205,    18.33,    50.4205,  -101.67,          0,     0.00, 3.44636E-006,  -164.92,    50.4205,   -41.67,    50.4205,  -161.67,    50.4205,    78.33,          0,     0.00, 3.44828E-006,    15.08
Line.L_CEI_MT_5671,    50.4205,   138.33,    50.4205,    18.33,    50.4205,  -101.67,          0,     0.00, 3.44473E-006,  -164.96,    50.4205,   -41.67,    50.4205,  -161.67,    50.4205,    78.33,          0,     0.00, 3.44811E-006,    15.13
Line.L_CEI_MT_5672,    50.4205,   138.33,    50.4205,    18.33,    50.4205,  -101.67,          0,     0.00, 3.45096E-006,  -164.84,    50.4205,   -41.67,    50.4205,  -161.67,    50.4205,    78.33,          0,     0.00, 3.44929E-006,    15.18
Line.L_CEI_MT_5673,    4.75212,   138.33,    4.75212,    18.33,    4.75212,  -101.67,          0,     0.00, 3.77186E-008,     0.00,    4.75212,   -41.67,    4.75212,  -161.67,    4.75212,    78.33,          0,     0.00, 3.99113E-008,  -172.63
Line.L_CEI_MT_5674,    55.1726,   138.33,    55.1726,    18.33,    55.1726,  -101.67,          0,     0.00, 3.09768E-006,  -148.58,    55.1726,   -41.67,    55.1726,  -161.67,    55.1726,    78.33,          0,     0.00, 3.09634E-006,    31.38
Line.L_CEI_MT_5675,    55.1726,   -41.67,    55.1726,  -161.67,    55.1726,    78.33,          0,     0.00, 3.10525E-006,    31.38,    55.1726,   138.33,    55.1726,    18.33,    55.1726,  -101.67,          0,     0.00, 3.10464E-006,  -148.64
Line.L_CEI_MT_5676,    2.11208,   138.33,    2.11208,    18.33,    2.11208,  -101.67,          0,     0.00, 1.45775E-008,    26.57,    2.11208,   -41.67,    2.11208,  -161.67,    2.11208,    78.33,          0,     0.00, 1.65703E-008,  -162.84
Line.L_CEI_MT_5677,    57.2847,   138.33,    57.2847,    18.33,    57.2847,  -101.67,          0,     0.00, 3.82775E-006,  -148.74,    57.2847,   -41.67,    57.2847,  -161.67,    57.2847,    78.33,          0,     0.00, 3.82611E-006,    31.24
Line.L_CEI_MT_5678,    57.2847,   138.33,    57.2847,    18.33,    57.2847,  -101.67,          0,     0.00, 3.82816E-006,  -148.84,    57.2847,   -41.67,    57.2847,  -161.67,    57.2847,    78.33,          0,     0.00, 3.82756E-006,    31.14
Line.L_CEI_MT_5679,    57.2847,   138.33,    57.2847,    18.33,    57.2847,  -101.67,          0,     0.00, 3.83508E-006,  -148.82,    57.2847,   -41.67,    57.2847,  -161.67,    57.2847,    78.33,          0,     0.00, 3.83709E-006,    31.24
Line.L_CEI_MT_568,    302.223,   138.34,    302.222,    18.34,    302.222,  -101.66,          0,     0.00, 0.000112278,   160.81,    302.223,   -41.66,    302.222,  -161.66,    302.222,    78.34,          0,     0.00, 0.000112278,   -19.19
Line.L_CEI_MT_5680,    515.943,   -41.65,    515.943,  -161.65,    515.943,    78.35,          0,     0.00, 0.000145385,   -15.50,    515.943,   138.35,    515.943,    18.35,    515.943,  -101.65,          0,     0.00, 0.000145387,   164.50
Line.L_CEI_MT_5682,     455.49,   -41.65,     455.49,  -161.65,     455.49,    78.35,          0,     0.00, 0.000138211,   -15.86,     455.49,   138.35,     455.49,    18.35,     455.49,  -101.65,          0,     0.00, 0.000138211,   164.14
Line.L_CEI_MT_5683,    453.906,   138.35,    453.906,    18.35,    453.906,  -101.65,          0,     0.00, 0.00013822,   164.14,    453.906,   -41.65,    453.906,  -161.65,    453.906,    78.35,          0,     0.00, 0.000138219,   -15.86
Line.L_CEI_MT_5684,    453.906,   -41.65,    453.906,  -161.65,    453.906,    78.35,          0,     0.00, 0.000137222,   -12.83,    453.906,   138.35,    453.906,    18.35,    453.906,  -101.65,          0,     0.00, 0.000137222,   167.17
Line.L_CEI_MT_5684A, 2.85757E-006,   -68.17, 1.0265E-006,  -158.93, 3.19358E-006,  -144.81,          0,     0.00, 5.46947E-006,  -117.26, 2.85623E-006,   111.85, 1.02511E-006,    21.09, 3.19541E-006,    35.20,          0,     0.00, 5.46904E-006,    62.75
Line.L_CEI_MT_5685,    453.906,   138.35,    453.906,    18.35,    453.906,  -101.65,          0,     0.00, 0.000133658,   167.58,    453.906,   -41.65,    453.906,  -161.65,    453.906,    78.35,          0,     0.00, 0.000133658,   -12.42
Line.L_CEI_MT_5686,    453.906,   138.35,    453.906,    18.35,    453.906,  -101.65,          0,     0.00, 0.000133655,   167.58,    453.906,   -41.65,    453.906,  -161.65,    453.906,    78.35,          0,     0.00, 0.000133654,   -12.42
Line.L_CEI_MT_5687,    453.906,   138.35,    453.906,    18.35,    453.906,  -101.65,          0,     0.00, 0.000133656,   167.58,    453.906,   -41.65,    453.906,  -161.65,    453.906,    78.35,          0,     0.00, 0.000133656,   -12.42
Line.L_CEI_MT_5688,    453.906,   138.35,    453.906,    18.35,    453.906,  -101.65,          0,     0.00, 0.00013366,   167.58,    453.906,   -41.65,    453.906,  -161.65,    453.906,    78.35,          0,     0.00, 0.000133656,   -12.42
Line.L_CEI_MT_5689,    453.906,   -41.65,    453.906,  -161.65,    453.906,    78.35,          0,     0.00, 0.000133652,   -12.42,    453.906,   138.35,    453.906,    18.35,    453.906,  -101.65,          0,     0.00, 0.000133653,   167.58
Line.L_CEI_MT_569,    302.223,   138.34,    302.222,    18.34,    302.222,  -101.66,          0,     0.00, 0.000112283,   160.81,    302.223,   -41.66,    302.222,  -161.66,    302.222,    78.34,          0,     0.00, 0.000112281,   -19.19
Line.L_CEI_MT_5690,    2.11126,   138.34,    2.11126,    18.34,    2.11126,  -101.66,          0,     0.00, 1.22496E-008,     8.75,    2.11126,   -41.66,    2.11126,  -161.66,    2.11126,    78.34,          0,     0.00, 1.24798E-008,   165.96
Line.L_CEI_MT_5691,    451.795,   138.35,    451.795,    18.35,    451.795,  -101.65,          0,     0.00, 0.000133583,   167.42,    451.795,   -41.65,    451.795,  -161.65,    451.795,    78.35,          0,     0.00, 0.000133585,   -12.58
Line.L_CEI_MT_5692,    3.16673,   -41.66,    3.16673,  -161.66,    3.16673,    78.34,          0,     0.00, 1.64042E-008,  -173.48,    3.16673,   138.34,    3.16673,    18.34,    3.16673,  -101.66,          0,     0.00, 2.1917E-008,     3.04
Line.L_CEI_MT_5693,    448.628,   138.36,    448.628,    18.36,    448.628,  -101.64,          0,     0.00, 0.000131879,   167.37,    448.628,   -41.64,    448.628,  -161.64,    448.628,    78.36,          0,     0.00, 0.000131881,   -12.63
Line.L_CEI_MT_5694,    1.58328,   -41.66,    1.58328,  -161.66,    1.58328,    78.34,          0,     0.00, 1.32386E-008,  -156.14,    1.58328,   138.34,    1.58328,    18.34,    1.58328,  -101.66,          0,     0.00, 1.4852E-008,    13.60
Line.L_CEI_MT_5695,    447.045,   -41.64,    447.045,  -161.64,    447.045,    78.36,          0,     0.00, 0.000132555,   -12.40,    447.045,   138.36,    447.045,    18.36,    447.045,  -101.64,          0,     0.00, 0.000132553,   167.60
Line.L_CEI_MT_5696,    3.16641,   138.34,    3.16641,    18.34,    3.16641,  -101.66,          0,     0.00, 2.5679E-008,     4.16,    3.16641,   -41.66,    3.16641,  -161.66,    3.16641,    78.34,          0,     0.00, 2.54202E-008,  -171.57
Line.L_CEI_MT_5697,    443.879,   138.36,    443.879,    18.36,    443.879,  -101.64,          0,     0.00, 0.00013028,   167.75,    443.879,   -41.64,    443.879,  -161.64,    443.879,    78.36,          0,     0.00, 0.000130282,   -12.25
Line.L_CEI_MT_5698,    443.879,   -41.64,    443.879,  -161.64,    443.879,    78.36,          0,     0.00, 0.000130281,   -12.25,    443.879,   138.36,    443.879,    18.36,    443.879,  -101.64,          0,     0.00, 0.000130279,   167.75
Line.L_CEI_MT_5699,    10.5535,   -41.66,    10.5535,  -161.66,    10.5535,    78.34,          0,     0.00, 2.54849E-006,    43.77,    10.5535,   138.34,    10.5535,    18.34,    10.5535,  -101.66,          0,     0.00, 2.54554E-006,  -136.24
Line.L_CEI_MT_570,    302.223,   -41.66,    302.222,  -161.66,    302.222,    78.34,          0,     0.00, 0.000112282,   -19.19,    302.223,   138.34,    302.222,    18.34,    302.222,  -101.66,          0,     0.00, 0.000112283,   160.81
Line.L_CEI_MT_5700,    10.5535,   -41.66,    10.5535,  -161.66,    10.5535,    78.34,          0,     0.00, 2.55239E-006,    43.83,    10.5535,   138.34,    10.5535,    18.34,    10.5535,  -101.66,          0,     0.00, 2.54976E-006,  -136.17
Line.L_CEI_MT_5701,    10.5535,   -41.66,    10.5535,  -161.66,    10.5535,    78.34,          0,     0.00, 2.55552E-006,    44.03,    10.5535,   138.34,    10.5535,    18.34,    10.5535,  -101.66,          0,     0.00, 2.55821E-006,  -136.05
Line.L_CEI_MT_5702,    9.49818,   -41.66,    9.49818,  -161.66,    9.49818,    78.34,          0,     0.00, 2.4326E-006,    29.76,    9.49818,   138.34,    9.49818,    18.34,    9.49818,  -101.66,          0,     0.00, 2.42873E-006,  -150.24
Line.L_CEI_MT_5703,    9.49818,   -41.66,    9.49818,  -161.66,    9.49818,    78.34,          0,     0.00, 2.42463E-006,    29.74,    9.49818,   138.34,    9.49818,    18.34,    9.49818,  -101.66,          0,     0.00, 2.42538E-006,  -150.21
Line.L_CEI_MT_5704,    1.58304,   -41.66,    1.58304,  -161.66,    1.58304,    78.34,          0,     0.00, 1.82516E-008,  -156.71,    1.58304,   138.34,    1.58304,    18.34,    1.58304,  -101.66,          0,     0.00, 1.3642E-008,    27.44
Line.L_CEI_MT_5705,    7.91514,   -41.66,    7.91514,  -161.66,    7.91514,    78.34,          0,     0.00, 7.22844E-008,  -172.78,    7.91514,   138.34,    7.91514,    18.34,    7.91514,  -101.66,          0,     0.00, 6.99752E-008,     7.46
Line.L_CEI_MT_5706,    7.91514,   -41.66,    7.91514,  -161.66,    7.91514,    78.34,          0,     0.00, 6.60271E-008,  -168.61,    7.91514,   138.34,    7.91514,    18.34,    7.91514,  -101.66,          0,     0.00, 6.82253E-008,     8.24
Line.L_CEI_MT_5707,    7.91514,   -41.66,    7.91514,  -161.66,    7.91514,    78.34,          0,     0.00, 7.15654E-008,  -174.59,    7.91514,   138.34,    7.91514,    18.34,    7.91514,  -101.66,          0,     0.00, 6.99752E-008,     7.46
Line.L_CEI_MT_5708,    7.91514,   -41.66,    7.91514,  -161.66,    7.91514,    78.34,          0,     0.00, 6.95135E-008,  -172.49,    7.91514,   138.34,    7.91514,    18.34,    7.91514,  -101.66,          0,     0.00, 7.05304E-008,     7.97
Line.L_CEI_MT_5709,    7.91514,   -41.66,    7.91514,  -161.66,    7.91514,    78.34,          0,     0.00, 6.03678E-008,  -166.39,    7.91514,   138.34,    7.91514,    18.34,    7.91514,  -101.66,          0,     0.00, 6.19242E-008,    12.15
Line.L_CEI_MT_571,    302.223,   138.34,    302.222,    18.34,    302.222,  -101.66,          0,     0.00, 0.000112277,   160.81,    302.223,   -41.66,    302.222,  -161.66,    302.222,    78.34,          0,     0.00, 0.000112274,   -19.19
Line.L_CEI_MT_5710,    7.91514,   -41.66,    7.91514,  -161.66,    7.91514,    78.34,          0,     0.00, 6.35167E-008,  -171.78,    7.91514,   138.34,    7.91514,    18.34,    7.91514,  -101.66,          0,     0.00, 6.15435E-008,     7.61
Line.L_CEI_MT_5711,    7.91514,   138.34,    7.91514,    18.34,    7.91514,  -101.66,          0,     0.00, 5.9242E-008,    14.80,    7.91514,   -41.66,    7.91514,  -161.66,    7.91514,    78.34,          0,     0.00, 5.9745E-008,  -163.47
Line.L_CEI_MT_5712,    433.325,   138.36,    433.325,    18.36,    433.325,  -101.64,          0,     0.00, 0.000127364,   167.09,    433.325,   -41.64,    433.325,  -161.64,    433.325,    78.36,          0,     0.00, 0.000127364,   -12.91
Line.L_CEI_MT_5713,     425.41,   138.36,     425.41,    18.36,     425.41,  -101.64,          0,     0.00, 0.000128237,   166.88,     425.41,   -41.64,     425.41,  -161.64,     425.41,    78.36,          0,     0.00, 0.000128235,   -13.12
Line.L_CEI_MT_5714,     425.41,   138.36,     425.41,    18.36,     425.41,  -101.64,          0,     0.00, 0.000128241,   166.88,     425.41,   -41.64,     425.41,  -161.64,     425.41,    78.36,          0,     0.00, 0.000128238,   -13.12
Line.L_CEI_MT_5715,    1.58282,   138.34,    1.58282,    18.34,    1.58282,  -101.66,          0,     0.00, 1.68284E-008,    14.42,    1.58282,   -41.66,    1.58282,  -161.66,    1.58282,    78.34,          0,     0.00, 1.88693E-008,  -164.25
Line.L_CEI_MT_5716,    1.58282,   -41.66,    1.58282,  -161.66,    1.58282,    78.34,          0,     0.00, 1.44824E-008,   175.39,    1.58282,   138.34,    1.58282,    18.34,    1.58282,  -101.66,          0,     0.00, 1.49665E-008,     5.36
Line.L_CEI_MT_5717,    7.91481,   -41.66,    7.91481,  -161.66,    7.91481,    78.34,          0,     0.00, 7.31251E-008,  -173.42,    7.91481,   138.34,    7.91481,    18.34,    7.91481,  -101.66,          0,     0.00, 7.33298E-008,     7.85
Line.L_CEI_MT_5718,    7.91481,   -41.66,    7.91481,  -161.66,    7.91481,    78.34,          0,     0.00, 6.49326E-008,  -171.75,    7.91481,   138.34,    7.91481,    18.34,    7.91481,  -101.66,          0,     0.00, 6.78541E-008,    11.08
Line.L_CEI_MT_5719,    7.91481,   138.34,    7.91481,    18.34,    7.91481,  -101.66,          0,     0.00, 6.78333E-008,     8.69,    7.91481,   -41.66,    7.91481,  -161.66,    7.91481,    78.34,          0,     0.00, 6.7115E-008,  -172.83
Line.L_CEI_MT_572,    302.223,   138.34,    302.222,    18.34,    302.222,  -101.66,          0,     0.00, 0.000113737,   160.64,    302.223,   -41.66,    302.222,  -161.66,    302.222,    78.34,          0,     0.00, 0.000113736,   -19.36
Line.L_CEI_MT_5720,    7.91481,   -41.66,    7.91481,  -161.66,    7.91481,    78.34,          0,     0.00, 6.385E-008,  -169.92,    7.91481,   138.34,    7.91481,    18.34,    7.91481,  -101.66,          0,     0.00, 6.25617E-008,     8.13
Line.L_CEI_MT_5721,    7.91481,   -41.66,    7.91481,  -161.66,    7.91481,    78.34,          0,     0.00, 6.47709E-008,  -166.06,    7.91481,   138.34,    7.91481,    18.34,    7.91481,  -101.66,          0,     0.00, 6.256E-008,    10.72
Line.L_CEI_MT_5722,    7.91481,   138.34,    7.91481,    18.34,    7.91481,  -101.66,          0,     0.00, 4.90942E-008,    12.32,    7.91481,   -41.66,    7.91481,  -161.66,    7.91481,    78.34,          0,     0.00, 5.09362E-008,  -165.71
Line.L_CEI_MT_5723,    423.828,   138.36,    423.828,    18.36,    423.828,  -101.64,          0,     0.00, 0.000128153,   166.88,    423.828,   -41.64,    423.828,  -161.64,    423.828,    78.36,          0,     0.00, 0.000128153,   -13.12
Line.L_CEI_MT_5724,    423.828,   138.36,    423.828,    18.36,    423.828,  -101.64,          0,     0.00, 0.000128145,   166.87,    423.828,   -41.64,    423.828,  -161.64,    423.828,    78.36,          0,     0.00, 0.000128144,   -13.13
Line.L_CEI_MT_5725,    4.74799,   -41.66,    4.74799,  -161.66,    4.74799,    78.34,          0,     0.00, 3.63223E-008,  -179.63,    4.74799,   138.34,    4.74799,    18.34,    4.74799,  -101.66,          0,     0.00, 3.44715E-008,     1.55
Line.L_CEI_MT_5726,    4.74799,   138.34,    4.74799,    18.34,    4.74799,  -101.66,          0,     0.00, 3.47355E-008,    15.15,    4.74799,   -41.66,    4.74799,  -161.66,    4.74799,    78.34,          0,     0.00, 3.27556E-008,  -165.17
Line.L_CEI_MT_5727,    4.74799,   138.34,    4.74799,    18.34,    4.74799,  -101.66,          0,     0.00, 2.68796E-008,    14.04,    4.74799,   -41.66,    4.74799,  -161.66,    4.74799,    78.34,          0,     0.00, 2.60313E-008,  -169.70
Line.L_CEI_MT_5728,    4.74799,   138.34,    4.74799,    18.34,    4.74799,  -101.66,          0,     0.00, 2.9835E-008,     2.68,    4.74799,   -41.66,    4.74799,  -161.66,    4.74799,    78.34,          0,     0.00, 3.09586E-008,  -173.09
Line.L_CEI_MT_5729,    4.74799,   138.34,    4.74799,    18.34,    4.74799,  -101.66,          0,     0.00, 3.22955E-008,     5.79,    4.74799,   -41.66,    4.74799,  -161.66,    4.74799,    78.34,          0,     0.00, 3.22955E-008,  -174.21
Line.L_CEI_MT_573,    302.223,   -41.66,    302.222,  -161.66,    302.222,    78.34,          0,     0.00, 0.000113737,   -19.36,    302.223,   138.34,    302.222,    18.34,    302.222,  -101.66,          0,     0.00, 0.00011374,   160.64
Line.L_CEI_MT_5730,    4.74799,   138.34,    4.74799,    18.34,    4.74799,  -101.66,          0,     0.00, 2.91736E-008,     8.26,    4.74799,   -41.66,    4.74799,  -161.66,    4.74799,    78.34,          0,     0.00, 2.92441E-008,  -170.84
Line.L_CEI_MT_5731,     419.08,   138.36,     419.08,    18.36,     419.08,  -101.64,          0,     0.00, 0.00012652,   166.62,     419.08,   -41.64,     419.08,  -161.64,     419.08,    78.36,          0,     0.00, 0.000126517,   -13.39
Line.L_CEI_MT_5732,     419.08,   138.36,     419.08,    18.36,     419.08,  -101.64,          0,     0.00, 0.000126522,   166.61,     419.08,   -41.64,     419.08,  -161.64,     419.08,    78.36,          0,     0.00, 0.000126522,   -13.39
Line.L_CEI_MT_5733,     419.08,   -41.64,     419.08,  -161.64,     419.08,    78.36,          0,     0.00, 0.000126685,   -13.15,     419.08,   138.36,     419.08,    18.36,     419.08,  -101.64,          0,     0.00, 0.000126686,   166.84
Line.L_CEI_MT_5734,     419.08,   -41.64,     419.08,  -161.64,     419.08,    78.36,          0,     0.00, 0.000126684,   -13.16,     419.08,   138.36,     419.08,    18.36,     419.08,  -101.64,          0,     0.00, 0.000126685,   166.84
Line.L_CEI_MT_5735,    417.497,   138.36,    417.497,    18.36,    417.497,  -101.64,          0,     0.00, 0.000126694,   166.85,    417.497,   -41.64,    417.497,  -161.64,    417.497,    78.36,          0,     0.00, 0.000126693,   -13.15
Line.L_CEI_MT_5736,    417.497,   138.36,    417.497,    18.36,    417.497,  -101.64,          0,     0.00, 0.000126694,   166.85,    417.497,   -41.64,    417.497,  -161.64,    417.497,    78.36,          0,     0.00, 0.000126694,   -13.15
Line.L_CEI_MT_5737,    1.58222,   138.34,    1.58222,    18.34,    1.58222,  -101.66,          0,     0.00, 1.16415E-008,     0.00,    1.58222,   -41.66,    1.58222,  -161.66,    1.58222,    78.34,          0,     0.00, 1.18721E-008,  -168.69
Line.L_CEI_MT_5738,    415.915,   -41.64,    415.915,  -161.64,    415.915,    78.36,          0,     0.00, 0.000124414,   -13.01,    415.915,   138.36,    415.915,    18.36,    415.915,  -101.64,          0,     0.00, 0.000124415,   166.99
Line.L_CEI_MT_5739,    2.10953,   138.34,    2.10953,    18.34,    2.10953,  -101.66,          0,     0.00, 1.39698E-008,     0.00,    2.10953,   -41.66,    2.10953,  -161.66,    2.10953,    78.34,          0,     0.00, 1.18721E-008,  -168.69
Line.L_CEI_MT_574,    302.223,   138.34,    302.222,    18.34,    302.222,  -101.66,          0,     0.00, 0.000113745,   160.64,    302.223,   -41.66,    302.222,  -161.66,    302.222,    78.34,          0,     0.00, 0.000113742,   -19.36
Line.L_CEI_MT_5740,    413.806,   -41.64,    413.805,  -161.64,    413.805,    78.36,          0,     0.00, 0.000122143,   -12.87,    413.806,   138.36,    413.805,    18.36,    413.805,  -101.64,          0,     0.00, 0.000122142,   167.13
Line.L_CEI_MT_5741,    370.303,   138.36,    370.303,    18.36,    370.303,  -101.64,          0,     0.00, 0.000107221,   167.29,    370.303,   -41.64,    370.303,  -161.64,    370.303,    78.36,          0,     0.00, 0.000107222,   -12.70
Line.L_CEI_MT_5742,    7.90996,   -41.65,    7.90995,  -161.65,    7.90996,    78.35,          0,     0.00, 2.2519E-006,   -21.25,    7.90996,   138.35,    7.90995,    18.35,    7.90996,  -101.65,          0,     0.00, 2.25122E-006,   158.79
Line.L_CEI_MT_5743,    7.90996,   -41.65,    7.90995,  -161.65,    7.90996,    78.35,          0,     0.00, 2.24674E-006,   -21.18,    7.90996,   138.35,    7.90995,    18.35,    7.90996,  -101.65,          0,     0.00, 2.2447E-006,   158.89
Line.L_CEI_MT_5744,    7.90996,   -41.65,    7.90995,  -161.65,    7.90996,    78.35,          0,     0.00, 2.24848E-006,   -21.16,    7.90996,   138.35,    7.90995,    18.35,    7.90996,  -101.65,          0,     0.00, 2.24659E-006,   158.87
Line.L_CEI_MT_5745,    3.16399,   -41.65,    3.16399,  -161.65,    3.16399,    78.35,          0,     0.00, 2.14217E-008,   179.38,    3.16399,   138.35,    3.16399,    18.35,    3.16399,  -101.65,          0,     0.00, 2.32842E-008,    -0.57
Line.L_CEI_MT_5746,    4.74597,   138.35,    4.74597,    18.35,    4.74597,  -101.65,          0,     0.00, 4.00496E-008,    -0.67,    4.74597,   -41.65,    4.74597,  -161.65,    4.74597,    78.35,          0,     0.00, 3.82417E-008,  -176.86
Line.L_CEI_MT_5747,    4.74597,   138.35,    4.74597,    18.35,    4.74597,  -101.65,          0,     0.00, 3.48376E-008,     8.46,    4.74597,   -41.65,    4.74597,  -161.65,    4.74597,    78.35,          0,     0.00, 3.14209E-008,  -173.19
Line.L_CEI_MT_5748,    4.74597,   138.35,    4.74597,    18.35,    4.74597,  -101.65,          0,     0.00, 3.43107E-008,     7.80,    4.74597,   -41.65,    4.74597,  -161.65,    4.74597,    78.35,          0,     0.00, 3.4937E-008,  -178.47
Line.L_CEI_MT_5749,    4.74597,   -41.65,    4.74597,  -161.65,    4.74597,    78.35,          0,     0.00, 3.50021E-008,  -176.19,    4.74597,   138.35,    4.74597,    18.35,    4.74597,  -101.65,          0,     0.00, 3.4377E-008,     8.57
Line.L_CEI_MT_575,    310.171,   138.34,     310.17,    18.34,     310.17,  -101.67,          0,     0.00, 0.00011512,   161.07,    310.171,   -41.66,     310.17,  -161.66,     310.17,    78.33,          0,     0.00, 0.000115121,   -18.93
Line.L_CEI_MT_5750,    4.74597,   138.35,    4.74597,    18.35,    4.74597,  -101.65,          0,     0.00, 3.13242E-008,    11.14,    4.74597,   -41.65,    4.74597,  -161.65,    4.74597,    78.35,          0,     0.00, 3.13242E-008,  -168.86
Line.L_CEI_MT_5751,    4.74597,   138.35,    4.74597,    18.35,    4.74597,  -101.65,          0,     0.00, 3.22955E-008,     5.79,    4.74597,   -41.65,    4.74597,  -161.65,    4.74597,    78.35,          0,     0.00, 3.19716E-008,  -167.38
Line.L_CEI_MT_5752,    4.74597,   138.35,    4.74597,    18.35,    4.74597,  -101.65,          0,     0.00, 4.03167E-008,     6.63,    4.74597,   -41.65,    4.74597,  -161.65,    4.74597,    78.35,          0,     0.00, 3.85909E-008,  -171.67
Line.L_CEI_MT_5753, 5.8948E-009,   -80.91, 1.98931E-009,  -159.44, 2.32831E-009,    53.13,          0,     0.00, 4.67984E-009,   -84.29, 2.72521E-009,   109.98, 3.49246E-009,    90.00, 4.65661E-010,   180.00,          0,     0.00, 6.2127E-009,   102.99
Line.L_CEI_MT_5754, 2.71525E-009,  -120.96, 1.04125E-009,  -153.43, 4.65661E-010,   180.00,          0,     0.00, 3.95127E-009,  -135.00, 1.67897E-009,  -146.31, 1.67897E-009,   123.69, 1.91997E-009,    75.96,          0,     0.00, 2.98169E-009,   128.66
Line.L_CEI_MT_5755,    1.05536,   138.34,    1.05536,    18.34,    1.05536,  -101.66,          0,     0.00, 1.26073E-008,    -4.24,    1.05536,   -41.66,    1.05536,  -161.66,    1.05536,    78.34,          0,     0.00, 1.2143E-008,   175.60
Line.L_CEI_MT_5756,    3.16817,   138.33,    3.16817,    18.33,    3.16817,  -101.67,          0,     0.00, 3.76211E-006,   154.83,    3.16817,   -41.67,    3.16817,  -161.67,    3.16817,    78.33,          0,     0.00, 3.7605E-006,   -25.13
Line.L_CEI_MT_5757,    3.16817,   -41.67,    3.16817,  -161.67,    3.16817,    78.33,          0,     0.00, 2.28281E-006,   -20.99,    3.16817,   138.33,    3.16817,    18.33,    3.16817,  -101.67,          0,     0.00, 2.28084E-006,   159.04
Line.L_CEI_MT_5758,    3.16817,   -41.67,    3.16817,  -161.67,    3.16817,    78.33,          0,     0.00, 2.27814E-006,   -20.85,    3.16817,   138.33,    3.16817,    18.33,    3.16817,  -101.67,          0,     0.00, 2.27601E-006,   159.20
Line.L_CEI_MT_5759,    3.16817,   -41.67,    3.16817,  -161.67,    3.16817,    78.33,          0,     0.00, 2.27602E-006,   -21.07,    3.16817,   138.33,    3.16817,    18.33,    3.16817,  -101.67,          0,     0.00, 2.27495E-006,   158.87
Line.L_CEI_MT_576,    310.171,   138.34,     310.17,    18.34,     310.17,  -101.67,          0,     0.00, 0.00011512,   161.08,    310.171,   -41.66,     310.17,  -161.66,     310.17,    78.33,          0,     0.00, 0.000115119,   -18.93
Line.L_CEI_MT_5760,    3.16817,   -41.67,    3.16817,  -161.67,    3.16817,    78.33,          0,     0.00, 2.27667E-006,   -20.98,    3.16817,   138.33,    3.16817,    18.33,    3.16817,  -101.67,          0,     0.00, 2.27492E-006,   158.97
Line.L_CEI_MT_5761,    3.16817,   138.33,    3.16817,    18.33,    3.16817,  -101.67,          0,     0.00, 2.27344E-006,   159.10,    3.16817,   -41.67,    3.16817,  -161.67,    3.16817,    78.33,          0,     0.00, 2.27445E-006,   -20.93
Line.L_CEI_MT_5762,    3.16817,   138.33,    3.16817,    18.33,    3.16817,  -101.67,          0,     0.00, 2.28275E-006,   159.31,    3.16817,   -41.67,    3.16817,  -161.67,    3.16817,    78.33,          0,     0.00, 2.28041E-006,   -20.70
Line.L_CEI_MT_438,    4.76439,   138.30,    4.76439,    18.30,    4.76439,  -101.70,          0,     0.00, 2.13697E-008,    11.31,    4.76439,   -41.70,    4.76439,  -161.70,    4.76439,    78.30,          0,     0.00, 2.48377E-008,  -173.54
Line.L_CEI_MT_439,    4.76439,   138.30,    4.76439,    18.30,    4.76439,  -101.70,          0,     0.00, 3.41968E-008,    -6.25,    4.76439,   -41.70,    4.76439,  -161.70,    4.76439,    78.30,          0,     0.00, 3.73575E-008,  -175.71
Line.L_CEI_MT_440,    474.915,   -41.66,    474.915,  -161.66,    474.915,    78.34,          0,     0.00, 0.000166212,   -19.42,    474.915,   138.34,    474.915,    18.34,    474.915,  -101.66,          0,     0.00, 0.000166213,   160.58
Line.L_CEI_MT_441,    2.64674,   -41.70,    2.64674,  -161.70,    2.64674,    78.30,          0,     0.00, 1.63198E-008,  -165.96,    2.64674,   138.30,    2.64674,    18.30,    2.64674,  -101.70,          0,     0.00, 1.50171E-008,     7.13
Line.L_CEI_MT_442,    2.64674,   -41.70,    2.64674,  -161.70,    2.64674,    78.30,          0,     0.00, 6.53587E-009,   -94.09,    2.64674,   138.30,    2.64674,    18.30,    2.64674,  -101.70,          0,     0.00, 6.78013E-009,    74.05
Line.L_CEI_MT_443,    2.64674,   -41.70,    2.64674,  -161.70,    2.64674,    78.30,          0,     0.00, 1.18994E-008,  -149.42,    2.64674,   138.30,    2.64674,    18.30,    2.64674,  -101.70,          0,     0.00, 1.35762E-008,    22.17
Line.L_CEI_MT_444,    2.64674,   -41.70,    2.64674,  -161.70,    2.64674,    78.30,          0,     0.00, 9.14879E-009,   165.26,    2.64674,   138.30,    2.64674,    18.30,    2.64674,  -101.70,          0,     0.00, 1.58599E-008,    -3.37
Line.L_CEI_MT_445,    2.64674,   -41.70,    2.64674,  -161.70,    2.64674,    78.30,          0,     0.00, 1.07506E-008,  -162.35,    2.64674,   138.30,    2.64674,    18.30,    2.64674,  -101.70,          0,     0.00, 1.03838E-008,    19.65
Line.L_CEI_MT_44507A,    55.5622,   138.31,    55.5622,    18.31,    55.5622,  -101.69,          0,     0.00, 1.59816E-006,    19.21,    55.5622,   -41.69,    55.5622,  -161.69,    55.5622,    78.31,          0,     0.00, 1.59626E-006,  -160.74
Line.L_CEI_MT_446,    472.268,   -41.66,    472.268,  -161.66,    472.268,    78.34,          0,     0.00, 0.000165441,   -19.90,    472.268,   138.34,    472.268,    18.34,    472.268,  -101.66,          0,     0.00, 0.000165441,   160.10
Line.L_CEI_MT_447,    472.268,   -41.66,    472.268,  -161.66,    472.268,    78.34,          0,     0.00, 0.000165439,   -19.90,    472.268,   138.34,    472.268,    18.34,    472.268,  -101.66,          0,     0.00, 0.000165437,   160.10
Line.L_CEI_MT_35502A,    2.64615,   -41.69,    2.64615,  -161.69,    2.64615,    78.31,          0,     0.00, 7.27386E-009,  -129.81,    2.64615,   138.31,    2.64615,    18.31,    2.64615,  -101.69,          0,     0.00, 6.2475E-009,    26.57
Line.L_CEI_MT_35781A,    55.5622,   138.31,    55.5622,    18.31,    55.5622,  -101.69,          0,     0.00, 1.60204E-006,    18.89,    55.5622,   -41.69,    55.5622,  -161.69,    55.5622,    78.31,          0,     0.00, 1.59792E-006,  -161.07
Line.L_CEI_MT_65960A, 2.14659E-009,  -102.53, 1.98931E-009,   -20.56, 1.91997E-009,  -104.04,          0,     0.00, 4.74883E-009,   -78.69, 2.50766E-009,    68.20, 1.91997E-009,   165.96, 1.91997E-009,    75.96,          0,     0.00, 4.67984E-009,    95.71
Line.L_CEI_MT_66605A,    12.1723,   -41.69,    12.1723,  -161.69,    12.1723,    78.31,          0,     0.00, 9.23571E-007,   -14.29,    12.1723,   138.31,    12.1723,    18.31,    12.1723,  -101.69,          0,     0.00, 9.22957E-007,   165.63
Line.L_CEI_MT_5763,    3.16817,   -41.67,    3.16817,  -161.67,    3.16817,    78.33,          0,     0.00, 2.28168E-006,   -20.85,    3.16817,   138.33,    3.16817,    18.33,    3.16817,  -101.67,          0,     0.00, 2.28419E-006,   159.15
Line.L_CEI_MT_5764,    2.11211,   -41.67,    2.11211,  -161.67,    2.11211,    78.33,          0,     0.00, 1.71727E-008,   167.47,    2.11211,   138.33,    2.11211,    18.33,    2.11211,  -101.67,          0,     0.00, 1.79143E-008,    -8.97
Line.L_CEI_MT_5765,    2.11211,   -41.67,    2.11211,  -161.67,    2.11211,    78.33,          0,     0.00, 1.4458E-008,  -165.07,    2.11211,   138.33,    2.11211,    18.33,    2.11211,  -101.67,          0,     0.00, 1.19358E-008,    20.56
Line.L_CEI_MT_5766,    2.11211,   -41.67,    2.11211,  -161.67,    2.11211,    78.33,          0,     0.00, 1.76967E-008,  -179.25,    2.11211,   138.33,    2.11211,    18.33,    2.11211,  -101.67,          0,     0.00, 1.61646E-008,   -11.63
Line.L_CEI_MT_5767,    1.05606,   -41.67,    1.05606,  -161.67,    1.05606,    78.33,          0,     0.00, 1.43998E-008,   165.96,    1.05606,   138.33,    1.05606,    18.33,    1.05606,  -101.67,          0,     0.00, 1.51608E-008,   -10.62
Line.L_CEI_MT_5768,    1.05606,   -41.67,    1.05606,  -161.67,    1.05606,    78.33,          0,     0.00, 7.95722E-009,  -159.44,    1.05606,   138.33,    1.05606,    18.33,    1.05606,  -101.67,          0,     0.00, 6.92255E-009,    19.65
Line.L_CEI_MT_5769,    1.05606,   -41.67,    1.05606,  -161.67,    1.05606,    78.33,          0,     0.00, 1.09604E-008,   167.74,    1.05606,   138.33,    1.05606,    18.33,    1.05606,  -101.67,          0,     0.00, 1.16787E-008,   -23.50
Line.L_CEI_MT_577,    448.392,   -41.68,    448.392,  -161.68,    448.392,    78.32,          0,     0.00, 0.000177689,   -19.80,    448.392,   138.32,    448.392,    18.32,    448.392,  -101.68,          0,     0.00, 0.000177688,   160.20
Line.L_CEI_MT_5770,    115.926,   -41.67,    115.926,  -161.67,    115.926,    78.33,          0,     0.00, 7.41547E-005,   -21.19,    115.926,   138.33,    115.926,    18.33,    115.926,  -101.67,          0,     0.00, 7.4151E-005,   158.81
Line.L_CEI_MT_5771,    115.926,   -41.67,    115.926,  -161.67,    115.926,    78.33,          0,     0.00, 7.41585E-005,   -21.18,    115.926,   138.33,    115.926,    18.33,    115.926,  -101.67,          0,     0.00, 7.41555E-005,   158.82
Line.L_CEI_MT_5772,    115.926,   -41.67,    115.926,  -161.67,    115.926,    78.33,          0,     0.00, 7.41537E-005,   -21.19,    115.926,   138.33,    115.926,    18.33,    115.926,  -101.67,          0,     0.00, 7.41566E-005,   158.81
Line.L_CEI_MT_5773,    115.926,   -41.67,    115.926,  -161.67,    115.926,    78.33,          0,     0.00, 7.41582E-005,   -21.19,    115.926,   138.33,    115.926,    18.33,    115.926,  -101.67,          0,     0.00, 7.41546E-005,   158.81
Line.L_CEI_MT_5774,    115.926,   -41.67,    115.926,  -161.67,    115.926,    78.33,          0,     0.00, 7.41546E-005,   -21.19,    115.926,   138.33,    115.926,    18.33,    115.926,  -101.67,          0,     0.00, 7.41552E-005,   158.81
Line.L_CEI_MT_5775,    115.926,   -41.67,    115.926,  -161.67,    115.926,    78.33,          0,     0.00, 7.41592E-005,   -21.19,    115.926,   138.33,    115.926,    18.33,    115.926,  -101.67,          0,     0.00, 7.41625E-005,   158.80
Line.L_CEI_MT_5776,       3.17,   138.33,       3.17,    18.33,       3.17,  -101.67,          0,     0.00, 2.56124E-008,     0.52,       3.17,   -41.67,       3.17,  -161.67,       3.17,    78.33,          0,     0.00, 2.38046E-008,  -176.07
Line.L_CEI_MT_5777,       3.17,   138.33,       3.17,    18.33,       3.17,  -101.67,          0,     0.00, 2.22009E-008,     9.66,       3.17,   -41.67,       3.17,  -161.67,       3.17,    78.33,          0,     0.00, 2.14659E-008,  -167.47
Line.L_CEI_MT_5778,    4.75499,   138.33,    4.75499,    18.33,    4.75499,  -101.67,          0,     0.00, 3.6845E-006,   126.45,    4.75499,   -41.67,    4.75499,  -161.67,    4.75499,    78.33,          0,     0.00, 3.6882E-006,   -53.48
Line.L_CEI_MT_5779, 8.7819E-007,    23.38, 1.43927E-006,   -37.04, 1.00009E-006,  -102.09,          0,     0.00, 2.29898E-006,   -40.61, 8.77464E-007,  -156.50, 1.43955E-006,   142.94, 1.00028E-006,    77.85,          0,     0.00, 2.2966E-006,   139.37
Line.L_CEI_MT_578,    443.623,   -41.68,    443.623,  -161.68,    443.623,    78.32,          0,     0.00, 0.000173946,   -19.68,    443.623,   138.32,    443.623,    18.32,    443.623,  -101.68,          0,     0.00, 0.000173944,   160.32
Line.L_CEI_MT_5780,      1.585,   138.33,      1.585,    18.33,      1.585,  -101.67,          0,     0.00, 8.13242E-009,    13.24,      1.585,   -41.67,      1.585,  -161.67,      1.585,    78.33,          0,     0.00, 6.33368E-009,   143.97
Line.L_CEI_MT_57808A,    23.8119,   138.31,    23.8119,    18.31,    23.8119,  -101.69,          0,     0.00, 1.39045E-006,    20.38,    23.8119,   -41.69,    23.8119,  -161.69,    23.8119,    78.31,          0,     0.00, 1.39299E-006,  -159.67
Line.L_CEI_MT_5781,    3.16999,   138.33,    3.16999,    18.33,    3.16999,  -101.67,          0,     0.00, 2.4201E-008,    11.09,    3.16999,   -41.67,    3.16999,  -161.67,    3.16999,    78.33,          0,     0.00, 2.54202E-008,  -171.57
Line.L_CEI_MT_5782,    3.16999,   138.33,    3.16999,    18.33,    3.16999,  -101.67,          0,     0.00, 1.71222E-008,    22.38,    3.16999,   -41.67,    3.16999,  -161.67,    3.16999,    78.33,          0,     0.00, 1.90424E-008,  -168.00
Line.L_CEI_MT_5783,    3.16999,   138.33,    3.16999,    18.33,    3.16999,  -101.67,          0,     0.00, 2.56283E-008,    -2.08,    3.16999,   -41.67,    3.16999,  -161.67,    3.16999,    78.33,          0,     0.00, 2.515E-008,   178.94
Line.L_CEI_MT_5784,    108.001,   -41.67,    108.001,  -161.67,    108.001,    78.33,          0,     0.00, 7.015E-005,   -18.59,    108.001,   138.33,    108.001,    18.33,    108.001,  -101.67,          0,     0.00, 7.01516E-005,   161.41
Line.L_CEI_MT_5785,    108.001,   -41.67,    108.001,  -161.67,    108.001,    78.33,          0,     0.00, 7.01479E-005,   -18.60,    108.001,   138.33,    108.001,    18.33,    108.001,  -101.67,          0,     0.00, 7.01493E-005,   161.40
Line.L_CEI_MT_5786,    108.001,   138.33,    108.001,    18.33,    108.001,  -101.67,          0,     0.00, 7.01486E-005,   161.40,    108.001,   -41.67,    108.001,  -161.67,    108.001,    78.33,          0,     0.00, 7.01496E-005,   -18.60
Line.L_CEI_MT_5787,    1.58494,   138.33,    1.58494,    18.33,    1.58494,  -101.67,          0,     0.00, 1.01087E-008,    28.93,    1.58494,   -41.67,    1.58494,  -161.67,    1.58494,    78.33,          0,     0.00, 8.13242E-009,  -156.37
Line.L_CEI_MT_5788,    1.58494,   138.33,    1.58494,    18.33,    1.58494,  -101.67,          0,     0.00, 1.42465E-008,    11.31,    1.58494,   -41.67,    1.58494,  -161.67,    1.58494,    78.33,          0,     0.00, 1.31131E-008,  -163.50
Line.L_CEI_MT_5789,    1.58494,   138.33,    1.58494,    18.33,    1.58494,  -101.67,          0,     0.00, 1.22938E-008,   -24.62,    1.58494,   -41.67,    1.58494,  -161.67,    1.58494,    78.33,          0,     0.00, 8.43348E-009,  -173.66
Line.L_CEI_MT_579,    443.623,   138.32,    443.623,    18.32,    443.623,  -101.68,          0,     0.00, 0.000173942,   160.32,    443.623,   -41.68,    443.623,  -161.68,    443.623,    78.32,          0,     0.00, 0.000173941,   -19.68
Line.L_CEI_MT_5790,    106.416,   138.33,    106.416,    18.33,    106.416,  -101.67,          0,     0.00, 6.78566E-005,   161.48,    106.416,   -41.67,    106.416,  -161.67,    106.416,    78.33,          0,     0.00, 6.78574E-005,   -18.53
Line.L_CEI_MT_5791,    106.416,   138.33,    106.416,    18.33,    106.416,  -101.67,          0,     0.00, 6.78523E-005,   161.48,    106.416,   -41.67,    106.416,  -161.67,    106.416,    78.33,          0,     0.00, 6.78534E-005,   -18.52
Line.L_CEI_MT_5792,    106.416,   138.33,    106.416,    18.33,    106.416,  -101.67,          0,     0.00, 6.78541E-005,   161.47,    106.416,   -41.67,    106.416,  -161.67,    106.416,    78.33,          0,     0.00, 6.78546E-005,   -18.53
Line.L_CEI_MT_5793,    3.16977,   138.33,    3.16977,    18.33,    3.16977,  -101.67,          0,     0.00, 2.65794E-008,     3.01,    3.16977,   -41.67,    3.16977,  -161.67,    3.16977,    78.33,          0,     0.00, 2.39125E-008,  -173.29
Line.L_CEI_MT_5794,    103.246,   138.33,    103.246,    18.33,    103.246,  -101.67,          0,     0.00, 6.55663E-005,   161.55,    103.246,   -41.67,    103.246,  -161.67,    103.246,    78.33,          0,     0.00, 6.55678E-005,   -18.45
Line.L_CEI_MT_5795,    103.246,   138.33,    103.246,    18.33,    103.246,  -101.67,          0,     0.00, 6.55732E-005,   161.55,    103.246,   -41.67,    103.246,  -161.67,    103.246,    78.33,          0,     0.00, 6.55716E-005,   -18.46
Line.L_CEI_MT_5796,    103.246,   138.33,    103.246,    18.33,    103.246,  -101.67,          0,     0.00, 6.55691E-005,   161.54,    103.246,   -41.67,    103.246,  -161.67,    103.246,    78.33,          0,     0.00, 6.55696E-005,   -18.45
Line.L_CEI_MT_5797,    1.58483,   138.33,    1.58483,    18.33,    1.58483,  -101.67,          0,     0.00, 6.07148E-009,     4.40,    1.58483,   -41.67,    1.58483,  -161.67,    1.58483,    78.33,          0,     0.00, 7.67988E-009,  -165.96
Line.L_CEI_MT_5798,    101.661,   138.33,    101.661,    18.33,    101.661,  -101.67,          0,     0.00, 6.32724E-005,   161.63,    101.661,   -41.67,    101.661,  -161.67,    101.661,    78.33,          0,     0.00, 6.3272E-005,   -18.37
Line.L_CEI_MT_5799,    101.661,   138.33,    101.661,    18.33,    101.661,  -101.67,          0,     0.00, 6.32766E-005,   161.63,    101.661,   -41.67,    101.661,  -161.67,    101.661,    78.33,          0,     0.00, 6.32713E-005,   -18.37
Line.L_CEI_MT_580,    443.623,   138.32,    443.623,    18.32,    443.623,  -101.68,          0,     0.00, 0.000173937,   160.32,    443.623,   -41.68,    443.623,  -161.68,    443.623,    78.32,          0,     0.00, 0.000173939,   -19.68
Line.L_CEI_MT_5800,    101.661,   138.33,    101.661,    18.33,    101.661,  -101.67,          0,     0.00, 6.32699E-005,   161.63,    101.661,   -41.67,    101.661,  -161.67,    101.661,    78.33,          0,     0.00, 6.32651E-005,   -18.37
Line.L_CEI_MT_5801,    101.661,   138.33,    101.661,    18.33,    101.661,  -101.67,          0,     0.00, 6.32771E-005,   161.62,    101.661,   -41.67,    101.661,  -161.67,    101.661,    78.33,          0,     0.00, 6.3277E-005,   -18.37
Line.L_CEI_MT_5802,    101.661,   138.33,    101.661,    18.33,    101.661,  -101.67,          0,     0.00, 6.32783E-005,   161.63,    101.661,   -41.67,    101.661,  -161.67,    101.661,    78.33,          0,     0.00, 6.32746E-005,   -18.37
Line.L_CEI_MT_5803,    100.077,   138.33,    100.077,    18.33,    100.077,  -101.67,          0,     0.00, 6.09763E-005,   161.71,    100.077,   -41.67,    100.077,  -161.67,    100.077,    78.33,          0,     0.00, 6.0975E-005,   -18.29
Line.L_CEI_MT_5804,    1.58472,   138.33,    1.58472,    18.33,    1.58472,  -101.67,          0,     0.00, 1.78476E-008,    15.12,    1.58472,   -41.67,    1.58472,  -161.67,    1.58472,    78.33,          0,     0.00, 1.36955E-008,  -144.69
Line.L_CEI_MT_5805,    1.58474,   138.33,    1.58474,    18.33,    1.58474,  -101.67,          0,     0.00, 7.22901E-009,    14.93,    1.58474,   -41.67,    1.58474,  -161.67,    1.58474,    78.33,          0,     0.00, 7.39581E-009,   151.82
Line.L_CEI_MT_5806,     98.492,   138.33,    98.4919,    18.33,     98.492,  -101.67,          0,     0.00, 5.86721E-005,   161.80,     98.492,   -41.67,    98.4919,  -161.67,     98.492,    78.33,          0,     0.00, 5.86737E-005,   -18.20
Line.L_CEI_MT_5807,     98.492,   138.33,    98.4919,    18.33,     98.492,  -101.67,          0,     0.00, 5.8671E-005,   161.80,     98.492,   -41.67,    98.4919,  -161.67,     98.492,    78.33,          0,     0.00, 5.86736E-005,   -18.20
Line.L_CEI_MT_5808,    5.81049,   138.33,    5.81048,    18.33,    5.81049,  -101.67,          0,     0.00, 6.05144E-006,   156.57,    5.81049,   -41.67,    5.81048,  -161.67,    5.81049,    78.33,          0,     0.00, 6.04996E-006,   -23.40
Line.L_CEI_MT_5809,    5.81049,   -41.67,    5.81048,  -161.67,    5.81049,    78.33,          0,     0.00, 6.04702E-006,   -23.36,    5.81049,   138.33,    5.81048,    18.33,    5.81049,  -101.67,          0,     0.00, 6.05174E-006,   156.59
Line.L_CEI_MT_581,    443.623,   138.32,    443.623,    18.32,    443.623,  -101.68,          0,     0.00, 0.000173935,   160.32,    443.623,   -41.68,    443.623,  -161.68,    443.623,    78.32,          0,     0.00, 0.000173938,   -19.68
Line.L_CEI_MT_5810,    5.81049,   -41.67,    5.81048,  -161.67,    5.81049,    78.33,          0,     0.00, 6.0483E-006,   -23.45,    5.81049,   138.33,    5.81048,    18.33,    5.81049,  -101.67,          0,     0.00, 6.05062E-006,   156.50
Line.L_CEI_MT_5811,    5.81049,   -41.67,    5.81048,  -161.67,    5.81049,    78.33,          0,     0.00, 6.05379E-006,   -23.49,    5.81049,   138.33,    5.81048,    18.33,    5.81049,  -101.67,          0,     0.00, 6.05574E-006,   156.52
Line.L_CEI_MT_5812,    1.58468,   -41.67,    1.58468,  -161.67,    1.58468,    78.33,          0,     0.00, 1.29885E-008,  -165.47,    1.58468,   138.33,    1.58468,    18.33,    1.58468,  -101.67,          0,     0.00, 1.35122E-008,    -1.97
Line.L_CEI_MT_5813,    4.22581,   -41.67,     4.2258,  -161.67,    4.22581,    78.33,          0,     0.00, 3.76296E-006,   -25.30,    4.22581,   138.33,     4.2258,    18.33,    4.22581,  -101.67,          0,     0.00, 3.76305E-006,   154.77
Line.L_CEI_MT_5814,    4.22581,   -41.67,     4.2258,  -161.67,    4.22581,    78.33,          0,     0.00, 3.76671E-006,   -25.37,    4.22581,   138.33,     4.2258,    18.33,    4.22581,  -101.67,          0,     0.00, 3.76103E-006,   154.67
Line.L_CEI_MT_5815,    4.22581,   -41.67,     4.2258,  -161.67,    4.22581,    78.33,          0,     0.00, 3.75733E-006,   -25.16,    4.22581,   138.33,     4.2258,    18.33,    4.22581,  -101.67,          0,     0.00, 3.7549E-006,   154.75
Line.L_CEI_MT_5816,    4.22581,   -41.67,     4.2258,  -161.67,    4.22581,    78.33,          0,     0.00, 3.7602E-006,   -25.19,    4.22581,   138.33,     4.2258,    18.33,    4.22581,  -101.67,          0,     0.00, 3.7607E-006,   154.79
Line.L_CEI_MT_5817,    4.22581,   -41.67,     4.2258,  -161.67,    4.22581,    78.33,          0,     0.00, 3.75574E-006,   -25.25,    4.22581,   138.33,     4.2258,    18.33,    4.22581,  -101.67,          0,     0.00, 3.76035E-006,   154.77
Line.L_CEI_MT_5818,     2.1129,   -41.67,     2.1129,  -161.67,     2.1129,    78.33,          0,     0.00, 2.35608E-008,  -161.57,     2.1129,   138.33,     2.1129,    18.33,     2.1129,  -101.67,          0,     0.00, 1.90708E-008,    17.77
Line.L_CEI_MT_5819,     2.1129,   -41.67,     2.1129,  -161.67,     2.1129,    78.33,          0,     0.00, 1.2143E-008,   175.60,     2.1129,   138.33,     2.1129,    18.33,     2.1129,  -101.67,          0,     0.00, 1.0871E-008,    -9.87
Line.L_CEI_MT_582,    443.623,   138.32,    443.623,    18.32,    443.623,  -101.68,          0,     0.00, 0.000173944,   160.32,    443.623,   -41.68,    443.623,  -161.68,    443.623,    78.32,          0,     0.00, 0.000173945,   -19.68
Line.L_CEI_MT_5820,     2.1129,   -41.67,     2.1129,  -161.67,     2.1129,    78.33,          0,     0.00, 1.48401E-006,   -31.92,     2.1129,   138.33,     2.1129,    18.33,     2.1129,  -101.67,          0,     0.00, 1.48542E-006,   148.06
Line.L_CEI_MT_5821,     2.1129,   -41.67,     2.1129,  -161.67,     2.1129,    78.33,          0,     0.00, 1.77502E-008,  -175.49,     2.1129,   138.33,     2.1129,    18.33,     2.1129,  -101.67,          0,     0.00, 2.06787E-008,     7.77
Line.L_CEI_MT_5822,    92.6815,   138.33,    92.6815,    18.33,    92.6815,  -101.67,          0,     0.00, 5.03628E-005,   162.54,    92.6815,   -41.67,    92.6815,  -161.67,    92.6815,    78.33,          0,     0.00, 5.0365E-005,   -17.46
Line.L_CEI_MT_5823,    92.6815,   138.33,    92.6815,    18.33,    92.6815,  -101.67,          0,     0.00, 4.89105E-005,   162.96,    92.6815,   -41.67,    92.6815,  -161.67,    92.6815,    78.33,          0,     0.00, 4.8912E-005,   -17.03
Line.L_CEI_MT_5824, 3.54637E-009,    23.20, 1.04125E-009,   153.43, 2.98169E-009,   -38.66,          0,     0.00, 4.65661E-009,     0.00, 8.39483E-010,  -123.69, 1.04125E-009,   153.43, 3.75428E-009,    97.13,          0,     0.00, 3.95812E-009,   118.07
Line.L_CEI_MT_5825,    92.6815,   138.33,    92.6815,    18.33,    92.6815,  -101.67,          0,     0.00, 4.66065E-005,   163.15,    92.6815,   -41.67,    92.6815,  -161.67,    92.6815,    78.33,          0,     0.00, 4.66064E-005,   -16.85
Line.L_CEI_MT_5826,    92.6815,   138.33,    92.6815,    18.33,    92.6815,  -101.67,          0,     0.00, 4.66115E-005,   163.15,    92.6815,   -41.67,    92.6815,  -161.67,    92.6815,    78.33,          0,     0.00, 4.66085E-005,   -16.85
Line.L_CEI_MT_5827,    92.6815,   138.33,    92.6815,    18.33,    92.6815,  -101.67,          0,     0.00, 4.66123E-005,   163.16,    92.6815,   -41.67,    92.6815,  -161.67,    92.6815,    78.33,          0,     0.00, 4.66119E-005,   -16.84
Line.L_CEI_MT_5828,    92.6815,   138.33,    92.6815,    18.33,    92.6815,  -101.67,          0,     0.00, 4.66101E-005,   163.16,    92.6815,   -41.67,    92.6815,  -161.67,    92.6815,    78.33,          0,     0.00, 4.6609E-005,   -16.84
Line.L_CEI_MT_5829,    6.33833,   138.33,    6.33833,    18.33,    6.33833,  -101.67,          0,     0.00, 3.67025E-006,   126.29,    6.33833,   -41.67,    6.33833,  -161.67,    6.33833,    78.33,          0,     0.00, 3.66893E-006,   -53.68
Line.L_CEI_MT_583,    443.623,   138.32,    443.623,    18.32,    443.623,  -101.68,          0,     0.00, 0.000173944,   160.32,    443.623,   -41.68,    443.623,  -161.68,    443.623,    78.32,          0,     0.00, 0.000173943,   -19.68
Line.L_CEI_MT_5830,    6.33833,   -41.67,    6.33833,  -161.67,    6.33833,    78.33,          0,     0.00, 3.67018E-006,   -53.74,    6.33833,   138.33,    6.33833,    18.33,    6.33833,  -101.67,          0,     0.00, 3.67572E-006,   126.19
Line.L_CEI_MT_5831,    6.33833,   -41.67,    6.33833,  -161.67,    6.33833,    78.33,          0,     0.00, 3.676E-006,   -53.80,    6.33833,   138.33,    6.33833,    18.33,    6.33833,  -101.67,          0,     0.00, 3.67806E-006,   126.17
Line.L_CEI_MT_5832, 8.79072E-007,    23.21, 1.43946E-006,   -37.08, 1.00162E-006,  -101.99,          0,     0.00, 2.30428E-006,   -40.66, 8.79347E-007,  -156.75, 1.43867E-006,   142.93, 1.00019E-006,    77.88,          0,     0.00, 2.30039E-006,   139.37
Line.L_CEI_MT_5833,    4.75375,   -41.67,    4.75375,  -161.67,    4.75375,    78.33,          0,     0.00, 3.08604E-008,  -174.81,    4.75375,   138.33,    4.75375,    18.33,    4.75375,  -101.67,          0,     0.00, 3.26129E-008,     9.87
Line.L_CEI_MT_5834,    1.58458,   -41.67,    1.58458,  -161.67,    1.58458,    78.33,          0,     0.00, 1.75536E-008,  -158.20,    1.58458,   138.33,    1.58458,    18.33,    1.58458,  -101.67,          0,     0.00, 1.5168E-008,    17.88
Line.L_CEI_MT_5835,    1.58458,   -41.67,    1.58458,  -161.67,    1.58458,    78.33,          0,     0.00, 1.10392E-008,  -152.35,    1.58458,   138.33,    1.58458,    18.33,    1.58458,  -101.67,          0,     0.00, 1.32448E-008,    10.12
Line.L_CEI_MT_5836,    1.58458,   -41.67,    1.58458,  -161.67,    1.58458,    78.33,          0,     0.00, 1.41396E-008,  -162.76,    1.58458,   138.33,    1.58458,    18.33,    1.58458,  -101.67,          0,     0.00, 1.57087E-008,    11.98
Line.L_CEI_MT_5837,    1.58458,   -41.67,    1.58458,  -161.67,    1.58458,    78.33,          0,     0.00, 1.60028E-008,  -171.63,    1.58458,   138.33,    1.58458,    18.33,    1.58458,  -101.67,          0,     0.00, 1.2575E-008,    -1.06
Line.L_CEI_MT_5838,    1.58458,   -41.67,    1.58458,  -161.67,    1.58458,    78.33,          0,     0.00, 1.20893E-008,  -164.36,    1.58458,   138.33,    1.58458,    18.33,    1.58458,  -101.67,          0,     0.00, 9.27824E-009,    17.53
Line.L_CEI_MT_5839,    1.58458,   -41.67,    1.58458,  -161.67,    1.58458,    78.33,          0,     0.00, 9.59985E-009,  -165.96,    1.58458,   138.33,    1.58458,    18.33,    1.58458,  -101.67,          0,     0.00, 1.07506E-008,     4.97
Line.L_CEI_MT_584,    443.623,   138.32,    443.623,    18.32,    443.623,  -101.68,          0,     0.00, 0.000173948,   160.32,    443.623,   -41.68,    443.623,  -161.68,    443.623,    78.32,          0,     0.00, 0.000173947,   -19.68
Line.L_CEI_MT_5840, 1.97563E-009,   -45.00, 1.39698E-009,   -90.00, 1.86265E-009,     0.00,          0,     0.00, 4.29318E-009,   -40.60, 1.04125E-009,  -153.43, 1.91997E-009,    75.96, 2.32831E-009,   126.87,          0,     0.00, 3.75428E-009,   119.74
Line.L_CEI_MT_5841,    86.3432,   138.33,    86.3431,    18.33,    86.3432,  -101.67,          0,     0.00, 4.144E-005,   166.41,    86.3432,   -41.67,    86.3431,  -161.67,    86.3432,    78.33,          0,     0.00, 4.1438E-005,   -13.60
Line.L_CEI_MT_5842,    1.58457,   138.33,    1.58457,    18.33,    1.58457,  -101.67,          0,     0.00, 7.28875E-009,    26.57,    1.58457,   -41.67,    1.58457,  -161.67,    1.58457,    78.33,          0,     0.00, 1.02551E-008,  -129.47
Line.L_CEI_MT_5843,    84.7586,   138.33,    84.7586,    18.33,    84.7586,  -101.67,          0,     0.00, 3.91493E-005,   166.82,    84.7586,   -41.67,    84.7586,  -161.67,    84.7586,    78.33,          0,     0.00, 3.91452E-005,   -13.19
Line.L_CEI_MT_5844,    84.7586,   138.33,    84.7586,    18.33,    84.7586,  -101.67,          0,     0.00, 3.91446E-005,   166.82,    84.7586,   -41.67,    84.7586,  -161.67,    84.7586,    78.33,          0,     0.00, 3.91414E-005,   -13.18
Line.L_CEI_MT_5845,    3.16908,   138.33,    3.16908,    18.33,    3.16908,  -101.67,          0,     0.00, 2.74898E-008,     1.94,    3.16908,   -41.67,    3.16908,  -161.67,    3.16908,    78.33,          0,     0.00, 2.72043E-008,  -173.12
Line.L_CEI_MT_5846,    81.5895,   138.33,    81.5895,    18.33,    81.5895,  -101.67,          0,     0.00, 3.68837E-005,   167.29,    81.5895,   -41.67,    81.5895,  -161.67,    81.5895,    78.33,          0,     0.00, 3.68836E-005,   -12.71
Line.L_CEI_MT_5847,    81.5895,   138.33,    81.5895,    18.33,    81.5895,  -101.67,          0,     0.00, 3.68806E-005,   167.29,    81.5895,   -41.67,    81.5895,  -161.67,    81.5895,    78.33,          0,     0.00, 3.68806E-005,   -12.71
Line.L_CEI_MT_5848,    81.5895,   138.33,    81.5895,    18.33,    81.5895,  -101.67,          0,     0.00, 3.68738E-005,   167.29,    81.5895,   -41.67,    81.5895,  -161.67,    81.5895,    78.33,          0,     0.00, 3.68713E-005,   -12.71
Line.L_CEI_MT_58486A,    15.8746,   138.31,    15.8746,    18.31,    15.8746,  -101.69,          0,     0.00, 1.32957E-006,    20.69,    15.8746,   -41.69,    15.8746,  -161.69,    15.8746,    78.31,          0,     0.00, 1.32897E-006,  -159.32
Line.L_CEI_MT_5849,    81.5895,   138.33,    81.5895,    18.33,    81.5895,  -101.67,          0,     0.00, 3.68809E-005,   167.30,    81.5895,   -41.67,    81.5895,  -161.67,    81.5895,    78.33,          0,     0.00, 3.68805E-005,   -12.71
Line.L_CEI_MT_585,    440.975,   138.32,    440.974,    18.32,    440.974,  -101.68,          0,     0.00, 0.000173963,   160.32,    440.975,   -41.68,    440.974,  -161.68,    440.974,    78.32,          0,     0.00, 0.000173962,   -19.68
Line.L_CEI_MT_5850,    81.5895,   138.33,    81.5895,    18.33,    81.5895,  -101.67,          0,     0.00, 3.68779E-005,   167.30,    81.5895,   -41.67,    81.5895,  -161.67,    81.5895,    78.33,          0,     0.00, 3.68759E-005,   -12.70
Line.L_CEI_MT_5851,    81.5895,   138.33,    81.5895,    18.33,    81.5895,  -101.67,          0,     0.00, 3.68807E-005,   167.30,    81.5895,   -41.67,    81.5895,  -161.67,    81.5895,    78.33,          0,     0.00, 3.68785E-005,   -12.70
Line.L_CEI_MT_5852,    74.7236,   -41.67,    74.7235,  -161.67,    74.7236,    78.33,          0,     0.00, 3.00644E-005,   -10.89,    74.7236,   138.33,    74.7235,    18.33,    74.7236,  -101.67,          0,     0.00, 3.00678E-005,   169.11
Line.L_CEI_MT_26709A,    23.8119,   138.31,    23.8119,    18.31,    23.8119,  -101.69,          0,     0.00, 1.38597E-006,    19.77,    23.8119,   -41.69,    23.8119,  -161.69,    23.8119,    78.31,          0,     0.00, 1.38975E-006,  -160.20
Line.L_CEI_MT_26888A,    55.5622,   138.31,    55.5622,    18.31,    55.5622,  -101.69,          0,     0.00, 1.60419E-006,    19.37,    55.5622,   -41.69,    55.5622,  -161.69,    55.5622,    78.31,          0,     0.00, 1.59946E-006,  -160.66
Line.L_CEI_MT_75320A,    55.5622,   138.31,    55.5622,    18.31,    55.5622,  -101.69,          0,     0.00, 1.60182E-006,    18.92,    55.5622,   -41.69,    55.5622,  -161.69,    55.5622,    78.31,          0,     0.00, 1.59955E-006,  -161.06
Line.L_CEI_MT_75616A,    225.196,   138.35,    225.196,    18.35,    225.196,  -101.65,          0,     0.00, 8.04801E-005,   162.17,    225.196,   -41.65,    225.196,  -161.65,    225.196,    78.35,          0,     0.00, 8.04762E-005,   -17.83
Line.L_CEI_MT_75690A,    3.16052,   138.36,    3.16052,    18.36,    3.16052,  -101.64,          0,     0.00, 2.47546E-008,   -16.39,    3.16052,   -41.64,    3.16052,  -161.64,    3.16052,    78.36,          0,     0.00, 2.53047E-008,   167.24
Line.L_CEI_MT_448,    462.741,   -41.66,    462.741,  -161.66,    462.741,    78.34,          0,     0.00, 0.000164078,   -19.78,    462.741,   138.34,    462.741,    18.34,    462.741,  -101.66,          0,     0.00, 0.000164078,   160.22
Line.L_CEI_MT_449,    9.52721,   -41.69,    9.52721,  -161.69,    9.52721,    78.31,          0,     0.00, 6.55413E-008,  -174.09,    9.52721,   138.31,    9.52721,    18.31,    9.52721,  -101.69,          0,     0.00, 6.86436E-008,     4.28
Line.L_CEI_MT_450,    9.52721,   -41.69,    9.52721,  -161.69,    9.52721,    78.31,          0,     0.00, 6.33043E-008,  -173.24,    9.52721,   138.31,    9.52721,    18.31,    9.52721,  -101.69,          0,     0.00, 6.71041E-008,     2.19
Line.L_CEI_MT_451,    9.52721,   138.31,    9.52721,    18.31,    9.52721,  -101.69,          0,     0.00, 7.03503E-008,    -6.84,    9.52721,   -41.69,    9.52721,  -161.69,    9.52721,    78.31,          0,     0.00, 7.1523E-008,   174.96
Line.L_CEI_MT_452,    9.52721,   138.31,    9.52721,    18.31,    9.52721,  -101.69,          0,     0.00, 6.4742E-008,    -1.24,    9.52721,   -41.69,    9.52721,  -161.69,    9.52721,    78.31,          0,     0.00, 6.80646E-008,  -177.26
Line.L_CEI_MT_453,    9.52721,   138.31,    9.52721,    18.31,    9.52721,  -101.69,          0,     0.00, 7.03534E-008,     1.90,    9.52721,   -41.69,    9.52721,  -161.69,    9.52721,    78.31,          0,     0.00, 6.81156E-008,  -176.47
Line.L_CEI_MT_454,     4.7636,   138.31,     4.7636,    18.31,     4.7636,  -101.69,          0,     0.00, 3.31144E-008,     3.22,     4.7636,   -41.69,     4.7636,  -161.69,     4.7636,    78.31,          0,     0.00, 3.08217E-008,   175.67
Line.L_CEI_MT_455,     4.7636,   -41.69,     4.7636,  -161.69,     4.7636,    78.31,          0,     0.00, 2.65468E-008,   178.99,     4.7636,   138.31,     4.7636,    18.31,     4.7636,  -101.69,          0,     0.00, 2.93957E-008,     3.63
Line.L_CEI_MT_456,     4.7636,   -41.69,     4.7636,  -161.69,     4.7636,    78.31,          0,     0.00, 2.81446E-008,  -163.66,     4.7636,   138.31,     4.7636,    18.31,     4.7636,  -101.69,          0,     0.00, 2.72412E-008,    22.62
Line.L_CEI_MT_456A,     4.7636,   -41.69,     4.7636,  -161.69,     4.7636,    78.31,          0,     0.00, 2.40391E-008,  -171.09,     4.7636,   138.31,     4.7636,    18.31,     4.7636,  -101.69,          0,     0.00, 2.4345E-008,    12.71
Line.L_CEI_MT_457,     4.7636,   -41.69,     4.7636,  -161.69,     4.7636,    78.31,          0,     0.00, 2.59771E-008,  -165.47,     4.7636,   138.31,     4.7636,    18.31,     4.7636,  -101.69,          0,     0.00, 2.65754E-008,    11.11
Line.L_CEI_MT_6715, 4.47512E-006,   163.81, 6.59277E-006,   158.55, 3.96029E-006,    52.91,          0,     0.00, 1.05458E-005,   139.72, 4.47666E-006,   -16.20, 6.59148E-006,   -21.45, 3.95648E-006,  -127.11,          0,     0.00, 1.05445E-005,   -40.26
Line.L_CEI_MT_6745,    18.2157,   138.33,    18.2157,    18.33,    18.2157,  -101.67,          0,     0.00, 1.22124E-005,   148.52,    18.2157,   -41.67,    18.2157,  -161.67,    18.2157,    78.33,          0,     0.00, 1.221E-005,   -31.50
Line.L_CEI_MT_6746,    18.2157,   138.33,    18.2157,    18.33,    18.2157,  -101.67,          0,     0.00, 1.22053E-005,   148.49,    18.2157,   -41.67,    18.2157,  -161.67,    18.2157,    78.33,          0,     0.00, 1.22076E-005,   -31.51
Line.L_CEI_MT_6747,    18.2157,   138.33,    18.2157,    18.33,    18.2157,  -101.67,          0,     0.00, 1.22048E-005,   148.50,    18.2157,   -41.67,    18.2157,  -161.67,    18.2157,    78.33,          0,     0.00, 1.22056E-005,   -31.49
Line.L_CEI_MT_6748,    18.2157,   138.33,    18.2157,    18.33,    18.2157,  -101.67,          0,     0.00, 1.22014E-005,   148.49,    18.2157,   -41.67,    18.2157,  -161.67,    18.2157,    78.33,          0,     0.00, 1.22008E-005,   -31.50
Line.L_CEI_MT_6749,    18.2157,   138.33,    18.2157,    18.33,    18.2157,  -101.67,          0,     0.00, 1.21981E-005,   148.50,    18.2157,   -41.67,    18.2157,  -161.67,    18.2157,    78.33,          0,     0.00, 1.21964E-005,   -31.48
Line.L_CEI_MT_6750,    18.2157,   138.33,    18.2157,    18.33,    18.2157,  -101.67,          0,     0.00, 1.21999E-005,   148.49,    18.2157,   -41.67,    18.2157,  -161.67,    18.2157,    78.33,          0,     0.00, 1.21999E-005,   -31.51
Line.L_CEI_MT_6751,    18.2157,   138.33,    18.2157,    18.33,    18.2157,  -101.67,          0,     0.00, 1.2193E-005,   148.53,    18.2157,   -41.67,    18.2157,  -161.67,    18.2157,    78.33,          0,     0.00, 1.21906E-005,   -31.48
Line.L_CEI_MT_6754,    18.2157,   138.33,    18.2157,    18.33,    18.2157,  -101.67,          0,     0.00, 1.21929E-005,   148.54,    18.2157,   -41.67,    18.2157,  -161.67,    18.2157,    78.33,          0,     0.00, 1.21943E-005,   -31.48
Line.L_CEI_MT_6755,    18.2157,   138.33,    18.2157,    18.33,    18.2157,  -101.67,          0,     0.00, 1.21951E-005,   148.52,    18.2157,   -41.67,    18.2157,  -161.67,    18.2157,    78.33,          0,     0.00, 1.21948E-005,   -31.47
Line.L_CEI_MT_6756,    18.2157,   138.33,    18.2157,    18.33,    18.2157,  -101.67,          0,     0.00, 1.21875E-005,   148.53,    18.2157,   -41.67,    18.2157,  -161.67,    18.2157,    78.33,          0,     0.00, 1.21873E-005,   -31.46
Line.L_CEI_MT_6757,    19.2718,   138.33,    19.2718,    18.33,    19.2718,  -101.67,          0,     0.00, 1.21832E-005,   148.50,    19.2718,   -41.67,    19.2718,  -161.67,    19.2718,    78.33,          0,     0.00, 1.21821E-005,   -31.49
Line.L_CEI_MT_6758,    24.0239,   138.33,    24.0239,    18.33,    24.0239,  -101.67,          0,     0.00, 1.21516E-005,   148.40,    24.0239,   -41.67,    24.0239,  -161.67,    24.0239,    78.33,          0,     0.00, 1.21532E-005,   -31.60
Line.L_CEI_MT_6759,    24.0239,   138.33,    24.0239,    18.33,    24.0239,  -101.67,          0,     0.00, 1.21552E-005,   148.41,    24.0239,   -41.67,    24.0239,  -161.67,    24.0239,    78.33,          0,     0.00, 1.21563E-005,   -31.60
Line.L_CEI_MT_676,    65.9413,   -41.70,    65.9413,  -161.70,    65.9413,    78.30,          0,     0.00, 2.5477E-005,   -19.53,    65.9413,   138.30,    65.9413,    18.30,    65.9413,  -101.70,          0,     0.00, 2.54747E-005,   160.47
Line.L_CEI_MT_6760,    24.0239,   138.33,    24.0239,    18.33,    24.0239,  -101.67,          0,     0.00, 1.21546E-005,   148.41,    24.0239,   -41.67,    24.0239,  -161.67,    24.0239,    78.33,          0,     0.00, 1.21542E-005,   -31.59
Line.L_CEI_MT_6761,    24.0239,   138.33,    24.0239,    18.33,    24.0239,  -101.67,          0,     0.00, 1.21542E-005,   148.44,    24.0239,   -41.67,    24.0239,  -161.67,    24.0239,    78.33,          0,     0.00, 1.2155E-005,   -31.57
Line.L_CEI_MT_6762,    24.0239,   138.33,    24.0239,    18.33,    24.0239,  -101.67,          0,     0.00, 1.21599E-005,   148.46,    24.0239,   -41.67,    24.0239,  -161.67,    24.0239,    78.33,          0,     0.00, 1.21607E-005,   -31.55
Line.L_CEI_MT_6763,    24.0239,   138.33,    24.0239,    18.33,    24.0239,  -101.67,          0,     0.00, 1.21591E-005,   148.47,    24.0239,   -41.67,    24.0239,  -161.67,    24.0239,    78.33,          0,     0.00, 1.21538E-005,   -31.53
Line.L_CEI_MT_6764,    24.0239,   138.33,    24.0239,    18.33,    24.0239,  -101.67,          0,     0.00, 1.21564E-005,   148.47,    24.0239,   -41.67,    24.0239,  -161.67,    24.0239,    78.33,          0,     0.00, 1.21579E-005,   -31.53
Line.L_CEI_MT_6765,    24.0239,   138.33,    24.0239,    18.33,    24.0239,  -101.67,          0,     0.00, 1.21526E-005,   148.45,    24.0239,   -41.67,    24.0239,  -161.67,    24.0239,    78.33,          0,     0.00, 1.21578E-005,   -31.55
Line.L_CEI_MT_6766,     25.608,   138.33,     25.608,    18.33,     25.608,  -101.67,          0,     0.00, 1.31929E-005,   146.94,     25.608,   -41.67,     25.608,  -161.67,     25.608,    78.33,          0,     0.00, 1.31964E-005,   -33.06
Line.L_CEI_MT_6767,    18.2157,   138.33,    18.2157,    18.33,    18.2157,  -101.67,          0,     0.00, 1.2216E-005,   148.51,    18.2157,   -41.67,    18.2157,  -161.67,    18.2157,    78.33,          0,     0.00, 1.2215E-005,   -31.50
Line.L_CEI_MT_6768,    18.2157,   138.33,    18.2157,    18.33,    18.2157,  -101.67,          0,     0.00, 1.22086E-005,   148.49,    18.2157,   -41.67,    18.2157,  -161.67,    18.2157,    78.33,          0,     0.00, 1.22077E-005,   -31.52
Line.L_CEI_MT_6769,    18.2157,   138.33,    18.2157,    18.33,    18.2157,  -101.67,          0,     0.00, 1.22149E-005,   148.50,    18.2157,   -41.67,    18.2157,  -161.67,    18.2157,    78.33,          0,     0.00, 1.22171E-005,   -31.49
Line.L_CEI_MT_677,    65.9413,   -41.70,    65.9413,  -161.70,    65.9413,    78.30,          0,     0.00, 2.40244E-005,   -18.77,    65.9413,   138.30,    65.9413,    18.30,    65.9413,  -101.70,          0,     0.00, 2.40256E-005,   161.22
Line.L_CEI_MT_6770,    18.2157,   138.33,    18.2157,    18.33,    18.2157,  -101.67,          0,     0.00, 1.22162E-005,   148.52,    18.2157,   -41.67,    18.2157,  -161.67,    18.2157,    78.33,          0,     0.00, 1.22181E-005,   -31.47
Line.L_CEI_MT_6771,    18.2157,   138.33,    18.2157,    18.33,    18.2157,  -101.67,          0,     0.00, 1.22137E-005,   148.53,    18.2157,   -41.67,    18.2157,  -161.67,    18.2157,    78.33,          0,     0.00, 1.22178E-005,   -31.47
Line.L_CEI_MT_6772,    18.2157,   138.33,    18.2157,    18.33,    18.2157,  -101.67,          0,     0.00, 1.22201E-005,   148.52,    18.2157,   -41.67,    18.2157,  -161.67,    18.2157,    78.33,          0,     0.00, 1.22219E-005,   -31.47
Line.L_CEI_MT_6773,    18.2157,   138.33,    18.2157,    18.33,    18.2157,  -101.67,          0,     0.00, 1.19907E-005,   136.27,    18.2157,   -41.67,    18.2157,  -161.67,    18.2157,    78.33,          0,     0.00, 1.19915E-005,   -43.74
Line.L_CEI_MT_6774,    16.6317,   138.33,    16.6317,    18.33,    16.6317,  -101.67,          0,     0.00, 1.20005E-005,   136.30,    16.6317,   -41.67,    16.6317,  -161.67,    16.6317,    78.33,          0,     0.00,   1.2E-005,   -43.69
Line.L_CEI_MT_27688A,    47.6244,   138.31,    47.6244,    18.31,    47.6244,  -101.69,          0,     0.00, 1.55319E-006,    19.71,    47.6244,   -41.69,    47.6244,  -161.69,    47.6244,    78.31,          0,     0.00, 1.55101E-006,  -160.36
Line.L_CEI_MT_36695A,    1.05752,   -41.68,    1.05752,  -161.68,    1.05752,    78.32,          0,     0.00, 6.51926E-009,   180.00,    1.05752,   138.32,    1.05752,    18.32,    1.05752,  -101.68,          0,     0.00, 9.04151E-009,   -11.89
Line.L_CEI_MT_36702A,    2.64615,   -41.69,    2.64615,  -161.69,    2.64615,    78.31,          0,     0.00, 1.53668E-008,   180.00,    2.64615,   138.31,    2.64615,    18.31,    2.64615,  -101.69,          0,     0.00, 1.37587E-008,    23.96
Line.L_CEI_MT_5853,    74.7236,   -41.67,    74.7235,  -161.67,    74.7236,    78.33,          0,     0.00, 3.00639E-005,   -10.89,    74.7236,   138.33,    74.7235,    18.33,    74.7236,  -101.67,          0,     0.00, 3.00653E-005,   169.11
Line.L_CEI_MT_5854,    74.7236,   -41.67,    74.7235,  -161.67,    74.7236,    78.33,          0,     0.00, 3.00638E-005,   -10.88,    74.7236,   138.33,    74.7235,    18.33,    74.7236,  -101.67,          0,     0.00, 3.00611E-005,   169.11
Line.L_CEI_MT_5855,    73.1391,   138.33,    73.1391,    18.33,    73.1391,  -101.67,          0,     0.00, 3.00683E-005,   169.12,    73.1391,   -41.67,    73.1391,  -161.67,    73.1391,    78.33,          0,     0.00, 3.00695E-005,   -10.88
Line.L_CEI_MT_58559A,    8.95493,   138.36,    8.95493,    18.36,    8.95493,  -101.64,          0,     0.00, 7.56051E-008,    16.09,    8.95493,   -41.64,    8.95493,  -161.64,    8.95493,    78.36,          0,     0.00, 7.74847E-008,  -166.80
Line.L_CEI_MT_5856,    73.1391,   138.33,    73.1391,    18.33,    73.1391,  -101.67,          0,     0.00, 3.00711E-005,   169.11,    73.1391,   -41.67,    73.1391,  -161.67,    73.1391,    78.33,          0,     0.00, 3.00684E-005,   -10.88
Line.L_CEI_MT_5857,    73.1391,   138.33,    73.1391,    18.33,    73.1391,  -101.67,          0,     0.00, 3.00713E-005,   169.12,    73.1391,   -41.67,    73.1391,  -161.67,    73.1391,    78.33,          0,     0.00, 3.0071E-005,   -10.88
Line.L_CEI_MT_5858,    73.1391,   138.33,    73.1391,    18.33,    73.1391,  -101.67,          0,     0.00, 3.00706E-005,   169.11,    73.1391,   -41.67,    73.1391,  -161.67,    73.1391,    78.33,          0,     0.00, 3.00728E-005,   -10.89
Line.L_CEI_MT_5859,    1.58436,   138.33,    1.58436,    18.33,    1.58436,  -101.67,          0,     0.00, 1.58393E-008,     1.68,    1.58436,   -41.67,    1.58436,  -161.67,    1.58436,    78.33,          0,     0.00, 1.49084E-008,   178.21
Line.L_CEI_MT_586,    440.975,   138.32,    440.974,    18.32,    440.974,  -101.68,          0,     0.00, 0.00017396,   160.32,    440.975,   -41.68,    440.974,  -161.68,    440.974,    78.32,          0,     0.00, 0.00017396,   -19.68
Line.L_CEI_MT_5860,    71.5548,   138.33,    71.5548,    18.33,    71.5548,  -101.67,          0,     0.00, 2.78057E-005,   169.89,    71.5548,   -41.67,    71.5548,  -161.67,    71.5548,    78.33,          0,     0.00, 2.78057E-005,   -10.11
Line.L_CEI_MT_5861,    71.5548,   138.33,    71.5548,    18.33,    71.5548,  -101.67,          0,     0.00, 2.77916E-005,   169.92,    71.5548,   -41.67,    71.5548,  -161.67,    71.5548,    78.33,          0,     0.00, 2.77972E-005,   -10.09
Line.L_CEI_MT_5862,    71.5548,   138.33,    71.5548,    18.33,    71.5548,  -101.67,          0,     0.00, 2.78002E-005,   169.90,    71.5548,   -41.67,    71.5548,  -161.67,    71.5548,    78.33,          0,     0.00, 2.7799E-005,   -10.10
Line.L_CEI_MT_5863,    4.75297,   138.33,    4.75297,    18.33,    4.75297,  -101.67,          0,     0.00, 3.28324E-008,    11.87,    4.75297,   -41.67,    4.75297,  -161.67,    4.75297,    78.33,          0,     0.00, 3.40697E-008,  -169.77
Line.L_CEI_MT_5864,    4.75297,   -41.67,    4.75297,  -161.67,    4.75297,    78.33,          0,     0.00, 3.40697E-008,  -158.34,    4.75297,   138.33,    4.75297,    18.33,    4.75297,  -101.67,          0,     0.00, 3.16684E-008,    17.10
Line.L_CEI_MT_5865,    4.75297,   -41.67,    4.75297,  -161.67,    4.75297,    78.33,          0,     0.00, 3.71108E-008,  -172.43,    4.75297,   138.33,    4.75297,    18.33,    4.75297,  -101.67,          0,     0.00, 3.85909E-008,     8.33
Line.L_CEI_MT_5866,    66.8018,   138.33,    66.8018,    18.33,    66.8018,  -101.67,          0,     0.00, 2.55569E-005,   170.88,    66.8018,   -41.67,    66.8018,  -161.67,    66.8018,    78.33,          0,     0.00, 2.55576E-005,    -9.11
Line.L_CEI_MT_5867,    66.8018,   138.33,    66.8018,    18.33,    66.8018,  -101.67,          0,     0.00, 2.55445E-005,   170.88,    66.8018,   -41.67,    66.8018,  -161.67,    66.8018,    78.33,          0,     0.00, 2.55424E-005,    -9.11
Line.L_CEI_MT_5868,     42.774,   138.33,    42.7739,    18.33,    42.7739,  -101.67,          0,     0.00, 1.3508E-005,   154.22,     42.774,   -41.67,    42.7739,  -161.67,    42.7739,    78.33,          0,     0.00, 1.35065E-005,   -25.77
Line.L_CEI_MT_5869,     42.774,   138.33,    42.7739,    18.33,    42.7739,  -101.67,          0,     0.00, 1.35043E-005,   154.26,     42.774,   -41.67,    42.7739,  -161.67,    42.7739,    78.33,          0,     0.00, 1.35031E-005,   -25.74
Line.L_CEI_MT_587,    438.856,   138.32,    438.856,    18.32,    438.856,  -101.68,          0,     0.00, 0.000173975,   160.32,    438.856,   -41.68,    438.856,  -161.68,    438.856,    78.32,          0,     0.00, 0.000173972,   -19.68
Line.L_CEI_MT_5870,     42.774,   138.33,    42.7739,    18.33,    42.7739,  -101.67,          0,     0.00, 1.35079E-005,   154.26,     42.774,   -41.67,    42.7739,  -161.67,    42.7739,    78.33,          0,     0.00, 1.35057E-005,   -25.75
Line.L_CEI_MT_5871,    4.75283,   138.33,    4.75283,    18.33,    4.75283,  -101.67,          0,     0.00, 3.17368E-008,    14.44,    4.75283,   -41.67,    4.75283,  -161.67,    4.75283,    78.33,          0,     0.00, 3.15346E-008,  -163.71
Line.L_CEI_MT_5872,    4.75283,   -41.67,    4.75283,  -161.67,    4.75283,    78.33,          0,     0.00, 3.27853E-008,  -168.53,    4.75283,   138.33,    4.75283,    18.33,    4.75283,  -101.67,          0,     0.00, 3.14795E-008,     7.65
Line.L_CEI_MT_5873,    36.4368,   138.33,    36.4368,    18.33,    36.4368,  -101.67,          0,     0.00, 1.42102E-005,   156.06,    36.4368,   -41.67,    36.4368,  -161.67,    36.4368,    78.33,          0,     0.00, 1.42127E-005,   -23.94
Line.L_CEI_MT_5874,    36.4368,   138.33,    36.4368,    18.33,    36.4368,  -101.67,          0,     0.00, 1.42043E-005,   156.07,    36.4368,   -41.67,    36.4368,  -161.67,    36.4368,    78.33,          0,     0.00, 1.42032E-005,   -23.92
Line.L_CEI_MT_5875,    1.58426,   138.33,    1.58426,    18.33,    1.58426,  -101.67,          0,     0.00, 1.49955E-008,    25.77,    1.58426,   -41.67,    1.58426,  -161.67,    1.58426,    78.33,          0,     0.00, 1.37685E-008,  -161.26
Line.L_CEI_MT_5876,    34.8526,   138.33,    34.8526,    18.33,    34.8526,  -101.67,          0,     0.00, 1.42121E-005,   156.09,    34.8526,   -41.67,    34.8526,  -161.67,    34.8526,    78.33,          0,     0.00, 1.42162E-005,   -23.90
Line.L_CEI_MT_5877,    31.6841,   138.33,    31.6841,    18.33,    31.6841,  -101.67,          0,     0.00, 1.4441E-005,   158.61,    31.6841,   -41.67,    31.6841,  -161.67,    31.6841,    78.33,          0,     0.00, 1.44426E-005,   -21.39
Line.L_CEI_MT_5878,    31.6841,   138.33,    31.6841,    18.33,    31.6841,  -101.67,          0,     0.00, 1.44437E-005,   158.64,    31.6841,   -41.67,    31.6841,  -161.67,    31.6841,    78.33,          0,     0.00, 1.44447E-005,   -21.37
Line.L_CEI_MT_5879,    31.6841,   138.33,    31.6841,    18.33,    31.6841,  -101.67,          0,     0.00, 1.44456E-005,   158.60,    31.6841,   -41.67,    31.6841,  -161.67,    31.6841,    78.33,          0,     0.00, 1.44431E-005,   -21.40
Line.L_CEI_MT_588,    438.856,   138.32,    438.856,    18.32,    438.856,  -101.68,          0,     0.00, 0.000173973,   160.32,    438.856,   -41.68,    438.856,  -161.68,    438.856,    78.32,          0,     0.00, 0.000173975,   -19.68
Line.L_CEI_MT_5880,    26.9313,   138.33,    26.9313,    18.33,    26.9313,  -101.67,          0,     0.00, 1.44718E-005,   158.66,    26.9313,   -41.67,    26.9313,  -161.67,    26.9313,    78.33,          0,     0.00, 1.44713E-005,   -21.34
Line.L_CEI_MT_5881,    26.9313,   138.33,    26.9313,    18.33,    26.9313,  -101.67,          0,     0.00, 1.44778E-005,   158.67,    26.9313,   -41.67,    26.9313,  -161.67,    26.9313,    78.33,          0,     0.00, 1.44778E-005,   -21.34
Line.L_CEI_MT_5882,    26.9313,   138.33,    26.9313,    18.33,    26.9313,  -101.67,          0,     0.00, 1.30146E-005,   159.90,    26.9313,   -41.67,    26.9313,  -161.67,    26.9313,    78.33,          0,     0.00, 1.30134E-005,   -20.12
Line.L_CEI_MT_5883,    26.9313,   138.33,    26.9313,    18.33,    26.9313,  -101.67,          0,     0.00, 1.30111E-005,   159.89,    26.9313,   -41.67,    26.9313,  -161.67,    26.9313,    78.33,          0,     0.00, 1.3011E-005,   -20.11
Line.L_CEI_MT_5884,    1.05615,   138.33,    1.05615,    18.33,    1.05615,  -101.67,          0,     0.00, 9.86719E-009,    19.29,    1.05615,   -41.67,    1.05615,  -161.67,    1.05615,    78.33,          0,     0.00, 1.31462E-008,  -157.07
Line.L_CEI_MT_5885,    25.8752,   138.33,    25.8752,    18.33,    25.8752,  -101.67,          0,     0.00, 1.07214E-005,   159.99,    25.8752,   -41.67,    25.8752,  -161.67,    25.8752,    78.33,          0,     0.00, 1.07223E-005,   -20.01
Line.L_CEI_MT_5886,    25.8752,   138.33,    25.8752,    18.33,    25.8752,  -101.67,          0,     0.00, 1.07218E-005,   159.95,    25.8752,   -41.67,    25.8752,  -161.67,    25.8752,    78.33,          0,     0.00, 1.07243E-005,   -20.03
Line.L_CEI_MT_5887,    21.1226,   138.33,    21.1225,    18.33,    21.1226,  -101.67,          0,     0.00, 8.45201E-006,   160.25,    21.1226,   -41.67,    21.1225,  -161.67,    21.1226,    78.33,          0,     0.00, 8.45507E-006,   -19.76
Line.L_CEI_MT_5888,    19.0103,   138.33,    19.0103,    18.33,    19.0103,  -101.67,          0,     0.00, 8.46151E-006,   160.30,    19.0103,   -41.67,    19.0103,  -161.67,    19.0103,    78.33,          0,     0.00, 8.46181E-006,   -19.73
Line.L_CEI_MT_5889,    17.4261,   138.33,    17.4261,    18.33,    17.4261,  -101.67,          0,     0.00, 6.16955E-006,   160.59,    17.4261,   -41.67,    17.4261,  -161.67,    17.4261,    78.33,          0,     0.00, 6.1685E-006,   -19.40
Line.L_CEI_MT_589,    438.856,   138.32,    438.856,    18.32,    438.856,  -101.68,          0,     0.00, 0.000173977,   160.32,    438.856,   -41.68,    438.856,  -161.68,    438.856,    78.32,          0,     0.00, 0.000173976,   -19.68
Line.L_CEI_MT_5890,    17.4261,   138.33,    17.4261,    18.33,    17.4261,  -101.67,          0,     0.00, 6.171E-006,   160.60,    17.4261,   -41.67,    17.4261,  -161.67,    17.4261,    78.33,          0,     0.00, 6.16984E-006,   -19.40
Line.L_CEI_MT_5891,    15.8419,   138.33,    15.8419,    18.33,    15.8419,  -101.67,          0,     0.00, 5.37826E-006,   173.75,    15.8419,   -41.67,    15.8419,  -161.67,    15.8419,    78.33,          0,     0.00, 5.37967E-006,    -6.25
Line.L_CEI_MT_5892,    15.8419,   138.33,    15.8419,    18.33,    15.8419,  -101.67,          0,     0.00, 5.38409E-006,   173.73,    15.8419,   -41.67,    15.8419,  -161.67,    15.8419,    78.33,          0,     0.00, 5.38252E-006,    -6.26
Line.L_CEI_MT_5893,    15.8419,   138.33,    15.8419,    18.33,    15.8419,  -101.67,          0,     0.00, 5.38448E-006,   173.78,    15.8419,   -41.67,    15.8419,  -161.67,    15.8419,    78.33,          0,     0.00, 5.38382E-006,    -6.20
Line.L_CEI_MT_5894,    15.8419,   138.33,    15.8419,    18.33,    15.8419,  -101.67,          0,     0.00, 5.3773E-006,   173.84,    15.8419,   -41.67,    15.8419,  -161.67,    15.8419,    78.33,          0,     0.00, 5.37627E-006,    -6.15
Line.L_CEI_MT_5895,    3.16838,   138.33,    3.16838,    18.33,    3.16838,  -101.67,          0,     0.00, 2.56494E-008,    -3.12,    3.16838,   -41.67,    3.16838,  -161.67,    3.16838,    78.33,          0,     0.00, 2.75804E-008,   168.31
Line.L_CEI_MT_5896,    4.75264,   138.33,    4.75264,    18.33,    4.75264,  -101.67,          0,     0.00, 3.24028E-008,     7.43,    4.75264,   -41.67,    4.75264,  -161.67,    4.75264,    78.33,          0,     0.00, 3.37604E-008,  -173.27
Line.L_CEI_MT_5897,    1.58421,   -41.67,    1.58421,  -161.67,    1.58421,    78.33,          0,     0.00, 1.48793E-008,  -159.86,    1.58421,   138.33,    1.58421,    18.33,    1.58421,  -101.67,          0,     0.00, 1.43753E-008,    24.90
Line.L_CEI_MT_5898,    3.16842,   138.33,    3.16842,    18.33,    3.16842,  -101.67,          0,     0.00, 2.24835E-008,    21.25,    3.16842,   -41.67,    3.16842,  -161.67,    3.16842,    78.33,          0,     0.00, 2.31195E-008,  -152.40
Line.L_CEI_MT_5899,    1.58421,   138.33,    1.58421,    18.33,    1.58421,  -101.67,          0,     0.00, 1.16787E-008,    -4.57,    1.58421,   -41.67,    1.58421,  -161.67,    1.58421,    78.33,          0,     0.00, 1.16508E-008,   177.71
Line.L_CEI_MT_590,    438.856,   138.32,    438.856,    18.32,    438.856,  -101.68,          0,     0.00, 0.000173975,   160.32,    438.856,   -41.68,    438.856,  -161.68,    438.856,    78.32,          0,     0.00, 0.000173974,   -19.68
Line.L_CEI_MT_5900,    1.58421,   138.33,    1.58421,    18.33,    1.58421,  -101.67,          0,     0.00, 1.55649E-008,    21.96,    1.58421,   -41.67,    1.58421,  -161.67,    1.58421,    78.33,          0,     0.00, 1.64636E-008,  -151.26
Line.L_CEI_MT_5901,    1.58421,   138.33,    1.58421,    18.33,    1.58421,  -101.67,          0,     0.00, 1.07203E-008,     2.49,    1.58421,   -41.67,    1.58421,  -161.67,    1.58421,    78.33,          0,     0.00, 9.78997E-009,  -177.27
Line.L_CEI_MT_5902,    4.75255,   138.33,    4.75255,    18.33,    4.75255,  -101.67,          0,     0.00, 2.26024E-006,   158.85,    4.75255,   -41.67,    4.75255,  -161.67,    4.75255,    78.33,          0,     0.00, 2.26399E-006,   -21.10
Line.L_CEI_MT_5903,    4.75255,   138.33,    4.75255,    18.33,    4.75255,  -101.67,          0,     0.00, 2.26015E-006,   158.83,    4.75255,   -41.67,    4.75255,  -161.67,    4.75255,    78.33,          0,     0.00, 2.26096E-006,   -21.09
Line.L_CEI_MT_5904,    4.75255,   138.33,    4.75255,    18.33,    4.75255,  -101.67,          0,     0.00, 4.96252E-008,    18.60,    4.75255,   -41.67,    4.75255,  -161.67,    4.75255,    78.33,          0,     0.00, 5.00342E-008,  -165.45
Line.L_CEI_MT_5905,    4.75255,   138.33,    4.75255,    18.33,    4.75255,  -101.67,          0,     0.00, 5.07912E-008,    -2.10,    4.75255,   -41.67,    4.75255,  -161.67,    4.75255,    78.33,          0,     0.00, 4.93623E-008,   179.46
Line.L_CEI_MT_5906,    3.16837,   138.33,    3.16837,    18.33,    3.16837,  -101.67,          0,     0.00, 3.48726E-008,     8.83,    3.16837,   -41.67,    3.16837,  -161.67,    3.16837,    78.33,          0,     0.00, 3.02823E-008,  -178.24
Line.L_CEI_MT_5907,    3.16837,   138.33,    3.16837,    18.33,    3.16837,  -101.67,          0,     0.00, 3.25963E-008,     0.00,    3.16837,   -41.67,    3.16837,  -161.67,    3.16837,    78.33,          0,     0.00, 3.13458E-008,   174.46
Line.L_CEI_MT_5908,     1.5842,   138.33,     1.5842,    18.33,     1.5842,  -101.67,          0,     0.00, 1.099E-008,    36.38,     1.5842,   -41.67,     1.5842,  -161.67,     1.5842,    78.33,          0,     0.00, 1.07632E-008,  -141.15
Line.L_CEI_MT_5909, 2.0825E-009,   116.57, 2.32831E-009,    53.13, 2.32831E-009,  -126.87,          0,     0.00, 2.0825E-009,   116.57, 2.50766E-009,   -68.20, 2.47502E-009,  -138.81, 3.35793E-009,    33.69,          0,     0.00, 2.80365E-009,   -48.37
Line.L_CEI_MT_591,    438.856,   138.32,    438.856,    18.32,    438.856,  -101.68,          0,     0.00, 0.000173978,   160.32,    438.856,   -41.68,    438.856,  -161.68,    438.856,    78.32,          0,     0.00, 0.000173979,   -19.68
Line.L_CEI_MT_5911,    7.92094,   138.33,    7.92094,    18.33,    7.92094,  -101.67,          0,     0.00, 6.40415E-008,    14.74,    7.92094,   -41.67,    7.92094,  -161.67,    7.92094,    78.33,          0,     0.00, 6.5279E-008,  -165.96
Line.L_CEI_MT_5912, 1.91997E-009,   -14.04, 1.39698E-009,    90.00, 1.39698E-009,     0.00,          0,     0.00, 3.39007E-009,    15.95, 9.59985E-010,  -165.96, 5.20625E-010,  -153.43, 1.91997E-009,   104.04,          0,     0.00, 2.32831E-009,   143.13
Line.L_CEI_MT_5913, 1.69503E-009,    74.05, 2.60313E-009,   100.30,          0,     0.00,          0,     0.00, 4.19095E-009,    90.00, 2.29312E-009,   -66.04, 4.06621E-009,   -23.63, 1.91997E-009,    75.96,          0,     0.00, 5.45043E-009,   -19.98
Line.L_CEI_MT_5914,          0,     0.00, 3.97861E-009,    20.56,          0,     0.00,          0,     0.00, 3.97861E-009,    20.56, 1.97563E-009,   -45.00, 2.33992E-009,  -174.29, 1.86265E-009,    90.00,          0,     0.00, 9.59985E-010,   165.96
Line.L_CEI_MT_5915, 4.97735E-009,   100.78, 8.89645E-009,     6.01, 9.72329E-009,  -106.70,          0,     0.00, 6.19959E-009,   -34.29, 6.53587E-009,   -85.91, 8.84756E-009,   180.00, 1.00307E-008,    68.20,          0,     0.00, 5.4305E-009,   149.04
Line.L_CEI_MT_5916, 8.58637E-009,    77.47, 9.77889E-009,     0.00, 1.04125E-008,  -116.57,          0,     0.00, 7.04673E-009,    -7.59, 9.86719E-009,  -109.29, 9.33938E-009,  -175.71, 1.2495E-008,    63.43,          0,     0.00, 7.08127E-009,   170.54
Line.L_CEI_MT_5917,    3.16837,   138.33,    3.16837,    18.33,    3.16837,  -101.67,          0,     0.00, 2.54202E-008,     8.43,    3.16837,   -41.67,    3.16837,  -161.67,    3.16837,    78.33,          0,     0.00, 2.51985E-008,  -176.29
Line.L_CEI_MT_5918,    3.96061,   138.33,    3.96061,    18.33,    3.96061,  -101.67,          0,     0.00, 2.99556E-008,     5.80,    3.96061,   -41.67,    3.96061,  -161.67,    3.96061,    78.33,          0,     0.00, 3.17812E-008,  -169.02
Line.L_CEI_MT_5919,    3.96061,   138.33,    3.96061,    18.33,    3.96061,  -101.67,          0,     0.00, 2.09754E-008,     2.54,    3.96061,   -41.67,    3.96061,  -161.67,    3.96061,    78.33,          0,     0.00, 2.30491E-008,   171.87
Line.L_CEI_MT_592,    438.856,   138.32,    438.856,    18.32,    438.856,  -101.68,          0,     0.00, 0.000173976,   160.32,    438.856,   -41.68,    438.856,  -161.68,    438.856,    78.32,          0,     0.00, 0.000173976,   -19.68
Line.L_CEI_MT_5920,    3.96061,   138.33,    3.96061,    18.33,    3.96061,  -101.67,          0,     0.00, 2.24775E-008,   -13.17,    3.96061,   -41.67,    3.96061,  -161.67,    3.96061,    78.33,          0,     0.00, 2.60521E-008,   155.73
Line.L_CEI_MT_5921,    3.96061,   138.33,    3.96061,    18.33,    3.96061,  -101.67,          0,     0.00, 1.77502E-008,    -4.51,    3.96061,   -41.67,    3.96061,  -161.67,    3.96061,    78.33,          0,     0.00, 1.77502E-008,   175.49
Line.L_CEI_MT_5922,    5.01677,   138.33,    5.01677,    18.33,    5.01677,  -101.67,          0,     0.00, 1.49671E-006,   174.25,    5.01677,   -41.67,    5.01677,  -161.67,    5.01677,    78.33,          0,     0.00, 1.50191E-006,    -5.59
Line.L_CEI_MT_5923,    5.01677,   138.33,    5.01677,    18.33,    5.01677,  -101.67,          0,     0.00, 1.49605E-006,   174.15,    5.01677,   -41.67,    5.01677,  -161.67,    5.01677,    78.33,          0,     0.00, 1.49806E-006,    -5.73
Line.L_CEI_MT_5924,    5.01677,   138.33,    5.01677,    18.33,    5.01677,  -101.67,          0,     0.00, 1.49784E-006,   174.54,    5.01677,   -41.67,    5.01677,  -161.67,    5.01677,    78.33,          0,     0.00, 1.50113E-006,    -5.46
Line.L_CEI_MT_5925,    11.0897,   -41.67,    11.0897,  -161.67,    11.0897,    78.33,          0,     0.00, 6.33509E-008,  -178.53,    11.0897,   138.33,    11.0897,    18.33,    11.0897,  -101.67,          0,     0.00, 6.4268E-008,    -0.83
Line.L_CEI_MT_5926,    11.0897,   138.33,    11.0897,    18.33,    11.0897,  -101.67,          0,     0.00, 5.96814E-008,     2.91,    11.0897,   -41.67,    11.0897,  -161.67,    11.0897,    78.33,          0,     0.00, 6.07148E-008,  -175.60
Line.L_CEI_MT_5927,    7.12908,   138.33,    7.12908,    18.33,    7.12908,  -101.67,          0,     0.00, 3.79507E-008,    -6.34,    7.12908,   -41.67,    7.12908,  -161.67,    7.12908,    78.33,          0,     0.00, 4.06435E-008,   175.40
Line.L_CEI_MT_592723,    3.96061,   138.33,    3.96061,    18.33,    3.96061,  -101.67,          0,     0.00, 2.92515E-008,    13.82,    3.96061,   -41.67,    3.96061,  -161.67,    3.96061,    78.33,          0,     0.00, 3.03574E-008,  -159.34
Line.L_CEI_MT_5928,     3.9606,   138.33,     3.9606,    18.33,     3.9606,  -101.67,          0,     0.00, 1.39776E-008,     1.91,     3.9606,   -41.67,     3.9606,  -161.67,     3.9606,    78.33,          0,     0.00, 1.55422E-008,  -171.38
Line.L_CEI_MT_5929,     3.9606,   138.33,     3.9606,    18.33,     3.9606,  -101.67,          0,     0.00, 1.20173E-008,   -54.46,     3.9606,   -41.67,     3.9606,  -161.67,     3.9606,    78.33,          0,     0.00, 1.27633E-008,   128.33
Line.L_CEI_MT_5930,     3.9606,   138.33,     3.9606,    18.33,     3.9606,  -101.67,          0,     0.00, 2.14508E-008,   -27.12,     3.9606,   -41.67,     3.9606,  -161.67,     3.9606,    78.33,          0,     0.00, 2.3002E-008,   148.24
Line.L_CEI_MT_5931,     3.9606,   138.33,     3.9606,    18.33,     3.9606,  -101.67,          0,     0.00, 2.48377E-008,     6.46,     3.9606,   -41.67,     3.9606,  -161.67,     3.9606,    78.33,          0,     0.00, 2.33575E-008,  -175.43
Line.L_CEI_MT_5932,     3.9606,   138.33,     3.9606,    18.33,     3.9606,  -101.67,          0,     0.00, 3.0443E-008,     6.15,     3.9606,   -41.67,     3.9606,  -161.67,     3.9606,    78.33,          0,     0.00, 2.64117E-008,  -170.87
Line.L_CEI_MT_5933,    11.0897,   -41.67,    11.0897,  -161.67,    11.0897,    78.33,          0,     0.00, 5.7855E-008,  -169.10,    11.0897,   138.33,    11.0897,    18.33,    11.0897,  -101.67,          0,     0.00, 5.83142E-008,     8.03
Line.L_CEI_MT_5934,    5.01677,   -41.67,    5.01677,  -161.67,    5.01677,    78.33,          0,     0.00, 3.46852E-006,    10.06,    5.01677,   138.33,    5.01677,    18.33,    5.01677,  -101.67,          0,     0.00, 3.47051E-006,  -169.88
Line.L_CEI_MT_5935,    16.1065,   138.33,    16.1065,    18.33,    16.1065,  -101.67,          0,     0.00, 7.28862E-006,  -165.45,    16.1065,   -41.67,    16.1065,  -161.67,    16.1065,    78.33,          0,     0.00, 7.29334E-006,    14.58
Line.L_CEI_MT_5936,    16.1065,   138.33,    16.1065,    18.33,    16.1065,  -101.67,          0,     0.00, 7.28902E-006,  -165.39,    16.1065,   -41.67,    16.1065,  -161.67,    16.1065,    78.33,          0,     0.00, 7.29192E-006,    14.62
Line.L_CEI_MT_5937,    17.6907,   138.33,    17.6907,    18.33,    17.6907,  -101.67,          0,     0.00, 9.88897E-006,  -164.30,    17.6907,   -41.67,    17.6907,  -161.67,    17.6907,    78.33,          0,     0.00, 9.88554E-006,    15.67
Line.L_CEI_MT_5938,    17.6907,   138.33,    17.6907,    18.33,    17.6907,  -101.67,          0,     0.00, 9.89633E-006,  -164.30,    17.6907,   -41.67,    17.6907,  -161.67,    17.6907,    78.33,          0,     0.00, 9.89581E-006,    15.71
Line.L_CEI_MT_5939,    17.6907,   138.33,    17.6907,    18.33,    17.6907,  -101.67,          0,     0.00, 9.88414E-006,  -164.34,    17.6907,   -41.67,    17.6907,  -161.67,    17.6907,    78.33,          0,     0.00, 9.88325E-006,    15.66
Line.L_CEI_MT_5940, 5.1434E-009,    84.81, 6.87541E-009,    28.30, 3.75428E-009,   -97.13,          0,     0.00, 7.63741E-009,    37.57, 7.45058E-009,   -90.00, 7.52299E-009,  -158.20, 2.32831E-009,    53.13,          0,     0.00, 1.00738E-008,  -123.69
Line.L_CEI_MT_5941, 4.52075E-009,   -78.11, 4.165E-009,  -153.43, 3.72529E-009,    90.00,          0,     0.00, 3.79021E-009,  -137.49, 2.32831E-009,   126.87, 2.32831E-009,    53.13, 3.97861E-009,   -69.44,          0,     0.00, 1.39698E-009,     0.00
Line.L_CEI_MT_5942, 1.16415E-009,   -36.87, 1.86265E-009,   180.00,          0,     0.00,          0,     0.00, 1.16415E-009,  -143.13, 1.67897E-009,  -146.31, 4.65661E-010,     0.00, 9.31323E-010,     0.00,          0,     0.00, 9.31323E-010,   -90.00
Line.L_CEI_MT_5943,    17.6907,   138.33,    17.6907,    18.33,    17.6907,  -101.67,          0,     0.00, 1.12639E-005,  -166.38,    17.6907,   -41.67,    17.6907,  -161.67,    17.6907,    78.33,          0,     0.00, 1.12647E-005,    13.64
Line.L_CEI_MT_5944,    17.6907,   138.33,    17.6907,    18.33,    17.6907,  -101.67,          0,     0.00, 1.12643E-005,  -166.41,    17.6907,   -41.67,    17.6907,  -161.67,    17.6907,    78.33,          0,     0.00, 1.12645E-005,    13.59
Line.L_CEI_MT_5945,    17.6907,   -41.67,    17.6907,  -161.67,    17.6907,    78.33,          0,     0.00, 1.12719E-005,    13.58,    17.6907,   138.33,    17.6907,    18.33,    17.6907,  -101.67,          0,     0.00, 1.12728E-005,  -166.40
Line.L_CEI_MT_75995A,    3.17369,   138.31,    3.17369,    18.31,    3.17369,  -101.69,          0,     0.00, 1.16816E-006,   168.25,    3.17369,   -41.69,    3.17369,  -161.69,    3.17369,    78.31,          0,     0.00, 1.17202E-006,   -11.66
Line.L_CEI_MT_458,     4.7636,   -41.69,     4.7636,  -161.69,     4.7636,    78.31,          0,     0.00, 2.84092E-008,  -179.06,     4.7636,   138.31,     4.7636,    18.31,     4.7636,  -101.69,          0,     0.00, 2.98759E-008,     4.02
Line.L_CEI_MT_459,     4.7636,   -41.69,     4.7636,  -161.69,     4.7636,    78.31,          0,     0.00, 3.29832E-008,  -166.94,     4.7636,   138.31,     4.7636,    18.31,     4.7636,  -101.69,          0,     0.00, 2.96016E-008,    19.29
Line.L_CEI_MT_460,    9.52613,   138.31,    9.52613,    18.31,    9.52613,  -101.69,          0,     0.00, 6.87683E-008,    18.56,    9.52613,   -41.69,    9.52613,  -161.69,    9.52613,    78.31,          0,     0.00, 7.09824E-008,  -160.85
Line.L_CEI_MT_462,    12.1723,   -41.69,    12.1723,  -161.69,    12.1723,    78.31,          0,     0.00, 9.2815E-007,   -14.35,    12.1723,   138.31,    12.1723,    18.31,    12.1723,  -101.69,          0,     0.00, 9.27029E-007,   165.57
Line.L_CEI_MT_463,    12.1723,   -41.69,    12.1723,  -161.69,    12.1723,    78.31,          0,     0.00, 9.29719E-007,   -14.15,    12.1723,   138.31,    12.1723,    18.31,    12.1723,  -101.69,          0,     0.00, 9.28937E-007,   165.69
Line.L_CEI_MT_464,    12.1723,   -41.69,    12.1723,  -161.69,    12.1723,    78.31,          0,     0.00, 9.32835E-007,   -14.32,    12.1723,   138.31,    12.1723,    18.31,    12.1723,  -101.69,          0,     0.00, 9.32441E-007,   165.66
Line.L_CEI_MT_465,    12.1723,   -41.69,    12.1723,  -161.69,    12.1723,    78.31,          0,     0.00, 9.30793E-007,   -14.18,    12.1723,   138.31,    12.1723,    18.31,    12.1723,  -101.69,          0,     0.00, 9.32994E-007,   165.87
Line.L_CEI_MT_466,    12.1723,   -41.69,    12.1723,  -161.69,    12.1723,    78.31,          0,     0.00, 9.37799E-007,   -14.24,    12.1723,   138.31,    12.1723,    18.31,    12.1723,  -101.69,          0,     0.00, 9.41245E-007,   165.74
Line.L_CEI_MT_467,    12.1723,   -41.69,    12.1723,  -161.69,    12.1723,    78.31,          0,     0.00, 3.50748E-006,    -3.13,    12.1723,   138.31,    12.1723,    18.31,    12.1723,  -101.69,          0,     0.00, 3.50612E-006,   176.86
Line.L_CEI_MT_6775,    16.6317,   -41.67,    16.6317,  -161.67,    16.6317,    78.33,          0,     0.00, 1.04698E-005,   -40.62,    16.6317,   138.33,    16.6317,    18.33,    16.6317,  -101.67,          0,     0.00, 1.04684E-005,   139.38
Line.L_CEI_MT_6776,    16.6317,   138.33,    16.6317,    18.33,    16.6317,  -101.67,          0,     0.00, 1.04793E-005,   139.39,    16.6317,   -41.67,    16.6317,  -161.67,    16.6317,    78.33,          0,     0.00, 1.04801E-005,   -40.60
Line.L_CEI_MT_6777,    16.6317,   138.33,    16.6317,    18.33,    16.6317,  -101.67,          0,     0.00, 1.048E-005,   139.37,    16.6317,   -41.67,    16.6317,  -161.67,    16.6317,    78.33,          0,     0.00, 1.04819E-005,   -40.65
Line.L_CEI_MT_678,    65.9413,   -41.70,    65.9413,  -161.70,    65.9413,    78.30,          0,     0.00, 2.40323E-005,   -18.78,    65.9413,   138.30,    65.9413,    18.30,    65.9413,  -101.70,          0,     0.00, 2.40317E-005,   161.22
Line.L_CEI_MT_679,     2.1188,   -41.70,     2.1188,  -161.70,     2.1188,    78.30,          0,     0.00, 1.30489E-008,  -164.48,     2.1188,   138.30,     2.1188,    18.30,     2.1188,  -101.70,          0,     0.00, 1.60569E-008,    16.86
Line.L_CEI_MT_681,    63.8225,   -41.70,    63.8225,  -161.70,    63.8225,    78.30,          0,     0.00, 2.40765E-005,   -20.96,    63.8225,   138.30,    63.8225,    18.30,    63.8225,  -101.70,          0,     0.00, 2.40748E-005,   159.05
Line.L_CEI_MT_682,    12.9775,   -41.70,    12.9775,  -161.70,    12.9775,    78.30,          0,     0.00, 6.88139E-006,   -21.09,    12.9775,   138.30,    12.9775,    18.30,    12.9775,  -101.70,          0,     0.00, 6.88062E-006,   158.92
Line.L_CEI_MT_683,    12.9775,   -41.70,    12.9775,  -161.70,    12.9775,    78.30,          0,     0.00, 6.87784E-006,   -21.03,    12.9775,   138.30,    12.9775,    18.30,    12.9775,  -101.70,          0,     0.00, 6.87991E-006,   158.97
Line.L_CEI_MT_684,    1.58909,   -41.70,    1.58909,  -161.70,    1.58909,    78.30,          0,     0.00, 9.77889E-009,   180.00,    1.58909,   138.30,    1.58909,    18.30,    1.58909,  -101.70,          0,     0.00, 9.82314E-009,     5.44
Line.L_CEI_MT_685,    1.58909,   138.30,    1.58909,    18.30,    1.58909,  -101.70,          0,     0.00, 1.10686E-008,   -14.62,    1.58909,   -41.70,    1.58909,  -161.70,    1.58909,    78.30,          0,     0.00, 1.07506E-008,   175.03
Line.L_CEI_MT_686,    11.3884,   -41.70,    11.3884,  -161.70,    11.3884,    78.30,          0,     0.00, 4.56993E-006,   -21.08,    11.3884,   138.30,    11.3884,    18.30,    11.3884,  -101.70,          0,     0.00, 4.57117E-006,   158.86
Line.L_CEI_MT_687,    11.3884,   138.30,    11.3884,    18.30,    11.3884,  -101.70,          0,     0.00, 4.56808E-006,   158.78,    11.3884,   -41.70,    11.3884,  -161.70,    11.3884,    78.30,          0,     0.00, 4.56229E-006,   -21.21
Line.L_CEI_MT_9159A,    79.3767,   -41.69,    79.3767,  -161.69,    79.3767,    78.31,          0,     0.00, 2.51425E-006,   -36.50,    79.3767,   138.31,    79.3767,    18.31,    79.3767,  -101.69,          0,     0.00, 2.51444E-006,   143.52
Line.L_CEI_MT_9188A,     4.7411,   -41.64,     4.7411,  -161.64,     4.7411,    78.36,          0,     0.00, 3.89962E-008,  -168.29,     4.7411,   138.36,     4.7411,    18.36,     4.7411,  -101.64,          0,     0.00, 3.95463E-008,     8.46
Line.L_CEI_MT_5946,    17.6907,   138.33,    17.6907,    18.33,    17.6907,  -101.67,          0,     0.00, 1.12716E-005,  -166.40,    17.6907,   -41.67,    17.6907,  -161.67,    17.6907,    78.33,          0,     0.00, 1.12697E-005,    13.59
Line.L_CEI_MT_5947,     19.275,   138.33,     19.275,    18.33,     19.275,  -101.67,          0,     0.00, 1.12564E-005,  -166.42,     19.275,   -41.67,     19.275,  -161.67,     19.275,    78.33,          0,     0.00, 1.1256E-005,    13.59
Line.L_CEI_MT_5948,     19.275,   138.33,     19.275,    18.33,     19.275,  -101.67,          0,     0.00, 1.12645E-005,  -166.43,     19.275,   -41.67,     19.275,  -161.67,     19.275,    78.33,          0,     0.00, 1.12663E-005,    13.57
Line.L_CEI_MT_5949,     19.275,   138.33,     19.275,    18.33,     19.275,  -101.67,          0,     0.00, 1.12543E-005,  -166.43,     19.275,   -41.67,     19.275,  -161.67,     19.275,    78.33,          0,     0.00, 1.12559E-005,    13.56
Line.L_CEI_MT_595,    429.325,   138.33,    429.325,    18.33,    429.325,  -101.67,          0,     0.00, 0.000171376,   160.64,    429.325,   -41.67,    429.325,  -161.67,    429.325,    78.33,          0,     0.00, 0.000171374,   -19.36
Line.L_CEI_MT_5950,    24.0279,   138.33,    24.0279,    18.33,    24.0279,  -101.67,          0,     0.00, 1.12208E-005,  -166.40,    24.0279,   -41.67,    24.0279,  -161.67,    24.0279,    78.33,          0,     0.00, 1.12171E-005,    13.62
Line.L_CEI_MT_595023,    4.75286,   138.33,    4.75286,    18.33,    4.75286,  -101.67,          0,     0.00, 3.29272E-008,     8.13,    4.75286,   -41.67,    4.75286,  -161.67,    4.75286,    78.33,          0,     0.00, 3.27158E-008,  -175.10
Line.L_CEI_MT_5951,    24.0279,   138.33,    24.0279,    18.33,    24.0279,  -101.67,          0,     0.00, 1.12172E-005,  -166.44,    24.0279,   -41.67,    24.0279,  -161.67,    24.0279,    78.33,          0,     0.00, 1.12153E-005,    13.56
Line.L_CEI_MT_5952,    24.0279,   138.33,    24.0279,    18.33,    24.0279,  -101.67,          0,     0.00, 1.1213E-005,  -166.42,    24.0279,   -41.67,    24.0279,  -161.67,    24.0279,    78.33,          0,     0.00, 1.12153E-005,    13.58
Line.L_CEI_MT_5955,    1.58428,   -41.67,    1.58428,  -161.67,    1.58428,    78.33,          0,     0.00, 1.51608E-008,  -169.38,    1.58428,   138.33,    1.58428,    18.33,    1.58428,  -101.67,          0,     0.00, 1.42465E-008,    11.31
Line.L_CEI_MT_5956,    1.58428,   -41.67,    1.58428,  -161.67,    1.58428,    78.33,          0,     0.00, 1.16787E-008,  -175.43,    1.58428,   138.33,    1.58428,    18.33,    1.58428,  -101.67,          0,     0.00, 1.23729E-008,    19.80
Line.L_CEI_MT_5957,    1.58428,   138.33,    1.58428,    18.33,    1.58428,  -101.67,          0,     0.00, 1.35762E-008,     5.91,    1.58428,   -41.67,    1.58428,  -161.67,    1.58428,    78.33,          0,     0.00, 1.1501E-008,  -158.63
Line.L_CEI_MT_5958,    3.16851,   138.33,    3.16851,    18.33,    3.16851,  -101.67,          0,     0.00, 3.1788E-008,    31.83,    3.16851,   -41.67,    3.16851,  -161.67,    3.16851,    78.33,          0,     0.00, 2.58264E-008,  -154.36
Line.L_CEI_MT_5959,    3.16851,   138.33,    3.16851,    18.33,    3.16851,  -101.67,          0,     0.00, 1.81847E-008,    13.32,    3.16851,   -41.67,    3.16851,  -161.67,    3.16851,    78.33,          0,     0.00, 1.7231E-008,  -179.23
Line.L_CEI_MT_596,    429.325,   138.33,    429.325,    18.33,    429.325,  -101.67,          0,     0.00, 0.000171376,   160.64,    429.325,   -41.67,    429.325,  -161.67,    429.325,    78.33,          0,     0.00, 0.000171373,   -19.36
Line.L_CEI_MT_5960,    1.58426,   -41.67,    1.58426,  -161.67,    1.58426,    78.33,          0,     0.00, 1.55788E-008,   170.54,    1.58426,   138.33,    1.58426,    18.33,    1.58426,  -101.67,          0,     0.00, 1.47989E-008,   -12.72
Line.L_CEI_MT_5961,    1.58426,   138.33,    1.58426,    18.33,    1.58426,  -101.67,          0,     0.00, 1.14182E-008,   -20.28,    1.58426,   -41.67,    1.58426,  -161.67,    1.58426,    78.33,          0,     0.00, 1.34398E-008,   165.96
Line.L_CEI_MT_5962,    1.58426,   -41.67,    1.58426,  -161.67,    1.58426,    78.33,          0,     0.00, 9.79274E-009,  -162.00,    1.58426,   138.33,    1.58426,    18.33,    1.58426,  -101.67,          0,     0.00, 1.00738E-008,    33.69
Line.L_CEI_MT_5963,    6.86596,   -41.67,    6.86595,  -161.67,    6.86596,    78.33,          0,     0.00, 4.57129E-006,   -20.75,    6.86596,   138.33,    6.86595,    18.33,    6.86596,  -101.67,          0,     0.00, 4.57276E-006,   159.25
Line.L_CEI_MT_5964,    6.86596,   -41.67,    6.86595,  -161.67,    6.86596,    78.33,          0,     0.00, 4.5784E-006,   -20.74,    6.86596,   138.33,    6.86595,    18.33,    6.86596,  -101.67,          0,     0.00, 4.57798E-006,   159.28
Line.L_CEI_MT_5965,    3.69705,   138.33,    3.69705,    18.33,    3.69705,  -101.67,          0,     0.00, 2.28261E-006,   159.45,    3.69705,   -41.67,    3.69705,  -161.67,    3.69705,    78.33,          0,     0.00, 2.28312E-006,   -20.55
Line.L_CEI_MT_5966,    1.58445,   -41.67,    1.58445,  -161.67,    1.58445,    78.33,          0,     0.00, 2.3064E-006,   -20.54,    1.58445,   138.33,    1.58445,    18.33,    1.58445,  -101.67,          0,     0.00, 2.30454E-006,   159.51
Line.L_CEI_MT_5967,     3.1689,   138.33,     3.1689,    18.33,     3.1689,  -101.67,          0,     0.00, 2.04109E-008,    11.18,     3.1689,   -41.67,     3.1689,  -161.67,     3.1689,    78.33,          0,     0.00, 2.09599E-008,  -178.73
Line.L_CEI_MT_5968,    1.58445,   -41.67,    1.58445,  -161.67,    1.58445,    78.33,          0,     0.00, 2.29397E-006,   -20.61,    1.58445,   138.33,    1.58445,    18.33,    1.58445,  -101.67,          0,     0.00, 2.29236E-006,   159.43
Line.L_CEI_MT_5969, 4.65661E-010,    90.00, 3.97861E-009,    20.56, 2.32831E-009,    53.13,          0,     0.00, 6.33368E-009,    36.03, 1.04125E-009,   -63.43, 8.39483E-010,  -123.69, 2.0825E-009,  -116.57,          0,     0.00, 3.6145E-009,  -104.93
Line.L_CEI_MT_597,    429.325,   138.33,    429.325,    18.33,    429.325,  -101.67,          0,     0.00, 0.000171387,   160.64,    429.325,   -41.67,    429.325,  -161.67,    429.325,    78.33,          0,     0.00, 0.000171387,   -19.36
Line.L_CEI_MT_5970,    1.58445,   -41.67,    1.58445,  -161.67,    1.58445,    78.33,          0,     0.00, 7.00042E-009,   176.19,    1.58445,   138.33,    1.58445,    18.33,    1.58445,  -101.67,          0,     0.00, 9.3857E-009,     7.13
Line.L_CEI_MT_5972,    1.58501,   138.33,    1.58501,    18.33,    1.58501,  -101.67,          0,     0.00, 1.48058E-006,   147.99,    1.58501,   -41.67,    1.58501,  -161.67,    1.58501,    78.33,          0,     0.00, 1.48157E-006,   -32.07
Line.L_CEI_MT_5973,    1.58501,   -41.67,    1.58501,  -161.67,    1.58501,    78.33,          0,     0.00, 1.48053E-006,   -32.08,    1.58501,   138.33,    1.58501,    18.33,    1.58501,  -101.67,          0,     0.00, 1.48181E-006,   147.91
Line.L_CEI_MT_5974,    2.11335,   138.33,    2.11335,    18.33,    2.11335,  -101.67,          0,     0.00, 1.88693E-008,    15.75,    2.11335,   -41.67,    2.11335,  -161.67,    2.11335,    78.33,          0,     0.00, 1.84216E-008,  -159.27
Line.L_CEI_MT_5975,    2.11335,   -41.67,    2.11335,  -161.67,    2.11335,    78.33,          0,     0.00, 9.59985E-009,   165.96,    2.11335,   138.33,    2.11335,    18.33,    2.11335,  -101.67,          0,     0.00, 9.27824E-009,   -17.53
Line.L_CEI_MT_5976,    3.69837,   -41.67,    3.69836,  -161.67,    3.69837,    78.33,          0,     0.00, 2.40518E-006,   -25.16,    3.69837,   138.33,    3.69836,    18.33,    3.69837,  -101.67,          0,     0.00, 2.40731E-006,   154.89
Line.L_CEI_MT_5977,    3.69837,   -41.67,    3.69836,  -161.67,    3.69837,    78.33,          0,     0.00, 2.40486E-006,   -25.07,    3.69837,   138.33,    3.69836,    18.33,    3.69837,  -101.67,          0,     0.00, 2.40773E-006,   154.89
Line.L_CEI_MT_5978,    3.17003,   138.32,    3.17003,    18.32,    3.17003,  -101.68,          0,     0.00, 2.63418E-008,     8.13,    3.17003,   -41.68,    3.17003,  -161.68,    3.17003,    78.32,          0,     0.00, 2.66446E-008,  -174.99
Line.L_CEI_MT_5979,     6.8684,   -41.67,    6.86839,  -161.67,     6.8684,    78.33,          0,     0.00, 3.12166E-006,     6.77,     6.8684,   138.33,    6.86839,    18.33,     6.8684,  -101.67,          0,     0.00, 3.12401E-006,  -173.16
Line.L_CEI_MT_598,    429.325,   138.33,    429.325,    18.33,    429.325,  -101.67,          0,     0.00, 0.00017139,   160.64,    429.325,   -41.67,    429.325,  -161.67,    429.325,    78.33,          0,     0.00, 0.000171389,   -19.36
Line.L_CEI_MT_5980,     6.8684,   -41.67,    6.86839,  -161.67,     6.8684,    78.33,          0,     0.00, 3.11633E-006,     6.81,     6.8684,   138.33,    6.86839,    18.33,     6.8684,  -101.67,          0,     0.00, 3.12213E-006,  -173.16
Line.L_CEI_MT_5981,    2.11336,   138.32,    2.11336,    18.32,    2.11336,  -101.68,          0,     0.00, 1.16508E-008,    -2.29,    2.11336,   -41.68,    2.11336,  -161.68,    2.11336,    78.32,          0,     0.00, 1.41396E-008,  -162.76
Line.L_CEI_MT_5982,    8.98176,   -41.67,    8.98175,  -161.67,    8.98175,    78.33,          0,     0.00, 5.66495E-006,     9.23,    8.98176,   138.33,    8.98175,    18.33,    8.98175,  -101.67,          0,     0.00, 5.66333E-006,  -170.76
Line.L_CEI_MT_5983,    8.98176,   -41.67,    8.98175,  -161.67,    8.98175,    78.33,          0,     0.00, 5.66966E-006,     9.23,    8.98176,   138.33,    8.98175,    18.33,    8.98175,  -101.67,          0,     0.00, 5.66843E-006,  -170.76
Line.L_CEI_MT_5984,    8.98176,   -41.67,    8.98175,  -161.67,    8.98175,    78.33,          0,     0.00, 5.66774E-006,     9.22,    8.98176,   138.33,    8.98175,    18.33,    8.98175,  -101.67,          0,     0.00, 5.66732E-006,  -170.77
Line.L_CEI_MT_5985,    10.5668,   -41.67,    10.5668,  -161.68,    10.5668,    78.32,          0,     0.00, 5.65153E-006,     9.18,    10.5668,   138.33,    10.5668,    18.32,    10.5668,  -101.68,          0,     0.00,  5.65E-006,  -170.82
Line.L_CEI_MT_5986,    10.5668,   -41.67,    10.5668,  -161.68,    10.5668,    78.32,          0,     0.00, 5.65695E-006,     9.23,    10.5668,   138.33,    10.5668,    18.32,    10.5668,  -101.68,          0,     0.00, 5.65674E-006,  -170.82
Line.L_CEI_MT_5987,    10.5668,   -41.67,    10.5668,  -161.68,    10.5668,    78.32,          0,     0.00, 5.65665E-006,     9.21,    10.5668,   138.33,    10.5668,    18.32,    10.5668,  -101.68,          0,     0.00, 5.65624E-006,  -170.73
Line.L_CEI_MT_5988,    10.5668,   -41.67,    10.5668,  -161.68,    10.5668,    78.32,          0,     0.00, 5.66179E-006,     9.18,    10.5668,   138.33,    10.5668,    18.32,    10.5668,  -101.68,          0,     0.00, 5.66031E-006,  -170.77
Line.L_CEI_MT_5989,    10.5668,   -41.67,    10.5668,  -161.68,    10.5668,    78.32,          0,     0.00, 5.65716E-006,     9.27,    10.5668,   138.33,    10.5668,    18.32,    10.5668,  -101.68,          0,     0.00, 5.65887E-006,  -170.68
Line.L_CEI_MT_599,    429.325,   138.33,    429.325,    18.33,    429.325,  -101.67,          0,     0.00, 0.000171383,   160.64,    429.325,   -41.67,    429.325,  -161.67,    429.325,    78.33,          0,     0.00, 0.00017138,   -19.36
Line.L_CEI_MT_5990,     2.1134,   -41.68,     2.1134,  -161.68,     2.1134,    78.32,          0,     0.00, 1.26073E-008,  -175.76,     2.1134,   138.32,     2.1134,    18.32,     2.1134,  -101.68,          0,     0.00, 1.18721E-008,    25.56
Line.L_CEI_MT_59984A,    7.94227,   138.30,    7.94227,    18.30,    7.94227,  -101.70,          0,     0.00, 5.16968E-008,     7.77,    7.94227,   -41.70,    7.94227,  -161.70,    7.94227,    78.30,          0,     0.00, 5.39786E-008,  -169.56
Line.L_CEI_MT_600,    429.325,   138.33,    429.325,    18.33,    429.325,  -101.67,          0,     0.00, 0.000171377,   160.64,    429.325,   -41.67,    429.325,  -161.67,    429.325,    78.33,          0,     0.00, 0.000171381,   -19.36
Line.L_CEI_MT_601,    429.325,   138.33,    429.325,    18.33,    429.325,  -101.67,          0,     0.00, 0.000171382,   160.64,    429.325,   -41.67,    429.325,  -161.67,    429.325,    78.33,          0,     0.00, 0.000171382,   -19.36
Line.L_CEI_MT_6019,    79.3767,   -41.69,    79.3767,  -161.69,    79.3767,    78.31,          0,     0.00, 1.39898E-006,  -106.34,    79.3767,   138.31,    79.3767,    18.31,    79.3767,  -101.69,          0,     0.00, 1.39932E-006,    73.55
Line.L_CEI_MT_602,    429.325,   138.33,    429.325,    18.33,    429.325,  -101.67,          0,     0.00, 0.000171381,   160.64,    429.325,   -41.67,    429.325,  -161.67,    429.325,    78.33,          0,     0.00, 0.00017138,   -19.36
Line.L_CEI_MT_6021,    63.5003,   -41.69,    63.5003,  -161.69,    63.5003,    78.31,          0,     0.00, 1.64832E-006,  -160.96,    63.5003,   138.31,    63.5003,    18.31,    63.5003,  -101.69,          0,     0.00, 1.65038E-006,    19.05
Line.L_CEI_MT_60241A,    12.6902,   138.32,    12.6902,    18.32,    12.6902,  -101.68,          0,     0.00, 3.06563E-006,   140.62,    12.6902,   -41.68,    12.6902,  -161.68,    12.6902,    78.32,          0,     0.00, 3.0677E-006,   -39.42
Line.L_CEI_MT_6025,    2.64378,   -41.68,    2.64378,  -161.68,    2.64378,    78.32,          0,     0.00, 1.64389E-008,  -164.39,    2.64378,   138.32,    2.64378,    18.32,    2.64378,  -101.68,          0,     0.00, 1.97193E-008,    22.93
Line.L_CEI_MT_603,    429.325,   138.33,    429.325,    18.33,    429.325,  -101.67,          0,     0.00, 0.000171375,   160.65,    429.325,   -41.67,    429.325,  -161.67,    429.325,    78.33,          0,     0.00, 0.000171376,   -19.35
Line.L_CEI_MT_60318,    1.05752,   138.32,    1.05752,    18.32,    1.05752,  -101.68,          0,     0.00, 5.58794E-009,     0.00,    1.05752,   -41.68,    1.05752,  -161.68,    1.05752,    78.32,          0,     0.00, 6.78013E-009,  -164.05
Line.L_CEI_MT_604,    29.1081,   -41.69,     29.108,  -161.69,     29.108,    78.31,          0,     0.00, 1.94755E-005,   -25.45,    29.1081,   138.31,     29.108,    18.31,     29.108,  -101.69,          0,     0.00, 1.94769E-005,   154.55
Line.L_CEI_MT_6045,    15.8746,   138.31,    15.8746,    18.31,    15.8746,  -101.69,          0,     0.00, 1.33502E-006,    20.52,    15.8746,   -41.69,    15.8746,  -161.69,    15.8746,    78.31,          0,     0.00, 1.33919E-006,  -159.34
Line.L_CEI_MT_6048,    7.93729,   138.31,    7.93729,    18.31,    7.93729,  -101.69,          0,     0.00, 4.84512E-008,    13.90,    7.93729,   -41.69,    7.93729,  -161.69,    7.93729,    78.31,          0,     0.00, 5.31956E-008,  -166.33
Line.L_CEI_MT_6049,    1.58684,   138.31,    1.58684,    18.31,    1.58684,  -101.69,          0,     0.00, 1.10907E-008,    50.96,    1.58684,   -41.69,    1.58684,  -161.69,    1.58684,    78.31,          0,     0.00, 9.96559E-009,  -142.59
Line.L_CEI_MT_605,    27.5203,   -41.69,    27.5203,  -161.69,    27.5203,    78.31,          0,     0.00, 1.82228E-005,   -28.00,    27.5203,   138.31,    27.5203,    18.31,    27.5203,  -101.69,          0,     0.00, 1.82217E-005,   152.00
Line.L_CEI_MT_6050,    5.28948,   138.31,    5.28948,    18.31,    5.28948,  -101.69,          0,     0.00, 3.44541E-006,   162.41,    5.28948,   -41.69,    5.28948,  -161.69,    5.28948,    78.31,          0,     0.00, 3.44349E-006,   -17.59
Line.L_CEI_MT_6051,    5.28948,   138.31,    5.28948,    18.31,    5.28948,  -101.69,          0,     0.00, 3.45212E-006,   162.34,    5.28948,   -41.69,    5.28948,  -161.69,    5.28948,    78.31,          0,     0.00, 3.44616E-006,   -17.66
Line.L_CEI_MT_6052,    3.17369,   138.31,    3.17369,    18.31,    3.17369,  -101.69,          0,     0.00, 3.46499E-006,   162.41,    3.17369,   -41.69,    3.17369,  -161.69,    3.17369,    78.31,          0,     0.00, 3.46574E-006,   -17.58
Line.L_CEI_MT_6053,    3.17369,   138.31,    3.17369,    18.31,    3.17369,  -101.69,          0,     0.00, 3.46859E-006,   162.40,    3.17369,   -41.69,    3.17369,  -161.69,    3.17369,    78.31,          0,     0.00, 3.46959E-006,   -17.55
Line.L_CEI_MT_60534A, 2.71525E-009,   -59.04, 2.80365E-009,  -175.24, 4.65661E-010,     0.00,          0,     0.00, 2.72521E-009,  -109.98, 1.86265E-009,   180.00, 2.33992E-009,     5.71, 2.63418E-009,    45.00,          0,     0.00, 3.13242E-009,    41.99
Line.L_CEI_MT_6054,    2.10665,   -41.64,    2.10665,  -161.64,    2.10665,    78.36,          0,     0.00, 1.45552E-008,  -172.65,    2.10665,   138.36,    2.10665,    18.36,    2.10665,  -101.64,          0,     0.00, 1.5894E-008,     5.04
Line.L_CEI_MT_6055,    2.10665,   -41.64,    2.10665,  -161.64,    2.10665,    78.36,          0,     0.00, 1.45552E-008,  -172.65,    2.10665,   138.36,    2.10665,    18.36,    2.10665,  -101.64,          0,     0.00, 1.5894E-008,     5.04
Line.L_CEI_MT_6056,     4.2133,   -41.64,     4.2133,  -161.64,     4.2133,    78.36,          0,     0.00, 1.1602E-006,   -50.88,     4.2133,   138.36,     4.2133,    18.36,     4.2133,  -101.64,          0,     0.00, 1.15939E-006,   129.03
Line.L_CEI_MT_6057,    4.73997,   -41.64,    4.73997,  -161.64,    4.73997,    78.36,          0,     0.00, 3.77301E-008,  -178.59,    4.73997,   138.36,    4.73997,    18.36,    4.73997,  -101.64,          0,     0.00, 3.95839E-008,    -0.67
Line.L_CEI_MT_6058,    125.348,   138.36,    125.348,    18.36,    125.348,  -101.64,          0,     0.00, 4.07457E-005,   161.33,    125.348,   -41.64,    125.348,  -161.64,    125.348,    78.36,          0,     0.00, 4.07443E-005,   -18.66
Line.L_CEI_MT_6059,    125.348,   -41.64,    125.348,  -161.64,    125.348,    78.36,          0,     0.00, 4.07497E-005,   -18.65,    125.348,   138.36,    125.348,    18.36,    125.348,  -101.64,          0,     0.00, 4.07511E-005,   161.35
Line.L_CEI_MT_606,    27.5203,   -41.69,    27.5203,  -161.69,    27.5203,    78.31,          0,     0.00, 1.82185E-005,   -27.96,    27.5203,   138.31,    27.5203,    18.31,    27.5203,  -101.69,          0,     0.00, 1.82196E-005,   152.04
Line.L_CEI_MT_6060,    106.387,   -41.64,    106.387,  -161.64,    106.387,    78.36,          0,     0.00, 3.19963E-005,   -16.32,    106.387,   138.36,    106.387,    18.36,    106.387,  -101.64,          0,     0.00, 3.19946E-005,   163.69
Line.L_CEI_MT_6061,    54.2469,   138.36,    54.2469,    18.36,    54.2469,  -101.64,          0,     0.00, 1.03766E-005,   158.41,    54.2469,   -41.64,    54.2469,  -161.64,    54.2469,    78.36,          0,     0.00, 1.03795E-005,   -21.61
Line.L_CEI_MT_6062,    54.2469,   -41.64,    54.2469,  -161.64,    54.2469,    78.36,          0,     0.00, 1.0373E-005,   -21.61,    54.2469,   138.36,    54.2469,    18.36,    54.2469,  -101.64,          0,     0.00, 1.03731E-005,   158.41
Line.L_CEI_MT_6063,    1.58005,   -41.64,    1.58005,  -161.64,    1.58005,    78.36,          0,     0.00, 1.02445E-008,   180.00,    1.58005,   138.36,    1.58005,    18.36,    1.58005,  -101.64,          0,     0.00, 9.9547E-009,    10.78
Line.L_CEI_MT_6064,    52.6669,   -41.64,    52.6669,  -161.64,    52.6669,    78.36,          0,     0.00, 8.08862E-006,   -21.93,    52.6669,   138.36,    52.6669,    18.36,    52.6669,  -101.64,          0,     0.00, 8.08741E-006,   158.07
Line.L_CEI_MT_6065,     7.9002,   138.36,     7.9002,    18.36,     7.9002,  -101.64,          0,     0.00, 6.43978E-008,    12.53,     7.9002,   -41.64,     7.9002,  -161.64,     7.9002,    78.36,          0,     0.00, 6.43978E-008,  -167.47
Line.L_CEI_MT_6066,    44.7667,   -41.64,    44.7667,  -161.64,    44.7667,    78.36,          0,     0.00, 5.83026E-006,   -22.17,    44.7667,   138.36,    44.7667,    18.36,    44.7667,  -101.64,          0,     0.00, 5.82774E-006,   157.86
Line.L_CEI_MT_6067,    44.7667,   138.36,    44.7667,    18.36,    44.7667,  -101.64,          0,     0.00, 4.37141E-006,   161.09,    44.7667,   -41.64,    44.7667,  -161.64,    44.7667,    78.36,          0,     0.00, 4.37085E-006,   -18.94
Line.L_CEI_MT_6068,    44.7667,   138.36,    44.7667,    18.36,    44.7667,  -101.64,          0,     0.00, 4.37883E-006,   161.13,    44.7667,   -41.64,    44.7667,  -161.64,    44.7667,    78.36,          0,     0.00, 4.38156E-006,   -18.88
Line.L_CEI_MT_6069,    10.0067,   -41.64,    10.0067,  -161.64,    10.0067,    78.36,          0,     0.00, 2.24697E-006,   -21.58,    10.0067,   138.36,    10.0067,    18.36,    10.0067,  -101.64,          0,     0.00, 2.24378E-006,   158.46
Line.L_CEI_MT_607,    27.5203,   -41.69,    27.5203,  -161.69,    27.5203,    78.31,          0,     0.00, 1.8216E-005,   -27.98,    27.5203,   138.31,    27.5203,    18.31,    27.5203,  -101.69,          0,     0.00, 1.82207E-005,   152.03
Line.L_CEI_MT_6070,    10.0067,   -41.64,    10.0067,  -161.64,    10.0067,    78.36,          0,     0.00, 2.24125E-006,   -21.67,    10.0067,   138.36,    10.0067,    18.36,    10.0067,  -101.64,          0,     0.00, 2.23945E-006,   158.42
Line.L_CEI_MT_6071,    7.90007,   -41.64,    7.90007,  -161.64,    7.90007,    78.36,          0,     0.00, 6.40195E-008,  -169.10,    7.90007,   138.36,    7.90007,    18.36,    7.90007,  -101.64,          0,     0.00, 6.21344E-008,     8.40
Line.L_CEI_MT_6072,    2.10668,   -41.64,    2.10668,  -161.64,    2.10668,    78.36,          0,     0.00, 1.72247E-008,  -166.72,    2.10668,   138.36,    2.10668,    18.36,    2.10668,  -101.64,          0,     0.00, 1.40008E-008,    -3.81
Line.L_CEI_MT_6073,    2.10668,   -41.64,    2.10668,  -161.64,    2.10668,    78.36,          0,     0.00, 2.12833E-008,  -169.92,    2.10668,   138.36,    2.10668,    18.36,    2.10668,  -101.64,          0,     0.00, 2.14407E-008,     2.49
Line.L_CEI_MT_6074,    2.10668,   -41.64,    2.10668,  -161.64,    2.10668,    78.36,          0,     0.00, 1.39543E-008,  -154.29,    2.10668,   138.36,    2.10668,    18.36,    2.10668,  -101.64,          0,     0.00, 1.40935E-008,     7.59
Line.L_CEI_MT_6075,    34.7599,   138.36,    34.7599,    18.36,    34.7599,  -101.64,          0,     0.00, 2.1392E-006,   164.09,    34.7599,   -41.64,    34.7599,  -161.64,    34.7599,    78.36,          0,     0.00, 2.13913E-006,   -15.95
Line.L_CEI_MT_6076,    33.1799,   -41.64,    33.1799,  -161.64,    33.1799,    78.36,          0,     0.00, 2.15564E-006,   -15.77,    33.1799,   138.36,    33.1799,    18.36,    33.1799,  -101.64,          0,     0.00, 2.15526E-006,   164.27
Line.L_CEI_MT_607620,    7.90002,   -41.64,    7.90002,  -161.64,    7.90002,    78.36,          0,     0.00, 6.48361E-008,  -172.36,    7.90002,   138.36,    7.90002,    18.36,    7.90002,  -101.64,          0,     0.00, 6.68431E-008,     8.41
Line.L_CEI_MT_607658,    7.90002,   -41.64,    7.90002,  -161.64,    7.90002,    78.36,          0,     0.00, 6.09163E-008,  -168.09,    7.90002,   138.36,    7.90002,    18.36,    7.90002,  -101.64,          0,     0.00, 6.26864E-008,    13.31
Line.L_CEI_MT_6077,    4.74002,   -41.64,    4.74002,  -161.64,    4.74002,    78.36,          0,     0.00, 3.54668E-008,  -176.24,    4.74002,   138.36,    4.74002,    18.36,    4.74002,  -101.64,          0,     0.00, 3.54178E-008,     2.26
Line.L_CEI_MT_6078,    20.5399,   138.36,    20.5399,    18.36,    20.5399,  -101.64,          0,     0.00, 4.53902E-007,    95.95,    20.5399,   -41.64,    20.5399,  -161.64,    20.5399,    78.36,          0,     0.00, 4.54483E-007,   -83.65
Line.L_CEI_MT_6079,    20.5399,   -41.64,    20.5399,  -161.64,    20.5399,    78.36,          0,     0.00, 4.44678E-007,   -84.17,    20.5399,   138.36,    20.5399,    18.36,    20.5399,  -101.64,          0,     0.00, 4.46677E-007,    95.38
Line.L_CEI_MT_6080,    20.5399,   -41.64,    20.5399,  -161.64,    20.5399,    78.36,          0,     0.00, 1.17077E-006,   -31.27,    20.5399,   138.36,    20.5399,    18.36,    20.5399,  -101.64,          0,     0.00, 1.16984E-006,   148.54
Line.L_CEI_MT_6081,    3.15999,   -41.64,    3.15999,  -161.64,    3.15999,    78.36,          0,     0.00, 2.55732E-008,  -169.51,    3.15999,   138.36,    3.15999,    18.36,    3.15999,  -101.64,          0,     0.00, 2.66253E-008,     4.51
Line.L_CEI_MT_76810A,    71.4385,   138.31,    71.4385,    18.31,    71.4385,  -101.69,          0,     0.00, 1.37709E-006,    75.65,    71.4385,   -41.69,    71.4385,  -161.69,    71.4385,    78.31,          0,     0.00, 1.37561E-006,  -104.27
Line.L_CEI_MT_77028A,    18.5065,   138.32,    18.5065,    18.32,    18.5065,  -101.68,          0,     0.00, 5.35295E-006,   158.96,    18.5065,   -41.68,    18.5065,  -161.68,    18.5065,    78.32,          0,     0.00, 5.35369E-006,   -21.07
Line.L_CEI_MT_77383A,    1.05851,   -41.69,    1.05851,  -161.69,    1.05851,    78.31,          0,     0.00, 1.02127E-008,  -155.77,    1.05851,   138.31,    1.05851,    18.31,    1.05851,  -101.69,          0,     0.00, 7.12705E-009,    38.37
Line.L_CEI_MT_69068A,    3.16052,   -41.64,    3.16052,  -161.64,    3.16052,    78.36,          0,     0.00, 2.71205E-008,   164.05,    3.16052,   138.36,    3.16052,    18.36,    3.16052,  -101.64,          0,     0.00, 2.60646E-008,   -18.76
Line.L_CEI_MT_468,    12.1723,   -41.69,    12.1723,  -161.69,    12.1723,    78.31,          0,     0.00, 3.50807E-006,    -3.03,    12.1723,   138.31,    12.1723,    18.31,    12.1723,  -101.69,          0,     0.00, 3.50733E-006,   176.91
Line.L_CEI_MT_469,    12.1723,   138.31,    12.1723,    18.31,    12.1723,  -101.69,          0,     0.00, 3.51092E-006,   176.81,    12.1723,   -41.69,    12.1723,  -161.69,    12.1723,    78.31,          0,     0.00, 3.50661E-006,    -3.15
Line.L_CEI_MT_46996A, 1.47255E-009,   161.57, 4.74883E-009,    11.31, 2.0825E-009,   -63.43,          0,     0.00, 4.21674E-009,    -6.34, 1.04125E-009,   -63.43, 3.25963E-009,   180.00, 3.72529E-009,    90.00,          0,     0.00, 3.95127E-009,   135.00
Line.L_CEI_MT_470,     15.877,   -41.69,     15.877,  -161.69,     15.877,    78.31,          0,     0.00, 1.125E-007,  -170.11,     15.877,   138.31,     15.877,    18.31,     15.877,  -101.69,          0,     0.00, 1.08543E-007,    10.76
Line.L_CEI_MT_471,     15.877,   -41.69,     15.877,  -161.69,     15.877,    78.31,          0,     0.00, 1.08273E-007,  -173.46,     15.877,   138.31,     15.877,    18.31,     15.877,  -101.69,          0,     0.00, 1.11004E-007,     9.66
Line.L_CEI_MT_472,     15.877,   138.31,     15.877,    18.31,     15.877,  -101.69,          0,     0.00, 1.09129E-007,     9.70,     15.877,   -41.69,     15.877,  -161.69,     15.877,    78.31,          0,     0.00, 1.10248E-007,  -169.78
Line.L_CEI_MT_473,    7.93848,   138.31,    7.93848,    18.31,    7.93848,  -101.69,          0,     0.00, 6.05306E-008,     7.07,    7.93848,   -41.69,    7.93848,  -161.69,    7.93848,    78.31,          0,     0.00, 6.18629E-008,  -173.52
Line.L_CEI_MT_474,    7.93848,   138.31,    7.93848,    18.31,    7.93848,  -101.69,          0,     0.00, 5.30205E-008,    10.37,    7.93848,   -41.69,    7.93848,  -161.69,    7.93848,    78.31,          0,     0.00, 5.43549E-008,  -170.13
Line.L_CEI_MT_475,    7.93848,   138.31,    7.93848,    18.31,    7.93848,  -101.69,          0,     0.00, 5.78869E-008,    13.25,    7.93848,   -41.69,    7.93848,  -161.69,    7.93848,    78.31,          0,     0.00, 6.12482E-008,  -171.25
Line.L_CEI_MT_476,    7.93848,   138.31,    7.93848,    18.31,    7.93848,  -101.69,          0,     0.00, 5.52569E-008,    12.16,    7.93848,   -41.69,    7.93848,  -161.69,    7.93848,    78.31,          0,     0.00, 5.44366E-008,  -169.65
Line.L_CEI_MT_477, 8.78522E-007,    23.13, 1.43993E-006,   -37.14, 9.98561E-007,  -102.20,          0,     0.00, 2.3012E-006,   -40.69, 8.795E-007,  -156.80, 1.44254E-006,   142.85, 1.00068E-006,    77.75,          0,     0.00, 2.30342E-006,   139.28
Line.L_CEI_MT_5068,    1401.54,   -41.67,    1401.54,  -161.67,    1401.54,    78.33,          0,     0.00, 0.000514515,   -18.90,    1401.54,   138.33,    1401.54,    18.33,    1401.54,  -101.67,          0,     0.00, 0.000514511,   161.10
Line.L_CEI_MT_92726A,    12.6902,   -41.68,    12.6902,  -161.68,    12.6902,    78.32,          0,     0.00, 3.06779E-006,   -39.53,    12.6902,   138.32,    12.6902,    18.32,    12.6902,  -101.68,          0,     0.00, 3.06499E-006,   140.50
Line.L_CEI_MT_92726B,    12.6902,   -41.68,    12.6902,  -161.68,    12.6902,    78.32,          0,     0.00, 3.0692E-006,   -39.48,    12.6902,   138.32,    12.6902,    18.32,    12.6902,  -101.68,          0,     0.00, 3.06925E-006,   140.46
Line.L_CEI_MT_6082,    17.3799,   138.36,    17.3799,    18.36,    17.3799,  -101.64,          0,     0.00, 8.50287E-007,  -153.56,    17.3799,   -41.64,    17.3799,  -161.64,    17.3799,    78.36,          0,     0.00, 8.47788E-007,    26.45
Line.L_CEI_MT_6083,    12.6399,   -41.64,    12.6399,  -161.64,    12.6399,    78.36,          0,     0.00, 8.88858E-007,    25.97,    12.6399,   138.36,    12.6399,    18.36,    12.6399,  -101.64,          0,     0.00, 8.92222E-007,  -154.20
Line.L_CEI_MT_6084,    7.89993,   -41.64,    7.89993,  -161.64,    7.89993,    78.36,          0,     0.00, 6.4094E-008,  -159.59,    7.89993,   138.36,    7.89993,    18.36,    7.89993,  -101.64,          0,     0.00, 6.5485E-008,    20.17
Line.L_CEI_MT_6085,    7.89993,   -41.64,    7.89993,  -161.64,    7.89993,    78.36,          0,     0.00, 6.07184E-008,  -171.62,    7.89993,   138.36,    7.89993,    18.36,    7.89993,  -101.64,          0,     0.00, 6.03279E-008,     8.88
Line.L_CEI_MT_6087,    8.95327,   138.36,    8.95327,    18.36,    8.95327,  -101.64,          0,     0.00, 3.33089E-006,   148.96,    8.95327,   -41.64,    8.95327,  -161.64,    8.95327,    78.36,          0,     0.00, 3.33241E-006,   -31.00
Line.L_CEI_MT_6088,    8.95327,   138.36,    8.95327,    18.36,    8.95327,  -101.64,          0,     0.00, 3.33042E-006,   148.93,    8.95327,   -41.64,    8.95327,  -161.64,    8.95327,    78.36,          0,     0.00, 3.3307E-006,   -31.06
Line.L_CEI_MT_6089,    18.9599,   138.36,    18.9599,    18.36,    18.9599,  -101.64,          0,     0.00, 3.46385E-006,   156.18,    18.9599,   -41.64,    18.9599,  -161.64,    18.9599,    78.36,          0,     0.00, 3.46479E-006,   -23.85
Line.L_CEI_MT_609,    24.3448,   -41.69,    24.3448,  -161.69,    24.3448,    78.31,          0,     0.00, 1.54951E-005,   -25.94,    24.3448,   138.31,    24.3448,    18.31,    24.3448,  -101.69,          0,     0.00, 1.54962E-005,   154.06
Line.L_CEI_MT_6090,    10.0066,   -41.64,    10.0066,  -161.64,    10.0066,    78.36,          0,     0.00, 1.99524E-007,  -140.16,    10.0066,   138.36,    10.0066,    18.36,    10.0066,  -101.64,          0,     0.00, 1.97173E-007,    39.44
Line.L_CEI_MT_6091,    2.10665,   -41.64,    2.10665,  -161.64,    2.10665,    78.36,          0,     0.00, 1.69503E-008,  -164.05,    2.10665,   138.36,    2.10665,    18.36,    2.10665,  -101.64,          0,     0.00, 1.81847E-008,     2.94
Line.L_CEI_MT_6092,    7.89993,   -41.64,    7.89993,  -161.64,    7.89993,    78.36,          0,     0.00, 6.28699E-008,  -172.98,    7.89993,   138.36,    7.89993,    18.36,    7.89993,  -101.64,          0,     0.00, 6.26085E-008,     4.69
Line.L_CEI_MT_6093,    7.89993,   -41.64,    7.89993,  -161.64,    7.89993,    78.36,          0,     0.00, 6.41532E-008,  -170.81,    7.89993,   138.36,    7.89993,    18.36,    7.89993,  -101.64,          0,     0.00, 6.40805E-008,     8.78
Line.L_CEI_MT_6094,    7.89993,   -41.64,    7.89993,  -161.64,    7.89993,    78.36,          0,     0.00, 5.59278E-008,  -177.61,    7.89993,   138.36,    7.89993,    18.36,    7.89993,  -101.64,          0,     0.00, 5.61817E-008,     5.95
Line.L_CEI_MT_6095,    2.10666,   -41.64,    2.10666,  -161.64,    2.10666,    78.36,          0,     0.00, 1.54793E-008,  -164.29,    2.10666,   138.36,    2.10666,    18.36,    2.10666,  -101.64,          0,     0.00, 1.19199E-008,    12.41
Line.L_CEI_MT_6096,    2.10666,   -41.64,    2.10666,  -161.64,    2.10666,    78.36,          0,     0.00, 1.73299E-008,  -173.83,    2.10666,   138.36,    2.10666,    18.36,    2.10666,  -101.64,          0,     0.00, 1.72358E-008,     1.55
Line.L_CEI_MT_6097,    2.10666,   -41.64,    2.10666,  -161.64,    2.10666,    78.36,          0,     0.00, 1.35762E-008,  -157.83,    2.10666,   138.36,    2.10666,    18.36,    2.10666,  -101.64,          0,     0.00, 1.20893E-008,    15.64
Line.L_CEI_MT_6098,    21.0665,   138.36,    21.0665,    18.36,    21.0665,  -101.64,          0,     0.00, 5.34543E-006,   159.64,    21.0665,   -41.64,    21.0665,  -161.64,    21.0665,    78.36,          0,     0.00, 5.34495E-006,   -20.35
Line.L_CEI_MT_6099,    21.0665,   138.36,    21.0665,    18.36,    21.0665,  -101.64,          0,     0.00, 5.3459E-006,   159.73,    21.0665,   -41.64,    21.0665,  -161.64,    21.0665,    78.36,          0,     0.00, 5.34594E-006,   -20.26
Line.L_CEI_MT_610,    24.3448,   -41.69,    24.3448,  -161.69,    24.3448,    78.31,          0,     0.00, 1.55017E-005,   -25.95,    24.3448,   138.31,    24.3448,    18.31,    24.3448,  -101.69,          0,     0.00, 1.54985E-005,   154.04
Line.L_CEI_MT_6100,    21.0665,   138.36,    21.0665,    18.36,    21.0665,  -101.64,          0,     0.00, 5.34118E-006,   159.63,    21.0665,   -41.64,    21.0665,  -161.64,    21.0665,    78.36,          0,     0.00, 5.34074E-006,   -20.37
Line.L_CEI_MT_6101,    2.10668,   -41.64,    2.10668,  -161.64,    2.10668,    78.36,          0,     0.00, 1.79868E-008,  -158.75,    2.10668,   138.36,    2.10668,    18.36,    2.10668,  -101.64,          0,     0.00, 1.85448E-008,    28.50
Line.L_CEI_MT_6102,    2.10668,   -41.64,    2.10668,  -161.64,    2.10668,    78.36,          0,     0.00, 1.60569E-008,   163.14,    2.10668,   138.36,    2.10668,    18.36,    2.10668,  -101.64,          0,     0.00, 1.64636E-008,    -8.13
Line.L_CEI_MT_6103,    23.1732,   138.36,    23.1732,    18.36,    23.1732,  -101.64,          0,     0.00, 7.16815E-006,   158.39,    23.1732,   -41.64,    23.1732,  -161.64,    23.1732,    78.36,          0,     0.00, 7.17066E-006,   -21.61
Line.L_CEI_MT_6104,    23.1732,   138.36,    23.1732,    18.36,    23.1732,  -101.64,          0,     0.00, 7.17222E-006,   158.40,    23.1732,   -41.64,    23.1732,  -161.64,    23.1732,    78.36,          0,     0.00, 7.1724E-006,   -21.58
Line.L_CEI_MT_6105,    23.1732,   138.36,    23.1732,    18.36,    23.1732,  -101.64,          0,     0.00, 7.17032E-006,   158.40,    23.1732,   -41.64,    23.1732,  -161.64,    23.1732,    78.36,          0,     0.00, 7.1685E-006,   -21.59
Line.L_CEI_MT_6106,      11.06,   -41.64,      11.06,  -161.64,      11.06,    78.36,          0,     0.00, 1.45564E-005,   -16.22,      11.06,   138.36,      11.06,    18.36,      11.06,  -101.64,          0,     0.00, 1.45584E-005,   163.78
Line.L_CEI_MT_6107,      11.06,   -41.64,      11.06,  -161.64,      11.06,    78.36,          0,     0.00, 1.31329E-005,   -14.50,      11.06,   138.36,      11.06,    18.36,      11.06,  -101.64,          0,     0.00, 1.31358E-005,   165.50
Line.L_CEI_MT_6108,      11.06,   -41.64,      11.06,  -161.64,      11.06,    78.36,          0,     0.00, 1.3126E-005,   -14.51,      11.06,   138.36,      11.06,    18.36,      11.06,  -101.64,          0,     0.00, 1.31277E-005,   165.50
Line.L_CEI_MT_6109,      11.06,   -41.64,      11.06,  -161.64,      11.06,    78.36,          0,     0.00, 1.31335E-005,   -14.46,      11.06,   138.36,      11.06,    18.36,      11.06,  -101.64,          0,     0.00, 1.31364E-005,   165.55
Line.L_CEI_MT_611,    24.3448,   -41.69,    24.3448,  -161.69,    24.3448,    78.31,          0,     0.00, 1.55082E-005,   -25.96,    24.3448,   138.31,    24.3448,    18.31,    24.3448,  -101.69,          0,     0.00, 1.5507E-005,   154.04
Line.L_CEI_MT_6110,    9.48003,   -41.64,    9.48002,  -161.64,    9.48003,    78.36,          0,     0.00, 1.2274E-005,   -11.52,    9.48003,   138.36,    9.48002,    18.36,    9.48003,  -101.64,          0,     0.00, 1.22764E-005,   168.49
Line.L_CEI_MT_6111,    2.10668,   -41.64,    2.10668,  -161.64,    2.10668,    78.36,          0,     0.00, 1.07102E-008,   180.00,    2.10668,   138.36,    2.10668,    18.36,    2.10668,  -101.64,          0,     0.00, 8.91167E-009,    19.86
Line.L_CEI_MT_6112,    7.37335,   -41.64,    7.37335,  -161.64,    7.37335,    78.36,          0,     0.00, 1.00245E-005,    -9.45,    7.37335,   138.36,    7.37335,    18.36,    7.37335,  -101.64,          0,     0.00, 1.0024E-005,   170.55
Line.L_CEI_MT_6113,    6.32001,   -41.64,    6.32001,  -161.64,    6.32001,    78.36,          0,     0.00, 8.72413E-006,   -10.06,    6.32001,   138.36,    6.32001,    18.36,    6.32001,  -101.64,          0,     0.00, 8.72106E-006,   169.95
Line.L_CEI_MT_6114,    6.32001,   -41.64,    6.32001,  -161.64,    6.32001,    78.36,          0,     0.00, 8.71821E-006,   -10.01,    6.32001,   138.36,    6.32001,    18.36,    6.32001,  -101.64,          0,     0.00, 8.71795E-006,   169.98
Line.L_CEI_MT_6115,    6.32001,   -41.64,    6.32001,  -161.64,    6.32001,    78.36,          0,     0.00, 8.71766E-006,   -10.03,    6.32001,   138.36,    6.32001,    18.36,    6.32001,  -101.64,          0,     0.00, 8.71433E-006,   169.97
Line.L_CEI_MT_61150A,    7.93743,   138.31,    7.93743,    18.31,    7.93743,  -101.69,          0,     0.00, 4.90361E-008,     4.36,    7.93743,   -41.69,    7.93743,  -161.69,    7.93743,    78.31,          0,     0.00, 5.19651E-008,  -174.09
Line.L_CEI_MT_6116,    6.32001,   -41.64,    6.32001,  -161.64,    6.32001,    78.36,          0,     0.00, 5.23429E-006,    -5.22,    6.32001,   138.36,    6.32001,    18.36,    6.32001,  -101.64,          0,     0.00, 5.23552E-006,   174.75
Line.L_CEI_MT_6117,    6.32001,   -41.64,    6.32001,  -161.64,    6.32001,    78.36,          0,     0.00, 3.03947E-006,    -7.79,    6.32001,   138.36,    6.32001,    18.36,    6.32001,  -101.64,          0,     0.00, 3.03802E-006,   172.22
Line.L_CEI_MT_6118,       1.58,   -41.64,       1.58,  -161.64,       1.58,    78.36,          0,     0.00, 2.29528E-006,   -20.70,       1.58,   138.36,       1.58,    18.36,       1.58,  -101.64,          0,     0.00, 2.29119E-006,   159.38
Line.L_CEI_MT_6119,       1.58,   -41.64,       1.58,  -161.64,       1.58,    78.36,          0,     0.00, 2.29513E-006,   -20.78,       1.58,   138.36,       1.58,    18.36,       1.58,  -101.64,          0,     0.00, 2.29302E-006,   159.16
Line.L_CEI_MT_612,    23.2863,   -41.69,    23.2863,  -161.69,    23.2863,    78.31,          0,     0.00, 1.42817E-005,   -27.75,    23.2863,   138.31,    23.2863,    18.31,    23.2863,  -101.69,          0,     0.00, 1.42798E-005,   152.23
Line.L_CEI_MT_6121, 8.75385E-007,  -156.50, 1.4382E-006,   142.98, 1.00019E-006,    77.88,          0,     0.00, 2.29473E-006,   139.35, 8.75314E-007,    23.33, 1.43624E-006,   -37.01, 9.98267E-007,  -102.12,          0,     0.00, 2.29413E-006,   -40.63
Line.L_CEI_MT_6122,    34.2332,   138.36,    34.2332,    18.36,    34.2332,  -101.64,          0,     0.00, 2.17175E-005,   162.03,    34.2332,   -41.64,    34.2332,  -161.64,    34.2332,    78.36,          0,     0.00, 2.1715E-005,   -17.96
Line.L_CEI_MT_6123,    48.9801,   138.36,      48.98,    18.36,      48.98,  -101.64,          0,     0.00, 2.19353E-005,   163.12,    48.9801,   -41.64,      48.98,  -161.64,      48.98,    78.36,          0,     0.00, 2.19367E-005,   -16.88
Line.L_CEI_MT_6124,    50.5601,   138.36,    50.5601,    18.36,    50.5601,  -101.64,          0,     0.00, 2.17039E-005,   166.20,    50.5601,   -41.64,    50.5601,  -161.64,    50.5601,    78.36,          0,     0.00, 2.17026E-005,   -13.80
Line.L_CEI_MT_6125,    50.5601,   138.36,    50.5601,    18.36,    50.5601,  -101.64,          0,     0.00, 2.1705E-005,   166.20,    50.5601,   -41.64,    50.5601,  -161.64,    50.5601,    78.36,          0,     0.00, 2.17041E-005,   -13.79
Line.L_CEI_MT_6126,    50.5601,   138.36,    50.5601,    18.36,    50.5601,  -101.64,          0,     0.00, 2.16961E-005,   166.21,    50.5601,   -41.64,    50.5601,  -161.64,    50.5601,    78.36,          0,     0.00, 2.1694E-005,   -13.79
Line.L_CEI_MT_6127,    52.1402,   -41.64,    52.1401,  -161.64,    52.1401,    78.36,          0,     0.00, 2.16879E-005,   -13.80,    52.1402,   138.36,    52.1401,    18.36,    52.1401,  -101.64,          0,     0.00, 2.16865E-005,   166.21
Line.L_CEI_MT_6128,    18.9607,   138.36,    18.9607,    18.36,    18.9607,  -101.64,          0,     0.00, 6.47005E-006,   163.37,    18.9607,   -41.64,    18.9607,  -161.64,    18.9607,    78.36,          0,     0.00, 6.46999E-006,   -16.63
Line.L_CEI_MT_6129,    18.9607,   -41.64,    18.9607,  -161.64,    18.9607,    78.36,          0,     0.00, 6.46556E-006,   -16.57,    18.9607,   138.36,    18.9607,    18.36,    18.9607,  -101.64,          0,     0.00, 6.46551E-006,   163.42
Line.L_CEI_MT_6130,    18.9607,   138.36,    18.9607,    18.36,    18.9607,  -101.64,          0,     0.00, 6.46592E-006,   163.45,    18.9607,   -41.64,    18.9607,  -161.64,    18.9607,    78.36,          0,     0.00, 6.4666E-006,   -16.53
Line.L_CEI_MT_6131,    18.9607,   -41.64,    18.9607,  -161.64,    18.9607,    78.36,          0,     0.00, 6.46543E-006,   -16.57,    18.9607,   138.36,    18.9607,    18.36,    18.9607,  -101.64,          0,     0.00, 6.46555E-006,   163.39
Line.L_CEI_MT_6132,    1.58008,   -41.64,    1.58008,  -161.64,    1.58008,    78.36,          0,     0.00, 9.78997E-009,  -177.27,    1.58008,   138.36,    1.58008,    18.36,    1.58008,  -101.64,          0,     0.00, 1.00522E-008,    13.39
Line.L_CEI_MT_6133,    17.3806,   138.36,    17.3806,    18.36,    17.3806,  -101.64,          0,     0.00, 4.63039E-006,   158.41,    17.3806,   -41.64,    17.3806,  -161.64,    17.3806,    78.36,          0,     0.00, 4.63238E-006,   -21.57
Line.L_CEI_MT_6134,    17.3806,   138.36,    17.3806,    18.36,    17.3806,  -101.64,          0,     0.00, 4.6328E-006,   158.38,    17.3806,   -41.64,    17.3806,  -161.64,    17.3806,    78.36,          0,     0.00, 4.63245E-006,   -21.62
Line.L_CEI_MT_6135,    17.3806,   138.36,    17.3806,    18.36,    17.3806,  -101.64,          0,     0.00, 4.62864E-006,   158.32,    17.3806,   -41.64,    17.3806,  -161.64,    17.3806,    78.36,          0,     0.00, 4.62976E-006,   -21.66
Line.L_CEI_MT_6136,    12.6404,   138.36,    12.6404,    18.36,    12.6404,  -101.64,          0,     0.00, 4.66286E-006,   158.54,    12.6404,   -41.64,    12.6404,  -161.64,    12.6404,    78.36,          0,     0.00, 4.6628E-006,   -21.41
Line.L_CEI_MT_6137,    12.6404,   138.36,    12.6404,    18.36,    12.6404,  -101.64,          0,     0.00, 4.66943E-006,   158.52,    12.6404,   -41.64,    12.6404,  -161.64,    12.6404,    78.36,          0,     0.00, 4.66806E-006,   -21.44
Line.L_CEI_MT_6138,    12.6404,   -41.64,    12.6404,  -161.64,    12.6404,    78.36,          0,     0.00, 3.2097E-006,   -16.85,    12.6404,   138.36,    12.6404,    18.36,    12.6404,  -101.64,          0,     0.00, 3.21227E-006,   163.15
Line.L_CEI_MT_6139,    4.74018,   -41.64,    4.74018,  -161.64,    4.74018,    78.36,          0,     0.00, 3.58831E-008,  -177.77,    4.74018,   138.36,    4.74018,    18.36,    4.74018,  -101.64,          0,     0.00, 3.63693E-008,     2.94
Line.L_CEI_MT_614,    22.2278,   -41.69,    22.2278,  -161.69,    22.2278,    78.31,          0,     0.00, 1.20001E-005,   -29.11,    22.2278,   138.31,    22.2278,    18.31,    22.2278,  -101.69,          0,     0.00, 1.19992E-005,   150.89
Line.L_CEI_MT_6140,    7.90027,   -41.64,    7.90026,  -161.64,    7.90026,    78.36,          0,     0.00, 1.4359E-006,   -33.75,    7.90027,   138.36,    7.90026,    18.36,    7.90026,  -101.64,          0,     0.00, 1.43655E-006,   146.25
Line.L_CEI_MT_6141,    7.90027,   -41.64,    7.90026,  -161.64,    7.90026,    78.36,          0,     0.00, 1.44043E-006,   -33.78,    7.90027,   138.36,    7.90026,    18.36,    7.90026,  -101.64,          0,     0.00, 1.44353E-006,   146.17
Line.L_CEI_MT_6142,    7.90027,   -41.64,    7.90026,  -161.64,    7.90026,    78.36,          0,     0.00, 1.44172E-006,   -33.53,    7.90027,   138.36,    7.90026,    18.36,    7.90026,  -101.64,          0,     0.00, 1.44495E-006,   146.45
Line.L_CEI_MT_6143,    7.90027,   -41.64,    7.90027,  -161.64,    7.90027,    78.36,          0,     0.00, 6.60731E-008,  -166.55,    7.90027,   138.36,    7.90027,    18.36,    7.90027,  -101.64,          0,     0.00, 6.54602E-008,    12.95
Line.L_CEI_MT_6144,    7.90027,   -41.64,    7.90027,  -161.64,    7.90027,    78.36,          0,     0.00, 5.61909E-008,  -170.46,    7.90027,   138.36,    7.90027,    18.36,    7.90027,  -101.64,          0,     0.00, 5.72385E-008,     7.01
Line.L_CEI_MT_6145,    7.90008,   -41.64,    7.90008,  -161.64,    7.90008,    78.36,          0,     0.00, 5.64834E-008,  -164.70,    7.90008,   138.36,    7.90008,    18.36,    7.90008,  -101.64,          0,     0.00, 5.86437E-008,    10.06
Line.L_CEI_MT_6146,    10.0068,   -41.64,    10.0068,  -161.64,    10.0068,    78.36,          0,     0.00, 7.10526E-007,   -38.99,    10.0068,   138.36,    10.0068,    18.36,    10.0068,  -101.64,          0,     0.00, 7.08046E-007,   141.14
Line.L_CEI_MT_614621,    2.10669,   -41.64,    2.10669,  -161.64,    2.10669,    78.36,          0,     0.00, 1.37508E-008,  -151.70,    2.10669,   138.36,    2.10669,    18.36,    2.10669,  -101.64,          0,     0.00, 1.43621E-008,    19.90
Line.L_CEI_MT_6147,    10.0068,   -41.64,    10.0068,  -161.64,    10.0068,    78.36,          0,     0.00, 7.12116E-007,   -38.79,    10.0068,   138.36,    10.0068,    18.36,    10.0068,  -101.64,          0,     0.00, 7.10957E-007,   141.09
Line.L_CEI_MT_6148,    14.7468,   -41.64,    14.7468,  -161.64,    14.7468,    78.36,          0,     0.00, 6.80698E-007,   -40.53,    14.7468,   138.36,    14.7468,    18.36,    14.7468,  -101.64,          0,     0.00, 6.8095E-007,   139.38
Line.L_CEI_MT_6149,    14.7468,   -41.64,    14.7468,  -161.64,    14.7468,    78.36,          0,     0.00, 6.7916E-007,   -40.08,    14.7468,   138.36,    14.7468,    18.36,    14.7468,  -101.64,          0,     0.00, 6.80772E-007,   139.88
Line.L_CEI_MT_615,    22.2278,   -41.69,    22.2278,  -161.69,    22.2278,    78.31,          0,     0.00, 1.19966E-005,   -29.13,    22.2278,   138.31,    22.2278,    18.31,    22.2278,  -101.69,          0,     0.00, 1.20007E-005,   150.88
Line.L_CEI_MT_6150,    1.05348,   138.36,    1.05348,    18.36,    1.05348,  -101.64,          0,     0.00, 7.63741E-009,   -52.43,    1.05348,   -41.64,    1.05348,  -161.64,    1.05348,    78.36,          0,     0.00, 8.39483E-009,   123.69
Line.L_CEI_MT_6151,    1.58023,   -41.64,    1.58023,  -161.64,    1.58023,    78.36,          0,     0.00, 1.01702E-008,   164.05,    1.58023,   138.36,    1.58023,    18.36,    1.58023,  -101.64,          0,     0.00, 7.12325E-009,    11.31
Line.L_CEI_MT_6152,    2.63371,   -41.64,    2.63371,  -161.64,    2.63371,    78.36,          0,     0.00, 1.8512E-006,     2.70,    2.63371,   138.36,    2.63371,    18.36,    2.63371,  -101.64,          0,     0.00, 1.84801E-006,  -177.25
Line.L_CEI_MT_6153,    2.63371,   -41.64,    2.63371,  -161.64,    2.63371,    78.36,          0,     0.00, 1.84487E-006,     2.52,    2.63371,   138.36,    2.63371,    18.36,    2.63371,  -101.64,          0,     0.00, 1.84644E-006,  -177.36
Line.L_CEI_MT_6154,    2.10697,   138.36,    2.10697,    18.36,    2.10697,  -101.64,          0,     0.00, 1.25383E-008,    15.07,    2.10697,   -41.64,    2.10697,  -161.64,    2.10697,    78.36,          0,     0.00, 1.44749E-008,  -154.26
Line.L_CEI_MT_6155,    4.74068,   138.36,    4.74068,    18.36,    4.74068,  -101.64,          0,     0.00, 2.80373E-006,  -138.28,    4.74068,   -41.64,    4.74068,  -161.64,    4.74068,    78.36,          0,     0.00, 2.80037E-006,    41.74
Line.L_CEI_MT_6156,    1.58023,   -41.64,    1.58023,  -161.64,    1.58023,    78.36,          0,     0.00, 1.16415E-008,  -163.74,    1.58023,   138.36,    1.58023,    18.36,    1.58023,  -101.64,          0,     0.00, 1.34075E-008,    20.32
Line.L_CEI_MT_6157,    3.95057,   138.36,    3.95057,    18.36,    3.95057,  -101.64,          0,     0.00, 2.99801E-008,     6.24,    3.95057,   -41.64,    3.95057,  -161.64,    3.95057,    78.36,          0,     0.00, 2.92441E-008,  -170.84
Line.L_CEI_MT_6158,    10.2715,   -41.64,    10.2715,  -161.64,    10.2715,    78.36,          0,     0.00, 1.7458E-006,     0.35,    10.2715,   138.36,    10.2715,    18.36,    10.2715,  -101.64,          0,     0.00, 1.74671E-006,  -179.77
Line.L_CEI_MT_6159, 8.74494E-007,  -156.56, 1.43611E-006,   142.91, 9.96251E-007,    77.91,          0,     0.00, 2.2918E-006,   139.37, 8.72564E-007,    23.38, 1.43486E-006,   -37.12, 9.96056E-007,  -102.03,          0,     0.00, 2.2913E-006,   -40.69
Line.L_CEI_MT_616,    22.2278,   -41.69,    22.2278,  -161.69,    22.2278,    78.31,          0,     0.00, 1.19989E-005,   -29.10,    22.2278,   138.31,    22.2278,    18.31,    22.2278,  -101.69,          0,     0.00, 1.20004E-005,   150.89
Line.L_CEI_MT_6160,    10.2715,   -41.64,    10.2715,  -161.64,    10.2715,    78.36,          0,     0.00, 6.09915E-006,   -22.11,    10.2715,   138.36,    10.2715,    18.36,    10.2715,  -101.64,          0,     0.00, 6.10106E-006,   157.90
Line.L_CEI_MT_6161,    13.4319,   -41.64,    13.4319,  -161.64,    13.4319,    78.36,          0,     0.00, 7.79974E-006,   -18.80,    13.4319,   138.36,    13.4319,    18.36,    13.4319,  -101.64,          0,     0.00, 7.79893E-006,   161.20
Line.L_CEI_MT_6162,    7.90116,   138.36,    7.90116,    18.36,    7.90116,  -101.64,          0,     0.00, 6.00197E-008,     9.83,    7.90116,   -41.64,    7.90116,  -161.64,    7.90116,    78.36,          0,     0.00, 5.9448E-008,  -174.16
Line.L_CEI_MT_6163,    3.16046,   -41.64,    3.16046,  -161.64,    3.16046,    78.36,          0,     0.00, 2.34917E-008,  -166.24,    3.16046,   138.36,    3.16046,    18.36,    3.16046,  -101.64,          0,     0.00, 2.10644E-008,    13.42
Line.L_CEI_MT_6164,    21.3331,   -41.64,    21.3331,  -161.64,    21.3331,    78.36,          0,     0.00, 7.74277E-006,   -19.02,    21.3331,   138.36,    21.3331,    18.36,    21.3331,  -101.64,          0,     0.00, 7.74174E-006,   160.98
Line.L_CEI_MT_6165,    21.3331,   -41.64,    21.3331,  -161.64,    21.3331,    78.36,          0,     0.00, 7.74686E-006,   -18.99,    21.3331,   138.36,    21.3331,    18.36,    21.3331,  -101.64,          0,     0.00, 7.74914E-006,   161.02
Line.L_CEI_MT_6166,    21.3331,   -41.64,    21.3331,  -161.64,    21.3331,    78.36,          0,     0.00, 7.7428E-006,   -19.04,    21.3331,   138.36,    21.3331,    18.36,    21.3331,  -101.64,          0,     0.00, 7.7447E-006,   160.97
Line.L_CEI_MT_6167,    21.3331,   -41.64,    21.3331,  -161.64,    21.3331,    78.36,          0,     0.00, 7.74076E-006,   -19.05,    21.3331,   138.36,    21.3331,    18.36,    21.3331,  -101.64,          0,     0.00, 7.74006E-006,   160.98
Line.L_CEI_MT_6168,    21.3331,   -41.64,    21.3331,  -161.64,    21.3331,    78.36,          0,     0.00, 7.74431E-006,   -19.06,    21.3331,   138.36,    21.3331,    18.36,    21.3331,  -101.64,          0,     0.00, 7.7437E-006,   160.95
Line.L_CEI_MT_6169,    21.3331,   -41.64,    21.3331,  -161.64,    21.3331,    78.36,          0,     0.00, 7.74689E-006,   -19.01,    21.3331,   138.36,    21.3331,    18.36,    21.3331,  -101.64,          0,     0.00, 7.74657E-006,   161.01
Line.L_CEI_MT_617,    22.2278,   -41.69,    22.2278,  -161.69,    22.2278,    78.31,          0,     0.00, 1.20028E-005,   -29.11,    22.2278,   138.31,    22.2278,    18.31,    22.2278,  -101.69,          0,     0.00, 1.20004E-005,   150.90
Line.L_CEI_MT_6170, 2.0825E-009,   153.43, 2.09548E-009,   -90.00, 1.86265E-009,    90.00,          0,     0.00, 1.98931E-009,   159.44, 2.37442E-009,    11.31, 9.31323E-010,    90.00, 2.0825E-009,   -63.43,          0,     0.00, 3.29272E-009,    -8.13
Line.L_CEI_MT_6171,    21.3331,   -41.64,    21.3331,  -161.64,    21.3331,    78.36,          0,     0.00, 8.01804E-006,    -6.41,    21.3331,   138.36,    21.3331,    18.36,    21.3331,  -101.64,          0,     0.00, 8.02112E-006,   173.60
Line.L_CEI_MT_6173,    27.6541,   -41.64,    27.6541,  -161.64,    27.6541,    78.36,          0,     0.00, 7.95857E-006,    -6.50,    27.6541,   138.36,    27.6541,    18.36,    27.6541,  -101.64,          0,     0.00, 7.96026E-006,   173.51
Line.L_CEI_MT_6174,    29.2344,   138.36,    29.2344,    18.36,    29.2344,  -101.64,          0,     0.00, 7.95049E-006,   173.51,    29.2344,   -41.64,    29.2344,  -161.64,    29.2344,    78.36,          0,     0.00, 7.9528E-006,    -6.49
Line.L_CEI_MT_6175,    1.58027,   -41.64,    1.58027,  -161.64,    1.58027,    78.36,          0,     0.00, 1.23729E-008,  -160.20,    1.58027,   138.36,    1.58027,    18.36,    1.58027,  -101.64,          0,     0.00, 1.59977E-008,    21.34
Line.L_CEI_MT_6176,    30.8147,   -41.64,    30.8147,  -161.64,    30.8147,    78.36,          0,     0.00, 9.49359E-006,    -0.32,    30.8147,   138.36,    30.8147,    18.36,    30.8147,  -101.64,          0,     0.00, 9.49687E-006,   179.65
Line.L_CEI_MT_78056A,    23.8119,   138.31,    23.8119,    18.31,    23.8119,  -101.69,          0,     0.00, 1.39245E-006,    20.11,    23.8119,   -41.69,    23.8119,  -161.69,    23.8119,    78.31,          0,     0.00, 1.39479E-006,  -159.91
Line.L_CEI_MT_6984, 4.65661E-010,    90.00, 3.39007E-009,   -15.95, 1.86265E-009,   -90.00,          0,     0.00, 4.00577E-009,   -35.54, 3.95127E-009,   -45.00, 2.19652E-009,   147.99, 2.79397E-009,     0.00,          0,     0.00, 4.06621E-009,   -23.63
Line.L_CEI_MT_6985, 4.29318E-009,   -49.40, 2.32831E-009,  -126.87, 1.86265E-009,     0.00,          0,     0.00, 6.07148E-009,   -57.53, 2.98169E-009,   128.66, 4.2742E-009,    29.36, 1.86265E-009,   -90.00,          0,     0.00, 3.16684E-009,    53.97
Line.L_CEI_MT_6986, 5.0851E-009,   -74.05, 6.76813E-009,  -153.43, 9.72329E-009,    73.30,          0,     0.00, 2.32831E-009,   143.13, 4.00577E-009,   125.54, 8.13242E-009,    23.63, 9.72329E-009,  -106.70,          0,     0.00, 3.63693E-009,   -50.19
Line.L_CEI_MT_6987, 1.21072E-008,  -112.62, 9.35968E-009,   174.29, 9.90009E-009,    48.81,          0,     0.00, 7.95722E-009,  -159.44, 1.12532E-008,    65.56, 6.12482E-009,    -8.75, 8.58637E-009,  -139.40,          0,     0.00, 5.6073E-009,    41.63
Line.L_CEI_MT_6988, 9.18723E-009,    81.25, 8.3819E-009,     0.00, 1.55003E-008,  -122.74,          0,     0.00, 4.19741E-009,   -70.56, 9.9547E-009,  -100.78, 9.78166E-009,   178.64, 1.45477E-008,    50.19,          0,     0.00, 2.84206E-009,   145.01
Line.L_CEI_MT_6989, 2.72841E-006,   143.22, 5.29267E-006,   161.75, 2.81057E-006,    52.06,          0,     0.00, 7.77216E-006,   134.87, 2.72901E-006,   -36.81, 5.294E-006,   -18.23, 2.81057E-006,  -127.94,          0,     0.00, 7.77331E-006,   -45.12
Line.L_CEI_MT_6990, 2.73227E-006,   143.13, 5.29245E-006,   161.75, 2.80563E-006,    52.06,          0,     0.00, 7.77578E-006,   134.89, 2.73269E-006,   -36.88, 5.29238E-006,   -18.24, 2.8071E-006,  -127.91,          0,     0.00, 7.77743E-006,   -45.13
Line.L_CEI_MT_6991, 2.73199E-006,   -36.96, 5.29172E-006,   -18.22, 2.80571E-006,  -127.81,          0,     0.00, 7.78039E-006,   -45.13, 2.73101E-006,   143.07, 5.29356E-006,   161.78, 2.80481E-006,    52.15,          0,     0.00, 7.77874E-006,   134.89
Line.L_CEI_MT_6992, 2.73138E-006,   143.07, 5.28782E-006,   161.78, 2.80452E-006,    52.16,          0,     0.00, 7.77447E-006,   134.88, 2.73208E-006,   -36.95, 5.28546E-006,   -18.23, 2.80277E-006,  -127.86,          0,     0.00, 7.77233E-006,   -45.13
Line.L_CEI_MT_6993, 2.73787E-006,   142.93, 5.28465E-006,   161.77, 2.7993E-006,    52.17,          0,     0.00, 7.77941E-006,   134.85, 2.73783E-006,   -37.11, 5.28458E-006,   -18.23, 2.79725E-006,  -127.84,          0,     0.00, 7.77875E-006,   -45.14
Line.L_CEI_MT_6994, 2.7395E-006,   142.95, 5.28089E-006,   161.76, 2.7993E-006,    52.17,          0,     0.00, 7.77777E-006,   134.85, 2.74001E-006,   -37.05, 5.27772E-006,   -18.25, 2.79901E-006,  -127.82,          0,     0.00, 7.77613E-006,   -45.16
Line.L_CEI_MT_6995, 2.73606E-006,   142.93, 5.27758E-006,   161.78, 2.79464E-006,    52.17,          0,     0.00, 7.77035E-006,   134.87, 2.73634E-006,   -37.08, 5.27441E-006,   -18.23, 2.79288E-006,  -127.85,          0,     0.00, 7.76723E-006,   -45.14
Line.L_CEI_MT_6996, 2.74117E-006,   142.77, 5.2736E-006,   161.75, 2.79412E-006,    52.24,          0,     0.00, 7.77779E-006,   134.79, 2.74168E-006,   -37.23, 5.27175E-006,   -18.26, 2.79355E-006,  -127.74,          0,     0.00, 7.77746E-006,   -45.21
Line.L_CEI_MT_6997, 2.7411E-006,   142.84, 5.27117E-006,   161.76, 2.79246E-006,    52.35,          0,     0.00, 7.77942E-006,   134.84, 2.74214E-006,   -37.21, 5.26948E-006,   -18.23, 2.7907E-006,  -127.67,          0,     0.00, 7.77794E-006,   -45.17
Line.L_CEI_MT_6998, 2.74299E-006,   142.77, 5.26867E-006,   161.78, 2.78628E-006,    52.26,          0,     0.00, 7.77381E-006,   134.86, 2.7426E-006,   -37.32, 5.26529E-006,   -18.22, 2.7848E-006,  -127.76,          0,     0.00, 7.76971E-006,   -45.18
Line.L_CEI_MT_6999, 2.75027E-006,   142.71, 5.26713E-006,   161.80, 2.78309E-006,    52.29,          0,     0.00, 7.7799E-006,   134.88, 2.74944E-006,   -37.31, 5.26397E-006,   -18.21, 2.78309E-006,  -127.71,          0,     0.00, 7.77678E-006,   -45.15
Line.L_CEI_MT_7000, 2.74757E-006,   142.71, 5.26603E-006,   161.78, 2.77934E-006,    52.32,          0,     0.00, 7.77808E-006,   134.89, 2.74879E-006,   -37.31, 5.26382E-006,   -18.21, 2.78082E-006,  -127.65,          0,     0.00, 7.77842E-006,   -45.13
Line.L_CEI_MT_7001, 2.75239E-006,   142.66, 5.25977E-006,   161.80, 2.78053E-006,    52.35,          0,     0.00, 7.77875E-006,   134.85, 2.7517E-006,   -37.37, 5.25793E-006,   -18.21, 2.77877E-006,  -127.66,          0,     0.00, 7.77579E-006,   -45.15
Line.L_CEI_MT_7002, 2.75493E-006,   -37.41, 5.25463E-006,   -18.16, 2.77293E-006,  -127.69,          0,     0.00, 7.77216E-006,   -45.11, 2.75488E-006,   142.60, 5.25588E-006,   161.83, 2.77202E-006,    52.27,          0,     0.00, 7.77149E-006,   134.90
Line.L_CEI_MT_7007, 4.47992E-006,   -16.19, 6.59242E-006,   -21.46, 3.95937E-006,  -127.12,          0,     0.00, 1.0548E-005,   -40.27, 4.47851E-006,   163.81, 6.59415E-006,   158.54, 3.96262E-006,    52.91,          0,     0.00, 1.05506E-005,   139.71
Line.L_CEI_MT_7008, 2.75496E-006,   142.30, 5.24383E-006,   161.87, 2.75032E-006,    52.41,          0,     0.00, 7.7649E-006,   134.95, 2.75618E-006,   -37.72, 5.24258E-006,   -18.12, 2.75123E-006,  -127.55,          0,     0.00, 7.76671E-006,   -45.06
Line.L_CEI_MT_7009, 2.75018E-006,   142.33, 5.24072E-006,   161.84, 2.75521E-006,    52.34,          0,     0.00, 7.75569E-006,   134.89, 2.75084E-006,   -37.67, 5.24169E-006,   -18.14, 2.75492E-006,  -127.65,          0,     0.00, 7.75684E-006,   -45.10
Line.L_CEI_MT_7010, 2.7541E-006,   142.32, 5.24809E-006,   161.86, 2.75844E-006,    52.38,          0,     0.00, 7.76787E-006,   134.90, 2.75388E-006,   -37.69, 5.24713E-006,   -18.14, 2.75844E-006,  -127.62,          0,     0.00, 7.76689E-006,   -45.11
Line.L_CEI_MT_7011, 2.75407E-006,   142.45, 5.25021E-006,   161.82, 2.75901E-006,    52.36,          0,     0.00, 7.76984E-006,   134.92, 2.75228E-006,   -37.60, 5.24792E-006,   -18.18, 2.76196E-006,  -127.59,          0,     0.00, 7.7692E-006,   -45.12
Line.L_CEI_MT_7012, 2.7529E-006,   142.45, 5.2516E-006,   161.81, 2.76191E-006,    52.35,          0,     0.00, 7.77018E-006,   134.90, 2.75305E-006,   -37.55, 5.25013E-006,   -18.19, 2.76338E-006,  -127.63,          0,     0.00, 7.77035E-006,   -45.12
Line.L_CEI_MT_7013, 2.75509E-006,   -37.47, 5.2516E-006,   -18.19, 2.76861E-006,  -127.64,          0,     0.00, 7.77315E-006,   -45.12, 2.75342E-006,   142.53, 5.25234E-006,   161.82, 2.76713E-006,    52.34,          0,     0.00, 7.77051E-006,   134.90
Line.L_CEI_MT_7014, 2.75439E-006,   -37.45, 5.253E-006,   -18.19, 2.7744E-006,  -127.67,          0,     0.00, 7.77283E-006,   -45.15, 2.75237E-006,   142.58, 5.2544E-006,   161.81, 2.77588E-006,    52.35,          0,     0.00, 7.77316E-006,   134.85
Line.L_CEI_MT_7016,    16.6317,   138.33,    16.6317,    18.33,    16.6317,  -101.67,          0,     0.00, 1.04833E-005,   139.40,    16.6317,   -41.67,    16.6317,  -161.67,    16.6317,    78.33,          0,     0.00, 1.04851E-005,   -40.59
Line.L_CEI_MT_7017,    4.75191,   -41.67,     4.7519,  -161.67,     4.7519,    78.33,          0,     0.00, 1.05389E-005,   -40.30,    4.75191,   138.33,     4.7519,    18.33,     4.7519,  -101.67,          0,     0.00, 1.0537E-005,   139.71
Line.L_CEI_MT_7018,    4.75191,   138.33,     4.7519,    18.33,     4.7519,  -101.67,          0,     0.00, 1.05414E-005,   139.69,    4.75191,   -41.67,     4.7519,  -161.67,     4.7519,    78.33,          0,     0.00, 1.05416E-005,   -40.32
Line.L_CEI_MT_7019,    4.75191,   138.33,     4.7519,    18.33,     4.7519,  -101.67,          0,     0.00, 1.05352E-005,   139.69,    4.75191,   -41.67,     4.7519,  -161.67,     4.7519,    78.33,          0,     0.00, 1.05348E-005,   -40.31
Line.L_CEI_MT_7020,    4.75191,   138.33,     4.7519,    18.33,     4.7519,  -101.67,          0,     0.00, 1.0531E-005,   139.68,    4.75191,   -41.67,     4.7519,  -161.67,     4.7519,    78.33,          0,     0.00, 1.05305E-005,   -40.33
Line.L_CEI_MT_7021,    4.75191,   -41.67,     4.7519,  -161.67,     4.7519,    78.33,          0,     0.00, 1.0531E-005,   -40.37,    4.75191,   138.33,     4.7519,    18.33,     4.7519,  -101.67,          0,     0.00, 1.05329E-005,   139.63
Line.L_CEI_MT_7022,    4.75191,   138.33,     4.7519,    18.33,     4.7519,  -101.67,          0,     0.00, 1.05307E-005,   139.66,    4.75191,   -41.67,     4.7519,  -161.67,     4.7519,    78.33,          0,     0.00, 1.05267E-005,   -40.34
Line.L_CEI_MT_7023,    4.75191,   138.33,     4.7519,    18.33,     4.7519,  -101.67,          0,     0.00, 1.05302E-005,   139.65,    4.75191,   -41.67,     4.7519,  -161.67,     4.7519,    78.33,          0,     0.00, 1.05267E-005,   -40.37
Line.L_CEI_MT_7024,    4.75191,   138.33,     4.7519,    18.33,     4.7519,  -101.67,          0,     0.00, 1.05192E-005,   139.67,    4.75191,   -41.67,     4.7519,  -161.67,     4.7519,    78.33,          0,     0.00, 1.05168E-005,   -40.32
Line.L_CEI_MT_7025,    4.75191,   138.33,     4.7519,    18.33,     4.7519,  -101.67,          0,     0.00, 1.05276E-005,   139.68,    4.75191,   -41.67,     4.7519,  -161.67,     4.7519,    78.33,          0,     0.00, 1.0528E-005,   -40.32
Line.L_CEI_MT_7026, 4.48138E-006,   -16.32, 6.58769E-006,   -21.42, 3.94548E-006,  -127.08,          0,     0.00, 1.05496E-005,   -40.22, 4.48143E-006,   163.70, 6.58942E-006,   158.58, 3.94753E-006,    52.93,          0,     0.00, 1.05514E-005,   139.77
Line.L_CEI_MT_7027, 4.48212E-006,   163.73, 6.59165E-006,   158.56, 3.9507E-006,    52.91,          0,     0.00, 1.05528E-005,   139.76, 4.48002E-006,   -16.28, 6.59061E-006,   -21.45, 3.94837E-006,  -127.09,          0,     0.00, 1.05505E-005,   -40.24
Line.L_CEI_MT_7028, 4.48235E-006,   163.81, 6.59243E-006,   158.57, 3.95499E-006,    52.88,          0,     0.00, 1.05488E-005,   139.77, 4.48318E-006,   -16.21, 6.59071E-006,   -21.43, 3.95182E-006,  -127.11,          0,     0.00, 1.05492E-005,   -40.21
Line.L_CEI_MT_478,    28.0493,   -41.69,    28.0493,  -161.69,    28.0493,    78.31,          0,     0.00, 4.0876E-006,    -1.24,    28.0493,   138.31,    28.0493,    18.31,    28.0493,  -101.69,          0,     0.00, 4.08853E-006,   178.76
Line.L_CEI_MT_479,    462.741,   -41.66,    462.741,  -161.66,    462.741,    78.34,          0,     0.00, 0.000164072,   -19.78,    462.741,   138.34,    462.741,    18.34,    462.741,  -101.66,          0,     0.00, 0.000164075,   160.22
Line.L_CEI_MT_480,    434.692,   138.34,    434.692,    18.34,    434.692,  -101.66,          0,     0.00, 0.000158884,   159.82,    434.692,   -41.66,    434.692,  -161.66,    434.692,    78.34,          0,     0.00, 0.000158885,   -20.18
Line.L_CEI_MT_481,    434.692,   -41.66,    434.692,  -161.66,    434.692,    78.34,          0,     0.00, 0.000157304,   -19.96,    434.692,   138.34,    434.692,    18.34,    434.692,  -101.66,          0,     0.00, 0.000157307,   160.04
Line.L_CEI_MT_482,    240.012,   138.34,    240.012,    18.34,    240.012,  -101.66,          0,     0.00, 9.54638E-005,   164.20,    240.012,   -41.66,    240.012,  -161.66,    240.012,    78.34,          0,     0.00, 9.54637E-005,   -15.80
Line.L_CEI_MT_4820,     7.4157,   -41.70,    7.41569,  -161.70,     7.4157,    78.30,          0,     0.00, 4.59089E-006,   -21.05,     7.4157,   138.30,    7.41569,    18.30,     7.4157,  -101.70,          0,     0.00, 4.59326E-006,   158.99
Line.L_CEI_MT_4821,     7.4157,   138.30,    7.41569,    18.30,     7.4157,  -101.70,          0,     0.00, 4.58534E-006,   158.94,     7.4157,   -41.70,    7.41569,  -161.70,     7.4157,    78.30,          0,     0.00, 4.58852E-006,   -21.09
Line.L_CEI_MT_4822,    1.58908,   138.30,    1.58908,    18.30,    1.58908,  -101.70,          0,     0.00, 1.22231E-008,    17.74,    1.58908,   -41.70,    1.58908,  -161.70,    1.58908,    78.30,          0,     0.00, 1.06187E-008,  -164.74
Line.L_CEI_MT_4823,    5.82662,   -41.70,    5.82661,  -161.70,    5.82662,    78.30,          0,     0.00, 2.2781E-006,   -21.56,    5.82662,   138.30,    5.82661,    18.30,    5.82662,  -101.70,          0,     0.00, 2.27544E-006,   158.52
Line.L_CEI_MT_4824,    5.82662,   138.30,    5.82661,    18.30,    5.82662,  -101.70,          0,     0.00, 2.27245E-006,   158.68,    5.82662,   -41.70,    5.82661,  -161.70,    5.82662,    78.30,          0,     0.00, 2.27236E-006,   -21.35
Line.L_CEI_MT_4825,    3.17815,   138.30,    3.17815,    18.30,    3.17815,  -101.70,          0,     0.00, 2.29258E-006,   158.83,    3.17815,   -41.70,    3.17815,  -161.70,    3.17815,    78.30,          0,     0.00, 2.29238E-006,   -21.22
Line.L_CEI_MT_4826,    3.17815,   138.30,    3.17815,    18.30,    3.17815,  -101.70,          0,     0.00, 2.29193E-006,   158.94,    3.17815,   -41.70,    3.17815,  -161.70,    3.17815,    78.30,          0,     0.00, 2.29438E-006,   -21.19
Line.L_CEI_MT_4827,    3.17815,   -41.70,    3.17815,  -161.70,    3.17815,    78.30,          0,     0.00, 2.29254E-006,   -21.26,    3.17815,   138.30,    3.17815,    18.30,    3.17815,  -101.70,          0,     0.00, 2.29379E-006,   158.85
Line.L_CEI_MT_4828,    1.58908,   -41.70,    1.58908,  -161.70,    1.58908,    78.30,          0,     0.00, 1.1501E-008,  -158.63,    1.58908,   138.30,    1.58908,    18.30,    1.58908,  -101.70,          0,     0.00, 7.97084E-009,     6.71
Line.L_CEI_MT_4829,    1.58908,   -41.70,    1.58908,  -161.70,    1.58908,    78.30,          0,     0.00, 6.92255E-009,  -137.73,    1.58908,   138.30,    1.58908,    18.30,    1.58908,  -101.70,          0,     0.00, 8.5484E-009,    29.36
Line.L_CEI_MT_48291A,    47.6244,   138.31,    47.6244,    18.31,    47.6244,  -101.69,          0,     0.00, 1.55028E-006,    19.51,    47.6244,   -41.69,    47.6244,  -161.69,    47.6244,    78.31,          0,     0.00, 1.54628E-006,  -160.54
Line.L_CEI_MT_483,    240.012,   -41.66,    240.012,  -161.66,    240.012,    78.34,          0,     0.00, 9.54703E-005,   -15.80,    240.012,   138.34,    240.012,    18.34,    240.012,  -101.66,          0,     0.00, 9.54734E-005,   164.20
Line.L_CEI_MT_4830,    1.58908,   138.30,    1.58908,    18.30,    1.58908,  -101.70,          0,     0.00, 1.02683E-008,    -3.90,    1.58908,   -41.70,    1.58908,  -161.70,    1.58908,    78.30,          0,     0.00, 1.35062E-008,  -179.01
Line.L_CEI_MT_4831,    1.58908,   138.30,    1.58908,    18.30,    1.58908,  -101.70,          0,     0.00, 1.45272E-008,    21.63,    1.58908,   -41.70,    1.58908,  -161.70,    1.58908,    78.30,          0,     0.00, 1.84348E-008,  -152.14
Line.L_CEI_MT_4832,    1.58908,   138.30,    1.58908,    18.30,    1.58908,  -101.70,          0,     0.00, 1.12146E-008,    -4.76,    1.58908,   -41.70,    1.58908,  -161.70,    1.58908,    78.30,          0,     0.00, 1.35762E-008,  -174.09
Line.L_CEI_MT_4833,    1.58908,   138.30,    1.58908,    18.30,    1.58908,  -101.70,          0,     0.00, 1.31709E-008,     8.13,    1.58908,   -41.70,    1.58908,  -161.70,    1.58908,    78.30,          0,     0.00, 1.19358E-008,  -159.44
Line.L_CEI_MT_4834,    1.58908,   138.30,    1.58908,    18.30,    1.58908,  -101.70,          0,     0.00, 9.0804E-009,    22.62,    1.58908,   -41.70,    1.58908,  -161.70,    1.58908,    78.30,          0,     0.00, 4.91157E-009,  -148.57
Line.L_CEI_MT_484,    240.012,   -41.66,    240.012,  -161.66,    240.012,    78.34,          0,     0.00, 9.54699E-005,   -15.80,    240.012,   138.34,    240.012,    18.34,    240.012,  -101.66,          0,     0.00, 9.54726E-005,   164.20
Line.L_CEI_MT_485,    244.775,   -41.66,    244.775,  -161.66,    244.775,    78.34,          0,     0.00, 9.54323E-005,   -15.81,    244.775,   138.34,    244.775,    18.34,    244.775,  -101.66,          0,     0.00, 9.5435E-005,   164.19
Line.L_CEI_MT_486,    244.775,   -41.66,    244.775,  -161.66,    244.775,    78.34,          0,     0.00, 9.54369E-005,   -15.81,    244.775,   138.34,    244.775,    18.34,    244.775,  -101.66,          0,     0.00, 9.54383E-005,   164.20
Line.L_CEI_MT_48690A,    3.17255,   138.32,    3.17255,    18.32,    3.17255,  -101.68,          0,     0.00, 2.53572E-008,    13.27,    3.17255,   -41.68,    3.17255,  -161.68,    3.17255,    78.32,          0,     0.00, 2.39125E-008,  -173.29
Line.L_CEI_MT_487,    244.775,   -41.66,    244.775,  -161.66,    244.775,    78.34,          0,     0.00, 9.54345E-005,   -15.80,    244.775,   138.34,    244.775,    18.34,    244.775,  -101.66,          0,     0.00, 9.54381E-005,   164.20
Line.L_CEI_MT_4875,    1.05925,   138.30,    1.05925,    18.30,    1.05925,  -101.70,          0,     0.00, 1.51608E-008,   -10.62,    1.05925,   -41.70,    1.05925,  -161.70,    1.05925,    78.30,          0,     0.00, 1.39698E-008,   180.00
Line.L_CEI_MT_4876,    1.05925,   138.30,    1.05925,    18.30,    1.05925,  -101.70,          0,     0.00, 7.67988E-009,   -14.04,    1.05925,   -41.70,    1.05925,  -161.70,    1.05925,    78.30,          0,     0.00, 8.25154E-009,   163.61
Line.L_CEI_MT_4877,    1.05925,   138.30,    1.05925,    18.30,    1.05925,  -101.70,          0,     0.00, 1.17896E-008,     9.09,    1.05925,   -41.70,    1.05925,  -161.70,    1.05925,    78.30,          0,     0.00, 1.19721E-008,  -166.50
Line.L_CEI_MT_4878,    1.05925,   138.30,    1.05925,    18.30,    1.05925,  -101.70,          0,     0.00, 1.41855E-008,   -23.20,    1.05925,   -41.70,    1.05925,  -161.70,    1.05925,    78.30,          0,     0.00, 1.37034E-008,   170.22
Line.L_CEI_MT_4879,    1.05925,   -41.70,    1.05925,  -161.70,    1.05925,    78.30,          0,     0.00, 9.27824E-009,  -162.47,    1.05925,   138.30,    1.05925,    18.30,    1.05925,  -101.70,          0,     0.00, 9.42892E-009,   -20.22
Line.L_CEI_MT_488,    244.775,   -41.66,    244.775,  -161.66,    244.775,    78.34,          0,     0.00, 9.54419E-005,   -15.80,    244.775,   138.34,    244.775,    18.34,    244.775,  -101.66,          0,     0.00, 9.54434E-005,   164.19
Line.L_CEI_MT_4880,    1.05925,   138.30,    1.05925,    18.30,    1.05925,  -101.70,          0,     0.00, 1.13515E-008,   -25.51,    1.05925,   -41.70,    1.05925,  -161.70,    1.05925,    78.30,          0,     0.00, 8.46236E-009,   172.09
Line.L_CEI_MT_4881,    1.05925,   138.30,    1.05925,    18.30,    1.05925,  -101.70,          0,     0.00, 5.30936E-009,   -37.87,    1.05925,   -41.70,    1.05925,  -161.70,    1.05925,    78.30,          0,     0.00, 6.0536E-009,   112.62
Line.L_CEI_MT_4882, 7.26899E-007,   170.15, 1.10445E-006,   146.99, 3.7512E-007,     9.72,          0,     0.00, 1.49754E-006,   148.19, 7.27598E-007,    -9.95, 1.10523E-006,   -32.98, 3.73432E-007,  -170.53,          0,     0.00, 1.49967E-006,   -31.74
Line.L_CEI_MT_4883, 1.69503E-009,   105.95, 2.60313E-009,   153.43, 4.165E-009,    63.43,          0,     0.00, 6.58545E-009,    98.13, 3.6145E-009,   -75.07, 1.56188E-009,   -26.57, 1.91997E-009,  -104.04,          0,     0.00, 6.33368E-009,   -72.90
Line.L_CEI_MT_4884,    1.05925,   138.30,    1.05925,    18.30,    1.05925,  -101.70,          0,     0.00, 7.50335E-007,   159.78,    1.05925,   -41.70,    1.05925,  -161.70,    1.05925,    78.30,          0,     0.00, 7.48738E-007,   -19.89
Line.L_CEI_MT_39482A,    1.05352,   138.36,    1.05352,    18.36,    1.05352,  -101.64,          0,     0.00, 1.5453E-008,    -6.05,    1.05352,   -41.64,    1.05352,  -161.64,    1.05352,    78.36,          0,     0.00, 1.67703E-008,  -178.41
Line.L_CEI_MT_93235A,    23.8119,   -41.69,    23.8119,  -161.69,    23.8119,    78.31,          0,     0.00, 1.39197E-006,  -159.83,    23.8119,   138.31,    23.8119,    18.31,    23.8119,  -101.69,          0,     0.00, 1.38764E-006,    20.18
Line.L_CEI_MT_6177,    38.7161,   138.36,    38.7161,    18.36,    38.7161,  -101.64,          0,     0.00, 9.44116E-006,   179.51,    38.7161,   -41.64,    38.7161,  -161.64,    38.7161,    78.36,          0,     0.00, 9.43736E-006,    -0.43
Line.L_CEI_MT_6178,     47.671,   -41.64,     47.671,  -161.64,     47.671,    78.36,          0,     0.00, 9.69603E-006,    10.52,     47.671,   138.36,     47.671,    18.36,     47.671,  -101.64,          0,     0.00, 9.69528E-006,  -169.47
Line.L_CEI_MT_6179,     47.671,   -41.64,     47.671,  -161.64,     47.671,    78.36,          0,     0.00, 9.69151E-006,    10.50,     47.671,   138.36,     47.671,    18.36,     47.671,  -101.64,          0,     0.00, 9.69082E-006,  -169.48
Line.L_CEI_MT_618,     15.877,   -41.69,     15.877,  -161.69,     15.877,    78.31,          0,     0.00, 6.99332E-006,   -27.81,     15.877,   138.31,     15.877,    18.31,     15.877,  -101.69,          0,     0.00, 6.99254E-006,   152.21
Line.L_CEI_MT_6180,    186.714,   138.36,    186.714,    18.36,    186.714,  -101.64,          0,     0.00, 5.64905E-005,   167.72,    186.714,   -41.64,    186.714,  -161.64,    186.714,    78.36,          0,     0.00, 5.64899E-005,   -12.29
Line.L_CEI_MT_6181,    4.74162,   -41.64,    4.74162,  -161.64,    4.74162,    78.36,          0,     0.00, 3.13043E-008,  -175.31,    4.74162,   138.36,    4.74162,    18.36,    4.74162,  -101.64,          0,     0.00, 3.24663E-008,     8.25
Line.L_CEI_MT_6182,    4.74162,   -41.64,    4.74162,  -161.64,    4.74162,    78.36,          0,     0.00, 3.00523E-008,  -167.47,    4.74162,   138.36,    4.74162,    18.36,    4.74162,  -101.64,          0,     0.00, 3.01567E-008,    13.39
Line.L_CEI_MT_6183,    12.6443,   -41.64,    12.6443,  -161.64,    12.6443,    78.36,          0,     0.00, 1.2283E-006,   152.94,    12.6443,   138.36,    12.6443,    18.36,    12.6443,  -101.64,          0,     0.00, 1.22831E-006,   -27.11
Line.L_CEI_MT_6184,    12.6443,   -41.64,    12.6443,  -161.64,    12.6443,    78.36,          0,     0.00, 1.22344E-006,   152.81,    12.6443,   138.36,    12.6443,    18.36,    12.6443,  -101.64,          0,     0.00, 1.22144E-006,   -27.10
Line.L_CEI_MT_6185,    12.6443,   -41.64,    12.6443,  -161.64,    12.6443,    78.36,          0,     0.00, 1.23231E-006,   152.72,    12.6443,   138.36,    12.6443,    18.36,    12.6443,  -101.64,          0,     0.00, 1.22999E-006,   -27.17
Line.L_CEI_MT_6186,    330.775,   -41.64,    330.775,  -161.64,    330.775,    78.36,          0,     0.00, 9.89237E-005,   -10.78,    330.775,   138.36,    330.775,    18.36,    330.775,  -101.64,          0,     0.00, 9.89223E-005,   169.22
Line.L_CEI_MT_6187,    332.356,   -41.64,    332.356,  -161.64,    332.356,    78.36,          0,     0.00, 9.97536E-005,   -10.35,    332.356,   138.36,    332.356,    18.36,    332.356,  -101.64,          0,     0.00, 9.97569E-005,   169.65
Line.L_CEI_MT_6188,    335.517,   138.36,    335.517,    18.36,    335.517,  -101.64,          0,     0.00, 0.00010192,   169.22,    335.517,   -41.64,    335.517,  -161.64,    335.517,    78.36,          0,     0.00, 0.000101921,   -10.78
Line.L_CEI_MT_6189,    6.32286,   -41.65,    6.32286,  -161.65,    6.32286,    78.35,          0,     0.00, 6.34841E-007,     5.94,    6.32286,   138.35,    6.32286,    18.35,    6.32286,  -101.65,          0,     0.00, 6.36135E-007,  -174.16
Line.L_CEI_MT_619,     15.877,   -41.69,     15.877,  -161.69,     15.877,    78.31,          0,     0.00, 6.9909E-006,   -27.83,     15.877,   138.31,     15.877,    18.31,     15.877,  -101.69,          0,     0.00, 6.99419E-006,   152.18
Line.L_CEI_MT_6190,    6.32286,   -41.65,    6.32286,  -161.65,    6.32286,    78.35,          0,     0.00, 6.38404E-007,     6.55,    6.32286,   138.35,    6.32286,    18.35,    6.32286,  -101.65,          0,     0.00, 6.37294E-007,  -173.58
Line.L_CEI_MT_6191,    6.32286,   -41.65,    6.32286,  -161.65,    6.32286,    78.35,          0,     0.00, 6.37205E-007,     6.71,    6.32286,   138.35,    6.32286,    18.35,    6.32286,  -101.65,          0,     0.00, 6.38787E-007,  -173.51
Line.L_CEI_MT_6192,    6.32286,   -41.65,    6.32286,  -161.65,    6.32286,    78.35,          0,     0.00, 6.28243E-007,     6.30,    6.32286,   138.35,    6.32286,    18.35,    6.32286,  -101.65,          0,     0.00, 6.29944E-007,  -173.85
Line.L_CEI_MT_6193,    3.16142,   -41.65,    3.16142,  -161.65,    3.16142,    78.35,          0,     0.00, 3.59163E-008,  -166.50,    3.16142,   138.35,    3.16142,    18.35,    3.16142,  -101.65,          0,     0.00, 3.55766E-008,    14.40
Line.L_CEI_MT_6194,    3.16142,   -41.65,    3.16142,  -161.65,    3.16142,    78.35,          0,     0.00, 4.03765E-008,  -165.64,    3.16142,   138.35,    3.16142,    18.35,    3.16142,  -101.65,          0,     0.00, 4.02009E-008,    18.23
Line.L_CEI_MT_29927A,    1.58769,   138.31,    1.58769,    18.31,    1.58769,  -101.69,          0,     0.00, 1.16415E-008,    16.26,    1.58769,   -41.69,    1.58769,  -161.69,    1.58769,    78.31,          0,     0.00, 1.62732E-008,  -160.79
Line.L_CEI_MT_30322A,    1.05752,   -41.68,    1.05752,  -161.68,    1.05752,    78.32,          0,     0.00, 1.16415E-008,   180.00,    1.05752,   138.32,    1.05752,    18.32,    1.05752,  -101.68,          0,     0.00, 9.49766E-009,    11.31
Line.L_CEI_MT_30499A, 1.86265E-009,   180.00, 1.31709E-009,   -45.00, 3.75428E-009,    97.13,          0,     0.00, 3.12375E-009,   116.57, 1.67897E-009,   -56.31, 1.91997E-009,   104.04, 3.83994E-009,   -75.96,          0,     0.00, 3.54637E-009,   -66.80
Line.L_CEI_MT_71429A,    7.93743,   -41.69,    7.93743,  -161.69,    7.93743,    78.31,          0,     0.00, 5.64373E-008,  -171.94,    7.93743,   138.31,    7.93743,    18.31,    7.93743,  -101.69,          0,     0.00, 5.47449E-008,     5.61
Line.L_CEI_MT_4885,    1.58887,   -41.70,    1.58887,  -161.70,    1.58887,    78.30,          0,     0.00, 1.02445E-008,   180.00,    1.58887,   138.30,    1.58887,    18.30,    1.58887,  -101.70,          0,     0.00, 1.17896E-008,     9.09
Line.L_CEI_MT_4886,    1.58887,   -41.70,    1.58887,  -161.70,    1.58887,    78.30,          0,     0.00, 8.74898E-009,  -154.80,    1.58887,   138.30,    1.58887,    18.30,    1.58887,  -101.70,          0,     0.00, 6.71586E-009,    33.69
Line.L_CEI_MT_4887,    2.64812,   138.30,    2.64812,    18.30,    2.64812,  -101.70,          0,     0.00, 2.30928E-006,  -155.15,    2.64812,   -41.70,    2.64812,  -161.70,    2.64812,    78.30,          0,     0.00, 2.3085E-006,    24.81
Line.L_CEI_MT_4888,    2.64812,   138.30,    2.64812,    18.30,    2.64812,  -101.70,          0,     0.00, 2.30729E-006,  -155.23,    2.64812,   -41.70,    2.64812,  -161.70,    2.64812,    78.30,          0,     0.00, 2.30782E-006,    24.69
Line.L_CEI_MT_4889,    1.58887,   -41.70,    1.58887,  -161.70,    1.58887,    78.30,          0,     0.00, 1.4858E-006,   -32.30,    1.58887,   138.30,    1.58887,    18.30,    1.58887,  -101.70,          0,     0.00, 1.48653E-006,   147.82
Line.L_CEI_MT_489,    244.775,   138.34,    244.775,    18.34,    244.775,  -101.66,          0,     0.00, 9.54416E-005,   164.20,    244.775,   -41.66,    244.775,  -161.66,    244.775,    78.34,          0,     0.00, 9.54397E-005,   -15.81
Line.L_CEI_MT_4890,    1.58887,   -41.70,    1.58887,  -161.70,    1.58887,    78.30,          0,     0.00, 1.48105E-006,   -32.08,    1.58887,   138.30,    1.58887,    18.30,    1.58887,  -101.70,          0,     0.00, 1.48248E-006,   147.94
Line.L_CEI_MT_4891,    1.58887,   -41.70,    1.58887,  -161.70,    1.58887,    78.30,          0,     0.00, 1.16508E-008,   177.71,    1.58887,   138.30,    1.58887,    18.30,    1.58887,  -101.70,          0,     0.00, 1.15198E-008,    14.04
Line.L_CEI_MT_4892,    4.23699,   138.30,    4.23699,    18.30,    4.23698,  -101.70,          0,     0.00, 3.29489E-006,   175.61,    4.23699,   -41.70,    4.23699,  -161.70,    4.23698,    78.30,          0,     0.00, 3.29567E-006,    -4.35
Line.L_CEI_MT_4893,    4.23699,   -41.70,    4.23699,  -161.70,    4.23698,    78.30,          0,     0.00, 3.29024E-006,    -4.39,    4.23699,   138.30,    4.23699,    18.30,    4.23698,  -101.70,          0,     0.00, 3.28924E-006,   175.62
Line.L_CEI_MT_4894,    4.23699,   -41.70,    4.23699,  -161.70,    4.23698,    78.30,          0,     0.00, 3.29825E-006,    -4.51,    4.23699,   138.30,    4.23699,    18.30,    4.23698,  -101.70,          0,     0.00, 3.29599E-006,   175.58
Line.L_CEI_MT_4895,    4.23699,   -41.70,    4.23699,  -161.70,    4.23698,    78.30,          0,     0.00, 3.29085E-006,    -4.32,    4.23699,   138.30,    4.23699,    18.30,    4.23698,  -101.70,          0,     0.00, 3.29042E-006,   175.67
Line.L_CEI_MT_4896,    4.23699,   -41.70,    4.23699,  -161.70,    4.23698,    78.30,          0,     0.00, 3.29721E-006,    -4.28,    4.23699,   138.30,    4.23699,    18.30,    4.23698,  -101.70,          0,     0.00, 3.29512E-006,   175.78
Line.L_CEI_MT_4897,    4.23699,   138.30,    4.23698,    18.30,    4.23698,  -101.70,          0,     0.00, 4.22317E-006,  -179.64,    4.23699,   -41.70,    4.23698,  -161.70,    4.23698,    78.30,          0,     0.00, 4.22504E-006,     0.38
Line.L_CEI_MT_4898,    4.23699,   -41.70,    4.23698,  -161.70,    4.23698,    78.30,          0,     0.00, 4.23155E-006,     0.36,    4.23699,   138.30,    4.23698,    18.30,    4.23698,  -101.70,          0,     0.00, 4.2297E-006,  -179.62
Line.L_CEI_MT_4899,    7.94427,   -41.70,    7.94427,  -161.70,    7.94427,    78.30,          0,     0.00, 4.77252E-008,  -162.98,    7.94427,   138.30,    7.94427,    18.30,    7.94427,  -101.70,          0,     0.00, 5.01554E-008,    12.88
Line.L_CEI_MT_490,    244.775,   -41.66,    244.775,  -161.66,    244.775,    78.34,          0,     0.00, 9.54414E-005,   -15.81,    244.775,   138.34,    244.775,    18.34,    244.775,  -101.66,          0,     0.00, 9.54409E-005,   164.19
Line.L_CEI_MT_4900,    7.94427,   -41.70,    7.94427,  -161.70,    7.94427,    78.30,          0,     0.00, 5.78339E-008,  -166.97,    7.94427,   138.30,    7.94427,    18.30,    7.94427,  -101.70,          0,     0.00, 5.70791E-008,    11.77
Line.L_CEI_MT_4901,    7.94427,   -41.70,    7.94427,  -161.70,    7.94427,    78.30,          0,     0.00, 5.72839E-008,  -179.07,    7.94427,   138.30,    7.94427,    18.30,    7.94427,  -101.70,          0,     0.00, 5.4554E-008,     2.94
Line.L_CEI_MT_4902,    4.76657,   -41.70,    4.76657,  -161.70,    4.76657,    78.30,          0,     0.00, 3.52337E-008,  -172.41,    4.76657,   138.30,    4.76657,    18.30,    4.76657,  -101.70,          0,     0.00, 3.24296E-008,    15.83
Line.L_CEI_MT_4903,    4.76657,   -41.70,    4.76657,  -161.70,    4.76657,    78.30,          0,     0.00, 3.02716E-008,  -179.12,    4.76657,   138.30,    4.76657,    18.30,    4.76657,  -101.70,          0,     0.00, 3.03002E-008,     2.64
Line.L_CEI_MT_4904,    12.7108,   -41.70,    12.7108,  -161.70,    12.7108,    78.30,          0,     0.00, 1.2893E-006,    52.51,    12.7108,   138.30,    12.7108,    18.30,    12.7108,  -101.70,          0,     0.00, 1.28632E-006,  -127.48
Line.L_CEI_MT_4905,     9.0035,   -41.70,     9.0035,  -161.70,     9.0035,    78.30,          0,     0.00, 2.04112E-006,   -76.95,     9.0035,   138.30,     9.0035,    18.30,     9.0035,  -101.70,          0,     0.00, 2.04558E-006,   102.96
Line.L_CEI_MT_4906,     9.0035,   -41.70,     9.0035,  -161.70,     9.0035,    78.30,          0,     0.00, 2.03483E-006,   -77.01,     9.0035,   138.30,     9.0035,    18.30,     9.0035,  -101.70,          0,     0.00, 2.0444E-006,   102.87
Line.L_CEI_MT_4907,    21.7143,   138.30,    21.7143,    18.30,    21.7143,  -101.70,          0,     0.00, 1.94392E-006,   140.02,    21.7143,   -41.70,    21.7143,  -161.70,    21.7143,    78.30,          0,     0.00, 1.94733E-006,   -40.05
Line.L_CEI_MT_4908,    23.3032,   138.30,    23.3032,    18.30,    23.3032,  -101.70,          0,     0.00, 2.49595E-006,   122.55,    23.3032,   -41.70,    23.3032,  -161.70,    23.3032,    78.30,          0,     0.00, 2.49696E-006,   -57.41
Line.L_CEI_MT_4909,    23.3032,   138.30,    23.3032,    18.30,    23.3032,  -101.70,          0,     0.00, 2.50168E-006,   122.43,    23.3032,   -41.70,    23.3032,  -161.70,    23.3032,    78.30,          0,     0.00, 2.5015E-006,   -57.52
Line.L_CEI_MT_491,    244.775,   -41.66,    244.775,  -161.66,    244.775,    78.34,          0,     0.00, 9.545E-005,   -15.80,    244.775,   138.34,    244.775,    18.34,    244.775,  -101.66,          0,     0.00, 9.54514E-005,   164.20
Line.L_CEI_MT_4910,    23.3032,   -41.70,    23.3032,  -161.70,    23.3032,    78.30,          0,     0.00, 2.50504E-006,   -57.43,    23.3032,   138.30,    23.3032,    18.30,    23.3032,  -101.70,          0,     0.00, 2.50133E-006,   122.54
Line.L_CEI_MT_4912,     2.1185,   138.30,     2.1185,    18.30,     2.1185,  -101.70,          0,     0.00, 1.27186E-008,    23.75,     2.1185,   -41.70,     2.1185,  -161.70,     2.1185,    78.30,          0,     0.00, 1.31131E-008,   173.88
Line.L_CEI_MT_4913,    29.6587,   -41.70,    29.6587,  -161.70,    29.6587,    78.30,          0,     0.00, 8.35872E-006,   -24.17,    29.6587,   138.30,    29.6587,    18.30,    29.6587,  -101.70,          0,     0.00, 8.35768E-006,   155.83
Line.L_CEI_MT_4914,    1.58888,   -41.70,    1.58888,  -161.70,    1.58888,    78.30,          0,     0.00, 1.07506E-008,   175.03,    1.58888,   138.30,    1.58888,    18.30,    1.58888,  -101.70,          0,     0.00, 1.26674E-008,    17.10
Line.L_CEI_MT_4915,    1.58888,   -41.70,    1.58888,  -161.70,    1.58888,    78.30,          0,     0.00, 8.47516E-009,   159.08,    1.58888,   138.30,    1.58888,    18.30,    1.58888,  -101.70,          0,     0.00, 9.70376E-009,    30.26
Line.L_CEI_MT_4916,    1.58888,   -41.70,    1.58888,  -161.70,    1.58888,    78.30,          0,     0.00, 1.02472E-008,  -178.70,    1.58888,   138.30,    1.58888,    18.30,    1.58888,  -101.70,          0,     0.00, 1.17827E-008,    29.60
Line.L_CEI_MT_4917,    1.58888,   -41.70,    1.58888,  -161.70,    1.58888,    78.30,          0,     0.00, 1.2143E-008,   175.60,    1.58888,   138.30,    1.58888,    18.30,    1.58888,  -101.70,          0,     0.00, 1.5757E-008,    18.97
Line.L_CEI_MT_4918,    1.58886,   138.30,    1.58886,    18.30,    1.58886,  -101.70,          0,     0.00, 1.38216E-008,    32.62,    1.58886,   -41.70,    1.58886,  -161.70,    1.58886,    78.30,          0,     0.00, 1.2812E-008,  -160.91
Line.L_CEI_MT_4919,    1.58886,   138.30,    1.58886,    18.30,    1.58886,  -101.70,          0,     0.00, 1.14538E-008,    26.57,    1.58886,   -41.70,    1.58886,  -161.70,    1.58886,    78.30,          0,     0.00, 1.32448E-008,  -169.88
Line.L_CEI_MT_492,    244.775,   -41.66,    244.775,  -161.66,    244.775,    78.34,          0,     0.00, 9.54425E-005,   -15.80,    244.775,   138.34,    244.775,    18.34,    244.775,  -101.66,          0,     0.00, 9.54458E-005,   164.20
Line.L_CEI_MT_4920,    1.58886,   -41.70,    1.58886,  -161.70,    1.58886,    78.30,          0,     0.00, 1.27101E-008,  -171.57,    1.58886,   138.30,    1.58886,    18.30,    1.58886,  -101.70,          0,     0.00, 1.00307E-008,    21.80
Line.L_CEI_MT_4921,    1.58886,   -41.70,    1.58886,  -161.70,    1.58886,    78.30,          0,     0.00, 1.45849E-008,  -163.30,    1.58886,   138.30,    1.58886,    18.30,    1.58886,  -101.70,          0,     0.00, 1.06391E-008,    23.20
Line.L_CEI_MT_4922,    1.58886,   -41.70,    1.58886,  -161.70,    1.58886,    78.30,          0,     0.00, 1.16787E-008,  -156.50,    1.58886,   138.30,    1.58886,    18.30,    1.58886,  -101.70,          0,     0.00, 8.95717E-009,    27.90
Line.L_CEI_MT_4924,    31.2476,   -41.70,    31.2476,  -161.70,    31.2476,    78.30,          0,     0.00, 1.04692E-005,   -19.38,    31.2476,   138.30,    31.2476,    18.30,    31.2476,  -101.70,          0,     0.00, 1.04726E-005,   160.63
Line.L_CEI_MT_4925,    31.2476,   -41.70,    31.2476,  -161.70,    31.2476,    78.30,          0,     0.00, 1.04659E-005,   -19.34,    31.2476,   138.30,    31.2476,    18.30,    31.2476,  -101.70,          0,     0.00, 1.04699E-005,   160.67
Line.L_CEI_MT_4926,    2.64815,   -41.70,    2.64815,  -161.70,    2.64815,    78.30,          0,     0.00, 3.05106E-008,  -164.05,    2.64815,   138.30,    2.64815,    18.30,    2.64815,  -101.70,          0,     0.00, 3.07795E-008,    17.61
Line.L_CEI_MT_4927,    2.64815,   -41.70,    2.64815,  -161.70,    2.64815,    78.30,          0,     0.00, 2.8493E-008,  -168.69,    2.64815,   138.30,    2.64815,    18.30,    2.64815,  -101.70,          0,     0.00, 2.94988E-008,    11.84
Line.L_CEI_MT_4928,    2.64815,   -41.70,    2.64815,  -161.70,    2.64815,    78.30,          0,     0.00, 3.00523E-008,  -139.40,    2.64815,   138.30,    2.64815,    18.30,    2.64815,  -101.70,          0,     0.00, 2.91736E-008,    28.61
Line.L_CEI_MT_4929,    2.64815,   -41.70,    2.64815,  -161.70,    2.64815,    78.30,          0,     0.00, 2.6815E-008,  -159.68,    2.64815,   138.30,    2.64815,    18.30,    2.64815,  -101.70,          0,     0.00, 2.6218E-008,    19.72
Line.L_CEI_MT_493,    244.775,   -41.66,    244.775,  -161.66,    244.775,    78.34,          0,     0.00, 9.5442E-005,   -15.80,    244.775,   138.34,    244.775,    18.34,    244.775,  -101.66,          0,     0.00, 9.54456E-005,   164.20
Line.L_CEI_MT_4930,    2.64815,   -41.70,    2.64815,  -161.70,    2.64815,    78.30,          0,     0.00, 3.28159E-008,  -164.78,    2.64815,   138.30,    2.64815,    18.30,    2.64815,  -101.70,          0,     0.00, 3.51266E-008,    17.35
Line.L_CEI_MT_4931,    1.58889,   -41.70,    1.58889,  -161.70,    1.58889,    78.30,          0,     0.00, 9.27824E-009,   162.47,    1.58889,   138.30,    1.58889,    18.30,    1.58889,  -101.70,          0,     0.00, 7.97084E-009,    -6.71
Line.L_CEI_MT_4932,    33.8957,   -41.70,    33.8957,  -161.70,    33.8957,    78.30,          0,     0.00, 1.04651E-005,   -15.14,    33.8957,   138.30,    33.8957,    18.30,    33.8957,  -101.70,          0,     0.00, 1.04624E-005,   164.87
Line.L_CEI_MT_4933,    33.8957,   -41.70,    33.8957,  -161.70,    33.8957,    78.30,          0,     0.00, 1.04617E-005,   -15.12,    33.8957,   138.30,    33.8957,    18.30,    33.8957,  -101.70,          0,     0.00, 1.04612E-005,   164.87
Line.L_CEI_MT_4934,    2.11854,   -41.70,    2.11854,  -161.70,    2.11854,    78.30,          0,     0.00, 1.5046E-008,  -158.20,    2.11854,   138.30,    2.11854,    18.30,    2.11854,  -101.70,          0,     0.00, 1.51107E-008,    33.69
Line.L_CEI_MT_4935,    2.11854,   138.30,    2.11854,    18.30,    2.11854,  -101.70,          0,     0.00, 1.49012E-008,     0.00,    2.11854,   -41.70,    2.11854,  -161.70,    2.11854,    78.30,          0,     0.00, 1.63247E-008,  -176.73
Line.L_CEI_MT_4936,    36.0143,   -41.70,    36.0142,  -161.70,    36.0142,    78.30,          0,     0.00, 1.21844E-005,   -11.45,    36.0143,   138.30,    36.0142,    18.30,    36.0142,  -101.70,          0,     0.00, 1.21806E-005,   168.54
Line.L_CEI_MT_4937,    36.0143,   -41.70,    36.0142,  -161.70,    36.0142,    78.30,          0,     0.00, 1.21722E-005,   -11.47,    36.0143,   138.30,    36.0142,    18.30,    36.0142,  -101.70,          0,     0.00, 1.21728E-005,   168.52
Line.L_CEI_MT_4938,    36.0143,   -41.70,    36.0142,  -161.70,    36.0142,    78.30,          0,     0.00, 1.21755E-005,   -11.42,    36.0143,   138.30,    36.0142,    18.30,    36.0142,  -101.70,          0,     0.00, 1.2174E-005,   168.56
Line.L_CEI_MT_4939,    36.0143,   138.30,    36.0142,    18.30,    36.0142,  -101.70,          0,     0.00, 1.21799E-005,   168.60,    36.0143,   -41.70,    36.0142,  -161.70,    36.0142,    78.30,          0,     0.00, 1.21815E-005,   -11.41
Line.L_CEI_MT_494,    11.9101,   -41.70,    11.9101,  -161.70,    11.9101,    78.30,          0,     0.00, 2.94045E-006,   -37.76,    11.9101,   138.30,    11.9101,    18.30,    11.9101,  -101.70,          0,     0.00, 2.94258E-006,   142.26
Line.L_CEI_MT_4940,    40.7811,   138.30,     40.781,    18.30,     40.781,  -101.70,          0,     0.00, 1.3263E-005,   167.18,    40.7811,   -41.70,     40.781,  -161.70,     40.781,    78.30,          0,     0.00, 1.32616E-005,   -12.82
Line.L_CEI_MT_4941,    40.7811,   138.30,     40.781,    18.30,     40.781,  -101.70,          0,     0.00, 1.32626E-005,   167.22,    40.7811,   -41.70,     40.781,  -161.70,     40.781,    78.30,          0,     0.00, 1.32623E-005,   -12.79
Line.L_CEI_MT_4942,    40.7811,   138.30,     40.781,    18.30,     40.781,  -101.70,          0,     0.00, 1.32685E-005,   167.19,    40.7811,   -41.70,     40.781,  -161.70,     40.781,    78.30,          0,     0.00, 1.32719E-005,   -12.80
Line.L_CEI_MT_4943,    40.7811,   138.30,     40.781,    18.30,     40.781,  -101.70,          0,     0.00, 1.32677E-005,   167.18,    40.7811,   -41.70,     40.781,  -161.70,     40.781,    78.30,          0,     0.00, 1.32705E-005,   -12.82
Line.L_CEI_MT_4944,    40.7811,   138.30,     40.781,    18.30,     40.781,  -101.70,          0,     0.00, 1.32621E-005,   167.17,    40.7811,   -41.70,     40.781,  -161.70,     40.781,    78.30,          0,     0.00, 1.32651E-005,   -12.83
Line.L_CEI_MT_4945,    40.7811,   138.30,     40.781,    18.30,     40.781,  -101.70,          0,     0.00, 1.32726E-005,   167.21,    40.7811,   -41.70,     40.781,  -161.70,     40.781,    78.30,          0,     0.00, 1.32736E-005,   -12.80
Line.L_CEI_MT_4946,    40.7811,   138.30,     40.781,    18.30,     40.781,  -101.70,          0,     0.00, 1.34124E-005,   163.18,    40.7811,   -41.70,     40.781,  -161.70,     40.781,    78.30,          0,     0.00, 1.34125E-005,   -16.84
Line.L_CEI_MT_4947,    40.7811,   -41.70,     40.781,  -161.70,     40.781,    78.30,          0,     0.00, 1.34134E-005,   -16.79,    40.7811,   138.30,     40.781,    18.30,     40.781,  -101.70,          0,     0.00, 1.34148E-005,   163.20
Line.L_CEI_MT_4948,    40.7811,   -41.70,     40.781,  -161.70,     40.781,    78.30,          0,     0.00, 1.34139E-005,   -16.80,    40.7811,   138.30,     40.781,    18.30,     40.781,  -101.70,          0,     0.00, 1.34165E-005,   163.19
Line.L_CEI_MT_4949,     43.959,   -41.70,     43.959,  -161.70,     43.959,    78.30,          0,     0.00, 1.43911E-005,   -17.98,     43.959,   138.30,     43.959,    18.30,     43.959,  -101.70,          0,     0.00, 1.43935E-005,   162.02
Line.L_CEI_MT_495,    11.9101,   -41.70,    11.9101,  -161.70,    11.9101,    78.30,          0,     0.00, 2.94899E-006,   -37.73,    11.9101,   138.30,    11.9101,    18.30,    11.9101,  -101.70,          0,     0.00, 2.9476E-006,   142.26
Line.L_CEI_MT_4950,     43.959,   -41.70,     43.959,  -161.70,     43.959,    78.30,          0,     0.00, 1.43964E-005,   -18.00,     43.959,   138.30,     43.959,    18.30,     43.959,  -101.70,          0,     0.00, 1.43944E-005,   162.00
Line.L_CEI_MT_4951,     43.959,   -41.70,     43.959,  -161.70,     43.959,    78.30,          0,     0.00, 1.43976E-005,   -17.98,     43.959,   138.30,     43.959,    18.30,     43.959,  -101.70,          0,     0.00, 1.43946E-005,   162.01
Line.L_CEI_MT_4952,     43.959,   -41.70,     43.959,  -161.70,     43.959,    78.30,          0,     0.00, 1.43979E-005,   -17.98,     43.959,   138.30,     43.959,    18.30,     43.959,  -101.70,          0,     0.00, 1.43954E-005,   162.02
Line.L_CEI_MT_49523,    11.9101,   138.30,    11.9101,    18.30,    11.9101,  -101.70,          0,     0.00, 7.79913E-008,    13.29,    11.9101,   -41.70,    11.9101,  -161.70,    11.9101,    78.30,          0,     0.00, 8.1926E-008,  -167.86
Line.L_CEI_MT_4953,     43.959,   -41.70,     43.959,  -161.70,     43.959,    78.30,          0,     0.00, 1.43999E-005,   -17.99,     43.959,   138.30,     43.959,    18.30,     43.959,  -101.70,          0,     0.00, 1.43996E-005,   162.02
Line.L_CEI_MT_4954,     43.959,   -41.70,     43.959,  -161.70,     43.959,    78.30,          0,     0.00, 1.43986E-005,   -17.98,     43.959,   138.30,     43.959,    18.30,     43.959,  -101.70,          0,     0.00, 1.43976E-005,   162.01
Line.L_CEI_MT_4955,     43.959,   -41.70,     43.959,  -161.70,     43.959,    78.30,          0,     0.00, 1.43936E-005,   -18.00,     43.959,   138.30,     43.959,    18.30,     43.959,  -101.70,          0,     0.00, 1.43966E-005,   162.00
Line.L_CEI_MT_4956,    1.58906,   138.30,    1.58906,    18.30,    1.58906,  -101.70,          0,     0.00, 1.04644E-008,    20.85,    1.58906,   -41.70,    1.58906,  -161.70,    1.58906,    78.30,          0,     0.00, 1.25383E-008,  -164.93
Line.L_CEI_MT_4957,    45.5481,   138.30,    45.5481,    18.30,    45.5481,  -101.70,          0,     0.00, 1.43829E-005,   161.94,    45.5481,   -41.70,    45.5481,  -161.70,    45.5481,    78.30,          0,     0.00, 1.43827E-005,   -18.06
Line.L_CEI_MT_4958,    45.5481,   138.30,    45.5481,    18.30,    45.5481,  -101.70,          0,     0.00, 1.43851E-005,   161.97,    45.5481,   -41.70,    45.5481,  -161.70,    45.5481,    78.30,          0,     0.00, 1.4385E-005,   -18.01
Line.L_CEI_MT_4959,    1.58907,   -41.70,    1.58907,  -161.70,    1.58907,    78.30,          0,     0.00, 7.67988E-009,  -165.96,    1.58907,   138.30,    1.58907,    18.30,    1.58907,  -101.70,          0,     0.00, 9.51192E-009,    21.54
Line.L_CEI_MT_496, 7.27064E-007,   -10.74, 1.09373E-006,   -32.99, 3.63331E-007,  -170.26,          0,     0.00, 1.50005E-006,   -31.89, 7.27935E-007,   169.29, 1.09864E-006,   147.01, 3.63331E-007,     9.74,          0,     0.00, 1.50563E-006,   148.13
Line.L_CEI_MT_4960,    47.1372,   -41.70,    47.1372,  -161.70,    47.1372,    78.30,          0,     0.00, 1.51805E-005,   -15.12,    47.1372,   138.30,    47.1372,    18.30,    47.1372,  -101.70,          0,     0.00, 1.51817E-005,   164.87
Line.L_CEI_MT_4961,    1.58908,   138.30,    1.58908,    18.30,    1.58908,  -101.70,          0,     0.00, 1.27186E-008,    23.75,    1.58908,   -41.70,    1.58908,  -161.70,    1.58908,    78.30,          0,     0.00, 1.1501E-008,  -148.24
Line.L_CEI_MT_4962,    2.11878,   -41.70,    2.11878,  -161.70,    2.11878,    78.30,          0,     0.00, 9.41742E-009,  -171.47,    2.11878,   138.30,    2.11878,    18.30,    2.11878,  -101.70,          0,     0.00, 1.03079E-008,    18.43
Line.L_CEI_MT_4963,     50.845,   -41.70,     50.845,  -161.70,     50.845,    78.30,          0,     0.00, 1.54323E-005,   -19.73,     50.845,   138.30,     50.845,    18.30,     50.845,  -101.70,          0,     0.00, 1.54325E-005,   160.28
Line.L_CEI_MT_4964,    3.17799,   -41.70,    3.17799,  -161.70,    3.17799,    78.30,          0,     0.00, 2.76285E-008,  -167.84,    3.17799,   138.30,    3.17799,    18.30,    3.17799,  -101.70,          0,     0.00, 2.86571E-008,    16.52
Line.L_CEI_MT_4965,    3.17799,   -41.70,    3.17799,  -161.70,    3.17799,    78.30,          0,     0.00, 1.77929E-008,  -173.99,    3.17799,   138.30,    3.17799,    18.30,    3.17799,  -101.70,          0,     0.00, 1.92955E-008,    19.75
Line.L_CEI_MT_4966,    3.17799,   -41.70,    3.17799,  -161.70,    3.17799,    78.30,          0,     0.00, 1.35762E-008,   174.09,    3.17799,   138.30,    3.17799,    18.30,    3.17799,  -101.70,          0,     0.00, 1.84216E-008,    16.14
Line.L_CEI_MT_4967,    552.505,   138.33,    552.505,    18.33,    552.505,  -101.67,          0,     0.00, 0.000196064,   162.05,    552.505,   -41.67,    552.505,  -161.67,    552.505,    78.33,          0,     0.00, 0.000196066,   -17.95
Line.L_CEI_MT_4968,    552.505,   138.33,    552.505,    18.33,    552.505,  -101.67,          0,     0.00, 0.000197515,   161.94,    552.505,   -41.67,    552.505,  -161.67,    552.505,    78.33,          0,     0.00, 0.000197517,   -18.06
Line.L_CEI_MT_4969,    552.505,   138.33,    552.505,    18.33,    552.505,  -101.67,          0,     0.00, 0.000197512,   161.94,    552.505,   -41.67,    552.505,  -161.67,    552.505,    78.33,          0,     0.00, 0.000197517,   -18.06
Line.L_CEI_MT_497, 7.27064E-007,   -10.74, 1.09619E-006,   -32.97, 3.62561E-007,  -170.54,          0,     0.00, 1.50193E-006,   -31.81, 7.26805E-007,   169.37, 1.09774E-006,   147.00, 3.63331E-007,     9.74,          0,     0.00, 1.50331E-006,   148.14
Line.L_CEI_MT_4970,    552.505,   -41.67,    552.505,  -161.67,    552.505,    78.33,          0,     0.00, 0.000197519,   -18.06,    552.505,   138.33,    552.505,    18.33,    552.505,  -101.67,          0,     0.00, 0.000197518,   161.94
Line.L_CEI_MT_4971,    552.505,   138.33,    552.505,    18.33,    552.505,  -101.67,          0,     0.00, 0.000197519,   161.94,    552.505,   -41.67,    552.505,  -161.67,    552.505,    78.33,          0,     0.00, 0.000197515,   -18.06
Line.L_CEI_MT_4972,    552.505,   -41.67,    552.505,  -161.67,    552.505,    78.33,          0,     0.00, 0.000197517,   -18.06,    552.505,   138.33,    552.505,    18.33,    552.505,  -101.67,          0,     0.00, 0.000197519,   161.94
Line.L_CEI_MT_4973,    552.505,   138.33,    552.505,    18.33,    552.505,  -101.67,          0,     0.00, 0.000197513,   161.94,    552.505,   -41.67,    552.505,  -161.67,    552.505,    78.33,          0,     0.00, 0.000197515,   -18.06
Line.L_CEI_MT_4974,    552.505,   -41.67,    552.505,  -161.67,    552.505,    78.33,          0,     0.00, 0.000197518,   -18.06,    552.505,   138.33,    552.505,    18.33,    552.505,  -101.67,          0,     0.00, 0.000197521,   161.94
Line.L_CEI_MT_4975,    560.455,   -41.67,    560.455,  -161.67,    560.455,    78.33,          0,     0.00, 0.000197476,   -18.06,    560.455,   138.33,    560.455,    18.33,    560.455,  -101.67,          0,     0.00, 0.000197475,   161.94
Line.L_CEI_MT_4976,    560.455,   -41.67,    560.455,  -161.67,    560.455,    78.33,          0,     0.00, 0.000197485,   -18.06,    560.455,   138.33,    560.455,    18.33,    560.455,  -101.67,          0,     0.00, 0.000197483,   161.94
Line.L_CEI_MT_4977,    560.455,   -41.67,    560.455,  -161.67,    560.455,    78.33,          0,     0.00, 0.000197477,   -18.06,    560.455,   138.33,    560.455,    18.33,    560.455,  -101.67,          0,     0.00, 0.000197483,   161.94
Line.L_CEI_MT_4978,    560.455,   -41.67,    560.455,  -161.67,    560.455,    78.33,          0,     0.00, 0.000197475,   -18.07,    560.455,   138.33,    560.455,    18.33,    560.455,  -101.67,          0,     0.00, 0.000197475,   161.93
Line.L_CEI_MT_411, 2.84206E-009,    34.99, 1.87714E-009,    60.26, 2.0825E-009,   -63.43,          0,     0.00, 4.41765E-009,    18.43, 3.81871E-009,  -127.57, 6.98492E-010,   -90.00, 1.86265E-009,    90.00,          0,     0.00, 2.98169E-009,  -141.34
Line.L_CEI_MT_9432A,    9.51343,   -41.68,    9.51343,  -161.68,    9.51343,    78.32,          0,     0.00, 2.66712E-006,    -5.63,    9.51343,   138.32,    9.51343,    18.32,    9.51343,  -101.68,          0,     0.00, 2.66571E-006,   174.48
Line.L_CEI_MT_94846A,    39.6868,   -41.69,    39.6868,  -161.69,    39.6868,    78.31,          0,     0.00, 1.49282E-006,  -160.13,    39.6868,   138.31,    39.6868,    18.31,    39.6868,  -101.69,          0,     0.00, 1.49071E-006,    19.91
Line.L_CEI_MT_81483A,    15.8746,   -41.69,    15.8746,  -161.69,    15.8746,    78.31,          0,     0.00, 1.3414E-006,  -159.60,    15.8746,   138.31,    15.8746,    18.31,    15.8746,  -101.69,          0,     0.00, 1.3418E-006,    20.44
Line.L_CEI_MT_4979,    560.455,   -41.67,    560.455,  -161.67,    560.455,    78.33,          0,     0.00, 0.000197469,   -18.06,    560.455,   138.33,    560.455,    18.33,    560.455,  -101.67,          0,     0.00, 0.000197468,   161.94
Line.L_CEI_MT_498, 7.28416E-007,   -10.91, 1.10008E-006,   -32.92, 3.66729E-007,  -169.76,          0,     0.00, 1.50805E-006,   -32.08, 7.26433E-007,   169.32, 1.10111E-006,   147.08, 3.67187E-007,    10.23,          0,     0.00, 1.50578E-006,   147.99
Line.L_CEI_MT_4980,    560.455,   -41.67,    560.455,  -161.67,    560.455,    78.33,          0,     0.00, 0.000197471,   -18.06,    560.455,   138.33,    560.455,    18.33,    560.455,  -101.67,          0,     0.00, 0.000197473,   161.94
Line.L_CEI_MT_4981,    560.455,   -41.67,    560.455,  -161.67,    560.455,    78.33,          0,     0.00, 0.000197467,   -18.06,    560.455,   138.33,    560.455,    18.33,    560.455,  -101.67,          0,     0.00, 0.000197468,   161.93
Line.L_CEI_MT_4982,    570.529,   -41.67,    570.529,  -161.67,    570.529,    78.33,          0,     0.00, 0.000197399,   -18.07,    570.529,   138.33,    570.529,    18.33,    570.529,  -101.67,          0,     0.00, 0.000197398,   161.93
Line.L_CEI_MT_4983,    577.422,   -41.67,    577.422,  -161.67,    577.422,    78.33,          0,     0.00, 0.000200834,   -18.33,    577.422,   138.33,    577.422,    18.33,    577.422,  -101.67,          0,     0.00, 0.000200838,   161.67
Line.L_CEI_MT_4984,     10.074,   -41.71,     10.074,  -161.71,     10.074,    78.29,          0,     0.00, 7.69628E-008,  -172.87,     10.074,   138.29,     10.074,    18.29,     10.074,  -101.71,          0,     0.00, 7.83917E-008,     9.57
Line.L_CEI_MT_4985,    7.95318,   138.29,    7.95318,    18.29,    7.95318,  -101.71,          0,     0.00, 6.36412E-008,     5.67,    7.95318,   -41.71,    7.95318,  -161.71,    7.95318,    78.29,          0,     0.00, 6.50544E-008,  -174.25
Line.L_CEI_MT_49855A,    1.58684,   138.31,    1.58684,    18.31,    1.58684,  -101.69,          0,     0.00, 1.10907E-008,    50.96,    1.58684,   -41.69,    1.58684,  -161.69,    1.58684,    78.31,          0,     0.00, 9.96559E-009,  -142.59
Line.L_CEI_MT_4986,    7.95318,   138.29,    7.95318,    18.29,    7.95318,  -101.71,          0,     0.00, 6.03642E-008,     9.10,    7.95318,   -41.71,    7.95318,  -161.71,    7.95318,    78.29,          0,     0.00, 5.92287E-008,  -176.85
Line.L_CEI_MT_4987,    7.95318,   138.29,    7.95318,    18.29,    7.95318,  -101.71,          0,     0.00, 5.49895E-008,     7.79,    7.95318,   -41.71,    7.95318,  -161.71,    7.95318,    78.29,          0,     0.00, 5.68584E-008,  -177.65
Line.L_CEI_MT_4988,    7.95318,   138.29,    7.95318,    18.29,    7.95318,  -101.71,          0,     0.00, 4.7518E-008,     1.68,    7.95318,   -41.71,    7.95318,  -161.71,    7.95318,    78.29,          0,     0.00, 4.93799E-008,   178.38
Line.L_CEI_MT_4989,    7.95318,   138.29,    7.95318,    18.29,    7.95318,  -101.71,          0,     0.00, 4.90162E-008,    14.30,    7.95318,   -41.71,    7.95318,  -161.71,    7.95318,    78.29,          0,     0.00, 5.16281E-008,  -162.95
Line.L_CEI_MT_499, 7.30253E-007,   -10.49, 1.10228E-006,   -32.92, 3.68237E-007,  -170.10,          0,     0.00, 1.50746E-006,   -31.84, 7.29459E-007,   169.65, 1.10384E-006,   147.13, 3.68696E-007,     9.89,          0,     0.00, 1.50727E-006,   148.23
Line.L_CEI_MT_4990,    7.95318,   138.29,    7.95318,    18.29,    7.95318,  -101.71,          0,     0.00, 4.90715E-008,     9.28,    7.95318,   -41.71,    7.95318,  -161.71,    7.95318,    78.29,          0,     0.00, 4.75476E-008,  -165.83
Line.L_CEI_MT_4991,    6.89317,   -41.71,    6.89317,  -161.71,    6.89317,    78.29,          0,     0.00, 1.36821E-006,   -53.18,    6.89317,   138.29,    6.89317,    18.29,    6.89317,  -101.71,          0,     0.00, 1.36569E-006,   126.83
Line.L_CEI_MT_4992,    6.89317,   -41.71,    6.89317,  -161.71,    6.89317,    78.29,          0,     0.00, 1.36448E-006,   -53.01,    6.89317,   138.29,    6.89317,    18.29,    6.89317,  -101.71,          0,     0.00, 1.36215E-006,   126.94
Line.L_CEI_MT_4993,    6.89317,   -41.71,    6.89317,  -161.71,    6.89317,    78.29,          0,     0.00, 1.36802E-006,   -53.22,    6.89317,   138.29,    6.89317,    18.29,    6.89317,  -101.71,          0,     0.00, 1.3656E-006,   126.81
Line.L_CEI_MT_4994,    6.89317,   -41.71,    6.89317,  -161.71,    6.89317,    78.29,          0,     0.00, 1.37156E-006,   -53.18,    6.89317,   138.29,    6.89317,    18.29,    6.89317,  -101.71,          0,     0.00, 1.37128E-006,   126.80
Line.L_CEI_MT_4995,    6.89317,   -41.71,    6.89317,  -161.71,    6.89317,    78.29,          0,     0.00, 1.36758E-006,   -52.79,    6.89317,   138.29,    6.89317,    18.29,    6.89317,  -101.71,          0,     0.00, 1.37047E-006,   127.24
Line.L_CEI_MT_4996,    6.89317,   -41.71,    6.89317,  -161.71,    6.89317,    78.29,          0,     0.00, 1.37231E-006,   -53.01,    6.89317,   138.29,    6.89317,    18.29,    6.89317,  -101.71,          0,     0.00, 1.37231E-006,   126.99
Line.L_CEI_MT_4997,    6.89317,   -41.71,    6.89317,  -161.71,    6.89317,    78.29,          0,     0.00, 1.37342E-006,   -53.24,    6.89317,   138.29,    6.89317,    18.29,    6.89317,  -101.71,          0,     0.00, 1.37315E-006,   126.64
Line.L_CEI_MT_4998,    577.422,   -41.67,    577.422,  -161.67,    577.422,    78.33,          0,     0.00, 0.000200834,   -18.33,    577.422,   138.33,    577.422,    18.33,    577.422,  -101.67,          0,     0.00, 0.000200835,   161.67
Line.L_CEI_MT_4999,    577.422,   -41.67,    577.422,  -161.67,    577.422,    78.33,          0,     0.00, 0.000200834,   -18.33,    577.422,   138.33,    577.422,    18.33,    577.422,  -101.67,          0,     0.00, 0.000200831,   161.67
Line.L_CEI_MT_500, 7.28196E-007,    -9.79, 1.10721E-006,   -32.83, 3.73934E-007,  -169.67,          0,     0.00, 1.50486E-006,   -31.72, 7.28157E-007,   170.22, 1.10602E-006,   147.09, 3.73604E-007,    10.05,          0,     0.00, 1.50254E-006,   148.29
Line.L_CEI_MT_5000,    4.77316,   -41.72,    4.77316,  -161.72,    4.77316,    78.28,          0,     0.00, 2.31757E-008,  -157.56,    4.77316,   138.28,    4.77316,    18.28,    4.77316,  -101.72,          0,     0.00, 2.59771E-008,    14.53
Line.L_CEI_MT_5001,    4.77316,   -41.72,    4.77316,  -161.72,    4.77316,    78.28,          0,     0.00, 2.80365E-008,  -175.24,    4.77316,   138.28,    4.77316,    18.28,    4.77316,  -101.72,          0,     0.00, 2.60937E-008,     2.05
Line.L_CEI_MT_5002,    4.77316,   -41.72,    4.77316,  -161.72,    4.77316,    78.28,          0,     0.00, 2.98023E-008,   180.00,    4.77316,   138.28,    4.77316,    18.28,    4.77316,  -101.72,          0,     0.00, 2.79436E-008,     0.95
Line.L_CEI_MT_5003,    582.196,   -41.67,    582.195,  -161.67,    582.195,    78.33,          0,     0.00, 0.000203128,   -18.36,    582.196,   138.33,    582.195,    18.33,    582.195,  -101.67,          0,     0.00, 0.000203131,   161.64
Line.L_CEI_MT_5004,    582.196,   -41.67,    582.195,  -161.67,    582.195,    78.33,          0,     0.00, 0.000203123,   -18.36,    582.196,   138.33,    582.195,    18.33,    582.195,  -101.67,          0,     0.00, 0.000203128,   161.64
Line.L_CEI_MT_5005,    4.77379,   -41.72,    4.77379,  -161.72,    4.77379,    78.28,          0,     0.00, 2.94878E-008,  -158.70,    4.77379,   138.28,    4.77379,    18.28,    4.77379,  -101.72,          0,     0.00, 2.60521E-008,    24.27
Line.L_CEI_MT_5006,    4.77379,   -41.72,    4.77379,  -161.72,    4.77379,    78.28,          0,     0.00, 3.079E-008,  -176.53,    4.77379,   138.28,    4.77379,    18.28,    4.77379,  -101.72,          0,     0.00, 2.81292E-008,     6.65
Line.L_CEI_MT_5007,    586.969,   -41.67,    586.969,  -161.67,    586.969,    78.33,          0,     0.00, 0.000205413,   -18.39,    586.969,   138.33,    586.969,    18.33,    586.969,  -101.67,          0,     0.00, 0.000205413,   161.61
Line.L_CEI_MT_5008,    586.969,   -41.67,    586.969,  -161.67,    586.969,    78.33,          0,     0.00, 0.00020541,   -18.39,    586.969,   138.33,    586.969,    18.33,    586.969,  -101.67,          0,     0.00, 0.00020541,   161.61
Line.L_CEI_MT_5009,    586.969,   -41.67,    586.969,  -161.67,    586.969,    78.33,          0,     0.00, 0.000205406,   -18.39,    586.969,   138.33,    586.969,    18.33,    586.969,  -101.67,          0,     0.00, 0.000205409,   161.61
Line.L_CEI_MT_501, 1.87714E-009,  -172.87, 1.91997E-009,   -14.04, 3.83994E-009,   104.04,          0,     0.00, 3.16684E-009,   107.10, 9.31323E-010,     0.00, 9.31323E-010,    90.00, 3.72529E-009,   -90.00,          0,     0.00, 2.9451E-009,   -71.57
Line.L_CEI_MT_5010,    1.06105,   -41.72,    1.06105,  -161.72,    1.06105,    78.28,          0,     0.00, 7.91624E-009,   151.93,    1.06105,   138.28,    1.06105,    18.28,    1.06105,  -101.72,          0,     0.00, 7.80591E-009,   -17.35
Line.L_CEI_MT_5011,    1.06105,   -41.72,    1.06105,  -161.72,    1.06105,    78.28,          0,     0.00, 1.07506E-008,  -175.03,    1.06105,   138.28,    1.06105,    18.28,    1.06105,  -101.72,          0,     0.00, 1.62648E-008,    13.24
Line.L_CEI_MT_5012,     588.03,   -41.67,     588.03,  -161.67,     588.03,    78.33,          0,     0.00, 0.000207714,   -18.41,     588.03,   138.33,     588.03,    18.33,     588.03,  -101.67,          0,     0.00, 0.00020771,   161.59
Line.L_CEI_MT_5013,     2.6528,   -41.72,     2.6528,  -161.72,     2.6528,    78.28,          0,     0.00, 2.12425E-008,  -154.00,     2.6528,   138.28,     2.6528,    18.28,     2.6528,  -101.72,          0,     0.00, 2.06157E-008,    18.43
Line.L_CEI_MT_5014,    590.683,   -41.67,    590.683,  -161.67,    590.683,    78.33,          0,     0.00,  0.0002081,   -18.56,    590.683,   138.33,    590.683,    18.33,    590.683,  -101.67,          0,     0.00, 0.000208096,   161.44
Line.L_CEI_MT_5015,    590.683,   138.33,    590.683,    18.33,    590.683,  -101.67,          0,     0.00, 0.000208385,   161.44,    590.683,   -41.67,    590.683,  -161.67,    590.683,    78.33,          0,     0.00, 0.000208384,   -18.56
Line.L_CEI_MT_5016,     1370.2,   -41.67,     1370.2,  -161.67,     1370.2,    78.33,          0,     0.00, 0.000506689,   -19.06,     1370.2,   138.33,     1370.2,    18.33,     1370.2,  -101.67,          0,     0.00, 0.000506692,   160.94
Line.L_CEI_MT_5017,    1372.32,   -41.67,    1372.32,  -161.67,    1372.32,    78.33,          0,     0.00, 0.000509006,   -19.07,    1372.32,   138.33,    1372.32,    18.33,    1372.32,  -101.67,          0,     0.00, 0.000509004,   160.93
Line.L_CEI_MT_5018,    1372.32,   -41.67,    1372.32,  -161.67,    1372.32,    78.33,          0,     0.00, 0.000510467,   -19.11,    1372.32,   138.33,    1372.32,    18.33,    1372.32,  -101.67,          0,     0.00, 0.000510467,   160.89
Line.L_CEI_MT_5019,    1372.32,   -41.67,    1372.32,  -161.67,    1372.32,    78.33,          0,     0.00, 0.000510465,   -19.11,    1372.32,   138.33,    1372.32,    18.33,    1372.32,  -101.67,          0,     0.00, 0.000510466,   160.89
Line.L_CEI_MT_5020,     1377.1,   -41.67,     1377.1,  -161.67,     1377.1,    78.33,          0,     0.00, 0.000510443,   -19.11,     1377.1,   138.33,     1377.1,    18.33,     1377.1,  -101.67,          0,     0.00, 0.000510442,   160.89
Line.L_CEI_MT_5021,    1385.06,   -41.67,    1385.06,  -161.67,    1385.06,    78.33,          0,     0.00, 0.000510408,   -19.11,    1385.06,   138.33,    1385.06,    18.33,    1385.06,  -101.67,          0,     0.00, 0.000510408,   160.89
Line.L_CEI_MT_5022,    1387.19,   -41.67,    1387.19,  -161.67,    1387.19,    78.33,          0,     0.00, 0.000512722,   -19.12,    1387.19,   138.33,    1387.19,    18.33,    1387.19,  -101.67,          0,     0.00, 0.000512723,   160.88
Line.L_CEI_MT_5023,    779.513,   -41.67,    779.512,  -161.67,    779.512,    78.33,          0,     0.00, 0.000298325,   -19.42,    779.513,   138.33,    779.512,    18.33,    779.512,  -101.67,          0,     0.00, 0.000298323,   160.58
Line.L_CEI_MT_5024,    779.513,   -41.67,    779.512,  -161.67,    779.512,    78.33,          0,     0.00, 0.000298333,   -19.42,    779.513,   138.33,    779.512,    18.33,    779.512,  -101.67,          0,     0.00, 0.000298331,   160.58
Line.L_CEI_MT_5025,     777.39,   -41.67,     777.39,  -161.67,     777.39,    78.33,          0,     0.00, 0.000295947,   -19.53,     777.39,   138.33,     777.39,    18.33,     777.39,  -101.67,          0,     0.00, 0.000295947,   160.47
Line.L_CEI_MT_5026,     777.39,   -41.67,     777.39,  -161.67,     777.39,    78.33,          0,     0.00, 0.000295953,   -19.53,     777.39,   138.33,     777.39,    18.33,     777.39,  -101.67,          0,     0.00, 0.00029595,   160.47
Line.L_CEI_MT_5027,     777.39,   -41.67,     777.39,  -161.67,     777.39,    78.33,          0,     0.00, 0.000295949,   -19.53,     777.39,   138.33,     777.39,    18.33,     777.39,  -101.67,          0,     0.00, 0.000295945,   160.47
Line.L_CEI_MT_5028,    16.7075,   138.28,    16.7075,    18.28,    16.7075,  -101.72,          0,     0.00, 3.18157E-006,   153.96,    16.7075,   -41.72,    16.7075,  -161.72,    16.7075,    78.28,          0,     0.00, 3.18427E-006,   -26.06
Line.L_CEI_MT_5029,    16.7075,   -41.72,    16.7075,  -161.72,    16.7075,    78.28,          0,     0.00, 1.69904E-006,   -20.70,    16.7075,   138.28,    16.7075,    18.28,    16.7075,  -101.72,          0,     0.00, 1.69865E-006,   159.37
Line.L_CEI_MT_5030,    16.7075,   -41.72,    16.7075,  -161.72,    16.7075,    78.28,          0,     0.00, 1.70253E-006,   -20.79,    16.7075,   138.28,    16.7075,    18.28,    16.7075,  -101.72,          0,     0.00, 1.70347E-006,   159.17
Line.L_CEI_MT_50301,    4.77356,   -41.72,    4.77356,  -161.72,    4.77356,    78.28,          0,     0.00, 2.37499E-008,  -179.44,    4.77356,   138.28,    4.77356,    18.28,    4.77356,  -101.72,          0,     0.00, 2.5679E-008,     4.16
Line.L_CEI_MT_50302,    4.77356,   138.28,    4.77356,    18.28,    4.77356,  -101.72,          0,     0.00, 2.76951E-008,     7.24,    4.77356,   -41.72,    4.77356,  -161.72,    4.77356,    78.28,          0,     0.00, 2.85424E-008,  -174.38
Line.L_CEI_MT_503021,    4.77356,   -41.72,    4.77356,  -161.72,    4.77356,    78.28,          0,     0.00, 2.87128E-008,  -171.61,    4.77356,   138.28,    4.77356,    18.28,    4.77356,  -101.72,          0,     0.00, 3.15449E-008,     8.49
Line.L_CEI_MT_50303,    4.77356,   -41.72,    4.77356,  -161.72,    4.77356,    78.28,          0,     0.00, 2.05578E-008,  -166.91,    4.77356,   138.28,    4.77356,    18.28,    4.77356,  -101.72,          0,     0.00, 1.84216E-008,    16.14
Line.L_CEI_MT_50304,    4.77356,   -41.72,    4.77356,  -161.72,    4.77356,    78.28,          0,     0.00, 2.8569E-008,  -160.97,    4.77356,   138.28,    4.77356,    18.28,    4.77356,  -101.72,          0,     0.00, 2.55266E-008,    14.80
Line.L_CEI_MT_503041,    4.77356,   -41.72,    4.77356,  -161.72,    4.77356,    78.28,          0,     0.00, 2.95172E-008,  -173.66,    4.77356,   138.28,    4.77356,    18.28,    4.77356,  -101.72,          0,     0.00, 2.62521E-008,     6.62
Line.L_CEI_MT_5031,    760.683,   -41.67,    760.683,  -161.67,    760.683,    78.33,          0,     0.00, 0.000292797,   -19.46,    760.683,   138.33,    760.683,    18.33,    760.683,  -101.67,          0,     0.00, 0.000292795,   160.54
Line.L_CEI_MT_5032,    760.683,   -41.67,    760.683,  -161.67,    760.683,    78.33,          0,     0.00, 0.000292785,   -19.46,    760.683,   138.33,    760.683,    18.33,    760.683,  -101.67,          0,     0.00, 0.000292784,   160.54
Line.L_CEI_MT_5033,    760.683,   -41.67,    760.683,  -161.67,    760.683,    78.33,          0,     0.00, 0.00029278,   -19.46,    760.683,   138.33,    760.683,    18.33,    760.683,  -101.67,          0,     0.00, 0.000292778,   160.54
Line.L_CEI_MT_5034,    760.683,   -41.67,    760.683,  -161.67,    760.683,    78.33,          0,     0.00, 0.000292783,   -19.46,    760.683,   138.33,    760.683,    18.33,    760.683,  -101.67,          0,     0.00, 0.000292782,   160.54
Line.L_CEI_MT_5035,    760.683,   -41.67,    760.683,  -161.67,    760.683,    78.33,          0,     0.00, 0.000292789,   -19.46,    760.683,   138.33,    760.683,    18.33,    760.683,  -101.67,          0,     0.00, 0.00029279,   160.54
Line.L_CEI_MT_5036,    760.683,   -41.67,    760.683,  -161.67,    760.683,    78.33,          0,     0.00, 0.000292789,   -19.46,    760.683,   138.33,    760.683,    18.33,    760.683,  -101.67,          0,     0.00, 0.000292786,   160.54
Line.L_CEI_MT_5037,    758.562,   138.33,    758.562,    18.33,    758.562,  -101.67,          0,     0.00, 0.000292803,   160.54,    758.562,   -41.67,    758.562,  -161.67,    758.562,    78.33,          0,     0.00, 0.000292803,   -19.46
Line.L_CEI_MT_5038,    758.562,   138.33,    758.562,    18.33,    758.562,  -101.67,          0,     0.00, 0.000292797,   160.54,    758.562,   -41.67,    758.562,  -161.67,    758.562,    78.33,          0,     0.00,  0.0002928,   -19.46
Line.L_CEI_MT_5039,    758.562,   138.33,    758.562,    18.33,    758.562,  -101.67,          0,     0.00,  0.0002928,   160.54,    758.562,   -41.67,    758.562,  -161.67,    758.562,    78.33,          0,     0.00, 0.000292801,   -19.46
Line.L_CEI_MT_5040,    758.562,   138.33,    758.562,    18.33,    758.562,  -101.67,          0,     0.00,  0.0002928,   160.54,    758.562,   -41.67,    758.562,  -161.67,    758.562,    78.33,          0,     0.00, 0.000292799,   -19.46
Line.L_CEI_MT_5041,    758.562,   -41.67,    758.562,  -161.67,    758.562,    78.33,          0,     0.00, 0.000292805,   -19.46,    758.562,   138.33,    758.562,    18.33,    758.562,  -101.67,          0,     0.00, 0.000292807,   160.54
Line.L_CEI_MT_5042,    4.76888,   -41.71,    4.76888,  -161.71,    4.76888,    78.29,          0,     0.00, 3.76327E-006,   -25.37,    4.76888,   138.29,    4.76888,    18.29,    4.76888,  -101.71,          0,     0.00, 3.76176E-006,   154.59
Line.L_CEI_MT_5043,    4.76888,   -41.71,    4.76888,  -161.71,    4.76888,    78.29,          0,     0.00, 2.28131E-006,   -21.22,    4.76888,   138.29,    4.76888,    18.29,    4.76888,  -101.71,          0,     0.00, 2.28071E-006,   158.79
Line.L_CEI_MT_5044,    4.76888,   -41.71,    4.76888,  -161.71,    4.76888,    78.29,          0,     0.00, 2.28158E-006,   -21.20,    4.76888,   138.29,    4.76888,    18.29,    4.76888,  -101.71,          0,     0.00, 2.27917E-006,   158.82
Line.L_CEI_MT_5045,    4.76888,   -41.71,    4.76888,  -161.71,    4.76888,    78.29,          0,     0.00, 2.28078E-006,   -21.25,    4.76888,   138.29,    4.76888,    18.29,    4.76888,  -101.71,          0,     0.00, 2.27907E-006,   158.80
Line.L_CEI_MT_5047,    3.17925,   -41.71,    3.17925,  -161.71,    3.17925,    78.29,          0,     0.00, 2.86788E-008,  -147.60,    3.17925,   138.29,    3.17925,    18.29,    3.17925,  -101.71,          0,     0.00, 2.99656E-008,    32.95
Line.L_CEI_MT_5048,    3.17925,   -41.71,    3.17925,  -161.71,    3.17925,    78.29,          0,     0.00, 2.8022E-008,  -151.73,    3.17925,   138.29,    3.17925,    18.29,    3.17925,  -101.71,          0,     0.00, 2.90628E-008,    28.21
Line.L_CEI_MT_5049,    3.17925,   -41.71,    3.17925,  -161.71,    3.17925,    78.29,          0,     0.00, 2.2163E-008,  -170.93,    3.17925,   138.29,    3.17925,    18.29,    3.17925,  -101.71,          0,     0.00, 2.28364E-008,    20.28
Line.L_CEI_MT_5050,    3.17925,   -41.71,    3.17925,  -161.71,    3.17925,    78.29,          0,     0.00, 2.02174E-008,  -165.32,    3.17925,   138.29,    3.17925,    18.29,    3.17925,  -101.71,          0,     0.00, 2.15013E-008,    17.65
Line.L_CEI_MT_5051,    3.17925,   -41.71,    3.17925,  -161.71,    3.17925,    78.29,          0,     0.00, 2.47207E-008,  -150.05,    3.17925,   138.29,    3.17925,    18.29,    3.17925,  -101.71,          0,     0.00, 2.57602E-008,    29.81
Line.L_CEI_MT_5052,    3.17925,   138.29,    3.17925,    18.29,    3.17925,  -101.71,          0,     0.00, 2.43762E-008,    17.22,    3.17925,   -41.71,    3.17925,  -161.71,    3.17925,    78.29,          0,     0.00, 2.42424E-008,  -163.83
Line.L_CEI_MT_5053,    3.17925,   -41.71,    3.17925,  -161.71,    3.17925,    78.29,          0,     0.00, 2.07468E-008,  -170.96,    3.17925,   138.29,    3.17925,    18.29,    3.17925,  -101.71,          0,     0.00, 1.91432E-008,    -4.18
Line.L_CEI_MT_5054,    3.17925,   -41.71,    3.17925,  -161.71,    3.17925,    78.29,          0,     0.00, 1.98672E-008,  -169.88,    3.17925,   138.29,    3.17925,    18.29,    3.17925,  -101.71,          0,     0.00, 1.67703E-008,     1.59
Line.L_CEI_MT_5055,    1.58963,   -41.71,    1.58963,  -161.71,    1.58963,    78.29,          0,     0.00, 1.30468E-008,  -145.18,    1.58963,   138.29,    1.58963,    18.29,    1.58963,  -101.71,          0,     0.00, 1.25123E-008,    45.00
Line.L_CEI_MT_5056,    2.12285,   -41.72,    2.12285,  -161.72,    2.12285,    78.28,          0,     0.00, 1.12628E-008,  -172.87,    2.12285,   138.28,    2.12285,    18.28,    2.12285,  -101.72,          0,     0.00, 1.0871E-008,     9.87
Line.L_CEI_MT_5057,    2.12285,   138.28,    2.12285,    18.28,    2.12285,  -101.72,          0,     0.00, 1.00522E-008,    13.39,    2.12285,   -41.72,    2.12285,  -161.72,    2.12285,    78.28,          0,     0.00, 9.18428E-009,  -149.53
Line.L_CEI_MT_5058,    2.12285,   -41.72,    2.12285,  -161.72,    2.12285,    78.28,          0,     0.00, 1.36955E-008,  -162.18,    2.12285,   138.28,    2.12285,    18.28,    2.12285,  -101.72,          0,     0.00, 1.52535E-008,    12.34
Line.L_CEI_MT_5059,    1387.19,   -41.67,    1387.19,  -161.67,    1387.19,    78.33,          0,     0.00, 0.000512722,   -19.12,    1387.19,   138.33,    1387.19,    18.33,    1387.19,  -101.67,          0,     0.00, 0.000512722,   160.88
Line.L_CEI_MT_5060,    1387.19,   -41.67,    1387.19,  -161.67,    1387.19,    78.33,          0,     0.00, 0.000512714,   -19.12,    1387.19,   138.33,    1387.19,    18.33,    1387.19,  -101.67,          0,     0.00, 0.000512716,   160.88
Line.L_CEI_MT_5061,     7.9705,   -41.74,     7.9705,  -161.74,     7.9705,    78.26,          0,     0.00, 4.28332E-008,  -168.08,     7.9705,   138.26,     7.9705,    18.26,     7.9705,  -101.74,          0,     0.00, 4.29243E-008,    15.09
Line.L_CEI_MT_5062,    2.12547,   138.26,    2.12547,    18.26,    2.12547,  -101.74,          0,     0.00, 8.18889E-009,    14.83,    2.12547,   -41.74,    2.12547,  -161.74,    2.12547,    78.26,          0,     0.00, 7.46512E-009,   176.42
Line.L_CEI_MT_5063,    1397.28,   -41.67,    1397.28,  -161.67,    1397.28,    78.33,          0,     0.00, 0.000513144,   -18.99,    1397.28,   138.33,    1397.28,    18.33,    1397.28,  -101.67,          0,     0.00, 0.000513143,   161.01
Line.L_CEI_MT_5064,    1397.28,   -41.67,    1397.28,  -161.67,    1397.28,    78.33,          0,     0.00, 0.000513152,   -18.99,    1397.28,   138.33,    1397.28,    18.33,    1397.28,  -101.67,          0,     0.00, 0.000513149,   161.01
Line.L_CEI_MT_5065,    2.12613,   138.26,    2.12613,    18.26,    2.12613,  -101.74,          0,     0.00, 1.36022E-008,     6.88,    2.12613,   -41.74,    2.12613,  -161.74,    2.12613,    78.26,          0,     0.00, 1.17251E-008,  -173.16
Line.L_CEI_MT_5066,    1399.41,   -41.67,    1399.41,  -161.67,    1399.41,    78.33,          0,     0.00, 0.000514893,   -19.07,    1399.41,   138.33,    1399.41,    18.33,    1399.41,  -101.67,          0,     0.00, 0.00051489,   160.93
Line.L_CEI_MT_5067,    2.12646,   -41.74,    2.12646,  -161.74,    2.12646,    78.26,          0,     0.00, 6.78013E-009,  -164.05,    2.12646,   138.26,    2.12646,    18.26,    2.12646,  -101.74,          0,     0.00, 7.04673E-009,     7.59
Line.L_CEI_MT_50705A,    79.3767,   -41.69,    79.3767,  -161.69,    79.3767,    78.31,          0,     0.00, 1.39619E-006,  -106.49,    79.3767,   138.31,    79.3767,    18.31,    79.3767,  -101.69,          0,     0.00, 1.39445E-006,    73.45
Line.L_CEI_MT_41195A,    15.8746,   138.31,    15.8746,    18.31,    15.8746,  -101.69,          0,     0.00, 1.33832E-006,    20.67,    15.8746,   -41.69,    15.8746,  -161.69,    15.8746,    78.31,          0,     0.00, 1.34107E-006,  -159.30
Line.L_CEI_MT_412,    1.05943,   -41.70,    1.05943,  -161.70,    1.05943,    78.30,          0,     0.00, 1.46221E-008,   170.84,    1.05943,   138.30,    1.05943,    18.30,    1.05943,  -101.70,          0,     0.00, 1.4443E-008,    -1.85
Line.L_CEI_MT_413,    1.05943,   -41.70,    1.05943,  -161.70,    1.05943,    78.30,          0,     0.00, 4.58623E-009,  -156.04,    1.05943,   138.30,    1.05943,    18.30,    1.05943,  -101.70,          0,     0.00, 7.22901E-009,    14.93
Line.L_CEI_MT_95315A,    1.58037,   138.36,    1.58037,    18.36,    1.58037,  -101.64,          0,     0.00, 1.82144E-008,    -4.40,    1.58037,   -41.64,    1.58037,  -161.64,    1.58037,    78.36,          0,     0.00, 1.7231E-008,   179.23
Line.L_CEI_MT_84908A, 3.35793E-009,    33.69, 2.37442E-009,   101.31, 2.79397E-009,     0.00,          0,     0.00, 6.61829E-009,    39.29, 2.32831E-009,  -143.13, 6.58545E-010,   -45.00, 9.31323E-010,   180.00,          0,     0.00, 2.98169E-009,  -141.34
Line.L_CEI_MT_85086A,    15.8746,   138.31,    15.8746,    18.31,    15.8746,  -101.69,          0,     0.00, 1.33793E-006,    20.57,    15.8746,   -41.69,    15.8746,  -161.69,    15.8746,    78.31,          0,     0.00, 1.33769E-006,  -159.46
Line.L_CEI_MT_5070A, 2.63418E-009,   -45.00, 8.39483E-010,   123.69, 9.31323E-010,     0.00,          0,     0.00, 2.60313E-009,   -26.57, 3.29272E-009,   135.00, 2.32831E-010,    90.00,          0,     0.00,          0,     0.00, 3.46128E-009,   132.27
Line.L_CEI_MT_5071,    535.802,   142.33,    535.802,    22.33,    535.802,   -97.67,          0,     0.00, 3.11948E-006,   143.28,    535.802,   -37.67,    535.802,  -157.67,    535.802,    82.33,          0,     0.00, 3.11984E-006,   -36.75
Line.L_CEI_MT_5072,    535.802,   142.33,    535.802,    22.33,    535.802,   -97.67,          0,     0.00, 3.11453E-006,   143.16,    535.802,   -37.67,    535.802,  -157.67,    535.802,    82.33,          0,     0.00, 3.11863E-006,   -36.87
Line.L_CEI_MT_5073,    535.802,   142.33,    535.802,    22.33,    535.802,   -97.67,          0,     0.00, 3.11257E-006,   143.12,    535.802,   -37.67,    535.802,  -157.67,    535.802,    82.33,          0,     0.00, 3.11467E-006,   -36.88
Line.L_CEI_MT_5074,    535.802,   142.33,    535.802,    22.33,    535.802,   -97.67,          0,     0.00, 1.63601E-006,   138.74,    535.802,   -37.67,    535.802,  -157.67,    535.802,    82.33,          0,     0.00, 1.63551E-006,   -41.27
Line.L_CEI_MT_5075,    535.802,   -37.67,    535.802,  -157.67,    535.802,    82.33,          0,     0.00, 1.62872E-006,   -41.86,    535.802,   142.33,    535.802,    22.33,    535.802,   -97.67,          0,     0.00, 1.62662E-006,   138.27
Line.L_CEI_MT_5076,    535.802,   -37.67,    535.802,  -157.67,    535.802,    82.33,          0,     0.00, 1.63169E-006,   -41.66,    535.802,   142.33,    535.802,    22.33,    535.802,   -97.67,          0,     0.00, 1.62871E-006,   138.34
Line.L_CEI_MT_5082,    319.782,   138.33,    319.782,    18.33,    319.782,  -101.67,          0,     0.00, 0.00014892,   161.90,    319.782,   -41.67,    319.782,  -161.67,    319.782,    78.33,          0,     0.00, 0.000148923,   -18.09
Line.L_CEI_MT_5083,    319.782,   -41.67,    319.782,  -161.67,    319.782,    78.33,          0,     0.00, 0.00014893,   -18.09,    319.782,   138.33,    319.782,    18.33,    319.782,  -101.67,          0,     0.00, 0.000148927,   161.91
Line.L_CEI_MT_5084,    2.11687,   -41.69,    2.11687,  -161.69,    2.11687,    78.31,          0,     0.00, 1.38451E-008,  -160.35,    2.11687,   138.31,    2.11687,    18.31,    2.11687,  -101.69,          0,     0.00, 1.20173E-008,    35.54
Line.L_CEI_MT_5085,    317.665,   138.33,    317.665,    18.33,    317.665,  -101.67,          0,     0.00, 0.000147601,   162.22,    317.665,   -41.67,    317.665,  -161.67,    317.665,    78.33,          0,     0.00, 0.000147602,   -17.78
Line.L_CEI_MT_5086,    4.76279,   138.31,    4.76279,    18.31,    4.76279,  -101.69,          0,     0.00, 3.55858E-008,     6.01,    4.76279,   -41.69,    4.76279,  -161.69,    4.76279,    78.31,          0,     0.00, 3.46597E-008,  -173.83
Line.L_CEI_MT_5087,    312.902,   -41.67,    312.902,  -161.67,    312.902,    78.33,          0,     0.00, 0.000145319,   -17.72,    312.902,   138.33,    312.902,    18.33,    312.902,  -101.67,          0,     0.00, 0.000145317,   162.28
Line.L_CEI_MT_5088,     2.6459,   138.31,     2.6459,    18.31,     2.6459,  -101.69,          0,     0.00, 1.93852E-008,    24.10,     2.6459,   -41.69,     2.6459,  -161.69,     2.6459,    78.31,          0,     0.00, 2.05433E-008,  -144.69
Line.L_CEI_MT_5089,    310.256,   -41.67,    310.256,  -161.67,    310.256,    78.33,          0,     0.00, 0.000143033,   -17.67,    310.256,   138.33,    310.256,    18.33,    310.256,  -101.67,          0,     0.00, 0.000143035,   162.33
Line.L_CEI_MT_5090,    310.256,   138.33,    310.256,    18.33,    310.256,  -101.67,          0,     0.00, 0.000141586,   162.47,    310.256,   -41.67,    310.256,  -161.67,    310.256,    78.33,          0,     0.00, 0.000141585,   -17.53
Line.L_CEI_MT_5091,    5.29143,   138.31,    5.29143,    18.31,    5.29143,  -101.69,          0,     0.00, 1.46798E-006,   147.20,    5.29143,   -41.69,    5.29143,  -161.69,    5.29143,    78.31,          0,     0.00, 1.46696E-006,   -32.77
Line.L_CEI_MT_5092,      3.704,   -41.69,      3.704,  -161.69,      3.704,    78.31,          0,     0.00, 1.47541E-006,   -32.41,      3.704,   138.31,      3.704,    18.31,      3.704,  -101.69,          0,     0.00, 1.4736E-006,   147.60
Line.L_CEI_MT_5093,    1.58743,   -41.69,    1.58743,  -161.69,    1.58743,    78.31,          0,     0.00, 1.48376E-006,   -31.90,    1.58743,   138.31,    1.58743,    18.31,    1.58743,  -101.69,          0,     0.00, 1.48327E-006,   147.96
Line.L_CEI_MT_5094,    1.58743,   -41.69,    1.58743,  -161.69,    1.58743,    78.31,          0,     0.00, 7.39581E-009,  -151.82,    1.58743,   138.31,    1.58743,    18.31,    1.58743,  -101.69,          0,     0.00, 9.59985E-009,    22.83
Line.L_CEI_MT_5095,    1.58743,   138.31,    1.58743,    18.31,    1.58743,  -101.69,          0,     0.00, 1.21094E-008,     1.10,    1.58743,   -41.69,    1.58743,  -161.69,    1.58743,    78.31,          0,     0.00, 1.16787E-008,  -175.43
Line.L_CEI_MT_5096,    304.965,   -41.67,    304.965,  -161.67,    304.965,    78.33,          0,     0.00, 0.000137823,   -16.77,    304.965,   138.33,    304.965,    18.33,    304.965,  -101.67,          0,     0.00, 0.000137821,   163.23
Line.L_CEI_MT_5097,    303.378,   138.33,    303.377,    18.33,    303.377,  -101.67,          0,     0.00, 0.00013783,   163.23,    303.378,   -41.67,    303.377,  -161.67,    303.377,    78.33,          0,     0.00, 0.000137832,   -16.77
Line.L_CEI_MT_5098,    1.58732,   -41.69,    1.58732,  -161.69,    1.58732,    78.31,          0,     0.00, 1.10686E-008,  -157.75,    1.58732,   138.31,    1.58732,    18.31,    1.58732,  -101.69,          0,     0.00, 1.18721E-008,    25.56
Line.L_CEI_MT_5099,     301.79,   138.33,     301.79,    18.33,     301.79,  -101.67,          0,     0.00, 0.000135772,   162.25,     301.79,   -41.67,     301.79,  -161.67,     301.79,    78.33,          0,     0.00, 0.000135772,   -17.75
Line.L_CEI_MT_5100,    1.05818,   -41.69,    1.05818,  -161.69,    1.05818,    78.31,          0,     0.00, 1.00738E-008,  -146.31,    1.05818,   138.31,    1.05818,    18.31,    1.05818,  -101.69,          0,     0.00, 7.43966E-009,    20.14
Line.L_CEI_MT_5101,    300.732,   138.33,    300.732,    18.33,    300.732,  -101.67,          0,     0.00, 0.00013348,   162.30,    300.732,   -41.67,    300.732,  -161.67,    300.732,    78.33,          0,     0.00, 0.000133475,   -17.70
Line.L_CEI_MT_5102,    1.58722,   138.31,    1.58722,    18.31,    1.58722,  -101.69,          0,     0.00, 1.12146E-008,    -4.76,    1.58722,   -41.69,    1.58722,  -161.69,    1.58722,    78.31,          0,     0.00, 1.35603E-008,  -164.05
Line.L_CEI_MT_5103,    1.58722,   138.31,    1.58722,    18.31,    1.58722,  -101.69,          0,     0.00, 1.02551E-008,    -2.60,    1.58722,   -41.69,    1.58722,  -161.69,    1.58722,    78.31,          0,     0.00, 1.07203E-008,  -145.62
Line.L_CEI_MT_5104,    299.145,   -41.67,    299.145,  -161.67,    299.145,    78.33,          0,     0.00, 0.000131174,   -17.65,    299.145,   138.33,    299.145,    18.33,    299.145,  -101.67,          0,     0.00, 0.000131176,   162.35
Line.L_CEI_MT_5105,    299.145,   -41.67,    299.145,  -161.67,    299.145,    78.33,          0,     0.00, 0.000131177,   -17.64,    299.145,   138.33,    299.145,    18.33,    299.145,  -101.67,          0,     0.00, 0.000131177,   162.36
Line.L_CEI_MT_5106,    299.145,   -41.67,    299.145,  -161.67,    299.145,    78.33,          0,     0.00, 0.000131177,   -17.64,    299.145,   138.33,    299.145,    18.33,    299.145,  -101.67,          0,     0.00, 0.000131176,   162.36
Line.L_CEI_MT_5107,    299.145,   138.33,    299.145,    18.33,    299.145,  -101.67,          0,     0.00, 0.000130834,   161.68,    299.145,   -41.67,    299.145,  -161.67,    299.145,    78.33,          0,     0.00, 0.000130833,   -18.33
Line.L_CEI_MT_5109,    299.145,   138.33,    299.145,    18.33,    299.145,  -101.67,          0,     0.00, 0.00013083,   161.68,    299.145,   -41.67,    299.145,  -161.67,    299.145,    78.33,          0,     0.00, 0.000130831,   -18.32
Line.L_CEI_MT_511,    273.625,   -41.66,    273.624,  -161.66,    273.624,    78.34,          0,     0.00, 0.000103695,   -17.91,    273.625,   138.34,    273.624,    18.34,    273.624,  -101.66,          0,     0.00, 0.000103692,   162.09
Line.L_CEI_MT_5110, 2.98169E-009,   128.66, 1.87714E-009,     7.13, 3.75428E-009,    82.87,          0,     0.00, 6.30365E-009,    85.76, 4.60981E-009,   -45.00, 1.67897E-009,   146.31, 3.97861E-009,   -69.44,          0,     0.00, 6.87541E-009,   -61.70
Line.L_CEI_MT_5111,    237.786,   138.34,    237.786,    18.34,    237.786,  -101.66,          0,     0.00, 9.96056E-005,   162.61,    237.786,   -41.66,    237.786,  -161.66,    237.786,    78.34,          0,     0.00, 9.96059E-005,   -17.39
Line.L_CEI_MT_5112,    237.786,   138.34,    237.786,    18.34,    237.786,  -101.66,          0,     0.00, 9.96072E-005,   162.61,    237.786,   -41.66,    237.786,  -161.66,    237.786,    78.34,          0,     0.00, 9.96062E-005,   -17.39
Line.L_CEI_MT_5113,    1.05791,   -41.69,    1.05791,  -161.69,    1.05791,    78.31,          0,     0.00, 1.32448E-008,  -169.88,    1.05791,   138.31,    1.05791,    18.31,    1.05791,  -101.69,          0,     0.00, 1.18721E-008,    11.31
Line.L_CEI_MT_5114,    61.3589,   -41.69,    61.3589,  -161.69,    61.3589,    78.31,          0,     0.00, 2.91892E-005,   -23.26,    61.3589,   138.31,    61.3589,    18.31,    61.3589,  -101.69,          0,     0.00, 2.91886E-005,   156.75
Line.L_CEI_MT_5115,    61.3589,   -41.69,    61.3589,  -161.69,    61.3589,    78.31,          0,     0.00, 2.91937E-005,   -23.26,    61.3589,   138.31,    61.3589,    18.31,    61.3589,  -101.69,          0,     0.00, 2.91959E-005,   156.74
Line.L_CEI_MT_5116,     59.772,   138.31,     59.772,    18.31,     59.772,  -101.69,          0,     0.00, 2.68922E-005,   156.52,     59.772,   -41.69,     59.772,  -161.69,     59.772,    78.31,          0,     0.00, 2.68914E-005,   -23.48
Line.L_CEI_MT_5117,     59.772,   -41.69,     59.772,  -161.69,     59.772,    78.31,          0,     0.00, 2.54242E-005,   -23.04,     59.772,   138.31,     59.772,    18.31,     59.772,  -101.69,          0,     0.00, 2.54215E-005,   156.97
Line.L_CEI_MT_5118,    1.58693,   138.31,    1.58693,    18.31,    1.58693,  -101.69,          0,     0.00, 1.35363E-008,    26.57,    1.58693,   -41.69,    1.58693,  -161.69,    1.58693,    78.31,          0,     0.00, 1.52251E-008,  -156.57
Line.L_CEI_MT_5119,    236.728,   138.34,    236.728,    18.34,    236.728,  -101.66,          0,     0.00, 9.83268E-005,   162.68,    236.728,   -41.66,    236.728,  -161.66,    236.728,    78.34,          0,     0.00, 9.8328E-005,   -17.32
Line.L_CEI_MT_512,    273.625,   138.34,    273.624,    18.34,    273.624,  -101.66,          0,     0.00, 0.00010369,   162.09,    273.625,   -41.66,    273.624,  -161.66,    273.624,    78.34,          0,     0.00, 0.000103695,   -17.91
Line.L_CEI_MT_5120,    234.083,   138.34,    234.083,    18.34,    234.083,  -101.66,          0,     0.00, 9.78264E-005,   162.25,    234.083,   -41.66,    234.083,  -161.66,    234.083,    78.34,          0,     0.00, 9.78265E-005,   -17.74
Line.L_CEI_MT_5121,    1.58678,   -41.69,    1.58678,  -161.69,    1.58678,    78.31,          0,     0.00, 8.29086E-009,  -141.84,    1.58678,   138.31,    1.58678,    18.31,    1.58678,  -101.69,          0,     0.00, 1.15668E-008,    40.10
Line.L_CEI_MT_5122,     2.6447,   -41.69,     2.6447,  -161.69,     2.6447,    78.31,          0,     0.00, 1.39776E-008,   178.09,     2.6447,   138.31,     2.6447,    18.31,     2.6447,  -101.69,          0,     0.00, 1.77502E-008,    -4.51
Line.L_CEI_MT_5123,     2.6447,   -41.69,     2.6447,  -161.69,     2.6447,    78.31,          0,     0.00, 1.76168E-008,  -150.72,     2.6447,   138.31,     2.6447,    18.31,     2.6447,  -101.69,          0,     0.00, 1.88693E-008,    15.75
Line.L_CEI_MT_5124,    232.497,   138.34,    232.496,    18.34,    232.496,  -101.66,          0,     0.00, 9.55238E-005,   162.33,    232.497,   -41.66,    232.496,  -161.66,    232.496,    78.34,          0,     0.00, 9.55215E-005,   -17.68
Line.L_CEI_MT_5125,    4.76022,   138.31,    4.76022,    18.31,    4.76022,  -101.69,          0,     0.00, 3.07654E-008,     2.60,    4.76022,   -41.69,    4.76022,  -161.69,    4.76022,    78.31,          0,     0.00, 3.55004E-008,  -175.49
Line.L_CEI_MT_5126,    11.1071,   138.31,    11.1071,    18.31,    11.1071,  -101.69,          0,     0.00, 3.18201E-006,  -140.52,    11.1071,   -41.69,    11.1071,  -161.69,    11.1071,    78.31,          0,     0.00, 3.1785E-006,    39.46
Line.L_CEI_MT_51260,    7.93367,   138.31,    7.93367,    18.31,    7.93367,  -101.69,          0,     0.00, 5.15182E-008,    12.53,    7.93367,   -41.69,    7.93367,  -161.69,    7.93367,    78.31,          0,     0.00, 5.22372E-008,  -168.69
Line.L_CEI_MT_512603,    7.93367,   138.31,    7.93367,    18.31,    7.93367,  -101.69,          0,     0.00, 5.54509E-008,     7.72,    7.93367,   -41.69,    7.93367,  -161.69,    7.93367,    78.31,          0,     0.00, 5.50072E-008,  -166.79
Line.L_CEI_MT_5127,    3.17347,   -41.69,    3.17347,  -161.69,    3.17348,    78.31,          0,     0.00, 3.2235E-006,    39.22,    3.17347,   138.31,    3.17347,    18.31,    3.17348,  -101.69,          0,     0.00, 3.22471E-006,  -140.70
Line.L_CEI_MT_5128,    1.58674,   138.31,    1.58674,    18.31,    1.58674,  -101.69,          0,     0.00, 1.4458E-008,    14.93,    1.58674,   -41.69,    1.58674,  -161.69,    1.58674,    78.31,          0,     0.00, 1.37034E-008,  -170.22
Line.L_CEI_MT_5129,    216.629,   138.34,    216.629,    18.34,    216.629,  -101.66,          0,     0.00, 9.07331E-005,   162.36,    216.629,   -41.66,    216.629,  -161.66,    216.629,    78.34,          0,     0.00, 9.07357E-005,   -17.64
Line.L_CEI_MT_513,    273.625,   138.34,    273.624,    18.34,    273.624,  -101.66,          0,     0.00, 0.000103693,   162.09,    273.625,   -41.66,    273.624,  -161.66,    273.624,    78.34,          0,     0.00, 0.000103695,   -17.91
Line.L_CEI_MT_5130,    216.629,   -41.66,    216.629,  -161.66,    216.629,    78.34,          0,     0.00, 9.07345E-005,   -17.64,    216.629,   138.34,    216.629,    18.34,    216.629,  -101.66,          0,     0.00, 9.07332E-005,   162.36
Line.L_CEI_MT_5131,    216.629,   138.34,    216.629,    18.34,    216.629,  -101.66,          0,     0.00, 9.07326E-005,   162.35,    216.629,   -41.66,    216.629,  -161.66,    216.629,    78.34,          0,     0.00, 9.07348E-005,   -17.64
Line.L_CEI_MT_5132,    216.629,   138.34,    216.629,    18.34,    216.629,  -101.66,          0,     0.00, 9.0729E-005,   162.35,    216.629,   -41.66,    216.629,  -161.66,    216.629,    78.34,          0,     0.00, 9.07315E-005,   -17.65
Line.L_CEI_MT_5133,    216.629,   -41.66,    216.629,  -161.66,    216.629,    78.34,          0,     0.00, 9.07359E-005,   -17.64,    216.629,   138.34,    216.629,    18.34,    216.629,  -101.66,          0,     0.00, 9.07332E-005,   162.36
Line.L_CEI_MT_5134,    216.629,   138.34,    216.629,    18.34,    216.629,  -101.66,          0,     0.00, 8.84486E-005,   161.26,    216.629,   -41.66,    216.629,  -161.66,    216.629,    78.34,          0,     0.00, 8.84474E-005,   -18.74
Line.L_CEI_MT_5135,    216.629,   138.34,    216.629,    18.34,    216.629,  -101.66,          0,     0.00, 8.84525E-005,   161.26,    216.629,   -41.66,    216.629,  -161.66,    216.629,    78.34,          0,     0.00, 8.84528E-005,   -18.74
Line.L_CEI_MT_5136,    216.629,   138.34,    216.629,    18.34,    216.629,  -101.66,          0,     0.00, 8.84487E-005,   161.26,    216.629,   -41.66,    216.629,  -161.66,    216.629,    78.34,          0,     0.00, 8.84475E-005,   -18.74
Line.L_CEI_MT_5137,    4.75928,   -41.68,    4.75928,  -161.68,    4.75928,    78.32,          0,     0.00, 3.19716E-008,  -167.38,    4.75928,   138.32,    4.75928,    18.32,    4.75928,  -101.68,          0,     0.00, 2.78279E-008,     9.15
Line.L_CEI_MT_5138,    4.75928,   -41.68,    4.75928,  -161.68,    4.75928,    78.32,          0,     0.00, 2.74898E-008,  -169.26,    4.75928,   138.32,    4.75928,    18.32,    4.75928,  -101.68,          0,     0.00, 2.46273E-008,    15.35
Line.L_CEI_MT_5139,    4.75928,   -41.68,    4.75928,  -161.68,    4.75928,    78.32,          0,     0.00, 3.02689E-008,  -179.56,    4.75928,   138.32,    4.75928,    18.32,    4.75928,  -101.68,          0,     0.00, 2.90815E-008,     6.90
Line.L_CEI_MT_5140,    4.75928,   -41.68,    4.75928,  -161.68,    4.75928,    78.32,          0,     0.00, 3.31969E-008,  -169.08,    4.75928,   138.32,    4.75928,    18.32,    4.75928,  -101.68,          0,     0.00, 3.30365E-008,    13.45
Line.L_CEI_MT_5141,    4.75928,   -41.68,    4.75928,  -161.68,    4.75928,    78.32,          0,     0.00, 3.28085E-008,  -173.48,    4.75928,   138.32,    4.75928,    18.32,    4.75928,  -101.68,          0,     0.00, 2.84206E-008,     1.88
Line.L_CEI_MT_5142,     211.87,   138.34,     211.87,    18.34,     211.87,  -101.66,          0,     0.00, 8.77064E-005,   161.27,     211.87,   -41.66,     211.87,  -161.66,     211.87,    78.34,          0,     0.00, 8.77075E-005,   -18.73
Line.L_CEI_MT_5143,     211.87,   138.34,     211.87,    18.34,     211.87,  -101.66,          0,     0.00, 8.77105E-005,   161.28,     211.87,   -41.66,     211.87,  -161.66,     211.87,    78.34,          0,     0.00, 8.77137E-005,   -18.72
Line.L_CEI_MT_5144,    2.11514,   138.32,    2.11514,    18.32,    2.11514,  -101.68,          0,     0.00, 1.41855E-008,    23.20,    2.11514,   -41.68,    2.11514,  -161.68,    2.11514,    78.32,          0,     0.00, 1.27101E-008,  -171.57
Line.L_CEI_MT_5145,    209.755,   138.34,    209.755,    18.34,    209.755,  -101.66,          0,     0.00, 8.77236E-005,   161.28,    209.755,   -41.66,    209.755,  -161.66,    209.755,    78.34,          0,     0.00, 8.77228E-005,   -18.72
Line.L_CEI_MT_5146,    24.3229,   -41.68,    24.3229,  -161.68,    24.3229,    78.32,          0,     0.00, 1.72449E-005,   -24.90,    24.3229,   138.32,    24.3229,    18.32,    24.3229,  -101.68,          0,     0.00, 1.72467E-005,   155.11
Line.L_CEI_MT_5147,    24.3229,   -41.68,    24.3229,  -161.68,    24.3229,    78.32,          0,     0.00, 1.72509E-005,   -24.89,    24.3229,   138.32,    24.3229,    18.32,    24.3229,  -101.68,          0,     0.00, 1.72478E-005,   155.12
Line.L_CEI_MT_5148,    24.3229,   -41.68,    24.3229,  -161.68,    24.3229,    78.32,          0,     0.00, 1.72399E-005,   -24.90,    24.3229,   138.32,    24.3229,    18.32,    24.3229,  -101.68,          0,     0.00, 1.72381E-005,   155.10
Line.L_CEI_MT_5149,    21.6791,   138.32,    21.6791,    18.32,    21.6791,  -101.68,          0,     0.00, 1.45804E-005,   159.27,    21.6791,   -41.68,    21.6791,  -161.68,    21.6791,    78.32,          0,     0.00, 1.4579E-005,   -20.76
Line.L_CEI_MT_5150,    21.6791,   -41.68,    21.6791,  -161.68,    21.6791,    78.32,          0,     0.00, 1.45831E-005,   -20.75,    21.6791,   138.32,    21.6791,    18.32,    21.6791,  -101.68,          0,     0.00, 1.45827E-005,   159.26
Line.L_CEI_MT_5151,    21.6791,   -41.68,    21.6791,  -161.68,    21.6791,    78.32,          0,     0.00, 1.2271E-005,   -20.78,    21.6791,   138.32,    21.6791,    18.32,    21.6791,  -101.68,          0,     0.00, 1.22701E-005,   159.23
Line.L_CEI_MT_5152,    21.6791,   -41.68,    21.6791,  -161.68,    21.6791,    78.32,          0,     0.00, 9.95964E-006,   -20.79,    21.6791,   138.32,    21.6791,    18.32,    21.6791,  -101.68,          0,     0.00, 9.95948E-006,   159.21
Line.L_CEI_MT_5153,    1.58629,   138.32,    1.58629,    18.32,    1.58629,  -101.68,          0,     0.00, 8.25154E-009,    16.39,    1.58629,   -41.68,    1.58629,  -161.68,    1.58629,    78.32,          0,     0.00, 1.04125E-008,  -153.43
Line.L_CEI_MT_5154,    20.0928,   -41.68,    20.0928,  -161.68,    20.0928,    78.32,          0,     0.00, 7.6546E-006,   -20.86,    20.0928,   138.32,    20.0928,    18.32,    20.0928,  -101.68,          0,     0.00, 7.65294E-006,   159.14
Line.L_CEI_MT_5155,    1.58629,   -41.68,    1.58629,  -161.68,    1.58629,    78.32,          0,     0.00, 1.15198E-008,  -165.96,    1.58629,   138.32,    1.58629,    18.32,    1.58629,  -101.68,          0,     0.00, 1.133E-008,     9.46
Line.L_CEI_MT_5156,    18.5065,   -41.68,    18.5065,  -161.68,    18.5065,    78.32,          0,     0.00, 5.35435E-006,   -21.02,    18.5065,   138.32,    18.5065,    18.32,    18.5065,  -101.68,          0,     0.00, 5.35526E-006,   159.01
Line.L_CEI_MT_5157,    2.64384,   -41.68,    2.64384,  -161.68,    2.64384,    78.32,          0,     0.00, 2.29662E-006,   -20.88,    2.64384,   138.32,    2.64384,    18.32,    2.64384,  -101.68,          0,     0.00, 2.29464E-006,   159.25
Line.L_CEI_MT_5158,     1.5863,   -41.68,     1.5863,  -161.68,     1.5863,    78.32,          0,     0.00, 7.80591E-009,  -162.65,     1.5863,   138.32,     1.5863,    18.32,     1.5863,  -101.68,          0,     0.00, 9.04151E-009,    11.89
Line.L_CEI_MT_5159,     1.5863,   138.32,     1.5863,    18.32,     1.5863,  -101.68,          0,     0.00, 1.35762E-008,    -5.91,     1.5863,   -41.68,     1.5863,  -161.68,     1.5863,    78.32,          0,     0.00, 1.54793E-008,   173.09
Line.L_CEI_MT_5160,     1.5863,   -41.68,     1.5863,  -161.68,     1.5863,    78.32,          0,     0.00, 1.56828E-008,  -161.83,     1.5863,   138.32,     1.5863,    18.32,     1.5863,  -101.68,          0,     0.00, 1.19744E-008,    26.57
Line.L_CEI_MT_5161,    1.05754,   -41.68,    1.05754,  -161.68,    1.05754,    78.32,          0,     0.00, 4.44822E-009,  -137.12,    1.05754,   138.32,    1.05754,    18.32,    1.05754,  -101.68,          0,     0.00, 5.30936E-009,   -15.26
Line.L_CEI_MT_5162,    185.432,   138.34,    185.432,    18.34,    185.432,  -101.66,          0,     0.00, 7.10709E-005,   162.66,    185.432,   -41.66,    185.432,  -161.66,    185.432,    78.34,          0,     0.00, 7.10687E-005,   -17.34
Line.L_CEI_MT_5163,    185.432,   138.34,    185.432,    18.34,    185.432,  -101.66,          0,     0.00, 7.10675E-005,   162.67,    185.432,   -41.66,    185.432,  -161.66,    185.432,    78.34,          0,     0.00, 7.10672E-005,   -17.33
Line.L_CEI_MT_5164,    185.432,   138.34,    185.432,    18.34,    185.432,  -101.66,          0,     0.00, 7.10653E-005,   162.67,    185.432,   -41.66,    185.432,  -161.66,    185.432,    78.34,          0,     0.00, 7.10674E-005,   -17.33
Line.L_CEI_MT_5165,    185.432,   138.34,    185.432,    18.34,    185.432,  -101.66,          0,     0.00, 7.10619E-005,   162.67,    185.432,   -41.66,    185.432,  -161.66,    185.432,    78.34,          0,     0.00, 7.10641E-005,   -17.33
Line.L_CEI_MT_5166,    185.432,   138.34,    185.432,    18.34,    185.432,  -101.66,          0,     0.00, 7.10666E-005,   162.67,    185.432,   -41.66,    185.432,  -161.66,    185.432,    78.34,          0,     0.00, 7.10698E-005,   -17.32
Line.L_CEI_MT_5167,    185.432,   138.34,    185.432,    18.34,    185.432,  -101.66,          0,     0.00, 7.10623E-005,   162.67,    185.432,   -41.66,    185.432,  -161.66,    185.432,    78.34,          0,     0.00, 7.10604E-005,   -17.32
Line.L_CEI_MT_5168,    3.17224,   -41.68,    3.17224,  -161.68,    3.17224,    78.32,          0,     0.00, 2.06682E-008,   165.65,    3.17224,   138.32,    3.17224,    18.32,    3.17224,  -101.68,          0,     0.00, 2.18873E-008,    -0.61
Line.L_CEI_MT_5169,     182.26,   138.35,     182.26,    18.35,     182.26,  -101.65,          0,     0.00, 7.01582E-005,   162.85,     182.26,   -41.65,     182.26,  -161.65,     182.26,    78.35,          0,     0.00, 7.01603E-005,   -17.15
Line.L_CEI_MT_5170,     182.26,   138.35,     182.26,    18.35,     182.26,  -101.65,          0,     0.00, 7.01662E-005,   162.85,     182.26,   -41.65,     182.26,  -161.65,     182.26,    78.35,          0,     0.00, 7.0165E-005,   -17.15
Line.L_CEI_MT_5171,    181.202,   138.35,    181.202,    18.35,    181.202,  -101.65,          0,     0.00, 7.01672E-005,   162.85,    181.202,   -41.65,    181.202,  -161.65,    181.202,    78.35,          0,     0.00, 7.0165E-005,   -17.15
Line.L_CEI_MT_517154,    1.05737,   -41.68,    1.05737,  -161.68,    1.05737,    78.32,          0,     0.00, 8.03856E-009,   169.99,    1.05737,   138.32,    1.05737,    18.32,    1.05737,  -101.68,          0,     0.00, 6.33368E-009,    17.10
Line.L_CEI_MT_5172,    181.202,   138.35,    181.202,    18.35,    181.202,  -101.65,          0,     0.00, 7.0159E-005,   162.86,    181.202,   -41.65,    181.202,  -161.65,    181.202,    78.35,          0,     0.00, 7.01579E-005,   -17.14
Line.L_CEI_MT_5173,    181.202,   138.35,    181.202,    18.35,    181.202,  -101.65,          0,     0.00, 7.01554E-005,   162.86,    181.202,   -41.65,    181.202,  -161.65,    181.202,    78.35,          0,     0.00, 7.01567E-005,   -17.14
Line.L_CEI_MT_5174,    181.202,   138.35,    181.202,    18.35,    181.202,  -101.65,          0,     0.00, 7.01623E-005,   162.86,    181.202,   -41.65,    181.202,  -161.65,    181.202,    78.35,          0,     0.00, 7.01618E-005,   -17.15
Line.L_CEI_MT_5175,    2.11457,   -41.68,    2.11457,  -161.68,    2.11457,    78.32,          0,     0.00, 1.49084E-008,  -178.21,    2.11457,   138.32,    2.11457,    18.32,    2.11457,  -101.68,          0,     0.00, 1.26502E-008,    -6.34
Line.L_CEI_MT_5176,    2.11457,   -41.68,    2.11457,  -161.68,    2.11457,    78.32,          0,     0.00, 1.97673E-008,  -164.98,    2.11457,   138.32,    2.11457,    18.32,    2.11457,  -101.68,          0,     0.00, 2.03404E-008,    15.95
Line.L_CEI_MT_5177,    2.11457,   -41.68,    2.11457,  -161.68,    2.11457,    78.32,          0,     0.00, 8.85063E-009,  -178.49,    2.11457,   138.32,    2.11457,    18.32,    2.11457,  -101.68,          0,     0.00, 1.12628E-008,    29.74
Line.L_CEI_MT_5178,    179.088,   138.35,    179.088,    18.35,    179.088,  -101.65,          0,     0.00, 6.7869E-005,   162.98,    179.088,   -41.65,    179.088,  -161.65,    179.088,    78.35,          0,     0.00, 6.78677E-005,   -17.02
Line.L_CEI_MT_5179,    179.088,   -41.65,    179.088,  -161.65,    179.088,    78.35,          0,     0.00, 6.78592E-005,   -17.02,    179.088,   138.35,    179.088,    18.35,    179.088,  -101.65,          0,     0.00, 6.78628E-005,   162.98
Line.L_CEI_MT_518,    285.538,   138.34,    285.538,    18.34,    285.538,  -101.66,          0,     0.00, 0.000103626,   162.07,    285.538,   -41.66,    285.538,  -161.66,    285.538,    78.34,          0,     0.00, 0.000103627,   -17.92
Line.L_CEI_MT_5180,    2.11448,   -41.68,    2.11448,  -161.68,    2.11448,    78.32,          0,     0.00, 1.72546E-008,  -176.91,    2.11448,   138.32,    2.11448,    18.32,    2.11448,  -101.68,          0,     0.00, 1.81608E-008,     0.00
Line.L_CEI_MT_5181,    176.973,   -41.65,    176.973,  -161.65,    176.973,    78.35,          0,     0.00, 6.58694E-005,   -16.54,    176.973,   138.35,    176.973,    18.35,    176.973,  -101.65,          0,     0.00, 6.58705E-005,   163.46
Line.SW_FT3432, 8.5963E-007,   146.31, 2.15897E-006,     6.34, 9.53674E-007,   180.00,          0,     0.00, 8.5963E-007,    56.31, 8.5963E-007,    56.31, 1.73571E-006,  -164.05, 1.06624E-006,    63.43,          0,     0.00, 1.39021E-006,   120.96
Line.SW_FX2587,     4.2133,   138.36,     4.2133,    18.36,     4.2133,  -101.64,          0,     0.00, 9.61096E-007,   150.26,     4.2133,   -41.64,     4.2133,  -161.64,     4.2133,    78.36,          0,     0.00, 1.70682E-006,    24.78
Line.SW_FIC2004, 7.9968E-007,    63.43, 1.68587E-006,    -8.13, 1.19209E-006,  -126.87,          0,     0.00, 1.39531E-006,   -19.98, 9.61096E-007,   150.26, 1.73571E-006,  -164.05, 1.19209E-006,    53.13,          0,     0.00, 2.02656E-006,   151.93
Line.SW_FZ1012_DP_12240, 1.28392E-006,    68.20, 1.28392E-006,   -21.80, 8.5963E-007,   146.31,          0,     0.00, 1.52662E-006,    51.34, 8.5963E-007,  -123.69, 9.83025E-007,   165.96, 9.83025E-007,    75.96,          0,     0.00, 1.28392E-006,   158.20
Line.SW_FU0743, 7.25122E-007,   -99.46, 6.41962E-007,    21.80, 1.28392E-006,   158.20,          0,     0.00, 7.15256E-007,   180.00, 2.30231E-006,   111.25, 3.57628E-007,   180.00, 2.38419E-007,     0.00,          0,     0.00, 2.34815E-006,   113.96
Line.SW_2175_SCN, 4.91512E-007,  -104.04, 7.15256E-007,    90.00, 2.38419E-007,   180.00,          0,     0.00, 4.29815E-007,   146.31, 1.09906E-006,    40.60, 2.19811E-006,   -12.53, 1.06624E-006,  -116.57,          0,     0.00, 2.60357E-006,   -15.95
Line.SW_FP1476F,    159.891,   138.33,    159.891,    18.33,    159.891,  -101.67,          0,     0.00, 7.34899E-005,   162.83,    159.891,   -41.67,    159.891,  -161.67,    159.891,    78.33,          0,     0.00, 7.4004E-005,   -17.82
Line.SW_FIC2008,    40.7811,   138.30,     40.781,    18.30,     40.781,  -101.70,          0,     0.00, 1.24344E-005,   175.60,    40.7811,   -41.70,     40.781,  -161.70,     40.781,    78.30,          0,     0.00, 9.07871E-006,   -13.67
Line.SW_FX2678, 7.53946E-007,  -108.43, 1.06624E-006,   -26.57, 5.3312E-007,  -116.57,          0,     0.00, 1.73571E-006,   -74.05, 1.06624E-006,   116.57, 1.68587E-006,   171.87, 2.38419E-007,     0.00,          0,     0.00, 2.24924E-006,   147.99
Line.SW_FW6568,    4.23699,   138.30,    4.23699,    18.30,    4.23698,  -101.70,          0,     0.00, 2.57889E-006,   146.31,    4.23699,   -41.70,    4.23699,  -161.70,    4.23698,    78.30,          0,     0.00, 3.47143E-006,   -15.95
Line.SW_FT6092, 5.3312E-007,   -63.43, 1.85063E-006,    14.93, 8.5963E-007,  -146.31,          0,     0.00, 1.39531E-006,   -19.98, 1.28392E-006,   111.80, 7.63312E-007,  -141.34, 1.28392E-006,    21.80,          0,     0.00, 1.19804E-006,    84.29
Line.SW_FP8207, 1.2157E-006,   101.31, 1.28392E-006,   -68.20, 8.5963E-007,  -146.31,          0,     0.00, 6.7435E-007,  -135.00, 1.06624E-006,   -26.57, 1.86211E-006,   140.19, 2.38419E-007,   180.00,          0,     0.00, 1.01152E-006,   135.00
Line.SW_FP0928,          0,     0.00, 3.37175E-007,   135.00, 6.7435E-007,  -135.00,          0,     0.00, 7.53946E-007,  -161.57, 8.5963E-007,    33.69, 2.38419E-007,   -90.00, 4.76837E-007,   180.00,          0,     0.00, 3.37175E-007,    45.00
Line.SW_FU4650, 9.61096E-007,    29.74, 1.39531E-006,   -19.98, 4.76837E-007,   180.00,          0,     0.00, 1.66893E-006,     0.00, 4.91512E-007,   104.04, 2.6656E-007,    63.43, 1.3487E-006,   135.00,          0,     0.00, 1.92219E-006,   119.74
Line.SW_FP3922,    5.28524,   138.32,    5.28523,    18.32,    5.28523,  -101.68,          0,     0.00, 5.96046E-007,  -126.87,    5.28524,   -41.68,    5.28523,  -161.68,    5.28523,    78.32,          0,     0.00, 1.95518E-006,    37.57
Line.SW_FU2966, 7.25122E-007,    80.54, 2.19811E-006,   -12.53, 5.3312E-007,   -63.43,          0,     0.00, 2.51472E-006,    -5.44, 8.67857E-007,   -15.95, 8.5963E-007,   146.31, 1.06624E-006,    63.43,          0,     0.00, 1.3328E-006,    63.43
Line.SW_FIC6219,    6.84662,   138.36,    6.84662,    18.36,    6.84662,  -101.64,          0,     0.00, 8.67857E-007,   164.05,    6.84662,   -41.64,    6.84662,  -161.64,    6.84662,    78.36,          0,     0.00, 7.25122E-007,   -80.54
Line.SW_FX2155,     211.87,   -41.66,     211.87,  -161.66,     211.87,    78.34,          0,     0.00, 8.84494E-005,   -19.36,     211.87,   138.34,     211.87,    18.34,     211.87,  -101.66,          0,     0.00, 9.1005E-005,   161.04
Line.SW_FP1477,    55.1726,   138.33,    55.1726,    18.33,    55.1726,  -101.67,          0,     0.00, 3.00871E-006,  -146.31,    55.1726,   -41.67,    55.1726,  -161.67,    55.1726,    78.33,          0,     0.00, 3.83884E-006,    53.84
Line.SW_FIC3836, 1.06624E-006,  -153.43, 1.73571E-006,   -15.95, 1.19209E-006,    53.13,          0,     0.00, 1.43051E-006,     0.00, 6.7435E-007,    45.00, 1.45024E-006,   170.54, 1.28392E-006,  -158.20,          0,     0.00, 2.15897E-006,   173.66
Line.SW_FZ0734, 7.63312E-007,  -141.34, 2.14908E-006,   -19.44, 2.38419E-007,   180.00,          0,     0.00, 1.68587E-006,   -45.00, 4.29815E-007,   146.31, 8.67857E-007,  -164.05, 8.5963E-007,  -146.31,          0,     0.00, 1.96605E-006,  -165.96
Line.SW_FIC4166,    10.0068,   138.36,    10.0068,    18.36,    10.0068,  -101.64,          0,     0.00, 8.67857E-007,   164.05,    10.0068,   -41.64,    10.0068,  -161.64,    10.0068,    78.36,          0,     0.00, 2.02656E-006,   -28.07
Line.SW_FP7913, 7.9968E-007,    63.43, 1.43547E-006,   -41.63, 1.50789E-006,  -108.43,          0,     0.00, 1.92219E-006,   -60.26, 6.41962E-007,   -21.80, 1.19209E-007,     0.00, 9.53674E-007,   180.00,          0,     0.00, 3.37175E-007,  -135.00
Line.SW_FX3717, 1.19209E-006,   180.00, 1.92219E-006,    -7.13, 1.71926E-006,   -56.31,          0,     0.00, 2.36022E-006,   -45.00, 9.53674E-007,     0.00, 1.68587E-006,  -171.87, 9.53674E-007,   180.00,          0,     0.00, 1.68587E-006,  -171.87
Line.SW_FP4175_DP_21647, 1.06624E-006,   -26.57, 6.7435E-007,   -45.00,          0,     0.00,          0,     0.00, 1.71926E-006,   -33.69, 1.19209E-006,   126.87, 5.3312E-007,  -116.57, 9.53674E-007,    90.00,          0,     0.00, 1.71926E-006,   123.69
Line.SW_FW7439, 1.39021E-006,   -30.96, 5.96046E-007,    53.13, 1.19209E-006,   180.00,          0,     0.00, 4.29815E-007,   -33.69, 2.05095E-006,   144.46, 7.25122E-007,   -80.54, 2.38419E-007,     0.00,          0,     0.00, 1.39531E-006,   160.02
Line.SW_FW6456,    152.383,   138.33,    152.383,    18.33,    152.383,  -101.67,          0,     0.00, 9.43211E-005,   159.89,    152.383,   -41.67,    152.383,  -161.67,    152.383,    78.33,          0,     0.00, 9.41428E-005,   -19.38
Line.SW_FX4290, 7.63312E-007,  -141.34, 3.01814E-006,    -9.09, 1.06624E-006,   116.57,          0,     0.00, 1.90735E-006,     0.00, 1.26721E-006,    48.81, 2.74181E-006,   180.00,          0,     0.00,          0,     0.00, 2.13248E-006,   153.43
Line.SW_FIC3850, 1.19209E-006,     0.00, 1.39531E-006,   -19.98, 1.45024E-006,   -99.46,          0,     0.00, 2.9611E-006,   -40.10, 2.38419E-007,     0.00, 4.29815E-007,  -146.31, 9.83025E-007,    75.96,          0,     0.00, 7.25122E-007,    80.54
Line.SW_FX2297, 3.37175E-007,    45.00, 2.63342E-006,    -5.19, 1.50789E-006,   161.57,          0,     0.00, 1.50789E-006,    18.43, 1.52662E-006,    51.34, 1.19209E-006,   180.00,          0,     0.00,          0,     0.00, 1.2157E-006,   101.31
Line.SW_FU4749, 1.45513E-006,    55.01, 2.19811E-006,   -49.40, 5.3312E-007,   -63.43,          0,     0.00, 2.6789E-006,   -20.85, 7.63312E-007,  -141.34, 2.24924E-006,   122.01, 1.19209E-006,  -126.87,          0,     0.00, 2.5484E-006,   169.22
Line.SW_FF0625, 1.26721E-006,    48.81, 1.70682E-006,   -24.78, 9.83025E-007,  -104.04,          0,     0.00, 2.26184E-006,   -18.43, 2.6656E-007,  -116.57, 1.49369E-006,   151.39, 2.38419E-007,   180.00,          0,     0.00, 1.73571E-006,   164.05
Line.SW_FP5989_DP_19738, 1.43547E-006,   -41.63, 2.6226E-006,     0.00, 1.90735E-006,   180.00,          0,     0.00, 2.02656E-006,   -28.07, 1.43547E-006,    94.76, 2.4314E-006,   168.69, 1.06624E-006,   -26.57,          0,     0.00, 2.10903E-006,   137.29
Line.SW_FP4528,    5.01677,   138.33,    5.01677,    18.33,    5.01677,  -101.67,          0,     0.00, 9.61096E-007,    82.87,    5.01677,   -41.67,    5.01677,  -161.67,    5.01677,    78.33,          0,     0.00, 1.01852E-006,   -69.44
Line.SW_FW6078,    1.58661,   138.31,    1.58661,    18.31,    1.58661,  -101.69,          0,     0.00, 1.6038E-006,  -131.99,    1.58661,   -41.69,    1.58661,  -161.69,    1.58661,    78.31,          0,     0.00, 1.81965E-006,    31.61
Line.SW_FIC3860,    5.01677,   138.33,    5.01677,    18.33,    5.01677,  -101.67,          0,     0.00, 2.98975E-006,  -175.43,    5.01677,   -41.67,    5.01677,  -161.67,    5.01677,    78.33,          0,     0.00, 3.25378E-006,     8.43
Line.SW_FX5275, 5.3312E-007,   -63.43, 8.67857E-007,   -15.95, 4.76837E-007,   180.00,          0,     0.00, 9.31054E-007,   -50.19, 1.19209E-006,   126.87, 4.29815E-007,   146.31, 7.15256E-007,   180.00,          0,     0.00, 2.14908E-006,   146.31
Line.SW_FP0937,          0,     0.00, 1.17408E-006,   -23.96, 1.28392E-006,   158.20,          0,     0.00, 1.19209E-007,   180.00, 4.76837E-007,    90.00, 8.34465E-007,   180.00, 6.7435E-007,   -45.00,          0,     0.00, 3.57628E-007,   180.00
Line.SW_FU4651, 1.28945E-006,   -33.69, 7.53946E-007,   -71.57, 1.3487E-006,   135.00,          0,     0.00, 5.96046E-007,   -53.13, 1.26721E-006,   131.19, 4.76837E-007,   180.00, 1.06624E-006,    63.43,          0,     0.00, 2.0819E-006,   113.63
Line.SW_FIC3996, 7.53946E-007,  -161.57, 1.80396E-006,     7.59, 4.76837E-007,   -90.00,          0,     0.00, 1.17408E-006,   -23.96, 6.7435E-007,    45.00, 1.01852E-006,   -69.44, 1.3487E-006,   135.00,          0,     0.00, 4.91512E-007,   104.04
Line.SW_FU4551,    280.728,   138.36,    280.728,    18.36,    280.728,  -101.64,          0,     0.00, 8.73058E-005,   167.86,    280.728,   -41.64,    280.728,  -161.64,    280.728,    78.36,          0,     0.00, 8.7772E-005,   -12.07
Line.SW_FX4536,    39.8921,   138.24,     39.892,    18.24,    39.8921,  -101.76,          0,     0.00, 5.14654E-005,   160.52,    39.8921,   -41.76,     39.892,  -161.76,    39.8921,    78.24,          0,     0.00, 5.10161E-005,   -19.66
Line.SW_FX8727_DP_22261, 2.6656E-007,   116.57, 1.59936E-006,   -26.57, 9.53674E-007,   -90.00,          0,     0.00, 1.94059E-006,   -47.49, 8.67857E-007,    15.95, 1.19209E-006,   180.00, 4.76837E-007,    90.00,          0,     0.00, 7.9968E-007,   116.57
Line.SW_FW6610,    4.23699,   138.30,    4.23699,    18.30,    4.23698,  -101.70,          0,     0.00, 2.90049E-006,  -170.54,    4.23699,   -41.70,    4.23699,  -161.70,    4.23698,    78.30,          0,     0.00, 3.1086E-006,     4.40
Line.SW_FK0918, 1.01152E-006,    45.00, 1.6038E-006,   -48.01, 2.38419E-007,   180.00,          0,     0.00, 1.62142E-006,   -17.10, 2.38419E-007,    90.00, 1.01852E-006,    69.44, 9.83025E-007,  -104.04,          0,     0.00, 2.6656E-007,    63.43
Line.SW_FP8842_DP_18829, 7.15256E-007,    90.00, 2.51472E-006,     5.44, 9.83025E-007,  -104.04,          0,     0.00, 2.26498E-006,     0.00, 3.37175E-007,    45.00, 2.27749E-006,  -173.99, 5.3312E-007,  -116.57,          0,     0.00, 2.31463E-006,  -168.11
Line.SW_FIC3765,    27.1921,   -41.67,    27.1921,  -161.67,    27.1921,    78.33,          0,     0.00, 1.33307E-005,   -27.71,    27.1921,   138.33,    27.1921,    18.33,    27.1921,  -101.67,          0,     0.00, 1.37629E-005,   155.43
Line.SW_FIC3766,    368.194,   138.36,    368.194,    18.36,    368.194,  -101.64,          0,     0.00, 0.000109157,   168.41,    368.194,   -41.64,    368.194,  -161.64,    368.194,    78.36,          0,     0.00, 0.000108502,   -11.15
Line.SW_FIC2016,    6.32001,   138.36,    6.32001,    18.36,    6.32001,  -101.64,          0,     0.00, 7.01615E-006,  -170.22,    6.32001,   -41.64,    6.32001,  -161.64,    6.32001,    78.36,          0,     0.00, 7.88225E-006,     3.47
Line.SW_FP4396, 1.92219E-006,   150.26, 1.68587E-006,     8.13, 1.50789E-006,   -71.57,          0,     0.00, 5.3312E-007,   -26.57, 1.06624E-006,   -26.57, 3.37175E-007,  -135.00, 9.53674E-007,    90.00,          0,     0.00, 7.53946E-007,    18.43
Line.SW_FP0920,    7.92177,   138.33,    7.92177,    18.33,    7.92177,  -101.67,          0,     0.00, 1.01433E-005,   156.45,    7.92177,   -41.67,    7.92176,  -161.67,    7.92177,    78.33,          0,     0.00, 1.14267E-005,   -23.36
Line.SW_FX2133,     182.26,   -41.65,     182.26,  -161.65,     182.26,    78.35,          0,     0.00, 6.94233E-005,   -16.97,     182.26,   138.35,     182.26,    18.35,     182.26,  -101.65,          0,     0.00, 7.09199E-005,   164.40
Line.SW_FX4291,    299.145,   138.33,    299.145,    18.33,    299.145,  -101.67,          0,     0.00, 0.000131639,   161.63,    299.145,   -41.67,    299.145,  -161.67,    299.145,    78.33,          0,     0.00, 0.000130287,   -17.90
Line.SW_FP5957F, 9.61096E-007,    82.87, 1.71926E-006,   -33.69, 9.83025E-007,   -75.96,          0,     0.00, 2.02656E-006,   -28.07, 4.91512E-007,    75.96, 2.38419E-007,    90.00, 1.28392E-006,  -158.20,          0,     0.00, 1.09906E-006,   167.47
Line.SW_FK0706, 7.63312E-007,   141.34, 2.71839E-006,    15.26, 9.83025E-007,   -75.96,          0,     0.00, 2.27749E-006,     6.01, 6.41962E-007,   158.20, 8.5963E-007,  -146.31, 4.76837E-007,   -90.00,          0,     0.00, 1.49369E-006,  -151.39
Line.SW_FK0709, 4.91512E-007,  -104.04, 2.6226E-006,     0.00, 4.76837E-007,   -90.00,          0,     0.00, 2.6789E-006,   -20.85, 1.43547E-006,    94.76, 1.2157E-006,   168.69, 4.76837E-007,   180.00,          0,     0.00, 2.44597E-006,   136.97
Line.SW_FW2660, 9.83025E-007,   104.04, 8.67857E-007,   -15.95, 9.53674E-007,   180.00,          0,     0.00, 7.9968E-007,   116.57, 1.06624E-006,   -63.43, 7.63312E-007,   141.34, 9.53674E-007,    90.00,          0,     0.00, 4.91512E-007,   104.04
Line.SW_FF0601, 1.62142E-006,  -162.90, 1.50789E-006,    18.43, 5.3312E-007,   -63.43,          0,     0.00, 4.91512E-007,   -75.96, 9.31054E-007,    50.19, 1.2157E-006,  -168.69, 9.83025E-007,   104.04,          0,     0.00, 1.65611E-006,   120.26
Line.SW_FT0758, 7.15256E-007,    90.00, 2.5034E-006,     0.00, 1.28392E-006,  -158.20,          0,     0.00, 1.3328E-006,    10.30, 5.3312E-007,   -26.57, 1.09906E-006,  -167.47, 4.76837E-007,     0.00,          0,     0.00, 4.91512E-007,  -104.04
Line.SW_FT6088, 3.57628E-007,     0.00, 1.45513E-006,   -55.01, 6.7435E-007,   135.00,          0,     0.00, 1.01152E-006,   -45.00, 1.19209E-007,   180.00, 1.47454E-006,   104.04, 9.53674E-007,   -90.00,          0,     0.00, 6.7435E-007,   135.00
Line.SW_FU0742, 7.53946E-007,    18.43, 2.02656E-006,   -28.07, 1.06624E-006,  -153.43,          0,     0.00, 1.95518E-006,   -37.57, 2.38419E-007,   180.00, 1.28945E-006,   146.31, 1.06624E-006,    26.57,          0,     0.00, 1.24458E-006,   106.70
Line.SW_FX2667,    14.7511,   138.36,    14.7511,    18.36,    14.7511,  -101.64,          0,     0.00, 2.23974E-006,   154.80,    14.7511,   -41.64,    14.7511,  -161.64,    14.7511,    78.36,          0,     0.00, 2.23974E-006,   -25.20
Line.SW_FP0899, 1.17408E-006,    23.96, 1.92589E-006,    21.80, 6.7435E-007,  -135.00,          0,     0.00, 2.48916E-006,    16.70, 1.62142E-006,  -162.90, 1.01852E-006,  -110.56, 8.5963E-007,    33.69,          0,     0.00, 1.52662E-006,  -141.34
Line.SW_FX2289_DP_11534, 7.25122E-007,   -80.54, 1.50789E-006,   -18.43, 2.38419E-007,   180.00,          0,     0.00, 1.77217E-006,   -42.27, 1.24458E-006,    73.30, 9.83025E-007,   165.96, 1.45024E-006,   -80.54,          0,     0.00, 3.57628E-007,   180.00
Line.SW_FX3393_DP_11553,    10.0163,   138.35,    10.0163,    18.35,    10.0163,  -101.65,          0,     0.00, 4.55498E-006,   132.88,    10.0163,   -41.65,    10.0163,  -161.65,    10.0163,    78.35,          0,     0.00, 4.05312E-006,   -28.07
Line.SW_FX0776, 8.5963E-007,   146.31, 1.80396E-006,    -7.59, 4.76837E-007,   -90.00,          0,     0.00, 1.09906E-006,   -12.53, 7.15256E-007,     0.00, 5.96046E-007,   126.87,          0,     0.00,          0,     0.00, 5.96046E-007,    53.13
Line.SW_FP1062_DP_22020, 1.43051E-006,    90.00, 2.14577E-006,     0.00, 2.53442E-006,  -131.19,          0,     0.00, 6.7435E-007,   -45.00, 3.37175E-007,   -45.00, 1.96605E-006,   165.96, 1.59936E-006,    63.43,          0,     0.00, 1.92219E-006,   119.74
Line.SW_FZ2700, 9.53674E-007,    90.00, 2.0819E-006,   -13.24, 9.53674E-007,   -90.00,          0,     0.00, 2.0819E-006,   -13.24, 5.3312E-007,   -63.43, 1.85063E-006,   165.07, 5.3312E-007,    63.43,          0,     0.00, 1.39531E-006,   160.02
Line.SW_FP1476_DP_19607,    159.891,   138.33,    159.891,    18.33,    159.891,  -101.67,          0,     0.00, 7.34899E-005,   162.83,    159.891,   -41.67,    159.891,  -161.67,    159.891,    78.33,          0,     0.00, 7.4004E-005,   -17.82
Line.SW_FIC4439, 5.3312E-007,    63.43, 1.06624E-006,   -26.57, 2.38419E-007,   180.00,          0,     0.00, 9.53674E-007,     0.00, 1.06624E-006,  -153.43, 1.45024E-006,   170.54, 7.15256E-007,     0.00,          0,     0.00, 1.68587E-006,  -171.87
Line.SW_FIC4440, 1.3487E-006,    45.00, 1.43051E-006,     0.00, 5.3312E-007,    63.43,          0,     0.00, 2.98738E-006,    28.61, 8.5963E-007,  -146.31, 1.06624E-006,  -153.43, 5.3312E-007,   116.57,          0,     0.00, 1.96605E-006,  -165.96
Line.SW_FW2704,    1.05943,   138.30,    1.05942,    18.30,    1.05943,  -101.70,          0,     0.00, 9.61096E-007,  -150.26,    1.05943,   -41.70,    1.05942,  -161.70,    1.05942,    78.30,          0,     0.00, 1.17408E-006,   -23.96
Line.SW_FIC2018, 1.43547E-006,   138.37, 2.15897E-006,    -6.34, 2.38419E-007,   180.00,          0,     0.00, 1.09906E-006,    40.60, 1.01852E-006,   -69.44, 7.53946E-007,   161.57, 8.5963E-007,  -146.31,          0,     0.00, 1.6038E-006,  -131.99
Line.SW_FF0670,    12.1723,   138.31,    12.1723,    18.31,    12.1723,  -101.69,          0,     0.00, 1.68587E-006,  -171.87,    12.1723,   -41.69,    12.1723,  -161.69,    12.1723,    78.31,          0,     0.00, 2.24924E-006,    32.01
Line.SW_FK0054, 1.24458E-006,   106.70, 1.43547E-006,   -41.63, 7.15256E-007,   180.00,          0,     0.00, 2.38419E-007,    90.00, 1.26721E-006,  -131.19, 1.12462E-006,   122.01, 5.3312E-007,    63.43,          0,     0.00, 1.28392E-006,   158.20
Line.SW_FP0940, 6.7435E-007,    45.00, 1.2157E-006,   -11.31, 1.06624E-006,  -116.57,          0,     0.00, 1.39021E-006,   -30.96, 4.76837E-007,   -90.00, 1.43051E-006,   180.00, 4.76837E-007,   -90.00,          0,     0.00, 1.71926E-006,  -146.31
Line.SW_FP0939, 1.2157E-006,    78.69, 1.50789E-006,   -18.43, 4.76837E-007,   -90.00,          0,     0.00, 1.68587E-006,     8.13, 1.06624E-006,  -116.57, 3.37175E-007,  -135.00, 2.38419E-007,     0.00,          0,     0.00, 1.28392E-006,  -111.80
Line.SW_FZ1687,     87.693,   138.36,     87.693,    18.36,     87.693,  -101.64,          0,     0.00, 2.1814E-005,   168.01,     87.693,   -41.64,     87.693,  -161.64,     87.693,    78.36,          0,     0.00, 2.23418E-005,    -9.21
Line.SW_FX8595,    423.828,   138.36,    423.828,    18.36,    423.828,  -101.64,          0,     0.00, 0.000128266,   166.67,    423.828,   -41.64,    423.828,  -161.64,    423.828,    78.36,          0,     0.00, 0.000128603,   -13.95
Line.SW_FW7213,    560.565,   -41.65,    560.565,  -161.65,    560.565,    78.35,          0,     0.00, 0.000184115,   -17.25,    560.565,   138.35,    560.565,    18.35,    560.565,  -101.65,          0,     0.00, 0.000184063,   163.06
Line.SW_FX2287, 5.96046E-007,   -53.13, 4.29815E-007,   -33.69, 9.53674E-007,   180.00,          0,     0.00, 7.53946E-007,  -108.43, 1.47454E-006,   104.04, 1.3328E-006,   169.70, 6.7435E-007,   -45.00,          0,     0.00, 1.68587E-006,   135.00
Line.SW_FP5849, 1.39021E-006,    59.04, 1.01152E-006,   -45.00, 1.06624E-006,   153.43,          0,     0.00, 1.06624E-006,    63.43, 7.15256E-007,   -90.00, 1.81574E-006,   156.80, 1.06624E-006,    63.43,          0,     0.00, 1.52662E-006,   141.34
Line.SW_FP5721,    5.81635,   138.32,    5.81635,    18.32,    5.81635,  -101.68,          0,     0.00, 1.26721E-006,   -48.81,    5.81635,   -41.68,    5.81635,  -161.68,    5.81635,    78.32,          0,     0.00, 7.63312E-007,    38.66
Line.SW_FP5675, 1.28945E-006,   146.31, 2.37523E-006,   -17.53, 1.06624E-006,   -63.43,          0,     0.00, 1.92219E-006,   -29.74, 1.26721E-006,   -48.81, 1.39531E-006,   160.02, 7.15256E-007,   180.00,          0,     0.00, 1.28392E-006,  -158.20
Line.SW_FP5672,     47.671,   138.36,     47.671,    18.36,     47.671,  -101.64,          0,     0.00, 8.39897E-006,  -173.48,     47.671,   -41.64,     47.671,  -161.64,     47.671,    78.36,          0,     0.00, 8.16214E-006,     6.71
Line.SW_FP5556,    3.96502,   138.32,    3.96502,    18.32,    3.96502,  -101.68,          0,     0.00, 9.53674E-007,   -90.00,    3.96502,   -41.68,    3.96502,  -161.68,    3.96502,    78.32,          0,     0.00, 1.90735E-006,     0.00
Line.SW_FP5542_DP_3474,    13.4319,   138.36,    13.4319,    18.36,    13.4319,  -101.64,          0,     0.00, 8.15953E-006,   168.20,    13.4319,   -41.64,    13.4319,  -161.64,    13.4319,    78.36,          0,     0.00, 6.62121E-006,   -23.33
Line.SW_FU4554,    186.714,   138.36,    186.714,    18.36,    186.714,  -101.64,          0,     0.00, 5.54067E-005,   167.07,    186.714,   -41.64,    186.714,  -161.64,    186.714,    78.36,          0,     0.00, 5.48887E-005,   -12.80
Line.SW_FW3671,    553.698,   -41.65,    553.698,  -161.65,    553.698,    78.35,          0,     0.00, 0.000180446,   -17.45,    553.698,   138.35,    553.698,    18.35,    553.698,  -101.65,          0,     0.00, 0.000179908,   162.33
Line.SW_FX5299, 6.7435E-007,    45.00, 1.54972E-006,     0.00, 1.3487E-006,  -135.00,          0,     0.00, 1.17408E-006,   -23.96,          0,     0.00, 2.6656E-007,  -116.57, 6.7435E-007,   -45.00,          0,     0.00, 7.9968E-007,   -63.43
Line.SW_FIC1853,    15.8746,   138.31,    15.8746,    18.31,    15.8746,  -101.69,          0,     0.00, 1.73571E-006,   -74.05,    15.8746,   -41.69,    15.8746,  -161.69,    15.8746,    78.31,          0,     0.00, 1.96605E-006,   165.96
Line.SW_FK0792,    50.4205,   138.33,    50.4205,    18.33,    50.4205,  -101.67,          0,     0.00, 5.3312E-006,  -153.43,    50.4205,   -41.67,    50.4205,  -161.67,    50.4205,    78.33,          0,     0.00, 3.41363E-006,    12.09
Line.SW_FW9143,    13.7525,   138.31,    13.7525,    18.31,    13.7525,  -101.69,          0,     0.00, 9.61096E-007,  -150.26,    13.7525,   -41.69,    13.7525,  -161.69,    13.7525,    78.31,          0,     0.00, 2.6656E-007,  -116.57
Line.SW_FW3678,    216.629,   -41.66,    216.629,  -161.66,    216.629,    78.34,          0,     0.00, 9.05866E-005,   -18.41,    216.629,   138.34,    216.629,    18.34,    216.629,  -101.66,          0,     0.00, 9.04579E-005,   162.83
Line.SW_FW3197,    18.9599,   138.36,    18.9599,    18.36,    18.9599,  -101.64,          0,     0.00, 3.24284E-006,   126.03,    18.9599,   -41.64,    18.9599,  -161.64,    18.9599,    78.36,          0,     0.00, 4.39622E-006,   -40.60
Line.SW_FT1871,    12.6443,   138.36,    12.6443,    18.36,    12.6443,  -101.64,          0,     0.00, 1.24458E-006,   -73.30,    12.6443,   -41.64,    12.6443,  -161.64,    12.6443,    78.36,          0,     0.00, 1.43547E-006,    85.24
Line.SW_FU4751, 9.61096E-007,   150.26, 1.50789E-006,   -18.43, 2.38419E-007,   180.00,          0,     0.00, 3.57628E-007,     0.00, 7.25122E-007,    80.54, 2.15897E-006,   173.66, 8.5963E-007,   146.31,          0,     0.00, 3.09256E-006,   152.45
Line.SW_FW2665,    30.8468,   138.35,    30.8468,    18.35,    30.8468,  -101.65,          0,     0.00, 4.0055E-006,   143.47,    30.8468,   -41.65,    30.8468,  -161.65,    30.8468,    78.35,          0,     0.00, 6.11696E-006,   -33.07
Line.SW_FW2076,    28.4405,   138.36,    28.4405,    18.36,    28.4405,  -101.64,          0,     0.00, 3.52021E-006,  -151.70,    28.4405,   -41.64,    28.4405,  -161.64,    28.4405,    78.36,          0,     0.00, 3.34636E-006,    -4.09
Line.SW_FW2664,    330.775,   138.36,    330.775,    18.36,    330.775,  -101.64,          0,     0.00, 9.73809E-005,   169.42,    330.775,   -41.64,    330.775,  -161.64,    330.775,    78.36,          0,     0.00, 9.63911E-005,   -11.27
Line.SW_FP3539_DP_21197,    1.58685,   138.31,    1.58685,    18.31,    1.58685,  -101.69,          0,     0.00, 7.25122E-007,   -99.46,    1.58685,   -41.69,    1.58685,  -161.69,    1.58685,    78.31,          0,     0.00, 2.18839E-006,   -60.64
Line.SW_FW2487,    10.0066,   138.36,    10.0066,    18.36,    10.0066,  -101.64,          0,     0.00, 1.68587E-006,    -8.13,    10.0066,   -41.64,    10.0066,  -161.64,    10.0066,    78.36,          0,     0.00, 2.38419E-007,     0.00
Line.SW_FX3973, 1.3487E-006,    45.00, 1.43051E-006,     0.00, 5.3312E-007,    63.43,          0,     0.00, 2.98738E-006,    28.61, 8.5963E-007,  -146.31, 1.06624E-006,  -153.43, 5.3312E-007,   116.57,          0,     0.00, 1.96605E-006,  -165.96
Line.SW_FZ9202,    552.642,   -41.65,    552.641,  -161.65,    552.642,    78.35,          0,     0.00, 0.000178328,   -17.59,    552.642,   138.35,    552.641,    18.35,    552.642,  -101.65,          0,     0.00, 0.000178555,   162.44
Line.SW_FK0189,    12.1723,   138.31,    12.1723,    18.31,    12.1723,  -101.69,          0,     0.00, 1.92219E-006,  -172.87,    12.1723,   -41.69,    12.1723,  -161.69,    12.1723,    78.31,          0,     0.00, 1.39021E-006,    30.96
Line.SW_FF0812, 1.81965E-006,   148.39, 2.24924E-006,   -32.01,          0,     0.00,          0,     0.00, 4.29815E-007,   -33.69, 4.29815E-007,   -33.69, 1.01152E-006,   135.00, 5.3312E-007,   -63.43,          0,     0.00, 1.19209E-007,   180.00
Line.SW_FP3973, 5.3312E-007,   153.43, 1.43051E-006,     0.00, 5.3312E-007,   116.57,          0,     0.00, 1.01152E-006,    45.00, 1.19209E-006,   126.87, 1.2157E-006,  -168.69, 5.3312E-007,  -116.57,          0,     0.00, 2.15897E-006,   173.66
Line.SW_FIC4083, 4.76837E-007,    90.00, 1.6038E-006,   -48.01,          0,     0.00,          0,     0.00, 1.28945E-006,   -33.69, 5.3312E-007,   -26.57, 6.41962E-007,   158.20,          0,     0.00,          0,     0.00, 1.19209E-007,   180.00
Line.SW_FX9011, 1.06624E-006,   153.43, 1.54972E-006,     0.00,          0,     0.00,          0,     0.00, 7.63312E-007,    38.66, 5.3312E-007,  -116.57, 4.29815E-007,  -146.31, 6.7435E-007,  -135.00,          0,     0.00, 1.6038E-006,  -131.99
Line.SW_FIC4087,    62.6739,   138.36,    62.6739,    18.36,    62.6739,  -101.64,          0,     0.00, 2.02589E-005,   159.33,    62.6739,   -41.64,    62.6739,  -161.64,    62.6739,    78.36,          0,     0.00, 2.03247E-005,   -17.05
Line.SW_FK0098,    443.879,   138.36,    443.879,    18.36,    443.879,  -101.64,          0,     0.00, 0.000129729,   168.66,    443.879,   -41.64,    443.879,  -161.64,    443.879,    78.36,          0,     0.00, 0.000130154,   -11.73
Line.SW_FIC4089, 4.76837E-007,   180.00, 1.28945E-006,   -33.69, 9.83025E-007,  -104.04,          0,     0.00, 1.70682E-006,   -77.91,          0,     0.00, 6.41962E-007,   158.20, 2.38419E-007,   180.00,          0,     0.00, 8.67857E-007,   164.05
Line.SW_FX2216, 3.57628E-007,   180.00, 2.45756E-006,   -22.83, 8.5963E-007,   146.31,          0,     0.00, 1.28392E-006,   -21.80, 3.57628E-007,     0.00, 1.54972E-006,   180.00, 5.3312E-007,  -116.57,          0,     0.00, 1.50789E-006,  -161.57
Line.SW_FIC4226, 5.3312E-007,   -26.57, 7.53946E-007,   -18.43, 1.28392E-006,   158.20,          0,     0.00,          0,     0.00, 1.01152E-006,   135.00, 4.76837E-007,   180.00, 1.3487E-006,   -45.00,          0,     0.00, 3.37175E-007,  -135.00
Line.SW_FF0627, 7.53946E-007,   -18.43, 7.63312E-007,   -38.66, 1.52662E-006,  -141.34,          0,     0.00, 1.67318E-006,   -85.91, 1.06624E-006,   116.57, 9.61096E-007,   150.26, 5.3312E-007,   -63.43,          0,     0.00, 1.43547E-006,   138.37
Line.SW_FA3925, 1.19209E-007,     0.00, 1.95518E-006,   -37.57, 4.76837E-007,    90.00,          0,     0.00, 1.81574E-006,   -23.20, 6.41962E-007,    21.80, 1.28945E-006,   146.31, 6.7435E-007,  -135.00,          0,     0.00, 1.06624E-006,   153.43
Line.SW_FT4553_DP_22501, 4.91512E-007,   -75.96, 8.5963E-007,    33.69, 6.7435E-007,  -135.00,          0,     0.00, 5.96046E-007,   -53.13, 7.25122E-007,    80.54, 1.19209E-006,  -126.87, 9.53674E-007,   -90.00,          0,     0.00, 1.3328E-006,  -116.57
Line.SW_FT4565, 3.37175E-007,  -135.00, 1.49369E-006,   -28.61, 4.76837E-007,   180.00,          0,     0.00, 1.12462E-006,   -57.99, 3.37175E-007,   135.00, 4.91512E-007,   104.04, 9.53674E-007,     0.00,          0,     0.00, 9.31054E-007,    50.19
Line.SW_FP0935_DP_21242,     6.8684,   138.33,    6.86839,    18.33,     6.8684,  -101.67,          0,     0.00, 2.88329E-006,   150.26,     6.8684,   -41.67,    6.86839,  -161.67,     6.8684,    78.33,          0,     0.00, 2.27749E-006,    -6.01
Line.SW_FIC4128, 1.19209E-006,   126.87, 1.43051E-006,     0.00, 9.53674E-007,   -90.00,          0,     0.00, 7.15256E-007,     0.00, 8.5963E-007,  -123.69, 1.2157E-006,  -168.69, 1.96605E-006,   104.04,          0,     0.00, 2.34815E-006,   156.04
Line.SW_FT5352, 1.2157E-006,   101.31, 1.59936E-006,   -26.57, 1.71926E-006,  -123.69,          0,     0.00, 9.83025E-007,   -75.96, 5.3312E-007,  -116.57, 9.83025E-007,   104.04, 9.83025E-007,    75.96,          0,     0.00, 1.45024E-006,    99.46
Line.SW_FIC4140,    285.538,   -41.66,    285.538,  -161.66,    285.538,    78.34,          0,     0.00, 0.000104459,   -18.50,    285.538,   138.34,    285.538,    18.34,    285.538,  -101.66,          0,     0.00, 0.000104688,   161.96
Line.SW_FW2642,    63.8225,   138.30,    63.8225,    18.30,    63.8225,  -101.70,          0,     0.00, 2.34588E-005,   154.09,    63.8225,   -41.70,    63.8225,  -161.70,    63.8225,    78.30,          0,     0.00, 2.38886E-005,   -25.41
Line.SW_FX2929, 9.83025E-007,    75.96, 1.95518E-006,   -37.57, 2.38419E-007,   180.00,          0,     0.00, 1.56795E-006,    -8.75, 5.3312E-007,   -63.43, 1.09906E-006,   167.47, 1.45024E-006,    80.54,          0,     0.00, 1.3328E-006,   116.57
Line.SW_FX0651,    176.973,   -41.65,    176.973,  -161.65,    176.973,    78.35,          0,     0.00, 6.88977E-005,   -16.90,    176.973,   138.35,    176.973,    18.35,    176.973,  -101.65,          0,     0.00, 6.65001E-005,   163.55
Line.SW_FM0378_DP_22664,    128.508,   138.36,    128.508,    18.36,    128.508,  -101.64,          0,     0.00, 3.9057E-005,   162.23,    128.508,   -41.64,    128.508,  -161.64,    128.508,    78.36,          0,     0.00, 3.84586E-005,   -17.31
Line.SW_FIC4283, 7.53946E-007,    18.43, 1.81965E-006,   -31.61, 1.19209E-006,  -126.87,          0,     0.00, 2.27749E-006,   -47.12, 4.76837E-007,   180.00, 1.85063E-006,   165.07, 1.52662E-006,   -38.66,          0,     0.00, 1.17408E-006,  -156.04
Line.SW_FZ1042, 4.91512E-007,    75.96, 2.6656E-006,   -26.57, 6.7435E-007,   -45.00,          0,     0.00, 3.20981E-006,   -21.80, 1.01852E-006,  -110.56, 1.2157E-006,   168.69, 4.76837E-007,   180.00,          0,     0.00, 2.14908E-006,  -160.56
Line.SW_FU4750, 4.91512E-007,   104.04, 9.83025E-007,   -14.04, 5.3312E-007,  -116.57,          0,     0.00, 6.41962E-007,   -21.80, 7.63312E-007,  -141.34, 7.53946E-007,   161.57, 1.19209E-006,    53.13,          0,     0.00, 9.31054E-007,   129.81
Line.SW_FT4526, 2.02305E-006,   135.00, 1.54972E-006,   -67.38, 1.06624E-006,   -63.43,          0,     0.00, 1.01852E-006,  -110.56, 1.01152E-006,   -45.00, 1.45513E-006,   124.99, 9.83025E-007,    75.96,          0,     0.00, 1.43547E-006,    85.24
Line.SW_FK0035,    18.2157,   -41.67,    18.2157,  -161.67,    18.2157,    78.33,          0,     0.00, 1.07949E-005,   -30.53,    18.2157,   138.33,    18.2157,    18.33,    18.2157,  -101.67,          0,     0.00, 1.15332E-005,   150.26
Line.SW_FK0050,    16.6613,   -41.48,    16.6613,  -161.48,    16.6613,    78.52,          0,     0.00, 2.99139E-005,   159.47,    16.6613,   138.52,    16.6613,    18.52,    16.6613,  -101.48,          0,     0.00, 3.11145E-005,   -20.17
Line.SW_FP8543_DP_18764,    11.9101,   138.30,    11.9101,    18.30,    11.9101,  -101.70,          0,     0.00, 2.37523E-006,   162.47,    11.9101,   -41.70,    11.9101,  -161.70,    11.9101,    78.30,          0,     0.00, 2.74181E-006,     0.00
Line.SW_FP0909_DP_18768,    33.1799,   138.36,    33.1799,    18.36,    33.1799,  -101.64,          0,     0.00, 2.62531E-006,   140.53,    33.1799,   -41.64,    33.1799,  -161.64,    33.1799,    78.36,          0,     0.00, 1.81965E-006,   -31.61
Line.SW_FP3273, 1.45513E-006,   124.99, 1.86211E-006,   -50.19, 9.53674E-007,   180.00,          0,     0.00, 6.41962E-007,  -158.20, 1.43547E-006,   -94.76, 1.06624E-006,   153.43, 6.7435E-007,    45.00,          0,     0.00, 7.63312E-007,  -141.34
Line.SW_FP8817,    368.194,   138.36,    368.194,    18.36,    368.194,  -101.64,          0,     0.00, 0.000112922,   169.05,    368.194,   -41.64,    368.194,  -161.64,    368.194,    78.36,          0,     0.00, 0.000114089,   -11.45
Line.SW_FP3432, 5.96046E-007,    53.13, 1.28945E-006,   -33.69, 4.76837E-007,   -90.00,          0,     0.00, 1.59936E-006,   -26.57, 7.63312E-007,   -38.66, 6.41962E-007,  -158.20,          0,     0.00,          0,     0.00, 7.15256E-007,   -90.00
Line.SW_FW2734,    48.9801,   138.36,      48.98,    18.36,      48.98,  -101.64,          0,     0.00, 2.26789E-005,   164.14,    48.9801,   -41.64,      48.98,  -161.64,      48.98,    78.36,          0,     0.00, 2.22883E-005,   -16.79
Line.SW_FU0372, 4.76837E-007,   -90.00, 2.03705E-006,   -20.56, 1.06624E-006,  -153.43,          0,     0.00, 1.92219E-006,   -60.26, 1.19209E-006,    53.13, 5.3312E-007,  -153.43, 4.76837E-007,   180.00,          0,     0.00, 7.53946E-007,   108.43
Line.SW_FW3680, 7.53946E-007,   -18.43, 1.3328E-006,    10.30, 6.7435E-007,  -135.00,          0,     0.00, 1.62142E-006,   -17.10, 5.3312E-007,    63.43, 2.6656E-007,  -116.57,          0,     0.00,          0,     0.00, 2.6656E-007,    63.43
Line.SW_FW6999, 1.86211E-006,   -39.81, 5.3312E-007,   -26.57, 1.50789E-006,   161.57,          0,     0.00, 1.06624E-006,   -63.43, 2.05095E-006,   125.54, 7.15256E-007,     0.00, 1.06624E-006,   -63.43,          0,     0.00, 7.15256E-007,    90.00
Line.SW_FW3682, 1.2157E-006,   168.69, 5.3312E-007,   -26.57, 2.38419E-007,   180.00,          0,     0.00, 9.53674E-007,   180.00, 1.19209E-006,    36.87, 3.37175E-007,  -135.00, 2.38419E-007,   180.00,          0,     0.00, 6.7435E-007,    45.00
Line.SW_2333_SCN, 1.09906E-006,   139.40, 2.02305E-006,   135.00, 1.06624E-006,   -26.57,          0,     0.00, 2.12246E-006,   128.16, 7.63312E-007,    38.66, 1.52662E-006,   -51.34, 7.15256E-007,   180.00,          0,     0.00, 1.09906E-006,   -40.60
Line.SW_2353_SCN, 2.44597E-006,   136.97, 6.7435E-007,  -135.00, 3.37175E-006,    98.13,          0,     0.00, 5.29509E-006,   121.18, 2.48058E-006,   -35.22, 2.87094E-006,     4.76, 3.88117E-006,   -79.38,          0,     0.00, 7.51397E-006,   -41.78
Line.SW_FIC4465, 1.17408E-006,    23.96, 9.83025E-007,   -14.04, 1.3487E-006,  -135.00,          0,     0.00, 1.28945E-006,   -33.69, 1.07288E-006,   180.00, 1.06624E-006,  -153.43, 8.5963E-007,    33.69,          0,     0.00, 1.3113E-006,   180.00
Line.SW_FK0656,    7.91912,   138.33,    7.91912,    18.33,    7.91912,  -101.67,          0,     0.00, 1.68587E-006,   -81.87,    7.91912,   -41.67,    7.91912,  -161.67,    7.91912,    78.33,          0,     0.00, 1.66893E-006,    90.00
Line.SW_FM0148, 1.28392E-006,   -68.20, 3.57628E-007,   180.00, 1.28392E-006,   158.20,          0,     0.00, 1.28945E-006,  -146.31, 1.39021E-006,   120.96, 5.96046E-007,  -126.87, 5.3312E-007,   -63.43,          0,     0.00, 8.67857E-007,   164.05
Line.SW_FX4147, 4.76837E-007,    90.00, 1.86211E-006,   -39.81, 1.71926E-006,  -146.31,          0,     0.00, 1.66893E-006,   -90.00, 7.53946E-007,   -18.43, 1.06624E-006,   153.43, 4.76837E-007,    90.00,          0,     0.00, 7.53946E-007,   108.43
Line.SW_FW1428,    17.6907,   138.33,    17.6907,    18.33,    17.6907,  -101.67,          0,     0.00, 1.04143E-005,  -164.05,    17.6907,   -41.67,    17.6907,  -161.67,    17.6907,    78.33,          0,     0.00, 1.00617E-005,    13.71
Line.SW_FZ2046_DP_23727,    30.8147,   138.36,    30.8147,    18.36,    30.8147,  -101.64,          0,     0.00, 1.08716E-005,  -176.23,    30.8147,   -41.64,    30.8147,  -161.64,    30.8147,    78.36,          0,     0.00, 9.92019E-006,     4.13
Line.SW_FW2691,    480.739,   -41.66,    480.738,  -161.66,    480.738,    78.34,          0,     0.00, 0.00017112,   -17.77,    480.739,   138.34,    480.738,    18.34,    480.738,  -101.66,          0,     0.00, 0.00017164,   161.96
Line.SW_FK9219,    318.131,   138.36,    318.131,    18.36,    318.131,  -101.64,          0,     0.00, 9.78809E-005,   167.62,    318.131,   -41.64,    318.131,  -161.64,    318.131,    78.36,          0,     0.00, 9.70305E-005,   -12.06
Line.SW_FM1010, 4.29815E-007,    33.69, 1.39021E-006,   -59.04, 1.71926E-006,   146.31,          0,     0.00, 3.57628E-007,   180.00, 9.61096E-007,   150.26, 3.37175E-007,   135.00, 1.06624E-006,   -26.57,          0,     0.00, 2.6656E-007,   116.57
Line.SW_FIC4514,    62.6739,   138.36,    62.6739,    18.36,    62.6739,  -101.64,          0,     0.00, 2.02589E-005,   159.33,    62.6739,   -41.64,    62.6739,  -161.64,    62.6739,    78.36,          0,     0.00, 2.03247E-005,   -17.05
Line.SW_FU4550, 1.56795E-006,    -8.75, 1.06624E-006,   -26.57, 5.3312E-007,   116.57,          0,     0.00, 2.27749E-006,    -6.01, 5.96046E-007,     0.00, 2.38419E-007,    90.00, 5.3312E-007,  -116.57,          0,     0.00, 4.29815E-007,   -33.69
Line.SW_FM1015,    474.915,   -41.66,    474.915,  -161.66,    474.915,    78.34,          0,     0.00, 0.000166897,   -19.09,    474.915,   138.34,    474.915,    18.34,    474.915,  -101.66,          0,     0.00,  0.0001679,   160.42
Line.SW_FT4307, 6.7435E-007,    45.00, 2.23974E-006,   -25.20, 2.38419E-007,   180.00,          0,     0.00, 2.31463E-006,   -11.89, 3.37175E-007,   -45.00, 7.63312E-007,   141.34, 8.5963E-007,  -146.31,          0,     0.00, 1.09906E-006,  -167.47
Line.SW_FZ1325,    335.517,   138.36,    335.517,    18.36,    335.517,  -101.64,          0,     0.00, 9.94483E-005,   169.78,    335.517,   -41.64,    335.517,  -161.64,    335.517,    78.36,          0,     0.00, 9.92564E-005,   -10.38
Line.SW_FF0680,    22.2157,   138.31,    22.2157,    18.31,    22.2157,  -101.69,          0,     0.00, 4.79956E-006,  -165.62,    22.2157,   -41.69,    22.2157,  -161.69,    22.2157,    78.31,          0,     0.00, 5.26279E-006,    13.09
Line.SW_FF0585, 8.34465E-007,   180.00, 2.14908E-006,   -19.44, 1.92219E-006,  -150.26,          0,     0.00, 1.73571E-006,  -105.95, 3.57628E-007,     0.00, 8.34465E-007,   180.00, 1.19209E-006,    53.13,          0,     0.00, 9.83025E-007,    75.96
Line.SW_FZ2702, 9.53674E-007,    90.00, 7.63312E-007,   -38.66, 1.59936E-006,  -116.57,          0,     0.00, 9.61096E-007,   -97.13, 5.3312E-007,  -116.57, 1.3113E-006,   180.00, 5.3312E-007,    63.43,          0,     0.00, 1.3113E-006,   180.00
Line.SW_FW2724,    6.84662,   138.36,    6.84662,    18.36,    6.84662,  -101.64,          0,     0.00, 8.67857E-007,   164.05,    6.84662,   -41.64,    6.84662,  -161.64,    6.84662,    78.36,          0,     0.00, 7.25122E-007,   -80.54
Line.SW_FP6499, 1.52662E-006,   128.66, 2.45467E-006,   -29.05, 6.7435E-007,   -45.00,          0,     0.00, 1.73571E-006,   -15.95, 1.28392E-006,   -68.20, 1.06624E-006,   153.43, 9.53674E-007,    90.00,          0,     0.00, 5.3312E-007,   153.43
Line.SW_FIC3761,    62.6739,   138.36,    62.6739,    18.36,    62.6739,  -101.64,          0,     0.00, 1.88882E-005,   162.37,    62.6739,   -41.64,    62.6739,  -161.64,    62.6739,    78.36,          0,     0.00, 2.04697E-005,   -18.33
Line.SW_FIC3767,    62.6739,   138.36,    62.6739,    18.36,    62.6739,  -101.64,          0,     0.00, 1.88882E-005,   162.37,    62.6739,   -41.64,    62.6739,  -161.64,    62.6739,    78.36,          0,     0.00, 2.04697E-005,   -18.33
Line.SW_FX4153_DP_19124,    47.1372,   138.30,    47.1372,    18.30,    47.1372,  -101.70,          0,     0.00, 1.56455E-005,   162.26,    47.1372,   -41.70,    47.1372,  -161.70,    47.1372,    78.30,          0,     0.00, 1.56727E-005,   -14.99
Line.SW_FT6098,    358.178,   138.36,    358.177,    18.36,    358.178,  -101.64,          0,     0.00, 0.000102797,   168.49,    358.178,   -41.64,    358.177,  -161.64,    358.178,    78.36,          0,     0.00, 0.000102859,   -12.31
Line.SW_FX2548,    343.421,   138.36,    343.421,    18.36,    343.421,  -101.64,          0,     0.00, 0.000103615,   168.59,    343.421,   -41.64,    343.421,  -161.64,    343.421,    78.36,          0,     0.00, 0.000101885,   -11.34
Line.SW_FZ1968,    448.628,   138.36,    448.628,    18.36,    448.628,  -101.64,          0,     0.00, 0.000128389,   166.91,    448.628,   -41.64,    448.628,  -161.64,    448.628,    78.36,          0,     0.00, 0.000131642,   -12.77
Line.SW_FU4600, 5.3312E-007,  -116.57, 1.3328E-006,   -10.30, 8.5963E-007,  -146.31,          0,     0.00, 1.24458E-006,   -73.30, 8.5963E-007,    33.69, 8.67857E-007,  -164.05, 5.3312E-007,    63.43,          0,     0.00, 7.25122E-007,    80.54
Line.SW_FW6382,    34.8526,   138.33,    34.8526,    18.33,    34.8526,  -101.67,          0,     0.00, 1.16019E-005,   170.54,    34.8526,   -41.67,    34.8526,  -161.67,    34.8526,    78.33,          0,     0.00, 1.07817E-005,   -18.03
Line.SW_FW7630,    28.0493,   138.31,    28.0493,    18.31,    28.0493,  -101.69,          0,     0.00, 5.38557E-006,   174.92,    28.0493,   -41.69,    28.0493,  -161.69,    28.0493,    78.31,          0,     0.00, 4.41074E-006,     0.00
Line.SW_FIC3779, 7.53946E-007,   108.43, 5.96046E-007,   -53.13, 7.15256E-007,   180.00,          0,     0.00, 6.41962E-007,   158.20, 1.06624E-006,   153.43, 9.61096E-007,   150.26, 9.83025E-007,    75.96,          0,     0.00, 2.45756E-006,   129.09
Line.SW_FF0665,    590.683,   138.33,    590.683,    18.33,    590.683,  -101.67,          0,     0.00, 0.000207756,   161.12,    590.683,   -41.67,    590.683,  -161.67,    590.683,    78.33,          0,     0.00, 0.000207298,   -18.51
Line.SW_FM0467_DP_19225,    172.216,   -41.65,    172.216,  -161.65,    172.216,    78.35,          0,     0.00, 6.48035E-005,   -18.00,    172.216,   138.35,    172.216,    18.35,    172.216,  -101.65,          0,     0.00, 6.59525E-005,   162.97
Line.SW_FA4557,    237.786,   -41.66,    237.786,  -161.66,    237.786,    78.34,          0,     0.00, 0.000101765,   -17.31,    237.786,   138.34,    237.786,    18.34,    237.786,  -101.66,          0,     0.00, 0.000101608,   162.52
Line.SW_FW3334,    3.17372,   138.31,    3.17372,    18.31,    3.17372,  -101.69,          0,     0.00, 6.41962E-007,   -21.80,    3.17372,   -41.69,    3.17372,  -161.69,    3.17372,    78.31,          0,     0.00, 9.61096E-007,   -97.13
Line.SW_FT4726, 1.54972E-006,   112.62, 1.43547E-006,   -41.63, 9.53674E-007,   -90.00,          0,     0.00, 6.7435E-007,   -45.00, 9.31054E-007,   -50.19, 9.61096E-007,   150.26, 1.3487E-006,   135.00,          0,     0.00, 1.39021E-006,   149.04
Line.SW_FP0959_DP_23195,    29.6587,   138.30,    29.6587,    18.30,    29.6587,  -101.70,          0,     0.00, 8.12462E-006,   157.57,    29.6587,   -41.70,    29.6587,  -161.70,    29.6587,    78.30,          0,     0.00, 7.30686E-006,   -33.69
Line.SW_FW0958, 5.96046E-007,     0.00, 1.19209E-006,    53.13, 9.83025E-007,  -104.04,          0,     0.00, 1.07288E-006,     0.00, 1.43547E-006,   138.37, 2.26184E-006,  -161.57, 1.45024E-006,    99.46,          0,     0.00, 3.83884E-006,   154.23
Line.SW_FX9211F, 3.37175E-007,    45.00, 1.50789E-006,   -18.43, 9.83025E-007,  -104.04,          0,     0.00, 1.86211E-006,   -39.81, 4.76837E-007,     0.00, 2.38419E-007,    90.00, 7.15256E-007,   180.00,          0,     0.00, 3.37175E-007,   135.00
Line.SW_FW7220, 5.96046E-007,    53.13, 1.28945E-006,   -33.69, 9.83025E-007,  -104.04,          0,     0.00, 1.68587E-006,   -45.00, 1.09906E-006,  -167.47, 1.01852E-006,   110.56, 4.76837E-007,     0.00,          0,     0.00, 1.19209E-006,   143.13
Line.SW_FK0777, 1.09906E-006,   -40.60, 4.91512E-007,   -75.96, 1.06624E-006,  -153.43,          0,     0.00, 1.66893E-006,   -90.00, 5.96046E-007,   126.87, 3.57628E-007,     0.00,          0,     0.00,          0,     0.00, 4.76837E-007,    90.00
Line.SW_FP0943_DP_24140, 1.01852E-006,   110.56, 2.38419E-007,     0.00, 6.7435E-007,  -135.00,          0,     0.00, 7.63312E-007,   141.34, 4.29815E-007,   -33.69,          0,     0.00,          0,     0.00,          0,     0.00, 4.29815E-007,   -33.69
Line.SW_FZ2494, 1.26721E-006,    48.81, 1.92219E-006,   -29.74, 5.3312E-007,  -116.57,          0,     0.00, 2.31463E-006,   -11.89, 8.34465E-007,   180.00, 8.5963E-007,   123.69,          0,     0.00,          0,     0.00, 1.49369E-006,   151.39
Line.SW_FW9104,    9.49818,   138.34,    9.49818,    18.34,    9.49818,  -101.66,          0,     0.00, 1.28945E-006,  -146.31,    9.49818,   -41.66,    9.49818,  -161.66,    9.49818,    78.34,          0,     0.00, 2.28994E-006,    38.66
Line.SW_FW9129, 1.28392E-006,   158.20, 2.4314E-006,   -11.31, 9.53674E-007,   180.00,          0,     0.00, 2.38419E-007,     0.00, 4.76837E-007,     0.00, 2.15897E-006,  -173.66, 4.76837E-007,     0.00,          0,     0.00, 1.2157E-006,  -168.69
Line.SW_FW7312,    24.3229,   138.32,    24.3229,    18.32,    24.3229,  -101.68,          0,     0.00, 1.80349E-005,   155.81,    24.3229,   -41.68,    24.3229,  -161.68,    24.3229,    78.32,          0,     0.00, 1.73915E-005,   -28.67
Line.SW_FW2721, 1.01152E-006,   135.00, 1.49369E-006,   -28.61, 6.7435E-007,   -45.00,          0,     0.00, 1.17408E-006,   -23.96, 3.37175E-007,    45.00, 1.6038E-006,   131.99, 1.19209E-006,  -126.87,          0,     0.00, 1.62142E-006,   162.90
Line.SW_FT4701,    451.795,   138.35,    451.795,    18.35,    451.795,  -101.65,          0,     0.00, 0.000130543,   167.23,    451.795,   -41.65,    451.795,  -161.65,    451.795,    78.35,          0,     0.00, 0.000131167,   -13.03
Line.SW_FZ3293,    17.6907,   138.33,    17.6907,    18.33,    17.6907,  -101.67,          0,     0.00, 9.20926E-006,  -158.75,    17.6907,   -41.67,    17.6907,  -161.67,    17.6907,    78.33,          0,     0.00, 1.01852E-005,    20.56
Line.SW_FT6094,    15.8419,   138.33,    15.8419,    18.33,    15.8419,  -101.67,          0,     0.00, 3.76973E-006,   161.57,    15.8419,   -41.67,    15.8419,  -161.67,    15.8419,    78.33,          0,     0.00, 3.09944E-006,   -22.62
Line.SW_FW2732,    21.0665,   138.36,    21.0665,    18.36,    21.0665,  -101.64,          0,     0.00, 3.35696E-006,   163.50,    21.0665,   -41.64,    21.0665,  -161.64,    21.0665,    78.36,          0,     0.00, 5.44853E-006,   -10.08
Line.SW_FU4652, 8.67857E-007,   -15.95, 1.96605E-006,   -14.04, 7.15256E-007,   180.00,          0,     0.00, 2.14908E-006,   -19.44, 9.61096E-007,    82.87, 5.3312E-007,   153.43, 2.38419E-007,   180.00,          0,     0.00, 1.3328E-006,   116.57
Line.SW_FX2395,    29.1081,   138.31,     29.108,    18.31,     29.108,  -101.69,          0,     0.00, 1.8029E-005,   151.57,    29.1081,   -41.69,     29.108,  -161.69,     29.108,    78.31,          0,     0.00, 2.03959E-005,   -23.42
Line.SW_FX2356_DP_23429, 9.61096E-007,    97.13, 1.17408E-006,   -23.96, 9.53674E-007,   -90.00,          0,     0.00, 1.06624E-006,   -26.57, 5.96046E-007,     0.00, 9.61096E-007,   150.26, 6.7435E-007,   -45.00,          0,     0.00, 2.38419E-007,     0.00
Line.SW_FP4393,    2.63371,   138.36,    2.63371,    18.36,    2.63371,  -101.64,          0,     0.00, 4.76837E-007,    90.00,    2.63371,   -41.64,    2.63371,  -161.64,    2.63371,    78.36,          0,     0.00, 1.68587E-006,    98.13
Line.SW_FIC4445, 6.41962E-007,   158.20, 1.45024E-006,    -9.46, 4.76837E-007,   180.00,          0,     0.00, 3.57628E-007,     0.00, 7.63312E-007,   141.34, 2.15897E-006,  -173.66, 9.83025E-007,    75.96,          0,     0.00, 2.77274E-006,   154.54
Line.SW_FP0897, 1.43547E-006,   138.37, 1.17408E-006,   -23.96, 6.7435E-007,   -45.00,          0,     0.00, 4.76837E-007,     0.00, 1.09906E-006,    12.53, 6.41962E-007,  -158.20, 7.15256E-007,   180.00,          0,     0.00, 2.38419E-007,   180.00
Line.SW_FIC4448, 8.5963E-007,    33.69, 1.3328E-006,   -10.30, 1.19209E-006,   180.00,          0,     0.00, 8.67857E-007,    15.95, 7.53946E-007,  -161.57, 9.61096E-007,   150.26, 8.5963E-007,   -33.69,          0,     0.00, 8.67857E-007,  -164.05
Line.SW_FU4589, 1.3113E-006,   180.00, 2.34815E-006,   -23.96, 9.83025E-007,   104.04,          0,     0.00, 5.96046E-007,     0.00, 1.3113E-006,     0.00, 1.19209E-006,   126.87, 1.3487E-006,   135.00,          0,     0.00, 1.94059E-006,   100.62
Line.SW_FP3835_DP_32647,    8.46011,   138.32,     8.4601,    18.32,    8.46011,  -101.68,          0,     0.00, 1.09906E-006,   167.47,    8.46011,   -41.68,     8.4601,  -161.68,    8.46011,    78.32,          0,     0.00, 1.49369E-006,   -28.61
Line.SW_FU4641,    413.806,   138.36,    413.805,    18.36,    413.805,  -101.64,          0,     0.00, 0.000121548,   165.92,    413.806,   -41.64,    413.805,  -161.64,    413.805,    78.36,          0,     0.00, 0.000121088,   -13.67
Line.SW_FW2740,    9.51013,   138.32,    9.51012,    18.32,    9.51012,  -101.68,          0,     0.00, 5.73197E-006,   163.07,    9.51012,   -41.68,    9.51012,  -161.68,    9.51012,    78.32,          0,     0.00, 3.1809E-006,   -12.99
Line.SW_FK0791,     777.39,   -41.67,     777.39,  -161.67,     777.39,    78.33,          0,     0.00, 0.000296282,   -19.56,     777.39,   138.33,     777.39,    18.33,     777.39,  -101.67,          0,     0.00, 0.000296956,   160.49
Line.SW_FIC4562, 1.19209E-007,   180.00, 2.05095E-006,   -54.46, 9.53674E-007,   180.00,          0,     0.00, 1.67318E-006,   -85.91, 2.6656E-007,    63.43, 1.81574E-006,   156.80, 6.7435E-007,   -45.00,          0,     0.00, 1.17408E-006,   156.04
Line.SW_FT4516,    303.378,   138.33,    303.377,    18.33,    303.377,  -101.67,          0,     0.00, 0.000136611,   162.85,    303.378,   -41.67,    303.377,  -161.67,    303.377,    78.33,          0,     0.00, 0.000136384,   -17.18
Line.SW_FIC4926, 4.29815E-007,   -33.69, 9.83025E-007,   -14.04, 6.7435E-007,   135.00,          0,     0.00, 8.34465E-007,     0.00, 4.91512E-007,    75.96, 9.83025E-007,  -165.96, 4.76837E-007,     0.00,          0,     0.00, 4.29815E-007,   146.31
Line.SW_CN15_SCN, 1.06624E-006,   153.43, 1.85063E-006,   165.07, 9.83025E-007,    75.96,          0,     0.00, 3.14722E-006,   142.70, 1.43051E-006,     0.00, 2.37523E-006,   -17.53, 1.28392E-006,  -158.20,          0,     0.00, 2.77274E-006,   -25.46
Line.SW_FW2480,    11.5901,   138.36,    11.5901,    18.36,    11.5901,  -101.64,          0,     0.00, 5.96046E-007,   180.00,    11.5901,   -41.64,    11.5901,  -161.64,    11.5901,    78.36,          0,     0.00, 6.41962E-007,    21.80
Line.SW_FW2724F,    6.84662,   138.36,    6.84662,    18.36,    6.84662,  -101.64,          0,     0.00, 8.67857E-007,   164.05,    6.84662,   -41.64,    6.84662,  -161.64,    6.84662,    78.36,          0,     0.00, 7.25122E-007,   -80.54
Line.SW_FIC5484,    79.3767,   138.31,    79.3767,    18.31,    79.3767,  -101.69,          0,     0.00, 3.20981E-006,   158.20,    79.3767,   -41.69,    79.3767,  -161.69,    79.3767,    78.31,          0,     0.00, 2.12246E-006,   -51.84
Line.SW_FZ0706,     425.41,   138.36,     425.41,    18.36,     425.41,  -101.64,          0,     0.00,  0.0001288,   167.06,     425.41,   -41.64,     425.41,  -161.64,     425.41,    78.36,          0,     0.00, 0.000128461,   -12.76
Line.SW_FU4648, 1.52662E-006,   -38.66, 1.56795E-006,    -8.75, 1.52662E-006,   141.34,          0,     0.00, 1.56795E-006,    -8.75, 1.39021E-006,   120.96, 1.78814E-006,   180.00, 8.5963E-007,   -33.69,          0,     0.00, 1.92589E-006,   158.20
Line.SW_FX3800_DP_32813, 1.49369E-006,   -28.61, 1.43051E-006,     0.00, 9.53674E-007,   180.00,          0,     0.00, 1.92589E-006,   -21.80, 1.12462E-006,   122.01, 1.28392E-006,   158.20, 1.19209E-006,     0.00,          0,     0.00, 1.54972E-006,   112.62
Line.SW_FW1996, 1.26721E-006,   -48.81, 1.12462E-006,   -57.99, 5.3312E-007,   116.57,          0,     0.00, 1.86211E-006,   -50.19, 1.47454E-006,   104.04, 1.6038E-006,   131.99, 1.45024E-006,   -80.54,          0,     0.00, 1.68587E-006,   135.00
Line.SW_FW6636, 7.63312E-007,   141.34, 1.62142E-006,   -36.03, 4.76837E-007,   -90.00,          0,     0.00, 1.19209E-006,   -53.13, 1.09906E-006,   -12.53, 1.6038E-006,   131.99, 4.76837E-007,    90.00,          0,     0.00, 1.43051E-006,    90.00
Line.SW_FP4697_DP_27020,          0,     0.00, 1.39021E-006,   -30.96, 1.28392E-006,   158.20,          0,     0.00, 2.38419E-007,   -90.00, 2.38419E-007,   -90.00, 1.2157E-006,   168.69, 1.06624E-006,    26.57,          0,     0.00, 5.3312E-007,   116.57
Line.SW_FP4717, 1.73571E-006,   -15.95, 1.92219E-006,     7.13, 2.38419E-007,   180.00,          0,     0.00, 3.34636E-006,    -4.09, 5.3312E-007,   116.57, 1.96605E-006,  -165.96, 2.38419E-007,     0.00,          0,     0.00, 1.90735E-006,   180.00
Line.SW_FP4677_DP_27031,     91.907,   138.36,     91.907,    18.36,     91.907,  -101.64,          0,     0.00, 2.77594E-005,   165.07,     91.907,   -41.64,     91.907,  -161.64,     91.907,    78.36,          0,     0.00, 2.77614E-005,   -12.90
Line.SW_FX2214, 6.41962E-007,   158.20, 1.59936E-006,   -26.57, 9.83025E-007,   -75.96,          0,     0.00, 1.78814E-006,   -53.13, 3.57628E-007,     0.00, 1.19209E-006,    36.87, 8.5963E-007,   146.31,          0,     0.00, 1.3328E-006,    63.43
Line.SW_FP3985, 1.06624E-006,   116.57, 2.26184E-006,   -18.43, 8.5963E-007,   -33.69,          0,     0.00, 2.39608E-006,    -5.71, 4.76837E-007,   -90.00, 1.50789E-006,   161.57, 7.15256E-007,   180.00,          0,     0.00, 2.14577E-006,   180.00
Line.SW_FIC5525, 1.06624E-006,   116.57, 1.39021E-006,   -59.04, 6.7435E-007,   135.00,          0,     0.00, 3.37175E-007,   135.00, 5.3312E-007,  -153.43, 1.52662E-006,   141.34, 2.38419E-007,     0.00,          0,     0.00, 1.59936E-006,   153.43
Line.SW_FX2135_DP_32968,    6.87384,   138.32,    6.87383,    18.32,    6.87384,  -101.68,          0,     0.00, 7.9968E-007,   116.57,    6.87384,   -41.68,    6.87383,  -161.68,    6.87383,    78.32,          0,     0.00, 1.85063E-006,   -14.93
Line.SW_FT4730,     419.08,   138.36,     419.08,    18.36,     419.08,  -101.64,          0,     0.00, 0.000126013,   166.77,     419.08,   -41.64,     419.08,  -161.64,     419.08,    78.36,          0,     0.00, 0.000126942,   -13.14
Line.SW_FW2737, 8.5963E-007,    56.31, 8.5963E-007,   -33.69, 1.45024E-006,   -99.46,          0,     0.00, 1.52662E-006,   -51.34, 3.37175E-007,   -45.00, 1.2157E-006,   168.69, 5.3312E-007,    63.43,          0,     0.00, 8.5963E-007,   146.31
Line.SW_FIC5557, 1.43051E-006,     0.00, 2.02656E-006,   -28.07, 1.73571E-006,   164.05,          0,     0.00, 1.62142E-006,   -17.10, 9.53674E-007,   180.00, 6.41962E-007,    21.80, 1.19209E-006,     0.00,          0,     0.00, 8.67857E-007,    15.95
Line.SW_FW2702,    12.7108,   138.30,    12.7108,    18.30,    12.7108,  -101.70,          0,     0.00, 1.67318E-006,    94.09,    12.7108,   -41.70,    12.7108,  -161.70,    12.7108,    78.30,          0,     0.00, 1.12462E-006,  -122.01
Line.SW_FX9141, 8.67857E-007,   164.05, 8.5963E-007,   -33.69, 9.83025E-007,  -104.04,          0,     0.00, 1.24458E-006,  -106.70, 3.57628E-007,     0.00, 1.59936E-006,   153.43, 1.06624E-006,   116.57,          0,     0.00, 2.27749E-006,   132.88
Line.SW_FIC5560,          0,     0.00, 1.3328E-006,   -10.30, 9.83025E-007,  -104.04,          0,     0.00, 1.6038E-006,   -48.01, 7.15256E-007,     0.00, 7.63312E-007,  -141.34, 8.5963E-007,   146.31,          0,     0.00, 5.96046E-007,   180.00
Line.SW_FX4123, 6.7435E-007,    45.00, 2.23974E-006,   -25.20, 2.38419E-007,   180.00,          0,     0.00, 2.31463E-006,   -11.89, 3.37175E-007,   -45.00, 7.63312E-007,   141.34, 8.5963E-007,  -146.31,          0,     0.00, 1.09906E-006,  -167.47
Line.SW_FW3696, 6.41962E-007,    21.80, 1.66893E-006,     0.00, 7.15256E-007,   180.00,          0,     0.00, 1.56795E-006,     8.75, 1.19209E-007,   180.00, 1.19209E-006,   180.00,          0,     0.00,          0,     0.00, 1.3113E-006,   180.00
Line.SW_FW3694, 5.3312E-007,  -116.57, 1.73571E-006,   -15.95, 4.76837E-007,   -90.00,          0,     0.00, 2.02305E-006,   -45.00, 9.53674E-007,    90.00, 7.53946E-007,   -18.43, 2.38419E-007,   180.00,          0,     0.00, 8.5963E-007,    56.31
Line.SW_FX2278, 1.09906E-006,    40.60, 1.78814E-006,   -53.13, 1.06624E-006,  -116.57,          0,     0.00, 2.19811E-006,   -49.40, 1.12462E-006,  -122.01, 1.19804E-006,    84.29, 1.06624E-006,    63.43,          0,     0.00, 1.19209E-006,    90.00
Line.SW_FW2729,    6.32001,   138.36,    6.32001,    18.36,    6.32001,  -101.64,          0,     0.00, 3.25378E-006,   171.57,    6.32001,   -41.64,    6.32001,  -161.64,    6.32001,    78.36,          0,     0.00, 2.5034E-006,     0.00
Line.SW_FT1941_DP_31258,    8.98176,   138.33,    8.98175,    18.33,    8.98175,  -101.67,          0,     0.00, 5.35779E-006,  -159.15,    8.98175,   -41.67,    8.98175,  -161.67,    8.98175,    78.33,          0,     0.00, 3.6471E-006,    11.31
Line.SW_FX0998, 1.39531E-006,    19.98, 5.3312E-007,   -26.57, 1.92219E-006,   -97.13,          0,     0.00, 2.27749E-006,   -47.12, 8.34465E-007,   180.00, 1.19209E-006,  -143.13, 1.50789E-006,    71.57,          0,     0.00, 1.49369E-006,   151.39
Line.SW_FW3686, 5.3312E-007,    26.57, 1.43051E-006,     0.00, 6.7435E-007,   135.00,          0,     0.00, 1.59936E-006,    26.57, 8.5963E-007,   146.31, 9.53674E-007,   180.00, 5.3312E-007,   -63.43,          0,     0.00, 1.43051E-006,   180.00
Line.SW_FZ2487, 1.86592E-006,   116.57, 2.26184E-006,   -18.43, 9.83025E-007,   -75.96,          0,     0.00, 1.54972E-006,     0.00, 9.61096E-007,   -29.74, 7.15256E-007,   180.00, 8.5963E-007,   146.31,          0,     0.00, 5.96046E-007,   180.00
Line.SW_FT4531,    234.083,   -41.66,    234.083,  -161.66,    234.083,    78.34,          0,     0.00, 9.71714E-005,   -17.12,    234.083,   138.34,    234.083,    18.34,    234.083,  -101.66,          0,     0.00, 9.71714E-005,   162.88
Line.SW_FU4699,    334.707,   -41.66,    334.707,  -161.66,    334.707,    78.34,          0,     0.00, 0.000124062,   -18.49,    334.707,   138.34,    334.707,    18.34,    334.707,  -101.66,          0,     0.00, 0.000122705,   161.65
Line.SW_FT4564, 7.15256E-007,   180.00, 7.9968E-007,   -63.43, 9.53674E-007,   -90.00,          0,     0.00, 1.70682E-006,  -102.09, 2.38419E-007,     0.00, 1.43547E-006,   138.37,          0,     0.00,          0,     0.00, 1.26721E-006,   131.19
Line.SW_FT4732,    82.9523,   138.36,    82.9523,    18.36,    82.9523,  -101.64,          0,     0.00, 2.27712E-005,   162.32,    82.9523,   -41.64,    82.9523,  -161.64,    82.9523,    78.36,          0,     0.00, 2.26686E-005,   -14.62
Line.SW_FU3374, 5.3312E-007,   -26.57, 7.53946E-007,   -18.43, 1.28392E-006,   158.20,          0,     0.00,          0,     0.00, 1.01152E-006,   135.00, 4.76837E-007,   180.00, 1.3487E-006,   -45.00,          0,     0.00, 3.37175E-007,  -135.00
Line.SW_FT4797,    1397.28,   -41.67,    1397.28,  -161.67,    1397.28,    78.33,          0,     0.00, 0.000514098,   -18.94,    1397.28,   138.33,    1397.28,    18.33,    1397.28,  -101.67,          0,     0.00, 0.000515162,   160.96
Line.SW_FT4575,    57.2847,   138.33,    57.2847,    18.33,    57.2847,  -101.67,          0,     0.00, 3.86834E-006,  -146.31,    57.2847,   -41.67,    57.2847,  -161.67,    57.2847,    78.33,          0,     0.00, 2.51472E-006,    58.57
Line.SW_FT4708,    3.17347,   138.31,    3.17347,    18.31,    3.17347,  -101.69,          0,     0.00, 1.90735E-006,   180.00,    3.17347,   -41.69,    3.17347,  -161.69,    3.17347,    78.31,          0,     0.00, 1.68587E-006,    -8.13
Line.SW_FX4148, 9.83025E-007,    75.96, 1.06624E-006,   -26.57, 2.38419E-007,   180.00,          0,     0.00, 1.06624E-006,    26.57, 1.19209E-006,   180.00, 6.7435E-007,   135.00, 2.38419E-007,   180.00,          0,     0.00, 1.96605E-006,   165.96
Line.SW_FT4756,    1399.41,   -41.67,    1399.41,  -161.67,    1399.41,    78.33,          0,     0.00, 0.000513888,   -19.12,    1399.41,   138.33,    1399.41,    18.33,    1399.41,  -101.67,          0,     0.00, 0.000515015,   160.92
Line.SW_FX4285, 1.12462E-006,   122.01, 1.3487E-006,   -45.00, 5.3312E-007,   116.57,          0,     0.00, 4.91512E-007,    75.96, 6.41962E-007,   158.20, 1.39021E-006,   120.96, 2.38419E-007,   180.00,          0,     0.00, 2.10903E-006,   137.29
Line.SW_FW6133,    16.1065,   138.33,    16.1065,    18.33,    16.1065,  -101.67,          0,     0.00, 5.33786E-006,  -156.30,    16.1065,   -41.67,    16.1065,  -161.67,    16.1065,    78.33,          0,     0.00, 4.93964E-006,    19.75
Line.SW_FIC5008, 1.28392E-006,    68.20, 2.13248E-006,   -26.57, 5.3312E-007,  -116.57,          0,     0.00, 2.15897E-006,    -6.34, 9.83025E-007,  -104.04, 8.5963E-007,   146.31, 2.38419E-007,     0.00,          0,     0.00, 8.5963E-007,  -146.31
Line.SW_FX9211, 3.37175E-007,    45.00, 1.50789E-006,   -18.43, 9.83025E-007,  -104.04,          0,     0.00, 1.86211E-006,   -39.81, 4.76837E-007,     0.00, 2.38419E-007,    90.00, 7.15256E-007,   180.00,          0,     0.00, 3.37175E-007,   135.00
Line.SW_FA2040,    453.906,   138.35,    453.906,    18.35,    453.906,  -101.65,          0,     0.00, 0.000136547,   164.92,    453.906,   -41.65,    453.906,  -161.65,    453.906,    78.35,          0,     0.00, 0.000137974,   -15.74
Line.SW_FT8348, 7.15256E-007,    90.00, 2.37523E-006,   -17.53, 1.50789E-006,  -161.57,          0,     0.00, 9.61096E-007,   -29.74, 3.37175E-007,    45.00, 2.27749E-006,   173.99, 1.06624E-006,    26.57,          0,     0.00, 1.43547E-006,   138.37
Line.SW_FP8015,    332.356,   138.36,    332.356,    18.36,    332.356,  -101.64,          0,     0.00, 9.95777E-005,   169.38,    332.356,   -41.64,    332.356,  -161.64,    332.356,    78.36,          0,     0.00, 9.88748E-005,   -10.70
Line.SW_FP8447_DP_31490, 2.38419E-007,     0.00, 1.39531E-006,   -19.98, 2.38419E-006,   143.13,          0,     0.00, 1.01852E-006,   110.56, 5.3312E-007,   116.57, 9.61096E-007,   150.26, 1.59936E-006,   -63.43,          0,     0.00, 5.96046E-007,  -126.87
Line.SW_FU4560,    23.3032,   138.30,    23.3032,    18.30,    23.3032,  -101.70,          0,     0.00, 2.02656E-006,   151.93,    23.3032,   -41.70,    23.3032,  -161.70,    23.3032,    78.30,          0,     0.00, 1.24458E-006,   -73.30
Line.SW_FX2534,    20.5399,   138.36,    20.5399,    18.36,    20.5399,  -101.64,          0,     0.00, 9.31054E-007,   129.81,    20.5399,   -41.64,    20.5399,  -161.64,    20.5399,    78.36,          0,     0.00, 2.14908E-006,   -19.44
Line.SW_FX0646, 1.43547E-006,  -138.37, 2.4314E-006,   -11.31, 7.15256E-007,   180.00,          0,     0.00, 1.54972E-006,   -67.38, 1.3328E-006,    63.43, 1.96605E-006,   165.96, 9.83025E-007,   -75.96,          0,     0.00, 1.28945E-006,   146.31
Line.SW_FM0468,    23.1732,   138.36,    23.1732,    18.36,    23.1732,  -101.64,          0,     0.00, 5.55188E-006,   165.07,    23.1732,   -41.64,    23.1732,  -161.64,    23.1732,    78.36,          0,     0.00, 7.37269E-006,   -22.83
Line.SW_FT1998_DP_35963,    65.9413,   138.30,    65.9413,    18.30,    65.9413,  -101.70,          0,     0.00, 2.34963E-005,   159.82,    65.9413,   -41.70,    65.9413,  -161.70,    65.9413,    78.30,          0,     0.00, 2.36651E-005,   -21.27
Line.SW_FT1997,     43.959,   138.30,     43.959,    18.30,     43.959,  -101.70,          0,     0.00, 1.42514E-005,   162.47,     43.959,   -41.70,     43.959,  -161.70,     43.959,    78.30,          0,     0.00, 1.31325E-005,   -15.80
Line.SW_FP0916, 8.5963E-007,   146.31, 1.39531E-006,   -19.98, 9.83025E-007,   -75.96,          0,     0.00, 1.26721E-006,   -48.81, 4.76837E-007,    90.00, 1.07288E-006,   180.00, 5.3312E-007,    63.43,          0,     0.00, 1.26721E-006,   131.19
Line.SW_FP0905,    15.8382,   138.33,    15.8382,    18.33,    15.8382,  -101.67,          0,     0.00, 1.59936E-006,   -26.57,    15.8382,   -41.67,    15.8382,  -161.67,    15.8382,    78.33,          0,     0.00, 1.19209E-006,   126.87
Line.SW_FIC5828,    40.7811,   138.30,     40.781,    18.30,     40.781,  -101.70,          0,     0.00, 1.43413E-005,   166.54,    40.7811,   -41.70,     40.781,  -161.70,     40.781,    78.30,          0,     0.00, 1.34453E-005,   -10.21
Line.SW_FX2951,    137.463,   138.36,    137.463,    18.36,    137.463,  -101.64,          0,     0.00, 4.43043E-005,   162.78,    137.463,   -41.64,    137.463,  -161.64,    137.463,    78.36,          0,     0.00, 4.39372E-005,   -16.71
Line.SW_FX2549, 1.06624E-006,   -26.57, 1.80396E-006,    -7.59, 1.92219E-006,   150.26,          0,     0.00, 1.09906E-006,    12.53, 1.01152E-006,   135.00, 5.96046E-007,   126.87, 9.83025E-007,   -75.96,          0,     0.00, 8.67857E-007,   164.05
Line.SW_FZ2491, 9.53674E-007,    90.00, 2.28994E-006,   -38.66, 2.38419E-007,   180.00,          0,     0.00, 1.62142E-006,   -17.10, 1.01152E-006,   -45.00, 1.39531E-006,   160.02, 5.3312E-007,   116.57,          0,     0.00, 8.67857E-007,   164.05
Line.SW_FA8073,    16.6317,   -41.67,    16.6317,  -161.67,    16.6317,    78.33,          0,     0.00, 1.12367E-005,   -41.13,    16.6317,   138.33,    16.6317,    18.33,    16.6317,  -101.67,          0,     0.00, 1.07215E-005,   138.15
Line.SW_FA2060, 2.6656E-007,    63.43, 2.48916E-006,   -16.70, 5.3312E-007,   116.57,          0,     0.00, 2.26498E-006,     0.00, 8.67857E-007,    15.95, 2.39608E-006,   174.29, 5.3312E-007,   -63.43,          0,     0.00, 1.3113E-006,   180.00
Line.SW_FX2538,    264.096,   -41.66,    264.096,  -161.66,    264.096,    78.34,          0,     0.00, 0.000102801,   -18.67,    264.096,   138.34,    264.096,    18.34,    264.096,  -101.66,          0,     0.00, 0.000103942,   162.38
Line.SW_FW7558, 8.67857E-007,    15.95, 2.26184E-006,   -18.43, 1.06624E-006,  -153.43,          0,     0.00, 2.23974E-006,   -25.20, 1.54972E-006,   180.00, 4.76837E-007,    90.00, 9.83025E-007,    75.96,          0,     0.00, 1.94059E-006,   132.51
Line.SW_FX4729,    453.906,   138.35,    453.906,    18.35,    453.906,  -101.65,          0,     0.00, 0.000134465,   166.99,    453.906,   -41.65,    453.906,  -161.65,    453.906,    78.35,          0,     0.00, 0.000134899,   -12.45
Line.SW_FT4689, 8.34465E-007,     0.00, 1.09906E-006,    12.53, 1.3487E-006,  -135.00,          0,     0.00, 1.19209E-006,   -36.87, 1.70682E-006,   155.22, 9.61096E-007,  -150.26, 5.3312E-007,    63.43,          0,     0.00, 2.26184E-006,   161.57
Line.SW_FZ0594, 7.9968E-007,    63.43, 1.3328E-006,   -63.43, 2.38419E-007,     0.00,          0,     0.00, 1.28392E-006,   -21.80, 4.91512E-007,    75.96, 4.91512E-007,   104.04, 8.5963E-007,  -146.31,          0,     0.00, 8.5963E-007,   146.31
Line.SW_FW2557, 1.81965E-006,   148.39, 1.73571E-006,   -15.95, 1.50789E-006,  -108.43,          0,     0.00, 1.01852E-006,  -110.56, 7.63312E-007,   -38.66, 2.39608E-006,  -174.29, 2.38419E-007,     0.00,          0,     0.00, 1.70682E-006,  -155.22
Line.SW_FP0903_DP_36124, 7.9968E-007,   116.57, 7.53946E-007,    18.43,          0,     0.00,          0,     0.00, 1.01852E-006,    69.44, 9.61096E-007,   -29.74, 1.19209E-006,   180.00, 5.3312E-007,   116.57,          0,     0.00, 5.96046E-007,   180.00
Line.SW_FP0938, 4.29815E-007,   -33.69, 2.28994E-006,   -38.66, 5.3312E-007,    63.43,          0,     0.00, 2.6656E-006,   -26.57, 3.57628E-007,     0.00, 1.47454E-006,   104.04, 1.19209E-006,   180.00,          0,     0.00, 1.86211E-006,   129.81
Line.SW_FU4557, 1.94059E-006,   100.62, 2.55953E-006,   -27.76, 9.53674E-007,   -90.00,          0,     0.00, 1.92219E-006,    -7.13, 1.47454E-006,   -75.96, 2.23974E-006,   154.80, 1.06624E-006,    63.43,          0,     0.00, 1.28392E-006,   158.20
Line.SW_FP0947,    334.707,   -41.66,    334.707,  -161.66,    334.707,    78.34,          0,     0.00, 0.000124062,   -18.49,    334.707,   138.34,    334.707,    18.34,    334.707,  -101.66,          0,     0.00, 0.000122705,   161.65
Line.SW_FU2970, 1.17408E-006,    23.96, 2.04053E-006,     6.71, 6.7435E-007,   135.00,          0,     0.00, 2.88082E-006,    24.44, 1.19209E-007,   180.00, 2.51472E-006,  -174.56, 9.53674E-007,   -90.00,          0,     0.00, 2.88082E-006,  -155.56
Line.SW_FP1082_DP_36244, 6.7435E-007,  -135.00, 2.14908E-006,   -33.69, 6.7435E-007,   135.00,          0,     0.00, 1.45513E-006,   -55.01, 9.53674E-007,    90.00, 1.3328E-006,   116.57, 1.50789E-006,  -108.43,          0,     0.00, 1.28945E-006,   146.31
Line.SW_FIC5872, 1.62142E-006,    36.03, 1.28392E-006,   -68.20, 1.52662E-006,  -141.34,          0,     0.00, 1.3328E-006,   -63.43, 1.62142E-006,  -162.90, 7.53946E-007,   108.43, 1.3487E-006,    45.00,          0,     0.00, 1.45513E-006,   124.99
Line.SW_FIC5876, 1.24458E-006,    73.30, 1.39021E-006,   -30.96, 1.06624E-006,  -116.57,          0,     0.00, 1.17408E-006,   -23.96, 1.26721E-006,  -131.19, 3.37175E-007,    45.00, 4.76837E-007,     0.00,          0,     0.00, 7.25122E-007,   -99.46
Line.SW_FU4754,    185.432,   -41.66,    185.432,  -161.66,    185.432,    78.34,          0,     0.00, 7.09091E-005,   -18.22,    185.432,   138.34,    185.432,    18.34,    185.432,  -101.66,          0,     0.00, 7.13622E-005,   161.90
Line.SW_FU4755,    35.6635,   138.23,    35.6635,    18.23,    35.6635,  -101.77,          0,     0.00, 4.92842E-005,   160.21,    35.6635,   -41.77,    35.6635,  -161.77,    35.6635,    78.23,          0,     0.00, 4.82173E-005,   -17.85
Line.SW_FP8841,    21.3331,   138.36,    21.3331,    18.36,    21.3331,  -101.64,          0,     0.00, 6.83247E-006,   173.99,    21.3331,   -41.64,    21.3331,  -161.64,    21.3331,    78.36,          0,     0.00, 6.76559E-006,   -14.28
Line.SW_FK0747, 9.61096E-007,    29.74, 7.15256E-007,     0.00, 5.3312E-007,  -116.57,          0,     0.00, 1.3113E-006,     0.00, 1.19209E-007,   180.00, 2.38419E-007,     0.00, 5.3312E-007,   116.57,          0,     0.00, 4.91512E-007,   104.04
Line.SW_FT4755,    1387.19,   -41.67,    1387.19,  -161.67,    1387.19,    78.33,          0,     0.00, 0.000512944,   -19.10,    1387.19,   138.33,    1387.19,    18.33,    1387.19,  -101.67,          0,     0.00, 0.000512097,   161.09
Line.SW_FX4152_DP_31839, 1.19209E-007,     0.00, 2.15897E-006,     6.34, 9.83025E-007,   104.04,          0,     0.00, 2.35117E-006,    30.47, 4.29815E-007,   146.31, 7.15256E-007,   -90.00, 2.38419E-007,   180.00,          0,     0.00, 7.63312E-007,  -141.34
Line.SW_FW8773,    136.409,   138.36,    136.409,    18.36,    136.409,  -101.64,          0,     0.00, 4.39177E-005,   161.32,    136.409,   -41.64,    136.409,  -161.64,    136.409,    78.36,          0,     0.00, 4.27868E-005,   -18.18
Line.SW_FW7550,    28.4405,   138.36,    28.4405,    18.36,    28.4405,  -101.64,          0,     0.00, 2.55953E-006,  -152.24,    28.4405,   -41.64,    28.4405,  -161.64,    28.4405,    78.36,          0,     0.00, 2.60357E-006,    15.95
Line.SW_FK0218, 5.3312E-007,    26.57, 4.76837E-007,     0.00, 1.73571E-006,   164.05,          0,     0.00, 1.01152E-006,   135.00, 3.37175E-007,    45.00, 1.2157E-006,   168.69, 2.38419E-007,     0.00,          0,     0.00, 8.5963E-007,   146.31
Line.SW_FZ5435, 1.45024E-006,    99.46, 1.71926E-006,   -33.69, 4.76837E-007,   180.00,          0,     0.00, 8.5963E-007,    33.69, 5.3312E-007,  -116.57, 1.81574E-006,   156.80, 4.76837E-007,    90.00,          0,     0.00, 2.03705E-006,   159.44
Line.SW_FX2215_DP_31935, 1.19209E-007,   180.00, 1.70682E-006,   -24.78, 6.7435E-007,   135.00,          0,     0.00, 9.83025E-007,   -14.04, 1.26721E-006,    48.81, 1.80396E-006,  -172.41, 1.06624E-006,  -116.57,          0,     0.00, 1.45024E-006,  -170.54
Line.SW_FF0596, 8.34465E-007,     0.00, 7.15256E-007,     0.00, 1.06624E-006,  -116.57,          0,     0.00, 1.43547E-006,   -41.63, 9.31054E-007,   129.81, 5.3312E-007,   153.43, 5.3312E-007,    63.43,          0,     0.00, 1.65611E-006,   120.26
Line.SW_FP1769,     50.845,   138.30,     50.845,    18.30,     50.845,  -101.70,          0,     0.00, 1.61954E-005,   164.63,     50.845,   -41.70,     50.845,  -161.70,     50.845,    78.30,          0,     0.00, 1.57361E-005,   -15.83
Line.SW_FX2280, 1.01852E-006,    69.44, 2.02656E-006,   -28.07, 5.3312E-007,    63.43,          0,     0.00, 2.4314E-006,    11.31, 1.49369E-006,   -28.61, 1.26721E-006,   131.19, 6.7435E-007,  -135.00,          0,     0.00, 2.38419E-007,   -90.00
Line.SW_FX2329,     588.03,   -41.67,     588.03,  -161.67,     588.03,    78.33,          0,     0.00, 0.000206393,   -18.38,     588.03,   138.33,     588.03,    18.33,     588.03,  -101.67,          0,     0.00, 0.000207602,   161.24
Line.SW_FIC5360, 1.01152E-006,   135.00, 2.38419E-006,   -36.87, 5.3312E-007,  -116.57,          0,     0.00, 1.52662E-006,   -51.34, 9.53674E-007,     0.00, 2.05095E-006,   144.46, 5.3312E-007,   116.57,          0,     0.00, 1.92219E-006,   119.74
Line.SW_FT5509,    10.5535,   138.34,    10.5535,    18.34,    10.5535,  -101.66,          0,     0.00, 2.48058E-006,  -144.78,    10.5535,   -41.66,    10.5535,  -161.66,    10.5535,    78.34,          0,     0.00, 2.84359E-006,    56.98
Line.SW_FT5469, 9.61096E-007,   150.26, 1.50789E-006,   -18.43, 2.38419E-007,   180.00,          0,     0.00, 3.57628E-007,     0.00, 7.25122E-007,    80.54, 2.15897E-006,   173.66, 8.5963E-007,   146.31,          0,     0.00, 3.09256E-006,   152.45
Line.SW_FX2116_DP_32019, 4.76837E-007,    90.00, 1.54972E-006,     0.00, 9.83025E-007,   -75.96,          0,     0.00, 1.85063E-006,   -14.93, 2.38419E-007,     0.00, 2.27749E-006,  -173.99, 8.5963E-007,   146.31,          0,     0.00, 2.75216E-006,   175.03
Line.SW_FX2112, 1.09906E-006,   -12.53, 5.3312E-007,   -26.57, 4.76837E-007,   180.00,          0,     0.00, 1.17408E-006,   -23.96, 1.01852E-006,   110.56, 7.53946E-007,   -18.43,          0,     0.00,          0,     0.00, 7.9968E-007,    63.43
Line.SW_FW3648,    36.0143,   138.30,    36.0142,    18.30,    36.0142,  -101.70,          0,     0.00, 1.04741E-005,   168.18,    36.0143,   -41.70,    36.0143,  -161.70,    36.0142,    78.30,          0,     0.00, 9.89078E-006,   -15.38
Line.SW_FX4274, 3.37175E-007,   135.00, 2.31463E-006,   -11.89, 4.76837E-007,   -90.00,          0,     0.00, 2.14908E-006,   -19.44, 5.3312E-007,    26.57, 2.6656E-007,  -116.57, 6.7435E-007,   -45.00,          0,     0.00, 9.61096E-007,   -29.74
Line.SW_FW7099,    2.64812,   138.30,    2.64812,    18.30,    2.64811,  -101.70,          0,     0.00, 1.56795E-006,  -171.25,    2.64812,   -41.70,    2.64812,  -161.70,    2.64812,    78.30,          0,     0.00, 1.43547E-006,    41.63
Line.SW_FW0866,    310.256,   138.33,    310.256,    18.33,    310.256,  -101.67,          0,     0.00, 0.00014159,   162.86,    310.256,   -41.67,    310.256,  -161.67,    310.256,    78.33,          0,     0.00, 0.000140882,   -17.84
Line.SW_FM1281,    370.303,   138.36,    370.303,    18.36,    370.303,  -101.64,          0,     0.00, 0.000110374,   169.04,    370.303,   -41.64,    370.303,  -161.64,    370.303,    78.36,          0,     0.00, 0.000111121,   -11.01
Line.SW_FT4703,    236.728,   -41.66,    236.728,  -161.66,    236.728,    78.34,          0,     0.00, 9.98985E-005,   -18.22,    236.728,   138.34,    236.728,    18.34,    236.728,  -101.66,          0,     0.00, 9.94468E-005,   161.26
Line.SW_FIC5917, 4.76837E-007,    90.00, 1.6038E-006,   -48.01,          0,     0.00,          0,     0.00, 1.28945E-006,   -33.69, 5.3312E-007,   -26.57, 6.41962E-007,   158.20,          0,     0.00,          0,     0.00, 1.19209E-007,   180.00
Line.SW_FW2412,    244.775,   -41.66,    244.775,  -161.66,    244.775,    78.34,          0,     0.00, 9.76026E-005,   -16.75,    244.775,   138.34,    244.775,    18.34,    244.775,  -101.66,          0,     0.00, 9.52067E-005,   164.61
Line.SW_FP1390,    10.2715,   138.36,    10.2715,    18.36,    10.2715,  -101.64,          0,     0.00, 7.15256E-007,   180.00,    10.2715,   -41.64,    10.2715,  -161.64,    10.2715,    78.36,          0,     0.00, 1.39021E-006,    59.04
Line.SW_FW8264, 9.61096E-007,    97.13, 1.3487E-006,   -45.00, 5.3312E-007,   -63.43,          0,     0.00, 1.17408E-006,   -23.96, 1.43547E-006,  -138.37, 9.53674E-007,   180.00, 7.15256E-007,   180.00,          0,     0.00, 2.90294E-006,  -160.82
Line.SW_FU4752, 8.67857E-007,   -15.95, 1.2157E-006,    11.31, 8.5963E-007,  -146.31,          0,     0.00, 1.39531E-006,   -19.98, 7.25122E-007,    99.46, 4.76837E-007,   -90.00, 9.83025E-007,  -104.04,          0,     0.00, 7.9968E-007,  -116.57
Line.SW_FW2743, 5.3312E-007,    63.43, 8.67857E-007,    15.95, 1.06624E-006,  -116.57,          0,     0.00, 6.41962E-007,   -21.80, 6.7435E-007,    45.00, 9.31054E-007,  -129.81, 4.76837E-007,    90.00,          0,     0.00, 2.6656E-007,   116.57
Line.SW_FU2962, 1.26721E-006,   131.19, 2.23974E-006,   -25.20, 4.76837E-007,   180.00,          0,     0.00, 7.15256E-007,     0.00, 1.09906E-006,   -12.53, 1.70682E-006,   155.22, 4.76837E-007,     0.00,          0,     0.00, 4.76837E-007,    90.00
Line.SW_FU2963,    462.741,   -41.66,    462.741,  -161.66,    462.741,    78.34,          0,     0.00, 0.000166584,   -19.65,    462.741,   138.34,    462.741,    18.34,    462.741,  -101.66,          0,     0.00, 0.000165606,   160.31
Line.SW_FZ3481, 1.19804E-006,    84.29, 1.19209E-006,     0.00, 9.83025E-007,   -75.96,          0,     0.00, 1.56795E-006,     8.75, 6.41962E-007,  -158.20, 7.53946E-007,  -161.57, 5.3312E-007,   116.57,          0,     0.00, 1.54972E-006,   180.00
Line.SW_FX9367_DP_38699, 9.83025E-007,    75.96, 1.39531E-006,   -19.98, 1.50789E-006,  -108.43,          0,     0.00, 1.43547E-006,   -41.63, 8.5963E-007,  -146.31, 8.67857E-007,   164.05, 9.53674E-007,    90.00,          0,     0.00, 1.70682E-006,   155.22
Line.SW_FX8503, 5.3312E-007,   -63.43, 1.06624E-006,   -26.57,          0,     0.00,          0,     0.00, 1.52662E-006,   -38.66, 5.3312E-007,   116.57, 8.5963E-007,   146.31, 1.06624E-006,    63.43,          0,     0.00, 1.96605E-006,   104.04
Line.SW_FIC4237,    123.434,   -41.64,    123.434,  -161.64,    123.434,    78.36,          0,     0.00, 3.50534E-005,   -12.57,    123.434,   138.36,    123.434,    18.36,    123.434,  -101.64,          0,     0.00, 3.5519E-005,   167.60
Line.SW_FIC4244, 1.77217E-006,   109.65, 1.52662E-006,  -141.34, 9.83025E-007,  -104.04,          0,     0.00, 2.04053E-006,  -173.29, 1.47454E-006,   -75.96, 1.59936E-006,    26.57, 5.3312E-007,  -116.57,          0,     0.00, 1.95518E-006,   -37.57
Line.SW_FIC4246, 1.81965E-006,   -31.61, 1.39021E-006,   149.04, 9.83025E-007,   104.04,          0,     0.00, 7.25122E-007,    80.54, 1.12462E-006,   122.01, 2.71839E-006,   -15.26, 1.50789E-006,  -108.43,          0,     0.00, 1.95518E-006,   -37.57
Line.SW_FIC4249, 1.81965E-006,   -31.61, 1.39021E-006,   149.04, 9.83025E-007,   104.04,          0,     0.00, 7.25122E-007,    80.54, 1.12462E-006,   122.01, 2.71839E-006,   -15.26, 1.50789E-006,  -108.43,          0,     0.00, 1.95518E-006,   -37.57
Line.SW_FIC3894,    76.6513,   138.34,    76.6513,    18.34,    76.6513,  -101.66,          0,     0.00, 2.69542E-005,   161.97,    76.6513,   -41.66,    76.6513,  -161.66,    76.6513,    78.34,          0,     0.00, 2.55978E-005,   -19.03
Line.SW_FZ1030, 1.19209E-007,     0.00, 5.3312E-007,   -63.43, 1.06624E-006,   116.57,          0,     0.00, 4.91512E-007,   104.04, 4.91512E-007,    75.96, 4.76837E-007,    90.00, 9.83025E-007,    75.96,          0,     0.00, 1.94059E-006,    79.38
Line.SW_FIC5369, 9.53674E-007,    90.00, 1.07288E-006,     0.00, 9.83025E-007,   -75.96,          0,     0.00, 1.3113E-006,     0.00, 1.06624E-006,   -26.57, 8.67857E-007,  -164.05, 7.15256E-007,   180.00,          0,     0.00, 9.31054E-007,  -129.81
Line.SW_FT4309_DP_32053,    3.69837,   138.33,    3.69837,    18.33,    3.69837,  -101.67,          0,     0.00, 2.0819E-006,   166.76,    3.69837,   -41.67,    3.69837,  -161.67,    3.69836,    78.33,          0,     0.00, 2.77274E-006,   -25.46
Line.SW_FIC5371,    216.629,   -41.66,    216.629,  -161.66,    216.629,    78.34,          0,     0.00, 8.79484E-005,   -18.66,    216.629,   138.34,    216.629,    18.34,    216.629,  -101.66,          0,     0.00, 9.03604E-005,   161.54
Line.SW_FW6048,    610.226,   -41.65,    610.226,  -161.65,    610.226,    78.35,          0,     0.00, 0.000186704,   -17.46,    610.226,   138.35,    610.226,    18.35,    610.226,  -101.65,          0,     0.00, 0.000186931,   162.56
Line.SW_FU4552, 1.19209E-007,   180.00, 1.45024E-006,    -9.46, 5.3312E-007,  -116.57,          0,     0.00, 1.28945E-006,   -33.69, 2.6656E-007,   -63.43, 5.3312E-007,  -116.57, 6.7435E-007,   135.00,          0,     0.00, 6.41962E-007,  -158.20
Line.SW_FW9843, 6.7435E-007,   -45.00, 1.68587E-006,    -8.13, 1.59936E-006,  -116.57,          0,     0.00, 2.57889E-006,   -56.31,          0,     0.00, 6.7435E-007,  -135.00, 2.38419E-007,     0.00,          0,     0.00, 5.3312E-007,  -116.57
Line.SW_FIC5378,     9.0035,   138.30,     9.0035,    18.30,     9.0035,  -101.70,          0,     0.00, 1.70682E-006,  -155.22,     9.0035,   -41.70,     9.0035,  -161.70,     9.0035,    78.30,          0,     0.00, 1.09906E-006,  -139.40
Line.SW_FX0938_DP_32093, 1.62142E-006,    17.10, 1.39531E-006,   -19.98,          0,     0.00,          0,     0.00, 2.86102E-006,     0.00, 7.63312E-007,  -141.34, 1.78814E-006,   180.00, 2.13248E-006,    63.43,          0,     0.00, 2.02305E-006,   135.00
Line.SW_FW7441,    434.692,   -41.66,    434.692,  -161.66,    434.692,    78.34,          0,     0.00, 0.000160267,   -19.92,    434.692,   138.34,    434.692,    18.34,    434.692,  -101.66,          0,     0.00, 0.000158417,   159.66
Line.SW_FX1478, 4.91512E-007,   104.04, 2.62531E-006,   -39.47, 1.19209E-006,   126.87,          0,     0.00, 1.2157E-006,   -11.31, 5.96046E-007,    53.13, 1.86592E-006,   116.57, 1.19209E-006,   -53.13,          0,     0.00, 1.2157E-006,    78.69
Line.SW_FT6093, 3.37175E-007,   135.00, 1.3328E-006,   -10.30, 2.38419E-007,   180.00,          0,     0.00, 8.34465E-007,     0.00, 2.38419E-007,     0.00, 1.19209E-007,     0.00, 2.38419E-007,     0.00,          0,     0.00, 5.96046E-007,     0.00
Line.SW_FX4761,    44.1208,   138.25,    44.1208,    18.25,    44.1208,  -101.75,          0,     0.00, 5.17961E-005,   161.48,    44.1208,   -41.75,    44.1208,  -161.75,    44.1208,    78.25,          0,     0.00, 5.18005E-005,   -17.68
Line.SW_FX0385,    47.0389,   138.32,    47.0389,    18.32,    47.0389,  -101.68,          0,     0.00, 1.35422E-005,   152.76,    47.0389,   -41.68,    47.0389,  -161.68,    47.0389,    78.32,          0,     0.00, 1.23685E-005,   -26.32
Line.SW_FX0673, 1.59936E-006,   -26.57, 7.9968E-007,   -63.43, 6.7435E-007,    45.00,          0,     0.00, 2.45756E-006,   -22.83, 1.86211E-006,   129.81, 1.07288E-006,     0.00, 6.7435E-007,  -135.00,          0,     0.00, 1.12462E-006,   122.01
Line.SW_FZ4924, 8.34465E-007,     0.00, 2.38419E-006,   -36.87, 2.38419E-007,   180.00,          0,     0.00, 2.88329E-006,   -29.74, 1.19209E-007,     0.00, 2.13248E-006,   153.43, 6.7435E-007,    45.00,          0,     0.00, 1.94059E-006,   132.51
Line.SW_090521_RL, 3.24284E-006,   -36.03, 6.65013E-006,   -14.53, 3.6393E-006,  -148.39,          0,     0.00, 8.09922E-006,   -42.61, 3.05325E-006,   141.34, 5.50432E-006,   162.35, 2.91027E-006,    55.01,          0,     0.00, 8.42937E-006,   135.00
Line.SW_RE1064_RL, 1.96605E-006,    75.96, 1.45513E-006,  -124.99, 1.19209E-006,     0.00,          0,     0.00, 1.09906E-006,    40.60, 1.50789E-006,  -108.43, 1.28945E-006,    33.69, 1.28392E-006,  -158.20,          0,     0.00, 1.3328E-006,  -116.57
Line.SW_RE1071_RL,    145.958,   138.34,    145.958,    18.34,    145.958,  -101.66,          0,     0.00, 5.38938E-005,   163.29,    145.958,   -41.66,    145.958,  -161.66,    145.958,    78.34,          0,     0.00, 5.35685E-005,   -18.15
Line.SW_RE0135_RL, 1.77217E-006,   109.65, 1.52662E-006,  -141.34, 9.83025E-007,  -104.04,          0,     0.00, 2.04053E-006,  -173.29, 1.47454E-006,   -75.96, 1.59936E-006,    26.57, 5.3312E-007,  -116.57,          0,     0.00, 1.95518E-006,   -37.57
Line.SW_RE0188_RL,    76.6513,   138.34,    76.6513,    18.34,    76.6513,  -101.66,          0,     0.00, 2.69542E-005,   161.97,    76.6513,   -41.66,    76.6513,  -161.66,    76.6513,    78.34,          0,     0.00, 2.55978E-005,   -19.03
Line.SW_RE0239_RL,    123.434,   -41.64,    123.434,  -161.64,    123.434,    78.36,          0,     0.00, 3.50534E-005,   -12.57,    123.434,   138.36,    123.434,    18.36,    123.434,  -101.64,          0,     0.00, 3.5519E-005,   167.60
Line.SW_RE1017_RL, 1.17408E-006,   156.04, 1.06624E-006,  -153.43, 6.7435E-007,   -45.00,          0,     0.00, 1.62142E-006,  -162.90, 1.19209E-007,     0.00, 2.38419E-006,     0.00, 8.5963E-007,   146.31,          0,     0.00, 1.85063E-006,    14.93
Line.SW_FA7689F, 1.17408E-006,   156.04, 1.06624E-006,  -153.43, 6.7435E-007,   -45.00,          0,     0.00, 1.62142E-006,  -162.90, 1.19209E-007,     0.00, 2.38419E-006,     0.00, 8.5963E-007,   146.31,          0,     0.00, 1.85063E-006,    14.93
Line.SW_FIC4397,    123.434,   -41.64,    123.434,  -161.64,    123.434,    78.36,          0,     0.00, 3.50534E-005,   -12.57,    123.434,   138.36,    123.434,    18.36,    123.434,  -101.64,          0,     0.00, 3.5519E-005,   167.60
Line.SW_FZ7732,    50.5601,   138.36,    50.5601,    18.36,    50.5601,  -101.64,          0,     0.00, 2.20405E-005,   164.31,    50.5601,   -41.64,    50.5601,  -161.64,    50.5601,    78.36,          0,     0.00, 2.28596E-005,   -16.36
Line.SW_FX9171, 5.3312E-007,   116.57, 1.3487E-006,   -45.00, 4.76837E-007,   180.00,          0,     0.00, 5.3312E-007,   -63.43, 8.5963E-007,   -33.69, 1.96605E-006,   165.96, 2.38419E-007,     0.00,          0,     0.00, 9.53674E-007,   180.00
Line.SW_FT4704, 1.52662E-006,   -38.66, 4.29815E-007,   -33.69, 1.3487E-006,   135.00,          0,     0.00, 6.41962E-007,   -21.80, 1.19209E-006,   143.13, 1.19209E-007,   180.00, 1.19209E-006,   -53.13,          0,     0.00, 4.29815E-007,  -146.31
Line.SW_FX1315,    368.194,   138.36,    368.194,    18.36,    368.194,  -101.64,          0,     0.00, 0.000108106,   168.29,    368.194,   -41.64,    368.194,  -161.64,    368.194,    78.36,          0,     0.00, 0.000109741,   -11.53
Line.SW_FW7403,    1.05925,   138.30,    1.05924,    18.30,    1.05925,  -101.70,          0,     0.00, 9.83025E-007,   104.04,    1.05925,   -41.70,    1.05924,  -161.70,    1.05924,    78.30,          0,     0.00, 1.43051E-006,   -90.00
Line.SW_FX0796, 1.01852E-006,   110.56, 9.53674E-007,   -90.00, 6.7435E-007,  -135.00,          0,     0.00, 9.61096E-007,  -150.26, 6.41962E-007,  -158.20, 8.5963E-007,   123.69, 4.76837E-007,   180.00,          0,     0.00, 1.62142E-006,   162.90
Line.SW_FX2120_DP_32305, 1.28392E-006,    68.20, 1.52662E-006,   -38.66, 7.15256E-007,   180.00,          0,     0.00, 9.83025E-007,    14.04, 9.83025E-007,   165.96, 9.83025E-007,   165.96, 5.3312E-007,   -63.43,          0,     0.00, 1.66893E-006,   180.00
Line.SW_FW7321, 7.53946E-007,    71.57, 6.7435E-007,   -45.00, 2.38419E-007,     0.00,          0,     0.00, 9.83025E-007,    14.04, 5.3312E-007,  -153.43, 7.53946E-007,   108.43, 5.3312E-007,   116.57,          0,     0.00, 1.3487E-006,   135.00
Line.SW_FX4159, 5.3312E-007,   116.57, 2.5484E-006,   -10.78, 1.45024E-006,   -99.46,          0,     0.00, 2.48058E-006,   -35.22, 4.76837E-007,   180.00, 1.62142E-006,   162.90, 5.3312E-007,   116.57,          0,     0.00, 2.45756E-006,   157.17
Line.SW_FT4530,    4.23005,   138.32,    4.23005,    18.32,    4.23005,  -101.68,          0,     0.00, 1.06624E-006,  -153.43,    4.23005,   -41.68,    4.23005,  -161.68,    4.23005,    78.32,          0,     0.00, 1.45024E-006,    -9.46
Line.SW_FZ2056, 7.15256E-007,     0.00, 1.43051E-006,     0.00, 8.5963E-007,  -146.31,          0,     0.00, 1.50789E-006,   -18.43, 4.76837E-007,   180.00, 3.37175E-007,   135.00, 9.53674E-007,     0.00,          0,     0.00, 3.37175E-007,    45.00
Line.SW_FT4299, 1.90735E-006,    90.00, 2.60357E-006,   -15.95, 1.45024E-006,   -99.46,          0,     0.00, 2.27749E-006,    -6.01, 8.5963E-007,   -33.69, 1.49369E-006,   151.39, 9.53674E-007,    90.00,          0,     0.00, 1.3328E-006,   116.57
Line.SW_FT4553F, 4.91512E-007,   -75.96, 8.5963E-007,    33.69, 6.7435E-007,  -135.00,          0,     0.00, 5.96046E-007,   -53.13, 7.25122E-007,    80.54, 1.19209E-006,  -126.87, 9.53674E-007,   -90.00,          0,     0.00, 1.3328E-006,  -116.57
Line.SW_FM0378F, 1.28392E-006,  -158.20, 7.63312E-007,   -38.66, 6.7435E-007,   135.00,          0,     0.00, 1.17408E-006,  -156.04, 1.19209E-006,    90.00, 7.9968E-007,   116.57, 5.3312E-007,  -116.57,          0,     0.00, 1.54972E-006,   112.62
Line.SW_FW7200,    4.74068,   138.36,    4.74068,    18.36,    4.74068,  -101.64,          0,     0.00, 2.15897E-006,  -173.66,    4.74068,   -41.64,    4.74068,  -161.64,    4.74068,    78.36,          0,     0.00, 4.73247E-006,    40.91
Line.SW_FW1578,     27.717,   138.33,     27.717,    18.33,     27.717,  -101.67,          0,     0.00, 3.45707E-006,   180.00,     27.717,   -41.67,     27.717,  -161.67,     27.717,    78.33,          0,     0.00, 3.45707E-006,     0.00
Line.SW_FU2968, 1.50789E-006,    71.57, 4.91512E-007,   -75.96, 1.28392E-006,   158.20,          0,     0.00, 1.54972E-006,   112.62, 1.19209E-006,  -143.13, 4.91512E-007,    75.96, 2.38419E-007,     0.00,          0,     0.00, 6.41962E-007,  -158.20
Line.SW_FU2964,    240.012,   -41.66,    240.012,  -161.66,    240.012,    78.34,          0,     0.00, 9.38282E-005,   -15.63,    240.012,   138.34,    240.012,    18.34,    240.012,  -101.66,          0,     0.00, 9.31781E-005,   164.72
Line.SW_FW0872,    368.194,   138.36,    368.194,    18.36,    368.194,  -101.64,          0,     0.00, 0.000105277,   168.37,    368.194,   -41.64,    368.194,  -161.64,    368.194,    78.36,          0,     0.00, 0.000105415,   -11.35
Line.SW_FX4280, 1.12462E-006,  -122.01, 7.63312E-007,   -38.66, 2.38419E-007,   180.00,          0,     0.00, 1.45024E-006,   -99.46, 9.61096E-007,    97.13, 1.3328E-006,   169.70, 1.45024E-006,   -80.54,          0,     0.00, 1.2157E-006,  -168.69
Line.SW_FT4512, 1.09906E-006,    40.60, 1.78814E-006,   -53.13, 1.06624E-006,  -116.57,          0,     0.00, 2.19811E-006,   -49.40, 1.12462E-006,  -122.01, 1.19804E-006,    84.29, 1.06624E-006,    63.43,          0,     0.00, 1.19209E-006,    90.00
Line.SW_FW9911, 4.29815E-007,   -33.69, 4.76837E-007,   180.00, 5.3312E-007,  -116.57,          0,     0.00, 7.9968E-007,  -116.57, 1.24458E-006,    73.30, 7.53946E-007,    18.43, 5.3312E-007,  -116.57,          0,     0.00, 1.26721E-006,    48.81
Line.SW_FP5934_DP_32521, 1.52662E-006,   141.34, 2.26184E-006,   -18.43, 4.76837E-007,   -90.00,          0,     0.00, 9.83025E-007,   -14.04, 4.76837E-007,     0.00, 7.15256E-007,   180.00,          0,     0.00,          0,     0.00, 2.38419E-007,   180.00
Line.SW_FU4640,    472.268,   -41.66,    472.268,  -161.66,    472.268,    78.34,          0,     0.00, 0.000166629,   -18.95,    472.268,   138.34,    472.268,    18.34,    472.268,  -101.66,          0,     0.00, 0.000166425,   160.50
Line.SW_FW2687,    12.6902,   138.32,    12.6902,    18.32,    12.6902,  -101.68,          0,     0.00, 2.62531E-006,    92.60,    12.6902,   -41.68,    12.6902,  -161.68,    12.6902,    78.32,          0,     0.00, 2.39904E-006,   -63.43
Line.SW_FW2678,    433.325,   138.36,    433.325,    18.36,    433.325,  -101.64,          0,     0.00, 0.000127565,   166.38,    433.325,   -41.64,    433.325,  -161.64,    433.325,    78.36,          0,     0.00, 0.000128205,   -13.44
Line.SW_FX1136, 6.7435E-007,   135.00, 1.85063E-006,   -14.93, 9.83025E-007,  -104.04,          0,     0.00, 1.43547E-006,   -41.63, 9.53674E-007,     0.00, 1.80396E-006,   172.41, 2.38419E-007,   180.00,          0,     0.00, 1.09906E-006,   167.47
Line.SW_FX2129_DP_32577,     42.774,   138.33,    42.7739,    18.33,    42.7739,  -101.67,          0,     0.00, 1.54628E-005,   152.45,     42.774,   -41.67,    42.7739,  -161.67,    42.7739,    78.33,          0,     0.00, 1.48208E-005,   -26.77
Line.SW_FP5949, 9.83025E-007,    75.96, 2.03705E-006,   -20.56, 8.5963E-007,  -146.31,          0,     0.00, 1.45024E-006,    -9.46, 1.28392E-006,  -158.20, 5.3312E-007,   153.43, 2.38419E-007,     0.00,          0,     0.00, 1.45024E-006,  -170.54
Line.SW_FX0209,    3.17369,   138.31,    3.17369,    18.31,    3.17369,  -101.69,          0,     0.00, 7.25122E-007,    99.46,    3.17369,   -41.69,    3.17369,  -161.69,    3.17369,    78.31,          0,     0.00, 1.3113E-006,     0.00
Line.SW_FW2698,    33.8957,   138.30,    33.8957,    18.30,    33.8957,  -101.70,          0,     0.00, 1.02333E-005,   171.96,    33.8957,   -41.70,    33.8957,  -161.70,    33.8957,    78.30,          0,     0.00, 8.04376E-006,    -6.81
Line.SW_FU4649, 1.19209E-007,     0.00, 1.50789E-006,   -18.43, 9.83025E-007,    75.96,          0,     0.00, 1.85063E-006,    14.93, 1.07288E-006,     0.00, 9.83025E-007,    14.04, 1.19209E-006,   126.87,          0,     0.00, 1.77217E-006,    42.27
Line.SW_FZ6360,          0,     0.00, 1.59936E-006,   -26.57, 4.76837E-007,   -90.00,          0,     0.00, 1.86211E-006,   -39.81, 5.3312E-007,   -63.43, 1.19209E-006,   180.00, 4.76837E-007,   -90.00,          0,     0.00, 1.3487E-006,  -135.00
Line.SW_FZ1308,    2.64476,   138.31,    2.64475,    18.31,    2.64476,  -101.69,          0,     0.00, 1.50789E-006,   161.57,    2.64476,   -41.69,    2.64475,  -161.69,    2.64476,    78.31,          0,     0.00, 2.38419E-006,   -36.87
Line.SW_FW2700,    21.7143,   138.30,    21.7143,    18.30,    21.7143,  -101.70,          0,     0.00, 9.61096E-007,    97.13,    21.7143,   -41.70,    21.7143,  -161.70,    21.7143,    78.30,          0,     0.00, 2.31463E-006,   -55.49
Line.SW_FW2699,    31.2476,   138.30,    31.2476,    18.30,    31.2476,  -101.70,          0,     0.00, 8.65643E-006,   157.32,    31.2476,   -41.70,    31.2476,  -161.70,    31.2476,    78.30,          0,     0.00, 9.27767E-006,   -27.55
Line.SW_FU4553, 2.39608E-006,    84.29, 2.45756E-006,   -22.83, 1.50789E-006,  -161.57,          0,     0.00, 1.43547E-006,    41.63, 1.68587E-006,   -81.87, 4.91512E-007,    75.96, 1.3487E-006,    45.00,          0,     0.00, 1.3328E-006,   -10.30
Line.SW_FA9282,    434.692,   -41.66,    434.692,  -161.66,    434.692,    78.34,          0,     0.00, 0.000156909,   -20.36,    434.692,   138.34,    434.692,    18.34,    434.692,  -101.66,          0,     0.00, 0.000157683,   160.39
Line.SW_FA7689, 1.17408E-006,   156.04, 1.06624E-006,  -153.43, 6.7435E-007,   -45.00,          0,     0.00, 1.62142E-006,  -162.90, 1.19209E-007,     0.00, 2.38419E-006,     0.00, 8.5963E-007,   146.31,          0,     0.00, 1.85063E-006,    14.93
Line.SW_FIC1736,    129.665,   138.35,    129.665,    18.35,    129.665,  -101.65,          0,     0.00, 3.47341E-005,   163.24,    129.665,   -41.65,    129.665,  -161.65,    129.665,    78.35,          0,     0.00, 3.58772E-005,   -16.21
Line.SW_FIC1737,    129.665,   138.35,    129.665,    18.35,    129.665,  -101.65,          0,     0.00, 3.47341E-005,   163.24,    129.665,   -41.65,    129.665,  -161.65,    129.665,    78.35,          0,     0.00, 3.58772E-005,   -16.21
Line.SW_FIC1738,    129.665,   138.35,    129.665,    18.35,    129.665,  -101.65,          0,     0.00, 3.47341E-005,   163.24,    129.665,   -41.65,    129.665,  -161.65,    129.665,    78.35,          0,     0.00, 3.58772E-005,   -16.21
Line.SW_FA1064B, 1.96605E-006,    75.96, 1.45513E-006,  -124.99, 1.19209E-006,     0.00,          0,     0.00, 1.09906E-006,    40.60, 1.50789E-006,  -108.43, 1.28945E-006,    33.69, 1.28392E-006,  -158.20,          0,     0.00, 1.3328E-006,  -116.57
Line.SW_FA1071B,    145.958,   138.34,    145.958,    18.34,    145.958,  -101.66,          0,     0.00, 5.38938E-005,   163.29,    145.958,   -41.66,    145.958,  -161.66,    145.958,    78.34,          0,     0.00, 5.35685E-005,   -18.15
Line.SW_FA1064BF, 1.96605E-006,    75.96, 1.45513E-006,  -124.99, 1.19209E-006,     0.00,          0,     0.00, 1.09906E-006,    40.60, 1.50789E-006,  -108.43, 1.28945E-006,    33.69, 1.28392E-006,  -158.20,          0,     0.00, 1.3328E-006,  -116.57
Line.SW_FA1071BF,    145.958,   138.34,    145.958,    18.34,    145.958,  -101.66,          0,     0.00, 5.38938E-005,   163.29,    145.958,   -41.66,    145.958,  -161.66,    145.958,    78.34,          0,     0.00, 5.35685E-005,   -18.15
Line.SW_FIC4230,    76.6513,   138.34,    76.6513,    18.34,    76.6513,  -101.66,          0,     0.00, 2.69542E-005,   161.97,    76.6513,   -41.66,    76.6513,  -161.66,    76.6513,    78.34,          0,     0.00, 2.55978E-005,   -19.03
Line.SW_FIC2022, 1.77217E-006,   109.65, 1.52662E-006,  -141.34, 9.83025E-007,  -104.04,          0,     0.00, 2.04053E-006,  -173.29, 1.47454E-006,   -75.96, 1.59936E-006,    26.57, 5.3312E-007,  -116.57,          0,     0.00, 1.95518E-006,   -37.57
Transformer.T_FP1074,    3.96061,   -41.67,    3.96061,  -161.67,    3.96061,    78.33, 2.95486E-008,     8.86, 8.1886E-015,   139.40,    143.833,   138.33,    143.833,    18.33,    143.833,  -101.67, 1.07308E-006,  -171.14, 3.17764E-013,   116.57
Transformer.T_FX8231,     4.7786,   -41.73,     4.7786,  -161.73,     4.7786,    78.27, 2.88856E-008,     9.37, 7.32411E-015,   165.96,    173.539,   138.27,    173.539,    18.27,    173.539,  -101.73, 1.04901E-006,  -170.63, 5.68434E-014,    90.00
Transformer.T_FT4575,    2.11208,   -41.67,    2.11208,  -161.67,    2.11208,    78.33, 1.53897E-008,     8.84, 1.98603E-015,   116.57,    76.7019,   138.33,    76.7019,    18.33,    76.7019,  -101.67, 5.58891E-007,  -171.16, 2.1126E-013,   109.65
Transformer.T_FZ2489,    4.75749,   -41.68,    4.75749,  -161.68,    4.75749,    78.32, 3.36838E-008,     8.88, 6.9369E-015,  -129.81,    172.772,   138.32,    172.772,    18.32,    172.772,  -101.68, 1.22325E-006,  -171.12, 2.84217E-013,   -90.00
Transformer.T_FZ1030,    1.05754,   -41.68,    1.05754,  -161.68,    1.05754,    78.32, 7.4693E-009,     8.86, 2.51215E-015,   135.00,    38.4053,   138.32,    38.4053,    18.32,    38.4053,  -101.68, 2.71253E-007,  -171.14, 8.78893E-014,    75.96
Transformer.T_FX4690,    1.58674,   -41.69,    1.58674,  -161.69,    1.58674,    78.31, 1.10744E-008,     8.89, 1.83103E-015,   165.96,    57.6236,   138.31,    57.6236,    18.31,    57.6236,  -101.69, 4.02176E-007,  -171.11, 9.53293E-014,   153.43
Transformer.T_FIC1244,    7.93758,   -41.69,    7.93758,  -161.69,    7.93758,    78.31, 5.37298E-008,     8.93,          0,     0.00,    288.259,   138.31,    288.259,    18.31,    288.259,  -101.69, 1.95124E-006,  -171.07, 5.08423E-013,   153.43
Transformer.T_FM0468,    2.10668,   -41.64,    2.10668,  -161.64,    2.10668,    78.36, 1.66476E-008,     9.07, 4.78299E-015,   158.20,    76.5056,   138.36,    76.5056,    18.36,    76.5056,  -101.64, 6.0457E-007,  -170.93, 1.13687E-013,    90.00
Transformer.T_FP1075,    1.58061,   -41.65,    1.58061,  -161.65,    1.58061,    78.35, 1.23263E-008,     9.06, 2.80867E-015,   108.43,    57.4009,   138.36,    57.4009,    18.36,    57.4009,  -101.64, 4.47638E-007,  -170.94, 7.65278E-014,   111.80
Transformer.T_FX9171,    1.58037,   -41.64,    1.58037,  -161.64,    1.58037,    78.36, 1.23845E-008,     9.07, 1.83103E-015,   165.96,    57.3924,   138.36,    57.3924,    18.36,    57.3924,  -101.64, 4.49752E-007,  -170.93, 9.09939E-014,   141.34
Transformer.T_FP0945,    1.58436,   -41.67,    1.58436,  -161.67,    1.58436,    78.33, 1.17908E-008,     8.81, 9.93014E-016,    63.43,    57.5374,   138.33,    57.5374,    18.33,    57.5374,  -101.67, 4.28191E-007,  -171.19, 4.01944E-014,    45.00
Transformer.T_FIC1332,    7.96556,   -41.73,    7.96556,  -161.73,    7.96556,    78.27, 4.78911E-008,     9.39, 3.55271E-015,   180.00,    289.275,   138.27,    289.275,    18.27,    289.275,  -101.73, 1.7392E-006,  -170.61, 8.27653E-013,   105.95
Transformer.T_FT0380,    1.58687,   -41.69,    1.58687,  -161.69,    1.58687,    78.31, 1.10181E-008,     8.88, 1.40433E-015,   161.57,    57.6286,   138.31,    57.6286,    18.31,    57.6286,  -101.69, 4.00131E-007,  -171.12, 6.35529E-014,   153.43
Transformer.T_FF6328,    7.90013,   -41.64,    7.90013,  -161.64,    7.90013,    78.36, 6.22602E-008,     9.09, 5.0243E-015,   135.00,    286.899,   138.36,    286.899,    18.36,    286.899,  -101.64, 2.26103E-006,  -170.91, 3.63975E-013,   141.34
Transformer.T_FP0958,    1.58889,   -41.70,    1.58889,  -161.70,    1.58889,    78.30, 1.04653E-008,     9.09, 2.22045E-015,   126.87,    57.7018,   138.30,    57.7018,    18.30,    57.7018,  -101.70, 3.80054E-007,  -170.91, 2.84217E-014,   -90.00
Transformer.T_FIC1248,    4.75286,   -41.67,    4.75286,  -161.67,    4.75286,    78.33, 3.54194E-008,     8.83, 1.00486E-014,   135.00,    172.604,   138.33,    172.604,    18.33,    172.604,  -101.67, 1.28628E-006,  -171.17, 3.63975E-013,   141.34
Transformer.T_FM1100,    4.75191,   -41.67,    4.75191,  -161.67,    4.75191,    78.33, 3.48072E-008,     8.71, 4.78299E-015,   158.20,    172.569,   138.33,    172.569,    18.33,    172.569,  -101.67, 1.26405E-006,  -171.29, 4.88986E-013,   144.46
Transformer.T_FZ2813,   0.526789,   -41.64,   0.526789,  -161.64,   0.526789,    78.36, 4.1282E-009,     9.07, 3.33067E-016,   180.00,    19.1308,   138.36,    19.1308,    18.36,    19.1308,  -101.64, 1.49919E-007,  -170.93, 3.55271E-014,   143.13
Transformer.T_FIC1260,    7.93804,   -41.69,    7.93804,  -161.69,    7.93804,    78.31, 5.37357E-008,     8.93, 1.50729E-014,   135.00,    288.276,   138.31,    288.276,    18.31,    288.276,  -101.69, 1.95146E-006,  -171.07, 7.03114E-013,   104.04
Transformer.T_FIC1261,    7.91913,   -41.67,    7.91913,  -161.67,    7.91913,    78.33, 5.77531E-008,     8.87, 1.67581E-014,   122.01,    287.589,   138.33,    287.589,    18.33,    287.589,  -101.67, 2.09735E-006,  -171.13, 6.35529E-013,   116.57
Transformer.T_FP0959,     2.1185,   -41.70,     2.1185,  -161.70,     2.1185,    78.30, 1.39594E-008,     9.08, 5.17893E-015,   120.96,     76.935,   138.30,     76.935,    18.30,     76.935,  -101.70, 5.06948E-007,  -170.92, 2.6813E-013,   122.01
Transformer.T_FT4513,    2.11427,   -41.68,    2.11427,  -161.68,    2.11427,    78.32, 1.51273E-008,     8.85, 5.56442E-015,   151.39,    76.7815,   138.32,    76.7815,    18.32,    76.7815,  -101.68, 5.4936E-007,  -171.15, 7.65278E-014,   -21.80
Transformer.T_FP5672,    1.05352,   -41.64,    1.05352,  -161.64,    1.05352,    78.36, 8.27507E-009,     9.09, 2.31821E-015,   106.70,    38.2594,   138.36,    38.2594,    18.36,    38.2594,  -101.64, 3.00516E-007,  -170.91, 7.65278E-014,   158.20
Transformer.T_FF0639,    1.58661,   -41.69,    1.58661,  -161.69,    1.58661,    78.31, 1.10172E-008,     8.93, 4.90513E-015,   174.81,     57.619,   138.31,     57.619,    18.31,     57.619,  -101.69, 4.00098E-007,  -171.07, 1.02476E-013,   146.31
Transformer.T_FP3255,    1.05792,   -41.69,    1.05792,  -161.69,    1.05792,    78.31, 7.3454E-009,     8.88, 9.93014E-016,   153.43,    38.4191,   138.31,    38.4191,    18.31,    38.4191,  -101.69, 2.66754E-007,  -171.12, 9.09939E-014,   141.34
Transformer.T_FIC1358,    7.91993,   -41.67,    7.91993,  -161.67,    7.91993,    78.33, 5.77225E-008,     8.85, 1.00486E-014,  -135.00,    287.618,   138.33,    287.618,    18.33,    287.618,  -101.67, 2.09624E-006,  -171.15, 2.84217E-013,   180.00
Transformer.T_FIC1341,    11.8798,   -41.67,    11.8798,  -161.67,    11.8798,    78.33, 8.69528E-008,     8.73, 3.05616E-014,   125.54,    431.425,   138.33,    431.425,    18.33,    431.425,  -101.67, 3.15776E-006,  -171.27, 8.19807E-013,   146.31
Transformer.T_FX4223,    1.05932,   -41.70,    1.05932,  -161.70,    1.05932,    78.30, 6.9805E-009,     9.03, 8.88178E-016,    90.00,    38.4699,   138.30,    38.4699,    18.30,    38.4699,  -101.70, 2.53502E-007,  -170.97, 5.85929E-014,   104.04
Transformer.T_FT4299,    2.10668,   -41.64,    2.10668,  -161.64,    2.10668,    78.36, 1.66526E-008,     9.07, 3.76822E-015,   135.00,    76.5057,   138.36,    76.5057,    18.36,    76.5057,  -101.64, 6.04754E-007,  -170.93, 1.42109E-013,   180.00
Transformer.T_FX2587,    2.10665,   -41.64,    2.10665,  -161.64,    2.10665,    78.36, 1.6652E-008,     9.07, 3.20237E-015,   146.31,    76.5047,   138.36,    76.5047,    18.36,    76.5047,  -101.64, 6.04729E-007,  -170.93, 1.20583E-013,   135.00
Transformer.T_FX0776,    1.58722,   -41.69,    1.58722,  -161.69,    1.58722,    78.31, 1.09199E-008,     8.92, 2.22045E-015,     0.00,     57.641,   138.31,     57.641,    18.31,     57.641,  -101.69, 3.96565E-007,  -171.08, 8.98773E-014,   161.57
Transformer.T_FX4012,    4.77356,   -41.72,    4.77356,  -161.72,    4.77356,    78.28, 3.00128E-008,     9.22, 1.77636E-015,   180.00,    173.355,   138.28,    173.355,    18.28,    173.355,  -101.72, 1.08994E-006,  -170.78, 2.04952E-013,   123.69
Transformer.T_FT5352,    2.10673,   -41.64,    2.10673,  -161.64,    2.10673,    78.36, 1.66089E-008,     9.08, 6.9369E-015,   140.19,    76.5074,   138.36,    76.5074,    18.36,    76.5074,  -101.64, 6.03164E-007,  -170.92, 1.17186E-013,  -165.96
Transformer.T_FT0758,    3.17541,   -41.69,    3.17541,  -161.69,    3.17541,    78.31, 2.15362E-008,     8.92, 6.40475E-015,   146.31,    115.318,   138.31,    115.318,    18.31,    115.318,  -101.69, 7.82104E-007,  -171.08, 2.42835E-013,  -110.56
Transformer.T_FX4148,     1.5877,   -41.69,     1.5877,  -161.69,     1.5877,    78.31, 1.07685E-008,     8.92, 1.40433E-015,   -18.43,    57.6587,   138.31,    57.6587,    18.31,    57.6587,  -101.69, 3.91068E-007,  -171.08, 5.85929E-014,    14.04
Transformer.T_FP0930,    2.11276,   -41.67,    2.11276,  -161.67,    2.11276,    78.33, 1.52343E-008,     8.86, 5.68712E-015,   128.66,    76.7267,   138.33,    76.7267,    18.33,    76.7267,  -101.67, 5.53245E-007,  -171.14, 1.02476E-013,   123.69
Transformer.T_FX2534,    3.15999,   -41.64,    3.15999,  -161.64,    3.15999,    78.36, 2.49446E-008,     9.07, 3.66205E-015,    75.96,    114.757,   138.36,    114.757,    18.36,    114.757,  -101.64, 9.05883E-007,  -170.93, 8.03887E-014,   135.00
Transformer.T_FP8843,    3.16052,   -41.64,    3.16052,  -161.64,    3.16052,    78.36, 2.48332E-008,     9.09, 1.77636E-015,     0.00,    114.777,   138.36,    114.777,    18.36,    114.777,  -101.64, 9.01837E-007,  -170.91, 4.01944E-014,  -135.00
Transformer.T_FT4529,    3.16641,   -41.66,    3.16641,  -161.66,    3.16641,    78.34, 2.34747E-008,     8.88, 3.76822E-015,   135.00,    114.991,   138.34,    114.991,    18.34,    114.991,  -101.66, 8.52501E-007,  -171.12, 1.79755E-013,    71.57
Transformer.T_FT4701,    3.16673,   -41.66,    3.16673,  -161.66,    3.16673,    78.34, 2.3398E-008,     8.87, 4.52884E-015,  -168.69,    115.002,   138.34,    115.002,    18.34,    115.002,  -101.66, 8.49718E-007,  -171.13, 2.06913E-013,   105.95
Transformer.T_FT8576,     7.9048,   -41.65,     7.9048,  -161.65,     7.9048,    78.35, 6.11885E-008,     9.02, 1.00486E-014,   135.00,    287.069,   138.35,    287.069,    18.35,    287.069,  -101.65, 2.22211E-006,  -170.98, 3.21555E-013,  -135.00
Transformer.T_FX8688,    2.64262,   -41.68,    2.64262,  -161.68,    2.64262,    78.32, 1.89249E-008,     8.85, 7.10543E-015,   180.00,    95.9687,   138.32,    95.9687,    18.32,    95.9687,  -101.68, 6.87274E-007,  -171.15, 2.62035E-013,   167.47
Transformer.T_FT6400,    3.17148,   -41.68,    3.17148,  -161.68,    3.17148,    78.32, 2.26905E-008,     8.85, 2.51215E-015,   135.00,    115.175,   138.32,    115.175,    18.32,    115.175,  -101.68, 8.24022E-007,  -171.15, 3.42243E-013,   175.24
Transformer.T_FZ2703,    1.58441,   -41.67,    1.58441,  -161.67,    1.58441,    78.33, 1.17792E-008,     8.81, 1.40433E-015,   108.43,    57.5393,   138.33,    57.5393,    18.33,    57.5393,  -101.67, 4.2777E-007,  -171.19, 1.1099E-013,   129.81
Transformer.T_FZ1968,    1.58328,   -41.66,    1.58328,  -161.66,    1.58328,    78.34, 1.17244E-008,     8.88, 2.80867E-015,   108.43,    57.4982,   138.34,    57.4982,    18.34,    57.4982,  -101.66, 4.25779E-007,  -171.12, 1.14572E-013,   119.74
Transformer.T_FP0911,    7.90008,   -41.64,    7.90008,  -161.64,    7.90008,    78.36, 6.24058E-008,     9.07, 2.4869E-014,   180.00,    286.897,   138.36,    286.897,    18.36,    286.897,  -101.64, 2.26632E-006,  -170.93, 5.3626E-013,   122.01
Transformer.T_FX2678,    1.58528,   -41.68,    1.58528,  -161.68,    1.58528,    78.32, 1.15067E-008,     8.82, 2.39149E-015,   158.20,    57.5707,   138.32,    57.5707,    18.32,    57.5707,  -101.68, 4.17875E-007,  -171.18, 1.00486E-013,   135.00
Transformer.T_FX2395,    1.58776,   -41.69,    1.58776,  -161.69,    1.58776,    78.31, 1.07503E-008,     8.94, 1.40433E-015,   108.43,    57.6608,   138.31,    57.6608,    18.31,    57.6608,  -101.69, 3.90405E-007,  -171.06, 5.85929E-014,  -165.96
Transformer.T_FP4528,    1.05616,   -41.67,    1.05616,  -161.67,    1.05616,    78.33, 7.87963E-009,     8.86, 4.96507E-016,    63.43,    38.3554,   138.33,    38.3554,    18.33,    38.3554,  -101.67, 2.86155E-007,  -171.14, 3.82639E-014,   -21.80
Transformer.T_FX3973,    1.05792,   -41.69,    1.05792,  -161.69,    1.05792,    78.31, 7.34478E-009,     8.88, 1.77636E-015,    90.00,    38.4191,   138.31,    38.4191,    18.31,    38.4191,  -101.69, 2.66732E-007,  -171.12, 6.35529E-014,   153.43
Transformer.T_FX5103,    2.10672,   -41.64,    2.10672,  -161.64,    2.10672,    78.36, 1.66095E-008,     9.08, 3.20237E-015,   123.69,    76.5073,   138.36,    76.5073,    18.36,    76.5073,  -101.64, 6.03186E-007,  -170.92, 1.7053E-013,   180.00
Transformer.T_FIC1339,    3.96061,   -41.67,    3.96061,  -161.67,    3.96061,    78.33, 2.95461E-008,     8.86, 2.51215E-015,   135.00,    143.833,   138.33,    143.833,    18.33,    143.833,  -101.67, 1.07299E-006,  -171.14, 2.84217E-013,   143.13
Transformer.T_FX2297,    2.10672,   -41.64,    2.10672,  -161.64,    2.10672,    78.36, 1.66097E-008,     9.08, 3.55271E-015,    90.00,    76.5073,   138.36,    76.5073,    18.36,    76.5073,  -101.64, 6.03193E-007,  -170.92, 1.17186E-013,   104.04
Transformer.T_FT8348,    11.9339,   -41.72,    11.9339,  -161.72,    11.9339,    78.28, 7.50321E-008,     9.22, 1.06581E-014,   180.00,     433.39,   138.28,     433.39,    18.28,     433.39,  -101.72, 2.72485E-006,  -170.78, 3.21555E-013,    45.00
Transformer.T_FT3791,    7.91481,   -41.66,    7.91481,  -161.66,    7.91481,    78.34, 5.89981E-008,     8.90, 1.28095E-014,  -146.31,    287.432,   138.34,    287.432,    18.34,    287.432,  -101.66, 2.14256E-006,  -171.10, 6.35529E-013,  -169.70
Transformer.T_FT4303,    3.16849,   -41.67,    3.16849,  -161.67,    3.16849,    78.33, 2.36369E-008,     8.86, 1.98603E-015,   116.57,    115.066,   138.33,    115.066,    18.33,    115.066,  -101.67, 8.58392E-007,  -171.14, 1.81988E-013,   128.66
Transformer.T_FZ2486,    2.11514,   -41.68,    2.11514,  -161.68,    2.11514,    78.32, 1.49176E-008,     8.87, 1.25607E-015,  -135.00,     76.813,   138.32,     76.813,    18.32,     76.813,  -101.68, 5.41744E-007,  -171.13, 2.41166E-013,   135.00
Transformer.T_FT5469,    1.58771,   -41.69,    1.58771,  -161.69,    1.58771,    78.31, 1.07661E-008,     8.93, 3.8202E-015,   125.54,    57.6591,   138.31,    57.6591,    18.31,    57.6591,  -101.69, 3.90978E-007,  -171.07, 3.17764E-014,   153.43
Transformer.T_FZ7732,    1.58003,   -41.64,    1.58003,  -161.64,    1.58003,    78.36, 1.24767E-008,     9.07, 2.51215E-015,   135.00,    57.3802,   138.36,    57.3802,    18.36,    57.3802,  -101.64, 4.53103E-007,  -170.93, 1.34065E-013,   147.99
Transformer.T_FP1050,     2.1134,   -41.68,     2.1134,  -161.68,     2.1134,    78.32, 1.54393E-008,     8.84, 1.77636E-015,    90.00,    76.7497,   138.32,    76.7497,    18.32,    76.7497,  -101.68, 5.6069E-007,  -171.16, 1.42109E-013,    36.87
Transformer.T_FX4048,    1.58006,   -41.64,    1.58006,  -161.64,    1.58006,    78.36, 1.24684E-008,     9.07, 4.39626E-015,   135.00,    57.3812,   138.36,    57.3812,    18.36,    57.3812,  -101.64, 4.52801E-007,  -170.93, 7.10543E-014,    90.00
Transformer.T_FX2280,    1.58445,   -41.67,    1.58445,  -161.67,    1.58445,    78.33, 1.1772E-008,     8.80, 2.22045E-015,   -90.00,    57.5406,   138.33,    57.5406,    18.33,    57.5406,  -101.67, 4.27511E-007,  -171.20, 8.03887E-014,    45.00
Transformer.T_FP0953,    4.76439,   -41.70,    4.76439,  -161.70,    4.76439,    78.30, 3.1864E-008,     9.06, 7.10543E-015,    90.00,    173.022,   138.30,    173.022,    18.30,    173.022,  -101.70, 1.15717E-006,  -170.94, 2.34371E-013,  -104.04
Transformer.T_FX2132,    1.58428,   -41.67,    1.58428,  -161.67,    1.58428,    78.33, 1.18089E-008,     8.82, 1.40433E-015,  -161.57,    57.5343,   138.33,    57.5343,    18.33,    57.5343,  -101.67, 4.28848E-007,  -171.18, 7.24614E-014,    78.69
Transformer.T_FZ2495,    4.75215,   -41.67,    4.75215,  -161.67,    4.75215,    78.33, 3.46978E-008,     8.78, 1.38738E-014,   140.19,    172.578,   138.33,    172.578,    18.33,    172.578,  -101.67, 1.26008E-006,  -171.22, 2.27374E-013,   180.00
Transformer.T_FX5487,    1.58304,   -41.66,    1.58304,  -161.66,    1.58304,    78.34, 1.17759E-008,     8.90, 2.84356E-015,   128.66,    57.4893,   138.34,    57.4893,    18.34,    57.4893,  -101.66, 4.2765E-007,  -171.10, 7.10543E-014,   180.00
Transformer.T_FP0841,    3.16399,   -41.65,    3.16399,  -161.65,    3.16399,    78.35, 2.40174E-008,     8.95, 2.51215E-015,  -135.00,    114.903,   138.35,    114.903,    18.35,    114.903,  -101.65, 8.72212E-007,  -171.05, 5.68434E-014,    90.00
Transformer.T_FF0584,    7.90116,   -41.64,    7.90116,  -161.64,    7.90116,    78.36, 6.21124E-008,     9.09, 1.50729E-014,   135.00,    286.937,   138.36,    286.937,    18.36,    286.937,  -101.64, 2.25566E-006,  -170.91, 6.84485E-013,    94.76
Transformer.T_FX4540,     1.5842,   -41.67,     1.5842,  -161.67,     1.5842,    78.33, 1.18286E-008,     8.81, 2.97904E-015,   116.57,    57.5315,   138.33,    57.5315,    18.33,    57.5315,  -101.67, 4.29566E-007,  -171.19, 1.60777E-013,   135.00
Transformer.T_FZ0201,    2.10821,   -41.65,    2.10821,  -161.65,    2.10821,    78.35, 1.62768E-008,     9.01, 3.20237E-015,   123.69,    76.5613,   138.35,    76.5613,    18.35,    76.5613,  -101.65, 5.91104E-007,  -170.99, 1.13687E-013,    90.00
Transformer.T_FX2155,    4.75928,   -41.68,    4.75928,  -161.68,    4.75928,    78.32, 3.34871E-008,     8.87, 1.74951E-014,    66.04,    172.837,   138.32,    172.837,    18.32,    172.837,  -101.68, 1.21611E-006,  -171.13, 4.32907E-013,   156.80
Transformer.T_FP0842,    4.74597,   -41.65,    4.74597,  -161.65,    4.74597,    78.35, 3.60261E-008,     8.95, 1.29321E-014,   164.05,    172.354,   138.35,    172.354,    18.35,    172.354,  -101.65, 1.30832E-006,  -171.05, 4.01944E-013,  -171.87
Transformer.T_FP1082,    1.58005,   -41.64,    1.58005,  -161.64,    1.58005,    78.36, 1.24686E-008,     9.07, 3.46845E-015,   140.19,    57.3808,   138.36,    57.3808,    18.36,    57.3808,  -101.64, 4.52806E-007,  -170.93, 2.00972E-014,    45.00
Transformer.T_FT6095,    7.92094,   -41.67,    7.92094,  -161.67,    7.92094,    78.33, 5.91553E-008,     8.81, 1.88829E-014,   131.19,    287.655,   138.33,    287.655,    18.33,    287.655,  -101.67, 2.14827E-006,  -171.19, 4.54747E-013,    90.00
Transformer.T_FP8543,    11.9101,   -41.70,    11.9101,  -161.70,    11.9101,    78.30, 8.0181E-008,     8.98, 1.81154E-014,   168.69,    432.524,   138.30,    432.524,    18.30,    432.524,  -101.70, 2.91184E-006,  -171.02, 8.27653E-013,    74.05
Transformer.T_FT4755,    2.12547,   -41.74,    2.12547,  -161.74,    2.12547,    78.26, 1.24369E-008,     9.50, 4.46304E-015,    95.71,     77.188,   138.26,     77.188,    18.26,     77.188,  -101.74, 4.51656E-007,  -170.50, 1.7053E-013,   180.00
Transformer.T_FIC1249,    1.05926,   -41.70,    1.05926,  -161.70,    1.05926,    78.30, 6.97684E-009,     9.09, 2.26442E-015,  -168.69,    38.4678,   138.30,    38.4678,    18.30,    38.4678,  -101.70, 2.5337E-007,  -170.91, 8.28628E-014,   149.04
Transformer.T_FP0962,    7.94427,   -41.70,    7.94427,  -161.70,    7.94427,    78.30, 5.23526E-008,     9.08, 1.46482E-014,   165.96,    288.502,   138.30,    288.502,    18.30,    288.502,  -101.70, 1.90123E-006,  -170.92, 3.59509E-013,   108.43
Transformer.T_FP0937,    1.58501,   -41.67,    1.58501,  -161.67,    1.58501,    78.33, 1.159E-008,     8.85, 3.55271E-015,   180.00,     57.561,   138.33,     57.561,    18.33,     57.561,  -101.67, 4.20902E-007,  -171.15, 8.03887E-014,   135.00
Transformer.T_FX0200,    7.94974,   -41.71,    7.94974,  -161.71,    7.94974,    78.29, 5.12342E-008,     9.16, 2.38984E-014,   131.99,    288.701,   138.29,    288.701,    18.29,    288.701,  -101.71, 1.86061E-006,  -170.84, 3.59509E-013,    71.57
Transformer.T_FZ9166,    1.05603,   -41.67,    1.05603,  -161.67,    1.05603,    78.33, 7.71139E-009,     8.78, 1.88411E-015,   135.00,    38.3506,   138.33,    38.3506,    18.33,    38.3506,  -101.67, 2.80045E-007,  -171.22, 5.72858E-014,   -97.13
Transformer.T_FZ7004,    2.12052,   -41.71,    2.12052,  -161.71,    2.12052,    78.29, 1.35688E-008,     9.15, 9.93014E-016,  -116.57,    77.0082,   138.29,    77.0082,    18.29,    77.0082,  -101.71, 4.9276E-007,  -170.85, 1.42109E-013,    90.00
Transformer.T_FZ7003,    2.12215,   -41.72,    2.12215,  -161.72,    2.12215,    78.28, 1.31841E-008,     9.27, 2.97904E-015,   116.57,    77.0675,   138.28,    77.0675,    18.28,    77.0675,  -101.72, 4.78792E-007,  -170.73, 2.31336E-013,    79.38
Transformer.T_FX2538,    7.94032,   -41.70,    7.94032,  -161.70,    7.94032,    78.30, 5.33503E-008,     8.98, 5.0243E-015,   135.00,    288.359,   138.30,    288.359,    18.30,    288.359,  -101.70, 1.93746E-006,  -171.02, 4.09904E-013,    56.31
Transformer.T_FX2453,    1.58831,   -41.70,    1.58831,  -161.70,    1.58831,    78.30, 1.06189E-008,     9.00, 1.60119E-015,  -146.31,    57.6806,   138.30,    57.6806,    18.30,    57.6806,  -101.70, 3.85635E-007,  -171.00, 7.10543E-014,  -143.13
Transformer.T_FX0673,    7.91987,   -41.67,    7.91987,  -161.67,    7.91987,    78.33, 5.77278E-008,     8.85, 1.06581E-014,   180.00,    287.616,   138.33,    287.616,    18.33,    287.616,  -101.67, 2.09643E-006,  -171.15, 7.27951E-013,   141.34
Transformer.T_FZ0734,    3.17013,   -41.68,    3.17013,  -161.68,    3.17013,    78.32, 2.31484E-008,     8.83, 7.32411E-015,   165.96,    115.126,   138.32,    115.126,    18.32,    115.126,  -101.68, 8.40653E-007,  -171.17, 1.27106E-013,   116.57
Transformer.T_FIC1336,     7.9001,   -41.64,     7.9001,  -161.64,     7.9001,    78.36, 6.22629E-008,     9.09, 1.12347E-014,   161.57,    286.898,   138.36,    286.898,    18.36,    286.898,  -101.64, 2.26113E-006,  -170.91, 7.19019E-013,   108.43
Transformer.T_FP7913,    2.10672,   -41.64,    2.10672,  -161.64,    2.10672,    78.36, 1.6607E-008,     9.09, 5.61733E-015,   108.43,    76.5074,   138.36,    76.5074,    18.36,    76.5074,  -101.64, 6.03096E-007,  -170.91, 5.68434E-014,   180.00
Transformer.T_FM0378,    3.16031,   -41.64,    3.16031,  -161.64,    3.16031,    78.36, 2.48952E-008,     9.08, 3.20237E-015,    56.31,    114.769,   138.36,    114.769,    18.36,    114.769,  -101.64, 9.04088E-007,  -170.92, 2.41166E-013,   135.00
Transformer.T_FX4285,    7.90949,   -41.65,    7.90949,  -161.65,    7.90949,    78.35,  6.01E-008,     8.94, 1.81154E-014,   101.31,    287.239,   138.35,    287.239,    18.35,    287.239,  -101.65, 2.18258E-006,  -171.06, 7.27951E-013,   128.66
Transformer.T_FP3432,    1.05792,   -41.69,    1.05792,  -161.69,    1.05792,    78.31, 7.34549E-009,     8.88, 2.22045E-015,   143.13,     38.419,   138.31,     38.419,    18.31,     38.419,  -101.69, 2.66757E-007,  -171.12, 1.00486E-013,   135.00
Transformer.T_FX8727,     2.6459,   -41.69,     2.6459,  -161.69,     2.6459,    78.31, 1.80198E-008,     8.93, 1.25607E-015,  -135.00,     96.088,   138.31,     96.088,    18.31,     96.088,  -101.69, 6.54403E-007,  -171.07, 8.98773E-014,    71.57
Transformer.T_FT4309,    2.11335,   -41.67,    2.11335,  -161.67,    2.11335,    78.33, 1.5453E-008,     8.85, 1.25607E-015,   135.00,     76.748,   138.33,     76.748,    18.33,     76.748,  -101.67, 5.61188E-007,  -171.15, 6.35529E-014,  -153.43
Transformer.T_FP1055,    7.90002,   -41.64,    7.90002,  -161.64,    7.90002,    78.36, 6.23591E-008,     9.07, 1.63772E-014,   139.40,    286.895,   138.36,    286.895,    18.36,    286.895,  -101.64, 2.26462E-006,  -170.93, 2.27374E-013,    90.00
Transformer.T_FX4147,    1.58687,   -41.69,    1.58687,  -161.69,    1.58687,    78.31, 1.10182E-008,     8.88, 3.58036E-015,    82.87,    57.6286,   138.31,    57.6286,    18.31,    57.6286,  -101.69, 4.00136E-007,  -171.12, 2.00972E-014,   -45.00
Transformer.T_FT4531,     2.6447,   -41.69,     2.6447,  -161.69,     2.6447,    78.31, 1.84093E-008,     8.89, 5.68712E-015,   128.66,    96.0445,   138.31,    96.0445,    18.31,    96.0445,  -101.69, 6.68547E-007,  -171.11, 8.03887E-014,   135.00
Transformer.T_FT4703,    1.05791,   -41.69,    1.05791,  -161.69,    1.05791,    78.31, 7.3509E-009,     8.90, 2.22045E-015,   180.00,    38.4188,   138.31,    38.4188,    18.31,    38.4188,  -101.69, 2.66954E-007,  -171.10, 5.85929E-014,    14.04
Transformer.T_FP0963,    1.05943,   -41.70,    1.05943,  -161.70,    1.05943,    78.30, 6.93846E-009,     9.11, 1.33227E-015,     0.00,    38.4739,   138.30,    38.4739,    18.30,    38.4739,  -101.70, 2.51975E-007,  -170.89, 9.9476E-014,    90.00
Transformer.T_FX4479,    1.58686,   -41.69,    1.58686,  -161.69,    1.58686,    78.31, 1.10187E-008,     8.90, 2.80867E-015,   161.57,    57.6281,   138.31,    57.6281,    18.31,    57.6281,  -101.69, 4.00152E-007,  -171.10, 8.28628E-014,   149.04
Transformer.T_FP0952,    2.64674,   -41.70,    2.64674,  -161.70,    2.64674,    78.30, 1.77559E-008,     9.05, 6.40475E-015,   146.31,    96.1185,   138.30,    96.1185,    18.30,    96.1185,  -101.70, 6.44821E-007,  -170.95, 6.35529E-014,   153.43
Transformer.T_FIC1291,    4.73997,   -41.64,    4.73997,  -161.64,    4.73997,    78.36, 3.74173E-008,     9.07, 8.88178E-015,   180.00,    172.136,   138.36,    172.136,    18.36,    172.136,  -101.64, 1.35884E-006,  -170.93, 5.68434E-014,    90.00
Transformer.T_FZ0145,    1.58399,   -41.67,    1.58399,  -161.67,    1.58399,    78.33, 1.15879E-008,     8.74, 2.39149E-015,   111.80,    57.5239,   138.33,    57.5239,    18.33,    57.5239,  -101.67, 4.20822E-007,  -171.26, 7.10543E-014,   143.13
Transformer.T_FZ2493,    1.58413,   -41.67,    1.58413,  -161.67,    1.58413,    78.33, 1.15454E-008,     8.81, 2.22045E-015,   126.87,    57.5287,   138.33,    57.5288,    18.33,    57.5287,  -101.67, 4.19281E-007,  -171.19, 8.28628E-014,   120.96
Transformer.T_FZ3293,    1.58426,   -41.67,    1.58426,  -161.67,    1.58426,    78.33, 1.18168E-008,     8.86, 9.93014E-016,   116.57,    57.5335,   138.33,    57.5335,    18.33,    57.5335,  -101.67, 4.29137E-007,  -171.14, 8.64413E-014,   170.54
Transformer.T_FP0931,    4.75507,   -41.68,    4.75507,  -161.68,    4.75507,    78.32, 3.47595E-008,     8.85, 1.81154E-014,  -168.69,    172.684,   138.32,    172.684,    18.32,    172.684,  -101.68, 1.26232E-006,  -171.15, 3.59509E-013,   161.57
Transformer.T_FIC1296,    3.17256,   -41.68,    3.17256,  -161.68,    3.17256,    78.32, 2.24223E-008,     8.86, 3.55271E-015,   180.00,    115.214,   138.32,    115.214,    18.32,    115.214,  -101.68, 8.14284E-007,  -171.14, 5.68434E-014,   180.00
Transformer.T_FX2426,    7.89993,   -41.64,    7.89993,  -161.64,    7.89993,    78.36, 6.23622E-008,     9.07, 1.12347E-014,   108.43,    286.892,   138.36,    286.892,    18.36,    286.892,  -101.64, 2.26473E-006,  -170.93, 4.09904E-013,   123.69
Transformer.T_FT1998,     2.1188,   -41.70,     2.1188,  -161.70,     2.1188,    78.30, 1.38895E-008,     9.11, 5.97461E-015,   131.99,     76.946,   138.30,     76.946,    18.30,     76.946,  -101.70, 5.04407E-007,  -170.89, 1.97424E-013,   120.26
Transformer.T_FP5721,    1.05752,   -41.68,    1.05752,  -161.68,    1.05752,    78.32, 7.4741E-009,     8.86, 2.67377E-015,   138.37,    38.4046,   138.32,    38.4046,    18.32,    38.4046,  -101.68, 2.71428E-007,  -171.14, 5.68434E-014,    90.00
Transformer.T_FT4747,     4.7636,   -41.69,     4.7636,  -161.69,     4.7636,    78.31, 3.2106E-008,     9.03, 1.77636E-015,   -90.00,    172.994,   138.31,    172.994,    18.31,    172.994,  -101.69, 1.16595E-006,  -170.97, 1.13687E-013,     0.00
Transformer.T_FF0601,    7.90007,   -41.64,    7.90007,  -161.64,    7.90007,    78.36, 6.23579E-008,     9.07, 8.88178E-015,   180.00,    286.897,   138.36,    286.897,    18.36,    286.897,  -101.64, 2.26458E-006,  -170.93, 3.97904E-013,   180.00
Transformer.T_FIC1297,    4.74563,   -41.65,    4.74563,  -161.65,    4.74563,    78.35, 3.6061E-008,     8.94, 1.06951E-014,   138.37,    172.341,   138.35,    172.341,    18.35,    172.341,  -101.65, 1.30959E-006,  -171.06, 2.54211E-013,  -153.43
Transformer.T_FP0916,    4.74001,   -41.64,    4.74001,  -161.64,    4.74001,    78.36, 3.74843E-008,     9.07, 1.06951E-014,   138.37,    172.137,   138.36,    172.137,    18.36,    172.137,  -101.64, 1.36127E-006,  -170.93, 1.27106E-013,  -153.43
Transformer.T_FT4129,    2.64847,   -41.70,    2.64847,  -161.70,    2.64847,    78.30, 1.74299E-008,     9.04, 4.52884E-015,  -168.69,    96.1812,   138.30,    96.1812,    18.30,    96.1812,  -101.70, 6.32981E-007,  -170.96, 1.72883E-013,    99.46
Transformer.T_FU0372,    1.58686,   -41.69,    1.58686,  -161.69,    1.58686,    78.31, 1.10187E-008,     8.90, 2.26442E-015,   168.69,    57.6281,   138.31,    57.6281,    18.31,    57.6281,  -101.69, 4.00152E-007,  -171.10, 1.02476E-013,   123.69
Transformer.T_FF1964,    4.73998,   -41.64,    4.73998,  -161.64,    4.73998,    78.36, 3.74171E-008,     9.07, 7.32411E-015,   165.96,    172.136,   138.36,    172.136,    18.36,    172.136,  -101.64, 1.35883E-006,  -170.93, 2.34371E-013,   165.96
Transformer.T_FW2876,    7.93779,   -41.69,    7.93779,  -161.69,    7.93779,    78.31, 5.37327E-008,     8.93, 1.50729E-014,   135.00,    288.267,   138.31,    288.267,    18.31,    288.267,  -101.69, 1.95134E-006,  -171.07, 1.60777E-013,  -135.00
Transformer.T_FT4797,    2.12613,   -41.74,    2.12613,  -161.74,    2.12613,    78.26, 1.22369E-008,     9.56, 2.39149E-015,  -158.20,    77.2121,   138.26,    77.2121,    18.26,    77.2121,  -101.74, 4.44393E-007,  -170.44, 4.26326E-014,   180.00
Transformer.T_FZ2483,    2.11581,   -41.69,    2.11581,  -161.69,    2.11581,    78.31, 1.46933E-008,     8.90, 4.52884E-015,  -101.31,    76.8372,   138.31,    76.8372,    18.31,    76.8372,  -101.69, 5.33599E-007,  -171.10, 2.00972E-013,   135.00
Transformer.T_FP0897,    3.16073,   -41.64,    3.16073,  -161.64,    3.16073,    78.36, 2.47692E-008,     9.07, 7.32411E-015,   104.04,    114.784,   138.36,    114.784,    18.36,    114.784,  -101.64, 8.99512E-007,  -170.93, 3.94847E-013,   149.74
Transformer.T_FT2705,    2.11854,   -41.70,    2.11854,  -161.70,    2.11854,    78.30, 1.39499E-008,     9.09, 1.77636E-015,    90.00,    76.9364,   138.30,    76.9364,    18.30,    76.9364,  -101.70, 5.066E-007,  -170.91, 8.98773E-014,   108.43
Transformer.T_FX0201,    2.64829,   -41.70,    2.64829,  -161.70,    2.64829,    78.30, 1.74513E-008,     9.03, 7.16072E-015,   119.74,    96.1749,   138.30,    96.1749,    18.30,    96.1749,  -101.70, 6.33757E-007,  -170.97, 1.13687E-013,   180.00
Transformer.T_FZ3481,    1.05849,   -41.69,    1.05849,  -161.69,    1.05849,    78.31, 7.17339E-009,     8.93, 2.22045E-015,   180.00,    38.4399,   138.31,    38.4399,    18.31,    38.4399,  -101.69, 2.60507E-007,  -171.07, 4.26326E-014,   180.00
Transformer.T_FX2217,    1.58771,   -41.69,    1.58771,  -161.69,    1.58771,    78.31, 1.07665E-008,     8.93, 2.39149E-015,  -158.20,     57.659,   138.31,     57.659,    18.31,     57.659,  -101.69, 3.90994E-007,  -171.07, 7.65278E-014,   111.80
Transformer.T_FX2216,    3.17543,   -41.69,    3.17543,  -161.69,    3.17543,    78.31, 2.1533E-008,     8.93, 1.98603E-015,  -153.43,    115.318,   138.31,    115.318,    18.31,    115.318,  -101.69, 7.81989E-007,  -171.07, 1.79755E-013,   108.43
Transformer.T_FZ1688,    2.11228,   -41.67,    2.11228,  -161.67,    2.11228,    78.33, 1.57688E-008,     8.81, 6.40475E-015,   146.31,    76.7091,   138.33,    76.7091,    18.33,    76.7091,  -101.67, 5.72657E-007,  -171.19, 1.42109E-013,   126.87
Transformer.T_FX8503,    3.16144,   -41.65,    3.16144,  -161.65,    3.16144,    78.35, 2.45759E-008,     9.04, 2.66454E-015,   180.00,     114.81,   138.35,     114.81,    18.35,     114.81,  -101.65, 8.92494E-007,  -170.96, 2.04952E-013,  -123.69
Transformer.T_FZ5926,    4.74565,   -41.65,    4.74565,  -161.65,    4.74565,    78.35, 3.60611E-008,     8.94, 6.21725E-015,   180.00,    172.342,   138.35,    172.342,    18.35,    172.342,  -101.65, 1.30959E-006,  -171.06, 1.79755E-013,   108.43
Transformer.T_FZ7002,    2.12285,   -41.72,    2.12285,  -161.72,    2.12285,    78.28, 1.30392E-008,     9.31, 3.66205E-015,    75.96,    77.0928,   138.28,    77.0928,    18.28,    77.0928,  -101.72, 4.73528E-007,  -170.69, 1.58882E-013,   116.57
Transformer.T_FX0258,    1.58628,   -41.68,    1.58628,  -161.68,    1.58628,    78.32, 1.12112E-008,     8.86, 1.83103E-015,   165.96,    57.6069,   138.32,    57.6069,    18.32,    57.6069,  -101.68, 4.07142E-007,  -171.14, 8.98773E-014,   108.43
Transformer.T_FIC1299,    2.10668,   -41.64,    2.10668,  -161.64,    2.10668,    78.36, 1.66288E-008,     9.07, 3.46845E-015,   129.81,    76.5059,   138.36,    76.5059,    18.36,    76.5059,  -101.64, 6.03887E-007,  -170.93, 1.1099E-013,   129.81
Transformer.T_FX0206,    7.95318,   -41.71,    7.95318,  -161.71,    7.95318,    78.29, 5.05512E-008,     9.20, 1.24345E-014,   180.00,    288.826,   138.29,    288.826,    18.29,    288.826,  -101.71, 1.83581E-006,  -170.80, 1.13687E-013,   180.00
Transformer.T_FP0909,    4.74002,   -41.64,    4.74002,  -161.64,    4.74002,    78.36, 3.74155E-008,     9.07, 1.38738E-014,   129.81,    172.137,   138.36,    172.137,    18.36,    172.137,  -101.64, 1.35877E-006,  -170.93, 4.32907E-013,   156.80
Transformer.T_FP1476,    2.11687,   -41.69,    2.11687,  -161.69,    2.11687,    78.31, 1.43774E-008,     8.94, 4.52884E-015,   168.69,    76.8758,   138.31,    76.8758,    18.31,    76.8758,  -101.69, 5.22125E-007,  -171.06, 1.90659E-013,   153.43
Transformer.T_FM0409,    2.11588,   -41.69,    2.11588,  -161.69,    2.11588,    78.31, 1.46769E-008,     8.89, 2.51215E-015,   135.00,    76.8397,   138.31,    76.8397,    18.31,    76.8397,  -101.69, 5.33004E-007,  -171.11, 1.02476E-013,    56.31
Transformer.T_FZ1042,    7.93845,   -41.69,    7.93845,  -161.69,    7.93845,    78.31, 5.38464E-008,     8.92, 1.91319E-014,   158.20,    288.291,   138.31,    288.291,    18.31,    288.291,  -101.69, 1.95547E-006,  -171.08, 2.34371E-013,  -104.04
Transformer.T_FZ6977,    7.93367,   -41.69,    7.93367,  -161.69,    7.93367,    78.31, 5.53707E-008,     8.89, 1.29321E-014,   164.05,    288.118,   138.31,    288.118,    18.31,    288.118,  -101.69, 2.01083E-006,  -171.11, 2.84217E-013,   126.87
Transformer.T_FP5957,    2.10672,   -41.64,    2.10672,  -161.64,    2.10672,    78.36, 1.661E-008,     9.08, 3.9968E-015,   180.00,    76.5073,   138.36,    76.5073,    18.36,    76.5073,  -101.64, 6.03207E-007,  -170.92, 1.65726E-013,   149.04
Transformer.T_FIC1252,    3.16073,   -41.64,    3.16073,  -161.64,    3.16073,    78.36, 2.47692E-008,     9.07, 1.23709E-014,   158.96,    114.784,   138.36,    114.784,    18.36,    114.784,  -101.64, 8.99512E-007,  -170.93, 8.03887E-014,  -135.00
Transformer.T_FT4720,    4.76657,   -41.70,    4.76657,  -161.70,    4.76657,    78.30, 3.14116E-008,     9.08, 6.40475E-015,   146.31,    173.102,   138.30,    173.102,    18.30,    173.102,  -101.70, 1.14074E-006,  -170.92, 8.03887E-014,    45.00
Transformer.T_FX3800,     7.9076,   -41.65,     7.9076,  -161.65,     7.9076,    78.35, 6.0698E-008,     8.99, 2.07917E-014,   160.02,    287.171,   138.35,    287.171,    18.35,    287.171,  -101.65, 2.2043E-006,  -171.01, 9.71341E-013,   110.56
Transformer.T_FT4540,    4.75273,   -41.67,    4.75273,  -161.67,    4.75273,    78.33, 3.54552E-008,     8.81, 1.60856E-014,   173.66,    172.599,   138.33,    172.599,    18.33,    172.599,  -101.67, 1.28759E-006,  -171.19, 6.04254E-013,   138.81
Transformer.T_FM1167,    11.8788,   -41.67,    11.8788,  -161.67,    11.8788,    78.33, 8.66271E-008,     8.87, 2.51215E-014,   135.00,    431.387,   138.33,    431.387,    18.33,    431.387,  -101.67, 3.14593E-006,  -171.13, 4.68743E-013,  -165.96
Transformer.T_FT4337,     3.9606,   -41.67,     3.9606,  -161.67,     3.9606,    78.33, 2.95461E-008,     8.86, 1.03579E-014,   120.96,    143.832,   138.33,    143.832,    18.33,    143.832,  -101.67, 1.07299E-006,  -171.14, 6.35529E-014,    63.43
Transformer.T_FZ1178,    1.05925,   -41.70,    1.05925,  -161.70,    1.05925,    78.30, 6.98191E-009,     9.09, 8.00593E-016,  -146.31,    38.4673,   138.30,    38.4673,    18.30,    38.4673,  -101.70, 2.53553E-007,  -170.91, 8.31669E-014,  -160.02
Transformer.T_FM0467,    4.75749,   -41.68,    4.75749,  -161.68,    4.75749,    78.32, 3.39602E-008,     8.85, 1.25607E-014,   135.00,    172.772,   138.32,    172.772,    18.32,    172.772,  -101.68, 1.23329E-006,  -171.15, 8.03887E-014,   135.00
Transformer.T_FZ0352,    4.76063,   -41.69,    4.76063,  -161.69,    4.76063,    78.31, 3.30453E-008,     8.89, 8.74754E-015,   156.04,    172.886,   138.31,    172.886,    18.31,    172.886,  -101.69, 1.20007E-006,  -171.11, 3.59509E-013,   161.57
Transformer.T_FX8571,    1.58085,   -41.65,    1.58085,  -161.65,    1.58085,    78.35, 1.22579E-008,     9.03, 5.0634E-015,   142.13,    57.4097,   138.35,    57.4097,    18.35,    57.4097,  -101.65, 4.45154E-007,  -170.97, 7.10543E-014,    90.00
Transformer.T_FX2235,    11.9138,   -41.70,    11.9138,  -161.70,    11.9138,    78.30, 7.93354E-008,     9.01, 1.91319E-014,   158.20,    432.658,   138.30,    432.658,    18.30,    432.658,  -101.70, 2.88113E-006,  -170.99, 3.59509E-013,   161.57
Transformer.T_FT4707,    2.10907,   -41.65,    2.10907,  -161.65,    2.10907,    78.35, 1.6072E-008,     8.96, 4.18953E-015,   122.01,    76.5925,   138.35,    76.5925,    18.35,    76.5925,  -101.65, 5.83667E-007,  -171.04, 1.02476E-013,  -146.31
Transformer.T_FP8842,    1.58222,   -41.66,    1.58222,  -161.66,    1.58222,    78.34, 1.19605E-008,     8.94, 3.7943E-015,   159.44,    57.4596,   138.34,    57.4596,    18.34,    57.4596,  -101.66, 4.34354E-007,  -171.06, 7.10543E-014,   143.13
Transformer.T_FIC1354,    2.10953,   -41.66,    2.10953,  -161.66,    2.10953,    78.34, 1.59635E-008,     8.94, 8.88178E-015,   126.87,    76.6092,   138.34,    76.6092,    18.34,    76.6092,  -101.66, 5.79728E-007,  -171.06, 1.81988E-013,   141.34
Transformer.T_FP0932,    1.58502,   -41.68,    1.58502,  -161.68,    1.58502,    78.32, 1.15877E-008,     8.84, 4.96507E-015,  -153.43,    57.5612,   138.32,    57.5613,    18.32,    57.5612,  -101.68, 4.20818E-007,  -171.16, 8.64413E-014,   170.54
Transformer.T_FT4553,    1.58008,   -41.64,    1.58008,  -161.64,    1.58008,    78.36, 1.24657E-008,     9.07, 2.66454E-015,   180.00,    57.3817,   138.36,    57.3817,    18.36,    57.3817,  -101.64, 4.52703E-007,  -170.93, 7.10543E-014,   143.13
Transformer.T_FIC1311,    3.16052,   -41.64,    3.16052,  -161.64,    3.16052,    78.36, 2.48332E-008,     9.09, 1.77636E-015,     0.00,    114.777,   138.36,    114.777,    18.36,    114.777,  -101.64, 9.01837E-007,  -170.91, 4.01944E-014,  -135.00
Transformer.T_FZ3218,    1.05792,   -41.69,    1.05792,  -161.69,    1.05792,    78.31, 7.34341E-009,     8.89, 8.88178E-016,   180.00,    38.4191,   138.31,    38.4191,    18.31,    38.4191,  -101.69, 2.66682E-007,  -171.11, 5.54952E-014,   -50.19
Transformer.T_FZ7535,    1.58237,   -41.66,    1.58237,  -161.66,    1.58237,    78.34, 1.19356E-008,     8.93, 5.34754E-015,   131.63,     57.465,   138.34,     57.465,    18.34,     57.465,  -101.66, 4.33452E-007,  -171.07, 1.17186E-013,   165.96
Transformer.T_FT4514,    3.17925,   -41.71,    3.17925,  -161.71,    3.17925,    78.29, 2.06784E-008,     9.09, 5.68712E-015,   128.66,    115.457,   138.29,    115.457,    18.29,    115.457,  -101.71, 7.50953E-007,  -170.91, 1.13687E-013,   180.00
Transformer.T_FT4746,    4.76361,   -41.69,    4.76361,  -161.69,    4.76361,    78.31, 3.2106E-008,     9.03, 3.97205E-015,   153.43,    172.994,   138.31,    172.994,    18.31,    172.994,  -101.69, 1.16596E-006,  -170.97, 3.06111E-013,   111.80
Transformer.T_FF0617,    3.17005,   -41.68,    3.17005,  -161.68,    3.17005,    78.32, 2.31712E-008,     8.84, 5.40258E-015,   170.54,    115.123,   138.32,    115.123,    18.32,    115.123,  -101.68, 8.41481E-007,  -171.16, 1.79755E-013,   161.57
Transformer.T_FX0253,    3.95057,   -41.64,    3.95057,  -161.64,    3.95057,    78.36, 3.10618E-008,     9.09, 9.56597E-015,   111.80,    143.468,   138.36,    143.468,    18.36,    143.468,  -101.64, 1.12803E-006,  -170.91, 4.82332E-013,   135.00
Transformer.T_FX4665,     3.1627,   -41.65,     3.1627,  -161.65,     3.1627,    78.35, 2.43548E-008,     9.00, 5.68712E-015,   141.34,    114.856,   138.35,    114.856,    18.35,    114.856,  -101.65, 8.84466E-007,  -171.00, 1.13687E-013,    90.00
Transformer.T_FX2167,    2.11435,   -41.68,    2.11435,  -161.68,    2.11435,    78.32, 1.50384E-008,     8.87, 1.98603E-015,   116.57,    76.7841,   138.32,    76.7841,    18.32,    76.7841,  -101.68, 5.4613E-007,  -171.13, 1.90659E-013,   153.43
Transformer.T_FIC1266,    2.11579,   -41.69,    2.11579,  -161.69,    2.11579,    78.31, 1.46103E-008,     8.95, 5.40258E-015,    99.46,    76.8367,   138.31,    76.8367,    18.31,    76.8367,  -101.69, 5.30584E-007,  -171.05, 8.52651E-014,    90.00
Transformer.T_FP0917,       1.58,   -41.64,       1.58,  -161.64,       1.58,    78.36, 1.24952E-008,     9.07, 9.93014E-016,   116.57,     57.379,   138.36,     57.379,    18.36,     57.379,  -101.64, 4.53774E-007,  -170.93, 1.17186E-013,    75.96
Transformer.T_FU4754,    1.58629,   -41.68,    1.58629,  -161.68,    1.58629,    78.32, 1.12097E-008,     8.86, 1.60119E-015,  -123.69,    57.6072,   138.32,    57.6072,    18.32,    57.6072,  -101.68, 4.07089E-007,  -171.14, 7.10543E-014,   143.13
Transformer.T_FZ4924,    1.05606,   -41.67,    1.05606,  -161.67,    1.05606,    78.33, 7.69562E-009,     8.84, 2.70129E-015,  -170.54,    38.3516,   138.33,    38.3516,    18.33,    38.3516,  -101.67, 2.79473E-007,  -171.16, 5.85929E-014,  -165.96
Transformer.T_FP0925,    7.92177,   -41.67,    7.92177,  -161.67,    7.92177,    78.33, 5.75695E-008,     8.83, 1.28095E-014,  -146.31,    287.685,   138.33,    287.685,    18.33,    287.685,  -101.67, 2.09068E-006,  -171.17, 2.84217E-013,   180.00
Transformer.T_FP4393,    1.05348,   -41.64,    1.05348,  -161.64,    1.05348,    78.36, 8.28348E-009,     9.09, 6.28037E-016,   135.00,    38.2581,   138.36,    38.2581,    18.36,    38.2581,  -101.64, 3.00821E-007,  -170.91, 8.98773E-014,   108.43
Transformer.T_FZ2701,    1.58502,   -41.68,    1.58502,  -161.68,    1.58502,    78.32, 1.15864E-008,     8.85, 4.63643E-015,   163.30,    57.5613,   138.32,    57.5613,    18.32,    57.5613,  -101.68, 4.2077E-007,  -171.15, 7.24614E-014,   168.69
Transformer.T_FX4501,    1.58738,   -41.69,    1.58738,  -161.69,    1.58738,    78.31, 1.08668E-008,     8.92, 2.58946E-015,   149.04,    57.6468,   138.31,    57.6468,    18.31,    57.6468,  -101.69, 3.94637E-007,  -171.08, 8.98773E-014,  -161.57
Transformer.T_FX0998,    4.75297,   -41.67,    4.75297,  -161.67,    4.75297,    78.33, 3.53964E-008,     8.82, 1.77636E-015,    90.00,    172.608,   138.33,    172.608,    18.33,    172.608,  -101.67, 1.28545E-006,  -171.18, 2.04952E-013,   123.69
Transformer.T_FF0609,    1.58001,   -41.64,    1.58001,  -161.64,    1.58001,    78.36, 1.24883E-008,     9.07, 2.22045E-015,   143.13,    57.3794,   138.36,    57.3794,    18.36,    57.3794,  -101.64, 4.53522E-007,  -170.93,          0,     0.00
Transformer.T_FX2329,     2.6528,   -41.72,     2.6528,  -161.72,     2.6528,    78.28, 1.64837E-008,     9.27, 4.52884E-015,   101.31,    96.3386,   138.28,    96.3386,    18.28,    96.3386,  -101.72, 5.98617E-007,  -170.73, 1.17186E-013,   165.96
Transformer.T_FX2129,    4.75283,   -41.67,    4.75283,  -161.67,    4.75283,    78.33, 3.54266E-008,     8.82, 1.28095E-014,   123.69,    172.603,   138.33,    172.603,    18.33,    172.603,  -101.67, 1.28655E-006,  -171.18, 1.79755E-013,   108.43
Transformer.T_FP0913,    1.05334,   -41.64,    1.05334,  -161.64,    1.05334,    78.36, 8.32696E-009,     9.07, 4.96507E-016,    63.43,    38.2528,   138.36,    38.2528,    18.36,    38.2528,  -101.64, 3.024E-007,  -170.93, 4.01944E-014,   135.00
Transformer.T_FX2578,    2.10665,   -41.64,    2.10665,  -161.64,    2.10665,    78.36, 1.6652E-008,     9.07, 3.20237E-015,   146.31,    76.5047,   138.36,    76.5047,    18.36,    76.5047,  -101.64, 6.04729E-007,  -170.93, 1.20583E-013,   135.00
Transformer.T_FT6096,    3.16837,   -41.67,    3.16837,  -161.67,    3.16837,    78.33, 2.3663E-008,     8.81, 4.78299E-015,  -158.20,    115.062,   138.33,    115.062,    18.33,    115.062,  -101.67, 8.59339E-007,  -171.19, 2.92619E-013,   150.95
Transformer.T_FZ0575,    1.58908,   -41.70,    1.58908,  -161.70,    1.58908,    78.30, 1.04259E-008,     9.10, 6.28037E-016,   135.00,    57.7085,   138.30,    57.7085,    18.30,    57.7085,  -101.70, 3.78626E-007,  -170.90, 3.17764E-014,   153.43
Transformer.T_FX3393,     2.1087,   -41.65,     2.1087,  -161.65,     2.1087,    78.35, 1.6186E-008,     8.99, 1.77636E-015,   180.00,    76.5793,   138.35,    76.5793,    18.35,    76.5793,  -101.65, 5.87807E-007,  -171.01, 8.03887E-014,   135.00
Transformer.T_FX8595,    4.74799,   -41.66,    4.74799,  -161.66,    4.74799,    78.34, 3.56222E-008,     8.92, 1.08052E-014,  -170.54,    172.427,   138.34,    172.427,    18.34,    172.427,  -101.66, 1.29365E-006,  -171.08, 1.79755E-013,   -18.43
Transformer.T_FX0252,    2.11657,   -41.69,    2.11657,  -161.69,    2.11657,    78.31, 1.44714E-008,     8.92, 1.33227E-015,     0.00,     76.865,   138.31,     76.865,    18.31,     76.865,  -101.69, 5.25539E-007,  -171.08, 2.16453E-013,   113.20
Transformer.T_FP0954,    4.76618,   -41.70,    4.76618,  -161.70,    4.76618,    78.30, 3.14616E-008,     9.09, 1.38738E-014,   129.81,    173.088,   138.30,    173.088,    18.30,    173.088,  -101.70, 1.14255E-006,  -170.91, 2.84217E-013,   143.13
Transformer.T_FF0616,    1.58549,   -41.68,    1.58549,  -161.68,    1.58549,    78.32, 1.14386E-008,     8.83, 4.63643E-015,   163.30,    57.5782,   138.32,    57.5782,    18.32,    57.5782,  -101.68, 4.154E-007,  -171.17, 1.42817E-013,  -174.29
Transformer.T_FP4396,    1.58743,   -41.69,    1.58743,  -161.69,    1.58743,    78.31, 1.08537E-008,     8.92, 9.93014E-016,  -153.43,    57.6487,   138.31,    57.6487,    18.31,    57.6487,  -101.69, 3.94159E-007,  -171.08, 4.01944E-014,   135.00
Transformer.T_FM0378F,     3.1604,   -41.64,     3.1604,  -161.64,     3.1604,    78.36, 2.48729E-008,     9.08, 8.88178E-015,   126.87,    114.772,   138.36,    114.772,    18.36,    114.772,  -101.64, 9.03279E-007,  -170.92, 1.20583E-013,   135.00
Transformer.T_FT4704,    7.94801,   -41.71,    7.94801,  -161.71,    7.94801,    78.29, 5.17171E-008,     9.09, 1.12347E-014,   161.57,    288.638,   138.29,    288.638,    18.29,    288.638,  -101.71, 1.87815E-006,  -170.91, 2.84217E-013,   126.87
Transformer.T_FX5102,    2.10697,   -41.64,    2.10697,  -161.64,    2.10697,    78.36, 1.65665E-008,     9.09, 3.55271E-015,    90.00,    76.5162,   138.36,    76.5162,    18.36,    76.5162,  -101.64, 6.01627E-007,  -170.91, 8.98773E-014,   161.57
Transformer.T_FX0204,    2.12086,   -41.71,    2.12086,  -161.71,    2.12086,    78.29, 1.34804E-008,     9.20, 8.88178E-016,    90.00,    77.0207,   138.29,    77.0207,    18.29,    77.0207,  -101.71, 4.8955E-007,  -170.80, 1.58882E-013,   116.57
Transformer.T_FT4530,    2.64378,   -41.68,    2.64378,  -161.68,    2.64378,    78.32, 1.86871E-008,     8.85, 2.51215E-015,  -135.00,     96.011,   138.32,     96.011,    18.32,     96.011,  -101.68, 6.78639E-007,  -171.15, 1.13687E-013,    90.00
Transformer.T_FX2148,    3.17255,   -41.68,    3.17255,  -161.68,    3.17255,    78.32, 2.24238E-008,     8.86, 5.40258E-015,   170.54,    115.213,   138.32,    115.213,    18.32,    115.213,  -101.68, 8.14339E-007,  -171.14, 5.68434E-014,     0.00
Transformer.T_FX2946,    1.58743,   -41.69,    1.58743,  -161.69,    1.58743,    78.31, 1.08534E-008,     8.92, 8.88178E-016,   -90.00,    57.6488,   138.31,    57.6488,    18.31,    57.6488,  -101.69, 3.94149E-007,  -171.08, 3.17764E-014,   153.43
Transformer.T_FX5275,     7.9002,   -41.64,     7.9002,  -161.64,     7.9002,    78.36, 6.23472E-008,     9.07, 1.91319E-014,   158.20,    286.902,   138.36,    286.902,    18.36,    286.902,  -101.64, 2.26419E-006,  -170.93, 2.84217E-013,   126.87
Transformer.T_FP1477,    4.75212,   -41.67,    4.75212,  -161.67,    4.75212,    78.33, 3.46286E-008,     8.85, 5.40258E-015,    80.54,    172.577,   138.33,    172.577,    18.33,    172.577,  -101.67, 1.25756E-006,  -171.15, 3.45765E-013,  -170.54
Transformer.T_FF0624,     2.1126,   -41.67,     2.1126,  -161.67,     2.1126,    78.33, 1.56955E-008,     8.80, 1.77636E-015,   180.00,    76.7208,   138.33,    76.7208,    18.33,    76.7208,  -101.67, 5.69993E-007,  -171.20, 1.34065E-013,   122.01
Transformer.T_FX4159,    3.16908,   -41.67,    3.16908,  -161.67,    3.16908,    78.33, 2.34981E-008,     8.80, 6.40475E-015,   123.69,    115.088,   138.33,    115.088,    18.33,    115.088,  -101.67, 8.53351E-007,  -171.20, 1.42109E-013,   143.13
Transformer.T_FT4732,    4.74048,   -41.64,    4.74048,  -161.64,    4.74048,    78.36, 3.73017E-008,     9.09, 1.35283E-014,   113.20,    172.154,   138.36,    172.154,    18.36,    172.154,  -101.64, 1.35464E-006,  -170.91, 8.03887E-014,    45.00
Transformer.T_FF0655,     7.9705,   -41.74,     7.9705,  -161.74,     7.9705,    78.26, 4.66384E-008,     9.50, 1.12347E-014,   161.57,    289.455,   138.26,    289.455,    18.26,    289.455,  -101.74, 1.69371E-006,  -170.50, 9.77971E-013,   125.54
Transformer.T_FP5989,    1.58457,   -41.67,    1.58457,  -161.67,    1.58457,    78.33, 1.17414E-008,     8.79, 1.25607E-015,   135.00,     57.545,   138.33,     57.545,    18.33,     57.545,  -101.67, 4.264E-007,  -171.21, 1.31018E-013,   102.53
Transformer.T_FIC1325,    3.16021,   -41.64,    3.16021,  -161.64,    3.16021,    78.36, 2.48863E-008,     9.09, 1.01268E-014,   127.87,    114.766,   138.36,    114.766,    18.36,    114.766,  -101.64, 9.03767E-007,  -170.91, 2.42835E-013,   159.44
Transformer.T_FX2120,    3.16977,   -41.67,    3.16977,  -161.67,    3.16977,    78.33, 2.32848E-008,     8.80, 5.40258E-015,  -170.54,    115.113,   138.33,    115.113,    18.33,    115.113,  -101.67, 8.45607E-007,  -171.20, 2.62035E-013,   130.60
Transformer.T_FIC1324,    23.7746,   -41.67,    23.7746,  -161.67,    23.7746,    78.33, 1.70057E-007,     8.87, 6.02916E-014,   135.00,    863.392,   138.33,    863.392,    18.33,    863.392,  -101.67, 6.17574E-006,  -171.13, 5.08423E-013,    63.43
Transformer.T_FX2356,    1.58472,   -41.67,    1.58472,  -161.67,    1.58472,    78.33, 1.16983E-008,     8.79, 9.93014E-016,    63.43,    57.5504,   138.33,    57.5504,    18.33,    57.5504,  -101.67, 4.24832E-007,  -171.21, 4.01944E-014,  -135.00
Transformer.T_FX2116,    1.58483,   -41.67,    1.58483,  -161.67,    1.58483,    78.33, 1.16616E-008,     8.80, 3.66205E-015,   104.04,    57.5543,   138.33,    57.5543,    18.33,    57.5543,  -101.67, 4.23499E-007,  -171.20, 8.52651E-014,   180.00
Transformer.T_FP6305,     23.773,   -41.67,     23.773,  -161.67,     23.773,    78.33, 1.70327E-007,     8.87, 3.01458E-014,    45.00,    863.336,   138.33,    863.336,    18.33,    863.336,  -101.67, 6.18558E-006,  -171.13, 1.13687E-012,   143.13
Transformer.T_FX4158,    1.58512,   -41.68,    1.58512,  -161.68,    1.58512,    78.32, 1.1559E-008,     8.81, 1.60119E-015,  -146.31,     57.565,   138.32,     57.565,    18.32,     57.565,  -101.68, 4.19774E-007,  -171.19, 1.17186E-013,   165.96
Transformer.T_FF1210,    3.16999,   -41.67,    3.16999,  -161.67,    3.16999,    78.33, 2.32047E-008,     8.80, 5.68712E-015,   141.34,    115.121,   138.33,    115.121,    18.33,    115.121,  -101.67, 8.42699E-007,  -171.20, 2.21981E-013,   140.19
Transformer.T_FX8344,    4.75675,   -41.68,    4.75675,  -161.68,    4.75675,    78.32, 3.40493E-008,     8.85, 4.78299E-015,   158.20,    172.745,   138.32,    172.745,    18.32,    172.745,  -101.68, 1.23653E-006,  -171.15, 1.79755E-013,   161.57
Transformer.T_FX4290,    1.58693,   -41.69,    1.58693,  -161.69,    1.58693,    78.31, 1.10026E-008,     8.90, 1.25607E-015,  -135.00,    57.6305,   138.31,    57.6305,    18.31,    57.6305,  -101.69, 3.99569E-007,  -171.10, 5.85929E-014,   104.04
Transformer.T_FZ2491,    4.75402,   -41.67,    4.75402,  -161.67,    4.75402,    78.33, 3.42241E-008,     8.86, 8.74754E-015,   156.04,    172.646,   138.33,    172.646,    18.33,    172.646,  -101.67, 1.24287E-006,  -171.14, 2.04952E-013,   123.69
Transformer.T_FZ0594,    23.7837,   -41.68,    23.7837,  -161.68,    23.7837,    78.32, 1.70246E-007,     8.85, 3.62307E-014,    78.69,    863.724,   138.32,    863.724,    18.32,    863.724,  -101.68, 6.18263E-006,  -171.15, 2.27374E-013,    90.00
Transformer.T_FX4152,    1.58963,   -41.71,    1.58963,  -161.71,    1.58963,    78.29, 1.03392E-008,     9.09, 1.25607E-015,  -135.00,    57.7286,   138.29,    57.7286,    18.29,    57.7286,  -101.71, 3.75477E-007,  -170.91, 1.28685E-013,    83.66
Transformer.T_FIC1359,    2.11198,   -41.67,    2.11198,  -161.67,    2.11198,    78.33, 1.53927E-008,     8.85, 3.20237E-015,   146.31,    76.6982,   138.33,    76.6982,    18.33,    76.6982,  -101.67, 5.58997E-007,  -171.15, 2.00972E-013,    98.13
Transformer.T_FZ7008,    11.8641,   -41.65,    11.8641,  -161.65,    11.8641,    78.35, 9.01562E-008,     8.94, 1.77636E-014,   126.87,    430.855,   138.35,    430.855,    18.35,    430.855,  -101.65, 3.2741E-006,  -171.06, 1.01685E-012,   116.57
Transformer.T_FT4708,    1.58674,   -41.69,    1.58674,  -161.69,    1.58674,    78.31, 1.10744E-008,     8.89, 1.98603E-015,   116.57,    57.6236,   138.31,    57.6236,    18.31,    57.6236,  -101.69, 4.02176E-007,  -171.11, 7.10543E-014,   143.13
Transformer.T_FX5452,     1.5863,   -41.68,     1.5863,  -161.68,     1.5863,    78.32, 1.12039E-008,     8.86, 3.58036E-015,   119.74,    57.6079,   138.32,    57.6079,    18.32,    57.6079,  -101.68, 4.0688E-007,  -171.14, 4.26326E-014,    90.00
Transformer.T_FX2929,    1.05791,   -41.69,    1.05791,  -161.69,    1.05791,    78.31, 7.34467E-009,     8.89, 2.97904E-015,   153.43,     38.419,   138.31,     38.419,    18.31,     38.419,  -101.69, 2.66727E-007,  -171.11, 4.49387E-014,    71.57
Transformer.T_FT4574,    1.58558,   -41.68,    1.58558,  -161.68,    1.58558,    78.32, 1.13543E-008,     8.85, 4.18953E-015,   147.99,    57.5814,   138.32,    57.5814,    18.32,    57.5814,  -101.68, 4.1234E-007,  -171.15, 2.00972E-014,   135.00
Transformer.T_FF0619,    1.58426,   -41.67,    1.58426,  -161.67,    1.58426,    78.33, 1.18142E-008,     8.81, 6.04027E-015,   143.97,    57.5336,   138.33,    57.5336,    18.33,    57.5336,  -101.67, 4.29043E-007,  -171.19, 5.1238E-014,   146.31
Transformer.T_FP0960,    1.58888,   -41.70,    1.58888,  -161.70,    1.58888,    78.30, 1.04682E-008,     9.09, 5.49308E-015,   165.96,    57.7014,   138.30,    57.7014,    18.30,    57.7014,  -101.70, 3.8016E-007,  -170.91, 6.35529E-014,   116.57
Transformer.T_FIC1259,    4.76655,   -41.70,    4.76655,  -161.70,    4.76655,    78.30, 3.14119E-008,     9.08, 3.97205E-015,   153.43,    173.101,   138.30,    173.101,    18.30,    173.101,  -101.70, 1.14075E-006,  -170.92, 8.03887E-014,  -135.00
Transformer.T_FX2214,      1.585,   -41.67,      1.585,  -161.67,      1.585,    78.33, 1.16024E-008,     8.80, 3.76822E-015,    45.00,    57.5604,   138.33,    57.5604,    18.33,    57.5604,  -101.67, 4.2135E-007,  -171.20, 7.10543E-014,   180.00
Transformer.T_FIC1327,     4.7401,   -41.64,     4.7401,  -161.64,     4.7401,    78.36, 3.73702E-008,     9.08, 1.37882E-014,  -165.07,    172.141,   138.36,    172.141,    18.36,    172.141,  -101.64, 1.35713E-006,  -170.92, 5.68434E-014,    90.00
Transformer.T_FT6094,    3.16838,   -41.67,    3.16838,  -161.67,    3.16838,    78.33, 2.36621E-008,     8.81, 9.93014E-015,   100.30,    115.062,   138.33,    115.062,    18.33,    115.062,  -101.67, 8.59308E-007,  -171.19, 8.03887E-014,  -135.00
Transformer.T_FX1136,    2.10671,   -41.64,    2.10671,  -161.64,    2.10671,    78.36, 1.6609E-008,     9.08, 3.76822E-015,   135.00,    76.5069,   138.36,    76.5069,    18.36,    76.5069,  -101.64, 6.03167E-007,  -170.92, 2.00972E-013,   135.00
Transformer.T_FX2145,    4.75679,   -41.68,    4.75679,  -161.68,    4.75679,    78.32, 3.40449E-008,     8.85, 2.51215E-015,   135.00,    172.747,   138.32,    172.747,    18.32,    172.747,  -101.68, 1.23637E-006,  -171.15, 3.06111E-013,   111.80
Transformer.T_FP0903,    7.90017,   -41.64,    7.90017,  -161.64,    7.90017,    78.36, 6.22857E-008,     9.08, 1.46482E-014,   165.96,    286.901,   138.36,    286.901,    18.36,    286.901,  -101.64, 2.26195E-006,  -170.92, 4.82332E-013,   135.00
Transformer.T_FIC1365,    7.93743,   -41.69,    7.93743,  -161.69,    7.93743,    78.31, 5.37275E-008,     8.93, 1.42109E-014,   180.00,    288.254,   138.31,    288.254,    18.31,    288.254,  -101.69, 1.95116E-006,  -171.07, 3.59509E-013,   108.43
Transformer.T_FIC1213,    2.64263,   -41.68,    2.64263,  -161.68,    2.64263,    78.32, 1.89234E-008,     8.85, 4.44089E-015,   180.00,    95.9691,   138.32,    95.9691,    18.32,    95.9691,  -101.68, 6.87217E-007,  -171.15, 2.34371E-013,    75.96
Transformer.T_FX4161,    1.58421,   -41.67,    1.58421,  -161.67,    1.58421,    78.33, 1.18258E-008,     8.81, 1.33227E-015,   180.00,    57.5319,   138.33,    57.5319,    18.33,    57.5319,  -101.67, 4.29464E-007,  -171.19, 8.98773E-014,   108.43
Transformer.T_FT4752,    4.76288,   -41.69,    4.76288,  -161.69,    4.76288,    78.31, 3.23516E-008,     8.98, 7.32411E-015,   165.96,    172.968,   138.31,    172.968,    18.31,    172.968,  -101.69, 1.17487E-006,  -171.02, 5.2407E-013,   139.40
Transformer.T_FP6171,    2.11878,   -41.70,    2.11878,  -161.70,    2.11878,    78.30, 1.38995E-008,     9.10, 2.66454E-015,   -90.00,     76.945,   138.30,     76.945,    18.30,     76.945,  -101.70, 5.04772E-007,  -170.90, 8.98773E-014,    71.57
Transformer.T_FX9011,    1.58426,   -41.67,    1.58426,  -161.67,    1.58426,    78.33, 1.18142E-008,     8.81, 2.22045E-015,    53.13,    57.5335,   138.33,    57.5335,    18.33,    57.5335,  -101.67, 4.29043E-007,  -171.19, 8.52651E-014,    90.00
Transformer.T_FX2278,    7.94227,   -41.70,    7.94227,  -161.70,    7.94227,    78.30, 5.29742E-008,     8.99, 1.81154E-014,   101.31,     288.43,   138.30,     288.43,    18.30,     288.43,  -101.70, 1.9238E-006,  -171.01, 2.54211E-013,  -153.43
Transformer.T_FF0628,    1.58428,   -41.67,    1.58428,  -161.67,    1.58428,    78.33, 1.18092E-008,     8.84, 3.97205E-015,   153.43,    57.5343,   138.33,    57.5343,    18.33,    57.5343,  -101.67, 4.28862E-007,  -171.16, 7.65278E-014,   158.20
Transformer.T_FT4512,    1.58845,   -41.70,    1.58845,  -161.70,    1.58845,    78.30, 1.05948E-008,     8.99, 1.40433E-015,   -18.43,     57.686,   138.30,     57.686,    18.30,     57.686,  -101.70, 3.8476E-007,  -171.01, 5.68434E-014,    90.00
Transformer.T_FIC1264,    7.93821,   -41.69,    7.93821,  -161.69,    7.93821,    78.31, 5.37369E-008,     8.94, 1.88829E-014,   131.19,    288.282,   138.31,    288.282,    18.31,    288.282,  -101.69, 1.9515E-006,  -171.06, 1.27106E-013,  -116.57
Transformer.T_FX4761,    2.11437,   -41.68,    2.11437,  -161.68,    2.11437,    78.32, 1.50186E-008,     8.87, 6.9511E-015,   116.57,    76.7852,   138.32,    76.7852,    18.32,    76.7852,  -101.68, 5.45411E-007,  -171.13, 1.51063E-013,   131.19
Transformer.T_FP4289,    4.74006,   -41.64,    4.74006,  -161.64,    4.74006,    78.36, 3.74431E-008,     9.07, 3.55271E-015,   180.00,    172.139,   138.36,    172.139,    18.36,    172.139,  -101.64, 1.35978E-006,  -170.93, 1.7053E-013,    90.00
Transformer.T_FT3432,    4.77379,   -41.72,    4.77379,  -161.72,    4.77379,    78.28, 2.99736E-008,     9.24, 7.94411E-015,  -153.43,    173.364,   138.28,    173.364,    18.28,    173.364,  -101.72, 1.08851E-006,  -170.76, 2.89846E-013,  -168.69
Transformer.T_FP8447,     15.869,   -41.69,     15.869,  -161.69,     15.869,    78.31, 1.10102E-007,     8.89, 1.58882E-014,  -153.43,    576.294,   138.31,    576.294,    18.31,    576.294,  -101.69, 3.99843E-006,  -171.11, 6.82121E-013,   180.00
Transformer.T_FP3973,    3.17004,   -41.68,    3.17004,  -161.68,    3.17004,    78.32, 2.31752E-008,     8.84, 8.37906E-015,   147.99,    115.122,   138.32,    115.122,    18.32,    115.122,  -101.68, 8.41625E-007,  -171.16, 1.42109E-013,     0.00
Transformer.T_FX2661,    7.91514,   -41.66,    7.91514,  -161.66,    7.91514,    78.34, 5.88792E-008,     8.90, 1.28095E-014,   146.31,    287.445,   138.34,    287.445,    18.34,    287.445,  -101.66, 2.13824E-006,  -171.10, 5.59843E-013,   156.04
Transformer.T_FZ2485,    4.76022,   -41.69,    4.76022,  -161.69,    4.76022,    78.31, 3.32219E-008,     8.89, 6.40475E-015,   123.69,    172.871,   138.31,    172.871,    18.31,    172.871,  -101.69, 1.20648E-006,  -171.11, 2.27374E-013,    90.00
Transformer.T_FP1047,    1.58001,   -41.64,    1.58001,  -161.64,    1.58001,    78.36, 1.24715E-008,     9.07, 2.39149E-015,  -158.20,    57.3794,   138.36,    57.3794,    18.36,    57.3794,  -101.64, 4.52911E-007,  -170.93, 4.49387E-014,   108.43
Transformer.T_FZ2700,    1.58517,   -41.68,    1.58517,  -161.68,    1.58517,    78.32, 1.15417E-008,     8.82, 3.46845E-015,   129.81,    57.5669,   138.32,    57.5669,    18.32,    57.5669,  -101.68, 4.19145E-007,  -171.18, 2.00972E-014,   -45.00
Transformer.T_FT1871,    4.74162,   -41.64,    4.74162,  -161.64,    4.74162,    78.36, 3.7034E-008,     9.06, 6.40475E-015,   123.69,    172.195,   138.36,    172.195,    18.36,    172.195,  -101.64, 1.34492E-006,  -170.94, 3.31451E-013,   120.96
Transformer.T_FX9367,    1.58908,   -41.70,    1.58908,  -161.70,    1.58908,    78.30, 1.04248E-008,     9.10, 1.60119E-015,  -146.31,    57.7087,   138.30,    57.7087,    18.30,    57.7087,  -101.70, 3.78586E-007,  -170.90, 9.09939E-014,   141.34
Transformer.T_FP3985,    2.11457,   -41.68,    2.11457,  -161.68,    2.11457,    78.32, 1.50585E-008,     8.86, 6.21725E-015,   180.00,    76.7922,   138.32,    76.7922,    18.32,    76.7922,  -101.68, 5.4686E-007,  -171.14, 1.27106E-013,   116.57
Transformer.T_FIC1220,    1.58683,   -41.69,    1.58683,  -161.69,    1.58683,    78.31, 1.10203E-008,     8.90, 1.98603E-015,   116.57,    57.6269,   138.31,    57.6269,    18.31,    57.6269,  -101.69, 4.00209E-007,  -171.10, 8.98773E-014,   161.57
Transformer.T_FX4746F,    7.90027,   -41.64,    7.90027,  -161.64,    7.90027,    78.36, 6.23439E-008,     9.07, 1.91319E-014,   158.20,    286.904,   138.36,    286.904,    18.36,    286.904,  -101.64, 2.26407E-006,  -170.93, 4.68743E-013,   165.96
Transformer.T_FX4289,    1.58906,   -41.70,    1.58906,  -161.70,    1.58906,    78.30, 1.04303E-008,     9.10, 2.97904E-015,    63.43,    57.7079,   138.30,    57.7079,    18.30,    57.7079,  -101.70, 3.78785E-007,  -170.90, 1.4068E-013,   135.00
Transformer.T_FP5934,    1.58887,   -41.70,    1.58887,  -161.70,    1.58887,    78.30, 1.04727E-008,     9.09, 3.7943E-015,   159.44,    57.7011,   138.30,    57.7011,    18.30,    57.7011,  -101.70, 3.80323E-007,  -170.91,          0,     0.00
Transformer.T_FIC1215,    4.76048,   -41.69,    4.76048,  -161.69,    4.76048,    78.31, 3.30607E-008,     8.90, 8.88178E-015,   126.87,    172.881,   138.31,    172.881,    18.31,    172.881,  -101.69, 1.20063E-006,  -171.10, 1.7053E-013,    90.00
Transformer.T_FX0796,    4.73997,   -41.64,    4.73997,  -161.64,    4.73997,    78.36, 3.74666E-008,     9.07, 7.94411E-015,   153.43,    172.136,   138.36,    172.136,    18.36,    172.136,  -101.64, 1.36063E-006,  -170.93, 2.84217E-013,   143.13
Transformer.T_FX4153,    1.58907,   -41.70,    1.58907,  -161.70,    1.58907,    78.30, 1.04275E-008,     9.10, 2.84356E-015,   141.34,    57.7085,   138.30,    57.7085,    18.30,    57.7085,  -101.70, 3.78683E-007,  -170.90, 8.98773E-014,   -18.43
Transformer.T_FZ3668,    4.74582,   -41.65,    4.74582,  -161.65,    4.74582,    78.35, 3.605E-008,     8.94, 7.94411E-015,   116.57,    172.348,   138.35,    172.348,    18.35,    172.348,  -101.65, 1.30918E-006,  -171.06, 4.54747E-013,   180.00
Transformer.T_FP4599,    2.10665,   -41.64,    2.10665,  -161.64,    2.10665,    78.36, 1.66509E-008,     9.07, 1.98603E-015,  -116.57,    76.5048,   138.36,    76.5048,    18.36,    76.5048,  -101.64, 6.0469E-007,  -170.93, 2.00972E-013,   171.87
Transformer.T_FF0574,    3.16096,   -41.64,    3.16096,  -161.64,    3.16096,    78.36, 2.47297E-008,     9.07, 8.426E-015,   161.57,    114.793,   138.36,    114.793,    18.36,    114.793,  -101.64, 8.98077E-007,  -170.93, 8.52651E-014,    90.00
Transformer.T_FX2218,     1.5877,   -41.69,     1.5877,  -161.69,     1.5877,    78.31, 1.07689E-008,     8.92,          0,     0.00,    57.6586,   138.31,    57.6586,    18.31,    57.6586,  -101.69, 3.91081E-007,  -171.08, 8.98773E-014,   161.57
Transformer.T_FP4175,    4.76279,   -41.69,    4.76279,  -161.69,    4.76279,    78.31, 3.23927E-008,     8.93, 1.77636E-015,   180.00,    172.964,   138.31,    172.964,    18.31,    172.964,  -101.69, 1.17636E-006,  -171.07, 5.68434E-013,    90.00
Transformer.T_FZ2494,    1.58408,   -41.67,    1.58408,  -161.67,    1.58408,    78.33, 1.15567E-008,     8.79, 4.72073E-015,   138.81,    57.5273,   138.33,    57.5273,    18.33,    57.5273,  -101.67, 4.19689E-007,  -171.21, 1.53056E-013,   158.20
Transformer.T_FT1941,    2.11336,   -41.68,    2.11336,  -161.68,    2.11336,    78.32, 1.54511E-008,     8.85, 1.98603E-015,   116.57,    76.7482,   138.32,    76.7482,    18.32,    76.7482,  -101.68, 5.6112E-007,  -171.15, 2.16453E-013,   156.80
Transformer.T_FX0646,    1.58678,   -41.69,    1.58678,  -161.69,    1.58678,    78.31, 1.10645E-008,     8.89, 1.60119E-015,    56.31,    57.6252,   138.31,    57.6252,    18.31,    57.6252,  -101.69, 4.01816E-007,  -171.11, 1.65726E-013,   149.04
Transformer.T_FP0935,    3.17003,   -41.68,    3.17003,  -161.68,    3.17003,    78.32, 2.31783E-008,     8.85, 6.28037E-015,   135.00,    115.122,   138.33,    115.122,    18.33,    115.122,  -101.67, 8.41739E-007,  -171.15, 1.42109E-013,   143.13
Transformer.T_FT6092,    1.58421,   -41.67,    1.58421,  -161.67,    1.58421,    78.33, 1.18274E-008,     8.81, 2.80867E-015,   108.43,    57.5317,   138.33,    57.5317,    18.33,    57.5317,  -101.67, 4.29523E-007,  -171.19, 8.52651E-014,    90.00
Transformer.T_FZ3625,    4.74009,   -41.64,    4.74009,  -161.64,    4.74009,    78.36, 3.73727E-008,     9.08, 1.43214E-014,    82.87,     172.14,   138.36,     172.14,    18.36,     172.14,  -101.64, 1.35722E-006,  -170.92, 2.27374E-013,   180.00
Transformer.T_FP4717,    2.64262,   -41.68,    2.64262,  -161.68,    2.64262,    78.32, 1.89243E-008,     8.85, 5.40258E-015,  -170.54,    95.9689,   138.32,    95.9689,    18.32,    95.9689,  -101.68, 6.8725E-007,  -171.15, 1.17186E-013,    75.96
Transformer.T_FT4526,    11.8503,   -41.64,    11.8503,  -161.64,    11.8503,    78.36, 9.34206E-008,     9.08, 1.58882E-014,   116.57,    430.352,   138.36,    430.352,    18.36,    430.352,  -101.64, 3.39265E-006,  -170.92, 6.82121E-013,   180.00
Transformer.T_FX0938,    1.05615,   -41.67,    1.05615,  -161.67,    1.05615,    78.33, 7.88249E-009,     8.81, 1.60119E-015,   146.31,    38.3549,   138.33,    38.3549,    18.33,    38.3549,  -101.67, 2.86259E-007,  -171.19, 4.54969E-014,   141.34
Transformer.T_FM1323,    4.74018,   -41.64,    4.74018,  -161.64,    4.74018,    78.36, 3.73512E-008,     9.09, 6.40475E-015,   146.31,    172.143,   138.36,    172.143,    18.36,    172.143,  -101.64, 1.35644E-006,  -170.91, 1.79755E-013,    18.43
Transformer.T_FZ9202,    1.05632,   -41.67,    1.05632,  -161.67,    1.05632,    78.33, 7.64038E-009,     8.85, 9.93014E-016,    63.43,     38.361,   138.33,     38.361,    18.33,     38.361,  -101.67, 2.77466E-007,  -171.15, 7.10543E-015,     0.00
Transformer.T_FZ7001,    2.12448,   -41.73,    2.12448,  -161.73,    2.12448,    78.27, 1.27039E-008,     9.42, 4.18953E-015,   122.01,    77.1521,   138.27,    77.1521,    18.27,    77.1521,  -101.73, 4.61351E-007,  -170.58, 1.71121E-013,   138.37
Transformer.T_FX3541,    1.58426,   -41.67,    1.58426,  -161.67,    1.58426,    78.33, 1.18116E-008,     8.82, 1.77636E-015,   180.00,    57.5338,   138.33,    57.5338,    18.33,    57.5338,  -101.67, 4.28949E-007,  -171.18, 1.42817E-013,  -174.29
Transformer.T_FIC1329,    2.64262,   -41.68,    2.64262,  -161.68,    2.64262,    78.32, 1.8925E-008,     8.85, 3.20237E-015,  -146.31,    95.9688,   138.32,    95.9688,    18.32,    95.9688,  -101.68, 6.87275E-007,  -171.15, 5.68434E-014,     0.00
Transformer.T_FIC1335,    3.17375,   -41.69,    3.17375,  -161.69,    3.17375,    78.31, 2.20365E-008,     8.88, 4.52884E-015,   168.69,    115.257,   138.31,    115.257,    18.31,    115.257,  -101.69, 8.00272E-007,  -171.12, 8.98773E-014,   108.43
Transformer.T_FZ6420,    1.05851,   -41.69,    1.05851,  -161.69,    1.05851,    78.31, 7.16443E-009,     8.94, 3.36014E-015,  -172.41,    38.4407,   138.31,    38.4407,    18.31,    38.4407,  -101.69, 2.60182E-007,  -171.06, 1.14572E-013,   150.26
Transformer.T_FZ2056,    4.75827,   -41.68,    4.75827,  -161.68,    4.75827,    78.32, 3.33677E-008,     8.90, 1.77636E-015,     0.00,      172.8,   138.32,      172.8,    18.32,      172.8,  -101.68, 1.21178E-006,  -171.10, 2.89846E-013,   101.31
Transformer.T_FX4255,    1.58037,   -41.64,    1.58037,  -161.64,    1.58037,    78.36, 1.23846E-008,     9.07, 4.96507E-015,   153.43,    57.3922,   138.36,    57.3922,    18.36,    57.3922,  -101.64, 4.49756E-007,  -170.93, 9.53293E-014,   153.43
Transformer.T_FX3836,     2.1073,   -41.64,     2.1073,  -161.64,     2.1073,    78.36, 1.64872E-008,     9.07, 1.60119E-015,  -146.31,    76.5281,   138.36,    76.5281,    18.36,    76.5281,  -101.64, 5.98747E-007,  -170.93, 1.53714E-013,   146.31
Transformer.T_FIC1207,    2.64668,   -41.70,    2.64668,  -161.70,    2.64668,    78.30, 1.7819E-008,     8.98, 2.51215E-015,  -135.00,    96.1163,   138.30,    96.1163,    18.30,    96.1163,  -101.70, 6.47111E-007,  -171.02, 1.65726E-013,   149.04
Transformer.T_FX0738,    4.76047,   -41.69,    4.76047,  -161.69,    4.76047,    78.31, 3.30607E-008,     8.90,          0,     0.00,     172.88,   138.31,     172.88,    18.31,     172.88,  -101.69, 1.20063E-006,  -171.10, 5.08423E-013,   116.57
Transformer.T_FIC1210,    7.93729,   -41.69,    7.93729,  -161.69,    7.93729,    78.31, 5.37223E-008,     8.92, 8.88178E-015,   180.00,    288.249,   138.31,    288.249,    18.31,    288.249,  -101.69, 1.95097E-006,  -171.08, 4.09904E-013,   123.69
Transformer.T_FX4746,    4.74018,   -41.64,    4.74018,  -161.64,    4.74018,    78.36, 3.74051E-008,     9.07, 5.40258E-015,    99.46,    172.143,   138.36,    172.143,    18.36,    172.143,  -101.64, 1.3584E-006,  -170.93, 5.68434E-014,    90.00
Transformer.T_FT4308,    1.58047,   -41.64,    1.58047,  -161.64,    1.58047,    78.36, 1.23654E-008,     9.07, 3.55271E-015,    90.00,    57.3961,   138.36,    57.3961,    18.36,    57.3961,  -101.64, 4.49061E-007,  -170.93, 1.14572E-013,   172.87
Transformer.T_FIC1304,    1.05904,   -41.70,    1.05904,  -161.70,    1.05904,    78.30, 7.02473E-009,     9.08, 1.33227E-015,   180.00,    38.4598,   138.30,    38.4598,    18.30,    38.4598,  -101.70, 2.55109E-007,  -170.92, 5.17283E-014,   164.05
Transformer.T_FP7441,    4.74059,   -41.64,    4.74059,  -161.64,    4.74059,    78.36, 3.73093E-008,     9.08, 1.2339E-014,   120.26,    172.158,   138.36,    172.158,    18.36,    172.158,  -101.64, 1.35492E-006,  -170.92, 3.21555E-013,   135.00
Transformer.T_FP0948,    1.58627,   -41.68,    1.58627,  -161.68,    1.58627,    78.32, 1.12123E-008,     8.85, 1.40433E-015,    18.43,    57.6066,   138.32,    57.6066,    18.32,    57.6066,  -101.68, 4.07183E-007,  -171.15, 8.98773E-014,   108.43
Transformer.T_FZ2492,    1.58401,   -41.67,    1.58401,  -161.67,    1.58401,    78.33, 1.15552E-008,     8.84, 1.77636E-015,    90.00,    57.5246,   138.33,    57.5246,    18.33,    57.5246,  -101.67, 4.19635E-007,  -171.16, 1.60777E-013,   135.00
Transformer.T_FX3717,    2.12099,   -41.71,    2.12099,  -161.71,    2.12099,    78.29, 1.34554E-008,     9.20, 6.9369E-015,   140.19,    77.0253,   138.29,    77.0253,    18.29,    77.0253,  -101.71, 4.88642E-007,  -170.80, 1.44923E-013,   101.31
Transformer.T_FX2951,     1.0535,   -41.64,     1.0535,  -161.64,     1.0535,    78.36, 8.28227E-009,     9.08, 1.25607E-015,   135.00,    38.2587,   138.36,    38.2587,    18.36,    38.2587,  -101.64, 3.00777E-007,  -170.92, 5.85929E-014,    75.96
Transformer.T_FIC1309,    1.58769,   -41.69,    1.58769,  -161.69,    1.58769,    78.31, 1.07528E-008,     9.02, 2.80867E-015,   161.57,    57.6581,   138.31,    57.6581,    18.31,    57.6581,  -101.69, 3.90495E-007,  -170.98, 3.17764E-014,   153.43
Transformer.T_FP1062,    1.58028,   -41.64,    1.58028,  -161.64,    1.58028,    78.36, 1.24148E-008,     9.08, 2.70129E-015,    80.54,    57.3889,   138.36,    57.3889,    18.36,    57.3889,  -101.64, 4.50853E-007,  -170.92, 3.17764E-014,   153.43
Transformer.T_FX2135,    2.64378,   -41.68,    2.64378,  -161.68,    2.64378,    78.32, 1.8687E-008,     8.85, 1.98603E-015,    26.57,    96.0111,   138.32,    96.0111,    18.32,    96.0111,  -101.68, 6.78633E-007,  -171.15, 8.98773E-014,  -161.57
Transformer.T_FX9367F,    1.58909,   -41.70,    1.58909,  -161.70,    1.58909,    78.30, 1.0423E-008,     9.10, 2.22045E-015,   143.13,    57.7089,   138.30,    57.7089,    18.30,    57.7089,  -101.70, 3.78521E-007,  -170.90, 1.28685E-013,  -173.66
Transformer.T_FF0682,    1.58682,   -41.69,    1.58682,  -161.69,    1.58682,    78.31, 1.10202E-008,     8.90, 1.98603E-015,   116.57,    57.6267,   138.31,    57.6267,    18.31,    57.6267,  -101.69, 4.00208E-007,  -171.10, 1.22246E-013,   125.54
Transformer.T_FF0642,    1.58684,   -41.69,    1.58684,  -161.69,    1.58684,    78.31, 1.09586E-008,     8.95, 1.88411E-015,   135.00,    57.6275,   138.31,    57.6275,    18.31,    57.6275,  -101.69, 3.9797E-007,  -171.05, 5.68434E-014,    90.00
Transformer.T_FP4290,    1.58421,   -41.67,    1.58421,  -161.67,    1.58421,    78.33, 1.18258E-008,     8.81, 1.83103E-015,   104.04,    57.5319,   138.33,    57.5319,    18.33,    57.5319,  -101.67, 4.29463E-007,  -171.19, 6.35529E-014,   153.43
Transformer.T_FZ9396,    2.10707,   -41.64,    2.10707,  -161.64,    2.10707,    78.36, 1.654E-008,     9.08, 3.46845E-015,   129.81,    76.5198,   138.36,    76.5198,    18.36,    76.5198,  -101.64, 6.00664E-007,  -170.92, 8.03887E-014,   135.00
Transformer.T_FX0651,    2.11448,   -41.68,    2.11448,  -161.68,    2.11448,    78.32, 1.50763E-008,     8.86, 1.33227E-015,   180.00,    76.7891,   138.32,    76.7891,    18.32,    76.7891,  -101.68, 5.47507E-007,  -171.14, 1.20583E-013,   135.00
Transformer.T_FP4697,    4.76403,   -41.70,    4.76403,  -161.70,    4.76403,    78.30, 3.20751E-008,     8.98, 7.53644E-015,   135.00,    173.009,   138.30,    173.009,    18.30,    173.009,  -101.70, 1.16483E-006,  -171.02, 2.34371E-013,    75.96
Transformer.T_FZ0374,    1.58887,   -41.70,    1.58887,  -161.70,    1.58887,    78.30, 1.04727E-008,     9.09, 2.80867E-015,    71.57,     57.701,   138.30,     57.701,    18.30,     57.701,  -101.70, 3.80325E-007,  -170.91, 9.09939E-014,   128.66
Transformer.T_FIC1226,    7.93736,   -41.69,    7.93736,  -161.69,    7.93736,    78.31, 5.37255E-008,     8.93, 1.00486E-014,   135.00,    288.252,   138.31,    288.252,    18.31,    288.252,  -101.69, 1.95108E-006,  -171.07, 1.7053E-013,     0.00
Transformer.T_FM0148,    2.11417,   -41.68,    2.11417,  -161.68,    2.11417,    78.32, 1.49701E-008,     8.89, 1.98603E-015,   153.43,    76.7776,   138.32,    76.7776,    18.32,    76.7776,  -101.68, 5.43652E-007,  -171.11, 4.01944E-014,   -45.00
Transformer.T_FP1769,    1.58908,   -41.70,    1.58908,  -161.70,    1.58908,    78.30, 1.04246E-008,     9.10, 3.14018E-015,  -171.87,    57.7088,   138.30,    57.7088,    18.30,    57.7088,  -101.70, 3.78579E-007,  -170.90, 9.9476E-014,   180.00
Transformer.T_FP0961,    1.58886,   -41.70,    1.58886,  -161.70,    1.58886,    78.30, 1.04703E-008,     9.08, 3.76822E-015,   135.00,    57.7008,   138.30,    57.7008,    18.30,    57.7008,  -101.70, 3.80236E-007,  -170.92, 6.35529E-014,  -153.43
Transformer.T_FZ1308,    2.64476,   -41.69,    2.64476,  -161.69,    2.64476,    78.31, 1.83675E-008,     8.90, 4.78299E-015,   111.80,    96.0464,   138.31,    96.0464,    18.31,    96.0464,  -101.69, 6.67031E-007,  -171.10, 2.21981E-013,   140.19
Transformer.T_FIC1237,    7.93748,   -41.69,    7.93748,  -161.69,    7.93748,    78.31, 5.37281E-008,     8.93, 1.74951E-014,   156.04,    288.256,   138.31,    288.256,    18.31,    288.256,  -101.69, 1.95118E-006,  -171.07, 4.58286E-013,    97.13
Transformer.T_FX5299,    1.58189,   -41.65,    1.58189,  -161.65,    1.58189,    78.35, 1.20208E-008,     8.94, 2.58946E-015,   120.96,    57.4474,   138.35,    57.4474,    18.35,    57.4474,  -101.65, 4.36546E-007,  -171.06, 8.03887E-014,    45.00
Transformer.T_FP3435,    3.16073,   -41.64,    3.16073,  -161.64,    3.16073,    78.36, 2.47692E-008,     9.07, 2.80867E-015,   161.57,    114.785,   138.36,    114.785,    18.36,    114.785,  -101.64, 8.99512E-007,  -170.93, 8.03887E-014,   135.00
Transformer.T_FZ0706,    1.58282,   -41.66,    1.58282,  -161.66,    1.58282,    78.34, 1.18369E-008,     8.91, 2.70129E-015,   170.54,    57.4813,   138.34,    57.4813,    18.34,    57.4813,  -101.66, 4.29866E-007,  -171.09, 1.20583E-013,   135.00
Transformer.T_FIC1228,    1.05737,   -41.68,    1.05737,  -161.68,    1.05737,    78.32, 7.51083E-009,     8.86, 6.28037E-016,   135.00,    38.3992,   138.32,    38.3992,    18.32,    38.3992,  -101.68, 2.72761E-007,  -171.14,          0,     0.00
Transformer.T_FP0908,     4.7402,   -41.64,     4.7402,  -161.64,     4.7402,    78.36, 3.74014E-008,     9.07, 9.05768E-015,   168.69,    172.144,   138.36,    172.144,    18.36,    172.144,  -101.64, 1.35826E-006,  -170.93, 3.31451E-013,    59.04
Transformer.T_FP3539,    1.58685,   -41.69,    1.58685,  -161.69,    1.58685,    78.31, 1.10214E-008,     8.90, 1.60119E-015,   123.69,    57.6277,   138.31,    57.6277,    18.31,    57.6277,  -101.69, 4.00251E-007,  -171.10, 4.49387E-014,   108.43
Transformer.T_FX2657,    7.89993,   -41.64,    7.89993,  -161.64,    7.89993,    78.36, 6.24407E-008,     9.07, 8.88178E-015,   126.87,    286.892,   138.36,    286.892,    18.36,    286.892,  -101.64, 2.26758E-006,  -170.93, 5.08423E-013,   116.57
Transformer.T_FX3665,    1.58419,   -41.67,    1.58419,  -161.67,    1.58419,    78.33, 1.18315E-008,     8.81, 1.83103E-015,   165.96,    57.5309,   138.33,    57.5309,    18.33,    57.5309,  -101.67, 4.2967E-007,  -171.19, 8.03887E-014,   135.00
Transformer.T_FX0674,     4.7517,   -41.67,     4.7517,  -161.67,     4.7517,    78.33, 3.46447E-008,     8.86, 1.27168E-014,   155.22,    172.562,   138.33,    172.562,    18.33,    172.562,  -101.67, 1.25815E-006,  -171.14, 2.84217E-013,   143.13
Transformer.T_FP7641,    7.93848,   -41.69,    7.93848,  -161.69,    7.93848,    78.31, 5.37541E-008,     9.02, 1.08052E-014,    80.54,    288.292,   138.31,    288.292,    18.31,    288.292,  -101.69, 1.95212E-006,  -170.98, 2.04952E-013,   146.31
Transformer.T_FP3835,    1.58627,   -41.68,    1.58627,  -161.68,    1.58627,    78.32, 1.12121E-008,     8.86, 2.22045E-015,   126.87,    57.6067,   138.32,    57.6067,    18.32,    57.6067,  -101.68, 4.07176E-007,  -171.14, 1.00486E-013,   135.00
Transformer.T_FZ5767,    7.93844,   -41.69,    7.93844,  -161.69,    7.93844,    78.31, 5.37638E-008,     9.02, 1.91319E-014,   111.80,    288.291,   138.31,    288.291,    18.31,    288.291,  -101.69, 1.95247E-006,  -170.98, 3.59509E-013,   108.43
Transformer.T_FP5672F,    7.90141,   -41.64,    7.90141,  -161.64,    7.90141,    78.36, 6.2063E-008,     9.09, 2.27485E-014,   141.34,    286.946,   138.36,    286.946,    18.36,    286.946,  -101.64, 2.25387E-006,  -170.91, 2.54211E-013,  -116.57
Transformer.T_FP1048,       3.17,   -41.67,       3.17,  -161.67,       3.17,    78.33, 2.32042E-008,     8.80, 7.32411E-015,   165.96,    115.121,   138.33,    115.121,    18.33,    115.121,  -101.67, 8.42679E-007,  -171.20, 1.65726E-013,   149.04
Transformer.T_FZ5107,    7.90138,   -41.64,    7.90138,  -161.64,    7.90138,    78.36, 6.20674E-008,     9.09, 7.32411E-015,   104.04,    286.945,   138.36,    286.945,    18.36,    286.945,  -101.64, 2.25403E-006,  -170.91, 2.27374E-013,     0.00
Transformer.T_FZ2046,    1.58027,   -41.64,    1.58027,  -161.64,    1.58027,    78.36, 1.24151E-008,     9.09, 1.33227E-015,    90.00,    57.3888,   138.36,    57.3888,    18.36,    57.3888,  -101.64, 4.50865E-007,  -170.91, 1.81988E-013,   128.66
Transformer.T_FX2727,    1.58027,   -41.64,    1.58027,  -161.64,    1.58027,    78.36, 1.24159E-008,     9.09, 9.93014E-016,   -63.43,    57.3886,   138.36,    57.3886,    18.36,    57.3886,  -101.64, 4.50892E-007,  -170.91, 3.17764E-014,   153.43
Transformer.T_FIC1360,    7.93827,   -41.69,    7.93827,  -161.69,    7.93827,    78.31, 5.37368E-008,     8.94, 2.19723E-014,   104.04,    288.285,   138.31,    288.285,    18.31,    288.285,  -101.69, 1.95149E-006,  -171.06, 2.04952E-013,   -33.69
Transformer.T_FX1604,    3.17793,   -41.70,    3.17793,  -161.70,    3.17793,    78.30, 2.09414E-008,     9.03, 1.98603E-015,  -116.57,    115.409,   138.30,    115.409,    18.30,    115.409,  -101.70, 7.60505E-007,  -170.97, 1.20583E-013,  -135.00
Transformer.T_FX1603,    3.17794,   -41.70,    3.17794,  -161.70,    3.17794,    78.30, 2.09415E-008,     9.03, 3.55271E-015,   180.00,    115.409,   138.30,    115.409,    18.30,    115.409,  -101.70, 7.60506E-007,  -170.97, 1.60777E-013,  -135.00
Transformer.T_FT7531,    7.91912,   -41.67,    7.91912,  -161.67,    7.91912,    78.33, 5.77528E-008,     8.87, 2.07157E-014,   120.96,    287.589,   138.33,    287.589,    18.33,    287.589,  -101.67, 2.09734E-006,  -171.13, 5.79691E-013,   168.69
Transformer.T_FT4516,    1.58732,   -41.69,    1.58732,  -161.69,    1.58732,    78.31, 1.08933E-008,     8.92, 2.58946E-015,   149.04,    57.6449,   138.31,    57.6449,    18.31,    57.6449,  -101.69, 3.956E-007,  -171.08, 1.22246E-013,   144.46
Transformer.T_FT6088,    4.77316,   -41.72,    4.77316,  -161.72,    4.77316,    78.28, 3.00939E-008,     9.23, 9.05768E-015,   168.69,    173.341,   138.28,    173.341,    18.28,    173.341,  -101.72, 1.09288E-006,  -170.77, 1.27106E-013,  -116.57
Transformer.T_FIC1269,    1.05818,   -41.69,    1.05818,  -161.69,    1.05818,    78.31, 7.27115E-009,     8.92, 4.44089E-016,   180.00,    38.4286,   138.31,    38.4286,    18.31,    38.4286,  -101.69, 2.64058E-007,  -171.08, 2.84217E-014,    90.00
Transformer.T_FP4339,    7.90236,   -41.64,    7.90236,  -161.64,    7.90236,    78.36, 6.18272E-008,     9.07, 1.00486E-014,   135.00,     286.98,   138.36,     286.98,    18.36,     286.98,  -101.64, 2.2453E-006,  -170.93, 4.68743E-013,   104.04
Transformer.T_FT4307,    1.58775,   -41.69,    1.58775,  -161.69,    1.58775,    78.31, 1.07556E-008,     8.93, 2.39149E-015,   111.80,    57.6603,   138.31,    57.6603,    18.31,    57.6603,  -101.69, 3.90597E-007,  -171.07, 5.1238E-014,   123.69
Transformer.T_FP4729,    2.11211,   -41.67,    2.11211,  -161.67,    2.11211,    78.33, 1.53913E-008,     8.84, 1.98603E-015,  -116.57,    76.7031,   138.33,    76.7031,    18.33,    76.7031,  -101.67, 5.58945E-007,  -171.16, 5.85929E-014,    75.96
Transformer.T_FX4123,    1.58775,   -41.69,    1.58775,  -161.69,    1.58775,    78.31, 1.07556E-008,     8.93, 2.39149E-015,   111.80,    57.6603,   138.31,    57.6603,    18.31,    57.6603,  -101.69, 3.90597E-007,  -171.07, 5.1238E-014,   123.69
Transformer.T_FX4729,    2.11126,   -41.66,    2.11126,  -161.66,    2.11126,    78.34, 1.55645E-008,     8.87, 3.76822E-015,   135.00,     76.672,   138.34,     76.672,    18.34,     76.672,  -101.66, 5.65238E-007,  -171.13, 1.39961E-013,   156.04
Transformer.T_FP5949,    1.05849,   -41.69,    1.05849,  -161.69,    1.05849,    78.31, 7.17431E-009,     8.93, 4.44089E-016,   180.00,    38.4398,   138.31,    38.4398,    18.31,    38.4398,  -101.69, 2.60541E-007,  -171.07, 6.55088E-014,   139.40
Transformer.T_FZ2488,    2.11427,   -41.68,    2.11427,  -161.68,    2.11427,    78.32, 1.50975E-008,     8.86, 7.17448E-015,   158.20,    76.7814,   138.32,    76.7814,    18.32,    76.7814,  -101.68, 5.48279E-007,  -171.14, 8.52651E-014,   180.00
Transformer.T_FIC1272,    2.10669,   -41.64,    2.10669,  -161.64,    2.10669,    78.36, 1.66416E-008,     9.07, 2.97904E-015,   116.57,     76.506,   138.36,     76.506,    18.36,     76.506,  -101.64, 6.04351E-007,  -170.93, 5.1238E-014,  -146.31
Transformer.T_FX0209,    1.58684,   -41.69,    1.58684,  -161.69,    1.58684,    78.31, 1.09586E-008,     8.95, 1.88411E-015,   135.00,    57.6275,   138.31,    57.6275,    18.31,    57.6275,  -101.69, 3.9797E-007,  -171.05, 5.68434E-014,    90.00
Transformer.T_FZ1960,    1.58908,   -41.70,    1.58908,  -161.70,    1.58908,    78.30, 1.04259E-008,     9.10, 2.22045E-015,   126.87,    57.7085,   138.30,    57.7085,    18.30,    57.7085,  -101.70, 3.78627E-007,  -170.90, 8.98773E-014,   161.57
Transformer.T_FP0957,    4.76679,   -41.70,    4.76679,  -161.70,    4.76679,    78.30, 3.13703E-008,     9.09, 1.00486E-014,   135.00,     173.11,   138.30,     173.11,    18.30,     173.11,  -101.70, 1.13924E-006,  -170.91, 2.34371E-013,   104.04
Transformer.T_FP0949,    1.05752,   -41.68,    1.05752,  -161.68,    1.05752,    78.32, 7.47461E-009,     8.86, 2.39149E-015,   111.80,    38.4045,   138.32,    38.4045,    18.32,    38.4045,  -101.68, 2.71446E-007,  -171.14, 9.87118E-014,   120.26
Transformer.T_FX5486,    1.58023,   -41.64,    1.58023,  -161.64,    1.58023,    78.36, 1.24252E-008,     9.09, 4.80356E-015,   146.31,    57.3871,   138.36,    57.3871,    18.36,    57.3871,  -101.64, 4.51231E-007,  -170.91, 1.00486E-013,    98.13
Transformer.T_FX8501,    3.16142,   -41.65,    3.16142,  -161.65,    3.16142,    78.35, 2.45758E-008,     9.04, 5.61733E-015,   161.57,     114.81,   138.35,     114.81,    18.35,     114.81,  -101.65, 8.92491E-007,  -170.96, 3.46931E-013,   145.01
Transformer.T_FP1063,    1.58547,   -41.68,    1.58547,  -161.68,    1.58547,    78.32, 1.14439E-008,     8.83,          0,     0.00,    57.5774,   138.32,    57.5774,    18.32,    57.5774,  -101.68, 4.15596E-007,  -171.17, 1.78061E-013,   151.39
Transformer.T_FIC1312,    4.77218,   -41.71,    4.77218,  -161.71,    4.77218,    78.29, 3.02745E-008,     9.20, 7.32411E-015,  -104.04,    173.306,   138.29,    173.306,    18.29,    173.306,  -101.71, 1.09944E-006,  -170.80, 3.63975E-013,   128.66
Transformer.T_FP5542,    3.16046,   -41.64,    3.16046,  -161.64,    3.16046,    78.36, 2.48478E-008,     9.09, 2.80867E-015,   108.43,    114.775,   138.36,    114.775,    18.36,    114.775,  -101.64, 9.02368E-007,  -170.91, 4.27272E-013,   176.19
Transformer.T_FT4565,    2.65836,   -41.74,    2.65836,  -161.74,    2.65836,    78.26, 1.48784E-008,     9.67, 2.80867E-015,    71.57,    96.5404,   138.26,    96.5404,    18.26,    96.5404,  -101.74, 5.40321E-007,  -170.33, 1.65726E-013,    59.04
Transformer.T_FX2215,    1.58494,   -41.67,    1.58494,  -161.67,    1.58494,    78.33, 1.16226E-008,     8.80, 1.25607E-015,    45.00,    57.5584,   138.33,    57.5584,    18.33,    57.5584,  -101.67, 4.22084E-007,  -171.20, 1.22246E-013,   144.46
Transformer.T_FP1390,    1.58023,   -41.64,    1.58023,  -161.64,    1.58023,    78.36, 1.24247E-008,     9.09, 4.213E-015,   161.57,    57.3872,   138.36,    57.3872,    18.36,    57.3872,  -101.64, 4.51213E-007,  -170.91, 1.42109E-013,   143.13
Transformer.T_FX2289,    1.58474,   -41.67,    1.58474,  -161.67,    1.58474,    78.33, 1.16923E-008,     8.79, 2.66454E-015,    90.00,     57.551,   138.33,     57.551,    18.33,     57.551,  -101.67, 4.24617E-007,  -171.21, 1.14572E-013,  -150.26
Transformer.T_FIC1373,    2.11856,   -41.70,    2.11856,  -161.70,    2.11856,    78.30, 1.39896E-008,     9.03, 8.88178E-016,   -90.00,    76.9373,   138.30,    76.9373,    18.30,    76.9373,  -101.70, 5.08042E-007,  -170.97, 2.13163E-013,   126.87
Transformer.T_FIC1147,    3.16133,   -41.65,    3.16133,  -161.65,    3.16133,    78.35, 2.46142E-008,     9.05, 4.78299E-015,   111.80,    114.806,   138.35,    114.806,    18.35,    114.806,  -101.65, 8.93884E-007,  -170.95, 1.27106E-013,   116.57
Transformer.T_FX2287,    3.97248,   -41.70,    3.97248,  -161.70,    3.97248,    78.30, 2.61722E-008,     9.03, 3.97205E-015,   153.43,    144.264,   138.30,    144.264,    18.30,    144.264,  -101.70, 9.50463E-007,  -170.97, 2.54211E-013,   116.57
Transformer.T_FZ0752,    7.90019,   -41.64,    7.90019,  -161.64,    7.90019,    78.36, 6.22583E-008,     9.09, 5.0243E-015,   135.00,    286.902,   138.36,    286.902,    18.36,    286.902,  -101.64, 2.26096E-006,  -170.91, 3.21555E-013,  -135.00
Transformer.T_FZ1784,    1.58437,   -41.67,    1.58437,  -161.67,    1.58437,    78.33, 1.14997E-008,     8.84, 3.58036E-015,   150.26,    57.5377,   138.33,    57.5377,    18.33,    57.5377,  -101.67, 4.17619E-007,  -171.16, 1.13687E-013,    90.00
Transformer.T_FIC1331,    1.58562,   -41.68,    1.58562,  -161.68,    1.58562,    78.32, 1.13445E-008,     8.86, 6.28037E-016,    45.00,    57.5831,   138.32,    57.5831,    18.32,    57.5831,  -101.68, 4.11985E-007,  -171.14, 1.53714E-013,   123.69
Transformer.T_FZ0516,    4.74008,   -41.64,    4.74008,  -161.64,    4.74008,    78.36, 3.73561E-008,     9.09, 3.55271E-015,    90.00,     172.14,   138.36,     172.14,    18.36,     172.14,  -101.64, 1.35662E-006,  -170.91, 2.41166E-013,  -135.00
Transformer.T_FX9765,    7.93851,   -41.69,    7.93851,  -161.69,    7.93851,    78.31, 5.37542E-008,     9.02, 3.97205E-015,   116.57,    288.293,   138.31,    288.293,    18.31,    288.293,  -101.69, 1.95213E-006,  -170.98, 3.63975E-013,   141.34
Transformer.T_FP5556,    3.96502,   -41.68,    3.96502,  -161.68,    3.96502,    78.32, 2.78465E-008,     8.90, 5.68712E-015,   141.34,    143.993,   138.32,    143.993,    18.32,    143.993,  -101.68, 1.01127E-006,  -171.10, 1.27106E-013,   116.57
Transformer.T_FIC1238,    2.11848,   -41.70,    2.11848,  -161.70,    2.11848,    78.30, 1.39609E-008,     9.08, 8.88178E-016,   -90.00,    76.9341,   138.30,    76.9341,    18.30,    76.9341,  -101.70, 5.07001E-007,  -170.92, 1.42109E-013,   143.13
Transformer.T_FX2219,     1.5877,   -41.69,     1.5877,  -161.69,     1.5877,    78.31, 1.07689E-008,     8.92,          0,     0.00,    57.6586,   138.31,    57.6586,    18.31,    57.6586,  -101.69, 3.91081E-007,  -171.08, 8.98773E-014,   161.57
Transformer.T_FIC1230,    4.74131,   -41.64,    4.74131,  -161.64,    4.74131,    78.36, 3.71202E-008,     9.07, 1.08052E-014,   170.54,    172.184,   138.36,    172.184,    18.36,    172.184,  -101.64, 1.34805E-006,  -170.93, 3.59509E-013,    71.57
Transformer.T_FX2133,    3.17224,   -41.68,    3.17224,  -161.68,    3.17224,    78.32, 2.24912E-008,     8.86, 6.28037E-015,   171.87,    115.202,   138.32,    115.202,    18.32,    115.202,  -101.68, 8.16787E-007,  -171.14, 1.27106E-013,    63.43
Transformer.T_FF0689,    2.64846,   -41.70,    2.64846,  -161.70,    2.64846,    78.30, 1.73755E-008,     9.10, 5.68712E-015,   141.34,     96.181,   138.30,     96.181,    18.30,     96.181,  -101.70, 6.31004E-007,  -170.90, 8.52651E-014,   180.00
Transformer.T_FX2293,    1.58421,   -41.67,    1.58421,  -161.67,    1.58421,    78.33, 1.18258E-008,     8.81, 4.37377E-015,   113.96,    57.5319,   138.33,    57.5319,    18.33,    57.5319,  -101.67, 4.29463E-007,  -171.19, 8.98773E-014,   108.43
Transformer.T_FIC1217,    7.93729,   -41.69,    7.93729,  -161.69,    7.93729,    78.31, 5.37223E-008,     8.92, 1.63772E-014,   167.47,    288.249,   138.31,    288.249,    18.31,    288.249,  -101.69, 1.95097E-006,  -171.08, 2.27374E-013,    90.00
Transformer.T_FT5509,    1.05536,   -41.66,    1.05536,  -161.66,    1.05536,    78.34, 7.85035E-009,     8.90, 8.88178E-016,   180.00,    38.3263,   138.34,    38.3263,    18.34,    38.3263,  -101.66, 2.85092E-007,  -171.10, 1.37962E-013,   124.51
Transformer.T_FT4559,    7.90269,   -41.64,    7.90269,  -161.64,    7.90269,    78.36, 6.17232E-008,     9.06, 1.42109E-014,   180.00,    286.992,   138.36,    286.992,    18.36,    286.992,  -101.64, 2.24153E-006,  -170.94, 3.41061E-013,   180.00
Transformer.T_FT4551,    3.97271,   -41.70,    3.97271,  -161.70,    3.97271,    78.30, 2.60598E-008,     9.10, 1.06581E-014,   180.00,    144.272,   138.30,    144.272,    18.30,    144.272,  -101.70, 9.46384E-007,  -170.90, 3.59509E-013,   108.43
Transformer.T_FX4280,    1.58629,   -41.68,    1.58629,  -161.68,    1.58629,    78.32, 1.12089E-008,     8.86, 3.38208E-015,   156.80,    57.6074,   138.32,    57.6074,    18.32,    57.6074,  -101.68, 4.0706E-007,  -171.14, 7.65278E-014,    68.20
Transformer.T_FP4677,    1.05352,   -41.64,    1.05352,  -161.64,    1.05352,    78.36, 8.27371E-009,     9.08, 2.80867E-015,   161.57,    38.2595,   138.36,    38.2595,    18.36,    38.2595,  -101.64, 3.00466E-007,  -170.92, 1.00486E-013,  -171.87
Transformer.T_FP3273,    1.06105,   -41.72,    1.06105,  -161.72,    1.06105,    78.28, 6.62024E-009,     9.26, 1.60119E-015,   123.69,    38.5329,   138.28,    38.5329,    18.28,    38.5329,  -101.72, 2.40419E-007,  -170.74, 8.64413E-014,    80.54
Transformer.T_FX4536,     2.1143,   -41.68,     2.1143,  -161.68,     2.1143,    78.32, 1.50778E-008,     8.86, 3.10862E-015,   180.00,    76.7823,   138.32,    76.7823,    18.32,    76.7823,  -101.68, 5.47563E-007,  -171.14, 1.42817E-013,   -95.71
Transformer.T_FP0939,     2.1129,   -41.67,     2.1129,  -161.67,     2.1129,    78.33, 1.56185E-008,     8.79, 5.40258E-015,    99.46,    76.7317,   138.33,    76.7317,    18.33,    76.7317,  -101.67, 5.67199E-007,  -171.21, 2.44493E-013,   125.54
Transformer.T_FP0938,    1.58468,   -41.67,    1.58468,  -161.67,    1.58468,    78.33, 1.17121E-008,     8.79, 2.22045E-015,   126.87,     57.549,   138.33,     57.549,    18.33,     57.549,  -101.67, 4.25333E-007,  -171.21, 1.4068E-013,   135.00
Transformer.T_FF0345,     3.1714,   -41.68,     3.1714,  -161.68,     3.1714,    78.32, 2.26784E-008,     8.86, 6.28037E-015,   171.87,    115.172,   138.32,    115.172,    18.32,    115.172,  -101.68, 8.23583E-007,  -171.14, 2.04952E-013,   123.69
Transformer.T_FP0940,     2.1129,   -41.67,     2.1129,  -161.67,     2.1129,    78.33, 1.56187E-008,     8.79, 4.52884E-015,   101.31,    76.7317,   138.33,    76.7317,    18.33,    76.7317,  -101.67, 5.67206E-007,  -171.21, 1.72883E-013,    99.46
Transformer.T_FIC1319,    2.64615,   -41.69,    2.64615,  -161.69,    2.64615,    78.31, 1.79213E-008,     9.02, 2.80867E-015,   161.57,    96.0969,   138.31,    96.0969,    18.31,    96.0969,  -101.69, 6.50825E-007,  -170.98, 1.27106E-013,   116.57
Transformer.T_FP0900,    1.58025,   -41.64,    1.58025,  -161.64,    1.58025,    78.36, 1.24183E-008,     9.08, 1.40433E-015,   161.57,    57.3878,   138.36,    57.3878,    18.36,    57.3878,  -101.64, 4.50979E-007,  -170.92, 7.65278E-014,  -158.20
Transformer.T_FZ1012,    4.75375,   -41.67,    4.75375,  -161.67,    4.75375,    78.33, 3.52147E-008,     8.79, 1.00486E-014,   135.00,    172.636,   138.33,    172.636,    18.33,    172.636,  -101.67, 1.27885E-006,  -171.21, 8.03887E-014,  -135.00
Transformer.T_FZ3480,    1.06373,   -41.75,    1.06373,  -161.75,    1.06373,    78.25, 5.95048E-009,     9.67, 1.40433E-015,    71.57,    38.6302,   138.25,    38.6302,    18.25,    38.6302,  -101.75, 2.16096E-007,  -170.33, 5.85929E-014,   104.04
Transformer.T_FP0898,    1.58025,   -41.64,    1.58025,  -161.64,    1.58025,    78.36, 1.24175E-008,     9.08, 4.44089E-016,   -90.00,    57.3879,   138.36,    57.3879,    18.36,    57.3879,  -101.64, 4.5095E-007,  -170.92, 8.98773E-014,   161.57
Transformer.T_FZ1013,    1.58458,   -41.67,    1.58458,  -161.67,    1.58458,    78.33, 1.17382E-008,     8.79, 3.7943E-015,   110.56,    57.5453,   138.33,    57.5453,    18.33,    57.5453,  -101.67, 4.26283E-007,  -171.21, 5.85929E-014,   165.96
Transformer.T_FZ1687,    4.74065,   -41.64,    4.74065,  -161.64,    4.74065,    78.36, 3.72688E-008,     9.09, 6.40475E-015,    33.69,    172.161,   138.36,    172.161,    18.36,    172.161,  -101.64, 1.35345E-006,  -170.91, 2.34371E-013,   165.96
Transformer.T_FT4756,    2.12646,   -41.74,    2.12646,  -161.74,    2.12646,    78.26, 1.21041E-008,     9.60, 4.44089E-015,   143.13,    77.2242,   138.26,    77.2242,    18.26,    77.2242,  -101.74, 4.39572E-007,  -170.40, 1.44923E-013,   101.31
Transformer.T_FP0943,     3.1689,   -41.67,     3.1689,  -161.67,     3.1689,    78.33, 2.35427E-008,     8.80, 6.9369E-015,   129.81,    115.081,   138.33,    115.081,    18.33,    115.081,  -101.67, 8.54973E-007,  -171.20, 1.72883E-013,    99.46
Transformer.T_FX5490,    4.74112,   -41.64,    4.74112,  -161.64,    4.74112,    78.36, 3.71525E-008,     9.07, 8.88178E-015,    90.00,    172.177,   138.36,    172.177,    18.36,    172.177,  -101.64, 1.34922E-006,  -170.93, 5.3626E-013,   147.99
Transformer.T_FP1609,    2.11847,   -41.70,    2.11847,  -161.70,    2.11847,    78.30, 1.39609E-008,     9.08, 2.22045E-015,   126.87,     76.934,   138.30,     76.934,    18.30,     76.934,  -101.70, 5.07001E-007,  -170.92, 1.42109E-013,   180.00
Transformer.T_FX2548,    1.58072,   -41.65,    1.58072,  -161.65,    1.58072,    78.35, 1.22877E-008,     9.04,          0,     0.00,    57.4053,   138.35,    57.4053,    18.35,    57.4053,  -101.65, 4.46237E-007,  -170.96, 1.58882E-013,   100.30
Transformer.T_FT1997,    3.17799,   -41.70,    3.17799,  -161.70,    3.17799,    78.30, 2.08856E-008,     9.09, 3.20237E-015,   146.31,    115.411,   138.30,    115.411,    18.30,    115.411,  -101.70, 7.58476E-007,  -170.91, 1.17186E-013,   165.96
Transformer.T_FF0652,    2.64831,   -41.70,    2.64831,  -161.70,    2.64831,    78.30, 1.74506E-008,     9.03, 1.98603E-015,  -116.57,    96.1753,   138.30,    96.1753,    18.30,    96.1753,  -101.70, 6.33731E-007,  -170.97, 2.21981E-013,   140.19
Transformer.T_FIC1236,    2.10666,   -41.64,    2.10666,  -161.64,    2.10666,    78.36, 1.66502E-008,     9.07, 6.40475E-015,   146.31,     76.505,   138.36,     76.505,    18.36,     76.505,  -101.64, 6.04665E-007,  -170.93, 1.65726E-013,  -149.04
Transformer.T_FZ7337,     1.0579,   -41.69,     1.0579,  -161.69,     1.0579,    78.31, 7.34688E-009,     8.90, 1.9984E-015,   180.00,    38.4184,   138.31,    38.4184,    18.31,    38.4184,  -101.69, 2.66808E-007,  -171.10, 8.03887E-014,   135.00
Transformer.T_FZ2481,     2.1158,   -41.69,     2.1158,  -161.69,     2.1158,    78.31, 1.46948E-008,     8.90,          0,     0.00,    76.8369,   138.31,    76.8369,    18.31,    76.8369,  -101.69, 5.33652E-007,  -171.10, 1.86915E-013,   171.25
Load.L_FP1074,    143.832,   -41.67,    143.832,  -161.67,    143.832,    78.33, 1.07307E-006,     8.87,          0,     0.00,          0,     0.00,          0,     0.00,          0,     0.00,          0,     0.00,          0,     0.00
Load.L_FX8231,    173.538,   -41.72,    173.538,  -161.72,    173.538,    78.28, 1.04899E-006,     9.38,          0,     0.00,          0,     0.00,          0,     0.00,          0,     0.00,          0,     0.00,          0,     0.00
Load.L_FT4575,    76.7017,   -41.66,    76.7017,  -161.66,    76.7017,    78.34, 5.58885E-007,     8.85,          0,     0.00,          0,     0.00,          0,     0.00,          0,     0.00,          0,     0.00,          0,     0.00
Load.L_FZ2489,    172.771,   -41.68,    172.771,  -161.68,    172.771,    78.32, 1.22324E-006,     8.88,          0,     0.00,          0,     0.00,          0,     0.00,          0,     0.00,          0,     0.00,          0,     0.00
Load.L_FZ1030,    38.4051,   -41.68,    38.4051,  -161.68,    38.4051,    78.32, 2.71251E-007,     8.87,          0,     0.00,          0,     0.00,          0,     0.00,          0,     0.00,          0,     0.00,          0,     0.00
Load.L_FX4690,    57.6234,   -41.68,    57.6234,  -161.68,    57.6234,    78.32, 4.02172E-007,     8.90,          0,     0.00,          0,     0.00,          0,     0.00,          0,     0.00,          0,     0.00,          0,     0.00
Load.L_FIC1244,    288.258,   -41.69,    288.258,  -161.69,    288.258,    78.31, 1.95122E-006,     8.93,          0,     0.00,          0,     0.00,          0,     0.00,          0,     0.00,          0,     0.00,          0,     0.00
Load.L_FM0468,    76.5055,   -41.64,    76.5055,  -161.64,    76.5055,    78.36, 6.04564E-007,     9.08,          0,     0.00,          0,     0.00,          0,     0.00,          0,     0.00,          0,     0.00,          0,     0.00
Load.L_FP1075,    57.4009,   -41.64,    57.4009,  -161.64,    57.4009,    78.36, 4.47634E-007,     9.06,          0,     0.00,          0,     0.00,          0,     0.00,          0,     0.00,          0,     0.00,          0,     0.00
Load.L_FX9171,    57.3924,   -41.64,    57.3924,  -161.64,    57.3924,    78.36, 4.49747E-007,     9.08,          0,     0.00,          0,     0.00,          0,     0.00,          0,     0.00,          0,     0.00,          0,     0.00
Load.L_FP0945,    57.5372,   -41.67,    57.5372,  -161.67,    57.5372,    78.33, 4.28187E-007,     8.82,          0,     0.00,          0,     0.00,          0,     0.00,          0,     0.00,          0,     0.00,          0,     0.00
Load.L_FIC1332,    289.274,   -41.73,    289.274,  -161.73,    289.274,    78.27, 1.73919E-006,     9.40,          0,     0.00,          0,     0.00,          0,     0.00,          0,     0.00,          0,     0.00,          0,     0.00
Load.L_FT0380,    57.6284,   -41.68,    57.6284,  -161.68,    57.6284,    78.32, 4.00127E-007,     8.89,          0,     0.00,          0,     0.00,          0,     0.00,          0,     0.00,          0,     0.00,          0,     0.00
Load.L_FF6328,    286.899,   -41.64,    286.899,  -161.64,    286.899,    78.36, 2.26101E-006,     9.10,          0,     0.00,          0,     0.00,          0,     0.00,          0,     0.00,          0,     0.00,          0,     0.00
Load.L_FP0958,    57.7015,   -41.70,    57.7015,  -161.70,    57.7015,    78.30, 3.80051E-007,     9.09,          0,     0.00,          0,     0.00,          0,     0.00,          0,     0.00,          0,     0.00,          0,     0.00
Load.L_FIC1248,    172.603,   -41.67,    172.603,  -161.67,    172.603,    78.33, 1.28627E-006,     8.83,          0,     0.00,          0,     0.00,          0,     0.00,          0,     0.00,          0,     0.00,          0,     0.00
Load.L_FM1100,    172.569,   -41.66,    172.569,  -161.66,    172.569,    78.34, 1.26404E-006,     8.72,          0,     0.00,          0,     0.00,          0,     0.00,          0,     0.00,          0,     0.00,          0,     0.00
Load.L_FZ2813,    19.1307,   -41.64,    19.1307,  -161.64,    19.1307,    78.36, 1.49917E-007,     9.08,          0,     0.00,          0,     0.00,          0,     0.00,          0,     0.00,          0,     0.00,          0,     0.00
Load.L_FIC1260,    288.275,   -41.69,    288.275,  -161.69,    288.275,    78.31, 1.95143E-006,     8.94,          0,     0.00,          0,     0.00,          0,     0.00,          0,     0.00,          0,     0.00,          0,     0.00
Load.L_FIC1261,    287.589,   -41.66,    287.589,  -161.66,    287.589,    78.34, 2.09733E-006,     8.87,          0,     0.00,          0,     0.00,          0,     0.00,          0,     0.00,          0,     0.00,          0,     0.00
Load.L_FP0959,    76.9347,   -41.70,    76.9347,  -161.70,    76.9347,    78.30, 5.06943E-007,     9.09,          0,     0.00,          0,     0.00,          0,     0.00,          0,     0.00,          0,     0.00,          0,     0.00
Load.L_FT4513,    76.7813,   -41.68,    76.7813,  -161.68,    76.7813,    78.32, 5.49354E-007,     8.86,          0,     0.00,          0,     0.00,          0,     0.00,          0,     0.00,          0,     0.00,          0,     0.00
Load.L_FP5672,    38.2594,   -41.64,    38.2594,  -161.64,    38.2594,    78.36, 3.00513E-007,     9.09,          0,     0.00,          0,     0.00,          0,     0.00,          0,     0.00,          0,     0.00,          0,     0.00
Load.L_FF0639,    57.6187,   -41.68,    57.6187,  -161.68,    57.6187,    78.32, 4.00094E-007,     8.94,          0,     0.00,          0,     0.00,          0,     0.00,          0,     0.00,          0,     0.00,          0,     0.00
Load.L_FP3255,    38.4189,   -41.68,    38.4189,  -161.68,    38.4189,    78.32, 2.66751E-007,     8.89,          0,     0.00,          0,     0.00,          0,     0.00,          0,     0.00,          0,     0.00,          0,     0.00
Load.L_FIC1358,    287.618,   -41.66,    287.618,  -161.66,    287.618,    78.34, 2.09622E-006,     8.86,          0,     0.00,          0,     0.00,          0,     0.00,          0,     0.00,          0,     0.00,          0,     0.00
Load.L_FIC1341,    431.424,   -41.66,    431.424,  -161.66,    431.424,    78.34, 3.15773E-006,     8.74,          0,     0.00,          0,     0.00,          0,     0.00,          0,     0.00,          0,     0.00,          0,     0.00
Load.L_FX4223,    38.4697,   -41.70,    38.4697,  -161.70,    38.4697,    78.30, 2.535E-007,     9.04,          0,     0.00,          0,     0.00,          0,     0.00,          0,     0.00,          0,     0.00,          0,     0.00
Load.L_FT4299,    76.5057,   -41.64,    76.5057,  -161.64,    76.5057,    78.36, 6.04748E-007,     9.08,          0,     0.00,          0,     0.00,          0,     0.00,          0,     0.00,          0,     0.00,          0,     0.00
Load.L_FX2587,    76.5046,   -41.64,    76.5046,  -161.64,    76.5046,    78.36, 6.04723E-007,     9.07,          0,     0.00,          0,     0.00,          0,     0.00,          0,     0.00,          0,     0.00,          0,     0.00
Load.L_FX0776,    57.6407,   -41.69,    57.6407,  -161.69,    57.6407,    78.31, 3.96561E-007,     8.92,          0,     0.00,          0,     0.00,          0,     0.00,          0,     0.00,          0,     0.00,          0,     0.00
Load.L_FX4012,    173.354,   -41.71,    173.354,  -161.71,    173.354,    78.29, 1.08993E-006,     9.22,          0,     0.00,          0,     0.00,          0,     0.00,          0,     0.00,          0,     0.00,          0,     0.00
Load.L_FT5352,    76.5073,   -41.64,    76.5073,  -161.64,    76.5073,    78.36, 6.03158E-007,     9.09,          0,     0.00,          0,     0.00,          0,     0.00,          0,     0.00,          0,     0.00,          0,     0.00
Load.L_FT0758,    115.317,   -41.69,    115.317,  -161.69,    115.317,    78.31, 7.82095E-007,     8.93,          0,     0.00,          0,     0.00,          0,     0.00,          0,     0.00,          0,     0.00,          0,     0.00
Load.L_FX4148,    57.6585,   -41.69,    57.6585,  -161.69,    57.6585,    78.31, 3.91064E-007,     8.93,          0,     0.00,          0,     0.00,          0,     0.00,          0,     0.00,          0,     0.00,          0,     0.00
Load.L_FP0930,    76.7265,   -41.67,    76.7265,  -161.67,    76.7265,    78.33, 5.53239E-007,     8.86,          0,     0.00,          0,     0.00,          0,     0.00,          0,     0.00,          0,     0.00,          0,     0.00
Load.L_FX2534,    114.757,   -41.64,    114.757,  -161.64,    114.757,    78.36, 9.05875E-007,     9.08,          0,     0.00,          0,     0.00,          0,     0.00,          0,     0.00,          0,     0.00,          0,     0.00
Load.L_FP8843,    114.777,   -41.64,    114.777,  -161.64,    114.777,    78.36, 9.01828E-007,     9.10,          0,     0.00,          0,     0.00,          0,     0.00,          0,     0.00,          0,     0.00,          0,     0.00
Load.L_FT4529,     114.99,   -41.66,     114.99,  -161.66,     114.99,    78.34, 8.52492E-007,     8.89,          0,     0.00,          0,     0.00,          0,     0.00,          0,     0.00,          0,     0.00,          0,     0.00
Load.L_FT4701,    115.002,   -41.66,    115.002,  -161.66,    115.002,    78.34, 8.4971E-007,     8.88,          0,     0.00,          0,     0.00,          0,     0.00,          0,     0.00,          0,     0.00,          0,     0.00
Load.L_FT8576,    287.069,   -41.64,    287.069,  -161.64,    287.069,    78.36, 2.22209E-006,     9.03,          0,     0.00,          0,     0.00,          0,     0.00,          0,     0.00,          0,     0.00,          0,     0.00
Load.L_FX8688,    95.9684,   -41.68,    95.9684,  -161.68,    95.9684,    78.32, 6.87267E-007,     8.86,          0,     0.00,          0,     0.00,          0,     0.00,          0,     0.00,          0,     0.00,          0,     0.00
Load.L_FT6400,    115.174,   -41.68,    115.174,  -161.68,    115.174,    78.32, 8.24014E-007,     8.86,          0,     0.00,          0,     0.00,          0,     0.00,          0,     0.00,          0,     0.00,          0,     0.00
Load.L_FZ2703,    57.5391,   -41.67,    57.5391,  -161.67,    57.5391,    78.33, 4.27766E-007,     8.81,          0,     0.00,          0,     0.00,          0,     0.00,          0,     0.00,          0,     0.00,          0,     0.00
Load.L_FZ1968,    57.4981,   -41.66,    57.4981,  -161.66,    57.4981,    78.34, 4.25775E-007,     8.88,          0,     0.00,          0,     0.00,          0,     0.00,          0,     0.00,          0,     0.00,          0,     0.00
Load.L_FP0911,    286.897,   -41.64,    286.897,  -161.64,    286.897,    78.36, 2.26629E-006,     9.08,          0,     0.00,          0,     0.00,          0,     0.00,          0,     0.00,          0,     0.00,          0,     0.00
Load.L_FX2678,    57.5705,   -41.67,    57.5705,  -161.67,    57.5705,    78.33, 4.17871E-007,     8.83,          0,     0.00,          0,     0.00,          0,     0.00,          0,     0.00,          0,     0.00,          0,     0.00
Load.L_FX2395,    57.6606,   -41.69,    57.6606,  -161.69,    57.6606,    78.31, 3.90401E-007,     8.94,          0,     0.00,          0,     0.00,          0,     0.00,          0,     0.00,          0,     0.00,          0,     0.00
Load.L_FP4528,    38.3553,   -41.67,    38.3553,  -161.67,    38.3553,    78.33, 2.86152E-007,     8.87,          0,     0.00,          0,     0.00,          0,     0.00,          0,     0.00,          0,     0.00,          0,     0.00
Load.L_FX3973,     38.419,   -41.68,     38.419,  -161.68,     38.419,    78.32, 2.66729E-007,     8.89,          0,     0.00,          0,     0.00,          0,     0.00,          0,     0.00,          0,     0.00,          0,     0.00
Load.L_FX5103,    76.5073,   -41.64,    76.5073,  -161.64,    76.5073,    78.36, 6.0318E-007,     9.09,          0,     0.00,          0,     0.00,          0,     0.00,          0,     0.00,          0,     0.00,          0,     0.00
Load.L_FIC1339,    143.832,   -41.67,    143.832,  -161.67,    143.832,    78.33, 1.07298E-006,     8.87,          0,     0.00,          0,     0.00,          0,     0.00,          0,     0.00,          0,     0.00,          0,     0.00
Load.L_FX2297,    76.5073,   -41.64,    76.5073,  -161.64,    76.5073,    78.36, 6.03187E-007,     9.09,          0,     0.00,          0,     0.00,          0,     0.00,          0,     0.00,          0,     0.00,          0,     0.00
Load.L_FT8348,    433.388,   -41.71,    433.388,  -161.71,    433.388,    78.29, 2.72482E-006,     9.22,          0,     0.00,          0,     0.00,          0,     0.00,          0,     0.00,          0,     0.00,          0,     0.00
Load.L_FT3791,    287.432,   -41.66,    287.432,  -161.66,    287.432,    78.34, 2.14254E-006,     8.91,          0,     0.00,          0,     0.00,          0,     0.00,          0,     0.00,          0,     0.00,          0,     0.00
Load.L_FT4303,    115.066,   -41.67,    115.066,  -161.67,    115.066,    78.33, 8.58384E-007,     8.87,          0,     0.00,          0,     0.00,          0,     0.00,          0,     0.00,          0,     0.00,          0,     0.00
Load.L_FZ2486,    76.8127,   -41.68,    76.8127,  -161.68,    76.8127,    78.32, 5.41738E-007,     8.87,          0,     0.00,          0,     0.00,          0,     0.00,          0,     0.00,          0,     0.00,          0,     0.00
Load.L_FT5469,    57.6589,   -41.69,    57.6589,  -161.69,    57.6589,    78.31, 3.90974E-007,     8.93,          0,     0.00,          0,     0.00,          0,     0.00,          0,     0.00,          0,     0.00,          0,     0.00
Load.L_FZ7732,    57.3801,   -41.64,    57.3801,  -161.64,    57.3801,    78.36, 4.53099E-007,     9.08,          0,     0.00,          0,     0.00,          0,     0.00,          0,     0.00,          0,     0.00,          0,     0.00
Load.L_FP1050,    76.7495,   -41.67,    76.7495,  -161.67,    76.7495,    78.33, 5.60685E-007,     8.84,          0,     0.00,          0,     0.00,          0,     0.00,          0,     0.00,          0,     0.00,          0,     0.00
Load.L_FX4048,    57.3811,   -41.64,    57.3811,  -161.64,    57.3811,    78.36, 4.52797E-007,     9.08,          0,     0.00,          0,     0.00,          0,     0.00,          0,     0.00,          0,     0.00,          0,     0.00
Load.L_FX2280,    57.5404,   -41.67,    57.5404,  -161.67,    57.5404,    78.33, 4.27507E-007,     8.81,          0,     0.00,          0,     0.00,          0,     0.00,          0,     0.00,          0,     0.00,          0,     0.00
Load.L_FP0953,    173.022,   -41.69,    173.022,  -161.69,    173.022,    78.31, 1.15715E-006,     9.07,          0,     0.00,          0,     0.00,          0,     0.00,          0,     0.00,          0,     0.00,          0,     0.00
Load.L_FX2132,    57.5341,   -41.67,    57.5341,  -161.67,    57.5341,    78.33, 4.28844E-007,     8.82,          0,     0.00,          0,     0.00,          0,     0.00,          0,     0.00,          0,     0.00,          0,     0.00
Load.L_FZ2495,    172.578,   -41.66,    172.578,  -161.66,    172.578,    78.34, 1.26007E-006,     8.78,          0,     0.00,          0,     0.00,          0,     0.00,          0,     0.00,          0,     0.00,          0,     0.00
Load.L_FX5487,    57.4891,   -41.66,    57.4891,  -161.66,    57.4891,    78.34, 4.27646E-007,     8.91,          0,     0.00,          0,     0.00,          0,     0.00,          0,     0.00,          0,     0.00,          0,     0.00
Load.L_FP0841,    114.903,   -41.65,    114.903,  -161.65,    114.903,    78.35, 8.72204E-007,     8.95,          0,     0.00,          0,     0.00,          0,     0.00,          0,     0.00,          0,     0.00,          0,     0.00
Load.L_FF0584,    286.937,   -41.64,    286.937,  -161.64,    286.937,    78.36, 2.25564E-006,     9.10,          0,     0.00,          0,     0.00,          0,     0.00,          0,     0.00,          0,     0.00,          0,     0.00
Load.L_FX4540,    57.5313,   -41.67,    57.5313,  -161.67,    57.5313,    78.33, 4.29561E-007,     8.82,          0,     0.00,          0,     0.00,          0,     0.00,          0,     0.00,          0,     0.00,          0,     0.00
Load.L_FZ0201,    76.5612,   -41.65,    76.5612,  -161.65,    76.5612,    78.35, 5.91098E-007,     9.02,          0,     0.00,          0,     0.00,          0,     0.00,          0,     0.00,          0,     0.00,          0,     0.00
Load.L_FX2155,    172.836,   -41.68,    172.836,  -161.68,    172.836,    78.32, 1.2161E-006,     8.88,          0,     0.00,          0,     0.00,          0,     0.00,          0,     0.00,          0,     0.00,          0,     0.00
Load.L_FP0842,    172.353,   -41.65,    172.353,  -161.65,    172.353,    78.35, 1.3083E-006,     8.95,          0,     0.00,          0,     0.00,          0,     0.00,          0,     0.00,          0,     0.00,          0,     0.00
Load.L_FP1082,    57.3807,   -41.64,    57.3807,  -161.64,    57.3807,    78.36, 4.52801E-007,     9.08,          0,     0.00,          0,     0.00,          0,     0.00,          0,     0.00,          0,     0.00,          0,     0.00
Load.L_FT6095,    287.654,   -41.67,    287.654,  -161.67,    287.654,    78.33, 2.14825E-006,     8.82,          0,     0.00,          0,     0.00,          0,     0.00,          0,     0.00,          0,     0.00,          0,     0.00
Load.L_FP8543,    432.523,   -41.69,    432.523,  -161.69,    432.523,    78.31, 2.91181E-006,     8.98,          0,     0.00,          0,     0.00,          0,     0.00,          0,     0.00,          0,     0.00,          0,     0.00
Load.L_FT4755,    77.1875,   -41.73,    77.1875,  -161.73,    77.1875,    78.27, 4.51652E-007,     9.50,          0,     0.00,          0,     0.00,          0,     0.00,          0,     0.00,          0,     0.00,          0,     0.00
Load.L_FIC1249,    38.4677,   -41.70,    38.4677,  -161.70,    38.4677,    78.30, 2.53367E-007,     9.09,          0,     0.00,          0,     0.00,          0,     0.00,          0,     0.00,          0,     0.00,          0,     0.00
Load.L_FP0962,    288.501,   -41.70,    288.501,  -161.70,    288.501,    78.30, 1.90121E-006,     9.08,          0,     0.00,          0,     0.00,          0,     0.00,          0,     0.00,          0,     0.00,          0,     0.00
Load.L_FP0937,    57.5608,   -41.67,    57.5608,  -161.67,    57.5608,    78.33, 4.20897E-007,     8.86,          0,     0.00,          0,     0.00,          0,     0.00,          0,     0.00,          0,     0.00,          0,     0.00
Load.L_FX0200,      288.7,   -41.71,      288.7,  -161.71,      288.7,    78.29, 1.86059E-006,     9.16,          0,     0.00,          0,     0.00,          0,     0.00,          0,     0.00,          0,     0.00,          0,     0.00
Load.L_FZ9166,    38.3505,   -41.66,    38.3505,  -161.66,    38.3505,    78.34, 2.80043E-007,     8.78,          0,     0.00,          0,     0.00,          0,     0.00,          0,     0.00,          0,     0.00,          0,     0.00
Load.L_FZ7004,    77.0078,   -41.71,    77.0078,  -161.71,    77.0078,    78.29, 4.92755E-007,     9.16,          0,     0.00,          0,     0.00,          0,     0.00,          0,     0.00,          0,     0.00,          0,     0.00
Load.L_FZ7003,    77.0671,   -41.72,    77.0671,  -161.72,    77.0671,    78.28, 4.78787E-007,     9.27,          0,     0.00,          0,     0.00,          0,     0.00,          0,     0.00,          0,     0.00,          0,     0.00
Load.L_FX2538,    288.358,   -41.69,    288.358,  -161.69,    288.358,    78.31, 1.93744E-006,     8.99,          0,     0.00,          0,     0.00,          0,     0.00,          0,     0.00,          0,     0.00,          0,     0.00
Load.L_FX2453,    57.6804,   -41.69,    57.6804,  -161.69,    57.6804,    78.31, 3.85631E-007,     9.00,          0,     0.00,          0,     0.00,          0,     0.00,          0,     0.00,          0,     0.00,          0,     0.00
Load.L_FX0673,    287.616,   -41.66,    287.616,  -161.66,    287.616,    78.34, 2.09641E-006,     8.86,          0,     0.00,          0,     0.00,          0,     0.00,          0,     0.00,          0,     0.00,          0,     0.00
Load.L_FZ0734,    115.126,   -41.67,    115.126,  -161.67,    115.126,    78.33, 8.40645E-007,     8.84,          0,     0.00,          0,     0.00,          0,     0.00,          0,     0.00,          0,     0.00,          0,     0.00
Load.L_FIC1336,    286.898,   -41.64,    286.898,  -161.64,    286.898,    78.36, 2.26111E-006,     9.10,          0,     0.00,          0,     0.00,          0,     0.00,          0,     0.00,          0,     0.00,          0,     0.00
Load.L_FP7913,    76.5073,   -41.64,    76.5073,  -161.64,    76.5073,    78.36, 6.0309E-007,     9.09,          0,     0.00,          0,     0.00,          0,     0.00,          0,     0.00,          0,     0.00,          0,     0.00
Load.L_FM0378,    114.769,   -41.64,    114.769,  -161.64,    114.769,    78.36, 9.04079E-007,     9.08,          0,     0.00,          0,     0.00,          0,     0.00,          0,     0.00,          0,     0.00,          0,     0.00
Load.L_FX4285,    287.239,   -41.65,    287.239,  -161.65,    287.239,    78.35, 2.18256E-006,     8.95,          0,     0.00,          0,     0.00,          0,     0.00,          0,     0.00,          0,     0.00,          0,     0.00
Load.L_FP3432,    38.4189,   -41.68,    38.4189,  -161.68,    38.4189,    78.32, 2.66755E-007,     8.89,          0,     0.00,          0,     0.00,          0,     0.00,          0,     0.00,          0,     0.00,          0,     0.00
Load.L_FX8727,    96.0876,   -41.69,    96.0876,  -161.69,    96.0876,    78.31, 6.54396E-007,     8.94,          0,     0.00,          0,     0.00,          0,     0.00,          0,     0.00,          0,     0.00,          0,     0.00
Load.L_FT4309,    76.7478,   -41.67,    76.7478,  -161.67,    76.7478,    78.33, 5.61183E-007,     8.86,          0,     0.00,          0,     0.00,          0,     0.00,          0,     0.00,          0,     0.00,          0,     0.00
Load.L_FP1055,    286.895,   -41.64,    286.895,  -161.64,    286.895,    78.36, 2.2646E-006,     9.08,          0,     0.00,          0,     0.00,          0,     0.00,          0,     0.00,          0,     0.00,          0,     0.00
Load.L_FX4147,    57.6284,   -41.68,    57.6284,  -161.68,    57.6284,    78.32, 4.00132E-007,     8.89,          0,     0.00,          0,     0.00,          0,     0.00,          0,     0.00,          0,     0.00,          0,     0.00
Load.L_FT4531,    96.0441,   -41.68,    96.0441,  -161.68,    96.0441,    78.32, 6.6854E-007,     8.90,          0,     0.00,          0,     0.00,          0,     0.00,          0,     0.00,          0,     0.00,          0,     0.00
Load.L_FT4703,    38.4187,   -41.68,    38.4187,  -161.68,    38.4187,    78.32, 2.66951E-007,     8.90,          0,     0.00,          0,     0.00,          0,     0.00,          0,     0.00,          0,     0.00,          0,     0.00
Load.L_FP0963,    38.4737,   -41.70,    38.4737,  -161.70,    38.4737,    78.30, 2.51973E-007,     9.12,          0,     0.00,          0,     0.00,          0,     0.00,          0,     0.00,          0,     0.00,          0,     0.00
Load.L_FX4479,    57.6279,   -41.68,    57.6279,  -161.68,    57.6279,    78.32, 4.00148E-007,     8.90,          0,     0.00,          0,     0.00,          0,     0.00,          0,     0.00,          0,     0.00,          0,     0.00
Load.L_FP0952,    96.1181,   -41.69,    96.1181,  -161.69,    96.1181,    78.31, 6.44815E-007,     9.06,          0,     0.00,          0,     0.00,          0,     0.00,          0,     0.00,          0,     0.00,          0,     0.00
Load.L_FIC1291,    172.136,   -41.64,    172.136,  -161.64,    172.136,    78.36, 1.35883E-006,     9.08,          0,     0.00,          0,     0.00,          0,     0.00,          0,     0.00,          0,     0.00,          0,     0.00
Load.L_FZ0145,    57.5238,   -41.66,    57.5238,  -161.66,    57.5238,    78.34, 4.20818E-007,     8.75,          0,     0.00,          0,     0.00,          0,     0.00,          0,     0.00,          0,     0.00,          0,     0.00
Load.L_FZ2493,    57.5286,   -41.67,    57.5286,  -161.67,    57.5286,    78.33, 4.19276E-007,     8.82,          0,     0.00,          0,     0.00,          0,     0.00,          0,     0.00,          0,     0.00,          0,     0.00
Load.L_FZ3293,    57.5333,   -41.67,    57.5333,  -161.67,    57.5333,    78.33, 4.29133E-007,     8.86,          0,     0.00,          0,     0.00,          0,     0.00,          0,     0.00,          0,     0.00,          0,     0.00
Load.L_FP0931,    172.683,   -41.67,    172.683,  -161.67,    172.683,    78.33, 1.26231E-006,     8.85,          0,     0.00,          0,     0.00,          0,     0.00,          0,     0.00,          0,     0.00,          0,     0.00
Load.L_FIC1296,    115.213,   -41.68,    115.213,  -161.68,    115.213,    78.32, 8.14276E-007,     8.87,          0,     0.00,          0,     0.00,          0,     0.00,          0,     0.00,          0,     0.00,          0,     0.00
Load.L_FX2426,    286.892,   -41.64,    286.892,  -161.64,    286.892,    78.36, 2.26471E-006,     9.08,          0,     0.00,          0,     0.00,          0,     0.00,          0,     0.00,          0,     0.00,          0,     0.00
Load.L_FT1998,    76.9457,   -41.70,    76.9457,  -161.70,    76.9457,    78.30, 5.04402E-007,     9.11,          0,     0.00,          0,     0.00,          0,     0.00,          0,     0.00,          0,     0.00,          0,     0.00
Load.L_FP5721,    38.4045,   -41.68,    38.4045,  -161.68,    38.4045,    78.32, 2.71425E-007,     8.87,          0,     0.00,          0,     0.00,          0,     0.00,          0,     0.00,          0,     0.00,          0,     0.00
Load.L_FT4747,    172.993,   -41.69,    172.993,  -161.69,    172.993,    78.31, 1.16594E-006,     9.04,          0,     0.00,          0,     0.00,          0,     0.00,          0,     0.00,          0,     0.00,          0,     0.00
Load.L_FF0601,    286.897,   -41.64,    286.897,  -161.64,    286.897,    78.36, 2.26456E-006,     9.08,          0,     0.00,          0,     0.00,          0,     0.00,          0,     0.00,          0,     0.00,          0,     0.00
Load.L_FIC1297,    172.341,   -41.65,    172.341,  -161.65,    172.341,    78.35, 1.30957E-006,     8.95,          0,     0.00,          0,     0.00,          0,     0.00,          0,     0.00,          0,     0.00,          0,     0.00
Load.L_FP0916,    172.137,   -41.64,    172.137,  -161.64,    172.137,    78.36, 1.36126E-006,     9.08,          0,     0.00,          0,     0.00,          0,     0.00,          0,     0.00,          0,     0.00,          0,     0.00
Load.L_FT4129,    96.1807,   -41.70,    96.1807,  -161.70,    96.1807,    78.30, 6.32974E-007,     9.05,          0,     0.00,          0,     0.00,          0,     0.00,          0,     0.00,          0,     0.00,          0,     0.00
Load.L_FU0372,    57.6279,   -41.68,    57.6279,  -161.68,    57.6279,    78.32, 4.00148E-007,     8.90,          0,     0.00,          0,     0.00,          0,     0.00,          0,     0.00,          0,     0.00,          0,     0.00
Load.L_FF1964,    172.136,   -41.64,    172.136,  -161.64,    172.136,    78.36, 1.35882E-006,     9.08,          0,     0.00,          0,     0.00,          0,     0.00,          0,     0.00,          0,     0.00,          0,     0.00
Load.L_FW2876,    288.266,   -41.69,    288.266,  -161.69,    288.266,    78.31, 1.95132E-006,     8.94,          0,     0.00,          0,     0.00,          0,     0.00,          0,     0.00,          0,     0.00,          0,     0.00
Load.L_FT4797,    77.2115,   -41.74,    77.2115,  -161.74,    77.2115,    78.26, 4.44388E-007,     9.57,          0,     0.00,          0,     0.00,          0,     0.00,          0,     0.00,          0,     0.00,          0,     0.00
Load.L_FZ2483,    76.8369,   -41.68,    76.8369,  -161.68,    76.8369,    78.32, 5.33593E-007,     8.90,          0,     0.00,          0,     0.00,          0,     0.00,          0,     0.00,          0,     0.00,          0,     0.00
Load.L_FP0897,    114.784,   -41.64,    114.784,  -161.64,    114.784,    78.36, 8.99504E-007,     9.08,          0,     0.00,          0,     0.00,          0,     0.00,          0,     0.00,          0,     0.00,          0,     0.00
Load.L_FT2705,     76.936,   -41.70,     76.936,  -161.70,     76.936,    78.30, 5.06595E-007,     9.09,          0,     0.00,          0,     0.00,          0,     0.00,          0,     0.00,          0,     0.00,          0,     0.00
Load.L_FX0201,    96.1744,   -41.70,    96.1744,  -161.70,    96.1744,    78.30, 6.33751E-007,     9.04,          0,     0.00,          0,     0.00,          0,     0.00,          0,     0.00,          0,     0.00,          0,     0.00
Load.L_FZ3481,    38.4397,   -41.69,    38.4397,  -161.69,    38.4397,    78.31, 2.60505E-007,     8.94,          0,     0.00,          0,     0.00,          0,     0.00,          0,     0.00,          0,     0.00,          0,     0.00
Load.L_FX2217,    57.6588,   -41.69,    57.6588,  -161.69,    57.6588,    78.31, 3.9099E-007,     8.93,          0,     0.00,          0,     0.00,          0,     0.00,          0,     0.00,          0,     0.00,          0,     0.00
Load.L_FX2216,    115.318,   -41.69,    115.318,  -161.69,    115.318,    78.31, 7.8198E-007,     8.93,          0,     0.00,          0,     0.00,          0,     0.00,          0,     0.00,          0,     0.00,          0,     0.00
Load.L_FZ1688,    76.7089,   -41.67,    76.7089,  -161.67,    76.7089,    78.33, 5.72652E-007,     8.82,          0,     0.00,          0,     0.00,          0,     0.00,          0,     0.00,          0,     0.00,          0,     0.00
Load.L_FX8503,     114.81,   -41.64,     114.81,  -161.64,     114.81,    78.36, 8.92485E-007,     9.05,          0,     0.00,          0,     0.00,          0,     0.00,          0,     0.00,          0,     0.00,          0,     0.00
Load.L_FZ5926,    172.342,   -41.65,    172.342,  -161.65,    172.342,    78.35, 1.30958E-006,     8.95,          0,     0.00,          0,     0.00,          0,     0.00,          0,     0.00,          0,     0.00,          0,     0.00
Load.L_FZ7002,    77.0924,   -41.72,    77.0924,  -161.72,    77.0924,    78.28, 4.73523E-007,     9.32,          0,     0.00,          0,     0.00,          0,     0.00,          0,     0.00,          0,     0.00,          0,     0.00
Load.L_FX0258,    57.6067,   -41.68,    57.6067,  -161.68,    57.6067,    78.32, 4.07138E-007,     8.87,          0,     0.00,          0,     0.00,          0,     0.00,          0,     0.00,          0,     0.00,          0,     0.00
Load.L_FIC1299,    76.5058,   -41.64,    76.5058,  -161.64,    76.5058,    78.36, 6.03882E-007,     9.08,          0,     0.00,          0,     0.00,          0,     0.00,          0,     0.00,          0,     0.00,          0,     0.00
Load.L_FX0206,    288.824,   -41.71,    288.824,  -161.71,    288.824,    78.29, 1.83579E-006,     9.20,          0,     0.00,          0,     0.00,          0,     0.00,          0,     0.00,          0,     0.00,          0,     0.00
Load.L_FP0909,    172.137,   -41.64,    172.137,  -161.64,    172.137,    78.36, 1.35876E-006,     9.08,          0,     0.00,          0,     0.00,          0,     0.00,          0,     0.00,          0,     0.00,          0,     0.00
Load.L_FP1476,    76.8755,   -41.69,    76.8755,  -161.69,    76.8755,    78.31, 5.22119E-007,     8.94,          0,     0.00,          0,     0.00,          0,     0.00,          0,     0.00,          0,     0.00,          0,     0.00
Load.L_FM0409,    76.8394,   -41.68,    76.8394,  -161.68,    76.8394,    78.32, 5.32999E-007,     8.90,          0,     0.00,          0,     0.00,          0,     0.00,          0,     0.00,          0,     0.00,          0,     0.00
Load.L_FZ1042,     288.29,   -41.69,     288.29,  -161.69,     288.29,    78.31, 1.95546E-006,     8.93,          0,     0.00,          0,     0.00,          0,     0.00,          0,     0.00,          0,     0.00,          0,     0.00
Load.L_FZ6977,    288.117,   -41.68,    288.117,  -161.68,    288.117,    78.32, 2.01081E-006,     8.90,          0,     0.00,          0,     0.00,          0,     0.00,          0,     0.00,          0,     0.00,          0,     0.00
Load.L_FP5957,    76.5072,   -41.64,    76.5072,  -161.64,    76.5072,    78.36, 6.03201E-007,     9.09,          0,     0.00,          0,     0.00,          0,     0.00,          0,     0.00,          0,     0.00,          0,     0.00
Load.L_FIC1252,    114.784,   -41.64,    114.784,  -161.64,    114.784,    78.36, 8.99504E-007,     9.08,          0,     0.00,          0,     0.00,          0,     0.00,          0,     0.00,          0,     0.00,          0,     0.00
Load.L_FT4720,    173.101,   -41.70,    173.101,  -161.70,    173.101,    78.30, 1.14072E-006,     9.08,          0,     0.00,          0,     0.00,          0,     0.00,          0,     0.00,          0,     0.00,          0,     0.00
Load.L_FX3800,     287.17,   -41.65,     287.17,  -161.65,     287.17,    78.35, 2.20428E-006,     8.99,          0,     0.00,          0,     0.00,          0,     0.00,          0,     0.00,          0,     0.00,          0,     0.00
Load.L_FT4540,    172.599,   -41.67,    172.599,  -161.67,    172.599,    78.33, 1.28757E-006,     8.82,          0,     0.00,          0,     0.00,          0,     0.00,          0,     0.00,          0,     0.00,          0,     0.00
Load.L_FM1167,    431.386,   -41.66,    431.386,  -161.66,    431.386,    78.34, 3.1459E-006,     8.87,          0,     0.00,          0,     0.00,          0,     0.00,          0,     0.00,          0,     0.00,          0,     0.00
Load.L_FT4337,    143.832,   -41.67,    143.832,  -161.67,    143.832,    78.33, 1.07298E-006,     8.87,          0,     0.00,          0,     0.00,          0,     0.00,          0,     0.00,          0,     0.00,          0,     0.00
Load.L_FZ1178,    38.4672,   -41.70,    38.4672,  -161.70,    38.4672,    78.30, 2.53551E-007,     9.09,          0,     0.00,          0,     0.00,          0,     0.00,          0,     0.00,          0,     0.00,          0,     0.00
Load.L_FM0467,    172.771,   -41.68,    172.771,  -161.68,    172.771,    78.32, 1.23328E-006,     8.86,          0,     0.00,          0,     0.00,          0,     0.00,          0,     0.00,          0,     0.00,          0,     0.00
Load.L_FZ0352,    172.885,   -41.68,    172.885,  -161.68,    172.885,    78.32, 1.20005E-006,     8.89,          0,     0.00,          0,     0.00,          0,     0.00,          0,     0.00,          0,     0.00,          0,     0.00
Load.L_FX8571,    57.4096,   -41.64,    57.4096,  -161.64,    57.4096,    78.36, 4.4515E-007,     9.04,          0,     0.00,          0,     0.00,          0,     0.00,          0,     0.00,          0,     0.00,          0,     0.00
Load.L_FX2235,    432.656,   -41.70,    432.656,  -161.70,    432.656,    78.30, 2.8811E-006,     9.01,          0,     0.00,          0,     0.00,          0,     0.00,          0,     0.00,          0,     0.00,          0,     0.00
Load.L_FT4707,    76.5923,   -41.65,    76.5923,  -161.65,    76.5923,    78.35, 5.83661E-007,     8.96,          0,     0.00,          0,     0.00,          0,     0.00,          0,     0.00,          0,     0.00,          0,     0.00
Load.L_FP8842,    57.4595,   -41.65,    57.4595,  -161.65,    57.4595,    78.35, 4.34349E-007,     8.94,          0,     0.00,          0,     0.00,          0,     0.00,          0,     0.00,          0,     0.00,          0,     0.00
Load.L_FIC1354,     76.609,   -41.65,     76.609,  -161.65,     76.609,    78.35, 5.79723E-007,     8.94,          0,     0.00,          0,     0.00,          0,     0.00,          0,     0.00,          0,     0.00,          0,     0.00
Load.L_FP0932,    57.5611,   -41.67,    57.5611,  -161.67,    57.5611,    78.33, 4.20814E-007,     8.85,          0,     0.00,          0,     0.00,          0,     0.00,          0,     0.00,          0,     0.00,          0,     0.00
Load.L_FT4553,    57.3816,   -41.64,    57.3816,  -161.64,    57.3816,    78.36, 4.52699E-007,     9.08,          0,     0.00,          0,     0.00,          0,     0.00,          0,     0.00,          0,     0.00,          0,     0.00
Load.L_FIC1311,    114.777,   -41.64,    114.777,  -161.64,    114.777,    78.36, 9.01828E-007,     9.10,          0,     0.00,          0,     0.00,          0,     0.00,          0,     0.00,          0,     0.00,          0,     0.00
Load.L_FZ3218,     38.419,   -41.68,     38.419,  -161.68,     38.419,    78.32, 2.66679E-007,     8.89,          0,     0.00,          0,     0.00,          0,     0.00,          0,     0.00,          0,     0.00,          0,     0.00
Load.L_FZ7535,    57.4649,   -41.65,    57.4649,  -161.65,    57.4649,    78.35, 4.33448E-007,     8.94,          0,     0.00,          0,     0.00,          0,     0.00,          0,     0.00,          0,     0.00,          0,     0.00
Load.L_FT4514,    115.456,   -41.70,    115.456,  -161.70,    115.456,    78.30, 7.50945E-007,     9.09,          0,     0.00,          0,     0.00,          0,     0.00,          0,     0.00,          0,     0.00,          0,     0.00
Load.L_FT4746,    172.994,   -41.69,    172.994,  -161.69,    172.994,    78.31, 1.16594E-006,     9.04,          0,     0.00,          0,     0.00,          0,     0.00,          0,     0.00,          0,     0.00,          0,     0.00
Load.L_FF0617,    115.123,   -41.67,    115.123,  -161.67,    115.123,    78.33, 8.41472E-007,     8.85,          0,     0.00,          0,     0.00,          0,     0.00,          0,     0.00,          0,     0.00,          0,     0.00
Load.L_FX0253,    143.468,   -41.64,    143.468,  -161.64,    143.468,    78.36, 1.12802E-006,     9.10,          0,     0.00,          0,     0.00,          0,     0.00,          0,     0.00,          0,     0.00,          0,     0.00
Load.L_FX4665,    114.856,   -41.65,    114.856,  -161.65,    114.856,    78.35, 8.84457E-007,     9.01,          0,     0.00,          0,     0.00,          0,     0.00,          0,     0.00,          0,     0.00,          0,     0.00
Load.L_FX2167,    76.7838,   -41.68,    76.7838,  -161.68,    76.7838,    78.32, 5.46124E-007,     8.87,          0,     0.00,          0,     0.00,          0,     0.00,          0,     0.00,          0,     0.00,          0,     0.00
Load.L_FIC1266,    76.8364,   -41.68,    76.8364,  -161.68,    76.8364,    78.32, 5.30579E-007,     8.95,          0,     0.00,          0,     0.00,          0,     0.00,          0,     0.00,          0,     0.00,          0,     0.00
Load.L_FP0917,     57.379,   -41.64,     57.379,  -161.64,     57.379,    78.36, 4.5377E-007,     9.08,          0,     0.00,          0,     0.00,          0,     0.00,          0,     0.00,          0,     0.00,          0,     0.00
Load.L_FU4754,     57.607,   -41.68,     57.607,  -161.68,     57.607,    78.32, 4.07085E-007,     8.87,          0,     0.00,          0,     0.00,          0,     0.00,          0,     0.00,          0,     0.00,          0,     0.00
Load.L_FZ4924,    38.3515,   -41.67,    38.3515,  -161.67,    38.3515,    78.33, 2.7947E-007,     8.85,          0,     0.00,          0,     0.00,          0,     0.00,          0,     0.00,          0,     0.00,          0,     0.00
Load.L_FP0925,    287.685,   -41.67,    287.685,  -161.67,    287.685,    78.33, 2.09066E-006,     8.84,          0,     0.00,          0,     0.00,          0,     0.00,          0,     0.00,          0,     0.00,          0,     0.00
Load.L_FP4393,    38.2581,   -41.64,    38.2581,  -161.64,    38.2581,    78.36, 3.00818E-007,     9.10,          0,     0.00,          0,     0.00,          0,     0.00,          0,     0.00,          0,     0.00,          0,     0.00
Load.L_FZ2701,    57.5612,   -41.67,    57.5612,  -161.67,    57.5612,    78.33, 4.20766E-007,     8.85,          0,     0.00,          0,     0.00,          0,     0.00,          0,     0.00,          0,     0.00,          0,     0.00
Load.L_FX4501,    57.6466,   -41.69,    57.6466,  -161.69,    57.6466,    78.31, 3.94633E-007,     8.93,          0,     0.00,          0,     0.00,          0,     0.00,          0,     0.00,          0,     0.00,          0,     0.00
Load.L_FX0998,    172.607,   -41.67,    172.607,  -161.67,    172.607,    78.33, 1.28543E-006,     8.82,          0,     0.00,          0,     0.00,          0,     0.00,          0,     0.00,          0,     0.00,          0,     0.00
Load.L_FF0609,    57.3793,   -41.64,    57.3793,  -161.64,    57.3793,    78.36, 4.53518E-007,     9.08,          0,     0.00,          0,     0.00,          0,     0.00,          0,     0.00,          0,     0.00,          0,     0.00
Load.L_FX2329,     96.338,   -41.72,     96.338,  -161.72,     96.338,    78.28, 5.98611E-007,     9.28,          0,     0.00,          0,     0.00,          0,     0.00,          0,     0.00,          0,     0.00,          0,     0.00
Load.L_FX2129,    172.602,   -41.67,    172.602,  -161.67,    172.602,    78.33, 1.28653E-006,     8.82,          0,     0.00,          0,     0.00,          0,     0.00,          0,     0.00,          0,     0.00,          0,     0.00
Load.L_FP0913,    38.2528,   -41.64,    38.2528,  -161.64,    38.2528,    78.36, 3.02397E-007,     9.08,          0,     0.00,          0,     0.00,          0,     0.00,          0,     0.00,          0,     0.00,          0,     0.00
Load.L_FX2578,    76.5046,   -41.64,    76.5046,  -161.64,    76.5046,    78.36, 6.04723E-007,     9.07,          0,     0.00,          0,     0.00,          0,     0.00,          0,     0.00,          0,     0.00,          0,     0.00
Load.L_FT6096,    115.061,   -41.67,    115.061,  -161.67,    115.061,    78.33, 8.5933E-007,     8.82,          0,     0.00,          0,     0.00,          0,     0.00,          0,     0.00,          0,     0.00,          0,     0.00
Load.L_FZ0575,    57.7083,   -41.70,    57.7083,  -161.70,    57.7083,    78.30, 3.78623E-007,     9.11,          0,     0.00,          0,     0.00,          0,     0.00,          0,     0.00,          0,     0.00,          0,     0.00
Load.L_FX3393,    76.5791,   -41.65,    76.5791,  -161.65,    76.5791,    78.35, 5.87802E-007,     8.99,          0,     0.00,          0,     0.00,          0,     0.00,          0,     0.00,          0,     0.00,          0,     0.00
Load.L_FX8595,    172.427,   -41.66,    172.427,  -161.66,    172.427,    78.34, 1.29363E-006,     8.92,          0,     0.00,          0,     0.00,          0,     0.00,          0,     0.00,          0,     0.00,          0,     0.00
Load.L_FX0252,    76.8647,   -41.69,    76.8647,  -161.69,    76.8647,    78.31, 5.25533E-007,     8.93,          0,     0.00,          0,     0.00,          0,     0.00,          0,     0.00,          0,     0.00,          0,     0.00
Load.L_FP0954,    173.087,   -41.70,    173.087,  -161.70,    173.087,    78.30, 1.14254E-006,     9.10,          0,     0.00,          0,     0.00,          0,     0.00,          0,     0.00,          0,     0.00,          0,     0.00
Load.L_FF0616,    57.5781,   -41.67,    57.5781,  -161.67,    57.5781,    78.33, 4.15396E-007,     8.84,          0,     0.00,          0,     0.00,          0,     0.00,          0,     0.00,          0,     0.00,          0,     0.00
Load.L_FP4396,    57.6485,   -41.69,    57.6485,  -161.69,    57.6485,    78.31, 3.94155E-007,     8.93,          0,     0.00,          0,     0.00,          0,     0.00,          0,     0.00,          0,     0.00,          0,     0.00
Load.L_FM0378F,    114.772,   -41.64,    114.772,  -161.64,    114.772,    78.36, 9.0327E-007,     9.08,          0,     0.00,          0,     0.00,          0,     0.00,          0,     0.00,          0,     0.00,          0,     0.00
Load.L_FT4704,    288.637,   -41.70,    288.637,  -161.70,    288.637,    78.30, 1.87813E-006,     9.09,          0,     0.00,          0,     0.00,          0,     0.00,          0,     0.00,          0,     0.00,          0,     0.00
Load.L_FX5102,    76.5162,   -41.64,    76.5162,  -161.64,    76.5162,    78.36, 6.01621E-007,     9.10,          0,     0.00,          0,     0.00,          0,     0.00,          0,     0.00,          0,     0.00,          0,     0.00
Load.L_FX0204,    77.0203,   -41.71,    77.0203,  -161.71,    77.0203,    78.29, 4.89545E-007,     9.20,          0,     0.00,          0,     0.00,          0,     0.00,          0,     0.00,          0,     0.00,          0,     0.00
Load.L_FT4530,    96.0107,   -41.68,    96.0107,  -161.68,    96.0107,    78.32, 6.78632E-007,     8.86,          0,     0.00,          0,     0.00,          0,     0.00,          0,     0.00,          0,     0.00,          0,     0.00
Load.L_FX2148,    115.213,   -41.68,    115.213,  -161.68,    115.213,    78.32, 8.14331E-007,     8.86,          0,     0.00,          0,     0.00,          0,     0.00,          0,     0.00,          0,     0.00,          0,     0.00
Load.L_FX2946,    57.6485,   -41.69,    57.6485,  -161.69,    57.6485,    78.31, 3.94145E-007,     8.93,          0,     0.00,          0,     0.00,          0,     0.00,          0,     0.00,          0,     0.00,          0,     0.00
Load.L_FX5275,    286.902,   -41.64,    286.902,  -161.64,    286.902,    78.36, 2.26417E-006,     9.08,          0,     0.00,          0,     0.00,          0,     0.00,          0,     0.00,          0,     0.00,          0,     0.00
Load.L_FP1477,    172.577,   -41.66,    172.577,  -161.66,    172.577,    78.34, 1.25755E-006,     8.85,          0,     0.00,          0,     0.00,          0,     0.00,          0,     0.00,          0,     0.00,          0,     0.00
Load.L_FF0624,    76.7206,   -41.67,    76.7206,  -161.67,    76.7206,    78.33, 5.69987E-007,     8.81,          0,     0.00,          0,     0.00,          0,     0.00,          0,     0.00,          0,     0.00,          0,     0.00
Load.L_FX4159,    115.087,   -41.67,    115.087,  -161.67,    115.087,    78.33, 8.53343E-007,     8.80,          0,     0.00,          0,     0.00,          0,     0.00,          0,     0.00,          0,     0.00,          0,     0.00
Load.L_FT4732,    172.154,   -41.64,    172.154,  -161.64,    172.154,    78.36, 1.35463E-006,     9.09,          0,     0.00,          0,     0.00,          0,     0.00,          0,     0.00,          0,     0.00,          0,     0.00
Load.L_FF0655,    289.453,   -41.73,    289.453,  -161.73,    289.453,    78.27, 1.69369E-006,     9.50,          0,     0.00,          0,     0.00,          0,     0.00,          0,     0.00,          0,     0.00,          0,     0.00
Load.L_FP5989,    57.5448,   -41.67,    57.5448,  -161.67,    57.5448,    78.33, 4.26396E-007,     8.80,          0,     0.00,          0,     0.00,          0,     0.00,          0,     0.00,          0,     0.00,          0,     0.00
Load.L_FIC1325,    114.765,   -41.64,    114.765,  -161.64,    114.765,    78.36, 9.03758E-007,     9.09,          0,     0.00,          0,     0.00,          0,     0.00,          0,     0.00,          0,     0.00,          0,     0.00
Load.L_FX2120,    115.112,   -41.67,    115.112,  -161.67,    115.112,    78.33, 8.45598E-007,     8.80,          0,     0.00,          0,     0.00,          0,     0.00,          0,     0.00,          0,     0.00,          0,     0.00
Load.L_FIC1324,     863.39,   -41.67,     863.39,  -161.67,     863.39,    78.33, 6.17568E-006,     8.88,          0,     0.00,          0,     0.00,          0,     0.00,          0,     0.00,          0,     0.00,          0,     0.00
Load.L_FX2356,    57.5502,   -41.67,    57.5502,  -161.67,    57.5502,    78.33, 4.24828E-007,     8.80,          0,     0.00,          0,     0.00,          0,     0.00,          0,     0.00,          0,     0.00,          0,     0.00
Load.L_FX2116,    57.5541,   -41.67,    57.5541,  -161.67,    57.5541,    78.33, 4.23494E-007,     8.80,          0,     0.00,          0,     0.00,          0,     0.00,          0,     0.00,          0,     0.00,          0,     0.00
Load.L_FP6305,    863.333,   -41.67,    863.333,  -161.67,    863.333,    78.33, 6.18551E-006,     8.87,          0,     0.00,          0,     0.00,          0,     0.00,          0,     0.00,          0,     0.00,          0,     0.00
Load.L_FX4158,    57.5648,   -41.67,    57.5648,  -161.67,    57.5648,    78.33, 4.19769E-007,     8.82,          0,     0.00,          0,     0.00,          0,     0.00,          0,     0.00,          0,     0.00,          0,     0.00
Load.L_FF1210,     115.12,   -41.67,     115.12,  -161.67,     115.12,    78.33, 8.4269E-007,     8.80,          0,     0.00,          0,     0.00,          0,     0.00,          0,     0.00,          0,     0.00,          0,     0.00
Load.L_FX8344,    172.745,   -41.68,    172.745,  -161.68,    172.745,    78.32, 1.23652E-006,     8.86,          0,     0.00,          0,     0.00,          0,     0.00,          0,     0.00,          0,     0.00,          0,     0.00
Load.L_FX4290,    57.6303,   -41.68,    57.6303,  -161.68,    57.6303,    78.32, 3.99565E-007,     8.90,          0,     0.00,          0,     0.00,          0,     0.00,          0,     0.00,          0,     0.00,          0,     0.00
Load.L_FZ2491,    172.645,   -41.67,    172.645,  -161.67,    172.645,    78.33, 1.24286E-006,     8.87,          0,     0.00,          0,     0.00,          0,     0.00,          0,     0.00,          0,     0.00,          0,     0.00
Load.L_FZ0594,    863.721,   -41.68,    863.721,  -161.68,    863.721,    78.32, 6.18257E-006,     8.86,          0,     0.00,          0,     0.00,          0,     0.00,          0,     0.00,          0,     0.00,          0,     0.00
Load.L_FX4152,    57.7283,   -41.70,    57.7283,  -161.70,    57.7283,    78.30, 3.75473E-007,     9.09,          0,     0.00,          0,     0.00,          0,     0.00,          0,     0.00,          0,     0.00,          0,     0.00
Load.L_FIC1359,     76.698,   -41.66,     76.698,  -161.66,     76.698,    78.34, 5.58991E-007,     8.86,          0,     0.00,          0,     0.00,          0,     0.00,          0,     0.00,          0,     0.00,          0,     0.00
Load.L_FZ7008,    430.854,   -41.65,    430.854,  -161.65,    430.854,    78.35, 3.27406E-006,     8.95,          0,     0.00,          0,     0.00,          0,     0.00,          0,     0.00,          0,     0.00,          0,     0.00
Load.L_FT4708,    57.6234,   -41.68,    57.6234,  -161.68,    57.6234,    78.32, 4.02172E-007,     8.90,          0,     0.00,          0,     0.00,          0,     0.00,          0,     0.00,          0,     0.00,          0,     0.00
Load.L_FX5452,    57.6077,   -41.68,    57.6077,  -161.68,    57.6077,    78.32, 4.06876E-007,     8.87,          0,     0.00,          0,     0.00,          0,     0.00,          0,     0.00,          0,     0.00,          0,     0.00
Load.L_FX2929,    38.4188,   -41.68,    38.4188,  -161.68,    38.4188,    78.32, 2.66725E-007,     8.90,          0,     0.00,          0,     0.00,          0,     0.00,          0,     0.00,          0,     0.00,          0,     0.00
Load.L_FT4574,    57.5812,   -41.68,    57.5812,  -161.68,    57.5812,    78.32, 4.12336E-007,     8.86,          0,     0.00,          0,     0.00,          0,     0.00,          0,     0.00,          0,     0.00,          0,     0.00
Load.L_FF0619,    57.5334,   -41.67,    57.5334,  -161.67,    57.5334,    78.33, 4.29038E-007,     8.82,          0,     0.00,          0,     0.00,          0,     0.00,          0,     0.00,          0,     0.00,          0,     0.00
Load.L_FP0960,    57.7012,   -41.70,    57.7012,  -161.70,    57.7012,    78.30, 3.80156E-007,     9.09,          0,     0.00,          0,     0.00,          0,     0.00,          0,     0.00,          0,     0.00,          0,     0.00
Load.L_FIC1259,      173.1,   -41.70,      173.1,  -161.70,      173.1,    78.30, 1.14074E-006,     9.08,          0,     0.00,          0,     0.00,          0,     0.00,          0,     0.00,          0,     0.00,          0,     0.00
Load.L_FX2214,    57.5603,   -41.67,    57.5603,  -161.67,    57.5603,    78.33, 4.21345E-007,     8.80,          0,     0.00,          0,     0.00,          0,     0.00,          0,     0.00,          0,     0.00,          0,     0.00
Load.L_FIC1327,     172.14,   -41.64,     172.14,  -161.64,     172.14,    78.36, 1.35711E-006,     9.09,          0,     0.00,          0,     0.00,          0,     0.00,          0,     0.00,          0,     0.00,          0,     0.00
Load.L_FT6094,    115.062,   -41.67,    115.062,  -161.67,    115.062,    78.33, 8.59299E-007,     8.82,          0,     0.00,          0,     0.00,          0,     0.00,          0,     0.00,          0,     0.00,          0,     0.00
Load.L_FX1136,    76.5068,   -41.64,    76.5068,  -161.64,    76.5068,    78.36, 6.03162E-007,     9.09,          0,     0.00,          0,     0.00,          0,     0.00,          0,     0.00,          0,     0.00,          0,     0.00
Load.L_FX2145,    172.746,   -41.68,    172.746,  -161.68,    172.746,    78.32, 1.23635E-006,     8.86,          0,     0.00,          0,     0.00,          0,     0.00,          0,     0.00,          0,     0.00,          0,     0.00
Load.L_FP0903,      286.9,   -41.64,      286.9,  -161.64,      286.9,    78.36, 2.26193E-006,     9.09,          0,     0.00,          0,     0.00,          0,     0.00,          0,     0.00,          0,     0.00,          0,     0.00
Load.L_FIC1365,    288.253,   -41.69,    288.253,  -161.69,    288.253,    78.31, 1.95114E-006,     8.93,          0,     0.00,          0,     0.00,          0,     0.00,          0,     0.00,          0,     0.00,          0,     0.00
Load.L_FIC1213,    95.9688,   -41.68,    95.9688,  -161.68,    95.9688,    78.32, 6.8721E-007,     8.86,          0,     0.00,          0,     0.00,          0,     0.00,          0,     0.00,          0,     0.00,          0,     0.00
Load.L_FX4161,    57.5318,   -41.67,    57.5318,  -161.67,    57.5318,    78.33, 4.29459E-007,     8.82,          0,     0.00,          0,     0.00,          0,     0.00,          0,     0.00,          0,     0.00,          0,     0.00
Load.L_FT4752,    172.967,   -41.69,    172.967,  -161.69,    172.967,    78.31, 1.17486E-006,     8.98,          0,     0.00,          0,     0.00,          0,     0.00,          0,     0.00,          0,     0.00,          0,     0.00
Load.L_FP6171,    76.9447,   -41.70,    76.9447,  -161.70,    76.9447,    78.30, 5.04767E-007,     9.11,          0,     0.00,          0,     0.00,          0,     0.00,          0,     0.00,          0,     0.00,          0,     0.00
Load.L_FX9011,    57.5334,   -41.67,    57.5334,  -161.67,    57.5334,    78.33, 4.29038E-007,     8.82,          0,     0.00,          0,     0.00,          0,     0.00,          0,     0.00,          0,     0.00,          0,     0.00
Load.L_FX2278,    288.428,   -41.69,    288.428,  -161.69,    288.428,    78.31, 1.92378E-006,     9.00,          0,     0.00,          0,     0.00,          0,     0.00,          0,     0.00,          0,     0.00,          0,     0.00
Load.L_FF0628,    57.5341,   -41.67,    57.5341,  -161.67,    57.5341,    78.33, 4.28858E-007,     8.84,          0,     0.00,          0,     0.00,          0,     0.00,          0,     0.00,          0,     0.00,          0,     0.00
Load.L_FT4512,    57.6857,   -41.69,    57.6857,  -161.69,    57.6857,    78.31, 3.84756E-007,     9.00,          0,     0.00,          0,     0.00,          0,     0.00,          0,     0.00,          0,     0.00,          0,     0.00
Load.L_FIC1264,    288.281,   -41.69,    288.281,  -161.69,    288.281,    78.31, 1.95148E-006,     8.94,          0,     0.00,          0,     0.00,          0,     0.00,          0,     0.00,          0,     0.00,          0,     0.00
Load.L_FX4761,    76.7849,   -41.68,    76.7849,  -161.68,    76.7849,    78.32, 5.45405E-007,     8.87,          0,     0.00,          0,     0.00,          0,     0.00,          0,     0.00,          0,     0.00,          0,     0.00
Load.L_FP4289,    172.139,   -41.64,    172.139,  -161.64,    172.139,    78.36, 1.35976E-006,     9.08,          0,     0.00,          0,     0.00,          0,     0.00,          0,     0.00,          0,     0.00,          0,     0.00
Load.L_FT3432,    173.363,   -41.71,    173.363,  -161.71,    173.363,    78.29, 1.0885E-006,     9.24,          0,     0.00,          0,     0.00,          0,     0.00,          0,     0.00,          0,     0.00,          0,     0.00
Load.L_FP8447,    576.292,   -41.68,    576.292,  -161.68,    576.292,    78.32, 3.99839E-006,     8.90,          0,     0.00,          0,     0.00,          0,     0.00,          0,     0.00,          0,     0.00,          0,     0.00
Load.L_FP3973,    115.122,   -41.67,    115.122,  -161.67,    115.122,    78.33, 8.41617E-007,     8.85,          0,     0.00,          0,     0.00,          0,     0.00,          0,     0.00,          0,     0.00,          0,     0.00
Load.L_FX2661,    287.444,   -41.66,    287.444,  -161.66,    287.444,    78.34, 2.13822E-006,     8.91,          0,     0.00,          0,     0.00,          0,     0.00,          0,     0.00,          0,     0.00,          0,     0.00
Load.L_FZ2485,     172.87,   -41.68,     172.87,  -161.68,     172.87,    78.32, 1.20647E-006,     8.89,          0,     0.00,          0,     0.00,          0,     0.00,          0,     0.00,          0,     0.00,          0,     0.00
Load.L_FP1047,    57.3793,   -41.64,    57.3793,  -161.64,    57.3793,    78.36, 4.52906E-007,     9.08,          0,     0.00,          0,     0.00,          0,     0.00,          0,     0.00,          0,     0.00,          0,     0.00
Load.L_FZ2700,    57.5667,   -41.67,    57.5667,  -161.67,    57.5667,    78.33, 4.19141E-007,     8.82,          0,     0.00,          0,     0.00,          0,     0.00,          0,     0.00,          0,     0.00,          0,     0.00
Load.L_FT1871,    172.195,   -41.64,    172.195,  -161.64,    172.195,    78.36, 1.3449E-006,     9.07,          0,     0.00,          0,     0.00,          0,     0.00,          0,     0.00,          0,     0.00,          0,     0.00
Load.L_FX9367,    57.7084,   -41.70,    57.7084,  -161.70,    57.7084,    78.30, 3.78582E-007,     9.11,          0,     0.00,          0,     0.00,          0,     0.00,          0,     0.00,          0,     0.00,          0,     0.00
Load.L_FP3985,    76.7919,   -41.68,    76.7919,  -161.68,    76.7919,    78.32, 5.46854E-007,     8.86,          0,     0.00,          0,     0.00,          0,     0.00,          0,     0.00,          0,     0.00,          0,     0.00
Load.L_FIC1220,    57.6267,   -41.68,    57.6267,  -161.68,    57.6267,    78.32, 4.00205E-007,     8.90,          0,     0.00,          0,     0.00,          0,     0.00,          0,     0.00,          0,     0.00,          0,     0.00
Load.L_FX4746F,    286.904,   -41.64,    286.904,  -161.64,    286.904,    78.36, 2.26404E-006,     9.08,          0,     0.00,          0,     0.00,          0,     0.00,          0,     0.00,          0,     0.00,          0,     0.00
Load.L_FX4289,    57.7076,   -41.70,    57.7076,  -161.70,    57.7076,    78.30, 3.78781E-007,     9.10,          0,     0.00,          0,     0.00,          0,     0.00,          0,     0.00,          0,     0.00,          0,     0.00
Load.L_FP5934,    57.7008,   -41.70,    57.7008,  -161.70,    57.7008,    78.30, 3.80319E-007,     9.09,          0,     0.00,          0,     0.00,          0,     0.00,          0,     0.00,          0,     0.00,          0,     0.00
Load.L_FIC1215,     172.88,   -41.68,     172.88,  -161.68,     172.88,    78.32, 1.20061E-006,     8.90,          0,     0.00,          0,     0.00,          0,     0.00,          0,     0.00,          0,     0.00,          0,     0.00
Load.L_FX0796,    172.135,   -41.64,    172.135,  -161.64,    172.135,    78.36, 1.36062E-006,     9.07,          0,     0.00,          0,     0.00,          0,     0.00,          0,     0.00,          0,     0.00,          0,     0.00
Load.L_FX4153,    57.7082,   -41.70,    57.7082,  -161.70,    57.7082,    78.30, 3.78679E-007,     9.11,          0,     0.00,          0,     0.00,          0,     0.00,          0,     0.00,          0,     0.00,          0,     0.00
Load.L_FZ3668,    172.348,   -41.65,    172.348,  -161.65,    172.348,    78.35, 1.30917E-006,     8.95,          0,     0.00,          0,     0.00,          0,     0.00,          0,     0.00,          0,     0.00,          0,     0.00
Load.L_FP4599,    76.5047,   -41.64,    76.5047,  -161.64,    76.5047,    78.36, 6.04684E-007,     9.07,          0,     0.00,          0,     0.00,          0,     0.00,          0,     0.00,          0,     0.00,          0,     0.00
Load.L_FF0574,    114.793,   -41.64,    114.793,  -161.64,    114.793,    78.36, 8.98069E-007,     9.07,          0,     0.00,          0,     0.00,          0,     0.00,          0,     0.00,          0,     0.00,          0,     0.00
Load.L_FX2218,    57.6584,   -41.69,    57.6584,  -161.69,    57.6584,    78.31, 3.91077E-007,     8.93,          0,     0.00,          0,     0.00,          0,     0.00,          0,     0.00,          0,     0.00,          0,     0.00
Load.L_FP4175,    172.964,   -41.69,    172.964,  -161.69,    172.964,    78.31, 1.17635E-006,     8.94,          0,     0.00,          0,     0.00,          0,     0.00,          0,     0.00,          0,     0.00,          0,     0.00
Load.L_FZ2494,    57.5271,   -41.67,    57.5271,  -161.67,    57.5271,    78.33, 4.19685E-007,     8.80,          0,     0.00,          0,     0.00,          0,     0.00,          0,     0.00,          0,     0.00,          0,     0.00
Load.L_FT1941,     76.748,   -41.67,     76.748,  -161.67,     76.748,    78.33, 5.61114E-007,     8.86,          0,     0.00,          0,     0.00,          0,     0.00,          0,     0.00,          0,     0.00,          0,     0.00
Load.L_FX0646,     57.625,   -41.68,     57.625,  -161.68,     57.625,    78.32, 4.01812E-007,     8.90,          0,     0.00,          0,     0.00,          0,     0.00,          0,     0.00,          0,     0.00,          0,     0.00
Load.L_FP0935,    115.122,   -41.67,    115.122,  -161.67,    115.122,    78.33, 8.4173E-007,     8.86,          0,     0.00,          0,     0.00,          0,     0.00,          0,     0.00,          0,     0.00,          0,     0.00
Load.L_FT6092,    57.5315,   -41.67,    57.5315,  -161.67,    57.5315,    78.33, 4.29518E-007,     8.82,          0,     0.00,          0,     0.00,          0,     0.00,          0,     0.00,          0,     0.00,          0,     0.00
Load.L_FZ3625,     172.14,   -41.64,     172.14,  -161.64,     172.14,    78.36, 1.35721E-006,     9.09,          0,     0.00,          0,     0.00,          0,     0.00,          0,     0.00,          0,     0.00,          0,     0.00
Load.L_FP4717,    95.9686,   -41.68,    95.9686,  -161.68,    95.9686,    78.32, 6.87243E-007,     8.86,          0,     0.00,          0,     0.00,          0,     0.00,          0,     0.00,          0,     0.00,          0,     0.00
Load.L_FT4526,    430.352,   -41.64,    430.352,  -161.64,    430.352,    78.36, 3.39261E-006,     9.09,          0,     0.00,          0,     0.00,          0,     0.00,          0,     0.00,          0,     0.00,          0,     0.00
Load.L_FX0938,    38.3548,   -41.67,    38.3548,  -161.67,    38.3548,    78.33, 2.86256E-007,     8.82,          0,     0.00,          0,     0.00,          0,     0.00,          0,     0.00,          0,     0.00,          0,     0.00
Load.L_FM1323,    172.143,   -41.64,    172.143,  -161.64,    172.143,    78.36, 1.35643E-006,     9.09,          0,     0.00,          0,     0.00,          0,     0.00,          0,     0.00,          0,     0.00,          0,     0.00
Load.L_FZ9202,    38.3609,   -41.67,    38.3609,  -161.67,    38.3609,    78.33, 2.77463E-007,     8.86,          0,     0.00,          0,     0.00,          0,     0.00,          0,     0.00,          0,     0.00,          0,     0.00
Load.L_FZ7001,    77.1516,   -41.73,    77.1516,  -161.73,    77.1516,    78.27, 4.61347E-007,     9.42,          0,     0.00,          0,     0.00,          0,     0.00,          0,     0.00,          0,     0.00,          0,     0.00
Load.L_FX3541,    57.5337,   -41.67,    57.5337,  -161.67,    57.5337,    78.33, 4.28944E-007,     8.82,          0,     0.00,          0,     0.00,          0,     0.00,          0,     0.00,          0,     0.00,          0,     0.00
Load.L_FIC1329,    95.9685,   -41.68,    95.9685,  -161.68,    95.9685,    78.32, 6.87268E-007,     8.86,          0,     0.00,          0,     0.00,          0,     0.00,          0,     0.00,          0,     0.00,          0,     0.00
Load.L_FIC1335,    115.257,   -41.68,    115.257,  -161.68,    115.257,    78.32, 8.00264E-007,     8.89,          0,     0.00,          0,     0.00,          0,     0.00,          0,     0.00,          0,     0.00,          0,     0.00
Load.L_FZ6420,    38.4405,   -41.69,    38.4405,  -161.69,    38.4405,    78.31, 2.60179E-007,     8.95,          0,     0.00,          0,     0.00,          0,     0.00,          0,     0.00,          0,     0.00,          0,     0.00
Load.L_FZ2056,      172.8,   -41.68,      172.8,  -161.68,      172.8,    78.32, 1.21176E-006,     8.91,          0,     0.00,          0,     0.00,          0,     0.00,          0,     0.00,          0,     0.00,          0,     0.00
Load.L_FX4255,    57.3922,   -41.64,    57.3922,  -161.64,    57.3922,    78.36, 4.49752E-007,     9.08,          0,     0.00,          0,     0.00,          0,     0.00,          0,     0.00,          0,     0.00,          0,     0.00
Load.L_FX3836,     76.528,   -41.64,     76.528,  -161.64,     76.528,    78.36, 5.98741E-007,     9.07,          0,     0.00,          0,     0.00,          0,     0.00,          0,     0.00,          0,     0.00,          0,     0.00
Load.L_FIC1207,    96.1159,   -41.69,    96.1159,  -161.69,    96.1159,    78.31, 6.47105E-007,     8.98,          0,     0.00,          0,     0.00,          0,     0.00,          0,     0.00,          0,     0.00,          0,     0.00
Load.L_FX0738,     172.88,   -41.68,     172.88,  -161.68,     172.88,    78.32, 1.20061E-006,     8.90,          0,     0.00,          0,     0.00,          0,     0.00,          0,     0.00,          0,     0.00,          0,     0.00
Load.L_FIC1210,    288.248,   -41.69,    288.248,  -161.69,    288.248,    78.31, 1.95095E-006,     8.93,          0,     0.00,          0,     0.00,          0,     0.00,          0,     0.00,          0,     0.00,          0,     0.00
Load.L_FX4746,    172.143,   -41.64,    172.143,  -161.64,    172.143,    78.36, 1.35838E-006,     9.08,          0,     0.00,          0,     0.00,          0,     0.00,          0,     0.00,          0,     0.00,          0,     0.00
Load.L_FT4308,    57.3961,   -41.64,    57.3961,  -161.64,    57.3961,    78.36, 4.49056E-007,     9.07,          0,     0.00,          0,     0.00,          0,     0.00,          0,     0.00,          0,     0.00,          0,     0.00
Load.L_FIC1304,    38.4597,   -41.70,    38.4597,  -161.70,    38.4597,    78.30, 2.55106E-007,     9.09,          0,     0.00,          0,     0.00,          0,     0.00,          0,     0.00,          0,     0.00,          0,     0.00
Load.L_FP7441,    172.158,   -41.64,    172.158,  -161.64,    172.158,    78.36, 1.3549E-006,     9.08,          0,     0.00,          0,     0.00,          0,     0.00,          0,     0.00,          0,     0.00,          0,     0.00
Load.L_FP0948,    57.6064,   -41.68,    57.6064,  -161.68,    57.6064,    78.32, 4.07179E-007,     8.86,          0,     0.00,          0,     0.00,          0,     0.00,          0,     0.00,          0,     0.00,          0,     0.00
Load.L_FZ2492,    57.5244,   -41.66,    57.5244,  -161.66,    57.5244,    78.34, 4.1963E-007,     8.84,          0,     0.00,          0,     0.00,          0,     0.00,          0,     0.00,          0,     0.00,          0,     0.00
Load.L_FX3717,    77.0249,   -41.71,    77.0249,  -161.71,    77.0249,    78.29, 4.88637E-007,     9.21,          0,     0.00,          0,     0.00,          0,     0.00,          0,     0.00,          0,     0.00,          0,     0.00
Load.L_FX2951,    38.2587,   -41.64,    38.2587,  -161.64,    38.2587,    78.36, 3.00774E-007,     9.09,          0,     0.00,          0,     0.00,          0,     0.00,          0,     0.00,          0,     0.00,          0,     0.00
Load.L_FIC1309,    57.6579,   -41.69,    57.6579,  -161.69,    57.6579,    78.31, 3.90491E-007,     9.02,          0,     0.00,          0,     0.00,          0,     0.00,          0,     0.00,          0,     0.00,          0,     0.00
Load.L_FP1062,    57.3889,   -41.64,    57.3889,  -161.64,    57.3889,    78.36, 4.50848E-007,     9.09,          0,     0.00,          0,     0.00,          0,     0.00,          0,     0.00,          0,     0.00,          0,     0.00
Load.L_FX2135,    96.0107,   -41.68,    96.0107,  -161.68,    96.0107,    78.32, 6.78626E-007,     8.86,          0,     0.00,          0,     0.00,          0,     0.00,          0,     0.00,          0,     0.00,          0,     0.00
Load.L_FX9367F,    57.7086,   -41.70,    57.7086,  -161.70,    57.7086,    78.30, 3.78517E-007,     9.11,          0,     0.00,          0,     0.00,          0,     0.00,          0,     0.00,          0,     0.00,          0,     0.00
Load.L_FF0682,    57.6265,   -41.68,    57.6265,  -161.68,    57.6265,    78.32, 4.00204E-007,     8.90,          0,     0.00,          0,     0.00,          0,     0.00,          0,     0.00,          0,     0.00,          0,     0.00
Load.L_FF0642,    57.6273,   -41.68,    57.6273,  -161.68,    57.6273,    78.32, 3.97966E-007,     8.95,          0,     0.00,          0,     0.00,          0,     0.00,          0,     0.00,          0,     0.00,          0,     0.00
Load.L_FP4290,    57.5317,   -41.67,    57.5317,  -161.67,    57.5317,    78.33, 4.29459E-007,     8.82,          0,     0.00,          0,     0.00,          0,     0.00,          0,     0.00,          0,     0.00,          0,     0.00
Load.L_FZ9396,    76.5197,   -41.64,    76.5197,  -161.64,    76.5197,    78.36, 6.00659E-007,     9.09,          0,     0.00,          0,     0.00,          0,     0.00,          0,     0.00,          0,     0.00,          0,     0.00
Load.L_FX0651,    76.7889,   -41.68,    76.7889,  -161.68,    76.7889,    78.32, 5.47501E-007,     8.86,          0,     0.00,          0,     0.00,          0,     0.00,          0,     0.00,          0,     0.00,          0,     0.00
Load.L_FP4697,    173.009,   -41.69,    173.009,  -161.69,    173.009,    78.31, 1.16482E-006,     8.98,          0,     0.00,          0,     0.00,          0,     0.00,          0,     0.00,          0,     0.00,          0,     0.00
Load.L_FZ0374,    57.7008,   -41.70,    57.7008,  -161.70,    57.7008,    78.30, 3.80321E-007,     9.09,          0,     0.00,          0,     0.00,          0,     0.00,          0,     0.00,          0,     0.00,          0,     0.00
Load.L_FIC1226,     288.25,   -41.69,     288.25,  -161.69,     288.25,    78.31, 1.95106E-006,     8.93,          0,     0.00,          0,     0.00,          0,     0.00,          0,     0.00,          0,     0.00,          0,     0.00
Load.L_FM0148,    76.7774,   -41.68,    76.7774,  -161.68,    76.7774,    78.32, 5.43646E-007,     8.89,          0,     0.00,          0,     0.00,          0,     0.00,          0,     0.00,          0,     0.00,          0,     0.00
Load.L_FP1769,    57.7085,   -41.70,    57.7085,  -161.70,    57.7085,    78.30, 3.78575E-007,     9.11,          0,     0.00,          0,     0.00,          0,     0.00,          0,     0.00,          0,     0.00,          0,     0.00
Load.L_FP0961,    57.7005,   -41.70,    57.7005,  -161.70,    57.7005,    78.30, 3.80232E-007,     9.08,          0,     0.00,          0,     0.00,          0,     0.00,          0,     0.00,          0,     0.00,          0,     0.00
Load.L_FZ1308,     96.046,   -41.68,     96.046,  -161.68,     96.046,    78.32, 6.67024E-007,     8.90,          0,     0.00,          0,     0.00,          0,     0.00,          0,     0.00,          0,     0.00,          0,     0.00
Load.L_FIC1237,    288.254,   -41.69,    288.254,  -161.69,    288.254,    78.31, 1.95116E-006,     8.93,          0,     0.00,          0,     0.00,          0,     0.00,          0,     0.00,          0,     0.00,          0,     0.00
Load.L_FX5299,    57.4473,   -41.65,    57.4473,  -161.65,    57.4473,    78.35, 4.36542E-007,     8.95,          0,     0.00,          0,     0.00,          0,     0.00,          0,     0.00,          0,     0.00,          0,     0.00
Load.L_FP3435,    114.784,   -41.64,    114.784,  -161.64,    114.784,    78.36, 8.99504E-007,     9.08,          0,     0.00,          0,     0.00,          0,     0.00,          0,     0.00,          0,     0.00,          0,     0.00
Load.L_FZ0706,    57.4812,   -41.66,    57.4812,  -161.66,    57.4812,    78.34, 4.29862E-007,     8.91,          0,     0.00,          0,     0.00,          0,     0.00,          0,     0.00,          0,     0.00,          0,     0.00
Load.L_FIC1228,    38.3991,   -41.68,    38.3991,  -161.68,    38.3991,    78.32, 2.72759E-007,     8.86,          0,     0.00,          0,     0.00,          0,     0.00,          0,     0.00,          0,     0.00,          0,     0.00
Load.L_FP0908,    172.144,   -41.64,    172.144,  -161.64,    172.144,    78.36, 1.35825E-006,     9.08,          0,     0.00,          0,     0.00,          0,     0.00,          0,     0.00,          0,     0.00,          0,     0.00
Load.L_FP3539,    57.6274,   -41.68,    57.6274,  -161.68,    57.6274,    78.32, 4.00247E-007,     8.91,          0,     0.00,          0,     0.00,          0,     0.00,          0,     0.00,          0,     0.00,          0,     0.00
Load.L_FX2657,    286.892,   -41.64,    286.892,  -161.64,    286.892,    78.36, 2.26756E-006,     9.07,          0,     0.00,          0,     0.00,          0,     0.00,          0,     0.00,          0,     0.00,          0,     0.00
Load.L_FX3665,    57.5308,   -41.67,    57.5308,  -161.67,    57.5308,    78.33, 4.29665E-007,     8.82,          0,     0.00,          0,     0.00,          0,     0.00,          0,     0.00,          0,     0.00,          0,     0.00
Load.L_FX0674,    172.561,   -41.66,    172.561,  -161.66,    172.561,    78.34, 1.25814E-006,     8.86,          0,     0.00,          0,     0.00,          0,     0.00,          0,     0.00,          0,     0.00,          0,     0.00
Load.L_FP7641,    288.291,   -41.69,    288.291,  -161.69,    288.291,    78.31, 1.9521E-006,     9.02,          0,     0.00,          0,     0.00,          0,     0.00,          0,     0.00,          0,     0.00,          0,     0.00
Load.L_FP3835,    57.6065,   -41.68,    57.6065,  -161.68,    57.6065,    78.32, 4.07172E-007,     8.86,          0,     0.00,          0,     0.00,          0,     0.00,          0,     0.00,          0,     0.00,          0,     0.00
Load.L_FZ5767,     288.29,   -41.69,     288.29,  -161.69,     288.29,    78.31, 1.95245E-006,     9.02,          0,     0.00,          0,     0.00,          0,     0.00,          0,     0.00,          0,     0.00,          0,     0.00
Load.L_FP5672F,    286.946,   -41.64,    286.946,  -161.64,    286.946,    78.36, 2.25385E-006,     9.09,          0,     0.00,          0,     0.00,          0,     0.00,          0,     0.00,          0,     0.00,          0,     0.00
Load.L_FP1048,    115.121,   -41.67,    115.121,  -161.67,    115.121,    78.33, 8.4267E-007,     8.81,          0,     0.00,          0,     0.00,          0,     0.00,          0,     0.00,          0,     0.00,          0,     0.00
Load.L_FZ5107,    286.945,   -41.64,    286.945,  -161.64,    286.945,    78.36, 2.25401E-006,     9.09,          0,     0.00,          0,     0.00,          0,     0.00,          0,     0.00,          0,     0.00,          0,     0.00
Load.L_FZ2046,    57.3887,   -41.64,    57.3887,  -161.64,    57.3887,    78.36, 4.5086E-007,     9.10,          0,     0.00,          0,     0.00,          0,     0.00,          0,     0.00,          0,     0.00,          0,     0.00
Load.L_FX2727,    57.3885,   -41.64,    57.3885,  -161.64,    57.3885,    78.36, 4.50887E-007,     9.10,          0,     0.00,          0,     0.00,          0,     0.00,          0,     0.00,          0,     0.00,          0,     0.00
Load.L_FIC1360,    288.283,   -41.69,    288.283,  -161.69,    288.283,    78.31, 1.95147E-006,     8.94,          0,     0.00,          0,     0.00,          0,     0.00,          0,     0.00,          0,     0.00,          0,     0.00
Load.L_FX1604,    115.408,   -41.70,    115.408,  -161.70,    115.408,    78.30, 7.60497E-007,     9.04,          0,     0.00,          0,     0.00,          0,     0.00,          0,     0.00,          0,     0.00,          0,     0.00
Load.L_FX1603,    115.409,   -41.70,    115.409,  -161.70,    115.409,    78.30, 7.60498E-007,     9.04,          0,     0.00,          0,     0.00,          0,     0.00,          0,     0.00,          0,     0.00,          0,     0.00
Load.L_FT7531,    287.588,   -41.66,    287.588,  -161.66,    287.588,    78.34, 2.09732E-006,     8.87,          0,     0.00,          0,     0.00,          0,     0.00,          0,     0.00,          0,     0.00,          0,     0.00
Load.L_FT4516,    57.6446,   -41.69,    57.6446,  -161.69,    57.6446,    78.31, 3.95596E-007,     8.92,          0,     0.00,          0,     0.00,          0,     0.00,          0,     0.00,          0,     0.00,          0,     0.00
Load.L_FT6088,     173.34,   -41.71,     173.34,  -161.71,     173.34,    78.29, 1.09287E-006,     9.23,          0,     0.00,          0,     0.00,          0,     0.00,          0,     0.00,          0,     0.00,          0,     0.00
Load.L_FIC1269,    38.4285,   -41.69,    38.4285,  -161.69,    38.4285,    78.31, 2.64055E-007,     8.92,          0,     0.00,          0,     0.00,          0,     0.00,          0,     0.00,          0,     0.00,          0,     0.00
Load.L_FP4339,     286.98,   -41.64,     286.98,  -161.64,     286.98,    78.36, 2.24528E-006,     9.07,          0,     0.00,          0,     0.00,          0,     0.00,          0,     0.00,          0,     0.00,          0,     0.00
Load.L_FT4307,    57.6601,   -41.69,    57.6601,  -161.69,    57.6601,    78.31, 3.90592E-007,     8.94,          0,     0.00,          0,     0.00,          0,     0.00,          0,     0.00,          0,     0.00,          0,     0.00
Load.L_FP4729,    76.7029,   -41.67,    76.7029,  -161.67,    76.7029,    78.33, 5.5894E-007,     8.85,          0,     0.00,          0,     0.00,          0,     0.00,          0,     0.00,          0,     0.00,          0,     0.00
Load.L_FX4123,    57.6601,   -41.69,    57.6601,  -161.69,    57.6601,    78.31, 3.90592E-007,     8.94,          0,     0.00,          0,     0.00,          0,     0.00,          0,     0.00,          0,     0.00,          0,     0.00
Load.L_FX4729,    76.6719,   -41.66,    76.6719,  -161.66,    76.6719,    78.34, 5.65233E-007,     8.87,          0,     0.00,          0,     0.00,          0,     0.00,          0,     0.00,          0,     0.00,          0,     0.00
Load.L_FP5949,    38.4396,   -41.69,    38.4396,  -161.69,    38.4396,    78.31, 2.60538E-007,     8.94,          0,     0.00,          0,     0.00,          0,     0.00,          0,     0.00,          0,     0.00,          0,     0.00
Load.L_FZ2488,    76.7811,   -41.68,    76.7811,  -161.68,    76.7811,    78.32, 5.48274E-007,     8.87,          0,     0.00,          0,     0.00,          0,     0.00,          0,     0.00,          0,     0.00,          0,     0.00
Load.L_FIC1272,     76.506,   -41.64,     76.506,  -161.64,     76.506,    78.36, 6.04345E-007,     9.08,          0,     0.00,          0,     0.00,          0,     0.00,          0,     0.00,          0,     0.00,          0,     0.00
Load.L_FX0209,    57.6273,   -41.68,    57.6273,  -161.68,    57.6273,    78.32, 3.97966E-007,     8.95,          0,     0.00,          0,     0.00,          0,     0.00,          0,     0.00,          0,     0.00,          0,     0.00
Load.L_FZ1960,    57.7082,   -41.70,    57.7082,  -161.70,    57.7082,    78.30, 3.78623E-007,     9.11,          0,     0.00,          0,     0.00,          0,     0.00,          0,     0.00,          0,     0.00,          0,     0.00
Load.L_FP0957,    173.109,   -41.70,    173.109,  -161.70,    173.109,    78.30, 1.13922E-006,     9.09,          0,     0.00,          0,     0.00,          0,     0.00,          0,     0.00,          0,     0.00,          0,     0.00
Load.L_FP0949,    38.4044,   -41.68,    38.4044,  -161.68,    38.4044,    78.32, 2.71444E-007,     8.86,          0,     0.00,          0,     0.00,          0,     0.00,          0,     0.00,          0,     0.00,          0,     0.00
Load.L_FX5486,    57.3871,   -41.64,    57.3871,  -161.64,    57.3871,    78.36, 4.51227E-007,     9.10,          0,     0.00,          0,     0.00,          0,     0.00,          0,     0.00,          0,     0.00,          0,     0.00
Load.L_FX8501,    114.809,   -41.64,    114.809,  -161.64,    114.809,    78.36, 8.92482E-007,     9.05,          0,     0.00,          0,     0.00,          0,     0.00,          0,     0.00,          0,     0.00,          0,     0.00
Load.L_FP1063,    57.5772,   -41.67,    57.5772,  -161.67,    57.5772,    78.33, 4.15591E-007,     8.84,          0,     0.00,          0,     0.00,          0,     0.00,          0,     0.00,          0,     0.00,          0,     0.00
Load.L_FIC1312,    173.305,   -41.71,    173.305,  -161.71,    173.305,    78.29, 1.09943E-006,     9.21,          0,     0.00,          0,     0.00,          0,     0.00,          0,     0.00,          0,     0.00,          0,     0.00
Load.L_FP5542,    114.775,   -41.64,    114.775,  -161.64,    114.775,    78.36, 9.02359E-007,     9.10,          0,     0.00,          0,     0.00,          0,     0.00,          0,     0.00,          0,     0.00,          0,     0.00
Load.L_FT4565,    96.5397,   -41.74,    96.5397,  -161.74,    96.5397,    78.26, 5.40316E-007,     9.67,          0,     0.00,          0,     0.00,          0,     0.00,          0,     0.00,          0,     0.00,          0,     0.00
Load.L_FX2215,    57.5582,   -41.67,    57.5582,  -161.67,    57.5582,    78.33, 4.22079E-007,     8.80,          0,     0.00,          0,     0.00,          0,     0.00,          0,     0.00,          0,     0.00,          0,     0.00
Load.L_FP1390,    57.3872,   -41.64,    57.3872,  -161.64,    57.3872,    78.36, 4.51209E-007,     9.10,          0,     0.00,          0,     0.00,          0,     0.00,          0,     0.00,          0,     0.00,          0,     0.00
Load.L_FX2289,    57.5509,   -41.67,    57.5509,  -161.67,    57.5509,    78.33, 4.24613E-007,     8.80,          0,     0.00,          0,     0.00,          0,     0.00,          0,     0.00,          0,     0.00,          0,     0.00
Load.L_FIC1373,     76.937,   -41.70,     76.937,  -161.70,     76.937,    78.30, 5.08037E-007,     9.04,          0,     0.00,          0,     0.00,          0,     0.00,          0,     0.00,          0,     0.00,          0,     0.00
Load.L_FIC1147,    114.806,   -41.64,    114.806,  -161.64,    114.806,    78.36, 8.93876E-007,     9.05,          0,     0.00,          0,     0.00,          0,     0.00,          0,     0.00,          0,     0.00,          0,     0.00
Load.L_FX2287,    144.263,   -41.70,    144.263,  -161.70,    144.263,    78.30, 9.50453E-007,     9.04,          0,     0.00,          0,     0.00,          0,     0.00,          0,     0.00,          0,     0.00,          0,     0.00
Load.L_FZ0752,    286.901,   -41.64,    286.901,  -161.64,    286.901,    78.36, 2.26094E-006,     9.10,          0,     0.00,          0,     0.00,          0,     0.00,          0,     0.00,          0,     0.00,          0,     0.00
Load.L_FZ1784,    57.5375,   -41.67,    57.5375,  -161.67,    57.5375,    78.33, 4.17615E-007,     8.85,          0,     0.00,          0,     0.00,          0,     0.00,          0,     0.00,          0,     0.00,          0,     0.00
Load.L_FIC1331,    57.5829,   -41.68,    57.5829,  -161.68,    57.5829,    78.32, 4.1198E-007,     8.86,          0,     0.00,          0,     0.00,          0,     0.00,          0,     0.00,          0,     0.00,          0,     0.00
Load.L_FZ0516,     172.14,   -41.64,     172.14,  -161.64,     172.14,    78.36, 1.3566E-006,     9.10,          0,     0.00,          0,     0.00,          0,     0.00,          0,     0.00,          0,     0.00,          0,     0.00
Load.L_FX9765,    288.292,   -41.69,    288.292,  -161.69,    288.292,    78.31, 1.95211E-006,     9.02,          0,     0.00,          0,     0.00,          0,     0.00,          0,     0.00,          0,     0.00,          0,     0.00
Load.L_FP5556,    143.992,   -41.68,    143.992,  -161.68,    143.992,    78.32, 1.01126E-006,     8.90,          0,     0.00,          0,     0.00,          0,     0.00,          0,     0.00,          0,     0.00,          0,     0.00
Load.L_FIC1238,    76.9337,   -41.70,    76.9337,  -161.70,    76.9337,    78.30, 5.06996E-007,     9.08,          0,     0.00,          0,     0.00,          0,     0.00,          0,     0.00,          0,     0.00,          0,     0.00
Load.L_FX2219,    57.6584,   -41.69,    57.6584,  -161.69,    57.6584,    78.31, 3.91077E-007,     8.93,          0,     0.00,          0,     0.00,          0,     0.00,          0,     0.00,          0,     0.00,          0,     0.00
Load.L_FIC1230,    172.184,   -41.64,    172.184,  -161.64,    172.184,    78.36, 1.34804E-006,     9.08,          0,     0.00,          0,     0.00,          0,     0.00,          0,     0.00,          0,     0.00,          0,     0.00
Load.L_FX2133,    115.202,   -41.68,    115.202,  -161.68,    115.202,    78.32, 8.16778E-007,     8.87,          0,     0.00,          0,     0.00,          0,     0.00,          0,     0.00,          0,     0.00,          0,     0.00
Load.L_FF0689,    96.1806,   -41.70,    96.1806,  -161.70,    96.1806,    78.30, 6.30997E-007,     9.11,          0,     0.00,          0,     0.00,          0,     0.00,          0,     0.00,          0,     0.00,          0,     0.00
Load.L_FX2293,    57.5318,   -41.67,    57.5318,  -161.67,    57.5318,    78.33, 4.29459E-007,     8.82,          0,     0.00,          0,     0.00,          0,     0.00,          0,     0.00,          0,     0.00,          0,     0.00
Load.L_FIC1217,    288.248,   -41.69,    288.248,  -161.69,    288.248,    78.31, 1.95095E-006,     8.93,          0,     0.00,          0,     0.00,          0,     0.00,          0,     0.00,          0,     0.00,          0,     0.00
Load.L_FT5509,    38.3262,   -41.66,    38.3262,  -161.66,    38.3262,    78.34, 2.85089E-007,     8.90,          0,     0.00,          0,     0.00,          0,     0.00,          0,     0.00,          0,     0.00,          0,     0.00
Load.L_FT4559,    286.992,   -41.64,    286.992,  -161.64,    286.992,    78.36, 2.24151E-006,     9.07,          0,     0.00,          0,     0.00,          0,     0.00,          0,     0.00,          0,     0.00,          0,     0.00
Load.L_FT4551,    144.271,   -41.70,    144.271,  -161.70,    144.271,    78.30, 9.46374E-007,     9.11,          0,     0.00,          0,     0.00,          0,     0.00,          0,     0.00,          0,     0.00,          0,     0.00
Load.L_FX4280,    57.6072,   -41.68,    57.6072,  -161.68,    57.6072,    78.32, 4.07056E-007,     8.87,          0,     0.00,          0,     0.00,          0,     0.00,          0,     0.00,          0,     0.00,          0,     0.00
Load.L_FP4677,    38.2594,   -41.64,    38.2594,  -161.64,    38.2594,    78.36, 3.00463E-007,     9.09,          0,     0.00,          0,     0.00,          0,     0.00,          0,     0.00,          0,     0.00,          0,     0.00
Load.L_FP3273,    38.5327,   -41.72,    38.5327,  -161.72,    38.5327,    78.28, 2.40417E-007,     9.26,          0,     0.00,          0,     0.00,          0,     0.00,          0,     0.00,          0,     0.00,          0,     0.00
Load.L_FX4536,    76.7821,   -41.68,    76.7821,  -161.68,    76.7821,    78.32, 5.47557E-007,     8.87,          0,     0.00,          0,     0.00,          0,     0.00,          0,     0.00,          0,     0.00,          0,     0.00
Load.L_FP0939,    76.7315,   -41.67,    76.7315,  -161.67,    76.7315,    78.33, 5.67194E-007,     8.80,          0,     0.00,          0,     0.00,          0,     0.00,          0,     0.00,          0,     0.00,          0,     0.00
Load.L_FP0938,    57.5488,   -41.67,    57.5488,  -161.67,    57.5488,    78.33, 4.25329E-007,     8.80,          0,     0.00,          0,     0.00,          0,     0.00,          0,     0.00,          0,     0.00,          0,     0.00
Load.L_FF0345,    115.172,   -41.68,    115.172,  -161.68,    115.172,    78.32, 8.23574E-007,     8.86,          0,     0.00,          0,     0.00,          0,     0.00,          0,     0.00,          0,     0.00,          0,     0.00
Load.L_FP0940,    76.7315,   -41.67,    76.7315,  -161.67,    76.7315,    78.33, 5.672E-007,     8.80,          0,     0.00,          0,     0.00,          0,     0.00,          0,     0.00,          0,     0.00,          0,     0.00
Load.L_FIC1319,    96.0965,   -41.69,    96.0965,  -161.69,    96.0965,    78.31, 6.50818E-007,     9.02,          0,     0.00,          0,     0.00,          0,     0.00,          0,     0.00,          0,     0.00,          0,     0.00
Load.L_FP0900,    57.3878,   -41.64,    57.3878,  -161.64,    57.3878,    78.36, 4.50974E-007,     9.08,          0,     0.00,          0,     0.00,          0,     0.00,          0,     0.00,          0,     0.00,          0,     0.00
Load.L_FZ1012,    172.636,   -41.67,    172.636,  -161.67,    172.636,    78.33, 1.27884E-006,     8.79,          0,     0.00,          0,     0.00,          0,     0.00,          0,     0.00,          0,     0.00,          0,     0.00
Load.L_FZ3480,    38.6299,   -41.74,    38.6299,  -161.74,    38.6299,    78.26, 2.16094E-007,     9.68,          0,     0.00,          0,     0.00,          0,     0.00,          0,     0.00,          0,     0.00,          0,     0.00
Load.L_FP0898,    57.3878,   -41.64,    57.3878,  -161.64,    57.3878,    78.36, 4.50946E-007,     9.09,          0,     0.00,          0,     0.00,          0,     0.00,          0,     0.00,          0,     0.00,          0,     0.00
Load.L_FZ1013,    57.5452,   -41.67,    57.5452,  -161.67,    57.5452,    78.33, 4.26279E-007,     8.79,          0,     0.00,          0,     0.00,          0,     0.00,          0,     0.00,          0,     0.00,          0,     0.00
Load.L_FZ1687,     172.16,   -41.64,     172.16,  -161.64,     172.16,    78.36, 1.35343E-006,     9.09,          0,     0.00,          0,     0.00,          0,     0.00,          0,     0.00,          0,     0.00,          0,     0.00
Load.L_FT4756,    77.2236,   -41.74,    77.2236,  -161.74,    77.2236,    78.26, 4.39567E-007,     9.61,          0,     0.00,          0,     0.00,          0,     0.00,          0,     0.00,          0,     0.00,          0,     0.00
Load.L_FP0943,    115.081,   -41.67,    115.081,  -161.67,    115.081,    78.33, 8.54965E-007,     8.81,          0,     0.00,          0,     0.00,          0,     0.00,          0,     0.00,          0,     0.00,          0,     0.00
Load.L_FX5490,    172.177,   -41.64,    172.177,  -161.64,    172.177,    78.36, 1.34921E-006,     9.08,          0,     0.00,          0,     0.00,          0,     0.00,          0,     0.00,          0,     0.00,          0,     0.00
Load.L_FP1609,    76.9336,   -41.70,    76.9336,  -161.70,    76.9336,    78.30, 5.06995E-007,     9.08,          0,     0.00,          0,     0.00,          0,     0.00,          0,     0.00,          0,     0.00,          0,     0.00
Load.L_FX2548,    57.4052,   -41.64,    57.4052,  -161.64,    57.4052,    78.36, 4.46233E-007,     9.05,          0,     0.00,          0,     0.00,          0,     0.00,          0,     0.00,          0,     0.00,          0,     0.00
Load.L_FT1997,    115.411,   -41.70,    115.411,  -161.70,    115.411,    78.30, 7.58468E-007,     9.10,          0,     0.00,          0,     0.00,          0,     0.00,          0,     0.00,          0,     0.00,          0,     0.00
Load.L_FF0652,    96.1749,   -41.70,    96.1749,  -161.70,    96.1749,    78.30, 6.33724E-007,     9.04,          0,     0.00,          0,     0.00,          0,     0.00,          0,     0.00,          0,     0.00,          0,     0.00
Load.L_FIC1236,    76.5049,   -41.64,    76.5049,  -161.64,    76.5049,    78.36, 6.04659E-007,     9.07,          0,     0.00,          0,     0.00,          0,     0.00,          0,     0.00,          0,     0.00,          0,     0.00
Load.L_FZ7337,    38.4182,   -41.68,    38.4182,  -161.68,    38.4182,    78.32, 2.66805E-007,     8.90,          0,     0.00,          0,     0.00,          0,     0.00,          0,     0.00,          0,     0.00,          0,     0.00
Load.L_FZ2481,    76.8366,   -41.68,    76.8366,  -161.68,    76.8366,    78.32, 5.33646E-007,     8.91,          0,     0.00,          0,     0.00,          0,     0.00,          0,     0.00,          0,     0.00,          0,     0.00
Load.CARGA_PONTA_CN15_PIOR_CASO_EXTREMO,     533.15,   -37.65,     533.15,  -157.65,     533.15,    82.35, 1.63573E-006,   138.61,          0,     0.00,          0,     0.00,          0,     0.00,          0,     0.00,          0,     0.00,          0,     0.00
