Bus, BasekV, Node1, Magnitude1, Angle1, pu1, Node2, Magnitude2, Angle2, pu2, Node3, Magnitude3, Angle3, pu3
"SCN_CN15_9153_CEI109", 13.8, 1,    7817.78,   -0.8,   0.98122, 2,    7817.78, -120.8,   0.98122, 3,    7817.78,  119.2,   0.98122
"SCN_CN15_9154_CEI109", 13.8, 1,    7816.67,   -0.8,   0.98108, 2,    7816.67, -120.8,   0.98108, 3,    7816.67,  119.2,   0.98108
"SCN_CN15_9098_CEI131_ATV", 13.8, 1,    7786.49,   -0.7,   0.97729, 2,    7786.49, -120.7,   0.97729, 3,    7786.49,  119.3,   0.97729
"SCN_CN15_9097_CEI131_ATV", 13.8, 1,     7786.5,   -0.7,   0.97729, 2,     7786.5, -120.7,   0.97729, 3,     7786.5,  119.3,   0.97729
"SCN_CN15_9079_CEI201_ATV", 13.8, 1,    7776.35,   -0.7,   0.97602, 2,    7776.35, -120.7,   0.97602, 3,    7776.35,  119.3,   0.97602
"SCN_CN15_9080_CEI201_ATV", 13.8, 1,    7776.35,   -0.7,   0.97602, 2,    7776.35, -120.7,   0.97602, 3,    7776.35,  119.3,   0.97602
"SCN_CN15_9356_CEI109", 13.8, 1,    7782.32,   -0.7,   0.97677, 2,    7782.32, -120.7,   0.97677, 3,    7782.32,  119.3,   0.97677
"SCN_CN15_9349_CEI109", 13.8, 1,    7782.37,   -0.7,   0.97677, 2,    7782.37, -120.7,   0.97677, 3,    7782.37,  119.3,   0.97677
"SCN_CN15_9039_CEI201_ATV", 13.8, 1,    7782.42,   -0.7,   0.97678, 2,    7782.42, -120.7,   0.97678, 3,    7782.42,  119.3,   0.97678
"SCN_CN15_9021_CEI201_ATV", 13.8, 1,     7781.8,   -0.7,    0.9767, 2,     7781.8, -120.7,    0.9767, 3,     7781.8,  119.3,    0.9767
"SCN_CN15_9022_CEI201_ATV", 13.8, 1,    7781.83,   -0.7,    0.9767, 2,    7781.83, -120.7,    0.9767, 3,    7781.83,  119.3,    0.9767
"SCN_CN15_9274_CEI109", 13.8, 1,    7786.47,   -0.7,   0.97729, 2,    7786.47, -120.7,   0.97729, 3,    7786.47,  119.3,   0.97729
"SCN_CN15_9275_CEI109", 13.8, 1,     7786.7,   -0.7,   0.97732, 2,     7786.7, -120.7,   0.97732, 3,     7786.7,  119.3,   0.97732
"SCN_CN15_9269_CEI109", 13.8, 1,    7786.24,   -0.7,   0.97726, 2,    7786.24, -120.7,   0.97726, 3,    7786.24,  119.3,   0.97726
"SCN_CN15_9053_CEI201_ATV", 13.8, 1,    7782.74,   -0.7,   0.97682, 2,    7782.74, -120.7,   0.97682, 3,    7782.74,  119.3,   0.97682
"SCN_CN15_9485_CEI109", 13.8, 1,    7782.74,   -0.7,   0.97682, 2,    7782.74, -120.7,   0.97682, 3,    7782.74,  119.3,   0.97682
"SCN_CN15_421165_CEI", 13.8, 1,     7774.1,   -0.7,   0.97573, 2,     7774.1, -120.7,   0.97573, 3,     7774.1,  119.3,   0.97573
"SCN_CN15_421166_CEI", 13.8, 1,    7773.96,   -0.7,   0.97572, 2,    7773.96, -120.7,   0.97572, 3,    7773.96,  119.3,   0.97572
"SCN_CN15_9143_CEI69B", 13.8, 1,    7773.83,   -0.7,    0.9757, 2,    7773.83, -120.7,    0.9757, 3,    7773.83,  119.3,    0.9757
"SCN_CN15_9141_CEI201_ATV", 13.8, 1,     7774.1,   -0.7,   0.97573, 2,     7774.1, -120.7,   0.97573, 3,     7774.1,  119.3,   0.97573
"SCN_CN15_9129_CEI201_ATV", 13.8, 1,    7773.22,   -0.7,   0.97562, 2,    7773.22, -120.7,   0.97562, 3,    7773.22,  119.3,   0.97562
"SCN_CN15_9008_CEI220_ATV", 13.8, 1,    7773.22,   -0.7,   0.97562, 2,    7773.22, -120.7,   0.97562, 3,    7773.22,  119.3,   0.97562
"SCN_CN15_421168_CEI", 13.8, 1,    7784.08,   -0.7,   0.97699, 2,    7784.08, -120.7,   0.97699, 3,    7784.08,  119.3,   0.97699
"SCN_CN15_9015_CEI109", 13.8, 1,    7784.08,   -0.7,   0.97699, 2,    7784.08, -120.7,   0.97699, 3,    7784.08,  119.3,   0.97699
"SCN_CN15_421185_CEI", 13.8, 1,    7781.59,   -0.7,   0.97667, 2,    7781.59, -120.7,   0.97667, 3,    7781.59,  119.3,   0.97667
"SCN_CN15_9162_CEI220_ATV_S", 13.8, 1,    7781.78,   -0.7,    0.9767, 2,    7781.78, -120.7,    0.9767, 3,    7781.78,  119.3,    0.9767
"SCN_CN15_421186_CEI", 13.8, 1,     7781.4,   -0.7,   0.97665, 2,     7781.4, -120.7,   0.97665, 3,     7781.4,  119.3,   0.97665
"SCN_CN15_421187_CEI", 13.8, 1,    7781.21,   -0.7,   0.97663, 2,    7781.21, -120.7,   0.97663, 3,    7781.21,  119.3,   0.97663
"SCN_CN15_421169_CEI", 13.8, 1,    7781.02,   -0.7,    0.9766, 2,    7781.02, -120.7,    0.9766, 3,    7781.02,  119.3,    0.9766
"SCN_CN15_9012_CEI120", 13.8, 1,    7781.37,   -0.7,   0.97665, 2,    7781.37, -120.7,   0.97665, 3,    7781.37,  119.3,   0.97665
"SCN_CN15_421170_CEI", 13.8, 1,    7780.49,   -0.7,   0.97654, 2,    7780.49, -120.7,   0.97654, 3,    7780.49,  119.3,   0.97654
"SCN_CN15_421171_CEI", 13.8, 1,    7780.49,   -0.7,   0.97654, 2,    7780.49, -120.7,   0.97654, 3,    7780.49,  119.3,   0.97654
"SCN_CN15_421172_CEI", 13.8, 1,    7780.49,   -0.7,   0.97654, 2,    7780.49, -120.7,   0.97654, 3,    7780.49,  119.3,   0.97654
"SCN_CN15_421173_CEI", 13.8, 1,    7780.49,   -0.7,   0.97654, 2,    7780.49, -120.7,   0.97654, 3,    7780.49,  119.3,   0.97654
"SCN_CN15_421174_CEI", 13.8, 1,    7780.49,   -0.7,   0.97654, 2,    7780.49, -120.7,   0.97654, 3,    7780.49,  119.3,   0.97654
"SCN_CN15_421175_CEI", 13.8, 1,    7779.95,   -0.7,   0.97647, 2,    7779.95, -120.7,   0.97647, 3,    7779.95,  119.3,   0.97647
"SCN_CN15_421176_CEI", 13.8, 1,    7779.95,   -0.7,   0.97647, 2,    7779.95, -120.7,   0.97647, 3,    7779.95,  119.3,   0.97647
"SCN_CN15_421177_CEI", 13.8, 1,    7779.95,   -0.7,   0.97647, 2,    7779.95, -120.7,   0.97647, 3,    7779.95,  119.3,   0.97647
"SCN_CN15_421178_CEI", 13.8, 1,    7779.95,   -0.7,   0.97647, 2,    7779.95, -120.7,   0.97647, 3,    7779.95,  119.3,   0.97647
"SCN_CN15_421179_CEI", 13.8, 1,    7779.42,   -0.7,    0.9764, 2,    7779.42, -120.7,    0.9764, 3,    7779.42,  119.3,    0.9764
"SCN_CN15_9047_CEI130_ATV", 13.8, 1,    7778.89,   -0.7,   0.97634, 2,    7778.89, -120.7,   0.97634, 3,    7778.89,  119.3,   0.97634
"SCN_CN15_421180_CEI", 13.8, 1,    7778.89,   -0.7,   0.97634, 2,    7778.89, -120.7,   0.97634, 3,    7778.89,  119.3,   0.97634
"SCN_CN15_9037_CEI130_ATV", 13.8, 1,    7778.36,   -0.7,   0.97627, 2,    7778.36, -120.7,   0.97627, 3,    7778.36,  119.3,   0.97627
"SCN_CN15_9047_CEI130_ATV_S", 13.8, 1,    7778.89,   -0.7,   0.97634, 2,    7778.89, -120.7,   0.97634, 3,    7778.89,  119.3,   0.97634
"SCN_CN15_421181_CEI", 13.8, 1,    7777.83,   -0.7,    0.9762, 2,    7777.83, -120.7,    0.9762, 3,    7777.83,  119.3,    0.9762
"SCN_CN15_9040_CEI130_ATV", 13.8, 1,    7777.83,   -0.7,    0.9762, 2,    7777.83, -120.7,    0.9762, 3,    7777.83,  119.3,    0.9762
"SCN_CN15_421182_CEI", 13.8, 1,    7777.83,   -0.7,    0.9762, 2,    7777.83, -120.7,    0.9762, 3,    7777.83,  119.3,    0.9762
"SCN_CN15_421183_CEI", 13.8, 1,    7777.83,   -0.7,    0.9762, 2,    7777.83, -120.7,    0.9762, 3,    7777.83,  119.3,    0.9762
"SCN_CN15_421184_CEI", 13.8, 1,    7777.83,   -0.7,    0.9762, 2,    7777.83, -120.7,    0.9762, 3,    7777.83,  119.3,    0.9762
"SCN_CN15_421195_CEI", 13.8, 1,    7775.88,   -0.7,   0.97596, 2,    7775.88, -120.7,   0.97596, 3,    7775.88,  119.3,   0.97596
"SCN_CN15_9022_CEI250_ATV", 13.8, 1,    7776.06,   -0.7,   0.97598, 2,    7776.06, -120.7,   0.97598, 3,    7776.06,  119.3,   0.97598
"SCN_CN15_421196_CEI", 13.8, 1,     7775.7,   -0.7,   0.97594, 2,     7775.7, -120.7,   0.97594, 3,     7775.7,  119.3,   0.97594
"SCN_CN15_9025_CEI130_ATV", 13.8, 1,    7775.52,   -0.7,   0.97591, 2,    7775.52, -120.7,   0.97591, 3,    7775.52,  119.3,   0.97591
"SCN_CN15_421197_CEI", 13.8, 1,    7778.87,   -0.7,   0.97633, 2,    7778.87, -120.7,   0.97633, 3,    7778.87,  119.3,   0.97633
"SCN_CN15_9004_CEI160_ATV", 13.8, 1,    7778.87,   -0.7,   0.97633, 2,    7778.87, -120.7,   0.97633, 3,    7778.87,  119.3,   0.97633
"SCN_CN15_9005_CEI160_ATV", 13.8, 1,    7778.87,   -0.7,   0.97633, 2,    7778.87, -120.7,   0.97633, 3,    7778.87,  119.3,   0.97633
"SCN_CN15_9017_CEI130A_ATV", 13.8, 1,    7767.87,   -0.7,   0.97495, 2,    7767.87, -120.7,   0.97495, 3,    7767.87,  119.3,   0.97495
"SCN_CN15_421206_CEI", 13.8, 1,    7767.87,   -0.7,   0.97495, 2,    7767.87, -120.7,   0.97495, 3,    7767.87,  119.3,   0.97495
"SCN_CN15_9034_CEI130A_ATV", 13.8, 1,    7767.81,   -0.7,   0.97495, 2,    7767.81, -120.7,   0.97495, 3,    7767.81,  119.3,   0.97495
"SCN_CN15_421207_CEI", 13.8, 1,    7767.81,   -0.7,   0.97495, 2,    7767.81, -120.7,   0.97495, 3,    7767.81,  119.3,   0.97495
"SCN_CN15_421208_CEI", 13.8, 1,    7767.81,   -0.7,   0.97495, 2,    7767.81, -120.7,   0.97495, 3,    7767.81,  119.3,   0.97495
"SCN_CN15_421209_CEI", 13.8, 1,    7767.81,   -0.7,   0.97495, 2,    7767.81, -120.7,   0.97495, 3,    7767.81,  119.3,   0.97495
"SCN_CN15_421210_CEI", 13.8, 1,    7767.81,   -0.7,   0.97495, 2,    7767.81, -120.7,   0.97495, 3,    7767.81,  119.3,   0.97495
"SCN_CN15_421211_CEI", 13.8, 1,    7767.81,   -0.7,   0.97495, 2,    7767.81, -120.7,   0.97495, 3,    7767.81,  119.3,   0.97495
"SCN_CN15_421212_CEI", 13.8, 1,    7767.81,   -0.7,   0.97495, 2,    7767.81, -120.7,   0.97495, 3,    7767.81,  119.3,   0.97495
"SCN_CN15_9040_CEI130A_ATV", 13.8, 1,    7767.81,   -0.7,   0.97494, 2,    7767.81, -120.7,   0.97494, 3,    7767.81,  119.3,   0.97494
"SCN_CN15_421213_CEI", 13.8, 1,    7767.81,   -0.7,   0.97494, 2,    7767.81, -120.7,   0.97494, 3,    7767.81,  119.3,   0.97494
"SCN_CN15_421218_CEI", 13.8, 1,    7766.09,   -0.7,   0.97473, 2,    7766.09, -120.7,   0.97473, 3,    7766.09,  119.3,   0.97473
"SCN_CN15_9353_CEI065", 13.8, 1,    7766.09,   -0.7,   0.97473, 2,    7766.09, -120.7,   0.97473, 3,    7766.09,  119.3,   0.97473
"SCN_CN15_421219_CEI", 13.8, 1,    7766.09,   -0.7,   0.97473, 2,    7766.09, -120.7,   0.97473, 3,    7766.09,  119.3,   0.97473
"CN_ALCN15", 13.8, 1,    7766.09,   -0.7,   0.97473, 2,    7766.09, -120.7,   0.97473, 3,    7766.09,  119.3,   0.97473
"SCN_CN15_421227_CEI", 13.8, 1,    7767.12,   -0.7,   0.97486, 2,    7767.12, -120.7,   0.97486, 3,    7767.12,  119.3,   0.97486
"SCN_CN15_9006_CEIRJ013_ATV", 13.8, 1,    7767.12,   -0.7,   0.97486, 2,    7767.12, -120.7,   0.97486, 3,    7767.12,  119.3,   0.97486
"SCN_CN15_9067_CEIRJ006_ATV", 13.8, 1,    7767.49,   -0.7,   0.97491, 2,    7767.49, -120.7,   0.97491, 3,    7767.49,  119.3,   0.97491
"SCN_CN15_9064_CEIRJ006_ATV", 13.8, 1,    7767.49,   -0.7,   0.97491, 2,    7767.49, -120.7,   0.97491, 3,    7767.49,  119.3,   0.97491
"SCN_CN15_421241_CEI", 13.8, 1,    7767.49,   -0.7,   0.97491, 2,    7767.49, -120.7,   0.97491, 3,    7767.49,  119.3,   0.97491
"SCN_CN15_9068_CEIRJ006_ATV", 13.8, 1,    7767.49,   -0.7,   0.97491, 2,    7767.49, -120.7,   0.97491, 3,    7767.49,  119.3,   0.97491
"SCN_CN15_9050_CEI160_ATV", 13.8, 1,    7750.58,   -0.7,   0.97278, 2,    7750.58, -120.7,   0.97278, 3,    7750.58,  119.3,   0.97278
"SCN_CN15_9014_CEI077_ATV", 13.8, 1,    7750.59,   -0.7,   0.97278, 2,    7750.59, -120.7,   0.97278, 3,    7750.59,  119.3,   0.97278
"SCN_CN15_9052_CEI160_ATV", 13.8, 1,    7750.58,   -0.7,   0.97278, 2,    7750.58, -120.7,   0.97278, 3,    7750.58,  119.3,   0.97278
"SCN_CN15_421244_CEI", 13.8, 1,    7750.57,   -0.7,   0.97278, 2,    7750.57, -120.7,   0.97278, 3,    7750.57,  119.3,   0.97278
"SCN_CN15_421245_CEI", 13.8, 1,    7750.56,   -0.7,   0.97278, 2,    7750.56, -120.7,   0.97278, 3,    7750.56,  119.3,   0.97278
"SCN_CN15_9005_CEIRJ012_ATV_S", 13.8, 1,    7750.55,   -0.7,   0.97278, 2,    7750.55, -120.7,   0.97278, 3,    7750.55,  119.3,   0.97278
"SCN_CN15_9024_CEI167_ATV", 13.8, 1,    7748.44,   -0.7,   0.97251, 2,    7748.44, -120.7,   0.97251, 3,    7748.44,  119.3,   0.97251
"SCN_CN15_9025_CEI167_ATV", 13.8, 1,    7748.44,   -0.7,   0.97251, 2,    7748.44, -120.7,   0.97251, 3,    7748.44,  119.3,   0.97251
"SCN_CN15_9002_CEIRJ013_ATV", 13.8, 1,    7748.44,   -0.7,   0.97251, 2,    7748.44, -120.7,   0.97251, 3,    7748.44,  119.3,   0.97251
"SCN_CN15_9037_CEI77A_ATV", 13.8, 1,    7748.46,   -0.7,   0.97252, 2,    7748.46, -120.7,   0.97252, 3,    7748.46,  119.3,   0.97252
"SCN_CN15_9035_CEIRJ006_ATV", 13.8, 1,    7748.46,   -0.7,   0.97252, 2,    7748.46, -120.7,   0.97252, 3,    7748.46,  119.3,   0.97252
"SCN_CN15_9036_CEIRJ006_ATV", 13.8, 1,    7748.46,   -0.7,   0.97252, 2,    7748.46, -120.7,   0.97252, 3,    7748.46,  119.3,   0.97252
"SCN_CN15_9105_CEI201_ATV", 13.8, 1,    7776.32,   -0.7,   0.97601, 2,    7776.32, -120.7,   0.97601, 3,    7776.32,  119.3,   0.97601
"SCN_CN15_9102_CEI201_ATV_S", 13.8, 1,    7776.32,   -0.7,   0.97601, 2,    7776.32, -120.7,   0.97601, 3,    7776.32,  119.3,   0.97601
"SCN_CN15_9017_CEI201_ATV", 13.8, 1,    7781.74,   -0.7,   0.97669, 2,    7781.74, -120.7,   0.97669, 3,    7781.74,  119.3,   0.97669
"SCN_CN15_9019_CEI201_ATV", 13.8, 1,    7781.77,   -0.7,    0.9767, 2,    7781.77, -120.7,    0.9767, 3,    7781.77,  119.3,    0.9767
"SCN_CN15_9019_CEI134C_ATV", 13.8, 1,    7787.82,   -0.7,   0.97746, 2,    7787.82, -120.7,   0.97746, 3,    7787.82,  119.3,   0.97746
"SCN_CN15_9020_CEI134C_ATV", 13.8, 1,    7787.82,   -0.7,   0.97746, 2,    7787.82, -120.7,   0.97746, 3,    7787.82,  119.3,   0.97746
"SCN_CN15_9022_CEI134C_ATV", 13.8, 1,    7787.81,   -0.7,   0.97746, 2,    7787.81, -120.7,   0.97746, 3,    7787.81,  119.3,   0.97746
"SCN_CN15_9021_CEI134C_ATV", 13.8, 1,    7787.81,   -0.7,   0.97745, 2,    7787.81, -120.7,   0.97745, 3,    7787.81,  119.3,   0.97745
"SCN_CN15_9023_CEI134C_ATV", 13.8, 1,     7787.8,   -0.7,   0.97745, 2,     7787.8, -120.7,   0.97745, 3,     7787.8,  119.3,   0.97745
"SCN_CN15_9034_CEI134C_ATV", 13.8, 1,     7787.8,   -0.7,   0.97745, 2,     7787.8, -120.7,   0.97745, 3,     7787.8,  119.3,   0.97745
"SCN_CN15_9035_CEI134C_ATV", 13.8, 1,     7787.8,   -0.7,   0.97745, 2,     7787.8, -120.7,   0.97745, 3,     7787.8,  119.3,   0.97745
"SCN_CN15_9036_CEI134C_ATV", 13.8, 1,    7787.79,   -0.7,   0.97745, 2,    7787.79, -120.7,   0.97745, 3,    7787.79,  119.3,   0.97745
"SCN_CN15_9024_CEI134B_ATV", 13.8, 1,    7787.97,   -0.7,   0.97748, 2,    7787.97, -120.7,   0.97748, 3,    7787.97,  119.3,   0.97748
"SCN_CN15_9027_CEI134B_ATV", 13.8, 1,    7787.97,   -0.7,   0.97747, 2,    7787.97, -120.7,   0.97747, 3,    7787.97,  119.3,   0.97747
"SCN_CN15_9026_CEI134B_ATV", 13.8, 1,    7787.97,   -0.7,   0.97747, 2,    7787.97, -120.7,   0.97747, 3,    7787.97,  119.3,   0.97747
"SCN_CN15_9028_CEI134B_ATV", 13.8, 1,    7787.97,   -0.7,   0.97747, 2,    7787.97, -120.7,   0.97747, 3,    7787.97,  119.3,   0.97747
"SCN_CN15_9011_CEI134_ATV", 13.8, 1,    7788.71,   -0.7,   0.97757, 2,    7788.71, -120.7,   0.97757, 3,    7788.71,  119.3,   0.97757
"SCN_CN15_9009_CEI134A_ATV", 13.8, 1,    7788.68,   -0.7,   0.97756, 2,    7788.68, -120.7,   0.97756, 3,    7788.68,  119.3,   0.97756
"SCN_CN15_9002_CEI134_ATV", 13.8, 1,    7788.84,   -0.7,   0.97758, 2,    7788.84, -120.7,   0.97758, 3,    7788.84,  119.3,   0.97758
"SCN_CN15_9003_CEI134_ATV", 13.8, 1,    7788.84,   -0.7,   0.97758, 2,    7788.84, -120.7,   0.97758, 3,    7788.84,  119.3,   0.97758
"SCN_CN15_9101_CEI109", 13.8, 1,    7796.19,   -0.8,   0.97851, 2,    7796.19, -120.8,   0.97851, 3,    7796.19,  119.2,   0.97851
"SCN_CN15_9102_CEI109", 13.8, 1,    7796.19,   -0.8,   0.97851, 2,    7796.19, -120.8,   0.97851, 3,    7796.19,  119.2,   0.97851
"SCN_CN15_9103_CEI109", 13.8, 1,    7796.18,   -0.8,   0.97851, 2,    7796.18, -120.8,   0.97851, 3,    7796.18,  119.2,   0.97851
"SCN_CN15_9104_CEI109", 13.8, 1,    7796.18,   -0.8,   0.97851, 2,    7796.18, -120.8,   0.97851, 3,    7796.18,  119.2,   0.97851
"SCN_CN15_9105_CEI109", 13.8, 1,    7796.17,   -0.8,   0.97851, 2,    7796.17, -120.8,   0.97851, 3,    7796.17,  119.2,   0.97851
"SCN_CN15_9106_CEI109", 13.8, 1,    7796.17,   -0.8,    0.9785, 2,    7796.17, -120.8,    0.9785, 3,    7796.17,  119.2,    0.9785
"SCN_CN15_9108_CEI109", 13.8, 1,    7796.17,   -0.8,    0.9785, 2,    7796.17, -120.8,    0.9785, 3,    7796.17,  119.2,    0.9785
"SCN_CN15_9109_CEI109", 13.8, 1,    7796.16,   -0.8,    0.9785, 2,    7796.16, -120.8,    0.9785, 3,    7796.16,  119.2,    0.9785
"SCN_CN15_9110_CEI109", 13.8, 1,    7796.16,   -0.8,    0.9785, 2,    7796.16, -120.8,    0.9785, 3,    7796.16,  119.2,    0.9785
"SCN_CN15_9111_CEI109", 13.8, 1,    7796.15,   -0.8,    0.9785, 2,    7796.15, -120.8,    0.9785, 3,    7796.15,  119.2,    0.9785
"SCN_CN15_9112_CEI109", 13.8, 1,    7796.15,   -0.8,    0.9785, 2,    7796.15, -120.8,    0.9785, 3,    7796.15,  119.2,    0.9785
"SCN_CN15_9113_CEI109", 13.8, 1,    7796.15,   -0.8,    0.9785, 2,    7796.15, -120.8,    0.9785, 3,    7796.15,  119.2,    0.9785
"SCN_CN15_9114_CEI109", 13.8, 1,    7796.14,   -0.8,    0.9785, 2,    7796.14, -120.8,    0.9785, 3,    7796.14,  119.2,    0.9785
"SCN_CN15_9115_CEI109", 13.8, 1,    7796.14,   -0.8,    0.9785, 2,    7796.14, -120.8,    0.9785, 3,    7796.14,  119.2,    0.9785
"SCN_CN15_9116_CEI109", 13.8, 1,    7796.14,   -0.8,    0.9785, 2,    7796.14, -120.8,    0.9785, 3,    7796.14,  119.2,    0.9785
"SCN_CN15_9010_CEI120", 13.8, 1,    7782.05,   -0.7,   0.97673, 2,    7782.05, -120.7,   0.97673, 3,    7782.05,  119.3,   0.97673
"SCN_CN15_9011_CEI120", 13.8, 1,    7781.71,   -0.7,   0.97669, 2,    7781.71, -120.7,   0.97669, 3,    7781.71,  119.3,   0.97669
"SCN_CN15_9045_CEI130_ATV", 13.8, 1,    7778.88,   -0.7,   0.97633, 2,    7778.88, -120.7,   0.97633, 3,    7778.88,  119.3,   0.97633
"SCN_CN15_9044_CEI130_ATV", 13.8, 1,    7778.88,   -0.7,   0.97633, 2,    7778.88, -120.7,   0.97633, 3,    7778.88,  119.3,   0.97633
"SCN_CN15_9043_CEI130_ATV", 13.8, 1,    7778.88,   -0.7,   0.97633, 2,    7778.88, -120.7,   0.97633, 3,    7778.88,  119.3,   0.97633
"SCN_CN15_9014_CEI69B", 13.8, 1,    7774.11,   -0.7,   0.97574, 2,    7774.11, -120.7,   0.97574, 3,    7774.11,  119.3,   0.97574
"SCN_CN15_9015_CEI69B", 13.8, 1,    7773.93,   -0.7,   0.97571, 2,    7773.94, -120.7,   0.97571, 3,    7773.93,  119.3,   0.97571
"SCN_CN15_9559_CEI109", 13.8, 1,    7785.38,   -0.7,   0.97715, 2,    7785.38, -120.7,   0.97715, 3,    7785.38,  119.3,   0.97715
"SCN_CN15_9570_CEI109", 13.8, 1,    7785.38,   -0.7,   0.97715, 2,    7785.38, -120.7,   0.97715, 3,    7785.38,  119.3,   0.97715
"SCN_CN15_9558_CEI109", 13.8, 1,    7785.16,   -0.7,   0.97712, 2,    7785.16, -120.7,   0.97712, 3,    7785.16,  119.3,   0.97712
"SCN_CN15_9560_CEI109", 13.8, 1,     7785.6,   -0.7,   0.97718, 2,     7785.6, -120.7,   0.97718, 3,     7785.6,  119.3,   0.97718
"SCN_CN15_9555_CEI109", 13.8, 1,    7784.95,   -0.7,    0.9771, 2,    7784.95, -120.7,    0.9771, 3,    7784.95,  119.3,    0.9771
"SCN_CN15_9552_CEI109", 13.8, 1,    7784.73,   -0.7,   0.97707, 2,    7784.73, -120.7,   0.97707, 3,    7784.73,  119.3,   0.97707
"SCN_CN15_9550_CEI109", 13.8, 1,    7784.52,   -0.7,   0.97704, 2,    7784.52, -120.7,   0.97704, 3,    7784.52,  119.3,   0.97704
"SCN_CN15_9548_CEI109", 13.8, 1,     7784.3,   -0.7,   0.97702, 2,     7784.3, -120.7,   0.97702, 3,     7784.3,  119.3,   0.97702
"SCN_CN15_9017_CEI109", 13.8, 1,    7784.09,   -0.7,   0.97699, 2,    7784.09, -120.7,   0.97699, 3,    7784.09,  119.3,   0.97699
"SCN_CN15_9548_CEI109_S", 13.8, 1,     7784.3,   -0.7,   0.97702, 2,     7784.3, -120.7,   0.97702, 3,     7784.3,  119.3,   0.97702
"SCN_CN15_9016_CEI109", 13.8, 1,    7784.09,   -0.7,   0.97699, 2,    7784.09, -120.7,   0.97699, 3,    7784.09,  119.3,   0.97699
"SCN_CN15_9014_CEI109", 13.8, 1,    7784.08,   -0.7,   0.97699, 2,    7784.08, -120.7,   0.97699, 3,    7784.08,  119.3,   0.97699
"SCN_CN15_9013_CEI109", 13.8, 1,    7784.07,   -0.7,   0.97699, 2,    7784.07, -120.7,   0.97699, 3,    7784.07,  119.3,   0.97699
"SCN_CN15_9012_CEI109", 13.8, 1,    7784.06,   -0.7,   0.97699, 2,    7784.06, -120.7,   0.97699, 3,    7784.06,  119.3,   0.97699
"SCN_CN15_9008_CEI109", 13.8, 1,    7784.06,   -0.7,   0.97698, 2,    7784.06, -120.7,   0.97698, 3,    7784.06,  119.3,   0.97698
"SCN_CN15_9009_CEI109", 13.8, 1,    7784.05,   -0.7,   0.97698, 2,    7784.06, -120.7,   0.97698, 3,    7784.05,  119.3,   0.97698
"SCN_CN15_9010_CEI109", 13.8, 1,    7784.05,   -0.7,   0.97698, 2,    7784.05, -120.7,   0.97698, 3,    7784.05,  119.3,   0.97698
"SCN_CN15_9011_CEI109", 13.8, 1,    7784.05,   -0.7,   0.97698, 2,    7784.05, -120.7,   0.97698, 3,    7784.05,  119.3,   0.97698
"SCN_CN15_9547_CEI109", 13.8, 1,     7784.3,   -0.7,   0.97701, 2,     7784.3, -120.7,   0.97701, 3,     7784.3,  119.3,   0.97701
"SCN_CN15_9007_CEI109", 13.8, 1,    7784.06,   -0.7,   0.97698, 2,    7784.06, -120.7,   0.97698, 3,    7784.06,  119.3,   0.97698
"SCN_CN15_9006_CEI109", 13.8, 1,    7784.05,   -0.7,   0.97698, 2,    7784.05, -120.7,   0.97698, 3,    7784.05,  119.3,   0.97698
"SCN_CN15_9005_CEI109", 13.8, 1,    7784.05,   -0.7,   0.97698, 2,    7784.05, -120.7,   0.97698, 3,    7784.05,  119.3,   0.97698
"SCN_CN15_9004_CEI109", 13.8, 1,    7784.05,   -0.7,   0.97698, 2,    7784.05, -120.7,   0.97698, 3,    7784.05,  119.3,   0.97698
"SCN_CN15_9002_CEI109", 13.8, 1,    7773.25,   -0.7,   0.97563, 2,    7773.25, -120.7,   0.97563, 3,    7773.25,  119.3,   0.97563
"SCN_CN15_9003_CEI109", 13.8, 1,    7773.25,   -0.7,   0.97563, 2,    7773.25, -120.7,   0.97563, 3,    7773.25,  119.3,   0.97563
"SCN_CN15_9001_CEI109", 13.8, 1,    7773.25,   -0.7,   0.97563, 2,    7773.25, -120.7,   0.97563, 3,    7773.25,  119.3,   0.97563
"SCN_CN15_9122_CEI201_ATV", 13.8, 1,    7773.25,   -0.7,   0.97563, 2,    7773.25, -120.7,   0.97563, 3,    7773.25,  119.3,   0.97563
"SCN_CN15_9241_CEI109", 13.8, 1,    7800.08,   -0.8,   0.97899, 2,    7800.08, -120.8,   0.97899, 3,    7800.08,  119.2,   0.97899
"SCN_CN15_9204_CEI109", 13.8, 1,    7800.08,   -0.8,     0.979, 2,    7800.08, -120.8,     0.979, 3,    7800.08,  119.2,     0.979
"SCN_CN15_9242_CEI109", 13.8, 1,    7800.08,   -0.8,   0.97899, 2,    7800.08, -120.8,   0.97899, 3,    7800.08,  119.2,   0.97899
"SCN_CN15_9243_CEI109", 13.8, 1,    7800.07,   -0.8,   0.97899, 2,    7800.07, -120.8,   0.97899, 3,    7800.07,  119.2,   0.97899
"SCN_CN15_9244_CEI109", 13.8, 1,    7800.07,   -0.8,   0.97899, 2,    7800.07, -120.8,   0.97899, 3,    7800.07,  119.2,   0.97899
"SCN_CN15_9245_CEI109", 13.8, 1,    7800.07,   -0.8,   0.97899, 2,    7800.07, -120.8,   0.97899, 3,    7800.07,  119.2,   0.97899
"SCN_CN15_9190_CEI109", 13.8, 1,    7806.74,   -0.8,   0.97983, 2,    7806.74, -120.8,   0.97983, 3,    7806.74,  119.2,   0.97983
"SCN_CN15_9191_CEI109", 13.8, 1,    7806.74,   -0.8,   0.97983, 2,    7806.74, -120.8,   0.97983, 3,    7806.74,  119.2,   0.97983
"SCN_CN15_9166_CEI109", 13.8, 1,    7807.84,   -0.8,   0.97997, 2,    7807.84, -120.8,   0.97997, 3,    7807.84,  119.2,   0.97997
"SCN_CN15_9167_CEI109", 13.8, 1,    7807.84,   -0.8,   0.97997, 2,    7807.84, -120.8,   0.97997, 3,    7807.84,  119.2,   0.97997
"SCN_CN15_9168_CEI109", 13.8, 1,    7807.83,   -0.8,   0.97997, 2,    7807.83, -120.8,   0.97997, 3,    7807.83,  119.2,   0.97997
"SCN_CN15_9169_CEI109", 13.8, 1,    7807.83,   -0.8,   0.97997, 2,    7807.83, -120.8,   0.97997, 3,    7807.83,  119.2,   0.97997
"SCN_CN15_9183_CEI109", 13.8, 1,    7807.83,   -0.8,   0.97997, 2,    7807.83, -120.8,   0.97997, 3,    7807.83,  119.2,   0.97997
"SCN_CN15_9330_CEI109", 13.8, 1,    7782.73,   -0.7,   0.97682, 2,    7782.73, -120.7,   0.97682, 3,    7782.73,  119.3,   0.97682
"SCN_CN15_9329_CEI109", 13.8, 1,    7782.79,   -0.7,   0.97682, 2,    7782.79, -120.7,   0.97683, 3,    7782.79,  119.3,   0.97683
"SCN_CN15_9328_CEI109", 13.8, 1,    7782.85,   -0.7,   0.97683, 2,    7782.85, -120.7,   0.97683, 3,    7782.85,  119.3,   0.97683
"SCN_CN15_9165_CEI068", 13.8, 1,    7770.57,   -0.7,   0.97529, 2,    7770.57, -120.7,   0.97529, 3,    7770.57,  119.3,   0.97529
"SCN_CN15_9166_CEI068", 13.8, 1,    7770.55,   -0.7,   0.97529, 2,    7770.55, -120.7,   0.97529, 3,    7770.55,  119.3,   0.97529
"SCN_CN15_9327_CEI109", 13.8, 1,    7782.91,   -0.7,   0.97684, 2,    7782.91, -120.7,   0.97684, 3,    7782.91,  119.3,   0.97684
"SCN_CN15_9399_CEI109", 13.8, 1,    7782.98,   -0.7,   0.97685, 2,    7782.98, -120.7,   0.97685, 3,    7782.98,  119.3,   0.97685
"SCN_CN15_9029_CEI160_ATV", 13.8, 1,    7782.98,   -0.7,   0.97685, 2,    7782.98, -120.7,   0.97685, 3,    7782.98,  119.3,   0.97685
"SCN_CN15_9057_CEI075", 13.8, 1,    7770.73,   -0.7,   0.97531, 2,    7770.73, -120.7,   0.97531, 3,    7770.73,  119.3,   0.97531
"SCN_CN15_9054_CEIRJ006_ATV", 13.8, 1,    7770.73,   -0.7,   0.97531, 2,    7770.73, -120.7,   0.97531, 3,    7770.73,  119.3,   0.97531
"SCN_CN15_9040_CEI77A_ATV", 13.8, 1,    7748.45,   -0.7,   0.97252, 2,    7748.45, -120.7,   0.97252, 3,    7748.45,  119.3,   0.97252
"SCN_CN15_9042_CEI77A_ATV", 13.8, 1,    7748.45,   -0.7,   0.97252, 2,    7748.45, -120.7,   0.97252, 3,    7748.45,  119.3,   0.97252
"SCN_CN15_9043_CEI77A_ATV", 13.8, 1,    7748.45,   -0.7,   0.97252, 2,    7748.45, -120.7,   0.97252, 3,    7748.45,  119.3,   0.97252
"SCN_CN15_9190_CEI77A_ATV", 13.8, 1,    7748.57,   -0.7,   0.97253, 2,    7748.57, -120.7,   0.97253, 3,    7748.57,  119.3,   0.97253
"SCN_CN15_9194_CEI77A_ATV", 13.8, 1,    7748.56,   -0.7,   0.97253, 2,    7748.56, -120.7,   0.97253, 3,    7748.56,  119.3,   0.97253
"SCN_CN15_9195_CEI77A_ATV", 13.8, 1,    7748.55,   -0.7,   0.97253, 2,    7748.55, -120.7,   0.97253, 3,    7748.55,  119.3,   0.97253
"SCN_CN15_9196_CEI77A_ATV", 13.8, 1,    7748.55,   -0.7,   0.97253, 2,    7748.55, -120.7,   0.97253, 3,    7748.55,  119.3,   0.97253
"SCN_CN15_9197_CEI77A_ATV", 13.8, 1,    7748.54,   -0.7,   0.97253, 2,    7748.54, -120.7,   0.97253, 3,    7748.54,  119.3,   0.97253
"SCN_CN15_9198_CEI77A_ATV", 13.8, 1,    7748.53,   -0.7,   0.97253, 2,    7748.53, -120.7,   0.97253, 3,    7748.53,  119.3,   0.97253
"SCN_CN15_9199_CEI77A_ATV", 13.8, 1,    7748.53,   -0.7,   0.97252, 2,    7748.53, -120.7,   0.97253, 3,    7748.53,  119.3,   0.97253
"SCN_CN15_9200_CEI77A_ATV", 13.8, 1,    7748.63,   -0.7,   0.97254, 2,    7748.64, -120.7,   0.97254, 3,    7748.63,  119.3,   0.97254
"SCN_CN15_9201_CEI77A_ATV", 13.8, 1,    7748.64,   -0.7,   0.97254, 2,    7748.64, -120.7,   0.97254, 3,    7748.64,  119.3,   0.97254
"SCN_CN15_9039_CEI076", 13.8, 1,    7765.45,   -0.7,   0.97465, 2,    7765.45, -120.7,   0.97465, 3,    7765.45,  119.3,   0.97465
"SCN_CN15_9041_CEI076", 13.8, 1,    7765.45,   -0.7,   0.97465, 2,    7765.45, -120.7,   0.97465, 3,    7765.45,  119.3,   0.97465
"SCN_CN15_9042_CEI076", 13.8, 1,    7765.45,   -0.7,   0.97465, 2,    7765.45, -120.7,   0.97465, 3,    7765.45,  119.3,   0.97465
"SCN_CN15_9044_CEI076", 13.8, 1,    7765.45,   -0.7,   0.97465, 2,    7765.45, -120.7,   0.97465, 3,    7765.45,  119.3,   0.97465
"SCN_CN15_9045_CEI076", 13.8, 1,    7765.45,   -0.7,   0.97465, 2,    7765.45, -120.7,   0.97465, 3,    7765.45,  119.3,   0.97465
"SCN_CN15_9057_CEI068", 13.8, 1,    7766.43,   -0.7,   0.97477, 2,    7766.43, -120.7,   0.97477, 3,    7766.43,  119.3,   0.97477
"SCN_CN15_9058_CEI068", 13.8, 1,    7766.43,   -0.7,   0.97477, 2,    7766.43, -120.7,   0.97477, 3,    7766.43,  119.3,   0.97477
"SCN_CN15_9236_CEI068", 13.8, 1,    7766.43,   -0.7,   0.97477, 2,    7766.43, -120.7,   0.97477, 3,    7766.43,  119.3,   0.97477
"SCN_CN15_9240_CEI068", 13.8, 1,    7766.43,   -0.7,   0.97477, 2,    7766.43, -120.7,   0.97477, 3,    7766.43,  119.3,   0.97477
"SCN_CN15_9063_CEI072", 13.8, 1,    7752.75,   -0.7,   0.97305, 2,    7752.75, -120.7,   0.97305, 3,    7752.75,  119.3,   0.97305
"SCN_CN15_CEI_FL_MT_37442", 13.8, 1,    7752.75,   -0.7,   0.97306, 2,    7752.75, -120.7,   0.97306, 3,    7752.75,  119.3,   0.97306
"SCN_CN15_9088_CEI072", 13.8, 1,    7752.75,   -0.7,   0.97306, 2,    7752.75, -120.7,   0.97306, 3,    7752.75,  119.3,   0.97306
"SCN_CN15_9089_CEI072", 13.8, 1,    7752.48,   -0.7,   0.97302, 2,    7752.48, -120.7,   0.97302, 3,    7752.48,  119.3,   0.97302
"SCN_CN15_9062_CEI072", 13.8, 1,    7753.03,   -0.7,   0.97309, 2,    7753.03, -120.7,   0.97309, 3,    7753.03,  119.3,   0.97309
"SCN_CN15_9061_CEI071", 13.8, 1,    7756.82,   -0.7,   0.97357, 2,    7756.82, -120.7,   0.97357, 3,    7756.82,  119.3,   0.97357
"SCN_CN15_9072_CEI071", 13.8, 1,    7756.82,   -0.7,   0.97357, 2,    7756.82, -120.7,   0.97357, 3,    7756.82,  119.3,   0.97357
"SCN_CN15_9073_CEI071", 13.8, 1,    7756.82,   -0.7,   0.97357, 2,    7756.82, -120.7,   0.97357, 3,    7756.82,  119.3,   0.97357
"SCN_CN15_9075_CEI071", 13.8, 1,    7756.81,   -0.7,   0.97356, 2,    7756.81, -120.7,   0.97356, 3,    7756.81,  119.3,   0.97356
"SCN_CN15_9078_CEI071", 13.8, 1,    7756.81,   -0.7,   0.97356, 2,    7756.81, -120.7,   0.97356, 3,    7756.81,  119.3,   0.97356
"SCN_CN15_9079_CEI071", 13.8, 1,     7756.8,   -0.7,   0.97356, 2,     7756.8, -120.7,   0.97356, 3,     7756.8,  119.3,   0.97356
"SCN_CN15_9080_CEI071", 13.8, 1,     7756.8,   -0.7,   0.97356, 2,     7756.8, -120.7,   0.97356, 3,     7756.8,  119.3,   0.97356
"SCN_CN15_9081_CEI071", 13.8, 1,     7756.8,   -0.7,   0.97356, 2,     7756.8, -120.7,   0.97356, 3,     7756.8,  119.3,   0.97356
"SCN_CN15_9082_CEI071", 13.8, 1,    7756.79,   -0.7,   0.97356, 2,    7756.79, -120.7,   0.97356, 3,    7756.79,  119.3,   0.97356
"SCN_CN15_9083_CEI071", 13.8, 1,    7756.79,   -0.7,   0.97356, 2,    7756.79, -120.7,   0.97356, 3,    7756.79,  119.3,   0.97356
"SCN_CN15_9084_CEI071", 13.8, 1,    7756.79,   -0.7,   0.97356, 2,    7756.79, -120.7,   0.97356, 3,    7756.79,  119.3,   0.97356
"SCN_CN15_9145_CEI220_ATV", 13.8, 1,    7782.63,   -0.7,    0.9768, 2,    7782.63, -120.7,    0.9768, 3,    7782.63,  119.3,    0.9768
"SCN_CN15_9146_CEI220_ATV", 13.8, 1,    7782.62,   -0.7,    0.9768, 2,    7782.63, -120.7,    0.9768, 3,    7782.62,  119.3,    0.9768
"SCN_CN15_9004_CEI220_ATV", 13.8, 1,    7773.24,   -0.7,   0.97563, 2,    7773.24, -120.7,   0.97563, 3,    7773.24,  119.3,   0.97563
"SCN_CN15_9005_CEI220_ATV", 13.8, 1,    7773.24,   -0.7,   0.97563, 2,    7773.24, -120.7,   0.97563, 3,    7773.24,  119.3,   0.97563
"SCN_CN15_9088_CEI201_ATV", 13.8, 1,    7774.36,   -0.7,   0.97577, 2,    7774.36, -120.7,   0.97577, 3,    7774.36,  119.3,   0.97577
"SCN_CN15_9089_CEI201_ATV", 13.8, 1,    7774.37,   -0.7,   0.97577, 2,    7774.37, -120.7,   0.97577, 3,    7774.37,  119.3,   0.97577
"SCN_CN15_9016_CEIRJ003", 13.8, 1,    7774.23,   -0.7,   0.97575, 2,    7774.23, -120.7,   0.97575, 3,    7774.23,  119.3,   0.97575
"SCN_CN15_9089_CEI201_ATV_S", 13.8, 1,    7774.37,   -0.7,   0.97577, 2,    7774.37, -120.7,   0.97577, 3,    7774.37,  119.3,   0.97577
"SCN_CN15_9123_CEI69B", 13.8, 1,     7773.7,   -0.7,   0.97568, 2,     7773.7, -120.7,   0.97568, 3,     7773.7,  119.3,   0.97568
"SCN_CN15_9121_CEI69B", 13.8, 1,    7773.58,   -0.7,   0.97567, 2,    7773.58, -120.7,   0.97567, 3,    7773.58,  119.3,   0.97567
"SCN_CN15_9119_CEI69B", 13.8, 1,    7773.46,   -0.7,   0.97565, 2,    7773.46, -120.7,   0.97565, 3,    7773.46,  119.3,   0.97565
"SCN_CN15_9276_CEI109", 13.8, 1,    7786.92,   -0.7,   0.97734, 2,    7786.92, -120.7,   0.97734, 3,    7786.92,  119.3,   0.97734
"SCN_CN15_9277_CEI109", 13.8, 1,    7787.15,   -0.7,   0.97737, 2,    7787.15, -120.7,   0.97737, 3,    7787.15,  119.3,   0.97737
"SCN_CN15_9118_CEI69B", 13.8, 1,    7773.34,   -0.7,   0.97564, 2,    7773.34, -120.7,   0.97564, 3,    7773.34,  119.3,   0.97564
"SCN_CN15_9114_CEI230_ATV", 13.8, 1,    7773.22,   -0.7,   0.97562, 2,    7773.22, -120.7,   0.97562, 3,    7773.22,  119.3,   0.97562
"SCN_CN15_9113_CEI230_ATV", 13.8, 1,     7773.1,   -0.7,   0.97561, 2,     7773.1, -120.7,   0.97561, 3,     7773.1,  119.3,   0.97561
"SCN_CN15_9112_CEI230_ATV", 13.8, 1,    7772.98,   -0.7,   0.97559, 2,    7772.98, -120.7,   0.97559, 3,    7772.98,  119.3,   0.97559
"SCN_CN15_9111_CEI230_ATV_S", 13.8, 1,    7772.86,   -0.7,   0.97558, 2,    7772.86, -120.7,   0.97558, 3,    7772.86,  119.3,   0.97558
"SCN_CN15_9110_CEI230_ATV", 13.8, 1,    7772.86,   -0.7,   0.97558, 2,    7772.86, -120.7,   0.97558, 3,    7772.86,  119.3,   0.97558
"SCN_CN15_9111_CEI230_ATV", 13.8, 1,    7772.86,   -0.7,   0.97558, 2,    7772.86, -120.7,   0.97558, 3,    7772.86,  119.3,   0.97558
"SCN_CN15_9109_CEI230_ATV", 13.8, 1,    7772.86,   -0.7,   0.97558, 2,    7772.86, -120.7,   0.97558, 3,    7772.86,  119.3,   0.97558
"SCN_CN15_9108_CEI230_ATV", 13.8, 1,    7772.86,   -0.7,   0.97558, 2,    7772.86, -120.7,   0.97558, 3,    7772.86,  119.3,   0.97558
"SCN_CN15_9107_CEI230_ATV", 13.8, 1,    7772.86,   -0.7,   0.97558, 2,    7772.86, -120.7,   0.97558, 3,    7772.86,  119.3,   0.97558
"SCN_CN15_9106_CEI230_ATV", 13.8, 1,    7772.85,   -0.7,   0.97558, 2,    7772.85, -120.7,   0.97558, 3,    7772.85,  119.3,   0.97558
"SCN_CN15_9278_CEI109", 13.8, 1,    7787.37,   -0.7,    0.9774, 2,    7787.37, -120.7,    0.9774, 3,    7787.37,  119.3,    0.9774
"SCN_CN15_9104_CEI230_ATV", 13.8, 1,    7772.85,   -0.7,   0.97558, 2,    7772.85, -120.7,   0.97558, 3,    7772.85,  119.3,   0.97558
"SCN_CN15_9105_CEI230_ATV", 13.8, 1,    7772.85,   -0.7,   0.97558, 2,    7772.85, -120.7,   0.97558, 3,    7772.85,  119.3,   0.97558
"SCN_CN15_9103_CEI230_ATV", 13.8, 1,    7772.85,   -0.7,   0.97558, 2,    7772.85, -120.7,   0.97558, 3,    7772.85,  119.3,   0.97558
"SCN_CN15_9102_CEI230_ATV", 13.8, 1,    7772.85,   -0.7,   0.97558, 2,    7772.85, -120.7,   0.97558, 3,    7772.85,  119.3,   0.97558
"SCN_CN15_9100_CEI230_ATV", 13.8, 1,    7772.85,   -0.7,   0.97558, 2,    7772.85, -120.7,   0.97558, 3,    7772.85,  119.3,   0.97558
"SCN_CN15_9099_CEI230_ATV", 13.8, 1,    7772.85,   -0.7,   0.97558, 2,    7772.85, -120.7,   0.97558, 3,    7772.85,  119.3,   0.97558
"SCN_CN15_9098_CEI230_ATV", 13.8, 1,    7772.85,   -0.7,   0.97558, 2,    7772.85, -120.7,   0.97558, 3,    7772.85,  119.3,   0.97558
"SCN_CN15_9097_CEI230_ATV", 13.8, 1,    7772.84,   -0.7,   0.97558, 2,    7772.84, -120.7,   0.97558, 3,    7772.84,  119.3,   0.97558
"SCN_CN15_9096_CEI230_ATV", 13.8, 1,    7772.84,   -0.7,   0.97558, 2,    7772.84, -120.7,   0.97558, 3,    7772.84,  119.3,   0.97558
"SCN_CN15_9094_CEI230_ATV", 13.8, 1,    7772.84,   -0.7,   0.97558, 2,    7772.84, -120.7,   0.97558, 3,    7772.84,  119.3,   0.97558
"SCN_CN15_9281_CEI109", 13.8, 1,     7787.6,   -0.7,   0.97743, 2,     7787.6, -120.7,   0.97743, 3,     7787.6,  119.3,   0.97743
"SCN_CN15_9095_CEI230_ATV", 13.8, 1,    7772.84,   -0.7,   0.97558, 2,    7772.84, -120.7,   0.97558, 3,    7772.84,  119.3,   0.97558
"SCN_CN15_9120_CEI230_ATV", 13.8, 1,    7772.74,   -0.7,   0.97556, 2,    7772.74, -120.7,   0.97556, 3,    7772.74,  119.3,   0.97556
"SCN_CN15_9115_CEI230_ATV", 13.8, 1,    7772.74,   -0.7,   0.97556, 2,    7772.74, -120.7,   0.97556, 3,    7772.74,  119.3,   0.97556
"SCN_CN15_9119_CEI230_ATV", 13.8, 1,    7772.62,   -0.7,   0.97555, 2,    7772.62, -120.7,   0.97555, 3,    7772.62,  119.3,   0.97555
"SCN_CN15_9331_CEI109", 13.8, 1,    7782.66,   -0.7,   0.97681, 2,    7782.66, -120.7,   0.97681, 3,    7782.66,  119.3,   0.97681
"SCN_CN15_9332_CEI109", 13.8, 1,     7782.6,   -0.7,    0.9768, 2,     7782.6, -120.7,    0.9768, 3,     7782.6,  119.3,    0.9768
"SCN_CN15_9118_CEI230_ATV", 13.8, 1,    7772.51,   -0.7,   0.97553, 2,    7772.51, -120.7,   0.97553, 3,    7772.51,  119.3,   0.97553
"SCN_CN15_9117_CEI230_ATV", 13.8, 1,    7772.39,   -0.7,   0.97552, 2,    7772.39, -120.7,   0.97552, 3,    7772.39,  119.3,   0.97552
"SCN_CN15_9116_CEI230_ATV", 13.8, 1,    7772.27,   -0.7,    0.9755, 2,    7772.27, -120.7,    0.9755, 3,    7772.27,  119.3,    0.9755
"SCN_CN15_9014_CEIRJ003", 13.8, 1,    7772.15,   -0.7,   0.97549, 2,    7772.15, -120.7,   0.97549, 3,    7772.15,  119.3,   0.97549
"SCN_CN15_9002_CEI075", 13.8, 1,    7772.03,   -0.7,   0.97548, 2,    7772.03, -120.7,   0.97548, 3,    7772.03,  119.3,   0.97548
"SCN_CN15_9003_CEI075", 13.8, 1,    7771.92,   -0.7,   0.97546, 2,    7771.92, -120.7,   0.97546, 3,    7771.92,  119.3,   0.97546
"SCN_CN15_9282_CEI109", 13.8, 1,    7787.83,   -0.7,   0.97746, 2,    7787.83, -120.7,   0.97746, 3,    7787.83,  119.3,   0.97746
"SCN_CN15_9004_CEI075", 13.8, 1,     7771.8,   -0.7,   0.97545, 2,     7771.8, -120.7,   0.97545, 3,     7771.8,  119.3,   0.97545
"SCN_CN15_9052_CEIRJ006_ATV", 13.8, 1,    7771.91,   -0.7,   0.97546, 2,    7771.91, -120.7,   0.97546, 3,    7771.91,  119.3,   0.97546
"SCN_CN15_9005_CEI075", 13.8, 1,    7771.68,   -0.7,   0.97543, 2,    7771.68, -120.7,   0.97543, 3,    7771.68,  119.3,   0.97543
"SCN_CN15_9006_CEI075", 13.8, 1,    7771.57,   -0.7,   0.97542, 2,    7771.57, -120.7,   0.97542, 3,    7771.57,  119.3,   0.97542
"SCN_CN15_9007_CEI075", 13.8, 1,    7771.45,   -0.7,    0.9754, 2,    7771.45, -120.7,    0.9754, 3,    7771.45,  119.3,    0.9754
"SCN_CN15_9008_CEI075", 13.8, 1,    7771.33,   -0.7,   0.97539, 2,    7771.33, -120.7,   0.97539, 3,    7771.33,  119.3,   0.97539
"SCN_CN15_9009_CEI075", 13.8, 1,    7771.22,   -0.7,   0.97537, 2,    7771.22, -120.7,   0.97537, 3,    7771.22,  119.3,   0.97537
"SCN_CN15_9169_CEI230_ATV", 13.8, 1,    7771.22,   -0.7,   0.97537, 2,    7771.22, -120.7,   0.97537, 3,    7771.22,  119.3,   0.97537
"SCN_CN15_9010_CEI075", 13.8, 1,     7771.2,   -0.7,   0.97537, 2,     7771.2, -120.7,   0.97537, 3,     7771.2,  119.3,   0.97537
"SCN_CN15_9011_CEI075", 13.8, 1,    7771.17,   -0.7,   0.97537, 2,    7771.17, -120.7,   0.97537, 3,    7771.17,  119.3,   0.97537
"SCN_CN15_9012_CEI075", 13.8, 1,    7771.15,   -0.7,   0.97536, 2,    7771.15, -120.7,   0.97536, 3,    7771.15,  119.3,   0.97536
"SCN_CN15_9283_CEI109", 13.8, 1,    7788.05,   -0.7,   0.97749, 2,    7788.05, -120.7,   0.97749, 3,    7788.05,  119.3,   0.97749
"SCN_CN15_9013_CEI075", 13.8, 1,    7771.13,   -0.7,   0.97536, 2,    7771.13, -120.7,   0.97536, 3,    7771.13,  119.3,   0.97536
"SCN_CN15_9014_CEI075", 13.8, 1,     7771.1,   -0.7,   0.97536, 2,    7771.11, -120.7,   0.97536, 3,    7771.11,  119.3,   0.97536
"SCN_CN15_9015_CEI075", 13.8, 1,    7771.08,   -0.7,   0.97536, 2,    7771.08, -120.7,   0.97536, 3,    7771.08,  119.3,   0.97536
"SCN_CN15_9016_CEI075", 13.8, 1,    7771.06,   -0.7,   0.97535, 2,    7771.06, -120.7,   0.97535, 3,    7771.06,  119.3,   0.97535
"SCN_CN15_9017_CEI075", 13.8, 1,    7771.04,   -0.7,   0.97535, 2,    7771.04, -120.7,   0.97535, 3,    7771.04,  119.3,   0.97535
"SCN_CN15_9018_CEI075", 13.8, 1,    7771.01,   -0.7,   0.97535, 2,    7771.01, -120.7,   0.97535, 3,    7771.01,  119.3,   0.97535
"SCN_CN15_9019_CEI075", 13.8, 1,    7770.99,   -0.7,   0.97534, 2,    7770.99, -120.7,   0.97534, 3,    7770.99,  119.3,   0.97534
"SCN_CN15_9020_CEI075", 13.8, 1,    7770.97,   -0.7,   0.97534, 2,    7770.97, -120.7,   0.97534, 3,    7770.97,  119.3,   0.97534
"SCN_CN15_9022_CEI075", 13.8, 1,    7770.95,   -0.7,   0.97534, 2,    7770.95, -120.7,   0.97534, 3,    7770.95,  119.3,   0.97534
"SCN_CN15_9023_CEI075", 13.8, 1,    7770.93,   -0.7,   0.97534, 2,    7770.93, -120.7,   0.97534, 3,    7770.93,  119.3,   0.97534
"SCN_CN15_9284_CEI109", 13.8, 1,    7788.28,   -0.7,   0.97751, 2,    7788.28, -120.7,   0.97751, 3,    7788.28,  119.3,   0.97751
"SCN_CN15_9024_CEI075", 13.8, 1,    7770.91,   -0.7,   0.97533, 2,    7770.91, -120.7,   0.97533, 3,    7770.91,  119.3,   0.97533
"SCN_CN15_9025_CEI075", 13.8, 1,    7770.89,   -0.7,   0.97533, 2,    7770.89, -120.7,   0.97533, 3,    7770.89,  119.3,   0.97533
"SCN_CN15_9072_CEI230_ATV", 13.8, 1,    7770.89,   -0.7,   0.97533, 2,    7770.89, -120.7,   0.97533, 3,    7770.89,  119.3,   0.97533
"SCN_CN15_9028_CEI075", 13.8, 1,    7770.83,   -0.7,   0.97532, 2,    7770.83, -120.7,   0.97532, 3,    7770.83,  119.3,   0.97532
"SCN_CN15_9029_CEI075", 13.8, 1,    7770.82,   -0.7,   0.97532, 2,    7770.82, -120.7,   0.97532, 3,    7770.82,  119.3,   0.97532
"SCN_CN15_9027_CEI075", 13.8, 1,    7770.85,   -0.7,   0.97533, 2,    7770.85, -120.7,   0.97533, 3,    7770.85,  119.3,   0.97533
"SCN_CN15_9026_CEI075", 13.8, 1,    7770.87,   -0.7,   0.97533, 2,    7770.87, -120.7,   0.97533, 3,    7770.87,  119.3,   0.97533
"SCN_CN15_9030_CEI075", 13.8, 1,    7770.81,   -0.7,   0.97532, 2,    7770.81, -120.7,   0.97532, 3,    7770.81,  119.3,   0.97532
"SCN_CN15_9074_CEI230_ATV", 13.8, 1,     7770.8,   -0.7,   0.97532, 2,     7770.8, -120.7,   0.97532, 3,     7770.8,  119.3,   0.97532
"SCN_CN15_9075_CEI230_ATV", 13.8, 1,    7770.79,   -0.7,   0.97532, 2,    7770.79, -120.7,   0.97532, 3,    7770.79,  119.3,   0.97532
"SCN_CN15_9292_CEI109_S", 13.8, 1,     7788.5,   -0.7,   0.97754, 2,     7788.5, -120.7,   0.97754, 3,     7788.5,  119.3,   0.97754
"SCN_CN15_9076_CEI230_ATV_S", 13.8, 1,    7770.78,   -0.7,   0.97532, 2,    7770.78, -120.7,   0.97532, 3,    7770.78,  119.3,   0.97532
"SCN_CN15_9076_CEI230_ATV", 13.8, 1,    7770.78,   -0.7,   0.97532, 2,    7770.78, -120.7,   0.97532, 3,    7770.78,  119.3,   0.97532
"SCN_CN15_9079_CEI230_ATV", 13.8, 1,    7770.77,   -0.7,   0.97532, 2,    7770.77, -120.7,   0.97532, 3,    7770.77,  119.3,   0.97532
"SCN_CN15_9078_CEI230_ATV", 13.8, 1,    7770.77,   -0.7,   0.97532, 2,    7770.77, -120.7,   0.97532, 3,    7770.77,  119.3,   0.97532
"SCN_CN15_9077_CEI230_ATV", 13.8, 1,    7770.77,   -0.7,   0.97532, 2,    7770.77, -120.7,   0.97532, 3,    7770.77,  119.3,   0.97532
"SCN_CN15_9080_CEI230_ATV", 13.8, 1,    7770.77,   -0.7,   0.97532, 2,    7770.77, -120.7,   0.97532, 3,    7770.77,  119.3,   0.97532
"SCN_CN15_9081_CEI230_ATV", 13.8, 1,    7770.77,   -0.7,   0.97532, 2,    7770.77, -120.7,   0.97532, 3,    7770.77,  119.3,   0.97532
"SCN_CN15_9082_CEI230_ATV", 13.8, 1,    7770.77,   -0.7,   0.97532, 2,    7770.77, -120.7,   0.97532, 3,    7770.77,  119.3,   0.97532
"SCN_CN15_9084_CEI230_ATV", 13.8, 1,    7770.76,   -0.7,   0.97532, 2,    7770.76, -120.7,   0.97532, 3,    7770.76,  119.3,   0.97532
"SCN_CN15_9085_CEI230_ATV", 13.8, 1,    7770.76,   -0.7,   0.97532, 2,    7770.76, -120.7,   0.97532, 3,    7770.76,  119.3,   0.97532
"SCN_CN15_9086_CEI230_ATV", 13.8, 1,    7770.76,   -0.7,   0.97532, 2,    7770.76, -120.7,   0.97532, 3,    7770.76,  119.3,   0.97532
"SCN_CN15_9292_CEI109", 13.8, 1,     7788.5,   -0.7,   0.97754, 2,     7788.5, -120.7,   0.97754, 3,     7788.5,  119.3,   0.97754
"SCN_CN15_9423_CEI109", 13.8, 1,    7788.49,   -0.7,   0.97754, 2,    7788.49, -120.7,   0.97754, 3,    7788.49,  119.3,   0.97754
"SCN_CN15_9087_CEI230_ATV", 13.8, 1,    7770.76,   -0.7,   0.97531, 2,    7770.76, -120.7,   0.97531, 3,    7770.76,  119.3,   0.97531
"SCN_CN15_9083_CEI230_ATV", 13.8, 1,    7770.76,   -0.7,   0.97532, 2,    7770.76, -120.7,   0.97532, 3,    7770.76,  119.3,   0.97532
"SCN_CN15_9088_CEI230_ATV", 13.8, 1,    7770.76,   -0.7,   0.97532, 2,    7770.76, -120.7,   0.97532, 3,    7770.76,  119.3,   0.97532
"SCN_CN15_9090_CEI230_ATV", 13.8, 1,    7770.76,   -0.7,   0.97532, 2,    7770.76, -120.7,   0.97532, 3,    7770.76,  119.3,   0.97532
"SCN_CN15_9084_CEI148_ATV", 13.8, 1,     7779.1,   -0.7,   0.97636, 2,     7779.1, -120.7,   0.97636, 3,     7779.1,  119.3,   0.97636
"SCN_CN15_9083_CEI148_ATV", 13.8, 1,    7779.15,   -0.7,   0.97637, 2,    7779.15, -120.7,   0.97637, 3,    7779.15,  119.3,   0.97637
"SCN_CN15_9086_CEI148_ATV", 13.8, 1,    7779.07,   -0.7,   0.97636, 2,    7779.07, -120.7,   0.97636, 3,    7779.07,  119.3,   0.97636
"SCN_CN15_9100_CEI201_ATV", 13.8, 1,    7776.32,   -0.7,   0.97601, 2,    7776.32, -120.7,   0.97601, 3,    7776.32,  119.3,   0.97601
"SCN_CN15_9102_CEI201_ATV", 13.8, 1,    7776.32,   -0.7,   0.97601, 2,    7776.32, -120.7,   0.97601, 3,    7776.32,  119.3,   0.97601
"SCN_CN15_9087_CEI148_ATV", 13.8, 1,    7779.04,   -0.7,   0.97635, 2,    7779.04, -120.7,   0.97635, 3,    7779.04,  119.3,   0.97635
"SCN_CN15_9088_CEI148_ATV", 13.8, 1,    7779.03,   -0.7,   0.97635, 2,    7779.03, -120.7,   0.97635, 3,    7779.03,  119.3,   0.97635
"SCN_CN15_9090_CEI148_ATV", 13.8, 1,    7779.03,   -0.7,   0.97635, 2,    7779.03, -120.7,   0.97635, 3,    7779.03,  119.3,   0.97635
"SCN_CN15_9424_CEI109", 13.8, 1,    7788.48,   -0.7,   0.97754, 2,    7788.48, -120.7,   0.97754, 3,    7788.48,  119.3,   0.97754
"SCN_CN15_9034_CEI148A_ATV", 13.8, 1,    7779.02,   -0.7,   0.97635, 2,    7779.02, -120.7,   0.97635, 3,    7779.02,  119.3,   0.97635
"SCN_CN15_9033_CEI148A_ATV", 13.8, 1,    7778.99,   -0.7,   0.97635, 2,    7778.99, -120.7,   0.97635, 3,    7778.99,  119.3,   0.97635
"SCN_CN15_9035_CEI148A_ATV", 13.8, 1,    7778.99,   -0.7,   0.97635, 2,    7778.99, -120.7,   0.97635, 3,    7778.99,  119.3,   0.97635
"SCN_CN15_9031_CEI148A_ATV", 13.8, 1,    7778.97,   -0.7,   0.97635, 2,    7778.97, -120.7,   0.97635, 3,    7778.97,  119.3,   0.97635
"SCN_CN15_9030_CEI148A_ATV", 13.8, 1,    7778.95,   -0.7,   0.97634, 2,    7778.95, -120.7,   0.97634, 3,    7778.95,  119.3,   0.97634
"SCN_CN15_9029_CEI148A_ATV_S", 13.8, 1,    7778.95,   -0.7,   0.97634, 2,    7778.95, -120.7,   0.97634, 3,    7778.95,  119.3,   0.97634
"SCN_CN15_9028_CEI148A_ATV", 13.8, 1,    7778.95,   -0.7,   0.97634, 2,    7778.95, -120.7,   0.97634, 3,    7778.95,  119.3,   0.97634
"SCN_CN15_9029_CEI148A_ATV", 13.8, 1,    7778.95,   -0.7,   0.97634, 2,    7778.95, -120.7,   0.97634, 3,    7778.95,  119.3,   0.97634
"SCN_CN15_9032_CEI148A_ATV", 13.8, 1,    7778.95,   -0.7,   0.97634, 2,    7778.95, -120.7,   0.97634, 3,    7778.95,  119.3,   0.97634
"SCN_CN15_9078_CEI201_ATV", 13.8, 1,    7778.95,   -0.7,   0.97634, 2,    7778.95, -120.7,   0.97634, 3,    7778.95,  119.3,   0.97634
"SCN_CN15_9075_CEI201_ATV", 13.8, 1,    7778.95,   -0.7,   0.97634, 2,    7778.95, -120.7,   0.97634, 3,    7778.95,  119.3,   0.97634
"SCN_CN15_9425_CEI109", 13.8, 1,    7788.46,   -0.7,   0.97754, 2,    7788.46, -120.7,   0.97754, 3,    7788.46,  119.3,   0.97754
"SCN_CN15_9025_CEI148A_ATV", 13.8, 1,    7778.94,   -0.7,   0.97634, 2,    7778.94, -120.7,   0.97634, 3,    7778.94,  119.3,   0.97634
"SCN_CN15_9023_CEI148A_ATV_S", 13.8, 1,    7778.92,   -0.7,   0.97634, 2,    7778.92, -120.7,   0.97634, 3,    7778.92,  119.3,   0.97634
"SCN_CN15_9028_CEI69A", 13.8, 1,    7778.92,   -0.7,   0.97634, 2,    7778.92, -120.7,   0.97634, 3,    7778.92,  119.3,   0.97634
"SCN_CN15_9023_CEI148A_ATV", 13.8, 1,    7778.92,   -0.7,   0.97634, 2,    7778.92, -120.7,   0.97634, 3,    7778.92,  119.3,   0.97634
"SCN_CN15_9022_CEI148A_ATV", 13.8, 1,    7778.92,   -0.7,   0.97634, 2,    7778.92, -120.7,   0.97634, 3,    7778.92,  119.3,   0.97634
"SCN_CN15_9021_CEI148A_ATV", 13.8, 1,    7778.91,   -0.7,   0.97634, 2,    7778.91, -120.7,   0.97634, 3,    7778.91,  119.3,   0.97634
"SCN_CN15_9020_CEI148A_ATV_S", 13.8, 1,    7778.91,   -0.7,   0.97634, 2,    7778.91, -120.7,   0.97634, 3,    7778.91,  119.3,   0.97634
"SCN_CN15_9020_CEI148A_ATV", 13.8, 1,    7778.91,   -0.7,   0.97634, 2,    7778.91, -120.7,   0.97634, 3,    7778.91,  119.3,   0.97634
"SCN_CN15_9019_CEI148A_ATV", 13.8, 1,    7778.91,   -0.7,   0.97634, 2,    7778.91, -120.7,   0.97634, 3,    7778.91,  119.3,   0.97634
"SCN_CN15_9001_CEI148A_ATV", 13.8, 1,    7778.78,   -0.7,   0.97632, 2,    7778.78, -120.7,   0.97632, 3,    7778.78,  119.3,   0.97632
"SCN_CN15_9002_CEI148A_ATV", 13.8, 1,    7778.78,   -0.7,   0.97632, 2,    7778.78, -120.7,   0.97632, 3,    7778.78,  119.3,   0.97632
"SCN_CN15_9003_CEI148A_ATV", 13.8, 1,    7778.78,   -0.7,   0.97632, 2,    7778.78, -120.7,   0.97632, 3,    7778.78,  119.3,   0.97632
"SCN_CN15_9005_CEI148A_ATV", 13.8, 1,    7778.78,   -0.7,   0.97632, 2,    7778.78, -120.7,   0.97632, 3,    7778.78,  119.3,   0.97632
"SCN_CN15_9426_CEI109", 13.8, 1,    7788.45,   -0.7,   0.97754, 2,    7788.45, -120.7,   0.97754, 3,    7788.45,  119.3,   0.97754
"SCN_CN15_9004_CEI148A_ATV", 13.8, 1,    7778.78,   -0.7,   0.97632, 2,    7778.78, -120.7,   0.97632, 3,    7778.78,  119.3,   0.97632
"SCN_CN15_9143_CEI220_ATV", 13.8, 1,    7782.63,   -0.7,   0.97681, 2,    7782.63, -120.7,   0.97681, 3,    7782.63,  119.3,   0.97681
"SCN_CN15_9144_CEI220_ATV", 13.8, 1,    7782.63,   -0.7,   0.97681, 2,    7782.63, -120.7,   0.97681, 3,    7782.63,  119.3,   0.97681
"SCN_CN15_9006_CEI148A_ATV", 13.8, 1,    7778.79,   -0.7,   0.97632, 2,    7778.79, -120.7,   0.97632, 3,    7778.79,  119.3,   0.97632
"SCN_CN15_9007_CEI148A_ATV", 13.8, 1,    7778.79,   -0.7,   0.97632, 2,    7778.79, -120.7,   0.97632, 3,    7778.79,  119.3,   0.97632
"SCN_CN15_9008_CEI148A_ATV", 13.8, 1,     7778.8,   -0.7,   0.97632, 2,     7778.8, -120.7,   0.97632, 3,     7778.8,  119.3,   0.97632
"SCN_CN15_9010_CEI148A_ATV", 13.8, 1,    7778.81,   -0.7,   0.97633, 2,    7778.81, -120.7,   0.97633, 3,    7778.81,  119.3,   0.97633
"SCN_CN15_9009_CEI148A_ATV", 13.8, 1,     7778.8,   -0.7,   0.97632, 2,     7778.8, -120.7,   0.97632, 3,     7778.8,  119.3,   0.97632
"SCN_CN15_9011_CEI148A_ATV", 13.8, 1,    7778.82,   -0.7,   0.97633, 2,    7778.82, -120.7,   0.97633, 3,    7778.82,  119.3,   0.97633
"SCN_CN15_9012_CEI148A_ATV", 13.8, 1,    7778.83,   -0.7,   0.97633, 2,    7778.83, -120.7,   0.97633, 3,    7778.83,  119.3,   0.97633
"SCN_CN15_9013_CEI148A_ATV", 13.8, 1,    7778.84,   -0.7,   0.97633, 2,    7778.84, -120.7,   0.97633, 3,    7778.84,  119.3,   0.97633
"SCN_CN15_9014_CEI148A_ATV", 13.8, 1,    7778.85,   -0.7,   0.97633, 2,    7778.85, -120.7,   0.97633, 3,    7778.85,  119.3,   0.97633
"SCN_CN15_9015_CEI148A_ATV", 13.8, 1,    7778.86,   -0.7,   0.97633, 2,    7778.86, -120.7,   0.97633, 3,    7778.86,  119.3,   0.97633
"SCN_CN15_9427_CEI109", 13.8, 1,    7788.44,   -0.7,   0.97753, 2,    7788.44, -120.7,   0.97753, 3,    7788.44,  119.3,   0.97753
"SCN_CN15_9016_CEI148A_ATV", 13.8, 1,    7778.87,   -0.7,   0.97633, 2,    7778.87, -120.7,   0.97633, 3,    7778.87,  119.3,   0.97633
"SCN_CN15_9017_CEI148A_ATV", 13.8, 1,    7778.88,   -0.7,   0.97633, 2,    7778.88, -120.7,   0.97633, 3,    7778.88,  119.3,   0.97633
"SCN_CN15_9018_CEI148A_ATV", 13.8, 1,    7778.89,   -0.7,   0.97634, 2,    7778.89, -120.7,   0.97634, 3,    7778.89,  119.3,   0.97634
"SCN_CN15_9020_CEI69A", 13.8, 1,    7778.91,   -0.7,   0.97634, 2,    7778.91, -120.7,   0.97634, 3,    7778.91,  119.3,   0.97634
"SCN_CN15_9018_CEI148A_ATV_S", 13.8, 1,    7778.89,   -0.7,   0.97634, 2,    7778.89, -120.7,   0.97634, 3,    7778.89,  119.3,   0.97634
"SCN_CN15_9019_CEI69A", 13.8, 1,     7778.9,   -0.7,   0.97634, 2,     7778.9, -120.7,   0.97634, 3,     7778.9,  119.3,   0.97634
"SCN_CN15_9018_CEI69A", 13.8, 1,     7778.9,   -0.7,   0.97634, 2,     7778.9, -120.7,   0.97634, 3,     7778.9,  119.3,   0.97634
"SCN_CN15_9017_CEI69A", 13.8, 1,     7778.9,   -0.7,   0.97634, 2,     7778.9, -120.7,   0.97634, 3,     7778.9,  119.3,   0.97634
"SCN_CN15_9016_CEI69A", 13.8, 1,     7778.9,   -0.7,   0.97634, 2,     7778.9, -120.7,   0.97634, 3,     7778.9,  119.3,   0.97634
"SCN_CN15_9015_CEI69A", 13.8, 1,     7778.9,   -0.7,   0.97634, 2,     7778.9, -120.7,   0.97634, 3,     7778.9,  119.3,   0.97634
"SCN_CN15_9428_CEI109", 13.8, 1,    7788.42,   -0.7,   0.97753, 2,    7788.42, -120.7,   0.97753, 3,    7788.42,  119.3,   0.97753
"SCN_CN15_9012_CEI69A_S", 13.8, 1,    7778.89,   -0.7,   0.97634, 2,    7778.89, -120.7,   0.97634, 3,    7778.89,  119.3,   0.97634
"SCN_CN15_9012_CEI69A", 13.8, 1,    7778.89,   -0.7,   0.97634, 2,    7778.89, -120.7,   0.97634, 3,    7778.89,  119.3,   0.97634
"SCN_CN15_9013_CEI69A", 13.8, 1,    7778.89,   -0.7,   0.97634, 2,    7778.89, -120.7,   0.97634, 3,    7778.89,  119.3,   0.97634
"SCN_CN15_9014_CEI69A", 13.8, 1,    7778.89,   -0.7,   0.97634, 2,    7778.89, -120.7,   0.97634, 3,    7778.89,  119.3,   0.97634
"SCN_CN15_9011_CEI69A", 13.8, 1,    7778.89,   -0.7,   0.97634, 2,    7778.89, -120.7,   0.97634, 3,    7778.89,  119.3,   0.97634
"SCN_CN15_9073_CEIRJ006_ATV", 13.8, 1,    7779.02,   -0.7,   0.97635, 2,    7779.02, -120.7,   0.97635, 3,    7779.02,  119.3,   0.97635
"SCN_CN15_9091_CEI148_ATV", 13.8, 1,    7779.02,   -0.7,   0.97635, 2,    7779.02, -120.7,   0.97635, 3,    7779.02,  119.3,   0.97635
"SCN_CN15_9092_CEI148_ATV", 13.8, 1,    7779.02,   -0.7,   0.97635, 2,    7779.02, -120.7,   0.97635, 3,    7779.02,  119.3,   0.97635
"SCN_CN15_9089_CEI148_ATV", 13.8, 1,    7779.02,   -0.7,   0.97635, 2,    7779.02, -120.7,   0.97635, 3,    7779.02,  119.3,   0.97635
"SCN_CN15_9042_CEI69A", 13.8, 1,    7779.03,   -0.7,   0.97635, 2,    7779.03, -120.7,   0.97635, 3,    7779.03,  119.3,   0.97635
"SCN_CN15_9100_CEI072", 13.8, 1,    7751.64,   -0.7,   0.97292, 2,    7751.64, -120.7,   0.97292, 3,    7751.64,  119.3,   0.97292
"SCN_CN15_9101_CEI072", 13.8, 1,    7751.64,   -0.7,   0.97292, 2,    7751.64, -120.7,   0.97292, 3,    7751.64,  119.3,   0.97292
"SCN_CN15_9102_CEI072", 13.8, 1,    7751.63,   -0.7,   0.97291, 2,    7751.63, -120.7,   0.97291, 3,    7751.63,  119.3,   0.97291
"SCN_CN15_9103_CEI072", 13.8, 1,    7751.63,   -0.7,   0.97291, 2,    7751.63, -120.7,   0.97291, 3,    7751.63,  119.3,   0.97291
"SCN_CN15_9104_CEI072", 13.8, 1,    7751.63,   -0.7,   0.97291, 2,    7751.63, -120.7,   0.97291, 3,    7751.63,  119.3,   0.97291
"SCN_CN15_9105_CEI072", 13.8, 1,    7751.63,   -0.7,   0.97291, 2,    7751.63, -120.7,   0.97291, 3,    7751.63,  119.3,   0.97291
"SCN_CN15_9491_CEI109", 13.8, 1,    7782.72,   -0.7,   0.97682, 2,    7782.72, -120.7,   0.97682, 3,    7782.72,  119.3,   0.97682
"SCN_CN15_9492_CEI109", 13.8, 1,     7782.7,   -0.7,   0.97681, 2,     7782.7, -120.7,   0.97681, 3,     7782.7,  119.3,   0.97681
"SCN_CN15_9106_CEI072", 13.8, 1,    7751.62,   -0.7,   0.97291, 2,    7751.62, -120.7,   0.97291, 3,    7751.62,  119.3,   0.97291
"SCN_CN15_9107_CEI072", 13.8, 1,    7751.62,   -0.7,   0.97291, 2,    7751.62, -120.7,   0.97291, 3,    7751.62,  119.3,   0.97291
"SCN_CN15_9108_CEI072", 13.8, 1,    7751.62,   -0.7,   0.97291, 2,    7751.62, -120.7,   0.97291, 3,    7751.62,  119.3,   0.97291
"SCN_CN15_9109_CEI072", 13.8, 1,    7751.62,   -0.7,   0.97291, 2,    7751.62, -120.7,   0.97291, 3,    7751.62,  119.3,   0.97291
"SCN_CN15_9110_CEI072", 13.8, 1,    7751.61,   -0.7,   0.97291, 2,    7751.61, -120.7,   0.97291, 3,    7751.61,  119.3,   0.97291
"SCN_CN15_9111_CEI072", 13.8, 1,    7751.61,   -0.7,   0.97291, 2,    7751.61, -120.7,   0.97291, 3,    7751.61,  119.3,   0.97291
"SCN_CN15_9112_CEI072", 13.8, 1,    7751.61,   -0.7,   0.97291, 2,    7751.61, -120.7,   0.97291, 3,    7751.61,  119.3,   0.97291
"SCN_CN15_9113_CEI072", 13.8, 1,    7751.61,   -0.7,   0.97291, 2,    7751.61, -120.7,   0.97291, 3,    7751.61,  119.3,   0.97291
"SCN_CN15_9114_CEI072", 13.8, 1,     7751.6,   -0.7,   0.97291, 2,     7751.6, -120.7,   0.97291, 3,     7751.6,  119.3,   0.97291
"SCN_CN15_9005_CEI077_ATV", 13.8, 1,    7750.84,   -0.7,   0.97282, 2,    7750.84, -120.7,   0.97282, 3,    7750.84,  119.3,   0.97282
"SCN_CN15_9008_CEI077_ATV", 13.8, 1,    7750.84,   -0.7,   0.97281, 2,    7750.84, -120.7,   0.97281, 3,    7750.84,  119.3,   0.97281
"SCN_CN15_9493_CEI109", 13.8, 1,    7782.69,   -0.7,   0.97681, 2,    7782.69, -120.7,   0.97681, 3,    7782.69,  119.3,   0.97681
"SCN_CN15_9009_CEI077_ATV", 13.8, 1,    7750.83,   -0.7,   0.97281, 2,    7750.83, -120.7,   0.97281, 3,    7750.83,  119.3,   0.97281
"SCN_CN15_9037_CEI230_ATV_S", 13.8, 1,    7749.04,   -0.7,   0.97259, 2,    7749.04, -120.7,   0.97259, 3,    7749.04,  119.3,   0.97259
"SCN_CN15_9092_CEI77A_ATV", 13.8, 1,    7749.14,   -0.7,    0.9726, 2,    7749.14, -120.7,    0.9726, 3,    7749.14,  119.3,    0.9726
"SCN_CN15_9093_CEI77A_ATV", 13.8, 1,    7749.24,   -0.7,   0.97261, 2,    7749.24, -120.7,   0.97261, 3,    7749.24,  119.3,   0.97261
"SCN_CN15_9093_CEI77A_ATV_S", 13.8, 1,    7749.24,   -0.7,   0.97261, 2,    7749.24, -120.7,   0.97261, 3,    7749.24,  119.3,   0.97261
"SCN_CN15_9094_CEI77A_ATV", 13.8, 1,    7749.34,   -0.7,   0.97263, 2,    7749.34, -120.7,   0.97263, 3,    7749.34,  119.3,   0.97263
"SCN_CN15_9100_CEI77A_ATV", 13.8, 1,    7749.45,   -0.7,   0.97264, 2,    7749.45, -120.7,   0.97264, 3,    7749.45,  119.3,   0.97264
"SCN_CN15_9094_CEI77A_ATV_S", 13.8, 1,    7749.34,   -0.7,   0.97263, 2,    7749.34, -120.7,   0.97263, 3,    7749.34,  119.3,   0.97263
"SCN_CN15_9101_CEI77A_ATV", 13.8, 1,    7749.56,   -0.7,   0.97265, 2,    7749.56, -120.7,   0.97265, 3,    7749.56,  119.3,   0.97265
"SCN_CN15_9101_CEI77A_ATV_S", 13.8, 1,    7749.56,   -0.7,   0.97265, 2,    7749.56, -120.7,   0.97265, 3,    7749.56,  119.3,   0.97265
"SCN_CN15_9102_CEI77A_ATV", 13.8, 1,    7749.67,   -0.7,   0.97267, 2,    7749.67, -120.7,   0.97267, 3,    7749.67,  119.3,   0.97267
"SCN_CN15_9104_CEI77A_ATV", 13.8, 1,    7749.78,   -0.7,   0.97268, 2,    7749.78, -120.7,   0.97268, 3,    7749.78,  119.3,   0.97268
"SCN_CN15_9103_CEI77A_ATV", 13.8, 1,    7749.66,   -0.7,   0.97267, 2,    7749.66, -120.7,   0.97267, 3,    7749.66,  119.3,   0.97267
"SCN_CN15_9095_CEI77A_ATV", 13.8, 1,    7749.33,   -0.7,   0.97263, 2,    7749.33, -120.7,   0.97263, 3,    7749.33,  119.3,   0.97263
"SCN_CN15_9494_CEI109", 13.8, 1,    7782.69,   -0.7,   0.97681, 2,    7782.69, -120.7,   0.97681, 3,    7782.69,  119.3,   0.97681
"SCN_CN15_9096_CEI77A_ATV", 13.8, 1,    7749.33,   -0.7,   0.97263, 2,    7749.33, -120.7,   0.97263, 3,    7749.33,  119.3,   0.97263
"SCN_CN15_9097_CEI77A_ATV", 13.8, 1,    7749.33,   -0.7,   0.97263, 2,    7749.33, -120.7,   0.97263, 3,    7749.33,  119.3,   0.97263
"SCN_CN15_9098_CEI77A_ATV", 13.8, 1,    7749.33,   -0.7,   0.97263, 2,    7749.33, -120.7,   0.97263, 3,    7749.33,  119.3,   0.97263
"SCN_CN15_9099_CEI77A_ATV", 13.8, 1,    7749.32,   -0.7,   0.97262, 2,    7749.32, -120.7,   0.97262, 3,    7749.32,  119.3,   0.97262
"SCN_CN15_9042_CEI160_ATV", 13.8, 1,    7750.54,   -0.7,   0.97278, 2,    7750.54, -120.7,   0.97278, 3,    7750.54,  119.3,   0.97278
"SCN_CN15_9048_CEI160_ATV", 13.8, 1,    7750.54,   -0.7,   0.97278, 2,    7750.54, -120.7,   0.97278, 3,    7750.54,  119.3,   0.97278
"SCN_CN15_9049_CEI160_ATV", 13.8, 1,    7750.54,   -0.7,   0.97278, 2,    7750.54, -120.7,   0.97278, 3,    7750.54,  119.3,   0.97278
"SCN_CN15_9005_CEIRJ012_ATV", 13.8, 1,    7750.55,   -0.7,   0.97278, 2,    7750.55, -120.7,   0.97278, 3,    7750.55,  119.3,   0.97278
"SCN_CN15_9004_CEIRJ012_ATV", 13.8, 1,    7750.55,   -0.7,   0.97278, 2,    7750.55, -120.7,   0.97278, 3,    7750.55,  119.3,   0.97278
"SCN_CN15_9496_CEI109", 13.8, 1,    7782.68,   -0.7,   0.97681, 2,    7782.68, -120.7,   0.97681, 3,    7782.68,  119.3,   0.97681
"SCN_CN15_9015_CEI077_ATV", 13.8, 1,    7750.58,   -0.7,   0.97278, 2,    7750.58, -120.7,   0.97278, 3,    7750.58,  119.3,   0.97278
"SCN_CN15_9013_CEI077_ATV", 13.8, 1,     7750.6,   -0.7,   0.97278, 2,     7750.6, -120.7,   0.97278, 3,     7750.6,  119.3,   0.97278
"SCN_CN15_9014_CEI077_ATV_S", 13.8, 1,    7750.59,   -0.7,   0.97278, 2,    7750.59, -120.7,   0.97278, 3,    7750.59,  119.3,   0.97278
"SCN_CN15_9011_CEI077_ATV", 13.8, 1,    7750.61,   -0.7,   0.97279, 2,    7750.61, -120.7,   0.97279, 3,    7750.61,  119.3,   0.97279
"SCN_CN15_9010_CEI077_ATV", 13.8, 1,    7750.62,   -0.7,   0.97279, 2,    7750.62, -120.7,   0.97279, 3,    7750.62,  119.3,   0.97279
"SCN_CN15_9016_CEI077_ATV", 13.8, 1,    7750.38,   -0.7,   0.97276, 2,    7750.38, -120.7,   0.97276, 3,    7750.38,  119.3,   0.97276
"SCN_CN15_9018_CEI077_ATV", 13.8, 1,    7750.15,   -0.7,   0.97273, 2,    7750.15, -120.7,   0.97273, 3,    7750.15,  119.3,   0.97273
"SCN_CN15_9017_CEI077_ATV", 13.8, 1,    7750.38,   -0.7,   0.97276, 2,    7750.38, -120.7,   0.97276, 3,    7750.38,  119.3,   0.97276
"SCN_CN15_9129_CEI77A_ATV_S", 13.8, 1,    7749.92,   -0.7,    0.9727, 2,    7749.92, -120.7,    0.9727, 3,    7749.92,  119.3,    0.9727
"SCN_CN15_9019_CEI077_ATV", 13.8, 1,    7750.13,   -0.7,   0.97273, 2,    7750.13, -120.7,   0.97273, 3,    7750.13,  119.3,   0.97273
"SCN_CN15_9497_CEI109", 13.8, 1,    7782.67,   -0.7,   0.97681, 2,    7782.67, -120.7,   0.97681, 3,    7782.67,  119.3,   0.97681
"SCN_CN15_9020_CEI077_ATV", 13.8, 1,    7750.12,   -0.7,   0.97272, 2,    7750.12, -120.7,   0.97272, 3,    7750.12,  119.3,   0.97272
"SCN_CN15_9022_CEI077_ATV", 13.8, 1,     7750.1,   -0.7,   0.97272, 2,     7750.1, -120.7,   0.97272, 3,     7750.1,  119.3,   0.97272
"SCN_CN15_9023_CEI077_ATV", 13.8, 1,    7750.09,   -0.7,   0.97272, 2,    7750.09, -120.7,   0.97272, 3,    7750.09,  119.3,   0.97272
"SCN_CN15_9024_CEI077_ATV", 13.8, 1,    7750.09,   -0.7,   0.97272, 2,    7750.09, -120.7,   0.97272, 3,    7750.09,  119.3,   0.97272
"SCN_CN15_9021_CEI077_ATV", 13.8, 1,     7750.1,   -0.7,   0.97272, 2,     7750.1, -120.7,   0.97272, 3,     7750.1,  119.3,   0.97272
"SCN_CN15_9025_CEI077_ATV", 13.8, 1,    7750.08,   -0.7,   0.97272, 2,    7750.08, -120.7,   0.97272, 3,    7750.08,  119.3,   0.97272
"SCN_CN15_9027_CEI077_ATV", 13.8, 1,    7750.07,   -0.7,   0.97272, 2,    7750.07, -120.7,   0.97272, 3,    7750.07,  119.3,   0.97272
"SCN_CN15_9028_CEI077_ATV", 13.8, 1,    7750.07,   -0.7,   0.97272, 2,    7750.07, -120.7,   0.97272, 3,    7750.07,  119.3,   0.97272
"SCN_CN15_9026_CEI077_ATV", 13.8, 1,    7750.07,   -0.7,   0.97272, 2,    7750.07, -120.7,   0.97272, 3,    7750.07,  119.3,   0.97272
"SCN_CN15_9498_CEI109", 13.8, 1,    7782.67,   -0.7,   0.97681, 2,    7782.67, -120.7,   0.97681, 3,    7782.67,  119.3,   0.97681
"SCN_CN15_9040_CEI160_ATV", 13.8, 1,    7750.07,   -0.7,   0.97272, 2,    7750.07, -120.7,   0.97272, 3,    7750.07,  119.3,   0.97272
"SCN_CN15_9041_CEI160_ATV", 13.8, 1,    7750.07,   -0.7,   0.97272, 2,    7750.07, -120.7,   0.97272, 3,    7750.07,  119.3,   0.97272
"SCN_CN15_9039_CEI160_ATV", 13.8, 1,    7750.07,   -0.7,   0.97272, 2,    7750.07, -120.7,   0.97272, 3,    7750.07,  119.3,   0.97272
"SCN_CN15_9030_CEI077_ATV", 13.8, 1,    7750.07,   -0.7,   0.97272, 2,    7750.07, -120.7,   0.97272, 3,    7750.07,  119.3,   0.97272
"SCN_CN15_9029_CEI077_ATV", 13.8, 1,    7750.07,   -0.7,   0.97272, 2,    7750.07, -120.7,   0.97272, 3,    7750.07,  119.3,   0.97272
"SCN_CN15_9129_CEI77A_ATV", 13.8, 1,    7749.92,   -0.7,    0.9727, 2,    7749.92, -120.7,    0.9727, 3,    7749.92,  119.3,    0.9727
"SCN_CN15_9130_CEI77A_ATV", 13.8, 1,    7749.85,   -0.7,   0.97269, 2,    7749.85, -120.7,   0.97269, 3,    7749.85,  119.3,   0.97269
"SCN_CN15_9002_CEI077", 13.8, 1,    7749.77,   -0.7,   0.97268, 2,    7749.77, -120.7,   0.97268, 3,    7749.77,  119.3,   0.97268
"SCN_CN15_9132_CEI77A_ATV_S", 13.8, 1,     7749.7,   -0.7,   0.97267, 2,     7749.7, -120.7,   0.97267, 3,     7749.7,  119.3,   0.97267
"SCN_CN15_9132_CEI77A_ATV", 13.8, 1,     7749.7,   -0.7,   0.97267, 2,     7749.7, -120.7,   0.97267, 3,     7749.7,  119.3,   0.97267
"SCN_CN15_9133_CEI77A_ATV", 13.8, 1,     7749.7,   -0.7,   0.97267, 2,     7749.7, -120.7,   0.97267, 3,     7749.7,  119.3,   0.97267
"SCN_CN15_9134_CEI77A_ATV", 13.8, 1,    7749.63,   -0.7,   0.97266, 2,    7749.63, -120.7,   0.97266, 3,    7749.63,  119.3,   0.97266
"SCN_CN15_9135_CEI77A_ATV", 13.8, 1,    7749.56,   -0.7,   0.97265, 2,    7749.56, -120.7,   0.97265, 3,    7749.56,  119.3,   0.97265
"SCN_CN15_9499_CEI109", 13.8, 1,    7782.66,   -0.7,   0.97681, 2,    7782.66, -120.7,   0.97681, 3,    7782.66,  119.3,   0.97681
"SCN_CN15_9136_CEI77A_ATV", 13.8, 1,    7749.56,   -0.7,   0.97265, 2,    7749.56, -120.7,   0.97265, 3,    7749.56,  119.3,   0.97265
"SCN_CN15_9204_CEI230_ATV", 13.8, 1,    7779.02,   -0.7,   0.97635, 2,    7779.02, -120.7,   0.97635, 3,    7779.02,  119.3,   0.97635
"SCN_CN15_9429_CEI109", 13.8, 1,    7788.41,   -0.7,   0.97753, 2,    7788.41, -120.7,   0.97753, 3,    7788.41,  119.3,   0.97753
"SCN_CN15_9203_CEI230_ATV", 13.8, 1,    7779.02,   -0.7,   0.97635, 2,    7779.02, -120.7,   0.97635, 3,    7779.02,  119.3,   0.97635
"SCN_CN15_9202_CEI230_ATV", 13.8, 1,    7779.02,   -0.7,   0.97635, 2,    7779.02, -120.7,   0.97635, 3,    7779.02,  119.3,   0.97635
"SCN_CN15_9205_CEI230_ATV", 13.8, 1,    7779.02,   -0.7,   0.97635, 2,    7779.02, -120.7,   0.97635, 3,    7779.02,  119.3,   0.97635
"SCN_CN15_9189_CEI230_ATV", 13.8, 1,    7779.01,   -0.7,   0.97635, 2,    7779.01, -120.7,   0.97635, 3,    7779.01,  119.3,   0.97635
"SCN_CN15_9188_CEI230_ATV", 13.8, 1,    7779.01,   -0.7,   0.97635, 2,    7779.01, -120.7,   0.97635, 3,    7779.01,  119.3,   0.97635
"SCN_CN15_9191_CEI230_ATV", 13.8, 1,    7779.01,   -0.7,   0.97635, 2,    7779.01, -120.7,   0.97635, 3,    7779.01,  119.3,   0.97635
"SCN_CN15_9192_CEI230_ATV", 13.8, 1,    7779.01,   -0.7,   0.97635, 2,    7779.01, -120.7,   0.97635, 3,    7779.01,  119.3,   0.97635
"SCN_CN15_9193_CEI230_ATV", 13.8, 1,       7779,   -0.7,   0.97635, 2,       7779, -120.7,   0.97635, 3,       7779,  119.3,   0.97635
"SCN_CN15_9190_CEI230_ATV", 13.8, 1,    7779.01,   -0.7,   0.97635, 2,    7779.01, -120.7,   0.97635, 3,    7779.01,  119.3,   0.97635
"SCN_CN15_9194_CEI230_ATV", 13.8, 1,       7779,   -0.7,   0.97635, 2,       7779, -120.7,   0.97635, 3,       7779,  119.3,   0.97635
"SCN_CN15_9017_CEI220_ATV", 13.8, 1,     7788.4,   -0.7,   0.97753, 2,     7788.4, -120.7,   0.97753, 3,     7788.4,  119.3,   0.97753
"SCN_CN15_9195_CEI230_ATV", 13.8, 1,       7779,   -0.7,   0.97635, 2,       7779, -120.7,   0.97635, 3,       7779,  119.3,   0.97635
"SCN_CN15_9071_CEIRJ006_ATV", 13.8, 1,    7779.01,   -0.7,   0.97635, 2,    7779.01, -120.7,   0.97635, 3,    7779.01,  119.3,   0.97635
"SCN_CN15_9070_CEIRJ006_ATV", 13.8, 1,       7779,   -0.7,   0.97635, 2,       7779, -120.7,   0.97635, 3,       7779,  119.3,   0.97635
"SCN_CN15_9020_CEIRJ013_ATV", 13.8, 1,    7773.81,   -0.7,    0.9757, 2,    7773.81, -120.7,    0.9757, 3,    7773.81,  119.3,    0.9757
"SCN_CN15_9143_CEI69B_S", 13.8, 1,    7773.83,   -0.7,    0.9757, 2,    7773.83, -120.7,    0.9757, 3,    7773.83,  119.3,    0.9757
"SCN_CN15_9036_CEI160_ATV", 13.8, 1,    7773.81,   -0.7,    0.9757, 2,    7773.81, -120.7,    0.9757, 3,    7773.81,  119.3,    0.9757
"SCN_CN15_9037_CEI160_ATV", 13.8, 1,    7773.81,   -0.7,    0.9757, 2,    7773.81, -120.7,    0.9757, 3,    7773.81,  119.3,    0.9757
"SCN_CN15_9141_CEI69B", 13.8, 1,     7773.8,   -0.7,    0.9757, 2,     7773.8, -120.7,    0.9757, 3,     7773.8,  119.3,    0.9757
"SCN_CN15_9144_CEI69B", 13.8, 1,    7773.79,   -0.7,    0.9757, 2,    7773.79, -120.7,    0.9757, 3,    7773.79,  119.3,    0.9757
"SCN_CN15_9146_CEI69B", 13.8, 1,    7773.79,   -0.7,    0.9757, 2,    7773.79, -120.7,    0.9757, 3,    7773.79,  119.3,    0.9757
"SCN_CN15_9433_CEI109", 13.8, 1,    7788.39,   -0.7,   0.97753, 2,    7788.39, -120.7,   0.97753, 3,    7788.39,  119.3,   0.97753
"SCN_CN15_9145_CEI69B", 13.8, 1,    7773.78,   -0.7,   0.97569, 2,    7773.78, -120.7,   0.97569, 3,    7773.78,  119.3,   0.97569
"SCN_CN15_9151_CEI69B", 13.8, 1,    7773.78,   -0.7,   0.97569, 2,    7773.78, -120.7,   0.97569, 3,    7773.78,  119.3,   0.97569
"SCN_CN15_9153_CEI69B", 13.8, 1,    7773.77,   -0.7,   0.97569, 2,    7773.77, -120.7,   0.97569, 3,    7773.77,  119.3,   0.97569
"SCN_CN15_9187_CEI69B", 13.8, 1,    7773.73,   -0.7,   0.97569, 2,    7773.73, -120.7,   0.97569, 3,    7773.73,  119.3,   0.97569
"SCN_CN15_9186_CEI69B", 13.8, 1,     7773.7,   -0.7,   0.97568, 2,     7773.7, -120.7,   0.97568, 3,     7773.7,  119.3,   0.97568
"SCN_CN15_9185_CEI69B", 13.8, 1,    7773.66,   -0.7,   0.97568, 2,    7773.66, -120.7,   0.97568, 3,    7773.66,  119.3,   0.97568
"SCN_CN15_9184_CEI69B", 13.8, 1,    7773.62,   -0.7,   0.97567, 2,    7773.62, -120.7,   0.97567, 3,    7773.62,  119.3,   0.97567
"SCN_CN15_9183_CEI69B", 13.8, 1,    7773.59,   -0.7,   0.97567, 2,    7773.59, -120.7,   0.97567, 3,    7773.59,  119.3,   0.97567
"SCN_CN15_9182_CEI69B", 13.8, 1,    7773.55,   -0.7,   0.97567, 2,    7773.55, -120.7,   0.97567, 3,    7773.55,  119.3,   0.97567
"SCN_CN15_9018_CEI220_ATV", 13.8, 1,    7788.38,   -0.7,   0.97753, 2,    7788.38, -120.7,   0.97753, 3,    7788.38,  119.3,   0.97753
"SCN_CN15_9181_CEI69B", 13.8, 1,    7773.51,   -0.7,   0.97566, 2,    7773.51, -120.7,   0.97566, 3,    7773.51,  119.3,   0.97566
"SCN_CN15_9180_CEI69B", 13.8, 1,    7773.47,   -0.7,   0.97566, 2,    7773.47, -120.7,   0.97566, 3,    7773.47,  119.3,   0.97566
"SCN_CN15_9179_CEI69B_S", 13.8, 1,    7773.44,   -0.7,   0.97565, 2,    7773.44, -120.7,   0.97565, 3,    7773.44,  119.3,   0.97565
"SCN_CN15_9098_CEI201_ATV", 13.8, 1,    7773.44,   -0.7,   0.97565, 2,    7773.44, -120.7,   0.97565, 3,    7773.44,  119.3,   0.97565
"SCN_CN15_9179_CEI69B", 13.8, 1,    7773.44,   -0.7,   0.97565, 2,    7773.44, -120.7,   0.97565, 3,    7773.44,  119.3,   0.97565
"SCN_CN15_9189_CEI69B", 13.8, 1,    7773.43,   -0.7,   0.97565, 2,    7773.43, -120.7,   0.97565, 3,    7773.43,  119.3,   0.97565
"SCN_CN15_9178_CEI69B", 13.8, 1,     7773.4,   -0.7,   0.97565, 2,     7773.4, -120.7,   0.97565, 3,     7773.4,  119.3,   0.97565
"SCN_CN15_9177_CEI69B", 13.8, 1,    7773.36,   -0.7,   0.97564, 2,    7773.36, -120.7,   0.97564, 3,    7773.36,  119.3,   0.97564
"SCN_CN15_9176_CEI69B", 13.8, 1,    7773.33,   -0.7,   0.97564, 2,    7773.33, -120.7,   0.97564, 3,    7773.33,  119.3,   0.97564
"SCN_CN15_9175_CEI69B", 13.8, 1,     7773.3,   -0.7,   0.97563, 2,     7773.3, -120.7,   0.97563, 3,     7773.3,  119.3,   0.97563
"SCN_CN15_9171_CEI69B", 13.8, 1,    7773.27,   -0.7,   0.97563, 2,    7773.27, -120.7,   0.97563, 3,    7773.27,  119.3,   0.97563
"SCN_CN15_9436_CEI109", 13.8, 1,    7788.38,   -0.7,   0.97753, 2,    7788.38, -120.7,   0.97753, 3,    7788.38,  119.3,   0.97753
"SCN_CN15_9170_CEI69B", 13.8, 1,    7773.27,   -0.7,   0.97563, 2,    7773.27, -120.7,   0.97563, 3,    7773.27,  119.3,   0.97563
"SCN_CN15_9172_CEI69B", 13.8, 1,    7773.25,   -0.7,   0.97563, 2,    7773.25, -120.7,   0.97563, 3,    7773.25,  119.3,   0.97563
"SCN_CN15_9174_CEI69B", 13.8, 1,    7773.29,   -0.7,   0.97563, 2,    7773.29, -120.7,   0.97563, 3,    7773.29,  119.3,   0.97563
"SCN_CN15_9126_CEI201_ATV", 13.8, 1,    7773.22,   -0.7,   0.97562, 2,    7773.22, -120.7,   0.97562, 3,    7773.22,  119.3,   0.97562
"SCN_CN15_9008_CEI220_ATV_S", 13.8, 1,    7773.22,   -0.7,   0.97562, 2,    7773.22, -120.7,   0.97562, 3,    7773.22,  119.3,   0.97562
"SCN_CN15_9173_CEI69B", 13.8, 1,    7773.28,   -0.7,   0.97563, 2,    7773.28, -120.7,   0.97563, 3,    7773.28,  119.3,   0.97563
"SCN_CN15_9120_CEI201_ATV", 13.8, 1,    7773.27,   -0.7,   0.97563, 2,    7773.27, -120.7,   0.97563, 3,    7773.27,  119.3,   0.97563
"SCN_CN15_9002_CEI220_ATV", 13.8, 1,    7773.26,   -0.7,   0.97563, 2,    7773.26, -120.7,   0.97563, 3,    7773.26,  119.3,   0.97563
"SCN_CN15_9181_CEI69A", 13.8, 1,    7773.22,   -0.7,   0.97562, 2,    7773.22, -120.7,   0.97562, 3,    7773.22,  119.3,   0.97562
"SCN_CN15_9125_CEI201_ATV", 13.8, 1,    7773.23,   -0.7,   0.97563, 2,    7773.23, -120.7,   0.97563, 3,    7773.23,  119.3,   0.97563
"SCN_CN15_9437_CEI109", 13.8, 1,    7788.37,   -0.7,   0.97753, 2,    7788.37, -120.7,   0.97753, 3,    7788.37,  119.3,   0.97753
"SCN_CN15_9128_CEI201_ATV", 13.8, 1,    7773.22,   -0.7,   0.97562, 2,    7773.22, -120.7,   0.97562, 3,    7773.22,  119.3,   0.97562
"SCN_CN15_9185_CEI69A", 13.8, 1,    7773.21,   -0.7,   0.97562, 2,    7773.21, -120.7,   0.97562, 3,    7773.21,  119.3,   0.97562
"SCN_CN15_9195_CEI69A", 13.8, 1,    7773.21,   -0.7,   0.97562, 2,    7773.21, -120.7,   0.97562, 3,    7773.21,  119.3,   0.97562
"SCN_CN15_9196_CEI69A", 13.8, 1,    7773.21,   -0.7,   0.97562, 2,    7773.21, -120.7,   0.97562, 3,    7773.21,  119.3,   0.97562
"SCN_CN15_9197_CEI69A", 13.8, 1,    7773.21,   -0.7,   0.97562, 2,    7773.21, -120.7,   0.97562, 3,    7773.21,  119.3,   0.97562
"SCN_CN15_9198_CEI69A", 13.8, 1,     7773.2,   -0.7,   0.97562, 2,     7773.2, -120.7,   0.97562, 3,     7773.2,  119.3,   0.97562
"SCN_CN15_9035_CEI160_ATV", 13.8, 1,    7773.23,   -0.7,   0.97563, 2,    7773.23, -120.7,   0.97563, 3,    7773.23,  119.3,   0.97563
"SCN_CN15_9050_CEI69B", 13.8, 1,     7773.8,   -0.7,    0.9757, 2,     7773.8, -120.7,    0.9757, 3,     7773.8,  119.3,    0.9757
"SCN_CN15_9153_CEI69B_S", 13.8, 1,    7773.77,   -0.7,   0.97569, 2,    7773.77, -120.7,   0.97569, 3,    7773.77,  119.3,   0.97569
"SCN_CN15_9458_CEI109", 13.8, 1,    7788.36,   -0.7,   0.97752, 2,    7788.36, -120.7,   0.97752, 3,    7788.36,  119.3,   0.97752
"SCN_CN15_9051_CEI69B", 13.8, 1,     7773.8,   -0.7,    0.9757, 2,     7773.8, -120.7,    0.9757, 3,     7773.8,  119.3,    0.9757
"SCN_CN15_9049_CEI69B", 13.8, 1,    7773.83,   -0.7,    0.9757, 2,    7773.83, -120.7,    0.9757, 3,    7773.83,  119.3,    0.9757
"SCN_CN15_9048_CEI69B", 13.8, 1,    7773.86,   -0.7,    0.9757, 2,    7773.86, -120.7,    0.9757, 3,    7773.86,  119.3,    0.9757
"SCN_CN15_9047_CEI69B", 13.8, 1,    7773.89,   -0.7,   0.97571, 2,    7773.89, -120.7,   0.97571, 3,    7773.89,  119.3,   0.97571
"SCN_CN15_9145_CEI201_ATV", 13.8, 1,    7773.89,   -0.7,   0.97571, 2,    7773.89, -120.7,   0.97571, 3,    7773.89,  119.3,   0.97571
"SCN_CN15_9144_CEI201_ATV", 13.8, 1,    7773.89,   -0.7,   0.97571, 2,    7773.89, -120.7,   0.97571, 3,    7773.89,  119.3,   0.97571
"SCN_CN15_9143_CEI201_ATV", 13.8, 1,    7773.88,   -0.7,   0.97571, 2,    7773.88, -120.7,   0.97571, 3,    7773.88,  119.3,   0.97571
"SCN_CN15_9046_CEI69B", 13.8, 1,    7773.92,   -0.7,   0.97571, 2,    7773.92, -120.7,   0.97571, 3,    7773.92,  119.3,   0.97571
"SCN_CN15_9047_CEI69B_S", 13.8, 1,    7773.89,   -0.7,   0.97571, 2,    7773.89, -120.7,   0.97571, 3,    7773.89,  119.3,   0.97571
"SCN_CN15_9045_CEI69B", 13.8, 1,    7773.95,   -0.7,   0.97572, 2,    7773.95, -120.7,   0.97572, 3,    7773.95,  119.3,   0.97572
"SCN_CN15_9044_CEI69B", 13.8, 1,    7773.98,   -0.7,   0.97572, 2,    7773.98, -120.7,   0.97572, 3,    7773.98,  119.3,   0.97572
"SCN_CN15_9457_CEI109", 13.8, 1,    7788.36,   -0.7,   0.97752, 2,    7788.36, -120.7,   0.97752, 3,    7788.36,  119.3,   0.97752
"SCN_CN15_9043_CEI69B", 13.8, 1,    7774.02,   -0.7,   0.97572, 2,    7774.02, -120.7,   0.97572, 3,    7774.02,  119.3,   0.97572
"SCN_CN15_9041_CEI69B", 13.8, 1,    7774.05,   -0.7,   0.97573, 2,    7774.05, -120.7,   0.97573, 3,    7774.05,  119.3,   0.97573
"SCN_CN15_9147_CEI201_ATV", 13.8, 1,    7774.05,   -0.7,   0.97573, 2,    7774.05, -120.7,   0.97573, 3,    7774.05,  119.3,   0.97573
"SCN_CN15_9090_CEI201_ATV", 13.8, 1,    7774.08,   -0.7,   0.97573, 2,    7774.08, -120.7,   0.97573, 3,    7774.08,  119.3,   0.97573
"SCN_CN15_9040_CEI69B", 13.8, 1,    7774.11,   -0.7,   0.97574, 2,    7774.11, -120.7,   0.97574, 3,    7774.11,  119.3,   0.97574
"SCN_CN15_9094_CEI201_ATV", 13.8, 1,    7774.15,   -0.7,   0.97574, 2,    7774.15, -120.7,   0.97574, 3,    7774.15,  119.3,   0.97574
"SCN_CN15_9039_CEI69B", 13.8, 1,    7774.14,   -0.7,   0.97574, 2,    7774.14, -120.7,   0.97574, 3,    7774.14,  119.3,   0.97574
"SCN_CN15_9036_CEI69B", 13.8, 1,    7774.18,   -0.7,   0.97574, 2,    7774.18, -120.7,   0.97574, 3,    7774.18,  119.3,   0.97574
"SCN_CN15_9094_CEI201_ATV_S", 13.8, 1,    7774.15,   -0.7,   0.97574, 2,    7774.15, -120.7,   0.97574, 3,    7774.15,  119.3,   0.97574
"SCN_CN15_9035_CEI69B", 13.8, 1,    7774.22,   -0.7,   0.97575, 2,    7774.22, -120.7,   0.97575, 3,    7774.22,  119.3,   0.97575
"SCN_CN15_9034_CEI69B", 13.8, 1,    7774.25,   -0.7,   0.97575, 2,    7774.25, -120.7,   0.97575, 3,    7774.25,  119.3,   0.97575
"SCN_CN15_9456_CEI109", 13.8, 1,    7788.35,   -0.7,   0.97752, 2,    7788.35, -120.7,   0.97752, 3,    7788.35,  119.3,   0.97752
"SCN_CN15_9033_CEI69B", 13.8, 1,    7774.29,   -0.7,   0.97576, 2,    7774.29, -120.7,   0.97576, 3,    7774.29,  119.3,   0.97576
"SCN_CN15_9032_CEI69B_S", 13.8, 1,    7774.32,   -0.7,   0.97576, 2,    7774.32, -120.7,   0.97576, 3,    7774.32,  119.3,   0.97576
"SCN_CN15_9031_CEI69B", 13.8, 1,    7774.36,   -0.7,   0.97577, 2,    7774.36, -120.7,   0.97577, 3,    7774.36,  119.3,   0.97577
"SCN_CN15_9030_CEI69B", 13.8, 1,    7774.39,   -0.7,   0.97577, 2,    7774.39, -120.7,   0.97577, 3,    7774.39,  119.3,   0.97577
"SCN_CN15_9029_CEI69B", 13.8, 1,    7774.43,   -0.7,   0.97578, 2,    7774.43, -120.7,   0.97578, 3,    7774.43,  119.3,   0.97578
"SCN_CN15_9028_CEI69B", 13.8, 1,    7774.47,   -0.7,   0.97578, 2,    7774.47, -120.7,   0.97578, 3,    7774.47,  119.3,   0.97578
"SCN_CN15_9027_CEI69B", 13.8, 1,    7774.51,   -0.7,   0.97579, 2,    7774.51, -120.7,   0.97579, 3,    7774.51,  119.3,   0.97579
"SCN_CN15_9026_CEI69B", 13.8, 1,    7774.55,   -0.7,   0.97579, 2,    7774.55, -120.7,   0.97579, 3,    7774.55,  119.3,   0.97579
"SCN_CN15_9025_CEI69B", 13.8, 1,    7774.59,   -0.7,    0.9758, 2,    7774.59, -120.7,    0.9758, 3,    7774.59,  119.3,    0.9758
"SCN_CN15_9024_CEI69B", 13.8, 1,    7774.63,   -0.7,    0.9758, 2,    7774.63, -120.7,    0.9758, 3,    7774.63,  119.3,    0.9758
"SCN_CN15_9455_CEI109", 13.8, 1,    7788.34,   -0.7,   0.97752, 2,    7788.34, -120.7,   0.97752, 3,    7788.34,  119.3,   0.97752
"SCN_CN15_9023_CEI69B", 13.8, 1,    7774.66,   -0.7,   0.97581, 2,    7774.66, -120.7,   0.97581, 3,    7774.66,  119.3,   0.97581
"SCN_CN15_9022_CEI69B", 13.8, 1,     7774.7,   -0.7,   0.97581, 2,     7774.7, -120.7,   0.97581, 3,     7774.7,  119.3,   0.97581
"SCN_CN15_9021_CEI69B", 13.8, 1,    7774.74,   -0.7,   0.97582, 2,    7774.74, -120.7,   0.97582, 3,    7774.74,  119.3,   0.97582
"SCN_CN15_9020_CEI69B", 13.8, 1,    7774.78,   -0.7,   0.97582, 2,    7774.78, -120.7,   0.97582, 3,    7774.78,  119.3,   0.97582
"SCN_CN15_9106_CEI220_ATV", 13.8, 1,    7782.62,   -0.7,    0.9768, 2,    7782.62, -120.7,    0.9768, 3,    7782.62,  119.3,    0.9768
"SCN_CN15_9112_CEI220_ATV", 13.8, 1,    7782.62,   -0.7,    0.9768, 2,    7782.62, -120.7,    0.9768, 3,    7782.62,  119.3,    0.9768
"SCN_CN15_9104_CEI220_ATV", 13.8, 1,    7782.62,   -0.7,    0.9768, 2,    7782.62, -120.7,    0.9768, 3,    7782.62,  119.3,    0.9768
"SCN_CN15_9105_CEI220_ATV", 13.8, 1,    7782.62,   -0.7,    0.9768, 2,    7782.62, -120.7,    0.9768, 3,    7782.62,  119.3,    0.9768
"SCN_CN15_9197_CEI69B", 13.8, 1,    7776.33,   -0.7,   0.97601, 2,    7776.33, -120.7,   0.97601, 3,    7776.33,  119.3,   0.97601
"SCN_CN15_9107_CEI201_ATV", 13.8, 1,    7776.32,   -0.7,   0.97601, 2,    7776.32, -120.7,   0.97601, 3,    7776.32,  119.3,   0.97601
"SCN_CN15_9023_CEI201_ATV", 13.8, 1,    7781.86,   -0.7,   0.97671, 2,    7781.86, -120.7,   0.97671, 3,    7781.86,  119.3,   0.97671
"SCN_CN15_9359_CEI109", 13.8, 1,    7781.73,   -0.7,   0.97669, 2,    7781.73, -120.7,   0.97669, 3,    7781.73,  119.3,   0.97669
"SCN_CN15_9360_CEI109", 13.8, 1,    7781.73,   -0.7,   0.97669, 2,    7781.73, -120.7,   0.97669, 3,    7781.73,  119.3,   0.97669
"SCN_CN15_9137_CEI77A_ATV", 13.8, 1,    7749.55,   -0.7,   0.97265, 2,    7749.55, -120.7,   0.97265, 3,    7749.55,  119.3,   0.97265
"SCN_CN15_9138_CEI77A_ATV", 13.8, 1,    7749.55,   -0.7,   0.97265, 2,    7749.55, -120.7,   0.97265, 3,    7749.55,  119.3,   0.97265
"SCN_CN15_9139_CEI77A_ATV", 13.8, 1,    7749.55,   -0.7,   0.97265, 2,    7749.55, -120.7,   0.97265, 3,    7749.55,  119.3,   0.97265
"SCN_CN15_9140_CEI77A_ATV", 13.8, 1,    7749.55,   -0.7,   0.97265, 2,    7749.55, -120.7,   0.97265, 3,    7749.55,  119.3,   0.97265
"SCN_CN15_9141_CEI77A_ATV", 13.8, 1,    7749.54,   -0.7,   0.97265, 2,    7749.54, -120.7,   0.97265, 3,    7749.54,  119.3,   0.97265
"SCN_CN15_9142_CEI77A_ATV", 13.8, 1,    7749.54,   -0.7,   0.97265, 2,    7749.54, -120.7,   0.97265, 3,    7749.54,  119.3,   0.97265
"SCN_CN15_9143_CEI77A_ATV", 13.8, 1,    7749.54,   -0.7,   0.97265, 2,    7749.54, -120.7,   0.97265, 3,    7749.54,  119.3,   0.97265
"SCN_CN15_9144_CEI77A_ATV", 13.8, 1,    7749.54,   -0.7,   0.97265, 2,    7749.54, -120.7,   0.97265, 3,    7749.54,  119.3,   0.97265
"SCN_CN15_9145_CEI77A_ATV", 13.8, 1,    7749.54,   -0.7,   0.97265, 2,    7749.54, -120.7,   0.97265, 3,    7749.54,  119.3,   0.97265
"SCN_CN15_9500_CEI109", 13.8, 1,    7782.65,   -0.7,   0.97681, 2,    7782.65, -120.7,   0.97681, 3,    7782.65,  119.3,   0.97681
"SCN_CN15_9146_CEI77A_ATV", 13.8, 1,    7749.54,   -0.7,   0.97265, 2,    7749.54, -120.7,   0.97265, 3,    7749.54,  119.3,   0.97265
"SCN_CN15_9150_CEI77A_ATV", 13.8, 1,    7749.54,   -0.7,   0.97265, 2,    7749.54, -120.7,   0.97265, 3,    7749.54,  119.3,   0.97265
"SCN_CN15_9147_CEI77A_ATV", 13.8, 1,    7749.53,   -0.7,   0.97265, 2,    7749.53, -120.7,   0.97265, 3,    7749.53,  119.3,   0.97265
"SCN_CN15_9148_CEI77A_ATV", 13.8, 1,    7749.53,   -0.7,   0.97265, 2,    7749.53, -120.7,   0.97265, 3,    7749.53,  119.3,   0.97265
"SCN_CN15_9149_CEI77A_ATV", 13.8, 1,    7749.53,   -0.7,   0.97265, 2,    7749.53, -120.7,   0.97265, 3,    7749.53,  119.3,   0.97265
"SCN_CN15_9151_CEI77A_ATV", 13.8, 1,    7749.54,   -0.7,   0.97265, 2,    7749.54, -120.7,   0.97265, 3,    7749.54,  119.3,   0.97265
"SCN_CN15_9152_CEI77A_ATV", 13.8, 1,    7749.54,   -0.7,   0.97265, 2,    7749.54, -120.7,   0.97265, 3,    7749.54,  119.3,   0.97265
"SCN_CN15_9153_CEI77A_ATV", 13.8, 1,    7749.54,   -0.7,   0.97265, 2,    7749.54, -120.7,   0.97265, 3,    7749.54,  119.3,   0.97265
"SCN_CN15_9192_CEI77A_ATV", 13.8, 1,    7748.56,   -0.7,   0.97253, 2,    7748.56, -120.7,   0.97253, 3,    7748.56,  119.3,   0.97253
"SCN_CN15_9193_CEI77A_ATV", 13.8, 1,    7748.55,   -0.7,   0.97253, 2,    7748.55, -120.7,   0.97253, 3,    7748.55,  119.3,   0.97253
"SCN_CN15_9501_CEI109", 13.8, 1,    7782.65,   -0.7,   0.97681, 2,    7782.65, -120.7,   0.97681, 3,    7782.65,  119.3,   0.97681
"SCN_CN15_9189_CEI77A_ATV", 13.8, 1,    7748.58,   -0.7,   0.97253, 2,    7748.58, -120.7,   0.97253, 3,    7748.58,  119.3,   0.97253
"SCN_CN15_9188_CEI77A_ATV", 13.8, 1,     7748.6,   -0.7,   0.97253, 2,     7748.6, -120.7,   0.97253, 3,     7748.6,  119.3,   0.97253
"SCN_CN15_9186_CEI77A_ATV", 13.8, 1,    7748.61,   -0.7,   0.97254, 2,    7748.61, -120.7,   0.97254, 3,    7748.61,  119.3,   0.97254
"SCN_CN15_9187_CEI77A_ATV", 13.8, 1,    7748.61,   -0.7,   0.97254, 2,    7748.61, -120.7,   0.97254, 3,    7748.61,  119.3,   0.97254
"SCN_CN15_9185_CEI77A_ATV", 13.8, 1,    7748.64,   -0.7,   0.97254, 2,    7748.64, -120.7,   0.97254, 3,    7748.64,  119.3,   0.97254
"SCN_CN15_9186_CEI77A_ATV_S", 13.8, 1,    7748.61,   -0.7,   0.97254, 2,    7748.61, -120.7,   0.97254, 3,    7748.61,  119.3,   0.97254
"SCN_CN15_9184_CEI77A_ATV", 13.8, 1,    7748.66,   -0.7,   0.97254, 2,    7748.66, -120.7,   0.97254, 3,    7748.66,  119.3,   0.97254
"SCN_CN15_9183_CEI77A_ATV", 13.8, 1,    7748.68,   -0.7,   0.97254, 2,    7748.68, -120.7,   0.97254, 3,    7748.68,  119.3,   0.97254
"SCN_CN15_9184_CEI77A_ATV_S", 13.8, 1,    7748.66,   -0.7,   0.97254, 2,    7748.66, -120.7,   0.97254, 3,    7748.66,  119.3,   0.97254
"SCN_CN15_9182_CEI77A_ATV", 13.8, 1,     7748.7,   -0.7,   0.97255, 2,     7748.7, -120.7,   0.97255, 3,     7748.7,  119.3,   0.97255
"SCN_CN15_9167_CEI77A_ATV", 13.8, 1,    7748.73,   -0.7,   0.97255, 2,    7748.73, -120.7,   0.97255, 3,    7748.73,  119.3,   0.97255
"SCN_CN15_9005_CEI077", 13.8, 1,    7748.79,   -0.7,   0.97256, 2,    7748.79, -120.7,   0.97256, 3,    7748.79,  119.3,   0.97256
"SCN_CN15_9502_CEI109", 13.8, 1,    7782.64,   -0.7,   0.97681, 2,    7782.64, -120.7,   0.97681, 3,    7782.64,  119.3,   0.97681
"SCN_CN15_9004_CEI077", 13.8, 1,    7748.85,   -0.7,   0.97257, 2,    7748.85, -120.7,   0.97257, 3,    7748.85,  119.3,   0.97257
"SCN_CN15_9003_CEI077", 13.8, 1,    7748.91,   -0.7,   0.97257, 2,    7748.91, -120.7,   0.97257, 3,    7748.91,  119.3,   0.97257
"SCN_CN15_9165_CEI77A_ATV", 13.8, 1,    7748.97,   -0.7,   0.97258, 2,    7748.97, -120.7,   0.97258, 3,    7748.97,  119.3,   0.97258
"SCN_CN15_9164_CEI77A_ATV", 13.8, 1,    7749.03,   -0.7,   0.97259, 2,    7749.03, -120.7,   0.97259, 3,    7749.03,  119.3,   0.97259
"SCN_CN15_9163_CEI77A_ATV", 13.8, 1,    7749.09,   -0.7,    0.9726, 2,    7749.09, -120.7,    0.9726, 3,    7749.09,  119.3,    0.9726
"SCN_CN15_9161_CEI77A_ATV", 13.8, 1,    7749.16,   -0.7,    0.9726, 2,    7749.16, -120.7,    0.9726, 3,    7749.16,  119.3,    0.9726
"SCN_CN15_9162_CEI77A_ATV", 13.8, 1,    7749.15,   -0.7,    0.9726, 2,    7749.15, -120.7,    0.9726, 3,    7749.15,  119.3,    0.9726
"SCN_CN15_9155_CEI77A_ATV", 13.8, 1,    7749.42,   -0.7,   0.97264, 2,    7749.42, -120.7,   0.97264, 3,    7749.42,  119.3,   0.97264
"SCN_CN15_9158_CEI77A_ATV", 13.8, 1,    7749.35,   -0.7,   0.97263, 2,    7749.35, -120.7,   0.97263, 3,    7749.35,  119.3,   0.97263
"SCN_CN15_9159_CEI77A_ATV", 13.8, 1,    7749.29,   -0.7,   0.97262, 2,    7749.29, -120.7,   0.97262, 3,    7749.29,  119.3,   0.97262
"SCN_CN15_9160_CEI77A_ATV", 13.8, 1,    7749.22,   -0.7,   0.97261, 2,    7749.22, -120.7,   0.97261, 3,    7749.22,  119.3,   0.97261
"SCN_CN15_9503_CEI109", 13.8, 1,    7782.64,   -0.7,   0.97681, 2,    7782.64, -120.7,   0.97681, 3,    7782.64,  119.3,   0.97681
"SCN_CN15_9161_CEI77A_ATV_S", 13.8, 1,    7749.16,   -0.7,    0.9726, 2,    7749.16, -120.7,    0.9726, 3,    7749.16,  119.3,    0.9726
"SCN_CN15_9156_CEI77A_ATV", 13.8, 1,    7749.42,   -0.7,   0.97264, 2,    7749.42, -120.7,   0.97264, 3,    7749.42,  119.3,   0.97264
"SCN_CN15_9157_CEI77A_ATV", 13.8, 1,    7749.41,   -0.7,   0.97264, 2,    7749.41, -120.7,   0.97264, 3,    7749.41,  119.3,   0.97264
"SCN_CN15_9155_CEI77A_ATV_S", 13.8, 1,    7749.42,   -0.7,   0.97264, 2,    7749.42, -120.7,   0.97264, 3,    7749.42,  119.3,   0.97264
"SCN_CN15_9154_CEI77A_ATV", 13.8, 1,    7749.49,   -0.7,   0.97265, 2,    7749.49, -120.7,   0.97265, 3,    7749.49,  119.3,   0.97265
"SCN_CN15_9168_CEI77A_ATV", 13.8, 1,     7748.7,   -0.7,   0.97255, 2,     7748.7, -120.7,   0.97255, 3,     7748.7,  119.3,   0.97255
"SCN_CN15_9169_CEI77A_ATV", 13.8, 1,    7748.66,   -0.7,   0.97254, 2,    7748.66, -120.7,   0.97254, 3,    7748.66,  119.3,   0.97254
"SCN_CN15_9202_CEI77A_ATV", 13.8, 1,    7748.66,   -0.7,   0.97254, 2,    7748.66, -120.7,   0.97254, 3,    7748.66,  119.3,   0.97254
"SCN_CN15_9203_CEI77A_ATV", 13.8, 1,    7748.65,   -0.7,   0.97254, 2,    7748.65, -120.7,   0.97254, 3,    7748.65,  119.3,   0.97254
"SCN_CN15_9204_CEI77A_ATV", 13.8, 1,    7748.64,   -0.7,   0.97254, 2,    7748.64, -120.7,   0.97254, 3,    7748.64,  119.3,   0.97254
"SCN_CN15_9504_CEI109", 13.8, 1,    7782.63,   -0.7,    0.9768, 2,    7782.63, -120.7,    0.9768, 3,    7782.63,  119.3,    0.9768
"SCN_CN15_9213_CEI77A_ATV", 13.8, 1,    7748.64,   -0.7,   0.97254, 2,    7748.64, -120.7,   0.97254, 3,    7748.64,  119.3,   0.97254
"SCN_CN15_9214_CEI77A_ATV", 13.8, 1,    7748.64,   -0.7,   0.97254, 2,    7748.64, -120.7,   0.97254, 3,    7748.64,  119.3,   0.97254
"SCN_CN15_9215_CEI77A_ATV", 13.8, 1,    7748.64,   -0.7,   0.97254, 2,    7748.64, -120.7,   0.97254, 3,    7748.64,  119.3,   0.97254
"SCN_CN15_9216_CEI77A_ATV", 13.8, 1,    7748.64,   -0.7,   0.97254, 2,    7748.64, -120.7,   0.97254, 3,    7748.64,  119.3,   0.97254
"SCN_CN15_9205_CEI77A_ATV", 13.8, 1,    7748.64,   -0.7,   0.97254, 2,    7748.64, -120.7,   0.97254, 3,    7748.64,  119.3,   0.97254
"SCN_CN15_9206_CEI77A_ATV", 13.8, 1,    7748.63,   -0.7,   0.97254, 2,    7748.63, -120.7,   0.97254, 3,    7748.63,  119.3,   0.97254
"SCN_CN15_9207_CEI77A_ATV", 13.8, 1,    7748.63,   -0.7,   0.97254, 2,    7748.63, -120.7,   0.97254, 3,    7748.63,  119.3,   0.97254
"SCN_CN15_9208_CEI77A_ATV", 13.8, 1,    7748.63,   -0.7,   0.97254, 2,    7748.63, -120.7,   0.97254, 3,    7748.63,  119.3,   0.97254
"SCN_CN15_9210_CEI77A_ATV", 13.8, 1,    7748.63,   -0.7,   0.97254, 2,    7748.63, -120.7,   0.97254, 3,    7748.63,  119.3,   0.97254
"SCN_CN15_9211_CEI77A_ATV", 13.8, 1,    7748.63,   -0.7,   0.97254, 2,    7748.63, -120.7,   0.97254, 3,    7748.63,  119.3,   0.97254
"SCN_CN15_9008_CEI160_ATV", 13.8, 1,    7782.68,   -0.7,   0.97681, 2,    7782.68, -120.7,   0.97681, 3,    7782.68,  119.3,   0.97681
"SCN_CN15_9212_CEI77A_ATV", 13.8, 1,    7748.63,   -0.7,   0.97254, 2,    7748.63, -120.7,   0.97254, 3,    7748.63,  119.3,   0.97254
"SCN_CN15_9209_CEI77A_ATV", 13.8, 1,    7748.63,   -0.7,   0.97254, 2,    7748.63, -120.7,   0.97254, 3,    7748.63,  119.3,   0.97254
"SCN_CN15_9170_CEI77A_ATV", 13.8, 1,    7748.64,   -0.7,   0.97254, 2,    7748.64, -120.7,   0.97254, 3,    7748.64,  119.3,   0.97254
"SCN_CN15_9171_CEI77A_ATV", 13.8, 1,    7748.61,   -0.7,   0.97254, 2,    7748.61, -120.7,   0.97254, 3,    7748.61,  119.3,   0.97254
"SCN_CN15_9181_CEI77A_ATV", 13.8, 1,     7748.6,   -0.7,   0.97253, 2,     7748.6, -120.7,   0.97253, 3,     7748.6,  119.3,   0.97253
"SCN_CN15_9172_CEI77A_ATV", 13.8, 1,     7748.6,   -0.7,   0.97253, 2,     7748.6, -120.7,   0.97253, 3,     7748.6,  119.3,   0.97253
"SCN_CN15_9173_CEI77A_ATV", 13.8, 1,    7748.59,   -0.7,   0.97253, 2,    7748.59, -120.7,   0.97253, 3,    7748.59,  119.3,   0.97253
"SCN_CN15_9174_CEI77A_ATV", 13.8, 1,    7748.59,   -0.7,   0.97253, 2,    7748.59, -120.7,   0.97253, 3,    7748.59,  119.3,   0.97253
"SCN_CN15_9175_CEI77A_ATV", 13.8, 1,    7748.59,   -0.7,   0.97253, 2,    7748.59, -120.7,   0.97253, 3,    7748.59,  119.3,   0.97253
"SCN_CN15_9015_CEI160_ATV", 13.8, 1,    7782.68,   -0.7,   0.97681, 2,    7782.68, -120.7,   0.97681, 3,    7782.68,  119.3,   0.97681
"SCN_CN15_9176_CEI77A_ATV", 13.8, 1,    7748.59,   -0.7,   0.97253, 2,    7748.59, -120.7,   0.97253, 3,    7748.59,  119.3,   0.97253
"SCN_CN15_9177_CEI77A_ATV", 13.8, 1,    7748.59,   -0.7,   0.97253, 2,    7748.59, -120.7,   0.97253, 3,    7748.59,  119.3,   0.97253
"SCN_CN15_9178_CEI77A_ATV", 13.8, 1,    7748.58,   -0.7,   0.97253, 2,    7748.58, -120.7,   0.97253, 3,    7748.58,  119.3,   0.97253
"SCN_CN15_9179_CEI77A_ATV", 13.8, 1,    7748.58,   -0.7,   0.97253, 2,    7748.58, -120.7,   0.97253, 3,    7748.58,  119.3,   0.97253
"SCN_CN15_9180_CEI77A_ATV", 13.8, 1,    7748.58,   -0.7,   0.97253, 2,    7748.58, -120.7,   0.97253, 3,    7748.58,  119.3,   0.97253
"SCN_CN15_9024_CEIRJ006_ATV", 13.8, 1,    7748.58,   -0.7,   0.97253, 2,    7748.58, -120.7,   0.97253, 3,    7748.58,  119.3,   0.97253
"SCN_CN15_9026_CEIRJ006_ATV", 13.8, 1,    7748.58,   -0.7,   0.97253, 2,    7748.58, -120.7,   0.97253, 3,    7748.58,  119.3,   0.97253
"SCN_CN15_9002_CEI077_ATV", 13.8, 1,    7750.87,   -0.7,   0.97282, 2,    7750.87, -120.7,   0.97282, 3,    7750.87,  119.3,   0.97282
"SCN_CN15_9010_CEI077_ATV_S", 13.8, 1,    7750.62,   -0.7,   0.97279, 2,    7750.62, -120.7,   0.97279, 3,    7750.62,  119.3,   0.97279
"SCN_CN15_9023_CEIRJ006_ATV", 13.8, 1,    7751.13,   -0.7,   0.97285, 2,    7751.13, -120.7,   0.97285, 3,    7751.13,  119.3,   0.97285
"SCN_CN15_9094_CEI072", 13.8, 1,    7751.14,   -0.7,   0.97285, 2,    7751.14, -120.7,   0.97285, 3,    7751.14,  119.3,   0.97285
"SCN_CN15_9016_CEI160_ATV", 13.8, 1,    7782.68,   -0.7,   0.97681, 2,    7782.68, -120.7,   0.97681, 3,    7782.68,  119.3,   0.97681
"SCN_CN15_9093_CEI072", 13.8, 1,     7751.4,   -0.7,   0.97289, 2,     7751.4, -120.7,   0.97289, 3,     7751.4,  119.3,   0.97289
"SCN_CN15_9022_CEIRJ006_ATV", 13.8, 1,     7751.4,   -0.7,   0.97288, 2,     7751.4, -120.7,   0.97288, 3,     7751.4,  119.3,   0.97288
"SCN_CN15_9021_CEIRJ006_ATV", 13.8, 1,    7751.66,   -0.7,   0.97292, 2,    7751.66, -120.7,   0.97292, 3,    7751.66,  119.3,   0.97292
"SCN_CN15_9092_CEI072", 13.8, 1,    7751.66,   -0.7,   0.97292, 2,    7751.66, -120.7,   0.97292, 3,    7751.66,  119.3,   0.97292
"SCN_CN15_9091_CEI072", 13.8, 1,    7751.94,   -0.7,   0.97295, 2,    7751.94, -120.7,   0.97295, 3,    7751.94,  119.3,   0.97295
"SCN_CN15_9092_CEI072_S", 13.8, 1,    7751.67,   -0.7,   0.97292, 2,    7751.67, -120.7,   0.97292, 3,    7751.67,  119.3,   0.97292
"SCN_CN15_9090_CEI072", 13.8, 1,    7752.21,   -0.7,   0.97299, 2,    7752.21, -120.7,   0.97299, 3,    7752.21,  119.3,   0.97299
"SCN_CN15_9064_CEI072", 13.8, 1,    7752.74,   -0.7,   0.97305, 2,    7752.74, -120.7,   0.97305, 3,    7752.74,  119.3,   0.97305
"SCN_CN15_9065_CEI072", 13.8, 1,    7752.74,   -0.7,   0.97305, 2,    7752.74, -120.7,   0.97305, 3,    7752.74,  119.3,   0.97305
"SCN_CN15_9066_CEI072", 13.8, 1,    7752.73,   -0.7,   0.97305, 2,    7752.73, -120.7,   0.97305, 3,    7752.73,  119.3,   0.97305
"SCN_CN15_9067_CEI072", 13.8, 1,    7752.72,   -0.7,   0.97305, 2,    7752.72, -120.7,   0.97305, 3,    7752.72,  119.3,   0.97305
"SCN_CN15_9068_CEI072", 13.8, 1,    7752.72,   -0.7,   0.97305, 2,    7752.72, -120.7,   0.97305, 3,    7752.72,  119.3,   0.97305
"SCN_CN15_9011_CEIRJ013_ATV", 13.8, 1,    7782.68,   -0.7,   0.97681, 2,    7782.68, -120.7,   0.97681, 3,    7782.68,  119.3,   0.97681
"SCN_CN15_9069_CEI072", 13.8, 1,    7752.71,   -0.7,   0.97305, 2,    7752.71, -120.7,   0.97305, 3,    7752.71,  119.3,   0.97305
"SCN_CN15_9061_CEI072", 13.8, 1,    7753.31,   -0.7,   0.97313, 2,    7753.31, -120.7,   0.97313, 3,    7753.31,  119.3,   0.97313
"SCN_CN15_9060_CEI072", 13.8, 1,    7753.59,   -0.7,   0.97316, 2,    7753.59, -120.7,   0.97316, 3,    7753.59,  119.3,   0.97316
"SCN_CN15_9059_CEI072", 13.8, 1,    7753.87,   -0.7,    0.9732, 2,    7753.87, -120.7,    0.9732, 3,    7753.87,  119.3,    0.9732
"SCN_CN15_9058_CEI072", 13.8, 1,    7754.15,   -0.7,   0.97323, 2,    7754.15, -120.7,   0.97323, 3,    7754.15,  119.3,   0.97323
"SCN_CN15_9019_CEI69B", 13.8, 1,    7774.82,   -0.7,   0.97582, 2,    7774.82, -120.7,   0.97582, 3,    7774.82,  119.3,   0.97582
"SCN_CN15_9017_CEI69B", 13.8, 1,    7774.86,   -0.7,   0.97583, 2,    7774.86, -120.7,   0.97583, 3,    7774.86,  119.3,   0.97583
"SCN_CN15_9018_CEI69B", 13.8, 1,     7775.2,   -0.7,   0.97587, 2,     7775.2, -120.7,   0.97587, 3,     7775.2,  119.3,   0.97587
"SCN_CN15_9018_CEI69B_S", 13.8, 1,     7775.2,   -0.7,   0.97587, 2,     7775.2, -120.7,   0.97587, 3,     7775.2,  119.3,   0.97587
"SCN_CN15_9027_CEI250_ATV", 13.8, 1,    7775.55,   -0.7,   0.97592, 2,    7775.55, -120.7,   0.97592, 3,    7775.55,  119.3,   0.97592
"SCN_CN15_9454_CEI109", 13.8, 1,    7788.34,   -0.7,   0.97752, 2,    7788.34, -120.7,   0.97752, 3,    7788.34,  119.3,   0.97752
"SCN_CN15_9028_CEI250_ATV", 13.8, 1,     7775.9,   -0.7,   0.97596, 2,     7775.9, -120.7,   0.97596, 3,     7775.9,  119.3,   0.97596
"SCN_CN15_9032_CEI130_ATV", 13.8, 1,    7776.24,   -0.7,     0.976, 2,    7776.24, -120.7,     0.976, 3,    7776.24,  119.3,     0.976
"SCN_CN15_9022_CEI250_ATV_S", 13.8, 1,    7776.06,   -0.7,   0.97598, 2,    7776.06, -120.7,   0.97598, 3,    7776.06,  119.3,   0.97598
"SCN_CN15_9033_CEI130_ATV", 13.8, 1,    7776.77,   -0.7,   0.97607, 2,    7776.77, -120.7,   0.97607, 3,    7776.77,  119.3,   0.97607
"SCN_CN15_9035_CEI130_ATV", 13.8, 1,     7777.3,   -0.7,   0.97614, 2,     7777.3, -120.7,   0.97614, 3,     7777.3,  119.3,   0.97614
"SCN_CN15_9036_CEI130_ATV", 13.8, 1,    7777.83,   -0.7,    0.9762, 2,    7777.83, -120.7,    0.9762, 3,    7777.83,  119.3,    0.9762
"SCN_CN15_9038_CEI130_ATV_S", 13.8, 1,    7777.83,   -0.7,    0.9762, 2,    7777.83, -120.7,    0.9762, 3,    7777.83,  119.3,    0.9762
"SCN_CN15_9038_CEI130_ATV", 13.8, 1,    7777.83,   -0.7,    0.9762, 2,    7777.83, -120.7,    0.9762, 3,    7777.83,  119.3,    0.9762
"SCN_CN15_9039_CEI130_ATV", 13.8, 1,    7777.83,   -0.7,    0.9762, 2,    7777.83, -120.7,    0.9762, 3,    7777.83,  119.3,    0.9762
"SCN_CN15_9453_CEI109", 13.8, 1,    7788.33,   -0.7,   0.97752, 2,    7788.33, -120.7,   0.97752, 3,    7788.33,  119.3,   0.97752
"SCN_CN15_9020_CEI130_ATV", 13.8, 1,    7775.15,   -0.7,   0.97587, 2,    7775.15, -120.7,   0.97587, 3,    7775.15,  119.3,   0.97587
"SCN_CN15_9021_CEI130_ATV", 13.8, 1,    7775.15,   -0.7,   0.97587, 2,    7775.15, -120.7,   0.97587, 3,    7775.15,  119.3,   0.97587
"SCN_CN15_9021_CEI130_ATV_S", 13.8, 1,    7775.15,   -0.7,   0.97587, 2,    7775.15, -120.7,   0.97587, 3,    7775.15,  119.3,   0.97587
"SCN_CN15_9022_CEI130_ATV", 13.8, 1,    7775.16,   -0.7,   0.97587, 2,    7775.16, -120.7,   0.97587, 3,    7775.16,  119.3,   0.97587
"SCN_CN15_9023_CEI130_ATV", 13.8, 1,    7775.16,   -0.7,   0.97587, 2,    7775.16, -120.7,   0.97587, 3,    7775.16,  119.3,   0.97587
"SCN_CN15_9026_CEI130_ATV", 13.8, 1,    7774.98,   -0.7,   0.97585, 2,    7774.98, -120.7,   0.97585, 3,    7774.98,  119.3,   0.97585
"SCN_CN15_9027_CEI130_ATV", 13.8, 1,    7774.81,   -0.7,   0.97582, 2,    7774.81, -120.7,   0.97582, 3,    7774.81,  119.3,   0.97582
"SCN_CN15_9028_CEI130_ATV", 13.8, 1,    7774.63,   -0.7,    0.9758, 2,    7774.63, -120.7,    0.9758, 3,    7774.63,  119.3,    0.9758
"SCN_CN15_9029_CEI130_ATV", 13.8, 1,    7774.46,   -0.7,   0.97578, 2,    7774.46, -120.7,   0.97578, 3,    7774.46,  119.3,   0.97578
"SCN_CN15_9452_CEI109", 13.8, 1,    7788.33,   -0.7,   0.97752, 2,    7788.33, -120.7,   0.97752, 3,    7788.33,  119.3,   0.97752
"SCN_CN15_9030_CEI130_ATV", 13.8, 1,    7774.28,   -0.7,   0.97576, 2,    7774.28, -120.7,   0.97576, 3,    7774.28,  119.3,   0.97576
"SCN_CN15_9016_CEI69B", 13.8, 1,    7774.24,   -0.7,   0.97575, 2,    7774.24, -120.7,   0.97575, 3,    7774.24,  119.3,   0.97575
"SCN_CN15_592-0899-22", 13.8, 1,    7774.55,   -0.7,   0.97579, 2,    7774.55, -120.7,   0.97579, 3,    7774.55,  119.3,   0.97579
"SCN_CN15_592-0899-22_S", 13.8, 1,    7774.55,   -0.7,   0.97579, 2,    7774.55, -120.7,   0.97579, 3,    7774.55,  119.3,   0.97579
"SCN_CN15_9013_CEI69B", 13.8, 1,    7773.45,   -0.7,   0.97565, 2,    7773.45, -120.7,   0.97565, 3,    7773.45,  119.3,   0.97565
"SCN_CN15_9015_CEI69B_S", 13.8, 1,    7773.93,   -0.7,   0.97571, 2,    7773.93, -120.7,   0.97571, 3,    7773.93,  119.3,   0.97571
"SCN_CN15_9012_CEI69B", 13.8, 1,    7772.97,   -0.7,   0.97559, 2,    7772.97, -120.7,   0.97559, 3,    7772.97,  119.3,   0.97559
"SCN_CN15_9011_CEI69B", 13.8, 1,    7772.49,   -0.7,   0.97553, 2,    7772.49, -120.7,   0.97553, 3,    7772.49,  119.3,   0.97553
"SCN_CN15_9162_CEI068", 13.8, 1,    7772.01,   -0.7,   0.97547, 2,    7772.01, -120.7,   0.97547, 3,    7772.01,  119.3,   0.97547
"SCN_CN15_9163_CEI068", 13.8, 1,    7771.53,   -0.7,   0.97541, 2,    7771.53, -120.7,   0.97541, 3,    7771.53,  119.3,   0.97541
"SCN_CN15_9164_CEI068", 13.8, 1,    7771.05,   -0.7,   0.97535, 2,    7771.05, -120.7,   0.97535, 3,    7771.05,  119.3,   0.97535
"SCN_CN15_9451_CEI109", 13.8, 1,    7788.32,   -0.7,   0.97752, 2,    7788.32, -120.7,   0.97752, 3,    7788.32,  119.3,   0.97752
"SCN_CN15_9169_CEI068", 13.8, 1,    7770.08,   -0.7,   0.97523, 2,    7770.08, -120.7,   0.97523, 3,    7770.08,  119.3,   0.97523
"SCN_CN15_9170_CEI068", 13.8, 1,     7770.1,   -0.7,   0.97523, 2,     7770.1, -120.7,   0.97523, 3,     7770.1,  119.3,   0.97523
"SCN_CN15_9170_CEI068_S", 13.8, 1,     7770.1,   -0.7,   0.97523, 2,     7770.1, -120.7,   0.97523, 3,     7770.1,  119.3,   0.97523
"SCN_CN15_9171_CEI068", 13.8, 1,    7769.66,   -0.7,   0.97518, 2,    7769.66, -120.7,   0.97518, 3,    7769.66,  119.3,   0.97518
"SCN_CN15_9172_CEI068", 13.8, 1,    7769.22,   -0.7,   0.97512, 2,    7769.22, -120.7,   0.97512, 3,    7769.22,  119.3,   0.97512
"SCN_CN15_9182_CEI068", 13.8, 1,    7768.78,   -0.7,   0.97507, 2,    7768.78, -120.7,   0.97507, 3,    7768.78,  119.3,   0.97507
"SCN_CN15_9181_CEI068", 13.8, 1,    7768.77,   -0.7,   0.97507, 2,    7768.77, -120.7,   0.97507, 3,    7768.77,  119.3,   0.97507
"SCN_CN15_9182_CEI068_S", 13.8, 1,    7768.78,   -0.7,   0.97507, 2,    7768.78, -120.7,   0.97507, 3,    7768.78,  119.3,   0.97507
"SCN_CN15_9183_CEI068", 13.8, 1,    7768.34,   -0.7,   0.97501, 2,    7768.34, -120.7,   0.97501, 3,    7768.34,  119.3,   0.97501
"SCN_CN15_9183_CEI068_S", 13.8, 1,    7768.34,   -0.7,   0.97501, 2,    7768.34, -120.7,   0.97501, 3,    7768.34,  119.3,   0.97501
"SCN_CN15_9186_CEI068", 13.8, 1,     7767.9,   -0.7,   0.97496, 2,     7767.9, -120.7,   0.97496, 3,     7767.9,  119.3,   0.97496
"SCN_CN15_9107_CEI068", 13.8, 1,    7767.47,   -0.7,    0.9749, 2,    7767.47, -120.7,    0.9749, 3,    7767.47,  119.3,    0.9749
"SCN_CN15_9450_CEI109", 13.8, 1,    7788.32,   -0.7,   0.97752, 2,    7788.32, -120.7,   0.97752, 3,    7788.32,  119.3,   0.97752
"SCN_CN15_9103_CEI068", 13.8, 1,    7767.04,   -0.7,   0.97485, 2,    7767.04, -120.7,   0.97485, 3,    7767.04,  119.3,   0.97485
"SCN_CN15_9092_CEI068", 13.8, 1,    7767.02,   -0.7,   0.97485, 2,    7767.02, -120.7,   0.97485, 3,    7767.02,  119.3,   0.97485
"SCN_CN15_9091_CEI068", 13.8, 1,       7767,   -0.7,   0.97484, 2,       7767, -120.7,   0.97484, 3,       7767,  119.3,   0.97484
"SCN_CN15_9090_CEI068", 13.8, 1,    7766.98,   -0.7,   0.97484, 2,    7766.98, -120.7,   0.97484, 3,    7766.98,  119.3,   0.97484
"SCN_CN15_9089_CEI068_S", 13.8, 1,    7766.95,   -0.7,   0.97484, 2,    7766.95, -120.7,   0.97484, 3,    7766.95,  119.3,   0.97484
"SCN_CN15_9086_CEI068", 13.8, 1,    7766.93,   -0.7,   0.97484, 2,    7766.93, -120.7,   0.97484, 3,    7766.93,  119.3,   0.97484
"SCN_CN15_9085_CEI068", 13.8, 1,    7766.91,   -0.7,   0.97483, 2,    7766.91, -120.7,   0.97483, 3,    7766.91,  119.3,   0.97483
"SCN_CN15_9086_CEI068_S", 13.8, 1,    7766.93,   -0.7,   0.97484, 2,    7766.93, -120.7,   0.97484, 3,    7766.93,  119.3,   0.97484
"SCN_CN15_9082_CEI068", 13.8, 1,    7766.89,   -0.7,   0.97483, 2,    7766.89, -120.7,   0.97483, 3,    7766.89,  119.3,   0.97483
"SCN_CN15_9081_CEI068", 13.8, 1,    7766.87,   -0.7,   0.97483, 2,    7766.87, -120.7,   0.97483, 3,    7766.87,  119.3,   0.97483
"SCN_CN15_9080_CEI068", 13.8, 1,    7766.85,   -0.7,   0.97482, 2,    7766.85, -120.7,   0.97482, 3,    7766.85,  119.3,   0.97482
"SCN_CN15_9026_CEI201_ATV", 13.8, 1,    7781.97,   -0.7,   0.97672, 2,    7781.97, -120.7,   0.97672, 3,    7781.97,  119.3,   0.97672
"SCN_CN15_9027_CEI201_ATV", 13.8, 1,    7782.01,   -0.7,   0.97673, 2,    7782.01, -120.7,   0.97673, 3,    7782.01,  119.3,   0.97673
"SCN_CN15_9449_CEI109", 13.8, 1,    7788.31,   -0.7,   0.97752, 2,    7788.31, -120.7,   0.97752, 3,    7788.31,  119.3,   0.97752
"SCN_CN15_9079_CEI068", 13.8, 1,    7766.83,   -0.7,   0.97482, 2,    7766.83, -120.7,   0.97482, 3,    7766.83,  119.3,   0.97482
"SCN_CN15_9078_CEI068", 13.8, 1,     7766.8,   -0.7,   0.97482, 2,     7766.8, -120.7,   0.97482, 3,     7766.8,  119.3,   0.97482
"SCN_CN15_9077_CEI068", 13.8, 1,    7766.78,   -0.7,   0.97482, 2,    7766.78, -120.7,   0.97482, 3,    7766.78,  119.3,   0.97482
"SCN_CN15_9076_CEI068", 13.8, 1,    7766.76,   -0.7,   0.97481, 2,    7766.76, -120.7,   0.97481, 3,    7766.76,  119.3,   0.97481
"SCN_CN15_9075_CEI068", 13.8, 1,    7766.74,   -0.7,   0.97481, 2,    7766.74, -120.7,   0.97481, 3,    7766.74,  119.3,   0.97481
"SCN_CN15_9074_CEI068", 13.8, 1,    7766.72,   -0.7,   0.97481, 2,    7766.72, -120.7,   0.97481, 3,    7766.72,  119.3,   0.97481
"SCN_CN15_9073_CEI068", 13.8, 1,     7766.7,   -0.7,   0.97481, 2,     7766.7, -120.7,   0.97481, 3,     7766.7,  119.3,   0.97481
"SCN_CN15_9072_CEI068", 13.8, 1,    7766.68,   -0.7,    0.9748, 2,    7766.68, -120.7,    0.9748, 3,    7766.68,  119.3,    0.9748
"SCN_CN15_9071_CEI068", 13.8, 1,    7766.66,   -0.7,    0.9748, 2,    7766.66, -120.7,    0.9748, 3,    7766.66,  119.3,    0.9748
"SCN_CN15_9070_CEI068", 13.8, 1,    7766.64,   -0.7,    0.9748, 2,    7766.64, -120.7,    0.9748, 3,    7766.64,  119.3,    0.9748
"SCN_CN15_9448_CEI109", 13.8, 1,    7788.31,   -0.7,   0.97752, 2,    7788.31, -120.7,   0.97752, 3,    7788.31,  119.3,   0.97752
"SCN_CN15_9069_CEI068", 13.8, 1,    7766.62,   -0.7,    0.9748, 2,    7766.62, -120.7,    0.9748, 3,    7766.62,  119.3,    0.9748
"SCN_CN15_9447_CEI109", 13.8, 1,    7788.31,   -0.7,   0.97752, 2,    7788.31, -120.7,   0.97752, 3,    7788.31,  119.3,   0.97752
"SCN_CN15_9062_CEIRJ006_ATV", 13.8, 1,    7767.29,   -0.7,   0.97488, 2,    7767.29, -120.7,   0.97488, 3,    7767.29,  119.3,   0.97488
"SCN_CN15_9069_CEI074", 13.8, 1,    7767.29,   -0.7,   0.97488, 2,    7767.29, -120.7,   0.97488, 3,    7767.29,  119.3,   0.97488
"SCN_CN15_9083_CEI201_ATV", 13.8, 1,    7776.36,   -0.7,   0.97602, 2,    7776.36, -120.7,   0.97602, 3,    7776.36,  119.3,   0.97602
"SCN_CN15_9085_CEI201_ATV", 13.8, 1,    7776.36,   -0.7,   0.97602, 2,    7776.36, -120.7,   0.97602, 3,    7776.36,  119.3,   0.97602
"SCN_CN15_9031_CEI201_ATV", 13.8, 1,    7782.14,   -0.7,   0.97674, 2,    7782.14, -120.7,   0.97674, 3,    7782.14,  119.3,   0.97674
"SCN_CN15_9033_CEI201_ATV", 13.8, 1,    7782.18,   -0.7,   0.97675, 2,    7782.18, -120.7,   0.97675, 3,    7782.18,  119.3,   0.97675
"SCN_CN15_9028_CEI201_ATV", 13.8, 1,    7782.05,   -0.7,   0.97673, 2,    7782.05, -120.7,   0.97673, 3,    7782.05,  119.3,   0.97673
"SCN_CN15_9074_CEI131_ATV", 13.8, 1,    7789.07,   -0.7,   0.97761, 2,    7789.07, -120.7,   0.97761, 3,    7789.07,  119.3,   0.97761
"SCN_CN15_9075_CEI131_ATV", 13.8, 1,    7789.07,   -0.7,   0.97761, 2,    7789.07, -120.7,   0.97761, 3,    7789.07,  119.3,   0.97761
"SCN_CN15_9072_CEI131_ATV_S", 13.8, 1,    7789.07,   -0.7,   0.97761, 2,    7789.07, -120.7,   0.97761, 3,    7789.07,  119.3,   0.97761
"SCN_CN15_9076_CEI131_ATV", 13.8, 1,    7789.07,   -0.7,   0.97761, 2,    7789.07, -120.7,   0.97761, 3,    7789.07,  119.3,   0.97761
"SCN_CN15_9081_CEI131_ATV", 13.8, 1,    7789.12,   -0.7,   0.97762, 2,    7789.12, -120.7,   0.97762, 3,    7789.12,  119.3,   0.97762
"SCN_CN15_9082_CEI131_ATV", 13.8, 1,    7789.18,   -0.7,   0.97763, 2,    7789.18, -120.7,   0.97763, 3,    7789.18,  119.3,   0.97763
"SCN_CN15_9086_CEI131_ATV", 13.8, 1,    7788.79,   -0.7,   0.97758, 2,    7788.79, -120.7,   0.97758, 3,    7788.79,  119.3,   0.97758
"SCN_CN15_9088_CEI131_ATV", 13.8, 1,    7788.41,   -0.7,   0.97753, 2,    7788.41, -120.7,   0.97753, 3,    7788.41,  119.3,   0.97753
"SCN_CN15_9342_CEI109", 13.8, 1,    7782.47,   -0.7,   0.97679, 2,    7782.47, -120.7,   0.97679, 3,    7782.47,  119.3,   0.97679
"SCN_CN15_9336_CEI109", 13.8, 1,    7782.54,   -0.7,   0.97679, 2,    7782.54, -120.7,   0.97679, 3,    7782.54,  119.3,   0.97679
"SCN_CN15_9057_CEI072", 13.8, 1,    7754.43,   -0.7,   0.97327, 2,    7754.43, -120.7,   0.97327, 3,    7754.43,  119.3,   0.97327
"SCN_CN15_9056_CEI072", 13.8, 1,    7754.72,   -0.7,    0.9733, 2,    7754.72, -120.7,    0.9733, 3,    7754.72,  119.3,    0.9733
"SCN_CN15_9052_CEI072", 13.8, 1,       7755,   -0.7,   0.97334, 2,       7755, -120.7,   0.97334, 3,       7755,  119.3,   0.97334
"SCN_CN15_9056_CEI072_S", 13.8, 1,    7754.72,   -0.7,    0.9733, 2,    7754.72, -120.7,    0.9733, 3,    7754.72,  119.3,    0.9733
"SCN_CN15_9005_CEI072", 13.8, 1,    7755.28,   -0.7,   0.97337, 2,    7755.28, -120.7,   0.97337, 3,    7755.28,  119.3,   0.97337
"SCN_CN15_9004_CEI072", 13.8, 1,    7755.58,   -0.7,   0.97341, 2,    7755.58, -120.7,   0.97341, 3,    7755.58,  119.3,   0.97341
"SCN_CN15_9005_CEI072_S", 13.8, 1,    7755.28,   -0.7,   0.97337, 2,    7755.28, -120.7,   0.97337, 3,    7755.28,  119.3,   0.97337
"SCN_CN15_9486_CEI109", 13.8, 1,    7782.74,   -0.7,   0.97682, 2,    7782.74, -120.7,   0.97682, 3,    7782.74,  119.3,   0.97682
"SCN_CN15_9003_CEI072", 13.8, 1,    7755.87,   -0.7,   0.97345, 2,    7755.87, -120.7,   0.97345, 3,    7755.87,  119.3,   0.97345
"SCN_CN15_9004_CEI072_S", 13.8, 1,    7755.58,   -0.7,   0.97341, 2,    7755.58, -120.7,   0.97341, 3,    7755.58,  119.3,   0.97341
"SCN_CN15_9002_CEI072", 13.8, 1,    7756.16,   -0.7,   0.97348, 2,    7756.16, -120.7,   0.97348, 3,    7756.16,  119.3,   0.97348
"SCN_CN15_9003_CEI072_S", 13.8, 1,    7755.87,   -0.7,   0.97345, 2,    7755.87, -120.7,   0.97345, 3,    7755.87,  119.3,   0.97345
"SCN_CN15_9002_CEI072_S", 13.8, 1,    7756.16,   -0.7,   0.97348, 2,    7756.16, -120.7,   0.97348, 3,    7756.16,  119.3,   0.97348
"SCN_CN15_9297_CEI250_ATV", 13.8, 1,    7756.45,   -0.7,   0.97352, 2,    7756.45, -120.7,   0.97352, 3,    7756.45,  119.3,   0.97352
"SCN_CN15_9296_CEI250_ATV_S", 13.8, 1,    7756.74,   -0.7,   0.97356, 2,    7756.74, -120.7,   0.97356, 3,    7756.74,  119.3,   0.97356
"SCN_CN15_9297_CEI250_ATV_S", 13.8, 1,    7756.45,   -0.7,   0.97352, 2,    7756.45, -120.7,   0.97352, 3,    7756.45,  119.3,   0.97352
"SCN_CN15_9293_CEI250_ATV_S", 13.8, 1,    7757.33,   -0.7,   0.97363, 2,    7757.33, -120.7,   0.97363, 3,    7757.33,  119.3,   0.97363
"SCN_CN15_9292_CEI250_ATV", 13.8, 1,    7757.66,   -0.7,   0.97367, 2,    7757.66, -120.7,   0.97367, 3,    7757.66,  119.3,   0.97367
"SCN_CN15_9296_CEI250_ATV", 13.8, 1,    7756.74,   -0.7,   0.97356, 2,    7756.74, -120.7,   0.97356, 3,    7756.74,  119.3,   0.97356
"SCN_CN15_9295_CEI250_ATV", 13.8, 1,    7757.04,   -0.7,   0.97359, 2,    7757.04, -120.7,   0.97359, 3,    7757.04,  119.3,   0.97359
"SCN_CN15_9300_CEI250_ATV", 13.8, 1,    7756.45,   -0.7,   0.97352, 2,    7756.45, -120.7,   0.97352, 3,    7756.45,  119.3,   0.97352
"SCN_CN15_9003_CEIRJ012_ATV", 13.8, 1,    7756.45,   -0.7,   0.97352, 2,    7756.45, -120.7,   0.97352, 3,    7756.45,  119.3,   0.97352
"SCN_CN15_9006_CEI072", 13.8, 1,    7755.28,   -0.7,   0.97337, 2,    7755.28, -120.7,   0.97337, 3,    7755.28,  119.3,   0.97337
"SCN_CN15_9007_CEI072", 13.8, 1,    7755.27,   -0.7,   0.97337, 2,    7755.27, -120.7,   0.97337, 3,    7755.27,  119.3,   0.97337
"SCN_CN15_9487_CEI109", 13.8, 1,    7782.73,   -0.7,   0.97682, 2,    7782.73, -120.7,   0.97682, 3,    7782.73,  119.3,   0.97682
"SCN_CN15_9008_CEI072", 13.8, 1,    7755.26,   -0.7,   0.97337, 2,    7755.26, -120.7,   0.97337, 3,    7755.26,  119.3,   0.97337
"SCN_CN15_9009_CEI072", 13.8, 1,    7755.25,   -0.7,   0.97337, 2,    7755.25, -120.7,   0.97337, 3,    7755.25,  119.3,   0.97337
"SCN_CN15_9010_CEI072_S", 13.8, 1,    7755.24,   -0.7,   0.97337, 2,    7755.24, -120.7,   0.97337, 3,    7755.24,  119.3,   0.97337
"SCN_CN15_9010_CEI072", 13.8, 1,    7755.24,   -0.7,   0.97337, 2,    7755.24, -120.7,   0.97337, 3,    7755.24,  119.3,   0.97337
"SCN_CN15_9011_CEI072", 13.8, 1,    7755.24,   -0.7,   0.97337, 2,    7755.24, -120.7,   0.97337, 3,    7755.24,  119.3,   0.97337
"SCN_CN15_9012_CEI072", 13.8, 1,    7755.23,   -0.7,   0.97337, 2,    7755.23, -120.7,   0.97337, 3,    7755.23,  119.3,   0.97337
"SCN_CN15_9024_CEI072", 13.8, 1,    7755.22,   -0.7,   0.97337, 2,    7755.22, -120.7,   0.97337, 3,    7755.22,  119.3,   0.97337
"SCN_CN15_9025_CEI072", 13.8, 1,    7755.22,   -0.7,   0.97336, 2,    7755.22, -120.7,   0.97336, 3,    7755.22,  119.3,   0.97336
"SCN_CN15_9027_CEI072", 13.8, 1,    7755.21,   -0.7,   0.97336, 2,    7755.21, -120.7,   0.97336, 3,    7755.21,  119.3,   0.97336
"SCN_CN15_9032_CEI072", 13.8, 1,    7755.21,   -0.7,   0.97336, 2,    7755.21, -120.7,   0.97336, 3,    7755.21,  119.3,   0.97336
"SCN_CN15_9033_CEI072", 13.8, 1,     7755.2,   -0.7,   0.97336, 2,     7755.2, -120.7,   0.97336, 3,     7755.2,  119.3,   0.97336
"SCN_CN15_9301_CEI250_ATV", 13.8, 1,     7757.3,   -0.7,   0.97363, 2,     7757.3, -120.7,   0.97363, 3,     7757.3,  119.3,   0.97363
"SCN_CN15_9293_CEI250_ATV", 13.8, 1,    7757.33,   -0.7,   0.97363, 2,    7757.33, -120.7,   0.97363, 3,    7757.33,  119.3,   0.97363
"SCN_CN15_9489_CEI109", 13.8, 1,    7782.73,   -0.7,   0.97682, 2,    7782.73, -120.7,   0.97682, 3,    7782.73,  119.3,   0.97682
"SCN_CN15_9303_CEI250_ATV", 13.8, 1,    7757.27,   -0.7,   0.97362, 2,    7757.27, -120.7,   0.97362, 3,    7757.27,  119.3,   0.97362
"SCN_CN15_9304_CEI250_ATV", 13.8, 1,    7757.25,   -0.7,   0.97362, 2,    7757.25, -120.7,   0.97362, 3,    7757.25,  119.3,   0.97362
"SCN_CN15_9305_CEI250_ATV", 13.8, 1,    7757.22,   -0.7,   0.97362, 2,    7757.22, -120.7,   0.97362, 3,    7757.22,  119.3,   0.97362
"SCN_CN15_9306_CEI250_ATV", 13.8, 1,    7757.19,   -0.7,   0.97361, 2,    7757.19, -120.7,   0.97361, 3,    7757.19,  119.3,   0.97361
"SCN_CN15_9307_CEI250_ATV", 13.8, 1,    7757.16,   -0.7,   0.97361, 2,    7757.16, -120.7,   0.97361, 3,    7757.16,  119.3,   0.97361
"SCN_CN15_9308_CEI250_ATV", 13.8, 1,    7757.13,   -0.7,    0.9736, 2,    7757.13, -120.7,    0.9736, 3,    7757.13,  119.3,    0.9736
"SCN_CN15_9053_CEI160_ATV", 13.8, 1,    7757.13,   -0.7,    0.9736, 2,    7757.13, -120.7,    0.9736, 3,    7757.13,  119.3,    0.9736
"SCN_CN15_9054_CEI160_ATV", 13.8, 1,    7757.13,   -0.7,    0.9736, 2,    7757.13, -120.7,    0.9736, 3,    7757.13,  119.3,    0.9736
"SCN_CN15_9311_CEI250_ATV", 13.8, 1,     7757.1,   -0.7,    0.9736, 2,     7757.1, -120.7,    0.9736, 3,     7757.1,  119.3,    0.9736
"SCN_CN15_9488_CEI109", 13.8, 1,    7782.73,   -0.7,   0.97682, 2,    7782.73, -120.7,   0.97682, 3,    7782.73,  119.3,   0.97682
"SCN_CN15_9312_CEI250_ATV", 13.8, 1,    7757.08,   -0.7,    0.9736, 2,    7757.08, -120.7,    0.9736, 3,    7757.08,  119.3,    0.9736
"SCN_CN15_9313_CEI250_ATV", 13.8, 1,    7757.07,   -0.7,    0.9736, 2,    7757.07, -120.7,    0.9736, 3,    7757.07,  119.3,    0.9736
"SCN_CN15_9314_CEI250_ATV_S", 13.8, 1,    7757.05,   -0.7,   0.97359, 2,    7757.05, -120.7,   0.97359, 3,    7757.05,  119.3,   0.97359
"SCN_CN15_9314_CEI250_ATV", 13.8, 1,    7757.05,   -0.7,   0.97359, 2,    7757.05, -120.7,   0.97359, 3,    7757.05,  119.3,   0.97359
"SCN_CN15_9052_CEI071", 13.8, 1,    7757.03,   -0.7,   0.97359, 2,    7757.03, -120.7,   0.97359, 3,    7757.03,  119.3,   0.97359
"SCN_CN15_9053_CEI071", 13.8, 1,       7757,   -0.7,   0.97359, 2,       7757, -120.7,   0.97359, 3,       7757,  119.3,   0.97359
"SCN_CN15_9054_CEI071", 13.8, 1,    7756.98,   -0.7,   0.97359, 2,    7756.98, -120.7,   0.97359, 3,    7756.98,  119.3,   0.97359
"SCN_CN15_9055_CEI071", 13.8, 1,    7756.95,   -0.7,   0.97358, 2,    7756.95, -120.7,   0.97358, 3,    7756.95,  119.3,   0.97358
"SCN_CN15_9056_CEI071", 13.8, 1,    7756.93,   -0.7,   0.97358, 2,    7756.93, -120.7,   0.97358, 3,    7756.93,  119.3,   0.97358
"SCN_CN15_9057_CEI071", 13.8, 1,    7756.91,   -0.7,   0.97358, 2,    7756.91, -120.7,   0.97358, 3,    7756.91,  119.3,   0.97358
"SCN_CN15_9058_CEI071", 13.8, 1,    7756.88,   -0.7,   0.97357, 2,    7756.88, -120.7,   0.97357, 3,    7756.88,  119.3,   0.97357
"SCN_CN15_9495_CEI109", 13.8, 1,     7782.7,   -0.7,   0.97681, 2,     7782.7, -120.7,   0.97681, 3,     7782.7,  119.3,   0.97681
"SCN_CN15_9319_CEI250_ATV", 13.8, 1,    7756.86,   -0.7,   0.97357, 2,    7756.86, -120.7,   0.97357, 3,    7756.86,  119.3,   0.97357
"SCN_CN15_9320_CEI250_ATV", 13.8, 1,    7756.85,   -0.7,   0.97357, 2,    7756.85, -120.7,   0.97357, 3,    7756.85,  119.3,   0.97357
"SCN_CN15_9321_CEI250_ATV", 13.8, 1,    7756.85,   -0.7,   0.97357, 2,    7756.85, -120.7,   0.97357, 3,    7756.85,  119.3,   0.97357
"SCN_CN15_9062_CEI071", 13.8, 1,    7756.82,   -0.7,   0.97357, 2,    7756.82, -120.7,   0.97357, 3,    7756.82,  119.3,   0.97357
"SCN_CN15_9060_CEI071", 13.8, 1,    7756.83,   -0.7,   0.97357, 2,    7756.83, -120.7,   0.97357, 3,    7756.83,  119.3,   0.97357
"SCN_CN15_9059_CEI071", 13.8, 1,    7756.84,   -0.7,   0.97357, 2,    7756.84, -120.7,   0.97357, 3,    7756.84,  119.3,   0.97357
"SCN_CN15_9322_CEI250_ATV", 13.8, 1,    7756.83,   -0.7,   0.97357, 2,    7756.83, -120.7,   0.97357, 3,    7756.83,  119.3,   0.97357
"SCN_CN15_9323_CEI250_ATV", 13.8, 1,    7756.82,   -0.7,   0.97357, 2,    7756.82, -120.7,   0.97357, 3,    7756.82,  119.3,   0.97357
"SCN_CN15_9325_CEI250_ATV", 13.8, 1,    7756.81,   -0.7,   0.97357, 2,    7756.81, -120.7,   0.97357, 3,    7756.81,  119.3,   0.97357
"SCN_CN15_9019_CEIRJ006_ATV", 13.8, 1,    7756.82,   -0.7,   0.97357, 2,    7756.82, -120.7,   0.97357, 3,    7756.82,  119.3,   0.97357
"SCN_CN15_9010_CEIRJ006_ATV", 13.8, 1,    7757.07,   -0.7,    0.9736, 2,    7757.07, -120.7,    0.9736, 3,    7757.07,  119.3,    0.9736
"SCN_CN15_9051_CEI071", 13.8, 1,    7757.05,   -0.7,   0.97359, 2,    7757.05, -120.7,   0.97359, 3,    7757.05,  119.3,   0.97359
"SCN_CN15_9101_CEI201_ATV", 13.8, 1,    7776.31,   -0.7,   0.97601, 2,    7776.31, -120.7,   0.97601, 3,    7776.31,  119.3,   0.97601
"SCN_CN15_9446_CEI109", 13.8, 1,    7788.31,   -0.7,   0.97752, 2,    7788.31, -120.7,   0.97752, 3,    7788.31,  119.3,   0.97752
"SCN_CN15_9445_CEI109", 13.8, 1,     7788.3,   -0.7,   0.97752, 2,     7788.3, -120.7,   0.97752, 3,     7788.3,  119.3,   0.97752
"SCN_CN15_9444_CEI109", 13.8, 1,     7788.3,   -0.7,   0.97752, 2,     7788.3, -120.7,   0.97752, 3,     7788.3,  119.3,   0.97752
"SCN_CN15_9443_CEI109", 13.8, 1,     7788.3,   -0.7,   0.97752, 2,     7788.3, -120.7,   0.97752, 3,     7788.3,  119.3,   0.97752
"SCN_CN15_9442_CEI109", 13.8, 1,     7788.3,   -0.7,   0.97752, 2,     7788.3, -120.7,   0.97752, 3,     7788.3,  119.3,   0.97752
"SCN_CN15_9441_CEI109", 13.8, 1,    7788.29,   -0.7,   0.97752, 2,    7788.29, -120.7,   0.97752, 3,    7788.29,  119.3,   0.97752
"SCN_CN15_9459_CEI109", 13.8, 1,    7788.37,   -0.7,   0.97753, 2,    7788.37, -120.7,   0.97753, 3,    7788.37,  119.3,   0.97753
"SCN_CN15_9081_CEI201_ATV", 13.8, 1,    7776.35,   -0.7,   0.97602, 2,    7776.35, -120.7,   0.97602, 3,    7776.35,  119.3,   0.97602
"SCN_CN15_9049_CEI201_ATV", 13.8, 1,    7782.89,   -0.7,   0.97684, 2,    7782.89, -120.7,   0.97684, 3,    7782.89,  119.3,   0.97684
"SCN_CN15_9477_CEI109", 13.8, 1,    7782.89,   -0.7,   0.97684, 2,    7782.89, -120.7,   0.97684, 3,    7782.89,  119.3,   0.97684
"SCN_CN15_9105_CEI201_ATV_S", 13.8, 1,    7776.32,   -0.7,   0.97601, 2,    7776.32, -120.7,   0.97601, 3,    7776.32,  119.3,   0.97601
"SCN_CN15_9089_CEI131_ATV", 13.8, 1,    7788.02,   -0.7,   0.97748, 2,    7788.02, -120.7,   0.97748, 3,    7788.02,  119.3,   0.97748
"SCN_CN15_9090_CEI131_ATV", 13.8, 1,    7787.64,   -0.7,   0.97743, 2,    7787.64, -120.7,   0.97743, 3,    7787.64,  119.3,   0.97743
"SCN_CN15_9091_CEI131_ATV", 13.8, 1,    7787.26,   -0.7,   0.97739, 2,    7787.26, -120.7,   0.97739, 3,    7787.26,  119.3,   0.97739
"SCN_CN15_9092_CEI131_ATV", 13.8, 1,    7787.25,   -0.7,   0.97739, 2,    7787.25, -120.7,   0.97739, 3,    7787.25,  119.3,   0.97739
"SCN_CN15_9093_CEI131_ATV", 13.8, 1,    7787.25,   -0.7,   0.97738, 2,    7787.25, -120.7,   0.97738, 3,    7787.25,  119.3,   0.97738
"SCN_CN15_9094_CEI131_ATV", 13.8, 1,    7787.25,   -0.7,   0.97738, 2,    7787.25, -120.7,   0.97738, 3,    7787.25,  119.3,   0.97738
"SCN_CN15_9095_CEI131_ATV", 13.8, 1,    7787.24,   -0.7,   0.97738, 2,    7787.24, -120.7,   0.97738, 3,    7787.24,  119.3,   0.97738
"SCN_CN15_9091_CEI131_ATV_S", 13.8, 1,    7787.26,   -0.7,   0.97739, 2,    7787.26, -120.7,   0.97739, 3,    7787.26,  119.3,   0.97739
"SCN_CN15_9096_CEI131_ATV", 13.8, 1,    7786.88,   -0.7,   0.97734, 2,    7786.88, -120.7,   0.97734, 3,    7786.88,  119.3,   0.97734
"SCN_CN15_9054_CEI201_ATV", 13.8, 1,    7782.95,   -0.7,   0.97685, 2,    7782.95, -120.7,   0.97685, 3,    7782.95,  119.3,   0.97685
"SCN_CN15_9474_CEI109", 13.8, 1,    7782.95,   -0.7,   0.97685, 2,    7782.95, -120.7,   0.97685, 3,    7782.95,  119.3,   0.97685
"SCN_CN15_9082_CEI201_ATV", 13.8, 1,    7776.35,   -0.7,   0.97602, 2,    7776.35, -120.7,   0.97602, 3,    7776.35,  119.3,   0.97602
"SCN_CN15_CEI_FL_MT_1162", 13.8, 1,    7776.36,   -0.7,   0.97602, 2,    7776.36, -120.7,   0.97602, 3,    7776.36,  119.3,   0.97602
"SCN_CN15_9083_CEI201_ATV_S", 13.8, 1,    7776.36,   -0.7,   0.97602, 2,    7776.36, -120.7,   0.97602, 3,    7776.36,  119.3,   0.97602
"SCN_CN15_9107_CEI220_ATV", 13.8, 1,    7782.63,   -0.7,    0.9768, 2,    7782.63, -120.7,    0.9768, 3,    7782.63,  119.3,    0.9768
"SCN_CN15_9460_CEI109", 13.8, 1,    7788.36,   -0.7,   0.97752, 2,    7788.36, -120.7,   0.97752, 3,    7788.36,  119.3,   0.97752
"SCN_CN15_9461_CEI109", 13.8, 1,    7788.36,   -0.7,   0.97752, 2,    7788.36, -120.7,   0.97752, 3,    7788.36,  119.3,   0.97752
"SCN_CN15_9187_CEI068", 13.8, 1,    7767.89,   -0.7,   0.97496, 2,    7767.89, -120.7,   0.97496, 3,    7767.89,  119.3,   0.97496
"SCN_CN15_9188_CEI068", 13.8, 1,    7767.88,   -0.7,   0.97495, 2,    7767.88, -120.7,   0.97495, 3,    7767.88,  119.3,   0.97495
"SCN_CN15_9190_CEI068", 13.8, 1,    7767.88,   -0.7,   0.97495, 2,    7767.88, -120.7,   0.97495, 3,    7767.88,  119.3,   0.97495
"SCN_CN15_9189_CEI068", 13.8, 1,    7767.88,   -0.7,   0.97495, 2,    7767.88, -120.7,   0.97495, 3,    7767.88,  119.3,   0.97495
"SCN_CN15_9018_CEI130A_ATV", 13.8, 1,    7767.86,   -0.7,   0.97495, 2,    7767.86, -120.7,   0.97495, 3,    7767.86,  119.3,   0.97495
"SCN_CN15_9019_CEI130A_ATV", 13.8, 1,    7767.86,   -0.7,   0.97495, 2,    7767.86, -120.7,   0.97495, 3,    7767.86,  119.3,   0.97495
"SCN_CN15_9462_CEI109", 13.8, 1,    7788.36,   -0.7,   0.97752, 2,    7788.36, -120.7,   0.97752, 3,    7788.36,  119.3,   0.97752
"SCN_CN15_9020_CEI130A_ATV", 13.8, 1,    7767.85,   -0.7,   0.97495, 2,    7767.85, -120.7,   0.97495, 3,    7767.85,  119.3,   0.97495
"SCN_CN15_9021_CEI130A_ATV", 13.8, 1,    7767.85,   -0.7,   0.97495, 2,    7767.85, -120.7,   0.97495, 3,    7767.85,  119.3,   0.97495
"SCN_CN15_9022_CEI130A_ATV", 13.8, 1,    7767.84,   -0.7,   0.97495, 2,    7767.84, -120.7,   0.97495, 3,    7767.84,  119.3,   0.97495
"SCN_CN15_9023_CEI130A_ATV", 13.8, 1,    7767.83,   -0.7,   0.97495, 2,    7767.83, -120.7,   0.97495, 3,    7767.83,  119.3,   0.97495
"SCN_CN15_9024_CEI130A_ATV", 13.8, 1,    7767.83,   -0.7,   0.97495, 2,    7767.83, -120.7,   0.97495, 3,    7767.83,  119.3,   0.97495
"SCN_CN15_9025_CEI130A_ATV_S", 13.8, 1,    7767.82,   -0.7,   0.97495, 2,    7767.82, -120.7,   0.97495, 3,    7767.82,  119.3,   0.97495
"SCN_CN15_9025_CEI130A_ATV", 13.8, 1,    7767.82,   -0.7,   0.97495, 2,    7767.82, -120.7,   0.97495, 3,    7767.82,  119.3,   0.97495
"SCN_CN15_9026_CEI130A_ATV", 13.8, 1,    7767.82,   -0.7,   0.97495, 2,    7767.82, -120.7,   0.97495, 3,    7767.82,  119.3,   0.97495
"SCN_CN15_9027_CEI130A_ATV", 13.8, 1,    7767.81,   -0.7,   0.97495, 2,    7767.81, -120.7,   0.97495, 3,    7767.81,  119.3,   0.97495
"SCN_CN15_9028_CEI130A_ATV", 13.8, 1,    7767.81,   -0.7,   0.97495, 2,    7767.81, -120.7,   0.97495, 3,    7767.81,  119.3,   0.97495
"SCN_CN15_9029_CEI130A_ATV", 13.8, 1,    7767.81,   -0.7,   0.97495, 2,    7767.81, -120.7,   0.97495, 3,    7767.81,  119.3,   0.97495
"SCN_CN15_9463_CEI109", 13.8, 1,    7788.36,   -0.7,   0.97752, 2,    7788.36, -120.7,   0.97752, 3,    7788.36,  119.3,   0.97752
"SCN_CN15_9030_CEI130A_ATV", 13.8, 1,    7767.81,   -0.7,   0.97495, 2,    7767.81, -120.7,   0.97495, 3,    7767.81,  119.3,   0.97495
"SCN_CN15_9031_CEI130A_ATV", 13.8, 1,    7767.81,   -0.7,   0.97495, 2,    7767.81, -120.7,   0.97495, 3,    7767.81,  119.3,   0.97495
"SCN_CN15_9032_CEI130A_ATV", 13.8, 1,    7767.81,   -0.7,   0.97495, 2,    7767.81, -120.7,   0.97495, 3,    7767.81,  119.3,   0.97495
"SCN_CN15_9033_CEI130A_ATV", 13.8, 1,    7767.81,   -0.7,   0.97495, 2,    7767.81, -120.7,   0.97495, 3,    7767.81,  119.3,   0.97495
"SCN_CN15_9035_CEI130A_ATV", 13.8, 1,    7767.81,   -0.7,   0.97495, 2,    7767.81, -120.7,   0.97495, 3,    7767.81,  119.3,   0.97495
"SCN_CN15_9037_CEI130A_ATV", 13.8, 1,    7767.81,   -0.7,   0.97494, 2,    7767.81, -120.7,   0.97494, 3,    7767.81,  119.3,   0.97494
"SCN_CN15_9045_CEI130A_ATV", 13.8, 1,     7767.8,   -0.7,   0.97494, 2,     7767.8, -120.7,   0.97494, 3,     7767.8,  119.3,   0.97494
"SCN_CN15_9038_CEI130A_ATV", 13.8, 1,    7767.81,   -0.7,   0.97494, 2,    7767.81, -120.7,   0.97494, 3,    7767.81,  119.3,   0.97494
"SCN_CN15_9464_CEI109", 13.8, 1,    7788.36,   -0.7,   0.97752, 2,    7788.36, -120.7,   0.97752, 3,    7788.36,  119.3,   0.97752
"SCN_CN15_9041_CEI130A_ATV", 13.8, 1,    7767.81,   -0.7,   0.97494, 2,    7767.81, -120.7,   0.97494, 3,    7767.81,  119.3,   0.97494
"SCN_CN15_9039_CEI130A_ATV", 13.8, 1,    7767.81,   -0.7,   0.97494, 2,    7767.81, -120.7,   0.97494, 3,    7767.81,  119.3,   0.97494
"SCN_CN15_9044_CEI130A_ATV", 13.8, 1,    7767.81,   -0.7,   0.97494, 2,    7767.81, -120.7,   0.97494, 3,    7767.81,  119.3,   0.97494
"SCN_CN15_9043_CEI130A_ATV", 13.8, 1,    7767.81,   -0.7,   0.97494, 2,    7767.81, -120.7,   0.97494, 3,    7767.81,  119.3,   0.97494
"SCN_CN15_9042_CEI130A_ATV", 13.8, 1,    7767.81,   -0.7,   0.97494, 2,    7767.81, -120.7,   0.97494, 3,    7767.81,  119.3,   0.97494
"SCN_CN15_9465_CEI109", 13.8, 1,    7788.35,   -0.7,   0.97752, 2,    7788.35, -120.7,   0.97752, 3,    7788.35,  119.3,   0.97752
"SCN_CN15_9040_CEI076", 13.8, 1,    7765.45,   -0.7,   0.97465, 2,    7765.45, -120.7,   0.97465, 3,    7765.45,  119.3,   0.97465
"SCN_CN15_9047_CEI076", 13.8, 1,    7765.44,   -0.7,   0.97465, 2,    7765.44, -120.7,   0.97465, 3,    7765.44,  119.3,   0.97465
"SCN_CN15_9039_CEI076_S", 13.8, 1,    7765.45,   -0.7,   0.97465, 2,    7765.45, -120.7,   0.97465, 3,    7765.45,  119.3,   0.97465
"SCN_CN15_9038_CEI076", 13.8, 1,    7765.46,   -0.7,   0.97465, 2,    7765.46, -120.7,   0.97465, 3,    7765.46,  119.3,   0.97465
"SCN_CN15_9037_CEI076", 13.8, 1,    7765.45,   -0.7,   0.97465, 2,    7765.45, -120.7,   0.97465, 3,    7765.45,  119.3,   0.97465
"SCN_CN15_9036_CEI076", 13.8, 1,    7765.47,   -0.7,   0.97465, 2,    7765.47, -120.7,   0.97465, 3,    7765.47,  119.3,   0.97465
"SCN_CN15_9038_CEI076_S", 13.8, 1,    7765.46,   -0.7,   0.97465, 2,    7765.46, -120.7,   0.97465, 3,    7765.46,  119.3,   0.97465
"SCN_CN15_9466_CEI109", 13.8, 1,    7788.35,   -0.7,   0.97752, 2,    7788.35, -120.7,   0.97752, 3,    7788.35,  119.3,   0.97752
"SCN_CN15_9034_CEI076", 13.8, 1,    7765.48,   -0.7,   0.97465, 2,    7765.48, -120.7,   0.97465, 3,    7765.48,  119.3,   0.97465
"SCN_CN15_9033_CEI076", 13.8, 1,     7765.5,   -0.7,   0.97465, 2,     7765.5, -120.7,   0.97465, 3,     7765.5,  119.3,   0.97465
"SCN_CN15_9032_CEI076", 13.8, 1,    7765.52,   -0.7,   0.97466, 2,    7765.52, -120.7,   0.97466, 3,    7765.52,  119.3,   0.97466
"SCN_CN15_9031_CEI076", 13.8, 1,    7765.54,   -0.7,   0.97466, 2,    7765.54, -120.7,   0.97466, 3,    7765.54,  119.3,   0.97466
"SCN_CN15_9030_CEI076", 13.8, 1,    7765.56,   -0.7,   0.97466, 2,    7765.56, -120.7,   0.97466, 3,    7765.56,  119.3,   0.97466
"SCN_CN15_9046_CEIRJ006_ATV", 13.8, 1,    7765.58,   -0.7,   0.97467, 2,    7765.58, -120.7,   0.97467, 3,    7765.58,  119.3,   0.97467
"SCN_CN15_9047_CEIRJ006_ATV", 13.8, 1,     7765.6,   -0.7,   0.97467, 2,    7765.61, -120.7,   0.97467, 3,    7765.61,  119.3,   0.97467
"SCN_CN15_9025_CEI076", 13.8, 1,    7765.63,   -0.7,   0.97467, 2,    7765.63, -120.7,   0.97467, 3,    7765.63,  119.3,   0.97467
"SCN_CN15_9024_CEI076", 13.8, 1,    7765.65,   -0.7,   0.97467, 2,    7765.65, -120.7,   0.97467, 3,    7765.65,  119.3,   0.97467
"SCN_CN15_9023_CEI076", 13.8, 1,    7765.67,   -0.7,   0.97468, 2,    7765.67, -120.7,   0.97468, 3,    7765.67,  119.3,   0.97468
"SCN_CN15_9293_CEI109", 13.8, 1,    7788.74,   -0.7,   0.97757, 2,    7788.74, -120.7,   0.97757, 3,    7788.74,  119.3,   0.97757
"SCN_CN15_9049_CEIRJ006_ATV", 13.8, 1,    7765.69,   -0.7,   0.97468, 2,    7765.69, -120.7,   0.97468, 3,    7765.69,  119.3,   0.97468
"SCN_CN15_9023_CEI076_S", 13.8, 1,    7765.67,   -0.7,   0.97468, 2,    7765.67, -120.7,   0.97468, 3,    7765.67,  119.3,   0.97468
"SCN_CN15_9019_CEI076", 13.8, 1,    7765.71,   -0.7,   0.97468, 2,    7765.71, -120.7,   0.97468, 3,    7765.71,  119.3,   0.97468
"SCN_CN15_9018_CEI076", 13.8, 1,    7765.74,   -0.7,   0.97468, 2,    7765.74, -120.7,   0.97468, 3,    7765.74,  119.3,   0.97468
"SCN_CN15_9017_CEI076", 13.8, 1,    7765.76,   -0.7,   0.97469, 2,    7765.76, -120.7,   0.97469, 3,    7765.76,  119.3,   0.97469
"SCN_CN15_9016_CEI076", 13.8, 1,    7765.78,   -0.7,   0.97469, 2,    7765.78, -120.7,   0.97469, 3,    7765.78,  119.3,   0.97469
"SCN_CN15_9015_CEI076", 13.8, 1,    7765.81,   -0.7,   0.97469, 2,    7765.81, -120.7,   0.97469, 3,    7765.81,  119.3,   0.97469
"SCN_CN15_9014_CEI076", 13.8, 1,    7765.83,   -0.7,    0.9747, 2,    7765.83, -120.7,    0.9747, 3,    7765.83,  119.3,    0.9747
"SCN_CN15_9013_CEI076", 13.8, 1,    7765.86,   -0.7,    0.9747, 2,    7765.86, -120.7,    0.9747, 3,    7765.86,  119.3,    0.9747
"SCN_CN15_9012_CEI076", 13.8, 1,    7765.88,   -0.7,    0.9747, 2,    7765.88, -120.7,    0.9747, 3,    7765.88,  119.3,    0.9747
"SCN_CN15_9011_CEI076", 13.8, 1,    7765.91,   -0.7,   0.97471, 2,    7765.91, -120.7,   0.97471, 3,    7765.91,  119.3,   0.97471
"SCN_CN15_9294_CEI109", 13.8, 1,    7788.98,   -0.7,    0.9776, 2,    7788.98, -120.7,    0.9776, 3,    7788.98,  119.3,    0.9776
"SCN_CN15_9010_CEI076", 13.8, 1,    7765.93,   -0.7,   0.97471, 2,    7765.93, -120.7,   0.97471, 3,    7765.93,  119.3,   0.97471
"SCN_CN15_9009_CEI076", 13.8, 1,    7765.96,   -0.7,   0.97471, 2,    7765.96, -120.7,   0.97471, 3,    7765.96,  119.3,   0.97471
"SCN_CN15_9008_CEI076", 13.8, 1,    7765.99,   -0.7,   0.97472, 2,    7765.99, -120.7,   0.97472, 3,    7765.99,  119.3,   0.97472
"SCN_CN15_9007_CEI076", 13.8, 1,    7766.01,   -0.7,   0.97472, 2,    7766.01, -120.7,   0.97472, 3,    7766.01,  119.3,   0.97472
"SCN_CN15_9006_CEI076", 13.8, 1,    7766.04,   -0.7,   0.97472, 2,    7766.04, -120.7,   0.97472, 3,    7766.04,  119.3,   0.97472
"SCN_CN15_9005_CEI076", 13.8, 1,    7766.06,   -0.7,   0.97473, 2,    7766.06, -120.7,   0.97473, 3,    7766.06,  119.3,   0.97473
"SCN_CN15_9004_CEI076", 13.8, 1,    7766.09,   -0.7,   0.97473, 2,    7766.09, -120.7,   0.97473, 3,    7766.09,  119.3,   0.97473
"SCN_CN15_9003_CEI076", 13.8, 1,    7766.11,   -0.7,   0.97473, 2,    7766.11, -120.7,   0.97473, 3,    7766.11,  119.3,   0.97473
"SCN_CN15_9002_CEI076", 13.8, 1,    7766.15,   -0.7,   0.97474, 2,    7766.15, -120.7,   0.97474, 3,    7766.15,  119.3,   0.97474
"SCN_CN15_9117_CEI076", 13.8, 1,    7766.18,   -0.7,   0.97474, 2,    7766.18, -120.7,   0.97474, 3,    7766.18,  119.3,   0.97474
"SCN_CN15_9295_CEI109", 13.8, 1,    7789.22,   -0.7,   0.97763, 2,    7789.22, -120.7,   0.97763, 3,    7789.22,  119.3,   0.97763
"SCN_CN15_9149_CEI068", 13.8, 1,    7766.21,   -0.7,   0.97474, 2,    7766.21, -120.7,   0.97474, 3,    7766.21,  119.3,   0.97474
"SCN_CN15_9312_CEI068", 13.8, 1,     7766.2,   -0.7,   0.97474, 2,     7766.2, -120.7,   0.97474, 3,     7766.2,  119.3,   0.97474
"SCN_CN15_9313_CEI068", 13.8, 1,    7766.19,   -0.7,   0.97474, 2,    7766.19, -120.7,   0.97474, 3,    7766.19,  119.3,   0.97474
"SCN_CN15_9314_CEI068", 13.8, 1,    7766.19,   -0.7,   0.97474, 2,    7766.19, -120.7,   0.97474, 3,    7766.19,  119.3,   0.97474
"SCN_CN15_9315_CEI068", 13.8, 1,    7766.18,   -0.7,   0.97474, 2,    7766.18, -120.7,   0.97474, 3,    7766.18,  119.3,   0.97474
"SCN_CN15_9316_CEI068", 13.8, 1,    7766.17,   -0.7,   0.97474, 2,    7766.17, -120.7,   0.97474, 3,    7766.17,  119.3,   0.97474
"SCN_CN15_9317_CEI068", 13.8, 1,    7766.16,   -0.7,   0.97474, 2,    7766.16, -120.7,   0.97474, 3,    7766.16,  119.3,   0.97474
"SCN_CN15_9319_CEI068", 13.8, 1,    7766.16,   -0.7,   0.97474, 2,    7766.16, -120.7,   0.97474, 3,    7766.16,  119.3,   0.97474
"SCN_CN15_9150_CEI068", 13.8, 1,    7766.25,   -0.7,   0.97475, 2,    7766.25, -120.7,   0.97475, 3,    7766.25,  119.3,   0.97475
"SCN_CN15_9149_CEI068_S", 13.8, 1,    7766.21,   -0.7,   0.97474, 2,    7766.21, -120.7,   0.97474, 3,    7766.21,  119.3,   0.97474
"SCN_CN15_9064_CEI201_ATV", 13.8, 1,    7786.03,   -0.7,   0.97723, 2,    7786.03, -120.7,   0.97723, 3,    7786.03,  119.3,   0.97723
"SCN_CN15_9408_CEI109", 13.8, 1,    7786.03,   -0.7,   0.97723, 2,    7786.03, -120.7,   0.97723, 3,    7786.03,  119.3,   0.97723
"SCN_CN15_9024_CEI130_ATV", 13.8, 1,    7775.34,   -0.7,   0.97589, 2,    7775.34, -120.7,   0.97589, 3,    7775.34,  119.3,   0.97589
"SCN_CN15_9099_CEI131_ATV", 13.8, 1,    7786.12,   -0.7,   0.97724, 2,    7786.12, -120.7,   0.97724, 3,    7786.12,  119.3,   0.97724
"SCN_CN15_9197_CEI69B_S", 13.8, 1,    7776.33,   -0.7,   0.97601, 2,    7776.33, -120.7,   0.97601, 3,    7776.33,  119.3,   0.97601
"SCN_CN15_9111_CEI201_ATV", 13.8, 1,    7776.33,   -0.7,   0.97601, 2,    7776.33, -120.7,   0.97601, 3,    7776.33,  119.3,   0.97601
"SCN_CN15_9050_CEI201_ATV", 13.8, 1,    7782.89,   -0.7,   0.97684, 2,    7782.89, -120.7,   0.97684, 3,    7782.89,  119.3,   0.97684
"SCN_CN15_9100_CEI131_ATV", 13.8, 1,    7785.74,   -0.7,    0.9772, 2,    7785.74, -120.7,    0.9772, 3,    7785.74,  119.3,    0.9772
"SCN_CN15_9101_CEI131_ATV", 13.8, 1,    7785.36,   -0.7,   0.97715, 2,    7785.36, -120.7,   0.97715, 3,    7785.36,  119.3,   0.97715
"SCN_CN15_9064_CEI220_ATV", 13.8, 1,    7784.98,   -0.7,    0.9771, 2,    7784.98, -120.7,    0.9771, 3,    7784.98,  119.3,    0.9771
"SCN_CN15_9065_CEI220_ATV", 13.8, 1,    7784.98,   -0.7,    0.9771, 2,    7784.98, -120.7,    0.9771, 3,    7784.98,  119.3,    0.9771
"SCN_CN15_9063_CEI220_ATV", 13.8, 1,     7784.6,   -0.7,   0.97705, 2,     7784.6, -120.7,   0.97705, 3,     7784.6,  119.3,   0.97705
"SCN_CN15_9062_CEI220_ATV", 13.8, 1,     7784.6,   -0.7,   0.97705, 2,     7784.6, -120.7,   0.97705, 3,     7784.6,  119.3,   0.97705
"SCN_CN15_9061_CEI220_ATV", 13.8, 1,    7784.59,   -0.7,   0.97705, 2,    7784.59, -120.7,   0.97705, 3,    7784.59,  119.3,   0.97705
"SCN_CN15_9060_CEI220_ATV", 13.8, 1,    7784.59,   -0.7,   0.97705, 2,    7784.59, -120.7,   0.97705, 3,    7784.59,  119.3,   0.97705
"SCN_CN15_9051_CEI201_ATV", 13.8, 1,    7782.81,   -0.7,   0.97683, 2,    7782.81, -120.7,   0.97683, 3,    7782.81,  119.3,   0.97683
"SCN_CN15_9481_CEI109", 13.8, 1,    7782.81,   -0.7,   0.97683, 2,    7782.81, -120.7,   0.97683, 3,    7782.81,  119.3,   0.97683
"SCN_CN15_9155_CEI109", 13.8, 1,    7815.56,   -0.8,   0.98094, 2,    7815.56, -120.8,   0.98094, 3,    7815.56,  119.2,   0.98094
"SCN_CN15_9025_CEI201_ATV", 13.8, 1,    7781.93,   -0.7,   0.97672, 2,    7781.93, -120.7,   0.97672, 3,    7781.93,  119.3,   0.97672
"SCN_CN15_9151_CEI068", 13.8, 1,    7766.29,   -0.7,   0.97475, 2,    7766.29, -120.7,   0.97475, 3,    7766.29,  119.3,   0.97475
"SCN_CN15_9296_CEI109", 13.8, 1,    7789.46,   -0.7,   0.97766, 2,    7789.46, -120.7,   0.97766, 3,    7789.46,  119.3,   0.97766
"SCN_CN15_9152_CEI068", 13.8, 1,    7766.33,   -0.7,   0.97476, 2,    7766.33, -120.7,   0.97476, 3,    7766.33,  119.3,   0.97476
"SCN_CN15_9153_CEI068", 13.8, 1,    7766.37,   -0.7,   0.97476, 2,    7766.37, -120.7,   0.97476, 3,    7766.37,  119.3,   0.97476
"SCN_CN15_9158_CEI068", 13.8, 1,    7766.41,   -0.7,   0.97477, 2,    7766.41, -120.7,   0.97477, 3,    7766.41,  119.3,   0.97477
"SCN_CN15_9159_CEI068", 13.8, 1,    7766.41,   -0.7,   0.97477, 2,    7766.41, -120.7,   0.97477, 3,    7766.41,  119.3,   0.97477
"SCN_CN15_9158_CEI068_S", 13.8, 1,    7766.41,   -0.7,   0.97477, 2,    7766.41, -120.7,   0.97477, 3,    7766.41,  119.3,   0.97477
"SCN_CN15_9029_CEI250_ATV", 13.8, 1,    7766.45,   -0.7,   0.97477, 2,    7766.45, -120.7,   0.97477, 3,    7766.45,  119.3,   0.97477
"SCN_CN15_9030_CEI250_ATV", 13.8, 1,     7766.5,   -0.7,   0.97478, 2,     7766.5, -120.7,   0.97478, 3,     7766.5,  119.3,   0.97478
"SCN_CN15_9031_CEI250_ATV", 13.8, 1,     7766.5,   -0.7,   0.97478, 2,     7766.5, -120.7,   0.97478, 3,     7766.5,  119.3,   0.97478
"SCN_CN15_9030_CEI250_ATV_S", 13.8, 1,     7766.5,   -0.7,   0.97478, 2,     7766.5, -120.7,   0.97478, 3,     7766.5,  119.3,   0.97478
"SCN_CN15_9032_CEI250_ATV", 13.8, 1,    7766.54,   -0.7,   0.97479, 2,    7766.54, -120.7,   0.97479, 3,    7766.54,  119.3,   0.97479
"SCN_CN15_9033_CEI250_ATV", 13.8, 1,    7766.59,   -0.7,   0.97479, 2,    7766.59, -120.7,   0.97479, 3,    7766.59,  119.3,   0.97479
"SCN_CN15_9102_CEI068", 13.8, 1,    7766.63,   -0.7,    0.9748, 2,    7766.63, -120.7,    0.9748, 3,    7766.63,  119.3,    0.9748
"SCN_CN15_9297_CEI109", 13.8, 1,     7789.7,   -0.7,   0.97769, 2,     7789.7, -120.7,   0.97769, 3,     7789.7,  119.3,   0.97769
"SCN_CN15_9101_CEI068", 13.8, 1,    7766.27,   -0.7,   0.97475, 2,    7766.27, -120.7,   0.97475, 3,    7766.27,  119.3,   0.97475
"SCN_CN15_9100_CEI068_S", 13.8, 1,    7765.91,   -0.7,   0.97471, 2,    7765.91, -120.7,   0.97471, 3,    7765.91,  119.3,   0.97471
"SCN_CN15_9100_CEI068", 13.8, 1,    7765.91,   -0.7,   0.97471, 2,    7765.91, -120.7,   0.97471, 3,    7765.91,  119.3,   0.97471
"SCN_CN15_9050_CEI070_S", 13.8, 1,    7765.55,   -0.7,   0.97466, 2,    7765.55, -120.7,   0.97466, 3,    7765.55,  119.3,   0.97466
"SCN_CN15_9098_CEI068_S", 13.8, 1,    7765.91,   -0.7,   0.97471, 2,    7765.91, -120.7,   0.97471, 3,    7765.91,  119.3,   0.97471
"SCN_CN15_9049_CEI070", 13.8, 1,    7765.19,   -0.7,   0.97462, 2,    7765.19, -120.7,   0.97462, 3,    7765.19,  119.3,   0.97462
"SCN_CN15_9048_CEI070", 13.8, 1,    7764.84,   -0.7,   0.97457, 2,    7764.84, -120.7,   0.97457, 3,    7764.84,  119.3,   0.97457
"SCN_CN15_9047_CEI070", 13.8, 1,    7764.48,   -0.7,   0.97453, 2,    7764.48, -120.7,   0.97453, 3,    7764.48,  119.3,   0.97453
"SCN_CN15_9046_CEI070", 13.8, 1,    7764.12,   -0.7,   0.97448, 2,    7764.12, -120.7,   0.97448, 3,    7764.12,  119.3,   0.97448
"SCN_CN15_9045_CEI070_S", 13.8, 1,    7763.76,   -0.7,   0.97444, 2,    7763.76, -120.7,   0.97444, 3,    7763.76,  119.3,   0.97444
"SCN_CN15_9298_CEI109", 13.8, 1,    7789.94,   -0.7,   0.97772, 2,    7789.94, -120.7,   0.97772, 3,    7789.94,  119.3,   0.97772
"SCN_CN15_9051_CEI070", 13.8, 1,    7763.76,   -0.7,   0.97444, 2,    7763.76, -120.7,   0.97444, 3,    7763.76,  119.3,   0.97444
"SCN_CN15_9045_CEI070", 13.8, 1,    7763.76,   -0.7,   0.97444, 2,    7763.76, -120.7,   0.97444, 3,    7763.76,  119.3,   0.97444
"SCN_CN15_9043_CEI070_S", 13.8, 1,     7763.4,   -0.7,   0.97439, 2,     7763.4, -120.7,   0.97439, 3,     7763.4,  119.3,   0.97439
"SCN_CN15_9043_CEI070", 13.8, 1,     7763.4,   -0.7,   0.97439, 2,     7763.4, -120.7,   0.97439, 3,     7763.4,  119.3,   0.97439
"SCN_CN15_9044_CEI070", 13.8, 1,     7763.4,   -0.7,   0.97439, 2,     7763.4, -120.7,   0.97439, 3,     7763.4,  119.3,   0.97439
"SCN_CN15_9042_CEI070_S", 13.8, 1,    7763.05,   -0.7,   0.97435, 2,    7763.05, -120.7,   0.97435, 3,    7763.05,  119.3,   0.97435
"SCN_CN15_9042_CEI070", 13.8, 1,    7763.04,   -0.7,   0.97435, 2,    7763.04, -120.7,   0.97435, 3,    7763.04,  119.3,   0.97435
"SCN_CN15_9052_CEI070", 13.8, 1,    7763.04,   -0.7,   0.97435, 2,    7763.04, -120.7,   0.97435, 3,    7763.04,  119.3,   0.97435
"SCN_CN15_9040_CEI070", 13.8, 1,    7762.69,   -0.7,    0.9743, 2,    7762.69, -120.7,    0.9743, 3,    7762.69,  119.3,    0.9743
"SCN_CN15_9041_CEI070", 13.8, 1,    7762.69,   -0.7,    0.9743, 2,    7762.69, -120.7,    0.9743, 3,    7762.69,  119.3,    0.9743
"SCN_CN15_9039_CEI070", 13.8, 1,    7762.34,   -0.7,   0.97426, 2,    7762.34, -120.7,   0.97426, 3,    7762.34,  119.3,   0.97426
"SCN_CN15_9038_CEI070_S", 13.8, 1,    7761.99,   -0.7,   0.97421, 2,    7761.99, -120.7,   0.97421, 3,    7761.99,  119.3,   0.97421
"SCN_CN15_9038_CEI070", 13.8, 1,    7761.99,   -0.7,   0.97421, 2,    7761.99, -120.7,   0.97421, 3,    7761.99,  119.3,   0.97421
"SCN_CN15_9053_CEI070", 13.8, 1,    7761.98,   -0.7,   0.97421, 2,    7761.98, -120.7,   0.97421, 3,    7761.98,  119.3,   0.97421
"SCN_CN15_9026_CEI220_ATV", 13.8, 1,    7790.18,   -0.7,   0.97775, 2,    7790.18, -120.7,   0.97775, 3,    7790.18,  119.3,   0.97775
"SCN_CN15_9054_CEI070", 13.8, 1,    7761.97,   -0.7,   0.97421, 2,    7761.97, -120.7,   0.97421, 3,    7761.97,  119.3,   0.97421
"SCN_CN15_9055_CEI070_S", 13.8, 1,    7761.96,   -0.7,   0.97421, 2,    7761.96, -120.7,   0.97421, 3,    7761.96,  119.3,   0.97421
"SCN_CN15_9055_CEI070", 13.8, 1,    7761.96,   -0.7,   0.97421, 2,    7761.96, -120.7,   0.97421, 3,    7761.96,  119.3,   0.97421
"SCN_CN15_9057_CEI070", 13.8, 1,    7761.96,   -0.7,   0.97421, 2,    7761.96, -120.7,   0.97421, 3,    7761.96,  119.3,   0.97421
"SCN_CN15_9058_CEI070_S", 13.8, 1,    7761.95,   -0.7,   0.97421, 2,    7761.95, -120.7,   0.97421, 3,    7761.95,  119.3,   0.97421
"SCN_CN15_9058_CEI070", 13.8, 1,    7761.95,   -0.7,   0.97421, 2,    7761.95, -120.7,   0.97421, 3,    7761.95,  119.3,   0.97421
"SCN_CN15_9059_CEI070", 13.8, 1,    7761.95,   -0.7,   0.97421, 2,    7761.95, -120.7,   0.97421, 3,    7761.95,  119.3,   0.97421
"SCN_CN15_9060_CEI070", 13.8, 1,    7761.94,   -0.7,   0.97421, 2,    7761.94, -120.7,   0.97421, 3,    7761.94,  119.3,   0.97421
"SCN_CN15_9061_CEI070", 13.8, 1,    7761.94,   -0.7,   0.97421, 2,    7761.94, -120.7,   0.97421, 3,    7761.94,  119.3,   0.97421
"SCN_CN15_9062_CEI070", 13.8, 1,    7761.93,   -0.7,   0.97421, 2,    7761.93, -120.7,   0.97421, 3,    7761.93,  119.3,   0.97421
"SCN_CN15_9063_CEI070", 13.8, 1,    7761.92,   -0.7,   0.97421, 2,    7761.92, -120.7,   0.97421, 3,    7761.92,  119.3,   0.97421
"SCN_CN15_9064_CEI070", 13.8, 1,    7761.92,   -0.7,   0.97421, 2,    7761.92, -120.7,   0.97421, 3,    7761.92,  119.3,   0.97421
"SCN_CN15_9299_CEI109", 13.8, 1,    7790.42,   -0.7,   0.97778, 2,    7790.42, -120.7,   0.97778, 3,    7790.42,  119.3,   0.97778
"SCN_CN15_9065_CEI070", 13.8, 1,    7761.91,   -0.7,    0.9742, 2,    7761.91, -120.7,    0.9742, 3,    7761.91,  119.3,    0.9742
"SCN_CN15_9066_CEI070", 13.8, 1,     7761.9,   -0.7,    0.9742, 2,     7761.9, -120.7,    0.9742, 3,     7761.9,  119.3,    0.9742
"SCN_CN15_9037_CEI070_S", 13.8, 1,    7761.65,   -0.7,   0.97417, 2,    7761.65, -120.7,   0.97417, 3,    7761.65,  119.3,   0.97417
"SCN_CN15_9036_CEI070", 13.8, 1,    7761.31,   -0.7,   0.97413, 2,    7761.31, -120.7,   0.97413, 3,    7761.31,  119.3,   0.97413
"SCN_CN15_9037_CEI070", 13.8, 1,    7761.65,   -0.7,   0.97417, 2,    7761.65, -120.7,   0.97417, 3,    7761.65,  119.3,   0.97417
"SCN_CN15_9035_CEI070_S", 13.8, 1,    7760.97,   -0.7,   0.97409, 2,    7760.97, -120.7,   0.97409, 3,    7760.97,  119.3,   0.97409
"SCN_CN15_9019_CEI070", 13.8, 1,    7760.97,   -0.7,   0.97409, 2,    7760.97, -120.7,   0.97409, 3,    7760.97,  119.3,   0.97409
"SCN_CN15_9035_CEI070", 13.8, 1,    7760.97,   -0.7,   0.97409, 2,    7760.97, -120.7,   0.97409, 3,    7760.97,  119.3,   0.97409
"SCN_CN15_9020_CEI070", 13.8, 1,    7760.97,   -0.7,   0.97409, 2,    7760.97, -120.7,   0.97409, 3,    7760.97,  119.3,   0.97409
"SCN_CN15_9276_CEI250_ATV", 13.8, 1,    7761.64,   -0.7,   0.97417, 2,    7761.64, -120.7,   0.97417, 3,    7761.64,  119.3,   0.97417
"SCN_CN15_9275_CEI250_ATV", 13.8, 1,    7761.63,   -0.7,   0.97417, 2,    7761.63, -120.7,   0.97417, 3,    7761.63,  119.3,   0.97417
"SCN_CN15_9274_CEI250_ATV", 13.8, 1,    7761.63,   -0.7,   0.97417, 2,    7761.63, -120.7,   0.97417, 3,    7761.63,  119.3,   0.97417
"SCN_CN15_9300_CEI109", 13.8, 1,    7790.65,   -0.7,   0.97781, 2,    7790.65, -120.7,   0.97781, 3,    7790.65,  119.3,   0.97781
"SCN_CN15_9277_CEI250_ATV", 13.8, 1,    7761.62,   -0.7,   0.97417, 2,    7761.62, -120.7,   0.97417, 3,    7761.62,  119.3,   0.97417
"SCN_CN15_9278_CEI250_ATV", 13.8, 1,    7761.61,   -0.7,   0.97417, 2,    7761.61, -120.7,   0.97417, 3,    7761.61,  119.3,   0.97417
"SCN_CN15_9071_CEI070", 13.8, 1,    7761.61,   -0.7,   0.97417, 2,    7761.61, -120.7,   0.97417, 3,    7761.61,  119.3,   0.97417
"SCN_CN15_9034_CEI070", 13.8, 1,    7760.64,   -0.7,   0.97404, 2,    7760.64, -120.7,   0.97404, 3,    7760.64,  119.3,   0.97404
"SCN_CN15_9033_CEI070_S", 13.8, 1,     7760.3,   -0.7,     0.974, 2,     7760.3, -120.7,     0.974, 3,     7760.3,  119.3,     0.974
"SCN_CN15_9033_CEI070", 13.8, 1,     7760.3,   -0.7,     0.974, 2,     7760.3, -120.7,     0.974, 3,     7760.3,  119.3,     0.974
"SCN_CN15_9099_CEI070", 13.8, 1,     7760.3,   -0.7,     0.974, 2,     7760.3, -120.7,     0.974, 3,     7760.3,  119.3,     0.974
"SCN_CN15_9098_CEI070", 13.8, 1,    7760.29,   -0.7,     0.974, 2,    7760.29, -120.7,     0.974, 3,    7760.29,  119.3,     0.974
"SCN_CN15_9097_CEI070", 13.8, 1,    7760.29,   -0.7,     0.974, 2,    7760.29, -120.7,     0.974, 3,    7760.29,  119.3,     0.974
"SCN_CN15_9096_CEI070", 13.8, 1,    7760.29,   -0.7,     0.974, 2,    7760.29, -120.7,     0.974, 3,    7760.29,  119.3,     0.974
"SCN_CN15_9095_CEI070", 13.8, 1,    7760.28,   -0.7,     0.974, 2,    7760.28, -120.7,     0.974, 3,    7760.28,  119.3,     0.974
"SCN_CN15_9249_CEI109", 13.8, 1,    7790.89,   -0.7,   0.97784, 2,    7790.89, -120.7,   0.97784, 3,    7790.89,  119.3,   0.97784
"SCN_CN15_9094_CEI070", 13.8, 1,    7760.28,   -0.7,     0.974, 2,    7760.28, -120.7,     0.974, 3,    7760.28,  119.3,     0.974
"SCN_CN15_9032_CEI070", 13.8, 1,    7759.97,   -0.7,   0.97396, 2,    7759.97, -120.7,   0.97396, 3,    7759.97,  119.3,   0.97396
"SCN_CN15_9031_CEI070_S", 13.8, 1,    7759.64,   -0.7,   0.97392, 2,    7759.64, -120.7,   0.97392, 3,    7759.64,  119.3,   0.97392
"SCN_CN15_9031_CEI070", 13.8, 1,    7759.64,   -0.7,   0.97392, 2,    7759.64, -120.7,   0.97392, 3,    7759.64,  119.3,   0.97392
"SCN_CN15_9030_CEI070", 13.8, 1,    7759.31,   -0.7,   0.97388, 2,    7759.31, -120.7,   0.97388, 3,    7759.31,  119.3,   0.97388
"SCN_CN15_9291_CEI250_ATV", 13.8, 1,    7758.97,   -0.7,   0.97384, 2,    7758.97, -120.7,   0.97384, 3,    7758.97,  119.3,   0.97384
"SCN_CN15_9281_CEI250_ATV", 13.8, 1,    7758.64,   -0.7,   0.97379, 2,    7758.64, -120.7,   0.97379, 3,    7758.64,  119.3,   0.97379
"SCN_CN15_9282_CEI250_ATV", 13.8, 1,    7758.31,   -0.7,   0.97375, 2,    7758.31, -120.7,   0.97375, 3,    7758.31,  119.3,   0.97375
"SCN_CN15_9280_CEI250_ATV", 13.8, 1,    7758.31,   -0.7,   0.97375, 2,    7758.31, -120.7,   0.97375, 3,    7758.31,  119.3,   0.97375
"SCN_CN15_9283_CEI250_ATV", 13.8, 1,    7757.99,   -0.7,   0.97371, 2,    7757.99, -120.7,   0.97371, 3,    7757.99,  119.3,   0.97371
"SCN_CN15_9284_CEI250_ATV", 13.8, 1,    7757.98,   -0.7,   0.97371, 2,    7757.98, -120.7,   0.97371, 3,    7757.98,  119.3,   0.97371
"SCN_CN15_9302_CEI109", 13.8, 1,    7791.13,   -0.7,   0.97787, 2,    7791.13, -120.7,   0.97787, 3,    7791.13,  119.3,   0.97787
"SCN_CN15_9056_CEI160_ATV", 13.8, 1,    7757.32,   -0.7,   0.97363, 2,    7757.32, -120.7,   0.97363, 3,    7757.32,  119.3,   0.97363
"SCN_CN15_9057_CEI160_ATV", 13.8, 1,    7757.32,   -0.7,   0.97363, 2,    7757.32, -120.7,   0.97363, 3,    7757.32,  119.3,   0.97363
"SCN_CN15_9058_CEI160_ATV", 13.8, 1,    7757.31,   -0.7,   0.97363, 2,    7757.31, -120.7,   0.97363, 3,    7757.31,  119.3,   0.97363
"SCN_CN15_9059_CEI160_ATV", 13.8, 1,    7757.31,   -0.7,   0.97363, 2,    7757.31, -120.7,   0.97363, 3,    7757.31,  119.3,   0.97363
"SCN_CN15_9066_CEI160_ATV", 13.8, 1,    7757.31,   -0.7,   0.97363, 2,    7757.31, -120.7,   0.97363, 3,    7757.31,  119.3,   0.97363
"SCN_CN15_9065_CEI160_ATV", 13.8, 1,     7757.3,   -0.7,   0.97363, 2,     7757.3, -120.7,   0.97363, 3,     7757.3,  119.3,   0.97363
"SCN_CN15_9064_CEI160_ATV", 13.8, 1,     7757.3,   -0.7,   0.97363, 2,     7757.3, -120.7,   0.97363, 3,     7757.3,  119.3,   0.97363
"SCN_CN15_9063_CEI160_ATV", 13.8, 1,     7757.3,   -0.7,   0.97363, 2,     7757.3, -120.7,   0.97363, 3,     7757.3,  119.3,   0.97363
"SCN_CN15_9303_CEI109", 13.8, 1,    7791.38,   -0.7,    0.9779, 2,    7791.38, -120.7,    0.9779, 3,    7791.38,  119.3,    0.9779
"SCN_CN15_9062_CEI160_ATV", 13.8, 1,    7757.29,   -0.7,   0.97362, 2,    7757.29, -120.7,   0.97362, 3,    7757.29,  119.3,   0.97362
"SCN_CN15_9061_CEI160_ATV", 13.8, 1,    7757.29,   -0.7,   0.97362, 2,    7757.29, -120.7,   0.97362, 3,    7757.29,  119.3,   0.97362
"SCN_CN15_9060_CEI160_ATV", 13.8, 1,    7757.29,   -0.7,   0.97362, 2,    7757.29, -120.7,   0.97362, 3,    7757.29,  119.3,   0.97362
"SCN_CN15_9001_CEIRJ012_ATV", 13.8, 1,    7759.64,   -0.7,   0.97392, 2,    7759.64, -120.7,   0.97392, 3,    7759.64,  119.3,   0.97392
"SCN_CN15_9002_CEIRJ012_ATV", 13.8, 1,    7759.64,   -0.7,   0.97392, 2,    7759.64, -120.7,   0.97392, 3,    7759.64,  119.3,   0.97392
"SCN_CN15_9008_CEIRJ006_ATV", 13.8, 1,    7761.96,   -0.7,   0.97421, 2,    7761.96, -120.7,   0.97421, 3,    7761.96,  119.3,   0.97421
"SCN_CN15_9035_CEI250_ATV", 13.8, 1,    7766.63,   -0.7,    0.9748, 2,    7766.63, -120.7,    0.9748, 3,    7766.63,  119.3,    0.9748
"SCN_CN15_9036_CEI250_ATV", 13.8, 1,    7766.63,   -0.7,    0.9748, 2,    7766.63, -120.7,    0.9748, 3,    7766.63,  119.3,    0.9748
"SCN_CN15_9037_CEI250_ATV", 13.8, 1,    7766.63,   -0.7,    0.9748, 2,    7766.63, -120.7,    0.9748, 3,    7766.63,  119.3,    0.9748
"SCN_CN15_9039_CEI250_ATV", 13.8, 1,    7766.62,   -0.7,    0.9748, 2,    7766.62, -120.7,    0.9748, 3,    7766.62,  119.3,    0.9748
"SCN_CN15_9304_CEI109", 13.8, 1,    7791.62,   -0.7,   0.97793, 2,    7791.62, -120.7,   0.97793, 3,    7791.62,  119.3,   0.97793
"SCN_CN15_9042_CEI250_ATV", 13.8, 1,    7766.62,   -0.7,    0.9748, 2,    7766.62, -120.7,    0.9748, 3,    7766.62,  119.3,    0.9748
"SCN_CN15_9041_CEI250_ATV", 13.8, 1,    7766.62,   -0.7,    0.9748, 2,    7766.62, -120.7,    0.9748, 3,    7766.62,  119.3,    0.9748
"SCN_CN15_9040_CEI250_ATV", 13.8, 1,    7766.62,   -0.7,    0.9748, 2,    7766.62, -120.7,    0.9748, 3,    7766.62,  119.3,    0.9748
"SCN_CN15_9059_CEI220_ATV", 13.8, 1,    7784.58,   -0.7,   0.97705, 2,    7784.58, -120.7,   0.97705, 3,    7784.58,  119.3,   0.97705
"SCN_CN15_9058_CEI220_ATV", 13.8, 1,    7784.58,   -0.7,   0.97705, 2,    7784.58, -120.7,   0.97705, 3,    7784.58,  119.3,   0.97705
"SCN_CN15_9063_CEI220_ATV_S", 13.8, 1,     7784.6,   -0.7,   0.97705, 2,     7784.6, -120.7,   0.97705, 3,     7784.6,  119.3,   0.97705
"SCN_CN15_9066_CEI220_ATV", 13.8, 1,    7784.22,   -0.7,     0.977, 2,    7784.22, -120.7,   0.97701, 3,    7784.22,  119.3,   0.97701
"SCN_CN15_9071_CEI220_ATV", 13.8, 1,    7784.22,   -0.7,     0.977, 2,    7784.22, -120.7,     0.977, 3,    7784.22,  119.3,     0.977
"SCN_CN15_9072_CEI220_ATV", 13.8, 1,    7784.22,   -0.7,     0.977, 2,    7784.22, -120.7,     0.977, 3,    7784.22,  119.3,     0.977
"SCN_CN15_9073_CEI220_ATV", 13.8, 1,    7784.22,   -0.7,     0.977, 2,    7784.22, -120.7,     0.977, 3,    7784.22,  119.3,     0.977
"SCN_CN15_9074_CEI220_ATV", 13.8, 1,    7784.21,   -0.7,     0.977, 2,    7784.21, -120.7,     0.977, 3,    7784.21,  119.3,     0.977
"SCN_CN15_9075_CEI220_ATV", 13.8, 1,    7784.21,   -0.7,     0.977, 2,    7784.21, -120.7,     0.977, 3,    7784.21,  119.3,     0.977
"SCN_CN15_9034_CEI201_ATV", 13.8, 1,    7782.22,   -0.7,   0.97675, 2,    7782.22, -120.7,   0.97675, 3,    7782.22,  119.3,   0.97675
"SCN_CN15_9036_CEI201_ATV", 13.8, 1,    7782.27,   -0.7,   0.97676, 2,    7782.27, -120.7,   0.97676, 3,    7782.27,  119.3,   0.97676
"SCN_CN15_9066_CEI220_ATV_S", 13.8, 1,    7784.22,   -0.7,     0.977, 2,    7784.22, -120.7,     0.977, 3,    7784.22,  119.3,     0.977
"SCN_CN15_9067_CEI220_ATV", 13.8, 1,    7783.85,   -0.7,   0.97696, 2,    7783.85, -120.7,   0.97696, 3,    7783.85,  119.3,   0.97696
"SCN_CN15_9068_CEI220_ATV", 13.8, 1,    7783.47,   -0.7,   0.97691, 2,    7783.47, -120.7,   0.97691, 3,    7783.47,  119.3,   0.97691
"SCN_CN15_9142_CEI220_ATV", 13.8, 1,    7782.63,   -0.7,   0.97681, 2,    7782.63, -120.7,   0.97681, 3,    7782.63,  119.3,   0.97681
"SCN_CN15_9030_CEI201_ATV", 13.8, 1,    7782.09,   -0.7,   0.97674, 2,    7782.09, -120.7,   0.97674, 3,    7782.09,  119.3,   0.97674
"SCN_CN15_9037_CEI148_ATV", 13.8, 1,    7776.44,   -0.7,   0.97603, 2,    7776.44, -120.7,   0.97603, 3,    7776.44,  119.3,   0.97603
"SCN_CN15_9013_CEIRJ013_ATV", 13.8, 1,    7776.44,   -0.7,   0.97603, 2,    7776.44, -120.7,   0.97603, 3,    7776.44,  119.3,   0.97603
"SCN_CN15_9141_CEI220_ATV", 13.8, 1,    7782.64,   -0.7,   0.97681, 2,    7782.64, -120.7,   0.97681, 3,    7782.64,  119.3,   0.97681
"SCN_CN15_9142_CEI220_ATV_S", 13.8, 1,    7782.63,   -0.7,   0.97681, 2,    7782.63, -120.7,   0.97681, 3,    7782.63,  119.3,   0.97681
"SCN_CN15_9043_CEI250_ATV", 13.8, 1,    7766.61,   -0.7,   0.97479, 2,    7766.61, -120.7,   0.97479, 3,    7766.61,  119.3,   0.97479
"SCN_CN15_9047_CEI250_ATV", 13.8, 1,    7766.61,   -0.7,   0.97479, 2,    7766.61, -120.7,   0.97479, 3,    7766.61,  119.3,   0.97479
"SCN_CN15_9048_CEI250_ATV", 13.8, 1,    7766.61,   -0.7,   0.97479, 2,    7766.61, -120.7,   0.97479, 3,    7766.61,  119.3,   0.97479
"SCN_CN15_9049_CEI250_ATV", 13.8, 1,    7766.61,   -0.7,   0.97479, 2,    7766.61, -120.7,   0.97479, 3,    7766.61,  119.3,   0.97479
"SCN_CN15_9044_CEI250_ATV", 13.8, 1,    7766.61,   -0.7,   0.97479, 2,    7766.61, -120.7,   0.97479, 3,    7766.61,  119.3,   0.97479
"SCN_CN15_9045_CEI250_ATV", 13.8, 1,    7766.61,   -0.7,   0.97479, 2,    7766.61, -120.7,   0.97479, 3,    7766.61,  119.3,   0.97479
"SCN_CN15_9046_CEI250_ATV", 13.8, 1,    7766.61,   -0.7,   0.97479, 2,    7766.61, -120.7,   0.97479, 3,    7766.61,  119.3,   0.97479
"SCN_CN15_9305_CEI109", 13.8, 1,    7791.27,   -0.7,   0.97789, 2,    7791.27, -120.7,   0.97789, 3,    7791.27,  119.3,   0.97789
"SCN_CN15_9059_CEI075", 13.8, 1,    7771.13,   -0.7,   0.97536, 2,    7771.13, -120.7,   0.97536, 3,    7771.13,  119.3,   0.97536
"SCN_CN15_9060_CEI075", 13.8, 1,    7771.03,   -0.7,   0.97535, 2,    7771.03, -120.7,   0.97535, 3,    7771.03,  119.3,   0.97535
"SCN_CN15_9061_CEI075", 13.8, 1,    7770.94,   -0.7,   0.97534, 2,    7770.94, -120.7,   0.97534, 3,    7770.94,  119.3,   0.97534
"SCN_CN15_9062_CEI075", 13.8, 1,    7770.85,   -0.7,   0.97533, 2,    7770.85, -120.7,   0.97533, 3,    7770.85,  119.3,   0.97533
"SCN_CN15_9063_CEI075", 13.8, 1,    7770.76,   -0.7,   0.97532, 2,    7770.76, -120.7,   0.97532, 3,    7770.76,  119.3,   0.97532
"SCN_CN15_9064_CEI075", 13.8, 1,    7770.67,   -0.7,    0.9753, 2,    7770.67, -120.7,    0.9753, 3,    7770.67,  119.3,    0.9753
"SCN_CN15_9127_CEI230_ATV", 13.8, 1,    7770.67,   -0.7,    0.9753, 2,    7770.67, -120.7,    0.9753, 3,    7770.67,  119.3,    0.9753
"SCN_CN15_9126_CEI230_ATV", 13.8, 1,    7770.66,   -0.7,    0.9753, 2,    7770.66, -120.7,    0.9753, 3,    7770.66,  119.3,    0.9753
"SCN_CN15_9174_CEI230_ATV", 13.8, 1,    7770.66,   -0.7,    0.9753, 2,    7770.66, -120.7,    0.9753, 3,    7770.66,  119.3,    0.9753
"SCN_CN15_9175_CEI230_ATV", 13.8, 1,    7770.66,   -0.7,    0.9753, 2,    7770.66, -120.7,    0.9753, 3,    7770.66,  119.3,    0.9753
"SCN_CN15_9422_CEI109", 13.8, 1,    7790.92,   -0.7,   0.97785, 2,    7790.92, -120.7,   0.97785, 3,    7790.92,  119.3,   0.97785
"SCN_CN15_9173_CEI230_ATV", 13.8, 1,    7770.66,   -0.7,    0.9753, 2,    7770.66, -120.7,    0.9753, 3,    7770.66,  119.3,    0.9753
"SCN_CN15_9016_CEI201_ATV", 13.8, 1,    7781.72,   -0.7,   0.97669, 2,    7781.72, -120.7,   0.97669, 3,    7781.72,  119.3,   0.97669
"SCN_CN15_9172_CEI230_ATV", 13.8, 1,    7770.66,   -0.7,    0.9753, 2,    7770.66, -120.7,    0.9753, 3,    7770.66,  119.3,    0.9753
"SCN_CN15_9171_CEI230_ATV", 13.8, 1,    7770.66,   -0.7,    0.9753, 2,    7770.66, -120.7,    0.9753, 3,    7770.66,  119.3,    0.9753
"SCN_CN15_9170_CEI230_ATV", 13.8, 1,    7770.66,   -0.7,    0.9753, 2,    7770.66, -120.7,    0.9753, 3,    7770.66,  119.3,    0.9753
"SCN_CN15_9065_CEI075", 13.8, 1,    7770.58,   -0.7,   0.97529, 2,    7770.58, -120.7,   0.97529, 3,    7770.58,  119.3,   0.97529
"SCN_CN15_9106_CEI075", 13.8, 1,     7770.5,   -0.7,   0.97528, 2,     7770.5, -120.7,   0.97528, 3,     7770.5,  119.3,   0.97528
"SCN_CN15_9105_CEI075", 13.8, 1,    7770.41,   -0.7,   0.97527, 2,    7770.41, -120.7,   0.97527, 3,    7770.41,  119.3,   0.97527
"SCN_CN15_9130_CEI230_ATV", 13.8, 1,    7770.41,   -0.7,   0.97527, 2,    7770.41, -120.7,   0.97527, 3,    7770.41,  119.3,   0.97527
"SCN_CN15_9129_CEI230_ATV", 13.8, 1,    7770.41,   -0.7,   0.97527, 2,    7770.41, -120.7,   0.97527, 3,    7770.41,  119.3,   0.97527
"SCN_CN15_9128_CEI230_ATV", 13.8, 1,    7770.41,   -0.7,   0.97527, 2,    7770.41, -120.7,   0.97527, 3,    7770.41,  119.3,   0.97527
"SCN_CN15_9421_CEI109", 13.8, 1,    7790.57,   -0.7,    0.9778, 2,    7790.57, -120.7,    0.9778, 3,    7790.57,  119.3,    0.9778
"SCN_CN15_9104_CEI075", 13.8, 1,    7770.33,   -0.7,   0.97526, 2,    7770.33, -120.7,   0.97526, 3,    7770.33,  119.3,   0.97526
"SCN_CN15_9103_CEI075", 13.8, 1,    7770.24,   -0.7,   0.97525, 2,    7770.24, -120.7,   0.97525, 3,    7770.24,  119.3,   0.97525
"SCN_CN15_9102_CEI075", 13.8, 1,    7770.16,   -0.7,   0.97524, 2,    7770.16, -120.7,   0.97524, 3,    7770.16,  119.3,   0.97524
"SCN_CN15_9168_CEI230_ATV", 13.8, 1,    7770.16,   -0.7,   0.97524, 2,    7770.16, -120.7,   0.97524, 3,    7770.16,  119.3,   0.97524
"SCN_CN15_9100_CEI075", 13.8, 1,    7770.08,   -0.7,   0.97523, 2,    7770.08, -120.7,   0.97523, 3,    7770.08,  119.3,   0.97523
"SCN_CN15_9099_CEI075", 13.8, 1,       7770,   -0.7,   0.97522, 2,       7770, -120.7,   0.97522, 3,       7770,  119.3,   0.97522
"SCN_CN15_9097_CEI075", 13.8, 1,    7769.91,   -0.7,   0.97521, 2,    7769.91, -120.7,   0.97521, 3,    7769.91,  119.3,   0.97521
"SCN_CN15_9167_CEI230_ATV", 13.8, 1,    7769.91,   -0.7,   0.97521, 2,    7769.91, -120.7,   0.97521, 3,    7769.91,  119.3,   0.97521
"SCN_CN15_9096_CEI075", 13.8, 1,    7769.83,   -0.7,    0.9752, 2,    7769.83, -120.7,    0.9752, 3,    7769.83,  119.3,    0.9752
"SCN_CN15_9095_CEI075", 13.8, 1,    7769.75,   -0.7,   0.97519, 2,    7769.75, -120.7,   0.97519, 3,    7769.75,  119.3,   0.97519
"SCN_CN15_9420_CEI109", 13.8, 1,    7790.22,   -0.7,   0.97776, 2,    7790.22, -120.7,   0.97776, 3,    7790.22,  119.3,   0.97776
"SCN_CN15_9093_CEI075", 13.8, 1,    7769.67,   -0.7,   0.97518, 2,    7769.67, -120.7,   0.97518, 3,    7769.67,  119.3,   0.97518
"SCN_CN15_9092_CEI075", 13.8, 1,    7769.59,   -0.7,   0.97517, 2,    7769.59, -120.7,   0.97517, 3,    7769.59,  119.3,   0.97517
"SCN_CN15_9091_CEI075", 13.8, 1,    7769.51,   -0.7,   0.97516, 2,    7769.51, -120.7,   0.97516, 3,    7769.51,  119.3,   0.97516
"SCN_CN15_9090_CEI075", 13.8, 1,    7769.43,   -0.7,   0.97515, 2,    7769.43, -120.7,   0.97515, 3,    7769.43,  119.3,   0.97515
"SCN_CN15_9166_CEI230_ATV", 13.8, 1,    7769.43,   -0.7,   0.97515, 2,    7769.43, -120.7,   0.97515, 3,    7769.43,  119.3,   0.97515
"SCN_CN15_9131_CEI230_ATV", 13.8, 1,    7769.51,   -0.7,   0.97516, 2,    7769.51, -120.7,   0.97516, 3,    7769.51,  119.3,   0.97516
"SCN_CN15_9089_CEI075", 13.8, 1,    7769.36,   -0.7,   0.97514, 2,    7769.36, -120.7,   0.97514, 3,    7769.36,  119.3,   0.97514
"SCN_CN15_9088_CEI075", 13.8, 1,    7769.28,   -0.7,   0.97513, 2,    7769.28, -120.7,   0.97513, 3,    7769.28,  119.3,   0.97513
"SCN_CN15_9132_CEI230_ATV", 13.8, 1,    7769.27,   -0.7,   0.97513, 2,    7769.27, -120.7,   0.97513, 3,    7769.27,  119.3,   0.97513
"SCN_CN15_9133_CEI230_ATV", 13.8, 1,    7769.27,   -0.7,   0.97513, 2,    7769.27, -120.7,   0.97513, 3,    7769.27,  119.3,   0.97513
"SCN_CN15_9419_CEI109", 13.8, 1,    7789.87,   -0.7,   0.97771, 2,    7789.87, -120.7,   0.97771, 3,    7789.87,  119.3,   0.97771
"SCN_CN15_9134_CEI230_ATV", 13.8, 1,    7769.26,   -0.7,   0.97513, 2,    7769.26, -120.7,   0.97513, 3,    7769.26,  119.3,   0.97513
"SCN_CN15_9135_CEI230_ATV", 13.8, 1,    7769.26,   -0.7,   0.97513, 2,    7769.26, -120.7,   0.97513, 3,    7769.26,  119.3,   0.97513
"SCN_CN15_9145_CEI230_ATV", 13.8, 1,    7769.26,   -0.7,   0.97513, 2,    7769.26, -120.7,   0.97513, 3,    7769.26,  119.3,   0.97513
"SCN_CN15_9137_CEI230_ATV", 13.8, 1,    7769.26,   -0.7,   0.97513, 2,    7769.26, -120.7,   0.97513, 3,    7769.26,  119.3,   0.97513
"SCN_CN15_9138_CEI230_ATV", 13.8, 1,    7769.25,   -0.7,   0.97513, 2,    7769.25, -120.7,   0.97513, 3,    7769.25,  119.3,   0.97513
"SCN_CN15_9139_CEI230_ATV", 13.8, 1,    7769.25,   -0.7,   0.97513, 2,    7769.25, -120.7,   0.97513, 3,    7769.25,  119.3,   0.97513
"SCN_CN15_9140_CEI230_ATV", 13.8, 1,    7769.25,   -0.7,   0.97513, 2,    7769.25, -120.7,   0.97513, 3,    7769.25,  119.3,   0.97513
"SCN_CN15_9141_CEI230_ATV", 13.8, 1,    7769.24,   -0.7,   0.97512, 2,    7769.24, -120.7,   0.97512, 3,    7769.24,  119.3,   0.97512
"SCN_CN15_9142_CEI230_ATV", 13.8, 1,    7769.24,   -0.7,   0.97512, 2,    7769.24, -120.7,   0.97512, 3,    7769.24,  119.3,   0.97512
"SCN_CN15_9143_CEI230_ATV", 13.8, 1,    7769.24,   -0.7,   0.97512, 2,    7769.24, -120.7,   0.97512, 3,    7769.24,  119.3,   0.97512
"SCN_CN15_9418_CEI109", 13.8, 1,    7789.51,   -0.7,   0.97767, 2,    7789.51, -120.7,   0.97767, 3,    7789.51,  119.3,   0.97767
"SCN_CN15_9144_CEI230_ATV", 13.8, 1,    7769.24,   -0.7,   0.97512, 2,    7769.24, -120.7,   0.97512, 3,    7769.24,  119.3,   0.97512
"SCN_CN15_9146_CEI230_ATV", 13.8, 1,    7769.24,   -0.7,   0.97512, 2,    7769.24, -120.7,   0.97512, 3,    7769.24,  119.3,   0.97512
"SCN_CN15_9087_CEI075", 13.8, 1,     7769.2,   -0.7,   0.97512, 2,     7769.2, -120.7,   0.97512, 3,     7769.2,  119.3,   0.97512
"SCN_CN15_9086_CEI075", 13.8, 1,    7769.13,   -0.7,   0.97511, 2,    7769.13, -120.7,   0.97511, 3,    7769.13,  119.3,   0.97511
"SCN_CN15_9165_CEI230_ATV", 13.8, 1,    7769.13,   -0.7,   0.97511, 2,    7769.13, -120.7,   0.97511, 3,    7769.13,  119.3,   0.97511
"SCN_CN15_9085_CEI075", 13.8, 1,    7769.06,   -0.7,    0.9751, 2,    7769.06, -120.7,    0.9751, 3,    7769.06,  119.3,    0.9751
"SCN_CN15_9084_CEI075", 13.8, 1,    7768.98,   -0.7,   0.97509, 2,    7768.98, -120.7,   0.97509, 3,    7768.98,  119.3,   0.97509
"SCN_CN15_9083_CEI075", 13.8, 1,    7768.91,   -0.7,   0.97508, 2,    7768.91, -120.7,   0.97508, 3,    7768.91,  119.3,   0.97508
"SCN_CN15_9082_CEI075", 13.8, 1,    7768.84,   -0.7,   0.97507, 2,    7768.84, -120.7,   0.97507, 3,    7768.84,  119.3,   0.97507
"SCN_CN15_9147_CEI230_ATV", 13.8, 1,    7768.83,   -0.7,   0.97507, 2,    7768.83, -120.7,   0.97507, 3,    7768.83,  119.3,   0.97507
"SCN_CN15_9417_CEI109", 13.8, 1,    7789.16,   -0.7,   0.97763, 2,    7789.16, -120.7,   0.97763, 3,    7789.16,  119.3,   0.97763
"SCN_CN15_9148_CEI230_ATV", 13.8, 1,    7768.83,   -0.7,   0.97507, 2,    7768.83, -120.7,   0.97507, 3,    7768.83,  119.3,   0.97507
"SCN_CN15_9149_CEI230_ATV", 13.8, 1,    7768.82,   -0.7,   0.97507, 2,    7768.82, -120.7,   0.97507, 3,    7768.82,  119.3,   0.97507
"SCN_CN15_9150_CEI230_ATV", 13.8, 1,    7768.82,   -0.7,   0.97507, 2,    7768.82, -120.7,   0.97507, 3,    7768.82,  119.3,   0.97507
"SCN_CN15_9151_CEI230_ATV", 13.8, 1,    7768.82,   -0.7,   0.97507, 2,    7768.82, -120.7,   0.97507, 3,    7768.82,  119.3,   0.97507
"SCN_CN15_9152_CEI230_ATV", 13.8, 1,    7768.82,   -0.7,   0.97507, 2,    7768.82, -120.7,   0.97507, 3,    7768.82,  119.3,   0.97507
"SCN_CN15_9153_CEI230_ATV", 13.8, 1,    7768.82,   -0.7,   0.97507, 2,    7768.82, -120.7,   0.97507, 3,    7768.82,  119.3,   0.97507
"SCN_CN15_9154_CEI230_ATV", 13.8, 1,    7768.82,   -0.7,   0.97507, 2,    7768.82, -120.7,   0.97507, 3,    7768.82,  119.3,   0.97507
"SCN_CN15_9155_CEI230_ATV", 13.8, 1,    7768.82,   -0.7,   0.97507, 2,    7768.82, -120.7,   0.97507, 3,    7768.82,  119.3,   0.97507
"SCN_CN15_9156_CEI230_ATV", 13.8, 1,    7768.82,   -0.7,   0.97507, 2,    7768.82, -120.7,   0.97507, 3,    7768.82,  119.3,   0.97507
"SCN_CN15_9157_CEI230_ATV", 13.8, 1,    7768.81,   -0.7,   0.97507, 2,    7768.81, -120.7,   0.97507, 3,    7768.81,  119.3,   0.97507
"SCN_CN15_9416_CEI109", 13.8, 1,    7788.81,   -0.7,   0.97758, 2,    7788.81, -120.7,   0.97758, 3,    7788.81,  119.3,   0.97758
"SCN_CN15_9164_CEI230_ATV", 13.8, 1,    7768.98,   -0.7,   0.97509, 2,    7768.98, -120.7,   0.97509, 3,    7768.98,  119.3,   0.97509
"SCN_CN15_9080_CEI075", 13.8, 1,    7768.77,   -0.7,   0.97507, 2,    7768.77, -120.7,   0.97507, 3,    7768.77,  119.3,   0.97507
"SCN_CN15_9163_CEI230_ATV", 13.8, 1,    7768.77,   -0.7,   0.97507, 2,    7768.77, -120.7,   0.97507, 3,    7768.77,  119.3,   0.97507
"SCN_CN15_9079_CEI075", 13.8, 1,     7768.7,   -0.7,   0.97506, 2,     7768.7, -120.7,   0.97506, 3,     7768.7,  119.3,   0.97506
"SCN_CN15_9077_CEI075", 13.8, 1,    7768.64,   -0.7,   0.97505, 2,    7768.64, -120.7,   0.97505, 3,    7768.64,  119.3,   0.97505
"SCN_CN15_9162_CEI230_ATV", 13.8, 1,    7768.63,   -0.7,   0.97505, 2,    7768.63, -120.7,   0.97505, 3,    7768.63,  119.3,   0.97505
"SCN_CN15_9076_CEI075", 13.8, 1,    7768.57,   -0.7,   0.97504, 2,    7768.57, -120.7,   0.97504, 3,    7768.57,  119.3,   0.97504
"SCN_CN15_9075_CEI075", 13.8, 1,    7768.51,   -0.7,   0.97503, 2,    7768.51, -120.7,   0.97503, 3,    7768.51,  119.3,   0.97503
"SCN_CN15_9074_CEI075", 13.8, 1,    7768.44,   -0.7,   0.97502, 2,    7768.44, -120.7,   0.97502, 3,    7768.44,  119.3,   0.97502
"SCN_CN15_9011_CEI201_ATV", 13.8, 1,    7781.64,   -0.7,   0.97668, 2,    7781.64, -120.7,   0.97668, 3,    7781.64,  119.3,   0.97668
"SCN_CN15_9012_CEI201_ATV", 13.8, 1,    7781.65,   -0.7,   0.97668, 2,    7781.65, -120.7,   0.97668, 3,    7781.65,  119.3,   0.97668
"SCN_CN15_9073_CEI075", 13.8, 1,    7768.38,   -0.7,   0.97502, 2,    7768.38, -120.7,   0.97502, 3,    7768.38,  119.3,   0.97502
"SCN_CN15_9415_CEI109", 13.8, 1,    7788.46,   -0.7,   0.97754, 2,    7788.46, -120.7,   0.97754, 3,    7788.46,  119.3,   0.97754
"SCN_CN15_9072_CEI075", 13.8, 1,    7768.31,   -0.7,   0.97501, 2,    7768.31, -120.7,   0.97501, 3,    7768.31,  119.3,   0.97501
"SCN_CN15_9066_CEI075", 13.8, 1,    7768.25,   -0.7,     0.975, 2,    7768.25, -120.7,     0.975, 3,    7768.25,  119.3,     0.975
"SCN_CN15_9067_CEI075", 13.8, 1,    7768.19,   -0.7,   0.97499, 2,    7768.19, -120.7,   0.97499, 3,    7768.19,  119.3,   0.97499
"SCN_CN15_9014_CEI201_ATV", 13.8, 1,    7781.68,   -0.7,   0.97669, 2,    7781.68, -120.7,   0.97669, 3,    7781.68,  119.3,   0.97669
"SCN_CN15_9015_CEI201_ATV", 13.8, 1,     7781.7,   -0.7,   0.97669, 2,     7781.7, -120.7,   0.97669, 3,     7781.7,  119.3,   0.97669
"SCN_CN15_9113_CEI77A_ATV", 13.8, 1,     7749.6,   -0.7,   0.97266, 2,     7749.6, -120.7,   0.97266, 3,     7749.6,  119.3,   0.97266
"SCN_CN15_9112_CEI77A_ATV", 13.8, 1,     7749.6,   -0.7,   0.97266, 2,     7749.6, -120.7,   0.97266, 3,     7749.6,  119.3,   0.97266
"SCN_CN15_9068_CEI220_ATV_S", 13.8, 1,    7783.47,   -0.7,   0.97691, 2,    7783.47, -120.7,   0.97691, 3,    7783.47,  119.3,   0.97691
"SCN_CN15_9069_CEI220_ATV", 13.8, 1,    7783.11,   -0.7,   0.97687, 2,    7783.11, -120.7,   0.97687, 3,    7783.11,  119.3,   0.97687
"SCN_CN15_9070_CEI220_ATV", 13.8, 1,    7783.47,   -0.7,   0.97691, 2,    7783.47, -120.7,   0.97691, 3,    7783.47,  119.3,   0.97691
"SCN_CN15_9096_CEI220_ATV", 13.8, 1,    7783.46,   -0.7,   0.97691, 2,    7783.46, -120.7,   0.97691, 3,    7783.46,  119.3,   0.97691
"SCN_CN15_9095_CEI220_ATV", 13.8, 1,    7783.45,   -0.7,   0.97691, 2,    7783.45, -120.7,   0.97691, 3,    7783.45,  119.3,   0.97691
"SCN_CN15_9091_CEI220_ATV", 13.8, 1,    7783.44,   -0.7,   0.97691, 2,    7783.44, -120.7,   0.97691, 3,    7783.44,  119.3,   0.97691
"SCN_CN15_9090_CEI220_ATV", 13.8, 1,    7783.44,   -0.7,   0.97691, 2,    7783.44, -120.7,   0.97691, 3,    7783.44,  119.3,   0.97691
"SCN_CN15_9089_CEI220_ATV", 13.8, 1,    7783.43,   -0.7,   0.97691, 2,    7783.43, -120.7,   0.97691, 3,    7783.43,  119.3,   0.97691
"SCN_CN15_9051_CEI120", 13.8, 1,    7783.43,   -0.7,   0.97691, 2,    7783.43, -120.7,   0.97691, 3,    7783.43,  119.3,   0.97691
"SCN_CN15_9077_CEI220_ATV", 13.8, 1,    7783.43,   -0.7,   0.97691, 2,    7783.43, -120.7,   0.97691, 3,    7783.43,  119.3,   0.97691
"SCN_CN15_9079_CEI220_ATV", 13.8, 1,    7783.42,   -0.7,    0.9769, 2,    7783.42, -120.7,    0.9769, 3,    7783.42,  119.3,    0.9769
"SCN_CN15_9080_CEI220_ATV", 13.8, 1,    7783.42,   -0.7,    0.9769, 2,    7783.42, -120.7,    0.9769, 3,    7783.42,  119.3,    0.9769
"SCN_CN15_9022_CEI068", 13.8, 1,    7766.09,   -0.7,   0.97473, 2,    7766.09, -120.7,   0.97473, 3,    7766.09,  119.3,   0.97473
"SCN_CN15_9023_CEI068", 13.8, 1,    7766.09,   -0.7,   0.97473, 2,    7766.09, -120.7,   0.97473, 3,    7766.09,  119.3,   0.97473
"SCN_CN15_9047_CEI068", 13.8, 1,    7766.29,   -0.7,   0.97475, 2,    7766.29, -120.7,   0.97475, 3,    7766.29,  119.3,   0.97475
"SCN_CN15_9048_CEI068", 13.8, 1,     7766.3,   -0.7,   0.97476, 2,     7766.3, -120.7,   0.97476, 3,     7766.3,  119.3,   0.97476
"SCN_CN15_9049_CEI068", 13.8, 1,    7766.32,   -0.7,   0.97476, 2,    7766.32, -120.7,   0.97476, 3,    7766.32,  119.3,   0.97476
"SCN_CN15_9050_CEI068", 13.8, 1,    7766.33,   -0.7,   0.97476, 2,    7766.33, -120.7,   0.97476, 3,    7766.33,  119.3,   0.97476
"SCN_CN15_9051_CEI068", 13.8, 1,    7766.35,   -0.7,   0.97476, 2,    7766.35, -120.7,   0.97476, 3,    7766.35,  119.3,   0.97476
"SCN_CN15_9052_CEI068", 13.8, 1,    7766.36,   -0.7,   0.97476, 2,    7766.36, -120.7,   0.97476, 3,    7766.36,  119.3,   0.97476
"SCN_CN15_9053_CEI068", 13.8, 1,    7766.38,   -0.7,   0.97477, 2,    7766.38, -120.7,   0.97477, 3,    7766.38,  119.3,   0.97477
"SCN_CN15_9054_CEI068", 13.8, 1,    7766.39,   -0.7,   0.97477, 2,    7766.39, -120.7,   0.97477, 3,    7766.39,  119.3,   0.97477
"SCN_CN15_9055_CEI068", 13.8, 1,     7766.4,   -0.7,   0.97477, 2,     7766.4, -120.7,   0.97477, 3,     7766.4,  119.3,   0.97477
"SCN_CN15_9056_CEI068", 13.8, 1,    7766.42,   -0.7,   0.97477, 2,    7766.42, -120.7,   0.97477, 3,    7766.42,  119.3,   0.97477
"SCN_CN15_9059_CEI068", 13.8, 1,    7766.45,   -0.7,   0.97477, 2,    7766.45, -120.7,   0.97477, 3,    7766.45,  119.3,   0.97477
"SCN_CN15_9060_CEI068", 13.8, 1,    7766.47,   -0.7,   0.97478, 2,    7766.47, -120.7,   0.97478, 3,    7766.47,  119.3,   0.97478
"SCN_CN15_9061_CEI068", 13.8, 1,    7766.49,   -0.7,   0.97478, 2,    7766.49, -120.7,   0.97478, 3,    7766.49,  119.3,   0.97478
"SCN_CN15_9077_CEI131_ATV", 13.8, 1,    7789.02,   -0.7,   0.97761, 2,    7789.02, -120.7,   0.97761, 3,    7789.02,  119.3,   0.97761
"SCN_CN15_9062_CEI068", 13.8, 1,    7766.51,   -0.7,   0.97478, 2,    7766.51, -120.7,   0.97478, 3,    7766.51,  119.3,   0.97478
"SCN_CN15_9063_CEI068", 13.8, 1,    7766.52,   -0.7,   0.97478, 2,    7766.52, -120.7,   0.97478, 3,    7766.52,  119.3,   0.97478
"SCN_CN15_9064_CEI068", 13.8, 1,    7766.54,   -0.7,   0.97479, 2,    7766.54, -120.7,   0.97479, 3,    7766.54,  119.3,   0.97479
"SCN_CN15_9065_CEI068", 13.8, 1,    7766.56,   -0.7,   0.97479, 2,    7766.56, -120.7,   0.97479, 3,    7766.56,  119.3,   0.97479
"SCN_CN15_9066_CEI068", 13.8, 1,    7766.58,   -0.7,   0.97479, 2,    7766.58, -120.7,   0.97479, 3,    7766.58,  119.3,   0.97479
"SCN_CN15_9068_CEI068", 13.8, 1,     7766.6,   -0.7,   0.97479, 2,     7766.6, -120.7,   0.97479, 3,     7766.6,  119.3,   0.97479
"SCN_CN15_9046_CEI068", 13.8, 1,    7766.27,   -0.7,   0.97475, 2,    7766.27, -120.7,   0.97475, 3,    7766.27,  119.3,   0.97475
"SCN_CN15_9045_CEI068", 13.8, 1,    7766.26,   -0.7,   0.97475, 2,    7766.26, -120.7,   0.97475, 3,    7766.26,  119.3,   0.97475
"SCN_CN15_9044_CEI068", 13.8, 1,    7766.25,   -0.7,   0.97475, 2,    7766.25, -120.7,   0.97475, 3,    7766.25,  119.3,   0.97475
"SCN_CN15_9078_CEI131_ATV", 13.8, 1,    7788.97,   -0.7,    0.9776, 2,    7788.97, -120.7,    0.9776, 3,    7788.97,  119.3,    0.9776
"SCN_CN15_9043_CEI068", 13.8, 1,    7766.23,   -0.7,   0.97475, 2,    7766.23, -120.7,   0.97475, 3,    7766.23,  119.3,   0.97475
"SCN_CN15_9042_CEI068", 13.8, 1,    7766.22,   -0.7,   0.97475, 2,    7766.22, -120.7,   0.97475, 3,    7766.22,  119.3,   0.97475
"SCN_CN15_9041_CEI068", 13.8, 1,     7766.2,   -0.7,   0.97474, 2,     7766.2, -120.7,   0.97474, 3,     7766.2,  119.3,   0.97474
"SCN_CN15_9040_CEI068", 13.8, 1,    7766.19,   -0.7,   0.97474, 2,    7766.19, -120.7,   0.97474, 3,    7766.19,  119.3,   0.97474
"SCN_CN15_9041_CEI068_S", 13.8, 1,     7766.2,   -0.7,   0.97474, 2,     7766.2, -120.7,   0.97474, 3,     7766.2,  119.3,   0.97474
"SCN_CN15_9266_CEI250_ATV", 13.8, 1,    7766.18,   -0.7,   0.97474, 2,    7766.18, -120.7,   0.97474, 3,    7766.18,  119.3,   0.97474
"SCN_CN15_9024_CEI201_ATV", 13.8, 1,     7781.9,   -0.7,   0.97671, 2,     7781.9, -120.7,   0.97671, 3,     7781.9,  119.3,   0.97671
"SCN_CN15_9147_CEI220_ATV", 13.8, 1,    7782.62,   -0.7,    0.9768, 2,    7782.62, -120.7,    0.9768, 3,    7782.62,  119.3,    0.9768
"SCN_CN15_9068_CEI075", 13.8, 1,    7768.13,   -0.7,   0.97499, 2,    7768.13, -120.7,   0.97499, 3,    7768.13,  119.3,   0.97499
"SCN_CN15_9069_CEI075", 13.8, 1,    7768.07,   -0.7,   0.97498, 2,    7768.07, -120.7,   0.97498, 3,    7768.07,  119.3,   0.97498
"SCN_CN15_9051_CEI074", 13.8, 1,    7768.01,   -0.7,   0.97497, 2,    7768.01, -120.7,   0.97497, 3,    7768.01,  119.3,   0.97497
"SCN_CN15_9107_CEI77A_ATV", 13.8, 1,    7749.69,   -0.7,   0.97267, 2,    7749.69, -120.7,   0.97267, 3,    7749.69,  119.3,   0.97267
"SCN_CN15_9106_CEI77A_ATV", 13.8, 1,     7749.7,   -0.7,   0.97267, 2,     7749.7, -120.7,   0.97267, 3,     7749.7,  119.3,   0.97267
"SCN_CN15_9050_CEI074", 13.8, 1,    7767.95,   -0.7,   0.97496, 2,    7767.95, -120.7,   0.97496, 3,    7767.95,  119.3,   0.97496
"SCN_CN15_9049_CEI074", 13.8, 1,     7767.9,   -0.7,   0.97496, 2,     7767.9, -120.7,   0.97496, 3,     7767.9,  119.3,   0.97496
"SCN_CN15_9048_CEI074", 13.8, 1,    7767.84,   -0.7,   0.97495, 2,    7767.84, -120.7,   0.97495, 3,    7767.84,  119.3,   0.97495
"SCN_CN15_9031_CEI230B_ATV", 13.8, 1,    7767.84,   -0.7,   0.97495, 2,    7767.84, -120.7,   0.97495, 3,    7767.84,  119.3,   0.97495
"SCN_CN15_9414_CEI109", 13.8, 1,    7788.12,   -0.7,   0.97749, 2,    7788.12, -120.7,   0.97749, 3,    7788.12,  119.3,   0.97749
"SCN_CN15_9047_CEI074", 13.8, 1,    7767.78,   -0.7,   0.97494, 2,    7767.78, -120.7,   0.97494, 3,    7767.78,  119.3,   0.97494
"SCN_CN15_9046_CEI074", 13.8, 1,    7767.73,   -0.7,   0.97493, 2,    7767.73, -120.7,   0.97493, 3,    7767.73,  119.3,   0.97493
"SCN_CN15_9045_CEI074", 13.8, 1,    7767.67,   -0.7,   0.97493, 2,    7767.67, -120.7,   0.97493, 3,    7767.67,  119.3,   0.97493
"SCN_CN15_9028_CEI230B_ATV", 13.8, 1,    7767.67,   -0.7,   0.97493, 2,    7767.67, -120.7,   0.97493, 3,    7767.67,  119.3,   0.97493
"SCN_CN15_9029_CEI230B_ATV", 13.8, 1,    7767.66,   -0.7,   0.97493, 2,    7767.66, -120.7,   0.97493, 3,    7767.66,  119.3,   0.97493
"SCN_CN15_9030_CEI230B_ATV", 13.8, 1,    7767.66,   -0.7,   0.97493, 2,    7767.66, -120.7,   0.97493, 3,    7767.66,  119.3,   0.97493
"SCN_CN15_9043_CEI074", 13.8, 1,    7767.62,   -0.7,   0.97492, 2,    7767.62, -120.7,   0.97492, 3,    7767.62,  119.3,   0.97492
"SCN_CN15_9042_CEI074", 13.8, 1,    7767.56,   -0.7,   0.97491, 2,    7767.56, -120.7,   0.97491, 3,    7767.56,  119.3,   0.97491
"SCN_CN15_9041_CEI074", 13.8, 1,    7767.53,   -0.7,   0.97491, 2,    7767.53, -120.7,   0.97491, 3,    7767.53,  119.3,   0.97491
"SCN_CN15_9040_CEI074", 13.8, 1,     7767.5,   -0.7,   0.97491, 2,     7767.5, -120.7,   0.97491, 3,     7767.5,  119.3,   0.97491
"SCN_CN15_9413_CEI109", 13.8, 1,    7787.77,   -0.7,   0.97745, 2,    7787.77, -120.7,   0.97745, 3,    7787.77,  119.3,   0.97745
"SCN_CN15_9039_CEI074_S", 13.8, 1,    7767.46,   -0.7,    0.9749, 2,    7767.46, -120.7,    0.9749, 3,    7767.46,  119.3,    0.9749
"SCN_CN15_9032_CEI230B_ATV", 13.8, 1,    7767.46,   -0.7,    0.9749, 2,    7767.46, -120.7,    0.9749, 3,    7767.46,  119.3,    0.9749
"SCN_CN15_9039_CEI074", 13.8, 1,    7767.46,   -0.7,    0.9749, 2,    7767.46, -120.7,    0.9749, 3,    7767.46,  119.3,    0.9749
"SCN_CN15_9033_CEI230B_ATV", 13.8, 1,    7767.45,   -0.7,    0.9749, 2,    7767.45, -120.7,    0.9749, 3,    7767.45,  119.3,    0.9749
"SCN_CN15_9038_CEI074", 13.8, 1,    7767.43,   -0.7,    0.9749, 2,    7767.43, -120.7,    0.9749, 3,    7767.43,  119.3,    0.9749
"SCN_CN15_9037_CEI074", 13.8, 1,     7767.4,   -0.7,   0.97489, 2,     7767.4, -120.7,   0.97489, 3,     7767.4,  119.3,   0.97489
"SCN_CN15_9183_CEI230_ATV", 13.8, 1,     7767.4,   -0.7,   0.97489, 2,     7767.4, -120.7,   0.97489, 3,     7767.4,  119.3,   0.97489
"SCN_CN15_9036_CEI074_S", 13.8, 1,    7767.38,   -0.7,   0.97489, 2,    7767.38, -120.7,   0.97489, 3,    7767.38,  119.3,   0.97489
"SCN_CN15_9035_CEI074", 13.8, 1,    7767.35,   -0.7,   0.97489, 2,    7767.35, -120.7,   0.97489, 3,    7767.35,  119.3,   0.97489
"SCN_CN15_9036_CEI074", 13.8, 1,    7767.38,   -0.7,   0.97489, 2,    7767.38, -120.7,   0.97489, 3,    7767.38,  119.3,   0.97489
"SCN_CN15_9034_CEI074", 13.8, 1,    7767.33,   -0.7,   0.97488, 2,    7767.33, -120.7,   0.97488, 3,    7767.33,  119.3,   0.97488
"SCN_CN15_9033_CEI074", 13.8, 1,     7767.3,   -0.7,   0.97488, 2,     7767.3, -120.7,   0.97488, 3,     7767.3,  119.3,   0.97488
"SCN_CN15_9412_CEI109", 13.8, 1,    7787.42,   -0.7,   0.97741, 2,    7787.42, -120.7,   0.97741, 3,    7787.42,  119.3,   0.97741
"SCN_CN15_9032_CEI074", 13.8, 1,    7767.28,   -0.7,   0.97488, 2,    7767.28, -120.7,   0.97488, 3,    7767.28,  119.3,   0.97488
"SCN_CN15_9031_CEI074", 13.8, 1,    7767.26,   -0.7,   0.97488, 2,    7767.26, -120.7,   0.97488, 3,    7767.26,  119.3,   0.97488
"SCN_CN15_9030_CEI074", 13.8, 1,    7767.24,   -0.7,   0.97487, 2,    7767.24, -120.7,   0.97487, 3,    7767.24,  119.3,   0.97487
"SCN_CN15_9029_CEI074", 13.8, 1,    7767.22,   -0.7,   0.97487, 2,    7767.22, -120.7,   0.97487, 3,    7767.22,  119.3,   0.97487
"SCN_CN15_9182_CEI230_ATV", 13.8, 1,    7767.22,   -0.7,   0.97487, 2,    7767.22, -120.7,   0.97487, 3,    7767.22,  119.3,   0.97487
"SCN_CN15_9028_CEI074", 13.8, 1,     7767.2,   -0.7,   0.97487, 2,     7767.2, -120.7,   0.97487, 3,     7767.2,  119.3,   0.97487
"SCN_CN15_9027_CEI074", 13.8, 1,    7767.18,   -0.7,   0.97487, 2,    7767.18, -120.7,   0.97487, 3,    7767.18,  119.3,   0.97487
"SCN_CN15_9026_CEI074", 13.8, 1,    7767.16,   -0.7,   0.97486, 2,    7767.16, -120.7,   0.97486, 3,    7767.16,  119.3,   0.97486
"SCN_CN15_9025_CEI074", 13.8, 1,    7767.14,   -0.7,   0.97486, 2,    7767.14, -120.7,   0.97486, 3,    7767.14,  119.3,   0.97486
"SCN_CN15_9024_CEI074", 13.8, 1,    7767.13,   -0.7,   0.97486, 2,    7767.13, -120.7,   0.97486, 3,    7767.13,  119.3,   0.97486
"SCN_CN15_9411_CEI109", 13.8, 1,    7787.07,   -0.7,   0.97736, 2,    7787.07, -120.7,   0.97736, 3,    7787.07,  119.3,   0.97736
"SCN_CN15_9023_CEI074", 13.8, 1,    7767.12,   -0.7,   0.97486, 2,    7767.12, -120.7,   0.97486, 3,    7767.12,  119.3,   0.97486
"SCN_CN15_9022_CEI074", 13.8, 1,     7767.1,   -0.7,   0.97486, 2,     7767.1, -120.7,   0.97486, 3,     7767.1,  119.3,   0.97486
"SCN_CN15_9021_CEI074", 13.8, 1,    7767.09,   -0.7,   0.97485, 2,    7767.09, -120.7,   0.97485, 3,    7767.09,  119.3,   0.97485
"SCN_CN15_9020_CEI074", 13.8, 1,    7767.08,   -0.7,   0.97485, 2,    7767.08, -120.7,   0.97485, 3,    7767.08,  119.3,   0.97485
"SCN_CN15_9019_CEI074_S", 13.8, 1,    7767.07,   -0.7,   0.97485, 2,    7767.07, -120.7,   0.97485, 3,    7767.07,  119.3,   0.97485
"SCN_CN15_9187_CEI230_ATV", 13.8, 1,    7767.06,   -0.7,   0.97485, 2,    7767.06, -120.7,   0.97485, 3,    7767.06,  119.3,   0.97485
"SCN_CN15_9019_CEI074", 13.8, 1,    7767.07,   -0.7,   0.97485, 2,    7767.07, -120.7,   0.97485, 3,    7767.07,  119.3,   0.97485
"SCN_CN15_9004_CEI230B_ATV", 13.8, 1,    7767.17,   -0.7,   0.97486, 2,    7767.17, -120.7,   0.97486, 3,    7767.17,  119.3,   0.97486
"SCN_CN15_9005_CEI230B_ATV", 13.8, 1,    7767.17,   -0.7,   0.97486, 2,    7767.17, -120.7,   0.97486, 3,    7767.17,  119.3,   0.97486
"SCN_CN15_9003_CEI230B_ATV", 13.8, 1,    7767.17,   -0.7,   0.97486, 2,    7767.17, -120.7,   0.97486, 3,    7767.17,  119.3,   0.97486
"SCN_CN15_9002_CEI230B_ATV", 13.8, 1,    7767.17,   -0.7,   0.97486, 2,    7767.17, -120.7,   0.97486, 3,    7767.17,  119.3,   0.97486
"SCN_CN15_9410_CEI109", 13.8, 1,    7786.73,   -0.7,   0.97732, 2,    7786.73, -120.7,   0.97732, 3,    7786.73,  119.3,   0.97732
"SCN_CN15_9001_CEI230B_ATV", 13.8, 1,    7767.17,   -0.7,   0.97486, 2,    7767.17, -120.7,   0.97486, 3,    7767.17,  119.3,   0.97486
"SCN_CN15_9180_CEI230_ATV", 13.8, 1,    7767.14,   -0.7,   0.97486, 2,    7767.14, -120.7,   0.97486, 3,    7767.14,  119.3,   0.97486
"SCN_CN15_9018_CEI074", 13.8, 1,    7767.06,   -0.7,   0.97485, 2,    7767.06, -120.7,   0.97485, 3,    7767.06,  119.3,   0.97485
"SCN_CN15_9017_CEI074", 13.8, 1,    7767.06,   -0.7,   0.97485, 2,    7767.06, -120.7,   0.97485, 3,    7767.06,  119.3,   0.97485
"SCN_CN15_9016_CEI074", 13.8, 1,    7767.06,   -0.7,   0.97485, 2,    7767.06, -120.7,   0.97485, 3,    7767.06,  119.3,   0.97485
"SCN_CN15_9015_CEI074", 13.8, 1,    7767.05,   -0.7,   0.97485, 2,    7767.05, -120.7,   0.97485, 3,    7767.05,  119.3,   0.97485
"SCN_CN15_9014_CEI074", 13.8, 1,    7767.05,   -0.7,   0.97485, 2,    7767.05, -120.7,   0.97485, 3,    7767.05,  119.3,   0.97485
"SCN_CN15_9013_CEI074", 13.8, 1,    7767.05,   -0.7,   0.97485, 2,    7767.05, -120.7,   0.97485, 3,    7767.05,  119.3,   0.97485
"SCN_CN15_9059_CEIRJ006_ATV", 13.8, 1,    7767.12,   -0.7,   0.97486, 2,    7767.12, -120.7,   0.97486, 3,    7767.12,  119.3,   0.97486
"SCN_CN15_9409_CEI109", 13.8, 1,    7786.38,   -0.7,   0.97728, 2,    7786.38, -120.7,   0.97728, 3,    7786.38,  119.3,   0.97728
"SCN_CN15_9060_CEIRJ006_ATV", 13.8, 1,    7767.06,   -0.7,   0.97485, 2,    7767.06, -120.7,   0.97485, 3,    7767.06,  119.3,   0.97485
"SCN_CN15_9005_CEIRJ013_ATV", 13.8, 1,    7767.06,   -0.7,   0.97485, 2,    7767.06, -120.7,   0.97485, 3,    7767.06,  119.3,   0.97485
"SCN_CN15_9009_CEI074", 13.8, 1,    7767.05,   -0.7,   0.97485, 2,    7767.05, -120.7,   0.97485, 3,    7767.05,  119.3,   0.97485
"SCN_CN15_9010_CEI074", 13.8, 1,    7767.05,   -0.7,   0.97485, 2,    7767.05, -120.7,   0.97485, 3,    7767.05,  119.3,   0.97485
"SCN_CN15_9011_CEI074", 13.8, 1,    7767.05,   -0.7,   0.97485, 2,    7767.05, -120.7,   0.97485, 3,    7767.05,  119.3,   0.97485
"SCN_CN15_9012_CEI074", 13.8, 1,    7767.05,   -0.7,   0.97485, 2,    7767.05, -120.7,   0.97485, 3,    7767.05,  119.3,   0.97485
"SCN_CN15_9061_CEIRJ006_ATV", 13.8, 1,    7767.04,   -0.7,   0.97485, 2,    7767.04, -120.7,   0.97485, 3,    7767.04,  119.3,   0.97485
"SCN_CN15_9197_CEI230_ATV", 13.8, 1,    7767.31,   -0.7,   0.97488, 2,    7767.31, -120.7,   0.97488, 3,    7767.31,  119.3,   0.97488
"SCN_CN15_9198_CEI230_ATV", 13.8, 1,    7767.31,   -0.7,   0.97488, 2,    7767.31, -120.7,   0.97488, 3,    7767.31,  119.3,   0.97488
"SCN_CN15_9199_CEI230_ATV", 13.8, 1,    7767.32,   -0.7,   0.97488, 2,    7767.32, -120.7,   0.97488, 3,    7767.32,  119.3,   0.97488
"SCN_CN15_9200_CEI230_ATV", 13.8, 1,    7767.32,   -0.7,   0.97488, 2,    7767.32, -120.7,   0.97488, 3,    7767.32,  119.3,   0.97488
"SCN_CN15_9201_CEI230_ATV", 13.8, 1,    7767.32,   -0.7,   0.97488, 2,    7767.32, -120.7,   0.97488, 3,    7767.32,  119.3,   0.97488
"SCN_CN15_9201_CEI230_ATV_S", 13.8, 1,    7767.32,   -0.7,   0.97488, 2,    7767.32, -120.7,   0.97488, 3,    7767.32,  119.3,   0.97488
"SCN_CN15_9209_CEI230_ATV", 13.8, 1,    7767.33,   -0.7,   0.97488, 2,    7767.33, -120.7,   0.97488, 3,    7767.33,  119.3,   0.97488
"SCN_CN15_9210_CEI230_ATV", 13.8, 1,    7767.33,   -0.7,   0.97488, 2,    7767.33, -120.7,   0.97488, 3,    7767.33,  119.3,   0.97488
"SCN_CN15_9211_CEI230_ATV", 13.8, 1,    7767.33,   -0.7,   0.97489, 2,    7767.33, -120.7,   0.97489, 3,    7767.33,  119.3,   0.97489
"SCN_CN15_9213_CEI230_ATV", 13.8, 1,    7767.33,   -0.7,   0.97488, 2,    7767.33, -120.7,   0.97488, 3,    7767.33,  119.3,   0.97488
"SCN_CN15_9076_CEI074", 13.8, 1,    7767.32,   -0.7,   0.97488, 2,    7767.32, -120.7,   0.97488, 3,    7767.32,  119.3,   0.97488
"SCN_CN15_9075_CEI074", 13.8, 1,    7767.31,   -0.7,   0.97488, 2,    7767.31, -120.7,   0.97488, 3,    7767.31,  119.3,   0.97488
"SCN_CN15_9074_CEI074", 13.8, 1,    7767.31,   -0.7,   0.97488, 2,    7767.31, -120.7,   0.97488, 3,    7767.31,  119.3,   0.97488
"SCN_CN15_9208_CEI230_ATV", 13.8, 1,    7767.31,   -0.7,   0.97488, 2,    7767.31, -120.7,   0.97488, 3,    7767.31,  119.3,   0.97488
"SCN_CN15_9073_CEI074", 13.8, 1,     7767.3,   -0.7,   0.97488, 2,     7767.3, -120.7,   0.97488, 3,     7767.3,  119.3,   0.97488
"SCN_CN15_9072_CEI074", 13.8, 1,     7767.3,   -0.7,   0.97488, 2,     7767.3, -120.7,   0.97488, 3,     7767.3,  119.3,   0.97488
"SCN_CN15_9071_CEI074", 13.8, 1,     7767.3,   -0.7,   0.97488, 2,     7767.3, -120.7,   0.97488, 3,     7767.3,  119.3,   0.97488
"SCN_CN15_9070_CEI074", 13.8, 1,    7767.29,   -0.7,   0.97488, 2,    7767.29, -120.7,   0.97488, 3,    7767.29,  119.3,   0.97488
"SCN_CN15_9069_CEIRJ006_ATV", 13.8, 1,    7767.34,   -0.7,   0.97489, 2,    7767.34, -120.7,   0.97489, 3,    7767.34,  119.3,   0.97489
"SCN_CN15_9211_CEI230_ATV_S", 13.8, 1,    7767.33,   -0.7,   0.97489, 2,    7767.33, -120.7,   0.97489, 3,    7767.33,  119.3,   0.97489
"SCN_CN15_9069_CEIRJ006_ATV_S", 13.8, 1,    7767.34,   -0.7,   0.97489, 2,    7767.34, -120.7,   0.97489, 3,    7767.34,  119.3,   0.97489
"SCN_CN15_9077_CEI074", 13.8, 1,    7767.35,   -0.7,   0.97489, 2,    7767.35, -120.7,   0.97489, 3,    7767.35,  119.3,   0.97489
"SCN_CN15_9078_CEI074", 13.8, 1,    7767.36,   -0.7,   0.97489, 2,    7767.36, -120.7,   0.97489, 3,    7767.36,  119.3,   0.97489
"SCN_CN15_9078_CEI074_S", 13.8, 1,    7767.36,   -0.7,   0.97489, 2,    7767.36, -120.7,   0.97489, 3,    7767.36,  119.3,   0.97489
"SCN_CN15_9079_CEI074", 13.8, 1,    7767.38,   -0.7,   0.97489, 2,    7767.38, -120.7,   0.97489, 3,    7767.38,  119.3,   0.97489
"SCN_CN15_9080_CEI074", 13.8, 1,    7767.39,   -0.7,   0.97489, 2,    7767.39, -120.7,   0.97489, 3,    7767.39,  119.3,   0.97489
"SCN_CN15_9081_CEI074", 13.8, 1,    7767.41,   -0.7,   0.97489, 2,    7767.41, -120.7,   0.97489, 3,    7767.41,  119.3,   0.97489
"SCN_CN15_9065_CEIRJ006_ATV", 13.8, 1,    7767.41,   -0.7,   0.97489, 2,    7767.41, -120.7,   0.97489, 3,    7767.41,  119.3,   0.97489
"SCN_CN15_9066_CEIRJ006_ATV", 13.8, 1,    7767.41,   -0.7,   0.97489, 2,    7767.41, -120.7,   0.97489, 3,    7767.41,  119.3,   0.97489
"SCN_CN15_9012_CEI230B_ATV", 13.8, 1,    7767.41,   -0.7,   0.97489, 2,    7767.41, -120.7,   0.97489, 3,    7767.41,  119.3,   0.97489
"SCN_CN15_9081_CEI074_S", 13.8, 1,    7767.41,   -0.7,   0.97489, 2,    7767.41, -120.7,   0.97489, 3,    7767.41,  119.3,   0.97489
"SCN_CN15_9082_CEI074", 13.8, 1,    7767.42,   -0.7,    0.9749, 2,    7767.42, -120.7,    0.9749, 3,    7767.42,  119.3,    0.9749
"SCN_CN15_9083_CEI074", 13.8, 1,    7767.43,   -0.7,    0.9749, 2,    7767.43, -120.7,    0.9749, 3,    7767.43,  119.3,    0.9749
"SCN_CN15_9015_CEI230B_ATV", 13.8, 1,    7767.45,   -0.7,    0.9749, 2,    7767.45, -120.7,    0.9749, 3,    7767.45,  119.3,    0.9749
"SCN_CN15_9003_CEI160_ATV_S", 13.8, 1,    7778.87,   -0.7,   0.97633, 2,    7778.87, -120.7,   0.97633, 3,    7778.87,  119.3,   0.97633
"SCN_CN15_9081_CEI220_ATV", 13.8, 1,    7783.41,   -0.7,    0.9769, 2,    7783.41, -120.7,    0.9769, 3,    7783.41,  119.3,    0.9769
"SCN_CN15_9082_CEI220_ATV", 13.8, 1,    7783.41,   -0.7,    0.9769, 2,    7783.41, -120.7,    0.9769, 3,    7783.41,  119.3,    0.9769
"SCN_CN15_9140_CEI220_ATV", 13.8, 1,    7782.65,   -0.7,   0.97681, 2,    7782.65, -120.7,   0.97681, 3,    7782.65,  119.3,   0.97681
"SCN_CN15_9139_CEI220_ATV", 13.8, 1,    7782.66,   -0.7,   0.97681, 2,    7782.66, -120.7,   0.97681, 3,    7782.66,  119.3,   0.97681
"SCN_CN15_9138_CEI220_ATV", 13.8, 1,    7782.67,   -0.7,   0.97681, 2,    7782.67, -120.7,   0.97681, 3,    7782.67,  119.3,   0.97681
"SCN_CN15_9137_CEI220_ATV", 13.8, 1,    7782.68,   -0.7,   0.97681, 2,    7782.68, -120.7,   0.97681, 3,    7782.68,  119.3,   0.97681
"SCN_CN15_9136_CEI220_ATV", 13.8, 1,    7782.69,   -0.7,   0.97681, 2,    7782.69, -120.7,   0.97681, 3,    7782.69,  119.3,   0.97681
"SCN_CN15_9135_CEI220_ATV", 13.8, 1,     7782.7,   -0.7,   0.97681, 2,     7782.7, -120.7,   0.97681, 3,     7782.7,  119.3,   0.97681
"SCN_CN15_9136_CEI220_ATV_S", 13.8, 1,    7782.69,   -0.7,   0.97681, 2,    7782.69, -120.7,   0.97681, 3,    7782.69,  119.3,   0.97681
"SCN_CN15_9266_CEI250_ATV_S", 13.8, 1,    7766.18,   -0.7,   0.97474, 2,    7766.18, -120.7,   0.97474, 3,    7766.18,  119.3,   0.97474
"SCN_CN15_9038_CEI068", 13.8, 1,    7766.16,   -0.7,   0.97474, 2,    7766.16, -120.7,   0.97474, 3,    7766.16,  119.3,   0.97474
"SCN_CN15_9037_CEI068", 13.8, 1,    7766.15,   -0.7,   0.97474, 2,    7766.15, -120.7,   0.97474, 3,    7766.15,  119.3,   0.97474
"SCN_CN15_9036_CEI068", 13.8, 1,    7766.14,   -0.7,   0.97473, 2,    7766.14, -120.7,   0.97473, 3,    7766.14,  119.3,   0.97473
"SCN_CN15_9079_CEI131_ATV_S", 13.8, 1,    7788.91,   -0.7,   0.97759, 2,    7788.91, -120.7,   0.97759, 3,    7788.91,  119.3,   0.97759
"SCN_CN15_9079_CEI131_ATV", 13.8, 1,    7788.91,   -0.7,   0.97759, 2,    7788.91, -120.7,   0.97759, 3,    7788.91,  119.3,   0.97759
"SCN_CN15_9080_CEI131_ATV", 13.8, 1,    7788.91,   -0.7,   0.97759, 2,    7788.91, -120.7,   0.97759, 3,    7788.91,  119.3,   0.97759
"SCN_CN15_9004_CEI134_ATV_S", 13.8, 1,    7788.86,   -0.7,   0.97759, 2,    7788.86, -120.7,   0.97759, 3,    7788.86,  119.3,   0.97759
"SCN_CN15_9004_CEI134_ATV", 13.8, 1,    7788.86,   -0.7,   0.97759, 2,    7788.86, -120.7,   0.97759, 3,    7788.86,  119.3,   0.97759
"SCN_CN15_9005_CEI134_ATV", 13.8, 1,    7788.85,   -0.7,   0.97759, 2,    7788.85, -120.7,   0.97759, 3,    7788.85,  119.3,   0.97759
"SCN_CN15_9006_CEI134_ATV", 13.8, 1,    7788.84,   -0.7,   0.97758, 2,    7788.84, -120.7,   0.97758, 3,    7788.84,  119.3,   0.97758
"SCN_CN15_9001_CEI134_ATV", 13.8, 1,    7788.84,   -0.7,   0.97758, 2,    7788.84, -120.7,   0.97758, 3,    7788.84,  119.3,   0.97758
"SCN_CN15_9004_CEI134A_ATV", 13.8, 1,    7788.83,   -0.7,   0.97758, 2,    7788.83, -120.7,   0.97758, 3,    7788.83,  119.3,   0.97758
"SCN_CN15_9009_CEI134_ATV", 13.8, 1,    7788.83,   -0.7,   0.97758, 2,    7788.83, -120.7,   0.97758, 3,    7788.83,  119.3,   0.97758
"SCN_CN15_9328_CEI109_S", 13.8, 1,    7782.85,   -0.7,   0.97683, 2,    7782.85, -120.7,   0.97683, 3,    7782.85,  119.3,   0.97683
"SCN_CN15_9031_CEI077_ATV", 13.8, 1,    7750.07,   -0.7,   0.97272, 2,    7750.07, -120.7,   0.97272, 3,    7750.07,  119.3,   0.97272
"SCN_CN15_9016_CEI230B_ATV", 13.8, 1,    7767.46,   -0.7,    0.9749, 2,    7767.46, -120.7,    0.9749, 3,    7767.46,  119.3,    0.9749
"SCN_CN15_9019_CEI230B_ATV", 13.8, 1,    7767.48,   -0.7,    0.9749, 2,    7767.48, -120.7,    0.9749, 3,    7767.48,  119.3,    0.9749
"SCN_CN15_9024_CEI230B_ATV", 13.8, 1,    7767.51,   -0.7,   0.97491, 2,    7767.51, -120.7,   0.97491, 3,    7767.51,  119.3,   0.97491
"SCN_CN15_9407_CEI109", 13.8, 1,    7785.69,   -0.7,   0.97719, 2,    7785.69, -120.7,   0.97719, 3,    7785.69,  119.3,   0.97719
"SCN_CN15_9026_CEI230B_ATV", 13.8, 1,    7767.53,   -0.7,   0.97491, 2,    7767.53, -120.7,   0.97491, 3,    7767.53,  119.3,   0.97491
"SCN_CN15_9025_CEI230B_ATV", 13.8, 1,     7767.5,   -0.7,   0.97491, 2,     7767.5, -120.7,   0.97491, 3,     7767.5,  119.3,   0.97491
"SCN_CN15_9027_CEI230B_ATV", 13.8, 1,    7767.54,   -0.7,   0.97491, 2,    7767.54, -120.7,   0.97491, 3,    7767.54,  119.3,   0.97491
"SCN_CN15_9017_CEI230B_ATV", 13.8, 1,    7767.46,   -0.7,    0.9749, 2,    7767.46, -120.7,    0.9749, 3,    7767.46,  119.3,    0.9749
"SCN_CN15_9063_CEIRJ006_ATV", 13.8, 1,    7767.46,   -0.7,    0.9749, 2,    7767.46, -120.7,    0.9749, 3,    7767.46,  119.3,    0.9749
"SCN_CN15_9058_CEIRJ006_ATV", 13.8, 1,    7767.46,   -0.7,    0.9749, 2,    7767.46, -120.7,    0.9749, 3,    7767.46,  119.3,    0.9749
"SCN_CN15_9034_CEI230B_ATV", 13.8, 1,    7767.37,   -0.7,   0.97489, 2,    7767.37, -120.7,   0.97489, 3,    7767.37,  119.3,   0.97489
"SCN_CN15_9035_CEI230B_ATV", 13.8, 1,    7767.37,   -0.7,   0.97489, 2,    7767.37, -120.7,   0.97489, 3,    7767.37,  119.3,   0.97489
"SCN_CN15_9406_CEI109", 13.8, 1,    7785.35,   -0.7,   0.97715, 2,    7785.35, -120.7,   0.97715, 3,    7785.35,  119.3,   0.97715
"SCN_CN15_9036_CEI230B_ATV", 13.8, 1,    7767.37,   -0.7,   0.97489, 2,    7767.37, -120.7,   0.97489, 3,    7767.37,  119.3,   0.97489
"SCN_CN15_9007_CEI230B_ATV", 13.8, 1,    7767.37,   -0.7,   0.97489, 2,    7767.37, -120.7,   0.97489, 3,    7767.37,  119.3,   0.97489
"SCN_CN15_9006_CEI230B_ATV", 13.8, 1,    7767.37,   -0.7,   0.97489, 2,    7767.37, -120.7,   0.97489, 3,    7767.37,  119.3,   0.97489
"SCN_CN15_9070_CEI075", 13.8, 1,    7768.24,   -0.7,     0.975, 2,    7768.24, -120.7,     0.975, 3,    7768.24,  119.3,     0.975
"SCN_CN15_9071_CEI075", 13.8, 1,    7768.24,   -0.7,     0.975, 2,    7768.24, -120.7,     0.975, 3,    7768.24,  119.3,     0.975
"SCN_CN15_9159_CEI230_ATV", 13.8, 1,    7768.23,   -0.7,     0.975, 2,    7768.23, -120.7,     0.975, 3,    7768.23,  119.3,     0.975
"SCN_CN15_9160_CEI230_ATV", 13.8, 1,    7768.23,   -0.7,     0.975, 2,    7768.23, -120.7,     0.975, 3,    7768.23,  119.3,     0.975
"SCN_CN15_9158_CEI230_ATV", 13.8, 1,    7768.23,   -0.7,     0.975, 2,    7768.23, -120.7,     0.975, 3,    7768.23,  119.3,     0.975
"SCN_CN15_9055_CEIRJ006_ATV", 13.8, 1,    7768.23,   -0.7,     0.975, 2,    7768.23, -120.7,     0.975, 3,    7768.23,  119.3,     0.975
"SCN_CN15_9056_CEIRJ006_ATV", 13.8, 1,    7768.23,   -0.7,     0.975, 2,    7768.23, -120.7,     0.975, 3,    7768.23,  119.3,     0.975
"SCN_CN15_9405_CEI109", 13.8, 1,    7785.01,   -0.7,    0.9771, 2,    7785.01, -120.7,    0.9771, 3,    7785.01,  119.3,    0.9771
"SCN_CN15_9057_CEIRJ006_ATV", 13.8, 1,    7768.23,   -0.7,     0.975, 2,    7768.23, -120.7,     0.975, 3,    7768.23,  119.3,     0.975
"SCN_CN15_9056_CEI075", 13.8, 1,    7770.73,   -0.7,   0.97531, 2,    7770.73, -120.7,   0.97531, 3,    7770.73,  119.3,   0.97531
"SCN_CN15_9055_CEI075", 13.8, 1,    7770.74,   -0.7,   0.97531, 2,    7770.74, -120.7,   0.97531, 3,    7770.74,  119.3,   0.97531
"SCN_CN15_9070_CEI230_ATV", 13.8, 1,    7770.73,   -0.7,   0.97531, 2,    7770.73, -120.7,   0.97531, 3,    7770.73,  119.3,   0.97531
"SCN_CN15_9071_CEI230_ATV", 13.8, 1,    7770.73,   -0.7,   0.97531, 2,    7770.73, -120.7,   0.97531, 3,    7770.73,  119.3,   0.97531
"SCN_CN15_9054_CEI075", 13.8, 1,    7770.74,   -0.7,   0.97531, 2,    7770.74, -120.7,   0.97531, 3,    7770.74,  119.3,   0.97531
"SCN_CN15_9055_CEI075_S", 13.8, 1,    7770.74,   -0.7,   0.97531, 2,    7770.74, -120.7,   0.97531, 3,    7770.74,  119.3,   0.97531
"SCN_CN15_9052_CEI075", 13.8, 1,    7770.74,   -0.7,   0.97531, 2,    7770.74, -120.7,   0.97531, 3,    7770.74,  119.3,   0.97531
"SCN_CN15_9069_CEI230_ATV", 13.8, 1,    7770.74,   -0.7,   0.97531, 2,    7770.74, -120.7,   0.97531, 3,    7770.74,  119.3,   0.97531
"SCN_CN15_9051_CEI075", 13.8, 1,    7770.75,   -0.7,   0.97531, 2,    7770.75, -120.7,   0.97531, 3,    7770.75,  119.3,   0.97531
"SCN_CN15_9052_CEI075_S", 13.8, 1,    7770.74,   -0.7,   0.97531, 2,    7770.74, -120.7,   0.97531, 3,    7770.74,  119.3,   0.97531
"SCN_CN15_9404_CEI109", 13.8, 1,    7784.67,   -0.7,   0.97706, 2,    7784.67, -120.7,   0.97706, 3,    7784.67,  119.3,   0.97706
"SCN_CN15_9049_CEI075", 13.8, 1,    7770.75,   -0.7,   0.97531, 2,    7770.75, -120.7,   0.97531, 3,    7770.75,  119.3,   0.97531
"SCN_CN15_9068_CEI230_ATV", 13.8, 1,    7770.75,   -0.7,   0.97531, 2,    7770.75, -120.7,   0.97531, 3,    7770.75,  119.3,   0.97531
"SCN_CN15_9048_CEI075", 13.8, 1,    7770.76,   -0.7,   0.97532, 2,    7770.76, -120.7,   0.97532, 3,    7770.76,  119.3,   0.97532
"SCN_CN15_9049_CEI075_S", 13.8, 1,    7770.75,   -0.7,   0.97531, 2,    7770.75, -120.7,   0.97531, 3,    7770.75,  119.3,   0.97531
"SCN_CN15_9047_CEI075", 13.8, 1,    7770.77,   -0.7,   0.97532, 2,    7770.77, -120.7,   0.97532, 3,    7770.77,  119.3,   0.97532
"SCN_CN15_9046_CEI075", 13.8, 1,    7770.77,   -0.7,   0.97532, 2,    7770.77, -120.7,   0.97532, 3,    7770.77,  119.3,   0.97532
"SCN_CN15_9045_CEI075", 13.8, 1,    7770.78,   -0.7,   0.97532, 2,    7770.78, -120.7,   0.97532, 3,    7770.78,  119.3,   0.97532
"SCN_CN15_9044_CEI075", 13.8, 1,    7770.79,   -0.7,   0.97532, 2,    7770.79, -120.7,   0.97532, 3,    7770.79,  119.3,   0.97532
"SCN_CN15_9043_CEI075", 13.8, 1,     7770.8,   -0.7,   0.97532, 2,     7770.8, -120.7,   0.97532, 3,     7770.8,  119.3,   0.97532
"SCN_CN15_9042_CEI075", 13.8, 1,    7770.81,   -0.7,   0.97532, 2,    7770.81, -120.7,   0.97532, 3,    7770.81,  119.3,   0.97532
"SCN_CN15_9403_CEI109", 13.8, 1,    7784.34,   -0.7,   0.97702, 2,    7784.34, -120.7,   0.97702, 3,    7784.34,  119.3,   0.97702
"SCN_CN15_9053_CEIRJ006_ATV", 13.8, 1,    7770.89,   -0.7,   0.97533, 2,    7770.89, -120.7,   0.97533, 3,    7770.89,  119.3,   0.97533
"SCN_CN15_9062_CEI201_ATV", 13.8, 1,    7786.03,   -0.7,   0.97723, 2,    7786.03, -120.7,   0.97723, 3,    7786.03,  119.3,   0.97723
"SCN_CN15_9402_CEI109", 13.8, 1,       7784,   -0.7,   0.97698, 2,       7784, -120.7,   0.97698, 3,       7784,  119.3,   0.97698
"SCN_CN15_9401_CEI109", 13.8, 1,    7783.66,   -0.7,   0.97693, 2,    7783.66, -120.7,   0.97693, 3,    7783.66,  119.3,   0.97693
"SCN_CN15_9400_CEI109", 13.8, 1,    7783.32,   -0.7,   0.97689, 2,    7783.32, -120.7,   0.97689, 3,    7783.32,  119.3,   0.97689
"SCN_CN15_9111_CEI201_ATV_S", 13.8, 1,    7776.33,   -0.7,   0.97601, 2,    7776.33, -120.7,   0.97601, 3,    7776.33,  119.3,   0.97601
"SCN_CN15_9016_CEIRJ013_ATV", 13.8, 1,    7776.34,   -0.7,   0.97602, 2,    7776.34, -120.7,   0.97602, 3,    7776.34,  119.3,   0.97602
"SCN_CN15_9104_CEI201_ATV", 13.8, 1,    7776.32,   -0.7,   0.97601, 2,    7776.32, -120.7,   0.97601, 3,    7776.32,  119.3,   0.97601
"SCN_CN15_9112_CEI201_ATV", 13.8, 1,    7776.33,   -0.7,   0.97601, 2,    7776.33, -120.7,   0.97601, 3,    7776.33,  119.3,   0.97601
"SCN_CN15_9119_CEI201_ATV", 13.8, 1,    7776.33,   -0.7,   0.97601, 2,    7776.33, -120.7,   0.97601, 3,    7776.33,  119.3,   0.97601
"SCN_CN15_9474_CEI109_S", 13.8, 1,    7782.95,   -0.7,   0.97685, 2,    7782.95, -120.7,   0.97685, 3,    7782.95,  119.3,   0.97685
"SCN_CN15_9010_CEI201_ATV", 13.8, 1,    7781.63,   -0.7,   0.97668, 2,    7781.63, -120.7,   0.97668, 3,    7781.63,  119.3,   0.97668
"SCN_CN15_9004_CEI201_ATV", 13.8, 1,     7781.6,   -0.7,   0.97668, 2,     7781.6, -120.7,   0.97668, 3,     7781.6,  119.3,   0.97668
"SCN_CN15_9008_CEI201_ATV", 13.8, 1,     7781.6,   -0.7,   0.97668, 2,     7781.6, -120.7,   0.97668, 3,     7781.6,  119.3,   0.97668
"SCN_CN15_9002_CEI160_ATV", 13.8, 1,    7778.87,   -0.7,   0.97633, 2,    7778.87, -120.7,   0.97633, 3,    7778.87,  119.3,   0.97633
"SCN_CN15_9003_CEI160_ATV", 13.8, 1,    7778.87,   -0.7,   0.97633, 2,    7778.87, -120.7,   0.97633, 3,    7778.87,  119.3,   0.97633
"SCN_CN15_9475_CEI109", 13.8, 1,    7782.93,   -0.7,   0.97684, 2,    7782.93, -120.7,   0.97684, 3,    7782.93,  119.3,   0.97684
"SCN_CN15_9046_CEI130_ATV", 13.8, 1,    7778.88,   -0.7,   0.97633, 2,    7778.88, -120.7,   0.97633, 3,    7778.88,  119.3,   0.97633
"SCN_CN15_9042_CEI130_ATV", 13.8, 1,    7778.88,   -0.7,   0.97633, 2,    7778.88, -120.7,   0.97633, 3,    7778.88,  119.3,   0.97633
"SCN_CN15_9017_CEIRJ013_ATV", 13.8, 1,    7776.34,   -0.7,   0.97602, 2,    7776.34, -120.7,   0.97602, 3,    7776.34,  119.3,   0.97602
"SCN_CN15_9031_CEIRJ006_ATV", 13.8, 1,    7748.39,   -0.7,   0.97251, 2,    7748.39, -120.7,   0.97251, 3,    7748.39,  119.3,   0.97251
"SCN_CN15_9033_CEIRJ006_ATV", 13.8, 1,    7748.39,   -0.7,   0.97251, 2,    7748.39, -120.7,   0.97251, 3,    7748.39,  119.3,   0.97251
"SCN_CN15_9032_CEIRJ006_ATV", 13.8, 1,    7748.39,   -0.7,   0.97251, 2,    7748.39, -120.7,   0.97251, 3,    7748.39,  119.3,   0.97251
"SCN_CN15_9030_CEIRJ006_ATV", 13.8, 1,    7748.39,   -0.7,   0.97251, 2,    7748.39, -120.7,   0.97251, 3,    7748.39,  119.3,   0.97251
"SCN_CN15_9031_CEIRJ006_ATV_S", 13.8, 1,    7748.39,   -0.7,   0.97251, 2,    7748.39, -120.7,   0.97251, 3,    7748.39,  119.3,   0.97251
"SCN_CN15_9007_CEI77A_ATV", 13.8, 1,    7748.39,   -0.7,   0.97251, 2,    7748.39, -120.7,   0.97251, 3,    7748.39,  119.3,   0.97251
"SCN_CN15_9036_CEI230_ATV", 13.8, 1,    7748.94,   -0.7,   0.97258, 2,    7748.94, -120.7,   0.97258, 3,    7748.94,  119.3,   0.97258
"SCN_CN15_9037_CEI230_ATV", 13.8, 1,    7749.04,   -0.7,   0.97259, 2,    7749.04, -120.7,   0.97259, 3,    7749.04,  119.3,   0.97259
"SCN_CN15_9086_CEI77A_ATV_S", 13.8, 1,    7748.84,   -0.7,   0.97256, 2,    7748.84, -120.7,   0.97256, 3,    7748.84,  119.3,   0.97256
"SCN_CN15_9476_CEI109", 13.8, 1,    7782.91,   -0.7,   0.97684, 2,    7782.91, -120.7,   0.97684, 3,    7782.91,  119.3,   0.97684
"SCN_CN15_9086_CEI77A_ATV", 13.8, 1,    7748.84,   -0.7,   0.97256, 2,    7748.84, -120.7,   0.97256, 3,    7748.84,  119.3,   0.97256
"SCN_CN15_9057_CEI77A_ATV", 13.8, 1,    7748.76,   -0.7,   0.97255, 2,    7748.76, -120.7,   0.97255, 3,    7748.76,  119.3,   0.97255
"SCN_CN15_9058_CEI77A_ATV", 13.8, 1,    7748.71,   -0.7,   0.97255, 2,    7748.71, -120.7,   0.97255, 3,    7748.71,  119.3,   0.97255
"SCN_CN15_9059_CEI77A_ATV", 13.8, 1,    7748.67,   -0.7,   0.97254, 2,    7748.67, -120.7,   0.97254, 3,    7748.67,  119.3,   0.97254
"SCN_CN15_9060_CEI77A_ATV", 13.8, 1,    7748.67,   -0.7,   0.97254, 2,    7748.67, -120.7,   0.97254, 3,    7748.67,  119.3,   0.97254
"SCN_CN15_9062_CEI77A_ATV", 13.8, 1,    7748.63,   -0.7,   0.97254, 2,    7748.63, -120.7,   0.97254, 3,    7748.63,  119.3,   0.97254
"SCN_CN15_9061_CEI77A_ATV", 13.8, 1,    7748.62,   -0.7,   0.97254, 2,    7748.62, -120.7,   0.97254, 3,    7748.62,  119.3,   0.97254
"SCN_CN15_9063_CEI77A_ATV", 13.8, 1,    7748.59,   -0.7,   0.97253, 2,    7748.59, -120.7,   0.97253, 3,    7748.59,  119.3,   0.97253
"SCN_CN15_9064_CEI77A_ATV", 13.8, 1,    7748.56,   -0.7,   0.97253, 2,    7748.56, -120.7,   0.97253, 3,    7748.56,  119.3,   0.97253
"SCN_CN15_9065_CEI77A_ATV", 13.8, 1,    7748.52,   -0.7,   0.97252, 2,    7748.52, -120.7,   0.97252, 3,    7748.52,  119.3,   0.97252
"SCN_CN15_9080_CEI77A_ATV", 13.8, 1,    7748.51,   -0.7,   0.97252, 2,    7748.51, -120.7,   0.97252, 3,    7748.51,  119.3,   0.97252
"SCN_CN15_9081_CEI77A_ATV", 13.8, 1,    7748.51,   -0.7,   0.97252, 2,    7748.51, -120.7,   0.97252, 3,    7748.51,  119.3,   0.97252
"SCN_CN15_9082_CEI77A_ATV", 13.8, 1,     7748.5,   -0.7,   0.97252, 2,     7748.5, -120.7,   0.97252, 3,     7748.5,  119.3,   0.97252
"SCN_CN15_9083_CEI77A_ATV", 13.8, 1,     7748.5,   -0.7,   0.97252, 2,     7748.5, -120.7,   0.97252, 3,     7748.5,  119.3,   0.97252
"SCN_CN15_9084_CEI77A_ATV", 13.8, 1,     7748.5,   -0.7,   0.97252, 2,     7748.5, -120.7,   0.97252, 3,     7748.5,  119.3,   0.97252
"SCN_CN15_9085_CEI77A_ATV", 13.8, 1,     7748.5,   -0.7,   0.97252, 2,     7748.5, -120.7,   0.97252, 3,     7748.5,  119.3,   0.97252
"SCN_CN15_9066_CEI77A_ATV", 13.8, 1,    7748.49,   -0.7,   0.97252, 2,    7748.49, -120.7,   0.97252, 3,    7748.49,  119.3,   0.97252
"SCN_CN15_9068_CEI77A_ATV_S", 13.8, 1,    7748.47,   -0.7,   0.97252, 2,    7748.47, -120.7,   0.97252, 3,    7748.47,  119.3,   0.97252
"SCN_CN15_9070_CEI77A_ATV", 13.8, 1,    7748.46,   -0.7,   0.97252, 2,    7748.46, -120.7,   0.97252, 3,    7748.46,  119.3,   0.97252
"SCN_CN15_9071_CEI77A_ATV", 13.8, 1,    7748.46,   -0.7,   0.97252, 2,    7748.46, -120.7,   0.97252, 3,    7748.46,  119.3,   0.97252
"SCN_CN15_9068_CEI77A_ATV", 13.8, 1,    7748.47,   -0.7,   0.97252, 2,    7748.47, -120.7,   0.97252, 3,    7748.47,  119.3,   0.97252
"SCN_CN15_9069_CEI77A_ATV", 13.8, 1,    7748.46,   -0.7,   0.97252, 2,    7748.46, -120.7,   0.97252, 3,    7748.46,  119.3,   0.97252
"SCN_CN15_9023_CEI167_ATV", 13.8, 1,    7748.45,   -0.7,   0.97252, 2,    7748.45, -120.7,   0.97252, 3,    7748.45,  119.3,   0.97252
"SCN_CN15_9024_CEI167_ATV_S", 13.8, 1,    7748.44,   -0.7,   0.97251, 2,    7748.44, -120.7,   0.97251, 3,    7748.44,  119.3,   0.97251
"SCN_CN15_9074_CEI77A_ATV_S", 13.8, 1,    7748.42,   -0.7,   0.97251, 2,    7748.42, -120.7,   0.97251, 3,    7748.42,  119.3,   0.97251
"SCN_CN15_9074_CEI77A_ATV", 13.8, 1,    7748.42,   -0.7,   0.97251, 2,    7748.42, -120.7,   0.97251, 3,    7748.42,  119.3,   0.97251
"SCN_CN15_9075_CEI77A_ATV", 13.8, 1,    7748.42,   -0.7,   0.97251, 2,    7748.42, -120.7,   0.97251, 3,    7748.42,  119.3,   0.97251
"SCN_CN15_9133_CEI201_ATV", 13.8, 1,    7776.38,   -0.7,   0.97602, 2,    7776.38, -120.7,   0.97602, 3,    7776.38,  119.3,   0.97602
"SCN_CN15_9390_CEI109", 13.8, 1,    7782.98,   -0.7,   0.97685, 2,    7782.98, -120.7,   0.97685, 3,    7782.98,  119.3,   0.97685
"SCN_CN15_9114_CEI77A_ATV", 13.8, 1,     7749.6,   -0.7,   0.97266, 2,     7749.6, -120.7,   0.97266, 3,     7749.6,  119.3,   0.97266
"SCN_CN15_9134_CEI220_ATV", 13.8, 1,    7782.71,   -0.7,   0.97682, 2,    7782.71, -120.7,   0.97682, 3,    7782.71,  119.3,   0.97682
"SCN_CN15_9014_CEI120", 13.8, 1,    7782.72,   -0.7,   0.97682, 2,    7782.72, -120.7,   0.97682, 3,    7782.72,  119.3,   0.97682
"SCN_CN15_9041_CEI77A_ATV", 13.8, 1,    7748.45,   -0.7,   0.97252, 2,    7748.45, -120.7,   0.97252, 3,    7748.45,  119.3,   0.97252
"SCN_CN15_9015_CEI120", 13.8, 1,    7782.71,   -0.7,   0.97681, 2,    7782.71, -120.7,   0.97681, 3,    7782.71,  119.3,   0.97681
"SCN_CN15_9021_CEI120", 13.8, 1,    7782.69,   -0.7,   0.97681, 2,    7782.69, -120.7,   0.97681, 3,    7782.69,  119.3,   0.97681
"SCN_CN15_9020_CEI120", 13.8, 1,    7782.68,   -0.7,   0.97681, 2,    7782.68, -120.7,   0.97681, 3,    7782.68,  119.3,   0.97681
"SCN_CN15_9019_CEI120", 13.8, 1,    7782.68,   -0.7,   0.97681, 2,    7782.68, -120.7,   0.97681, 3,    7782.68,  119.3,   0.97681
"SCN_CN15_9018_CEI120", 13.8, 1,    7782.67,   -0.7,   0.97681, 2,    7782.67, -120.7,   0.97681, 3,    7782.67,  119.3,   0.97681
"SCN_CN15_9017_CEI120", 13.8, 1,    7782.66,   -0.7,   0.97681, 2,    7782.66, -120.7,   0.97681, 3,    7782.66,  119.3,   0.97681
"SCN_CN15_9016_CEI120", 13.8, 1,    7782.66,   -0.7,   0.97681, 2,    7782.66, -120.7,   0.97681, 3,    7782.66,  119.3,   0.97681
"SCN_CN15_9156_CEI220_ATV", 13.8, 1,    7782.69,   -0.7,   0.97681, 2,    7782.69, -120.7,   0.97681, 3,    7782.69,  119.3,   0.97681
"SCN_CN15_9157_CEI109", 13.8, 1,    7814.45,   -0.8,    0.9808, 2,    7814.45, -120.8,    0.9808, 3,    7814.45,  119.2,    0.9808
"SCN_CN15_9015_CEIRJ013_ATV", 13.8, 1,    7776.35,   -0.7,   0.97602, 2,    7776.35, -120.7,   0.97602, 3,    7776.35,  119.3,   0.97602
"SCN_CN15_9028_CEI167_ATV", 13.8, 1,    7748.41,   -0.7,   0.97251, 2,    7748.41, -120.7,   0.97251, 3,    7748.41,  119.3,   0.97251
"SCN_CN15_9076_CEI77A_ATV", 13.8, 1,     7748.4,   -0.7,   0.97251, 2,     7748.4, -120.7,   0.97251, 3,     7748.4,  119.3,   0.97251
"SCN_CN15_9078_CEI77A_ATV", 13.8, 1,    7748.39,   -0.7,   0.97251, 2,    7748.39, -120.7,   0.97251, 3,    7748.39,  119.3,   0.97251
"SCN_CN15_9079_CEI77A_ATV", 13.8, 1,    7748.38,   -0.7,   0.97251, 2,    7748.38, -120.7,   0.97251, 3,    7748.38,  119.3,   0.97251
"SCN_CN15_9008_CEI77A_ATV", 13.8, 1,     7748.4,   -0.7,   0.97251, 2,     7748.4, -120.7,   0.97251, 3,     7748.4,  119.3,   0.97251
"SCN_CN15_9009_CEI77A_ATV", 13.8, 1,    7748.41,   -0.7,   0.97251, 2,    7748.41, -120.7,   0.97251, 3,    7748.41,  119.3,   0.97251
"SCN_CN15_9009_CEI77A_ATV_S", 13.8, 1,    7748.41,   -0.7,   0.97251, 2,    7748.41, -120.7,   0.97251, 3,    7748.41,  119.3,   0.97251
"SCN_CN15_9015_CEI77A_ATV", 13.8, 1,    7748.42,   -0.7,   0.97251, 2,    7748.42, -120.7,   0.97251, 3,    7748.42,  119.3,   0.97251
"SCN_CN15_9478_CEI109", 13.8, 1,    7782.87,   -0.7,   0.97684, 2,    7782.87, -120.7,   0.97684, 3,    7782.87,  119.3,   0.97684
"SCN_CN15_9010_CEI77A_ATV_S", 13.8, 1,     7748.4,   -0.7,   0.97251, 2,     7748.4, -120.7,   0.97251, 3,     7748.4,  119.3,   0.97251
"SCN_CN15_9010_CEI77A_ATV", 13.8, 1,     7748.4,   -0.7,   0.97251, 2,     7748.4, -120.7,   0.97251, 3,     7748.4,  119.3,   0.97251
"SCN_CN15_9011_CEI77A_ATV", 13.8, 1,     7748.4,   -0.7,   0.97251, 2,     7748.4, -120.7,   0.97251, 3,     7748.4,  119.3,   0.97251
"SCN_CN15_9012_CEI77A_ATV", 13.8, 1,    7748.39,   -0.7,   0.97251, 2,    7748.39, -120.7,   0.97251, 3,    7748.39,  119.3,   0.97251
"SCN_CN15_9013_CEI77A_ATV", 13.8, 1,    7748.39,   -0.7,   0.97251, 2,    7748.39, -120.7,   0.97251, 3,    7748.39,  119.3,   0.97251
"SCN_CN15_9014_CEI77A_ATV", 13.8, 1,    7748.38,   -0.7,   0.97251, 2,    7748.38, -120.7,   0.97251, 3,    7748.38,  119.3,   0.97251
"SCN_CN15_9016_CEI77A_ATV", 13.8, 1,    7748.42,   -0.7,   0.97251, 2,    7748.42, -120.7,   0.97251, 3,    7748.42,  119.3,   0.97251
"SCN_CN15_9017_CEI77A_ATV", 13.8, 1,    7748.42,   -0.7,   0.97251, 2,    7748.42, -120.7,   0.97251, 3,    7748.42,  119.3,   0.97251
"SCN_CN15_9018_CEI77A_ATV", 13.8, 1,    7748.42,   -0.7,   0.97251, 2,    7748.42, -120.7,   0.97251, 3,    7748.42,  119.3,   0.97251
"SCN_CN15_9015_CEI77A_ATV_S", 13.8, 1,    7748.42,   -0.7,   0.97251, 2,    7748.42, -120.7,   0.97251, 3,    7748.42,  119.3,   0.97251
"SCN_CN15_9019_CEI77A_ATV", 13.8, 1,    7748.44,   -0.7,   0.97251, 2,    7748.44, -120.7,   0.97251, 3,    7748.44,  119.3,   0.97251
"SCN_CN15_9020_CEI77A_ATV", 13.8, 1,    7748.46,   -0.7,   0.97252, 2,    7748.46, -120.7,   0.97252, 3,    7748.46,  119.3,   0.97252
"SCN_CN15_9479_CEI109", 13.8, 1,    7782.85,   -0.7,   0.97683, 2,    7782.85, -120.7,   0.97683, 3,    7782.85,  119.3,   0.97683
"SCN_CN15_9021_CEI77A_ATV", 13.8, 1,    7748.47,   -0.7,   0.97252, 2,    7748.47, -120.7,   0.97252, 3,    7748.47,  119.3,   0.97252
"SCN_CN15_9022_CEI77A_ATV", 13.8, 1,    7748.47,   -0.7,   0.97252, 2,    7748.47, -120.7,   0.97252, 3,    7748.47,  119.3,   0.97252
"SCN_CN15_9023_CEI77A_ATV", 13.8, 1,    7748.47,   -0.7,   0.97252, 2,    7748.47, -120.7,   0.97252, 3,    7748.47,  119.3,   0.97252
"SCN_CN15_9021_CEI77A_ATV_S", 13.8, 1,    7748.47,   -0.7,   0.97252, 2,    7748.47, -120.7,   0.97252, 3,    7748.47,  119.3,   0.97252
"SCN_CN15_9024_CEI77A_ATV", 13.8, 1,    7748.49,   -0.7,   0.97252, 2,    7748.49, -120.7,   0.97252, 3,    7748.49,  119.3,   0.97252
"SCN_CN15_9025_CEI77A_ATV", 13.8, 1,    7748.51,   -0.7,   0.97252, 2,    7748.51, -120.7,   0.97252, 3,    7748.51,  119.3,   0.97252
"SCN_CN15_9026_CEI77A_ATV", 13.8, 1,    7748.53,   -0.7,   0.97252, 2,    7748.53, -120.7,   0.97252, 3,    7748.53,  119.3,   0.97252
"SCN_CN15_9027_CEI77A_ATV", 13.8, 1,    7748.52,   -0.7,   0.97252, 2,    7748.52, -120.7,   0.97252, 3,    7748.52,  119.3,   0.97252
"SCN_CN15_9028_CEI77A_ATV", 13.8, 1,    7748.51,   -0.7,   0.97252, 2,    7748.51, -120.7,   0.97252, 3,    7748.51,  119.3,   0.97252
"SCN_CN15_9029_CEI77A_ATV", 13.8, 1,     7748.5,   -0.7,   0.97252, 2,     7748.5, -120.7,   0.97252, 3,     7748.5,  119.3,   0.97252
"SCN_CN15_9030_CEI77A_ATV", 13.8, 1,    7748.49,   -0.7,   0.97252, 2,    7748.49, -120.7,   0.97252, 3,    7748.49,  119.3,   0.97252
"SCN_CN15_9480_CEI109", 13.8, 1,    7782.83,   -0.7,   0.97683, 2,    7782.83, -120.7,   0.97683, 3,    7782.83,  119.3,   0.97683
"SCN_CN15_9031_CEI77A_ATV", 13.8, 1,    7748.49,   -0.7,   0.97252, 2,    7748.49, -120.7,   0.97252, 3,    7748.49,  119.3,   0.97252
"SCN_CN15_9032_CEI77A_ATV", 13.8, 1,    7748.48,   -0.7,   0.97252, 2,    7748.48, -120.7,   0.97252, 3,    7748.48,  119.3,   0.97252
"SCN_CN15_9033_CEI77A_ATV", 13.8, 1,    7748.48,   -0.7,   0.97252, 2,    7748.48, -120.7,   0.97252, 3,    7748.48,  119.3,   0.97252
"SCN_CN15_9034_CEI77A_ATV", 13.8, 1,    7748.47,   -0.7,   0.97252, 2,    7748.47, -120.7,   0.97252, 3,    7748.47,  119.3,   0.97252
"SCN_CN15_9035_CEI77A_ATV", 13.8, 1,    7748.47,   -0.7,   0.97252, 2,    7748.47, -120.7,   0.97252, 3,    7748.47,  119.3,   0.97252
"SCN_CN15_9036_CEI77A_ATV_S", 13.8, 1,    7748.46,   -0.7,   0.97252, 2,    7748.46, -120.7,   0.97252, 3,    7748.46,  119.3,   0.97252
"SCN_CN15_9036_CEI77A_ATV", 13.8, 1,    7748.46,   -0.7,   0.97252, 2,    7748.46, -120.7,   0.97252, 3,    7748.46,  119.3,   0.97252
"SCN_CN15_9037_CEI77A_ATV_S", 13.8, 1,    7748.46,   -0.7,   0.97252, 2,    7748.46, -120.7,   0.97252, 3,    7748.46,  119.3,   0.97252
"SCN_CN15_9038_CEI77A_ATV", 13.8, 1,    7748.45,   -0.7,   0.97252, 2,    7748.45, -120.7,   0.97252, 3,    7748.45,  119.3,   0.97252
"SCN_CN15_9039_CEI77A_ATV", 13.8, 1,    7748.45,   -0.7,   0.97252, 2,    7748.45, -120.7,   0.97252, 3,    7748.45,  119.3,   0.97252
"SCN_CN15_9034_CEIRJ006_ATV", 13.8, 1,    7748.46,   -0.7,   0.97252, 2,    7748.46, -120.7,   0.97252, 3,    7748.46,  119.3,   0.97252
"SCN_CN15_9045_CEI77A_ATV", 13.8, 1,    7748.56,   -0.7,   0.97253, 2,    7748.56, -120.7,   0.97253, 3,    7748.56,  119.3,   0.97253
"SCN_CN15_9045_CEI77A_ATV_S", 13.8, 1,    7748.56,   -0.7,   0.97253, 2,    7748.56, -120.7,   0.97253, 3,    7748.56,  119.3,   0.97253
"SCN_CN15_9053_CEI77A_ATV", 13.8, 1,    7748.59,   -0.7,   0.97253, 2,    7748.59, -120.7,   0.97253, 3,    7748.59,  119.3,   0.97253
"SCN_CN15_9053_CEI77A_ATV_S", 13.8, 1,    7748.59,   -0.7,   0.97253, 2,    7748.59, -120.7,   0.97253, 3,    7748.59,  119.3,   0.97253
"SCN_CN15_9054_CEI77A_ATV", 13.8, 1,    7748.63,   -0.7,   0.97254, 2,    7748.63, -120.7,   0.97254, 3,    7748.63,  119.3,   0.97254
"SCN_CN15_9055_CEI77A_ATV", 13.8, 1,    7748.67,   -0.7,   0.97254, 2,    7748.67, -120.7,   0.97254, 3,    7748.67,  119.3,   0.97254
"SCN_CN15_9056_CEI77A_ATV", 13.8, 1,    7748.71,   -0.7,   0.97255, 2,    7748.71, -120.7,   0.97255, 3,    7748.71,  119.3,   0.97255
"SCN_CN15_9032_CEI230_ATV", 13.8, 1,    7748.82,   -0.7,   0.97256, 2,    7748.82, -120.7,   0.97256, 3,    7748.82,  119.3,   0.97256
"SCN_CN15_9087_CEI77A_ATV", 13.8, 1,    7748.81,   -0.7,   0.97256, 2,    7748.81, -120.7,   0.97256, 3,    7748.81,  119.3,   0.97256
"SCN_CN15_9026_CEI230_ATV", 13.8, 1,    7748.79,   -0.7,   0.97256, 2,    7748.79, -120.7,   0.97256, 3,    7748.79,  119.3,   0.97256
"SCN_CN15_9089_CEI77A_ATV", 13.8, 1,    7748.78,   -0.7,   0.97256, 2,    7748.78, -120.7,   0.97256, 3,    7748.78,  119.3,   0.97256
"SCN_CN15_9090_CEI77A_ATV", 13.8, 1,    7748.78,   -0.7,   0.97256, 2,    7748.78, -120.7,   0.97256, 3,    7748.78,  119.3,   0.97256
"SCN_CN15_9019_CEI230_ATV", 13.8, 1,    7748.77,   -0.7,   0.97255, 2,    7748.77, -120.7,   0.97255, 3,    7748.77,  119.3,   0.97255
"SCN_CN15_9017_CEI230_ATV", 13.8, 1,    7748.75,   -0.7,   0.97255, 2,    7748.75, -120.7,   0.97255, 3,    7748.75,  119.3,   0.97255
"SCN_CN15_9014_CEI230_ATV", 13.8, 1,    7748.74,   -0.7,   0.97255, 2,    7748.74, -120.7,   0.97255, 3,    7748.74,  119.3,   0.97255
"SCN_CN15_9013_CEI230_ATV", 13.8, 1,    7748.73,   -0.7,   0.97255, 2,    7748.73, -120.7,   0.97255, 3,    7748.73,  119.3,   0.97255
"SCN_CN15_9002_CEI230_ATV", 13.8, 1,    7748.72,   -0.7,   0.97255, 2,    7748.72, -120.7,   0.97255, 3,    7748.72,  119.3,   0.97255
"SCN_CN15_9003_CEI230_ATV", 13.8, 1,    7748.71,   -0.7,   0.97255, 2,    7748.71, -120.7,   0.97255, 3,    7748.71,  119.3,   0.97255
"SCN_CN15_9004_CEI230_ATV", 13.8, 1,     7748.7,   -0.7,   0.97255, 2,     7748.7, -120.7,   0.97255, 3,     7748.7,  119.3,   0.97255
"SCN_CN15_9482_CEI109", 13.8, 1,    7782.79,   -0.7,   0.97683, 2,    7782.79, -120.7,   0.97683, 3,    7782.79,  119.3,   0.97683
"SCN_CN15_9005_CEI230_ATV", 13.8, 1,     7748.7,   -0.7,   0.97255, 2,     7748.7, -120.7,   0.97255, 3,     7748.7,  119.3,   0.97255
"SCN_CN15_9006_CEI230_ATV", 13.8, 1,     7748.7,   -0.7,   0.97255, 2,     7748.7, -120.7,   0.97255, 3,     7748.7,  119.3,   0.97255
"SCN_CN15_9007_CEI230_ATV", 13.8, 1,    7748.69,   -0.7,   0.97255, 2,    7748.69, -120.7,   0.97255, 3,    7748.69,  119.3,   0.97255
"SCN_CN15_9008_CEI230_ATV", 13.8, 1,    7748.68,   -0.7,   0.97254, 2,    7748.68, -120.7,   0.97254, 3,    7748.68,  119.3,   0.97254
"SCN_CN15_9009_CEI230_ATV", 13.8, 1,    7748.68,   -0.7,   0.97254, 2,    7748.68, -120.7,   0.97254, 3,    7748.68,  119.3,   0.97254
"SCN_CN15_9050_CEI77A_ATV", 13.8, 1,    7748.52,   -0.7,   0.97252, 2,    7748.52, -120.7,   0.97252, 3,    7748.52,  119.3,   0.97252
"SCN_CN15_9052_CEI77A_ATV", 13.8, 1,    7748.51,   -0.7,   0.97252, 2,    7748.51, -120.7,   0.97252, 3,    7748.51,  119.3,   0.97252
"SCN_CN15_9049_CEI77A_ATV", 13.8, 1,    7748.52,   -0.7,   0.97252, 2,    7748.52, -120.7,   0.97252, 3,    7748.52,  119.3,   0.97252
"SCN_CN15_9050_CEI77A_ATV_S", 13.8, 1,    7748.52,   -0.7,   0.97252, 2,    7748.52, -120.7,   0.97252, 3,    7748.52,  119.3,   0.97252
"SCN_CN15_9051_CEI77A_ATV", 13.8, 1,    7748.51,   -0.7,   0.97252, 2,    7748.51, -120.7,   0.97252, 3,    7748.51,  119.3,   0.97252
"SCN_CN15_9047_CEI77A_ATV", 13.8, 1,    7748.53,   -0.7,   0.97253, 2,    7748.53, -120.7,   0.97253, 3,    7748.53,  119.3,   0.97253
"SCN_CN15_9046_CEI77A_ATV", 13.8, 1,    7748.54,   -0.7,   0.97253, 2,    7748.54, -120.7,   0.97253, 3,    7748.54,  119.3,   0.97253
"SCN_CN15_9483_CEI109", 13.8, 1,    7782.78,   -0.7,   0.97682, 2,    7782.78, -120.7,   0.97682, 3,    7782.78,  119.3,   0.97682
"SCN_CN15_9045_CEIRJ006_ATV", 13.8, 1,    7749.45,   -0.7,   0.97264, 2,    7749.45, -120.7,   0.97264, 3,    7749.45,  119.3,   0.97264
"SCN_CN15_9112_CEI076", 13.8, 1,    7749.45,   -0.7,   0.97264, 2,    7749.45, -120.7,   0.97264, 3,    7749.45,  119.3,   0.97264
"SCN_CN15_9113_CEI076", 13.8, 1,    7749.45,   -0.7,   0.97264, 2,    7749.45, -120.7,   0.97264, 3,    7749.45,  119.3,   0.97264
"SCN_CN15_9111_CEI076", 13.8, 1,    7749.45,   -0.7,   0.97264, 2,    7749.45, -120.7,   0.97264, 3,    7749.45,  119.3,   0.97264
"SCN_CN15_9112_CEI076_S", 13.8, 1,    7749.45,   -0.7,   0.97264, 2,    7749.45, -120.7,   0.97264, 3,    7749.45,  119.3,   0.97264
"SCN_CN15_9092_CEI076", 13.8, 1,    7749.45,   -0.7,   0.97264, 2,    7749.45, -120.7,   0.97264, 3,    7749.45,  119.3,   0.97264
"SCN_CN15_9093_CEI076", 13.8, 1,    7749.45,   -0.7,   0.97264, 2,    7749.45, -120.7,   0.97264, 3,    7749.45,  119.3,   0.97264
"SCN_CN15_9092_CEI076_S", 13.8, 1,    7749.45,   -0.7,   0.97264, 2,    7749.45, -120.7,   0.97264, 3,    7749.45,  119.3,   0.97264
"SCN_CN15_9127_CEI77A_ATV", 13.8, 1,    7749.45,   -0.7,   0.97264, 2,    7749.45, -120.7,   0.97264, 3,    7749.45,  119.3,   0.97264
"SCN_CN15_9128_CEI77A_ATV", 13.8, 1,    7749.45,   -0.7,   0.97264, 2,    7749.45, -120.7,   0.97264, 3,    7749.45,  119.3,   0.97264
"SCN_CN15_9041_CEIRJ006_ATV", 13.8, 1,    7749.45,   -0.7,   0.97264, 2,    7749.45, -120.7,   0.97264, 3,    7749.45,  119.3,   0.97264
"SCN_CN15_9126_CEI77A_ATV", 13.8, 1,    7749.46,   -0.7,   0.97264, 2,    7749.46, -120.7,   0.97264, 3,    7749.46,  119.3,   0.97264
"SCN_CN15_9127_CEI77A_ATV_S", 13.8, 1,    7749.45,   -0.7,   0.97264, 2,    7749.45, -120.7,   0.97264, 3,    7749.45,  119.3,   0.97264
"SCN_CN15_9060_CEI230_ATV", 13.8, 1,    7749.46,   -0.7,   0.97264, 2,    7749.46, -120.7,   0.97264, 3,    7749.46,  119.3,   0.97264
"SCN_CN15_9484_CEI109", 13.8, 1,    7782.76,   -0.7,   0.97682, 2,    7782.76, -120.7,   0.97682, 3,    7782.76,  119.3,   0.97682
"SCN_CN15_9124_CEI77A_ATV", 13.8, 1,    7749.47,   -0.7,   0.97264, 2,    7749.47, -120.7,   0.97264, 3,    7749.47,  119.3,   0.97264
"SCN_CN15_9123_CEI77A_ATV", 13.8, 1,    7749.48,   -0.7,   0.97264, 2,    7749.48, -120.7,   0.97264, 3,    7749.48,  119.3,   0.97264
"SCN_CN15_9124_CEI77A_ATV_S", 13.8, 1,    7749.47,   -0.7,   0.97264, 2,    7749.47, -120.7,   0.97264, 3,    7749.47,  119.3,   0.97264
"SCN_CN15_9059_CEI230_ATV", 13.8, 1,    7749.48,   -0.7,   0.97264, 2,    7749.48, -120.7,   0.97264, 3,    7749.48,  119.3,   0.97264
"SCN_CN15_9125_CEI77A_ATV", 13.8, 1,    7749.47,   -0.7,   0.97264, 2,    7749.47, -120.7,   0.97264, 3,    7749.47,  119.3,   0.97264
"SCN_CN15_9122_CEI77A_ATV", 13.8, 1,     7749.5,   -0.7,   0.97265, 2,     7749.5, -120.7,   0.97265, 3,     7749.5,  119.3,   0.97265
"SCN_CN15_9121_CEI77A_ATV", 13.8, 1,    7749.52,   -0.7,   0.97265, 2,    7749.52, -120.7,   0.97265, 3,    7749.52,  119.3,   0.97265
"SCN_CN15_9120_CEI77A_ATV", 13.8, 1,    7749.53,   -0.7,   0.97265, 2,    7749.53, -120.7,   0.97265, 3,    7749.53,  119.3,   0.97265
"SCN_CN15_9119_CEI77A_ATV", 13.8, 1,    7749.55,   -0.7,   0.97265, 2,    7749.55, -120.7,   0.97265, 3,    7749.55,  119.3,   0.97265
"SCN_CN15_9118_CEI77A_ATV", 13.8, 1,    7749.57,   -0.7,   0.97266, 2,    7749.57, -120.7,   0.97266, 3,    7749.57,  119.3,   0.97266
"SCN_CN15_9116_CEI77A_ATV", 13.8, 1,    7749.58,   -0.7,   0.97266, 2,    7749.58, -120.7,   0.97266, 3,    7749.58,  119.3,   0.97266
"SCN_CN15_9117_CEI77A_ATV", 13.8, 1,    7749.58,   -0.7,   0.97266, 2,    7749.58, -120.7,   0.97266, 3,    7749.58,  119.3,   0.97266
"SCN_CN15_9116_CEI77A_ATV_S", 13.8, 1,    7749.58,   -0.7,   0.97266, 2,    7749.58, -120.7,   0.97266, 3,    7749.58,  119.3,   0.97266
"SCN_CN15_9111_CEI77A_ATV", 13.8, 1,    7749.62,   -0.7,   0.97266, 2,    7749.62, -120.7,   0.97266, 3,    7749.62,  119.3,   0.97266
"SCN_CN15_9109_CEI77A_ATV", 13.8, 1,    7749.64,   -0.7,   0.97267, 2,    7749.64, -120.7,   0.97267, 3,    7749.64,  119.3,   0.97267
"SCN_CN15_9110_CEI77A_ATV", 13.8, 1,    7749.64,   -0.7,   0.97266, 2,    7749.64, -120.7,   0.97266, 3,    7749.64,  119.3,   0.97266
"SCN_CN15_9108_CEI77A_ATV", 13.8, 1,    7749.67,   -0.7,   0.97267, 2,    7749.67, -120.7,   0.97267, 3,    7749.67,  119.3,   0.97267
"SCN_CN15_9109_CEI77A_ATV_S", 13.8, 1,    7749.64,   -0.7,   0.97267, 2,    7749.64, -120.7,   0.97267, 3,    7749.64,  119.3,   0.97267
"SCN_CN15_9356_CEI065", 13.8, 1,    7766.09,   -0.7,   0.97473, 2,    7766.09, -120.7,   0.97473, 3,    7766.09,  119.3,   0.97473
"SCN_CN15_9357_CEI065", 13.8, 1,    7766.09,   -0.7,   0.97473, 2,    7766.09, -120.7,   0.97473, 3,    7766.09,  119.3,   0.97473
"SCN_CN15_9355_CEI065", 13.8, 1,    7766.09,   -0.7,   0.97473, 2,    7766.09, -120.7,   0.97473, 3,    7766.09,  119.3,   0.97473
"SCN_CN15_9354_CEI065", 13.8, 1,    7766.09,   -0.7,   0.97473, 2,    7766.09, -120.7,   0.97473, 3,    7766.09,  119.3,   0.97473
"SCN_CN15_9362_CEI065", 13.8, 1,    7766.09,   -0.7,   0.97473, 2,    7766.09, -120.7,   0.97473, 3,    7766.09,  119.3,   0.97473
"SCN_CN15_9365_CEI065", 13.8, 1,    7766.09,   -0.7,   0.97473, 2,    7766.09, -120.7,   0.97473, 3,    7766.09,  119.3,   0.97473
"SCN_CN15_9367_CEI065", 13.8, 1,    7766.09,   -0.7,   0.97473, 2,    7766.09, -120.7,   0.97473, 3,    7766.09,  119.3,   0.97473
"SCN_CN15_9368_CEI065", 13.8, 1,    7766.09,   -0.7,   0.97473, 2,    7766.09, -120.7,   0.97473, 3,    7766.09,  119.3,   0.97473
"SCN_CN15_9369_CEI065", 13.8, 1,    7766.09,   -0.7,   0.97473, 2,    7766.09, -120.7,   0.97473, 3,    7766.09,  119.3,   0.97473
"SCN_CN15_9370_CEI065", 13.8, 1,    7766.09,   -0.7,   0.97473, 2,    7766.09, -120.7,   0.97473, 3,    7766.09,  119.3,   0.97473
"SCN_CN15_9371_CEI065", 13.8, 1,    7766.09,   -0.7,   0.97473, 2,    7766.09, -120.7,   0.97473, 3,    7766.09,  119.3,   0.97473
"SCN_CN15_9372_CEI065", 13.8, 1,    7766.09,   -0.7,   0.97473, 2,    7766.09, -120.7,   0.97473, 3,    7766.09,  119.3,   0.97473
"SCN_CN15_9373_CEI065", 13.8, 1,    7766.09,   -0.7,   0.97473, 2,    7766.09, -120.7,   0.97473, 3,    7766.09,  119.3,   0.97473
"SCN_CN15_9374_CEI065", 13.8, 1,    7766.09,   -0.7,   0.97473, 2,    7766.09, -120.7,   0.97473, 3,    7766.09,  119.3,   0.97473
"SCN_CN15_9375_CEI065", 13.8, 1,    7766.09,   -0.7,   0.97473, 2,    7766.09, -120.7,   0.97473, 3,    7766.09,  119.3,   0.97473
"SCN_CN15_9376_CEI065", 13.8, 1,    7766.09,   -0.7,   0.97473, 2,    7766.09, -120.7,   0.97473, 3,    7766.09,  119.3,   0.97473
"SCN_CN15_9377_CEI065", 13.8, 1,    7766.09,   -0.7,   0.97473, 2,    7766.09, -120.7,   0.97473, 3,    7766.09,  119.3,   0.97473
"SCN_CN15_9011_CEI068", 13.8, 1,    7766.09,   -0.7,   0.97473, 2,    7766.09, -120.7,   0.97473, 3,    7766.09,  119.3,   0.97473
"SCN_CN15_9010_CEI068", 13.8, 1,    7766.09,   -0.7,   0.97473, 2,    7766.09, -120.7,   0.97473, 3,    7766.09,  119.3,   0.97473
"SCN_CN15_9021_CEI068", 13.8, 1,    7766.09,   -0.7,   0.97473, 2,    7766.09, -120.7,   0.97473, 3,    7766.09,  119.3,   0.97473
"SCN_CN15_9020_CEI068", 13.8, 1,    7766.09,   -0.7,   0.97473, 2,    7766.09, -120.7,   0.97473, 3,    7766.09,  119.3,   0.97473
"SCN_CN15_9021_CEI068_S", 13.8, 1,    7766.09,   -0.7,   0.97473, 2,    7766.09, -120.7,   0.97473, 3,    7766.09,  119.3,   0.97473
"SCN_CN15_9019_CEI068", 13.8, 1,    7766.09,   -0.7,   0.97473, 2,    7766.09, -120.7,   0.97473, 3,    7766.09,  119.3,   0.97473
"SCN_CN15_9018_CEI068", 13.8, 1,    7766.09,   -0.7,   0.97473, 2,    7766.09, -120.7,   0.97473, 3,    7766.09,  119.3,   0.97473
"SCN_CN15_9017_CEI068", 13.8, 1,    7766.09,   -0.7,   0.97473, 2,    7766.09, -120.7,   0.97473, 3,    7766.09,  119.3,   0.97473
"SCN_CN15_9007_CEI068", 13.8, 1,    7766.09,   -0.7,   0.97473, 2,    7766.09, -120.7,   0.97473, 3,    7766.09,  119.3,   0.97473
"SCN_CN15_9008_CEI068", 13.8, 1,    7766.09,   -0.7,   0.97473, 2,    7766.09, -120.7,   0.97473, 3,    7766.09,  119.3,   0.97473
"SCN_CN15_9035_CEI068", 13.8, 1,    7766.12,   -0.7,   0.97473, 2,    7766.12, -120.7,   0.97473, 3,    7766.12,  119.3,   0.97473
"SCN_CN15_9034_CEI068", 13.8, 1,    7766.12,   -0.7,   0.97473, 2,    7766.12, -120.7,   0.97473, 3,    7766.12,  119.3,   0.97473
"SCN_CN15_9033_CEI068", 13.8, 1,    7766.12,   -0.7,   0.97473, 2,    7766.12, -120.7,   0.97473, 3,    7766.12,  119.3,   0.97473
"SCN_CN15_9032_CEI068", 13.8, 1,    7766.11,   -0.7,   0.97473, 2,    7766.11, -120.7,   0.97473, 3,    7766.11,  119.3,   0.97473
"SCN_CN15_9031_CEI068", 13.8, 1,    7766.11,   -0.7,   0.97473, 2,    7766.11, -120.7,   0.97473, 3,    7766.11,  119.3,   0.97473
"SCN_CN15_9030_CEI068", 13.8, 1,     7766.1,   -0.7,   0.97473, 2,     7766.1, -120.7,   0.97473, 3,     7766.1,  119.3,   0.97473
"SCN_CN15_9029_CEI068", 13.8, 1,     7766.1,   -0.7,   0.97473, 2,     7766.1, -120.7,   0.97473, 3,     7766.1,  119.3,   0.97473
"SCN_CN15_9028_CEI068", 13.8, 1,     7766.1,   -0.7,   0.97473, 2,     7766.1, -120.7,   0.97473, 3,     7766.1,  119.3,   0.97473
"SCN_CN15_9027_CEI068", 13.8, 1,    7766.09,   -0.7,   0.97473, 2,    7766.09, -120.7,   0.97473, 3,    7766.09,  119.3,   0.97473
"SCN_CN15_9026_CEI068", 13.8, 1,    7766.09,   -0.7,   0.97473, 2,    7766.09, -120.7,   0.97473, 3,    7766.09,  119.3,   0.97473
"SCN_CN15_9025_CEI068", 13.8, 1,    7766.09,   -0.7,   0.97473, 2,    7766.09, -120.7,   0.97473, 3,    7766.09,  119.3,   0.97473
"SCN_CN15_9024_CEI068", 13.8, 1,    7766.09,   -0.7,   0.97473, 2,    7766.09, -120.7,   0.97473, 3,    7766.09,  119.3,   0.97473
"SCN_CN15_9013_CEI120", 13.8, 1,    7782.74,   -0.7,   0.97682, 2,    7782.74, -120.7,   0.97682, 3,    7782.74,  119.3,   0.97682
"SCN_CN15_9014_CEI120_S", 13.8, 1,    7782.72,   -0.7,   0.97682, 2,    7782.72, -120.7,   0.97682, 3,    7782.72,  119.3,   0.97682
"SCN_CN15_9009_CEI120", 13.8, 1,     7782.4,   -0.7,   0.97678, 2,     7782.4, -120.7,   0.97678, 3,     7782.4,  119.3,   0.97678
"SCN_CN15_9013_CEI120_S", 13.8, 1,    7782.74,   -0.7,   0.97682, 2,    7782.74, -120.7,   0.97682, 3,    7782.74,  119.3,   0.97682
"SCN_CN15_9009_CEI120_S", 13.8, 1,     7782.4,   -0.7,   0.97678, 2,     7782.4, -120.7,   0.97678, 3,     7782.4,  119.3,   0.97678
"SCN_CN15_9162_CEI220_ATV", 13.8, 1,    7781.78,   -0.7,    0.9767, 2,    7781.78, -120.7,    0.9767, 3,    7781.78,  119.3,    0.9767
"SCN_CN15_9008_CEI120", 13.8, 1,    7781.97,   -0.7,   0.97672, 2,    7781.97, -120.7,   0.97672, 3,    7781.97,  119.3,   0.97672
"SCN_CN15_9003_CEI134A_ATV", 13.8, 1,    7788.82,   -0.7,   0.97758, 2,    7788.82, -120.7,   0.97758, 3,    7788.82,  119.3,   0.97758
"SCN_CN15_9001_CEI134A_ATV", 13.8, 1,    7788.81,   -0.7,   0.97758, 2,    7788.81, -120.7,   0.97758, 3,    7788.81,  119.3,   0.97758
"SCN_CN15_9007_CEI134_ATV", 13.8, 1,    7788.81,   -0.7,   0.97758, 2,    7788.81, -120.7,   0.97758, 3,    7788.81,  119.3,   0.97758
"SCN_CN15_9002_CEI134A_ATV", 13.8, 1,    7788.81,   -0.7,   0.97758, 2,    7788.81, -120.7,   0.97758, 3,    7788.81,  119.3,   0.97758
"SCN_CN15_9003_CEI160A_ATV", 13.8, 1,     7788.8,   -0.7,   0.97758, 2,     7788.8, -120.7,   0.97758, 3,     7788.8,  119.3,   0.97758
"SCN_CN15_9002_CEI160A_ATV", 13.8, 1,     7788.8,   -0.7,   0.97758, 2,     7788.8, -120.7,   0.97758, 3,     7788.8,  119.3,   0.97758
"SCN_CN15_9001_CEI160A_ATV", 13.8, 1,     7788.8,   -0.7,   0.97758, 2,     7788.8, -120.7,   0.97758, 3,     7788.8,  119.3,   0.97758
"SCN_CN15_9008_CEI121", 13.8, 1,     7788.8,   -0.7,   0.97758, 2,     7788.8, -120.7,   0.97758, 3,     7788.8,  119.3,   0.97758
"SCN_CN15_9009_CEI121", 13.8, 1,     7788.8,   -0.7,   0.97758, 2,     7788.8, -120.7,   0.97758, 3,     7788.8,  119.3,   0.97758
"SCN_CN15_9010_CEI121", 13.8, 1,    7788.79,   -0.7,   0.97758, 2,    7788.79, -120.7,   0.97758, 3,    7788.79,  119.3,   0.97758
"SCN_CN15_9007_CEI120", 13.8, 1,    7782.16,   -0.7,   0.97675, 2,    7782.16, -120.7,   0.97675, 3,    7782.16,  119.3,   0.97675
"SCN_CN15_9007_CEI121", 13.8, 1,     7788.8,   -0.7,   0.97758, 2,     7788.8, -120.7,   0.97758, 3,     7788.8,  119.3,   0.97758
"SCN_CN15_9006_CEI121", 13.8, 1,    7788.79,   -0.7,   0.97758, 2,    7788.79, -120.7,   0.97758, 3,    7788.79,  119.3,   0.97758
"SCN_CN15_9005_CEI121", 13.8, 1,    7788.79,   -0.7,   0.97758, 2,    7788.79, -120.7,   0.97758, 3,    7788.79,  119.3,   0.97758
"SCN_CN15_9004_CEI121", 13.8, 1,    7788.79,   -0.7,   0.97758, 2,    7788.79, -120.7,   0.97758, 3,    7788.79,  119.3,   0.97758
"SCN_CN15_9003_CEI121", 13.8, 1,    7788.79,   -0.7,   0.97758, 2,    7788.79, -120.7,   0.97758, 3,    7788.79,  119.3,   0.97758
"SCN_CN15_9006_CEI120", 13.8, 1,    7782.35,   -0.7,   0.97677, 2,    7782.35, -120.7,   0.97677, 3,    7782.35,  119.3,   0.97677
"SCN_CN15_9004_CEI120", 13.8, 1,    7782.54,   -0.7,   0.97679, 2,    7782.54, -120.7,   0.97679, 3,    7782.54,  119.3,   0.97679
"SCN_CN15_9003_CEI120", 13.8, 1,    7782.74,   -0.7,   0.97682, 2,    7782.74, -120.7,   0.97682, 3,    7782.74,  119.3,   0.97682
"SCN_CN15_9110_CEI201_ATV", 13.8, 1,    7776.33,   -0.7,   0.97601, 2,    7776.33, -120.7,   0.97601, 3,    7776.33,  119.3,   0.97601
"SCN_CN15_9002_CEI120", 13.8, 1,    7782.93,   -0.7,   0.97684, 2,    7782.93, -120.7,   0.97684, 3,    7782.93,  119.3,   0.97684
"SCN_CN15_9004_CEI160A_ATV", 13.8, 1,    7787.87,   -0.7,   0.97746, 2,    7787.87, -120.7,   0.97746, 3,    7787.87,  119.3,   0.97746
"SCN_CN15_9005_CEI160A_ATV", 13.8, 1,    7787.87,   -0.7,   0.97746, 2,    7787.87, -120.7,   0.97746, 3,    7787.87,  119.3,   0.97746
"SCN_CN15_9006_CEI160A_ATV", 13.8, 1,    7787.87,   -0.7,   0.97746, 2,    7787.87, -120.7,   0.97746, 3,    7787.87,  119.3,   0.97746
"SCN_CN15_9007_CEI160A_ATV", 13.8, 1,    7787.87,   -0.7,   0.97746, 2,    7787.87, -120.7,   0.97746, 3,    7787.87,  119.3,   0.97746
"SCN_CN15_9008_CEI160A_ATV", 13.8, 1,    7787.87,   -0.7,   0.97746, 2,    7787.87, -120.7,   0.97746, 3,    7787.87,  119.3,   0.97746
"SCN_CN15_9004_CEI134B_ATV", 13.8, 1,    7787.87,   -0.7,   0.97746, 2,    7787.87, -120.7,   0.97746, 3,    7787.87,  119.3,   0.97746
"SCN_CN15_9001_CEI120", 13.8, 1,    7783.13,   -0.7,   0.97687, 2,    7783.13, -120.7,   0.97687, 3,    7783.13,  119.3,   0.97687
"SCN_CN15_9005_CEI134B_ATV", 13.8, 1,    7787.88,   -0.7,   0.97746, 2,    7787.88, -120.7,   0.97746, 3,    7787.88,  119.3,   0.97746
"SCN_CN15_9008_CEI134B_ATV", 13.8, 1,    7787.88,   -0.7,   0.97746, 2,    7787.88, -120.7,   0.97746, 3,    7787.88,  119.3,   0.97746
"SCN_CN15_9007_CEI134B_ATV", 13.8, 1,    7787.88,   -0.7,   0.97746, 2,    7787.88, -120.7,   0.97746, 3,    7787.88,  119.3,   0.97746
"SCN_CN15_9006_CEI134B_ATV", 13.8, 1,    7787.88,   -0.7,   0.97746, 2,    7787.88, -120.7,   0.97746, 3,    7787.88,  119.3,   0.97746
"SCN_CN15_9008_CEI134B_ATV_S", 13.8, 1,    7787.88,   -0.7,   0.97746, 2,    7787.88, -120.7,   0.97746, 3,    7787.88,  119.3,   0.97746
"SCN_CN15_9009_CEI134B_ATV", 13.8, 1,    7787.88,   -0.7,   0.97746, 2,    7787.88, -120.7,   0.97746, 3,    7787.88,  119.3,   0.97746
"SCN_CN15_9038_CEIRJ006_ATV", 13.8, 1,    7749.69,   -0.7,   0.97267, 2,    7749.69, -120.7,   0.97267, 3,    7749.69,  119.3,   0.97267
"SCN_CN15_9013_CEI201_ATV", 13.8, 1,    7781.66,   -0.7,   0.97668, 2,    7781.66, -120.7,   0.97668, 3,    7781.66,  119.3,   0.97668
"SCN_CN15_9105_CEI77A_ATV", 13.8, 1,    7749.74,   -0.7,   0.97268, 2,    7749.74, -120.7,   0.97268, 3,    7749.74,  119.3,   0.97268
"SCN_CN15_9106_CEI77A_ATV_S", 13.8, 1,     7749.7,   -0.7,   0.97267, 2,     7749.7, -120.7,   0.97267, 3,     7749.7,  119.3,   0.97267
"SCN_CN15_9490_CEI109", 13.8, 1,    7782.73,   -0.7,   0.97682, 2,    7782.73, -120.7,   0.97682, 3,    7782.73,  119.3,   0.97682
"SCN_CN15_9104_CEI77A_ATV_S", 13.8, 1,    7749.78,   -0.7,   0.97268, 2,    7749.78, -120.7,   0.97268, 3,    7749.78,  119.3,   0.97268
"SCN_CN15_9006_CEI077_ATV", 13.8, 1,    7750.84,   -0.7,   0.97282, 2,    7750.84, -120.7,   0.97282, 3,    7750.84,  119.3,   0.97282
"SCN_CN15_9007_CEI077_ATV", 13.8, 1,    7750.84,   -0.7,   0.97281, 2,    7750.84, -120.7,   0.97281, 3,    7750.84,  119.3,   0.97281
"SCN_CN15_9004_CEI077_ATV", 13.8, 1,    7750.85,   -0.7,   0.97282, 2,    7750.85, -120.7,   0.97282, 3,    7750.85,  119.3,   0.97282
"SCN_CN15_9005_CEI077_ATV_S", 13.8, 1,    7750.84,   -0.7,   0.97282, 2,    7750.84, -120.7,   0.97282, 3,    7750.84,  119.3,   0.97282
"SCN_CN15_9003_CEI077_ATV", 13.8, 1,    7750.86,   -0.7,   0.97282, 2,    7750.86, -120.7,   0.97282, 3,    7750.86,  119.3,   0.97282
"SCN_CN15_9002_CEI077_ATV_S", 13.8, 1,    7750.87,   -0.7,   0.97282, 2,    7750.87, -120.7,   0.97282, 3,    7750.87,  119.3,   0.97282
"SCN_CN15_9094_CEI072_S", 13.8, 1,    7751.14,   -0.7,   0.97285, 2,    7751.14, -120.7,   0.97285, 3,    7751.14,  119.3,   0.97285
"SCN_CN15_9093_CEI072_S", 13.8, 1,     7751.4,   -0.7,   0.97289, 2,     7751.4, -120.7,   0.97289, 3,     7751.4,  119.3,   0.97289
"SCN_CN15_9095_CEI072", 13.8, 1,    7751.66,   -0.7,   0.97292, 2,    7751.66, -120.7,   0.97292, 3,    7751.66,  119.3,   0.97292
"SCN_CN15_9096_CEI072", 13.8, 1,    7751.65,   -0.7,   0.97292, 2,    7751.65, -120.7,   0.97292, 3,    7751.65,  119.3,   0.97292
"SCN_CN15_9097_CEI072", 13.8, 1,    7751.65,   -0.7,   0.97292, 2,    7751.65, -120.7,   0.97292, 3,    7751.65,  119.3,   0.97292
"SCN_CN15_9098_CEI072", 13.8, 1,    7751.64,   -0.7,   0.97292, 2,    7751.64, -120.7,   0.97292, 3,    7751.64,  119.3,   0.97292
"SCN_CN15_9099_CEI072", 13.8, 1,    7751.64,   -0.7,   0.97292, 2,    7751.64, -120.7,   0.97292, 3,    7751.64,  119.3,   0.97292
"SCN_CN15_9102_CEI220_ATV", 13.8, 1,    7782.62,   -0.7,    0.9768, 2,    7782.62, -120.7,    0.9768, 3,    7782.62,  119.3,    0.9768
"SCN_CN15_9038_CEI148_ATV", 13.8, 1,    7776.42,   -0.7,   0.97603, 2,    7776.42, -120.7,   0.97603, 3,    7776.42,  119.3,   0.97603
"SCN_CN15_9012_CEIRJ013_ATV", 13.8, 1,    7776.42,   -0.7,   0.97603, 2,    7776.42, -120.7,   0.97603, 3,    7776.42,  119.3,   0.97603
"SCN_CN15_9361_CEI109", 13.8, 1,    7781.72,   -0.7,   0.97669, 2,    7781.72, -120.7,   0.97669, 3,    7781.72,  119.3,   0.97669
"SCN_CN15_9010_CEI134B_ATV", 13.8, 1,    7787.88,   -0.7,   0.97746, 2,    7787.88, -120.7,   0.97746, 3,    7787.88,  119.3,   0.97746
"SCN_CN15_9011_CEI134B_ATV", 13.8, 1,    7787.87,   -0.7,   0.97746, 2,    7787.87, -120.7,   0.97746, 3,    7787.87,  119.3,   0.97746
"SCN_CN15_9009_CEI134B_ATV_S", 13.8, 1,    7787.88,   -0.7,   0.97746, 2,    7787.88, -120.7,   0.97746, 3,    7787.88,  119.3,   0.97746
"SCN_CN15_9012_CEI134B_ATV", 13.8, 1,    7787.88,   -0.7,   0.97746, 2,    7787.88, -120.7,   0.97746, 3,    7787.88,  119.3,   0.97746
"SCN_CN15_9013_CEI134B_ATV", 13.8, 1,    7787.88,   -0.7,   0.97746, 2,    7787.88, -120.7,   0.97746, 3,    7787.88,  119.3,   0.97746
"SCN_CN15_9008_CEI134C_ATV", 13.8, 1,    7787.88,   -0.7,   0.97746, 2,    7787.88, -120.7,   0.97746, 3,    7787.88,  119.3,   0.97746
"SCN_CN15_9021_CEI109", 13.8, 1,    7783.32,   -0.7,   0.97689, 2,    7783.32, -120.7,   0.97689, 3,    7783.32,  119.3,   0.97689
"SCN_CN15_9009_CEI134C_ATV", 13.8, 1,    7787.88,   -0.7,   0.97746, 2,    7787.88, -120.7,   0.97746, 3,    7787.88,  119.3,   0.97746
"SCN_CN15_9010_CEI134C_ATV", 13.8, 1,    7787.88,   -0.7,   0.97746, 2,    7787.88, -120.7,   0.97746, 3,    7787.88,  119.3,   0.97746
"SCN_CN15_9013_CEI134B_ATV_S", 13.8, 1,    7787.88,   -0.7,   0.97746, 2,    7787.88, -120.7,   0.97746, 3,    7787.88,  119.3,   0.97746
"SCN_CN15_9006_CEI134C_ATV", 13.8, 1,    7787.88,   -0.7,   0.97746, 2,    7787.88, -120.7,   0.97746, 3,    7787.88,  119.3,   0.97746
"SCN_CN15_9005_CEI134C_ATV", 13.8, 1,    7787.89,   -0.7,   0.97747, 2,    7787.89, -120.7,   0.97747, 3,    7787.89,  119.3,   0.97747
"SCN_CN15_9004_CEI134C_ATV", 13.8, 1,    7787.89,   -0.7,   0.97747, 2,    7787.89, -120.7,   0.97747, 3,    7787.89,  119.3,   0.97747
"SCN_CN15_9003_CEI134C_ATV", 13.8, 1,    7787.89,   -0.7,   0.97747, 2,     7787.9, -120.7,   0.97747, 3,    7787.89,  119.3,   0.97747
"SCN_CN15_9001_CEI134C_ATV", 13.8, 1,     7787.9,   -0.7,   0.97747, 2,     7787.9, -120.7,   0.97747, 3,     7787.9,  119.3,   0.97747
"SCN_CN15_9001_CEI134C_ATV_S", 13.8, 1,     7787.9,   -0.7,   0.97747, 2,     7787.9, -120.7,   0.97747, 3,     7787.9,  119.3,   0.97747
"SCN_CN15_9002_CEI134C_ATV", 13.8, 1,     7787.9,   -0.7,   0.97747, 2,     7787.9, -120.7,   0.97747, 3,     7787.9,  119.3,   0.97747
"SCN_CN15_9038_CEI134B_ATV", 13.8, 1,    7787.91,   -0.7,   0.97747, 2,    7787.91, -120.7,   0.97747, 3,    7787.91,  119.3,   0.97747
"SCN_CN15_9027_CEI134C_ATV", 13.8, 1,    7787.81,   -0.7,   0.97746, 2,    7787.81, -120.7,   0.97746, 3,    7787.81,  119.3,   0.97746
"SCN_CN15_9028_CEI134C_ATV", 13.8, 1,     7787.8,   -0.7,   0.97745, 2,     7787.8, -120.7,   0.97745, 3,     7787.8,  119.3,   0.97745
"SCN_CN15_9020_CEI109", 13.8, 1,    7783.51,   -0.7,   0.97692, 2,    7783.51, -120.7,   0.97692, 3,    7783.51,  119.3,   0.97692
"SCN_CN15_9026_CEI134C_ATV", 13.8, 1,    7787.82,   -0.7,   0.97746, 2,    7787.82, -120.7,   0.97746, 3,    7787.82,  119.3,   0.97746
"SCN_CN15_9025_CEI134C_ATV", 13.8, 1,    7787.82,   -0.7,   0.97746, 2,    7787.82, -120.7,   0.97746, 3,    7787.82,  119.3,   0.97746
"SCN_CN15_9029_CEI134C_ATV", 13.8, 1,    7787.82,   -0.7,   0.97746, 2,    7787.82, -120.7,   0.97746, 3,    7787.82,  119.3,   0.97746
"SCN_CN15_9030_CEI134C_ATV", 13.8, 1,    7787.81,   -0.7,   0.97746, 2,    7787.81, -120.7,   0.97746, 3,    7787.81,  119.3,   0.97746
"SCN_CN15_9017_CEI134C_ATV", 13.8, 1,    7787.83,   -0.7,   0.97746, 2,    7787.83, -120.7,   0.97746, 3,    7787.83,  119.3,   0.97746
"SCN_CN15_9025_CEI134C_ATV_S", 13.8, 1,    7787.82,   -0.7,   0.97746, 2,    7787.82, -120.7,   0.97746, 3,    7787.82,  119.3,   0.97746
"SCN_CN15_9018_CEI134C_ATV", 13.8, 1,    7787.83,   -0.7,   0.97746, 2,    7787.83, -120.7,   0.97746, 3,    7787.83,  119.3,   0.97746
"SCN_CN15_9019_CEI134C_ATV_S", 13.8, 1,    7787.82,   -0.7,   0.97746, 2,    7787.82, -120.7,   0.97746, 3,    7787.82,  119.3,   0.97746
"SCN_CN15_9017_CEI134C_ATV_S", 13.8, 1,    7787.83,   -0.7,   0.97746, 2,    7787.83, -120.7,   0.97746, 3,    7787.83,  119.3,   0.97746
"SCN_CN15_9031_CEI134C_ATV", 13.8, 1,    7787.85,   -0.7,   0.97746, 2,    7787.85, -120.7,   0.97746, 3,    7787.85,  119.3,   0.97746
"SCN_CN15_9031_CEI134C_ATV_S", 13.8, 1,    7787.85,   -0.7,   0.97746, 2,    7787.85, -120.7,   0.97746, 3,    7787.85,  119.3,   0.97746
"SCN_CN15_9032_CEI134C_ATV", 13.8, 1,    7787.87,   -0.7,   0.97746, 2,    7787.87, -120.7,   0.97746, 3,    7787.87,  119.3,   0.97746
"SCN_CN15_9033_CEI134C_ATV", 13.8, 1,    7787.89,   -0.7,   0.97746, 2,    7787.89, -120.7,   0.97746, 3,    7787.89,  119.3,   0.97746
"SCN_CN15_9019_CEI109", 13.8, 1,    7783.71,   -0.7,   0.97694, 2,    7783.71, -120.7,   0.97694, 3,    7783.71,  119.3,   0.97694
"SCN_CN15_9037_CEI134B_ATV", 13.8, 1,     7787.9,   -0.7,   0.97747, 2,     7787.9, -120.7,   0.97747, 3,     7787.9,  119.3,   0.97747
"SCN_CN15_9032_CEI134B_ATV", 13.8, 1,    7787.93,   -0.7,   0.97747, 2,    7787.93, -120.7,   0.97747, 3,    7787.93,  119.3,   0.97747
"SCN_CN15_9038_CEI134B_ATV_S", 13.8, 1,    7787.91,   -0.7,   0.97747, 2,    7787.91, -120.7,   0.97747, 3,    7787.91,  119.3,   0.97747
"SCN_CN15_9033_CEI134B_ATV", 13.8, 1,    7787.93,   -0.7,   0.97747, 2,    7787.93, -120.7,   0.97747, 3,    7787.93,  119.3,   0.97747
"SCN_CN15_9034_CEI134B_ATV", 13.8, 1,    7787.93,   -0.7,   0.97747, 2,    7787.93, -120.7,   0.97747, 3,    7787.93,  119.3,   0.97747
"SCN_CN15_9035_CEI134B_ATV", 13.8, 1,    7787.92,   -0.7,   0.97747, 2,    7787.92, -120.7,   0.97747, 3,    7787.92,  119.3,   0.97747
"SCN_CN15_9036_CEI134B_ATV", 13.8, 1,    7787.92,   -0.7,   0.97747, 2,    7787.92, -120.7,   0.97747, 3,    7787.92,  119.3,   0.97747
"SCN_CN15_9016_CEI134C_ATV", 13.8, 1,    7787.85,   -0.7,   0.97746, 2,    7787.85, -120.7,   0.97746, 3,    7787.85,  119.3,   0.97746
"SCN_CN15_9011_CEI134C_ATV", 13.8, 1,    7787.85,   -0.7,   0.97746, 2,    7787.85, -120.7,   0.97746, 3,    7787.85,  119.3,   0.97746
"SCN_CN15_9018_CEI109", 13.8, 1,     7783.9,   -0.7,   0.97696, 2,     7783.9, -120.7,   0.97696, 3,     7783.9,  119.3,   0.97696
"SCN_CN15_9012_CEI134C_ATV", 13.8, 1,    7787.85,   -0.7,   0.97746, 2,    7787.85, -120.7,   0.97746, 3,    7787.85,  119.3,   0.97746
"SCN_CN15_9013_CEI134C_ATV", 13.8, 1,    7787.84,   -0.7,   0.97746, 2,    7787.84, -120.7,   0.97746, 3,    7787.84,  119.3,   0.97746
"SCN_CN15_9014_CEI134C_ATV", 13.8, 1,    7787.84,   -0.7,   0.97746, 2,    7787.84, -120.7,   0.97746, 3,    7787.84,  119.3,   0.97746
"SCN_CN15_9031_CEI134B_ATV", 13.8, 1,    7787.95,   -0.7,   0.97747, 2,    7787.95, -120.7,   0.97747, 3,    7787.95,  119.3,   0.97747
"SCN_CN15_9032_CEI134B_ATV_S", 13.8, 1,    7787.93,   -0.7,   0.97747, 2,    7787.93, -120.7,   0.97747, 3,    7787.93,  119.3,   0.97747
"SCN_CN15_9019_CEI134B_ATV", 13.8, 1,    7787.98,   -0.7,   0.97748, 2,    7787.98, -120.7,   0.97748, 3,    7787.98,  119.3,   0.97748
"SCN_CN15_9020_CEI134B_ATV", 13.8, 1,    7787.98,   -0.7,   0.97748, 2,    7787.98, -120.7,   0.97748, 3,    7787.98,  119.3,   0.97748
"SCN_CN15_9021_CEI134B_ATV", 13.8, 1,    7787.97,   -0.7,   0.97748, 2,    7787.97, -120.7,   0.97748, 3,    7787.97,  119.3,   0.97748
"SCN_CN15_9022_CEI134B_ATV", 13.8, 1,    7787.97,   -0.7,   0.97748, 2,    7787.97, -120.7,   0.97748, 3,    7787.97,  119.3,   0.97748
"SCN_CN15_9023_CEI134B_ATV", 13.8, 1,    7787.97,   -0.7,   0.97748, 2,    7787.97, -120.7,   0.97748, 3,    7787.97,  119.3,   0.97748
"SCN_CN15_9017_CEI109_S", 13.8, 1,    7784.09,   -0.7,   0.97699, 2,    7784.09, -120.7,   0.97699, 3,    7784.09,  119.3,   0.97699
"SCN_CN15_9025_CEI134B_ATV", 13.8, 1,    7787.97,   -0.7,   0.97747, 2,    7787.97, -120.7,   0.97747, 3,    7787.97,  119.3,   0.97747
"SCN_CN15_9018_CEI134B_ATV", 13.8, 1,       7788,   -0.7,   0.97748, 2,       7788, -120.7,   0.97748, 3,       7788,  119.3,   0.97748
"SCN_CN15_9019_CEI134B_ATV_S", 13.8, 1,    7787.98,   -0.7,   0.97748, 2,    7787.98, -120.7,   0.97748, 3,    7787.98,  119.3,   0.97748
"SCN_CN15_9017_CEI134B_ATV", 13.8, 1,    7788.03,   -0.7,   0.97748, 2,    7788.03, -120.7,   0.97748, 3,    7788.03,  119.3,   0.97748
"SCN_CN15_9030_CEI134B_ATV", 13.8, 1,    7788.03,   -0.7,   0.97748, 2,    7788.03, -120.7,   0.97748, 3,    7788.03,  119.3,   0.97748
"SCN_CN15_9029_CEI134B_ATV", 13.8, 1,    7788.03,   -0.7,   0.97748, 2,    7788.03, -120.7,   0.97748, 3,    7788.03,  119.3,   0.97748
"SCN_CN15_9016_CEI134B_ATV", 13.8, 1,    7788.06,   -0.7,   0.97749, 2,    7788.06, -120.7,   0.97749, 3,    7788.06,  119.3,   0.97749
"SCN_CN15_9017_CEI134B_ATV_S", 13.8, 1,    7788.03,   -0.7,   0.97748, 2,    7788.03, -120.7,   0.97748, 3,    7788.03,  119.3,   0.97748
"SCN_CN15_9015_CEI134B_ATV", 13.8, 1,    7788.09,   -0.7,   0.97749, 2,    7788.09, -120.7,   0.97749, 3,    7788.09,  119.3,   0.97749
"SCN_CN15_9015_CEI134_ATV", 13.8, 1,    7788.12,   -0.7,   0.97749, 2,    7788.12, -120.7,   0.97749, 3,    7788.12,  119.3,   0.97749
"SCN_CN15_9016_CEI134_ATV", 13.8, 1,    7788.15,   -0.7,    0.9775, 2,    7788.15, -120.7,    0.9775, 3,    7788.15,  119.3,    0.9775
"SCN_CN15_9022_CEI109", 13.8, 1,    7784.08,   -0.7,   0.97699, 2,    7784.08, -120.7,   0.97699, 3,    7784.08,  119.3,   0.97699
"SCN_CN15_9016_CEI134_ATV_S", 13.8, 1,    7788.15,   -0.7,    0.9775, 2,    7788.15, -120.7,    0.9775, 3,    7788.15,  119.3,    0.9775
"SCN_CN15_9018_CEI134_ATV", 13.8, 1,    7788.18,   -0.7,    0.9775, 2,    7788.18, -120.7,    0.9775, 3,    7788.18,  119.3,    0.9775
"SCN_CN15_9019_CEI134_ATV", 13.8, 1,    7788.21,   -0.7,   0.97751, 2,    7788.21, -120.7,   0.97751, 3,    7788.21,  119.3,   0.97751
"SCN_CN15_9020_CEI134_ATV", 13.8, 1,    7788.24,   -0.7,   0.97751, 2,    7788.24, -120.7,   0.97751, 3,    7788.24,  119.3,   0.97751
"SCN_CN15_9021_CEI134_ATV", 13.8, 1,    7788.27,   -0.7,   0.97751, 2,    7788.27, -120.7,   0.97751, 3,    7788.27,  119.3,   0.97751
"SCN_CN15_9022_CEI134_ATV", 13.8, 1,    7788.31,   -0.7,   0.97752, 2,    7788.31, -120.7,   0.97752, 3,    7788.31,  119.3,   0.97752
"SCN_CN15_9024_CEI134_ATV", 13.8, 1,    7788.34,   -0.7,   0.97752, 2,    7788.34, -120.7,   0.97752, 3,    7788.34,  119.3,   0.97752
"SCN_CN15_9024_CEI134_ATV_S", 13.8, 1,    7788.34,   -0.7,   0.97752, 2,    7788.34, -120.7,   0.97752, 3,    7788.34,  119.3,   0.97752
"SCN_CN15_9023_CEI134A_ATV", 13.8, 1,    7788.37,   -0.7,   0.97753, 2,    7788.37, -120.7,   0.97753, 3,    7788.37,  119.3,   0.97753
"SCN_CN15_9021_CEI134A_ATV", 13.8, 1,     7788.4,   -0.7,   0.97753, 2,     7788.4, -120.7,   0.97753, 3,     7788.4,  119.3,   0.97753
"SCN_CN15_9016_CEI134A_ATV", 13.8, 1,    7788.44,   -0.7,   0.97753, 2,    7788.44, -120.7,   0.97753, 3,    7788.44,  119.3,   0.97753
"SCN_CN15_9015_CEI134A_ATV", 13.8, 1,    7788.47,   -0.7,   0.97754, 2,    7788.47, -120.7,   0.97754, 3,    7788.47,  119.3,   0.97754
"SCN_CN15_9016_CEI134A_ATV_S", 13.8, 1,    7788.44,   -0.7,   0.97753, 2,    7788.44, -120.7,   0.97753, 3,    7788.44,  119.3,   0.97753
"SCN_CN15_9023_CEI109_S", 13.8, 1,    7784.08,   -0.7,   0.97699, 2,    7784.08, -120.7,   0.97699, 3,    7784.08,  119.3,   0.97699
"SCN_CN15_9014_CEI134A_ATV", 13.8, 1,    7788.51,   -0.7,   0.97754, 2,    7788.51, -120.7,   0.97754, 3,    7788.51,  119.3,   0.97754
"SCN_CN15_9013_CEI134A_ATV", 13.8, 1,    7788.54,   -0.7,   0.97755, 2,    7788.54, -120.7,   0.97755, 3,    7788.54,  119.3,   0.97755
"SCN_CN15_9012_CEI134A_ATV", 13.8, 1,    7788.58,   -0.7,   0.97755, 2,    7788.58, -120.7,   0.97755, 3,    7788.58,  119.3,   0.97755
"SCN_CN15_9024_CEI109", 13.8, 1,    7784.07,   -0.7,   0.97699, 2,    7784.07, -120.7,   0.97699, 3,    7784.07,  119.3,   0.97699
"SCN_CN15_9023_CEI109", 13.8, 1,    7784.08,   -0.7,   0.97699, 2,    7784.08, -120.7,   0.97699, 3,    7784.08,  119.3,   0.97699
"SCN_CN15_9011_CEI134A_ATV", 13.8, 1,    7788.61,   -0.7,   0.97756, 2,    7788.61, -120.7,   0.97756, 3,    7788.61,  119.3,   0.97756
"SCN_CN15_9010_CEI134A_ATV", 13.8, 1,    7788.64,   -0.7,   0.97756, 2,    7788.64, -120.7,   0.97756, 3,    7788.64,  119.3,   0.97756
"SCN_CN15_9010_CEI134_ATV", 13.8, 1,    7788.71,   -0.7,   0.97757, 2,    7788.71, -120.7,   0.97757, 3,    7788.71,  119.3,   0.97757
"SCN_CN15_9012_CEI134_ATV", 13.8, 1,    7788.75,   -0.7,   0.97757, 2,    7788.75, -120.7,   0.97757, 3,    7788.75,  119.3,   0.97757
"SCN_CN15_9007_CEI134A_ATV", 13.8, 1,    7788.79,   -0.7,   0.97758, 2,    7788.79, -120.7,   0.97758, 3,    7788.79,  119.3,   0.97758
"SCN_CN15_9008_CEI134A_ATV", 13.8, 1,    7788.78,   -0.7,   0.97758, 2,    7788.78, -120.7,   0.97758, 3,    7788.78,  119.3,   0.97758
"SCN_CN15_9025_CEI109", 13.8, 1,    7784.08,   -0.7,   0.97699, 2,    7784.08, -120.7,   0.97699, 3,    7784.08,  119.3,   0.97699
"SCN_CN15_9005_CEI134A_ATV", 13.8, 1,    7788.82,   -0.7,   0.97758, 2,    7788.82, -120.7,   0.97758, 3,    7788.82,  119.3,   0.97758
"SCN_CN15_9007_CEI134A_ATV_S", 13.8, 1,    7788.79,   -0.7,   0.97758, 2,    7788.79, -120.7,   0.97758, 3,    7788.79,  119.3,   0.97758
"SCN_CN15_9014_CEI134_ATV", 13.8, 1,    7788.82,   -0.7,   0.97758, 2,    7788.82, -120.7,   0.97758, 3,    7788.82,  119.3,   0.97758
"SCN_CN15_9006_CEI134A_ATV", 13.8, 1,    7788.82,   -0.7,   0.97758, 2,    7788.82, -120.7,   0.97758, 3,    7788.82,  119.3,   0.97758
"SCN_CN15_9005_CEI134A_ATV_S", 13.8, 1,    7788.82,   -0.7,   0.97758, 2,    7788.82, -120.7,   0.97758, 3,    7788.82,  119.3,   0.97758
"SCN_CN15_9017_CEI134A_ATV", 13.8, 1,    7788.43,   -0.7,   0.97753, 2,    7788.43, -120.7,   0.97753, 3,    7788.43,  119.3,   0.97753
"SCN_CN15_9018_CEI134A_ATV", 13.8, 1,    7788.43,   -0.7,   0.97753, 2,    7788.43, -120.7,   0.97753, 3,    7788.43,  119.3,   0.97753
"SCN_CN15_9020_CEI134A_ATV", 13.8, 1,    7788.43,   -0.7,   0.97753, 2,    7788.43, -120.7,   0.97753, 3,    7788.43,  119.3,   0.97753
"SCN_CN15_9083_CEI131_ATV", 13.8, 1,    7789.61,   -0.7,   0.97768, 2,    7789.61, -120.7,   0.97768, 3,    7789.61,  119.3,   0.97768
"SCN_CN15_9084_CEI131_ATV", 13.8, 1,    7790.05,   -0.7,   0.97774, 2,    7790.05, -120.7,   0.97774, 3,    7790.05,  119.3,   0.97774
"SCN_CN15_9085_CEI131_ATV", 13.8, 1,    7790.49,   -0.7,   0.97779, 2,    7790.49, -120.7,   0.97779, 3,    7790.49,  119.3,   0.97779
"SCN_CN15_9026_CEI109", 13.8, 1,    7784.08,   -0.7,   0.97699, 2,    7784.08, -120.7,   0.97699, 3,    7784.08,  119.3,   0.97699
"SCN_CN15_9057_CEI220_ATV", 13.8, 1,    7790.92,   -0.7,   0.97785, 2,    7790.92, -120.7,   0.97785, 3,    7790.92,  119.3,   0.97785
"SCN_CN15_9056_CEI109", 13.8, 1,    7791.36,   -0.7,    0.9779, 2,    7791.36, -120.7,    0.9779, 3,    7791.36,  119.3,    0.9779
"SCN_CN15_9056_CEI220_ATV", 13.8, 1,     7791.8,   -0.7,   0.97796, 2,     7791.8, -120.7,   0.97796, 3,     7791.8,  119.3,   0.97796
"SCN_CN15_9052_CEI109", 13.8, 1,    7792.24,   -0.7,   0.97801, 2,    7792.24, -120.7,   0.97801, 3,    7792.24,  119.3,   0.97801
"SCN_CN15_9049_CEI109", 13.8, 1,    7792.67,   -0.7,   0.97807, 2,    7792.67, -120.7,   0.97807, 3,    7792.67,  119.3,   0.97807
"SCN_CN15_9048_CEI109", 13.8, 1,    7793.12,   -0.7,   0.97812, 2,    7793.12, -120.7,   0.97812, 3,    7793.12,  119.3,   0.97812
"SCN_CN15_9047_CEI109", 13.8, 1,    7793.56,   -0.7,   0.97818, 2,    7793.56, -120.7,   0.97818, 3,    7793.56,  119.3,   0.97818
"SCN_CN15_9046_CEI109", 13.8, 1,       7794,   -0.7,   0.97823, 2,       7794, -120.7,   0.97823, 3,       7794,  119.3,   0.97823
"SCN_CN15_9045_CEI109", 13.8, 1,    7794.45,   -0.7,   0.97829, 2,    7794.45, -120.7,   0.97829, 3,    7794.45,  119.3,   0.97829
"SCN_CN15_9071_CEI131_ATV", 13.8, 1,    7789.07,   -0.7,   0.97761, 2,    7789.07, -120.7,   0.97761, 3,    7789.07,  119.3,   0.97761
"SCN_CN15_9072_CEI131_ATV", 13.8, 1,    7789.07,   -0.7,   0.97761, 2,    7789.07, -120.7,   0.97761, 3,    7789.07,  119.3,   0.97761
"SCN_CN15_9006_CEI201_ATV", 13.8, 1,    7781.61,   -0.7,   0.97668, 2,    7781.61, -120.7,   0.97668, 3,    7781.61,  119.3,   0.97668
"SCN_CN15_9008_CEI201_ATV_S", 13.8, 1,     7781.6,   -0.7,   0.97668, 2,     7781.6, -120.7,   0.97668, 3,     7781.6,  119.3,   0.97668
"SCN_CN15_9044_CEI109", 13.8, 1,    7794.89,   -0.8,   0.97834, 2,    7794.89, -120.8,   0.97834, 3,    7794.89,  119.2,   0.97834
"SCN_CN15_9027_CEI109", 13.8, 1,    7784.08,   -0.7,   0.97699, 2,    7784.08, -120.7,   0.97699, 3,    7784.08,  119.3,   0.97699
"SCN_CN15_9039_CEI109", 13.8, 1,    7795.33,   -0.8,    0.9784, 2,    7795.33, -120.8,    0.9784, 3,    7795.33,  119.2,    0.9784
"SCN_CN15_9038_CEI109", 13.8, 1,    7795.78,   -0.8,   0.97846, 2,    7795.78, -120.8,   0.97846, 3,    7795.78,  119.2,   0.97846
"SCN_CN15_9037_CEI109", 13.8, 1,    7796.23,   -0.8,   0.97851, 2,    7796.23, -120.8,   0.97851, 3,    7796.23,  119.2,   0.97851
"SCN_CN15_9051_CEI220_ATV", 13.8, 1,    7796.68,   -0.8,   0.97857, 2,    7796.68, -120.8,   0.97857, 3,    7796.68,  119.2,   0.97857
"SCN_CN15_9093_CEI109", 13.8, 1,    7795.77,   -0.8,   0.97845, 2,    7795.77, -120.8,   0.97845, 3,    7795.77,  119.2,   0.97845
"SCN_CN15_9092_CEI109", 13.8, 1,    7795.76,   -0.8,   0.97845, 2,    7795.76, -120.8,   0.97845, 3,    7795.76,  119.2,   0.97845
"SCN_CN15_9001_CEI160_ATV", 13.8, 1,    7778.87,   -0.7,   0.97633, 2,    7778.87, -120.7,   0.97633, 3,    7778.87,  119.3,   0.97633
"SCN_CN15_9091_CEI109", 13.8, 1,    7795.76,   -0.8,   0.97845, 2,    7795.76, -120.8,   0.97845, 3,    7795.76,  119.2,   0.97845
"SCN_CN15_9090_CEI109", 13.8, 1,    7795.75,   -0.8,   0.97845, 2,    7795.75, -120.8,   0.97845, 3,    7795.75,  119.2,   0.97845
"SCN_CN15_9089_CEI109", 13.8, 1,    7795.74,   -0.8,   0.97845, 2,    7795.74, -120.8,   0.97845, 3,    7795.74,  119.2,   0.97845
"SCN_CN15_9088_CEI109", 13.8, 1,    7795.74,   -0.8,   0.97845, 2,    7795.74, -120.8,   0.97845, 3,    7795.74,  119.2,   0.97845
"SCN_CN15_9028_CEI109", 13.8, 1,    7784.08,   -0.7,   0.97699, 2,    7784.08, -120.7,   0.97699, 3,    7784.08,  119.3,   0.97699
"SCN_CN15_9087_CEI109", 13.8, 1,    7795.73,   -0.8,   0.97845, 2,    7795.73, -120.8,   0.97845, 3,    7795.73,  119.2,   0.97845
"SCN_CN15_9094_CEI109", 13.8, 1,    7796.22,   -0.8,   0.97851, 2,    7796.22, -120.8,   0.97851, 3,    7796.22,  119.2,   0.97851
"SCN_CN15_9095_CEI109", 13.8, 1,    7796.22,   -0.8,   0.97851, 2,    7796.22, -120.8,   0.97851, 3,    7796.22,  119.2,   0.97851
"SCN_CN15_9096_CEI109", 13.8, 1,    7796.21,   -0.8,   0.97851, 2,    7796.21, -120.8,   0.97851, 3,    7796.21,  119.2,   0.97851
"SCN_CN15_9098_CEI109", 13.8, 1,    7796.21,   -0.8,   0.97851, 2,    7796.21, -120.8,   0.97851, 3,    7796.21,  119.2,   0.97851
"SCN_CN15_9099_CEI109", 13.8, 1,     7796.2,   -0.8,   0.97851, 2,     7796.2, -120.8,   0.97851, 3,     7796.2,  119.2,   0.97851
"SCN_CN15_9100_CEI109", 13.8, 1,    7796.19,   -0.8,   0.97851, 2,    7796.19, -120.8,   0.97851, 3,    7796.19,  119.2,   0.97851
"SCN_CN15_9050_CEI220_ATV", 13.8, 1,    7797.14,   -0.8,   0.97863, 2,    7797.14, -120.8,   0.97863, 3,    7797.14,  119.2,   0.97863
"SCN_CN15_9042_CEI220_ATV", 13.8, 1,     7797.6,   -0.8,   0.97868, 2,     7797.6, -120.8,   0.97868, 3,     7797.6,  119.2,   0.97868
"SCN_CN15_9029_CEI109", 13.8, 1,    7784.08,   -0.7,   0.97699, 2,    7784.08, -120.7,   0.97699, 3,    7784.08,  119.3,   0.97699
"SCN_CN15_9043_CEI220_ATV", 13.8, 1,    7797.59,   -0.8,   0.97868, 2,    7797.59, -120.8,   0.97868, 3,    7797.59,  119.2,   0.97868
"SCN_CN15_9045_CEI220_ATV", 13.8, 1,    7797.59,   -0.8,   0.97868, 2,    7797.59, -120.8,   0.97868, 3,    7797.59,  119.2,   0.97868
"SCN_CN15_9047_CEI220_ATV", 13.8, 1,    7797.59,   -0.8,   0.97868, 2,    7797.59, -120.8,   0.97868, 3,    7797.59,  119.2,   0.97868
"SCN_CN15_9038_CEI220_ATV", 13.8, 1,    7798.06,   -0.8,   0.97874, 2,    7798.06, -120.8,   0.97874, 3,    7798.06,  119.2,   0.97874
"SCN_CN15_9037_CEI220_ATV", 13.8, 1,    7798.52,   -0.8,    0.9788, 2,    7798.52, -120.8,    0.9788, 3,    7798.52,  119.2,    0.9788
"SCN_CN15_9039_CEI220_ATV", 13.8, 1,    7798.51,   -0.8,    0.9788, 2,    7798.51, -120.8,    0.9788, 3,    7798.51,  119.2,    0.9788
"SCN_CN15_9040_CEI220_ATV", 13.8, 1,    7798.51,   -0.8,    0.9788, 2,    7798.51, -120.8,    0.9788, 3,    7798.51,  119.2,    0.9788
"SCN_CN15_9036_CEI220_ATV", 13.8, 1,    7798.98,   -0.8,   0.97886, 2,    7798.98, -120.8,   0.97886, 3,    7798.98,  119.2,   0.97886
"SCN_CN15_9035_CEI220_ATV", 13.8, 1,    7799.45,   -0.8,   0.97892, 2,    7799.45, -120.8,   0.97892, 3,    7799.45,  119.2,   0.97892
"SCN_CN15_9032_CEI220_ATV", 13.8, 1,    7799.91,   -0.8,   0.97897, 2,    7799.91, -120.8,   0.97897, 3,    7799.91,  119.2,   0.97897
"SCN_CN15_9030_CEI109", 13.8, 1,    7784.08,   -0.7,   0.97699, 2,    7784.08, -120.7,   0.97699, 3,    7784.08,  119.3,   0.97699
"SCN_CN15_9033_CEI220_ATV", 13.8, 1,    7799.91,   -0.8,   0.97897, 2,    7799.91, -120.8,   0.97897, 3,    7799.91,  119.2,   0.97897
"SCN_CN15_9143_CEI109", 13.8, 1,    7799.91,   -0.8,   0.97897, 2,    7799.91, -120.8,   0.97897, 3,    7799.91,  119.2,   0.97897
"SCN_CN15_9030_CEI220_ATV_S", 13.8, 1,    7800.38,   -0.8,   0.97903, 2,    7800.38, -120.8,   0.97903, 3,    7800.38,  119.2,   0.97903
"SCN_CN15_9030_CEI220_ATV", 13.8, 1,    7800.38,   -0.8,   0.97903, 2,    7800.38, -120.8,   0.97903, 3,    7800.38,  119.2,   0.97903
"SCN_CN15_9031_CEI220_ATV", 13.8, 1,    7800.37,   -0.8,   0.97903, 2,    7800.37, -120.8,   0.97903, 3,    7800.37,  119.2,   0.97903
"SCN_CN15_9029_CEI220_ATV", 13.8, 1,    7800.84,   -0.8,   0.97909, 2,    7800.84, -120.8,   0.97909, 3,    7800.84,  119.2,   0.97909
"SCN_CN15_9029_CEI220_ATV_S", 13.8, 1,    7800.84,   -0.8,   0.97909, 2,    7800.84, -120.8,   0.97909, 3,    7800.84,  119.2,   0.97909
"SCN_CN15_9202_CEI109", 13.8, 1,    7801.31,   -0.8,   0.97915, 2,    7801.31, -120.8,   0.97915, 3,    7801.31,  119.2,   0.97915
"SCN_CN15_9201_CEI109", 13.8, 1,     7802.4,   -0.8,   0.97929, 2,     7802.4, -120.8,   0.97929, 3,     7802.4,  119.2,   0.97929
"SCN_CN15_9200_CEI109", 13.8, 1,    7803.48,   -0.8,   0.97942, 2,    7803.48, -120.8,   0.97942, 3,    7803.48,  119.2,   0.97942
"SCN_CN15_9199_CEI109", 13.8, 1,    7804.57,   -0.8,   0.97956, 2,    7804.57, -120.8,   0.97956, 3,    7804.57,  119.2,   0.97956
"SCN_CN15_9198_CEI109", 13.8, 1,    7805.65,   -0.8,   0.97969, 2,    7805.65, -120.8,   0.97969, 3,    7805.65,  119.2,   0.97969
"SCN_CN15_9165_CEI109", 13.8, 1,    7808.93,   -0.8,   0.98011, 2,    7808.93, -120.8,   0.98011, 3,    7808.93,  119.2,   0.98011
"SCN_CN15_9203_CEI109", 13.8, 1,     7800.7,   -0.8,   0.97907, 2,     7800.7, -120.8,   0.97907, 3,     7800.7,  119.2,   0.97907
"SCN_CN15_9204_CEI109_S", 13.8, 1,    7800.08,   -0.8,     0.979, 2,    7800.08, -120.8,     0.979, 3,    7800.08,  119.2,     0.979
"SCN_CN15_9205_CEI109", 13.8, 1,    7799.46,   -0.8,   0.97892, 2,    7799.46, -120.8,   0.97892, 3,    7799.46,  119.2,   0.97892
"SCN_CN15_9206_CEI109", 13.8, 1,    7798.85,   -0.8,   0.97884, 2,    7798.85, -120.8,   0.97884, 3,    7798.85,  119.2,   0.97884
"SCN_CN15_9208_CEI109", 13.8, 1,    7798.23,   -0.8,   0.97876, 2,    7798.23, -120.8,   0.97876, 3,    7798.23,  119.2,   0.97876
"SCN_CN15_9207_CEI109", 13.8, 1,    7798.22,   -0.8,   0.97876, 2,    7798.22, -120.8,   0.97876, 3,    7798.22,  119.2,   0.97876
"SCN_CN15_9209_CEI109", 13.8, 1,    7798.21,   -0.8,   0.97876, 2,    7798.21, -120.8,   0.97876, 3,    7798.21,  119.2,   0.97876
"SCN_CN15_9210_CEI109", 13.8, 1,    7798.19,   -0.8,   0.97876, 2,    7798.19, -120.8,   0.97876, 3,    7798.19,  119.2,   0.97876
"SCN_CN15_9211_CEI109", 13.8, 1,    7798.19,   -0.8,   0.97876, 2,    7798.19, -120.8,   0.97876, 3,    7798.19,  119.2,   0.97876
"SCN_CN15_9212_CEI109", 13.8, 1,    7798.19,   -0.8,   0.97876, 2,    7798.19, -120.8,   0.97876, 3,    7798.19,  119.2,   0.97876
"SCN_CN15_9215_CEI109", 13.8, 1,    7798.17,   -0.8,   0.97876, 2,    7798.17, -120.8,   0.97876, 3,    7798.17,  119.2,   0.97876
"SCN_CN15_9216_CEI109", 13.8, 1,    7798.17,   -0.8,   0.97876, 2,    7798.17, -120.8,   0.97876, 3,    7798.17,  119.2,   0.97876
"SCN_CN15_9213_CEI109", 13.8, 1,    7798.18,   -0.8,   0.97876, 2,    7798.18, -120.8,   0.97876, 3,    7798.18,  119.2,   0.97876
"SCN_CN15_9214_CEI109", 13.8, 1,    7798.18,   -0.8,   0.97876, 2,    7798.18, -120.8,   0.97876, 3,    7798.18,  119.2,   0.97876
"SCN_CN15_9224_CEI109", 13.8, 1,    7797.63,   -0.8,   0.97869, 2,    7797.63, -120.8,   0.97869, 3,    7797.63,  119.2,   0.97869
"SCN_CN15_9226_CEI109", 13.8, 1,    7797.03,   -0.8,   0.97861, 2,    7797.03, -120.8,   0.97861, 3,    7797.03,  119.2,   0.97861
"SCN_CN15_9229_CEI109", 13.8, 1,    7796.43,   -0.8,   0.97854, 2,    7796.43, -120.8,   0.97854, 3,    7796.43,  119.2,   0.97854
"SCN_CN15_9231_CEI109", 13.8, 1,    7795.83,   -0.8,   0.97846, 2,    7795.83, -120.8,   0.97846, 3,    7795.83,  119.2,   0.97846
"SCN_CN15_9232_CEI109", 13.8, 1,    7795.23,   -0.8,   0.97839, 2,    7795.23, -120.8,   0.97839, 3,    7795.23,  119.2,   0.97839
"SCN_CN15_9240_CEI109", 13.8, 1,    7794.62,   -0.7,   0.97831, 2,    7794.62, -120.7,   0.97831, 3,    7794.62,  119.3,   0.97831
"SCN_CN15_9239_CEI109", 13.8, 1,    7794.02,   -0.7,   0.97824, 2,    7794.02, -120.7,   0.97824, 3,    7794.02,  119.3,   0.97824
"SCN_CN15_9238_CEI109", 13.8, 1,    7793.42,   -0.7,   0.97816, 2,    7793.42, -120.7,   0.97816, 3,    7793.42,  119.3,   0.97816
"SCN_CN15_9237_CEI109", 13.8, 1,    7792.82,   -0.7,   0.97808, 2,    7792.82, -120.7,   0.97808, 3,    7792.82,  119.3,   0.97808
"SCN_CN15_9235_CEI109", 13.8, 1,    7792.22,   -0.7,   0.97801, 2,    7792.22, -120.7,   0.97801, 3,    7792.22,  119.3,   0.97801
"SCN_CN15_9306_CEI109", 13.8, 1,    7791.27,   -0.7,   0.97789, 2,    7791.27, -120.7,   0.97789, 3,    7791.27,  119.3,   0.97789
"SCN_CN15_9307_CEI109", 13.8, 1,    7791.26,   -0.7,   0.97789, 2,    7791.26, -120.7,   0.97789, 3,    7791.26,  119.3,   0.97789
"SCN_CN15_9308_CEI109", 13.8, 1,    7791.26,   -0.7,   0.97789, 2,    7791.26, -120.7,   0.97789, 3,    7791.26,  119.3,   0.97789
"SCN_CN15_9309_CEI109", 13.8, 1,    7791.25,   -0.7,   0.97789, 2,    7791.25, -120.7,   0.97789, 3,    7791.25,  119.3,   0.97789
"SCN_CN15_9312_CEI109", 13.8, 1,    7791.25,   -0.7,   0.97789, 2,    7791.25, -120.7,   0.97789, 3,    7791.25,  119.3,   0.97789
"SCN_CN15_9313_CEI109", 13.8, 1,    7791.25,   -0.7,   0.97789, 2,    7791.25, -120.7,   0.97789, 3,    7791.25,  119.3,   0.97789
"SCN_CN15_9314_CEI109", 13.8, 1,    7791.25,   -0.7,   0.97789, 2,    7791.25, -120.7,   0.97789, 3,    7791.25,  119.3,   0.97789
"SCN_CN15_9315_CEI109", 13.8, 1,    7791.24,   -0.7,   0.97789, 2,    7791.24, -120.7,   0.97789, 3,    7791.24,  119.3,   0.97789
"SCN_CN15_9316_CEI109", 13.8, 1,    7791.24,   -0.7,   0.97789, 2,    7791.24, -120.7,   0.97789, 3,    7791.24,  119.3,   0.97789
"SCN_CN15_9318_CEI109", 13.8, 1,    7791.24,   -0.7,   0.97789, 2,    7791.24, -120.7,   0.97789, 3,    7791.24,  119.3,   0.97789
"SCN_CN15_9317_CEI109", 13.8, 1,    7791.24,   -0.7,   0.97789, 2,    7791.24, -120.7,   0.97789, 3,    7791.24,  119.3,   0.97789
"SCN_CN15_9320_CEI109", 13.8, 1,    7791.23,   -0.7,   0.97788, 2,    7791.23, -120.7,   0.97788, 3,    7791.23,  119.3,   0.97788
"SCN_CN15_9310_CEI109", 13.8, 1,    7791.25,   -0.7,   0.97789, 2,    7791.25, -120.7,   0.97789, 3,    7791.25,  119.3,   0.97789
"SCN_CN15_9265_CEI109", 13.8, 1,    7802.39,   -0.8,   0.97929, 2,    7802.39, -120.8,   0.97929, 3,    7802.39,  119.2,   0.97929
"SCN_CN15_9264_CEI109", 13.8, 1,    7802.39,   -0.8,   0.97929, 2,    7802.39, -120.8,   0.97929, 3,    7802.39,  119.2,   0.97929
"SCN_CN15_9263_CEI109", 13.8, 1,    7802.39,   -0.8,   0.97929, 2,    7802.39, -120.8,   0.97929, 3,    7802.39,  119.2,   0.97929
"SCN_CN15_9164_CEI109", 13.8, 1,    7810.03,   -0.8,   0.98024, 2,    7810.03, -120.8,   0.98024, 3,    7810.03,  119.2,   0.98024
"SCN_CN15_9162_CEI109_S", 13.8, 1,    7811.13,   -0.8,   0.98038, 2,    7811.13, -120.8,   0.98038, 3,    7811.13,  119.2,   0.98038
"SCN_CN15_9162_CEI109", 13.8, 1,    7811.13,   -0.8,   0.98038, 2,    7811.13, -120.8,   0.98038, 3,    7811.13,  119.2,   0.98038
"SCN_CN15_9163_CEI109", 13.8, 1,    7811.12,   -0.8,   0.98038, 2,    7811.12, -120.8,   0.98038, 3,    7811.12,  119.2,   0.98038
"SCN_CN15_9027_CEI220_ATV", 13.8, 1,    7811.13,   -0.8,   0.98038, 2,    7811.13, -120.8,   0.98038, 3,    7811.13,  119.2,   0.98038
"SCN_CN15_9161_CEI109", 13.8, 1,    7812.24,   -0.8,   0.98052, 2,    7812.24, -120.8,   0.98052, 3,    7812.24,  119.2,   0.98052
"SCN_CN15_9159_CEI109_S", 13.8, 1,    7813.34,   -0.8,   0.98066, 2,    7813.34, -120.8,   0.98066, 3,    7813.34,  119.2,   0.98066
"SCN_CN15_9028_CEI220_ATV", 13.8, 1,    7813.34,   -0.8,   0.98066, 2,    7813.34, -120.8,   0.98066, 3,    7813.34,  119.2,   0.98066
"SCN_CN15_9159_CEI109", 13.8, 1,    7813.34,   -0.8,   0.98066, 2,    7813.34, -120.8,   0.98066, 3,    7813.34,  119.2,   0.98066
"SCN_CN15_9157_CEI109_S", 13.8, 1,    7814.45,   -0.8,    0.9808, 2,    7814.45, -120.8,    0.9808, 3,    7814.45,  119.2,    0.9808
"SCN_CN15_9158_CEI109", 13.8, 1,    7814.45,   -0.8,    0.9808, 2,    7814.45, -120.8,    0.9808, 3,    7814.45,  119.2,    0.9808
"SCN_CN15_9073_CEI131_ATV", 13.8, 1,    7789.07,   -0.7,   0.97761, 2,    7789.07, -120.7,   0.97761, 3,    7789.07,  119.3,   0.97761
"SCN_CN15_9014_CEIRJ013_ATV", 13.8, 1,    7776.36,   -0.7,   0.97602, 2,    7776.36, -120.7,   0.97602, 3,    7776.36,  119.3,   0.97602
"SCN_CN15_421164_CEI", 13.8, 1,    7816.67,   -0.8,   0.98108, 2,    7816.67, -120.8,   0.98108, 3,    7816.67,  119.2,   0.98108
"SCN_CN15_9152_CEI109", 13.8, 1,    7817.35,   -0.8,   0.98116, 2,    7817.35, -120.8,   0.98116, 3,    7817.35,  119.2,   0.98116
"SCN_CN15_9151_CEI109", 13.8, 1,    7816.92,   -0.8,   0.98111, 2,    7816.92, -120.8,   0.98111, 3,    7816.92,  119.2,   0.98111
"SCN_CN15_9150_CEI109", 13.8, 1,    7816.49,   -0.8,   0.98106, 2,    7816.49, -120.8,   0.98106, 3,    7816.49,  119.2,   0.98106
"SCN_CN15_9122_CEI109", 13.8, 1,    7816.06,   -0.8,     0.981, 2,    7816.06, -120.8,     0.981, 3,    7816.06,  119.2,     0.981
"SCN_CN15_9123_CEI109", 13.8, 1,    7815.63,   -0.8,   0.98095, 2,    7815.63, -120.8,   0.98095, 3,    7815.63,  119.2,   0.98095
"SCN_CN15_9124_CEI109", 13.8, 1,    7815.21,   -0.8,   0.98089, 2,    7815.21, -120.8,   0.98089, 3,    7815.21,  119.2,   0.98089
"SCN_CN15_9065_CEI201_ATV", 13.8, 1,    7782.72,   -0.7,   0.97682, 2,    7782.72, -120.7,   0.97682, 3,    7782.72,  119.3,   0.97682
"SCN_CN15_9069_CEI201_ATV_S", 13.8, 1,    7782.47,   -0.7,   0.97679, 2,    7782.47, -120.7,   0.97679, 3,    7782.47,  119.3,   0.97679
"SCN_CN15_9069_CEI201_ATV", 13.8, 1,    7782.47,   -0.7,   0.97679, 2,    7782.47, -120.7,   0.97679, 3,    7782.47,  119.3,   0.97679
"SCN_CN15_9070_CEI201_ATV", 13.8, 1,    7782.47,   -0.7,   0.97678, 2,    7782.47, -120.7,   0.97678, 3,    7782.47,  119.3,   0.97678
"SCN_CN15_9068_CEI201_ATV", 13.8, 1,    7782.22,   -0.7,   0.97675, 2,    7782.22, -120.7,   0.97675, 3,    7782.22,  119.3,   0.97675
"SCN_CN15_9067_CEI201_ATV", 13.8, 1,    7782.22,   -0.7,   0.97675, 2,    7782.22, -120.7,   0.97675, 3,    7782.22,  119.3,   0.97675
"SCN_CN15_9072_CEI201_ATV", 13.8, 1,    7781.97,   -0.7,   0.97672, 2,    7781.97, -120.7,   0.97672, 3,    7781.97,  119.3,   0.97672
"SCN_CN15_9071_CEI201_ATV", 13.8, 1,    7781.97,   -0.7,   0.97672, 2,    7781.97, -120.7,   0.97672, 3,    7781.97,  119.3,   0.97672
"SCN_CN15_9044_CEI148A_ATV", 13.8, 1,    7781.73,   -0.7,   0.97669, 2,    7781.73, -120.7,   0.97669, 3,    7781.73,  119.3,   0.97669
"SCN_CN15_9043_CEI148A_ATV_S", 13.8, 1,    7781.48,   -0.7,   0.97666, 2,    7781.48, -120.7,   0.97666, 3,    7781.48,  119.3,   0.97666
"SCN_CN15_9093_CEI148_ATV", 13.8, 1,    7781.48,   -0.7,   0.97666, 2,    7781.48, -120.7,   0.97666, 3,    7781.48,  119.3,   0.97666
"SCN_CN15_9043_CEI148A_ATV", 13.8, 1,    7781.48,   -0.7,   0.97666, 2,    7781.48, -120.7,   0.97666, 3,    7781.48,  119.3,   0.97666
"SCN_CN15_9094_CEI148_ATV", 13.8, 1,    7781.47,   -0.7,   0.97666, 2,    7781.47, -120.7,   0.97666, 3,    7781.47,  119.3,   0.97666
"SCN_CN15_9095_CEI148_ATV", 13.8, 1,    7781.47,   -0.7,   0.97666, 2,    7781.47, -120.7,   0.97666, 3,    7781.47,  119.3,   0.97666
"SCN_CN15_9097_CEI148_ATV", 13.8, 1,    7781.47,   -0.7,   0.97666, 2,    7781.47, -120.7,   0.97666, 3,    7781.47,  119.3,   0.97666
"SCN_CN15_9096_CEI148_ATV", 13.8, 1,    7781.47,   -0.7,   0.97666, 2,    7781.47, -120.7,   0.97666, 3,    7781.47,  119.3,   0.97666
"SCN_CN15_9046_CEI148A_ATV", 13.8, 1,    7781.24,   -0.7,   0.97663, 2,    7781.24, -120.7,   0.97663, 3,    7781.24,  119.3,   0.97663
"SCN_CN15_9042_CEI148A_ATV_S", 13.8, 1,       7781,   -0.7,    0.9766, 2,       7781, -120.7,    0.9766, 3,       7781,  119.3,    0.9766
"SCN_CN15_9042_CEI148A_ATV", 13.8, 1,       7781,   -0.7,    0.9766, 2,       7781, -120.7,    0.9766, 3,       7781,  119.3,    0.9766
"SCN_CN15_9047_CEI148A_ATV", 13.8, 1,       7781,   -0.7,    0.9766, 2,       7781, -120.7,    0.9766, 3,       7781,  119.3,    0.9766
"SCN_CN15_9041_CEI148A_ATV", 13.8, 1,    7780.76,   -0.7,   0.97657, 2,    7780.76, -120.7,   0.97657, 3,    7780.76,  119.3,   0.97657
"SCN_CN15_9048_CEI148A_ATV", 13.8, 1,    7780.76,   -0.7,   0.97657, 2,    7780.76, -120.7,   0.97657, 3,    7780.76,  119.3,   0.97657
"SCN_CN15_9038_CEI148A_ATV", 13.8, 1,    7780.52,   -0.7,   0.97654, 2,    7780.52, -120.7,   0.97654, 3,    7780.52,  119.3,   0.97654
"SCN_CN15_9037_CEI148A_ATV", 13.8, 1,    7780.52,   -0.7,   0.97654, 2,    7780.52, -120.7,   0.97654, 3,    7780.52,  119.3,   0.97654
"SCN_CN15_9036_CEI148A_ATV", 13.8, 1,    7780.52,   -0.7,   0.97654, 2,    7780.52, -120.7,   0.97654, 3,    7780.52,  119.3,   0.97654
"SCN_CN15_9039_CEI148A_ATV", 13.8, 1,    7780.29,   -0.7,   0.97651, 2,    7780.29, -120.7,   0.97651, 3,    7780.29,  119.3,   0.97651
"SCN_CN15_9040_CEI148A_ATV", 13.8, 1,    7780.05,   -0.7,   0.97648, 2,    7780.05, -120.7,   0.97648, 3,    7780.05,  119.3,   0.97648
"SCN_CN15_9078_CEI148_ATV_S", 13.8, 1,    7779.81,   -0.7,   0.97645, 2,    7779.81, -120.7,   0.97645, 3,    7779.81,  119.3,   0.97645
"SCN_CN15_9076_CEI148_ATV", 13.8, 1,    7779.34,   -0.7,   0.97639, 2,    7779.34, -120.7,   0.97639, 3,    7779.34,  119.3,   0.97639
"SCN_CN15_9077_CEI148_ATV", 13.8, 1,    7779.58,   -0.7,   0.97642, 2,    7779.58, -120.7,   0.97642, 3,    7779.58,  119.3,   0.97642
"SCN_CN15_9078_CEI148_ATV", 13.8, 1,    7779.81,   -0.7,   0.97645, 2,    7779.81, -120.7,   0.97645, 3,    7779.81,  119.3,   0.97645
"SCN_CN15_9267_CEI109", 13.8, 1,    7785.81,   -0.7,    0.9772, 2,    7785.81, -120.7,    0.9772, 3,    7785.81,  119.3,    0.9772
"SCN_CN15_9079_CEI148_ATV", 13.8, 1,    7779.81,   -0.7,   0.97645, 2,    7779.81, -120.7,   0.97645, 3,    7779.81,  119.3,   0.97645
"SCN_CN15_9075_CEI148_ATV", 13.8, 1,    7779.15,   -0.7,   0.97637, 2,    7779.15, -120.7,   0.97637, 3,    7779.15,  119.3,   0.97637
"SCN_CN15_9076_CEI148_ATV_S", 13.8, 1,    7779.34,   -0.7,   0.97639, 2,    7779.34, -120.7,   0.97639, 3,    7779.34,  119.3,   0.97639
"SCN_CN15_9073_CEI148_ATV", 13.8, 1,    7778.96,   -0.7,   0.97634, 2,    7778.96, -120.7,   0.97634, 3,    7778.96,  119.3,   0.97634
"SCN_CN15_9074_CEI148_ATV", 13.8, 1,    7778.96,   -0.7,   0.97634, 2,    7778.96, -120.7,   0.97634, 3,    7778.96,  119.3,   0.97634
"SCN_CN15_9080_CEI148_ATV", 13.8, 1,    7779.29,   -0.7,   0.97639, 2,    7779.29, -120.7,   0.97639, 3,    7779.29,  119.3,   0.97639
"SCN_CN15_9081_CEI148_ATV", 13.8, 1,    7779.24,   -0.7,   0.97638, 2,    7779.24, -120.7,   0.97638, 3,    7779.24,  119.3,   0.97638
"SCN_CN15_9082_CEI148_ATV", 13.8, 1,     7779.2,   -0.7,   0.97637, 2,     7779.2, -120.7,   0.97637, 3,     7779.2,  119.3,   0.97637
"SCN_CN15_9171_CEI69A", 13.8, 1,    7779.24,   -0.7,   0.97638, 2,    7779.24, -120.7,   0.97638, 3,    7779.24,  119.3,   0.97638
"SCN_CN15_9070_CEI148_ATV", 13.8, 1,    7778.78,   -0.7,   0.97632, 2,    7778.78, -120.7,   0.97632, 3,    7778.78,  119.3,   0.97632
"SCN_CN15_9073_CEI148_ATV_S", 13.8, 1,    7778.96,   -0.7,   0.97634, 2,    7778.96, -120.7,   0.97634, 3,    7778.96,  119.3,   0.97634
"SCN_CN15_9268_CEI109", 13.8, 1,    7786.03,   -0.7,   0.97723, 2,    7786.03, -120.7,   0.97723, 3,    7786.03,  119.3,   0.97723
"SCN_CN15_9068_CEI148_ATV", 13.8, 1,    7778.59,   -0.7,    0.9763, 2,    7778.59, -120.7,    0.9763, 3,    7778.59,  119.3,    0.9763
"SCN_CN15_9070_CEI148_ATV_S", 13.8, 1,    7778.78,   -0.7,   0.97632, 2,    7778.78, -120.7,   0.97632, 3,    7778.78,  119.3,   0.97632
"SCN_CN15_9069_CEI148_ATV", 13.8, 1,    7778.59,   -0.7,    0.9763, 2,    7778.59, -120.7,    0.9763, 3,    7778.59,  119.3,    0.9763
"SCN_CN15_9071_CEI148_ATV", 13.8, 1,    7778.77,   -0.7,   0.97632, 2,    7778.77, -120.7,   0.97632, 3,    7778.77,  119.3,   0.97632
"SCN_CN15_9072_CEI148_ATV", 13.8, 1,    7778.77,   -0.7,   0.97632, 2,    7778.77, -120.7,   0.97632, 3,    7778.77,  119.3,   0.97632
"SCN_CN15_9065_CEI148_ATV", 13.8, 1,    7778.41,   -0.7,   0.97627, 2,    7778.41, -120.7,   0.97627, 3,    7778.41,  119.3,   0.97627
"SCN_CN15_9066_CEI148_ATV", 13.8, 1,     7778.4,   -0.7,   0.97627, 2,     7778.4, -120.7,   0.97627, 3,     7778.4,  119.3,   0.97627
"SCN_CN15_9033_CEI160_ATV", 13.8, 1,     7778.4,   -0.7,   0.97627, 2,     7778.4, -120.7,   0.97627, 3,     7778.4,  119.3,   0.97627
"SCN_CN15_9055_CEI201_ATV", 13.8, 1,    7778.38,   -0.7,   0.97627, 2,    7778.38, -120.7,   0.97627, 3,    7778.38,  119.3,   0.97627
"SCN_CN15_9056_CEI201_ATV", 13.8, 1,    7778.39,   -0.7,   0.97627, 2,    7778.39, -120.7,   0.97627, 3,    7778.39,  119.3,   0.97627
"SCN_CN15_9034_CEI160_ATV_S", 13.8, 1,    7778.39,   -0.7,   0.97627, 2,    7778.39, -120.7,   0.97627, 3,    7778.39,  119.3,   0.97627
"SCN_CN15_9032_CEI160_ATV", 13.8, 1,    7778.39,   -0.7,   0.97627, 2,    7778.39, -120.7,   0.97627, 3,    7778.39,  119.3,   0.97627
"SCN_CN15_9034_CEI160_ATV", 13.8, 1,    7778.39,   -0.7,   0.97627, 2,    7778.39, -120.7,   0.97627, 3,    7778.39,  119.3,   0.97627
"SCN_CN15_9169_CEI69A", 13.8, 1,    7778.23,   -0.7,   0.97625, 2,    7778.23, -120.7,   0.97625, 3,    7778.23,  119.3,   0.97625
"SCN_CN15_9065_CEI148_ATV_S", 13.8, 1,    7778.41,   -0.7,   0.97627, 2,    7778.41, -120.7,   0.97627, 3,    7778.41,  119.3,   0.97627
"SCN_CN15_9064_CEI148_ATV", 13.8, 1,    7778.06,   -0.7,   0.97623, 2,    7778.06, -120.7,   0.97623, 3,    7778.06,  119.3,   0.97623
"SCN_CN15_9168_CEI69A", 13.8, 1,    7777.89,   -0.7,   0.97621, 2,    7777.89, -120.7,   0.97621, 3,    7777.89,  119.3,   0.97621
"SCN_CN15_9167_CEI69A", 13.8, 1,    7777.72,   -0.7,   0.97619, 2,    7777.72, -120.7,   0.97619, 3,    7777.72,  119.3,   0.97619
"SCN_CN15_9063_CEI148_ATV", 13.8, 1,    7777.55,   -0.7,   0.97617, 2,    7777.55, -120.7,   0.97617, 3,    7777.55,  119.3,   0.97617
"SCN_CN15_9062_CEI148_ATV", 13.8, 1,    7777.38,   -0.7,   0.97615, 2,    7777.38, -120.7,   0.97615, 3,    7777.38,  119.3,   0.97615
"SCN_CN15_9063_CEI148_ATV_S", 13.8, 1,    7777.55,   -0.7,   0.97617, 2,    7777.55, -120.7,   0.97617, 3,    7777.55,  119.3,   0.97617
"SCN_CN15_9061_CEI148_ATV", 13.8, 1,    7777.21,   -0.7,   0.97612, 2,    7777.21, -120.7,   0.97612, 3,    7777.21,  119.3,   0.97612
"SCN_CN15_9055_CEI148_ATV", 13.8, 1,    7777.03,   -0.7,    0.9761, 2,    7777.03, -120.7,    0.9761, 3,    7777.03,  119.3,    0.9761
"SCN_CN15_9056_CEI148_ATV", 13.8, 1,    7777.03,   -0.7,    0.9761, 2,    7777.03, -120.7,    0.9761, 3,    7777.03,  119.3,    0.9761
"SCN_CN15_9057_CEI148_ATV", 13.8, 1,    7777.03,   -0.7,    0.9761, 2,    7777.03, -120.7,    0.9761, 3,    7777.03,  119.3,    0.9761
"SCN_CN15_9058_CEI148_ATV", 13.8, 1,    7777.02,   -0.7,    0.9761, 2,    7777.02, -120.7,    0.9761, 3,    7777.02,  119.3,    0.9761
"SCN_CN15_9059_CEI148_ATV", 13.8, 1,    7777.02,   -0.7,    0.9761, 2,    7777.02, -120.7,    0.9761, 3,    7777.02,  119.3,    0.9761
"SCN_CN15_9060_CEI148_ATV", 13.8, 1,    7777.02,   -0.7,    0.9761, 2,    7777.02, -120.7,    0.9761, 3,    7777.02,  119.3,    0.9761
"SCN_CN15_9054_CEI148_ATV", 13.8, 1,    7776.87,   -0.7,   0.97608, 2,    7776.87, -120.7,   0.97608, 3,    7776.87,  119.3,   0.97608
"SCN_CN15_9055_CEI148_ATV_S", 13.8, 1,    7777.03,   -0.7,    0.9761, 2,    7777.03, -120.7,    0.9761, 3,    7777.03,  119.3,    0.9761
"SCN_CN15_9052_CEI148_ATV", 13.8, 1,     7776.7,   -0.7,   0.97606, 2,     7776.7, -120.7,   0.97606, 3,     7776.7,  119.3,   0.97606
"SCN_CN15_9053_CEI148_ATV", 13.8, 1,     7776.7,   -0.7,   0.97606, 2,     7776.7, -120.7,   0.97606, 3,     7776.7,  119.3,   0.97606
"SCN_CN15_9027_CEI148_ATV", 13.8, 1,    7776.53,   -0.7,   0.97604, 2,    7776.53, -120.7,   0.97604, 3,    7776.53,  119.3,   0.97604
"SCN_CN15_9028_CEI148_ATV", 13.8, 1,    7776.51,   -0.7,   0.97604, 2,    7776.51, -120.7,   0.97604, 3,    7776.51,  119.3,   0.97604
"SCN_CN15_9029_CEI148_ATV", 13.8, 1,     7776.5,   -0.7,   0.97604, 2,     7776.5, -120.7,   0.97604, 3,     7776.5,  119.3,   0.97604
"SCN_CN15_9030_CEI148_ATV_S", 13.8, 1,    7776.48,   -0.7,   0.97603, 2,    7776.48, -120.7,   0.97603, 3,    7776.48,  119.3,   0.97603
"SCN_CN15_9036_CEI148_ATV", 13.8, 1,    7776.46,   -0.7,   0.97603, 2,    7776.46, -120.7,   0.97603, 3,    7776.46,  119.3,   0.97603
"SCN_CN15_9030_CEI148_ATV", 13.8, 1,    7776.48,   -0.7,   0.97603, 2,    7776.48, -120.7,   0.97603, 3,    7776.48,  119.3,   0.97603
"SCN_CN15_9040_CEI148_ATV", 13.8, 1,    7776.41,   -0.7,   0.97602, 2,    7776.41, -120.7,   0.97602, 3,    7776.41,  119.3,   0.97602
"SCN_CN15_9132_CEI201_ATV", 13.8, 1,    7776.41,   -0.7,   0.97602, 2,    7776.41, -120.7,   0.97602, 3,    7776.41,  119.3,   0.97602
"SCN_CN15_9043_CEI148_ATV", 13.8, 1,    7776.39,   -0.7,   0.97602, 2,    7776.39, -120.7,   0.97602, 3,    7776.39,  119.3,   0.97602
"SCN_CN15_9044_CEI148_ATV", 13.8, 1,    7776.39,   -0.7,   0.97602, 2,    7776.39, -120.7,   0.97602, 3,    7776.39,  119.3,   0.97602
"SCN_CN15_9031_CEI148_ATV", 13.8, 1,    7776.47,   -0.7,   0.97603, 2,    7776.47, -120.7,   0.97603, 3,    7776.47,  119.3,   0.97603
"SCN_CN15_9033_CEI148_ATV", 13.8, 1,    7776.47,   -0.7,   0.97603, 2,    7776.47, -120.7,   0.97603, 3,    7776.47,  119.3,   0.97603
"SCN_CN15_9034_CEI148_ATV", 13.8, 1,    7776.47,   -0.7,   0.97603, 2,    7776.47, -120.7,   0.97603, 3,    7776.47,  119.3,   0.97603
"SCN_CN15_9035_CEI148_ATV", 13.8, 1,    7776.47,   -0.7,   0.97603, 2,    7776.47, -120.7,   0.97603, 3,    7776.47,  119.3,   0.97603
"SCN_CN15_9032_CEI148_ATV", 13.8, 1,    7776.47,   -0.7,   0.97603, 2,    7776.47, -120.7,   0.97603, 3,    7776.47,  119.3,   0.97603
"SCN_CN15_9026_CEI148_ATV", 13.8, 1,    7776.39,   -0.7,   0.97602, 2,    7776.39, -120.7,   0.97602, 3,    7776.39,  119.3,   0.97602
"SCN_CN15_9027_CEI148_ATV_S", 13.8, 1,    7776.53,   -0.7,   0.97604, 2,    7776.53, -120.7,   0.97604, 3,    7776.53,  119.3,   0.97604
"SCN_CN15_9025_CEI148_ATV", 13.8, 1,    7776.24,   -0.7,     0.976, 2,    7776.24, -120.7,     0.976, 3,    7776.24,  119.3,     0.976
"SCN_CN15_9024_CEI148_ATV", 13.8, 1,    7776.09,   -0.7,   0.97598, 2,    7776.09, -120.7,   0.97598, 3,    7776.09,  119.3,   0.97598
"SCN_CN15_9023_CEI148_ATV", 13.8, 1,    7775.95,   -0.7,   0.97597, 2,    7775.95, -120.7,   0.97597, 3,    7775.95,  119.3,   0.97597
"SCN_CN15_9022_CEI148_ATV", 13.8, 1,     7775.8,   -0.7,   0.97595, 2,     7775.8, -120.7,   0.97595, 3,     7775.8,  119.3,   0.97595
"SCN_CN15_9020_CEI148_ATV", 13.8, 1,    7775.65,   -0.7,   0.97593, 2,    7775.65, -120.7,   0.97593, 3,    7775.65,  119.3,   0.97593
"SCN_CN15_9021_CEI148_ATV", 13.8, 1,    7775.65,   -0.7,   0.97593, 2,    7775.65, -120.7,   0.97593, 3,    7775.65,  119.3,   0.97593
"SCN_CN15_9019_CEI148_ATV", 13.8, 1,    7775.51,   -0.7,   0.97591, 2,    7775.51, -120.7,   0.97591, 3,    7775.51,  119.3,   0.97591
"SCN_CN15_9020_CEI148_ATV_S", 13.8, 1,    7775.65,   -0.7,   0.97593, 2,    7775.65, -120.7,   0.97593, 3,    7775.65,  119.3,   0.97593
"SCN_CN15_9013_CEI148_ATV", 13.8, 1,    7775.36,   -0.7,   0.97589, 2,    7775.36, -120.7,   0.97589, 3,    7775.36,  119.3,   0.97589
"SCN_CN15_9012_CEI148_ATV", 13.8, 1,    7775.22,   -0.7,   0.97588, 2,    7775.22, -120.7,   0.97588, 3,    7775.22,  119.3,   0.97588
"SCN_CN15_9014_CEI148_ATV", 13.8, 1,    7775.36,   -0.7,   0.97589, 2,    7775.36, -120.7,   0.97589, 3,    7775.36,  119.3,   0.97589
"SCN_CN15_9011_CEI148_ATV", 13.8, 1,    7775.08,   -0.7,   0.97586, 2,    7775.08, -120.7,   0.97586, 3,    7775.08,  119.3,   0.97586
"SCN_CN15_9010_CEI148_ATV", 13.8, 1,    7774.93,   -0.7,   0.97584, 2,    7774.93, -120.7,   0.97584, 3,    7774.93,  119.3,   0.97584
"SCN_CN15_9006_CEI148_ATV", 13.8, 1,    7774.79,   -0.7,   0.97582, 2,    7774.79, -120.7,   0.97582, 3,    7774.79,  119.3,   0.97582
"SCN_CN15_9007_CEI148_ATV", 13.8, 1,    7774.79,   -0.7,   0.97582, 2,    7774.79, -120.7,   0.97582, 3,    7774.79,  119.3,   0.97582
"SCN_CN15_9008_CEI148_ATV", 13.8, 1,    7774.79,   -0.7,   0.97582, 2,    7774.79, -120.7,   0.97582, 3,    7774.79,  119.3,   0.97582
"SCN_CN15_9009_CEI148_ATV", 13.8, 1,    7774.79,   -0.7,   0.97582, 2,    7774.79, -120.7,   0.97582, 3,    7774.79,  119.3,   0.97582
"SCN_CN15_9005_CEI148_ATV", 13.8, 1,    7774.65,   -0.7,    0.9758, 2,    7774.65, -120.7,    0.9758, 3,    7774.65,  119.3,    0.9758
"SCN_CN15_9001_CEI148_ATV", 13.8, 1,    7774.51,   -0.7,   0.97579, 2,    7774.51, -120.7,   0.97579, 3,    7774.51,  119.3,   0.97579
"SCN_CN15_9002_CEI148_ATV", 13.8, 1,    7774.51,   -0.7,   0.97579, 2,    7774.51, -120.7,   0.97579, 3,    7774.51,  119.3,   0.97579
"SCN_CN15_9001_CEI148_ATV_S", 13.8, 1,    7774.51,   -0.7,   0.97579, 2,    7774.51, -120.7,   0.97579, 3,    7774.51,  119.3,   0.97579
"SCN_CN15_9037_CEI220_ATV_S", 13.8, 1,    7798.52,   -0.8,    0.9788, 2,    7798.52, -120.8,    0.9788, 3,    7798.52,  119.2,    0.9788
"SCN_CN15_9001_CEI109_S", 13.8, 1,    7773.25,   -0.7,   0.97563, 2,    7773.25, -120.7,   0.97563, 3,    7773.25,  119.3,   0.97563
"SCN_CN15_9149_CEI230_ATV_S", 13.8, 1,    7768.82,   -0.7,   0.97507, 2,    7768.82, -120.7,   0.97507, 3,    7768.82,  119.3,   0.97507
"SCN_CN15_9201_CEI109_S", 13.8, 1,     7802.4,   -0.8,   0.97929, 2,     7802.4, -120.8,   0.97929, 3,     7802.4,  119.2,   0.97929
"CN_BPS1-13", 13.8, 2,    7766.09, -120.7,   0.97473, 3,    7766.09,  119.3,   0.97473, 8,    7766.09,   -0.7,   0.97473
"CN_CH2175_DJCN-15", 13.8, 1,    7766.09,   -0.7,   0.97473, 2,    7766.09, -120.7,   0.97473, 3,    7766.09,  119.3,   0.97473
"SCN_CN15_9003_CEI075_S", 13.8, 1,    7771.92,   -0.7,   0.97546, 2,    7771.92, -120.7,   0.97546, 3,    7771.92,  119.3,   0.97546
"SCN_CN15_9025_CEI074_S", 13.8, 1,    7767.14,   -0.7,   0.97486, 2,    7767.14, -120.7,   0.97486, 3,    7767.14,  119.3,   0.97486
"SCN_CN15_9029_CEI109_S", 13.8, 1,    7784.08,   -0.7,   0.97699, 2,    7784.08, -120.7,   0.97699, 3,    7784.08,  119.3,   0.97699
"SCN_CN15_9039_CEI130A_ATV_S", 13.8, 1,    7767.81,   -0.7,   0.97494, 2,    7767.81, -120.7,   0.97494, 3,    7767.81,  119.3,   0.97494
"SCN_CN15_9088_CEI075_S", 13.8, 1,    7769.28,   -0.7,   0.97513, 2,    7769.28, -120.7,   0.97513, 3,    7769.28,  119.3,   0.97513
"SCN_CN15_9038_CEI130A_ATV_S", 13.8, 1,    7767.81,   -0.7,   0.97494, 2,    7767.81, -120.7,   0.97494, 3,    7767.81,  119.3,   0.97494
"SCN_CN15_9185_CEI69A_S", 13.8, 1,    7773.21,   -0.7,   0.97562, 2,    7773.21, -120.7,   0.97562, 3,    7773.21,  119.3,   0.97562
"SCN_CN15_9020_CEI075_S", 13.8, 1,    7770.97,   -0.7,   0.97534, 2,    7770.97, -120.7,   0.97534, 3,    7770.97,  119.3,   0.97534
"SCN_CN15_9170_CEI77A_ATV_S", 13.8, 1,    7748.64,   -0.7,   0.97254, 2,    7748.64, -120.7,   0.97254, 3,    7748.64,  119.3,   0.97254
"SCN_CN15_9101_CEI109_S", 13.8, 1,    7796.19,   -0.8,   0.97851, 2,    7796.19, -120.8,   0.97851, 3,    7796.19,  119.2,   0.97851
"SCN_CN15_9068_CEI201_ATV_S", 13.8, 1,    7782.22,   -0.7,   0.97675, 2,    7782.22, -120.7,   0.97675, 3,    7782.22,  119.3,   0.97675
"SCN_CN15_9008_CEI121_S", 13.8, 1,     7788.8,   -0.7,   0.97758, 2,     7788.8, -120.7,   0.97758, 3,     7788.8,  119.3,   0.97758
"SCN_CN15_9081_CEI148_ATV_S", 13.8, 1,    7779.24,   -0.7,   0.97638, 2,    7779.24, -120.7,   0.97638, 3,    7779.24,  119.3,   0.97638
"SCN_CN15_9001_CEI134A_ATV_S", 13.8, 1,    7788.81,   -0.7,   0.97758, 2,    7788.81, -120.7,   0.97758, 3,    7788.81,  119.3,   0.97758
"SCN_CN15_9208_CEI77A_ATV_S", 13.8, 1,    7748.63,   -0.7,   0.97254, 2,    7748.63, -120.7,   0.97254, 3,    7748.63,  119.3,   0.97254
"SCN_CN15_9031_CEI074_S", 13.8, 1,    7767.26,   -0.7,   0.97488, 2,    7767.26, -120.7,   0.97488, 3,    7767.26,  119.3,   0.97488
"SCN_CN15_9027_CEI074_S", 13.8, 1,    7767.18,   -0.7,   0.97487, 2,    7767.18, -120.7,   0.97487, 3,    7767.18,  119.3,   0.97487
"SCN_CN15_9080_CEI075_S", 13.8, 1,    7768.77,   -0.7,   0.97507, 2,    7768.77, -120.7,   0.97507, 3,    7768.77,  119.3,   0.97507
"SCN_CN15_9062_CEI77A_ATV_S", 13.8, 1,    7748.63,   -0.7,   0.97254, 2,    7748.63, -120.7,   0.97254, 3,    7748.63,  119.3,   0.97254
"SCN_CN15_9057_CEI075_S", 13.8, 1,    7770.73,   -0.7,   0.97531, 2,    7770.73, -120.7,   0.97531, 3,    7770.73,  119.3,   0.97531
"SCN_CN15_9082_CEI075_S", 13.8, 1,    7768.84,   -0.7,   0.97507, 2,    7768.84, -120.7,   0.97507, 3,    7768.84,  119.3,   0.97507
"SCN_CN15_9175_CEI230_ATV_S", 13.8, 1,    7770.66,   -0.7,    0.9753, 2,    7770.66, -120.7,    0.9753, 3,    7770.66,  119.3,    0.9753
"SCN_CN15_9072_CEI201_ATV_S", 13.8, 1,    7781.97,   -0.7,   0.97672, 2,    7781.97, -120.7,   0.97672, 3,    7781.97,  119.3,   0.97672
"SCN_CN15_9042_CEI074_S", 13.8, 1,    7767.56,   -0.7,   0.97491, 2,    7767.56, -120.7,   0.97491, 3,    7767.56,  119.3,   0.97491
"SCN_CN15_9282_CEI250_ATV_S", 13.8, 1,    7758.31,   -0.7,   0.97375, 2,    7758.31, -120.7,   0.97375, 3,    7758.31,  119.3,   0.97375
"SCN_CN15_9095_CEI148_ATV_S", 13.8, 1,    7781.47,   -0.7,   0.97666, 2,    7781.47, -120.7,   0.97666, 3,    7781.47,  119.3,   0.97666
"SCN_CN15_9211_CEI77A_ATV_S", 13.8, 1,    7748.63,   -0.7,   0.97254, 2,    7748.63, -120.7,   0.97254, 3,    7748.63,  119.3,   0.97254
"SCN_CN15_9087_CEI148_ATV_S", 13.8, 1,    7779.04,   -0.7,   0.97635, 2,    7779.04, -120.7,   0.97635, 3,    7779.04,  119.3,   0.97635
"SCN_CN15_9207_CEI109_S", 13.8, 1,    7798.22,   -0.8,   0.97876, 2,    7798.22, -120.8,   0.97876, 3,    7798.22,  119.2,   0.97876
"SCN_CN15_9058_CEI160_ATV_S", 13.8, 1,    7757.31,   -0.7,   0.97363, 2,    7757.31, -120.7,   0.97363, 3,    7757.31,  119.3,   0.97363
"SCN_CN15_9081_CEI77A_ATV_S", 13.8, 1,    7748.51,   -0.7,   0.97252, 2,    7748.51, -120.7,   0.97252, 3,    7748.51,  119.3,   0.97252
"SCN_CN15_9492_CEI109_S", 13.8, 1,     7782.7,   -0.7,   0.97681, 2,     7782.7, -120.7,   0.97681, 3,     7782.7,  119.3,   0.97681
"SCN_CN15_9042_CEI220_ATV_S", 13.8, 1,     7797.6,   -0.8,   0.97868, 2,     7797.6, -120.8,   0.97868, 3,     7797.6,  119.2,   0.97868
"SCN_CN15_9166_CEI109_S", 13.8, 1,    7807.84,   -0.8,   0.97997, 2,    7807.84, -120.8,   0.97997, 3,    7807.84,  119.2,   0.97997
"SCN_CN15_9150_CEI77A_ATV_S", 13.8, 1,    7749.54,   -0.7,   0.97265, 2,    7749.54, -120.7,   0.97265, 3,    7749.54,  119.3,   0.97265
"SCN_CN15_9091_CEI075_S", 13.8, 1,    7769.51,   -0.7,   0.97516, 2,    7769.51, -120.7,   0.97516, 3,    7769.51,  119.3,   0.97516
"SCN_CN15_9038_CEI148A_ATV_S", 13.8, 1,    7780.52,   -0.7,   0.97654, 2,    7780.52, -120.7,   0.97654, 3,    7780.52,  119.3,   0.97654
"SCN_CN15_9102_CEI77A_ATV_S", 13.8, 1,    7749.67,   -0.7,   0.97267, 2,    7749.67, -120.7,   0.97267, 3,    7749.67,  119.3,   0.97267
"SCN_CN15_9007_CEI075_S", 13.8, 1,    7771.45,   -0.7,    0.9754, 2,    7771.45, -120.7,    0.9754, 3,    7771.45,  119.3,    0.9754
"SCN_CN15_9150_CEI230_ATV_S", 13.8, 1,    7768.82,   -0.7,   0.97507, 2,    7768.82, -120.7,   0.97507, 3,    7768.82,  119.3,   0.97507
"SCN_CN15_9203_CEI230_ATV_S", 13.8, 1,    7779.02,   -0.7,   0.97635, 2,    7779.02, -120.7,   0.97635, 3,    7779.02,  119.3,   0.97635
"SCN_CN15_9313_CEI250_ATV_S", 13.8, 1,    7757.07,   -0.7,    0.9736, 2,    7757.07, -120.7,    0.9736, 3,    7757.07,  119.3,    0.9736
"SCN_CN15_9122_CEI201_ATV_S", 13.8, 1,    7773.25,   -0.7,   0.97563, 2,    7773.25, -120.7,   0.97563, 3,    7773.25,  119.3,   0.97563
"SCN_CN15_9144_CEI230_ATV_S", 13.8, 1,    7769.24,   -0.7,   0.97512, 2,    7769.24, -120.7,   0.97512, 3,    7769.24,  119.3,   0.97512
"SCN_CN15_9141_CEI230_ATV_S", 13.8, 1,    7769.24,   -0.7,   0.97512, 2,    7769.24, -120.7,   0.97512, 3,    7769.24,  119.3,   0.97512
"SCN_CN15_9428_CEI109_S", 13.8, 1,    7788.42,   -0.7,   0.97753, 2,    7788.42, -120.7,   0.97753, 3,    7788.42,  119.3,   0.97753
"SCN_CN15_9007_CEI134B_ATV_S", 13.8, 1,    7787.88,   -0.7,   0.97746, 2,    7787.88, -120.7,   0.97746, 3,    7787.88,  119.3,   0.97746
"SCN_CN15_9038_CEI148_ATV_S", 13.8, 1,    7776.42,   -0.7,   0.97603, 2,    7776.42, -120.7,   0.97603, 3,    7776.42,  119.3,   0.97603
"SCN_CN15_9323_CEI250_ATV_S", 13.8, 1,    7756.82,   -0.7,   0.97357, 2,    7756.82, -120.7,   0.97357, 3,    7756.82,  119.3,   0.97357
"SCN_CN15_9485_CEI109_S", 13.8, 1,    7782.74,   -0.7,   0.97682, 2,    7782.74, -120.7,   0.97682, 3,    7782.74,  119.3,   0.97682
"SCN_CN15_9017_CEI130A_ATV_S", 13.8, 1,    7767.87,   -0.7,   0.97495, 2,    7767.87, -120.7,   0.97495, 3,    7767.87,  119.3,   0.97495
"SCN_CN15_9081_CEI230_ATV_S", 13.8, 1,    7770.77,   -0.7,   0.97532, 2,    7770.77, -120.7,   0.97532, 3,    7770.77,  119.3,   0.97532
"SCN_CN15_9018_CEI220_ATV_S", 13.8, 1,    7788.38,   -0.7,   0.97753, 2,    7788.38, -120.7,   0.97753, 3,    7788.38,  119.3,   0.97753
"SCN_CN15_9007_CEI230_ATV_S", 13.8, 1,    7748.69,   -0.7,   0.97255, 2,    7748.69, -120.7,   0.97255, 3,    7748.69,  119.3,   0.97255
"SCN_CN15_9063_CEI77A_ATV_S", 13.8, 1,    7748.59,   -0.7,   0.97253, 2,    7748.59, -120.7,   0.97253, 3,    7748.59,  119.3,   0.97253
"SCN_CN15_9487_CEI109_S", 13.8, 1,    7782.73,   -0.7,   0.97682, 2,    7782.73, -120.7,   0.97682, 3,    7782.73,  119.3,   0.97682
"SCN_CN15_9016_CEI69A_S", 13.8, 1,     7778.9,   -0.7,   0.97634, 2,     7778.9, -120.7,   0.97634, 3,     7778.9,  119.3,   0.97634
"SCN_CN15_9017_CEI074_S", 13.8, 1,    7767.06,   -0.7,   0.97485, 2,    7767.06, -120.7,   0.97485, 3,    7767.06,  119.3,   0.97485
"SCN_CN15_9307_CEI250_ATV_S", 13.8, 1,    7757.16,   -0.7,   0.97361, 2,    7757.16, -120.7,   0.97361, 3,    7757.16,  119.3,   0.97361
"SCN_CN15_9089_CEI77A_ATV_S", 13.8, 1,    7748.78,   -0.7,   0.97256, 2,    7748.78, -120.7,   0.97256, 3,    7748.78,  119.3,   0.97256
"SCN_CN15_9150_CEI109_S", 13.8, 1,    7816.49,   -0.8,   0.98106, 2,    7816.49, -120.8,   0.98106, 3,    7816.49,  119.2,   0.98106
"SCN_CN15_9036_CEI130_ATV_S", 13.8, 1,    7777.83,   -0.7,    0.9762, 2,    7777.83, -120.7,    0.9762, 3,    7777.83,  119.3,    0.9762
"SCN_CN15_9214_CEI77A_ATV_S", 13.8, 1,    7748.64,   -0.7,   0.97254, 2,    7748.64, -120.7,   0.97254, 3,    7748.64,  119.3,   0.97254
"SCN_CN15_9033_CEI148A_ATV_S", 13.8, 1,    7778.99,   -0.7,   0.97635, 2,    7778.99, -120.7,   0.97635, 3,    7778.99,  119.3,   0.97635
"SCN_CN15_9075_CEI230_ATV_S", 13.8, 1,    7770.79,   -0.7,   0.97532, 2,    7770.79, -120.7,   0.97532, 3,    7770.79,  119.3,   0.97532
"SCN_CN15_9498_CEI109_S", 13.8, 1,    7782.67,   -0.7,   0.97681, 2,    7782.67, -120.7,   0.97681, 3,    7782.67,  119.3,   0.97681
"SCN_CN15_9064_CEI075_S", 13.8, 1,    7770.67,   -0.7,    0.9753, 2,    7770.67, -120.7,    0.9753, 3,    7770.67,  119.3,    0.9753
"SCN_CN15_9171_CEI77A_ATV_S", 13.8, 1,    7748.61,   -0.7,   0.97254, 2,    7748.61, -120.7,   0.97254, 3,    7748.61,  119.3,   0.97254
"SCN_CN15_9032_CEI220_ATV_S", 13.8, 1,    7799.91,   -0.8,   0.97897, 2,    7799.91, -120.8,   0.97897, 3,    7799.91,  119.2,   0.97897
"SCN_CN15_9194_CEI230_ATV_S", 13.8, 1,       7779,   -0.7,   0.97635, 2,       7779, -120.7,   0.97635, 3,       7779,  119.3,   0.97635
"SCN_CN15_9030_CEI148A_ATV_S", 13.8, 1,    7778.95,   -0.7,   0.97634, 2,    7778.95, -120.7,   0.97634, 3,    7778.95,  119.3,   0.97634
"SCN_CN15_9494_CEI109_S", 13.8, 1,    7782.69,   -0.7,   0.97681, 2,    7782.69, -120.7,   0.97681, 3,    7782.69,  119.3,   0.97681
"SCN_CN15_9187_CEI068_S", 13.8, 1,    7767.89,   -0.7,   0.97496, 2,    7767.89, -120.7,   0.97496, 3,    7767.89,  119.3,   0.97496
"SCN_CN15_9306_CEI109_S", 13.8, 1,    7791.27,   -0.7,   0.97789, 2,    7791.27, -120.7,   0.97789, 3,    7791.27,  119.3,   0.97789
"CN_BTS1-13", 13.8, 2,    7766.09, -120.7,   0.97473, 3,    7766.09,  119.3,   0.97473, 8,    7766.09,   -0.7,   0.97473
"CN_DJCN15_CH2353", 13.8, 1,    7766.09,   -0.7,   0.97473, 2,    7766.09, -120.7,   0.97473, 3,    7766.09,  119.3,   0.97473
"SCN_CN15_9033_CEI77A_ATV_S", 13.8, 1,    7748.48,   -0.7,   0.97252, 2,    7748.48, -120.7,   0.97252, 3,    7748.48,  119.3,   0.97252
"SCN_CN15_9013_CEI69B_S", 13.8, 1,    7773.45,   -0.7,   0.97565, 2,    7773.45, -120.7,   0.97565, 3,    7773.45,  119.3,   0.97565
"SCN_CN15_9191_CEI230_ATV_S", 13.8, 1,    7779.01,   -0.7,   0.97635, 2,    7779.01, -120.7,   0.97635, 3,    7779.01,  119.3,   0.97635
"SCN_CN15_9040_CEI070_S", 13.8, 1,    7762.69,   -0.7,    0.9743, 2,    7762.69, -120.7,    0.9743, 3,    7762.69,  119.3,    0.9743
"SCN_CN15_9018_CEI077_ATV_S", 13.8, 1,    7750.15,   -0.7,   0.97273, 2,    7750.15, -120.7,   0.97273, 3,    7750.15,  119.3,   0.97273
"SCN_CN15_9477_CEI109_S", 13.8, 1,    7782.89,   -0.7,   0.97684, 2,    7782.89, -120.7,   0.97684, 3,    7782.89,  119.3,   0.97684
"SCN_CN15_9060_CEI230_ATV_S", 13.8, 1,    7749.46,   -0.7,   0.97264, 2,    7749.46, -120.7,   0.97264, 3,    7749.46,  119.3,   0.97264
"SCN_CN15_9087_CEI075_S", 13.8, 1,     7769.2,   -0.7,   0.97512, 2,     7769.2, -120.7,   0.97512, 3,     7769.2,  119.3,   0.97512
"SCN_CN15_9156_CEI220_ATV_S", 13.8, 1,    7782.69,   -0.7,   0.97681, 2,    7782.69, -120.7,   0.97681, 3,    7782.69,  119.3,   0.97681
"SCN_CN15_9083_CEI131_ATV_S", 13.8, 1,    7789.61,   -0.7,   0.97768, 2,    7789.61, -120.7,   0.97768, 3,    7789.61,  119.3,   0.97768
"SCN_CN15_9197_CEI77A_ATV_S", 13.8, 1,    7748.54,   -0.7,   0.97253, 2,    7748.54, -120.7,   0.97253, 3,    7748.54,  119.3,   0.97253
"SCN_CN15_9154_CEI109_S", 13.8, 1,    7816.67,   -0.8,   0.98108, 2,    7816.67, -120.8,   0.98108, 3,    7816.67,  119.2,   0.98108
"SCN_CN15_9037_CEI109_S", 13.8, 1,    7796.23,   -0.8,   0.97851, 2,    7796.23, -120.8,   0.97851, 3,    7796.23,  119.2,   0.97851
"SCN_CN15_9003_CEI230_ATV_S", 13.8, 1,    7748.71,   -0.7,   0.97255, 2,    7748.71, -120.7,   0.97255, 3,    7748.71,  119.3,   0.97255
"SCN_CN15_9204_CEI77A_ATV_S", 13.8, 1,    7748.64,   -0.7,   0.97254, 2,    7748.64, -120.7,   0.97254, 3,    7748.64,  119.3,   0.97254
"SCN_CN15_9027_CEI77A_ATV_S", 13.8, 1,    7748.52,   -0.7,   0.97252, 2,    7748.52, -120.7,   0.97252, 3,    7748.52,  119.3,   0.97252
"SCN_CN15_9071_CEI075_S", 13.8, 1,    7768.24,   -0.7,     0.975, 2,    7768.24, -120.7,     0.975, 3,    7768.24,  119.3,     0.975
"SCN_CN15_9068_CEI068_S", 13.8, 1,     7766.6,   -0.7,   0.97479, 2,     7766.6, -120.7,   0.97479, 3,     7766.6,  119.3,   0.97479
"SCN_CN15_9299_CEI109_S", 13.8, 1,    7790.42,   -0.7,   0.97778, 2,    7790.42, -120.7,   0.97778, 3,    7790.42,  119.3,   0.97778
"SCN_CN15_9206_CEI77A_ATV_S", 13.8, 1,    7748.63,   -0.7,   0.97254, 2,    7748.63, -120.7,   0.97254, 3,    7748.63,  119.3,   0.97254
"SCN_CN15_9066_CEI075_S", 13.8, 1,    7768.25,   -0.7,     0.975, 2,    7768.25, -120.7,     0.975, 3,    7768.25,  119.3,     0.975
"SCN_CN15_9090_CEI075_S", 13.8, 1,    7769.43,   -0.7,   0.97515, 2,    7769.43, -120.7,   0.97515, 3,    7769.43,  119.3,   0.97515
"SCN_CN15_9037_CEI130A_ATV_S", 13.8, 1,    7767.81,   -0.7,   0.97494, 2,    7767.81, -120.7,   0.97494, 3,    7767.81,  119.3,   0.97494
"SCN_CN15_9027_CEI077_ATV_S", 13.8, 1,    7750.07,   -0.7,   0.97272, 2,    7750.07, -120.7,   0.97272, 3,    7750.07,  119.3,   0.97272
"SCN_CN15_9003_CEI109_S", 13.8, 1,    7773.25,   -0.7,   0.97563, 2,    7773.25, -120.7,   0.97563, 3,    7773.25,  119.3,   0.97563
"SCN_CN15_9027_CEI130A_ATV_S", 13.8, 1,    7767.81,   -0.7,   0.97495, 2,    7767.81, -120.7,   0.97495, 3,    7767.81,  119.3,   0.97495
"SCN_CN15_9034_CEIRJ006_ATV_S", 13.8, 1,    7748.46,   -0.7,   0.97252, 2,    7748.46, -120.7,   0.97252, 3,    7748.46,  119.3,   0.97252
"SCN_CN15_9044_CEI148A_ATV_S", 13.8, 1,    7781.73,   -0.7,   0.97669, 2,    7781.73, -120.7,   0.97669, 3,    7781.73,  119.3,   0.97669
"SCN_CN15_9082_CEI230_ATV_S", 13.8, 1,    7770.77,   -0.7,   0.97532, 2,    7770.77, -120.7,   0.97532, 3,    7770.77,  119.3,   0.97532
"SCN_CN15_9012_CEI072_S", 13.8, 1,    7755.23,   -0.7,   0.97337, 2,    7755.23, -120.7,   0.97337, 3,    7755.23,  119.3,   0.97337
"SCN_CN15_9035_CEI250_ATV_S", 13.8, 1,    7766.63,   -0.7,    0.9748, 2,    7766.63, -120.7,    0.9748, 3,    7766.63,  119.3,    0.9748
"SCN_CN15_9002_CEI230_ATV_S", 13.8, 1,    7748.72,   -0.7,   0.97255, 2,    7748.72, -120.7,   0.97255, 3,    7748.72,  119.3,   0.97255
"SCN_CN15_9010_CEI109_S", 13.8, 1,    7784.05,   -0.7,   0.97698, 2,    7784.05, -120.7,   0.97698, 3,    7784.05,  119.3,   0.97698
"SCN_CN15_9126_CEI201_ATV_S", 13.8, 1,    7773.22,   -0.7,   0.97562, 2,    7773.22, -120.7,   0.97562, 3,    7773.22,  119.3,   0.97562
"SCN_CN15_9174_CEI230_ATV_S", 13.8, 1,    7770.66,   -0.7,    0.9753, 2,    7770.66, -120.7,    0.9753, 3,    7770.66,  119.3,    0.9753
"SCN_CN15_9006_CEI148_ATV_S", 13.8, 1,    7774.79,   -0.7,   0.97582, 2,    7774.79, -120.7,   0.97582, 3,    7774.79,  119.3,   0.97582
"SCN_CN15_9283_CEI109_S", 13.8, 1,    7788.05,   -0.7,   0.97749, 2,    7788.05, -120.7,   0.97749, 3,    7788.05,  119.3,   0.97749
"SCN_CN15_9025_CEI075_S", 13.8, 1,    7770.89,   -0.7,   0.97533, 2,    7770.89, -120.7,   0.97533, 3,    7770.89,  119.3,   0.97533
"SCN_CN15_9022_CEI077_ATV_S", 13.8, 1,     7750.1,   -0.7,   0.97272, 2,     7750.1, -120.7,   0.97272, 3,     7750.1,  119.3,   0.97272
"SCN_CN15_9100_CEI230_ATV_S", 13.8, 1,    7772.85,   -0.7,   0.97558, 2,    7772.85, -120.7,   0.97558, 3,    7772.85,  119.3,   0.97558
"SCN_CN15_9190_CEI230_ATV_S", 13.8, 1,    7779.01,   -0.7,   0.97635, 2,    7779.01, -120.7,   0.97635, 3,    7779.01,  119.3,   0.97635
"SCN_CN15_9425_CEI109_S", 13.8, 1,    7788.46,   -0.7,   0.97754, 2,    7788.46, -120.7,   0.97754, 3,    7788.46,  119.3,   0.97754
"SCN_CN15_9437_CEI109_S", 13.8, 1,    7788.37,   -0.7,   0.97753, 2,    7788.37, -120.7,   0.97753, 3,    7788.37,  119.3,   0.97753
"SCN_CN15_9408_CEI109_S", 13.8, 1,    7786.03,   -0.7,   0.97723, 2,    7786.03, -120.7,   0.97723, 3,    7786.03,  119.3,   0.97723
"SCN_CN15_9045_CEI074_S", 13.8, 1,    7767.67,   -0.7,   0.97493, 2,    7767.67, -120.7,   0.97493, 3,    7767.67,  119.3,   0.97493
"SCN_CN15_9188_CEI230_ATV_S", 13.8, 1,    7779.01,   -0.7,   0.97635, 2,    7779.01, -120.7,   0.97635, 3,    7779.01,  119.3,   0.97635
"SCN_CN15_9050_CEI69B_S", 13.8, 1,     7773.8,   -0.7,    0.9757, 2,     7773.8, -120.7,    0.9757, 3,     7773.8,  119.3,    0.9757
"SCN_CN15_9037_CEI148_ATV_S", 13.8, 1,    7776.44,   -0.7,   0.97603, 2,    7776.44, -120.7,   0.97603, 3,    7776.44,  119.3,   0.97603
"SCN_CN15_9493_CEI109_S", 13.8, 1,    7782.69,   -0.7,   0.97681, 2,    7782.69, -120.7,   0.97681, 3,    7782.69,  119.3,   0.97681
"SCN_CN15_9058_CEI071_S", 13.8, 1,    7756.88,   -0.7,   0.97357, 2,    7756.88, -120.7,   0.97357, 3,    7756.88,  119.3,   0.97357
"SCN_CN15_9048_CEI074_S", 13.8, 1,    7767.84,   -0.7,   0.97495, 2,    7767.84, -120.7,   0.97495, 3,    7767.84,  119.3,   0.97495
"SCN_CN15_9210_CEI109_S", 13.8, 1,    7798.19,   -0.8,   0.97876, 2,    7798.19, -120.8,   0.97876, 3,    7798.19,  119.2,   0.97876
"SCN_CN15_9086_CEI148_ATV_S", 13.8, 1,    7779.07,   -0.7,   0.97636, 2,    7779.07, -120.7,   0.97636, 3,    7779.07,  119.3,   0.97636
"SCN_CN15_9068_CEI148_ATV_S", 13.8, 1,    7778.59,   -0.7,    0.9763, 2,    7778.59, -120.7,    0.9763, 3,    7778.59,  119.3,    0.9763
"SCN_CN15_9038_CEI77A_ATV_S", 13.8, 1,    7748.45,   -0.7,   0.97252, 2,    7748.45, -120.7,   0.97252, 3,    7748.45,  119.3,   0.97252
"SCN_CN15_9165_CEI068_S", 13.8, 1,    7770.57,   -0.7,   0.97529, 2,    7770.57, -120.7,   0.97529, 3,    7770.57,  119.3,   0.97529
"SCN_CN15_9172_CEI068_S", 13.8, 1,    7769.22,   -0.7,   0.97512, 2,    7769.22, -120.7,   0.97512, 3,    7769.22,  119.3,   0.97512
"SCN_CN15_9051_CEI071_S", 13.8, 1,    7757.05,   -0.7,   0.97359, 2,    7757.05, -120.7,   0.97359, 3,    7757.05,  119.3,   0.97359
"SCN_CN15_9088_CEI148_ATV_S", 13.8, 1,    7779.03,   -0.7,   0.97635, 2,    7779.03, -120.7,   0.97635, 3,    7779.03,  119.3,   0.97635
"SCN_CN15_9041_CEI148A_ATV_S", 13.8, 1,    7780.76,   -0.7,   0.97657, 2,    7780.76, -120.7,   0.97657, 3,    7780.76,  119.3,   0.97657
"SCN_CN15_9171_CEI69B_S", 13.8, 1,    7773.27,   -0.7,   0.97563, 2,    7773.27, -120.7,   0.97563, 3,    7773.27,  119.3,   0.97563
"SCN_CN15_9041_CEI130A_ATV_S", 13.8, 1,    7767.81,   -0.7,   0.97494, 2,    7767.81, -120.7,   0.97494, 3,    7767.81,  119.3,   0.97494
"SCN_CN15_9177_CEI77A_ATV_S", 13.8, 1,    7748.59,   -0.7,   0.97253, 2,    7748.59, -120.7,   0.97253, 3,    7748.59,  119.3,   0.97253
"SCN_CN15_9135_CEI230_ATV_S", 13.8, 1,    7769.26,   -0.7,   0.97513, 2,    7769.26, -120.7,   0.97513, 3,    7769.26,  119.3,   0.97513
"SCN_CN15_9077_CEI131_ATV_S", 13.8, 1,    7789.02,   -0.7,   0.97761, 2,    7789.02, -120.7,   0.97761, 3,    7789.02,  119.3,   0.97761
"SCN_CN15_9126_CEI77A_ATV_S", 13.8, 1,    7749.46,   -0.7,   0.97264, 2,    7749.46, -120.7,   0.97264, 3,    7749.46,  119.3,   0.97264
"SCN_CN15_9059_CEI77A_ATV_S", 13.8, 1,    7748.67,   -0.7,   0.97254, 2,    7748.67, -120.7,   0.97254, 3,    7748.67,  119.3,   0.97254
"SCN_CN15_9030_CEI77A_ATV_S", 13.8, 1,    7748.49,   -0.7,   0.97252, 2,    7748.49, -120.7,   0.97252, 3,    7748.49,  119.3,   0.97252
"SCN_CN15_9349_CEI109_S", 13.8, 1,    7782.37,   -0.7,   0.97677, 2,    7782.37, -120.7,   0.97677, 3,    7782.37,  119.3,   0.97677
"SCN_CN15_9202_CEI230_ATV_S", 13.8, 1,    7779.02,   -0.7,   0.97635, 2,    7779.02, -120.7,   0.97635, 3,    7779.02,  119.3,   0.97635
"SCN_CN15_9309_CEI109_S", 13.8, 1,    7791.25,   -0.7,   0.97789, 2,    7791.25, -120.7,   0.97789, 3,    7791.25,  119.3,   0.97789
"SCN_CN15_9016_CEI077_ATV_S", 13.8, 1,    7750.38,   -0.7,   0.97276, 2,    7750.38, -120.7,   0.97276, 3,    7750.38,  119.3,   0.97276
"SCN_CN15_9082_CEI148_ATV_S", 13.8, 1,     7779.2,   -0.7,   0.97637, 2,     7779.2, -120.7,   0.97637, 3,     7779.2,  119.3,   0.97637
"SCN_CN15_9105_CEI075_S", 13.8, 1,    7770.41,   -0.7,   0.97527, 2,    7770.41, -120.7,   0.97527, 3,    7770.41,  119.3,   0.97527
"SCN_CN15_9179_CEI77A_ATV_S", 13.8, 1,    7748.58,   -0.7,   0.97253, 2,    7748.58, -120.7,   0.97253, 3,    7748.58,  119.3,   0.97253
"SCN_CN15_9055_CEIRJ006_ATV_S", 13.8, 1,    7768.23,   -0.7,     0.975, 2,    7768.23, -120.7,     0.975, 3,    7768.23,  119.3,     0.975
"SCN_CN15_9076_CEI77A_ATV_S", 13.8, 1,     7748.4,   -0.7,   0.97251, 2,     7748.4, -120.7,   0.97251, 3,     7748.4,  119.3,   0.97251
"SCN_CN15_9097_CEI075_S", 13.8, 1,    7769.91,   -0.7,   0.97521, 2,    7769.91, -120.7,   0.97521, 3,    7769.91,  119.3,   0.97521
"SCN_CN15_9086_CEI075_S", 13.8, 1,    7769.13,   -0.7,   0.97511, 2,    7769.13, -120.7,   0.97511, 3,    7769.13,  119.3,   0.97511
"SCN_CN15_9144_CEI69B_S", 13.8, 1,    7773.79,   -0.7,    0.9757, 2,    7773.79, -120.7,    0.9757, 3,    7773.79,  119.3,    0.9757
"SCN_CN15_9015_CEI109_S", 13.8, 1,    7784.08,   -0.7,   0.97699, 2,    7784.08, -120.7,   0.97699, 3,    7784.08,  119.3,   0.97699
"SCN_CN15_9399_CEI109_S", 13.8, 1,    7782.98,   -0.7,   0.97685, 2,    7782.98, -120.7,   0.97685, 3,    7782.98,  119.3,   0.97685
"SCN_CN15_9094_CEI230_ATV_S", 13.8, 1,    7772.84,   -0.7,   0.97558, 2,    7772.84, -120.7,   0.97558, 3,    7772.84,  119.3,   0.97558
"SCN_CN15_9200_CEI109_S", 13.8, 1,    7803.48,   -0.8,   0.97942, 2,    7803.48, -120.8,   0.97942, 3,    7803.48,  119.2,   0.97942
"SCN_CN15_9480_CEI109_S", 13.8, 1,    7782.83,   -0.7,   0.97683, 2,    7782.83, -120.7,   0.97683, 3,    7782.83,  119.3,   0.97683
"SCN_CN15_9006_CEI134_ATV_S", 13.8, 1,    7788.84,   -0.7,   0.97758, 2,    7788.84, -120.7,   0.97758, 3,    7788.84,  119.3,   0.97758
"SCN_CN15_9098_CEI072_S", 13.8, 1,    7751.64,   -0.7,   0.97292, 2,    7751.64, -120.7,   0.97292, 3,    7751.64,  119.3,   0.97292
"SCN_CN15_9098_CEI068", 13.8, 1,    7765.91,   -0.7,   0.97471, 2,    7765.91, -120.7,   0.97471, 3,    7765.91,  119.3,   0.97471
"SCN_CN15_9089_CEI068", 13.8, 1,    7766.95,   -0.7,   0.97484, 2,    7766.95, -120.7,   0.97484, 3,    7766.95,  119.3,   0.97484
"SCN_CN15_9031_CEI148_ATV_S", 13.8, 1,    7776.47,   -0.7,   0.97603, 2,    7776.47, -120.7,   0.97603, 3,    7776.47,  119.3,   0.97603
"SCN_CN15_9040_CEI77A_ATV_S", 13.8, 1,    7748.45,   -0.7,   0.97252, 2,    7748.45, -120.7,   0.97252, 3,    7748.45,  119.3,   0.97252
"SCN_CN15_9135_CEI77A_ATV_S", 13.8, 1,    7749.56,   -0.7,   0.97265, 2,    7749.56, -120.7,   0.97265, 3,    7749.56,  119.3,   0.97265
"SCN_CN15_9004_CEI160_ATV_S", 13.8, 1,    7778.87,   -0.7,   0.97633, 2,    7778.87, -120.7,   0.97633, 3,    7778.87,  119.3,   0.97633
"SCN_CN15_9029_CEI074_S", 13.8, 1,    7767.22,   -0.7,   0.97487, 2,    7767.22, -120.7,   0.97487, 3,    7767.22,  119.3,   0.97487
"SCN_CN15_9043_CEI148_ATV_S", 13.8, 1,    7776.39,   -0.7,   0.97602, 2,    7776.39, -120.7,   0.97602, 3,    7776.39,  119.3,   0.97602
"SCN_CN15_9023_CEI074_S", 13.8, 1,    7767.12,   -0.7,   0.97486, 2,    7767.12, -120.7,   0.97486, 3,    7767.12,  119.3,   0.97486
"SCN_CN15_9003_CEI076_S", 13.8, 1,    7766.11,   -0.7,   0.97473, 2,    7766.11, -120.7,   0.97473, 3,    7766.11,  119.3,   0.97473
"SCN_CN15_9043_CEI250_ATV_S", 13.8, 1,    7766.61,   -0.7,   0.97479, 2,    7766.61, -120.7,   0.97479, 3,    7766.61,  119.3,   0.97479
"SCN_CN15_9032_CEI69B", 13.8, 1,    7774.32,   -0.7,   0.97576, 2,    7774.32, -120.7,   0.97576, 3,    7774.32,  119.3,   0.97576
"SCN_CN15_9050_CEI070", 13.8, 1,    7765.55,   -0.7,   0.97466, 2,    7765.55, -120.7,   0.97466, 3,    7765.55,  119.3,   0.97466
"SCN_CN15_9023_CEI077_ATV_S", 13.8, 1,    7750.09,   -0.7,   0.97272, 2,    7750.09, -120.7,   0.97272, 3,    7750.09,  119.3,   0.97272
"SCN_CN15_9302_CEI109_S", 13.8, 1,    7791.13,   -0.7,   0.97787, 2,    7791.13, -120.7,   0.97787, 3,    7791.13,  119.3,   0.97787
"SCN_CN15_9030_CEIRJ006_ATV_S", 13.8, 1,    7748.39,   -0.7,   0.97251, 2,    7748.39, -120.7,   0.97251, 3,    7748.39,  119.3,   0.97251
"SCN_CN15_9102_CEI075_S", 13.8, 1,    7770.16,   -0.7,   0.97524, 2,    7770.16, -120.7,   0.97524, 3,    7770.16,  119.3,   0.97524
"SCN_CN15_9175_CEI69B_S", 13.8, 1,     7773.3,   -0.7,   0.97563, 2,     7773.3, -120.7,   0.97563, 3,     7773.3,  119.3,   0.97563
"SCN_CN15_9077_CEI075_S", 13.8, 1,    7768.64,   -0.7,   0.97505, 2,    7768.64, -120.7,   0.97505, 3,    7768.64,  119.3,   0.97505
"SCN_CN15_9023_CEI130_ATV_S", 13.8, 1,    7775.16,   -0.7,   0.97587, 2,    7775.16, -120.7,   0.97587, 3,    7775.16,  119.3,   0.97587
"SCN_CN15_9031_CEI77A_ATV_S", 13.8, 1,    7748.49,   -0.7,   0.97252, 2,    7748.49, -120.7,   0.97252, 3,    7748.49,  119.3,   0.97252
"SCN_CN15_9095_CEI77A_ATV_S", 13.8, 1,    7749.33,   -0.7,   0.97263, 2,    7749.33, -120.7,   0.97263, 3,    7749.33,  119.3,   0.97263
"SCN_CN15_9102_CEI068_S", 13.8, 1,    7766.63,   -0.7,    0.9748, 2,    7766.63, -120.7,    0.9748, 3,    7766.63,  119.3,    0.9748
"SCN_CN15_9040_CEI148_ATV_S", 13.8, 1,    7776.41,   -0.7,   0.97602, 2,    7776.41, -120.7,   0.97602, 3,    7776.41,  119.3,   0.97602
"SCN_CN15_9308_CEI250_ATV_S", 13.8, 1,    7757.13,   -0.7,    0.9736, 2,    7757.13, -120.7,    0.9736, 3,    7757.13,  119.3,    0.9736
"SCN_CN15_9009_CEI134C_ATV_S", 13.8, 1,    7787.88,   -0.7,   0.97746, 2,    7787.88, -120.7,   0.97746, 3,    7787.88,  119.3,   0.97746
"SCN_CN15_9172_CEI77A_ATV_S", 13.8, 1,     7748.6,   -0.7,   0.97253, 2,     7748.6, -120.7,   0.97253, 3,     7748.6,  119.3,   0.97253
"SCN_CN15_9481_CEI109_S", 13.8, 1,    7782.81,   -0.7,   0.97683, 2,    7782.81, -120.7,   0.97683, 3,    7782.81,  119.3,   0.97683
"SCN_CN15_9009_CEI075_S", 13.8, 1,    7771.22,   -0.7,   0.97537, 2,    7771.22, -120.7,   0.97537, 3,    7771.22,  119.3,   0.97537
"SCN_CN15_9283_CEI250_ATV_S", 13.8, 1,    7757.99,   -0.7,   0.97371, 2,    7757.99, -120.7,   0.97371, 3,    7757.99,  119.3,   0.97371
"SCN_CN15_9169_CEI77A_ATV_S", 13.8, 1,    7748.66,   -0.7,   0.97254, 2,    7748.66, -120.7,   0.97254, 3,    7748.66,  119.3,   0.97254
"SCN_CN15_9197_CEI230_ATV_BT", 0.38, 1,    192.181,   -4.8,   0.87596, 2,    192.181, -124.8,   0.87596, 3,    192.181,  115.2,   0.87596
"SCN_CN15_9198_CEI109_BT", 0.38, 1,    193.118,   -4.9,   0.88024, 2,    193.118, -124.9,   0.88024, 3,    193.118,  115.1,   0.88024
"SCN_CN15_9031_CEI250_ATV_BT", 0.38, 1,    192.161,   -4.8,   0.87587, 2,    192.161, -124.8,   0.87587, 3,    192.161,  115.2,   0.87587
"SCN_CN15_9031_CEI69B_BT", 0.38, 1,    192.353,   -4.8,   0.87675, 2,    192.353, -124.8,   0.87675, 3,    192.353,  115.2,   0.87675
"SCN_CN15_9032_CEI148_ATV_BT", 0.38, 1,    192.405,   -4.8,   0.87699, 2,    192.405, -124.8,   0.87699, 3,    192.405,  115.2,   0.87699
"SCN_CN15_9032_CEI160_ATV_BT", 0.38, 1,    192.452,   -4.8,    0.8772, 2,    192.452, -124.8,    0.8772, 3,    192.452,  115.2,    0.8772
"SCN_CN15_9023_CEI201_ATV_BT", 0.38, 1,    192.536,   -4.8,   0.87759, 2,    192.536, -124.8,   0.87759, 3,    192.536,  115.2,   0.87759
"SCN_CN15_9023_CEI77A_ATV_BT", 0.38, 1,     191.72,   -4.8,   0.87387, 2,     191.72, -124.8,   0.87387, 3,     191.72,  115.2,   0.87387
"SCN_CN15_9023_CEIRJ006_ATV_BT", 0.38, 1,    191.785,   -4.8,   0.87416, 2,    191.785, -124.8,   0.87416, 3,    191.785,  115.2,   0.87416
"SCN_CN15_9024_CEI077_ATV_BT", 0.38, 1,     191.76,   -4.8,   0.87405, 2,     191.76, -124.8,   0.87405, 3,     191.76,  115.2,   0.87405
"SCN_CN15_9031_CEI230B_ATV_BT", 0.38, 1,    192.194,   -4.8,   0.87602, 2,    192.194, -124.8,   0.87602, 3,    192.194,  115.2,   0.87602
"SCN_CN15_9191_CEI109_BT", 0.38, 1,    193.144,   -4.9,   0.88036, 2,    193.144, -124.9,   0.88036, 3,    193.144,  115.1,   0.88036
"SCN_CN15_9193_CEI230_ATV_BT", 0.38, 1,    192.466,   -4.8,   0.87727, 2,    192.466, -124.8,   0.87727, 3,    192.466,  115.2,   0.87727
"SCN_CN15_9193_CEI77A_ATV_BT", 0.38, 1,    191.722,   -4.8,   0.87387, 2,    191.722, -124.8,   0.87388, 3,    191.722,  115.2,   0.87387
"SCN_CN15_9025_CEI134B_ATV_BT", 0.38, 1,    192.686,   -4.8,   0.87827, 2,    192.686, -124.8,   0.87827, 3,    192.686,  115.2,   0.87827
"SCN_CN15_9025_CEI230B_ATV_BT", 0.38, 1,    192.185,   -4.8,   0.87599, 2,    192.185, -124.8,   0.87599, 3,    192.185,  115.2,   0.87599
"SCN_CN15_9026_CEI068_BT", 0.38, 1,    192.151,   -4.8,   0.87583, 2,    192.151, -124.8,   0.87583, 3,    192.151,  115.2,   0.87583
"SCN_CN15_9026_CEI077_ATV_BT", 0.38, 1,    191.759,   -4.8,   0.87404, 2,    191.759, -124.8,   0.87404, 3,    191.759,  115.2,   0.87404
"SCN_CN15_9036_CEI201_ATV_BT", 0.38, 1,    192.546,   -4.8,   0.87763, 2,    192.546, -124.8,   0.87763, 3,    192.546,  115.2,   0.87763
"SCN_CN15_9037_CEI076_BT", 0.38, 1,    192.135,   -4.8,   0.87576, 2,    192.135, -124.8,   0.87576, 3,    192.135,  115.2,   0.87576
"SCN_CN15_9037_CEI134B_ATV_BT", 0.38, 1,    192.684,   -4.8,   0.87826, 2,    192.684, -124.8,   0.87826, 3,    192.684,  115.2,   0.87826
"SCN_CN15_9037_CEI160_ATV_BT", 0.38, 1,    192.339,   -4.8,   0.87669, 2,    192.339, -124.8,   0.87669, 3,    192.339,  115.2,   0.87669
"SCN_CN15_9038_CEIRJ006_ATV_BT", 0.38, 1,     191.75,   -4.8,     0.874, 2,     191.75, -124.8,     0.874, 3,     191.75,  115.2,     0.874
"SCN_CN15_9039_CEI130_ATV_BT", 0.38, 1,    192.438,   -4.8,   0.87714, 2,    192.438, -124.8,   0.87714, 3,    192.438,  115.2,   0.87714
"SCN_CN15_9192_CEI230_ATV_BT", 0.38, 1,    192.467,   -4.8,   0.87727, 2,    192.467, -124.8,   0.87727, 3,    192.467,  115.2,   0.87727
"SCN_CN15_9317_CEI068_BT", 0.38, 1,    192.153,   -4.8,   0.87584, 2,    192.153, -124.8,   0.87584, 3,    192.153,  115.2,   0.87584
"SCN_CN15_9035_CEI068_BT", 0.38, 1,    192.152,   -4.8,   0.87583, 2,    192.152, -124.8,   0.87583, 3,    192.152,  115.2,   0.87583
"SCN_CN15_9454_CEI109_BT", 0.38, 1,    192.695,   -4.8,   0.87831, 2,    192.695, -124.8,   0.87831, 3,    192.695,  115.2,   0.87831
"SCN_CN15_9032_CEI77A_ATV_BT", 0.38, 1,     191.72,   -4.8,   0.87387, 2,     191.72, -124.8,   0.87387, 3,     191.72,  115.2,   0.87387
"SCN_CN15_9032_CEIRJ006_ATV_BT", 0.38, 1,    191.718,   -4.8,   0.87386, 2,    191.718, -124.8,   0.87386, 3,    191.718,  115.2,   0.87386
"SCN_CN15_9036_CEI148A_ATV_BT", 0.38, 1,    192.504,   -4.8,   0.87744, 2,    192.504, -124.8,   0.87744, 3,    192.504,  115.2,   0.87744
"SCN_CN15_9216_CEI109_BT", 0.38, 1,    192.935,   -4.9,    0.8794, 2,    192.935, -124.9,    0.8794, 3,    192.935,  115.1,    0.8794
"SCN_CN15_9216_CEI77A_ATV_BT", 0.38, 1,    191.724,   -4.8,   0.87388, 2,    191.724, -124.8,   0.87388, 3,    191.724,  115.2,   0.87388
"SCN_CN15_9495_CEI109_BT", 0.38, 1,    192.557,   -4.8,   0.87768, 2,    192.557, -124.8,   0.87768, 3,    192.557,  115.2,   0.87768
"SCN_CN15_9493_CEI109_BT", 0.38, 1,    192.557,   -4.8,   0.87768, 2,    192.557, -124.8,   0.87768, 3,    192.557,  115.2,   0.87768
"SCN_CN15_9181_CEI068_BT", 0.38, 1,    192.216,   -4.8,   0.87613, 2,    192.216, -124.8,   0.87613, 3,    192.216,  115.2,   0.87613
"SCN_CN15_9075_CEI77A_ATV_BT", 0.38, 1,    191.719,   -4.8,   0.87386, 2,    191.719, -124.8,   0.87386, 3,    191.719,  115.2,   0.87386
"SCN_CN15_9114_CEI77A_ATV_BT", 0.38, 1,    191.748,   -4.8,   0.87399, 2,    191.748, -124.8,   0.87399, 3,    191.748,  115.2,   0.87399
"SCN_CN15_9041_CEI070_BT", 0.38, 1,    192.068,   -4.8,   0.87545, 2,    192.068, -124.8,   0.87545, 3,    192.068,  115.2,   0.87545
"SCN_CN15_9044_CEI070_BT", 0.38, 1,    192.085,   -4.8,   0.87553, 2,    192.085, -124.8,   0.87553, 3,    192.085,  115.2,   0.87553
"SCN_CN15_9069_CEI072_BT", 0.38, 1,    191.824,   -4.8,   0.87434, 2,    191.824, -124.8,   0.87434, 3,    191.824,  115.2,   0.87434
"SCN_CN15_9198_CEI69A_BT", 0.38, 1,    192.325,   -4.8,   0.87662, 2,    192.325, -124.8,   0.87662, 3,    192.325,  115.2,   0.87662
"SCN_CN15_421166_CEI_BT", 0.38, 1,    192.343,   -4.8,   0.87671, 2,    192.343, -124.8,   0.87671, 3,    192.343,  115.2,   0.87671
"SCN_CN15_9069_CEI075_BT", 0.38, 1,    192.199,   -4.8,   0.87605, 2,    192.199, -124.8,   0.87605, 3,    192.199,  115.2,   0.87605
"SCN_CN15_9052_CEI070_BT", 0.38, 1,    192.076,   -4.8,   0.87549, 2,    192.076, -124.8,   0.87549, 3,    192.076,  115.2,   0.87549
"SCN_CN15_9052_CEI77A_ATV_BT", 0.38, 1,    191.721,   -4.8,   0.87387, 2,    191.721, -124.8,   0.87387, 3,    191.721,  115.2,   0.87387
"SCN_CN15_9052_CEIRJ006_ATV_BT", 0.38, 1,    192.293,   -4.8,   0.87648, 2,    192.293, -124.8,   0.87648, 3,    192.293,  115.2,   0.87648
"SCN_CN15_9054_CEI201_ATV_BT", 0.38, 1,    192.563,   -4.8,   0.87771, 2,    192.563, -124.8,   0.87771, 3,    192.563,  115.2,   0.87771
"SCN_CN15_9201_CEI230_ATV_BT", 0.38, 1,    192.181,   -4.8,   0.87597, 2,    192.181, -124.8,   0.87597, 3,    192.181,  115.2,   0.87597
"SCN_CN15_9205_CEI230_ATV_BT", 0.38, 1,    192.467,   -4.8,   0.87727, 2,    192.467, -124.8,   0.87727, 3,    192.467,  115.2,   0.87727
"SCN_CN15_9207_CEI77A_ATV_BT", 0.38, 1,    191.724,   -4.8,   0.87388, 2,    191.724, -124.8,   0.87388, 3,    191.724,  115.2,   0.87388
"SCN_CN15_9208_CEI230_ATV_BT", 0.38, 1,    192.181,   -4.8,   0.87596, 2,    192.181, -124.8,   0.87596, 3,    192.181,  115.2,   0.87596
"SCN_CN15_9208_CEI77A_ATV_BT", 0.38, 1,    191.724,   -4.8,   0.87388, 2,    191.724, -124.8,   0.87388, 3,    191.724,  115.2,   0.87388
"SCN_CN15_9210_CEI109_BT", 0.38, 1,    192.936,   -4.9,   0.87941, 2,    192.936, -124.9,   0.87941, 3,    192.936,  115.1,   0.87941
"SCN_CN15_9071_CEI070_BT", 0.38, 1,    192.041,   -4.8,   0.87533, 2,    192.041, -124.8,   0.87533, 3,    192.041,  115.2,   0.87533
"SCN_CN15_9074_CEI074_BT", 0.38, 1,    192.181,   -4.8,   0.87596, 2,    192.181, -124.8,   0.87596, 3,    192.181,  115.2,   0.87596
"SCN_CN15_9053_CEI148_ATV_BT", 0.38, 1,     192.41,   -4.8,   0.87701, 2,     192.41, -124.8,   0.87701, 3,     192.41,  115.2,   0.87701
"SCN_CN15_9053_CEI201_ATV_BT", 0.38, 1,    192.558,   -4.8,   0.87768, 2,    192.558, -124.8,   0.87768, 3,    192.558,  115.2,   0.87768
"SCN_CN15_9053_CEI77A_ATV_BT", 0.38, 1,    191.723,   -4.8,   0.87388, 2,    191.723, -124.8,   0.87388, 3,    191.723,  115.2,   0.87388
"SCN_CN15_9053_CEIRJ006_ATV_BT", 0.38, 1,    192.268,   -4.8,   0.87636, 2,    192.268, -124.8,   0.87636, 3,    192.268,  115.2,   0.87636
"SCN_CN15_9056_CEI77A_ATV_BT", 0.38, 1,    191.726,   -4.8,   0.87389, 2,    191.726, -124.8,   0.87389, 3,    191.726,  115.2,   0.87389
"SCN_CN15_9057_CEIRJ006_ATV_BT", 0.38, 1,    192.203,   -4.8,   0.87607, 2,    192.203, -124.8,   0.87607, 3,    192.203,  115.2,   0.87607
"SCN_CN15_9058_CEI220_ATV_BT", 0.38, 1,    192.603,   -4.8,   0.87789, 2,    192.603, -124.8,   0.87789, 3,    192.603,  115.2,   0.87789
"SCN_CN15_9058_CEIRJ006_ATV_BT", 0.38, 1,    192.184,   -4.8,   0.87598, 2,    192.184, -124.8,   0.87598, 3,    192.184,  115.2,   0.87598
"SCN_CN15_9059_CEI068_BT", 0.38, 1,     192.16,   -4.8,   0.87587, 2,     192.16, -124.8,   0.87587, 3,     192.16,  115.2,   0.87587
"SCN_CN15_9059_CEI070_BT", 0.38, 1,     192.05,   -4.8,   0.87537, 2,     192.05, -124.8,   0.87537, 3,     192.05,  115.2,   0.87537
"SCN_CN15_9059_CEI160_ATV_BT", 0.38, 1,    191.936,   -4.8,   0.87485, 2,    191.936, -124.8,   0.87485, 3,    191.936,  115.2,   0.87485
"SCN_CN15_9059_CEI230_ATV_BT", 0.38, 1,    191.745,   -4.8,   0.87398, 2,    191.745, -124.8,   0.87398, 3,    191.745,  115.2,   0.87398
"SCN_CN15_9059_CEIRJ006_ATV_BT", 0.38, 1,    192.176,   -4.8,   0.87594, 2,    192.176, -124.8,   0.87594, 3,    192.176,  115.2,   0.87594
"SCN_CN15_9060_CEI072_BT", 0.38, 1,    191.845,   -4.8,   0.87444, 2,    191.845, -124.8,   0.87444, 3,    191.845,  115.2,   0.87444
"SCN_CN15_9060_CEI148_ATV_BT", 0.38, 1,    192.418,   -4.8,   0.87705, 2,    192.418, -124.8,   0.87705, 3,    192.418,  115.2,   0.87705
"SCN_CN15_9060_CEI160_ATV_BT", 0.38, 1,    191.936,   -4.8,   0.87485, 2,    191.936, -124.8,   0.87485, 3,    191.936,  115.2,   0.87485
"SCN_CN15_9060_CEI77A_ATV_BT", 0.38, 1,    191.725,   -4.8,   0.87389, 2,    191.725, -124.8,   0.87389, 3,    191.725,  115.2,   0.87389
"SCN_CN15_9060_CEIRJ006_ATV_BT", 0.38, 1,    192.175,   -4.8,   0.87594, 2,    192.175, -124.8,   0.87594, 3,    192.175,  115.2,   0.87594
"SCN_CN15_9024_CEI109_BT", 0.38, 1,     192.59,   -4.8,   0.87783, 2,     192.59, -124.8,   0.87783, 3,     192.59,  115.2,   0.87783
"SCN_CN15_9027_CEI220_ATV_BT", 0.38, 1,    193.252,   -4.9,   0.88085, 2,    193.252, -124.9,   0.88085, 3,    193.252,  115.1,   0.88085
"SCN_CN15_9028_CEI134B_ATV_BT", 0.38, 1,    192.685,   -4.8,   0.87827, 2,    192.685, -124.8,   0.87827, 3,    192.685,  115.2,   0.87827
"SCN_CN15_9028_CEI134C_ATV_BT", 0.38, 1,    192.682,   -4.8,   0.87825, 2,    192.682, -124.8,   0.87825, 3,    192.682,  115.2,   0.87825
"SCN_CN15_9054_CEIRJ006_ATV_BT", 0.38, 1,    192.264,   -4.8,   0.87635, 2,    192.264, -124.8,   0.87635, 3,    192.264,  115.2,   0.87635
"SCN_CN15_9049_CEI109_BT", 0.38, 1,    192.801,   -4.8,   0.87879, 2,    192.801, -124.8,   0.87879, 3,    192.801,  115.2,   0.87879
"SCN_CN15_9240_CEI068_BT", 0.38, 1,    192.159,   -4.8,   0.87587, 2,    192.159, -124.8,   0.87587, 3,    192.159,  115.2,   0.87587
"SCN_CN15_9240_CEI109_BT", 0.38, 1,    192.848,   -4.9,   0.87901, 2,    192.848, -124.9,   0.87901, 3,    192.848,  115.1,   0.87901
"SCN_CN15_9245_CEI109_BT", 0.38, 1,    192.981,   -4.9,   0.87961, 2,    192.981, -124.9,   0.87961, 3,    192.981,  115.1,   0.87961
"SCN_CN15_9547_CEI109_BT", 0.38, 1,    192.596,   -4.8,   0.87786, 2,    192.596, -124.8,   0.87786, 3,    192.596,  115.2,   0.87786
"SCN_CN15_9570_CEI109_BT", 0.38, 1,    192.622,   -4.8,   0.87798, 2,    192.622, -124.8,   0.87798, 3,    192.622,  115.2,   0.87798
"SCN_CN15_9003_CEI076_BT", 0.38, 1,    192.151,   -4.8,   0.87583, 2,    192.151, -124.8,   0.87583, 3,    192.151,  115.2,   0.87583
"SCN_CN15_9020_CEI075_BT", 0.38, 1,     192.27,   -4.8,   0.87637, 2,     192.27, -124.8,   0.87637, 3,     192.27,  115.2,   0.87637
"SCN_CN15_9199_CEI77A_ATV_BT", 0.38, 1,    191.722,   -4.8,   0.87387, 2,    191.722, -124.8,   0.87387, 3,    191.722,  115.2,   0.87387
"SCN_CN15_9200_CEI77A_ATV_BT", 0.38, 1,    191.724,   -4.8,   0.87388, 2,    191.724, -124.8,   0.87388, 3,    191.724,  115.2,   0.87388
"SCN_CN15_9092_CEI77A_ATV_BT", 0.38, 1,    191.736,   -4.8,   0.87394, 2,    191.736, -124.8,   0.87394, 3,    191.736,  115.2,   0.87394
"SCN_CN15_9058_CEI071_BT", 0.38, 1,    191.926,   -4.8,    0.8748, 2,    191.926, -124.8,    0.8748, 3,    191.926,  115.2,    0.8748
"SCN_CN15_9070_CEIRJ006_ATV_BT", 0.38, 1,    192.466,   -4.8,   0.87727, 2,    192.466, -124.8,   0.87727, 3,    192.466,  115.2,   0.87727
"SCN_CN15_9071_CEI201_ATV_BT", 0.38, 1,    192.539,   -4.8,    0.8776, 2,    192.539, -124.8,    0.8776, 3,    192.539,  115.2,    0.8776
"SCN_CN15_9071_CEI230_ATV_BT", 0.38, 1,    192.264,   -4.8,   0.87635, 2,    192.264, -124.8,   0.87635, 3,    192.264,  115.2,   0.87635
"SCN_CN15_9071_CEI77A_ATV_BT", 0.38, 1,     191.72,   -4.8,   0.87386, 2,     191.72, -124.8,   0.87386, 3,     191.72,  115.2,   0.87386
"SCN_CN15_9071_CEIRJ006_ATV_BT", 0.38, 1,    192.466,   -4.8,   0.87727, 2,    192.466, -124.8,   0.87727, 3,    192.466,  115.2,   0.87727
"SCN_CN15_9072_CEI148_ATV_BT", 0.38, 1,    192.461,   -4.8,   0.87724, 2,    192.461, -124.8,   0.87724, 3,    192.461,  115.2,   0.87724
"SCN_CN15_9074_CEI148_ATV_BT", 0.38, 1,    192.465,   -4.8,   0.87726, 2,    192.465, -124.8,   0.87726, 3,    192.465,  115.2,   0.87726
"SCN_CN15_9075_CEI131_ATV_BT", 0.38, 1,    192.712,   -4.8,   0.87839, 2,    192.712, -124.8,   0.87839, 3,    192.712,  115.2,   0.87839
"SCN_CN15_9075_CEI201_ATV_BT", 0.38, 1,    192.465,   -4.8,   0.87726, 2,    192.465, -124.8,   0.87726, 3,    192.465,  115.2,   0.87726
"SCN_CN15_9075_CEI220_ATV_BT", 0.38, 1,    192.594,   -4.8,   0.87785, 2,    192.594, -124.8,   0.87785, 3,    192.594,  115.2,   0.87785
"SCN_CN15_9076_CEI77A_ATV_BT", 0.38, 1,    191.718,   -4.8,   0.87386, 2,    191.718, -124.8,   0.87386, 3,    191.718,  115.2,   0.87386
"SCN_CN15_9040_CEI068_BT", 0.38, 1,    192.153,   -4.8,   0.87584, 2,    192.153, -124.8,   0.87584, 3,    192.153,  115.2,   0.87584
"SCN_CN15_9077_CEI068_BT", 0.38, 1,    192.168,   -4.8,   0.87591, 2,    192.168, -124.8,   0.87591, 3,    192.168,  115.2,   0.87591
"SCN_CN15_9078_CEI074_BT", 0.38, 1,    192.182,   -4.8,   0.87597, 2,    192.182, -124.8,   0.87597, 3,    192.182,  115.2,   0.87597
"SCN_CN15_9078_CEI230_ATV_BT", 0.38, 1,    192.265,   -4.8,   0.87635, 2,    192.265, -124.8,   0.87635, 3,    192.265,  115.2,   0.87635
"SCN_CN15_9082_CEI201_ATV_BT", 0.38, 1,    192.402,   -4.8,   0.87697, 2,    192.402, -124.8,   0.87697, 3,    192.402,  115.2,   0.87697
"SCN_CN15_9079_CEI77A_ATV_BT", 0.38, 1,    191.718,   -4.8,   0.87386, 2,    191.718, -124.8,   0.87386, 3,    191.718,  115.2,   0.87386
"SCN_CN15_9080_CEI131_ATV_BT", 0.38, 1,    192.709,   -4.8,   0.87837, 2,    192.709, -124.8,   0.87837, 3,    192.709,  115.2,   0.87837
"SCN_CN15_9080_CEI201_ATV_BT", 0.38, 1,    192.402,   -4.8,   0.87697, 2,    192.402, -124.8,   0.87697, 3,    192.402,  115.2,   0.87697
"SCN_CN15_9082_CEI220_ATV_BT", 0.38, 1,    192.574,   -4.8,   0.87776, 2,    192.574, -124.8,   0.87776, 3,    192.574,  115.2,   0.87776
"SCN_CN15_9082_CEI77A_ATV_BT", 0.38, 1,    191.721,   -4.8,   0.87387, 2,    191.721, -124.8,   0.87387, 3,    191.721,  115.2,   0.87387
"SCN_CN15_9084_CEI071_BT", 0.38, 1,    191.923,   -4.8,   0.87479, 2,    191.923, -124.8,   0.87479, 3,    191.923,  115.2,   0.87479
"SCN_CN15_9038_CEI77A_ATV_BT", 0.38, 1,     191.72,   -4.8,   0.87386, 2,     191.72, -124.8,   0.87386, 3,     191.72,  115.2,   0.87386
"SCN_CN15_9416_CEI109_BT", 0.38, 1,    192.706,   -4.8,   0.87836, 2,    192.706, -124.8,   0.87836, 3,    192.706,  115.2,   0.87836
"SCN_CN15_9028_CEI148A_ATV_BT", 0.38, 1,    192.465,   -4.8,   0.87726, 2,    192.465, -124.8,   0.87726, 3,    192.465,  115.2,   0.87726
"SCN_CN15_9028_CEI167_ATV_BT", 0.38, 1,    191.719,   -4.8,   0.87386, 2,    191.719, -124.8,   0.87386, 3,    191.719,  115.2,   0.87386
"SCN_CN15_9028_CEI201_ATV_BT", 0.38, 1,    192.541,   -4.8,   0.87761, 2,    192.541, -124.8,   0.87761, 3,    192.541,  115.2,   0.87761
"SCN_CN15_9028_CEI220_ATV_BT", 0.38, 1,    193.306,   -4.9,   0.88109, 2,    193.306, -124.9,   0.88109, 3,    193.306,  115.1,   0.88109
"SCN_CN15_9028_CEI69A_BT", 0.38, 1,    192.464,   -4.8,   0.87726, 2,    192.464, -124.8,   0.87726, 3,    192.464,  115.2,   0.87726
"SCN_CN15_9029_CEI077_ATV_BT", 0.38, 1,    191.759,   -4.8,   0.87404, 2,    191.759, -124.8,   0.87404, 3,    191.759,  115.2,   0.87404
"SCN_CN15_9029_CEI134B_ATV_BT", 0.38, 1,    192.687,   -4.8,   0.87827, 2,    192.687, -124.8,   0.87827, 3,    192.687,  115.2,   0.87827
"SCN_CN15_9466_CEI109_BT", 0.38, 1,    192.695,   -4.8,   0.87831, 2,    192.695, -124.8,   0.87831, 3,    192.695,  115.2,   0.87831
"SCN_CN15_9480_CEI109_BT", 0.38, 1,     192.56,   -4.8,   0.87769, 2,     192.56, -124.8,   0.87769, 3,     192.56,  115.2,   0.87769
"SCN_CN15_9488_CEI109_BT", 0.38, 1,    192.558,   -4.8,   0.87768, 2,    192.558, -124.8,   0.87768, 3,    192.558,  115.2,   0.87768
"SCN_CN15_9489_CEI109_BT", 0.38, 1,    192.558,   -4.8,   0.87768, 2,    192.558, -124.8,   0.87768, 3,    192.558,  115.2,   0.87768
"SCN_CN15_9026_CEI074_BT", 0.38, 1,    192.177,   -4.8,   0.87595, 2,    192.177, -124.8,   0.87595, 3,    192.177,  115.2,   0.87595
"SCN_CN15_9098_CEI072_BT", 0.38, 1,    191.798,   -4.8,   0.87422, 2,    191.798, -124.8,   0.87422, 3,    191.798,  115.2,   0.87422
"SCN_CN15_9062_CEI071_BT", 0.38, 1,    191.924,   -4.8,    0.8748, 2,    191.924, -124.8,    0.8748, 3,    191.924,  115.2,    0.8748
"SCN_CN15_9263_CEI109_BT", 0.38, 1,    193.038,   -4.9,   0.87987, 2,    193.038, -124.9,   0.87987, 3,    193.038,  115.1,   0.87987
"SCN_CN15_9085_CEI201_ATV_BT", 0.38, 1,    192.402,   -4.8,   0.87697, 2,    192.402, -124.8,   0.87697, 3,    192.402,  115.2,   0.87697
"SCN_CN15_9085_CEI77A_ATV_BT", 0.38, 1,    191.721,   -4.8,   0.87387, 2,    191.721, -124.8,   0.87387, 3,    191.721,  115.2,   0.87387
"SCN_CN15_9087_CEI109_BT", 0.38, 1,    192.875,   -4.9,   0.87913, 2,    192.875, -124.9,   0.87913, 3,    192.875,  115.1,   0.87913
"SCN_CN15_9069_CEI77A_ATV_BT", 0.38, 1,     191.72,   -4.8,   0.87387, 2,     191.72, -124.8,   0.87387, 3,     191.72,  115.2,   0.87387
"SCN_CN15_9070_CEI201_ATV_BT", 0.38, 1,    192.551,   -4.8,   0.87765, 2,    192.551, -124.8,   0.87765, 3,    192.551,  115.2,   0.87765
"SCN_CN15_9083_CEI148_ATV_BT", 0.38, 1,     192.47,   -4.8,   0.87728, 2,     192.47, -124.8,   0.87728, 3,     192.47,  115.2,   0.87728
"SCN_CN15_9504_CEI109_BT", 0.38, 1,    192.555,   -4.8,   0.87767, 2,    192.555, -124.8,   0.87767, 3,    192.555,  115.2,   0.87767
"SCN_CN15_9055_CEI201_ATV_BT", 0.38, 1,    192.451,   -4.8,    0.8772, 2,    192.451, -124.8,    0.8772, 3,    192.451,  115.2,    0.8772
"SCN_CN15_9212_CEI77A_ATV_BT", 0.38, 1,    191.724,   -4.8,   0.87388, 2,    191.724, -124.8,   0.87388, 3,    191.724,  115.2,   0.87388
"SCN_CN15_9031_CEI077_ATV_BT", 0.38, 1,    191.759,   -4.8,   0.87404, 2,    191.759, -124.8,   0.87404, 3,    191.759,  115.2,   0.87404
"SCN_CN15_9030_CEI134C_ATV_BT", 0.38, 1,    192.682,   -4.8,   0.87825, 2,    192.682, -124.8,   0.87825, 3,    192.682,  115.2,   0.87825
"SCN_CN15_9033_CEI072_BT", 0.38, 1,    191.885,   -4.8,   0.87462, 2,    191.885, -124.8,   0.87462, 3,    191.885,  115.2,   0.87462
"SCN_CN15_9033_CEI074_BT", 0.38, 1,     192.18,   -4.8,   0.87596, 2,     192.18, -124.8,   0.87596, 3,     192.18,  115.2,   0.87596
"SCN_CN15_9033_CEI076_BT", 0.38, 1,    192.136,   -4.8,   0.87576, 2,    192.136, -124.8,   0.87576, 3,    192.136,  115.2,   0.87576
"SCN_CN15_9062_CEIRJ006_ATV_BT", 0.38, 1,     192.18,   -4.8,   0.87596, 2,     192.18, -124.8,   0.87596, 3,     192.18,  115.2,   0.87596
"SCN_CN15_9004_CEI160A_ATV_BT", 0.38, 1,    192.683,   -4.8,   0.87826, 2,    192.683, -124.8,   0.87826, 3,    192.683,  115.2,   0.87826
"SCN_CN15_9088_CEI201_ATV_BT", 0.38, 1,    192.353,   -4.8,   0.87675, 2,    192.353, -124.8,   0.87675, 3,    192.353,  115.2,   0.87675
"SCN_CN15_9089_CEI148_ATV_BT", 0.38, 1,    192.467,   -4.8,   0.87727, 2,    192.467, -124.8,   0.87727, 3,    192.467,  115.2,   0.87727
"SCN_CN15_9090_CEI072_BT", 0.38, 1,    191.811,   -4.8,   0.87428, 2,    191.811, -124.8,   0.87428, 3,    191.811,  115.2,   0.87428
"SCN_CN15_9269_CEI109_BT", 0.38, 1,    192.643,   -4.8,   0.87807, 2,    192.643, -124.8,   0.87807, 3,    192.643,  115.2,   0.87807
"SCN_CN15_9300_CEI250_ATV_BT", 0.38, 1,    191.915,   -4.8,   0.87475, 2,    191.915, -124.8,   0.87475, 3,    191.915,  115.2,   0.87475
"SCN_CN15_9280_CEI250_ATV_BT", 0.38, 1,    191.961,   -4.8,   0.87496, 2,    191.961, -124.8,   0.87496, 3,    191.961,  115.2,   0.87496
"SCN_CN15_9284_CEI250_ATV_BT", 0.38, 1,    191.953,   -4.8,   0.87493, 2,    191.953, -124.8,   0.87493, 3,    191.953,  115.2,   0.87493
"SCN_CN15_9090_CEI230_ATV_BT", 0.38, 1,    192.265,   -4.8,   0.87635, 2,    192.265, -124.8,   0.87635, 3,    192.265,  115.2,   0.87635
"SCN_CN15_9090_CEI77A_ATV_BT", 0.38, 1,    191.728,   -4.8,    0.8739, 2,    191.728, -124.8,    0.8739, 3,    191.728,  115.2,    0.8739
"SCN_CN15_9113_CEI77A_ATV_BT", 0.38, 1,    191.748,   -4.8,   0.87399, 2,    191.748, -124.8,   0.87399, 3,    191.748,  115.2,   0.87399
"SCN_CN15_9092_CEI148_ATV_BT", 0.38, 1,    192.467,   -4.8,   0.87727, 2,    192.467, -124.8,   0.87727, 3,    192.467,  115.2,   0.87727
"SCN_CN15_9291_CEI250_ATV_BT", 0.38, 1,    191.977,   -4.8,   0.87504, 2,    191.977, -124.8,   0.87504, 3,    191.977,  115.2,   0.87504
"SCN_CN15_9320_CEI109_BT", 0.38, 1,    192.765,   -4.8,   0.87863, 2,    192.765, -124.8,   0.87863, 3,    192.765,  115.2,   0.87863
"SCN_CN15_9090_CEI220_ATV_BT", 0.38, 1,    192.575,   -4.8,   0.87776, 2,    192.575, -124.8,   0.87776, 3,    192.575,  115.2,   0.87776
"SCN_CN15_9075_CEI230_ATV_BT", 0.38, 1,    192.266,   -4.8,   0.87635, 2,    192.266, -124.8,   0.87635, 3,    192.266,  115.2,   0.87635
"SCN_CN15_9041_CEIRJ006_ATV_BT", 0.38, 1,    191.744,   -4.8,   0.87398, 2,    191.744, -124.8,   0.87398, 3,    191.744,  115.2,   0.87398
"SCN_CN15_9057_CEI072_BT", 0.38, 1,    191.866,   -4.8,   0.87453, 2,    191.866, -124.8,   0.87453, 3,    191.866,  115.2,   0.87453
"SCN_CN15_9147_CEI201_ATV_BT", 0.38, 1,    192.345,   -4.8,   0.87672, 2,    192.345, -124.8,   0.87672, 3,    192.345,  115.2,   0.87672
"SCN_CN15_9043_CEI130_ATV_BT", 0.38, 1,    192.463,   -4.8,   0.87725, 2,    192.463, -124.8,   0.87725, 3,    192.463,  115.2,   0.87725
"SCN_CN15_9043_CEI77A_ATV_BT", 0.38, 1,     191.72,   -4.8,   0.87386, 2,     191.72, -124.8,   0.87386, 3,     191.72,  115.2,   0.87386
"SCN_CN15_9044_CEI148_ATV_BT", 0.38, 1,    192.403,   -4.8,   0.87698, 2,    192.403, -124.8,   0.87698, 3,    192.403,  115.2,   0.87698
"SCN_CN15_9046_CEI250_ATV_BT", 0.38, 1,    192.164,   -4.8,   0.87589, 2,    192.164, -124.8,   0.87589, 3,    192.164,  115.2,   0.87589
"SCN_CN15_9045_CEI130A_ATV_BT", 0.38, 1,    192.193,   -4.8,   0.87602, 2,    192.193, -124.8,   0.87602, 3,    192.193,  115.2,   0.87602
"SCN_CN15_9045_CEIRJ006_ATV_BT", 0.38, 1,    191.744,   -4.8,   0.87397, 2,    191.744, -124.8,   0.87397, 3,    191.744,  115.2,   0.87397
"SCN_CN15_9046_CEI075_BT", 0.38, 1,    192.265,   -4.8,   0.87635, 2,    192.265, -124.8,   0.87635, 3,    192.265,  115.2,   0.87635
"SCN_CN15_9046_CEI148A_ATV_BT", 0.38, 1,    192.521,   -4.8,   0.87752, 2,    192.521, -124.8,   0.87752, 3,    192.521,  115.2,   0.87752
"SCN_CN15_9030_CEI230B_ATV_BT", 0.38, 1,    192.189,   -4.8,     0.876, 2,    192.189, -124.8,     0.876, 3,    192.189,  115.2,     0.876
"SCN_CN15_9030_CEI77A_ATV_BT", 0.38, 1,    191.721,   -4.8,   0.87387, 2,    191.721, -124.8,   0.87387, 3,    191.721,  115.2,   0.87387
"SCN_CN15_9031_CEI220_ATV_BT", 0.38, 1,    192.989,   -4.9,   0.87965, 2,    192.989, -124.9,   0.87965, 3,    192.989,  115.1,   0.87965
"SCN_CN15_9033_CEI230B_ATV_BT", 0.38, 1,    192.184,   -4.8,   0.87598, 2,    192.184, -124.8,   0.87598, 3,    192.184,  115.2,   0.87598
"SCN_CN15_9033_CEI77A_ATV_BT", 0.38, 1,     191.72,   -4.8,   0.87387, 2,     191.72, -124.8,   0.87387, 3,     191.72,  115.2,   0.87387
"SCN_CN15_9033_CEIRJ006_ATV_BT", 0.38, 1,    191.718,   -4.8,   0.87386, 2,    191.718, -124.8,   0.87386, 3,    191.718,  115.2,   0.87386
"SCN_CN15_9061_CEIRJ006_ATV_BT", 0.38, 1,    192.174,   -4.8,   0.87594, 2,    192.174, -124.8,   0.87594, 3,    192.174,  115.2,   0.87594
"SCN_CN15_9010_CEI121_BT", 0.38, 1,    192.706,   -4.8,   0.87836, 2,    192.706, -124.8,   0.87836, 3,    192.706,  115.2,   0.87836
"SCN_CN15_9011_CEI072_BT", 0.38, 1,    191.886,   -4.8,   0.87462, 2,    191.886, -124.8,   0.87462, 3,    191.886,  115.2,   0.87462
"SCN_CN15_9094_CEI070_BT", 0.38, 1,    192.009,   -4.8,   0.87518, 2,    192.009, -124.8,   0.87518, 3,    192.009,  115.2,   0.87518
"SCN_CN15_9094_CEI148_ATV_BT", 0.38, 1,    192.527,   -4.8,   0.87754, 2,    192.527, -124.8,   0.87754, 3,    192.527,  115.2,   0.87754
"SCN_CN15_9095_CEI131_ATV_BT", 0.38, 1,    192.668,   -4.8,   0.87819, 2,    192.668, -124.8,   0.87819, 3,    192.668,  115.2,   0.87819
"SCN_CN15_9095_CEI230_ATV_BT", 0.38, 1,    192.316,   -4.8,   0.87658, 2,    192.316, -124.8,   0.87658, 3,    192.316,  115.2,   0.87658
"SCN_CN15_9096_CEI148_ATV_BT", 0.38, 1,    192.527,   -4.8,   0.87754, 2,    192.527, -124.8,   0.87754, 3,    192.527,  115.2,   0.87754
"SCN_CN15_9096_CEI77A_ATV_BT", 0.38, 1,    191.741,   -4.8,   0.87396, 2,    191.741, -124.8,   0.87396, 3,    191.741,  115.2,   0.87396
"SCN_CN15_9302_CEI109_BT", 0.38, 1,    192.763,   -4.8,   0.87862, 2,    192.763, -124.8,   0.87862, 3,    192.763,  115.2,   0.87862
"SCN_CN15_9093_CEI076_BT", 0.38, 1,    191.744,   -4.8,   0.87397, 2,    191.744, -124.8,   0.87397, 3,    191.744,  115.2,   0.87397
"SCN_CN15_9093_CEI109_BT", 0.38, 1,    192.876,   -4.9,   0.87914, 2,    192.876, -124.9,   0.87914, 3,    192.876,  115.1,   0.87914
"SCN_CN15_9101_CEI201_ATV_BT", 0.38, 1,    192.401,   -4.8,   0.87697, 2,    192.401, -124.8,   0.87697, 3,    192.401,  115.2,   0.87697
"SCN_CN15_9110_CEI201_ATV_BT", 0.38, 1,    192.401,   -4.8,   0.87697, 2,    192.401, -124.8,   0.87697, 3,    192.401,  115.2,   0.87697
"SCN_CN15_9093_CEI148_ATV_BT", 0.38, 1,    192.527,   -4.8,   0.87754, 2,    192.527, -124.8,   0.87754, 3,    192.527,  115.2,   0.87754
"SCN_CN15_9061_CEI77A_ATV_BT", 0.38, 1,    191.724,   -4.8,   0.87388, 2,    191.724, -124.8,   0.87388, 3,    191.724,  115.2,   0.87388
"SCN_CN15_9159_CEI068_BT", 0.38, 1,    192.159,   -4.8,   0.87586, 2,    192.159, -124.8,   0.87586, 3,    192.159,  115.2,   0.87586
"SCN_CN15_9159_CEI230_ATV_BT", 0.38, 1,    192.203,   -4.8,   0.87607, 2,    192.203, -124.8,   0.87607, 3,    192.203,  115.2,   0.87607
"SCN_CN15_9162_CEI230_ATV_BT", 0.38, 1,    192.213,   -4.8,   0.87611, 2,    192.213, -124.8,   0.87611, 3,    192.213,  115.2,   0.87611
"SCN_CN15_9162_CEI77A_ATV_BT", 0.38, 1,    191.737,   -4.8,   0.87394, 2,    191.737, -124.8,   0.87394, 3,    191.737,  115.2,   0.87394
"SCN_CN15_9163_CEI109_BT", 0.38, 1,    193.252,   -4.9,   0.88085, 2,    193.252, -124.9,   0.88085, 3,    193.252,  115.1,   0.88085
"SCN_CN15_9163_CEI230_ATV_BT", 0.38, 1,    192.216,   -4.8,   0.87613, 2,    192.216, -124.8,   0.87613, 3,    192.216,  115.2,   0.87613
"SCN_CN15_9003_CEI077_BT", 0.38, 1,    191.731,   -4.8,   0.87391, 2,    191.731, -124.8,   0.87391, 3,    191.731,  115.2,   0.87391
"SCN_CN15_9168_CEI230_ATV_BT", 0.38, 1,     192.25,   -4.8,   0.87628, 2,     192.25, -124.8,   0.87628, 3,     192.25,  115.2,   0.87628
"SCN_CN15_9166_CEI068_BT", 0.38, 1,     192.26,   -4.8,   0.87633, 2,     192.26, -124.8,   0.87633, 3,     192.26,  115.2,   0.87633
"SCN_CN15_9166_CEI230_ATV_BT", 0.38, 1,    192.232,   -4.8,    0.8762, 2,    192.232, -124.8,    0.8762, 3,    192.232,  115.2,    0.8762
"SCN_CN15_9167_CEI230_ATV_BT", 0.38, 1,    192.244,   -4.8,   0.87625, 2,    192.244, -124.8,   0.87625, 3,    192.244,  115.2,   0.87625
"SCN_CN15_9169_CEI068_BT", 0.38, 1,    192.248,   -4.8,   0.87627, 2,    192.248, -124.8,   0.87627, 3,    192.248,  115.2,   0.87627
"SCN_CN15_9169_CEI230_ATV_BT", 0.38, 1,    192.276,   -4.8,    0.8764, 2,    192.276, -124.8,    0.8764, 3,    192.276,  115.2,    0.8764
"SCN_CN15_9170_CEI230_ATV_BT", 0.38, 1,    192.262,   -4.8,   0.87634, 2,    192.262, -124.8,   0.87634, 3,    192.262,  115.2,   0.87634
"SCN_CN15_9170_CEI69B_BT", 0.38, 1,    192.326,   -4.8,   0.87663, 2,    192.326, -124.8,   0.87663, 3,    192.326,  115.2,   0.87663
"SCN_CN15_9171_CEI69A_BT", 0.38, 1,    192.472,   -4.8,   0.87729, 2,    192.472, -124.8,   0.87729, 3,    192.472,  115.2,   0.87729
"SCN_CN15_9172_CEI068_BT", 0.38, 1,    192.227,   -4.8,   0.87618, 2,    192.227, -124.8,   0.87618, 3,    192.227,  115.2,   0.87618
"SCN_CN15_9172_CEI69B_BT", 0.38, 1,    192.326,   -4.8,   0.87663, 2,    192.326, -124.8,   0.87663, 3,    192.326,  115.2,   0.87663
"SCN_CN15_9310_CEI109_BT", 0.38, 1,    192.766,   -4.8,   0.87863, 2,    192.766, -124.8,   0.87863, 3,    192.766,  115.2,   0.87863
"SCN_CN15_9319_CEI068_BT", 0.38, 1,    192.153,   -4.8,   0.87584, 2,    192.153, -124.8,   0.87584, 3,    192.153,  115.2,   0.87584
"SCN_CN15_9325_CEI250_ATV_BT", 0.38, 1,    191.924,   -4.8,    0.8748, 2,    191.924, -124.8,    0.8748, 3,    191.924,  115.2,    0.8748
"SCN_CN15_9034_CEI160_ATV_BT", 0.38, 1,    192.452,   -4.8,    0.8772, 2,    192.452, -124.8,    0.8772, 3,    192.452,  115.2,    0.8772
"SCN_CN15_9035_CEI148_ATV_BT", 0.38, 1,    192.405,   -4.8,   0.87699, 2,    192.405, -124.8,   0.87699, 3,    192.405,  115.2,   0.87699
"SCN_CN15_9035_CEI148A_ATV_BT", 0.38, 1,    192.466,   -4.8,   0.87727, 2,    192.466, -124.8,   0.87727, 3,    192.466,  115.2,   0.87727
"SCN_CN15_9035_CEI160_ATV_BT", 0.38, 1,    192.325,   -4.8,   0.87662, 2,    192.325, -124.8,   0.87662, 3,    192.325,  115.2,   0.87662
"SCN_CN15_9035_CEI230B_ATV_BT", 0.38, 1,    192.182,   -4.8,   0.87597, 2,    192.182, -124.8,   0.87597, 3,    192.182,  115.2,   0.87597
"SCN_CN15_9036_CEI134B_ATV_BT", 0.38, 1,    192.684,   -4.8,   0.87826, 2,    192.684, -124.8,   0.87826, 3,    192.684,  115.2,   0.87826
"SCN_CN15_9036_CEI134C_ATV_BT", 0.38, 1,    192.681,   -4.8,   0.87825, 2,    192.681, -124.8,   0.87825, 3,    192.681,  115.2,   0.87825
"SCN_CN15_9173_CEI230_ATV_BT", 0.38, 1,    192.263,   -4.8,   0.87634, 2,    192.263, -124.8,   0.87634, 3,    192.263,  115.2,   0.87634
"SCN_CN15_9173_CEI77A_ATV_BT", 0.38, 1,    191.723,   -4.8,   0.87388, 2,    191.723, -124.8,   0.87388, 3,    191.723,  115.2,   0.87388
"SCN_CN15_9187_CEI230_ATV_BT", 0.38, 1,    192.175,   -4.8,   0.87594, 2,    192.175, -124.8,   0.87594, 3,    192.175,  115.2,   0.87594
"SCN_CN15_9175_CEI77A_ATV_BT", 0.38, 1,    191.723,   -4.8,   0.87388, 2,    191.723, -124.8,   0.87388, 3,    191.723,  115.2,   0.87388
"SCN_CN15_9176_CEI69B_BT", 0.38, 1,    192.328,   -4.8,   0.87664, 2,    192.328, -124.8,   0.87664, 3,    192.328,  115.2,   0.87664
"SCN_CN15_9176_CEI77A_ATV_BT", 0.38, 1,    191.723,   -4.8,   0.87388, 2,    191.723, -124.8,   0.87388, 3,    191.723,  115.2,   0.87388
"SCN_CN15_9361_CEI109_BT", 0.38, 1,    192.533,   -4.8,   0.87757, 2,    192.533, -124.8,   0.87757, 3,    192.533,  115.2,   0.87757
"SCN_CN15_9005_CEI220_ATV_BT", 0.38, 1,    192.325,   -4.8,   0.87663, 2,    192.325, -124.8,   0.87663, 3,    192.325,  115.2,   0.87663
"SCN_CN15_9005_CEI230B_ATV_BT", 0.38, 1,    192.177,   -4.8,   0.87595, 2,    192.177, -124.8,   0.87595, 3,    192.177,  115.2,   0.87595
"SCN_CN15_9006_CEI120_BT", 0.38, 1,    192.548,   -4.8,   0.87764, 2,    192.548, -124.8,   0.87764, 3,    192.548,  115.2,   0.87764
"SCN_CN15_9006_CEI134A_ATV_BT", 0.38, 1,    192.706,   -4.8,   0.87836, 2,    192.706, -124.8,   0.87836, 3,    192.706,  115.2,   0.87836
"SCN_CN15_9006_CEI230B_ATV_BT", 0.38, 1,    192.182,   -4.8,   0.87597, 2,    192.182, -124.8,   0.87597, 3,    192.182,  115.2,   0.87597
"SCN_CN15_9062_CEI201_ATV_BT", 0.38, 1,    192.638,   -4.8,   0.87805, 2,    192.638, -124.8,   0.87805, 3,    192.638,  115.2,   0.87805
"SCN_CN15_9063_CEIRJ006_ATV_BT", 0.38, 1,    192.184,   -4.8,   0.87598, 2,    192.184, -124.8,   0.87598, 3,    192.184,  115.2,   0.87598
"SCN_CN15_9064_CEI201_ATV_BT", 0.38, 1,    192.638,   -4.8,   0.87805, 2,    192.638, -124.8,   0.87805, 3,    192.638,  115.2,   0.87805
"SCN_CN15_9039_CEI201_ATV_BT", 0.38, 1,     192.55,   -4.8,   0.87765, 2,     192.55, -124.8,   0.87765, 3,     192.55,  115.2,   0.87765
"SCN_CN15_9039_CEI69B_BT", 0.38, 1,    192.348,   -4.8,   0.87673, 2,    192.348, -124.8,   0.87673, 3,    192.348,  115.2,   0.87673
"SCN_CN15_9047_CEI77A_ATV_BT", 0.38, 1,    191.722,   -4.8,   0.87387, 2,    191.722, -124.8,   0.87387, 3,    191.722,  115.2,   0.87387
"SCN_CN15_9040_CEI220_ATV_BT", 0.38, 1,    192.943,   -4.9,   0.87944, 2,    192.943, -124.9,   0.87944, 3,    192.943,  115.1,   0.87944
"SCN_CN15_9084_CEI148_ATV_BT", 0.38, 1,    192.469,   -4.8,   0.87728, 2,    192.469, -124.8,   0.87728, 3,    192.469,  115.2,   0.87728
"SCN_CN15_9087_CEI230_ATV_BT", 0.38, 1,    192.265,   -4.8,   0.87635, 2,    192.265, -124.8,   0.87635, 3,    192.265,  115.2,   0.87635
"SCN_CN15_9066_CEI070_BT", 0.38, 1,    192.048,   -4.8,   0.87536, 2,    192.048, -124.8,   0.87536, 3,    192.048,  115.2,   0.87536
"SCN_CN15_9066_CEI148_ATV_BT", 0.38, 1,    192.452,   -4.8,    0.8772, 2,    192.452, -124.8,    0.8772, 3,    192.452,  115.2,    0.8772
"SCN_CN15_9066_CEI77A_ATV_BT", 0.38, 1,    191.721,   -4.8,   0.87387, 2,    191.721, -124.8,   0.87387, 3,    191.721,  115.2,   0.87387
"SCN_CN15_9007_CEI075_BT", 0.38, 1,    192.282,   -4.8,   0.87643, 2,    192.282, -124.8,   0.87643, 3,    192.282,  115.2,   0.87643
"SCN_CN15_9007_CEI077_ATV_BT", 0.38, 1,    191.778,   -4.8,   0.87413, 2,    191.778, -124.8,   0.87413, 3,    191.778,  115.2,   0.87413
"SCN_CN15_9007_CEI134_ATV_BT", 0.38, 1,    192.706,   -4.8,   0.87836, 2,    192.706, -124.8,   0.87836, 3,    192.706,  115.2,   0.87836
"SCN_CN15_9009_CEI148_ATV_BT", 0.38, 1,    192.363,   -4.8,    0.8768, 2,    192.363, -124.8,    0.8768, 3,    192.363,  115.2,    0.8768
"SCN_CN15_9009_CEI148A_ATV_BT", 0.38, 1,    192.462,   -4.8,   0.87725, 2,    192.462, -124.8,   0.87725, 3,    192.462,  115.2,   0.87725
"SCN_CN15_9009_CEI230_ATV_BT", 0.38, 1,    191.725,   -4.8,   0.87389, 2,    191.725, -124.8,   0.87389, 3,    191.725,  115.2,   0.87389
"SCN_CN15_9010_CEI134_ATV_BT", 0.38, 1,    192.704,   -4.8,   0.87835, 2,    192.704, -124.8,   0.87835, 3,    192.704,  115.2,   0.87835
"SCN_CN15_9010_CEI134C_ATV_BT", 0.38, 1,    192.683,   -4.8,   0.87826, 2,    192.683, -124.8,   0.87826, 3,    192.683,  115.2,   0.87826
"SCN_CN15_9007_CEI148A_ATV_BT", 0.38, 1,    192.461,   -4.8,   0.87724, 2,    192.461, -124.8,   0.87724, 3,    192.461,  115.2,   0.87724
"SCN_CN15_9007_CEI77A_ATV_BT", 0.38, 1,    191.718,   -4.8,   0.87386, 2,    191.718, -124.8,   0.87386, 3,    191.718,  115.2,   0.87386
"SCN_CN15_9008_CEI134A_ATV_BT", 0.38, 1,    192.706,   -4.8,   0.87836, 2,    192.706, -124.8,   0.87836, 3,    192.706,  115.2,   0.87836
"SCN_CN15_9010_CEIRJ006_ATV_BT", 0.38, 1,     191.93,   -4.8,   0.87482, 2,     191.93, -124.8,   0.87482, 3,     191.93,  115.2,   0.87482
"SCN_CN15_9011_CEI77A_ATV_BT", 0.38, 1,    191.718,   -4.8,   0.87386, 2,    191.718, -124.8,   0.87386, 3,    191.718,  115.2,   0.87386
"SCN_CN15_9015_CEI077_ATV_BT", 0.38, 1,    191.772,   -4.8,    0.8741, 2,    191.772, -124.8,    0.8741, 3,    191.772,  115.2,    0.8741
"SCN_CN15_9011_CEIRJ013_ATV_BT", 0.38, 1,    192.556,   -4.8,   0.87768, 2,    192.556, -124.8,   0.87768, 3,    192.556,  115.2,   0.87768
"SCN_CN15_9067_CEI201_ATV_BT", 0.38, 1,    192.545,   -4.8,   0.87763, 2,    192.545, -124.8,   0.87763, 3,    192.545,  115.2,   0.87763
"SCN_CN15_9068_CEI068_BT", 0.38, 1,    192.163,   -4.8,   0.87589, 2,    192.163, -124.8,   0.87589, 3,    192.163,  115.2,   0.87589
"SCN_CN15_9068_CEI230_ATV_BT", 0.38, 1,    192.265,   -4.8,   0.87635, 2,    192.265, -124.8,   0.87635, 3,    192.265,  115.2,   0.87635
"SCN_CN15_9069_CEI148_ATV_BT", 0.38, 1,    192.456,   -4.8,   0.87722, 2,    192.456, -124.8,   0.87722, 3,    192.456,  115.2,   0.87722
"SCN_CN15_9069_CEI230_ATV_BT", 0.38, 1,    192.264,   -4.8,   0.87635, 2,    192.264, -124.8,   0.87635, 3,    192.264,  115.2,   0.87635
"SCN_CN15_9180_CEI230_ATV_BT", 0.38, 1,    192.177,   -4.8,   0.87595, 2,    192.177, -124.8,   0.87595, 3,    192.177,  115.2,   0.87595
"SCN_CN15_9180_CEI77A_ATV_BT", 0.38, 1,    191.723,   -4.8,   0.87388, 2,    191.723, -124.8,   0.87388, 3,    191.723,  115.2,   0.87388
"SCN_CN15_9181_CEI69A_BT", 0.38, 1,    192.325,   -4.8,   0.87662, 2,    192.325, -124.8,   0.87662, 3,    192.325,  115.2,   0.87662
"SCN_CN15_9181_CEI77A_ATV_BT", 0.38, 1,    191.723,   -4.8,   0.87388, 2,    191.723, -124.8,   0.87388, 3,    191.723,  115.2,   0.87388
"SCN_CN15_9182_CEI230_ATV_BT", 0.38, 1,    192.178,   -4.8,   0.87595, 2,    192.178, -124.8,   0.87595, 3,    192.178,  115.2,   0.87595
"SCN_CN15_9182_CEI77A_ATV_BT", 0.38, 1,    191.726,   -4.8,   0.87389, 2,    191.726, -124.8,   0.87389, 3,    191.726,  115.2,   0.87389
"SCN_CN15_9183_CEI068_BT", 0.38, 1,    192.206,   -4.8,   0.87608, 2,    192.206, -124.8,   0.87608, 3,    192.206,  115.2,   0.87608
"SCN_CN15_9183_CEI109_BT", 0.38, 1,    193.171,   -4.9,   0.88048, 2,    193.171, -124.9,   0.88048, 3,    193.171,  115.1,   0.88048
"SCN_CN15_9183_CEI230_ATV_BT", 0.38, 1,    192.183,   -4.8,   0.87598, 2,    192.183, -124.8,   0.87598, 3,    192.183,  115.2,   0.87598
"SCN_CN15_9185_CEI69A_BT", 0.38, 1,    192.325,   -4.8,   0.87662, 2,    192.325, -124.8,   0.87662, 3,    192.325,  115.2,   0.87662
"SCN_CN15_9195_CEI230_ATV_BT", 0.38, 1,    192.466,   -4.8,   0.87727, 2,    192.466, -124.8,   0.87727, 3,    192.466,  115.2,   0.87727
"SCN_CN15_9390_CEI109_BT", 0.38, 1,    192.564,   -4.8,   0.87771, 2,    192.564, -124.8,   0.87771, 3,    192.564,  115.2,   0.87771
"SCN_CN15_9025_CEI130_ATV_BT", 0.38, 1,    192.381,   -4.8,   0.87688, 2,    192.381, -124.8,   0.87688, 3,    192.381,  115.2,   0.87688
"SCN_CN15_9039_CEI160_ATV_BT", 0.38, 1,    191.759,   -4.8,   0.87404, 2,    191.759, -124.8,   0.87404, 3,    191.759,  115.2,   0.87404
"SCN_CN15_9042_CEI160_ATV_BT", 0.38, 1,    191.771,   -4.8,    0.8741, 2,    191.771, -124.8,    0.8741, 3,    191.771,  115.2,    0.8741
"SCN_CN15_9004_CEI109_BT", 0.38, 1,     192.59,   -4.8,   0.87783, 2,     192.59, -124.8,   0.87783, 3,     192.59,  115.2,   0.87783
"SCN_CN15_9004_CEI148A_ATV_BT", 0.38, 1,    192.461,   -4.8,   0.87724, 2,    192.461, -124.8,   0.87724, 3,    192.461,  115.2,   0.87724
"SCN_CN15_9004_CEI201_ATV_BT", 0.38, 1,     192.53,   -4.8,   0.87756, 2,     192.53, -124.8,   0.87756, 3,     192.53,  115.2,   0.87756
"SCN_CN15_9004_CEI230_ATV_BT", 0.38, 1,    191.726,   -4.8,   0.87389, 2,    191.726, -124.8,   0.87389, 3,    191.726,  115.2,   0.87389
"SCN_CN15_9004_CEIRJ012_ATV_BT", 0.38, 1,    191.771,   -4.8,    0.8741, 2,    191.771, -124.8,    0.8741, 3,    191.771,  115.2,    0.8741
"SCN_CN15_9098_CEI131_ATV_BT", 0.38, 1,     192.65,   -4.8,    0.8781, 2,     192.65, -124.8,    0.8781, 3,     192.65,  115.2,    0.8781
"SCN_CN15_9099_CEI77A_ATV_BT", 0.38, 1,    191.741,   -4.8,   0.87396, 2,    191.741, -124.8,   0.87396, 3,    191.741,  115.2,   0.87396
"SCN_CN15_9100_CEI201_ATV_BT", 0.38, 1,    192.401,   -4.8,   0.87697, 2,    192.401, -124.8,   0.87697, 3,    192.401,  115.2,   0.87697
"SCN_CN15_9101_CEI068_BT", 0.38, 1,    192.155,   -4.8,   0.87585, 2,    192.155, -124.8,   0.87585, 3,    192.155,  115.2,   0.87585
"SCN_CN15_9101_CEI109_BT", 0.38, 1,    192.887,   -4.9,   0.87918, 2,    192.887, -124.9,   0.87918, 3,    192.887,  115.1,   0.87918
"SCN_CN15_9101_CEI77A_ATV_BT", 0.38, 1,    191.747,   -4.8,   0.87399, 2,    191.747, -124.8,   0.87399, 3,    191.747,  115.2,   0.87399
"SCN_CN15_9102_CEI220_ATV_BT", 0.38, 1,    192.555,   -4.8,   0.87767, 2,    192.555, -124.8,   0.87767, 3,    192.555,  115.2,   0.87767
"SCN_CN15_9103_CEI77A_ATV_BT", 0.38, 1,    191.749,   -4.8,     0.874, 2,    191.749, -124.8,     0.874, 3,    191.749,  115.2,     0.874
"SCN_CN15_9104_CEI201_ATV_BT", 0.38, 1,    192.401,   -4.8,   0.87697, 2,    192.401, -124.8,   0.87697, 3,    192.401,  115.2,   0.87697
"SCN_CN15_9001_CEI134_ATV_BT", 0.38, 1,    192.707,   -4.8,   0.87836, 2,    192.707, -124.8,   0.87836, 3,    192.707,  115.2,   0.87836
"SCN_CN15_9001_CEI148A_ATV_BT", 0.38, 1,    192.461,   -4.8,   0.87724, 2,    192.461, -124.8,   0.87724, 3,    192.461,  115.2,   0.87724
"SCN_CN15_9001_CEI160_ATV_BT", 0.38, 1,    192.463,   -4.8,   0.87725, 2,    192.463, -124.8,   0.87725, 3,    192.463,  115.2,   0.87725
"SCN_CN15_9001_CEI230B_ATV_BT", 0.38, 1,    192.177,   -4.8,   0.87595, 2,    192.177, -124.8,   0.87595, 3,    192.177,  115.2,   0.87595
"SCN_CN15_9002_CEI077_BT", 0.38, 1,    191.752,   -4.8,   0.87401, 2,    191.752, -124.8,   0.87401, 3,    191.752,  115.2,   0.87401
"SCN_CN15_9002_CEI148_ATV_BT", 0.38, 1,    192.357,   -4.8,   0.87677, 2,    192.357, -124.8,   0.87677, 3,    192.357,  115.2,   0.87677
"SCN_CN15_9011_CEI109_BT", 0.38, 1,     192.59,   -4.8,   0.87783, 2,     192.59, -124.8,   0.87783, 3,     192.59,  115.2,   0.87783
"SCN_CN15_9011_CEI134B_ATV_BT", 0.38, 1,    192.683,   -4.8,   0.87826, 2,    192.683, -124.8,   0.87826, 3,    192.683,  115.2,   0.87826
"SCN_CN15_9013_CEI201_ATV_BT", 0.38, 1,    192.532,   -4.8,   0.87756, 2,    192.532, -124.8,   0.87756, 3,    192.532,  115.2,   0.87756
"SCN_CN15_9013_CEI69B_BT", 0.38, 1,    192.331,   -4.8,   0.87665, 2,    192.331, -124.8,   0.87665, 3,    192.331,  115.2,   0.87665
"SCN_CN15_9014_CEI134_ATV_BT", 0.38, 1,    192.706,   -4.8,   0.87836, 2,    192.706, -124.8,   0.87836, 3,    192.706,  115.2,   0.87836
"SCN_CN15_9014_CEI134C_ATV_BT", 0.38, 1,    192.683,   -4.8,   0.87825, 2,    192.683, -124.8,   0.87825, 3,    192.683,  115.2,   0.87825
"SCN_CN15_9019_CEI148A_ATV_BT", 0.38, 1,    192.464,   -4.8,   0.87726, 2,    192.464, -124.8,   0.87726, 3,    192.464,  115.2,   0.87726
"SCN_CN15_9019_CEI201_ATV_BT", 0.38, 1,    192.534,   -4.8,   0.87758, 2,    192.534, -124.8,   0.87758, 3,    192.534,  115.2,   0.87758
"SCN_CN15_9019_CEIRJ006_ATV_BT", 0.38, 1,    191.924,   -4.8,    0.8748, 2,    191.924, -124.8,    0.8748, 3,    191.924,  115.2,    0.8748
"SCN_CN15_9028_CEI077_ATV_BT", 0.38, 1,    191.759,   -4.8,   0.87404, 2,    191.759, -124.8,   0.87404, 3,    191.759,  115.2,   0.87404
"SCN_CN15_9020_CEI070_BT", 0.38, 1,    192.026,   -4.8,   0.87526, 2,    192.026, -124.8,   0.87526, 3,    192.026,  115.2,   0.87526
"SCN_CN15_9014_CEI148_ATV_BT", 0.38, 1,    192.377,   -4.8,   0.87686, 2,    192.377, -124.8,   0.87686, 3,    192.377,  115.2,   0.87686
"SCN_CN15_9014_CEI230_ATV_BT", 0.38, 1,    191.727,   -4.8,    0.8739, 2,    191.727, -124.8,    0.8739, 3,    191.727,  115.2,    0.8739
"SCN_CN15_9014_CEI69A_BT", 0.38, 1,    192.464,   -4.8,   0.87726, 2,    192.464, -124.8,   0.87726, 3,    192.464,  115.2,   0.87726
"SCN_CN15_9014_CEI77A_ATV_BT", 0.38, 1,    191.718,   -4.8,   0.87386, 2,    191.718, -124.8,   0.87386, 3,    191.718,  115.2,   0.87386
"SCN_CN15_9015_CEI074_BT", 0.38, 1,    192.174,   -4.8,   0.87594, 2,    192.174, -124.8,   0.87594, 3,    192.174,  115.2,   0.87594
"SCN_CN15_9016_CEI076_BT", 0.38, 1,    192.143,   -4.8,   0.87579, 2,    192.143, -124.8,   0.87579, 3,    192.143,  115.2,   0.87579
"SCN_CN15_9016_CEI120_BT", 0.38, 1,    192.556,   -4.8,   0.87767, 2,    192.556, -124.8,   0.87767, 3,    192.556,  115.2,   0.87767
"SCN_CN15_9107_CEI201_ATV_BT", 0.38, 1,    192.401,   -4.8,   0.87697, 2,    192.401, -124.8,   0.87697, 3,    192.401,  115.2,   0.87697
"SCN_CN15_9107_CEI220_ATV_BT", 0.38, 1,    192.555,   -4.8,   0.87767, 2,    192.555, -124.8,   0.87767, 3,    192.555,  115.2,   0.87767
"SCN_CN15_9107_CEI77A_ATV_BT", 0.38, 1,     191.75,   -4.8,     0.874, 2,     191.75, -124.8,     0.874, 3,     191.75,  115.2,     0.874
"SCN_CN15_9126_CEI230_ATV_BT", 0.38, 1,    192.263,   -4.8,   0.87634, 2,    192.263, -124.8,   0.87634, 3,    192.263,  115.2,   0.87634
"SCN_CN15_9108_CEI77A_ATV_BT", 0.38, 1,    191.749,   -4.8,     0.874, 2,    191.749, -124.8,     0.874, 3,    191.749,  115.2,     0.874
"SCN_CN15_9110_CEI77A_ATV_BT", 0.38, 1,    191.749,   -4.8,     0.874, 2,    191.749, -124.8,     0.874, 3,    191.749,  115.2,     0.874
"SCN_CN15_9111_CEI77A_ATV_BT", 0.38, 1,    191.748,   -4.8,   0.87399, 2,    191.748, -124.8,   0.87399, 3,    191.748,  115.2,   0.87399
"SCN_CN15_9342_CEI109_BT", 0.38, 1,    192.551,   -4.8,   0.87765, 2,    192.551, -124.8,   0.87765, 3,    192.551,  115.2,   0.87765
"SCN_CN15_9441_CEI109_BT", 0.38, 1,    192.694,   -4.8,    0.8783, 2,    192.694, -124.8,    0.8783, 3,    192.694,  115.2,    0.8783
"SCN_CN15_9449_CEI109_BT", 0.38, 1,    192.694,   -4.8,    0.8783, 2,    192.694, -124.8,    0.8783, 3,    192.694,  115.2,    0.8783
"SCN_CN15_9047_CEI076_BT", 0.38, 1,    192.135,   -4.8,   0.87576, 2,    192.135, -124.8,   0.87576, 3,    192.135,  115.2,   0.87576
"SCN_CN15_9047_CEI148A_ATV_BT", 0.38, 1,    192.515,   -4.8,   0.87749, 2,    192.515, -124.8,   0.87749, 3,    192.515,  115.2,   0.87749
"SCN_CN15_9047_CEI220_ATV_BT", 0.38, 1,    192.921,   -4.9,   0.87934, 2,    192.921, -124.9,   0.87934, 3,    192.921,  115.1,   0.87934
"SCN_CN15_9048_CEI148A_ATV_BT", 0.38, 1,    192.509,   -4.8,   0.87746, 2,    192.509, -124.8,   0.87746, 3,    192.509,  115.2,   0.87746
"SCN_CN15_9049_CEI160_ATV_BT", 0.38, 1,    191.771,   -4.8,    0.8741, 2,    191.771, -124.8,    0.8741, 3,    191.771,  115.2,    0.8741
"SCN_CN15_9049_CEI201_ATV_BT", 0.38, 1,    192.561,   -4.8,    0.8777, 2,    192.561, -124.8,    0.8777, 3,    192.561,  115.2,    0.8777
"SCN_CN15_9049_CEI250_ATV_BT", 0.38, 1,    192.163,   -4.8,   0.87589, 2,    192.163, -124.8,   0.87589, 3,    192.163,  115.2,   0.87589
"SCN_CN15_9050_CEI201_ATV_BT", 0.38, 1,    192.561,   -4.8,    0.8777, 2,    192.561, -124.8,    0.8777, 3,    192.561,  115.2,    0.8777
"SCN_CN15_9051_CEI070_BT", 0.38, 1,    192.094,   -4.8,   0.87557, 2,    192.094, -124.8,   0.87557, 3,    192.094,  115.2,   0.87557
"SCN_CN15_9051_CEI201_ATV_BT", 0.38, 1,     192.56,   -4.8,   0.87769, 2,     192.56, -124.8,   0.87769, 3,     192.56,  115.2,   0.87769
"SCN_CN15_9051_CEI69B_BT", 0.38, 1,    192.339,   -4.8,   0.87669, 2,    192.339, -124.8,   0.87669, 3,    192.339,  115.2,   0.87669
"SCN_CN15_9051_CEI77A_ATV_BT", 0.38, 1,    191.721,   -4.8,   0.87387, 2,    191.721, -124.8,   0.87387, 3,    191.721,  115.2,   0.87387
"SCN_CN15_9002_CEI160_ATV_BT", 0.38, 1,    192.463,   -4.8,   0.87725, 2,    192.463, -124.8,   0.87725, 3,    192.463,  115.2,   0.87725
"SCN_CN15_9003_CEI121_BT", 0.38, 1,    192.706,   -4.8,   0.87836, 2,    192.706, -124.8,   0.87836, 3,    192.706,  115.2,   0.87836
"SCN_CN15_9016_CEI134_ATV_BT", 0.38, 1,     192.69,   -4.8,   0.87829, 2,     192.69, -124.8,   0.87829, 3,     192.69,  115.2,   0.87829
"SCN_CN15_9112_CEI201_ATV_BT", 0.38, 1,    192.401,   -4.8,   0.87697, 2,    192.401, -124.8,   0.87697, 3,    192.401,  115.2,   0.87697
"SCN_CN15_9113_CEI076_BT", 0.38, 1,    191.744,   -4.8,   0.87397, 2,    191.744, -124.8,   0.87397, 3,    191.744,  115.2,   0.87397
"SCN_CN15_9114_CEI072_BT", 0.38, 1,    191.797,   -4.8,   0.87421, 2,    191.797, -124.8,   0.87421, 3,    191.797,  115.2,   0.87421
"SCN_CN15_9115_CEI230_ATV_BT", 0.38, 1,    192.313,   -4.8,   0.87657, 2,    192.313, -124.8,   0.87657, 3,    192.313,  115.2,   0.87657
"SCN_CN15_9116_CEI109_BT", 0.38, 1,    192.885,   -4.9,   0.87918, 2,    192.885, -124.9,   0.87918, 3,    192.885,  115.1,   0.87918
"SCN_CN15_9125_CEI77A_ATV_BT", 0.38, 1,    191.745,   -4.8,   0.87398, 2,    191.745, -124.8,   0.87398, 3,    191.745,  115.2,   0.87398
"SCN_CN15_9124_CEI109_BT", 0.38, 1,    193.351,   -4.9,    0.8813, 2,    193.351, -124.9,    0.8813, 3,    193.351,  115.1,    0.8813
"SCN_CN15_9128_CEI230_ATV_BT", 0.38, 1,    192.256,   -4.8,   0.87631, 2,    192.256, -124.8,   0.87631, 3,    192.256,  115.2,   0.87631
"SCN_CN15_9128_CEI77A_ATV_BT", 0.38, 1,    191.744,   -4.8,   0.87398, 2,    191.744, -124.8,   0.87398, 3,    191.744,  115.2,   0.87398
"SCN_CN15_9131_CEI230_ATV_BT", 0.38, 1,    192.234,   -4.8,   0.87621, 2,    192.234, -124.8,   0.87621, 3,    192.234,  115.2,   0.87621
"SCN_CN15_9414_CEI109_BT", 0.38, 1,    192.689,   -4.8,   0.87828, 2,    192.689, -124.8,   0.87828, 3,    192.689,  115.2,   0.87828
"SCN_CN15_9022_CEIRJ006_ATV_BT", 0.38, 1,    191.792,   -4.8,   0.87419, 2,    191.792, -124.8,   0.87419, 3,    191.792,  115.2,   0.87419
"SCN_CN15_9428_CEI109_BT", 0.38, 1,    192.697,   -4.8,   0.87832, 2,    192.697, -124.8,   0.87832, 3,    192.697,  115.2,   0.87832
"SCN_CN15_9187_CEI77A_ATV_BT", 0.38, 1,    191.723,   -4.8,   0.87388, 2,    191.723, -124.8,   0.87388, 3,    191.723,  115.2,   0.87388
"SCN_CN15_9189_CEI068_BT", 0.38, 1,    192.194,   -4.8,   0.87603, 2,    192.194, -124.8,   0.87603, 3,    192.194,  115.2,   0.87603
"SCN_CN15_9189_CEI69B_BT", 0.38, 1,     192.33,   -4.8,   0.87665, 2,     192.33, -124.8,   0.87665, 3,     192.33,  115.2,   0.87665
"SCN_CN15_9190_CEI77A_ATV_BT", 0.38, 1,    191.722,   -4.8,   0.87388, 2,    191.722, -124.8,   0.87388, 3,    191.722,  115.2,   0.87388
"SCN_CN15_9020_CEI120_BT", 0.38, 1,    192.556,   -4.8,   0.87768, 2,    192.556, -124.8,   0.87768, 3,    192.556,  115.2,   0.87768
"SCN_CN15_9020_CEI130_ATV_BT", 0.38, 1,    192.372,   -4.8,   0.87684, 2,    192.372, -124.8,   0.87684, 3,    192.372,  115.2,   0.87684
"SCN_CN15_9020_CEI134C_ATV_BT", 0.38, 1,    192.682,   -4.8,   0.87825, 2,    192.682, -124.8,   0.87825, 3,    192.682,  115.2,   0.87825
"SCN_CN15_9016_CEI160_ATV_BT", 0.38, 1,    192.556,   -4.8,   0.87768, 2,    192.556, -124.8,   0.87768, 3,    192.556,  115.2,   0.87768
"SCN_CN15_9017_CEI077_ATV_BT", 0.38, 1,    191.767,   -4.8,   0.87408, 2,    191.767, -124.8,   0.87408, 3,    191.767,  115.2,   0.87408
"SCN_CN15_9021_CEI148_ATV_BT", 0.38, 1,    192.384,   -4.8,   0.87689, 2,    192.384, -124.8,   0.87689, 3,    192.384,  115.2,   0.87689
"SCN_CN15_9003_CEI160A_ATV_BT", 0.38, 1,    192.706,   -4.8,   0.87836, 2,    192.706, -124.8,   0.87836, 3,    192.706,  115.2,   0.87836
"SCN_CN15_9003_CEI230B_ATV_BT", 0.38, 1,    192.177,   -4.8,   0.87595, 2,    192.177, -124.8,   0.87595, 3,    192.177,  115.2,   0.87595
"SCN_CN15_9008_CEI201_ATV_BT", 0.38, 1,     192.53,   -4.8,   0.87756, 2,     192.53, -124.8,   0.87756, 3,     192.53,  115.2,   0.87756
"SCN_CN15_9008_CEIRJ006_ATV_BT", 0.38, 1,     192.05,   -4.8,   0.87537, 2,     192.05, -124.8,   0.87537, 3,     192.05,  115.2,   0.87537
"SCN_CN15_9009_CEI077_ATV_BT", 0.38, 1,    191.778,   -4.8,   0.87413, 2,    191.778, -124.8,   0.87413, 3,    191.778,  115.2,   0.87413
"SCN_CN15_9009_CEI134_ATV_BT", 0.38, 1,    192.707,   -4.8,   0.87836, 2,    192.707, -124.8,   0.87836, 3,    192.707,  115.2,   0.87836
"SCN_CN15_9132_CEI201_ATV_BT", 0.38, 1,    192.403,   -4.8,   0.87698, 2,    192.403, -124.8,   0.87698, 3,    192.403,  115.2,   0.87698
"SCN_CN15_9133_CEI77A_ATV_BT", 0.38, 1,     191.75,   -4.8,     0.874, 2,     191.75, -124.8,     0.874, 3,     191.75,  115.2,     0.874
"SCN_CN15_9143_CEI109_BT", 0.38, 1,    192.977,   -4.9,    0.8796, 2,    192.977, -124.9,    0.8796, 3,    192.977,  115.1,    0.8796
"SCN_CN15_9143_CEI201_ATV_BT", 0.38, 1,    192.341,   -4.8,    0.8767, 2,    192.341, -124.8,    0.8767, 3,    192.341,  115.2,    0.8767
"SCN_CN15_9143_CEI230_ATV_BT", 0.38, 1,    192.228,   -4.8,   0.87618, 2,    192.228, -124.8,   0.87618, 3,    192.228,  115.2,   0.87618
"SCN_CN15_9145_CEI230_ATV_BT", 0.38, 1,    192.228,   -4.8,   0.87618, 2,    192.228, -124.8,   0.87618, 3,    192.228,  115.2,   0.87618
"SCN_CN15_9145_CEI69B_BT", 0.38, 1,    192.339,   -4.8,   0.87669, 2,    192.339, -124.8,   0.87669, 3,    192.339,  115.2,   0.87669
"SCN_CN15_9146_CEI230_ATV_BT", 0.38, 1,    192.228,   -4.8,   0.87618, 2,    192.228, -124.8,   0.87618, 3,    192.228,  115.2,   0.87618
"SCN_CN15_9147_CEI220_ATV_BT", 0.38, 1,    192.555,   -4.8,   0.87767, 2,    192.555, -124.8,   0.87767, 3,    192.555,  115.2,   0.87767
"SCN_CN15_9149_CEI77A_ATV_BT", 0.38, 1,    191.746,   -4.8,   0.87398, 2,    191.746, -124.8,   0.87398, 3,    191.746,  115.2,   0.87398
"SCN_CN15_9151_CEI230_ATV_BT", 0.38, 1,    192.217,   -4.8,   0.87613, 2,    192.217, -124.8,   0.87613, 3,    192.217,  115.2,   0.87613
"SCN_CN15_9153_CEI109_BT", 0.38, 1,    193.414,   -4.9,   0.88159, 2,    193.414, -124.9,   0.88159, 3,    193.414,  115.1,   0.88159
"SCN_CN15_9153_CEI77A_ATV_BT", 0.38, 1,    191.746,   -4.8,   0.87398, 2,    191.746, -124.8,   0.87398, 3,    191.746,  115.2,   0.87398
"SCN_CN15_9157_CEI230_ATV_BT", 0.38, 1,    192.217,   -4.8,   0.87613, 2,    192.217, -124.8,   0.87613, 3,    192.217,  115.2,   0.87613
"SCN_CN15_9157_CEI77A_ATV_BT", 0.38, 1,    191.743,   -4.8,   0.87397, 2,    191.743, -124.8,   0.87397, 3,    191.743,  115.2,   0.87397
"SCN_CN15_9158_CEI109_BT", 0.38, 1,    193.333,   -4.9,   0.88122, 2,    193.333, -124.9,   0.88122, 3,    193.333,  115.1,   0.88122
"SCN_CN15_9158_CEI230_ATV_BT", 0.38, 1,    192.203,   -4.8,   0.87607, 2,    192.203, -124.8,   0.87607, 3,    192.203,  115.2,   0.87607
"SCN_CN15_9021_CEI077_ATV_BT", 0.38, 1,     191.76,   -4.8,   0.87405, 2,     191.76, -124.8,   0.87405, 3,     191.76,  115.2,   0.87405
"SCN_CN15_9021_CEI134C_ATV_BT", 0.38, 1,    192.682,   -4.8,   0.87825, 2,    192.682, -124.8,   0.87825, 3,    192.682,  115.2,   0.87825
"SCN_CN15_9021_CEIRJ006_ATV_BT", 0.38, 1,    191.798,   -4.8,   0.87422, 2,    191.798, -124.8,   0.87422, 3,    191.798,  115.2,   0.87422
"SCN_CN15_9020_CEI134A_ATV_BT", 0.38, 1,    192.697,   -4.8,   0.87832, 2,    192.697, -124.8,   0.87832, 3,    192.697,  115.2,   0.87832
"SCN_CN15_9018_CEI220_ATV_BT", 0.38, 1,    192.696,   -4.8,   0.87831, 2,    192.696, -124.8,   0.87831, 3,    192.696,  115.2,   0.87831
"SCN_CN15_9018_CEI77A_ATV_BT", 0.38, 1,    191.719,   -4.8,   0.87386, 2,    191.719, -124.8,   0.87386, 3,    191.719,  115.2,   0.87386
"SCN_CN15_9017_CEI148A_ATV_BT", 0.38, 1,    192.464,   -4.8,   0.87725, 2,    192.464, -124.8,   0.87725, 3,    192.464,  115.2,   0.87725
"SCN_CN15_9017_CEI69A_BT", 0.38, 1,    192.464,   -4.8,   0.87726, 2,    192.464, -124.8,   0.87726, 3,    192.464,  115.2,   0.87726
